{"type":"FeatureCollection","features":[{"type":"Feature","properties":{"ISO_A3":"KAZ","WB_A3":"KAZ","WB_NAME":"Kazakhstan","WB_REGION":"ECS"},"geometry":{"type":"MultiPolygon","coordinates":[[[[83.02879,47.21744],[83.02311,47.21537],[83.02863,47.20898],[83.02551,47.20165],[83.02875,47.19244],[83.02586,47.18522],[83.02989,47.17408],[83.02625,47.17012],[83.02821,47.1621],[83.02376,47.16029],[83.02224,47.15341],[83.01293,47.1474],[83.01247,47.14275],[83.01929,47.14169],[83.02053,47.1314],[83.01067,47.12775],[83.00311,47.12025],[83.01065,47.11454],[82.99899,47.08986],[82.99292,47.06433],[82.96875,47.04905],[82.96842,47.03955],[82.95138,47.02002],[82.93865,47.01678],[82.92953,46.99038],[82.9325,46.98611],[82.93026,46.97644],[82.93226,46.97205],[82.92445,46.96044],[82.91875,46.93428],[82.91422,46.93437],[82.86931,46.82859],[82.86867,46.8],[82.82883,46.77806],[82.78586,46.6809],[82.7675,46.60116],[82.72483,46.49269],[82.60239,46.29302],[82.51427,46.16032],[82.45589,45.9772],[82.42682,45.96757],[82.40606,45.9699],[82.37477,45.96373],[82.33544,45.93917],[82.34052,45.90812],[82.32916,45.88612],[82.3383,45.8502],[82.34519,45.83898],[82.34263,45.81131],[82.34494,45.7957],[82.33761,45.78081],[82.31838,45.76386],[82.31036,45.73806],[82.29938,45.72014],[82.28816,45.70881],[82.28244,45.68328],[82.28266,45.64944],[82.27713,45.63483],[82.25852,45.6163],[82.27061,45.55066],[82.27997,45.53494],[82.43136,45.46247],[82.54273,45.42094],[82.58776,45.34455],[82.58148,45.21996],[82.5599,45.20374],[82.47454,45.17702],[82.45447,45.18754],[82.44861,45.18537],[82.42832,45.18767],[82.41651,45.19229],[82.39775,45.19294],[82.38392,45.19985],[82.36279,45.20104],[82.33713,45.20815],[82.33324,45.21115],[82.33394,45.2142],[82.3098,45.22721],[82.30516,45.23468],[82.2677,45.2413],[82.2636,45.23569],[82.24569,45.23464],[82.24256,45.23084],[82.22727,45.23379],[82.18583,45.22855],[82.17775,45.22134],[82.15533,45.22274],[82.12869,45.21323],[82.11414,45.20217],[82.10458,45.20169],[82.09989,45.20318],[82.08167,45.22455],[82.08117,45.23545],[82.08547,45.23706],[82.08995,45.24506],[82.07763,45.24571],[82.06858,45.24982],[82.06327,45.24602],[82.05689,45.24662],[82.04462,45.25432],[82.04153,45.25317],[82.03999,45.24649],[82.00829,45.23343],[81.99444,45.23249],[81.98239,45.23688],[81.97122,45.23396],[81.94186,45.23622],[81.92308,45.22858],[81.91056,45.24052],[81.87963,45.28295],[81.8553,45.29554],[81.85006,45.30319],[81.84362,45.30407],[81.84342,45.30886],[81.83469,45.31211],[81.82998,45.31819],[81.83101,45.32769],[81.80806,45.35154],[81.80804,45.35725],[81.80255,45.36399],[81.77293,45.38577],[81.76571,45.37511],[81.7576,45.37268],[81.75153,45.37519],[81.74762,45.37279],[81.73199,45.37476],[81.73371,45.36577],[81.71448,45.3591],[81.70528,45.3605],[81.6952,45.36915],[81.68781,45.36462],[81.67945,45.36451],[81.67827,45.35636],[81.66785,45.35154],[81.64954,45.3507],[81.63195,45.35658],[81.61949,45.35143],[81.61262,45.34183],[81.59228,45.34068],[81.58651,45.33205],[81.56966,45.32584],[81.56801,45.31943],[81.5741,45.30738],[81.55217,45.30453],[81.54869,45.30137],[81.53455,45.3058],[81.52713,45.29945],[81.52892,45.29336],[81.52143,45.28189],[81.49977,45.28151],[81.49442,45.27502],[81.47652,45.27492],[81.46575,45.26618],[81.45228,45.26206],[81.43758,45.26761],[81.43539,45.27915],[81.42588,45.27958],[81.42114,45.28339],[81.40254,45.27855],[81.40015,45.27452],[81.38913,45.27046],[81.38046,45.2617],[81.37823,45.25376],[81.37455,45.25292],[81.36072,45.26046],[81.35161,45.26096],[81.30791,45.25357],[81.30669,45.24642],[81.29935,45.24774],[81.26949,45.23634],[81.2597,45.23633],[81.24959,45.24094],[81.23868,45.24019],[81.2288,45.24776],[81.2213,45.24441],[81.22206,45.23725],[81.2116,45.23327],[81.20235,45.23612],[81.18779,45.23208],[81.18168,45.22659],[81.16685,45.22362],[81.16992,45.21248],[81.16171,45.2052],[81.13709,45.20938],[81.13362,45.21694],[81.1194,45.21475],[81.11175,45.21679],[81.10657,45.22186],[81.10079,45.21501],[81.10786,45.20682],[81.10755,45.19897],[81.08318,45.19392],[81.07562,45.18368],[81.07611,45.1782],[81.07007,45.17201],[81.0542,45.17727],[81.03545,45.16621],[81.00671,45.16234],[80.99646,45.15784],[80.96766,45.16698],[80.95729,45.16743],[80.9509,45.16074],[80.92784,45.15623],[80.92144,45.145],[80.91499,45.14385],[80.90578,45.13602],[80.89803,45.12472],[80.89066,45.12426],[80.87835,45.1306],[80.8638,45.12529],[80.85435,45.12565],[80.83517,45.13959],[80.79508,45.15001],[80.77285,45.14356],[80.76328,45.15139],[80.73662,45.16312],[80.7287,45.17048],[80.72189,45.17099],[80.7136,45.16832],[80.71781,45.1597],[80.72638,45.15355],[80.72473,45.14999],[80.70498,45.14308],[80.69814,45.13315],[80.67879,45.13186],[80.67796,45.12825],[80.66714,45.12394],[80.63988,45.11968],[80.63477,45.11438],[80.62466,45.11755],[80.6136,45.10796],[80.60786,45.10893],[80.60135,45.10416],[80.58012,45.10593],[80.57599,45.10978],[80.56131,45.11263],[80.51648,45.10572],[80.50875,45.10712],[80.48825,45.12635],[80.47951,45.11512],[80.46276,45.11263],[80.43749,45.09737],[80.44354,45.08702],[80.43799,45.07511],[80.41876,45.06159],[80.40712,45.05745],[80.40326,45.0476],[80.38831,45.04503],[80.38309,45.04083],[80.34574,45.04103],[80.33106,45.05495],[80.32752,45.06858],[80.31733,45.07029],[80.28921,45.06402],[80.26694,45.05303],[80.26156,45.0545],[80.25594,45.04159],[80.24109,45.0282],[80.23251,45.03318],[80.21411,45.02407],[80.20278,45.03063],[80.19184,45.02855],[80.18256,45.04193],[80.16771,45.03883],[80.15394,45.05146],[80.13941,45.0574],[80.12868,45.03924],[80.11812,45.04128],[80.11228,45.04825],[80.10566,45.04526],[80.09005,45.04675],[80.09142,45.03745],[80.08696,45.03312],[80.06248,45.03518],[80.05978,45.02413],[80.04999,45.01962],[80.0564,45.01353],[80.04626,45.00157],[80.0406,45.00326],[80.0294,44.99374],[80.0187,44.99057],[80.01355,44.98037],[79.98973,44.97858],[79.98106,44.96417],[79.97507,44.96238],[79.96828,44.96544],[79.95588,44.96077],[79.95298,44.95327],[79.94394,44.94897],[79.9473,44.94192],[79.94424,44.93762],[79.91575,44.9271],[79.905,44.92663],[79.88233,44.90975],[79.8888,44.9015],[79.88747,44.89396],[79.90304,44.90094],[79.91449,44.89975],[79.92971,44.8926],[79.93313,44.88695],[79.96418,44.87908],[79.94531,44.86596],[79.94367,44.85077],[79.95754,44.84824],[79.9585,44.84311],[79.96678,44.84135],[79.98749,44.82529],[79.9953,44.82388],[79.99972,44.81627],[79.99735,44.80408],[79.9935,44.79954],[79.9992,44.79051],[80.01905,44.79375],[80.01946,44.79905],[80.02556,44.80242],[80.03376,44.80453],[80.04555,44.80103],[80.078,44.81316],[80.09604,44.81357],[80.11369,44.80987],[80.12461,44.81736],[80.12586,44.82219],[80.14572,44.82683],[80.15389,44.83554],[80.15316,44.84087],[80.16755,44.84092],[80.16674,44.83228],[80.17122,44.81576],[80.17029,44.79777],[80.17596,44.79141],[80.17619,44.7853],[80.19757,44.76002],[80.19182,44.75203],[80.19337,44.74967],[80.22909,44.72422],[80.31396,44.70232],[80.33727,44.68917],[80.34948,44.66579],[80.36601,44.65566],[80.37643,44.6432],[80.38232,44.64057],[80.38242,44.63696],[80.39822,44.62587],[80.39883,44.62013],[80.40397,44.61803],[80.41071,44.60833],[80.39901,44.59455],[80.39082,44.59135],[80.39378,44.58261],[80.39325,44.56705],[80.38005,44.554],[80.3767,44.53619],[80.37014,44.53143],[80.37105,44.52759],[80.36726,44.523],[80.3706,44.51229],[80.36776,44.50356],[80.3466,44.48238],[80.35101,44.4696],[80.34928,44.45977],[80.36667,44.44111],[80.37124,44.4176],[80.37697,44.41171],[80.38073,44.38278],[80.38511,44.37355],[80.39265,44.31153],[80.40387,44.29044],[80.40632,44.24918],[80.39546,44.1942],[80.40229,44.16015],[80.40274,44.14059],[80.39552,44.11781],[80.39621,44.11009],[80.43279,44.08423],[80.4453,44.07084],[80.44585,44.06008],[80.45064,44.05575],[80.44866,44.05028],[80.45522,44.04539],[80.44864,44.03365],[80.45745,44.0282],[80.4537,44.02813],[80.45498,44.01925],[80.44917,44.01448],[80.45085,44.01181],[80.44477,44.00815],[80.45077,44.00722],[80.45404,43.99973],[80.4497,43.99635],[80.45298,43.99488],[80.45608,43.98603],[80.45501,43.97918],[80.46146,43.97762],[80.46632,43.96811],[80.47443,43.96602],[80.47376,43.96238],[80.48051,43.95838],[80.47308,43.93727],[80.47958,43.92995],[80.48395,43.92955],[80.49218,43.91563],[80.50858,43.90619],[80.51267,43.88256],[80.50549,43.877],[80.52095,43.8577],[80.52122,43.82449],[80.69017,43.57441],[80.74906,43.47227],[80.75545,43.44591],[80.74097,43.43937],[80.73439,43.43223],[80.73273,43.41812],[80.73657,43.41065],[80.73286,43.4021],[80.73505,43.39302],[80.71989,43.37256],[80.7046,43.36401],[80.70471,43.35266],[80.68555,43.33766],[80.68316,43.32868],[80.69777,43.31614],[80.70447,43.31933],[80.74385,43.31575],[80.751,43.31879],[80.77867,43.31174],[80.77852,43.30375],[80.77102,43.29022],[80.77456,43.27896],[80.76979,43.27774],[80.76512,43.26697],[80.78929,43.23668],[80.78433,43.23263],[80.78183,43.22258],[80.78842,43.2066],[80.78608,43.20204],[80.79743,43.18423],[80.80727,43.17715],[80.79662,43.17354],[80.79703,43.16588],[80.79175,43.15962],[80.78832,43.1418],[80.78143,43.13784],[80.76848,43.14189],[80.7667,43.14587],[80.74111,43.14642],[80.72173,43.13361],[80.71574,43.13402],[80.70307,43.1453],[80.6707,43.14371],[80.6569,43.14976],[80.64183,43.14532],[80.63362,43.14718],[80.6279,43.14046],[80.60796,43.14185],[80.60195,43.13496],[80.59062,43.13838],[80.57666,43.12698],[80.57384,43.11983],[80.56028,43.11541],[80.55664,43.1031],[80.54833,43.09731],[80.53569,43.09859],[80.51642,43.08623],[80.5081,43.08457],[80.5063,43.07987],[80.4848,43.07014],[80.46502,43.07162],[80.45842,43.07555],[80.44241,43.06725],[80.39432,43.0534],[80.38161,43.0424],[80.37713,43.02922],[80.38013,43.02722],[80.38029,43.01964],[80.38769,43.00269],[80.39653,42.99422],[80.41497,42.98559],[80.43702,42.96801],[80.48597,42.94466],[80.53969,42.9359],[80.55689,42.93064],[80.56963,42.92062],[80.59166,42.91327],[80.60001,42.89232],[80.59003,42.8921],[80.58536,42.89619],[80.58112,42.89493],[80.58077,42.89086],[80.57217,42.88797],[80.56636,42.88978],[80.55449,42.88695],[80.5516,42.87897],[80.54257,42.88629],[80.53777,42.88065],[80.52827,42.88297],[80.52882,42.87926],[80.51594,42.87831],[80.51286,42.87398],[80.50821,42.87448],[80.5097,42.87774],[80.5027,42.88089],[80.49743,42.878],[80.49918,42.87064],[80.48643,42.87293],[80.48055,42.86762],[80.47401,42.86904],[80.46778,42.8625],[80.46162,42.86386],[80.46127,42.85613],[80.45762,42.85493],[80.44619,42.86116],[80.43262,42.85161],[80.42775,42.85645],[80.42443,42.85566],[80.42062,42.84804],[80.42325,42.84516],[80.40678,42.83437],[80.41034,42.83123],[80.40521,42.8296],[80.40559,42.83335],[80.3884,42.83747],[80.38891,42.83462],[80.38436,42.83546],[80.36554,42.82803],[80.36303,42.83539],[80.3562,42.83398],[80.35687,42.82815],[80.3539,42.82688],[80.34516,42.83111],[80.3443,42.82856],[80.33412,42.82843],[80.33271,42.82502],[80.32626,42.82958],[80.33144,42.83379],[80.32919,42.83729],[80.31548,42.83474],[80.30744,42.83779],[80.30176,42.83581],[80.30163,42.83277],[80.29647,42.83412],[80.29294,42.82973],[80.29149,42.83521],[80.28522,42.83666],[80.27887,42.8336],[80.27823,42.83772],[80.27586,42.83737],[80.27051,42.83049],[80.26015,42.82744],[80.25442,42.7845],[80.22319,42.71275],[80.22731,42.6935],[80.19569,42.68408],[80.17446,42.66812],[80.17453,42.65538],[80.16828,42.64814],[80.16771,42.63949],[80.16253,42.63216],[80.16299,42.62495],[80.17827,42.60374],[80.17843,42.59201],[80.18278,42.58091],[80.222,42.53214],[80.24883,42.52396],[80.2528,42.51799],[80.25957,42.51602],[80.27388,42.52003],[80.27418,42.51508],[80.26526,42.50287],[80.25913,42.50006],[80.24266,42.50528],[80.23526,42.49876],[80.2348,42.49063],[80.21872,42.48015],[80.21723,42.47321],[80.20671,42.46857],[80.20927,42.46421],[80.20788,42.45693],[80.21321,42.4508],[80.20907,42.44266],[80.21061,42.43768],[80.2051,42.42968],[80.2152,42.42369],[80.21357,42.413],[80.23345,42.4038],[80.22747,42.39762],[80.23906,42.38691],[80.23775,42.38019],[80.22687,42.36808],[80.2267,42.35952],[80.23195,42.34894],[80.23674,42.34724],[80.23775,42.34054],[80.24555,42.342],[80.25309,42.33448],[80.27905,42.32374],[80.28387,42.31843],[80.27881,42.31387],[80.2724,42.3134],[80.26807,42.30698],[80.26022,42.30294],[80.25951,42.2928],[80.26838,42.28344],[80.27928,42.28158],[80.28914,42.26195],[80.28043,42.2475],[80.28503,42.24419],[80.28306,42.23468],[80.26916,42.22559],[80.24984,42.21924],[80.22861,42.21742],[80.21712,42.22827],[80.19859,42.22887],[80.1784,42.22097],[80.17441,42.21084],[80.11803,42.27626],[80.14191,42.2858],[80.13068,42.30054],[80.10879,42.315],[80.08118,42.32222],[80.07965,42.32626],[80.08403,42.33309],[80.08192,42.33942],[80.02909,42.34371],[80.0195,42.34846],[80.01046,42.36107],[80.00101,42.3655],[79.99954,42.37895],[79.98071,42.37949],[79.97556,42.39313],[79.96801,42.4016],[79.97184,42.40986],[79.96444,42.42194],[79.96871,42.43357],[79.9633,42.43634],[79.95314,42.43349],[79.94457,42.43878],[79.92455,42.43656],[79.9203,42.44329],[79.89929,42.43762],[79.89448,42.44102],[79.87857,42.44133],[79.87212,42.43748],[79.86412,42.4391],[79.85597,42.44582],[79.83238,42.44269],[79.81666,42.44383],[79.81287,42.4478],[79.78887,42.4469],[79.78069,42.45418],[79.76942,42.45604],[79.75885,42.45235],[79.74737,42.45364],[79.74769,42.46408],[79.74081,42.46625],[79.73496,42.46549],[79.72265,42.47107],[79.70935,42.46861],[79.69616,42.47701],[79.67256,42.4796],[79.65288,42.47506],[79.64119,42.46422],[79.63744,42.45342],[79.61424,42.45876],[79.60597,42.4546],[79.59468,42.45467],[79.58239,42.45924],[79.55852,42.4578],[79.55417,42.46143],[79.54872,42.45796],[79.53665,42.46105],[79.53037,42.45732],[79.5202,42.457],[79.50329,42.46117],[79.5015,42.47154],[79.48974,42.48867],[79.48137,42.48907],[79.47719,42.49317],[79.4521,42.50106],[79.45183,42.50931],[79.44858,42.51226],[79.42882,42.51695],[79.42306,42.53941],[79.39858,42.55067],[79.39483,42.55796],[79.38233,42.56496],[79.38009,42.57748],[79.35569,42.59654],[79.3449,42.60388],[79.31914,42.60228],[79.31614,42.60711],[79.30338,42.61335],[79.29905,42.61994],[79.28619,42.62312],[79.27133,42.62165],[79.2684,42.6254],[79.25987,42.62559],[79.25054,42.63643],[79.24302,42.63601],[79.20502,42.66788],[79.19932,42.67857],[79.18546,42.69125],[79.18122,42.70025],[79.18279,42.7045],[79.17722,42.71761],[79.17351,42.71871],[79.17001,42.73275],[79.17257,42.7374],[79.17004,42.75515],[79.19102,42.78603],[79.19943,42.8044],[79.15205,42.79442],[79.0948,42.77725],[79.09007,42.78315],[79.09053,42.79081],[79.09791,42.79443],[79.09651,42.80113],[79.10603,42.80798],[79.10603,42.81292],[79.08833,42.8065],[79.07816,42.79841],[79.07302,42.7933],[79.07402,42.78895],[79.06999,42.78086],[79.06605,42.77967],[79.02817,42.77451],[79.02036,42.77842],[78.98188,42.77686],[78.96708,42.78276],[78.94758,42.77638],[78.92999,42.77479],[78.90464,42.78894],[78.89047,42.78936],[78.88757,42.79348],[78.86903,42.79673],[78.86327,42.80092],[78.85239,42.7951],[78.8292,42.80528],[78.80105,42.80986],[78.78619,42.80085],[78.7757,42.81491],[78.75279,42.81876],[78.73274,42.81727],[78.72748,42.82176],[78.70987,42.82606],[78.69457,42.81439],[78.68479,42.81691],[78.66584,42.81487],[78.64641,42.82884],[78.64397,42.83552],[78.64811,42.83958],[78.64417,42.84242],[78.62517,42.84629],[78.61685,42.85512],[78.58899,42.84768],[78.58412,42.8496],[78.58068,42.85879],[78.57511,42.86305],[78.54084,42.86914],[78.54192,42.87404],[78.53621,42.88133],[78.52094,42.88906],[78.51295,42.88837],[78.50462,42.8919],[78.49845,42.90013],[78.49191,42.90094],[78.48198,42.89326],[78.46449,42.89647],[78.45395,42.88656],[78.44294,42.88866],[78.43429,42.87952],[78.41402,42.87962],[78.41083,42.87689],[78.39062,42.88099],[78.37832,42.8893],[78.37005,42.88707],[78.36632,42.876],[78.3696,42.87294],[78.36233,42.86798],[78.36171,42.86268],[78.34968,42.85503],[78.30737,42.85753],[78.28493,42.86441],[78.2751,42.86383],[78.27045,42.86499],[78.27051,42.8698],[78.25734,42.8736],[78.24754,42.87169],[78.23916,42.87883],[78.23412,42.87513],[78.22209,42.87704],[78.21513,42.86976],[78.20819,42.87221],[78.19723,42.88242],[78.1822,42.87847],[78.17623,42.87351],[78.17943,42.86581],[78.17065,42.85992],[78.15946,42.86176],[78.14152,42.85684],[78.11063,42.86444],[78.09248,42.84957],[78.06747,42.85163],[78.05242,42.84796],[78.03348,42.86561],[78.02462,42.86437],[78.00166,42.87012],[77.99914,42.86116],[77.98796,42.85936],[77.9738,42.85192],[77.95317,42.85477],[77.94251,42.8604],[77.9417,42.87544],[77.93369,42.88168],[77.92442,42.87408],[77.91685,42.87476],[77.91072,42.87055],[77.89957,42.87826],[77.88892,42.87917],[77.87417,42.88815],[77.85375,42.88805],[77.84297,42.88102],[77.82196,42.88495],[77.81622,42.88788],[77.81361,42.89356],[77.81613,42.89633],[77.81107,42.90228],[77.80319,42.90344],[77.78068,42.91523],[77.76197,42.90547],[77.74652,42.90922],[77.72993,42.90483],[77.71899,42.91014],[77.69741,42.90409],[77.68896,42.9128],[77.67104,42.91839],[77.66653,42.91353],[77.65751,42.9116],[77.6428,42.91764],[77.62443,42.91981],[77.61317,42.91389],[77.60168,42.9181],[77.59649,42.9152],[77.57969,42.91679],[77.57549,42.92507],[77.5627,42.92581],[77.55925,42.92921],[77.56583,42.93584],[77.54972,42.94019],[77.52546,42.93625],[77.5192,42.92885],[77.50842,42.92949],[77.49763,42.9251],[77.48292,42.92543],[77.47679,42.9382],[77.47171,42.93923],[77.45497,42.92896],[77.43732,42.92554],[77.41828,42.9277],[77.39403,42.91489],[77.3502,42.89987],[77.32274,42.91322],[77.31436,42.91167],[77.30344,42.9167],[77.29622,42.91578],[77.29589,42.90729],[77.27117,42.91357],[77.23555,42.91178],[77.22573,42.91476],[77.22219,42.917],[77.22525,42.92363],[77.22341,42.92703],[77.21261,42.92757],[77.17828,42.94733],[77.1574,42.94297],[77.15063,42.94959],[77.156,42.95594],[77.15241,42.96442],[77.156,42.96927],[77.15436,42.97271],[77.13495,42.97346],[77.12646,42.96991],[77.11746,42.97497],[77.10431,42.97471],[77.08485,42.98125],[77.07606,42.97684],[77.06221,42.97721],[77.06083,42.96536],[77.05319,42.96028],[77.02597,42.95292],[77.00882,42.96992],[77.00429,42.98303],[76.99723,42.98508],[76.98386,42.98176],[76.97113,42.98647],[76.95601,42.97909],[76.9384,42.98065],[76.93273,42.97228],[76.91629,42.966],[76.91179,42.96918],[76.8994,42.96761],[76.88155,42.97625],[76.87077,42.97128],[76.85896,42.97721],[76.84962,42.9776],[76.84458,42.98462],[76.83708,42.98344],[76.83334,42.97681],[76.8366,42.97061],[76.82196,42.95532],[76.8116,42.95326],[76.80201,42.94719],[76.78075,42.95655],[76.75526,42.95003],[76.74886,42.94202],[76.75586,42.93598],[76.75132,42.93091],[76.74981,42.92243],[76.73587,42.91774],[76.7223,42.90804],[76.7089,42.90442],[76.68781,42.90591],[76.67615,42.90994],[76.66049,42.90815],[76.65019,42.91303],[76.63132,42.90625],[76.60224,42.91609],[76.59821,42.91137],[76.58321,42.90608],[76.56965,42.91016],[76.54696,42.91102],[76.54019,42.91688],[76.52267,42.92169],[76.50683,42.91924],[76.50229,42.91231],[76.50303,42.90589],[76.4932,42.90375],[76.48651,42.88895],[76.47694,42.88421],[76.46613,42.88722],[76.44806,42.88369],[76.44192,42.88685],[76.43737,42.88563],[76.4339,42.87934],[76.41882,42.87356],[76.39206,42.87602],[76.37141,42.86617],[76.36063,42.86734],[76.34316,42.86122],[76.3286,42.86352],[76.32338,42.87218],[76.30456,42.87432],[76.30055,42.89178],[76.30781,42.89678],[76.30838,42.90375],[76.30206,42.91124],[76.2884,42.9117],[76.26466,42.91985],[76.24552,42.91933],[76.24154,42.92261],[76.22026,42.9215],[76.20176,42.91638],[76.19849,42.91888],[76.19654,42.92969],[76.18255,42.93211],[76.12161,42.92126],[76.09953,42.92395],[76.08576,42.91347],[76.07972,42.9202],[76.07053,42.92162],[76.06297,42.91598],[76.0522,42.91646],[76.04939,42.91272],[76.04545,42.91675],[76.02616,42.90946],[76.01856,42.91348],[76.01539,42.92565],[76.00012,42.92525],[75.99053,42.93014],[75.98407,42.92805],[75.97771,42.93242],[75.9706,42.92557],[75.95507,42.9348],[75.94811,42.93183],[75.95277,42.94133],[75.92746,42.95706],[75.91864,42.95249],[75.91718,42.948],[75.90416,42.94578],[75.8955,42.93951],[75.8764,42.94596],[75.86773,42.94275],[75.85951,42.94212],[75.8579,42.94471],[75.84861,42.94226],[75.8367,42.93514],[75.82956,42.94035],[75.82476,42.93984],[75.7963,42.90916],[75.7908,42.89868],[75.79103,42.88963],[75.78351,42.87794],[75.77857,42.83733],[75.75545,42.82873],[75.71516,42.7956],[75.67115,42.80205],[75.63472,42.81396],[75.61011,42.81463],[75.55729,42.82998],[75.5246,42.83096],[75.48787,42.8408],[75.45921,42.83123],[75.44693,42.83749],[75.44184,42.83599],[75.42909,42.84048],[75.40063,42.84018],[75.36912,42.84848],[75.34654,42.84738],[75.33589,42.85369],[75.31855,42.85225],[75.30402,42.85564],[75.29655,42.86081],[75.287,42.85795],[75.26021,42.85996],[75.24447,42.8547],[75.22044,42.85368],[75.19813,42.86373],[75.19147,42.87389],[75.16091,42.87755],[75.13631,42.88531],[75.08274,42.91396],[75.06486,42.91447],[75.05349,42.92191],[75.03854,42.91833],[75.02197,42.92889],[75.0023,42.93125],[74.99057,42.937],[74.99225,42.9393],[74.98744,42.94291],[74.9633,42.94468],[74.96032,42.95055],[74.94972,42.95242],[74.94931,42.95573],[74.94542,42.95527],[74.93605,42.96358],[74.9207,42.96217],[74.92007,42.97021],[74.903,42.97125],[74.9038,42.97481],[74.89649,42.97731],[74.89562,42.98064],[74.88043,42.98277],[74.87233,42.98822],[74.87211,42.99345],[74.85654,42.99578],[74.853,42.99947],[74.83386,43.00233],[74.82917,42.99828],[74.81905,42.9979],[74.81418,43.00111],[74.80895,42.99672],[74.79963,42.99552],[74.79358,42.99975],[74.78224,42.99929],[74.77869,42.99447],[74.74955,42.98953],[74.72799,43.0031],[74.69559,43.03651],[74.6717,43.04087],[74.66212,43.0526],[74.64191,43.06018],[74.6372,43.06426],[74.63186,43.07936],[74.61647,43.08227],[74.6075,43.09565],[74.59645,43.10305],[74.59873,43.10892],[74.58882,43.11079],[74.57593,43.12983],[74.57295,43.12845],[74.56869,43.13182],[74.56356,43.12848],[74.56395,43.13488],[74.55348,43.13425],[74.55068,43.13822],[74.53401,43.1352],[74.53202,43.14094],[74.49811,43.14325],[74.4981,43.15114],[74.48546,43.15585],[74.4802,43.15549],[74.47157,43.14767],[74.47493,43.14494],[74.47293,43.14302],[74.46273,43.15002],[74.46003,43.15846],[74.45569,43.15433],[74.4491,43.15499],[74.44766,43.15952],[74.4431,43.15705],[74.4296,43.16479],[74.42158,43.16524],[74.42053,43.16873],[74.42498,43.16994],[74.42409,43.17257],[74.41513,43.16881],[74.4115,43.17075],[74.412,43.17372],[74.40572,43.1728],[74.39723,43.18352],[74.40396,43.18641],[74.39836,43.19133],[74.38759,43.18873],[74.38323,43.19692],[74.36999,43.19473],[74.36568,43.19826],[74.35172,43.19819],[74.35131,43.20169],[74.34488,43.20375],[74.34126,43.20125],[74.34108,43.20986],[74.33046,43.21193],[74.33091,43.21584],[74.32215,43.21655],[74.31772,43.21296],[74.31508,43.21799],[74.30693,43.215],[74.30071,43.22026],[74.30315,43.22647],[74.29384,43.22946],[74.30231,43.23056],[74.29625,43.23266],[74.29596,43.23906],[74.28542,43.24245],[74.28606,43.2453],[74.27953,43.24732],[74.26949,43.24229],[74.25773,43.24401],[74.25763,43.24771],[74.2523,43.24908],[74.2445,43.24714],[74.24551,43.25099],[74.25263,43.25169],[74.24988,43.25361],[74.22969,43.25058],[74.22225,43.2571],[74.2125,43.25951],[74.20991,43.26537],[74.20599,43.26285],[74.20319,43.26515],[74.19287,43.25549],[74.22212,43.20529],[74.21133,43.19552],[74.18967,43.19436],[74.16946,43.19806],[74.07377,43.18682],[74.04193,43.17224],[74.01745,43.19368],[73.96918,43.2229],[73.95303,43.20803],[73.95674,43.19515],[73.95089,43.17173],[73.94664,43.17109],[73.94802,43.16426],[73.92794,43.14672],[73.92055,43.13011],[73.90553,43.11004],[73.83847,43.1178],[73.83028,43.12862],[73.82571,43.12858],[73.79502,43.1133],[73.76054,43.10557],[73.69149,43.07352],[73.639,43.0594],[73.61532,43.04926],[73.54521,43.02833],[73.53547,43.00694],[73.5395,42.99174],[73.53702,42.98531],[73.53982,42.9809],[73.53865,42.97485],[73.54823,42.9665],[73.53413,42.94398],[73.50908,42.9316],[73.495,42.91575],[73.49837,42.90713],[73.49482,42.90379],[73.49424,42.89421],[73.5045,42.88626],[73.50465,42.87503],[73.50873,42.87006],[73.50744,42.86251],[73.51225,42.85107],[73.50975,42.84618],[73.51206,42.82692],[73.50264,42.77178],[73.48693,42.74974],[73.4791,42.74561],[73.46635,42.73126],[73.4634,42.7191],[73.45807,42.71487],[73.45524,42.70243],[73.44554,42.68691],[73.44826,42.68007],[73.44314,42.66568],[73.43572,42.65731],[73.43088,42.64546],[73.42332,42.64108],[73.42423,42.62339],[73.42041,42.61316],[73.4264,42.60104],[73.42712,42.58941],[73.41754,42.56905],[73.42823,42.55352],[73.4247,42.54646],[73.43439,42.52912],[73.43332,42.51777],[73.44173,42.50602],[73.45945,42.49168],[73.47508,42.46561],[73.49832,42.45888],[73.51642,42.43539],[73.51802,42.42016],[73.51097,42.41886],[73.50615,42.42209],[73.50014,42.41672],[73.48193,42.41119],[73.46704,42.40958],[73.44178,42.42534],[73.43001,42.4223],[73.39732,42.42824],[73.38607,42.42084],[73.36402,42.42875],[73.35527,42.42591],[73.33019,42.43516],[73.32266,42.4432],[73.31141,42.44138],[73.30529,42.44903],[73.30833,42.45834],[73.3065,42.47427],[73.30982,42.47947],[73.30582,42.49375],[73.30794,42.50136],[73.30267,42.51109],[73.26603,42.51265],[73.25421,42.51889],[73.22945,42.523],[73.22626,42.51588],[73.20457,42.5235],[73.186,42.5243],[73.17715,42.53049],[73.1658,42.52869],[73.15241,42.53361],[73.14361,42.53041],[73.13426,42.53646],[73.11957,42.53978],[73.11609,42.53799],[73.1091,42.5419],[73.09551,42.53884],[73.08512,42.54179],[73.06804,42.53404],[73.04883,42.53374],[73.02214,42.53889],[72.98747,42.53037],[72.93777,42.53719],[72.91069,42.53611],[72.89226,42.54106],[72.87095,42.55956],[72.85842,42.55504],[72.83277,42.55583],[72.82489,42.5589],[72.80828,42.5719],[72.80902,42.57665],[72.80261,42.58605],[72.79166,42.59579],[72.78136,42.60008],[72.78029,42.60779],[72.76598,42.61244],[72.75624,42.62528],[72.758,42.62952],[72.75546,42.63375],[72.74458,42.63774],[72.73639,42.64598],[72.71878,42.64316],[72.70088,42.65209],[72.69473,42.65033],[72.67221,42.65682],[72.66367,42.66373],[72.65554,42.66567],[72.65181,42.672],[72.64183,42.67568],[72.6355,42.67257],[72.62935,42.67789],[72.61373,42.67673],[72.60824,42.68213],[72.58692,42.68529],[72.56858,42.68457],[72.54431,42.67865],[72.52109,42.6837],[72.51684,42.67339],[72.50792,42.67057],[72.49718,42.67417],[72.48249,42.69011],[72.46862,42.69715],[72.45788,42.69851],[72.45688,42.70273],[72.44862,42.70474],[72.43894,42.70427],[72.42461,42.71377],[72.42397,42.72104],[72.41255,42.71827],[72.40533,42.72262],[72.3999,42.72135],[72.38405,42.73345],[72.36538,42.73696],[72.35724,42.74471],[72.32959,42.74491],[72.31944,42.74719],[72.31783,42.75106],[72.30773,42.75052],[72.2942,42.75881],[72.26237,42.75807],[72.25932,42.76428],[72.24797,42.76711],[72.24275,42.76146],[72.23784,42.75995],[72.23217,42.7634],[72.22315,42.75882],[72.2144,42.75962],[72.20714,42.75324],[72.19673,42.75046],[72.19107,42.75069],[72.18702,42.75685],[72.17754,42.75804],[72.16366,42.74907],[72.15788,42.74931],[72.14877,42.73971],[72.13804,42.73867],[72.11328,42.74618],[72.09633,42.74535],[72.08639,42.75106],[72.08582,42.75725],[72.0801,42.75838],[72.06648,42.77539],[72.03196,42.77732],[72.01153,42.78395],[72.0033,42.77906],[71.99502,42.78033],[71.98504,42.78686],[71.98936,42.79576],[71.97941,42.80496],[71.97162,42.8022],[71.96085,42.80749],[71.95588,42.80616],[71.94802,42.81533],[71.91865,42.82265],[71.91087,42.81804],[71.89585,42.8226],[71.89251,42.82083],[71.88816,42.82578],[71.88881,42.82971],[71.87701,42.83433],[71.86323,42.83001],[71.84554,42.83349],[71.8373,42.83902],[71.83457,42.83572],[71.81336,42.83605],[71.79926,42.8281],[71.77914,42.82296],[71.7773,42.81881],[71.77144,42.81664],[71.76035,42.81623],[71.75293,42.81935],[71.74892,42.81477],[71.71257,42.81003],[71.69282,42.81871],[71.68163,42.81712],[71.65197,42.79403],[71.59861,42.77229],[71.59184,42.78036],[71.5885,42.77867],[71.58012,42.78528],[71.56965,42.77804],[71.56484,42.78085],[71.55043,42.79496],[71.54936,42.80276],[71.54164,42.80832],[71.53454,42.80149],[71.50824,42.79177],[71.49847,42.79507],[71.46619,42.78513],[71.42105,42.79651],[71.38196,42.79827],[71.36952,42.7622],[71.34561,42.76714],[71.33279,42.75614],[71.2652,42.77214],[71.27411,42.75592],[71.27567,42.74485],[71.27487,42.74175],[71.26588,42.73845],[71.26851,42.73398],[71.26686,42.72779],[71.25406,42.72176],[71.25284,42.71374],[71.24455,42.71064],[71.23499,42.69667],[71.22985,42.69553],[71.22828,42.69126],[71.22422,42.69239],[71.21949,42.68496],[71.20732,42.68212],[71.20179,42.6767],[71.17812,42.67331],[71.17714,42.66723],[71.18169,42.66383],[71.17994,42.65576],[71.18293,42.64845],[71.18261,42.63729],[71.17765,42.62463],[71.18226,42.61775],[71.17976,42.61034],[71.16295,42.59308],[71.16027,42.59337],[71.15673,42.60533],[71.09875,42.59991],[71.05242,42.59949],[71.00208,42.58747],[71.00092,42.55925],[71.04417,42.53448],[71.08997,42.48416],[71.06958,42.47448],[70.98008,42.49669],[70.97944,42.48781],[70.96618,42.47158],[70.96386,42.46134],[70.95962,42.45791],[70.9585,42.4443],[70.95326,42.4316],[70.94216,42.42393],[70.93119,42.42122],[70.93651,42.41149],[70.95233,42.39872],[70.93302,42.39121],[70.93287,42.38341],[70.92205,42.37774],[70.91755,42.37017],[70.91007,42.36543],[70.89871,42.36662],[70.89423,42.3636],[70.88247,42.34745],[70.88668,42.33561],[70.88142,42.32761],[70.87303,42.32628],[70.86608,42.31995],[70.87072,42.30984],[70.86657,42.29966],[70.87549,42.29024],[70.89213,42.28099],[70.89515,42.27575],[70.89158,42.26323],[70.91406,42.26124],[70.92161,42.26694],[70.93421,42.26945],[70.94428,42.26373],[70.92569,42.24374],[70.9268,42.23816],[70.91144,42.23544],[70.91213,42.22831],[70.88857,42.22027],[70.88857,42.21334],[70.88397,42.2103],[70.87632,42.21262],[70.85519,42.20876],[70.85067,42.19817],[70.84347,42.1958],[70.83181,42.19504],[70.81921,42.20252],[70.79282,42.2092],[70.77057,42.20111],[70.76759,42.19367],[70.74794,42.19154],[70.73905,42.18185],[70.75326,42.17611],[70.75507,42.1705],[70.74879,42.16585],[70.73808,42.16564],[70.72661,42.15768],[70.72443,42.15333],[70.72672,42.14927],[70.71464,42.14225],[70.70709,42.12963],[70.70148,42.12961],[70.68824,42.12216],[70.67892,42.0986],[70.6781,42.08745],[70.66607,42.07732],[70.66497,42.07103],[70.65543,42.06105],[70.65179,42.04272],[70.6417,42.03032],[70.64127,42.01912],[70.6383,42.01686],[70.62502,42.01529],[70.60696,42.00649],[70.58759,42.00979],[70.57664,42.0204],[70.55898,42.02365],[70.55154,42.03001],[70.55066,42.03505],[70.55166,42.03918],[70.55867,42.04211],[70.55757,42.05341],[70.55096,42.05839],[70.54573,42.07413],[70.52833,42.08538],[70.51406,42.08343],[70.51375,42.08732],[70.50589,42.09047],[70.50209,42.0986],[70.47582,42.10968],[70.47333,42.09992],[70.45821,42.0854],[70.44367,42.09134],[70.42943,42.08731],[70.39712,42.06801],[70.38184,42.07129],[70.37269,42.06884],[70.37183,42.06358],[70.35484,42.05655],[70.35096,42.05035],[70.33286,42.04699],[70.33006,42.04112],[70.31993,42.0366],[70.32438,42.02543],[70.33305,42.0178],[70.32968,41.99627],[70.33618,41.98449],[70.33527,41.97478],[70.29035,41.9623],[70.28836,41.95827],[70.27446,41.95327],[70.26107,41.95417],[70.25759,41.94902],[70.22707,41.93498],[70.22735,41.93083],[70.22344,41.92841],[70.22862,41.9214],[70.22666,41.91609],[70.2153,41.91099],[70.21411,41.90675],[70.20785,41.90341],[70.19555,41.90398],[70.19893,41.89963],[70.19531,41.89387],[70.19644,41.88875],[70.18212,41.88376],[70.18317,41.86216],[70.17563,41.85524],[70.1679,41.85701],[70.15753,41.84926],[70.15158,41.83934],[70.14656,41.83793],[70.13893,41.84398],[70.13104,41.84475],[70.12072,41.84142],[70.11667,41.83633],[70.10592,41.8394],[70.10034,41.83653],[70.09317,41.82533],[70.03554,41.78035],[70.02034,41.78642],[70.02149,41.79568],[70.0191,41.79721],[70.00442,41.79726],[70.00616,41.78747],[69.97611,41.77635],[69.973,41.77192],[69.97331,41.75717],[69.96236,41.7567],[69.95757,41.75079],[69.96145,41.74272],[69.95873,41.73766],[69.94454,41.72939],[69.9257,41.72749],[69.92281,41.71711],[69.91554,41.71306],[69.90716,41.7127],[69.8943,41.70675],[69.88153,41.70633],[69.86599,41.71074],[69.85705,41.71786],[69.83854,41.72025],[69.81315,41.70915],[69.79653,41.70744],[69.78643,41.70005],[69.76085,41.69707],[69.74549,41.70068],[69.73696,41.6988],[69.71995,41.68485],[69.71202,41.68457],[69.69746,41.67408],[69.68028,41.67728],[69.66804,41.66817],[69.66294,41.67166],[69.66014,41.66872],[69.63504,41.66745],[69.63206,41.66321],[69.61736,41.66232],[69.60767,41.64853],[69.59112,41.64081],[69.57654,41.62935],[69.57202,41.61786],[69.56541,41.61408],[69.55929,41.59865],[69.55333,41.59741],[69.54873,41.59128],[69.54033,41.58997],[69.53759,41.57841],[69.55001,41.57283],[69.5498,41.56946],[69.52689,41.56297],[69.50066,41.54692],[69.48107,41.55045],[69.47484,41.55981],[69.46069,41.56882],[69.44724,41.56545],[69.4276,41.54066],[69.4071,41.52469],[69.39736,41.507],[69.40047,41.50332],[69.42749,41.49756],[69.4416,41.48777],[69.44941,41.49027],[69.45503,41.48688],[69.45688,41.4688],[69.46053,41.4674],[69.45679,41.46462],[69.43403,41.46105],[69.41663,41.46348],[69.41167,41.4705],[69.38031,41.46559],[69.35462,41.47268],[69.35423,41.46744],[69.34524,41.46119],[69.3375,41.45916],[69.31682,41.44285],[69.30101,41.43751],[69.29313,41.43745],[69.27822,41.4498],[69.26246,41.45266],[69.24997,41.4663],[69.23475,41.45866],[69.22804,41.46262],[69.19818,41.45198],[69.186,41.4526],[69.18584,41.44838],[69.1776,41.43862],[69.1715,41.44086],[69.166,41.43799],[69.16668,41.4351],[69.15621,41.43419],[69.14994,41.42705],[69.15951,41.42498],[69.16588,41.40853],[69.17364,41.40069],[69.16908,41.40018],[69.16654,41.3947],[69.16041,41.3933],[69.15517,41.38663],[69.15171,41.38686],[69.15066,41.3924],[69.14417,41.39329],[69.12759,41.38893],[69.12188,41.39212],[69.11364,41.39148],[69.10123,41.37574],[69.09682,41.35839],[69.09186,41.35674],[69.08567,41.35699],[69.08296,41.36019],[69.08382,41.36528],[69.08872,41.36855],[69.07896,41.37723],[69.05243,41.3686],[69.0495,41.36453],[69.04121,41.36609],[69.03379,41.36356],[69.02353,41.35709],[69.0223,41.35354],[69.0252,41.35143],[69.04384,41.35074],[69.04706,41.34765],[69.0393,41.32381],[69.04499,41.31072],[69.03753,41.30173],[69.02946,41.30342],[69.02623,41.2984],[69.01862,41.29836],[69.01341,41.289],[69.01708,41.27345],[69.04033,41.26467],[69.03974,41.25496],[69.02101,41.24593],[69.02916,41.23949],[69.02637,41.23094],[69.03042,41.22525],[69.01185,41.2275],[69.00071,41.2397],[68.99294,41.23042],[68.99741,41.22542],[68.99552,41.22095],[68.98633,41.21049],[68.93767,41.19042],[68.93239,41.18264],[68.91543,41.18216],[68.91373,41.17338],[68.87771,41.15517],[68.86026,41.14292],[68.83706,41.1342],[68.80835,41.11813],[68.76571,41.08568],[68.7478,41.06783],[68.72329,41.05206],[68.7128,41.03272],[68.7222,41.02902],[68.74254,41.00599],[68.74725,41.00556],[68.7533,41.01126],[68.75785,41.01103],[68.75673,41.00787],[68.76107,41.00656],[68.75264,41.00262],[68.75821,40.99763],[68.74781,40.99033],[68.74914,40.98142],[68.74208,40.98151],[68.72884,40.96995],[68.71142,40.96435],[68.6976,40.9673],[68.67675,40.96242],[68.64641,40.94249],[68.64049,40.94444],[68.63388,40.952],[68.62746,40.96758],[68.63207,40.97257],[68.66994,40.98066],[68.67262,40.98856],[68.6619,40.9949],[68.6277,40.99746],[68.61894,41.00198],[68.60968,41.01202],[68.6108,41.02566],[68.60743,41.0302],[68.59547,41.03057],[68.58668,41.02724],[68.57114,41.01195],[68.55857,41.00718],[68.53299,41.01398],[68.52653,41.02003],[68.51893,41.0147],[68.50434,40.99988],[68.50246,40.98705],[68.49726,40.97923],[68.49823,40.97339],[68.50946,40.97289],[68.51107,40.96395],[68.51698,40.95657],[68.51603,40.9524],[68.51992,40.9505],[68.51751,40.9424],[68.54874,40.94694],[68.55878,40.93801],[68.56809,40.93452],[68.5733,40.9279],[68.58287,40.92446],[68.57672,40.9065],[68.57673,40.89704],[68.58626,40.88617],[68.59043,40.86511],[68.57999,40.85408],[68.56469,40.8491],[68.56232,40.80585],[68.58589,40.78015],[68.58392,40.70911],[68.60916,40.70776],[68.61887,40.69799],[68.6342,40.69766],[68.63507,40.70099],[68.64389,40.694],[68.63627,40.68629],[68.64626,40.68609],[68.64628,40.68241],[68.65378,40.6802],[68.64868,40.67645],[68.64787,40.64952],[68.64272,40.64582],[68.64247,40.6381],[68.62178,40.63049],[68.65303,40.61338],[68.66326,40.59912],[68.64136,40.5995],[68.61046,40.57706],[68.58174,40.56869],[68.56311,40.57923],[68.53523,40.57958],[68.53149,40.58341],[68.50209,40.57973],[68.49276,40.57248],[68.49072,40.57463],[68.48155,40.57102],[68.46786,40.58917],[68.43552,40.59675],[68.41097,40.61477],[68.37098,40.61737],[68.29766,40.65662],[68.21734,40.68773],[68.15829,40.72532],[68.07559,40.79001],[68.0233,40.80079],[67.97616,40.83267],[67.97919,40.84147],[67.97018,40.85133],[67.97153,40.86189],[68.00588,40.86072],[68.00662,40.88558],[68.03973,40.90781],[68.07243,40.91698],[68.07314,40.92464],[68.08869,40.9256],[68.09618,40.93658],[68.09155,40.94182],[68.06385,40.94532],[68.07168,40.95331],[68.07512,40.94964],[68.08172,40.95268],[68.0763,40.96023],[68.08418,40.96367],[68.08774,40.96982],[68.07365,40.98587],[68.08362,40.99772],[68.08226,41.00128],[68.06804,41.00802],[68.05753,41.00577],[68.05546,41.00906],[68.08758,41.03068],[68.11071,41.03618],[68.12669,41.03237],[68.1274,41.03827],[68.12685,41.04449],[68.11881,41.04695],[68.11472,41.05426],[68.1123,41.06686],[68.10116,41.06785],[68.08015,41.08152],[68.07109,41.08],[68.06381,41.07188],[68.05148,41.04176],[68.04135,41.04445],[68.02481,41.0381],[68.02431,41.01822],[67.98321,41.02524],[67.98704,41.03369],[67.98386,41.06334],[67.98852,41.08562],[67.96618,41.14804],[67.89169,41.15204],[67.86657,41.13474],[67.81407,41.15615],[67.73594,41.18225],[67.68587,41.17136],[67.56943,41.16668],[67.36544,41.12556],[67.31023,41.13372],[67.01455,41.13733],[66.99915,41.14079],[66.70941,41.14075],[66.65175,41.33351],[66.64478,41.34781],[66.60486,41.50315],[66.53461,41.87695],[65.999,41.93666],[65.99962,42.36214],[66.08695,42.34846],[66.09667,42.93801],[65.84459,42.8586],[65.75681,42.97911],[65.55908,43.28655],[65.53127,43.3176],[65.18428,43.49577],[64.99891,43.71755],[64.93267,43.73526],[64.53029,43.57205],[63.85464,43.60029],[63.29682,43.65361],[62.45312,43.5269],[62.00452,43.50568],[61.42534,44.00095],[61.13886,44.22552],[61.1067,44.35943],[61.08011,44.37673],[60.54518,44.68966],[59.9992,45.00075],[59.21625,45.33262],[58.58958,45.59007],[57.20642,45.28405],[56.64714,45.15508],[55.99822,45.00043],[55.99857,41.31864],[55.87072,41.32405],[55.83979,41.31392],[55.83204,41.30496],[55.81636,41.29716],[55.81655,41.2865],[55.81172,41.27834],[55.76901,41.28574],[55.76105,41.29565],[55.75315,41.29542],[55.74706,41.30273],[55.7431,41.30266],[55.73872,41.29556],[55.73495,41.29764],[55.71984,41.2952],[55.71771,41.29375],[55.72213,41.28549],[55.72578,41.28463],[55.71071,41.27985],[55.7032,41.28268],[55.70182,41.28698],[55.68394,41.28991],[55.66888,41.28637],[55.65883,41.28793],[55.64885,41.27873],[55.63728,41.28422],[55.62485,41.27564],[55.60469,41.26809],[55.60929,41.25115],[55.6045,41.24375],[55.60143,41.2464],[55.60278,41.25051],[55.59388,41.25929],[55.60015,41.26115],[55.59892,41.27359],[55.59282,41.27745],[55.58566,41.2719],[55.57905,41.27734],[55.57148,41.2768],[55.57384,41.28218],[55.5673,41.28695],[55.57003,41.28828],[55.55601,41.29556],[55.56046,41.28782],[55.54423,41.28782],[55.55404,41.28278],[55.55641,41.27833],[55.55357,41.26527],[55.5463,41.27117],[55.54402,41.27028],[55.54469,41.26255],[55.53482,41.25824],[55.52098,41.26078],[55.49537,41.25302],[55.48698,41.26156],[55.4808,41.26086],[55.47789,41.2684],[55.47231,41.27209],[55.46684,41.27304],[55.45951,41.26794],[55.44761,41.2708],[55.44545,41.27482],[55.45052,41.27995],[55.44556,41.28322],[55.4517,41.28898],[55.43933,41.29417],[55.43731,41.28785],[55.43273,41.28775],[55.42658,41.29273],[55.42824,41.29656],[55.42016,41.30123],[55.41549,41.29982],[55.41901,41.29412],[55.41211,41.29404],[55.40801,41.30463],[55.41338,41.30719],[55.41085,41.31068],[55.41381,41.31507],[55.39741,41.32052],[55.39403,41.32727],[55.39914,41.33391],[55.39645,41.33849],[55.3892,41.33652],[55.38758,41.34269],[55.38324,41.33999],[55.37424,41.34382],[55.33761,41.38031],[55.31511,41.38992],[55.2684,41.43799],[55.24011,41.472],[55.21143,41.51458],[55.17939,41.54352],[55.13716,41.59159],[55.11961,41.60465],[55.10871,41.6301],[55.06623,41.69934],[54.99923,41.78108],[54.96401,41.81022],[54.94998,41.83321],[54.9481,41.85717],[54.95195,41.87959],[54.95212,41.90631],[54.91507,41.93683],[54.89109,41.96287],[54.76563,42.06138],[54.21645,42.37928],[53.57582,42.29154],[53.14651,42.16794],[52.9899,42.12593],[52.9091,42.07758],[52.44605,41.76262],[52.44196,41.77449],[52.44428,41.78228],[52.47,41.82724],[52.48923,41.86995],[52.49649,41.8994],[52.4954,41.94044],[52.4925,41.95393],[52.48597,41.96175],[52.4798,41.98091],[52.46383,42.00114],[52.43916,42.02244],[52.44823,42.06555],[52.43626,42.07848],[52.42392,42.0801],[52.42356,42.08656],[52.43589,42.14551],[52.45404,42.18128],[52.46166,42.19042],[52.4896,42.21085],[52.50883,42.22939],[52.53604,42.2619],[52.55346,42.2772],[52.57632,42.31048],[52.61841,42.39496],[52.642,42.42443],[52.67212,42.49965],[52.68262,42.55019],[52.67506,42.59496],[52.65871,42.62801],[52.63495,42.6548],[52.56029,42.71271],[52.55547,42.71748],[52.5507,42.7335],[52.55245,42.73626],[52.5595,42.73066],[52.56515,42.73874],[52.58084,42.74296],[52.5758,42.73672],[52.57171,42.72274],[52.57961,42.70984],[52.59893,42.69111],[52.61524,42.68173],[52.62881,42.67909],[52.64977,42.66124],[52.64943,42.65696],[52.66996,42.64107],[52.69683,42.57783],[52.70256,42.57254],[52.71784,42.57638],[52.73453,42.59402],[52.75231,42.62473],[52.75957,42.66023],[52.75775,42.68851],[52.74864,42.71703],[52.73743,42.73277],[52.71131,42.74076],[52.67053,42.74374],[52.66467,42.7532],[52.65543,42.75409],[52.63261,42.74636],[52.63503,42.75936],[52.63035,42.77998],[52.61261,42.80283],[52.47237,42.83569],[52.42556,42.83818],[52.34076,42.82624],[52.31566,42.80982],[52.29247,42.7824],[52.28723,42.78616],[52.28745,42.7901],[52.25054,42.84216],[52.22408,42.86354],[52.18474,42.87548],[52.13996,42.88045],[52.07755,42.871],[52.0226,42.85857],[51.97037,42.84465],[51.93303,42.83032],[51.90508,42.83323],[51.88071,42.86922],[51.84981,42.90343],[51.82303,42.9429],[51.80837,42.95554],[51.80356,42.97575],[51.79144,42.98737],[51.78898,43.00016],[51.76511,43.03351],[51.7451,43.05188],[51.65745,43.10495],[51.65792,43.11109],[51.66915,43.11611],[51.67218,43.12358],[51.6656,43.17034],[51.66784,43.17197],[51.65728,43.18186],[51.62219,43.1852],[51.55764,43.17619],[51.51566,43.17374],[51.49673,43.16859],[51.49042,43.16067],[51.46666,43.16417],[51.37309,43.15713],[51.30152,43.14739],[51.28436,43.14614],[51.27268,43.14889],[51.26856,43.15315],[51.26737,43.17052],[51.30839,43.31449],[51.31732,43.39163],[51.31275,43.45884],[51.29542,43.49144],[51.29323,43.50798],[51.28706,43.51821],[51.2785,43.54852],[51.26444,43.57065],[51.25059,43.58184],[51.2792,43.6002],[51.24931,43.58223],[51.23941,43.59069],[51.22177,43.59567],[51.21755,43.60475],[51.22037,43.60574],[51.21776,43.61001],[51.22001,43.61149],[51.20824,43.6209],[51.18577,43.62878],[51.17028,43.63035],[51.1657,43.62585],[51.16261,43.62772],[51.13237,43.66124],[51.10022,43.71629],[51.08267,43.73137],[51.08271,43.73713],[51.07174,43.75736],[51.03131,43.79739],[51.02393,43.8104],[50.99425,43.93677],[50.9764,43.95877],[50.92902,44.00447],[50.89268,44.01283],[50.87343,44.02349],[50.86789,44.03482],[50.87615,44.07802],[50.8734,44.11106],[50.84628,44.18348],[50.83838,44.19702],[50.80885,44.21966],[50.77418,44.24107],[50.67908,44.26959],[50.58157,44.28532],[50.47102,44.29491],[50.42845,44.29368],[50.33782,44.32095],[50.31172,44.33151],[50.28163,44.35147],[50.2703,44.35564],[50.26756,44.36521],[50.24855,44.38551],[50.24443,44.40931],[50.24082,44.52901],[50.23045,44.57423],[50.22349,44.58743],[50.22685,44.59638],[50.23096,44.59663],[50.22555,44.58993],[50.22585,44.58508],[50.23294,44.57254],[50.25459,44.56151],[50.24898,44.5467],[50.26173,44.54239],[50.2683,44.54417],[50.27528,44.55689],[50.27701,44.56156],[50.27245,44.56416],[50.28283,44.57714],[50.28843,44.59803],[50.30351,44.62277],[50.31187,44.64591],[50.35221,44.64051],[50.36902,44.63987],[50.37655,44.64252],[50.38597,44.63696],[50.39995,44.63461],[50.41691,44.63656],[50.44116,44.62753],[50.46628,44.62377],[50.49636,44.62397],[50.52713,44.62965],[50.56272,44.62021],[50.59808,44.63443],[50.61088,44.62793],[50.62576,44.61375],[50.63992,44.61328],[50.64928,44.60904],[50.66138,44.61119],[50.69693,44.60641],[50.71513,44.61081],[50.74225,44.60323],[50.78036,44.60714],[50.79443,44.61814],[50.80336,44.6328],[50.8243,44.63255],[50.84044,44.62351],[50.89022,44.61276],[50.94206,44.57658],[50.9589,44.5587],[50.97893,44.55339],[51.00742,44.55835],[50.99902,44.55013],[50.99597,44.54013],[50.997,44.53107],[51.00455,44.51957],[51.01334,44.51418],[51.03696,44.50817],[51.06692,44.49171],[51.07795,44.48205],[51.09883,44.47474],[51.19897,44.47544],[51.2333,44.4935],[51.25328,44.51059],[51.25558,44.51794],[51.27349,44.52482],[51.29357,44.54096],[51.30515,44.54297],[51.32864,44.53988],[51.36469,44.54429],[51.3592,44.53254],[51.34413,44.52334],[51.34765,44.51649],[51.3593,44.51613],[51.38623,44.52527],[51.39704,44.51847],[51.40136,44.51137],[51.41869,44.50306],[51.45169,44.50863],[51.46002,44.51853],[51.45317,44.52704],[51.45567,44.52846],[51.46825,44.52598],[51.4778,44.52061],[51.48466,44.51004],[51.4955,44.50708],[51.51197,44.5111],[51.57378,44.49998],[51.58942,44.50208],[51.59933,44.5069],[51.59747,44.52691],[51.5906,44.53548],[51.56348,44.55432],[51.51988,44.56606],[51.45155,44.59638],[51.43215,44.60133],[51.4117,44.6018],[51.30353,44.59538],[51.29814,44.6007],[51.30916,44.60638],[51.28367,44.69214],[51.25208,44.76434],[51.22256,44.79407],[51.21672,44.82062],[51.19338,44.88585],[51.22874,44.93399],[51.22874,44.95562],[51.26204,44.98646],[51.27783,45.01414],[51.26238,45.04738],[51.24728,45.16926],[51.26135,45.19539],[51.28916,45.21958],[51.30275,45.23789],[51.35645,45.27663],[51.36916,45.29329],[51.38804,45.30585],[51.41104,45.30585],[51.45258,45.31961],[51.45876,45.3242],[51.52537,45.32806],[51.58511,45.34182],[51.72724,45.40284],[51.75228,45.40763],[51.8735,45.41706],[51.95658,45.41537],[52.01804,45.41007],[52.0637,45.3997],[52.09911,45.38793],[52.12811,45.37108],[52.1482,45.35492],[52.17913,45.35694],[52.19808,45.35446],[52.20141,45.3509],[52.25419,45.33228],[52.25135,45.32331],[52.25575,45.32441],[52.29063,45.31189],[52.30814,45.31261],[52.32359,45.31913],[52.37578,45.30875],[52.39638,45.31647],[52.4932,45.32227],[52.54298,45.30754],[52.60855,45.29474],[52.6319,45.2974],[52.66692,45.29426],[52.70365,45.27832],[52.68683,45.25295],[52.72288,45.24062],[52.77129,45.21644],[52.87188,45.19104],[53.09092,45.18063],[53.14036,45.17483],[53.20525,45.17531],[53.23512,45.17894],[53.26945,45.20676],[53.35356,45.22732],[53.42326,45.28291],[53.4545,45.29233],[53.50909,45.28919],[53.55818,45.29112],[53.60384,45.28895],[53.70204,45.24642],[53.73808,45.25609],[53.78924,45.21668],[53.83215,45.21692],[53.85069,45.17846],[53.88159,45.18184],[53.9221,45.20894],[53.92313,45.21547],[53.93412,45.22659],[53.96468,45.23602],[53.97017,45.24666],[53.99317,45.26068],[54.03265,45.25754],[54.0251,45.23143],[53.9815,45.19394],[53.94167,45.14916],[53.89842,45.13221],[53.63406,45.05077],[53.57535,45.02603],[53.52694,44.98622],[53.47991,44.93545],[53.42188,44.84789],[53.39236,44.78213],[53.23855,44.57389],[53.16062,44.46177],[53.12113,44.42721],[53.16851,44.39729],[53.21932,44.3811],[53.28661,44.36956],[53.30927,44.3757],[53.31202,44.3838],[53.34326,44.42034],[53.34738,44.43334],[53.41776,44.49827],[53.41776,44.50586],[53.43047,44.52471],[53.42463,44.53107],[53.43905,44.55652],[53.42944,44.569],[53.43527,44.58514],[53.46068,44.59418],[53.4854,44.62498],[53.51527,44.64965],[53.53552,44.6792],[53.54617,44.70458],[53.5496,44.77555],[53.55441,44.79504],[53.58187,44.80527],[53.62479,44.86468],[53.66942,44.88828],[53.70718,44.91357],[53.72065,44.93093],[53.73999,44.93585],[53.75335,44.94641],[53.77516,44.94517],[53.81327,44.92718],[53.8555,44.92816],[53.8914,44.92427],[53.91749,44.92962],[53.93363,44.93898],[53.95594,44.93983],[54.01396,44.96194],[54.06767,44.97286],[54.08126,44.97918],[54.09619,44.99132],[54.11833,45.02045],[54.12572,45.03416],[54.12226,45.03768],[54.14458,45.03719],[54.18509,45.05514],[54.19779,45.05077],[54.24794,45.04657],[54.27511,45.05974],[54.26665,45.0226],[54.26714,45.01025],[54.27504,45.00176],[54.3331,45.00999],[54.35807,44.99975],[54.38387,44.99642],[54.41316,45.00241],[54.43713,44.99424],[54.50507,45.00588],[54.53837,44.99812],[54.64858,45.04956],[54.72308,45.09587],[54.75535,45.12131],[54.79689,45.16393],[54.90057,45.19878],[54.94383,45.23409],[54.90435,45.2515],[54.85663,45.26165],[54.82195,45.27711],[54.80959,45.29933],[54.79689,45.3341],[54.76977,45.35654],[54.6757,45.39609],[54.61562,45.41176],[54.59467,45.42646],[54.5806,45.4532],[54.56893,45.48931],[54.54043,45.52107],[54.48721,45.54849],[54.42816,45.56267],[54.3722,45.58045],[54.36636,45.59511],[54.37151,45.60664],[54.39349,45.62297],[54.39898,45.64746],[54.34989,45.68081],[54.26817,45.75104],[54.21187,45.79152],[54.13908,45.79654],[54.08896,45.77356],[53.9688,45.76973],[53.92725,45.7266],[53.89567,45.67529],[53.86408,45.65082],[53.83765,45.6393],[53.73946,45.57853],[53.75937,45.56195],[53.76315,45.51193],[53.70204,45.5165],[53.64264,45.49557],[53.6217,45.49966],[53.57947,45.55666],[53.5472,45.5706],[53.51115,45.6028],[53.50325,45.63329],[53.50806,45.65442],[53.49055,45.6513],[53.45038,45.66737],[53.45484,45.69376],[53.09853,45.76087],[53.10259,45.85157],[53.09023,45.84966],[53.07478,45.85277],[53.05968,45.86042],[53.06057,45.87303],[53.04942,45.88502],[53.04782,45.89195],[53.0976,45.90095],[53.14359,45.93017],[53.15329,45.92686],[53.18766,45.8986],[53.21177,45.88918],[53.24954,45.8848],[53.25702,45.88896],[53.17423,45.91568],[53.16093,45.92811],[53.17023,45.93783],[53.17125,45.97662],[53.19357,46.01513],[53.24988,46.04398],[53.2413,46.05875],[53.2413,46.08352],[53.2516,46.11399],[53.27048,46.14754],[53.30412,46.18511],[53.34532,46.21077],[53.34807,46.24426],[53.35665,46.27678],[53.38068,46.28485],[53.39751,46.30027],[53.41124,46.34081],[53.40781,46.35408],[53.41536,46.3683],[53.40472,46.38488],[53.41296,46.41661],[53.38412,46.4748],[53.38034,46.48993],[53.27666,46.54096],[53.26013,46.53484],[53.23254,46.53503],[53.22502,46.54516],[53.2108,46.5504],[53.21075,46.55469],[53.22653,46.57331],[53.2255,46.58133],[53.21143,46.58723],[53.2128,46.60068],[53.22447,46.6028],[53.23477,46.59997],[53.24988,46.61318],[53.23134,46.62237],[53.21761,46.63841],[53.22516,46.64548],[53.24267,46.64618],[53.23718,46.66645],[53.23306,46.67517],[53.22379,46.6754],[53.21692,46.67116],[53.20422,46.67375],[53.19289,46.68058],[53.19289,46.68859],[53.20044,46.70084],[53.20799,46.70437],[53.2001,46.70814],[53.16817,46.70555],[53.16542,46.70978],[53.17744,46.72814],[53.17126,46.74203],[53.16611,46.7432],[53.15753,46.73308],[53.14791,46.72838],[53.12628,46.73426],[53.12251,46.74038],[53.11839,46.75191],[53.11942,46.76131],[53.13864,46.77495],[53.14208,46.78471],[53.15718,46.79787],[53.15959,46.80375],[53.15856,46.80751],[53.14894,46.79999],[53.13452,46.80281],[53.13727,46.80469],[53.13212,46.81432],[53.13658,46.82959],[53.13418,46.83852],[53.12766,46.84275],[53.12422,46.8566],[53.11667,46.85801],[53.11392,46.86975],[53.10328,46.87444],[53.10191,46.89087],[53.09573,46.89087],[53.09264,46.88735],[53.07375,46.89157],[53.07135,46.90306],[53.05178,46.90119],[53.05041,46.90471],[53.03977,46.90916],[52.99376,46.91948],[52.97556,46.9523],[52.94158,46.96706],[52.9069,46.99985],[52.88149,47.00899],[52.86536,47.00618],[52.82759,47.00711],[52.81523,46.99915],[52.80871,46.96683],[52.75858,46.9769],[52.73146,46.97081],[52.69507,46.97948],[52.64975,46.98089],[52.60924,46.98838],[52.58452,46.99822],[52.55367,46.98948],[52.52499,46.99265],[52.47932,47.01209],[52.42316,47.04736],[52.38093,47.04736],[52.36765,47.03648],[52.32044,47.06759],[52.30911,47.05905],[52.34145,47.01133],[52.31535,46.98651],[52.26866,46.98838],[52.22746,46.9673],[52.20343,46.97456],[52.16052,46.994],[52.13202,46.99236],[52.10764,46.98252],[52.04035,47.01273],[51.98748,47.0043],[51.99194,46.97878],[51.98267,46.96378],[51.96997,46.96378],[51.94354,46.97667],[51.92774,46.97573],[51.92843,46.9605],[51.90714,46.96167],[51.88002,46.94902],[51.87075,46.94832],[51.85527,46.94182],[51.85802,46.93538],[51.84926,46.92964],[51.84566,46.93128],[51.84034,46.92812],[51.8218,46.9355],[51.81098,46.93445],[51.79811,46.93902],[51.79691,46.94394],[51.78798,46.94113],[51.78558,46.94464],[51.77856,46.93989],[51.76571,46.93918],[51.73445,46.94305],[51.70454,46.92455],[51.70715,46.92068],[51.70193,46.91662],[51.69628,46.92],[51.69844,46.92237],[51.73413,46.94336],[51.72832,46.949],[51.73308,46.95722],[51.73171,46.96496],[51.73789,46.98018],[51.71866,46.98674],[51.70115,47.0043],[51.70493,47.02303],[51.74132,47.05719],[51.75193,47.07596],[51.77668,47.09764],[51.76996,47.0963],[51.77442,47.10355],[51.77099,47.115],[51.75794,47.11056],[51.75262,47.09841],[51.74166,47.10465],[51.71969,47.11049],[51.69188,47.10839],[51.68433,47.10371],[51.6445,47.11914],[51.63317,47.11914],[51.62871,47.11189],[51.61807,47.11376],[51.57549,47.13876],[51.56348,47.13876],[51.55798,47.13385],[51.56004,47.11703],[51.56794,47.096],[51.57996,47.0845],[51.58611,47.07059],[51.57117,47.0664],[51.52988,47.06969],[51.49298,47.08195],[51.47146,47.08106],[51.44817,47.08539],[51.42423,47.10274],[51.39788,47.11485],[51.38392,47.10675],[51.37156,47.11703],[51.341,47.12918],[51.33242,47.11516],[51.34203,47.096],[51.27474,47.11072],[51.25208,47.13011],[51.23629,47.13245],[51.21466,47.121],[51.19235,47.11984],[51.15355,47.09787],[51.10548,47.08011],[51.05433,47.08081],[50.99645,47.06468],[50.99148,47.06874],[50.89074,47.06785],[50.84579,47.04026],[50.84253,47.03555],[50.79776,47.02811],[50.79092,47.01056],[50.78724,46.9802],[50.77316,46.97996],[50.76338,46.99249],[50.76286,47.01345],[50.75686,47.01871],[50.73849,46.99975],[50.72596,46.97047],[50.71703,46.96321],[50.70416,46.96965],[50.69643,46.99038],[50.68442,46.98277],[50.67549,46.96989],[50.6506,46.95642],[50.64116,46.94646],[50.62725,46.95138],[50.62639,46.96052],[50.6221,46.96192],[50.56992,46.88982],[50.51928,46.87997],[50.50949,46.87082],[50.49868,46.87375],[50.49206,46.89707],[50.49436,46.90853],[50.51574,46.93931],[50.49478,46.96578],[50.48765,46.96549],[50.48598,46.95948],[50.4931,46.93],[50.47382,46.91025],[50.45894,46.90552],[50.41911,46.91197],[50.42393,46.90151],[50.41542,46.87316],[50.42263,46.86166],[50.41353,46.83536],[50.38984,46.83419],[50.37422,46.84088],[50.36598,46.83795],[50.35706,46.81504],[50.32702,46.81387],[50.29526,46.77755],[50.28925,46.76227],[50.27294,46.7391],[50.24786,46.71273],[50.24222,46.69237],[50.23363,46.69084],[50.22642,46.71992],[50.23037,46.73439],[50.24016,46.74816],[50.229,46.7658],[50.21235,46.7638],[50.19724,46.7491],[50.17973,46.74286],[50.16497,46.72227],[50.14282,46.70474],[50.12343,46.70238],[50.09562,46.67907],[50.03868,46.58103],[49.93826,46.57595],[49.91731,46.52858],[49.92565,46.44238],[49.86952,46.35117],[49.87175,46.29158],[49.83968,46.19278],[49.7543,46.19924],[49.6496,46.23109],[49.53502,46.18852],[49.44973,46.2437],[49.37816,46.25927],[49.33831,46.28744],[49.31431,46.27291],[49.26336,46.29361],[49.19272,46.36884],[49.18024,46.37689],[49.16294,46.3835],[49.14457,46.38232],[49.12314,46.39006],[49.10344,46.38513],[49.05334,46.39317],[49.03776,46.40203],[49.02375,46.41647],[48.99612,46.43007],[48.97379,46.4354],[48.95367,46.43577],[48.93354,46.44656],[48.91063,46.45195],[48.88369,46.47957],[48.83733,46.47781],[48.82578,46.48057],[48.78953,46.52168],[48.78772,46.54126],[48.76532,46.54035],[48.75095,46.54918],[48.73181,46.55267],[48.70483,46.56281],[48.68234,46.5608],[48.66776,46.55593],[48.6288,46.56169],[48.60305,46.55706],[48.58048,46.56076],[48.56059,46.55588],[48.54921,46.55653],[48.54528,46.56407],[48.55592,46.57875],[48.55704,46.58573],[48.56696,46.58738],[48.57712,46.59613],[48.58555,46.59893],[48.59451,46.59726],[48.59918,46.60034],[48.61417,46.60006],[48.6037,46.60747],[48.57336,46.60662],[48.55204,46.61812],[48.55156,46.6294],[48.56091,46.63486],[48.56203,46.6394],[48.55378,46.6452],[48.51158,46.65174],[48.48914,46.65902],[48.48779,46.6732],[48.55275,46.68859],[48.54464,46.69199],[48.53587,46.70596],[48.54875,46.7105],[48.59978,46.71383],[48.61599,46.70433],[48.62892,46.70749],[48.64418,46.73027],[48.67317,46.72042],[48.67617,46.71303],[48.7128,46.72041],[48.75153,46.68483],[48.92065,46.69302],[48.99629,46.7427],[48.91605,46.87965],[48.70955,47.0962],[48.51989,47.4113],[48.45162,47.41162],[48.39788,47.47311],[48.32436,47.54572],[48.20935,47.69133],[48.11141,47.7448],[48.02763,47.76309],[47.96288,47.75139],[47.6563,47.75753],[47.41479,47.83715],[47.41141,47.76292],[47.3853,47.68089],[47.1941,47.76062],[47.12318,47.83124],[47.18053,47.85389],[47.09988,47.92857],[47.05086,47.99788],[47.14884,48.03608],[47.15898,48.06078],[47.20062,48.05463],[47.21134,48.08235],[47.09123,48.10339],[47.12515,48.15809],[47.11384,48.17553],[47.10347,48.21051],[47.12355,48.26886],[46.92987,48.31691],[46.90669,48.31969],[46.88356,48.32875],[46.74798,48.35336],[46.67717,48.39022],[46.64558,48.38534],[46.49367,48.43291],[46.77899,48.95149],[46.79189,48.95209],[46.89276,48.98222],[46.97196,49.02738],[47.02866,49.08918],[47.0511,49.16562],[46.99609,49.23236],[46.91455,49.28283],[46.83783,49.3192],[46.78215,49.3398],[46.80562,49.42908],[46.82934,49.56567],[46.83888,49.56581],[46.83711,49.6066],[46.84387,49.60658],[46.85775,49.64356],[46.86976,49.74282],[46.90241,49.86383],[46.93004,49.8749],[46.95728,49.87143],[47.18235,49.93502],[47.3534,50.09442],[47.3523,50.10139],[47.3455,50.10584],[47.31685,50.15251],[47.25726,50.19188],[47.33505,50.23801],[47.30088,50.26311],[47.29163,50.28259],[47.30017,50.30333],[47.30465,50.30374],[47.34143,50.33025],[47.36538,50.32906],[47.37057,50.33272],[47.37958,50.32824],[47.40712,50.33674],[47.41879,50.36512],[47.47244,50.42098],[47.50509,50.43324],[47.54182,50.46093],[47.61185,50.46332],[47.61437,50.45748],[47.62402,50.4601],[47.63738,50.4551],[47.63611,50.45296],[47.63966,50.4502],[47.62496,50.44808],[47.63083,50.44357],[47.63871,50.44228],[47.64914,50.44817],[47.64906,50.44122],[47.64378,50.44166],[47.64066,50.43619],[47.64742,50.43019],[47.65466,50.42959],[47.65574,50.42713],[47.65161,50.42322],[47.6724,50.42247],[47.67526,50.41976],[47.66307,50.41748],[47.6635,50.40857],[47.67834,50.40051],[47.6864,50.39994],[47.69805,50.39219],[47.72655,50.38792],[47.74225,50.37876],[47.74659,50.37306],[47.73958,50.36598],[47.74525,50.36113],[47.74478,50.35507],[47.75765,50.35005],[47.76343,50.34009],[47.78018,50.33971],[47.79087,50.33288],[47.80142,50.33515],[47.80981,50.33012],[47.82718,50.331],[47.82467,50.31927],[47.81855,50.31571],[47.81996,50.31273],[47.83507,50.31158],[47.85228,50.30267],[47.85489,50.29712],[47.86933,50.28677],[47.88737,50.26761],[47.91194,50.25331],[47.9357,50.2464],[47.93821,50.24145],[47.93628,50.23459],[47.95321,50.22534],[47.95026,50.21393],[47.97043,50.19196],[47.98817,50.18512],[47.98608,50.17703],[47.99753,50.17212],[47.99944,50.15482],[48.0088,50.14264],[48.03723,50.13559],[48.03905,50.12777],[48.04847,50.12777],[48.05107,50.12411],[48.04715,50.11289],[48.04971,50.11137],[48.05836,50.11234],[48.0728,50.10476],[48.09639,50.09913],[48.10812,50.08633],[48.10886,50.07503],[48.11491,50.06556],[48.11289,50.06211],[48.12519,50.05102],[48.12832,50.04249],[48.12985,50.02826],[48.1258,50.0199],[48.13249,50.01148],[48.13019,50.00612],[48.13209,49.99825],[48.13872,49.9949],[48.14509,49.986],[48.15694,49.97971],[48.16302,49.9556],[48.17099,49.95216],[48.17309,49.9479],[48.1927,49.94378],[48.19793,49.93172],[48.20773,49.92806],[48.21701,49.91953],[48.2206,49.90888],[48.23324,49.90105],[48.23337,49.88783],[48.2264,49.87881],[48.22874,49.87352],[48.22573,49.86953],[48.22934,49.86752],[48.24037,49.86974],[48.2628,49.85851],[48.2941,49.85985],[48.31483,49.87254],[48.32622,49.85202],[48.33153,49.84874],[48.3414,49.8504],[48.34468,49.83632],[48.35385,49.83152],[48.35385,49.82762],[48.36151,49.82509],[48.3789,49.83529],[48.39374,49.83646],[48.40866,49.82028],[48.42219,49.81347],[48.42795,49.80605],[48.4415,49.80142],[48.45011,49.83524],[48.74538,49.92153],[48.90239,50.01799],[48.8967,50.02454],[48.8818,50.02976],[48.87945,50.03349],[48.88082,50.04088],[48.86642,50.05261],[48.86329,50.07806],[48.85251,50.08415],[48.84859,50.09111],[48.82345,50.09595],[48.79389,50.09695],[48.78897,50.10038],[48.76457,50.09859],[48.80899,50.17044],[48.79392,50.2048],[48.73205,50.25718],[48.65836,50.52828],[48.661,50.54191],[48.65593,50.55581],[48.6658,50.57153],[48.66408,50.57774],[48.64674,50.58719],[48.65016,50.59019],[48.65174,50.60156],[48.64419,50.60614],[48.63968,50.60452],[48.62424,50.61193],[48.61412,50.61097],[48.61165,50.61389],[48.59458,50.61612],[48.57064,50.63237],[48.60752,50.66114],[48.62644,50.65399],[48.63204,50.6486],[48.63716,50.65037],[48.64019,50.64633],[48.6492,50.64492],[48.65703,50.63587],[48.66292,50.63515],[48.67044,50.62726],[48.67415,50.6272],[48.6763,50.62125],[48.69056,50.61163],[48.69969,50.61129],[48.72295,50.60286],[48.73672,50.60578],[48.7381,50.60989],[48.74783,50.60829],[48.75737,50.61144],[48.76285,50.60816],[48.77935,50.6076],[48.81466,50.5957],[48.95377,50.65137],[48.99878,50.68739],[49.009,50.68271],[49.10312,50.76801],[49.12563,50.78486],[49.21407,50.79869],[49.26259,50.82343],[49.42281,50.84873],[49.43017,50.86193],[49.4412,50.87001],[49.44358,50.87726],[49.44028,50.87934],[49.44442,50.88225],[49.4419,50.88373],[49.44271,50.89402],[49.42794,50.9073],[49.42999,50.91259],[49.42693,50.9189],[49.42929,50.92006],[49.42257,50.93],[49.41501,50.93401],[49.41293,50.95171],[49.4084,50.95356],[49.40705,50.96146],[49.37459,50.98084],[49.33867,50.98688],[49.39609,51.04856],[49.3926,51.09015],[49.43015,51.09002],[49.43985,51.11156],[49.43818,51.11567],[49.45465,51.12571],[49.49023,51.0986],[49.5542,51.11009],[49.77591,51.10731],[49.84851,51.15539],[49.9105,51.20099],[50.0055,51.24216],[50.04439,51.25201],[50.24078,51.27993],[50.37272,51.33254],[50.33815,51.38181],[50.4043,51.40387],[50.38884,51.40982],[50.3836,51.41786],[50.37231,51.42433],[50.37278,51.42734],[50.4962,51.42738],[50.49848,51.46654],[50.54667,51.46525],[50.5557,51.47295],[50.55574,51.48903],[50.54851,51.49153],[50.54773,51.4981],[50.53764,51.51001],[50.53787,51.58968],[50.54939,51.60086],[50.56032,51.59649],[50.56709,51.58824],[50.58517,51.59078],[50.58616,51.6456],[50.62544,51.6464],[50.62555,51.64308],[50.63583,51.64314],[50.6364,51.62922],[50.73145,51.62909],[50.73341,51.606],[50.71369,51.60096],[50.70786,51.59441],[50.69766,51.59396],[50.69689,51.58923],[50.70051,51.58771],[50.68263,51.58662],[50.67693,51.5801],[50.68147,51.57782],[50.67874,51.57465],[50.76742,51.57513],[50.76654,51.58582],[50.81153,51.58525],[50.81228,51.64934],[50.83279,51.64936],[50.81113,51.67026],[50.78748,51.68468],[50.7667,51.71552],[50.76783,51.77333],[50.87105,51.75272],[50.89147,51.6815],[50.95807,51.68001],[50.96094,51.67783],[50.96771,51.68105],[50.98041,51.67501],[50.99588,51.67619],[50.99878,51.67156],[51.01134,51.67356],[51.02076,51.67948],[51.03193,51.68029],[51.03761,51.68673],[51.04759,51.67777],[51.05661,51.68053],[51.06121,51.67204],[51.06941,51.67302],[51.07067,51.6682],[51.07538,51.66978],[51.08421,51.66639],[51.09621,51.66886],[51.09775,51.6747],[51.10983,51.67162],[51.11402,51.67379],[51.11212,51.67644],[51.12022,51.67375],[51.12706,51.67633],[51.13195,51.67266],[51.13823,51.67546],[51.15044,51.67113],[51.1545,51.67198],[51.15435,51.67659],[51.16922,51.6773],[51.17757,51.66875],[51.20273,51.66687],[51.21585,51.68126],[51.27213,51.68487],[51.30374,51.64105],[51.37964,51.64132],[51.37983,51.56326],[51.24058,51.56294],[51.2455,51.55606],[51.24521,51.53296],[51.24815,51.53244],[51.24805,51.52536],[51.28592,51.53143],[51.28679,51.48792],[51.3804,51.48598],[51.38063,51.47628],[51.43144,51.47502],[51.46937,51.48589],[51.49418,51.48553],[51.49199,51.48977],[51.56621,51.50543],[51.55742,51.52301],[51.58534,51.52817],[51.5768,51.54508],[51.60406,51.55056],[51.61242,51.53334],[51.64059,51.53866],[51.65701,51.50731],[51.65659,51.50436],[51.64377,51.50139],[51.63028,51.47508],[51.6417,51.47689],[51.65595,51.44877],[51.73823,51.46517],[51.7311,51.48087],[51.81333,51.49727],[51.7708,51.58291],[51.78905,51.58706],[51.79676,51.59245],[51.78531,51.6009],[51.78586,51.60458],[51.79352,51.60626],[51.80536,51.61947],[51.8171,51.62411],[51.81572,51.62629],[51.82375,51.63236],[51.82382,51.63758],[51.83279,51.63854],[51.84407,51.64949],[51.85955,51.6499],[51.86465,51.66112],[51.85688,51.67381],[51.89408,51.67442],[51.89396,51.68348],[51.99905,51.68323],[51.99922,51.66727],[52.05971,51.66832],[52.07479,51.67395],[52.09016,51.65855],[52.15409,51.6838],[52.16332,51.6866],[52.16902,51.68335],[52.17485,51.68812],[52.17631,51.72686],[52.17947,51.73341],[52.2326,51.73625],[52.24039,51.72405],[52.33435,51.74362],[52.33309,51.75173],[52.31784,51.7626],[52.32004,51.76642],[52.35933,51.77632],[52.36315,51.77304],[52.38113,51.71921],[52.37747,51.71774],[52.38518,51.68235],[52.41562,51.63984],[52.42937,51.63076],[52.45017,51.62279],[52.47567,51.58648],[52.4961,51.54755],[52.50302,51.54605],[52.50259,51.53534],[52.50918,51.53255],[52.5095,51.52753],[52.50872,51.52237],[52.50316,51.51868],[52.50954,51.50866],[52.50521,51.50584],[52.50887,51.50248],[52.51969,51.50167],[52.51782,51.49911],[52.5317,51.49917],[52.53404,51.49434],[52.54206,51.49476],[52.54144,51.49092],[52.54673,51.49087],[52.5522,51.48245],[52.55728,51.4802],[52.5397,51.47418],[52.53546,51.46954],[52.54392,51.46107],[52.56127,51.4557],[52.56515,51.45535],[52.56566,51.46377],[52.583,51.47751],[52.59091,51.47714],[52.59751,51.47068],[52.58722,51.46414],[52.58312,51.4587],[52.58529,51.45586],[52.59701,51.45368],[52.60448,51.45642],[52.62304,51.45566],[52.62413,51.46003],[52.61645,51.4631],[52.61396,51.46828],[52.61722,51.47273],[52.62401,51.47423],[52.63251,51.46364],[52.63871,51.46226],[52.645,51.46805],[52.64193,51.47636],[52.64634,51.48723],[52.65787,51.4903],[52.66455,51.4867],[52.66289,51.47106],[52.67909,51.45722],[52.69007,51.45793],[52.69087,51.4634],[52.6731,51.46961],[52.67156,51.47508],[52.67708,51.47913],[52.69531,51.47759],[52.71896,51.48447],[52.72105,51.49711],[52.72559,51.49799],[52.73386,51.49679],[52.73374,51.49404],[52.72471,51.48938],[52.72526,51.48591],[52.73767,51.484],[52.74936,51.48744],[52.75237,51.49118],[52.73554,51.49735],[52.73422,51.50195],[52.74087,51.50465],[52.74944,51.49517],[52.75907,51.49682],[52.75693,51.50868],[52.76805,51.5219],[52.77495,51.52008],[52.77152,51.50685],[52.77421,51.50165],[52.78221,51.50251],[52.78034,51.50883],[52.78333,51.51225],[52.79324,51.51361],[52.79463,51.51059],[52.78583,51.50307],[52.78824,51.49934],[52.79566,51.49988],[52.802,51.50589],[52.80722,51.5046],[52.8107,51.50121],[52.80718,51.49377],[52.81268,51.49175],[52.81612,51.50042],[52.82273,51.50197],[52.82573,51.49956],[52.82519,51.49158],[52.83519,51.48627],[52.84126,51.48895],[52.83284,51.5008],[52.83682,51.50584],[52.8442,51.50468],[52.85127,51.49213],[52.85951,51.49117],[52.87653,51.50217],[52.8923,51.50713],[52.89856,51.50315],[52.90009,51.49722],[52.87089,51.48807],[52.86468,51.47967],[52.87117,51.47491],[52.88118,51.47763],[52.88263,51.49006],[52.88978,51.48975],[52.88918,51.48437],[52.89405,51.47823],[52.90099,51.47626],[52.9052,51.47857],[52.90785,51.49308],[52.91419,51.49738],[52.9243,51.49785],[52.92749,51.49582],[52.9264,51.49323],[52.91682,51.48803],[52.91615,51.48335],[52.9369,51.48089],[52.93546,51.4732],[52.94258,51.46422],[52.94229,51.45761],[52.9475,51.45496],[52.95503,51.4562],[52.9593,51.46231],[52.94119,51.47114],[52.94643,51.4774],[52.96325,51.47032],[52.97733,51.46999],[52.97724,51.47389],[52.96647,51.47997],[52.96658,51.48399],[52.97232,51.48509],[52.99783,51.47261],[53.00334,51.47258],[53.01354,51.48023],[53.03435,51.48234],[53.03807,51.48819],[53.04372,51.49008],[53.05573,51.48977],[53.06105,51.49376],[53.06512,51.50289],[53.07226,51.50482],[53.08015,51.50236],[53.09408,51.48899],[53.11763,51.49139],[53.14025,51.48517],[53.15159,51.48595],[53.15773,51.48888],[53.16231,51.49779],[53.14377,51.50537],[53.14052,51.51961],[53.15125,51.52537],[53.16458,51.51745],[53.1705,51.51799],[53.17815,51.53261],[53.1877,51.53522],[53.19602,51.5295],[53.17844,51.51901],[53.17886,51.51404],[53.18373,51.51087],[53.2028,51.50295],[53.22617,51.5116],[53.25371,51.51203],[53.26266,51.50613],[53.25743,51.49411],[53.27274,51.4829],[53.28416,51.48479],[53.2851,51.49587],[53.28934,51.50034],[53.2962,51.50123],[53.29695,51.49872],[53.31098,51.49798],[53.32913,51.49973],[53.32934,51.49274],[53.33927,51.49379],[53.3388,51.48966],[53.35982,51.49359],[53.36282,51.49012],[53.36507,51.49307],[53.36832,51.49165],[53.36974,51.48855],[53.3914,51.49146],[53.40827,51.48607],[53.4076,51.48303],[53.41187,51.47947],[53.41534,51.48274],[53.42572,51.48239],[53.42757,51.48083],[53.41936,51.47786],[53.43484,51.46848],[53.43729,51.45969],[53.43396,51.45061],[53.44175,51.43818],[53.4668,51.43872],[53.47734,51.45307],[53.48513,51.45441],[53.49021,51.4525],[53.48989,51.44956],[53.48298,51.44858],[53.4814,51.44315],[53.4953,51.43166],[53.51619,51.43485],[53.51982,51.42556],[53.52467,51.42538],[53.53804,51.43096],[53.55188,51.42578],[53.57074,51.43266],[53.57516,51.42526],[53.56679,51.41647],[53.58301,51.41235],[53.59864,51.39567],[53.6072,51.39696],[53.62859,51.393],[53.62829,51.38561],[53.63331,51.38337],[53.62471,51.37994],[53.63267,51.37889],[53.63222,51.37314],[53.62694,51.37182],[53.6281,51.36662],[53.61833,51.36632],[53.61152,51.37044],[53.60754,51.36991],[53.60562,51.36484],[53.59591,51.3637],[53.60012,51.36125],[53.59528,51.35537],[53.59981,51.35025],[53.61107,51.35086],[53.61098,51.35378],[53.61918,51.35644],[53.61342,51.35011],[53.6173,51.34242],[53.62503,51.34378],[53.62518,51.3408],[53.62055,51.33887],[53.62337,51.33262],[53.61566,51.33233],[53.621,51.3273],[53.60561,51.32292],[53.60416,51.32019],[53.60989,51.31562],[53.60251,51.31645],[53.60226,51.31244],[53.5956,51.30604],[53.60301,51.30215],[53.60463,51.29264],[53.6132,51.29354],[53.60901,51.28997],[53.61091,51.28631],[53.61889,51.28697],[53.625,51.28184],[53.61723,51.27928],[53.63073,51.27054],[53.63397,51.2708],[53.63326,51.27437],[53.64834,51.27419],[53.64575,51.26998],[53.65496,51.26731],[53.64512,51.26257],[53.65981,51.26002],[53.65988,51.25716],[53.66989,51.25961],[53.6698,51.25703],[53.66248,51.25522],[53.66282,51.2513],[53.67031,51.24515],[53.65837,51.25101],[53.65674,51.24855],[53.66016,51.24234],[53.65625,51.23828],[53.66342,51.23858],[53.66026,51.23447],[53.6624,51.23024],[53.68289,51.22584],[53.68773,51.22663],[53.68371,51.23187],[53.69268,51.2335],[53.69689,51.22551],[53.69216,51.22371],[53.69546,51.22126],[53.70407,51.22733],[53.70677,51.22495],[53.71243,51.22709],[53.72285,51.22185],[53.72039,51.21746],[53.73248,51.21317],[53.73792,51.21278],[53.73903,51.21713],[53.74402,51.21394],[53.73561,51.20822],[53.74684,51.20407],[53.75876,51.206],[53.75671,51.21013],[53.75904,51.21278],[53.76405,51.20968],[53.76739,51.21447],[53.77171,51.21443],[53.77179,51.21132],[53.78097,51.20609],[53.78468,51.20633],[53.78233,51.21344],[53.80191,51.21207],[53.80965,51.21434],[53.81342,51.20354],[53.82576,51.20262],[53.81774,51.19372],[53.83449,51.19671],[53.83854,51.19222],[53.85462,51.18941],[53.85959,51.19993],[53.86747,51.1998],[53.86768,51.19316],[53.87277,51.19297],[53.88503,51.20003],[53.8914,51.19718],[53.8895,51.18736],[53.89774,51.18044],[53.90655,51.18873],[53.91066,51.18542],[53.91431,51.19188],[53.93277,51.19305],[53.93464,51.18562],[53.96841,51.17739],[53.97107,51.16664],[53.97734,51.16468],[53.99342,51.16933],[54.01201,51.16029],[54.0267,51.16298],[54.03469,51.15385],[54.05295,51.1536],[54.05595,51.15155],[54.05456,51.14891],[54.03657,51.14326],[54.04762,51.13268],[54.08699,51.11765],[54.10349,51.11825],[54.1234,51.11361],[54.13741,51.10822],[54.14543,51.09843],[54.15058,51.08943],[54.15209,51.07344],[54.13044,51.06465],[54.14056,51.0514],[54.15052,51.05508],[54.14336,51.05845],[54.14296,51.06179],[54.15976,51.06688],[54.16086,51.05865],[54.16669,51.0535],[54.16781,51.04781],[54.1804,51.04309],[54.19257,51.0338],[54.1925,51.02819],[54.18244,51.02369],[54.17451,51.03101],[54.16803,51.02946],[54.17261,51.02014],[54.15925,51.01191],[54.15906,51.00882],[54.1757,51.01058],[54.17935,50.99984],[54.17528,50.99879],[54.17194,50.99276],[54.18814,50.99585],[54.20495,50.9862],[54.1902,50.97535],[54.19175,50.96979],[54.20702,50.96033],[54.21499,50.96311],[54.23066,50.95385],[54.24654,50.95387],[54.25176,50.95824],[54.25919,50.95101],[54.28138,50.95315],[54.28863,50.94886],[54.28134,50.94582],[54.27365,50.9503],[54.27157,50.94741],[54.28639,50.9415],[54.28708,50.9324],[54.27976,50.91714],[54.28875,50.90156],[54.2938,50.89824],[54.30127,50.89583],[54.3056,50.90459],[54.30314,50.90881],[54.31431,50.90833],[54.31904,50.89937],[54.33264,50.89916],[54.33799,50.90324],[54.34589,50.90021],[54.34539,50.89605],[54.36016,50.88472],[54.3828,50.88448],[54.41808,50.87556],[54.44303,50.87878],[54.45232,50.85149],[54.51811,50.85491],[54.52888,50.83013],[54.52529,50.8272],[54.52716,50.82537],[54.51568,50.81859],[54.51842,50.81195],[54.51534,50.80726],[54.50887,50.80571],[54.49802,50.79584],[54.49016,50.79403],[54.47362,50.77843],[54.46774,50.76605],[54.46338,50.7315],[54.45748,50.72258],[54.45979,50.72138],[54.4403,50.68635],[54.43757,50.66157],[54.41333,50.62092],[54.46807,50.56565],[54.54321,50.52774],[54.57403,50.55266],[54.59257,50.55998],[54.6028,50.54432],[54.61419,50.53822],[54.62935,50.55089],[54.63623,50.55174],[54.63816,50.5561],[54.68524,50.59287],[54.71883,50.60594],[54.73143,50.62009],[54.72055,50.63332],[54.72399,50.63864],[54.72189,50.64487],[54.72384,50.64932],[54.71765,50.65806],[54.71824,50.66433],[54.70967,50.67089],[54.71282,50.68504],[54.71812,50.69043],[54.69783,50.70031],[54.67861,50.71814],[54.68479,50.7805],[54.65721,50.82308],[54.68337,50.83433],[54.69786,50.89263],[54.67079,50.9058],[54.67179,50.9118],[54.66834,50.91857],[54.65,50.91593],[54.61843,50.92501],[54.61283,50.92092],[54.59933,50.92316],[54.58387,50.9165],[54.57783,50.91815],[54.56851,50.9153],[54.55037,50.92845],[54.53918,50.92416],[54.5358,50.92809],[54.52666,50.92992],[54.53063,50.93439],[54.54716,50.93562],[54.56396,50.92283],[54.56856,50.92557],[54.56557,50.93454],[54.57192,50.93851],[54.56935,50.94034],[54.5735,50.94326],[54.58756,50.93604],[54.59405,50.94209],[54.59352,50.94468],[54.57662,50.94893],[54.57228,50.96166],[54.57427,50.96693],[54.56767,50.97053],[54.58105,50.97533],[54.56076,50.98468],[54.56166,50.99193],[54.5671,50.99168],[54.56871,50.99455],[54.55628,50.99505],[54.54809,51],[54.54962,51.00669],[54.57439,51.00515],[54.5909,51.01093],[54.56116,51.01485],[54.5837,51.02257],[54.58891,51.02898],[54.59371,51.02993],[54.60295,51.02815],[54.60661,51.02408],[54.60524,51.02038],[54.60913,51.01903],[54.62061,51.02221],[54.64277,51.01952],[54.6535,51.02203],[54.65149,51.02542],[54.65458,51.02653],[54.65951,51.02387],[54.67109,51.02564],[54.68082,51.01816],[54.69008,51.01566],[54.7003,51.017],[54.69706,51.02296],[54.70649,51.02612],[54.70296,51.0301],[54.6869,51.0355],[54.69106,51.03793],[54.69833,51.03425],[54.7063,51.03903],[54.71885,51.02838],[54.72424,51.03073],[54.72598,51.04054],[54.73981,51.03869],[54.73243,51.0279],[54.73789,51.0227],[54.74878,51.02152],[54.74118,51.01644],[54.78801,50.98797],[54.83927,50.97864],[54.89809,50.95901],[54.88836,50.94201],[54.9039,50.93839],[54.89443,50.92158],[54.9003,50.91958],[54.95817,50.90764],[55.00928,50.9044],[55.01715,50.90901],[55.0257,50.90926],[55.02955,50.91282],[55.02693,50.91541],[55.03629,50.917],[55.05121,50.92808],[55.05609,50.92756],[55.05311,50.92076],[55.05718,50.9205],[55.05938,50.92613],[55.0636,50.92689],[55.06781,50.92213],[55.07187,50.9241],[55.08425,50.92144],[55.08475,50.91788],[55.09286,50.91679],[55.09796,50.9117],[55.09419,50.91005],[55.10256,50.91052],[55.10605,50.90741],[55.10055,50.90427],[55.10851,50.90259],[55.10975,50.89965],[55.13156,50.8967],[55.13198,50.89382],[55.12782,50.89437],[55.12703,50.88978],[55.12187,50.88838],[55.12841,50.87854],[55.05646,50.81951],[55.14697,50.79681],[55.38368,50.65365],[55.3965,50.66811],[55.40255,50.68134],[55.50269,50.67041],[55.53165,50.64864],[55.53443,50.61406],[55.56278,50.60379],[55.5829,50.6051],[55.60879,50.59952],[55.62052,50.58215],[55.66121,50.56038],[55.71064,50.55532],[55.70825,50.54974],[55.73641,50.54989],[55.73699,50.56572],[55.74578,50.58034],[55.7782,50.58825],[55.79614,50.6072],[55.81422,50.61096],[55.82811,50.6219],[55.86766,50.6265],[55.90111,50.62046],[55.91564,50.64166],[56.04255,50.68807],[56.13759,50.75368],[56.12451,50.7893],[56.13292,50.82869],[56.15755,50.88034],[56.17528,50.90346],[56.18127,50.93786],[56.24831,50.91372],[56.29876,50.90197],[56.36122,50.90131],[56.39227,50.94546],[56.37176,50.94841],[56.37704,50.965],[56.46048,50.96495],[56.44845,51.05684],[56.507,51.08292],[56.51974,51.07125],[56.52735,51.07226],[56.52471,51.06327],[56.53057,51.06186],[56.53753,51.04518],[56.54592,51.04442],[56.54551,51.04225],[56.55806,51.0367],[56.5741,51.03463],[56.59146,51.01572],[56.60087,51.01241],[56.60113,51.00884],[56.60972,51.00457],[56.60558,51.00266],[56.60838,50.99984],[56.61368,51.001],[56.6208,50.99266],[56.61603,50.9891],[56.61856,50.98634],[56.65905,50.98549],[56.67776,50.98811],[56.70063,50.98257],[56.70155,50.97288],[56.71926,50.97122],[56.72872,50.97882],[56.7519,50.98083],[56.70835,51.05581],[56.69983,51.07456],[56.70373,51.07761],[56.73646,51.07802],[56.78469,51.09466],[56.85877,51.07323],[56.88382,51.05999],[56.94308,51.08743],[56.98295,51.06671],[56.98605,51.06203],[57.05816,51.06985],[57.1439,51.08714],[57.14632,51.08805],[57.14351,51.09891],[57.18481,51.11512],[57.18751,51.10196],[57.2051,51.07328],[57.23271,51.04734],[57.2189,51.04051],[57.22546,51.03512],[57.24626,51.0263],[57.28373,51.03279],[57.2896,51.03754],[57.29244,51.03131],[57.28433,51.03259],[57.28517,51.02814],[57.29029,51.02522],[57.28503,51.01798],[57.29249,51.01254],[57.29498,51.0059],[57.28769,51.00369],[57.30077,50.99439],[57.30783,50.99738],[57.31448,50.98867],[57.31443,50.97954],[57.30956,50.97903],[57.32099,50.97159],[57.31993,50.96803],[57.32418,50.96426],[57.32823,50.9508],[57.32347,50.94435],[57.32536,50.94162],[57.35689,50.92944],[57.36564,50.92272],[57.37925,50.91935],[57.38828,50.90979],[57.40576,50.90582],[57.41486,50.89659],[57.4564,50.88449],[57.46897,50.88389],[57.47279,50.87824],[57.48646,50.88001],[57.50768,50.87627],[57.51317,50.87976],[57.51278,50.88605],[57.52496,50.90041],[57.51895,50.90539],[57.52427,50.90848],[57.52679,50.91613],[57.56142,50.93619],[57.68371,50.92785],[57.6863,50.92732],[57.68693,50.917],[57.71044,50.92591],[57.73398,50.92771],[57.7417,50.92126],[57.75886,50.91929],[57.75092,50.94241],[57.75538,50.96918],[57.75349,51.05677],[57.77236,51.13819],[57.81235,51.13841],[57.82076,51.13015],[57.82888,51.11348],[57.84672,51.11254],[57.85115,51.10639],[57.86779,51.09914],[57.88211,51.10212],[57.8883,51.11083],[57.91945,51.11797],[57.93024,51.0995],[57.94704,51.08638],[57.96826,51.09122],[58.01419,51.09357],[58.02041,51.09539],[58.03362,51.10825],[58.05477,51.1112],[58.07187,51.12252],[58.08884,51.12074],[58.09032,51.10322],[58.08071,51.08646],[58.09516,51.07287],[58.10303,51.07004],[58.12693,51.07064],[58.16802,51.06244],[58.17627,51.06523],[58.17697,51.06905],[58.1704,51.07836],[58.17348,51.0858],[58.20697,51.08842],[58.21571,51.09696],[58.21893,51.10964],[58.20839,51.11759],[58.20274,51.12799],[58.23331,51.13385],[58.24568,51.14529],[58.26535,51.14315],[58.26985,51.15397],[58.27687,51.14541],[58.28087,51.1468],[58.28489,51.15739],[58.28978,51.15909],[58.29372,51.15173],[58.30137,51.15255],[58.30537,51.15786],[58.31118,51.15173],[58.31684,51.15273],[58.31429,51.15929],[58.32266,51.1637],[58.32796,51.16202],[58.32975,51.15574],[58.34234,51.14701],[58.33563,51.13647],[58.34185,51.12778],[58.35819,51.12281],[58.35986,51.11013],[58.37368,51.10805],[58.37746,51.07939],[58.38407,51.07473],[58.45853,51.0795],[58.48964,51.08468],[58.52038,51.08472],[58.5883,51.05027],[58.59458,51.04224],[58.61432,51.04726],[58.61803,51.03089],[58.61292,51.02668],[58.64279,50.98734],[58.59407,50.9714],[58.60454,50.94692],[58.57807,50.93955],[58.59377,50.86942],[58.63311,50.87991],[58.68819,50.88532],[58.69664,50.84823],[58.68724,50.84876],[58.66462,50.8421],[58.65766,50.80885],[58.7744,50.81547],[58.81281,50.77158],[58.82847,50.7683],[58.83324,50.76265],[58.84544,50.75681],[58.85081,50.739],[58.84617,50.73435],[58.85408,50.72394],[58.85146,50.72201],[58.86244,50.7184],[58.86159,50.71615],[58.87312,50.70781],[58.87989,50.70707],[58.87442,50.69991],[59.02996,50.68738],[59.04282,50.68896],[59.0871,50.67627],[59.11367,50.68301],[59.16183,50.66804],[59.19288,50.67266],[59.20631,50.66739],[59.23413,50.66405],[59.28047,50.63405],[59.2986,50.65286],[59.42,50.63672],[59.45184,50.6457],[59.47934,50.64129],[59.49955,50.61169],[59.53662,50.60831],[59.55866,50.58755],[59.5677,50.58598],[59.56927,50.58134],[59.56605,50.57676],[59.56876,50.57346],[59.46404,50.58406],[59.4629,50.57276],[59.46756,50.56878],[59.45724,50.54366],[59.51659,50.52741],[59.51022,50.49483],[59.61507,50.53068],[59.7763,50.54094],[59.81298,50.53555],[59.8623,50.59925],[59.90545,50.63344],[59.95831,50.65983],[59.99681,50.67451],[59.97385,50.77076],[60.01541,50.82229],[60.06684,50.82266],[60.13758,50.83203],[60.14647,50.84002],[60.15628,50.84017],[60.15636,50.83464],[60.16316,50.8355],[60.16274,50.84062],[60.18783,50.8383],[60.21635,50.81272],[60.18236,50.77873],[60.3255,50.67022],[60.55664,50.66125],[60.74024,50.66514],[60.80884,50.65634],[61.44919,50.80636],[61.4868,50.96201],[61.50523,51.01287],[61.56793,51.23786],[61.68942,51.25593],[61.5489,51.32345],[61.53973,51.33518],[61.52377,51.37409],[61.50376,51.40711],[61.47463,51.41081],[61.46803,51.40736],[61.44711,51.4097],[61.43282,51.41703],[61.43082,51.42096],[61.42279,51.42302],[61.40498,51.41664],[61.39009,51.42022],[61.38965,51.42749],[61.36304,51.42953],[61.35987,51.43436],[61.34833,51.43996],[61.34125,51.43874],[61.31978,51.44363],[61.30051,51.43848],[61.27725,51.43745],[61.26161,51.44369],[61.25276,51.4407],[61.24842,51.44623],[61.23342,51.45152],[61.21653,51.44949],[61.20101,51.46114],[61.17931,51.45433],[61.15364,51.45634],[61.14959,51.45109],[61.1442,51.45614],[61.14129,51.45236],[61.12653,51.45546],[61.11039,51.45213],[61.11119,51.44965],[61.10732,51.4478],[61.09819,51.46249],[61.08834,51.46798],[61.07012,51.46375],[61.06189,51.46642],[61.03694,51.46358],[61.02902,51.46656],[61.02202,51.46533],[61.02311,51.46285],[61.02033,51.46162],[61.01317,51.46707],[60.99972,51.46912],[60.99473,51.47398],[60.99344,51.48603],[60.98826,51.48875],[60.9755,51.49151],[60.96793,51.48715],[60.96364,51.49232],[60.95203,51.49069],[60.95464,51.49453],[60.94556,51.50867],[60.94653,51.51563],[60.94304,51.52239],[60.93347,51.5252],[60.92194,51.54041],[60.91689,51.54186],[60.91547,51.5493],[60.91043,51.553],[60.90944,51.56796],[60.92109,51.58275],[60.92027,51.58754],[60.93374,51.60101],[60.93515,51.60469],[60.93015,51.60622],[60.93476,51.61556],[60.53906,51.618],[60.52678,51.638],[60.41444,51.64759],[60.41098,51.65335],[60.39818,51.65837],[60.39301,51.66698],[60.38588,51.67175],[60.35868,51.67965],[60.35333,51.6892],[60.38577,51.70056],[60.39027,51.70568],[60.41723,51.7121],[60.41753,51.71476],[60.43022,51.71838],[60.43179,51.72248],[60.45348,51.73461],[60.45172,51.7388],[60.45674,51.74877],[60.46591,51.75922],[60.47698,51.76313],[60.4762,51.7655],[60.49785,51.77202],[60.51735,51.77328],[60.51774,51.79799],[60.43671,51.79837],[60.41901,51.80115],[60.31654,51.83279],[60.14491,51.90675],[60.14426,51.90115],[60.14845,51.89452],[60.16178,51.89244],[60.1555,51.87363],[60.15956,51.87237],[60.15699,51.85823],[60.14354,51.85918],[60.14399,51.87057],[60.05871,51.87],[60.07379,51.88833],[60.03289,51.91398],[60.02921,51.93622],[60.01023,51.94033],[59.99393,51.9646],[60.00312,51.97107],[60.00186,51.99327],[60.19846,51.99091],[60.22382,51.99978],[60.33561,52.05296],[60.41168,52.10175],[60.51024,52.15668],[60.71699,52.15601],[60.72491,52.16317],[60.72416,52.16921],[60.74355,52.18008],[60.77231,52.20811],[60.78026,52.22867],[60.82194,52.22802],[60.83678,52.23052],[60.85021,52.23941],[60.86587,52.24293],[60.87659,52.24906],[60.89909,52.25198],[60.94421,52.26693],[60.9739,52.28384],[60.9861,52.29797],[60.98998,52.30801],[61.0054,52.31441],[61.01158,52.32701],[61.03145,52.32993],[61.06709,52.34726],[60.99154,52.42357],[60.98154,52.50775],[60.84136,52.52174],[60.84315,52.63879],[60.79972,52.62895],[60.77824,52.63024],[60.76305,52.6266],[60.74956,52.629],[60.74358,52.63179],[60.74419,52.6514],[60.71472,52.66249],[60.71209,52.76465],[60.73422,52.76083],[60.82211,52.77517],[60.83266,52.77247],[60.88492,52.82164],[60.87166,52.83272],[60.88716,52.83059],[60.92484,52.84616],[60.94293,52.84896],[60.96094,52.85889],[60.9643,52.86602],[60.97391,52.86782],[60.97802,52.8732],[60.9773,52.87789],[60.98545,52.88605],[61.02361,52.89709],[61.03839,52.90424],[61.03757,52.90755],[61.04525,52.91266],[61.04476,52.91635],[61.07332,52.92354],[61.07639,52.92769],[61.0304,52.95027],[61.00866,52.97794],[61.02808,52.97711],[61.03644,52.98057],[61.05278,52.98075],[61.08425,52.9736],[61.09204,52.96775],[61.112,52.96891],[61.12187,52.98764],[61.14417,52.99897],[61.16935,53.00239],[61.19224,53.01093],[61.20059,53.02011],[61.21348,53.02477],[61.23139,53.02512],[61.25065,53.03605],[61.30685,52.99585],[61.38958,52.99191],[61.46988,53.03608],[61.4999,53.02741],[61.52313,53.01532],[61.5327,53.01633],[61.55665,53.01173],[61.63255,52.95405],[61.65782,52.96723],[61.67315,52.96849],[61.70131,52.99786],[61.71371,52.9915],[61.7962,52.99796],[61.83537,52.99307],[61.84126,52.99501],[61.84841,53.00393],[61.96059,52.95002],[62.02981,52.95104],[62.13059,52.99017],[62.14731,53.06851],[62.11934,53.11158],[62.02727,53.14197],[61.91667,53.14208],[61.78426,53.18402],[61.75064,53.20634],[61.73188,53.23914],[61.70064,53.25009],[61.67393,53.26513],[61.66423,53.26457],[61.63915,53.24848],[61.6307,53.2231],[61.52713,53.21488],[61.45599,53.23918],[61.39802,53.27454],[61.31449,53.28631],[61.22468,53.28363],[61.17675,53.31142],[61.16977,53.35094],[61.15432,53.40508],[61.20336,53.42428],[61.20312,53.42878],[61.21563,53.43125],[61.22073,53.44409],[61.21942,53.45857],[61.22358,53.48516],[61.2453,53.49572],[61.25623,53.50607],[61.2919,53.51493],[61.29823,53.51154],[61.32192,53.5191],[61.3145,53.50701],[61.35857,53.49266],[61.36721,53.47967],[61.36687,53.46762],[61.42839,53.45573],[61.42563,53.46165],[61.45418,53.46817],[61.4648,53.46292],[61.47359,53.46486],[61.48711,53.47527],[61.51826,53.47323],[61.51687,53.4936],[61.53214,53.50509],[61.54964,53.50726],[61.55433,53.49745],[61.56622,53.49666],[61.56877,53.5042],[61.56051,53.50485],[61.55868,53.50792],[61.59236,53.52593],[61.58158,53.53996],[61.56521,53.5384],[61.55277,53.59245],[61.51023,53.58937],[61.50691,53.59543],[61.39162,53.60197],[61.35771,53.56141],[61.33907,53.55779],[61.31742,53.56187],[61.30837,53.55988],[61.29137,53.562],[61.26996,53.56715],[61.26364,53.56378],[61.22791,53.56726],[61.22771,53.56439],[61.21468,53.56353],[61.18765,53.57252],[61.16337,53.57457],[61.16299,53.57747],[61.12674,53.58984],[61.12182,53.61502],[60.9006,53.62786],[60.89693,53.66762],[60.99564,53.67309],[60.99838,53.65079],[61.04259,53.65303],[61.05748,53.72101],[61.11593,53.72136],[61.17143,53.77212],[61.19728,53.78027],[61.22672,53.7956],[61.23648,53.84181],[61.20974,53.83819],[61.20747,53.84715],[61.1792,53.85305],[61.13694,53.90437],[61.05798,53.89438],[61.03594,53.9084],[60.99588,53.90669],[60.99744,53.936],[61.0378,53.95857],[61.05551,53.95859],[61.06706,53.94508],[61.08015,53.94523],[61.0917,53.95817],[61.08606,53.97056],[61.09954,53.97035],[61.10023,53.9746],[61.12259,53.97441],[61.18041,53.97211],[61.1721,53.94317],[61.20651,53.91837],[61.27996,53.92861],[61.26469,53.96963],[61.27324,53.99089],[61.25137,54.02111],[61.24216,54.02867],[61.24525,54.03774],[61.26585,54.04157],[61.29481,54.07378],[61.30153,54.07073],[61.33331,54.07891],[61.34975,54.07336],[61.35238,54.07577],[61.36101,54.07498],[61.36721,54.08107],[61.37809,54.08459],[61.3998,54.08672],[61.41999,54.08277],[61.4808,54.08256],[61.48103,54.07506],[61.47328,54.07014],[61.48315,54.05093],[61.48061,54.02996],[61.54818,54.01319],[61.5423,54.00818],[61.57037,54.00774],[61.57161,53.96847],[61.6107,53.96851],[61.61718,53.98135],[61.61358,53.9898],[61.63046,54.00007],[61.63287,54.00826],[61.63802,54.01028],[61.64342,54.01893],[61.6602,54.02972],[61.66676,54.02604],[61.66514,54.01782],[61.66832,54.01697],[61.69956,54.01852],[61.72512,54.0299],[61.74168,54.01522],[61.74599,54.00056],[61.78209,53.98453],[61.81247,54.0156],[61.84731,54.03198],[61.8526,54.02508],[61.84769,54.02241],[61.84466,54.01379],[61.8489,54.00905],[61.85791,54.00873],[61.86188,54.01563],[61.87464,54.01635],[61.88919,54.01282],[61.89266,54.00838],[61.87428,53.98399],[61.87652,53.98107],[61.87434,53.97786],[61.86215,53.96968],[61.85722,53.96232],[61.92887,53.95356],[61.93224,53.94903],[62.04483,53.94852],[62.00635,54.02904],[62.00618,54.03785],[62.01386,54.03971],[62.04028,54.03463],[62.03906,54.03744],[62.0437,54.0395],[62.0517,54.03993],[62.0532,54.03741],[62.06948,54.04009],[62.07353,54.04429],[62.07234,54.0486],[62.07616,54.04943],[62.0903,54.04323],[62.10993,54.04546],[62.10955,54.0428],[62.12795,54.04131],[62.13001,54.03761],[62.1554,54.03316],[62.1654,54.03738],[62.16864,54.03541],[62.16599,54.03339],[62.17401,54.02873],[62.18911,54.03369],[62.19012,54.03053],[62.20582,54.03125],[62.21406,54.03904],[62.22796,54.03788],[62.22558,54.03576],[62.22825,54.03356],[62.25503,54.037],[62.26963,54.03336],[62.28032,54.03686],[62.28378,54.03432],[62.33206,54.0321],[62.34825,54.03429],[62.34559,54.03817],[62.35231,54.03994],[62.35195,54.03747],[62.35573,54.03693],[62.36746,54.03879],[62.36778,54.04123],[62.37259,54.04051],[62.38887,54.04757],[62.4167,54.04722],[62.49441,54.03296],[62.4602,54.01478],[62.39505,54.00331],[62.44673,53.92674],[62.46587,53.92714],[62.47522,53.93111],[62.51006,53.91287],[62.51978,53.91494],[62.5262,53.92369],[62.53975,53.93056],[62.55902,53.93713],[62.56261,53.94156],[62.56233,53.94857],[62.56715,53.95006],[62.57033,53.95628],[62.57845,53.95785],[62.57806,53.96322],[62.58473,53.96454],[62.57821,53.97015],[62.58387,53.97129],[62.58684,53.98673],[62.5948,53.98745],[62.59747,53.99565],[62.58128,54.01491],[62.57745,54.03783],[62.56905,54.04652],[62.5751,54.05905],[62.58593,54.05982],[62.59651,54.07217],[62.61474,54.07212],[62.63123,54.07688],[62.65873,54.08579],[62.66184,54.09223],[62.6824,54.09273],[62.69012,54.08766],[62.69999,54.08752],[62.71004,54.0949],[62.72539,54.09271],[62.72563,54.09048],[62.73337,54.09341],[62.74226,54.09124],[62.74994,54.09436],[62.76569,54.0925],[62.77155,54.09559],[62.77891,54.09473],[62.78974,54.0968],[62.80156,54.10361],[62.80782,54.10821],[62.80717,54.11182],[62.81437,54.11119],[62.82421,54.11527],[62.83576,54.11299],[62.85926,54.11756],[62.86159,54.11208],[62.87342,54.1138],[62.87667,54.11861],[62.89213,54.11724],[62.89326,54.11333],[62.90043,54.11401],[62.9023,54.11768],[62.92039,54.11886],[62.92038,54.11479],[62.92868,54.11311],[62.93715,54.11641],[62.94518,54.11253],[62.95247,54.11328],[62.96208,54.1075],[62.97551,54.11137],[62.98832,54.1054],[63.03106,54.10724],[63.05103,54.10061],[63.08188,54.10433],[63.10717,54.11682],[63.12121,54.11777],[63.13423,54.12352],[63.15191,54.1227],[63.15869,54.1298],[63.15584,54.13422],[63.15829,54.13701],[63.15644,54.14263],[63.1694,54.1526],[63.16076,54.15755],[63.15832,54.16249],[63.15065,54.16319],[63.15692,54.17618],[63.15155,54.1827],[63.15923,54.19037],[63.17151,54.19375],[63.18276,54.19165],[63.18633,54.18641],[63.20632,54.18602],[63.22308,54.18904],[63.22047,54.194],[63.22317,54.19639],[63.2609,54.19152],[63.27579,54.19626],[63.31383,54.19564],[63.33051,54.20194],[63.35579,54.18922],[63.36593,54.18735],[63.37829,54.1937],[63.38124,54.191],[63.3978,54.19312],[63.4075,54.1901],[63.41411,54.1958],[63.42046,54.19364],[63.44476,54.19818],[63.45628,54.19589],[63.48123,54.20421],[63.49274,54.21253],[63.49291,54.21575],[63.50111,54.21504],[63.51726,54.20615],[63.52836,54.21606],[63.53871,54.20951],[63.55387,54.21608],[63.58857,54.21998],[63.61169,54.22913],[63.62347,54.22845],[63.66109,54.24435],[63.70346,54.25029],[63.70461,54.25429],[63.7146,54.25225],[63.73184,54.2624],[63.74257,54.26355],[63.74436,54.26],[63.75354,54.2613],[63.75783,54.26675],[63.78425,54.26622],[63.79808,54.27072],[63.81531,54.26551],[63.86465,54.23327],[63.89775,54.21647],[63.91341,54.19819],[63.93055,54.20461],[63.92819,54.19987],[63.93354,54.19963],[63.94096,54.2052],[63.94987,54.2051],[63.95221,54.20168],[63.97579,54.20308],[64.00331,54.2117],[64.01777,54.22259],[64.02132,54.23143],[64.00638,54.25262],[63.97989,54.27446],[63.97464,54.28884],[63.9753,54.29166],[63.98612,54.29139],[63.98171,54.29588],[63.98253,54.29972],[64.02393,54.30549],[64.01749,54.30285],[64.02035,54.29886],[64.0117,54.29136],[64.03015,54.28306],[64.05446,54.28993],[64.06516,54.29668],[64.07139,54.30267],[64.06771,54.31139],[64.07774,54.31251],[64.07104,54.31672],[64.07511,54.3183],[64.09826,54.31421],[64.09954,54.31098],[64.14383,54.31061],[64.16458,54.3068],[64.18457,54.30883],[64.19282,54.31473],[64.2028,54.31398],[64.21149,54.31786],[64.20949,54.32179],[64.21905,54.32381],[64.23103,54.32351],[64.22923,54.31949],[64.23564,54.3174],[64.276,54.32929],[64.28334,54.32752],[64.28767,54.33234],[64.30165,54.33448],[64.32271,54.33006],[64.35792,54.33695],[64.42086,54.3266],[64.45719,54.33386],[64.45166,54.33734],[64.46326,54.34529],[64.46483,54.3514],[64.45967,54.35338],[64.46315,54.35984],[64.48015,54.36247],[64.48022,54.36653],[64.4981,54.36424],[64.50728,54.35716],[64.52297,54.35476],[64.54445,54.36517],[64.5577,54.36258],[64.56494,54.36561],[64.56336,54.36759],[64.57774,54.37139],[64.57606,54.37436],[64.58128,54.37566],[64.58573,54.37049],[64.59896,54.37583],[64.59408,54.37833],[64.59476,54.38198],[64.60462,54.39163],[64.61622,54.39617],[64.62895,54.39229],[64.63007,54.38224],[64.6355,54.37364],[64.65932,54.36043],[64.69846,54.36441],[64.73925,54.35408],[64.79824,54.36705],[64.84647,54.38444],[64.90575,54.40073],[64.93125,54.41278],[64.97477,54.42415],[64.98606,54.41379],[65.06954,54.36627],[65.09074,54.34467],[65.10594,54.33417],[65.12081,54.33007],[65.19027,54.34259],[65.22277,54.33411],[65.26283,54.36249],[65.2362,54.37746],[65.23453,54.39413],[65.22141,54.43698],[65.20079,54.45207],[65.20111,54.46565],[65.21799,54.47018],[65.2145,54.47801],[65.22297,54.48981],[65.2134,54.53159],[65.21611,54.54038],[65.23995,54.54935],[65.26561,54.54658],[65.30685,54.56828],[65.35828,54.57805],[65.37897,54.57394],[65.42613,54.58158],[65.46594,54.56683],[65.48068,54.56603],[65.50341,54.57052],[65.49533,54.5785],[65.49473,54.59717],[65.4573,54.62372],[65.46462,54.64261],[65.48909,54.65552],[65.53028,54.64945],[65.55283,54.63683],[65.59191,54.63679],[65.63229,54.64099],[65.75108,54.60743],[65.77923,54.61216],[65.78259,54.62478],[65.79854,54.62339],[65.81727,54.6392],[65.83126,54.65417],[65.83614,54.67589],[65.84585,54.69734],[65.9816,54.71675],[65.96395,54.63819],[65.99924,54.62484],[66.37903,54.70336],[66.65169,54.74372],[66.68222,54.74197],[66.70254,54.73684],[66.73583,54.74323],[66.78226,54.76817],[66.7988,54.77074],[66.99352,54.78975],[67.043,54.77804],[67.07034,54.79235],[67.07668,54.80417],[67.10123,54.81323],[67.12528,54.80742],[67.14697,54.80867],[67.21997,54.81373],[67.2815,54.8257],[67.29211,54.86184],[67.33401,54.8732],[67.35106,54.86476],[67.39374,54.85601],[67.46216,54.86373],[67.47545,54.85829],[67.51933,54.86222],[67.52985,54.85466],[67.56268,54.84428],[67.642,54.86511],[67.69084,54.86343],[67.69666,54.86972],[67.77298,54.88591],[67.7985,54.92476],[67.80065,54.93997],[67.81989,54.97157],[67.91003,54.98358],[68.03172,54.95028],[68.23435,54.96906],[68.23379,54.97751],[68.22637,54.97715],[68.1962,54.99009],[68.23749,55.01484],[68.23765,55.05475],[68.31217,55.06693],[68.31522,55.07642],[68.27204,55.08437],[68.25579,55.10093],[68.25495,55.11798],[68.2401,55.11243],[68.19854,55.1446],[68.19171,55.15171],[68.21936,55.1547],[68.20981,55.17765],[68.17697,55.1777],[68.177,55.19862],[68.23961,55.18708],[68.28236,55.20514],[68.30414,55.20349],[68.31777,55.18655],[68.33093,55.18101],[68.3534,55.18095],[68.35802,55.20638],[68.44735,55.19636],[68.51232,55.20209],[68.55851,55.2093],[68.55702,55.21578],[68.59645,55.21917],[68.60007,55.20086],[68.62006,55.1983],[68.63969,55.20489],[68.65895,55.23664],[68.63654,55.24215],[68.63476,55.26469],[68.67535,55.27751],[68.69775,55.28918],[68.70933,55.30654],[68.70268,55.31523],[68.70277,55.32519],[68.72389,55.32517],[68.72098,55.33953],[68.70731,55.34707],[68.74756,55.37835],[68.81586,55.36035],[68.8504,55.34304],[68.89841,55.33105],[68.92833,55.31815],[68.95715,55.32654],[68.98063,55.28555],[69.00174,55.28631],[69.00121,55.32882],[68.98605,55.33581],[68.98332,55.34287],[68.98379,55.36525],[68.91582,55.3656],[68.91988,55.40234],[68.92633,55.41228],[68.93239,55.44186],[68.98094,55.44198],[68.97999,55.42465],[69.02989,55.42844],[69.04811,55.42696],[69.15972,55.38938],[69.19925,55.33132],[69.29158,55.34458],[69.31712,55.35112],[69.33271,55.35752],[69.3308,55.36047],[69.3338,55.36385],[69.34231,55.36428],[69.34572,55.37544],[69.35408,55.38453],[69.36232,55.38686],[69.37209,55.3841],[69.379,55.38574],[69.3772,55.38191],[69.41685,55.38429],[69.41991,55.36936],[69.40533,55.35193],[69.41011,55.34996],[69.41984,55.35252],[69.42901,55.34833],[69.44925,55.352],[69.44435,55.34164],[69.53733,55.33668],[69.54125,55.33726],[69.55051,55.35033],[69.5546,55.35048],[69.65651,55.34882],[69.70921,55.35137],[69.74388,55.34525],[69.73883,55.33813],[69.77583,55.3366],[69.78457,55.32826],[69.86323,55.29918],[69.90908,55.24619],[69.95038,55.20987],[70.05764,55.20915],[70.08569,55.1844],[70.11159,55.17302],[70.17894,55.15936],[70.20526,55.14595],[70.22799,55.14752],[70.29195,55.19214],[70.40166,55.21684],[70.40924,55.25316],[70.46079,55.28545],[70.47547,55.28014],[70.4775,55.27282],[70.62035,55.2532],[70.69582,55.28939],[70.79098,55.28931],[70.80762,55.29241],[70.82201,55.27914],[70.7992,55.27141],[70.88062,55.18043],[70.92523,55.16683],[70.92221,55.12958],[71.02033,55.0858],[70.99363,55.07376],[70.98791,55.05231],[71.00435,55.05307],[71.00392,55.01187],[70.98859,54.99998],[70.99779,54.99104],[70.97825,54.98257],[70.98736,54.97577],[71.00808,54.97023],[71.00278,54.95259],[70.99297,54.92755],[70.9563,54.88858],[70.97647,54.87805],[70.97993,54.87501],[70.97547,54.86826],[70.99932,54.85414],[71.01975,54.85215],[71.02556,54.82646],[71.02185,54.82014],[71.01138,54.81365],[71.02625,54.7997],[71.03085,54.77863],[71.06631,54.74812],[71.07005,54.73412],[71.09595,54.71347],[71.09365,54.70144],[71.2104,54.70033],[71.21013,54.68662],[71.2398,54.68641],[71.23919,54.66851],[71.29348,54.66777],[71.29131,54.60587],[71.21497,54.60969],[71.19291,54.59948],[71.16774,54.5602],[71.17335,54.53129],[71.17092,54.46097],[71.20236,54.46133],[71.20003,54.40711],[71.23133,54.40672],[71.22964,54.35373],[71.19887,54.35435],[71.19823,54.33352],[71.20583,54.33315],[71.19929,54.31155],[71.10956,54.32158],[71.11262,54.33508],[70.99804,54.3361],[70.99619,54.27552],[71.0735,54.27486],[71.07145,54.20563],[71.05941,54.20557],[71.05474,54.19135],[71.11226,54.18796],[71.10345,54.16645],[71.13848,54.1622],[71.12261,54.12968],[71.17862,54.09475],[71.27365,54.14618],[71.29634,54.1849],[71.38675,54.1814],[71.3841,54.1676],[71.4908,54.15854],[71.48795,54.101],[71.60981,54.11675],[71.61595,54.10009],[71.67083,54.09913],[71.67166,54.11059],[71.72033,54.10651],[71.76372,54.1475],[71.74057,54.16878],[71.72677,54.18745],[71.75153,54.25403],[71.88617,54.23154],[71.92901,54.22932],[71.9349,54.22924],[71.94883,54.244],[72.07325,54.19963],[72.06447,54.18381],[72.11589,54.17401],[72.10149,54.14773],[72.18455,54.12058],[72.2184,54.18177],[72.13554,54.20896],[72.08481,54.219],[72.11749,54.27841],[72.13281,54.27538],[72.13635,54.30495],[72.09474,54.31375],[72.08936,54.32716],[72.07762,54.33291],[72.06467,54.33312],[72.04384,54.32728],[72.05124,54.33858],[72.03261,54.36659],[72.15127,54.35662],[72.18782,54.35485],[72.19236,54.35503],[72.19311,54.35778],[72.23954,54.33175],[72.27848,54.31708],[72.30032,54.29401],[72.29088,54.2496],[72.33709,54.24631],[72.29935,54.18676],[72.34377,54.17866],[72.41566,54.15153],[72.5072,54.13983],[72.51552,54.11212],[72.51304,54.10495],[72.48963,54.10777],[72.49172,54.11346],[72.44049,54.12018],[72.43315,54.10189],[72.37822,54.10869],[72.36972,54.08334],[72.40643,54.07827],[72.39677,54.05163],[72.43563,54.04646],[72.41837,54.00008],[72.36972,53.94425],[72.43067,53.91189],[72.48672,53.90089],[72.54449,53.97917],[72.66847,53.95579],[72.71486,53.95051],[72.71923,54.00008],[72.68026,54.04479],[72.57123,54.05163],[72.56676,54.0389],[72.5326,54.04363],[72.56053,54.11662],[72.61282,54.12181],[72.60869,54.13689],[72.72479,54.12272],[72.82537,54.12164],[72.83195,54.09803],[72.99402,54.09816],[72.97834,54.04935],[73.05903,54.04021],[73.0571,54.03173],[73.07246,54.03009],[73.06757,53.98547],[73.1944,53.96994],[73.24921,53.95685],[73.27843,53.95418],[73.2761,53.94256],[73.40468,53.94568],[73.40257,53.97866],[73.45857,53.96391],[73.50418,53.93921],[73.52277,53.94121],[73.53787,53.95214],[73.52102,53.96591],[73.51845,54.00397],[73.58223,54.01489],[73.58142,54.0128],[73.58663,54.01144],[73.60945,54.00841],[73.65706,54.04634],[73.62991,54.06985],[73.70361,54.06596],[73.6987,54.04808],[73.76719,54.05376],[73.69097,53.85618],[73.57248,53.86885],[73.45228,53.87616],[73.42884,53.8483],[73.4294,53.82246],[73.44918,53.80707],[73.40123,53.79343],[73.34314,53.78774],[73.35584,53.7661],[73.34199,53.71894],[73.32309,53.67583],[73.25295,53.6741],[73.25528,53.64085],[73.27748,53.63923],[73.25562,53.60421],[73.23872,53.56733],[73.34719,53.5431],[73.34523,53.53386],[73.39736,53.52156],[73.38642,53.48716],[73.36278,53.46774],[73.4385,53.43517],[73.57974,53.51921],[73.59408,53.55916],[73.64482,53.55283],[73.66654,53.61311],[73.7472,53.60703],[73.821,53.57843],[73.90161,53.65058],[74.07192,53.62944],[74.05143,53.56615],[74.14609,53.55521],[74.16163,53.60146],[74.24223,53.58845],[74.23439,53.56906],[74.28742,53.56031],[74.26787,53.52384],[74.30474,53.51772],[74.29176,53.49175],[74.38078,53.45956],[74.3821,53.45658],[74.39259,53.45932],[74.45005,53.53358],[74.48977,53.57559],[74.44743,53.58091],[74.4515,53.5899],[74.42055,53.59399],[74.45727,53.69113],[74.63497,53.66806],[74.66759,53.75595],[74.75685,53.74429],[74.78845,53.82811],[74.86371,53.81754],[74.88493,53.82383],[74.97599,53.82262],[74.98288,53.82172],[74.9807,53.81911],[74.9837,53.81717],[74.98888,53.81807],[74.98435,53.81239],[75.02486,53.80275],[75.02925,53.79553],[75.04684,53.79337],[75.05442,53.796],[75.21635,53.87538],[75.26178,53.90754],[75.32588,53.93988],[75.37631,53.95933],[75.41062,53.96003],[75.41079,53.972],[75.44093,53.97217],[75.44105,54.00705],[75.43515,54.00948],[75.37631,54.06972],[75.52877,54.11486],[75.59756,54.09876],[76.20376,54.25969],[76.22834,54.27606],[76.18685,54.30063],[76.23053,54.32348],[76.25763,54.35858],[76.34648,54.33499],[76.4746,54.31803],[76.54619,54.32743],[76.5777,54.33942],[76.59879,54.34362],[76.60759,54.33551],[76.6483,54.33567],[76.6764,54.34547],[76.68962,54.37346],[76.73063,54.40359],[76.73126,54.41773],[76.79759,54.41938],[76.86924,54.44716],[76.92938,54.45759],[76.93841,54.43834],[76.93602,54.42512],[76.94903,54.41719],[76.87653,54.4026],[76.87412,54.39763],[76.78117,54.37776],[76.78623,54.3593],[76.81962,54.36743],[76.86071,54.36109],[76.87855,54.3013],[76.8713,54.29764],[76.8666,54.28857],[76.8596,54.28409],[76.82917,54.27327],[76.8358,54.2635],[76.82708,54.22449],[76.81031,54.21682],[76.79041,54.19987],[76.74965,54.18284],[76.75702,54.16133],[76.69489,54.14651],[76.67127,54.13248],[76.64447,54.12424],[76.6165,54.15405],[76.61624,54.16183],[76.58298,54.14914],[76.43985,54.1664],[76.43496,54.12329],[76.49837,54.07182],[76.50411,54.0318],[76.52255,54.0195],[76.53812,53.99948],[76.55203,53.99213],[76.87285,53.82727],[77.27245,53.62983],[77.90735,53.29066],[78.04862,53.13762],[78.2583,52.93246],[78.37298,52.81345],[78.54622,52.62353],[78.71751,52.42797],[79.18878,51.92163],[79.27004,51.80945],[79.58709,51.39488],[80.07583,50.73829],[80.07845,50.73835],[80.07768,50.74369],[80.06255,50.81681],[80.06253,50.8357],[80.06838,50.85276],[80.08309,50.85296],[80.08312,50.8277],[80.18558,50.82722],[80.18653,50.8534],[80.19174,50.8534],[80.19223,50.9001],[80.24495,50.89916],[80.24654,50.91877],[80.32595,50.9181],[80.32659,50.9275],[80.37593,50.92711],[80.42026,50.96149],[80.44003,50.96031],[80.47987,50.9669],[80.48246,50.98823],[80.48092,51.10957],[80.45532,51.10962],[80.45506,51.11923],[80.43846,51.11911],[80.43718,51.17716],[80.44603,51.207],[80.49279,51.20441],[80.63445,51.20679],[80.63468,51.26284],[80.67816,51.31656],[80.75505,51.29716],[80.85629,51.27718],[80.91036,51.25767],[80.94067,51.25875],[80.92008,51.21873],[81.04573,51.18956],[81.04705,51.18135],[81.10274,51.18023],[81.11537,51.21096],[81.14593,51.21231],[81.16578,51.18543],[81.17636,51.18273],[81.17714,51.16184],[81.16491,51.15399],[81.17357,51.14249],[81.14817,51.08757],[81.13783,51.0774],[81.11435,51.06416],[81.10563,51.06594],[81.10161,51.06045],[81.09095,51.01556],[81.06771,50.97003],[81.06039,50.94784],[81.15757,50.95078],[81.17917,50.95754],[81.19135,50.95104],[81.2409,50.96638],[81.27215,50.96535],[81.28895,50.97368],[81.31158,50.97552],[81.41253,50.97569],[81.41391,50.92979],[81.43531,50.92977],[81.43551,50.91083],[81.44242,50.91075],[81.44261,50.89167],[81.42087,50.88124],[81.42073,50.8719],[81.43558,50.87183],[81.43472,50.86238],[81.4711,50.86231],[81.47149,50.8434],[81.48591,50.82407],[81.46132,50.80274],[81.44944,50.75597],[81.50253,50.75339],[81.50658,50.75762],[81.52455,50.75821],[81.52409,50.75241],[81.58321,50.7423],[81.72824,50.7601],[81.75599,50.78159],[81.77613,50.82081],[81.78938,50.81607],[81.79085,50.78911],[81.79729,50.77312],[81.88475,50.80424],[81.90619,50.79507],[81.98272,50.78577],[81.99834,50.7887],[82.01359,50.78632],[82.02675,50.77896],[82.03548,50.76858],[82.06337,50.76619],[82.06084,50.75762],[82.07745,50.75101],[82.14783,50.74747],[82.15439,50.74482],[82.15979,50.74805],[82.17295,50.74657],[82.1749,50.74378],[82.17201,50.7424],[82.17489,50.74014],[82.17143,50.73874],[82.17602,50.73082],[82.18535,50.73683],[82.19987,50.73512],[82.21142,50.73738],[82.21724,50.74184],[82.22462,50.73715],[82.23036,50.74267],[82.24905,50.74936],[82.25725,50.76163],[82.27016,50.77021],[82.29489,50.76665],[82.30651,50.75447],[82.3181,50.75172],[82.32187,50.76097],[82.35072,50.7756],[82.3557,50.78431],[82.36463,50.77944],[82.37814,50.78048],[82.38027,50.7767],[82.40816,50.76379],[82.47317,50.75635],[82.48104,50.75147],[82.48538,50.74239],[82.53403,50.75072],[82.56571,50.74652],[82.60624,50.77739],[82.63014,50.77844],[82.63508,50.78821],[82.64638,50.79496],[82.66528,50.79305],[82.68018,50.80109],[82.67536,50.80923],[82.69735,50.81015],[82.70282,50.813],[82.71062,50.82406],[82.707,50.83235],[82.73984,50.85061],[82.73143,50.85677],[82.71681,50.89468],[82.71838,50.90009],[82.73088,50.90704],[82.73575,50.9143],[82.72807,50.92321],[82.732,50.92688],[82.77279,50.9255],[82.77465,50.92258],[82.77921,50.92354],[82.78034,50.92021],[82.78733,50.92132],[82.79417,50.91814],[82.83832,50.91858],[82.84761,50.90991],[82.87877,50.89772],[82.88529,50.89809],[82.88616,50.90511],[82.88983,50.90676],[82.8978,50.90502],[82.90759,50.90888],[82.92536,50.89922],[82.96796,50.89166],[82.97958,50.88454],[82.98941,50.89557],[82.99196,50.90752],[82.9994,50.91059],[83.00518,50.92498],[83.06726,50.93767],[83.09082,50.95131],[83.0935,50.95727],[83.09902,50.95916],[83.09893,50.96306],[83.11134,50.96481],[83.11427,50.97824],[83.12083,50.98584],[83.12064,51.01141],[83.13315,51.01462],[83.14336,51.01076],[83.16566,51.01402],[83.17762,51.01024],[83.17858,51.00386],[83.19693,50.99238],[83.22812,51.00183],[83.26585,51.0054],[83.28537,51.01556],[83.29254,51.00873],[83.35054,51.01055],[83.358,51.00741],[83.35756,51.00229],[83.36775,50.99992],[83.38765,51.00407],[83.40665,51.01318],[83.43147,51.00957],[83.44397,51.01255],[83.44656,51.00963],[83.43779,51.00076],[83.43951,50.99606],[83.43648,50.98975],[83.43085,50.9861],[83.44746,50.97772],[83.47736,50.97621],[83.48754,50.97949],[83.5003,50.97708],[83.50381,50.97452],[83.50495,50.95797],[83.5021,50.95307],[83.50751,50.94966],[83.51226,50.94873],[83.53777,50.96207],[83.57242,50.95466],[83.58527,50.94661],[83.59152,50.94782],[83.60055,50.95932],[83.62572,50.94953],[83.6296,50.94364],[83.63527,50.94431],[83.63855,50.95008],[83.64826,50.9543],[83.65617,50.94005],[83.67829,50.9278],[83.68172,50.92233],[83.67896,50.91506],[83.68848,50.91098],[83.70076,50.89852],[83.71263,50.89156],[83.74442,50.89414],[83.7526,50.89043],[83.777,50.8899],[83.79742,50.88716],[83.80611,50.8823],[83.82457,50.88274],[83.83385,50.87959],[83.83574,50.86971],[83.84672,50.86127],[83.84873,50.85544],[83.86145,50.85627],[83.87637,50.84804],[83.87652,50.83792],[83.89722,50.83165],[83.91154,50.81598],[83.9638,50.8013],[83.96774,50.7901],[83.97705,50.78089],[83.96295,50.76798],[83.95294,50.76534],[83.94965,50.76038],[83.95193,50.75573],[83.94914,50.74886],[83.96302,50.73807],[83.96733,50.72624],[83.98525,50.71519],[83.98661,50.70958],[84.02138,50.69866],[84.03006,50.6867],[84.0391,50.68038],[84.0377,50.67801],[84.04982,50.67195],[84.05126,50.66669],[84.07067,50.659],[84.0737,50.64473],[84.08062,50.64011],[84.08015,50.6348],[84.0932,50.63106],[84.10201,50.62377],[84.10905,50.6233],[84.11287,50.61116],[84.14373,50.60543],[84.15654,50.58699],[84.15183,50.58043],[84.15209,50.57185],[84.16581,50.57016],[84.17184,50.56337],[84.16815,50.55316],[84.17111,50.55021],[84.18375,50.54916],[84.19718,50.54273],[84.21023,50.54425],[84.23057,50.54059],[84.23283,50.53411],[84.24014,50.52914],[84.24204,50.51806],[84.24786,50.51556],[84.23476,50.50475],[84.23763,50.50077],[84.23385,50.49524],[84.23636,50.49035],[84.23213,50.48214],[84.20978,50.47285],[84.2021,50.46612],[84.20646,50.45123],[84.24347,50.40597],[84.24602,50.393],[84.24015,50.38884],[84.24213,50.37854],[84.26159,50.3643],[84.26278,50.35839],[84.26626,50.35727],[84.27098,50.33771],[84.26173,50.32703],[84.27065,50.31938],[84.26326,50.31391],[84.25983,50.30132],[84.25053,50.2964],[84.25095,50.29165],[84.25572,50.28953],[84.25491,50.28622],[84.26598,50.2731],[84.27869,50.26679],[84.2794,50.26221],[84.29992,50.24863],[84.32062,50.24501],[84.3196,50.24136],[84.32632,50.23191],[84.32562,50.22831],[84.35774,50.21373],[84.36157,50.20626],[84.36995,50.20945],[84.37236,50.21493],[84.38446,50.21695],[84.40882,50.20904],[84.42273,50.22691],[84.43246,50.23045],[84.4344,50.23756],[84.45172,50.24849],[84.50622,50.23033],[84.51585,50.21477],[84.53016,50.2058],[84.54294,50.20717],[84.56678,50.1971],[84.57766,50.20739],[84.60207,50.2122],[84.61641,50.21149],[84.62318,50.2148],[84.64092,50.20455],[84.65884,50.20229],[84.6602,50.1953],[84.68996,50.18951],[84.69744,50.17955],[84.72527,50.16521],[84.73311,50.15364],[84.75332,50.13876],[84.77355,50.13898],[84.79872,50.14751],[84.82255,50.14415],[84.82207,50.14075],[84.81478,50.13803],[84.81321,50.12089],[84.83321,50.11369],[84.84121,50.09923],[84.85309,50.09193],[84.87295,50.09602],[84.87628,50.10211],[84.88951,50.10579],[84.8994,50.09763],[84.91346,50.09259],[84.92787,50.0915],[84.94229,50.09786],[84.95112,50.09542],[84.95991,50.0855],[84.96222,50.07723],[84.97465,50.06687],[85.00618,50.05905],[85.02209,50.0604],[85.03606,50.05226],[85.03736,50.04789],[85.03361,50.04331],[85.03607,50.03951],[85.03233,50.03367],[85.03683,50.026],[85.03665,50.01731],[85.05147,50.00967],[85.037,50.00824],[85.03222,49.99943],[85.00816,49.99488],[84.97989,49.98171],[84.97845,49.97622],[84.99622,49.96966],[84.97798,49.95495],[84.98324,49.94909],[84.97744,49.94211],[84.98362,49.93475],[84.98647,49.92478],[84.98702,49.9185],[84.98237,49.91141],[84.98606,49.90667],[84.99585,49.90563],[85.00288,49.89872],[85.01982,49.89512],[85.02492,49.89027],[85.05855,49.88534],[85.06572,49.8774],[85.07959,49.87097],[85.08278,49.86061],[85.09935,49.85303],[85.09829,49.84654],[85.10456,49.84347],[85.10567,49.83531],[85.10025,49.82748],[85.10172,49.82429],[85.11394,49.81774],[85.12143,49.8178],[85.12836,49.81318],[85.13548,49.80061],[85.14431,49.7965],[85.13982,49.78487],[85.14747,49.77587],[85.14785,49.76889],[85.15714,49.76677],[85.16587,49.76877],[85.1752,49.7546],[85.20339,49.74509],[85.20288,49.73992],[85.19832,49.73798],[85.21556,49.71867],[85.21274,49.71483],[85.20688,49.71476],[85.20535,49.70768],[85.20976,49.70211],[85.20775,49.69743],[85.21463,49.68883],[85.21417,49.67527],[85.208,49.67239],[85.21004,49.66118],[85.20393,49.65739],[85.20475,49.64833],[85.21641,49.63739],[85.21067,49.62735],[85.25511,49.62647],[85.26513,49.61958],[85.25611,49.60324],[85.26155,49.59917],[85.2587,49.58841],[85.32125,49.59084],[85.3891,49.63501],[85.49046,49.59777],[85.5239,49.59605],[85.53209,49.59838],[85.55295,49.59427],[85.5737,49.60403],[85.58468,49.61378],[85.59624,49.61517],[85.62238,49.60029],[85.6223,49.58832],[85.62772,49.57756],[85.67821,49.55061],[85.69164,49.56294],[85.75665,49.57661],[85.76765,49.57177],[85.78677,49.57291],[85.79594,49.56426],[85.80406,49.564],[85.80427,49.55793],[85.81007,49.55127],[85.83331,49.54395],[85.88338,49.56481],[85.88954,49.56181],[85.91603,49.56517],[85.92807,49.56015],[85.94869,49.55737],[85.94622,49.54725],[85.93524,49.54203],[85.92929,49.53523],[85.93047,49.53101],[85.93658,49.52905],[85.93605,49.52395],[85.94525,49.50936],[85.95396,49.50775],[85.95284,49.50207],[85.96906,49.48656],[85.98725,49.48857],[86.02046,49.50068],[86.03103,49.50832],[86.02921,49.51209],[86.03802,49.52207],[86.11382,49.52465],[86.16024,49.50854],[86.1706,49.49821],[86.17471,49.47931],[86.20243,49.46551],[86.20839,49.46855],[86.22758,49.49173],[86.23319,49.51054],[86.24044,49.51919],[86.23801,49.5245],[86.2532,49.5334],[86.26848,49.55118],[86.26654,49.55645],[86.26963,49.56038],[86.267,49.56143],[86.26655,49.57011],[86.27266,49.58369],[86.30973,49.59958],[86.32351,49.59788],[86.33135,49.59343],[86.35939,49.5921],[86.37036,49.59351],[86.39101,49.60375],[86.41658,49.60813],[86.42843,49.62855],[86.44778,49.63879],[86.45507,49.63789],[86.49539,49.66326],[86.50722,49.67674],[86.50908,49.6899],[86.51553,49.69163],[86.52595,49.7013],[86.58211,49.72438],[86.57854,49.73346],[86.58673,49.74014],[86.60274,49.74437],[86.61025,49.77101],[86.60447,49.77717],[86.60465,49.78226],[86.59702,49.7888],[86.59727,49.79595],[86.59203,49.80012],[86.59167,49.80608],[86.60818,49.80836],[86.6296,49.80486],[86.66012,49.8122],[86.66533,49.80838],[86.69794,49.80794],[86.71627,49.79349],[86.72704,49.79271],[86.73442,49.78735],[86.74704,49.78679],[86.7526,49.79122],[86.7838,49.79227],[86.77602,49.77749],[86.7762,49.77105],[86.7646,49.7576],[86.76537,49.75147],[86.75384,49.74236],[86.758,49.73708],[86.75785,49.73136],[86.76782,49.72221],[86.77125,49.7099],[86.7786,49.70285],[86.7781,49.69563],[86.76193,49.68773],[86.74824,49.69021],[86.73779,49.68803],[86.72772,49.67727],[86.72033,49.67749],[86.7095,49.68696],[86.6995,49.68457],[86.7007,49.68066],[86.68401,49.67506],[86.68467,49.67061],[86.68161,49.66861],[86.66629,49.66542],[86.663,49.65647],[86.65332,49.65243],[86.65762,49.64418],[86.63604,49.63245],[86.61418,49.62853],[86.60857,49.61661],[86.59702,49.60856],[86.60733,49.59447],[86.61706,49.5722],[86.62768,49.56642],[86.66674,49.55985],[86.67816,49.5617],[86.68347,49.56738],[86.69185,49.57005],[86.71233,49.57075],[86.71903,49.56812],[86.73413,49.57213],[86.75841,49.56708],[86.75944,49.56366],[86.77381,49.56267],[86.77531,49.55755],[86.78939,49.55264],[86.82934,49.54612],[86.82582,49.53723],[86.81601,49.53247],[86.81848,49.52776],[86.85142,49.51048],[86.85574,49.4991],[86.84629,49.4948],[86.84504,49.48871],[86.83383,49.48555],[86.83028,49.48159],[86.83365,49.47725],[86.83115,49.4695],[86.83863,49.46277],[86.83422,49.45267],[86.84698,49.4513],[86.84938,49.44657],[86.86494,49.43983],[86.8685,49.43483],[86.90698,49.42757],[86.91419,49.41689],[86.92941,49.42029],[86.94091,49.41611],[86.94751,49.40642],[86.938,49.40335],[86.93625,49.39806],[86.94509,49.39066],[86.94669,49.38184],[86.93716,49.36908],[86.92455,49.36942],[86.92573,49.34921],[86.94438,49.33817],[86.95423,49.33628],[86.9628,49.32543],[86.95848,49.31797],[86.97099,49.30634],[86.98277,49.30076],[86.99956,49.29755],[87.00628,49.29927],[87.01781,49.2706],[87.03049,49.25326],[87.04329,49.25043],[87.05897,49.25508],[87.09299,49.25192],[87.1027,49.25617],[87.11516,49.25319],[87.12753,49.25607],[87.13936,49.24581],[87.15318,49.24957],[87.16698,49.25026],[87.17635,49.24681],[87.1967,49.252],[87.20706,49.25157],[87.26784,49.23172],[87.28907,49.23475],[87.29375,49.2325],[87.30353,49.23557],[87.31541,49.23077],[87.29074,49.20132],[87.29345,49.18984],[87.30275,49.17855],[87.30312,49.17171],[87.29428,49.16455],[87.29044,49.15543],[87.29957,49.14903],[87.29439,49.13971],[87.29696,49.13736],[87.29569,49.13007],[87.28718,49.12128],[87.28659,49.11572],[87.2775,49.11806],[87.27391,49.11432],[87.26062,49.11513],[87.25381,49.11141],[87.2394,49.1129],[87.22835,49.11461],[87.22765,49.11946],[87.21437,49.12224],[87.2158,49.12927],[87.21333,49.13295],[87.19939,49.14305],[87.18314,49.13851],[87.16784,49.13894],[87.15218,49.14612],[87.15133,49.15053],[87.11461,49.15287],[87.10407,49.15075],[87.10002,49.14669],[87.1007,49.13993],[87.08816,49.13718],[87.08079,49.13034],[87.07032,49.13555],[87.0503,49.13004],[87.01324,49.14114],[86.99612,49.14267],[86.96742,49.1332],[86.94363,49.12991],[86.89631,49.13482],[86.87801,49.12794],[86.87568,49.12242],[86.85285,49.11059],[86.84351,49.10058],[86.84239,49.09371],[86.84592,49.07695],[86.8442,49.07219],[86.84755,49.06545],[86.83395,49.05068],[86.79225,49.03764],[86.79056,49.03322],[86.78106,49.02743],[86.76431,49.0242],[86.76426,49.02041],[86.7553,49.01756],[86.75445,49.0138],[86.74165,49.00597],[86.73496,48.99705],[86.72805,48.99505],[86.73034,48.99091],[86.72642,48.98781],[86.72957,48.98547],[86.72641,48.97919],[86.73126,48.97083],[86.72667,48.95114],[86.73055,48.95017],[86.73021,48.93997],[86.74254,48.91137],[86.75171,48.90318],[86.7511,48.89607],[86.77455,48.88989],[86.78369,48.8757],[86.81285,48.8587],[86.8186,48.8471],[86.81684,48.83065],[86.80368,48.82734],[86.80346,48.82392],[86.76149,48.80495],[86.75726,48.79061],[86.75057,48.78215],[86.75066,48.77815],[86.77357,48.74582],[86.77723,48.73497],[86.77234,48.72022],[86.74715,48.70357],[86.72781,48.6842],[86.69988,48.66837],[86.69746,48.65298],[86.68872,48.64707],[86.69131,48.643],[86.67636,48.6338],[86.63481,48.62644],[86.63068,48.61816],[86.63406,48.61195],[86.62786,48.60384],[86.61109,48.5954],[86.60637,48.58518],[86.601,48.58458],[86.59389,48.57719],[86.59687,48.55588],[86.59215,48.55246],[86.59176,48.54506],[86.58737,48.54103],[86.4061,48.4783],[86.39526,48.48196],[86.38879,48.49076],[86.37824,48.49385],[86.37684,48.50037],[86.3733,48.50141],[86.36836,48.50097],[86.36866,48.49299],[86.35919,48.49065],[86.34739,48.49295],[86.33139,48.49021],[86.32853,48.49404],[86.32359,48.49253],[86.32222,48.48835],[86.30076,48.49049],[86.29678,48.47688],[86.28222,48.47177],[86.28135,48.4641],[86.27329,48.45933],[86.26818,48.45145],[86.25453,48.45373],[86.24865,48.45072],[86.23548,48.43352],[86.23083,48.43216],[86.05502,48.43878],[85.91357,48.43645],[85.88539,48.42906],[85.85452,48.43115],[85.83198,48.42656],[85.81751,48.41707],[85.78692,48.41733],[85.76365,48.40382],[85.75971,48.40442],[85.74187,48.38548],[85.74132,48.3812],[85.72958,48.37619],[85.72338,48.36532],[85.71713,48.36506],[85.71364,48.36073],[85.71516,48.35724],[85.71032,48.35384],[85.71121,48.34712],[85.70279,48.34432],[85.70297,48.33899],[85.69467,48.33469],[85.69608,48.33248],[85.69097,48.32881],[85.68993,48.32122],[85.69334,48.3183],[85.69,48.31413],[85.69346,48.31312],[85.68912,48.30856],[85.69423,48.30043],[85.68786,48.29897],[85.68867,48.29596],[85.67976,48.28237],[85.68232,48.28069],[85.68118,48.27612],[85.67363,48.27068],[85.67626,48.26432],[85.66547,48.25928],[85.66084,48.243],[85.65117,48.24412],[85.64967,48.23752],[85.63214,48.2329],[85.63359,48.22539],[85.62316,48.21049],[85.62338,48.20266],[85.60707,48.2044],[85.60144,48.19839],[85.59165,48.19624],[85.59127,48.19132],[85.58278,48.18948],[85.5873,48.18414],[85.57987,48.17419],[85.58356,48.1727],[85.58147,48.16775],[85.57645,48.16612],[85.57235,48.1575],[85.56206,48.15244],[85.55918,48.14857],[85.56324,48.14643],[85.55739,48.14495],[85.55305,48.13921],[85.56229,48.13244],[85.55839,48.13154],[85.55927,48.12782],[85.54906,48.1272],[85.55115,48.10794],[85.54621,48.10569],[85.5488,48.10216],[85.54321,48.09828],[85.54964,48.09555],[85.54482,48.08939],[85.54479,48.08222],[85.54795,48.07872],[85.53968,48.07686],[85.53472,48.07142],[85.54085,48.06478],[85.54169,48.05469],[85.53634,48.04577],[85.53036,48.04481],[85.52911,48.03588],[85.53268,48.03056],[85.52688,48.02697],[85.52748,48.024],[85.53797,48.02148],[85.54278,48.01018],[85.53724,47.99201],[85.54199,47.98386],[85.54702,47.98227],[85.61399,47.53918],[85.60808,47.52411],[85.60915,47.50511],[85.61367,47.49542],[85.62723,47.48472],[85.64981,47.4532],[85.66572,47.44952],[85.68033,47.43387],[85.68521,47.42293],[85.68517,47.39688],[85.70286,47.38004],[85.69912,47.36858],[85.69632,47.36562],[85.6893,47.36606],[85.68683,47.36197],[85.68886,47.35688],[85.68589,47.34714],[85.68646,47.33178],[85.67267,47.3179],[85.67459,47.31143],[85.68471,47.30874],[85.69872,47.28803],[85.69417,47.2781],[85.69523,47.27185],[85.68005,47.25083],[85.68863,47.24136],[85.68538,47.23677],[85.68573,47.22887],[85.68228,47.22286],[85.66171,47.21448],[85.65057,47.20585],[85.63982,47.18397],[85.63228,47.1811],[85.60824,47.15954],[85.57953,47.14201],[85.57569,47.13758],[85.57409,47.12583],[85.56459,47.12193],[85.54869,47.10799],[85.54152,47.09246],[85.54087,47.08351],[85.54381,47.08117],[85.53219,47.07235],[85.5375,47.05473],[85.53489,47.04917],[85.50748,47.0559],[85.47902,47.05303],[85.47371,47.05846],[85.45987,47.06368],[85.43182,47.05755],[85.42421,47.06059],[85.41362,47.05999],[85.40681,47.05196],[85.38294,47.04576],[85.3624,47.05306],[85.3427,47.05421],[85.33986,47.04854],[85.32434,47.04289],[85.30916,47.0496],[85.29894,47.06485],[85.28133,47.06254],[85.27701,47.06622],[85.27293,47.06607],[85.27473,47.05689],[85.26675,47.05238],[85.24116,47.05379],[85.235,47.04993],[85.21962,47.05295],[85.21144,47.04579],[85.21105,47.03778],[85.19379,47.01632],[85.19469,47.01333],[85.17493,47.00179],[85.17829,46.99508],[85.16872,46.98876],[85.16876,46.98561],[85.14625,46.98934],[85.12876,46.98119],[85.12542,46.97364],[85.11957,46.97049],[85.1118,46.97089],[85.09781,46.96541],[85.08976,46.95767],[85.07979,46.95797],[85.07848,46.95499],[85.08573,46.95012],[85.0776,46.93574],[85.07893,46.9321],[85.06618,46.92571],[85.04795,46.92813],[85.03323,46.92175],[85.00517,46.92628],[85.00153,46.92128],[84.98892,46.91878],[84.97964,46.91067],[84.97798,46.89083],[84.97361,46.88727],[84.97779,46.88321],[84.97612,46.87751],[84.9796,46.87277],[84.96497,46.87256],[84.96051,46.86566],[84.94292,46.86321],[84.93026,46.8756],[84.92267,46.87558],[84.91434,46.88096],[84.91383,46.89031],[84.90518,46.89868],[84.88798,46.90934],[84.87754,46.91167],[84.8653,46.92499],[84.85805,46.92812],[84.85855,46.93969],[84.86222,46.94228],[84.86031,46.94549],[84.8351,46.95862],[84.82399,46.96036],[84.81289,46.95686],[84.7827,46.9733],[84.77562,46.9913],[84.76347,46.99828],[84.75928,47.00488],[84.71367,47.00631],[84.70967,47.00926],[84.69419,47.00377],[84.67819,47.00372],[84.67104,46.99856],[84.66314,47.00135],[84.63143,46.9944],[84.62411,46.99858],[84.61607,46.99628],[84.58029,46.99983],[84.55613,46.99408],[84.54233,46.98378],[84.51582,46.98095],[84.51135,46.97504],[84.4914,46.9852],[84.48537,46.99239],[84.46041,46.99335],[84.4583,47.00856],[84.43647,47.00876],[84.41477,47.00395],[84.40099,47.00559],[84.39815,47.00126],[84.39226,47.00265],[84.37956,46.99597],[84.32903,47.00205],[84.32318,46.99781],[84.31396,46.99938],[84.30032,46.99516],[84.28609,47.00226],[84.28364,46.99754],[84.2773,47.00102],[84.25785,47.00267],[84.24667,46.99887],[84.2284,47.00062],[84.22622,46.9972],[84.2011,47.00226],[84.19631,46.99907],[84.17966,46.99738],[84.17704,46.99319],[84.16546,46.99384],[84.15981,46.98925],[84.15726,46.98111],[84.12448,46.9673],[84.11235,46.96686],[84.10664,46.97028],[84.07832,46.9691],[84.06029,46.97282],[84.05657,46.96886],[84.05024,46.96941],[84.01878,46.9839],[84.01,46.98288],[84.00744,46.98932],[83.98519,46.99553],[83.97129,46.98574],[83.9616,46.98279],[83.95264,46.99078],[83.94511,46.99076],[83.93979,46.98686],[83.92619,46.98475],[83.92078,46.97619],[83.91089,46.97357],[83.90332,46.97496],[83.90499,46.98003],[83.89214,46.98831],[83.88566,46.98526],[83.8718,46.98682],[83.87053,46.99518],[83.85894,46.99713],[83.83478,46.99504],[83.83677,47.0034],[83.82968,47.01065],[83.79924,47.01682],[83.79581,47.01409],[83.78462,47.02372],[83.77026,47.02645],[83.76235,47.02736],[83.75798,47.02398],[83.74775,47.0327],[83.73991,47.03301],[83.73271,47.02755],[83.71178,47.0232],[83.70756,47.01787],[83.6967,47.01691],[83.70157,47.0204],[83.70073,47.02933],[83.69555,47.03583],[83.68011,47.0352],[83.6542,47.04274],[83.62536,47.04594],[83.62063,47.04911],[83.60702,47.0461],[83.60365,47.05474],[83.59,47.05897],[83.57362,47.06032],[83.56513,47.0561],[83.56014,47.0609],[83.56602,47.07812],[83.52536,47.0851],[83.5268,47.09087],[83.51124,47.09994],[83.50546,47.11004],[83.50172,47.1071],[83.48165,47.10984],[83.48426,47.11338],[83.48111,47.11756],[83.46504,47.11896],[83.46299,47.12162],[83.46732,47.12772],[83.45769,47.13201],[83.45011,47.13169],[83.44065,47.12531],[83.42947,47.12282],[83.42863,47.11451],[83.41363,47.11591],[83.41377,47.12039],[83.40829,47.12737],[83.38854,47.14087],[83.38487,47.15192],[83.36494,47.16422],[83.3627,47.17738],[83.33667,47.17022],[83.3181,47.17125],[83.29262,47.18205],[83.27895,47.17541],[83.24245,47.17837],[83.23567,47.18303],[83.23693,47.18888],[83.22172,47.18817],[83.20915,47.19585],[83.20553,47.20465],[83.20841,47.21008],[83.20304,47.21471],[83.19294,47.21853],[83.17343,47.21995],[83.14893,47.23466],[83.12505,47.23243],[83.09259,47.22367],[83.08448,47.22874],[83.06581,47.22847],[83.05105,47.22571],[83.04099,47.21585],[83.03134,47.22349],[83.02879,47.21744]]],[[[53.2353,45.56786],[53.24282,45.56159],[53.24461,45.54529],[53.22062,45.52447],[53.21883,45.51167],[53.22671,45.50088],[53.22527,45.49435],[53.21095,45.49686],[53.20952,45.50289],[53.1934,45.50439],[53.14828,45.5197],[53.13037,45.54328],[53.13646,45.55632],[53.16583,45.5666],[53.20558,45.56635],[53.22778,45.56234],[53.2353,45.56786]]],[[[51.67651,46.9101],[51.67485,46.90506],[51.67138,46.90768],[51.67651,46.9101]]],[[[51.2339,45.03623],[51.24249,45.01236],[51.23093,45.00209],[51.21638,44.99831],[51.20955,44.99101],[51.20409,44.99285],[51.20904,45.00872],[51.20487,45.01604],[51.189,45.01031],[51.17421,45.01274],[51.16868,44.99832],[51.17099,44.98275],[51.16357,44.96602],[51.17151,44.95763],[51.16365,44.9469],[51.16557,44.93129],[51.16061,44.91081],[51.1372,44.88024],[51.1297,44.87803],[51.12356,44.86484],[51.11357,44.86218],[51.11133,44.85583],[51.10082,44.85612],[51.09459,44.8662],[51.10323,44.89257],[51.09843,44.90589],[51.07062,44.90806],[51.05316,44.92327],[51.04933,44.93753],[51.05815,44.94907],[51.05566,44.95695],[51.06659,44.96523],[51.07254,44.96319],[51.07752,44.97133],[51.08865,44.96156],[51.09459,44.98002],[51.10572,44.99033],[51.15003,45.02152],[51.16729,45.02925],[51.17846,45.03351],[51.21343,45.03643],[51.2118,45.03914],[51.21501,45.04189],[51.23026,45.04128],[51.2339,45.03623]]],[[[51.1309,44.86175],[51.14528,44.85714],[51.16115,44.83377],[51.15288,44.8304],[51.13348,44.83704],[51.11693,44.85281],[51.1172,44.8581],[51.1309,44.86175]]],[[[51.08585,44.88371],[51.08646,44.87233],[51.08311,44.86608],[51.07136,44.86554],[51.06695,44.86071],[51.05616,44.86217],[51.05592,44.86564],[51.04868,44.86431],[51.04508,44.8687],[51.05079,44.87791],[51.04743,44.88039],[51.03918,44.87842],[51.03582,44.88229],[51.04968,44.88412],[51.05918,44.87811],[51.05707,44.87522],[51.06158,44.8724],[51.06656,44.87594],[51.0715,44.8739],[51.07083,44.88144],[51.07472,44.88878],[51.08585,44.88371]]],[[[50.97895,44.85702],[50.99041,44.84726],[50.98844,44.84101],[50.96891,44.83499],[50.9612,44.83671],[50.96317,44.84882],[50.96741,44.85477],[50.97271,44.85831],[50.97895,44.85702]]],[[[50.91552,44.83344],[50.928,44.83322],[50.93403,44.82721],[50.93183,44.8204],[50.89531,44.82021],[50.883,44.82711],[50.87954,44.84024],[50.887,44.84661],[50.89646,44.84736],[50.90494,44.83798],[50.91552,44.83344]]],[[[50.71417,44.92938],[50.733,44.91878],[50.72997,44.90365],[50.72087,44.89549],[50.71668,44.89588],[50.70712,44.91628],[50.69947,44.92236],[50.68711,44.92582],[50.69744,44.93457],[50.71417,44.92938]]],[[[50.59704,44.82772],[50.61008,44.81613],[50.64021,44.82054],[50.64665,44.81636],[50.63994,44.80883],[50.62936,44.8077],[50.61728,44.7987],[50.59178,44.79231],[50.57913,44.77861],[50.57871,44.76814],[50.56886,44.7736],[50.56731,44.77755],[50.56738,44.78205],[50.58202,44.80338],[50.58075,44.82642],[50.57534,44.84329],[50.58084,44.84882],[50.59704,44.82772]]],[[[50.4636,44.92993],[50.46943,44.92375],[50.46315,44.91012],[50.45893,44.91035],[50.45099,44.92571],[50.45363,44.93089],[50.4636,44.92993]]],[[[50.3741,44.78639],[50.37561,44.77712],[50.37236,44.76646],[50.36189,44.7791],[50.36414,44.78545],[50.35759,44.81022],[50.35946,44.82463],[50.37148,44.83108],[50.37418,44.82429],[50.3689,44.8139],[50.37051,44.79423],[50.3741,44.78639]]],[[[50.31461,45.06234],[50.32759,45.06207],[50.35564,45.04879],[50.35822,45.04434],[50.35431,45.01365],[50.34524,44.99138],[50.3293,44.97093],[50.33073,44.94345],[50.31069,44.92041],[50.29504,44.9148],[50.28197,44.90243],[50.26813,44.89702],[50.2667,44.88438],[50.27882,44.87694],[50.27939,44.86964],[50.25658,44.87992],[50.25697,44.89425],[50.26641,44.92838],[50.2626,44.93683],[50.2668,44.94473],[50.27443,44.94784],[50.2709,44.96836],[50.26651,44.97647],[50.26393,44.97545],[50.25534,44.98355],[50.25105,44.98517],[50.24427,44.98011],[50.24103,44.98139],[50.23864,44.98713],[50.2458,44.99489],[50.25004,45.01543],[50.23537,45.01829],[50.23413,45.0218],[50.23699,45.02922],[50.26028,45.04554],[50.26934,45.04736],[50.28442,45.03913],[50.31461,45.06234]]],[[[50.07425,45.04904],[50.1021,45.03673],[50.1008,45.03509],[50.05992,45.03462],[50.03068,45.0087],[50.03196,44.98901],[50.02778,44.97663],[50.03005,44.96887],[50.03726,44.96374],[50.05171,44.91273],[50.06117,44.90655],[50.06281,44.90865],[50.07884,44.90675],[50.0687,44.89082],[50.06998,44.88022],[50.09714,44.8596],[50.14757,44.84103],[50.17123,44.84324],[50.19663,44.85373],[50.21438,44.84998],[50.2009,44.8356],[50.19737,44.81602],[50.19259,44.81615],[50.17766,44.82613],[50.12272,44.83485],[50.08682,44.84657],[50.06496,44.86017],[50.04492,44.8798],[50.02073,44.91749],[50.00946,44.94244],[50.00467,44.96681],[50.00413,44.97538],[50.01163,44.99861],[50.03334,45.03716],[50.07425,45.04904]]]]}},{"type":"Feature","properties":{"ISO_A3":"KGZ","WB_A3":"KGZ","WB_NAME":"Kyrgyz Republic","WB_REGION":"ECS"},"geometry":{"type":"MultiPolygon","coordinates":[[[[71.49953,39.61699],[71.49128,39.62465],[71.48512,39.62582],[71.47427,39.62237],[71.4805,39.61839],[71.484,39.60692],[71.42352,39.59809],[71.42171,39.59417],[71.42685,39.58403],[71.41381,39.57148],[71.39658,39.57265],[71.38705,39.56915],[71.38434,39.57383],[71.37881,39.57303],[71.37542,39.57678],[71.3626,39.57313],[71.33881,39.57283],[71.33991,39.56842],[71.33248,39.5518],[71.33471,39.54357],[71.32703,39.53589],[71.30852,39.52849],[71.2944,39.51352],[71.28564,39.51587],[71.28098,39.52416],[71.27342,39.52891],[71.26659,39.54181],[71.25542,39.53063],[71.24433,39.52713],[71.23093,39.51784],[71.20321,39.51806],[71.19167,39.50863],[71.1596,39.50907],[71.12876,39.51816],[71.0996,39.51864],[71.09794,39.50802],[71.10086,39.50189],[71.08256,39.49808],[71.08668,39.49096],[71.08425,39.48742],[71.08525,39.47834],[71.08027,39.46869],[71.08305,39.46459],[71.08349,39.44914],[71.0764,39.44392],[71.07261,39.42455],[71.0618,39.41725],[71.06155,39.4109],[71.05793,39.40897],[71.04355,39.4125],[71.03492,39.40991],[71.02833,39.4168],[71.01725,39.41069],[71.00755,39.41443],[70.99781,39.41026],[70.95498,39.43061],[70.95099,39.43619],[70.93924,39.43601],[70.94404,39.42853],[70.94303,39.42491],[70.93646,39.4155],[70.93771,39.41071],[70.92498,39.39461],[70.9108,39.39198],[70.90357,39.39634],[70.89095,39.41186],[70.87748,39.41635],[70.86923,39.41227],[70.86824,39.40677],[70.8591,39.40534],[70.85651,39.39531],[70.84158,39.39428],[70.82929,39.38848],[70.7987,39.39302],[70.79103,39.40154],[70.77401,39.40057],[70.76687,39.40364],[70.74889,39.42782],[70.74981,39.4349],[70.76488,39.44828],[70.76252,39.45919],[70.7652,39.46595],[70.75998,39.47609],[70.7613,39.48465],[70.74729,39.49006],[70.74413,39.49652],[70.70959,39.50717],[70.69823,39.51776],[70.69302,39.51841],[70.69281,39.52457],[70.68589,39.52774],[70.68316,39.54741],[70.67372,39.56107],[70.65656,39.57194],[70.65119,39.58429],[70.6279,39.58543],[70.62306,39.59124],[70.6029,39.58545],[70.58611,39.5897],[70.57364,39.5976],[70.56586,39.59446],[70.55888,39.60117],[70.55697,39.61066],[70.54781,39.6102],[70.53193,39.62317],[70.52362,39.62144],[70.51649,39.60624],[70.4967,39.60778],[70.47972,39.60065],[70.46807,39.59078],[70.46354,39.5825],[70.43977,39.60464],[70.43476,39.59773],[70.42903,39.59576],[70.43094,39.58847],[70.42193,39.5749],[70.40802,39.57493],[70.39686,39.58207],[70.38927,39.58236],[70.3772,39.59582],[70.37335,39.59623],[70.36072,39.58881],[70.35803,39.57493],[70.35478,39.57185],[70.34983,39.57147],[70.34076,39.56388],[70.32809,39.56117],[70.33022,39.55536],[70.32799,39.55049],[70.31571,39.54263],[70.31354,39.53534],[70.30745,39.53361],[70.30207,39.52736],[70.29868,39.52942],[70.26913,39.52771],[70.23596,39.53835],[70.24203,39.54611],[70.24304,39.55961],[70.22143,39.56604],[70.21705,39.57533],[70.21159,39.57899],[70.2077,39.57924],[70.19442,39.56565],[70.18575,39.56244],[70.17624,39.55388],[70.16944,39.55346],[70.15062,39.55941],[70.14433,39.57129],[70.13769,39.57179],[70.12886,39.58517],[70.11733,39.59026],[70.10415,39.58763],[70.09315,39.57868],[70.07766,39.57581],[70.06816,39.5638],[70.05765,39.56608],[70.05376,39.57151],[70.03876,39.57103],[70.03237,39.55186],[70.0001,39.53648],[69.99618,39.5366],[69.98769,39.54547],[69.99009,39.55767],[69.97981,39.55826],[69.97911,39.5667],[69.94488,39.56277],[69.92628,39.57094],[69.92263,39.57669],[69.90049,39.57345],[69.89362,39.56797],[69.899,39.55746],[69.88461,39.54618],[69.88558,39.53896],[69.86902,39.52904],[69.85555,39.53795],[69.85269,39.54496],[69.83866,39.54859],[69.82555,39.56161],[69.82023,39.55706],[69.81513,39.55802],[69.80844,39.5691],[69.80127,39.56763],[69.7928,39.57806],[69.77447,39.58011],[69.75622,39.58764],[69.7483,39.58681],[69.73636,39.59479],[69.71755,39.59262],[69.69835,39.59883],[69.6832,39.59177],[69.67853,39.58025],[69.66382,39.57854],[69.64286,39.58101],[69.64042,39.58739],[69.62712,39.59296],[69.61865,39.58889],[69.60197,39.59186],[69.59942,39.58891],[69.60205,39.58255],[69.5867,39.57659],[69.5766,39.55446],[69.55423,39.55751],[69.54669,39.54488],[69.53706,39.53801],[69.53199,39.54421],[69.52572,39.54432],[69.51221,39.53595],[69.49501,39.53986],[69.4857,39.52569],[69.47216,39.53952],[69.44609,39.52769],[69.41523,39.54604],[69.40975,39.54638],[69.40678,39.55092],[69.40939,39.55847],[69.40488,39.56192],[69.39949,39.55925],[69.38118,39.5335],[69.3799,39.52512],[69.37503,39.5213],[69.36313,39.51967],[69.3503,39.52934],[69.33779,39.5469],[69.34701,39.55459],[69.35527,39.56839],[69.35359,39.57595],[69.35953,39.59594],[69.33969,39.60052],[69.33836,39.60444],[69.34456,39.62252],[69.33374,39.62841],[69.32925,39.63547],[69.3313,39.64328],[69.32771,39.65694],[69.3234,39.65792],[69.319,39.66615],[69.31971,39.6822],[69.33644,39.69928],[69.32458,39.72151],[69.30994,39.73135],[69.2971,39.74698],[69.28823,39.75274],[69.29033,39.76347],[69.28639,39.77076],[69.29131,39.77893],[69.28257,39.779],[69.28335,39.78898],[69.2789,39.79027],[69.27833,39.80345],[69.26437,39.80672],[69.26799,39.82564],[69.2704,39.82739],[69.27552,39.82242],[69.28396,39.8268],[69.2857,39.8296],[69.28237,39.83631],[69.30276,39.84645],[69.29693,39.86546],[69.29952,39.87488],[69.31344,39.87127],[69.3261,39.87419],[69.31321,39.8897],[69.30652,39.90489],[69.29758,39.91169],[69.29453,39.91963],[69.31509,39.9381],[69.31651,39.95095],[69.33039,39.95102],[69.33526,39.95856],[69.34307,39.95649],[69.34231,39.9687],[69.35612,39.96856],[69.35785,39.98933],[69.35163,40.0068],[69.34008,40.01924],[69.34609,40.02226],[69.35748,40.01514],[69.36866,40.00254],[69.37164,39.9941],[69.38638,39.99231],[69.39292,40.00006],[69.39966,39.99958],[69.42606,39.98224],[69.43252,39.97533],[69.42962,39.96029],[69.43388,39.94939],[69.42902,39.93626],[69.43048,39.9238],[69.44525,39.9292],[69.44586,39.93717],[69.4514,39.93622],[69.45653,39.93422],[69.45793,39.91945],[69.46182,39.91377],[69.47458,39.92251],[69.47908,39.93186],[69.50394,39.94299],[69.51196,39.94363],[69.52405,39.94296],[69.53806,39.93131],[69.54238,39.9409],[69.53495,39.95585],[69.52897,39.95794],[69.5245,39.9695],[69.49735,39.98603],[69.4974,39.99152],[69.48786,40.00097],[69.49202,40.00832],[69.50836,40.02252],[69.50702,40.03962],[69.51433,40.05917],[69.5217,40.06863],[69.51013,40.07711],[69.5115,40.08163],[69.51953,40.0929],[69.53449,40.09691],[69.52888,40.12237],[69.56244,40.11726],[69.56601,40.10303],[69.58527,40.10189],[69.60906,40.11271],[69.65065,40.12268],[69.67551,40.12231],[69.68193,40.11603],[69.68192,40.10956],[69.68567,40.11136],[69.68843,40.1287],[69.73933,40.15583],[69.76402,40.15105],[69.79536,40.15602],[69.79366,40.17444],[69.78984,40.17369],[69.78864,40.18003],[69.90507,40.20659],[69.95027,40.2113],[69.97438,40.22291],[69.99655,40.22622],[70.00664,40.23323],[70.0175,40.23184],[70.05626,40.2119],[70.17266,40.14636],[70.18388,40.16039],[70.19039,40.16485],[70.19551,40.16221],[70.19905,40.15748],[70.20065,40.13193],[70.20449,40.12903],[70.22115,40.1292],[70.24014,40.12358],[70.2526,40.12586],[70.26407,40.12404],[70.28808,40.13026],[70.30276,40.11892],[70.317,40.11691],[70.35106,40.10237],[70.35438,40.08232],[70.4045,40.07702],[70.41981,40.06748],[70.41755,40.06075],[70.42193,40.0582],[70.44168,40.05288],[70.46447,40.05758],[70.47221,40.04908],[70.48516,40.05251],[70.51112,40.04974],[70.528,40.05414],[70.53358,40.04519],[70.52966,40.04041],[70.53353,40.0323],[70.55469,40.04416],[70.57822,40.02004],[70.58217,40.0029],[70.5762,39.99733],[70.5607,39.99625],[70.5596,39.99202],[70.54964,39.99048],[70.54867,39.98711],[70.55323,39.98513],[70.56212,39.98563],[70.55729,39.98199],[70.51493,39.96951],[70.51429,39.96557],[70.52849,39.9641],[70.53393,39.95596],[70.54048,39.9559],[70.54493,39.95065],[70.55161,39.95389],[70.56518,39.95426],[70.57946,39.96354],[70.58559,39.96238],[70.60129,39.97705],[70.6136,39.97883],[70.62166,39.98585],[70.61824,40.0063],[70.63746,40.0185],[70.63868,40.02459],[70.63623,40.03428],[70.62973,40.03965],[70.62871,40.04453],[70.63387,40.05214],[70.6326,40.06079],[70.64185,40.06205],[70.65332,40.09974],[70.7079,40.11027],[70.77071,40.1166],[70.7771,40.12419],[70.79207,40.12774],[70.79838,40.13285],[70.80286,40.17912],[70.83157,40.18915],[70.82746,40.17095],[70.83229,40.16125],[70.85709,40.16848],[70.85964,40.16475],[70.88224,40.18754],[70.98106,40.21959],[70.98541,40.22198],[70.98032,40.24269],[70.97508,40.25011],[70.97666,40.25718],[70.96091,40.26765],[70.95912,40.28524],[70.96392,40.28851],[70.9877,40.28702],[71.01892,40.29623],[71.03687,40.28665],[71.07451,40.29541],[71.12674,40.33538],[71.15228,40.33359],[71.22923,40.34038],[71.24995,40.33153],[71.24433,40.32776],[71.24445,40.32401],[71.27376,40.34362],[71.28234,40.34161],[71.3009,40.33079],[71.29303,40.32565],[71.2985,40.31507],[71.31069,40.30721],[71.32398,40.31801],[71.33549,40.31704],[71.33428,40.31407],[71.33666,40.3133],[71.34662,40.31504],[71.34593,40.31789],[71.35258,40.32035],[71.35817,40.31651],[71.36989,40.31827],[71.37648,40.31425],[71.36728,40.30627],[71.3901,40.30919],[71.42898,40.28378],[71.47956,40.27488],[71.49142,40.27982],[71.50196,40.27687],[71.51018,40.27059],[71.51262,40.26362],[71.51143,40.24418],[71.51749,40.23898],[71.51289,40.2309],[71.51764,40.22707],[71.56469,40.21647],[71.59283,40.21777],[71.59395,40.21241],[71.61919,40.2071],[71.62094,40.21334],[71.61857,40.2179],[71.62689,40.21523],[71.62869,40.21758],[71.61974,40.23794],[71.6201,40.26716],[71.6292,40.2678],[71.63305,40.26434],[71.64904,40.27022],[71.66794,40.27089],[71.68078,40.26443],[71.68073,40.25627],[71.69424,40.24834],[71.70063,40.23741],[71.6943,40.22468],[71.70433,40.20549],[71.70201,40.20368],[71.69991,40.20753],[71.69302,40.20525],[71.69608,40.19354],[71.68071,40.19679],[71.68331,40.19416],[71.68127,40.18907],[71.68904,40.18724],[71.699,40.17924],[71.71069,40.17717],[71.70949,40.17406],[71.7153,40.17371],[71.72184,40.1625],[71.71989,40.15436],[71.72506,40.15422],[71.72845,40.14909],[71.73153,40.15002],[71.73514,40.16261],[71.75029,40.16989],[71.75599,40.1785],[71.77804,40.18019],[71.80308,40.19317],[71.81383,40.2047],[71.83194,40.20583],[71.83661,40.21043],[71.83133,40.21848],[71.82853,40.24102],[71.83163,40.24585],[71.83859,40.24815],[71.84117,40.25377],[71.8845,40.26259],[71.88631,40.2601],[71.92134,40.25466],[71.92629,40.25251],[71.92703,40.24198],[71.94514,40.23774],[71.96319,40.24075],[71.96694,40.24477],[71.93989,40.25013],[71.94931,40.25613],[71.9785,40.25631],[71.99024,40.26828],[72.00463,40.27567],[72.02472,40.26395],[72.02805,40.26492],[72.02445,40.26834],[72.05014,40.27691],[72.05256,40.2802],[72.05133,40.28699],[72.04337,40.29073],[71.99371,40.29762],[71.97267,40.30887],[71.97201,40.31229],[71.96155,40.31893],[72.04839,40.37087],[72.04457,40.37744],[72.06121,40.3858],[72.06648,40.39545],[72.0891,40.40502],[72.08862,40.40813],[72.0921,40.40867],[72.09812,40.41952],[72.10771,40.42106],[72.11314,40.42707],[72.1127,40.42932],[72.1034,40.42972],[72.10147,40.4393],[72.12186,40.45727],[72.13016,40.45674],[72.12814,40.45973],[72.15919,40.48324],[72.17218,40.48575],[72.17249,40.49468],[72.1761,40.49508],[72.17656,40.49252],[72.18615,40.49594],[72.18752,40.48541],[72.19337,40.48146],[72.19873,40.48151],[72.20037,40.48694],[72.24192,40.48306],[72.24413,40.48581],[72.25387,40.48036],[72.2434,40.46036],[72.27198,40.45098],[72.27338,40.4391],[72.27814,40.43399],[72.30133,40.43675],[72.31208,40.44546],[72.31929,40.43815],[72.35924,40.41361],[72.36548,40.4028],[72.38599,40.39743],[72.41112,40.39757],[72.41559,40.40207],[72.40442,40.41701],[72.40438,40.42192],[72.41709,40.44897],[72.42199,40.45403],[72.43229,40.45462],[72.43163,40.46645],[72.43721,40.48024],[72.42434,40.48566],[72.41942,40.50398],[72.4149,40.50847],[72.3937,40.50704],[72.37858,40.51193],[72.37869,40.51624],[72.3842,40.51865],[72.38242,40.52238],[72.40535,40.52601],[72.40875,40.53323],[72.42178,40.53761],[72.42441,40.54196],[72.4197,40.54292],[72.42001,40.54925],[72.41578,40.55632],[72.41916,40.56223],[72.40932,40.56141],[72.39002,40.56598],[72.38908,40.57016],[72.3965,40.57397],[72.37257,40.58014],[72.3656,40.58809],[72.34455,40.60113],[72.34982,40.60396],[72.38324,40.60155],[72.3864,40.61339],[72.40793,40.61799],[72.41361,40.6155],[72.41555,40.60954],[72.43114,40.60134],[72.45019,40.57302],[72.47489,40.55178],[72.48262,40.55302],[72.49274,40.56934],[72.49944,40.57002],[72.51171,40.55469],[72.51134,40.55052],[72.51801,40.54604],[72.56641,40.53581],[72.57582,40.54084],[72.58725,40.53242],[72.58678,40.52999],[72.60666,40.52355],[72.61024,40.51569],[72.6549,40.51029],[72.66939,40.52335],[72.67083,40.53764],[72.66813,40.55411],[72.6593,40.55992],[72.6733,40.56489],[72.6731,40.56849],[72.66804,40.5784],[72.66199,40.58246],[72.67014,40.58955],[72.69244,40.59727],[72.70225,40.59116],[72.70071,40.58848],[72.71748,40.58972],[72.73482,40.58214],[72.73898,40.58424],[72.74757,40.5803],[72.74483,40.57458],[72.75069,40.57121],[72.75414,40.57406],[72.76025,40.57274],[72.76089,40.57729],[72.75663,40.57946],[72.74891,40.59718],[72.75031,40.61004],[72.76114,40.62681],[72.77662,40.63953],[72.78116,40.64779],[72.79108,40.65371],[72.78571,40.66637],[72.79914,40.6731],[72.80136,40.67736],[72.84695,40.67272],[72.86563,40.70072],[72.85826,40.70087],[72.85958,40.70729],[72.85322,40.70823],[72.85323,40.71234],[72.87297,40.71132],[72.91676,40.72337],[72.93395,40.73118],[72.94651,40.73215],[72.96716,40.75035],[72.99105,40.76466],[73.02003,40.76775],[73.03684,40.76467],[73.0577,40.76693],[73.06361,40.76315],[73.06472,40.7686],[73.09454,40.77024],[73.11795,40.78349],[73.1363,40.7844],[73.1403,40.78953],[73.13978,40.80804],[73.14562,40.81522],[73.14308,40.81856],[73.1481,40.82341],[73.14823,40.83022],[73.12308,40.84072],[73.11824,40.83635],[73.10635,40.84308],[73.06203,40.84111],[73.04355,40.84686],[73.03096,40.83905],[73.02164,40.8465],[73.00555,40.8397],[73.00023,40.84271],[72.99297,40.83048],[72.98099,40.8295],[72.97614,40.81974],[72.96471,40.82101],[72.9576,40.8144],[72.95724,40.8034],[72.93912,40.80054],[72.91511,40.80704],[72.90035,40.81542],[72.90017,40.82212],[72.89024,40.83317],[72.86624,40.84683],[72.83474,40.85765],[72.81236,40.85372],[72.79851,40.85512],[72.76759,40.8444],[72.73786,40.84162],[72.71322,40.84577],[72.6873,40.84543],[72.66873,40.8495],[72.63939,40.86148],[72.59164,40.86471],[72.5725,40.87322],[72.57347,40.87983],[72.58579,40.89145],[72.59297,40.90531],[72.56431,40.93885],[72.55699,40.95481],[72.54979,40.95745],[72.55153,40.96196],[72.54476,40.96563],[72.54066,40.96241],[72.53171,40.96137],[72.52896,40.96372],[72.5252,40.95957],[72.52103,40.96191],[72.52494,40.96602],[72.52012,40.96924],[72.50756,40.96848],[72.50556,40.97096],[72.49936,40.96726],[72.4907,40.97006],[72.48793,40.97472],[72.50052,40.98368],[72.49623,40.98852],[72.48562,40.99097],[72.48799,41.00104],[72.45397,41.02649],[72.44411,41.0319],[72.42603,41.03461],[72.41671,41.0267],[72.39286,41.02765],[72.38145,41.03152],[72.37728,41.04111],[72.36184,41.04343],[72.34758,41.0601],[72.34007,41.04545],[72.32965,41.03919],[72.33029,41.03687],[72.31492,41.03054],[72.29411,41.02981],[72.27824,41.01555],[72.26602,41.01164],[72.25982,41.00591],[72.24855,41.00234],[72.24211,41.00525],[72.23874,41.00223],[72.18806,40.99781],[72.17164,40.98852],[72.17157,40.99508],[72.15935,41.00527],[72.16208,41.01295],[72.18245,41.00677],[72.19751,41.03087],[72.20845,41.02843],[72.2098,41.0504],[72.20735,41.0617],[72.20333,41.06444],[72.20172,41.07305],[72.19328,41.08688],[72.19031,41.10231],[72.17967,41.10642],[72.17879,41.1165],[72.15001,41.12527],[72.15292,41.1387],[72.16514,41.14461],[72.177,41.15664],[72.16852,41.16433],[72.15226,41.15968],[72.1379,41.1625],[72.12076,41.15433],[72.10663,41.15281],[72.09758,41.14507],[72.09347,41.13555],[72.07111,41.11712],[72.04899,41.13217],[72.0152,41.14135],[72.01098,41.14548],[72.01143,41.1559],[71.9594,41.15527],[71.94899,41.14588],[71.94251,41.14535],[71.93507,41.15162],[71.91789,41.15612],[71.914,41.16044],[71.90514,41.15928],[71.8868,41.16725],[71.88366,41.1729],[71.89109,41.1835],[71.88522,41.19709],[71.88481,41.20819],[71.89569,41.21584],[71.89532,41.22001],[71.90761,41.2361],[71.9015,41.25528],[71.89714,41.25922],[71.90806,41.27766],[71.92509,41.29407],[71.90038,41.30898],[71.8911,41.32118],[71.88025,41.3385],[71.89538,41.34298],[71.891,41.34838],[71.89199,41.3521],[71.88361,41.35686],[71.88253,41.36198],[71.87811,41.36232],[71.86556,41.34943],[71.83832,41.35508],[71.83413,41.36147],[71.84088,41.37385],[71.83086,41.37692],[71.83139,41.38725],[71.81299,41.39284],[71.80815,41.40119],[71.80532,41.39963],[71.79368,41.41396],[71.78984,41.44187],[71.781,41.44449],[71.77424,41.43668],[71.76465,41.43562],[71.76616,41.42136],[71.75347,41.41762],[71.74134,41.42292],[71.73376,41.43344],[71.72615,41.4365],[71.71879,41.43202],[71.72147,41.42981],[71.71982,41.42537],[71.71059,41.4204],[71.7049,41.41819],[71.69745,41.42162],[71.69479,41.42557],[71.69543,41.43802],[71.69879,41.4439],[71.69694,41.44603],[71.70782,41.45692],[71.71752,41.46046],[71.72198,41.46705],[71.71365,41.47973],[71.71277,41.49218],[71.72805,41.49319],[71.724,41.50199],[71.73009,41.50476],[71.72843,41.5088],[71.73217,41.51513],[71.72097,41.5234],[71.73979,41.53215],[71.73571,41.54397],[71.7257,41.54869],[71.71705,41.54864],[71.70375,41.53241],[71.67677,41.51632],[71.6696,41.49745],[71.6599,41.49211],[71.65794,41.48684],[71.62418,41.48893],[71.60154,41.47665],[71.66223,41.45198],[71.67207,41.44364],[71.68065,41.42206],[71.67869,41.41594],[71.67147,41.41142],[71.66496,41.40134],[71.65056,41.39846],[71.65096,41.393],[71.6591,41.38957],[71.6621,41.38277],[71.6445,41.35464],[71.63927,41.35248],[71.63467,41.3412],[71.61064,41.3348],[71.59778,41.31649],[71.59779,41.31131],[71.58098,41.29937],[71.57903,41.30234],[71.56911,41.29309],[71.55575,41.29626],[71.54637,41.30467],[71.53654,41.29413],[71.5252,41.29429],[71.51671,41.30716],[71.49889,41.29671],[71.48722,41.2937],[71.48215,41.29621],[71.46544,41.29579],[71.44453,41.28389],[71.44462,41.28033],[71.44967,41.28104],[71.45285,41.27645],[71.4504,41.26854],[71.45669,41.26593],[71.4566,41.26288],[71.4474,41.25789],[71.44256,41.24834],[71.45198,41.24237],[71.45364,41.23583],[71.44761,41.22633],[71.45695,41.22084],[71.46047,41.21397],[71.45878,41.20697],[71.43085,41.18955],[71.43002,41.18497],[71.43651,41.17649],[71.43737,41.16997],[71.44114,41.17214],[71.44942,41.16483],[71.45154,41.15691],[71.4323,41.13276],[71.39601,41.10749],[71.38774,41.12088],[71.37875,41.11992],[71.38138,41.12598],[71.37074,41.1251],[71.36184,41.12865],[71.32363,41.1209],[71.3035,41.10932],[71.29383,41.10762],[71.28869,41.12005],[71.28976,41.13683],[71.27856,41.13303],[71.27447,41.14281],[71.27403,41.17688],[71.25965,41.18327],[71.24983,41.1822],[71.23839,41.19206],[71.23515,41.19132],[71.23655,41.18221],[71.22856,41.1805],[71.20447,41.19358],[71.19452,41.19551],[71.17704,41.18875],[71.16583,41.17684],[71.16137,41.18105],[71.15615,41.18026],[71.14542,41.16986],[71.1475,41.16074],[71.12459,41.14201],[71.12282,41.1449],[71.11519,41.14343],[71.10451,41.15551],[71.09932,41.15449],[71.08331,41.16875],[71.07885,41.16803],[71.07086,41.1774],[71.04914,41.18139],[71.03899,41.19044],[70.98933,41.17715],[70.98248,41.16876],[70.96792,41.16654],[70.96591,41.16284],[70.94301,41.17358],[70.93471,41.19045],[70.92443,41.19281],[70.88892,41.21418],[70.87701,41.23302],[70.85482,41.24993],[70.83278,41.24995],[70.8233,41.2408],[70.80104,41.23053],[70.79599,41.22398],[70.79689,41.21271],[70.78717,41.19536],[70.78345,41.19743],[70.77583,41.21575],[70.77264,41.23589],[70.77481,41.25443],[70.77233,41.26194],[70.76863,41.26251],[70.77072,41.26903],[70.76743,41.2737],[70.77537,41.27731],[70.77735,41.28381],[70.77515,41.2861],[70.77958,41.29226],[70.77606,41.29581],[70.77761,41.29914],[70.77022,41.30217],[70.76945,41.3082],[70.77713,41.31267],[70.77659,41.31612],[70.78511,41.32476],[70.78466,41.32839],[70.77752,41.3294],[70.77638,41.33305],[70.7807,41.33732],[70.77951,41.34434],[70.78479,41.3529],[70.77981,41.35638],[70.78011,41.36527],[70.77707,41.36967],[70.78032,41.37909],[70.77872,41.38844],[70.75612,41.40506],[70.75125,41.41513],[70.74118,41.41944],[70.74262,41.42166],[70.73359,41.42925],[70.73325,41.43478],[70.71814,41.44568],[70.71589,41.45494],[70.72269,41.46473],[70.72,41.46569],[70.70039,41.46595],[70.68692,41.47209],[70.67511,41.46921],[70.66907,41.47118],[70.64837,41.45816],[70.61994,41.45954],[70.60752,41.45222],[70.59358,41.45715],[70.59121,41.44585],[70.5861,41.44291],[70.56927,41.44247],[70.56717,41.42618],[70.55368,41.42169],[70.54886,41.40841],[70.53441,41.40898],[70.51296,41.39852],[70.50418,41.40285],[70.49457,41.39685],[70.46938,41.40895],[70.46967,41.41622],[70.46419,41.42638],[70.45109,41.4327],[70.43888,41.44711],[70.41979,41.45359],[70.41105,41.46027],[70.40683,41.46975],[70.39649,41.47123],[70.381,41.4664],[70.37205,41.47794],[70.36968,41.487],[70.363,41.49291],[70.34886,41.49266],[70.33763,41.49992],[70.32377,41.50111],[70.31271,41.50847],[70.30511,41.51879],[70.29401,41.51925],[70.27495,41.5115],[70.27029,41.49953],[70.2392,41.49151],[70.22869,41.49163],[70.21903,41.49621],[70.21208,41.5042],[70.18928,41.50743],[70.16924,41.51649],[70.17557,41.52518],[70.18058,41.52645],[70.18451,41.54253],[70.18763,41.54487],[70.17927,41.55753],[70.18806,41.56176],[70.18948,41.56837],[70.20967,41.57448],[70.21614,41.59528],[70.20864,41.60413],[70.21068,41.61134],[70.22734,41.61058],[70.24415,41.6163],[70.26555,41.60777],[70.28039,41.62013],[70.29212,41.62168],[70.29973,41.63019],[70.30932,41.63397],[70.34102,41.63856],[70.36662,41.64733],[70.39709,41.68454],[70.41235,41.6913],[70.41965,41.69032],[70.43648,41.70051],[70.45012,41.70266],[70.46676,41.72083],[70.49804,41.72046],[70.5059,41.73675],[70.50503,41.74373],[70.50843,41.74689],[70.50439,41.75036],[70.50886,41.76146],[70.50926,41.77286],[70.52752,41.79863],[70.53325,41.79759],[70.55143,41.80418],[70.5539,41.80764],[70.56895,41.81077],[70.57653,41.81943],[70.596,41.81786],[70.59838,41.81983],[70.59726,41.83476],[70.60247,41.85013],[70.61406,41.85345],[70.62723,41.85179],[70.63042,41.85928],[70.6396,41.86792],[70.63966,41.87204],[70.64731,41.87507],[70.64838,41.88199],[70.65394,41.88392],[70.66225,41.89444],[70.6606,41.89946],[70.66514,41.90717],[70.67224,41.9078],[70.67827,41.91358],[70.72115,41.92087],[70.75129,41.91247],[70.75617,41.91492],[70.7581,41.9366],[70.76665,41.93592],[70.77289,41.92871],[70.78106,41.92663],[70.79166,41.9292],[70.80823,41.92064],[70.81447,41.92681],[70.83485,41.92316],[70.8439,41.93219],[70.84587,41.93879],[70.85393,41.9414],[70.85254,41.94847],[70.85664,41.95268],[70.85229,41.95809],[70.84837,41.97477],[70.85299,41.98623],[70.8517,41.98985],[70.8381,41.99964],[70.8469,42.01874],[70.85943,42.02654],[70.85575,42.04],[70.86222,42.04356],[70.86067,42.04808],[70.86611,42.05403],[70.87979,42.04606],[70.88474,42.04623],[70.88874,42.05217],[70.89566,42.04907],[70.90035,42.0408],[70.91495,42.04165],[70.94225,42.03114],[70.97841,42.03329],[70.9922,42.03009],[71.00202,42.04381],[71.01344,42.05242],[71.00687,42.05737],[71.01596,42.06154],[71.02465,42.06132],[71.02888,42.06678],[71.04136,42.06256],[71.0485,42.08034],[71.05951,42.08525],[71.06513,42.08412],[71.08373,42.09409],[71.09966,42.09422],[71.10378,42.1137],[71.10752,42.1158],[71.11996,42.11208],[71.13126,42.11733],[71.14112,42.134],[71.15295,42.13051],[71.17337,42.14302],[71.19489,42.1435],[71.20001,42.13754],[71.20647,42.1372],[71.21014,42.13356],[71.22228,42.13914],[71.22522,42.144],[71.22079,42.14836],[71.23832,42.15339],[71.24817,42.16619],[71.25919,42.16771],[71.25955,42.17145],[71.25012,42.18218],[71.25657,42.18352],[71.26243,42.19293],[71.26872,42.19596],[71.26507,42.20099],[71.26795,42.20415],[71.25088,42.21083],[71.24552,42.21833],[71.24478,42.22757],[71.23342,42.22869],[71.2256,42.22312],[71.21452,42.22216],[71.20735,42.22515],[71.20506,42.22731],[71.2087,42.23697],[71.19867,42.2434],[71.19297,42.2404],[71.17827,42.25134],[71.17017,42.25298],[71.16539,42.25928],[71.15179,42.26331],[71.13303,42.28226],[71.12381,42.28295],[71.12238,42.27822],[71.10993,42.27328],[71.08577,42.28413],[71.07566,42.28378],[71.06442,42.2947],[71.03872,42.29032],[71.02708,42.29384],[71.01858,42.28155],[71.0085,42.27823],[71.00423,42.26986],[71.00676,42.26672],[71.00384,42.25945],[70.992,42.2533],[70.96302,42.256],[70.93421,42.26945],[70.92161,42.26694],[70.91406,42.26124],[70.90385,42.26139],[70.89158,42.26323],[70.8957,42.27294],[70.89213,42.28099],[70.87549,42.29024],[70.86657,42.29966],[70.87072,42.30984],[70.86608,42.31995],[70.87303,42.32628],[70.88142,42.32761],[70.88668,42.33561],[70.88247,42.34745],[70.89423,42.3636],[70.89871,42.36662],[70.91007,42.36543],[70.91755,42.37017],[70.92205,42.37774],[70.93287,42.38341],[70.93302,42.39121],[70.95233,42.39872],[70.93651,42.41149],[70.93119,42.42122],[70.94216,42.42393],[70.95326,42.4316],[70.9585,42.4443],[70.95962,42.45791],[70.96386,42.46134],[70.96618,42.47158],[70.97944,42.48781],[70.98008,42.49669],[71.06958,42.47448],[71.08997,42.48416],[71.04417,42.53448],[71.00092,42.55925],[71.00208,42.58747],[71.05242,42.59949],[71.09875,42.59991],[71.15673,42.60533],[71.16027,42.59337],[71.16295,42.59308],[71.17976,42.61034],[71.18226,42.61775],[71.17765,42.62463],[71.18261,42.63729],[71.18293,42.64845],[71.17994,42.65576],[71.18169,42.66383],[71.17714,42.66723],[71.17812,42.67331],[71.20179,42.6767],[71.20732,42.68212],[71.21949,42.68496],[71.22422,42.69239],[71.22828,42.69126],[71.22985,42.69553],[71.23499,42.69667],[71.24455,42.71064],[71.25284,42.71374],[71.25406,42.72176],[71.26686,42.72779],[71.26851,42.73398],[71.26588,42.73845],[71.27487,42.74175],[71.27567,42.74485],[71.27411,42.75592],[71.2652,42.77214],[71.33279,42.75614],[71.34561,42.76714],[71.36952,42.7622],[71.38196,42.79827],[71.42105,42.79651],[71.46619,42.78513],[71.49847,42.79507],[71.50824,42.79177],[71.53454,42.80149],[71.54164,42.80832],[71.54936,42.80276],[71.55043,42.79496],[71.56484,42.78085],[71.56965,42.77804],[71.58012,42.78528],[71.5885,42.77867],[71.59184,42.78036],[71.59861,42.77229],[71.65197,42.79403],[71.68163,42.81712],[71.69282,42.81871],[71.71257,42.81003],[71.74892,42.81477],[71.75293,42.81935],[71.76035,42.81623],[71.77144,42.81664],[71.7773,42.81881],[71.77914,42.82296],[71.79926,42.8281],[71.81336,42.83605],[71.83457,42.83572],[71.8373,42.83902],[71.84554,42.83349],[71.86323,42.83001],[71.87701,42.83433],[71.88881,42.82971],[71.88816,42.82578],[71.89251,42.82083],[71.89585,42.8226],[71.91087,42.81804],[71.91865,42.82265],[71.94802,42.81533],[71.95588,42.80616],[71.96085,42.80749],[71.97162,42.8022],[71.97941,42.80496],[71.98936,42.79576],[71.98504,42.78686],[71.99502,42.78033],[72.0033,42.77906],[72.01153,42.78395],[72.03196,42.77732],[72.06648,42.77539],[72.0801,42.75838],[72.08582,42.75725],[72.08639,42.75106],[72.09633,42.74535],[72.11328,42.74618],[72.13804,42.73867],[72.14877,42.73971],[72.15788,42.74931],[72.16366,42.74907],[72.17754,42.75804],[72.18702,42.75685],[72.19107,42.75069],[72.19673,42.75046],[72.20714,42.75324],[72.2144,42.75962],[72.22315,42.75882],[72.23217,42.7634],[72.23784,42.75995],[72.24275,42.76146],[72.24797,42.76711],[72.25932,42.76428],[72.26237,42.75807],[72.2942,42.75881],[72.30773,42.75052],[72.31783,42.75106],[72.31944,42.74719],[72.32959,42.74491],[72.35724,42.74471],[72.36538,42.73696],[72.38405,42.73345],[72.3999,42.72135],[72.40533,42.72262],[72.41255,42.71827],[72.42397,42.72104],[72.42461,42.71377],[72.43894,42.70427],[72.44862,42.70474],[72.45688,42.70273],[72.45788,42.69851],[72.46862,42.69715],[72.48249,42.69011],[72.49718,42.67417],[72.50792,42.67057],[72.51684,42.67339],[72.52109,42.6837],[72.54431,42.67865],[72.56858,42.68457],[72.58692,42.68529],[72.60824,42.68213],[72.61373,42.67673],[72.62935,42.67789],[72.6355,42.67257],[72.64183,42.67568],[72.65181,42.672],[72.65554,42.66567],[72.66367,42.66373],[72.67221,42.65682],[72.69473,42.65033],[72.70088,42.65209],[72.71878,42.64316],[72.73639,42.64598],[72.74458,42.63774],[72.75546,42.63375],[72.758,42.62952],[72.75624,42.62528],[72.76598,42.61244],[72.78029,42.60779],[72.78136,42.60008],[72.79166,42.59579],[72.80261,42.58605],[72.80902,42.57665],[72.80828,42.5719],[72.82489,42.5589],[72.83277,42.55583],[72.85842,42.55504],[72.87095,42.55956],[72.89226,42.54106],[72.91069,42.53611],[72.93777,42.53719],[72.98747,42.53037],[73.02214,42.53889],[73.04883,42.53374],[73.06804,42.53404],[73.08512,42.54179],[73.09551,42.53884],[73.1091,42.5419],[73.11609,42.53799],[73.11957,42.53978],[73.13426,42.53646],[73.14361,42.53041],[73.15241,42.53361],[73.1658,42.52869],[73.17715,42.53049],[73.186,42.5243],[73.20457,42.5235],[73.22626,42.51588],[73.22945,42.523],[73.25421,42.51889],[73.26603,42.51265],[73.30267,42.51109],[73.30794,42.50136],[73.30582,42.49375],[73.30982,42.47947],[73.3065,42.47427],[73.30833,42.45834],[73.30529,42.44903],[73.31141,42.44138],[73.32266,42.4432],[73.33019,42.43516],[73.35527,42.42591],[73.36402,42.42875],[73.38607,42.42084],[73.39732,42.42824],[73.43001,42.4223],[73.44178,42.42534],[73.46704,42.40958],[73.48193,42.41119],[73.50014,42.41672],[73.50615,42.42209],[73.51097,42.41886],[73.51802,42.42016],[73.51642,42.43539],[73.49832,42.45888],[73.47508,42.46561],[73.45945,42.49168],[73.44173,42.50602],[73.43332,42.51777],[73.43439,42.52912],[73.4247,42.54646],[73.42823,42.55352],[73.41754,42.56905],[73.42712,42.58941],[73.4264,42.60104],[73.42041,42.61316],[73.42423,42.62339],[73.42332,42.64108],[73.43088,42.64546],[73.43572,42.65731],[73.44314,42.66568],[73.44826,42.68007],[73.44554,42.68691],[73.45524,42.70243],[73.45807,42.71487],[73.4634,42.7191],[73.46635,42.73126],[73.4791,42.74561],[73.48693,42.74974],[73.50264,42.77178],[73.51206,42.82692],[73.50975,42.84618],[73.51225,42.85107],[73.50744,42.86251],[73.50873,42.87006],[73.50465,42.87503],[73.5045,42.88626],[73.49424,42.89421],[73.49482,42.90379],[73.49837,42.90713],[73.495,42.91575],[73.50908,42.9316],[73.53413,42.94398],[73.54823,42.9665],[73.53865,42.97485],[73.53982,42.9809],[73.53702,42.98531],[73.5395,42.99174],[73.53547,43.00694],[73.54521,43.02833],[73.61532,43.04926],[73.639,43.0594],[73.69149,43.07352],[73.76054,43.10557],[73.79502,43.1133],[73.82571,43.12858],[73.83028,43.12862],[73.83847,43.1178],[73.90553,43.11004],[73.92055,43.13011],[73.92794,43.14672],[73.94802,43.16426],[73.94664,43.17109],[73.95089,43.17173],[73.95674,43.19515],[73.95303,43.20803],[73.96918,43.2229],[74.01745,43.19368],[74.04193,43.17224],[74.07377,43.18682],[74.16946,43.19806],[74.18967,43.19436],[74.21133,43.19552],[74.22212,43.20529],[74.19287,43.25549],[74.20127,43.26462],[74.20599,43.26285],[74.20991,43.26537],[74.2125,43.25951],[74.22225,43.2571],[74.22969,43.25058],[74.24988,43.25361],[74.25263,43.25169],[74.24551,43.25099],[74.2445,43.24714],[74.2523,43.24908],[74.25763,43.24771],[74.25773,43.24401],[74.26949,43.24229],[74.27953,43.24732],[74.28606,43.2453],[74.28542,43.24245],[74.29596,43.23906],[74.29625,43.23266],[74.30231,43.23056],[74.29384,43.22946],[74.30315,43.22647],[74.30071,43.22026],[74.30693,43.215],[74.31508,43.21799],[74.31772,43.21296],[74.32215,43.21655],[74.33091,43.21584],[74.33046,43.21193],[74.34108,43.20986],[74.34126,43.20125],[74.34488,43.20375],[74.35131,43.20169],[74.35172,43.19819],[74.36568,43.19826],[74.36999,43.19473],[74.38323,43.19692],[74.38759,43.18873],[74.39836,43.19133],[74.40396,43.18641],[74.39723,43.18352],[74.40572,43.1728],[74.412,43.17372],[74.4115,43.17075],[74.41513,43.16881],[74.42409,43.17257],[74.42498,43.16994],[74.42053,43.16873],[74.42158,43.16524],[74.4296,43.16479],[74.4431,43.15705],[74.44766,43.15952],[74.4491,43.15499],[74.45569,43.15433],[74.46003,43.15846],[74.46273,43.15002],[74.47293,43.14302],[74.47493,43.14494],[74.47157,43.14767],[74.4802,43.15549],[74.48546,43.15585],[74.4981,43.15114],[74.49811,43.14325],[74.53202,43.14094],[74.53401,43.1352],[74.55068,43.13822],[74.55348,43.13425],[74.56395,43.13488],[74.56356,43.12848],[74.56869,43.13182],[74.57295,43.12845],[74.57593,43.12983],[74.58882,43.11079],[74.59873,43.10892],[74.59645,43.10305],[74.6075,43.09565],[74.61647,43.08227],[74.63186,43.07936],[74.6372,43.06426],[74.64191,43.06018],[74.66212,43.0526],[74.6717,43.04087],[74.69559,43.03651],[74.72799,43.0031],[74.74955,42.98953],[74.77869,42.99447],[74.78224,42.99929],[74.79358,42.99975],[74.79963,42.99552],[74.80895,42.99672],[74.81418,43.00111],[74.81905,42.9979],[74.82917,42.99828],[74.83386,43.00233],[74.853,42.99947],[74.85654,42.99578],[74.87211,42.99345],[74.87233,42.98822],[74.88043,42.98277],[74.89562,42.98064],[74.89649,42.97731],[74.9038,42.97481],[74.903,42.97125],[74.92007,42.97021],[74.9207,42.96217],[74.93605,42.96358],[74.94542,42.95527],[74.94931,42.95573],[74.94972,42.95242],[74.96032,42.95055],[74.9633,42.94468],[74.98744,42.94291],[74.99225,42.9393],[74.99057,42.937],[75.0023,42.93125],[75.02197,42.92889],[75.03854,42.91833],[75.05349,42.92191],[75.06486,42.91447],[75.08274,42.91396],[75.13631,42.88531],[75.16091,42.87755],[75.19147,42.87389],[75.19813,42.86373],[75.22044,42.85368],[75.24447,42.8547],[75.26021,42.85996],[75.287,42.85795],[75.29655,42.86081],[75.30402,42.85564],[75.31855,42.85225],[75.33589,42.85369],[75.34654,42.84738],[75.36912,42.84848],[75.40063,42.84018],[75.42909,42.84048],[75.44184,42.83599],[75.44693,42.83749],[75.45921,42.83123],[75.48787,42.8408],[75.5246,42.83096],[75.55729,42.82998],[75.61011,42.81463],[75.63472,42.81396],[75.67115,42.80205],[75.71516,42.7956],[75.75545,42.82873],[75.77857,42.83733],[75.78351,42.87794],[75.79103,42.88963],[75.7908,42.89868],[75.7963,42.90916],[75.82476,42.93984],[75.82956,42.94035],[75.8367,42.93514],[75.84861,42.94226],[75.8579,42.94471],[75.85951,42.94212],[75.86773,42.94275],[75.8764,42.94596],[75.8955,42.93951],[75.90416,42.94578],[75.91718,42.948],[75.91864,42.95249],[75.92746,42.95706],[75.95277,42.94133],[75.94811,42.93183],[75.95507,42.9348],[75.9706,42.92557],[75.97771,42.93242],[75.98407,42.92805],[75.99053,42.93014],[76.00012,42.92525],[76.01539,42.92565],[76.01856,42.91348],[76.02616,42.90946],[76.04545,42.91675],[76.04939,42.91272],[76.0522,42.91646],[76.06297,42.91598],[76.07053,42.92162],[76.07972,42.9202],[76.08576,42.91347],[76.09953,42.92395],[76.12161,42.92126],[76.18255,42.93211],[76.19654,42.92969],[76.19849,42.91888],[76.20176,42.91638],[76.22026,42.9215],[76.24154,42.92261],[76.24552,42.91933],[76.26466,42.91985],[76.2884,42.9117],[76.30206,42.91124],[76.30838,42.90375],[76.30781,42.89678],[76.30055,42.89178],[76.30456,42.87432],[76.32338,42.87218],[76.3286,42.86352],[76.34316,42.86122],[76.36063,42.86734],[76.37141,42.86617],[76.39206,42.87602],[76.41882,42.87356],[76.4339,42.87934],[76.43737,42.88563],[76.44192,42.88685],[76.44806,42.88369],[76.46613,42.88722],[76.47694,42.88421],[76.48651,42.88895],[76.4932,42.90375],[76.50303,42.90589],[76.50229,42.91231],[76.50683,42.91924],[76.52267,42.92169],[76.54019,42.91688],[76.54696,42.91102],[76.56965,42.91016],[76.58321,42.90608],[76.59821,42.91137],[76.60224,42.91609],[76.63132,42.90625],[76.65019,42.91303],[76.66049,42.90815],[76.67615,42.90994],[76.68781,42.90591],[76.7089,42.90442],[76.7223,42.90804],[76.73587,42.91774],[76.74981,42.92243],[76.75132,42.93091],[76.75586,42.93598],[76.74886,42.94202],[76.75526,42.95003],[76.78075,42.95655],[76.80201,42.94719],[76.8116,42.95326],[76.82196,42.95532],[76.8366,42.97061],[76.83334,42.97681],[76.83708,42.98344],[76.84458,42.98462],[76.84962,42.9776],[76.85896,42.97721],[76.87077,42.97128],[76.88155,42.97625],[76.8994,42.96761],[76.91179,42.96918],[76.91629,42.966],[76.93273,42.97228],[76.9384,42.98065],[76.95601,42.97909],[76.97113,42.98647],[76.98386,42.98176],[76.99723,42.98508],[77.00429,42.98303],[77.00882,42.96992],[77.02597,42.95292],[77.05319,42.96028],[77.06083,42.96536],[77.06221,42.97721],[77.07606,42.97684],[77.08485,42.98125],[77.10431,42.97471],[77.11746,42.97497],[77.12646,42.96991],[77.13495,42.97346],[77.15436,42.97271],[77.156,42.96927],[77.15241,42.96442],[77.156,42.95594],[77.15063,42.94959],[77.1574,42.94297],[77.17828,42.94733],[77.21261,42.92757],[77.22341,42.92703],[77.22525,42.92363],[77.22219,42.917],[77.22573,42.91476],[77.23555,42.91178],[77.27117,42.91357],[77.29589,42.90729],[77.29622,42.91578],[77.30344,42.9167],[77.31436,42.91167],[77.32274,42.91322],[77.3502,42.89987],[77.39403,42.91489],[77.41828,42.9277],[77.43732,42.92554],[77.45497,42.92896],[77.47171,42.93923],[77.47679,42.9382],[77.48292,42.92543],[77.49763,42.9251],[77.50842,42.92949],[77.5192,42.92885],[77.52546,42.93625],[77.54972,42.94019],[77.56583,42.93584],[77.55925,42.92921],[77.5627,42.92581],[77.57549,42.92507],[77.57969,42.91679],[77.59649,42.9152],[77.60168,42.9181],[77.61317,42.91389],[77.62443,42.91981],[77.6428,42.91764],[77.65751,42.9116],[77.66653,42.91353],[77.67104,42.91839],[77.68896,42.9128],[77.69741,42.90409],[77.71899,42.91014],[77.72993,42.90483],[77.74652,42.90922],[77.76197,42.90547],[77.78068,42.91523],[77.80319,42.90344],[77.81107,42.90228],[77.81613,42.89633],[77.81361,42.89356],[77.81622,42.88788],[77.82196,42.88495],[77.84297,42.88102],[77.85375,42.88805],[77.87417,42.88815],[77.88892,42.87917],[77.89957,42.87826],[77.91072,42.87055],[77.91685,42.87476],[77.92442,42.87408],[77.93369,42.88168],[77.9417,42.87544],[77.94251,42.8604],[77.95317,42.85477],[77.9738,42.85192],[77.98796,42.85936],[77.99914,42.86116],[78.00166,42.87012],[78.02462,42.86437],[78.03348,42.86561],[78.05242,42.84796],[78.06747,42.85163],[78.09248,42.84957],[78.11063,42.86444],[78.14152,42.85684],[78.15946,42.86176],[78.17065,42.85992],[78.17943,42.86581],[78.17623,42.87351],[78.1822,42.87847],[78.19723,42.88242],[78.20819,42.87221],[78.21513,42.86976],[78.22209,42.87704],[78.23412,42.87513],[78.23916,42.87883],[78.24754,42.87169],[78.25734,42.8736],[78.27051,42.8698],[78.27045,42.86499],[78.2751,42.86383],[78.28493,42.86441],[78.30737,42.85753],[78.34968,42.85503],[78.36171,42.86268],[78.36233,42.86798],[78.3696,42.87294],[78.36632,42.876],[78.37005,42.88707],[78.37832,42.8893],[78.39062,42.88099],[78.41083,42.87689],[78.41402,42.87962],[78.43429,42.87952],[78.44294,42.88866],[78.45395,42.88656],[78.46449,42.89647],[78.48198,42.89326],[78.49191,42.90094],[78.49845,42.90013],[78.50462,42.8919],[78.51295,42.88837],[78.52094,42.88906],[78.53621,42.88133],[78.54192,42.87404],[78.54084,42.86914],[78.57511,42.86305],[78.58068,42.85879],[78.58412,42.8496],[78.58899,42.84768],[78.61685,42.85512],[78.62517,42.84629],[78.64417,42.84242],[78.64811,42.83958],[78.64397,42.83552],[78.64641,42.82884],[78.66584,42.81487],[78.68479,42.81691],[78.69457,42.81439],[78.70987,42.82606],[78.72748,42.82176],[78.73274,42.81727],[78.75279,42.81876],[78.7757,42.81491],[78.78619,42.80085],[78.80105,42.80986],[78.8292,42.80528],[78.85239,42.7951],[78.86327,42.80092],[78.86903,42.79673],[78.88757,42.79348],[78.89047,42.78936],[78.90464,42.78894],[78.92999,42.77479],[78.94758,42.77638],[78.96708,42.78276],[78.98188,42.77686],[79.02036,42.77842],[79.02817,42.77451],[79.06605,42.77967],[79.06999,42.78086],[79.07402,42.78895],[79.07302,42.7933],[79.07816,42.79841],[79.08833,42.8065],[79.10603,42.81292],[79.10603,42.80798],[79.09651,42.80113],[79.09791,42.79443],[79.09053,42.79081],[79.09007,42.78315],[79.0948,42.77725],[79.15205,42.79442],[79.19943,42.8044],[79.19102,42.78603],[79.17004,42.75515],[79.17257,42.7374],[79.17001,42.73275],[79.17351,42.71871],[79.17722,42.71761],[79.18279,42.7045],[79.18122,42.70025],[79.18546,42.69125],[79.19932,42.67857],[79.20502,42.66788],[79.24302,42.63601],[79.25054,42.63643],[79.25987,42.62559],[79.2684,42.6254],[79.27133,42.62165],[79.28619,42.62312],[79.29905,42.61994],[79.30338,42.61335],[79.31614,42.60711],[79.31914,42.60228],[79.3449,42.60388],[79.35569,42.59654],[79.38009,42.57748],[79.38233,42.56496],[79.39483,42.55796],[79.39858,42.55067],[79.42306,42.53941],[79.42882,42.51695],[79.44858,42.51226],[79.45183,42.50931],[79.4521,42.50106],[79.47719,42.49317],[79.48137,42.48907],[79.48974,42.48867],[79.5015,42.47154],[79.50329,42.46117],[79.5202,42.457],[79.53037,42.45732],[79.53665,42.46105],[79.54872,42.45796],[79.55417,42.46143],[79.55852,42.4578],[79.58239,42.45924],[79.59468,42.45467],[79.60597,42.4546],[79.61424,42.45876],[79.63744,42.45342],[79.64119,42.46422],[79.65288,42.47506],[79.67256,42.4796],[79.69616,42.47701],[79.70935,42.46861],[79.72265,42.47107],[79.73496,42.46549],[79.74081,42.46625],[79.74769,42.46408],[79.74737,42.45364],[79.75885,42.45235],[79.76942,42.45604],[79.78069,42.45418],[79.78887,42.4469],[79.81287,42.4478],[79.81666,42.44383],[79.83238,42.44269],[79.85597,42.44582],[79.86412,42.4391],[79.87212,42.43748],[79.87857,42.44133],[79.89448,42.44102],[79.89929,42.43762],[79.9203,42.44329],[79.92455,42.43656],[79.94181,42.43906],[79.95314,42.43349],[79.9633,42.43634],[79.96871,42.43357],[79.96444,42.42194],[79.97184,42.40986],[79.96801,42.4016],[79.97556,42.39313],[79.98071,42.37949],[79.99954,42.37895],[80.00101,42.3655],[80.01046,42.36107],[80.0195,42.34846],[80.02909,42.34371],[80.08192,42.33942],[80.08403,42.33309],[80.07965,42.32626],[80.08118,42.32222],[80.10879,42.315],[80.13068,42.30054],[80.14044,42.28929],[80.14191,42.2858],[80.11803,42.27626],[80.17441,42.21084],[80.16555,42.19608],[80.16556,42.16944],[80.14028,42.16943],[80.13903,42.14568],[80.15339,42.13319],[80.15034,42.11635],[80.15902,42.11334],[80.16743,42.09839],[80.18179,42.09242],[80.18766,42.08609],[80.19673,42.08386],[80.20902,42.07297],[80.22798,42.06303],[80.21434,42.05097],[80.20993,42.04275],[80.19872,42.03695],[80.17468,42.03861],[80.1481,42.03557],[80.13905,42.03037],[80.07484,42.0462],[80.06661,42.04388],[80.04261,42.04942],[80.03874,42.0471],[80.02431,42.04859],[80.01733,42.04193],[79.99669,42.04131],[79.97544,42.04591],[79.96881,42.04077],[79.94953,42.04517],[79.92892,42.04029],[79.91353,42.04227],[79.89278,42.03466],[79.87982,42.03435],[79.87746,42.03057],[79.85457,42.02239],[79.84468,42.01351],[79.8475,42.00359],[79.84535,42.00157],[79.85193,41.98576],[79.84888,41.98093],[79.83349,41.97634],[79.83123,41.96962],[79.81873,41.9666],[79.8163,41.9597],[79.81856,41.95101],[79.80258,41.93657],[79.80746,41.9308],[79.80189,41.91976],[79.78967,41.91159],[79.78316,41.90121],[79.76873,41.8918],[79.75343,41.9018],[79.74044,41.90243],[79.7207,41.90114],[79.70515,41.89503],[79.67855,41.89621],[79.63188,41.89254],[79.6334,41.88841],[79.61819,41.87687],[79.62111,41.87177],[79.61533,41.86028],[79.56782,41.84182],[79.55595,41.84398],[79.54777,41.83855],[79.48184,41.83754],[79.48702,41.84416],[79.46449,41.8526],[79.44155,41.84306],[79.4098,41.84098],[79.39194,41.82766],[79.38442,41.81502],[79.36872,41.80908],[79.35407,41.79549],[79.34613,41.7952],[79.33477,41.80588],[79.32277,41.80991],[79.31215,41.80076],[79.30876,41.79346],[79.29593,41.7915],[79.2833,41.77695],[79.27148,41.77464],[79.27389,41.76625],[79.24834,41.757],[79.25088,41.74974],[79.24875,41.74513],[79.22892,41.74115],[79.2301,41.73657],[79.21956,41.73123],[79.21761,41.72598],[79.18667,41.72342],[79.18242,41.72726],[79.1634,41.72876],[79.16256,41.72567],[79.14376,41.72127],[79.12517,41.72304],[79.1159,41.70631],[79.11038,41.7022],[79.09635,41.6999],[79.08292,41.68934],[79.06136,41.68917],[79.04345,41.68018],[79.02838,41.67932],[79.0266,41.67682],[79.02972,41.67167],[79.02538,41.66657],[79.02201,41.66688],[79.02213,41.65932],[79.0181,41.65649],[78.9993,41.65763],[78.99821,41.66068],[78.99027,41.66277],[78.97677,41.65506],[78.9545,41.64922],[78.95057,41.64518],[78.94165,41.64518],[78.9357,41.64029],[78.92797,41.64188],[78.92947,41.63315],[78.91852,41.63],[78.92192,41.62444],[78.9057,41.61289],[78.89106,41.61001],[78.88489,41.60529],[78.88721,41.59975],[78.88471,41.59597],[78.87448,41.59307],[78.85954,41.59763],[78.85182,41.58771],[78.85304,41.58017],[78.84105,41.57781],[78.83661,41.57234],[78.82387,41.57151],[78.82183,41.56461],[78.8155,41.55895],[78.79797,41.55909],[78.78887,41.56242],[78.77795,41.56126],[78.77522,41.55832],[78.74864,41.55654],[78.73767,41.55198],[78.7307,41.55524],[78.71322,41.55333],[78.70141,41.54618],[78.70002,41.54073],[78.68995,41.53051],[78.69467,41.52478],[78.70383,41.52144],[78.6949,41.51596],[78.69242,41.51025],[78.68163,41.51013],[78.66326,41.49925],[78.65448,41.48165],[78.64896,41.47855],[78.65054,41.47388],[78.64595,41.47046],[78.63187,41.47166],[78.62037,41.47687],[78.60737,41.46964],[78.58487,41.46864],[78.57997,41.48066],[78.56779,41.48049],[78.55736,41.47686],[78.55257,41.46875],[78.53901,41.45996],[78.53118,41.44729],[78.532,41.44199],[78.52544,41.43894],[78.51304,41.43983],[78.50682,41.43369],[78.47999,41.42672],[78.44882,41.41318],[78.43639,41.41676],[78.42891,41.41248],[78.42294,41.41543],[78.40489,41.4095],[78.40161,41.41388],[78.39351,41.41248],[78.38912,41.40833],[78.39123,41.40027],[78.38223,41.39208],[78.36076,41.3942],[78.35514,41.39131],[78.33667,41.39532],[78.32051,41.38159],[78.30838,41.39],[78.30077,41.3869],[78.28919,41.3924],[78.27832,41.38863],[78.25374,41.39248],[78.23849,41.4004],[78.22729,41.40114],[78.21827,41.39644],[78.18967,41.39421],[78.17106,41.38738],[78.15521,41.38009],[78.15433,41.37437],[78.14603,41.36763],[78.15615,41.34988],[78.15798,41.34018],[78.14882,41.33024],[78.14735,41.32102],[78.13724,41.31206],[78.13948,41.29349],[78.139,41.28674],[78.13388,41.28594],[78.13277,41.28281],[78.13127,41.25933],[78.13375,41.2462],[78.1299,41.24416],[78.13098,41.23989],[78.12396,41.22956],[78.10465,41.22286],[78.09183,41.22549],[78.08667,41.21953],[78.07757,41.21937],[78.06475,41.21126],[78.05569,41.21394],[78.05183,41.21188],[78.05206,41.2068],[78.03689,41.20076],[78.02993,41.2023],[78.0227,41.19385],[78.01201,41.19111],[77.99647,41.19233],[77.98031,41.18301],[77.97322,41.18158],[77.95973,41.19014],[77.93058,41.18609],[77.9219,41.18806],[77.90125,41.1836],[77.88282,41.1752],[77.87963,41.16783],[77.87139,41.16362],[77.83101,41.15002],[77.81084,41.13195],[77.80204,41.1114],[77.80675,41.07562],[77.82492,41.05925],[77.81187,41.04334],[77.79585,41.0487],[77.77783,41.02996],[77.77893,41.02308],[77.77043,41.02145],[77.76578,41.01486],[77.73044,41.03052],[77.72776,41.02248],[77.7081,41.01384],[77.70182,41.00642],[77.68868,41.00292],[77.66022,41.00221],[77.64698,41.01466],[77.62713,41.00369],[77.61873,41.00339],[77.6057,41.00922],[77.59827,41.00219],[77.58431,41.00266],[77.58349,40.99326],[77.55057,41.00454],[77.54273,40.99961],[77.52358,41.00218],[77.51126,40.996],[77.47258,40.99656],[77.46589,41.00452],[77.46591,41.00906],[77.47293,41.01526],[77.47073,41.0209],[77.45045,41.02246],[77.44302,41.01878],[77.43006,41.01899],[77.42494,41.02492],[77.41316,41.02608],[77.41324,41.03425],[77.40768,41.03809],[77.39971,41.0376],[77.39231,41.03093],[77.3792,41.02879],[77.37494,41.0377],[77.36078,41.03733],[77.35557,41.04009],[77.35237,41.03412],[77.31348,41.01896],[77.31195,41.01212],[77.30723,41.00909],[77.29187,41.0039],[77.27429,41.00289],[77.26234,41.00477],[77.26245,41.01386],[77.2424,41.01462],[77.24005,41.01628],[77.2456,41.02394],[77.22955,41.03031],[77.2059,41.02291],[77.18618,41.02304],[77.1871,41.01554],[77.18344,41.01028],[77.16775,41.01098],[77.14167,41.02048],[77.13896,41.02609],[77.1176,41.0274],[77.10027,41.03798],[77.10766,41.04775],[77.0893,41.05552],[77.08548,41.06195],[77.06937,41.05932],[77.043,41.06235],[77.03224,41.05799],[77.02085,41.05773],[77.01316,41.05851],[77.01303,41.06486],[76.99924,41.07124],[76.99178,41.07133],[76.96534,41.05913],[76.95953,41.04608],[76.9538,41.04458],[76.95311,41.04029],[76.92698,41.02475],[76.8933,41.01724],[76.88245,41.02758],[76.86859,41.02453],[76.86633,41.01513],[76.84745,40.99673],[76.85262,40.97692],[76.84651,40.9734],[76.81817,40.97744],[76.7959,40.96981],[76.79491,40.96314],[76.79114,40.95994],[76.78021,40.96045],[76.75366,40.95096],[76.75039,40.94159],[76.75411,40.93415],[76.74366,40.91991],[76.73899,40.91875],[76.73134,40.90416],[76.73081,40.89897],[76.73451,40.89471],[76.73282,40.89003],[76.73884,40.88705],[76.73944,40.87575],[76.72917,40.86343],[76.72657,40.8548],[76.73125,40.84406],[76.71791,40.84259],[76.71736,40.83194],[76.72127,40.82016],[76.72596,40.81731],[76.71069,40.81218],[76.70126,40.78766],[76.69313,40.78188],[76.68466,40.77694],[76.66796,40.78336],[76.66848,40.77387],[76.65493,40.7708],[76.64073,40.76192],[76.64356,40.75523],[76.63991,40.74844],[76.64742,40.73534],[76.64584,40.72578],[76.64916,40.71815],[76.66603,40.70691],[76.66764,40.69732],[76.67263,40.69428],[76.66848,40.68812],[76.65451,40.68004],[76.6582,40.66441],[76.64989,40.65731],[76.64759,40.64843],[76.65323,40.63499],[76.65423,40.6218],[76.63727,40.61307],[76.62792,40.61461],[76.61154,40.6107],[76.60408,40.60358],[76.60479,40.59222],[76.59854,40.58679],[76.5963,40.57853],[76.57387,40.5674],[76.55204,40.54548],[76.55123,40.53267],[76.53191,40.50866],[76.54027,40.50366],[76.5404,40.49087],[76.53513,40.48776],[76.53794,40.47377],[76.53523,40.46758],[76.53797,40.46498],[76.50829,40.44692],[76.50442,40.44124],[76.50496,40.42752],[76.481,40.42708],[76.48029,40.4228],[76.47171,40.41478],[76.45963,40.41592],[76.4533,40.41317],[76.45447,40.40618],[76.45224,40.40274],[76.44358,40.40137],[76.4473,40.39534],[76.43913,40.38916],[76.42464,40.38429],[76.40976,40.38525],[76.40238,40.37874],[76.3841,40.37589],[76.38074,40.38521],[76.36286,40.38316],[76.35269,40.3642],[76.34291,40.35676],[76.33965,40.34812],[76.34274,40.34071],[76.33988,40.33948],[76.33396,40.33891],[76.3247,40.35993],[76.31607,40.36421],[76.32694,40.38679],[76.32521,40.39049],[76.31481,40.39412],[76.31198,40.40603],[76.29317,40.40532],[76.27982,40.41349],[76.28597,40.42984],[76.27343,40.43845],[76.27012,40.43767],[76.26264,40.42534],[76.25165,40.42233],[76.24982,40.41822],[76.23292,40.41514],[76.22779,40.40416],[76.21495,40.39905],[76.21509,40.39631],[76.20796,40.39225],[76.19473,40.38898],[76.18504,40.38001],[76.1781,40.37946],[76.17003,40.36859],[76.15976,40.36615],[76.13774,40.36785],[76.12598,40.37541],[76.08495,40.37564],[76.07692,40.38296],[76.06801,40.38265],[76.05411,40.37251],[76.04353,40.37067],[76.04146,40.36714],[76.04724,40.35645],[76.0455,40.35525],[76.02206,40.35293],[76.0127,40.3564],[76.00948,40.36168],[76.01081,40.36497],[75.99634,40.36977],[75.99774,40.37586],[75.99131,40.38146],[75.97519,40.38115],[75.95469,40.3761],[75.95232,40.37391],[75.95979,40.36366],[75.94665,40.35152],[75.94227,40.3415],[75.927,40.33577],[75.92327,40.32203],[75.93139,40.31198],[75.92786,40.30678],[75.92954,40.30248],[75.92236,40.29818],[75.92246,40.29486],[75.91331,40.2923],[75.90939,40.29495],[75.90759,40.30299],[75.89386,40.30709],[75.88546,40.30623],[75.87875,40.31265],[75.8503,40.31126],[75.83303,40.31476],[75.82668,40.32286],[75.82675,40.32732],[75.82145,40.32855],[75.81051,40.32662],[75.80426,40.31311],[75.78953,40.31087],[75.77936,40.30155],[75.75507,40.30396],[75.74491,40.29537],[75.74089,40.29572],[75.73724,40.3018],[75.72786,40.30064],[75.72187,40.29774],[75.71906,40.28739],[75.70876,40.28529],[75.70485,40.28094],[75.69755,40.2815],[75.69217,40.28483],[75.69088,40.29157],[75.69208,40.29999],[75.69601,40.29941],[75.69965,40.3038],[75.69576,40.31442],[75.68486,40.3226],[75.68594,40.33065],[75.68054,40.33762],[75.6813,40.34476],[75.66451,40.35418],[75.66125,40.36336],[75.66459,40.37136],[75.6728,40.37745],[75.66941,40.38495],[75.6698,40.397],[75.67983,40.42009],[75.68976,40.42443],[75.69066,40.4288],[75.71019,40.44358],[75.70747,40.45433],[75.72081,40.46223],[75.7195,40.4657],[75.7233,40.47109],[75.72165,40.47541],[75.70788,40.48211],[75.69317,40.48532],[75.68697,40.49117],[75.68732,40.49905],[75.67778,40.5006],[75.66888,40.49665],[75.66627,40.50018],[75.648,40.50505],[75.63917,40.52115],[75.64137,40.5281],[75.62352,40.54661],[75.62176,40.60169],[75.63169,40.62009],[75.61931,40.62762],[75.6178,40.63185],[75.61013,40.63363],[75.61611,40.64104],[75.6117,40.64602],[75.59726,40.64561],[75.59881,40.65696],[75.59109,40.66286],[75.53368,40.64504],[75.52778,40.63676],[75.51669,40.63446],[75.48765,40.61918],[75.47772,40.60615],[75.46203,40.60311],[75.45796,40.59158],[75.44829,40.57955],[75.43472,40.57341],[75.42942,40.56494],[75.41468,40.5554],[75.39188,40.55255],[75.38051,40.54497],[75.37481,40.54865],[75.37041,40.54719],[75.35412,40.5368],[75.34553,40.53568],[75.34136,40.53105],[75.32802,40.53193],[75.3293,40.52035],[75.31568,40.51595],[75.30145,40.50447],[75.29964,40.49941],[75.30394,40.49611],[75.30114,40.4904],[75.28503,40.48005],[75.26474,40.48296],[75.25746,40.47998],[75.26075,40.47203],[75.23844,40.46046],[75.23861,40.44841],[75.2219,40.44499],[75.21617,40.44847],[75.20776,40.4453],[75.18354,40.4487],[75.17734,40.45523],[75.14564,40.45701],[75.13974,40.46126],[75.12449,40.45828],[75.11856,40.45151],[75.10627,40.44556],[75.1018,40.43689],[75.08982,40.43511],[75.08469,40.44251],[75.07609,40.44073],[75.05642,40.44739],[75.05244,40.44419],[75.04532,40.44867],[75.04493,40.45269],[75.03517,40.45223],[75.01807,40.46658],[74.98882,40.45188],[74.96484,40.46101],[74.95412,40.46957],[74.92871,40.47777],[74.91844,40.48573],[74.92154,40.49261],[74.91242,40.4972],[74.89023,40.50325],[74.87776,40.51139],[74.87032,40.51044],[74.83739,40.52063],[74.81594,40.50491],[74.81951,40.48967],[74.81164,40.47379],[74.81565,40.46806],[74.81086,40.46498],[74.80807,40.45523],[74.79027,40.45579],[74.78939,40.44796],[74.79556,40.44046],[74.79628,40.43467],[74.80472,40.42631],[74.8144,40.42331],[74.81539,40.41834],[74.82242,40.41626],[74.82643,40.41093],[74.83851,40.40744],[74.84401,40.40148],[74.84493,40.39513],[74.85761,40.39133],[74.85827,40.38549],[74.86343,40.38359],[74.86565,40.37658],[74.879,40.36296],[74.90522,40.35358],[74.91037,40.34641],[74.89882,40.33921],[74.88901,40.34082],[74.88211,40.33389],[74.87138,40.33219],[74.86142,40.32385],[74.85036,40.32627],[74.83039,40.34065],[74.82287,40.34153],[74.82137,40.34504],[74.8149,40.34566],[74.811,40.34967],[74.78901,40.35336],[74.76398,40.34741],[74.74834,40.35235],[74.73461,40.34452],[74.71115,40.34936],[74.69175,40.34936],[74.69701,40.33814],[74.70198,40.33452],[74.69447,40.31414],[74.67897,40.2968],[74.68451,40.28931],[74.66112,40.27329],[74.65371,40.27184],[74.64103,40.27193],[74.63847,40.27917],[74.63141,40.28293],[74.61656,40.27973],[74.60621,40.28415],[74.60111,40.28122],[74.59132,40.28223],[74.5852,40.27775],[74.58157,40.26868],[74.5639,40.25891],[74.55861,40.24558],[74.55031,40.24063],[74.54019,40.22301],[74.52491,40.20863],[74.4993,40.20475],[74.49165,40.19991],[74.48529,40.18662],[74.47313,40.18154],[74.45372,40.15658],[74.42435,40.14266],[74.42245,40.13819],[74.40499,40.13457],[74.39963,40.13003],[74.40022,40.12631],[74.3937,40.12507],[74.39126,40.11927],[74.37658,40.11591],[74.36897,40.10277],[74.36247,40.10339],[74.34624,40.09353],[74.33858,40.0936],[74.32981,40.09997],[74.31981,40.10188],[74.31122,40.11235],[74.30387,40.1145],[74.28868,40.10342],[74.27865,40.10399],[74.26505,40.11856],[74.2665,40.12401],[74.25777,40.1334],[74.23842,40.12283],[74.22957,40.12134],[74.22347,40.12555],[74.21486,40.12617],[74.17496,40.11433],[74.15923,40.1149],[74.15587,40.10966],[74.14604,40.10509],[74.12339,40.1105],[74.1138,40.10339],[74.11532,40.09945],[74.10916,40.09492],[74.10569,40.08629],[74.0928,40.08856],[74.08806,40.08192],[74.0772,40.07962],[74.0665,40.07946],[74.05433,40.09341],[74.0417,40.09908],[74.01167,40.07923],[74.01784,40.07085],[74.00353,40.06421],[73.99811,40.04544],[73.98282,40.04786],[73.95433,40.03335],[73.93693,40.03202],[73.9346,40.02179],[73.96935,40.01473],[73.97547,40.00511],[73.95913,39.97586],[73.9511,39.97346],[73.93196,39.95777],[73.90751,39.9197],[73.90596,39.91093],[73.92088,39.90633],[73.91167,39.88019],[73.91331,39.87457],[73.90764,39.86564],[73.90381,39.86247],[73.88287,39.86255],[73.87824,39.85204],[73.85814,39.84598],[73.85793,39.8418],[73.84715,39.83505],[73.84917,39.83357],[73.83913,39.80814],[73.83944,39.79323],[73.83332,39.78198],[73.83985,39.76752],[73.83928,39.75585],[73.86171,39.75737],[73.86643,39.75625],[73.86757,39.7477],[73.90532,39.74493],[73.90637,39.7359],[73.91279,39.72849],[73.91938,39.72656],[73.91249,39.72005],[73.91318,39.71632],[73.9263,39.70568],[73.92681,39.70085],[73.92304,39.69615],[73.92468,39.68538],[73.93717,39.66527],[73.94133,39.63061],[73.94904,39.62187],[73.94494,39.61219],[73.94858,39.60221],[73.94717,39.59786],[73.93593,39.5978],[73.93269,39.59276],[73.92623,39.59454],[73.91075,39.59001],[73.91448,39.58416],[73.9124,39.57712],[73.91689,39.57053],[73.91449,39.56367],[73.90586,39.56113],[73.90168,39.55584],[73.89263,39.55572],[73.88852,39.54722],[73.87798,39.54409],[73.89238,39.53374],[73.88837,39.52519],[73.88291,39.52378],[73.87318,39.51275],[73.87432,39.50387],[73.87109,39.49895],[73.87708,39.49328],[73.87398,39.48286],[73.84559,39.47687],[73.8382,39.47215],[73.81249,39.46753],[73.77944,39.4687],[73.75799,39.46243],[73.72408,39.46086],[73.69564,39.46567],[73.67649,39.46274],[73.66387,39.47182],[73.65288,39.47021],[73.64434,39.47463],[73.6191,39.46865],[73.61252,39.46175],[73.60001,39.45883],[73.59338,39.46717],[73.58737,39.46818],[73.56708,39.4559],[73.54008,39.46268],[73.53091,39.46929],[73.52018,39.46934],[73.51375,39.47455],[73.49374,39.46851],[73.47696,39.47107],[73.46602,39.46444],[73.45111,39.46384],[73.44528,39.46006],[73.44166,39.45186],[73.43026,39.44912],[73.39365,39.45319],[73.39267,39.44668],[73.38259,39.4438],[73.3711,39.43285],[73.35721,39.43463],[73.35186,39.43142],[73.35228,39.42568],[73.3598,39.42119],[73.36322,39.4087],[73.35373,39.39793],[73.35367,39.39311],[73.32652,39.39035],[73.32024,39.38228],[73.29506,39.38686],[73.27541,39.38135],[73.26059,39.38549],[73.25203,39.38097],[73.24395,39.36181],[73.23118,39.35795],[73.21741,39.36375],[73.1903,39.3509],[73.1852,39.35363],[73.16196,39.35165],[73.12709,39.37066],[73.10655,39.37518],[73.09437,39.3701],[73.07393,39.36901],[73.07087,39.36769],[73.06919,39.35932],[73.05959,39.35859],[73.04721,39.3523],[73.02234,39.35547],[73.00772,39.3643],[72.98458,39.35726],[72.97177,39.35801],[72.95694,39.34775],[72.94217,39.36054],[72.93902,39.37133],[72.9328,39.3723],[72.90392,39.3656],[72.88395,39.35214],[72.87782,39.34453],[72.85664,39.35224],[72.84472,39.35266],[72.83187,39.36294],[72.81663,39.36096],[72.79051,39.34601],[72.78383,39.34868],[72.78392,39.35842],[72.77964,39.36423],[72.76582,39.36537],[72.75305,39.37186],[72.74086,39.37215],[72.71663,39.38433],[72.70631,39.38565],[72.69447,39.39607],[72.67481,39.38841],[72.66265,39.39172],[72.64635,39.38737],[72.62893,39.39438],[72.61317,39.39499],[72.59834,39.36551],[72.59101,39.36347],[72.58315,39.35576],[72.56872,39.35123],[72.56282,39.35332],[72.56029,39.35985],[72.55254,39.36631],[72.55098,39.37586],[72.54731,39.37933],[72.52353,39.38151],[72.50115,39.37618],[72.49064,39.37944],[72.48533,39.37826],[72.47246,39.362],[72.48084,39.35494],[72.47766,39.34944],[72.43622,39.34689],[72.4328,39.3423],[72.40065,39.34204],[72.39568,39.3406],[72.39292,39.33457],[72.37774,39.32952],[72.34504,39.33328],[72.33919,39.32985],[72.33165,39.3174],[72.3117,39.31544],[72.31594,39.30853],[72.30936,39.29648],[72.29979,39.28996],[72.30243,39.27722],[72.28838,39.25993],[72.28317,39.24071],[72.27456,39.23165],[72.27626,39.2262],[72.26312,39.2234],[72.26495,39.21821],[72.2441,39.20847],[72.24733,39.19154],[72.24387,39.18398],[72.23224,39.1805],[72.21545,39.19536],[72.20938,39.2198],[72.21188,39.23288],[72.20024,39.24202],[72.18537,39.24108],[72.18226,39.24382],[72.17987,39.25318],[72.1817,39.25889],[72.17376,39.26945],[72.1629,39.26772],[72.15246,39.27331],[72.10689,39.26643],[72.08917,39.27748],[72.07463,39.30631],[72.08098,39.32054],[72.06963,39.33261],[72.07165,39.33818],[72.06682,39.34301],[72.07027,39.35295],[72.04274,39.37056],[72.02899,39.35569],[72.01524,39.34981],[71.99548,39.35323],[71.97859,39.34795],[71.97809,39.3391],[71.95846,39.33898],[71.94616,39.31969],[71.93191,39.3214],[71.92879,39.31812],[71.92563,39.29706],[71.90421,39.28602],[71.86385,39.2875],[71.85869,39.28516],[71.84537,39.29061],[71.82705,39.28453],[71.81725,39.27634],[71.80751,39.27681],[71.8037,39.27179],[71.79353,39.27884],[71.78994,39.29074],[71.77375,39.30593],[71.77246,39.31205],[71.75995,39.32734],[71.75309,39.33074],[71.75195,39.33506],[71.77436,39.3569],[71.76863,39.36364],[71.79552,39.37356],[71.80872,39.39033],[71.80856,39.3999],[71.8018,39.40934],[71.80258,39.42793],[71.79509,39.43538],[71.79019,39.43566],[71.78309,39.44547],[71.78181,39.45329],[71.78609,39.45727],[71.78535,39.46117],[71.77676,39.4638],[71.76037,39.46216],[71.74872,39.458],[71.74214,39.45893],[71.73411,39.4539],[71.7281,39.45705],[71.72239,39.45422],[71.71076,39.45869],[71.70202,39.45491],[71.6904,39.45639],[71.67808,39.4495],[71.63284,39.44548],[71.62396,39.45536],[71.62302,39.46232],[71.61096,39.45972],[71.59747,39.4469],[71.58087,39.4577],[71.56147,39.45916],[71.55235,39.46831],[71.55257,39.47526],[71.5571,39.47915],[71.54704,39.48847],[71.53862,39.51406],[71.54659,39.53126],[71.55444,39.53519],[71.55155,39.5431],[71.5568,39.5445],[71.55799,39.55097],[71.57007,39.56228],[71.56584,39.5701],[71.56697,39.5752],[71.54266,39.59997],[71.52583,39.59897],[71.51856,39.61003],[71.50406,39.61129],[71.49953,39.61699]],[[71.79215,40.00831],[71.79672,40.00189],[71.78164,39.99573],[71.78848,39.99181],[71.77632,39.98737],[71.76333,39.97733],[71.73823,39.9768],[71.71565,39.96811],[71.71696,39.95219],[71.72183,39.9587],[71.74734,39.95361],[71.74253,39.93804],[71.745,39.93381],[71.75391,39.935],[71.77431,39.95032],[71.77732,39.96207],[71.79,39.9667],[71.7959,39.95897],[71.82654,39.9563],[71.84544,39.94642],[71.84795,39.96069],[71.85497,39.96932],[71.85887,39.98421],[71.8287,39.98592],[71.82001,39.98976],[71.81874,40.00102],[71.81589,40.0031],[71.79215,40.00831]],[[71.66051,40.20687],[71.66028,40.20181],[71.67109,40.19668],[71.67244,40.20159],[71.66051,40.20687]],[[71.19967,39.95235],[71.14381,39.95169],[71.13306,39.95479],[71.13254,39.95865],[71.15902,39.96411],[71.16951,39.97504],[71.16643,39.97757],[71.16834,39.98708],[71.14195,40.00032],[71.18325,40.00084],[71.18689,40.01086],[71.19451,40.01437],[71.20868,40.03666],[71.18677,40.03277],[71.18042,40.02734],[71.1418,40.0266],[71.13544,40.01841],[71.12634,40.01599],[71.11594,40.02061],[71.11892,40.03688],[71.10283,40.05657],[71.1037,40.06615],[71.10047,40.07593],[71.1025,40.08783],[71.09713,40.09374],[71.09026,40.09427],[71.09204,40.10713],[71.08359,40.12043],[71.07749,40.14941],[71.06815,40.1655],[71.0462,40.18423],[71.04233,40.18196],[71.04624,40.17594],[71.03913,40.17297],[71.03603,40.18078],[71.02095,40.17815],[71.0006,40.18513],[71.0003,40.17925],[71.00867,40.16693],[71.01933,40.12024],[71.01509,40.09237],[71.00491,40.08142],[71.0102,40.05099],[71.02419,40.03653],[71.04656,40.02335],[71.0749,40.02464],[71.09487,40.01961],[71.10801,40.02162],[71.11472,40.01503],[71.11362,39.99317],[71.10678,39.99061],[71.10231,39.99926],[71.09391,39.9965],[71.08991,39.99026],[71.09928,39.9817],[71.0984,39.97249],[71.10733,39.96776],[71.11891,39.96824],[71.12092,39.95957],[71.09094,39.94937],[71.07762,39.93569],[71.07777,39.91515],[71.0666,39.90841],[71.05788,39.90848],[71.04825,39.90108],[71.06639,39.89556],[71.0818,39.89642],[71.0937,39.89076],[71.09444,39.88539],[71.09906,39.88863],[71.09485,39.89828],[71.09853,39.91369],[71.10353,39.91401],[71.10305,39.90756],[71.10781,39.90604],[71.10599,39.9131],[71.10908,39.91722],[71.12047,39.92252],[71.13543,39.90789],[71.12887,39.89747],[71.13117,39.88614],[71.16666,39.88771],[71.17453,39.89536],[71.19322,39.89648],[71.19983,39.90227],[71.19351,39.90674],[71.1974,39.91283],[71.21434,39.91218],[71.21765,39.91526],[71.21572,39.9275],[71.19274,39.93398],[71.19386,39.94041],[71.1885,39.94234],[71.19022,39.94824],[71.20408,39.94651],[71.21533,39.95108],[71.19967,39.95235]],[[71.03661,40.25831],[71.02531,40.24334],[71.02507,40.23927],[71.03415,40.22611],[71.03905,40.22684],[71.04131,40.23148],[71.04013,40.24403],[71.04479,40.25326],[71.04324,40.26568],[71.04099,40.2669],[71.03661,40.25831]],[[70.53007,39.88425],[70.53135,39.88031],[70.52673,39.87921],[70.52935,39.87349],[70.5214,39.86877],[70.53424,39.85176],[70.55611,39.83549],[70.54246,39.83039],[70.54244,39.82776],[70.57174,39.81544],[70.5752,39.82026],[70.58537,39.82231],[70.60326,39.8222],[70.61318,39.81561],[70.60156,39.77096],[70.60684,39.769],[70.61316,39.77532],[70.63575,39.7811],[70.64496,39.80105],[70.65039,39.8048],[70.69183,39.82939],[70.73051,39.84755],[70.72891,39.87758],[70.69185,39.86902],[70.62543,39.87513],[70.58951,39.88518],[70.52928,39.88954],[70.52626,39.88714],[70.53007,39.88425]],[[69.54567,40.07704],[69.5417,40.0657],[69.54357,40.05924],[69.54786,40.06087],[69.54931,40.06615],[69.54567,40.07704]]],[[[72.77239,40.6773],[72.77449,40.67737],[72.77472,40.66394],[72.76751,40.66],[72.75816,40.6658],[72.76021,40.67614],[72.77239,40.6773]]]]}},{"type":"Feature","properties":{"ISO_A3":"TJK","WB_A3":"TJK","WB_NAME":"Tajikistan","WB_REGION":"ECS"},"geometry":{"type":"MultiPolygon","coordinates":[[[[70.99066,38.49031],[70.97916,38.48052],[70.96587,38.47508],[70.94563,38.47659],[70.94361,38.46891],[70.94604,38.46512],[70.96181,38.45774],[70.95749,38.44733],[70.95878,38.44156],[70.95287,38.43817],[70.94794,38.43828],[70.94307,38.44293],[70.93613,38.44199],[70.93266,38.43315],[70.92677,38.43071],[70.92233,38.43105],[70.92124,38.43516],[70.90715,38.43862],[70.90683,38.44327],[70.89988,38.44946],[70.90085,38.45899],[70.8953,38.46514],[70.88266,38.46943],[70.87249,38.46913],[70.86436,38.46035],[70.85651,38.45793],[70.86101,38.45093],[70.85032,38.43842],[70.84203,38.44066],[70.84243,38.44729],[70.82633,38.45333],[70.81492,38.44479],[70.8071,38.44437],[70.7883,38.45001],[70.78394,38.4561],[70.77148,38.45632],[70.75649,38.42726],[70.74056,38.419],[70.7115,38.41471],[70.69608,38.4196],[70.67748,38.40865],[70.67405,38.40472],[70.67405,38.38848],[70.68909,38.3888],[70.6935,38.38354],[70.69348,38.37225],[70.68361,38.3636],[70.66339,38.35758],[70.66082,38.35104],[70.64217,38.34901],[70.62781,38.35309],[70.61066,38.34719],[70.61129,38.33124],[70.61482,38.32237],[70.60656,38.31334],[70.60423,38.30499],[70.60852,38.29898],[70.60509,38.28332],[70.56596,38.26798],[70.55681,38.25883],[70.5569,38.25365],[70.54611,38.24504],[70.53677,38.2218],[70.53724,38.21076],[70.52841,38.20055],[70.51783,38.1949],[70.5178,38.18776],[70.5094,38.17778],[70.5095,38.17279],[70.50292,38.1629],[70.49969,38.14703],[70.50547,38.12161],[70.49253,38.12164],[70.48138,38.11545],[70.47815,38.10954],[70.4662,38.10406],[70.43176,38.1],[70.41953,38.08907],[70.41587,38.07559],[70.40547,38.0753],[70.39751,38.06683],[70.38227,38.06281],[70.37758,38.05558],[70.3636,38.05464],[70.36276,38.05019],[70.36717,38.04407],[70.36242,38.03173],[70.3364,38.01436],[70.32956,37.9995],[70.3127,37.99765],[70.29858,37.98764],[70.29035,37.98749],[70.28553,37.96982],[70.26919,37.97373],[70.26257,37.97944],[70.25956,37.97325],[70.26659,37.9613],[70.26687,37.9528],[70.27505,37.94597],[70.27012,37.93934],[70.25975,37.93842],[70.25307,37.9444],[70.24237,37.94416],[70.21434,37.93269],[70.2117,37.92111],[70.20011,37.92961],[70.19257,37.94312],[70.1879,37.94485],[70.18349,37.94464],[70.17873,37.93553],[70.17152,37.93309],[70.17936,37.90458],[70.17732,37.89598],[70.18264,37.88644],[70.17301,37.87556],[70.18892,37.8451],[70.20515,37.8417],[70.22211,37.8326],[70.25465,37.83183],[70.26414,37.8257],[70.26929,37.81805],[70.27964,37.81564],[70.27988,37.8087],[70.27319,37.79957],[70.27649,37.7956],[70.27608,37.78812],[70.27949,37.77958],[70.29746,37.76838],[70.28663,37.75267],[70.29793,37.73657],[70.29931,37.72986],[70.28729,37.715],[70.29078,37.70806],[70.30294,37.7011],[70.30304,37.69338],[70.28586,37.68483],[70.28712,37.67771],[70.27685,37.67324],[70.27583,37.65467],[70.27154,37.64934],[70.26355,37.6498],[70.26085,37.63996],[70.2662,37.63516],[70.26283,37.62837],[70.26873,37.6217],[70.26737,37.61356],[70.26109,37.60939],[70.25079,37.6093],[70.24763,37.61542],[70.24023,37.61096],[70.23128,37.6113],[70.2141,37.6053],[70.216,37.59371],[70.2226,37.58772],[70.2218,37.58323],[70.20971,37.58514],[70.20354,37.58397],[70.20255,37.58029],[70.20923,37.57723],[70.21289,37.56785],[70.20167,37.5691],[70.19472,37.56331],[70.17839,37.57151],[70.1803,37.54936],[70.17258,37.54789],[70.17518,37.53911],[70.17091,37.52776],[70.16645,37.52406],[70.1599,37.52616],[70.15606,37.53756],[70.15078,37.53394],[70.1454,37.52281],[70.12394,37.52643],[70.11807,37.52401],[70.11008,37.52517],[70.09407,37.53488],[70.07913,37.53456],[70.07496,37.54066],[70.05885,37.54792],[70.05307,37.54824],[70.04663,37.5436],[70.0418,37.5494],[70.03409,37.55212],[70.02002,37.5475],[70.01636,37.55166],[69.99991,37.55556],[69.99911,37.56532],[69.99531,37.5674],[69.9609,37.56439],[69.94989,37.57065],[69.95088,37.58972],[69.94513,37.59651],[69.94328,37.60619],[69.93049,37.6076],[69.92251,37.6111],[69.91595,37.61912],[69.91082,37.61993],[69.88591,37.61033],[69.86646,37.61217],[69.85503,37.60411],[69.83896,37.60273],[69.82966,37.5925],[69.82153,37.57348],[69.80959,37.56782],[69.8004,37.56985],[69.77633,37.58415],[69.75521,37.58477],[69.74703,37.58856],[69.70397,37.57609],[69.64226,37.5764],[69.62051,37.57324],[69.60514,37.58048],[69.58892,37.58221],[69.56597,37.57902],[69.55615,37.58402],[69.5519,37.58171],[69.53664,37.5911],[69.5283,37.58803],[69.53076,37.58368],[69.52297,37.57959],[69.52153,37.57105],[69.5172,37.5677],[69.51833,37.56352],[69.51141,37.5594],[69.51308,37.54792],[69.49673,37.53618],[69.49707,37.53139],[69.49251,37.5295],[69.49318,37.5225],[69.47732,37.52201],[69.46052,37.51115],[69.45871,37.50599],[69.45417,37.50721],[69.4549,37.50252],[69.45885,37.50157],[69.45844,37.49654],[69.44907,37.48898],[69.43501,37.48765],[69.43511,37.48296],[69.42484,37.46579],[69.42017,37.46625],[69.41572,37.45798],[69.39899,37.45334],[69.39032,37.443],[69.3911,37.43885],[69.37873,37.43148],[69.38106,37.42331],[69.37335,37.40633],[69.37379,37.40005],[69.38295,37.39536],[69.38469,37.39096],[69.37666,37.3867],[69.37486,37.37734],[69.38128,37.37411],[69.37817,37.36243],[69.3921,37.36033],[69.39521,37.35263],[69.38594,37.34548],[69.38741,37.34182],[69.37943,37.32666],[69.38075,37.32206],[69.39233,37.31477],[69.39976,37.31827],[69.40454,37.31641],[69.40696,37.30976],[69.39952,37.30583],[69.39936,37.30191],[69.41288,37.29236],[69.40624,37.27541],[69.41615,37.26978],[69.41981,37.25719],[69.41239,37.24094],[69.42209,37.23484],[69.44836,37.23791],[69.45371,37.23499],[69.45327,37.23245],[69.42368,37.20003],[69.42272,37.19224],[69.41316,37.1848],[69.40207,37.1665],[69.39452,37.16334],[69.38423,37.16714],[69.37151,37.16527],[69.33191,37.13347],[69.32335,37.11764],[69.28496,37.11118],[69.27861,37.10459],[69.26261,37.10152],[69.25825,37.09375],[69.25077,37.09357],[69.22231,37.11328],[69.2188,37.12261],[69.20242,37.13476],[69.17773,37.14509],[69.16822,37.14588],[69.16551,37.15037],[69.12993,37.16825],[69.1257,37.17327],[69.11627,37.17486],[69.11408,37.1814],[69.09977,37.19717],[69.09986,37.20316],[69.08907,37.22326],[69.07116,37.23735],[69.05694,37.24132],[69.02885,37.25845],[69.01551,37.27871],[68.99882,37.29226],[68.99185,37.30363],[68.9846,37.30418],[68.97284,37.31177],[68.97183,37.32025],[68.95066,37.32688],[68.94569,37.32682],[68.94069,37.3216],[68.93121,37.32071],[68.9046,37.33444],[68.89427,37.32713],[68.90083,37.30827],[68.90674,37.29891],[68.92445,37.28987],[68.92828,37.27994],[68.913,37.268],[68.90067,37.26763],[68.8951,37.27071],[68.86938,37.30316],[68.84495,37.31591],[68.83271,37.31783],[68.81861,37.31182],[68.81214,37.30294],[68.80855,37.29009],[68.81629,37.27411],[68.82744,37.26987],[68.83666,37.25787],[68.83664,37.25343],[68.82978,37.24742],[68.80451,37.24676],[68.80027,37.25089],[68.80002,37.26625],[68.79611,37.27409],[68.78792,37.28556],[68.78203,37.28797],[68.75529,37.28104],[68.73413,37.26854],[68.6813,37.28003],[68.67619,37.27653],[68.67407,37.26981],[68.69004,37.24554],[68.68885,37.24287],[68.67505,37.23656],[68.65714,37.24837],[68.65215,37.24172],[68.65384,37.22419],[68.65051,37.21446],[68.64265,37.2069],[68.62907,37.20689],[68.61341,37.19564],[68.57104,37.18958],[68.56031,37.18351],[68.54218,37.16469],[68.48257,37.15797],[68.46911,37.14561],[68.45867,37.141],[68.42205,37.14419],[68.41331,37.13891],[68.40864,37.12545],[68.42241,37.11131],[68.39917,37.10139],[68.37011,37.0993],[68.32876,37.11018],[68.31078,37.10959],[68.29532,37.10516],[68.28683,37.0758],[68.29089,37.0547],[68.28866,37.04351],[68.28464,37.03675],[68.28398,37.02706],[68.27386,37.0133],[68.25866,37.00688],[68.25108,37.00851],[68.22245,37.02573],[68.19052,37.0224],[68.1477,36.99392],[68.13616,36.97323],[68.12038,36.96114],[68.09684,36.95603],[68.08459,36.94896],[68.06238,36.94319],[68.056,36.93292],[68.02952,36.92866],[68.02021,36.92261],[67.99924,36.93636],[67.9971,36.95379],[67.97257,36.96668],[67.95383,36.9703],[67.94851,36.97887],[67.95054,36.99136],[67.92176,37.00944],[67.89833,37.02898],[67.89219,37.04168],[67.89272,37.04757],[67.8988,37.05438],[67.90004,37.06423],[67.89718,37.06699],[67.89042,37.0693],[67.88075,37.06465],[67.85195,37.06232],[67.81329,37.07013],[67.79867,37.07913],[67.79348,37.09686],[67.78701,37.1037],[67.78443,37.11123],[67.78842,37.1282],[67.78587,37.14078],[67.79221,37.15282],[67.79192,37.1668],[67.78654,37.17226],[67.78845,37.18909],[67.80582,37.20629],[67.84911,37.30614],[67.84115,37.35779],[67.82894,37.38484],[67.82191,37.41682],[67.81562,37.42566],[67.81724,37.43333],[67.84215,37.48989],[67.85029,37.51956],[67.86026,37.54102],[67.86977,37.5498],[67.87675,37.56371],[67.88737,37.57072],[67.96281,37.67287],[67.99062,37.68339],[68.00567,37.70248],[68.01257,37.70537],[68.01387,37.71009],[68.00879,37.71762],[68.02137,37.72591],[68.01957,37.73127],[68.02715,37.73315],[68.03781,37.7432],[68.03998,37.75201],[68.04783,37.75528],[68.04747,37.76545],[68.05713,37.77487],[68.06372,37.79013],[68.07351,37.79564],[68.09425,37.83631],[68.10587,37.85015],[68.11576,37.86963],[68.11978,37.87157],[68.11655,37.87661],[68.12129,37.89216],[68.125,37.89543],[68.1238,37.89999],[68.12691,37.8997],[68.13125,37.90539],[68.13059,37.90847],[68.12275,37.91182],[68.13142,37.91518],[68.13715,37.92256],[68.13474,37.92648],[68.14239,37.92968],[68.14297,37.93309],[68.15272,37.9299],[68.16512,37.9358],[68.1776,37.93128],[68.1878,37.93507],[68.19259,37.93468],[68.19232,37.93244],[68.21815,37.93335],[68.25395,37.92136],[68.25914,37.91107],[68.26428,37.90839],[68.28404,37.92664],[68.27712,37.93069],[68.27252,37.94025],[68.28338,37.94431],[68.27989,37.94855],[68.28556,37.95518],[68.27982,37.96567],[68.28683,37.96992],[68.28442,37.97899],[68.28768,37.98305],[68.28563,37.98796],[68.28914,37.99933],[68.29925,38.0081],[68.30782,38.02855],[68.32114,38.03207],[68.32391,38.03524],[68.32316,38.04251],[68.33655,38.04995],[68.34296,38.05951],[68.35561,38.06256],[68.37093,38.07398],[68.37747,38.08592],[68.3729,38.09329],[68.37569,38.09991],[68.38167,38.10175],[68.37657,38.11169],[68.37837,38.11885],[68.38959,38.1355],[68.38657,38.14111],[68.39539,38.14243],[68.39468,38.15357],[68.39939,38.15829],[68.39951,38.16708],[68.40536,38.18118],[68.40248,38.19288],[68.40462,38.19738],[68.38298,38.20123],[68.37856,38.20728],[68.37861,38.21697],[68.37398,38.22409],[68.37379,38.24195],[68.37079,38.24584],[68.36218,38.23943],[68.33336,38.2343],[68.3191,38.24078],[68.31694,38.25069],[68.30239,38.25567],[68.29072,38.29465],[68.29686,38.31531],[68.28965,38.3222],[68.27908,38.32372],[68.26345,38.32039],[68.25826,38.32324],[68.24955,38.3184],[68.23278,38.32186],[68.22619,38.3279],[68.22375,38.33802],[68.21273,38.33631],[68.20971,38.33868],[68.21386,38.34406],[68.1985,38.36387],[68.16228,38.37257],[68.15972,38.38603],[68.1501,38.39759],[68.14288,38.39901],[68.14472,38.40833],[68.13931,38.41325],[68.10355,38.40487],[68.0933,38.3922],[68.06467,38.39314],[68.06853,38.40971],[68.06633,38.41075],[68.0732,38.42015],[68.09801,38.43719],[68.09768,38.44395],[68.10551,38.44741],[68.10572,38.45321],[68.12307,38.47455],[68.1226,38.47793],[68.11077,38.48728],[68.09875,38.49295],[68.11024,38.49899],[68.10354,38.5089],[68.10125,38.51998],[68.08524,38.51718],[68.08416,38.53333],[68.07091,38.53376],[68.06789,38.54968],[68.05903,38.56074],[68.06278,38.5771],[68.07428,38.58307],[68.07931,38.59098],[68.07772,38.61125],[68.07268,38.6193],[68.07468,38.62752],[68.08858,38.63381],[68.09297,38.64145],[68.08056,38.6528],[68.08246,38.65601],[68.07743,38.66606],[68.08265,38.67252],[68.07352,38.68152],[68.07358,38.68794],[68.0654,38.69593],[68.05689,38.71033],[68.05712,38.71499],[68.07917,38.72707],[68.10906,38.728],[68.12806,38.73254],[68.12253,38.75141],[68.0984,38.77593],[68.10014,38.77901],[68.09287,38.79144],[68.06554,38.79946],[68.06993,38.8038],[68.06687,38.80636],[68.06953,38.81826],[68.09459,38.81328],[68.11492,38.81845],[68.12464,38.81716],[68.13411,38.81844],[68.13291,38.82592],[68.15377,38.82617],[68.17095,38.8318],[68.17336,38.84463],[68.20125,38.85674],[68.20083,38.86713],[68.18147,38.87594],[68.17808,38.8926],[68.19306,38.8958],[68.19664,38.90444],[68.19482,38.9129],[68.2073,38.91827],[68.2069,38.9222],[68.19537,38.93882],[68.17114,38.94777],[68.16132,38.94569],[68.13353,38.96299],[68.13145,38.96794],[68.13894,38.97359],[68.14054,38.97892],[68.13375,38.98465],[68.13062,38.99739],[68.11658,39.00273],[68.11885,39.00727],[68.11258,39.01506],[68.10244,39.01613],[68.0944,39.02298],[68.07839,39.02625],[68.06547,39.02346],[68.06412,39.01848],[68.05926,39.01677],[68.04058,39.01628],[68.02847,39.00867],[68.02022,39.0138],[67.99956,39.01789],[67.99523,39.0218],[67.99358,39.02948],[67.98568,39.03321],[67.96625,39.02272],[67.94468,39.02104],[67.93923,39.0251],[67.92988,39.02243],[67.92065,39.02587],[67.90556,39.01786],[67.89208,39.019],[67.87133,39.00194],[67.85901,39.00251],[67.81993,39.01657],[67.81292,39.01261],[67.79521,39.01093],[67.76677,39.016],[67.75103,39.00047],[67.74093,39.00483],[67.71957,38.99659],[67.70897,38.99705],[67.70753,39.00054],[67.69539,39.00553],[67.69367,39.0128],[67.68294,39.02018],[67.68532,39.02696],[67.6788,39.03914],[67.68415,39.04439],[67.6806,39.0501],[67.68302,39.05327],[67.68099,39.05782],[67.67424,39.05911],[67.67084,39.06432],[67.67363,39.07374],[67.66858,39.08183],[67.66991,39.08982],[67.66665,39.09316],[67.67177,39.09598],[67.67475,39.10317],[67.67292,39.10783],[67.67817,39.11388],[67.67624,39.11637],[67.67935,39.12676],[67.67591,39.14585],[67.63626,39.14417],[67.62702,39.15024],[67.62614,39.16916],[67.61315,39.1747],[67.61088,39.17992],[67.59919,39.18205],[67.59619,39.18639],[67.58757,39.18922],[67.55167,39.18119],[67.49774,39.18562],[67.49389,39.18836],[67.49648,39.1933],[67.49203,39.19494],[67.49365,39.19806],[67.45677,39.20084],[67.4522,39.20715],[67.43886,39.21267],[67.40904,39.21528],[67.41137,39.22082],[67.4096,39.22528],[67.35842,39.22752],[67.3417,39.23383],[67.3539,39.24165],[67.36344,39.26232],[67.35864,39.26475],[67.35716,39.27139],[67.35604,39.27847],[67.35914,39.28623],[67.33749,39.30536],[67.38637,39.31461],[67.39497,39.31093],[67.41258,39.30992],[67.41535,39.31262],[67.43067,39.30951],[67.46117,39.3134],[67.47516,39.32607],[67.47756,39.33304],[67.47402,39.3451],[67.48784,39.37803],[67.48322,39.38852],[67.48411,39.40614],[67.48171,39.40911],[67.46832,39.40964],[67.46332,39.41274],[67.46365,39.41953],[67.45986,39.42413],[67.46097,39.43772],[67.45545,39.44031],[67.46381,39.45219],[67.46461,39.46282],[67.45809,39.47406],[67.44749,39.48919],[67.43589,39.49901],[67.40327,39.51024],[67.40316,39.51466],[67.39842,39.51583],[67.39813,39.52173],[67.3946,39.5231],[67.39692,39.52834],[67.40176,39.53329],[67.41545,39.52939],[67.46442,39.53325],[67.46846,39.53137],[67.47165,39.53432],[67.47067,39.53878],[67.44423,39.55286],[67.45535,39.57447],[67.45103,39.57613],[67.45182,39.57833],[67.4628,39.57484],[67.47826,39.5782],[67.4835,39.57641],[67.49989,39.58369],[67.50635,39.57946],[67.51953,39.57922],[67.53348,39.58885],[67.55609,39.58858],[67.56437,39.59444],[67.5772,39.5957],[67.58274,39.60078],[67.59459,39.59674],[67.6279,39.60014],[67.63104,39.6018],[67.62953,39.61501],[67.64781,39.62514],[67.64776,39.63069],[67.65177,39.63528],[67.66122,39.6375],[67.66466,39.64225],[67.68356,39.63898],[67.70654,39.65995],[67.76604,39.6406],[67.78313,39.64691],[67.79172,39.65747],[67.79499,39.65682],[67.81821,39.64671],[67.83646,39.63056],[67.86108,39.62406],[67.87606,39.62797],[67.88174,39.62458],[67.88407,39.61737],[67.89261,39.61513],[67.89588,39.61076],[67.91146,39.61004],[67.94114,39.59929],[67.95055,39.60376],[67.97111,39.60349],[67.97621,39.60593],[67.97879,39.60109],[68.00267,39.58957],[68.01137,39.59111],[68.0212,39.5856],[68.02737,39.58664],[68.02736,39.58228],[68.03877,39.57719],[68.06258,39.57373],[68.08091,39.5783],[68.11679,39.56024],[68.1377,39.56146],[68.14474,39.56902],[68.15563,39.56298],[68.17671,39.56879],[68.19164,39.55676],[68.20496,39.55306],[68.24059,39.55612],[68.25109,39.5625],[68.26707,39.55788],[68.28638,39.55975],[68.29758,39.55034],[68.30839,39.55415],[68.33883,39.54376],[68.35077,39.53812],[68.35687,39.53158],[68.37015,39.53064],[68.37662,39.53762],[68.39171,39.54478],[68.40723,39.54085],[68.41602,39.54212],[68.42432,39.53772],[68.44408,39.53992],[68.45579,39.53362],[68.46383,39.53839],[68.4792,39.53603],[68.49044,39.54248],[68.50142,39.54003],[68.51117,39.53087],[68.52428,39.53237],[68.53075,39.54446],[68.54148,39.54969],[68.54709,39.55838],[68.54084,39.56551],[68.5358,39.56644],[68.54075,39.58575],[68.54739,39.59444],[68.55219,39.59975],[68.57023,39.60126],[68.58106,39.62213],[68.59956,39.62459],[68.6101,39.63765],[68.61499,39.63496],[68.61806,39.64089],[68.62148,39.66927],[68.62969,39.68349],[68.62141,39.69119],[68.62063,39.69665],[68.60403,39.70643],[68.59886,39.71415],[68.58639,39.72296],[68.58926,39.7374],[68.60918,39.74115],[68.61545,39.75067],[68.62418,39.75316],[68.62485,39.75663],[68.61862,39.76308],[68.62194,39.77048],[68.63274,39.77127],[68.64196,39.77725],[68.63784,39.78617],[68.63979,39.8053],[68.64383,39.81152],[68.63957,39.83226],[68.6323,39.83332],[68.63155,39.83736],[68.63586,39.84342],[68.64581,39.84766],[68.66788,39.84633],[68.68341,39.85208],[68.71695,39.84953],[68.73553,39.8438],[68.75128,39.84693],[68.76244,39.84571],[68.77137,39.85138],[68.78823,39.84709],[68.85142,39.85007],[68.87353,39.85315],[68.87737,39.86177],[68.88155,39.86209],[68.88566,39.85762],[68.89914,39.86006],[68.90758,39.86738],[68.91297,39.88826],[68.91816,39.89143],[68.93344,39.91374],[68.93511,39.92595],[68.9241,39.93666],[68.91322,39.95421],[68.91264,39.96982],[68.89686,40.00008],[68.86455,40.03519],[68.86611,40.03746],[68.85707,40.05062],[68.86548,40.0528],[68.85599,40.06151],[68.85081,40.07142],[68.89301,40.06631],[68.89381,40.06311],[68.88623,40.05863],[68.89432,40.04488],[68.89874,40.04604],[68.89606,40.05801],[68.90213,40.06703],[68.90627,40.06796],[68.91618,40.06128],[68.9684,40.06454],[68.95712,40.08286],[68.96041,40.08824],[68.97068,40.09277],[68.99508,40.0938],[69.02005,40.11671],[69.02394,40.12677],[69.02163,40.15724],[68.99865,40.15724],[68.98158,40.14713],[68.9358,40.15158],[68.88212,40.13725],[68.85834,40.12654],[68.84727,40.12655],[68.84689,40.12253],[68.83835,40.11962],[68.80086,40.1182],[68.77331,40.10679],[68.76899,40.10192],[68.73518,40.10341],[68.70194,40.09628],[68.69121,40.09679],[68.63341,40.07674],[68.531,40.11784],[68.53313,40.14347],[68.55514,40.15053],[68.59845,40.157],[68.66047,40.17409],[68.68855,40.17753],[68.70123,40.18354],[68.77958,40.20365],[68.79718,40.17264],[68.85349,40.18735],[68.84733,40.19513],[68.85205,40.19772],[68.85167,40.20319],[68.86265,40.21047],[69.03436,40.22906],[69.07222,40.22159],[69.14913,40.21585],[69.16962,40.20883],[69.21021,40.21296],[69.22824,40.20858],[69.24603,40.20837],[69.26314,40.20058],[69.27261,40.20221],[69.28196,40.19913],[69.29967,40.1888],[69.30524,40.18854],[69.30541,40.19423],[69.30139,40.19436],[69.29891,40.20723],[69.2907,40.21716],[69.28869,40.22597],[69.29724,40.23405],[69.30159,40.24518],[69.26235,40.25831],[69.2597,40.26461],[69.24756,40.27501],[69.24855,40.2811],[69.25464,40.28421],[69.25226,40.2911],[69.24643,40.29551],[69.24907,40.30357],[69.30736,40.28191],[69.31149,40.29052],[69.32284,40.29296],[69.32812,40.2974],[69.32761,40.30819],[69.33808,40.32141],[69.34054,40.33909],[69.3363,40.34872],[69.31616,40.35668],[69.30294,40.36772],[69.30648,40.38684],[69.29195,40.39639],[69.29105,40.4032],[69.29779,40.40795],[69.29842,40.41179],[69.28385,40.41953],[69.28397,40.44352],[69.27951,40.45172],[69.26783,40.45984],[69.27181,40.46815],[69.26657,40.47601],[69.2724,40.47944],[69.26986,40.48421],[69.2722,40.4882],[69.27809,40.48909],[69.27938,40.49338],[69.26287,40.49988],[69.25635,40.50712],[69.24816,40.5101],[69.24027,40.52013],[69.23079,40.52269],[69.22042,40.53109],[69.22107,40.53606],[69.21208,40.54083],[69.21299,40.54653],[69.23215,40.55327],[69.261,40.57604],[69.27593,40.57413],[69.28421,40.58196],[69.31869,40.57884],[69.3439,40.58124],[69.34694,40.58535],[69.34746,40.61476],[69.33885,40.64304],[69.33894,40.66772],[69.34693,40.69096],[69.34601,40.7227],[69.34948,40.72678],[69.35594,40.72694],[69.35111,40.73109],[69.35289,40.73268],[69.36296,40.73458],[69.35977,40.73933],[69.36459,40.74416],[69.35991,40.749],[69.36167,40.75392],[69.35745,40.75607],[69.35939,40.76052],[69.34743,40.77518],[69.36763,40.78812],[69.37328,40.79094],[69.38905,40.78435],[69.39463,40.76876],[69.40786,40.75233],[69.42111,40.76086],[69.42149,40.76903],[69.42819,40.78305],[69.44491,40.78967],[69.45864,40.7848],[69.4626,40.79342],[69.47227,40.79891],[69.47569,40.80921],[69.49245,40.81164],[69.4941,40.80074],[69.49888,40.79534],[69.49944,40.78188],[69.51611,40.77828],[69.51799,40.78238],[69.52425,40.77554],[69.53455,40.77711],[69.53685,40.77145],[69.54554,40.7724],[69.55358,40.76824],[69.57169,40.74352],[69.57556,40.73257],[69.57259,40.72851],[69.57358,40.72314],[69.58211,40.7115],[69.58368,40.70413],[69.59327,40.69736],[69.61488,40.69143],[69.62442,40.67823],[69.65193,40.6712],[69.6522,40.66685],[69.66711,40.64933],[69.66905,40.64251],[69.66657,40.63798],[69.66926,40.63449],[69.69978,40.62758],[69.71511,40.63107],[69.71916,40.62878],[69.73704,40.63557],[69.7395,40.64073],[69.74588,40.644],[69.75869,40.64546],[69.76437,40.65112],[69.76163,40.66052],[69.77319,40.6673],[69.7753,40.67506],[69.79039,40.69096],[69.79405,40.70318],[69.8087,40.70469],[69.81781,40.70938],[69.82485,40.70079],[69.83565,40.70082],[69.84417,40.7086],[69.86039,40.71413],[69.87054,40.71409],[69.88897,40.72534],[69.89438,40.71991],[69.91567,40.72137],[69.93164,40.71732],[69.93911,40.71872],[69.95061,40.72657],[69.96211,40.72634],[69.96374,40.73171],[69.97451,40.73919],[70.00431,40.73605],[70.03078,40.74444],[70.04073,40.75382],[70.06826,40.75518],[70.09812,40.78218],[70.11473,40.78795],[70.12439,40.80822],[70.12014,40.81443],[70.12775,40.82204],[70.14235,40.8245],[70.16103,40.83415],[70.17375,40.83164],[70.18113,40.8338],[70.20231,40.82273],[70.26622,40.85006],[70.27464,40.86728],[70.28713,40.87507],[70.30451,40.87712],[70.3258,40.88667],[70.33566,40.88262],[70.34341,40.88468],[70.37254,40.89832],[70.37927,40.91824],[70.37555,40.92307],[70.37108,40.94323],[70.38294,40.94706],[70.3885,40.95403],[70.38976,40.96993],[70.38266,40.97986],[70.37517,41.00276],[70.39035,41.01352],[70.39709,41.02638],[70.41419,41.03472],[70.43013,41.03693],[70.44477,41.04482],[70.45149,41.0383],[70.45818,41.03656],[70.46786,41.04149],[70.47365,41.041],[70.47704,41.03604],[70.48375,41.03376],[70.48844,41.02354],[70.51318,41.01122],[70.51973,40.99863],[70.52108,40.98776],[70.53545,40.97986],[70.55201,40.9818],[70.55829,40.97583],[70.56625,40.96774],[70.56924,40.95919],[70.58317,40.95025],[70.58795,40.93872],[70.59759,40.93224],[70.59627,40.92679],[70.60568,40.91322],[70.60605,40.90661],[70.62537,40.89591],[70.63038,40.8874],[70.63879,40.88318],[70.64436,40.87642],[70.6451,40.86848],[70.66558,40.85242],[70.67011,40.85254],[70.67928,40.84246],[70.69865,40.83555],[70.71364,40.8249],[70.72793,40.80922],[70.71963,40.80036],[70.7045,40.80044],[70.74394,40.7737],[70.74627,40.76784],[70.74018,40.76644],[70.74185,40.76492],[70.76388,40.7582],[70.78636,40.742],[70.79466,40.73455],[70.79727,40.71965],[70.77745,40.71673],[70.76463,40.68632],[70.75809,40.68308],[70.73453,40.68777],[70.7301,40.68479],[70.73136,40.67307],[70.73682,40.66601],[70.73613,40.6583],[70.72821,40.6553],[70.71581,40.66341],[70.70672,40.66353],[70.69348,40.65318],[70.6816,40.64979],[70.65785,40.62908],[70.64478,40.62859],[70.6365,40.62411],[70.60848,40.58342],[70.58461,40.56524],[70.57043,40.56268],[70.55595,40.55546],[70.52786,40.55468],[70.51355,40.54995],[70.49216,40.51221],[70.48118,40.50125],[70.44749,40.49896],[70.43188,40.49064],[70.40989,40.48632],[70.39044,40.47754],[70.33534,40.46237],[70.32783,40.45541],[70.32847,40.44532],[70.33387,40.43652],[70.34652,40.42929],[70.34874,40.41121],[70.35853,40.40395],[70.36508,40.39143],[70.3785,40.38699],[70.3884,40.38784],[70.42988,40.37436],[70.47325,40.35616],[70.49579,40.36527],[70.54696,40.36467],[70.56976,40.34437],[70.58203,40.33892],[70.56018,40.31797],[70.55986,40.31217],[70.57621,40.28353],[70.57282,40.24203],[70.58512,40.22387],[70.61173,40.20109],[70.63233,40.17729],[70.71395,40.18986],[70.7599,40.18819],[70.78861,40.20214],[70.83595,40.21065],[70.86533,40.22126],[70.95594,40.21954],[70.98366,40.22579],[70.98541,40.22198],[70.91772,40.19707],[70.88224,40.18754],[70.85964,40.16475],[70.85709,40.16848],[70.83229,40.16125],[70.82746,40.17095],[70.83157,40.18915],[70.80286,40.17912],[70.79838,40.13285],[70.79207,40.12774],[70.7771,40.12419],[70.77071,40.1166],[70.7079,40.11027],[70.65332,40.09974],[70.64185,40.06205],[70.6326,40.06079],[70.63387,40.05214],[70.62871,40.04453],[70.62973,40.03965],[70.63623,40.03428],[70.63868,40.02459],[70.63746,40.0185],[70.61824,40.0063],[70.62166,39.98585],[70.6136,39.97883],[70.60129,39.97705],[70.58559,39.96238],[70.57946,39.96354],[70.56518,39.95426],[70.55161,39.95389],[70.54493,39.95065],[70.54048,39.9559],[70.53393,39.95596],[70.52849,39.9641],[70.51429,39.96557],[70.51493,39.96951],[70.55729,39.98199],[70.56212,39.98563],[70.55323,39.98513],[70.54867,39.98711],[70.54964,39.99048],[70.5596,39.99202],[70.5607,39.99625],[70.5762,39.99733],[70.58217,40.0029],[70.57822,40.02004],[70.55469,40.04416],[70.53353,40.0323],[70.52966,40.04041],[70.53358,40.04519],[70.528,40.05414],[70.51112,40.04974],[70.48516,40.05251],[70.47221,40.04908],[70.46447,40.05758],[70.44168,40.05288],[70.42193,40.0582],[70.41755,40.06075],[70.41981,40.06748],[70.4045,40.07702],[70.35438,40.08232],[70.35106,40.10237],[70.317,40.11691],[70.30276,40.11892],[70.28808,40.13026],[70.26407,40.12404],[70.2526,40.12586],[70.24014,40.12358],[70.22115,40.1292],[70.20449,40.12903],[70.20065,40.13193],[70.19905,40.15748],[70.19551,40.16221],[70.19039,40.16485],[70.18388,40.16039],[70.17266,40.14636],[70.0175,40.23184],[70.00664,40.23323],[69.99655,40.22622],[69.97438,40.22291],[69.95027,40.2113],[69.90507,40.20659],[69.78864,40.18003],[69.78984,40.17369],[69.79366,40.17444],[69.79536,40.15602],[69.76402,40.15105],[69.73933,40.15583],[69.68843,40.1287],[69.68567,40.11136],[69.68192,40.10956],[69.68193,40.11603],[69.67551,40.12231],[69.65065,40.12268],[69.60906,40.11271],[69.58527,40.10189],[69.56601,40.10303],[69.56244,40.11726],[69.52888,40.12237],[69.53449,40.09691],[69.51953,40.0929],[69.5115,40.08163],[69.51013,40.07711],[69.5217,40.06863],[69.51433,40.05917],[69.50702,40.03962],[69.50836,40.02252],[69.49202,40.00832],[69.48786,40.00097],[69.4974,39.99152],[69.49735,39.98603],[69.5245,39.9695],[69.52897,39.95794],[69.53495,39.95585],[69.54238,39.9409],[69.53806,39.93131],[69.52405,39.94296],[69.51196,39.94363],[69.50394,39.94299],[69.47908,39.93186],[69.47458,39.92251],[69.46182,39.91377],[69.45793,39.91945],[69.45653,39.93422],[69.4514,39.93622],[69.44586,39.93717],[69.44525,39.9292],[69.43048,39.9238],[69.42902,39.93626],[69.43388,39.94939],[69.42962,39.96029],[69.43252,39.97533],[69.41566,39.99072],[69.39966,39.99958],[69.39292,40.00006],[69.38638,39.99231],[69.37164,39.9941],[69.36866,40.00254],[69.35748,40.01514],[69.34609,40.02226],[69.34008,40.01924],[69.35163,40.0068],[69.35785,39.98933],[69.35612,39.96856],[69.34231,39.9687],[69.34307,39.95649],[69.33526,39.95856],[69.33039,39.95102],[69.31651,39.95095],[69.31509,39.9381],[69.29453,39.91963],[69.29758,39.91169],[69.30652,39.90489],[69.31321,39.8897],[69.3261,39.87419],[69.31344,39.87127],[69.29952,39.87488],[69.29693,39.86546],[69.30276,39.84645],[69.28237,39.83631],[69.2857,39.8296],[69.28396,39.8268],[69.27552,39.82242],[69.2704,39.82739],[69.26799,39.82564],[69.26437,39.80672],[69.27833,39.80345],[69.2789,39.79027],[69.28335,39.78898],[69.28257,39.779],[69.29131,39.77893],[69.28639,39.77076],[69.29033,39.76347],[69.28823,39.75274],[69.2971,39.74698],[69.30994,39.73135],[69.32458,39.72151],[69.33644,39.69928],[69.31971,39.6822],[69.319,39.66615],[69.3234,39.65792],[69.32771,39.65694],[69.3313,39.64328],[69.32925,39.63547],[69.33374,39.62841],[69.34456,39.62252],[69.33836,39.60444],[69.33969,39.60052],[69.35953,39.59594],[69.35359,39.57595],[69.35527,39.56839],[69.34701,39.55459],[69.33779,39.5469],[69.35749,39.52354],[69.36313,39.51967],[69.36999,39.52001],[69.3799,39.52512],[69.38118,39.5335],[69.39949,39.55925],[69.40488,39.56192],[69.40939,39.55847],[69.40678,39.55092],[69.40975,39.54638],[69.41523,39.54604],[69.44609,39.52769],[69.47216,39.53952],[69.4857,39.52569],[69.49501,39.53986],[69.51221,39.53595],[69.52572,39.54432],[69.53199,39.54421],[69.53706,39.53801],[69.54669,39.54488],[69.55423,39.55751],[69.5766,39.55446],[69.5867,39.57659],[69.60205,39.58255],[69.59942,39.58891],[69.60197,39.59186],[69.61865,39.58889],[69.62712,39.59296],[69.64042,39.58739],[69.64286,39.58101],[69.66382,39.57854],[69.67853,39.58025],[69.6832,39.59177],[69.69835,39.59883],[69.71755,39.59262],[69.73636,39.59479],[69.7483,39.58681],[69.75622,39.58764],[69.77447,39.58011],[69.7928,39.57806],[69.80127,39.56763],[69.80844,39.5691],[69.81513,39.55802],[69.82023,39.55706],[69.82555,39.56161],[69.83866,39.54859],[69.85269,39.54496],[69.85555,39.53795],[69.86902,39.52904],[69.88558,39.53896],[69.88461,39.54618],[69.899,39.55746],[69.89362,39.56797],[69.90049,39.57345],[69.92263,39.57669],[69.92628,39.57094],[69.94488,39.56277],[69.97911,39.5667],[69.97981,39.55826],[69.99009,39.55767],[69.98769,39.54547],[69.99618,39.5366],[70.0001,39.53648],[70.03237,39.55186],[70.03876,39.57103],[70.05376,39.57151],[70.05765,39.56608],[70.06816,39.5638],[70.07766,39.57581],[70.09315,39.57868],[70.10415,39.58763],[70.11733,39.59026],[70.12886,39.58517],[70.13769,39.57179],[70.14433,39.57129],[70.15062,39.55941],[70.16944,39.55346],[70.17624,39.55388],[70.18575,39.56244],[70.19442,39.56565],[70.2077,39.57924],[70.21159,39.57899],[70.21705,39.57533],[70.22143,39.56604],[70.24304,39.55961],[70.24203,39.54611],[70.23596,39.53835],[70.26913,39.52771],[70.29868,39.52942],[70.30207,39.52736],[70.30745,39.53361],[70.31354,39.53534],[70.31571,39.54263],[70.32799,39.55049],[70.33022,39.55536],[70.32809,39.56117],[70.34076,39.56388],[70.34983,39.57147],[70.35478,39.57185],[70.35803,39.57493],[70.36072,39.58881],[70.37335,39.59623],[70.3772,39.59582],[70.38927,39.58236],[70.39686,39.58207],[70.40802,39.57493],[70.42193,39.5749],[70.43094,39.58847],[70.42903,39.59576],[70.43476,39.59773],[70.43977,39.60464],[70.46354,39.5825],[70.46807,39.59078],[70.47972,39.60065],[70.4967,39.60778],[70.51649,39.60624],[70.52362,39.62144],[70.53193,39.62317],[70.54781,39.6102],[70.55697,39.61066],[70.55888,39.60117],[70.56586,39.59446],[70.57364,39.5976],[70.58611,39.5897],[70.6029,39.58545],[70.62306,39.59124],[70.6279,39.58543],[70.65119,39.58429],[70.65656,39.57194],[70.67372,39.56107],[70.68316,39.54741],[70.68589,39.52774],[70.69281,39.52457],[70.69302,39.51841],[70.69823,39.51776],[70.70959,39.50717],[70.74413,39.49652],[70.74729,39.49006],[70.7613,39.48465],[70.75998,39.47609],[70.7652,39.46595],[70.76252,39.45919],[70.76488,39.44828],[70.74981,39.4349],[70.74889,39.42782],[70.76687,39.40364],[70.77401,39.40057],[70.79103,39.40154],[70.7987,39.39302],[70.82929,39.38848],[70.84158,39.39428],[70.85651,39.39531],[70.8591,39.40534],[70.86824,39.40677],[70.86923,39.41227],[70.87748,39.41635],[70.89095,39.41186],[70.90357,39.39634],[70.91787,39.39161],[70.92498,39.39461],[70.93771,39.41071],[70.93646,39.4155],[70.94404,39.42853],[70.93924,39.43601],[70.95099,39.43619],[70.95498,39.43061],[70.99781,39.41026],[71.00755,39.41443],[71.01725,39.41069],[71.02833,39.4168],[71.03492,39.40991],[71.04355,39.4125],[71.05793,39.40897],[71.06155,39.4109],[71.0618,39.41725],[71.07261,39.42455],[71.0764,39.44392],[71.08349,39.44914],[71.08305,39.46459],[71.08027,39.46869],[71.08525,39.47834],[71.08425,39.48742],[71.08668,39.49096],[71.08256,39.49808],[71.10086,39.50189],[71.09794,39.50802],[71.0996,39.51864],[71.12876,39.51816],[71.1596,39.50907],[71.19167,39.50863],[71.20321,39.51806],[71.23093,39.51784],[71.24433,39.52713],[71.25542,39.53063],[71.26659,39.54181],[71.27342,39.52891],[71.28098,39.52416],[71.28564,39.51587],[71.2944,39.51352],[71.30852,39.52849],[71.32703,39.53589],[71.33471,39.54357],[71.33248,39.5518],[71.33991,39.56842],[71.33881,39.57283],[71.3626,39.57313],[71.37542,39.57678],[71.37881,39.57303],[71.38434,39.57383],[71.38705,39.56915],[71.39658,39.57265],[71.41381,39.57148],[71.42685,39.58403],[71.42171,39.59417],[71.42352,39.59809],[71.484,39.60692],[71.4805,39.61839],[71.47427,39.62237],[71.48512,39.62582],[71.49654,39.62139],[71.50406,39.61129],[71.51856,39.61003],[71.52583,39.59897],[71.54266,39.59997],[71.56697,39.5752],[71.56584,39.5701],[71.57007,39.56228],[71.55799,39.55097],[71.5568,39.5445],[71.55155,39.5431],[71.55444,39.53519],[71.54659,39.53126],[71.53862,39.51406],[71.54704,39.48847],[71.5571,39.47915],[71.55257,39.47526],[71.55235,39.46831],[71.56147,39.45916],[71.58087,39.4577],[71.59747,39.4469],[71.61096,39.45972],[71.62302,39.46232],[71.62396,39.45536],[71.63284,39.44548],[71.67808,39.4495],[71.6904,39.45639],[71.70202,39.45491],[71.71076,39.45869],[71.72239,39.45422],[71.7281,39.45705],[71.73411,39.4539],[71.74214,39.45893],[71.74872,39.458],[71.76037,39.46216],[71.77676,39.4638],[71.78535,39.46117],[71.78609,39.45727],[71.78181,39.45329],[71.78309,39.44547],[71.79019,39.43566],[71.79509,39.43538],[71.80258,39.42793],[71.8018,39.40934],[71.80856,39.3999],[71.80872,39.39033],[71.79552,39.37356],[71.76863,39.36364],[71.77436,39.3569],[71.75195,39.33506],[71.75309,39.33074],[71.75995,39.32734],[71.77246,39.31205],[71.77375,39.30593],[71.78994,39.29074],[71.79353,39.27884],[71.8037,39.27179],[71.80751,39.27681],[71.81725,39.27634],[71.82705,39.28453],[71.84537,39.29061],[71.85869,39.28516],[71.86385,39.2875],[71.90421,39.28602],[71.92563,39.29706],[71.92879,39.31812],[71.93191,39.3214],[71.94616,39.31969],[71.95846,39.33898],[71.97809,39.3391],[71.97859,39.34795],[71.99548,39.35323],[72.01524,39.34981],[72.02899,39.35569],[72.04274,39.37056],[72.07027,39.35295],[72.06682,39.34301],[72.07165,39.33818],[72.06963,39.33261],[72.08098,39.32054],[72.07463,39.30631],[72.08917,39.27748],[72.10689,39.26643],[72.15246,39.27331],[72.1629,39.26772],[72.17376,39.26945],[72.1817,39.25889],[72.17987,39.25318],[72.18226,39.24382],[72.18537,39.24108],[72.20024,39.24202],[72.21188,39.23288],[72.20938,39.2198],[72.21545,39.19536],[72.23224,39.1805],[72.24387,39.18398],[72.24733,39.19154],[72.2441,39.20847],[72.26495,39.21821],[72.26312,39.2234],[72.27626,39.2262],[72.27456,39.23165],[72.28317,39.24071],[72.28838,39.25993],[72.30243,39.27722],[72.29979,39.28996],[72.30936,39.29648],[72.31594,39.30853],[72.3117,39.31544],[72.33165,39.3174],[72.33919,39.32985],[72.34504,39.33328],[72.37774,39.32952],[72.39292,39.33457],[72.39568,39.3406],[72.40065,39.34204],[72.4328,39.3423],[72.43622,39.34689],[72.47766,39.34944],[72.48084,39.35494],[72.47246,39.362],[72.48533,39.37826],[72.49064,39.37944],[72.50115,39.37618],[72.52353,39.38151],[72.54731,39.37933],[72.55098,39.37586],[72.55254,39.36631],[72.56029,39.35985],[72.56282,39.35332],[72.56872,39.35123],[72.58315,39.35576],[72.59101,39.36347],[72.59834,39.36551],[72.61317,39.39499],[72.62893,39.39438],[72.64635,39.38737],[72.66265,39.39172],[72.67481,39.38841],[72.69447,39.39607],[72.70631,39.38565],[72.71663,39.38433],[72.74086,39.37215],[72.75305,39.37186],[72.76582,39.36537],[72.77964,39.36423],[72.78392,39.35842],[72.78383,39.34868],[72.79051,39.34601],[72.81663,39.36096],[72.83187,39.36294],[72.84472,39.35266],[72.85664,39.35224],[72.87782,39.34453],[72.88395,39.35214],[72.90392,39.3656],[72.9328,39.3723],[72.93902,39.37133],[72.94217,39.36054],[72.95694,39.34775],[72.97177,39.35801],[72.98458,39.35726],[73.00772,39.3643],[73.02234,39.35547],[73.04721,39.3523],[73.05959,39.35859],[73.06919,39.35932],[73.07087,39.36769],[73.07393,39.36901],[73.09437,39.3701],[73.10655,39.37518],[73.12709,39.37066],[73.16196,39.35165],[73.1852,39.35363],[73.1903,39.3509],[73.21741,39.36375],[73.23118,39.35795],[73.24395,39.36181],[73.25203,39.38097],[73.26059,39.38549],[73.27541,39.38135],[73.29506,39.38686],[73.32024,39.38228],[73.32652,39.39035],[73.35367,39.39311],[73.35373,39.39793],[73.36322,39.4087],[73.3598,39.42119],[73.35228,39.42568],[73.35186,39.43142],[73.35721,39.43463],[73.3711,39.43285],[73.38259,39.4438],[73.39267,39.44668],[73.39365,39.45319],[73.43026,39.44912],[73.44166,39.45186],[73.44528,39.46006],[73.45111,39.46384],[73.46602,39.46444],[73.47696,39.47107],[73.49374,39.46851],[73.50608,39.47401],[73.51375,39.47455],[73.52018,39.46934],[73.53091,39.46929],[73.54008,39.46268],[73.56708,39.4559],[73.57886,39.46524],[73.59046,39.46866],[73.60001,39.45883],[73.59455,39.44983],[73.59745,39.44405],[73.59022,39.43517],[73.59698,39.42533],[73.59116,39.41916],[73.59281,39.41171],[73.57418,39.40486],[73.56682,39.39572],[73.52619,39.39149],[73.52,39.38572],[73.50159,39.38191],[73.50487,39.37597],[73.52099,39.37476],[73.53276,39.36521],[73.53998,39.36647],[73.54577,39.35702],[73.56303,39.35144],[73.56589,39.34637],[73.55957,39.34252],[73.5537,39.34315],[73.55023,39.33447],[73.55296,39.31393],[73.5617,39.30756],[73.56074,39.30189],[73.5507,39.28822],[73.54151,39.28382],[73.53751,39.27795],[73.56191,39.26942],[73.56377,39.25509],[73.5608,39.25221],[73.56761,39.24948],[73.56979,39.24469],[73.58757,39.23949],[73.61302,39.24697],[73.61638,39.24012],[73.62325,39.24041],[73.62491,39.23564],[73.63539,39.22759],[73.63347,39.22073],[73.64339,39.212],[73.64158,39.20477],[73.64501,39.20164],[73.65335,39.2015],[73.65546,39.19634],[73.66096,39.19417],[73.65757,39.18441],[73.66104,39.18069],[73.65935,39.17068],[73.66271,39.16465],[73.67853,39.16553],[73.68911,39.15888],[73.68461,39.14874],[73.6754,39.14201],[73.70244,39.13673],[73.70741,39.12887],[73.70611,39.12282],[73.71954,39.11224],[73.71393,39.10194],[73.71779,39.09703],[73.71102,39.07542],[73.72185,39.06876],[73.73123,39.06708],[73.73962,39.05348],[73.73599,39.0364],[73.75028,39.02533],[73.76435,39.03135],[73.77469,39.02691],[73.78658,39.03051],[73.78984,39.04178],[73.81215,39.04261],[73.82457,39.01894],[73.83779,39.00961],[73.8434,38.99849],[73.84516,38.97469],[73.85416,38.95257],[73.84716,38.94889],[73.84506,38.93897],[73.83766,38.93254],[73.83699,38.92637],[73.83101,38.91933],[73.82026,38.91869],[73.80915,38.93327],[73.79499,38.92907],[73.78538,38.9347],[73.78073,38.94143],[73.76533,38.93761],[73.75775,38.94221],[73.73711,38.92371],[73.73366,38.91086],[73.71645,38.90764],[73.71046,38.90078],[73.70825,38.89507],[73.71042,38.88769],[73.6986,38.87872],[73.70305,38.87149],[73.70362,38.86114],[73.69496,38.85275],[73.70699,38.84661],[73.72912,38.84374],[73.72929,38.83029],[73.73646,38.8256],[73.75025,38.80423],[73.74958,38.80008],[73.76669,38.78071],[73.76748,38.77089],[73.75635,38.77055],[73.75229,38.74543],[73.74615,38.7403],[73.744,38.73167],[73.7544,38.72464],[73.76424,38.72339],[73.76989,38.71702],[73.76587,38.70464],[73.77408,38.7018],[73.77178,38.69451],[73.77876,38.69212],[73.78054,38.68066],[73.7954,38.67329],[73.79712,38.66645],[73.80501,38.66396],[73.80604,38.65871],[73.79861,38.64983],[73.80949,38.64112],[73.8085,38.63161],[73.8003,38.62255],[73.80124,38.61504],[73.82265,38.60215],[73.82878,38.60161],[73.86086,38.57866],[73.87533,38.58456],[73.89352,38.58393],[73.89881,38.58078],[73.90639,38.56327],[73.92,38.55249],[73.92374,38.54256],[73.93705,38.54226],[73.93874,38.53791],[73.96685,38.53337],[73.97652,38.53671],[73.98905,38.52413],[73.99591,38.52152],[74.00852,38.52522],[74.00893,38.53525],[74.03925,38.54481],[74.05444,38.53688],[74.07848,38.53188],[74.08483,38.53581],[74.0889,38.54502],[74.08783,38.54975],[74.07675,38.55235],[74.06905,38.57146],[74.06155,38.57819],[74.07675,38.59003],[74.07234,38.59509],[74.07664,38.61042],[74.09115,38.61064],[74.09467,38.61421],[74.11468,38.60949],[74.11968,38.62033],[74.11745,38.62839],[74.12103,38.63177],[74.12149,38.64164],[74.18689,38.64028],[74.25691,38.60234],[74.28444,38.59842],[74.50669,38.4715],[74.62197,38.4462],[74.64394,38.45209],[74.65978,38.43696],[74.69272,38.42755],[74.69565,38.42459],[74.68994,38.40791],[74.6781,38.40294],[74.67014,38.38577],[74.6653,38.38277],[74.66651,38.37631],[74.67567,38.37014],[74.67311,38.3576],[74.67533,38.35104],[74.68803,38.34237],[74.69072,38.32845],[74.68838,38.31887],[74.69146,38.31073],[74.70451,38.29453],[74.7058,38.28249],[74.69549,38.26449],[74.69794,38.22816],[74.70639,38.22171],[74.71391,38.20795],[74.72804,38.21429],[74.75537,38.21501],[74.75884,38.21447],[74.76164,38.20352],[74.7713,38.19708],[74.80024,38.2023],[74.8051,38.1769],[74.79901,38.15624],[74.81881,38.12863],[74.81736,38.0993],[74.8204,38.08531],[74.82783,38.08326],[74.83438,38.07255],[74.84626,38.07388],[74.85397,38.06942],[74.85681,38.0603],[74.85201,38.05808],[74.85324,38.04759],[74.85588,38.0432],[74.86593,38.03904],[74.86852,38.02566],[74.88528,38.02342],[74.89276,38.03564],[74.90609,38.03346],[74.9164,38.02441],[74.9152,38.01516],[74.91827,38.00549],[74.91312,37.99678],[74.91802,37.98049],[74.90786,37.9699],[74.90879,37.96489],[74.91471,37.96157],[74.91352,37.95607],[74.91892,37.95138],[74.9176,37.94221],[74.92152,37.93761],[74.91673,37.92705],[74.92029,37.91807],[74.91289,37.90718],[74.91861,37.89951],[74.92695,37.90001],[74.9383,37.8944],[74.93689,37.88012],[74.9323,37.87945],[74.92858,37.86793],[74.91278,37.85678],[74.9256,37.83415],[74.92464,37.82872],[74.94415,37.82415],[74.945,37.8149],[74.9521,37.80886],[74.96358,37.81103],[74.97464,37.80689],[74.98622,37.8083],[75.01081,37.775],[75.01,37.76987],[75.00061,37.76902],[74.9969,37.76225],[74.98982,37.76175],[74.98189,37.75097],[74.96688,37.75173],[74.95956,37.7279],[74.95308,37.72647],[74.94528,37.71832],[74.93417,37.71745],[74.92269,37.7038],[74.93356,37.69366],[74.93165,37.69015],[74.90169,37.67732],[74.89949,37.6737],[74.89707,37.66197],[74.90254,37.64743],[74.90721,37.64477],[74.91124,37.63466],[74.92331,37.62941],[74.92646,37.62463],[74.92546,37.61367],[74.93914,37.60368],[74.93076,37.58661],[74.93441,37.57577],[74.93197,37.56826],[74.94431,37.55415],[74.95567,37.55324],[74.95853,37.54433],[74.96397,37.53983],[74.98681,37.53549],[75.00076,37.52523],[75.0104,37.5254],[75.01771,37.5181],[75.01965,37.50916],[75.0282,37.50709],[75.03115,37.50119],[75.04768,37.50814],[75.05513,37.52233],[75.06357,37.52624],[75.06208,37.52037],[75.0837,37.49964],[75.08278,37.49216],[75.08889,37.48463],[75.09362,37.48532],[75.10475,37.47161],[75.11751,37.47085],[75.12563,37.46436],[75.12494,37.44922],[75.12815,37.44359],[75.13394,37.44289],[75.13543,37.43794],[75.14142,37.43508],[75.14182,37.42979],[75.14859,37.42111],[75.14588,37.41768],[75.15307,37.40873],[75.138,37.40054],[75.12896,37.39914],[75.12581,37.38729],[75.11364,37.3843],[75.11193,37.37729],[75.09413,37.3713],[75.10474,37.36149],[75.11349,37.34642],[75.12137,37.34099],[75.12177,37.3312],[75.12885,37.32362],[75.12526,37.31583],[75.10885,37.31413],[75.0958,37.31821],[75.07734,37.31574],[75.07227,37.31134],[75.062,37.30955],[75.05612,37.30279],[75.04268,37.30566],[75.01544,37.29276],[74.99206,37.29005],[74.97916,37.2853],[74.9723,37.29018],[74.9634,37.2877],[74.95179,37.29192],[74.93892,37.28531],[74.92672,37.28409],[74.90877,37.27287],[74.91907,37.26038],[74.9117,37.2469],[74.91706,37.24297],[74.91539,37.23706],[74.90804,37.23354],[74.89359,37.23254],[74.88697,37.23606],[74.88967,37.24644],[74.88765,37.25715],[74.87864,37.26029],[74.87672,37.27512],[74.86237,37.285],[74.8541,37.29512],[74.84878,37.30815],[74.82923,37.33578],[74.8204,37.33666],[74.80388,37.355],[74.76931,37.36415],[74.7357,37.37796],[74.72692,37.37719],[74.7066,37.38385],[74.70931,37.38753],[74.69006,37.40598],[74.6859,37.39744],[74.67556,37.38971],[74.64214,37.3834],[74.64036,37.37748],[74.63187,37.37689],[74.62719,37.38147],[74.61464,37.38292],[74.58962,37.37674],[74.57377,37.37696],[74.56595,37.37248],[74.56053,37.37723],[74.55578,37.3884],[74.55541,37.39835],[74.53743,37.40658],[74.52819,37.40881],[74.52029,37.40048],[74.50523,37.40051],[74.49436,37.39603],[74.48358,37.40202],[74.48343,37.41189],[74.4748,37.41782],[74.47303,37.42282],[74.46816,37.42399],[74.46533,37.42087],[74.46757,37.40701],[74.45205,37.40457],[74.43938,37.41635],[74.43474,37.41354],[74.4282,37.39409],[74.41786,37.38864],[74.41075,37.38932],[74.39009,37.39728],[74.38588,37.40626],[74.3904,37.41018],[74.37563,37.4242],[74.34802,37.42188],[74.34262,37.4064],[74.32433,37.40748],[74.32049,37.39958],[74.31567,37.39871],[74.28288,37.40415],[74.27674,37.40183],[74.26728,37.41045],[74.25472,37.40829],[74.24413,37.41535],[74.23901,37.41323],[74.23124,37.40273],[74.23005,37.39447],[74.23799,37.39048],[74.24294,37.3816],[74.25204,37.37679],[74.25141,37.37379],[74.23819,37.37303],[74.22827,37.35432],[74.22247,37.34901],[74.2125,37.35054],[74.2084,37.34042],[74.20201,37.3352],[74.18492,37.33464],[74.17792,37.34035],[74.15474,37.34153],[74.15183,37.33659],[74.14506,37.33706],[74.13726,37.32757],[74.12981,37.32438],[74.12625,37.32469],[74.12504,37.32837],[74.11394,37.32751],[74.11197,37.32014],[74.09828,37.31761],[74.07705,37.31997],[74.06702,37.32665],[74.06084,37.32338],[74.06242,37.31087],[74.05632,37.3111],[74.04108,37.30044],[74.03496,37.30887],[74.02556,37.3069],[74.01411,37.29106],[73.99876,37.28903],[73.98359,37.29807],[73.96926,37.29972],[73.96428,37.29859],[73.95514,37.28642],[73.95232,37.27484],[73.92459,37.28529],[73.88963,37.2765],[73.8843,37.27245],[73.88536,37.26723],[73.88046,37.26397],[73.85265,37.25765],[73.8438,37.24889],[73.84258,37.23349],[73.82886,37.22691],[73.81991,37.22674],[73.81413,37.2318],[73.80524,37.22596],[73.7819,37.23803],[73.76411,37.23511],[73.76139,37.2219],[73.75693,37.22184],[73.74902,37.22693],[73.73896,37.22734],[73.72516,37.2462],[73.71246,37.24564],[73.69103,37.25272],[73.68192,37.24913],[73.66423,37.24926],[73.66022,37.24644],[73.65911,37.23814],[73.65098,37.23734],[73.63016,37.24979],[73.62709,37.25859],[73.62966,37.26636],[73.62186,37.26608],[73.61675,37.27083],[73.63086,37.28279],[73.64101,37.28071],[73.65103,37.28498],[73.65319,37.2943],[73.64725,37.30062],[73.65169,37.30385],[73.65462,37.31443],[73.66734,37.31555],[73.66994,37.31046],[73.67951,37.30841],[73.68329,37.3117],[73.69709,37.31125],[73.70484,37.30731],[73.71094,37.3158],[73.73267,37.31531],[73.73795,37.31983],[73.75312,37.32262],[73.75138,37.33183],[73.7725,37.33828],[73.76975,37.34629],[73.77061,37.38294],[73.76714,37.39236],[73.77222,37.39727],[73.77044,37.40947],[73.77495,37.43593],[73.76881,37.43949],[73.73036,37.43874],[73.68282,37.4493],[73.64938,37.4351],[73.57965,37.4472],[73.53301,37.47178],[73.51239,37.47487],[73.50725,37.4723],[73.4575,37.47427],[73.41848,37.4669],[73.40397,37.45622],[73.37599,37.44268],[73.36588,37.44619],[73.36848,37.45416],[73.36512,37.46173],[73.35321,37.45998],[73.34659,37.46455],[73.33438,37.46661],[73.30557,37.46371],[73.2874,37.45633],[73.27548,37.444],[73.25391,37.43614],[73.24448,37.42274],[73.21634,37.40574],[73.20429,37.4041],[73.1952,37.40841],[73.16617,37.40966],[73.14903,37.40431],[73.13278,37.37179],[73.1071,37.36328],[73.10193,37.35313],[73.10182,37.34367],[73.1073,37.34065],[73.09441,37.325],[73.03934,37.30549],[73.0159,37.30573],[72.97719,37.29727],[72.96975,37.29098],[72.95215,37.29062],[72.95147,37.28785],[72.93892,37.28321],[72.93425,37.27443],[72.92076,37.26682],[72.91507,37.25877],[72.90986,37.25842],[72.89095,37.24311],[72.85764,37.22906],[72.83653,37.23532],[72.81518,37.23199],[72.77621,37.19608],[72.77072,37.17863],[72.73961,37.11985],[72.72687,37.10867],[72.71655,37.09026],[72.70185,37.08127],[72.6999,37.07587],[72.70355,37.07412],[72.70246,37.06903],[72.68232,37.05183],[72.67767,37.03158],[72.67862,37.0227],[72.66835,37.02194],[72.66364,37.01693],[72.65584,37.02061],[72.64447,37.01942],[72.63621,37.02789],[72.62347,37.02929],[72.60987,37.02483],[72.58931,37.01085],[72.58075,37.00924],[72.57429,37.01183],[72.56732,37.00623],[72.53418,37.00221],[72.52387,36.99785],[72.51213,37.00026],[72.48468,36.99786],[72.4761,36.99309],[72.45956,37.00185],[72.43873,37.00725],[72.42225,37.00707],[72.41284,37.00517],[72.40639,36.99656],[72.38194,36.99026],[72.37197,36.988],[72.34462,36.98945],[72.33258,36.9802],[72.30453,36.9719],[72.29464,36.96619],[72.29497,36.96262],[72.27013,36.94871],[72.24569,36.94445],[72.23251,36.9306],[72.2082,36.92555],[72.2,36.9101],[72.19345,36.90553],[72.17188,36.89587],[72.1517,36.87963],[72.14147,36.87994],[72.13846,36.87519],[72.12251,36.86797],[72.11771,36.85423],[72.10957,36.84347],[72.10111,36.84402],[72.08612,36.8388],[72.06744,36.83951],[72.0522,36.83106],[72.04506,36.81994],[72.01908,36.81146],[72.00897,36.79591],[71.99771,36.79076],[71.98841,36.77936],[71.98275,36.77988],[71.97816,36.77636],[71.95818,36.75565],[71.94147,36.74638],[71.90282,36.73332],[71.89263,36.71708],[71.87217,36.70328],[71.86494,36.69301],[71.8454,36.68407],[71.84213,36.67982],[71.81872,36.68242],[71.78499,36.67506],[71.75904,36.67891],[71.7474,36.67562],[71.72764,36.67703],[71.71101,36.67234],[71.68988,36.67736],[71.67662,36.67203],[71.65347,36.68785],[71.63328,36.69158],[71.61892,36.71426],[71.59017,36.73327],[71.56738,36.7621],[71.55364,36.8078],[71.54034,36.83006],[71.54245,36.84526],[71.52636,36.85937],[71.52901,36.86978],[71.51831,36.88217],[71.518,36.88894],[71.50361,36.90898],[71.49344,36.91424],[71.48755,36.93115],[71.47639,36.93793],[71.47003,36.95403],[71.4648,36.95701],[71.46454,36.96615],[71.47143,36.9847],[71.46664,37.00776],[71.46053,37.01637],[71.46215,37.0237],[71.44795,37.03953],[71.44273,37.04142],[71.44125,37.04786],[71.43225,37.05604],[71.42885,37.07138],[71.43494,37.089],[71.44312,37.09514],[71.44477,37.10148],[71.44119,37.11804],[71.44429,37.12459],[71.4422,37.13133],[71.44541,37.13332],[71.44479,37.14345],[71.45189,37.15314],[71.44547,37.16983],[71.44685,37.17467],[71.45012,37.18158],[71.46164,37.18436],[71.46324,37.19111],[71.45664,37.19913],[71.45384,37.20841],[71.45549,37.2141],[71.46692,37.22518],[71.48106,37.23131],[71.47888,37.23409],[71.48535,37.24617],[71.48262,37.24906],[71.48492,37.25998],[71.49104,37.26529],[71.48867,37.27555],[71.49486,37.28425],[71.49253,37.29727],[71.50675,37.31384],[71.48822,37.33038],[71.48675,37.33578],[71.49209,37.35256],[71.49064,37.35869],[71.49555,37.36923],[71.49162,37.37825],[71.47493,37.38763],[71.47848,37.4058],[71.49752,37.40742],[71.4993,37.411],[71.49538,37.41531],[71.49526,37.42168],[71.50188,37.4349],[71.50417,37.45295],[71.51998,37.46378],[71.5265,37.47923],[71.50452,37.51104],[71.50505,37.52311],[71.50317,37.52799],[71.49627,37.53197],[71.49396,37.542],[71.49567,37.54996],[71.50237,37.55675],[71.50699,37.59107],[71.50464,37.60509],[71.51324,37.61195],[71.52628,37.63171],[71.52927,37.67826],[71.53968,37.6879],[71.54124,37.70464],[71.55005,37.71484],[71.54812,37.72119],[71.55176,37.72863],[71.54835,37.73319],[71.55129,37.73541],[71.53145,37.76582],[71.54364,37.77066],[71.55815,37.78788],[71.56419,37.78752],[71.5891,37.79729],[71.59463,37.80578],[71.58444,37.84593],[71.59692,37.8744],[71.58662,37.89508],[71.59094,37.92033],[71.57454,37.93558],[71.5422,37.94242],[71.54023,37.94624],[71.52825,37.94321],[71.5187,37.95284],[71.50313,37.95217],[71.49141,37.94143],[71.47431,37.93774],[71.46073,37.92799],[71.4283,37.91879],[71.41638,37.90798],[71.3784,37.90558],[71.329,37.8857],[71.31348,37.91917],[71.29923,37.9317],[71.28962,37.93265],[71.28774,37.92533],[71.28128,37.91984],[71.25601,37.92374],[71.25209,37.93241],[71.26547,37.93809],[71.26267,37.95229],[71.27423,37.96471],[71.27337,37.97722],[71.26687,37.98282],[71.2682,37.98968],[71.27045,37.99416],[71.27903,37.99563],[71.27566,38.00595],[71.2944,38.01743],[71.29564,38.03121],[71.28494,38.03375],[71.28406,38.0424],[71.29057,38.04508],[71.30266,38.04338],[71.30654,38.04682],[71.31099,38.06043],[71.32033,38.0667],[71.32154,38.09264],[71.31749,38.09927],[71.32662,38.10307],[71.32585,38.10898],[71.33711,38.1153],[71.33859,38.12838],[71.3468,38.14627],[71.35221,38.15033],[71.36297,38.14925],[71.37575,38.15993],[71.36826,38.17254],[71.3638,38.19629],[71.36501,38.20077],[71.37662,38.20735],[71.37913,38.21244],[71.37407,38.21993],[71.36653,38.22409],[71.37038,38.2317],[71.37348,38.25697],[71.36589,38.26667],[71.35686,38.271],[71.33456,38.27091],[71.3321,38.27585],[71.33369,38.28142],[71.32731,38.28638],[71.33349,38.29464],[71.32968,38.30684],[71.31062,38.30175],[71.30346,38.31052],[71.29491,38.31362],[71.27901,38.31471],[71.25229,38.31054],[71.24291,38.31922],[71.2254,38.32151],[71.19788,38.34344],[71.18406,38.34595],[71.17578,38.36969],[71.16717,38.38392],[71.16288,38.388],[71.15001,38.38954],[71.14882,38.3992],[71.14399,38.40285],[71.13185,38.39714],[71.1211,38.40636],[71.10909,38.40588],[71.10467,38.41019],[71.10847,38.41876],[71.10568,38.42192],[71.09318,38.42366],[71.07505,38.41346],[71.06643,38.41446],[71.06894,38.40248],[71.06121,38.39795],[71.05585,38.3988],[71.04623,38.41154],[71.04581,38.42178],[71.03951,38.42767],[71.03702,38.44272],[71.02993,38.45079],[71.03145,38.4602],[71.02068,38.469],[71.00685,38.47249],[70.99985,38.47852],[71.0011,38.48343],[70.99717,38.48795],[70.99066,38.49031]]],[[[70.53007,39.88425],[70.52626,39.88714],[70.52928,39.88954],[70.58951,39.88518],[70.62543,39.87513],[70.69185,39.86902],[70.72891,39.87758],[70.73051,39.84755],[70.69183,39.82939],[70.65039,39.8048],[70.64496,39.80105],[70.63575,39.7811],[70.61316,39.77532],[70.60684,39.769],[70.60156,39.77096],[70.61318,39.81561],[70.60326,39.8222],[70.58537,39.82231],[70.5752,39.82026],[70.57174,39.81544],[70.54244,39.82776],[70.54246,39.83039],[70.55611,39.83549],[70.53424,39.85176],[70.5214,39.86877],[70.52935,39.87349],[70.52673,39.87921],[70.53135,39.88031],[70.53007,39.88425]]],[[[70.58641,40.99106],[70.61781,40.97184],[70.64198,40.94402],[70.66273,40.92697],[70.66937,40.9144],[70.65646,40.91858],[70.61034,40.96566],[70.58201,40.98516],[70.56766,40.99097],[70.54278,40.98864],[70.56149,41.00324],[70.58641,40.99106]]],[[[69.54567,40.07704],[69.54931,40.06615],[69.54786,40.06087],[69.54357,40.05924],[69.5417,40.0657],[69.54567,40.07704]]]]}},{"type":"Feature","properties":{"ISO_A3":"TKM","WB_A3":"TKM","WB_NAME":"Turkmenistan","WB_REGION":"ECS"},"geometry":{"type":"MultiPolygon","coordinates":[[[[57.69352,37.91987],[57.68417,37.91732],[57.65347,37.92603],[57.62819,37.92312],[57.579,37.939],[57.5445,37.92471],[57.53472,37.92605],[57.51606,37.91919],[57.50077,37.92763],[57.49272,37.93739],[57.4726,37.93479],[57.47162,37.93859],[57.45304,37.93986],[57.44494,37.94499],[57.44235,37.94251],[57.41117,37.96048],[57.4045,37.97129],[57.38376,37.97317],[57.38247,37.97754],[57.36752,37.98307],[57.36285,37.97999],[57.35566,37.98172],[57.35054,37.9856],[57.35137,37.99011],[57.36467,38.00633],[57.3669,38.02264],[57.36189,38.03218],[57.36421,38.03494],[57.36227,38.04632],[57.3644,38.05116],[57.37386,38.0543],[57.37699,38.0618],[57.37243,38.07425],[57.37824,38.08512],[57.36993,38.08762],[57.36895,38.09739],[57.35593,38.10025],[57.35254,38.10706],[57.34217,38.11459],[57.34198,38.12516],[57.33674,38.1278],[57.33578,38.13703],[57.30166,38.15101],[57.29818,38.15575],[57.2939,38.16913],[57.28867,38.1742],[57.29628,38.18381],[57.29485,38.187],[57.30128,38.19792],[57.29888,38.20255],[57.29101,38.20504],[57.29654,38.21564],[57.28595,38.21456],[57.27946,38.21863],[57.28052,38.221],[57.27076,38.22148],[57.25038,38.23106],[57.25159,38.24361],[57.24389,38.25111],[57.24754,38.25914],[57.25391,38.26403],[57.24663,38.27165],[57.21872,38.27418],[57.21637,38.28074],[57.19567,38.27813],[57.17959,38.26854],[57.16696,38.26865],[57.16391,38.27217],[57.15704,38.27021],[57.15666,38.2651],[57.14833,38.2539],[57.14816,38.24447],[57.11814,38.22043],[57.10418,38.21287],[57.08945,38.19476],[57.06591,38.18133],[57.03798,38.18485],[57.03247,38.18241],[57.02124,38.18521],[57.01974,38.18835],[57.01229,38.1868],[57.01063,38.18946],[57.00256,38.18973],[56.99704,38.20001],[56.99734,38.20692],[56.991,38.21461],[56.97258,38.21489],[56.966,38.21063],[56.93012,38.21588],[56.90845,38.21394],[56.8951,38.22033],[56.8829,38.21952],[56.86573,38.22757],[56.8403,38.22874],[56.83268,38.23687],[56.81865,38.24103],[56.81257,38.24654],[56.80235,38.24649],[56.7979,38.25077],[56.79242,38.25101],[56.78885,38.25867],[56.7809,38.26517],[56.76765,38.26976],[56.76075,38.28161],[56.75333,38.28442],[56.74614,38.27735],[56.73432,38.27581],[56.72249,38.26524],[56.71696,38.26771],[56.68936,38.26625],[56.67784,38.26982],[56.64703,38.258],[56.64159,38.2478],[56.63042,38.24306],[56.61574,38.24263],[56.60528,38.23383],[56.59544,38.23749],[56.59239,38.25022],[56.58766,38.25054],[56.58409,38.25724],[56.56983,38.26422],[56.56078,38.26248],[56.54844,38.26707],[56.53799,38.26258],[56.53035,38.26319],[56.52529,38.26796],[56.52052,38.26283],[56.51014,38.25943],[56.5035,38.2631],[56.49986,38.26],[56.49348,38.26136],[56.48704,38.26601],[56.48151,38.26194],[56.46608,38.26398],[56.46317,38.26116],[56.46019,38.26487],[56.45251,38.26459],[56.44211,38.2582],[56.4102,38.25347],[56.4015,38.24217],[56.33285,38.19759],[56.32964,38.19051],[56.331,38.1859],[56.31246,38.17336],[56.31468,38.16748],[56.32305,38.16597],[56.3296,38.15352],[56.32673,38.1513],[56.32842,38.14697],[56.34311,38.1428],[56.35078,38.12667],[56.35174,38.11689],[56.34477,38.11464],[56.33678,38.10484],[56.33548,38.07798],[56.3207,38.08084],[56.31987,38.07721],[56.28931,38.08447],[56.28068,38.07923],[56.2754,38.08028],[56.265,38.07602],[56.2047,38.07242],[56.17222,38.09297],[56.12696,38.08914],[56.11491,38.09093],[56.08182,38.08217],[56.04939,38.08141],[56.0333,38.07679],[55.98626,38.07651],[55.9677,38.08315],[55.95725,38.09385],[55.94259,38.09331],[55.93138,38.09739],[55.91495,38.08981],[55.90786,38.09274],[55.90466,38.09073],[55.88598,38.09527],[55.87835,38.09404],[55.86382,38.10313],[55.84596,38.10582],[55.83554,38.11519],[55.81408,38.12551],[55.80249,38.1242],[55.79629,38.11884],[55.78156,38.118],[55.76804,38.12025],[55.76328,38.1271],[55.75936,38.12325],[55.74094,38.12169],[55.73416,38.11503],[55.72532,38.11229],[55.70169,38.11345],[55.69303,38.10597],[55.67152,38.10866],[55.62453,38.10531],[55.59476,38.10678],[55.57969,38.09801],[55.56366,38.10005],[55.53829,38.09338],[55.52228,38.09422],[55.52068,38.08787],[55.50315,38.08503],[55.50194,38.08207],[55.48651,38.08436],[55.48077,38.0934],[55.46515,38.09428],[55.44513,38.08131],[55.44121,38.0657],[55.42924,38.0633],[55.42745,38.05893],[55.40706,38.04355],[55.3965,38.04402],[55.39244,38.03959],[55.35711,38.03284],[55.35171,38.02591],[55.2954,38.00261],[55.27396,37.99034],[55.26726,37.99246],[55.26148,37.99044],[55.26119,37.98629],[55.25764,37.98857],[55.25657,37.98607],[55.25242,37.98689],[55.2509,37.98242],[55.23647,37.97691],[55.22696,37.97909],[55.22067,37.97432],[55.21936,37.96921],[55.20969,37.96649],[55.20696,37.95683],[55.20399,37.95615],[55.20518,37.9495],[55.19352,37.94757],[55.18908,37.95315],[55.17828,37.95753],[55.16825,37.95744],[55.1571,37.95281],[55.15743,37.9506],[55.14527,37.95292],[55.14562,37.94915],[55.12791,37.94776],[55.12118,37.93921],[55.11055,37.9365],[55.09527,37.9246],[55.08866,37.91518],[55.07933,37.91375],[55.08086,37.90661],[55.07731,37.9031],[55.06209,37.89978],[55.05441,37.889],[55.05657,37.88603],[55.0384,37.87696],[55.03214,37.87064],[55.03549,37.87002],[55.03929,37.86093],[55.03066,37.8584],[55.03266,37.85491],[55.02318,37.8513],[55.01971,37.8422],[55.00406,37.84086],[54.99551,37.83398],[54.99418,37.82767],[54.98664,37.82741],[54.98269,37.82221],[54.9763,37.82163],[54.97338,37.81653],[54.95596,37.81173],[54.95719,37.80335],[54.95477,37.79925],[54.94264,37.79461],[54.94142,37.78949],[54.93332,37.78836],[54.93128,37.7845],[54.92237,37.78707],[54.89107,37.76767],[54.88598,37.77046],[54.86618,37.76703],[54.8661,37.76309],[54.8554,37.757],[54.85582,37.75018],[54.84029,37.74577],[54.84246,37.7405],[54.83929,37.73463],[54.82624,37.72632],[54.82325,37.71939],[54.82562,37.71552],[54.81971,37.71363],[54.82314,37.70428],[54.8218,37.69869],[54.81751,37.69944],[54.81853,37.69568],[54.81048,37.68779],[54.81268,37.68351],[54.80832,37.68262],[54.79821,37.67196],[54.80337,37.66733],[54.80469,37.66064],[54.79482,37.65656],[54.79498,37.64972],[54.78842,37.64739],[54.78844,37.63831],[54.78513,37.63729],[54.7893,37.61855],[54.81314,37.61449],[54.81806,37.61116],[54.82067,37.60203],[54.81647,37.58724],[54.81116,37.58435],[54.81206,37.57526],[54.80837,37.56753],[54.80294,37.56518],[54.80639,37.55619],[54.80356,37.55193],[54.79759,37.55129],[54.79893,37.52309],[54.77335,37.51555],[54.76937,37.5064],[54.76963,37.49765],[54.75875,37.49818],[54.7575,37.49248],[54.72951,37.49108],[54.70604,37.45838],[54.67437,37.43778],[54.66424,37.43553],[54.65537,37.44175],[54.64779,37.43984],[54.6291,37.44882],[54.6235,37.44591],[54.61548,37.4492],[54.61203,37.45463],[54.59606,37.45931],[54.58239,37.45854],[54.57805,37.44819],[54.56857,37.45078],[54.56198,37.44631],[54.55264,37.44645],[54.53918,37.43552],[54.52842,37.432],[54.52189,37.43482],[54.51339,37.43014],[54.50615,37.42086],[54.48811,37.41883],[54.47206,37.4041],[54.46302,37.40213],[54.45578,37.39519],[54.43827,37.38811],[54.39746,37.36079],[54.34756,37.3487],[54.28528,37.35176],[54.24459,37.32003],[53.98056,37.34213],[53.97596,37.37545],[53.95575,37.38528],[53.95515,37.41191],[53.944,37.45222],[53.93425,37.47434],[53.91358,37.5077],[53.89825,37.54932],[53.87317,37.60306],[53.85088,37.66614],[53.83299,37.73248],[53.82161,37.7949],[53.8136,37.90845],[53.82086,38.01002],[53.82793,38.0488],[53.85715,38.15111],[53.86404,38.19077],[53.87384,38.36254],[53.87347,38.37534],[53.8517,38.42567],[53.83247,38.5092],[53.83247,38.53787],[53.83646,38.5654],[53.86005,38.64735],[53.89742,38.71278],[53.92137,38.73939],[53.93371,38.76967],[53.93661,38.79654],[53.95875,38.83189],[53.98633,38.86269],[53.99866,38.87427],[54.01209,38.87399],[54.02189,38.89066],[54.02624,38.90873],[54.01281,38.91071],[53.99903,38.91918],[54.00628,38.95333],[54.01789,38.95361],[54.02007,38.96208],[54.00955,38.96969],[53.99213,38.95813],[53.98306,38.96095],[53.99068,38.98041],[53.98487,38.98352],[53.97363,38.96913],[53.96782,38.96941],[53.96455,38.98154],[53.9729,38.99846],[53.95911,38.99057],[53.9406,38.99677],[53.92391,38.98859],[53.91738,38.97731],[53.91811,38.96151],[53.90287,38.96716],[53.89416,38.9838],[53.8898,39.03681],[53.89488,39.05315],[53.8898,39.05963],[53.88073,39.05428],[53.87674,39.04413],[53.88109,39.03709],[53.87239,39.03117],[53.82267,39.04413],[53.81796,39.054],[53.81651,39.07316],[53.80671,39.07259],[53.80272,39.06273],[53.7951,39.05541],[53.78856,39.05625],[53.78893,39.07344],[53.77332,39.07597],[53.7697,39.08302],[53.76099,39.08302],[53.76062,39.09794],[53.74974,39.09597],[53.75083,39.08696],[53.7599,39.07513],[53.7599,39.06076],[53.75554,39.04808],[53.74575,39.05174],[53.74502,39.06301],[53.73631,39.06949],[53.73159,39.08302],[53.73159,39.09625],[53.72289,39.10273],[53.71599,39.07766],[53.70765,39.09597],[53.70293,39.12582],[53.69749,39.13454],[53.72143,39.14383],[53.72905,39.15537],[53.72325,39.16325],[53.73159,39.17394],[53.73559,39.18659],[53.72325,39.18322],[53.70474,39.16746],[53.69785,39.16859],[53.71019,39.18378],[53.71635,39.21781],[53.72143,39.22427],[53.7149,39.23102],[53.69386,39.22792],[53.68987,39.21837],[53.66846,39.19756],[53.66265,39.188],[53.65902,39.17731],[53.65975,39.16606],[53.66955,39.15565],[53.66156,39.11624],[53.65285,39.1154],[53.6543,39.15959],[53.6416,39.16212],[53.63072,39.16915],[53.63616,39.17562],[53.62963,39.18125],[53.62128,39.18209],[53.6202,39.19081],[53.61294,39.19503],[53.62274,39.22315],[53.6416,39.23636],[53.6456,39.24254],[53.6416,39.24732],[53.59334,39.22343],[53.59734,39.23608],[53.59117,39.24282],[53.57411,39.24085],[53.56649,39.25013],[53.57012,39.26699],[53.59661,39.30883],[53.5723,39.29255],[53.55161,39.283],[53.5527,39.29283],[53.5498,39.29648],[53.54073,39.29732],[53.54472,39.30967],[53.55669,39.3209],[53.55887,39.3355],[53.54944,39.33185],[53.53964,39.31838],[53.52621,39.30883],[53.52585,39.3209],[53.55161,39.35823],[53.55161,39.36552],[53.54109,39.36272],[53.52404,39.35037],[53.50662,39.34392],[53.48557,39.32034],[53.47469,39.32427],[53.49718,39.35037],[53.48811,39.35823],[53.4736,39.3529],[53.46453,39.34139],[53.45473,39.33802],[53.46835,39.36443],[53.47981,39.37549],[53.402,39.3427],[53.40114,39.34501],[53.43043,39.35848],[53.42062,39.36244],[53.41735,39.37366],[53.42243,39.38824],[53.41808,39.39441],[53.3495,39.36777],[53.30378,39.37366],[53.2831,39.37955],[53.28194,39.38917],[53.24825,39.39574],[53.21579,39.39207],[53.20907,39.38544],[53.19057,39.37786],[53.16226,39.37394],[53.16081,39.36861],[53.16952,39.35935],[53.18149,39.35514],[53.19601,39.35963],[53.21705,39.35626],[53.21052,39.34111],[53.1873,39.31473],[53.17206,39.26895],[53.1873,39.2313],[53.18839,39.21949],[53.17895,39.2164],[53.17278,39.22961],[53.16662,39.27485],[53.16625,39.31108],[53.15718,39.34223],[53.12674,39.3977],[53.11112,39.41262],[53.09912,39.41591],[53.09695,39.42974],[53.10747,39.45271],[53.12416,39.47401],[53.15972,39.50957],[53.22141,39.58512],[53.24971,39.6332],[53.26132,39.66673],[53.2733,39.68879],[53.28818,39.6994],[53.30632,39.70247],[53.31829,39.698],[53.32591,39.68683],[53.31358,39.68041],[53.28672,39.67622],[53.27729,39.6617],[53.27112,39.6441],[53.26096,39.63292],[53.24028,39.58428],[53.22504,39.56694],[53.23229,39.54288],[53.39885,39.5633],[53.43876,39.5647],[53.45691,39.55603],[53.48049,39.53364],[53.47614,39.52329],[53.48049,39.51097],[53.45981,39.48381],[53.43804,39.46532],[53.43477,39.44263],[53.44348,39.46308],[53.45872,39.47176],[53.47324,39.48633],[53.49319,39.51461],[53.50662,39.50845],[53.50227,39.49361],[53.48884,39.48213],[53.48303,39.4698],[53.47106,39.46084],[53.46525,39.44935],[53.46888,39.44179],[53.48376,39.45019],[53.49464,39.46448],[53.52767,39.48885],[53.54218,39.49529],[53.55597,39.49501],[53.56504,39.48297],[53.57484,39.47709],[53.5879,39.48017],[53.59806,39.48829],[53.60314,39.50397],[53.59915,39.52329],[53.6035,39.53672],[53.6162,39.53644],[53.62564,39.51209],[53.64103,39.50291],[53.65954,39.50235],[53.68421,39.51299],[53.68385,39.52167],[53.67659,39.52279],[53.67224,39.53175],[53.66462,39.53119],[53.6628,39.5407],[53.68203,39.55749],[53.6853,39.5435],[53.698,39.54322],[53.71369,39.56421],[53.71752,39.57597],[53.72723,39.57198],[53.71637,39.54836],[53.72739,39.54518],[53.73649,39.54685],[53.74128,39.5669],[53.73032,39.5674],[53.73333,39.57556],[53.74477,39.5749],[53.74856,39.5855],[53.74163,39.58931],[53.73226,39.58017],[53.73041,39.57321],[53.71179,39.58043],[53.70381,39.57623],[53.69256,39.5863],[53.66825,39.57511],[53.65772,39.57791],[53.63958,39.60503],[53.65409,39.62097],[53.65482,39.63718],[53.64901,39.64891],[53.63958,39.64388],[53.63305,39.65282],[53.62761,39.65115],[53.63305,39.64109],[53.62071,39.64444],[53.61817,39.65254],[53.60728,39.66009],[53.59676,39.65254],[53.60801,39.64304],[53.60874,39.62879],[53.58842,39.64416],[53.5739,39.63494],[53.56302,39.63578],[53.56338,39.64584],[53.57463,39.65282],[53.58007,39.66093],[53.57463,39.66539],[53.57318,39.6788],[53.5681,39.68662],[53.56011,39.69081],[53.55213,39.68494],[53.54741,39.67796],[53.54923,39.66065],[53.54052,39.66735],[53.53544,39.6774],[53.52455,39.67852],[53.52274,39.68746],[53.49806,39.71984],[53.47847,39.7391],[53.46867,39.74021],[53.46758,39.73184],[53.47484,39.71928],[53.48427,39.71286],[53.48754,39.70421],[53.485,39.69918],[53.4723,39.70449],[53.46323,39.72152],[53.45597,39.7257],[53.44871,39.7218],[53.46976,39.68215],[53.45778,39.67713],[53.43529,39.71327],[53.43442,39.73854],[53.43974,39.76915],[53.44944,39.79432],[53.44654,39.80129],[53.43892,39.79516],[53.43456,39.78317],[53.42331,39.77257],[53.41606,39.77843],[53.41896,39.79878],[53.44581,39.81467],[53.47266,39.86677],[53.50169,39.88488],[53.51911,39.90325],[53.53979,39.91689],[53.57717,39.92134],[53.58733,39.93219],[53.60474,39.94277],[53.69111,39.91577],[53.76404,39.90742],[53.77343,39.89141],[53.7535,39.86175],[53.75942,39.85404],[53.75449,39.85174],[53.75319,39.8456],[53.76092,39.84331],[53.76492,39.83784],[53.75303,39.83244],[53.75191,39.82889],[53.75909,39.82392],[53.77189,39.83354],[53.77677,39.83385],[53.78028,39.82941],[53.78721,39.83055],[53.78655,39.82643],[53.77644,39.82346],[53.76208,39.81147],[53.76989,39.81403],[53.78744,39.81137],[53.79477,39.81708],[53.7945,39.82158],[53.82917,39.84503],[53.86217,39.8304],[53.92217,39.82889],[53.93495,39.8183],[53.93752,39.80956],[53.99555,39.80687],[54.11734,39.78856],[54.13888,39.79544],[54.08808,39.82397],[54.0322,39.85006],[53.99591,39.87903],[53.94801,39.88571],[53.88451,39.90019],[53.83879,39.91995],[53.78996,39.96103],[53.77063,39.96226],[53.76016,39.97128],[53.69222,39.99399],[53.65977,40.01179],[53.63206,40.02252],[53.59895,40.01942],[53.58282,40.02231],[53.55145,40.01296],[53.54124,40.00005],[53.52491,40.00061],[53.51403,40.00922],[53.50176,40.01009],[53.49407,40.002],[53.47375,40.01089],[53.46395,40.02201],[53.4273,40.03507],[53.40109,40.03507],[53.357,40.00377],[53.32897,39.99505],[53.29726,39.96077],[53.27194,39.96581],[53.22931,39.98798],[53.21516,39.99093],[53.20674,39.99712],[53.17145,40.00875],[53.16411,40.00533],[53.12799,40.00553],[53.12449,39.99821],[53.13045,39.99104],[53.11666,39.98187],[53.09579,39.98567],[53.0661,39.97902],[53.05622,39.98509],[53.06764,39.99166],[53.06641,39.99708],[53.06925,39.99854],[53.0651,40.00488],[53.03567,40.00744],[53.01575,40.00451],[53.00532,40.007],[52.98926,39.99111],[52.98148,39.98903],[52.96711,39.99186],[52.96019,39.98952],[52.9564,39.99893],[52.95086,40.00167],[52.9264,40.00595],[52.90768,39.99628],[52.90328,39.98685],[52.90736,39.98136],[52.90157,39.97192],[52.91261,39.96413],[52.91704,39.93318],[52.92509,39.90683],[52.92885,39.90435],[52.9293,39.89396],[52.93695,39.8722],[52.95401,39.86237],[52.95137,39.86012],[52.93769,39.86246],[52.92289,39.86859],[52.91376,39.87607],[52.90665,39.90473],[52.89819,39.91062],[52.89089,39.93196],[52.87422,39.9453],[52.8548,39.94805],[52.84569,39.95439],[52.83248,39.9575],[52.81971,39.98515],[52.80975,39.99622],[52.78325,40.00064],[52.7624,40.01088],[52.76767,40.0422],[52.75148,40.05356],[52.74869,40.06209],[52.73829,40.07532],[52.76077,40.12747],[52.76783,40.1607],[52.75984,40.18952],[52.75278,40.19931],[52.74219,40.20215],[52.7381,40.20896],[52.7433,40.23237],[52.7264,40.25279],[52.71674,40.2766],[52.70853,40.28471],[52.71289,40.34005],[52.72087,40.376],[52.73502,40.41607],[52.73285,40.43789],[52.73648,40.4793],[52.75099,40.52152],[52.76079,40.53696],[52.82211,40.61248],[52.8624,40.67425],[52.86662,40.69716],[52.86397,40.71008],[52.85893,40.716],[52.84946,40.7199],[52.83726,40.71206],[52.83445,40.7135],[52.83118,40.72175],[52.83227,40.7322],[52.83735,40.73495],[52.84461,40.72643],[52.84642,40.7322],[52.85332,40.73715],[52.8515,40.7487],[52.85622,40.75722],[52.86529,40.76409],[52.87654,40.78964],[52.88561,40.83908],[52.89831,40.86104],[52.91537,40.9063],[52.92807,40.9255],[52.94803,40.97318],[52.94706,40.9989],[52.92085,41.04809],[52.90825,41.0635],[52.9085,41.07325],[52.9105,41.07275],[52.91425,41.0875],[52.919,41.084],[52.91775,41.08],[52.92125,41.08],[52.92,41.0865],[52.9145,41.091],[52.91971,41.09631],[52.9285,41.07775],[52.942,41.06875],[52.9455,41.0605],[52.95075,41.056],[52.95325,41.06075],[52.95725,41.06025],[52.96025,41.05575],[52.96425,41.04125],[52.96,41.0155],[52.97925,40.9955],[52.97625,40.99175],[52.98175,40.9855],[52.99,40.985],[52.9875,40.98125],[52.99275,40.97925],[52.98675,40.977],[52.98825,40.971],[52.99425,40.9695],[53.00025,40.95625],[52.99875,40.94525],[53.0015,40.93225],[53.03725,40.83925],[53.039,40.8255],[53.042,40.82375],[53.0395,40.821],[53.039,40.7975],[53.02775,40.77775],[52.988,40.765],[52.99825,40.771],[52.99475,40.774],[53.01075,40.789],[53.014,40.79625],[53.01025,40.81725],[52.99975,40.81325],[53.005,40.81],[53.0015,40.8025],[52.99875,40.8005],[52.9915,40.8045],[52.986,40.7995],[52.98675,40.79475],[52.97375,40.784],[52.9705,40.77375],[52.975,40.75525],[52.9865,40.73575],[53.00275,40.7225],[53.0145,40.72325],[53.013,40.72025],[53.0185,40.7155],[53.0265,40.71675],[53.02775,40.714],[53.04625,40.71375],[53.05475,40.71025],[53.05625,40.71275],[53.05975,40.70975],[53.08325,40.7065],[53.11,40.709],[53.11225,40.70625],[53.12125,40.71],[53.14475,40.711],[53.14725,40.71625],[53.15425,40.71075],[53.17325,40.71525],[53.18,40.71375],[53.182,40.71675],[53.1975,40.71925],[53.20425,40.7265],[53.21325,40.72675],[53.219,40.71075],[53.22625,40.70925],[53.2395,40.7125],[53.258,40.7225],[53.26347,40.73113],[53.27532,40.72762],[53.29197,40.73386],[53.3033,40.74583],[53.30381,40.75025],[53.30862,40.75207],[53.35582,40.7574],[53.3608,40.76117],[53.36406,40.77002],[53.37196,40.76976],[53.38209,40.75987],[53.39222,40.76091],[53.3929,40.75558],[53.38964,40.75298],[53.39754,40.73985],[53.41659,40.74323],[53.42243,40.75194],[53.4329,40.74375],[53.44045,40.74726],[53.44372,40.74505],[53.4396,40.74219],[53.44354,40.73399],[53.45556,40.72905],[53.46809,40.73035],[53.47925,40.73699],[53.47908,40.74141],[53.48354,40.73894],[53.50414,40.74271],[53.52594,40.73933],[53.53864,40.74245],[53.57298,40.76143],[53.58757,40.77782],[53.58911,40.7873],[53.58465,40.80043],[53.58019,40.80472],[53.58877,40.8168],[53.58946,40.8268],[53.60971,40.85719],[53.61212,40.86771],[53.60061,40.88108],[53.60388,40.88471],[53.59993,40.8899],[53.60199,40.8912],[53.60885,40.88419],[53.63134,40.879],[53.63254,40.87589],[53.62791,40.86914],[53.63083,40.85849],[53.62774,40.8555],[53.62911,40.83564],[53.63186,40.8346],[53.6322,40.82745],[53.63872,40.82563],[53.63649,40.82356],[53.6437,40.81875],[53.63975,40.81667],[53.64387,40.80901],[53.6528,40.80264],[53.64628,40.79835],[53.64765,40.7847],[53.6619,40.75272],[53.67941,40.72918],[53.67443,40.72554],[53.67717,40.71877],[53.68438,40.7111],[53.69434,40.69027],[53.71082,40.68259],[53.70104,40.67739],[53.69383,40.65747],[53.694,40.64913],[53.70327,40.62894],[53.72112,40.61526],[53.75442,40.61695],[53.76713,40.62047],[53.76884,40.62373],[53.78515,40.62503],[53.80266,40.62386],[53.81468,40.61878],[53.83991,40.61956],[53.86085,40.62842],[53.86017,40.63415],[53.86429,40.63467],[53.87115,40.64223],[53.88918,40.64079],[53.9345,40.65213],[53.94479,40.66215],[53.95063,40.6753],[53.95544,40.6658],[53.96574,40.66293],[54.05225,40.66997],[54.07337,40.68272],[54.0871,40.69743],[54.0883,40.70667],[54.08453,40.71032],[54.05672,40.71409],[54.07663,40.71526],[54.10684,40.72463],[54.1101,40.72073],[54.10547,40.71097],[54.10753,40.70199],[54.11388,40.69366],[54.10873,40.68923],[54.10942,40.68468],[54.12744,40.67661],[54.14942,40.67309],[54.1683,40.67413],[54.2028,40.68272],[54.2258,40.67556],[54.25739,40.674],[54.40038,40.68051],[54.48656,40.69119],[54.52793,40.70368],[54.54921,40.73152],[54.5578,40.74037],[54.56192,40.73972],[54.56363,40.74505],[54.57033,40.74427],[54.582,40.73087],[54.59282,40.73321],[54.59676,40.7522],[54.6014,40.75441],[54.59522,40.75597],[54.58664,40.77275],[54.57548,40.77886],[54.41137,40.76794],[54.36588,40.75311],[54.32708,40.72801],[54.33206,40.73347],[54.33155,40.73725],[54.31232,40.73881],[54.34717,40.74973],[54.34511,40.75675],[54.34992,40.76234],[54.36674,40.77093],[54.37652,40.77197],[54.36674,40.77626],[54.36554,40.7834],[54.37223,40.79536],[54.33155,40.81693],[54.31232,40.84031],[54.31472,40.84551],[54.31249,40.84953],[54.32554,40.85252],[54.33841,40.86174],[54.33601,40.86836],[54.34339,40.87277],[54.34065,40.87498],[54.34391,40.87666],[54.34356,40.88809],[54.34837,40.89029],[54.36399,40.88575],[54.43008,40.81264],[54.45841,40.793],[54.49538,40.79195],[54.62172,40.80774],[54.63703,40.81433],[54.69922,40.85984],[54.70804,40.86959],[54.72175,40.87501],[54.74435,40.8905],[54.77169,40.92474],[54.79101,40.95979],[54.77497,40.98792],[54.77337,41.00029],[54.76593,41.012],[54.75055,41.02873],[54.73525,41.0388],[54.73315,41.04371],[54.71108,41.05356],[54.71836,41.05448],[54.71719,41.0619],[54.72564,41.06282],[54.73119,41.05907],[54.73231,41.05392],[54.77393,41.03841],[54.79297,41.02004],[54.80155,41.0258],[54.80473,41.04434],[54.79507,41.05074],[54.78308,41.05236],[54.78023,41.05918],[54.75508,41.07352],[54.75709,41.07716],[54.76334,41.07691],[54.76964,41.08203],[54.7736,41.09209],[54.75783,41.10448],[54.75312,41.11736],[54.73497,41.1374],[54.67314,41.15913],[54.6675,41.17525],[54.65725,41.18725],[54.61175,41.2035],[54.57975,41.236],[54.549,41.25275],[54.54525,41.257],[54.551,41.262],[54.55025,41.2685],[54.52025,41.29175],[54.5025,41.298],[54.481,41.31125],[54.476,41.3105],[54.45575,41.324],[54.43075,41.33075],[54.4075,41.3435],[54.3655,41.3525],[54.349,41.34875],[54.32025,41.359],[54.28775,41.3775],[54.2355,41.416],[54.221,41.4235],[54.17425,41.45675],[54.15425,41.476],[54.13825,41.48375],[54.1255,41.484],[54.1115,41.489],[54.09225,41.482],[54.088,41.48575],[54.106,41.49725],[54.0995,41.51925],[54.09675,41.51925],[54.094,41.52525],[54.08575,41.52775],[54.0865,41.532],[54.0705,41.54475],[54.07,41.5485],[54.0595,41.55275],[54.05375,41.564],[54.03175,41.58275],[54.02975,41.60775],[54.02075,41.615],[54.02275,41.636],[54.01875,41.64025],[54.02,41.65325],[54.02825,41.689],[54.02425,41.6955],[54.022,41.71075],[54.024,41.714],[54.02,41.7295],[54.01975,41.76475],[54.0125,41.782],[54.01175,41.7975],[54.007,41.8105],[53.99225,41.82875],[53.9785,41.83325],[53.97825,41.84075],[53.97,41.8555],[53.94825,41.87125],[53.94475,41.88725],[53.92125,41.90425],[53.90575,41.90725],[53.8965,41.92475],[53.90075,41.947],[53.913,41.974],[53.91425,41.99575],[53.92475,42.01175],[53.924,42.042],[53.919,42.05825],[53.91275,42.06675],[53.91275,42.07625],[53.89825,42.09525],[53.88275,42.108],[53.85025,42.1255],[53.797,42.138],[53.733,42.14025],[53.723,42.14875],[53.69675,42.15325],[53.6625,42.14525],[53.63775,42.1485],[53.58375,42.14475],[53.5655,42.1465],[53.4925,42.1345],[53.4545,42.13575],[53.416,42.1295],[53.406,42.13225],[53.386,42.1305],[53.28475,42.1],[53.263,42.0985],[53.2065,42.112],[53.18375,42.11525],[53.1655,42.114],[53.11575,42.09825],[53.0895,42.08225],[53.07075,42.06275],[52.98175,42.012],[52.93875,41.97025],[52.89125,41.90325],[52.83825,41.84175],[52.79775,41.783],[52.741,41.73925],[52.73725,41.72725],[52.7455,41.6965],[52.76525,41.67575],[52.76325,41.66525],[52.75225,41.65875],[52.74525,41.64375],[52.7255,41.6345],[52.7235,41.62225],[52.72775,41.611],[52.73325,41.61225],[52.74375,41.6025],[52.772,41.6035],[52.78525,41.60025],[52.82025,41.62025],[52.82375,41.62675],[52.8255,41.647],[52.8345,41.666],[52.84075,41.67175],[52.86375,41.67425],[52.88475,41.6675],[52.87175,41.66075],[52.86325,41.64375],[52.861,41.63475],[52.868,41.61675],[52.86575,41.598],[52.86925,41.58575],[52.8185,41.437],[52.81,41.407],[52.80525,41.375],[52.80925,41.34825],[52.82675,41.3205],[52.8395,41.29025],[52.861,41.2095],[52.877,41.12325],[52.8825,41.11375],[52.8955,41.11275],[52.9105,41.10675],[52.90875,41.08275],[52.9015,41.07275],[52.9005,41.064],[52.91523,41.05176],[52.91089,41.04436],[52.90551,41.04352],[52.89675,41.04943],[52.88649,41.06127],[52.85022,41.08727],[52.84701,41.10725],[52.84796,41.13045],[52.85545,41.14827],[52.85605,41.16036],[52.84956,41.1955],[52.82488,41.24654],[52.81908,41.29426],[52.80622,41.32387],[52.79008,41.3439],[52.77632,41.38062],[52.75774,41.40171],[52.74991,41.40678],[52.74341,41.40492],[52.73822,41.41269],[52.73243,41.4087],[52.72505,41.41488],[52.72748,41.42576],[52.71022,41.44839],[52.66776,41.47096],[52.65797,41.48129],[52.62778,41.50138],[52.58449,41.5174],[52.57588,41.52515],[52.57432,41.53101],[52.55363,41.5393],[52.58684,41.59211],[52.60209,41.64013],[52.59229,41.65477],[52.58902,41.68513],[52.57523,41.6957],[52.54693,41.70491],[52.50375,41.73741],[52.48561,41.74255],[52.47581,41.74093],[52.44605,41.76262],[52.9091,42.07758],[52.9899,42.12593],[53.14651,42.16794],[53.57582,42.29154],[54.21645,42.37928],[54.76563,42.06138],[54.89109,41.96287],[54.91507,41.93683],[54.95212,41.90631],[54.95195,41.87959],[54.9481,41.85717],[54.94998,41.83321],[54.96401,41.81022],[54.99923,41.78108],[55.06623,41.69934],[55.10871,41.6301],[55.11961,41.60465],[55.13716,41.59159],[55.17939,41.54352],[55.21143,41.51458],[55.24011,41.472],[55.2684,41.43799],[55.31511,41.38992],[55.33761,41.38031],[55.37424,41.34382],[55.38324,41.33999],[55.38758,41.34269],[55.3892,41.33652],[55.39645,41.33849],[55.39914,41.33391],[55.39403,41.32727],[55.39741,41.32052],[55.41381,41.31507],[55.41085,41.31068],[55.41338,41.30719],[55.40801,41.30463],[55.41211,41.29404],[55.41901,41.29412],[55.41549,41.29982],[55.42016,41.30123],[55.42824,41.29656],[55.42658,41.29273],[55.43273,41.28775],[55.43731,41.28785],[55.43933,41.29417],[55.4517,41.28898],[55.44556,41.28322],[55.45052,41.27995],[55.44545,41.27482],[55.44761,41.2708],[55.45951,41.26794],[55.46684,41.27304],[55.47231,41.27209],[55.47789,41.2684],[55.4808,41.26086],[55.48698,41.26156],[55.49537,41.25302],[55.52098,41.26078],[55.53482,41.25824],[55.54469,41.26255],[55.54402,41.27028],[55.5463,41.27117],[55.55357,41.26527],[55.55641,41.27833],[55.55404,41.28278],[55.54423,41.28782],[55.56046,41.28782],[55.55601,41.29556],[55.57003,41.28828],[55.5673,41.28695],[55.57384,41.28218],[55.57148,41.2768],[55.57905,41.27734],[55.58566,41.2719],[55.59282,41.27745],[55.59892,41.27359],[55.60015,41.26115],[55.59388,41.25929],[55.60278,41.25051],[55.60143,41.2464],[55.6045,41.24375],[55.60929,41.25115],[55.60469,41.26809],[55.62485,41.27564],[55.63728,41.28422],[55.64885,41.27873],[55.65883,41.28793],[55.66888,41.28637],[55.68394,41.28991],[55.70182,41.28698],[55.7032,41.28268],[55.71071,41.27985],[55.72578,41.28463],[55.72213,41.28549],[55.71771,41.29375],[55.71984,41.2952],[55.73495,41.29764],[55.73872,41.29556],[55.7431,41.30266],[55.74706,41.30273],[55.75315,41.29542],[55.76105,41.29565],[55.76901,41.28574],[55.81172,41.27834],[55.81655,41.2865],[55.81636,41.29716],[55.83204,41.30496],[55.83979,41.31392],[55.87907,41.32563],[55.98466,41.31898],[56.17864,41.31459],[56.3525,41.30183],[56.36241,41.30355],[56.47526,41.29785],[56.49649,41.29398],[56.70545,41.28587],[56.72832,41.28137],[56.77595,41.28194],[57.04237,41.24084],[57.05459,41.24933],[57.07064,41.27591],[57.07293,41.29509],[57.05959,41.31337],[57.05897,41.31973],[57.09386,41.33419],[57.11257,41.33746],[57.12373,41.33605],[57.15456,41.34294],[57.16107,41.34804],[57.16711,41.3649],[57.16252,41.37687],[57.15463,41.37831],[57.14962,41.37721],[57.14688,41.36932],[57.13341,41.35871],[57.1069,41.35914],[57.09359,41.37077],[57.09326,41.37773],[57.05634,41.41607],[57.04203,41.43739],[57.04009,41.44545],[57.04556,41.45477],[57.04458,41.46984],[57.05213,41.47922],[57.03667,41.51609],[57.03634,41.52243],[57.0418,41.52925],[57.04425,41.56263],[56.98791,41.65659],[56.97743,41.66087],[56.97966,41.6647],[56.9747,41.67411],[56.97946,41.67714],[56.97868,41.68998],[56.98261,41.70064],[56.96366,41.8305],[56.96454,41.85573],[56.96544,41.86977],[56.9858,41.89791],[57.00019,41.90958],[57.0362,41.92122],[57.06961,41.92501],[57.11175,41.9236],[57.1236,41.92708],[57.16232,41.97138],[57.28057,42.12967],[57.30425,42.14063],[57.35012,42.14886],[57.42837,42.15544],[57.5706,42.15041],[57.65333,42.13806],[57.74079,42.16745],[57.77569,42.17086],[57.83427,42.17029],[57.85017,42.17346],[57.86504,42.17158],[57.85775,42.19747],[57.84877,42.20822],[57.84046,42.21129],[57.85068,42.21479],[57.8507,42.21917],[57.84458,42.22388],[57.84674,42.22744],[57.84286,42.23624],[57.84821,42.23025],[57.85318,42.23325],[57.85573,42.23175],[57.85467,42.22795],[57.86387,42.22718],[57.8718,42.21626],[57.88275,42.21188],[57.90492,42.21541],[57.89601,42.22355],[57.89608,42.23097],[57.90094,42.23326],[57.90418,42.23121],[57.95061,42.33553],[57.95002,42.34467],[57.96187,42.35669],[57.95875,42.37147],[57.95215,42.37628],[57.95872,42.37504],[57.95953,42.38317],[57.94129,42.39764],[57.94078,42.4021],[57.93033,42.40526],[57.92465,42.41129],[57.92654,42.41421],[57.92414,42.41908],[57.90742,42.4247],[57.91354,42.4315],[57.92863,42.43625],[57.92699,42.43882],[57.94084,42.4453],[57.94965,42.43421],[57.96763,42.42705],[57.97835,42.4543],[57.97586,42.46224],[57.98432,42.46663],[57.98238,42.47539],[57.98494,42.47778],[57.97798,42.47887],[57.97805,42.4848],[57.99653,42.48193],[58.00118,42.48447],[58.00396,42.48997],[58.00138,42.49786],[58.00843,42.5008],[58.00701,42.50877],[58.01344,42.49403],[58.04193,42.5048],[58.04385,42.50621],[58.04061,42.5112],[58.05273,42.5158],[58.04936,42.52612],[58.05569,42.52788],[58.05536,42.53661],[58.05955,42.5279],[58.05689,42.52266],[58.05991,42.51341],[58.0564,42.50704],[58.10251,42.49923],[58.11976,42.49123],[58.12247,42.50222],[58.13937,42.49509],[58.14188,42.49056],[58.1387,42.4883],[58.13579,42.4749],[58.13313,42.44473],[58.1456,42.45236],[58.19334,42.46865],[58.21113,42.47138],[58.30303,42.45569],[58.32809,42.44576],[58.36247,42.42071],[58.37971,42.39908],[58.39548,42.35624],[58.39973,42.3355],[58.39522,42.28783],[58.44658,42.29569],[58.46882,42.29308],[58.51064,42.2777],[58.51502,42.29386],[58.51268,42.29748],[58.52169,42.31212],[58.51908,42.32282],[58.43338,42.36659],[58.43171,42.37085],[58.41665,42.36742],[58.40773,42.3805],[58.40585,42.39091],[58.4086,42.39129],[58.41047,42.39776],[58.40462,42.40849],[58.39386,42.41518],[58.39582,42.41794],[58.35016,42.47271],[58.33005,42.50373],[58.31312,42.54593],[58.3015,42.55816],[58.25558,42.56491],[58.16291,42.60235],[58.15528,42.60831],[58.15056,42.62869],[58.15487,42.63384],[58.15971,42.63142],[58.16034,42.63509],[58.17974,42.63509],[58.18525,42.64271],[58.20717,42.65727],[58.24439,42.67618],[58.25254,42.67644],[58.25903,42.68291],[58.27585,42.68704],[58.33602,42.68358],[58.39325,42.66896],[58.4129,42.65722],[58.43651,42.65535],[58.45486,42.64843],[58.48378,42.64418],[58.53937,42.65269],[58.56349,42.65261],[58.5906,42.64753],[58.60287,42.6639],[58.60222,42.67191],[58.60623,42.67248],[58.60148,42.67847],[58.60789,42.69698],[58.6031,42.70224],[58.60505,42.70457],[58.59284,42.71058],[58.59361,42.71975],[58.60724,42.72525],[58.62312,42.71392],[58.63016,42.71313],[58.64484,42.7189],[58.64882,42.72635],[58.64735,42.72907],[58.65086,42.73065],[58.64072,42.74151],[58.61919,42.7507],[58.62696,42.75004],[58.63089,42.75339],[58.62348,42.76135],[58.62562,42.77504],[58.62933,42.7772],[58.62283,42.79148],[58.62546,42.79826],[58.67173,42.7641],[58.67273,42.76068],[58.74703,42.71169],[58.7677,42.69183],[58.87119,42.61163],[58.90489,42.59659],[58.97301,42.55066],[59.00489,42.53507],[59.01484,42.52684],[59.05834,42.52742],[59.07725,42.5203],[59.17081,42.53159],[59.22395,42.47485],[59.22345,42.47171],[59.23814,42.46764],[59.24171,42.45582],[59.27032,42.4293],[59.26759,42.42022],[59.25846,42.41457],[59.26928,42.40218],[59.27498,42.38927],[59.30089,42.37116],[59.30448,42.36136],[59.33452,42.35403],[59.38764,42.3333],[59.41799,42.32531],[59.42016,42.30666],[59.43111,42.30051],[59.43708,42.29158],[59.51822,42.28982],[59.54817,42.29479],[59.55561,42.29254],[59.56585,42.28191],[59.5958,42.28968],[59.60823,42.2988],[59.64242,42.29037],[59.65526,42.29069],[59.69866,42.30054],[59.71884,42.30196],[59.74195,42.29696],[59.7622,42.28538],[59.79328,42.27389],[59.81653,42.28067],[59.8337,42.29717],[59.84103,42.30881],[59.8623,42.3153],[59.88998,42.31094],[59.90127,42.31809],[59.91526,42.3081],[59.91003,42.29402],[59.90751,42.29411],[59.90744,42.28019],[59.9209,42.28201],[59.92938,42.27546],[59.94195,42.27285],[59.93999,42.26794],[59.95483,42.26335],[59.95665,42.25875],[59.94774,42.25927],[59.94564,42.25676],[59.95606,42.24944],[59.95927,42.23925],[59.96365,42.23844],[59.96743,42.24498],[59.97596,42.24665],[59.98849,42.24489],[59.99823,42.23976],[59.99214,42.22388],[60.01424,42.22189],[60.01326,42.21776],[60.01881,42.21589],[60.01902,42.20379],[60.02375,42.20124],[60.02485,42.19086],[60.02796,42.18884],[60.02709,42.18337],[60.04779,42.1832],[60.04653,42.17993],[60.04981,42.17801],[60.04739,42.17265],[60.0522,42.17032],[60.03487,42.16646],[60.03126,42.15674],[60.02475,42.15984],[60.01763,42.15768],[59.98155,42.17107],[59.9857,42.1644],[59.97548,42.15054],[59.96185,42.14647],[59.96111,42.14213],[59.971,42.13352],[59.99396,42.12412],[60.00184,42.12233],[60.01055,42.12731],[60.01816,42.12133],[60.02185,42.12411],[60.03691,42.11126],[60.03452,42.10544],[60.04996,42.09747],[60.05692,42.08938],[60.05191,42.08602],[60.04674,42.07361],[60.04999,42.06379],[60.04086,42.03709],[60.04367,42.01992],[60.0326,42.00532],[60.03208,41.99631],[60.02603,41.99471],[60.02354,41.98288],[59.97451,42.00251],[59.97061,42.00813],[59.95064,42.01068],[59.94638,42.00665],[59.92967,42.00678],[59.92431,41.99226],[59.93699,41.98161],[59.94278,41.97119],[59.95165,41.96692],[59.96658,41.9433],[59.9788,41.9452],[59.9918,41.95594],[60.01437,41.96337],[60.02476,41.9609],[60.02979,41.94839],[60.02524,41.93404],[60.02718,41.92793],[60.04164,41.91544],[60.05698,41.909],[60.08946,41.90458],[60.09321,41.91146],[60.09859,41.91174],[60.12521,41.90114],[60.13216,41.89662],[60.13333,41.87962],[60.15063,41.86593],[60.15943,41.85257],[60.18532,41.83302],[60.20588,41.82586],[60.24697,41.8228],[60.25744,41.81943],[60.28817,41.796],[60.28378,41.79132],[60.29542,41.78895],[60.30892,41.78027],[60.31298,41.77223],[60.31805,41.77412],[60.32487,41.76813],[60.33148,41.76743],[60.31832,41.7506],[60.29489,41.75457],[60.29139,41.74916],[60.30099,41.74477],[60.2992,41.73693],[60.28349,41.73351],[60.27536,41.75236],[60.27744,41.75497],[60.26568,41.76065],[60.24805,41.76125],[60.24774,41.75502],[60.23716,41.75147],[60.22064,41.77458],[60.20412,41.78051],[60.20146,41.78742],[60.19132,41.7963],[60.18122,41.78744],[60.17195,41.79139],[60.16553,41.79931],[60.14966,41.79988],[60.14904,41.79669],[60.14313,41.80057],[60.14211,41.80507],[60.12652,41.80155],[60.1289,41.79734],[60.12228,41.79608],[60.10203,41.80204],[60.09933,41.80395],[60.10097,41.80664],[60.09654,41.80901],[60.08516,41.8109],[60.07894,41.79715],[60.08161,41.79291],[60.07799,41.78428],[60.07836,41.7779],[60.08405,41.77272],[60.07654,41.77267],[60.0707,41.7662],[60.06102,41.76892],[60.04392,41.75332],[60.08449,41.70011],[60.14513,41.66],[60.1782,41.61709],[60.17446,41.61357],[60.17546,41.60813],[60.17097,41.60523],[60.17517,41.60395],[60.17282,41.59239],[60.17523,41.57919],[60.16975,41.58133],[60.15265,41.57868],[60.14202,41.56892],[60.14471,41.56597],[60.13914,41.56535],[60.1407,41.56],[60.12854,41.55383],[60.1245,41.55714],[60.11909,41.55095],[60.11471,41.55276],[60.09787,41.52525],[60.08133,41.50669],[60.08871,41.49874],[60.07478,41.45808],[60.07662,41.43486],[60.0914,41.41585],[60.12361,41.40277],[60.15895,41.37642],[60.23349,41.33552],[60.32337,41.31202],[60.36204,41.29754],[60.38996,41.28091],[60.43208,41.244],[60.47381,41.21916],[60.49365,41.21458],[60.57993,41.22348],[60.68496,41.25673],[60.81723,41.25819],[60.96209,41.24638],[60.99902,41.24219],[61.0017,41.23347],[61.0248,41.22195],[61.03007,41.22228],[61.02942,41.26275],[61.03748,41.26115],[61.04225,41.26552],[61.04472,41.26476],[61.04252,41.25564],[61.05158,41.24573],[61.05392,41.25372],[61.06482,41.25415],[61.06534,41.24364],[61.08241,41.21441],[61.09039,41.22977],[61.10084,41.21176],[61.12844,41.18984],[61.24034,41.14526],[61.33012,41.14846],[61.39636,41.19649],[61.39964,41.2039],[61.39409,41.20778],[61.40655,41.21989],[61.40167,41.2544],[61.41797,41.2844],[61.43145,41.29087],[61.45903,41.29717],[61.49758,41.2813],[61.55691,41.27833],[61.56986,41.26683],[61.63772,41.25141],[61.64567,41.23434],[61.65125,41.22925],[61.72136,41.21032],[61.7286,41.1891],[61.79762,41.15569],[61.80494,41.14549],[61.80581,41.13728],[61.81548,41.13085],[61.85765,41.11952],[61.88751,41.1053],[61.89282,41.08889],[61.89213,41.07979],[61.89973,41.07246],[61.89661,41.05503],[61.93828,41.04181],[61.9493,41.01163],[61.98461,40.98171],[61.99159,40.95659],[61.99087,40.93064],[61.99629,40.91351],[61.98538,40.83606],[61.99895,40.81003],[62.01209,40.79893],[62.0353,40.76524],[62.03596,40.75369],[62.03148,40.7383],[62.03223,40.71454],[62.03515,40.70845],[62.05682,40.68303],[62.08727,40.67006],[62.09344,40.66203],[62.10194,40.6291],[62.10619,40.58716],[62.11554,40.56355],[62.13187,40.54255],[62.16159,40.52616],[62.18172,40.50842],[62.20971,40.49296],[62.21528,40.48528],[62.24439,40.48731],[62.27302,40.48081],[62.31051,40.44746],[62.33133,40.43743],[62.33894,40.42889],[62.34219,40.408],[62.33385,40.38129],[62.33828,40.36787],[62.34869,40.35339],[62.38497,40.33082],[62.39065,40.32197],[62.38337,40.26236],[62.40097,40.21981],[62.4022,40.18991],[62.41379,40.15605],[62.41242,40.1347],[62.39534,40.1089],[62.39953,40.09716],[62.41924,40.07784],[62.42446,40.06742],[62.43481,40],[62.45349,39.97453],[62.47007,39.95811],[63.482,39.38318],[63.57056,39.33467],[63.69428,39.27241],[63.70507,39.22404],[63.99817,39.0621],[64.00379,39.05608],[64.03805,39.03722],[64.10816,39.00021],[64.16708,38.9733],[64.17998,38.96418],[64.19908,38.96403],[64.30236,38.99185],[64.33065,38.99525],[64.53619,38.83923],[64.66453,38.77035],[64.71781,38.75102],[64.77315,38.71672],[64.81438,38.68505],[64.82864,38.68221],[64.85203,38.68307],[64.8756,38.67774],[64.89558,38.67062],[64.91188,38.65862],[64.92183,38.65579],[64.95001,38.63458],[64.99263,38.61233],[65.03468,38.60673],[65.15529,38.52063],[65.1713,38.50246],[65.54137,38.30035],[65.53792,38.29697],[65.53967,38.28944],[65.56183,38.28956],[65.65186,38.27303],[65.83123,38.25493],[65.83186,38.25094],[65.84036,38.25158],[65.85144,38.27565],[65.86372,38.2778],[65.87392,38.27468],[65.88324,38.27868],[65.8895,38.27651],[65.90969,38.27923],[65.91409,38.27778],[65.91614,38.27264],[65.92253,38.27393],[65.92712,38.27126],[65.93275,38.26303],[65.92979,38.26072],[65.94019,38.25703],[65.93963,38.25264],[65.94871,38.25072],[65.9564,38.23888],[65.95974,38.24198],[65.96877,38.23916],[65.96911,38.23447],[65.97501,38.23372],[65.97822,38.22743],[65.986,38.22658],[65.99002,38.23077],[66.00948,38.23298],[66.0188,38.22597],[66.02647,38.2292],[66.04602,38.21032],[66.06407,38.21183],[66.08067,38.20227],[66.07955,38.19886],[66.08822,38.19972],[66.09128,38.20337],[66.09789,38.19979],[66.10003,38.19198],[66.10503,38.18993],[66.10119,38.18707],[66.10771,38.17961],[66.11545,38.1802],[66.11293,38.17737],[66.12012,38.1753],[66.123,38.17789],[66.12511,38.17515],[66.13317,38.17489],[66.13775,38.17751],[66.166,38.16261],[66.16548,38.15598],[66.16994,38.15724],[66.17725,38.1534],[66.18524,38.15837],[66.18857,38.15618],[66.20193,38.16091],[66.20391,38.16589],[66.2121,38.15754],[66.24739,38.15596],[66.25165,38.14511],[66.25689,38.14301],[66.25242,38.13618],[66.25896,38.13393],[66.26087,38.12528],[66.27195,38.11886],[66.27141,38.10778],[66.29089,38.10106],[66.29086,38.0948],[66.30224,38.09029],[66.30671,38.08082],[66.32258,38.06668],[66.34299,38.06646],[66.34592,38.06281],[66.35214,38.06341],[66.36403,38.04939],[66.37704,38.04888],[66.39229,38.033],[66.4155,38.02762],[66.41811,38.02407],[66.43002,38.024],[66.43347,38.0267],[66.459,38.02744],[66.49495,38.04159],[66.50606,38.04152],[66.51971,38.0329],[66.53914,38.03204],[66.54596,38.02484],[66.55524,38.02115],[66.59247,38.01323],[66.59826,38.00813],[66.63841,37.99455],[66.67316,37.97452],[66.70726,37.9163],[66.70305,37.91362],[66.6808,37.91575],[66.67029,37.9118],[66.65452,37.90034],[66.64526,37.89832],[66.63435,37.8845],[66.62549,37.88274],[66.60834,37.87055],[66.59863,37.85344],[66.57764,37.83499],[66.57149,37.81803],[66.5592,37.80217],[66.56083,37.79469],[66.55137,37.78576],[66.54234,37.77001],[66.54561,37.76426],[66.54125,37.7366],[66.55052,37.69658],[66.54102,37.66428],[66.5405,37.64151],[66.52251,37.59762],[66.53135,37.58111],[66.52572,37.55821],[66.52762,37.53826],[66.53395,37.52627],[66.53397,37.51384],[66.55523,37.49739],[66.56633,37.49408],[66.58119,37.46903],[66.57383,37.45208],[66.55339,37.44162],[66.5265,37.41608],[66.50134,37.40002],[66.49168,37.38933],[66.506,37.37884],[66.5344,37.34293],[66.50275,37.33159],[66.47518,37.32888],[66.46297,37.33445],[66.43403,37.33864],[66.41612,37.34733],[66.3884,37.32859],[66.36475,37.33278],[66.35473,37.32925],[66.34406,37.33368],[66.32221,37.32229],[66.30899,37.32346],[66.26947,37.34476],[66.26217,37.34437],[66.24707,37.36359],[66.23061,37.36779],[66.22092,37.36433],[66.19359,37.3706],[66.17696,37.36703],[66.16831,37.36907],[66.16363,37.37422],[66.15485,37.39914],[66.11225,37.40431],[66.09054,37.43283],[66.07174,37.44876],[66.04192,37.45378],[65.99911,37.44619],[65.98922,37.4546],[65.98032,37.45713],[65.97638,37.46394],[65.95437,37.47262],[65.89236,37.4768],[65.85574,37.49055],[65.83828,37.48845],[65.82149,37.49788],[65.80161,37.52208],[65.76419,37.53527],[65.76766,37.54972],[65.76064,37.55076],[65.75777,37.53576],[65.7449,37.53993],[65.72638,37.54094],[65.71892,37.53719],[65.70621,37.53888],[65.70093,37.53456],[65.64632,37.44188],[65.64296,37.34292],[65.53118,37.23804],[65.26806,37.2328],[65.22852,37.25093],[65.19124,37.23621],[65.13261,37.24606],[64.99028,37.21851],[64.75575,37.11288],[64.79815,36.92289],[64.7072,36.79583],[64.61814,36.63597],[64.62233,36.60415],[64.6192,36.58295],[64.63631,36.44228],[64.58877,36.37697],[64.57996,36.35164],[64.52607,36.30451],[64.44523,36.24273],[64.42689,36.24174],[64.42577,36.23833],[64.42141,36.24056],[64.41931,36.2356],[64.41437,36.23775],[64.40452,36.231],[64.39478,36.23315],[64.38978,36.22833],[64.37982,36.23087],[64.3628,36.22954],[64.3626,36.2257],[64.34355,36.2129],[64.32801,36.2064],[64.31598,36.20836],[64.30988,36.18902],[64.30257,36.18228],[64.29877,36.1735],[64.30012,36.16961],[64.28144,36.15165],[64.26856,36.15514],[64.26651,36.16165],[64.26166,36.16251],[64.2472,36.15857],[64.2408,36.1508],[64.20937,36.16753],[64.19553,36.16552],[64.18935,36.15949],[64.17015,36.16358],[64.16077,36.16036],[64.15799,36.14689],[64.14652,36.14682],[64.1272,36.13545],[64.1175,36.12569],[64.10991,36.12303],[64.10361,36.12499],[64.09981,36.13028],[64.09322,36.12964],[64.08094,36.10983],[64.05753,36.10242],[64.0573,36.09232],[64.06038,36.08826],[64.05661,36.08192],[64.06029,36.07473],[64.05595,36.06886],[64.05987,36.0649],[64.05676,36.05773],[64.0608,36.04945],[64.05817,36.04736],[64.06091,36.04526],[64.05994,36.03485],[64.06497,36.02351],[64.07038,36.02735],[64.07196,36.02408],[64.06791,36.00605],[64.07158,36.00229],[64.06854,35.99729],[63.98923,36.0363],[63.87884,36.00771],[63.70334,35.96762],[63.57069,35.95144],[63.53538,35.90327],[63.30583,35.85795],[63.1207,35.86318],[63.1216,35.85115],[63.11249,35.84707],[63.11686,35.83392],[63.10924,35.82819],[63.1088,35.82194],[63.11324,35.82195],[63.11193,35.81689],[63.11842,35.8091],[63.12304,35.80968],[63.12776,35.80708],[63.12883,35.80159],[63.13293,35.80235],[63.13401,35.79551],[63.13119,35.79443],[63.13578,35.78806],[63.13299,35.7861],[63.13618,35.78433],[63.13978,35.78826],[63.14182,35.78533],[63.13858,35.78014],[63.14434,35.77729],[63.14246,35.77213],[63.1479,35.76966],[63.14739,35.76584],[63.15603,35.75648],[63.15952,35.75605],[63.1605,35.74999],[63.16807,35.75019],[63.16715,35.74326],[63.17456,35.73317],[63.18951,35.73206],[63.19451,35.71317],[63.2092,35.70763],[63.21194,35.71131],[63.22439,35.71172],[63.23355,35.7026],[63.2424,35.70401],[63.24937,35.69433],[63.24753,35.68982],[63.25075,35.68601],[63.24434,35.68755],[63.24334,35.6846],[63.24819,35.68094],[63.11175,35.6336],[63.11179,35.62684],[63.10627,35.62553],[63.10661,35.62185],[63.09511,35.61938],[63.09987,35.60931],[63.09785,35.60568],[63.10037,35.59321],[63.10609,35.58566],[63.1094,35.58573],[63.10927,35.5783],[63.10336,35.57348],[63.10552,35.56503],[63.10233,35.55989],[63.10729,35.5591],[63.10565,35.55103],[63.1133,35.55132],[63.11251,35.5451],[63.1239,35.54477],[63.1258,35.5471],[63.13072,35.54222],[63.12471,35.51624],[63.11222,35.51133],[63.11624,35.50319],[63.11958,35.50284],[63.11968,35.49146],[63.11512,35.4912],[63.1167,35.4765],[63.11356,35.46788],[63.1097,35.46644],[63.1084,35.44608],[63.10382,35.44131],[63.09866,35.41818],[63.08722,35.41995],[63.07587,35.41504],[63.05192,35.41221],[63.04448,35.4162],[63.02414,35.41271],[63.01724,35.41795],[63.01424,35.41611],[63.02398,35.40274],[63.02032,35.40088],[63.00715,35.4098],[63.00428,35.40569],[62.99317,35.4033],[62.96239,35.38699],[62.95412,35.38806],[62.94962,35.38327],[62.9338,35.38004],[62.93304,35.37582],[62.92454,35.36881],[62.91744,35.36953],[62.91095,35.35899],[62.90791,35.35808],[62.90564,35.36143],[62.89376,35.35837],[62.89601,35.35012],[62.89226,35.34385],[62.88599,35.34132],[62.8777,35.3472],[62.85463,35.31593],[62.84045,35.3115],[62.83238,35.30303],[62.82714,35.30301],[62.82379,35.29937],[62.80101,35.30369],[62.79834,35.30042],[62.78529,35.30075],[62.7772,35.29041],[62.76354,35.2877],[62.75064,35.2721],[62.75207,35.26746],[62.74679,35.25359],[62.73689,35.24979],[62.7246,35.25181],[62.71638,35.24232],[62.70501,35.2368],[62.69287,35.23925],[62.677,35.23151],[62.65591,35.23245],[62.6283,35.20827],[62.62311,35.21003],[62.61177,35.23537],[62.60383,35.23588],[62.59975,35.22739],[62.58433,35.22665],[62.58115,35.22158],[62.57748,35.22375],[62.57614,35.23111],[62.55017,35.23608],[62.54826,35.24186],[62.54405,35.24368],[62.54327,35.25865],[62.52617,35.26217],[62.52577,35.27272],[62.52131,35.27391],[62.51508,35.26616],[62.50522,35.26703],[62.4988,35.27607],[62.49027,35.27402],[62.47737,35.27871],[62.32588,35.145],[62.30523,35.13079],[62.29831,35.1381],[62.30133,35.14346],[62.29899,35.15007],[62.30128,35.16941],[62.29335,35.17854],[62.29212,35.18772],[62.29552,35.20861],[62.29114,35.2148],[62.29418,35.22249],[62.29103,35.22882],[62.29447,35.23172],[62.29311,35.23847],[62.28905,35.24109],[62.29105,35.25622],[62.27542,35.26822],[62.27268,35.27793],[62.27506,35.28359],[62.26669,35.28802],[62.26606,35.29523],[62.15372,35.3409],[62.10668,35.38275],[62.06428,35.43442],[61.96851,35.45449],[61.77986,35.41116],[61.58849,35.43638],[61.45243,35.51907],[61.44516,35.53253],[61.43428,35.53911],[61.42532,35.53863],[61.40945,35.55451],[61.40276,35.55398],[61.3867,35.56689],[61.38897,35.57394],[61.39855,35.57758],[61.40098,35.58344],[61.39865,35.58726],[61.39449,35.58308],[61.39337,35.59156],[61.37599,35.59041],[61.36848,35.61264],[61.37531,35.62073],[61.37354,35.62342],[61.36646,35.62526],[61.31192,35.61991],[61.28687,35.61448],[61.28276,35.60818],[61.27413,35.60515],[61.27019,35.6151],[61.24734,35.6264],[61.25114,35.63655],[61.24655,35.64527],[61.22594,35.65147],[61.22927,35.65599],[61.22186,35.66248],[61.2196,35.6684],[61.22418,35.67265],[61.2167,35.67645],[61.21619,35.68422],[61.22427,35.69767],[61.2289,35.69715],[61.23157,35.70223],[61.23849,35.70529],[61.24186,35.71871],[61.2504,35.72471],[61.24185,35.74131],[61.25576,35.75825],[61.24678,35.76575],[61.25175,35.77523],[61.24846,35.77876],[61.24828,35.78586],[61.25791,35.7979],[61.26768,35.79871],[61.25525,35.81099],[61.255,35.81396],[61.26316,35.81925],[61.2572,35.8286],[61.2608,35.83614],[61.25718,35.84676],[61.24755,35.85355],[61.23728,35.87221],[61.23608,35.87919],[61.2448,35.88846],[61.23886,35.89142],[61.2304,35.88758],[61.22641,35.88889],[61.23385,35.89971],[61.23328,35.91153],[61.22383,35.91479],[61.21039,35.9309],[61.19425,35.93653],[61.19259,35.94176],[61.16197,35.95098],[61.15464,35.94711],[61.14037,35.94906],[61.13014,35.95811],[61.1261,35.95929],[61.12281,35.95553],[61.11766,35.95984],[61.12204,35.96779],[61.12941,35.96697],[61.13976,35.97387],[61.14673,35.98335],[61.16894,35.99026],[61.17102,35.99467],[61.16556,36.00234],[61.1659,36.00766],[61.17345,36.00976],[61.17326,36.0146],[61.16419,36.02502],[61.16416,36.03551],[61.18018,36.04345],[61.18414,36.05326],[61.18319,36.06714],[61.1927,36.0735],[61.1972,36.08395],[61.20737,36.09215],[61.20563,36.10029],[61.20895,36.10587],[61.21499,36.11044],[61.22662,36.11089],[61.23073,36.11681],[61.22845,36.12198],[61.22026,36.12048],[61.21059,36.12782],[61.21524,36.13539],[61.22421,36.13876],[61.2249,36.14178],[61.21554,36.14954],[61.22665,36.1648],[61.22101,36.1831],[61.20714,36.19559],[61.20182,36.20685],[61.20155,36.21745],[61.19209,36.22731],[61.18799,36.2544],[61.19147,36.26556],[61.17952,36.27581],[61.1795,36.27973],[61.1736,36.28299],[61.16966,36.2914],[61.15631,36.29692],[61.16153,36.30456],[61.16058,36.31169],[61.1496,36.31662],[61.15513,36.32169],[61.1612,36.3207],[61.1604,36.33073],[61.14828,36.3381],[61.15056,36.35031],[61.15591,36.3548],[61.15593,36.36305],[61.15467,36.37117],[61.14779,36.37549],[61.14042,36.3939],[61.16594,36.41299],[61.16732,36.41825],[61.16175,36.43207],[61.16469,36.43811],[61.15864,36.45375],[61.17193,36.45823],[61.17479,36.46299],[61.16728,36.48079],[61.1569,36.48625],[61.16182,36.50218],[61.1569,36.50745],[61.16305,36.5106],[61.16729,36.51948],[61.18266,36.52615],[61.17597,36.53626],[61.18491,36.5472],[61.18181,36.55611],[61.18571,36.56595],[61.17936,36.57564],[61.17746,36.59032],[61.17093,36.59785],[61.17393,36.6048],[61.16965,36.60569],[61.16505,36.61485],[61.15422,36.61863],[61.15143,36.62926],[61.1468,36.63177],[61.14352,36.64012],[61.14451,36.6445],[60.68228,36.62232],[60.58037,36.6288],[60.49417,36.62583],[60.34574,36.62928],[60.34431,36.64276],[60.3404,36.64202],[60.33382,36.64711],[60.30598,36.68083],[60.28361,36.72322],[60.26884,36.74205],[60.26636,36.75743],[60.26256,36.76293],[60.21768,36.80023],[60.20981,36.81391],[60.21286,36.82294],[60.20667,36.82202],[60.18863,36.83152],[60.16633,36.84948],[60.15798,36.86556],[60.1353,36.89163],[60.13268,36.89949],[60.11204,36.91607],[60.09555,36.93529],[60.09132,36.94687],[60.08986,36.96984],[60.08396,36.97889],[60.04298,37.02175],[60.00664,37.04102],[59.99217,37.04519],[59.98028,37.04703],[59.96839,37.04373],[59.92767,37.04244],[59.90738,37.05165],[59.89889,37.05196],[59.89344,37.05888],[59.87841,37.06786],[59.87098,37.06742],[59.85521,37.08088],[59.84414,37.09544],[59.83174,37.10025],[59.82845,37.09736],[59.81904,37.10509],[59.81199,37.10431],[59.80281,37.11136],[59.79999,37.10931],[59.76925,37.12617],[59.76294,37.12665],[59.75863,37.12288],[59.75514,37.10934],[59.74703,37.1081],[59.73035,37.11661],[59.72633,37.12687],[59.68024,37.14101],[59.66201,37.1433],[59.65327,37.14266],[59.64401,37.12432],[59.64446,37.11971],[59.62645,37.11865],[59.62374,37.12257],[59.61699,37.1203],[59.61582,37.12417],[59.59929,37.13242],[59.55716,37.13152],[59.55086,37.13784],[59.54388,37.15886],[59.54921,37.17193],[59.55276,37.17237],[59.55185,37.17738],[59.54324,37.17755],[59.53833,37.1805],[59.53781,37.18546],[59.52836,37.18494],[59.49136,37.20783],[59.47571,37.21412],[59.47411,37.21832],[59.48253,37.21906],[59.49157,37.22973],[59.48318,37.2486],[59.47155,37.25243],[59.4642,37.26625],[59.45049,37.27167],[59.45211,37.27893],[59.43686,37.28464],[59.43261,37.29264],[59.43535,37.3037],[59.43215,37.30775],[59.41326,37.30669],[59.39884,37.31596],[59.39956,37.32416],[59.39252,37.33217],[59.38813,37.37364],[59.37781,37.40776],[59.38272,37.4209],[59.41128,37.43572],[59.39574,37.44874],[59.38762,37.44541],[59.38143,37.44978],[59.3923,37.47902],[59.38442,37.49214],[59.36118,37.51164],[59.35362,37.5285],[59.31952,37.5301],[59.27719,37.50864],[59.26359,37.51013],[59.25972,37.51463],[59.23888,37.52057],[59.22939,37.5122],[59.21785,37.51693],[59.19986,37.53224],[59.19037,37.53618],[59.18494,37.54318],[59.17222,37.54429],[59.15895,37.55281],[59.15752,37.56145],[59.14741,37.56135],[59.1302,37.567],[59.12553,37.5752],[59.11359,37.58371],[59.10915,37.58612],[59.10588,37.58308],[59.10241,37.58825],[59.09635,37.5875],[59.09047,37.59857],[59.08272,37.59809],[59.05167,37.62008],[59.04712,37.61762],[59.02686,37.62144],[58.9771,37.63755],[58.93931,37.65375],[58.88691,37.65945],[58.83961,37.6894],[58.82002,37.69816],[58.80568,37.69713],[58.8176,37.68251],[58.81752,37.67715],[58.80742,37.66778],[58.80413,37.65185],[58.79323,37.64237],[58.78932,37.64099],[58.78412,37.6442],[58.78671,37.6471],[58.75586,37.65988],[58.74883,37.65652],[58.74253,37.64808],[58.74085,37.6313],[58.67784,37.64066],[58.62514,37.66034],[58.61942,37.66397],[58.60406,37.6867],[58.5564,37.70526],[58.53966,37.69819],[58.52084,37.67874],[58.51756,37.6789],[58.51171,37.65641],[58.50732,37.6516],[58.49398,37.65038],[58.48606,37.63759],[58.47328,37.63721],[58.46857,37.63425],[58.45459,37.6365],[58.44019,37.63249],[58.41773,37.63707],[58.40801,37.63005],[58.38846,37.62704],[58.38216,37.63075],[58.38025,37.63655],[58.3682,37.63632],[58.36498,37.63918],[58.36766,37.64769],[58.36418,37.65616],[58.33275,37.6633],[58.32941,37.66797],[58.31321,37.66247],[58.28795,37.6642],[58.27283,37.67164],[58.2652,37.66969],[58.22275,37.68228],[58.21663,37.6803],[58.2121,37.68538],[58.2251,37.69141],[58.22822,37.70235],[58.2382,37.71477],[58.23323,37.71862],[58.23022,37.71645],[58.22655,37.71831],[58.22784,37.72986],[58.22435,37.73777],[58.21409,37.74549],[58.21033,37.76572],[58.20055,37.77618],[58.1847,37.77856],[58.16755,37.78756],[58.15565,37.78886],[58.15431,37.79266],[58.15078,37.79285],[58.14119,37.78333],[58.13311,37.78692],[58.12566,37.78468],[58.12093,37.79581],[58.10975,37.79355],[58.10209,37.78789],[58.09582,37.79843],[58.08988,37.7969],[58.0811,37.8052],[58.0449,37.80325],[58.02745,37.80609],[58.02326,37.80894],[58.02336,37.81268],[58.01778,37.81142],[58.01392,37.81782],[58.0092,37.81656],[58.0025,37.81984],[57.96629,37.84312],[57.96081,37.84478],[57.953,37.84169],[57.94868,37.84963],[57.93655,37.84814],[57.93051,37.85262],[57.92256,37.85278],[57.91639,37.86294],[57.89356,37.86241],[57.89372,37.87178],[57.85988,37.87431],[57.82764,37.8638],[57.80655,37.87821],[57.80575,37.8922],[57.79945,37.89287],[57.79529,37.90041],[57.75358,37.89904],[57.74456,37.9074],[57.74293,37.91753],[57.71217,37.92462],[57.69352,37.91987]]],[[[54.31663,40.97724],[54.31225,40.97711],[54.31115,40.98387],[54.31444,40.98971],[54.31663,40.97724]]],[[[54.22191,40.73042],[54.23581,40.72634],[54.2194,40.72348],[54.22077,40.72903],[54.21405,40.72981],[54.20289,40.72565],[54.19138,40.71568],[54.19218,40.70173],[54.17896,40.69991],[54.16996,40.69028],[54.16734,40.69297],[54.1727,40.70008],[54.17498,40.71135],[54.13442,40.72158],[54.16233,40.72175],[54.17965,40.72808],[54.22191,40.73042]]],[[[53.46411,39.98344],[53.47132,39.98291],[53.48179,39.97686],[53.48247,39.97962],[53.49037,39.98041],[53.49209,39.9787],[53.48659,39.97712],[53.49277,39.97278],[53.4775,39.9687],[53.44677,39.98186],[53.46411,39.98344]]],[[[53.1161,39.69406],[53.10333,39.69648],[53.08901,39.7121],[53.0892,39.71653],[53.1161,39.69406]]],[[[53.09399,39.10773],[53.1032,39.10517],[53.09375,39.09725],[53.094,39.10375],[53.0895,39.10675],[53.06975,39.099],[53.05925,39.08575],[53.05675,39.0745],[53.054,39.034],[53.05675,38.92925],[53.073,38.80175],[53.05997,38.81556],[53.05872,38.81256],[53.07072,38.79631],[53.06497,38.79931],[53.05672,38.81256],[53.05425,38.82675],[53.0595,38.846],[53.0575,38.865],[53.03475,38.89775],[53.03275,38.91525],[53.03725,38.94725],[53.04048,39.0161],[53.03575,39.04225],[53.04475,39.077],[53.06175,39.1015],[53.07221,39.10568],[53.09399,39.10773]]],[[[52.98002,39.84273],[52.98427,39.8422],[52.99231,39.83507],[52.99324,39.82991],[53.00026,39.82591],[52.99234,39.81988],[52.99412,39.81688],[53.019,39.80498],[53.03379,39.7923],[53.03406,39.78988],[53.02898,39.78837],[53.01706,39.79627],[53.01096,39.79471],[53.01551,39.79082],[53.0133,39.78461],[53.01985,39.77644],[53.0323,39.76851],[53.06085,39.76092],[53.07065,39.75007],[53.04582,39.75519],[53.03653,39.76465],[53.02132,39.76848],[53.00549,39.7802],[52.99593,39.79209],[52.98218,39.82465],[52.97043,39.83303],[52.95626,39.85797],[52.98002,39.84273]]]]}},{"type":"Feature","properties":{"ISO_A3":"UZB","WB_A3":"UZB","WB_NAME":"Uzbekistan","WB_REGION":"ECS"},"geometry":{"type":"MultiPolygon","coordinates":[[[[72.55866,40.95243],[72.56431,40.93885],[72.59297,40.90531],[72.58579,40.89145],[72.57347,40.87983],[72.5725,40.87322],[72.59164,40.86471],[72.63939,40.86148],[72.66873,40.8495],[72.6873,40.84543],[72.71322,40.84577],[72.73786,40.84162],[72.76759,40.8444],[72.79851,40.85512],[72.81236,40.85372],[72.83474,40.85765],[72.86624,40.84683],[72.89024,40.83317],[72.90017,40.82212],[72.90035,40.81542],[72.91511,40.80704],[72.93912,40.80054],[72.95724,40.8034],[72.9576,40.8144],[72.96471,40.82101],[72.97614,40.81974],[72.98099,40.8295],[72.99297,40.83048],[73.00023,40.84271],[73.00555,40.8397],[73.02164,40.8465],[73.03096,40.83905],[73.04355,40.84686],[73.06203,40.84111],[73.10635,40.84308],[73.11824,40.83635],[73.12308,40.84072],[73.14925,40.82766],[73.14308,40.81856],[73.14562,40.81522],[73.13978,40.80804],[73.1403,40.78953],[73.1363,40.7844],[73.11795,40.78349],[73.09454,40.77024],[73.06472,40.7686],[73.06361,40.76315],[73.0577,40.76693],[73.03684,40.76467],[73.02003,40.76775],[72.99105,40.76466],[72.96716,40.75035],[72.94651,40.73215],[72.93395,40.73118],[72.91676,40.72337],[72.87297,40.71132],[72.85323,40.71234],[72.85322,40.70823],[72.85958,40.70729],[72.85826,40.70087],[72.86563,40.70072],[72.84695,40.67272],[72.80136,40.67736],[72.79914,40.6731],[72.78571,40.66637],[72.79108,40.65371],[72.78116,40.64779],[72.77662,40.63953],[72.76114,40.62681],[72.75031,40.61004],[72.74891,40.59718],[72.75663,40.57946],[72.76089,40.57729],[72.76025,40.57274],[72.75414,40.57406],[72.75069,40.57121],[72.74483,40.57458],[72.74757,40.5803],[72.73898,40.58424],[72.73482,40.58214],[72.71748,40.58972],[72.70071,40.58848],[72.70225,40.59116],[72.69244,40.59727],[72.67014,40.58955],[72.66199,40.58246],[72.66804,40.5784],[72.6731,40.56849],[72.6733,40.56489],[72.6593,40.55992],[72.66813,40.55411],[72.67083,40.53764],[72.66939,40.52335],[72.6549,40.51029],[72.61024,40.51569],[72.60666,40.52355],[72.58678,40.52999],[72.58725,40.53242],[72.57582,40.54084],[72.56641,40.53581],[72.51801,40.54604],[72.51134,40.55052],[72.51171,40.55469],[72.49944,40.57002],[72.49274,40.56934],[72.48262,40.55302],[72.47489,40.55178],[72.45019,40.57302],[72.43114,40.60134],[72.41555,40.60954],[72.41361,40.6155],[72.40793,40.61799],[72.3864,40.61339],[72.38324,40.60155],[72.34982,40.60396],[72.34455,40.60113],[72.3656,40.58809],[72.37257,40.58014],[72.3965,40.57397],[72.38908,40.57016],[72.39002,40.56598],[72.40932,40.56141],[72.41916,40.56223],[72.41578,40.55632],[72.42001,40.54925],[72.4197,40.54292],[72.42441,40.54196],[72.42178,40.53761],[72.40875,40.53323],[72.40535,40.52601],[72.38242,40.52238],[72.3842,40.51865],[72.37869,40.51624],[72.37858,40.51193],[72.3937,40.50704],[72.4149,40.50847],[72.41942,40.50398],[72.42434,40.48566],[72.43721,40.48024],[72.43163,40.46645],[72.43229,40.45462],[72.42199,40.45403],[72.41709,40.44897],[72.40438,40.42192],[72.40442,40.41701],[72.41559,40.40207],[72.41112,40.39757],[72.38599,40.39743],[72.36548,40.4028],[72.35924,40.41361],[72.31929,40.43815],[72.31208,40.44546],[72.30133,40.43675],[72.27814,40.43399],[72.27338,40.4391],[72.27198,40.45098],[72.2434,40.46036],[72.25387,40.48036],[72.24413,40.48581],[72.24192,40.48306],[72.20037,40.48694],[72.19873,40.48151],[72.19337,40.48146],[72.18752,40.48541],[72.18615,40.49594],[72.17656,40.49252],[72.1761,40.49508],[72.17249,40.49468],[72.17218,40.48575],[72.15919,40.48324],[72.12814,40.45973],[72.13016,40.45674],[72.12186,40.45727],[72.10147,40.4393],[72.1034,40.42972],[72.1127,40.42932],[72.11314,40.42707],[72.10771,40.42106],[72.09812,40.41952],[72.0921,40.40867],[72.08862,40.40813],[72.0891,40.40502],[72.06648,40.39545],[72.06121,40.3858],[72.04457,40.37744],[72.04839,40.37087],[71.96155,40.31893],[71.97201,40.31229],[71.97267,40.30887],[71.99371,40.29762],[72.04337,40.29073],[72.05133,40.28699],[72.05256,40.2802],[72.05014,40.27691],[72.02445,40.26834],[72.02805,40.26492],[72.02472,40.26395],[72.00463,40.27567],[71.99024,40.26828],[71.9785,40.25631],[71.94931,40.25613],[71.93989,40.25013],[71.96694,40.24477],[71.96319,40.24075],[71.94514,40.23774],[71.92703,40.24198],[71.92629,40.25251],[71.92134,40.25466],[71.88631,40.2601],[71.8845,40.26259],[71.84117,40.25377],[71.83859,40.24815],[71.83163,40.24585],[71.82853,40.24102],[71.83133,40.21848],[71.83661,40.21043],[71.83194,40.20583],[71.81383,40.2047],[71.80308,40.19317],[71.77804,40.18019],[71.75599,40.1785],[71.75029,40.16989],[71.73514,40.16261],[71.73153,40.15002],[71.72845,40.14909],[71.72506,40.15422],[71.71989,40.15436],[71.72184,40.1625],[71.7153,40.17371],[71.70949,40.17406],[71.71069,40.17717],[71.699,40.17924],[71.68904,40.18724],[71.68127,40.18907],[71.68331,40.19416],[71.68071,40.19679],[71.69608,40.19354],[71.69302,40.20525],[71.69991,40.20753],[71.70201,40.20368],[71.70407,40.20821],[71.6943,40.22468],[71.69953,40.23274],[71.69884,40.24369],[71.68073,40.25627],[71.68078,40.26443],[71.67327,40.26902],[71.64904,40.27022],[71.63305,40.26434],[71.6292,40.2678],[71.6201,40.26716],[71.61974,40.23794],[71.62869,40.21758],[71.62689,40.21523],[71.61857,40.2179],[71.62094,40.21334],[71.61919,40.2071],[71.59395,40.21241],[71.59283,40.21777],[71.58023,40.21878],[71.57408,40.21573],[71.55698,40.21791],[71.5311,40.22601],[71.52108,40.22572],[71.51289,40.2309],[71.51749,40.23898],[71.51143,40.24418],[71.51262,40.26362],[71.51018,40.27059],[71.50196,40.27687],[71.49142,40.27982],[71.47956,40.27488],[71.42898,40.28378],[71.3901,40.30919],[71.36728,40.30627],[71.37648,40.31425],[71.36989,40.31827],[71.35817,40.31651],[71.35258,40.32035],[71.34593,40.31789],[71.34662,40.31504],[71.33666,40.3133],[71.33428,40.31407],[71.33549,40.31704],[71.32398,40.31801],[71.31069,40.30721],[71.2985,40.31507],[71.29303,40.32565],[71.3009,40.33079],[71.27376,40.34362],[71.24445,40.32401],[71.24433,40.32776],[71.24995,40.33153],[71.22923,40.34038],[71.15228,40.33359],[71.12674,40.33538],[71.07451,40.29541],[71.03687,40.28665],[71.01892,40.29623],[70.9877,40.28702],[70.96392,40.28851],[70.95912,40.28524],[70.96091,40.26765],[70.97666,40.25718],[70.97508,40.25011],[70.98032,40.24269],[70.98366,40.22579],[70.97031,40.22202],[70.95594,40.21954],[70.86533,40.22126],[70.83595,40.21065],[70.78861,40.20214],[70.7599,40.18819],[70.71395,40.18986],[70.63233,40.17729],[70.61173,40.20109],[70.58512,40.22387],[70.57282,40.24203],[70.57621,40.28353],[70.55986,40.31217],[70.56018,40.31797],[70.58203,40.33892],[70.56976,40.34437],[70.54696,40.36467],[70.49579,40.36527],[70.47325,40.35616],[70.42988,40.37436],[70.3884,40.38784],[70.3785,40.38699],[70.36508,40.39143],[70.35853,40.40395],[70.34874,40.41121],[70.34652,40.42929],[70.33021,40.4414],[70.32783,40.45541],[70.33534,40.46237],[70.39044,40.47754],[70.40989,40.48632],[70.43188,40.49064],[70.44749,40.49896],[70.48118,40.50125],[70.49216,40.51221],[70.51355,40.54995],[70.52786,40.55468],[70.55595,40.55546],[70.57043,40.56268],[70.58461,40.56524],[70.60848,40.58342],[70.6365,40.62411],[70.64478,40.62859],[70.65785,40.62908],[70.6816,40.64979],[70.69348,40.65318],[70.70672,40.66353],[70.71581,40.66341],[70.72821,40.6553],[70.73613,40.6583],[70.73682,40.66601],[70.73136,40.67307],[70.7301,40.68479],[70.73453,40.68777],[70.75809,40.68308],[70.76463,40.68632],[70.77745,40.71673],[70.79727,40.71965],[70.79466,40.73455],[70.76388,40.7582],[70.74185,40.76492],[70.74018,40.76644],[70.74627,40.76784],[70.74394,40.7737],[70.7045,40.80044],[70.71963,40.80036],[70.72793,40.80922],[70.71364,40.8249],[70.69865,40.83555],[70.67928,40.84246],[70.67011,40.85254],[70.66558,40.85242],[70.6451,40.86848],[70.64436,40.87642],[70.63879,40.88318],[70.63038,40.8874],[70.62537,40.89591],[70.60605,40.90661],[70.60568,40.91322],[70.59627,40.92679],[70.59759,40.93224],[70.58795,40.93872],[70.58317,40.95025],[70.56924,40.95919],[70.56625,40.96774],[70.55829,40.97583],[70.55201,40.9818],[70.53545,40.97986],[70.52108,40.98776],[70.51973,40.99863],[70.51318,41.01122],[70.48844,41.02354],[70.48375,41.03376],[70.47704,41.03604],[70.47365,41.041],[70.46786,41.04149],[70.45818,41.03656],[70.45149,41.0383],[70.44477,41.04482],[70.43013,41.03693],[70.41419,41.03472],[70.39709,41.02638],[70.39035,41.01352],[70.37517,41.00276],[70.38266,40.97986],[70.38976,40.96993],[70.3885,40.95403],[70.38294,40.94706],[70.37108,40.94323],[70.37555,40.92307],[70.37927,40.91824],[70.37254,40.89832],[70.34341,40.88468],[70.33566,40.88262],[70.3258,40.88667],[70.30451,40.87712],[70.28713,40.87507],[70.27464,40.86728],[70.26622,40.85006],[70.20231,40.82273],[70.18113,40.8338],[70.17375,40.83164],[70.16103,40.83415],[70.14235,40.8245],[70.12775,40.82204],[70.12014,40.81443],[70.12439,40.80822],[70.11473,40.78795],[70.09812,40.78218],[70.06826,40.75518],[70.04073,40.75382],[70.03078,40.74444],[70.00431,40.73605],[69.97451,40.73919],[69.96374,40.73171],[69.96211,40.72634],[69.95061,40.72657],[69.93911,40.71872],[69.93164,40.71732],[69.91567,40.72137],[69.89438,40.71991],[69.88897,40.72534],[69.87054,40.71409],[69.86039,40.71413],[69.84417,40.7086],[69.83565,40.70082],[69.82485,40.70079],[69.81781,40.70938],[69.8087,40.70469],[69.79405,40.70318],[69.79039,40.69096],[69.7753,40.67506],[69.77319,40.6673],[69.76163,40.66052],[69.76437,40.65112],[69.75869,40.64546],[69.74588,40.644],[69.7395,40.64073],[69.73704,40.63557],[69.71916,40.62878],[69.71511,40.63107],[69.69978,40.62758],[69.66926,40.63449],[69.66657,40.63798],[69.66905,40.64251],[69.66711,40.64933],[69.6522,40.66685],[69.65193,40.6712],[69.62442,40.67823],[69.61488,40.69143],[69.59327,40.69736],[69.58368,40.70413],[69.58211,40.7115],[69.57358,40.72314],[69.57259,40.72851],[69.57556,40.73257],[69.57169,40.74352],[69.55358,40.76824],[69.54554,40.7724],[69.53685,40.77145],[69.53455,40.77711],[69.52425,40.77554],[69.51799,40.78238],[69.51611,40.77828],[69.49944,40.78188],[69.49888,40.79534],[69.4941,40.80074],[69.49245,40.81164],[69.47569,40.80921],[69.47227,40.79891],[69.4626,40.79342],[69.45864,40.7848],[69.44491,40.78967],[69.42819,40.78305],[69.42149,40.76903],[69.42111,40.76086],[69.40786,40.75233],[69.39463,40.76876],[69.38905,40.78435],[69.37328,40.79094],[69.36763,40.78812],[69.34743,40.77518],[69.35939,40.76052],[69.35745,40.75607],[69.36167,40.75392],[69.35991,40.749],[69.36459,40.74416],[69.35977,40.73933],[69.36296,40.73458],[69.35289,40.73268],[69.35111,40.73109],[69.35594,40.72694],[69.34948,40.72678],[69.34601,40.7227],[69.34693,40.69096],[69.33894,40.66772],[69.33885,40.64304],[69.34746,40.61476],[69.34694,40.58535],[69.3439,40.58124],[69.31869,40.57884],[69.28421,40.58196],[69.27593,40.57413],[69.261,40.57604],[69.23215,40.55327],[69.21299,40.54653],[69.21208,40.54083],[69.22107,40.53606],[69.22042,40.53109],[69.23079,40.52269],[69.24027,40.52013],[69.24816,40.5101],[69.25635,40.50712],[69.26287,40.49988],[69.27938,40.49338],[69.27809,40.48909],[69.2722,40.4882],[69.26986,40.48421],[69.2724,40.47944],[69.26657,40.47601],[69.27181,40.46815],[69.26783,40.45984],[69.27951,40.45172],[69.28397,40.44352],[69.28385,40.41953],[69.29842,40.41179],[69.29779,40.40795],[69.29105,40.4032],[69.29195,40.39639],[69.30648,40.38684],[69.30294,40.36772],[69.31616,40.35668],[69.3363,40.34872],[69.34054,40.33909],[69.33808,40.32141],[69.32761,40.30819],[69.32812,40.2974],[69.32284,40.29296],[69.31149,40.29052],[69.30736,40.28191],[69.24907,40.30357],[69.24643,40.29551],[69.25226,40.2911],[69.25464,40.28421],[69.24855,40.2811],[69.24756,40.27501],[69.2597,40.26461],[69.26235,40.25831],[69.30159,40.24518],[69.29724,40.23405],[69.28869,40.22597],[69.2907,40.21716],[69.29891,40.20723],[69.30139,40.19436],[69.30541,40.19423],[69.30524,40.18854],[69.29967,40.1888],[69.28196,40.19913],[69.27261,40.20221],[69.26314,40.20058],[69.24603,40.20837],[69.22824,40.20858],[69.21021,40.21296],[69.16962,40.20883],[69.14913,40.21585],[69.07222,40.22159],[69.03436,40.22906],[68.86265,40.21047],[68.85167,40.20319],[68.85205,40.19772],[68.84733,40.19513],[68.85349,40.18735],[68.79718,40.17264],[68.77958,40.20365],[68.70123,40.18354],[68.68855,40.17753],[68.66047,40.17409],[68.59845,40.157],[68.55514,40.15053],[68.53313,40.14347],[68.531,40.11784],[68.63341,40.07674],[68.69121,40.09679],[68.70194,40.09628],[68.73518,40.10341],[68.76899,40.10192],[68.77331,40.10679],[68.80086,40.1182],[68.83835,40.11962],[68.84689,40.12253],[68.84727,40.12655],[68.85834,40.12654],[68.88212,40.13725],[68.9358,40.15158],[68.98158,40.14713],[68.99865,40.15724],[69.02163,40.15724],[69.02394,40.12677],[69.02005,40.11671],[68.99508,40.0938],[68.97068,40.09277],[68.96041,40.08824],[68.95712,40.08286],[68.9684,40.06454],[68.91618,40.06128],[68.90627,40.06796],[68.90213,40.06703],[68.89606,40.05801],[68.89874,40.04604],[68.89432,40.04488],[68.88623,40.05863],[68.89381,40.06311],[68.89301,40.06631],[68.85081,40.07142],[68.85599,40.06151],[68.86548,40.0528],[68.85707,40.05062],[68.86611,40.03746],[68.86455,40.03519],[68.89686,40.00008],[68.91264,39.96982],[68.91322,39.95421],[68.9241,39.93666],[68.93511,39.92595],[68.93344,39.91374],[68.91816,39.89143],[68.91297,39.88826],[68.90758,39.86738],[68.89914,39.86006],[68.88566,39.85762],[68.88155,39.86209],[68.87737,39.86177],[68.87353,39.85315],[68.85142,39.85007],[68.78823,39.84709],[68.77137,39.85138],[68.76244,39.84571],[68.75128,39.84693],[68.73553,39.8438],[68.71695,39.84953],[68.68341,39.85208],[68.66788,39.84633],[68.64581,39.84766],[68.63586,39.84342],[68.63155,39.83736],[68.6323,39.83332],[68.63957,39.83226],[68.64383,39.81152],[68.63979,39.8053],[68.63784,39.78617],[68.64196,39.77725],[68.63274,39.77127],[68.62194,39.77048],[68.61862,39.76308],[68.62485,39.75663],[68.62418,39.75316],[68.61545,39.75067],[68.60918,39.74115],[68.58926,39.7374],[68.58639,39.72296],[68.59886,39.71415],[68.60403,39.70643],[68.62063,39.69665],[68.62141,39.69119],[68.62969,39.68349],[68.62148,39.66927],[68.61806,39.64089],[68.61499,39.63496],[68.6101,39.63765],[68.59956,39.62459],[68.58106,39.62213],[68.57023,39.60126],[68.55219,39.59975],[68.54739,39.59444],[68.54075,39.58575],[68.5358,39.56644],[68.54084,39.56551],[68.54709,39.55838],[68.54148,39.54969],[68.53075,39.54446],[68.52428,39.53237],[68.51117,39.53087],[68.50142,39.54003],[68.49044,39.54248],[68.4792,39.53603],[68.46383,39.53839],[68.45579,39.53362],[68.44408,39.53992],[68.42432,39.53772],[68.41602,39.54212],[68.40723,39.54085],[68.39171,39.54478],[68.37662,39.53762],[68.37015,39.53064],[68.35687,39.53158],[68.35077,39.53812],[68.33883,39.54376],[68.30839,39.55415],[68.29758,39.55034],[68.28638,39.55975],[68.26707,39.55788],[68.25109,39.5625],[68.24059,39.55612],[68.20496,39.55306],[68.19164,39.55676],[68.17671,39.56879],[68.15563,39.56298],[68.14474,39.56902],[68.1377,39.56146],[68.11679,39.56024],[68.08091,39.5783],[68.06258,39.57373],[68.03877,39.57719],[68.02736,39.58228],[68.02737,39.58664],[68.0212,39.5856],[68.01137,39.59111],[68.00267,39.58957],[67.97879,39.60109],[67.97621,39.60593],[67.97111,39.60349],[67.95055,39.60376],[67.94114,39.59929],[67.91146,39.61004],[67.89588,39.61076],[67.89261,39.61513],[67.88407,39.61737],[67.88174,39.62458],[67.87606,39.62797],[67.86108,39.62406],[67.83646,39.63056],[67.81821,39.64671],[67.79499,39.65682],[67.79172,39.65747],[67.78313,39.64691],[67.76604,39.6406],[67.70654,39.65995],[67.68356,39.63898],[67.66466,39.64225],[67.66122,39.6375],[67.65177,39.63528],[67.64776,39.63069],[67.64781,39.62514],[67.62953,39.61501],[67.63104,39.6018],[67.6279,39.60014],[67.59459,39.59674],[67.58274,39.60078],[67.5772,39.5957],[67.56437,39.59444],[67.55609,39.58858],[67.53348,39.58885],[67.51953,39.57922],[67.50635,39.57946],[67.49989,39.58369],[67.4835,39.57641],[67.47826,39.5782],[67.4628,39.57484],[67.45182,39.57833],[67.45103,39.57613],[67.45535,39.57447],[67.44423,39.55286],[67.47067,39.53878],[67.47165,39.53432],[67.46846,39.53137],[67.46442,39.53325],[67.41545,39.52939],[67.40176,39.53329],[67.3946,39.5231],[67.39813,39.52173],[67.39842,39.51583],[67.40316,39.51466],[67.40327,39.51024],[67.43589,39.49901],[67.44749,39.48919],[67.45809,39.47406],[67.46461,39.46282],[67.46381,39.45219],[67.45545,39.44031],[67.46097,39.43772],[67.45986,39.42413],[67.46365,39.41953],[67.46332,39.41274],[67.46832,39.40964],[67.48171,39.40911],[67.48411,39.40614],[67.48322,39.38852],[67.48784,39.37803],[67.47402,39.3451],[67.47756,39.33304],[67.47516,39.32607],[67.46117,39.3134],[67.43067,39.30951],[67.41535,39.31262],[67.41258,39.30992],[67.39497,39.31093],[67.38637,39.31461],[67.33749,39.30536],[67.35914,39.28623],[67.35604,39.27847],[67.35716,39.27139],[67.35864,39.26475],[67.36344,39.26232],[67.3539,39.24165],[67.3417,39.23383],[67.35842,39.22752],[67.4096,39.22528],[67.41137,39.22082],[67.40904,39.21528],[67.43886,39.21267],[67.4522,39.20715],[67.45677,39.20084],[67.49365,39.19806],[67.49203,39.19494],[67.49648,39.1933],[67.49389,39.18836],[67.49774,39.18562],[67.55167,39.18119],[67.58757,39.18922],[67.59619,39.18639],[67.59919,39.18205],[67.61088,39.17992],[67.61315,39.1747],[67.62614,39.16916],[67.62702,39.15024],[67.63626,39.14417],[67.67591,39.14585],[67.67935,39.12676],[67.67624,39.11637],[67.67817,39.11388],[67.67292,39.10783],[67.67475,39.10317],[67.67177,39.09598],[67.66665,39.09316],[67.66991,39.08982],[67.66858,39.08183],[67.67363,39.07374],[67.67084,39.06432],[67.67424,39.05911],[67.68099,39.05782],[67.68302,39.05327],[67.6806,39.0501],[67.68415,39.04439],[67.6788,39.03914],[67.68532,39.02696],[67.68294,39.02018],[67.69367,39.0128],[67.69539,39.00553],[67.70753,39.00054],[67.70897,38.99705],[67.71957,38.99659],[67.74093,39.00483],[67.75103,39.00047],[67.76677,39.016],[67.79521,39.01093],[67.81292,39.01261],[67.81993,39.01657],[67.85901,39.00251],[67.87133,39.00194],[67.89208,39.019],[67.90556,39.01786],[67.92065,39.02587],[67.92988,39.02243],[67.93923,39.0251],[67.94468,39.02104],[67.96625,39.02272],[67.98568,39.03321],[67.99358,39.02948],[67.99523,39.0218],[67.99956,39.01789],[68.02022,39.0138],[68.02847,39.00867],[68.04058,39.01628],[68.05926,39.01677],[68.06412,39.01848],[68.06547,39.02346],[68.07839,39.02625],[68.0944,39.02298],[68.10244,39.01613],[68.11258,39.01506],[68.11885,39.00727],[68.11658,39.00273],[68.13062,38.99739],[68.13375,38.98465],[68.14054,38.97892],[68.13894,38.97359],[68.13145,38.96794],[68.13353,38.96299],[68.16132,38.94569],[68.17114,38.94777],[68.19537,38.93882],[68.2073,38.91827],[68.19482,38.9129],[68.19664,38.90444],[68.19306,38.8958],[68.17808,38.8926],[68.18103,38.8872],[68.17831,38.88289],[68.18147,38.87594],[68.20083,38.86713],[68.20125,38.85674],[68.17336,38.84463],[68.17095,38.8318],[68.15377,38.82617],[68.13291,38.82592],[68.13411,38.81844],[68.11492,38.81845],[68.09459,38.81328],[68.06953,38.81826],[68.06687,38.80636],[68.06993,38.8038],[68.06554,38.79946],[68.09287,38.79144],[68.10014,38.77901],[68.0984,38.77593],[68.12253,38.75141],[68.12806,38.73254],[68.10906,38.728],[68.07917,38.72707],[68.05712,38.71499],[68.05689,38.71033],[68.0654,38.69593],[68.07358,38.68794],[68.07352,38.68152],[68.08265,38.67252],[68.07743,38.66606],[68.08246,38.65601],[68.08056,38.6528],[68.09297,38.64145],[68.08858,38.63381],[68.07468,38.62752],[68.07268,38.6193],[68.07772,38.61125],[68.07931,38.59098],[68.07428,38.58307],[68.06278,38.5771],[68.05903,38.56074],[68.06789,38.54968],[68.07091,38.53376],[68.08416,38.53333],[68.08524,38.51718],[68.10125,38.51998],[68.10354,38.5089],[68.11024,38.49899],[68.09875,38.49295],[68.11077,38.48728],[68.1226,38.47793],[68.12307,38.47455],[68.10572,38.45321],[68.10551,38.44741],[68.09768,38.44395],[68.09801,38.43719],[68.0732,38.42015],[68.06633,38.41075],[68.06853,38.40971],[68.06467,38.39314],[68.0933,38.3922],[68.10355,38.40487],[68.1363,38.41335],[68.14382,38.41155],[68.14288,38.39901],[68.1501,38.39759],[68.15804,38.38877],[68.16228,38.37257],[68.1985,38.36387],[68.21386,38.34406],[68.20971,38.33868],[68.21273,38.33631],[68.22375,38.33802],[68.22619,38.3279],[68.23278,38.32186],[68.24955,38.3184],[68.25826,38.32324],[68.26345,38.32039],[68.27908,38.32372],[68.28965,38.3222],[68.29686,38.31531],[68.29072,38.29465],[68.30239,38.25567],[68.31694,38.25069],[68.3191,38.24078],[68.33336,38.2343],[68.36218,38.23943],[68.37079,38.24584],[68.37379,38.24195],[68.37398,38.22409],[68.37861,38.21697],[68.3813,38.20254],[68.40462,38.19738],[68.40248,38.19288],[68.40536,38.18118],[68.39951,38.16708],[68.39939,38.15829],[68.39468,38.15357],[68.39539,38.14243],[68.38657,38.14111],[68.38959,38.1355],[68.37657,38.11169],[68.38167,38.10175],[68.37569,38.09991],[68.3729,38.09329],[68.37692,38.08409],[68.3682,38.07116],[68.35561,38.06256],[68.34692,38.06229],[68.33655,38.04995],[68.32316,38.04251],[68.32391,38.03524],[68.32114,38.03207],[68.30782,38.02855],[68.29925,38.0081],[68.28914,37.99933],[68.28563,37.98796],[68.28768,37.98305],[68.28442,37.97899],[68.28683,37.96992],[68.27982,37.96567],[68.28556,37.95518],[68.27989,37.94855],[68.28338,37.94431],[68.27252,37.94025],[68.27712,37.93069],[68.28404,37.92664],[68.26428,37.90839],[68.25914,37.91107],[68.25395,37.92136],[68.21815,37.93335],[68.19232,37.93244],[68.19259,37.93468],[68.1878,37.93507],[68.1776,37.93128],[68.16512,37.9358],[68.15272,37.9299],[68.14297,37.93309],[68.14239,37.92968],[68.13474,37.92648],[68.13715,37.92256],[68.13142,37.91518],[68.12275,37.91182],[68.13059,37.90847],[68.13125,37.90539],[68.12691,37.8997],[68.1238,37.89999],[68.125,37.89543],[68.12129,37.89216],[68.11655,37.87661],[68.11978,37.87157],[68.11576,37.86963],[68.10587,37.85015],[68.09425,37.83631],[68.07351,37.79564],[68.06372,37.79013],[68.05713,37.77487],[68.04747,37.76545],[68.04783,37.75528],[68.03998,37.75201],[68.03781,37.7432],[68.02715,37.73315],[68.01957,37.73127],[68.02137,37.72591],[68.00879,37.71762],[68.01387,37.71009],[68.01257,37.70537],[68.00567,37.70248],[67.99062,37.68339],[67.96281,37.67287],[67.88737,37.57072],[67.87675,37.56371],[67.86977,37.5498],[67.86026,37.54102],[67.81562,37.42566],[67.82191,37.41682],[67.82894,37.38484],[67.84115,37.35779],[67.84911,37.30614],[67.80582,37.20629],[67.78845,37.18909],[67.78654,37.17226],[67.75866,37.19347],[67.75365,37.20311],[67.73697,37.21455],[67.71345,37.22415],[67.69695,37.22531],[67.67837,37.23274],[67.66385,37.23031],[67.64738,37.22277],[67.63874,37.22552],[67.62867,37.23608],[67.61267,37.2392],[67.58714,37.2251],[67.57096,37.22426],[67.54124,37.25722],[67.53548,37.25925],[67.53229,37.27019],[67.50014,37.28175],[67.47935,37.26779],[67.46383,37.24443],[67.44897,37.23463],[67.41575,37.22562],[67.40528,37.21988],[67.37785,37.21749],[67.32568,37.20297],[67.3033,37.18813],[67.2735,37.18218],[67.26202,37.18343],[67.24933,37.19914],[67.24815,37.2097],[67.24086,37.22359],[67.23246,37.23266],[67.21092,37.24332],[67.21021,37.24786],[67.19383,37.25762],[67.18452,37.2602],[67.16502,37.25826],[67.12788,37.27147],[67.11998,37.28356],[67.11,37.28992],[67.11242,37.32707],[67.10314,37.33424],[67.09061,37.33833],[67.08663,37.34257],[67.0869,37.35005],[67.06915,37.36017],[67.05743,37.37369],[67.04477,37.38044],[67.01107,37.37341],[66.99745,37.37837],[66.99231,37.38398],[66.97937,37.38594],[66.94997,37.39825],[66.93531,37.39395],[66.89719,37.37203],[66.87267,37.36639],[66.85121,37.35349],[66.82393,37.35597],[66.80087,37.36325],[66.76901,37.36085],[66.75119,37.35381],[66.74098,37.35679],[66.73287,37.36373],[66.70846,37.3561],[66.69262,37.35702],[66.67206,37.34207],[66.66584,37.32769],[66.65427,37.32298],[66.64365,37.32867],[66.62536,37.33021],[66.61023,37.34905],[66.60709,37.36073],[66.59368,37.36872],[66.5751,37.36917],[66.5603,37.36239],[66.54768,37.3485],[66.5344,37.34293],[66.506,37.37884],[66.49168,37.38933],[66.50134,37.40002],[66.5265,37.41608],[66.55339,37.44162],[66.57383,37.45208],[66.58119,37.46903],[66.56633,37.49408],[66.55523,37.49739],[66.53397,37.51384],[66.53395,37.52627],[66.52762,37.53826],[66.52572,37.55821],[66.53135,37.58111],[66.52251,37.59762],[66.5405,37.64151],[66.54102,37.66428],[66.55052,37.69658],[66.54125,37.7366],[66.54561,37.76426],[66.54234,37.77001],[66.55137,37.78576],[66.56083,37.79469],[66.5592,37.80217],[66.57149,37.81803],[66.57764,37.83499],[66.59863,37.85344],[66.60834,37.87055],[66.62549,37.88274],[66.63435,37.8845],[66.64526,37.89832],[66.65452,37.90034],[66.67571,37.91425],[66.70662,37.91464],[66.67316,37.97452],[66.63841,37.99455],[66.59826,38.00813],[66.59247,38.01323],[66.55524,38.02115],[66.54596,38.02484],[66.53914,38.03204],[66.51971,38.0329],[66.50606,38.04152],[66.49495,38.04159],[66.459,38.02744],[66.43347,38.0267],[66.43002,38.024],[66.41811,38.02407],[66.4155,38.02762],[66.39229,38.033],[66.37704,38.04888],[66.36403,38.04939],[66.35214,38.06341],[66.34592,38.06281],[66.34299,38.06646],[66.32258,38.06668],[66.30671,38.08082],[66.30224,38.09029],[66.29086,38.0948],[66.29089,38.10106],[66.27141,38.10778],[66.27195,38.11886],[66.26087,38.12528],[66.25896,38.13393],[66.25242,38.13618],[66.25689,38.14301],[66.25165,38.14511],[66.24739,38.15596],[66.2121,38.15754],[66.20391,38.16589],[66.20193,38.16091],[66.18857,38.15618],[66.18524,38.15837],[66.17725,38.1534],[66.16994,38.15724],[66.16548,38.15598],[66.166,38.16261],[66.13775,38.17751],[66.13317,38.17489],[66.12511,38.17515],[66.123,38.17789],[66.12012,38.1753],[66.11293,38.17737],[66.11545,38.1802],[66.10771,38.17961],[66.10119,38.18707],[66.10503,38.18993],[66.10003,38.19198],[66.09789,38.19979],[66.09128,38.20337],[66.08822,38.19972],[66.07955,38.19886],[66.08067,38.20227],[66.06407,38.21183],[66.04602,38.21032],[66.02647,38.2292],[66.0188,38.22597],[66.00948,38.23298],[65.99002,38.23077],[65.986,38.22658],[65.97822,38.22743],[65.97501,38.23372],[65.96911,38.23447],[65.96877,38.23916],[65.95974,38.24198],[65.9564,38.23888],[65.94871,38.25072],[65.93963,38.25264],[65.94019,38.25703],[65.92979,38.26072],[65.93275,38.26303],[65.92712,38.27126],[65.92253,38.27393],[65.91614,38.27264],[65.91409,38.27778],[65.90969,38.27923],[65.8895,38.27651],[65.88324,38.27868],[65.87392,38.27468],[65.86372,38.2778],[65.85144,38.27565],[65.84036,38.25158],[65.83186,38.25094],[65.83123,38.25493],[65.65186,38.27303],[65.56183,38.28956],[65.53967,38.28944],[65.53792,38.29697],[65.54137,38.30035],[65.1713,38.50246],[65.15529,38.52063],[65.03468,38.60673],[64.99263,38.61233],[64.95001,38.63458],[64.92183,38.65579],[64.91188,38.65862],[64.89558,38.67062],[64.8756,38.67774],[64.85203,38.68307],[64.82864,38.68221],[64.81438,38.68505],[64.77315,38.71672],[64.71781,38.75102],[64.66453,38.77035],[64.53619,38.83923],[64.33065,38.99525],[64.30236,38.99185],[64.19908,38.96403],[64.17998,38.96418],[64.16708,38.9733],[64.10816,39.00021],[64.03805,39.03722],[64.00379,39.05608],[63.99817,39.0621],[63.70507,39.22404],[63.69428,39.27241],[63.57056,39.33467],[63.482,39.38318],[62.47007,39.95811],[62.45349,39.97453],[62.43481,40],[62.42446,40.06742],[62.41924,40.07784],[62.39953,40.09716],[62.39534,40.1089],[62.41242,40.1347],[62.41379,40.15605],[62.4022,40.18991],[62.40097,40.21981],[62.38337,40.26236],[62.39065,40.32197],[62.38497,40.33082],[62.34869,40.35339],[62.33828,40.36787],[62.33385,40.38129],[62.34219,40.408],[62.33894,40.42889],[62.33133,40.43743],[62.31051,40.44746],[62.27302,40.48081],[62.24439,40.48731],[62.21528,40.48528],[62.20971,40.49296],[62.18172,40.50842],[62.16159,40.52616],[62.13187,40.54255],[62.11554,40.56355],[62.10619,40.58716],[62.10194,40.6291],[62.09344,40.66203],[62.08727,40.67006],[62.05682,40.68303],[62.03515,40.70845],[62.03223,40.71454],[62.03148,40.7383],[62.03596,40.75369],[62.0353,40.76524],[62.01209,40.79893],[61.99895,40.81003],[61.98538,40.83606],[61.99629,40.91351],[61.99087,40.93064],[61.99159,40.95659],[61.98461,40.98171],[61.9493,41.01163],[61.93828,41.04181],[61.89661,41.05503],[61.89973,41.07246],[61.89213,41.07979],[61.89282,41.08889],[61.88751,41.1053],[61.85765,41.11952],[61.81548,41.13085],[61.80581,41.13728],[61.80494,41.14549],[61.79762,41.15569],[61.7286,41.1891],[61.72136,41.21032],[61.65125,41.22925],[61.64567,41.23434],[61.63772,41.25141],[61.56986,41.26683],[61.55691,41.27833],[61.49758,41.2813],[61.45903,41.29717],[61.43145,41.29087],[61.41797,41.2844],[61.40167,41.2544],[61.40655,41.21989],[61.39409,41.20778],[61.39964,41.2039],[61.39636,41.19649],[61.33012,41.14846],[61.24034,41.14526],[61.12844,41.18984],[61.10084,41.21176],[61.09039,41.22977],[61.08643,41.22559],[61.08534,41.21671],[61.08241,41.21441],[61.07977,41.21671],[61.06534,41.24364],[61.06482,41.25415],[61.05392,41.25372],[61.05158,41.24573],[61.04252,41.25564],[61.04472,41.26476],[61.04225,41.26552],[61.03748,41.26115],[61.02942,41.26275],[61.03007,41.22228],[61.0248,41.22195],[61.0017,41.23347],[60.99902,41.24219],[60.96209,41.24638],[60.81723,41.25819],[60.68496,41.25673],[60.57993,41.22348],[60.49365,41.21458],[60.47381,41.21916],[60.43208,41.244],[60.38996,41.28091],[60.36204,41.29754],[60.32337,41.31202],[60.2422,41.33144],[60.15895,41.37642],[60.12361,41.40277],[60.0914,41.41585],[60.07662,41.43486],[60.07478,41.45808],[60.08871,41.49874],[60.08133,41.50669],[60.09787,41.52525],[60.11471,41.55276],[60.11909,41.55095],[60.1245,41.55714],[60.12854,41.55383],[60.1407,41.56],[60.13914,41.56535],[60.14471,41.56597],[60.14202,41.56892],[60.15265,41.57868],[60.16975,41.58133],[60.17523,41.57919],[60.17282,41.59239],[60.17517,41.60395],[60.17097,41.60523],[60.17546,41.60813],[60.17446,41.61357],[60.1782,41.61709],[60.14513,41.66],[60.08449,41.70011],[60.04392,41.75332],[60.06102,41.76892],[60.0707,41.7662],[60.07654,41.77267],[60.08405,41.77272],[60.07836,41.7779],[60.07799,41.78428],[60.08161,41.79291],[60.07894,41.79715],[60.08516,41.8109],[60.09654,41.80901],[60.10097,41.80664],[60.09933,41.80395],[60.10203,41.80204],[60.12228,41.79608],[60.1289,41.79734],[60.12652,41.80155],[60.14211,41.80507],[60.14313,41.80057],[60.14904,41.79669],[60.14966,41.79988],[60.16553,41.79931],[60.17195,41.79139],[60.18122,41.78744],[60.19132,41.7963],[60.20146,41.78742],[60.20412,41.78051],[60.22064,41.77458],[60.23716,41.75147],[60.24774,41.75502],[60.24805,41.76125],[60.26568,41.76065],[60.27744,41.75497],[60.27536,41.75236],[60.28349,41.73351],[60.2992,41.73693],[60.30099,41.74477],[60.29139,41.74916],[60.29489,41.75457],[60.31832,41.7506],[60.33148,41.76743],[60.32487,41.76813],[60.31805,41.77412],[60.31298,41.77223],[60.30892,41.78027],[60.29542,41.78895],[60.28378,41.79132],[60.28817,41.796],[60.25744,41.81943],[60.24697,41.8228],[60.20588,41.82586],[60.18532,41.83302],[60.15943,41.85257],[60.15063,41.86593],[60.13333,41.87962],[60.13216,41.89662],[60.12521,41.90114],[60.09859,41.91174],[60.09321,41.91146],[60.08946,41.90458],[60.05698,41.909],[60.04164,41.91544],[60.02718,41.92793],[60.02524,41.93404],[60.02979,41.94839],[60.02476,41.9609],[60.01437,41.96337],[59.9918,41.95594],[59.9788,41.9452],[59.96658,41.9433],[59.95165,41.96692],[59.94278,41.97119],[59.93699,41.98161],[59.92431,41.99226],[59.92967,42.00678],[59.94638,42.00665],[59.95064,42.01068],[59.97061,42.00813],[59.97451,42.00251],[60.02354,41.98288],[60.02603,41.99471],[60.03208,41.99631],[60.0326,42.00532],[60.04367,42.01992],[60.04086,42.03709],[60.04999,42.06379],[60.04674,42.07361],[60.05191,42.08602],[60.05692,42.08938],[60.04996,42.09747],[60.03452,42.10544],[60.03691,42.11126],[60.02185,42.12411],[60.01816,42.12133],[60.01055,42.12731],[60.00184,42.12233],[59.99396,42.12412],[59.971,42.13352],[59.96111,42.14213],[59.96185,42.14647],[59.97548,42.15054],[59.9857,42.1644],[59.98155,42.17107],[60.01763,42.15768],[60.02475,42.15984],[60.03126,42.15674],[60.03487,42.16646],[60.0522,42.17032],[60.04739,42.17265],[60.04981,42.17801],[60.04653,42.17993],[60.04779,42.1832],[60.02709,42.18337],[60.02796,42.18884],[60.02485,42.19086],[60.02375,42.20124],[60.01902,42.20379],[60.01881,42.21589],[60.01326,42.21776],[60.01424,42.22189],[59.99214,42.22388],[59.99823,42.23976],[59.98849,42.24489],[59.97596,42.24665],[59.96743,42.24498],[59.96365,42.23844],[59.95927,42.23925],[59.95606,42.24944],[59.94564,42.25676],[59.94774,42.25927],[59.95665,42.25875],[59.95483,42.26335],[59.93999,42.26794],[59.94195,42.27285],[59.92938,42.27546],[59.9209,42.28201],[59.90744,42.28019],[59.90751,42.29411],[59.91003,42.29402],[59.91526,42.3081],[59.90485,42.31757],[59.88998,42.31094],[59.8623,42.3153],[59.84103,42.30881],[59.8337,42.29717],[59.81653,42.28067],[59.79328,42.27389],[59.7622,42.28538],[59.74195,42.29696],[59.71884,42.30196],[59.69866,42.30054],[59.65526,42.29069],[59.64242,42.29037],[59.60823,42.2988],[59.5958,42.28968],[59.56585,42.28191],[59.55561,42.29254],[59.54817,42.29479],[59.51822,42.28982],[59.43708,42.29158],[59.43111,42.30051],[59.42016,42.30666],[59.41799,42.32531],[59.38764,42.3333],[59.33452,42.35403],[59.30448,42.36136],[59.30089,42.37116],[59.27498,42.38927],[59.26928,42.40218],[59.25846,42.41457],[59.26759,42.42022],[59.27032,42.4293],[59.24171,42.45582],[59.23814,42.46764],[59.22345,42.47171],[59.22395,42.47485],[59.17081,42.53159],[59.07725,42.5203],[59.05834,42.52742],[59.01484,42.52684],[59.00489,42.53507],[58.97301,42.55066],[58.90489,42.59659],[58.87119,42.61163],[58.7677,42.69183],[58.74703,42.71169],[58.67273,42.76068],[58.67173,42.7641],[58.62546,42.79826],[58.62283,42.79148],[58.62933,42.7772],[58.62562,42.77504],[58.62348,42.76135],[58.63089,42.75339],[58.62696,42.75004],[58.61919,42.7507],[58.64072,42.74151],[58.65086,42.73065],[58.64735,42.72907],[58.64882,42.72635],[58.64484,42.7189],[58.63016,42.71313],[58.62312,42.71392],[58.60724,42.72525],[58.59361,42.71975],[58.59284,42.71058],[58.60505,42.70457],[58.6031,42.70224],[58.60789,42.69698],[58.60148,42.67847],[58.60623,42.67248],[58.60222,42.67191],[58.60287,42.6639],[58.5906,42.64753],[58.56349,42.65261],[58.53937,42.65269],[58.48378,42.64418],[58.45486,42.64843],[58.43651,42.65535],[58.4129,42.65722],[58.39325,42.66896],[58.33602,42.68358],[58.27585,42.68704],[58.25903,42.68291],[58.25254,42.67644],[58.24439,42.67618],[58.20717,42.65727],[58.18525,42.64271],[58.17974,42.63509],[58.16034,42.63509],[58.15971,42.63142],[58.15487,42.63384],[58.15056,42.62869],[58.15528,42.60831],[58.16291,42.60235],[58.25558,42.56491],[58.3015,42.55816],[58.31312,42.54593],[58.33005,42.50373],[58.35016,42.47271],[58.39582,42.41794],[58.39386,42.41518],[58.40462,42.40849],[58.41047,42.39776],[58.4086,42.39129],[58.40585,42.39091],[58.40773,42.3805],[58.41665,42.36742],[58.43171,42.37085],[58.43338,42.36659],[58.51908,42.32282],[58.52169,42.31212],[58.51268,42.29748],[58.51502,42.29386],[58.51064,42.2777],[58.46882,42.29308],[58.44658,42.29569],[58.39522,42.28783],[58.39973,42.3355],[58.39548,42.35624],[58.37971,42.39908],[58.36247,42.42071],[58.32809,42.44576],[58.30303,42.45569],[58.21113,42.47138],[58.19334,42.46865],[58.1456,42.45236],[58.13313,42.44473],[58.13579,42.4749],[58.1387,42.4883],[58.14188,42.49056],[58.13937,42.49509],[58.12247,42.50222],[58.11976,42.49123],[58.10251,42.49923],[58.0564,42.50704],[58.05991,42.51341],[58.05689,42.52266],[58.05955,42.5279],[58.05536,42.53661],[58.05569,42.52788],[58.04936,42.52612],[58.05273,42.5158],[58.04061,42.5112],[58.04385,42.50621],[58.04193,42.5048],[58.01344,42.49403],[58.00701,42.50877],[58.00843,42.5008],[58.00138,42.49786],[58.00396,42.48997],[58.00118,42.48447],[57.99653,42.48193],[57.97805,42.4848],[57.97798,42.47887],[57.98494,42.47778],[57.98238,42.47539],[57.98432,42.46663],[57.97586,42.46224],[57.97835,42.4543],[57.96763,42.42705],[57.94965,42.43421],[57.94084,42.4453],[57.92699,42.43882],[57.92863,42.43625],[57.91354,42.4315],[57.90742,42.4247],[57.92414,42.41908],[57.92654,42.41421],[57.92465,42.41129],[57.93033,42.40526],[57.94078,42.4021],[57.94129,42.39764],[57.95953,42.38317],[57.95872,42.37504],[57.95215,42.37628],[57.95875,42.37147],[57.96187,42.35669],[57.95002,42.34467],[57.95061,42.33553],[57.90418,42.23121],[57.90094,42.23326],[57.89608,42.23097],[57.89601,42.22355],[57.90492,42.21541],[57.88275,42.21188],[57.8718,42.21626],[57.86387,42.22718],[57.85467,42.22795],[57.85573,42.23175],[57.85318,42.23325],[57.84821,42.23025],[57.84286,42.23624],[57.84674,42.22744],[57.84458,42.22388],[57.8507,42.21917],[57.85068,42.21479],[57.84046,42.21129],[57.84877,42.20822],[57.85775,42.19747],[57.86504,42.17158],[57.85017,42.17346],[57.83427,42.17029],[57.77569,42.17086],[57.74079,42.16745],[57.65333,42.13806],[57.5706,42.15041],[57.42837,42.15544],[57.35012,42.14886],[57.30425,42.14063],[57.28057,42.12967],[57.16232,41.97138],[57.1236,41.92708],[57.11175,41.9236],[57.06961,41.92501],[57.0362,41.92122],[57.00019,41.90958],[56.9858,41.89791],[56.96544,41.86977],[56.96454,41.85573],[56.96366,41.8305],[56.98261,41.70064],[56.97868,41.68998],[56.97946,41.67714],[56.9747,41.67411],[56.97966,41.6647],[56.97743,41.66087],[56.98791,41.65659],[57.04425,41.56263],[57.0418,41.52925],[57.03634,41.52243],[57.03667,41.51609],[57.05213,41.47922],[57.04458,41.46984],[57.04556,41.45477],[57.04009,41.44545],[57.04203,41.43739],[57.05634,41.41607],[57.09326,41.37773],[57.09359,41.37077],[57.1069,41.35914],[57.13341,41.35871],[57.14688,41.36932],[57.14962,41.37721],[57.15463,41.37831],[57.16252,41.37687],[57.16711,41.3649],[57.16107,41.34804],[57.15456,41.34294],[57.12373,41.33605],[57.11257,41.33746],[57.09386,41.33419],[57.05897,41.31973],[57.05959,41.31337],[57.07293,41.29509],[57.07064,41.27591],[57.06298,41.26069],[57.04567,41.2419],[57.02833,41.24111],[56.9689,41.25371],[56.77595,41.28194],[56.72832,41.28137],[56.70545,41.28587],[56.49649,41.29398],[56.47526,41.29785],[56.36241,41.30355],[56.3525,41.30183],[56.17864,41.31459],[55.99857,41.31864],[55.99822,45.00043],[56.64714,45.15508],[57.20642,45.28405],[58.58958,45.59007],[59.21625,45.33262],[59.9992,45.00075],[60.54518,44.68966],[61.08011,44.37673],[61.1067,44.35943],[61.13886,44.22552],[61.42534,44.00095],[62.00452,43.50568],[62.45312,43.5269],[63.29682,43.65361],[63.85464,43.60029],[64.53029,43.57205],[64.93267,43.73526],[64.99891,43.71755],[65.18428,43.49577],[65.53127,43.3176],[65.55908,43.28655],[65.75681,42.97911],[65.84459,42.8586],[66.09667,42.93801],[66.08695,42.34846],[65.99962,42.36214],[65.999,41.93666],[66.53461,41.87695],[66.60486,41.50315],[66.64478,41.34781],[66.65175,41.33351],[66.70941,41.14075],[66.99915,41.14079],[67.01455,41.13733],[67.31023,41.13372],[67.36544,41.12556],[67.56943,41.16668],[67.68587,41.17136],[67.73594,41.18225],[67.81407,41.15615],[67.86657,41.13474],[67.89169,41.15204],[67.96618,41.14804],[67.98852,41.08562],[67.98386,41.06334],[67.98704,41.03369],[67.98321,41.02524],[68.02431,41.01822],[68.02481,41.0381],[68.04135,41.04445],[68.05148,41.04176],[68.06381,41.07188],[68.07109,41.08],[68.08015,41.08152],[68.10116,41.06785],[68.1123,41.06686],[68.11472,41.05426],[68.11881,41.04695],[68.12685,41.04449],[68.1274,41.03827],[68.12669,41.03237],[68.11071,41.03618],[68.08758,41.03068],[68.05546,41.00906],[68.05753,41.00577],[68.06804,41.00802],[68.08226,41.00128],[68.08362,40.99772],[68.07365,40.98587],[68.08774,40.96982],[68.08418,40.96367],[68.0763,40.96023],[68.08172,40.95268],[68.07512,40.94964],[68.07168,40.95331],[68.06385,40.94532],[68.09155,40.94182],[68.09618,40.93658],[68.08869,40.9256],[68.07314,40.92464],[68.07243,40.91698],[68.03973,40.90781],[68.00662,40.88558],[68.00588,40.86072],[67.97153,40.86189],[67.97018,40.85133],[67.97919,40.84147],[67.97616,40.83267],[68.0233,40.80079],[68.07559,40.79001],[68.15829,40.72532],[68.21734,40.68773],[68.29766,40.65662],[68.37098,40.61737],[68.41097,40.61477],[68.43552,40.59675],[68.46786,40.58917],[68.48155,40.57102],[68.49072,40.57463],[68.49276,40.57248],[68.50209,40.57973],[68.53149,40.58341],[68.53523,40.57958],[68.56311,40.57923],[68.58174,40.56869],[68.61046,40.57706],[68.64136,40.5995],[68.66326,40.59912],[68.65303,40.61338],[68.62178,40.63049],[68.64247,40.6381],[68.64272,40.64582],[68.64787,40.64952],[68.64868,40.67645],[68.65378,40.6802],[68.64628,40.68241],[68.64626,40.68609],[68.63627,40.68629],[68.64389,40.694],[68.63507,40.70099],[68.6342,40.69766],[68.61887,40.69799],[68.60916,40.70776],[68.58392,40.70911],[68.58589,40.78015],[68.56232,40.80585],[68.56469,40.8491],[68.57999,40.85408],[68.59043,40.86511],[68.58626,40.88617],[68.57673,40.89704],[68.57672,40.9065],[68.58287,40.92446],[68.5733,40.9279],[68.56809,40.93452],[68.55878,40.93801],[68.54874,40.94694],[68.51751,40.9424],[68.51992,40.9505],[68.51603,40.9524],[68.51698,40.95657],[68.51107,40.96395],[68.50946,40.97289],[68.49823,40.97339],[68.49726,40.97923],[68.50663,41.00319],[68.52653,41.02003],[68.53299,41.01398],[68.55857,41.00718],[68.57114,41.01195],[68.58668,41.02724],[68.59547,41.03057],[68.60743,41.0302],[68.6108,41.02566],[68.60968,41.01202],[68.61894,41.00198],[68.6277,40.99746],[68.6619,40.9949],[68.67262,40.98856],[68.66994,40.98066],[68.63207,40.97257],[68.62746,40.96758],[68.63388,40.952],[68.64049,40.94444],[68.64641,40.94249],[68.67675,40.96242],[68.6976,40.9673],[68.71142,40.96435],[68.72884,40.96995],[68.74208,40.98151],[68.74914,40.98142],[68.74781,40.99033],[68.75821,40.99763],[68.75264,41.00262],[68.76107,41.00656],[68.75673,41.00787],[68.75785,41.01103],[68.7533,41.01126],[68.74725,41.00556],[68.74254,41.00599],[68.7222,41.02902],[68.7128,41.03272],[68.72329,41.05206],[68.7478,41.06783],[68.76571,41.08568],[68.80835,41.11813],[68.83706,41.1342],[68.86026,41.14292],[68.87771,41.15517],[68.91373,41.17338],[68.91543,41.18216],[68.93239,41.18264],[68.93767,41.19042],[68.98633,41.21049],[68.99552,41.22095],[68.99741,41.22542],[68.99294,41.23042],[69.00071,41.2397],[69.01185,41.2275],[69.03042,41.22525],[69.02637,41.23094],[69.02916,41.23949],[69.02101,41.24593],[69.03974,41.25496],[69.04033,41.26467],[69.01708,41.27345],[69.01341,41.289],[69.01862,41.29836],[69.02623,41.2984],[69.02946,41.30342],[69.03753,41.30173],[69.04499,41.31072],[69.0393,41.32381],[69.04706,41.34765],[69.04384,41.35074],[69.0252,41.35143],[69.0223,41.35354],[69.02353,41.35709],[69.03379,41.36356],[69.04121,41.36609],[69.0495,41.36453],[69.05243,41.3686],[69.07896,41.37723],[69.08872,41.36855],[69.08382,41.36528],[69.08296,41.36019],[69.08567,41.35699],[69.09186,41.35674],[69.09682,41.35839],[69.10123,41.37574],[69.11364,41.39148],[69.12188,41.39212],[69.12759,41.38893],[69.14417,41.39329],[69.15066,41.3924],[69.15171,41.38686],[69.15517,41.38663],[69.16041,41.3933],[69.16654,41.3947],[69.16908,41.40018],[69.17364,41.40069],[69.16588,41.40853],[69.15951,41.42498],[69.14994,41.42705],[69.15621,41.43419],[69.16668,41.4351],[69.166,41.43799],[69.1715,41.44086],[69.1776,41.43862],[69.18584,41.44838],[69.186,41.4526],[69.19818,41.45198],[69.22804,41.46262],[69.23475,41.45866],[69.24997,41.4663],[69.26246,41.45266],[69.27822,41.4498],[69.29313,41.43745],[69.30101,41.43751],[69.31682,41.44285],[69.3375,41.45916],[69.34524,41.46119],[69.35423,41.46744],[69.35462,41.47268],[69.38031,41.46559],[69.41167,41.4705],[69.41663,41.46348],[69.43403,41.46105],[69.45679,41.46462],[69.46053,41.4674],[69.45688,41.4688],[69.45503,41.48688],[69.44941,41.49027],[69.4416,41.48777],[69.42749,41.49756],[69.40047,41.50332],[69.39736,41.507],[69.4071,41.52469],[69.4276,41.54066],[69.44724,41.56545],[69.46069,41.56882],[69.47484,41.55981],[69.48107,41.55045],[69.50066,41.54692],[69.52689,41.56297],[69.5498,41.56946],[69.55001,41.57283],[69.53759,41.57841],[69.54033,41.58997],[69.54873,41.59128],[69.55333,41.59741],[69.55929,41.59865],[69.56541,41.61408],[69.57202,41.61786],[69.57654,41.62935],[69.59112,41.64081],[69.60767,41.64853],[69.61736,41.66232],[69.63206,41.66321],[69.63504,41.66745],[69.66014,41.66872],[69.66294,41.67166],[69.66804,41.66817],[69.68028,41.67728],[69.69746,41.67408],[69.71202,41.68457],[69.71995,41.68485],[69.73696,41.6988],[69.74549,41.70068],[69.76085,41.69707],[69.78643,41.70005],[69.79653,41.70744],[69.81315,41.70915],[69.83854,41.72025],[69.85705,41.71786],[69.86599,41.71074],[69.88153,41.70633],[69.8943,41.70675],[69.90716,41.7127],[69.91554,41.71306],[69.92281,41.71711],[69.9257,41.72749],[69.94454,41.72939],[69.95873,41.73766],[69.96145,41.74272],[69.95757,41.75079],[69.96236,41.7567],[69.97331,41.75717],[69.973,41.77192],[69.97611,41.77635],[70.00616,41.78747],[70.00442,41.79726],[70.0191,41.79721],[70.02149,41.79568],[70.02034,41.78642],[70.03554,41.78035],[70.09317,41.82533],[70.10034,41.83653],[70.10592,41.8394],[70.11667,41.83633],[70.12072,41.84142],[70.13104,41.84475],[70.13893,41.84398],[70.14656,41.83793],[70.15158,41.83934],[70.15753,41.84926],[70.1679,41.85701],[70.17563,41.85524],[70.18317,41.86216],[70.18212,41.88376],[70.19644,41.88875],[70.19531,41.89387],[70.19893,41.89963],[70.19555,41.90398],[70.20785,41.90341],[70.21411,41.90675],[70.2153,41.91099],[70.22666,41.91609],[70.22862,41.9214],[70.22344,41.92841],[70.22735,41.93083],[70.22707,41.93498],[70.25759,41.94902],[70.26107,41.95417],[70.27446,41.95327],[70.28836,41.95827],[70.29035,41.9623],[70.33527,41.97478],[70.33618,41.98449],[70.32968,41.99627],[70.33305,42.0178],[70.32438,42.02543],[70.31993,42.0366],[70.33006,42.04112],[70.33286,42.04699],[70.35096,42.05035],[70.35484,42.05655],[70.37183,42.06358],[70.37269,42.06884],[70.38184,42.07129],[70.39712,42.06801],[70.42943,42.08731],[70.44367,42.09134],[70.45821,42.0854],[70.47333,42.09992],[70.47582,42.10968],[70.50209,42.0986],[70.50589,42.09047],[70.51375,42.08732],[70.51406,42.08343],[70.52833,42.08538],[70.54573,42.07413],[70.55096,42.05839],[70.55757,42.05341],[70.55867,42.04211],[70.55166,42.03918],[70.55066,42.03505],[70.55154,42.03001],[70.55898,42.02365],[70.57664,42.0204],[70.58759,42.00979],[70.60696,42.00649],[70.62502,42.01529],[70.6383,42.01686],[70.64127,42.01912],[70.6417,42.03032],[70.65179,42.04272],[70.65543,42.06105],[70.66497,42.07103],[70.66607,42.07732],[70.6781,42.08745],[70.67892,42.0986],[70.68824,42.12216],[70.70148,42.12961],[70.70709,42.12963],[70.71464,42.14225],[70.72672,42.14927],[70.72443,42.15333],[70.72661,42.15768],[70.73808,42.16564],[70.74879,42.16585],[70.75507,42.1705],[70.75326,42.17611],[70.73905,42.18185],[70.74794,42.19154],[70.76759,42.19367],[70.77057,42.20111],[70.79282,42.2092],[70.81921,42.20252],[70.8362,42.1943],[70.85067,42.19817],[70.85519,42.20876],[70.87632,42.21262],[70.88397,42.2103],[70.88857,42.21334],[70.88857,42.22027],[70.91213,42.22831],[70.91144,42.23544],[70.9268,42.23816],[70.92569,42.24374],[70.94428,42.26373],[70.96302,42.256],[70.98904,42.25292],[71.00054,42.25598],[71.00676,42.26672],[71.00423,42.26986],[71.0085,42.27823],[71.01858,42.28155],[71.02708,42.29384],[71.03872,42.29032],[71.06442,42.2947],[71.07566,42.28378],[71.08577,42.28413],[71.10993,42.27328],[71.12238,42.27822],[71.12381,42.28295],[71.13303,42.28226],[71.15179,42.26331],[71.16539,42.25928],[71.17017,42.25298],[71.17827,42.25134],[71.19297,42.2404],[71.19867,42.2434],[71.2087,42.23697],[71.20506,42.22731],[71.20735,42.22515],[71.21452,42.22216],[71.2256,42.22312],[71.23342,42.22869],[71.24478,42.22757],[71.24552,42.21833],[71.25088,42.21083],[71.26795,42.20415],[71.26507,42.20099],[71.26872,42.19596],[71.26243,42.19293],[71.25657,42.18352],[71.25012,42.18218],[71.25955,42.17145],[71.25919,42.16771],[71.24817,42.16619],[71.23832,42.15339],[71.22079,42.14836],[71.22522,42.144],[71.22228,42.13914],[71.21014,42.13356],[71.20647,42.1372],[71.20001,42.13754],[71.19489,42.1435],[71.17337,42.14302],[71.15295,42.13051],[71.14112,42.134],[71.13126,42.11733],[71.11996,42.11208],[71.10752,42.1158],[71.10378,42.1137],[71.09966,42.09422],[71.08373,42.09409],[71.06513,42.08412],[71.05951,42.08525],[71.0485,42.08034],[71.04136,42.06256],[71.02888,42.06678],[71.02465,42.06132],[71.01596,42.06154],[71.00687,42.05737],[71.01344,42.05242],[71.00202,42.04381],[70.9922,42.03009],[70.97841,42.03329],[70.94225,42.03114],[70.91495,42.04165],[70.90035,42.0408],[70.89566,42.04907],[70.88874,42.05217],[70.88474,42.04623],[70.87979,42.04606],[70.86611,42.05403],[70.86067,42.04808],[70.86222,42.04356],[70.85575,42.04],[70.85943,42.02654],[70.8469,42.01874],[70.8381,41.99964],[70.8517,41.98985],[70.85299,41.98623],[70.84837,41.97477],[70.85229,41.95809],[70.85664,41.95268],[70.85254,41.94847],[70.85393,41.9414],[70.84587,41.93879],[70.8439,41.93219],[70.83485,41.92316],[70.81447,41.92681],[70.80823,41.92064],[70.79166,41.9292],[70.78106,41.92663],[70.77289,41.92871],[70.76665,41.93592],[70.7581,41.9366],[70.75617,41.91492],[70.75129,41.91247],[70.72115,41.92087],[70.67827,41.91358],[70.67224,41.9078],[70.66514,41.90717],[70.6606,41.89946],[70.66225,41.89444],[70.65394,41.88392],[70.64838,41.88199],[70.64731,41.87507],[70.63966,41.87204],[70.6396,41.86792],[70.63042,41.85928],[70.62723,41.85179],[70.61406,41.85345],[70.60247,41.85013],[70.59726,41.83476],[70.59838,41.81983],[70.596,41.81786],[70.57653,41.81943],[70.56895,41.81077],[70.5539,41.80764],[70.55143,41.80418],[70.53325,41.79759],[70.52752,41.79863],[70.50926,41.77286],[70.50886,41.76146],[70.50439,41.75036],[70.50843,41.74689],[70.50503,41.74373],[70.5059,41.73675],[70.49804,41.72046],[70.46676,41.72083],[70.45012,41.70266],[70.43648,41.70051],[70.41965,41.69032],[70.41235,41.6913],[70.39709,41.68454],[70.36662,41.64733],[70.34102,41.63856],[70.30932,41.63397],[70.29973,41.63019],[70.29212,41.62168],[70.28039,41.62013],[70.26555,41.60777],[70.24415,41.6163],[70.22734,41.61058],[70.21068,41.61134],[70.20864,41.60413],[70.21614,41.59528],[70.20967,41.57448],[70.18948,41.56837],[70.18806,41.56176],[70.17927,41.55753],[70.18763,41.54487],[70.18451,41.54253],[70.18058,41.52645],[70.17557,41.52518],[70.16924,41.51649],[70.18928,41.50743],[70.21208,41.5042],[70.21903,41.49621],[70.22869,41.49163],[70.2392,41.49151],[70.27029,41.49953],[70.27495,41.5115],[70.29401,41.51925],[70.30511,41.51879],[70.31271,41.50847],[70.32377,41.50111],[70.33763,41.49992],[70.34886,41.49266],[70.363,41.49291],[70.36968,41.487],[70.37205,41.47794],[70.381,41.4664],[70.39649,41.47123],[70.40683,41.46975],[70.41105,41.46027],[70.41979,41.45359],[70.43888,41.44711],[70.45109,41.4327],[70.46419,41.42638],[70.46967,41.41622],[70.46938,41.40895],[70.49457,41.39685],[70.50418,41.40285],[70.51296,41.39852],[70.53441,41.40898],[70.54886,41.40841],[70.55368,41.42169],[70.56717,41.42618],[70.56927,41.44247],[70.5861,41.44291],[70.59121,41.44585],[70.59358,41.45715],[70.60752,41.45222],[70.61994,41.45954],[70.64837,41.45816],[70.66907,41.47118],[70.67511,41.46921],[70.68692,41.47209],[70.70039,41.46595],[70.72,41.46569],[70.72269,41.46473],[70.71589,41.45494],[70.71814,41.44568],[70.73325,41.43478],[70.73359,41.42925],[70.74262,41.42166],[70.74118,41.41944],[70.75125,41.41513],[70.75612,41.40506],[70.77872,41.38844],[70.78032,41.37909],[70.77707,41.36967],[70.78011,41.36527],[70.77981,41.35638],[70.78479,41.3529],[70.77951,41.34434],[70.7807,41.33732],[70.77638,41.33305],[70.77752,41.3294],[70.78466,41.32839],[70.78511,41.32476],[70.77659,41.31612],[70.77713,41.31267],[70.76945,41.3082],[70.77022,41.30217],[70.77761,41.29914],[70.77606,41.29581],[70.77958,41.29226],[70.77515,41.2861],[70.77735,41.28381],[70.77537,41.27731],[70.76743,41.2737],[70.77072,41.26903],[70.76863,41.26251],[70.77233,41.26194],[70.77481,41.25443],[70.77264,41.23589],[70.77583,41.21575],[70.78345,41.19743],[70.78717,41.19536],[70.79689,41.21271],[70.79599,41.22398],[70.80104,41.23053],[70.8233,41.2408],[70.83278,41.24995],[70.85482,41.24993],[70.87701,41.23302],[70.88892,41.21418],[70.92443,41.19281],[70.93471,41.19045],[70.94301,41.17358],[70.96591,41.16284],[70.96792,41.16654],[70.98248,41.16876],[70.98933,41.17715],[71.03899,41.19044],[71.04914,41.18139],[71.07086,41.1774],[71.07885,41.16803],[71.08331,41.16875],[71.09932,41.15449],[71.10451,41.15551],[71.11519,41.14343],[71.12282,41.1449],[71.12459,41.14201],[71.1475,41.16074],[71.14542,41.16986],[71.15615,41.18026],[71.16137,41.18105],[71.16583,41.17684],[71.17704,41.18875],[71.19452,41.19551],[71.20447,41.19358],[71.22856,41.1805],[71.23655,41.18221],[71.23515,41.19132],[71.23839,41.19206],[71.24983,41.1822],[71.25965,41.18327],[71.27403,41.17688],[71.27447,41.14281],[71.27856,41.13303],[71.28976,41.13683],[71.28869,41.12005],[71.29383,41.10762],[71.3035,41.10932],[71.32363,41.1209],[71.36184,41.12865],[71.37074,41.1251],[71.38138,41.12598],[71.37875,41.11992],[71.38774,41.12088],[71.39601,41.10749],[71.4323,41.13276],[71.45154,41.15691],[71.44942,41.16483],[71.44114,41.17214],[71.43737,41.16997],[71.43651,41.17649],[71.43002,41.18497],[71.43085,41.18955],[71.45878,41.20697],[71.46047,41.21397],[71.45695,41.22084],[71.44761,41.22633],[71.45364,41.23583],[71.45198,41.24237],[71.44256,41.24834],[71.4474,41.25789],[71.4566,41.26288],[71.45669,41.26593],[71.4504,41.26854],[71.45285,41.27645],[71.44967,41.28104],[71.44462,41.28033],[71.44453,41.28389],[71.46544,41.29579],[71.48215,41.29621],[71.48722,41.2937],[71.49889,41.29671],[71.51671,41.30716],[71.5252,41.29429],[71.53654,41.29413],[71.54637,41.30467],[71.55575,41.29626],[71.56911,41.29309],[71.57903,41.30234],[71.58098,41.29937],[71.59779,41.31131],[71.59778,41.31649],[71.61064,41.3348],[71.63467,41.3412],[71.63927,41.35248],[71.6445,41.35464],[71.6621,41.38277],[71.6591,41.38957],[71.65096,41.393],[71.65056,41.39846],[71.66496,41.40134],[71.67147,41.41142],[71.67869,41.41594],[71.68065,41.42206],[71.67207,41.44364],[71.66223,41.45198],[71.60154,41.47665],[71.62418,41.48893],[71.65794,41.48684],[71.6599,41.49211],[71.6696,41.49745],[71.67677,41.51632],[71.70375,41.53241],[71.71705,41.54864],[71.7257,41.54869],[71.73571,41.54397],[71.73979,41.53215],[71.72097,41.5234],[71.73217,41.51513],[71.72843,41.5088],[71.73009,41.50476],[71.724,41.50199],[71.72805,41.49319],[71.71277,41.49218],[71.71365,41.47973],[71.72198,41.46705],[71.71752,41.46046],[71.70782,41.45692],[71.69694,41.44603],[71.69879,41.4439],[71.69543,41.43802],[71.69479,41.42557],[71.69745,41.42162],[71.7049,41.41819],[71.71059,41.4204],[71.71982,41.42537],[71.72147,41.42981],[71.71879,41.43202],[71.72615,41.4365],[71.73376,41.43344],[71.74134,41.42292],[71.75347,41.41762],[71.76616,41.42136],[71.76465,41.43562],[71.77424,41.43668],[71.781,41.44449],[71.78984,41.44187],[71.79368,41.41396],[71.80532,41.39963],[71.80815,41.40119],[71.81299,41.39284],[71.83139,41.38725],[71.83086,41.37692],[71.84088,41.37385],[71.83413,41.36147],[71.83832,41.35508],[71.86556,41.34943],[71.87811,41.36232],[71.88253,41.36198],[71.88361,41.35686],[71.89199,41.3521],[71.891,41.34838],[71.89538,41.34298],[71.88025,41.3385],[71.8911,41.32118],[71.90038,41.30898],[71.92509,41.29407],[71.90806,41.27766],[71.89714,41.25922],[71.9015,41.25528],[71.90761,41.2361],[71.89532,41.22001],[71.89569,41.21584],[71.88402,41.20475],[71.89109,41.1835],[71.88366,41.1729],[71.89191,41.16321],[71.90514,41.15928],[71.914,41.16044],[71.91789,41.15612],[71.93507,41.15162],[71.94251,41.14535],[71.94899,41.14588],[71.9594,41.15527],[72.01143,41.1559],[72.01098,41.14548],[72.0152,41.14135],[72.04899,41.13217],[72.07111,41.11712],[72.09347,41.13555],[72.09758,41.14507],[72.10663,41.15281],[72.12076,41.15433],[72.1379,41.1625],[72.15226,41.15968],[72.1665,41.16519],[72.177,41.15664],[72.16514,41.14461],[72.15292,41.1387],[72.15001,41.12527],[72.17879,41.1165],[72.17967,41.10642],[72.19031,41.10231],[72.19328,41.08688],[72.20172,41.07305],[72.20333,41.06444],[72.20735,41.0617],[72.2098,41.0504],[72.20845,41.02843],[72.19751,41.03087],[72.18245,41.00677],[72.16208,41.01295],[72.15935,41.00527],[72.17157,40.99508],[72.17164,40.98852],[72.18806,40.99781],[72.23874,41.00223],[72.24211,41.00525],[72.24855,41.00234],[72.25982,41.00591],[72.26602,41.01164],[72.27824,41.01555],[72.29411,41.02981],[72.31492,41.03054],[72.33029,41.03687],[72.32965,41.03919],[72.34007,41.04545],[72.34758,41.0601],[72.36184,41.04343],[72.37728,41.04111],[72.38145,41.03152],[72.39286,41.02765],[72.41671,41.0267],[72.42603,41.03461],[72.44411,41.0319],[72.48799,41.00104],[72.48562,40.99097],[72.49623,40.98852],[72.50052,40.98368],[72.48793,40.97472],[72.4907,40.97006],[72.49936,40.96726],[72.50556,40.97096],[72.50756,40.96848],[72.52012,40.96924],[72.52494,40.96602],[72.52103,40.96191],[72.5252,40.95957],[72.52896,40.96372],[72.53171,40.96137],[72.54066,40.96241],[72.54476,40.96563],[72.55153,40.96196],[72.54979,40.95745],[72.55866,40.95243]],[[72.77239,40.6773],[72.76021,40.67614],[72.75816,40.6658],[72.76751,40.66],[72.77472,40.66394],[72.77449,40.67737],[72.77239,40.6773]],[[70.58641,40.99106],[70.56149,41.00324],[70.54278,40.98864],[70.56766,40.99097],[70.58201,40.98516],[70.61034,40.96566],[70.65646,40.91858],[70.66937,40.9144],[70.66273,40.92697],[70.64198,40.94402],[70.61781,40.97184],[70.58641,40.99106]]],[[[71.79215,40.00831],[71.81589,40.0031],[71.81874,40.00102],[71.82001,39.98976],[71.8287,39.98592],[71.85887,39.98421],[71.85497,39.96932],[71.84795,39.96069],[71.84544,39.94642],[71.82654,39.9563],[71.7959,39.95897],[71.79,39.9667],[71.77732,39.96207],[71.77431,39.95032],[71.75391,39.935],[71.745,39.93381],[71.74253,39.93804],[71.74734,39.95361],[71.72183,39.9587],[71.71696,39.95219],[71.71565,39.96811],[71.73823,39.9768],[71.76333,39.97733],[71.77632,39.98737],[71.78848,39.99181],[71.78164,39.99573],[71.79672,40.00189],[71.79215,40.00831]]],[[[71.66051,40.20687],[71.67244,40.20159],[71.67109,40.19668],[71.66028,40.20181],[71.66051,40.20687]]],[[[71.20565,40.03744],[71.20868,40.03666],[71.19451,40.01437],[71.18689,40.01086],[71.18325,40.00084],[71.14195,40.00032],[71.16834,39.98708],[71.16643,39.97757],[71.16951,39.97504],[71.15902,39.96411],[71.13254,39.95865],[71.13306,39.95479],[71.14381,39.95169],[71.17833,39.95296],[71.19006,39.95049],[71.20898,39.95327],[71.21533,39.95108],[71.20408,39.94651],[71.18801,39.94724],[71.1885,39.94234],[71.19386,39.94041],[71.19274,39.93398],[71.21572,39.9275],[71.21765,39.91526],[71.21434,39.91218],[71.1974,39.91283],[71.19351,39.90674],[71.19983,39.90227],[71.19575,39.89756],[71.17453,39.89536],[71.16666,39.88771],[71.15989,39.88924],[71.1556,39.88669],[71.14685,39.88851],[71.13117,39.88614],[71.12887,39.89747],[71.13543,39.90789],[71.12047,39.92252],[71.10908,39.91722],[71.10599,39.9131],[71.10781,39.90604],[71.10305,39.90756],[71.10353,39.91401],[71.09853,39.91369],[71.09485,39.89828],[71.09906,39.88863],[71.09444,39.88539],[71.0937,39.89076],[71.0818,39.89642],[71.06639,39.89556],[71.04825,39.90108],[71.05788,39.90848],[71.0666,39.90841],[71.07777,39.91515],[71.07762,39.93569],[71.09094,39.94937],[71.12092,39.95957],[71.11891,39.96824],[71.10733,39.96776],[71.0984,39.97249],[71.09928,39.9817],[71.08991,39.99026],[71.09391,39.9965],[71.10231,39.99926],[71.10678,39.99061],[71.11362,39.99317],[71.11472,40.01503],[71.10801,40.02162],[71.09487,40.01961],[71.0749,40.02464],[71.04656,40.02335],[71.02419,40.03653],[71.0102,40.05099],[71.00491,40.08142],[71.01509,40.09237],[71.01933,40.12024],[71.00867,40.16693],[70.99938,40.18348],[71.02095,40.17815],[71.03603,40.18078],[71.03913,40.17297],[71.04624,40.17594],[71.04233,40.18196],[71.0462,40.18423],[71.06815,40.1655],[71.07749,40.14941],[71.08359,40.12043],[71.09204,40.10713],[71.09026,40.09427],[71.09713,40.09374],[71.1025,40.08783],[71.10047,40.07593],[71.1037,40.06615],[71.10283,40.05657],[71.11892,40.03688],[71.11594,40.02061],[71.12634,40.01599],[71.13544,40.01841],[71.1418,40.0266],[71.18042,40.02734],[71.18677,40.03277],[71.20565,40.03744]]],[[[71.03415,40.22611],[71.02507,40.23927],[71.02531,40.24334],[71.04099,40.2669],[71.04479,40.25326],[71.04013,40.24403],[71.04131,40.23148],[71.03905,40.22684],[71.03415,40.22611]]]]}}]}