{"type":"FeatureCollection","features":[{"type":"Feature","properties":{"ISO_A3":"GTM","WB_A3":"GTM","WB_NAME":"Guatemala","WB_REGION":"LCN"},"geometry":{"type":"MultiPolygon","coordinates":[[[[-88.31257,15.68188],[-88.30775,15.68667],[-88.3003,15.68594],[-88.29315,15.69023],[-88.29166,15.70776],[-88.28769,15.7101],[-88.28548,15.71759],[-88.28817,15.72375],[-88.28649,15.73175],[-88.27532,15.73156],[-88.27456,15.73697],[-88.2666,15.74075],[-88.24978,15.73016],[-88.23353,15.72639],[-88.24079,15.72291],[-88.25205,15.7249],[-88.24754,15.71137],[-88.24208,15.71082],[-88.2456,15.70377],[-88.24321,15.69838],[-88.25094,15.69641],[-88.24769,15.68799],[-88.25493,15.68681],[-88.25657,15.69166],[-88.25807,15.68457],[-88.26419,15.68101],[-88.26777,15.68226],[-88.26532,15.68734],[-88.26763,15.6925],[-88.27503,15.68428],[-88.28193,15.69393],[-88.28514,15.69374],[-88.28679,15.68931],[-88.28042,15.68249],[-88.2805,15.67534],[-88.29938,15.67403],[-88.30439,15.67057],[-88.31257,15.68188]]],[[[-88.24281,15.72159],[-88.23527,15.72285],[-88.23805,15.72157],[-88.24281,15.72159]]],[[[-88.25063,15.72354],[-88.24895,15.72411],[-88.24302,15.72154],[-88.25063,15.72354]]],[[[-90.44833,16.07393],[-90.44257,16.07394],[-90.44687,16.08347],[-90.43719,16.09628],[-90.42873,16.09649],[-90.42567,16.10279],[-90.43187,16.10699],[-90.45012,16.09306],[-90.45742,16.09585],[-90.45559,16.10057],[-90.45858,16.11212],[-90.45333,16.12494],[-90.43645,16.11739],[-90.4304,16.12268],[-90.42992,16.13948],[-90.4476,16.14334],[-90.45211,16.14985],[-90.45019,16.15374],[-90.43886,16.15627],[-90.42617,16.16493],[-90.42754,16.17248],[-90.43373,16.17865],[-90.4542,16.18625],[-90.45824,16.20795],[-90.45251,16.22541],[-90.44267,16.23117],[-90.43248,16.23069],[-90.4293,16.23237],[-90.42994,16.23553],[-90.43891,16.24019],[-90.44037,16.24694],[-90.44388,16.2478],[-90.44963,16.24122],[-90.45385,16.24173],[-90.4562,16.24913],[-90.44838,16.2612],[-90.44016,16.26138],[-90.43083,16.25435],[-90.42349,16.26039],[-90.43257,16.2743],[-90.44036,16.27805],[-90.44169,16.28744],[-90.43302,16.29259],[-90.44,16.29822],[-90.43848,16.30474],[-90.41237,16.30761],[-90.40996,16.31698],[-90.41361,16.32463],[-90.41144,16.32958],[-90.39855,16.34013],[-90.38753,16.33441],[-90.38268,16.33994],[-90.3862,16.34637],[-90.40258,16.35154],[-90.40423,16.3615],[-90.40966,16.35596],[-90.40754,16.3484],[-90.411,16.3466],[-90.41164,16.36261],[-90.3972,16.37485],[-90.39022,16.37299],[-90.38237,16.36091],[-90.37733,16.35933],[-90.37155,16.36673],[-90.37226,16.37183],[-90.37712,16.37588],[-90.3875,16.37803],[-90.40165,16.39041],[-90.40357,16.39687],[-90.39091,16.40316],[-90.38935,16.41285],[-90.39993,16.41568],[-90.40108,16.41029],[-90.40939,16.40413],[-90.41844,16.42368],[-90.42211,16.42525],[-90.45951,16.42119],[-90.47189,16.42503],[-90.48711,16.42461],[-90.48748,16.43132],[-90.47922,16.44378],[-90.47943,16.46019],[-90.48564,16.46141],[-90.49397,16.45365],[-90.49896,16.45452],[-90.50264,16.46774],[-90.51439,16.46973],[-90.52436,16.46765],[-90.52865,16.45763],[-90.54689,16.46692],[-90.54919,16.47113],[-90.5446,16.48161],[-90.55085,16.48218],[-90.58818,16.46957],[-90.59489,16.47621],[-90.59302,16.48791],[-90.59785,16.4908],[-90.60425,16.48762],[-90.61285,16.48881],[-90.62029,16.47812],[-90.63077,16.47853],[-90.63514,16.48218],[-90.63499,16.48796],[-90.61779,16.48942],[-90.60983,16.49457],[-90.60679,16.50351],[-90.61076,16.51578],[-90.61708,16.52176],[-90.63517,16.51378],[-90.64082,16.51364],[-90.64623,16.5197],[-90.64346,16.53289],[-90.64885,16.54372],[-90.64729,16.56092],[-90.62659,16.57799],[-90.63763,16.59421],[-90.64241,16.59561],[-90.6433,16.58047],[-90.65715,16.57694],[-90.66671,16.58098],[-90.66689,16.58931],[-90.65362,16.59418],[-90.66248,16.62761],[-90.65745,16.63819],[-90.67598,16.66017],[-90.6812,16.68783],[-90.7094,16.70463],[-90.70741,16.71695],[-90.71423,16.72664],[-90.75519,16.74962],[-90.76044,16.76142],[-90.80271,16.77611],[-90.80385,16.78677],[-90.80096,16.79483],[-90.80398,16.79842],[-90.84499,16.79583],[-90.85447,16.79788],[-90.86209,16.81319],[-90.88446,16.82653],[-90.92106,16.82158],[-90.93345,16.84155],[-90.93195,16.85432],[-90.93599,16.86086],[-90.95345,16.86598],[-90.9695,16.86071],[-90.97514,16.86559],[-90.95431,16.88466],[-90.95726,16.89632],[-90.96392,16.90137],[-90.98014,16.90222],[-90.98656,16.89612],[-90.98124,16.86961],[-90.9835,16.86525],[-90.98935,16.86342],[-90.99383,16.87683],[-91.00819,16.88652],[-91.06622,16.90316],[-91.074,16.91399],[-91.06379,16.92445],[-91.07888,16.94284],[-91.09331,16.95148],[-91.10293,16.96902],[-91.12077,16.9778],[-91.12218,17.003],[-91.12899,17.00656],[-91.15462,17.00489],[-91.17606,17.01598],[-91.19456,17.03948],[-91.2129,17.05243],[-91.21818,17.07828],[-91.22588,17.09377],[-91.23592,17.10113],[-91.25697,17.10096],[-91.26938,17.11099],[-91.273,17.14069],[-91.26404,17.15689],[-91.26321,17.16556],[-91.26698,17.17068],[-91.27984,17.17978],[-91.31127,17.1797],[-91.32063,17.1833],[-91.32991,17.17966],[-91.33743,17.16007],[-91.34991,17.16033],[-91.34711,17.17531],[-91.35499,17.19068],[-91.37566,17.20435],[-91.40371,17.20477],[-91.42339,17.21215],[-91.43078,17.22305],[-91.44017,17.25118],[-90.98737,17.25122],[-90.98769,17.8154],[-89.15196,17.81559],[-89.15005,17.0591],[-89.22755,15.89692],[-89.22474,15.89499],[-89.22479,15.88743],[-89.21815,15.88708],[-89.21601,15.89438],[-89.20891,15.89837],[-89.20271,15.89775],[-89.19765,15.90218],[-89.18707,15.89817],[-89.18786,15.90813],[-89.17741,15.91304],[-89.16917,15.91031],[-89.16261,15.89914],[-89.14837,15.89687],[-89.1318,15.90698],[-89.12841,15.89931],[-89.12084,15.90338],[-89.11557,15.89595],[-89.11297,15.89872],[-89.11685,15.90678],[-89.10917,15.90637],[-89.10262,15.91246],[-89.0887,15.90971],[-89.08062,15.89808],[-89.07785,15.89943],[-89.07607,15.9092],[-89.06565,15.90076],[-89.06407,15.90787],[-89.05959,15.90996],[-89.05991,15.91445],[-89.05449,15.91717],[-89.05177,15.90235],[-89.04634,15.90439],[-89.04186,15.91482],[-89.01987,15.91068],[-89.02036,15.89479],[-89.00268,15.89805],[-88.99609,15.90397],[-88.98136,15.89509],[-88.97258,15.89504],[-88.98449,15.88824],[-88.98472,15.88463],[-88.98791,15.88435],[-88.98655,15.88127],[-88.97819,15.88315],[-88.98128,15.88698],[-88.97018,15.89468],[-88.95756,15.88838],[-88.94007,15.88967],[-88.9411,15.8867],[-88.94721,15.88562],[-88.93894,15.88363],[-88.939,15.88968],[-88.92275,15.88749],[-88.91797,15.88884],[-88.91114,15.89753],[-88.90552,15.89462],[-88.88323,15.85876],[-88.88234,15.86276],[-88.8786,15.86124],[-88.87224,15.86413],[-88.8621,15.86087],[-88.85231,15.86662],[-88.83686,15.86482],[-88.82896,15.8739],[-88.81584,15.86564],[-88.79505,15.86131],[-88.74701,15.82925],[-88.75185,15.81891],[-88.76495,15.80491],[-88.78044,15.80322],[-88.78004,15.79756],[-88.77232,15.79093],[-88.77746,15.77706],[-88.784,15.78491],[-88.79464,15.78456],[-88.80706,15.77519],[-88.81211,15.77476],[-88.83354,15.79248],[-88.83936,15.78805],[-88.84734,15.78863],[-88.84757,15.78465],[-88.85981,15.78479],[-88.86376,15.78141],[-88.86166,15.77786],[-88.87226,15.75043],[-88.87619,15.74874],[-88.87578,15.75324],[-88.87892,15.75243],[-88.88949,15.74487],[-88.90434,15.74036],[-88.90481,15.73341],[-88.9125,15.73102],[-88.91359,15.7341],[-88.92156,15.733],[-88.92585,15.73708],[-88.92955,15.73448],[-88.92452,15.72349],[-88.93762,15.71702],[-88.94456,15.71992],[-88.94337,15.7165],[-88.95141,15.71239],[-88.94269,15.69557],[-88.95301,15.68521],[-88.97448,15.67871],[-88.97848,15.68021],[-88.9807,15.67633],[-88.99013,15.67522],[-89.00096,15.66868],[-89.00284,15.66067],[-88.99545,15.65606],[-88.99182,15.65951],[-88.99243,15.66618],[-88.98632,15.66572],[-88.98687,15.66881],[-88.97999,15.67183],[-88.97079,15.66914],[-88.96274,15.67405],[-88.95317,15.67387],[-88.95158,15.669],[-88.94716,15.68513],[-88.93795,15.69513],[-88.91562,15.69507],[-88.90451,15.68741],[-88.89977,15.68819],[-88.89778,15.68467],[-88.88882,15.68616],[-88.88196,15.6989],[-88.88052,15.70864],[-88.87113,15.71451],[-88.86872,15.71299],[-88.85838,15.72306],[-88.85274,15.73926],[-88.84822,15.73943],[-88.84308,15.7456],[-88.84763,15.75438],[-88.83887,15.75333],[-88.84147,15.7579],[-88.83392,15.7601],[-88.83386,15.76355],[-88.83661,15.76397],[-88.83161,15.76541],[-88.82911,15.77256],[-88.82224,15.77712],[-88.80251,15.77279],[-88.79462,15.78237],[-88.78639,15.78437],[-88.78041,15.77971],[-88.77992,15.77464],[-88.77575,15.77562],[-88.77089,15.7912],[-88.77906,15.79808],[-88.77879,15.80238],[-88.76501,15.80361],[-88.75084,15.81353],[-88.74405,15.80996],[-88.7345,15.81287],[-88.73135,15.81727],[-88.72762,15.81717],[-88.71902,15.80629],[-88.65109,15.76175],[-88.62668,15.75317],[-88.62397,15.7465],[-88.63102,15.74734],[-88.63327,15.74488],[-88.63038,15.7337],[-88.63437,15.73277],[-88.63458,15.72581],[-88.63746,15.72128],[-88.64806,15.71644],[-88.64646,15.69919],[-88.63674,15.69695],[-88.63432,15.69349],[-88.62718,15.69818],[-88.62024,15.69488],[-88.607,15.70206],[-88.60272,15.699],[-88.5977,15.7029],[-88.59445,15.7122],[-88.60235,15.71961],[-88.60487,15.73633],[-88.60066,15.74177],[-88.5879,15.74225],[-88.57866,15.75121],[-88.57488,15.76051],[-88.58007,15.76099],[-88.58005,15.75841],[-88.58338,15.75916],[-88.58327,15.76225],[-88.5693,15.77948],[-88.55333,15.81295],[-88.55676,15.8258],[-88.56086,15.82294],[-88.56368,15.82627],[-88.56363,15.8546],[-88.56072,15.85668],[-88.55251,15.8449],[-88.54598,15.84262],[-88.54457,15.84959],[-88.52881,15.84159],[-88.50589,15.8375],[-88.49946,15.83136],[-88.49334,15.83153],[-88.49894,15.83265],[-88.49314,15.8399],[-88.49121,15.84945],[-88.49484,15.85496],[-88.50922,15.85628],[-88.5104,15.87069],[-88.54452,15.87792],[-88.5443,15.86711],[-88.5497,15.89501],[-88.56041,15.90279],[-88.56327,15.91127],[-88.57599,15.92097],[-88.58691,15.92205],[-88.59739,15.93433],[-88.60857,15.93451],[-88.61353,15.93949],[-88.62224,15.96235],[-88.62213,15.96544],[-88.61549,15.96717],[-88.58349,15.96148],[-88.55409,15.94598],[-88.49003,15.88745],[-88.43707,15.85097],[-88.36872,15.81806],[-88.35295,15.80682],[-88.35052,15.80143],[-88.34948,15.80452],[-88.31181,15.78106],[-88.26994,15.74344],[-88.27576,15.73748],[-88.27533,15.7331],[-88.28597,15.73317],[-88.28822,15.73045],[-88.28653,15.71578],[-88.29247,15.70853],[-88.29237,15.69307],[-88.29871,15.68698],[-88.30775,15.68718],[-88.3141,15.68238],[-88.31789,15.67102],[-88.32014,15.6705],[-88.32192,15.6777],[-88.32552,15.67909],[-88.33638,15.67336],[-88.35188,15.68486],[-88.35931,15.68211],[-88.36021,15.67772],[-88.35593,15.67414],[-88.35924,15.67232],[-88.37389,15.67622],[-88.37933,15.67477],[-88.3799,15.66008],[-88.37664,15.65377],[-88.37893,15.67425],[-88.35552,15.67182],[-88.35942,15.67876],[-88.35719,15.68315],[-88.35001,15.68345],[-88.33637,15.67233],[-88.32338,15.6782],[-88.32174,15.67049],[-88.31828,15.66986],[-88.31498,15.67574],[-88.31689,15.66942],[-88.32372,15.6722],[-88.32603,15.66735],[-88.32207,15.6582],[-88.323,15.65284],[-88.34443,15.61887],[-88.55225,15.4466],[-88.56137,15.44362],[-88.57063,15.4263],[-88.58425,15.42009],[-88.58571,15.42242],[-88.59157,15.42144],[-88.60527,15.41325],[-88.67815,15.34248],[-88.84649,15.24269],[-88.97398,15.13654],[-89.15492,15.06891],[-89.15219,15.05966],[-89.16565,15.04067],[-89.17587,15.03664],[-89.17531,15.03243],[-89.16978,15.02961],[-89.1786,15.01807],[-89.18391,15.00438],[-89.17923,14.99401],[-89.15654,14.97989],[-89.16422,14.97001],[-89.1621,14.9672],[-89.16693,14.944],[-89.17522,14.94109],[-89.17194,14.93136],[-89.17977,14.92201],[-89.18385,14.90703],[-89.19264,14.90187],[-89.20308,14.9023],[-89.22806,14.88265],[-89.2238,14.83477],[-89.19429,14.79729],[-89.16887,14.77497],[-89.16538,14.73159],[-89.13106,14.7131],[-89.14841,14.67648],[-89.15664,14.67326],[-89.14706,14.62577],[-89.15112,14.62175],[-89.15163,14.61637],[-89.14669,14.6115],[-89.15379,14.58714],[-89.15112,14.58338],[-89.15908,14.57881],[-89.15815,14.5754],[-89.16178,14.57162],[-89.16649,14.57122],[-89.18863,14.57727],[-89.19327,14.57543],[-89.20631,14.5829],[-89.23849,14.58485],[-89.25412,14.56871],[-89.25089,14.56369],[-89.25617,14.56067],[-89.26369,14.54752],[-89.27716,14.5412],[-89.2838,14.53252],[-89.28845,14.51607],[-89.30582,14.50726],[-89.30388,14.49459],[-89.35632,14.46789],[-89.35227,14.46413],[-89.35405,14.46017],[-89.34932,14.43318],[-89.35034,14.42685],[-89.35599,14.42063],[-89.37271,14.42946],[-89.37976,14.43787],[-89.3852,14.42738],[-89.38695,14.44479],[-89.3927,14.45056],[-89.40153,14.44704],[-89.40764,14.43204],[-89.41126,14.43301],[-89.41313,14.42659],[-89.43432,14.41221],[-89.43955,14.41227],[-89.4463,14.42032],[-89.45632,14.42153],[-89.47079,14.42949],[-89.48482,14.42026],[-89.49124,14.42003],[-89.49786,14.40865],[-89.50253,14.40629],[-89.50869,14.41024],[-89.51233,14.39786],[-89.51646,14.39888],[-89.51638,14.39523],[-89.52113,14.39195],[-89.51895,14.38747],[-89.52961,14.37963],[-89.53672,14.38546],[-89.53375,14.39818],[-89.54333,14.41322],[-89.54251,14.41617],[-89.57389,14.41695],[-89.57837,14.40492],[-89.58121,14.37853],[-89.58007,14.37215],[-89.56415,14.35557],[-89.56512,14.35086],[-89.56951,14.35266],[-89.58804,14.34611],[-89.59195,14.33298],[-89.5924,14.31124],[-89.58987,14.31032],[-89.58188,14.31724],[-89.57715,14.31469],[-89.56961,14.3172],[-89.56187,14.31445],[-89.55697,14.30399],[-89.55243,14.30306],[-89.54549,14.29511],[-89.54737,14.279],[-89.55234,14.27581],[-89.52251,14.24179],[-89.52347,14.23629],[-89.5206,14.23244],[-89.52554,14.21994],[-89.53811,14.21791],[-89.55035,14.22216],[-89.55839,14.21017],[-89.5677,14.21013],[-89.58154,14.20297],[-89.63008,14.20441],[-89.66697,14.18531],[-89.67144,14.17508],[-89.71108,14.14074],[-89.72557,14.11922],[-89.74608,14.061],[-89.74266,14.05722],[-89.74392,14.04466],[-89.73518,14.0347],[-89.73729,14.03194],[-89.74502,14.03619],[-89.75883,14.03232],[-89.76014,14.03481],[-89.77901,14.0338],[-89.78834,14.04164],[-89.78899,14.04686],[-89.81768,14.06318],[-89.83234,14.06199],[-89.8448,14.05719],[-89.85647,14.05811],[-89.86163,14.04799],[-89.86041,14.04347],[-89.86963,14.04031],[-89.88644,14.04301],[-89.90454,14.03242],[-89.90719,14.01442],[-89.91268,14.01077],[-89.91966,14.01254],[-89.92078,14.00664],[-89.92794,14.00661],[-89.93301,13.99263],[-89.93773,13.99368],[-89.94008,13.98622],[-89.96005,13.97825],[-89.96182,13.97053],[-89.96925,13.96514],[-89.97584,13.96463],[-89.97827,13.95978],[-89.98055,13.96182],[-89.99068,13.95798],[-89.99325,13.95435],[-90.00005,13.95615],[-90.00887,13.94448],[-90.02289,13.93938],[-90.03093,13.92763],[-90.02877,13.91879],[-90.03764,13.91736],[-90.03607,13.89763],[-90.04029,13.89392],[-90.06725,13.88764],[-90.06565,13.88154],[-90.08141,13.87764],[-90.08301,13.86831],[-90.09474,13.85445],[-90.09532,13.84362],[-90.09855,13.83949],[-90.11214,13.83422],[-90.113,13.82704],[-90.10658,13.81859],[-90.10572,13.80962],[-90.11495,13.80487],[-90.11033,13.79995],[-90.1169,13.79706],[-90.11343,13.79608],[-90.11802,13.78901],[-90.11673,13.78158],[-90.11321,13.7773],[-90.10628,13.78199],[-90.10399,13.77354],[-90.09662,13.76667],[-90.10109,13.75914],[-90.09241,13.7559],[-90.10122,13.74904],[-90.10396,13.74002],[-90.10826,13.74376],[-90.11376,13.74052],[-90.11626,13.74798],[-90.14913,13.75642],[-90.14471,13.75289],[-90.14604,13.75085],[-90.18822,13.76858],[-90.18608,13.7719],[-90.17112,13.7671],[-90.17133,13.77186],[-90.17764,13.77258],[-90.17443,13.77666],[-90.16969,13.77699],[-90.16964,13.78071],[-90.17596,13.78131],[-90.18007,13.78921],[-90.19213,13.79449],[-90.19794,13.79263],[-90.1991,13.78428],[-90.20982,13.79109],[-90.21265,13.7978],[-90.20671,13.81122],[-90.21117,13.81041],[-90.212,13.80669],[-90.22488,13.79757],[-90.22862,13.80456],[-90.23656,13.80131],[-90.24304,13.81014],[-90.25987,13.81289],[-90.25904,13.81597],[-90.26246,13.81679],[-90.26132,13.81317],[-90.26534,13.80679],[-90.27046,13.80812],[-90.27276,13.81458],[-90.28639,13.82066],[-90.28085,13.82227],[-90.28603,13.8285],[-90.3095,13.82683],[-90.31393,13.83126],[-90.32339,13.83342],[-90.32319,13.82762],[-90.2959,13.81819],[-90.28126,13.80863],[-90.27414,13.80932],[-90.25033,13.79515],[-90.34026,13.83206],[-90.34759,13.83626],[-90.33815,13.83294],[-90.33593,13.84282],[-90.33997,13.84673],[-90.35737,13.85683],[-90.38521,13.8655],[-90.39096,13.86929],[-90.38716,13.87968],[-90.38897,13.8824],[-90.39217,13.87947],[-90.39185,13.88411],[-90.40078,13.88678],[-90.4057,13.89494],[-90.41492,13.89529],[-90.438,13.90519],[-90.439,13.91035],[-90.44694,13.9076],[-90.46345,13.9164],[-90.47163,13.91545],[-90.47817,13.91978],[-90.48716,13.91729],[-90.47718,13.91397],[-90.47147,13.9058],[-90.47797,13.90175],[-90.48337,13.90244],[-90.47639,13.89001],[-90.4204,13.87617],[-90.40815,13.86432],[-90.39826,13.86461],[-90.38244,13.8535],[-90.352,13.84261],[-90.35283,13.83939],[-90.44175,13.87562],[-90.54605,13.90733],[-90.64762,13.92494],[-90.71139,13.92761],[-90.70236,13.93422],[-90.6195,13.92865],[-90.62221,13.93461],[-90.64088,13.93994],[-90.64238,13.94639],[-90.63607,13.9462],[-90.63259,13.95068],[-90.64129,13.95063],[-90.64652,13.95544],[-90.65233,13.95409],[-90.65363,13.95642],[-90.65924,13.94926],[-90.66911,13.95077],[-90.66478,13.94815],[-90.66383,13.93823],[-90.66807,13.93621],[-90.70233,13.93782],[-90.70616,13.93722],[-90.7119,13.92968],[-90.71901,13.93039],[-90.71556,13.9328],[-90.71763,13.93668],[-90.74349,13.93473],[-90.74501,13.9408],[-90.73578,13.94149],[-90.73519,13.94702],[-90.72623,13.9468],[-90.73463,13.95075],[-90.73709,13.94214],[-90.74685,13.94095],[-90.74245,13.92798],[-90.74855,13.92847],[-90.75053,13.93253],[-90.76064,13.93296],[-90.762,13.92872],[-90.77314,13.92213],[-90.78553,13.92224],[-90.78784,13.92819],[-90.79153,13.92848],[-90.79052,13.92435],[-90.80106,13.92419],[-90.80109,13.9211],[-90.79187,13.92051],[-90.79163,13.91766],[-90.80324,13.91738],[-90.8054,13.92629],[-90.80913,13.9222],[-90.81715,13.92369],[-90.8164,13.92007],[-90.80942,13.91911],[-90.81036,13.91719],[-90.90612,13.91095],[-90.91243,13.928],[-90.91704,13.9283],[-90.9208,13.92034],[-90.93133,13.92224],[-90.94007,13.91806],[-90.91912,13.91724],[-90.94695,13.91477],[-90.91268,13.91448],[-90.91061,13.9115],[-90.91429,13.91115],[-91.07483,13.9153],[-91.07612,13.91892],[-90.99805,13.92073],[-91.00067,13.92333],[-91.01967,13.92271],[-91.01909,13.92722],[-91.00035,13.92977],[-91.01353,13.93],[-91.01428,13.93452],[-91.02167,13.93458],[-91.02528,13.94414],[-91.03645,13.94886],[-91.04029,13.94658],[-91.04423,13.94867],[-91.05326,13.94088],[-91.05638,13.94542],[-91.06613,13.9473],[-91.06523,13.94395],[-91.07058,13.93549],[-91.07893,13.93117],[-91.07882,13.92706],[-91.07118,13.92596],[-91.07187,13.92313],[-91.08029,13.92449],[-91.08524,13.93148],[-91.09343,13.93025],[-91.0979,13.93158],[-91.09709,13.93466],[-91.10342,13.9342],[-91.10377,13.93986],[-91.10811,13.94054],[-91.11714,13.9334],[-91.12135,13.93459],[-91.12237,13.93872],[-91.12528,13.93798],[-91.12411,13.93565],[-91.1285,13.93066],[-91.11704,13.92968],[-91.11378,13.92513],[-91.11216,13.92923],[-91.08343,13.92799],[-91.0848,13.92169],[-91.10269,13.92634],[-91.11378,13.92462],[-91.18414,13.93082],[-91.1768,13.92549],[-91.15781,13.92559],[-91.15704,13.92315],[-91.09091,13.91594],[-91.21841,13.93082],[-91.23548,13.94189],[-91.24261,13.94052],[-91.24575,13.94428],[-91.25128,13.94497],[-91.25448,13.94087],[-91.24722,13.9412],[-91.24685,13.93888],[-91.28662,13.94586],[-91.29003,13.94833],[-91.28628,13.95642],[-91.30108,13.95176],[-91.32583,13.95747],[-91.33213,13.96176],[-91.3232,13.95693],[-91.31713,13.95765],[-91.32923,13.96303],[-91.35082,13.96755],[-91.47497,14.0204],[-91.46786,14.01972],[-91.43788,14.00523],[-91.43388,14.01048],[-91.43598,14.01294],[-91.44523,14.01068],[-91.46177,14.02225],[-91.46232,14.01852],[-91.47034,14.02385],[-91.49419,14.02826],[-91.53709,14.04412],[-91.53918,14.04746],[-91.5323,14.04961],[-91.5303,14.05427],[-91.53041,14.05797],[-91.53791,14.06188],[-91.53151,14.06977],[-91.53224,14.08194],[-91.51643,14.09705],[-91.50969,14.09932],[-91.51096,14.1068],[-91.50502,14.11135],[-91.51268,14.10655],[-91.51008,14.09958],[-91.51722,14.09757],[-91.52061,14.09123],[-91.53315,14.08324],[-91.5315,14.07318],[-91.53923,14.06188],[-91.53228,14.05736],[-91.53203,14.05283],[-91.53917,14.0494],[-91.54654,14.0524],[-91.5485,14.05654],[-91.5461,14.06064],[-91.55253,14.06481],[-91.55406,14.07357],[-91.55881,14.07386],[-91.55871,14.08957],[-91.5623,14.09058],[-91.56286,14.07939],[-91.56646,14.07545],[-91.56854,14.07984],[-91.57184,14.07935],[-91.57044,14.07174],[-91.55018,14.06222],[-91.55038,14.05114],[-91.54526,14.04659],[-91.61363,14.08732],[-91.6078,14.09025],[-91.59725,14.0889],[-91.59668,14.09585],[-91.59018,14.10238],[-91.59133,14.10702],[-91.59826,14.09702],[-91.6033,14.09344],[-91.60605,14.09578],[-91.59691,14.10255],[-91.59966,14.10605],[-91.60536,14.10118],[-91.60625,14.10763],[-91.60633,14.11459],[-91.6005,14.11842],[-91.5999,14.12975],[-91.60519,14.12952],[-91.60207,14.12101],[-91.61,14.11937],[-91.61415,14.11025],[-91.61197,14.10019],[-91.61434,14.10046],[-91.61378,14.10613],[-91.61856,14.10126],[-91.61874,14.09302],[-91.61441,14.08835],[-91.66212,14.11946],[-91.66173,14.1225],[-91.65672,14.12015],[-91.653,14.12387],[-91.65011,14.12269],[-91.65009,14.12567],[-91.65525,14.12594],[-91.65481,14.13174],[-91.64451,14.13142],[-91.64608,14.13401],[-91.65585,14.13316],[-91.65735,14.12544],[-91.66053,14.12591],[-91.65902,14.13369],[-91.66264,14.1328],[-91.66023,14.13009],[-91.66462,14.12419],[-91.66538,14.12973],[-91.67513,14.13249],[-91.67042,14.12436],[-91.71251,14.15138],[-91.71329,14.15447],[-91.68776,14.13887],[-91.68142,14.13961],[-91.67907,14.13585],[-91.67431,14.13532],[-91.67192,14.14021],[-91.68127,14.14387],[-91.69039,14.14224],[-91.68971,14.14571],[-91.68535,14.14569],[-91.68583,14.15445],[-91.67574,14.16431],[-91.67756,14.16883],[-91.68989,14.15731],[-91.68364,14.16732],[-91.68654,14.16863],[-91.6853,14.17764],[-91.69198,14.16273],[-91.69687,14.16224],[-91.69427,14.15798],[-91.69984,14.15092],[-91.7039,14.15687],[-91.70345,14.16575],[-91.70636,14.1659],[-91.70406,14.1512],[-91.7238,14.16342],[-91.72802,14.16357],[-91.72356,14.15814],[-91.74305,14.16931],[-91.74145,14.17123],[-91.74525,14.17615],[-91.75065,14.17876],[-91.75008,14.18558],[-91.74097,14.18566],[-91.74068,14.18978],[-91.7317,14.19077],[-91.72704,14.19757],[-91.7186,14.19469],[-91.71437,14.1966],[-91.71606,14.20202],[-91.71872,14.19662],[-91.72913,14.20157],[-91.73459,14.19387],[-91.73842,14.19248],[-91.74092,14.19545],[-91.7469,14.1875],[-91.76354,14.18642],[-91.75209,14.18057],[-91.74962,14.17399],[-91.76831,14.1831],[-91.76801,14.19044],[-91.77358,14.18558],[-91.78202,14.18858],[-91.78322,14.19096],[-91.77762,14.19666],[-91.78623,14.19169],[-91.79412,14.19611],[-91.81909,14.22059],[-91.85592,14.24911],[-91.85246,14.25308],[-91.84323,14.25355],[-91.84109,14.25625],[-91.85881,14.25376],[-91.85597,14.26456],[-91.85835,14.26535],[-91.86012,14.25376],[-91.86342,14.25481],[-91.89514,14.27789],[-91.88452,14.28699],[-91.88663,14.28944],[-91.89909,14.28073],[-91.91752,14.29371],[-91.91047,14.30347],[-91.91005,14.30682],[-91.91574,14.30787],[-91.91108,14.31455],[-91.91612,14.30865],[-91.92405,14.30842],[-91.92136,14.31923],[-91.92857,14.30265],[-91.95859,14.32571],[-91.95369,14.3284],[-91.95168,14.33393],[-91.96082,14.32843],[-91.97385,14.33892],[-91.96853,14.34779],[-91.9606,14.34788],[-91.9635,14.35124],[-91.97301,14.34935],[-91.97727,14.34203],[-91.98438,14.34785],[-91.98489,14.35314],[-91.97959,14.35595],[-91.98086,14.36832],[-91.95205,14.36742],[-91.94731,14.36405],[-91.94465,14.36687],[-91.95151,14.37051],[-91.98216,14.37115],[-91.98561,14.36886],[-91.98697,14.35972],[-91.99346,14.35717],[-92.03774,14.39191],[-92.02729,14.38694],[-92.02675,14.39042],[-92.03386,14.39573],[-92.02779,14.39454],[-92.02749,14.40124],[-92.01614,14.39784],[-91.99934,14.40228],[-91.99892,14.40795],[-92.02351,14.40626],[-92.02032,14.40997],[-92.01001,14.4107],[-92.0084,14.41598],[-92.01078,14.41547],[-92.01219,14.42449],[-92.00847,14.4286],[-92.00964,14.43415],[-92.01628,14.42593],[-92.01513,14.41832],[-92.02003,14.41551],[-92.02636,14.41837],[-92.03089,14.4104],[-92.0388,14.41584],[-92.02634,14.42365],[-92.02977,14.42611],[-92.02828,14.43023],[-92.02341,14.42866],[-92.02287,14.43072],[-92.02684,14.43061],[-92.02351,14.43588],[-92.0382,14.43272],[-92.03818,14.43632],[-92.04138,14.43054],[-92.04481,14.43158],[-92.04254,14.43853],[-92.02041,14.44926],[-92.02143,14.4579],[-92.02528,14.45469],[-92.02358,14.45057],[-92.03788,14.44573],[-92.04659,14.44795],[-92.05428,14.44296],[-92.05954,14.44904],[-92.06048,14.44557],[-92.06458,14.44493],[-92.07409,14.44781],[-92.07801,14.46006],[-92.0772,14.46328],[-92.07403,14.46223],[-92.07505,14.47113],[-92.07821,14.47488],[-92.09407,14.47532],[-92.09288,14.47738],[-92.09829,14.47856],[-92.10157,14.48514],[-92.09916,14.49235],[-92.10114,14.49468],[-92.11651,14.48547],[-92.12325,14.4878],[-92.13663,14.4827],[-92.13222,14.49273],[-92.14423,14.4969],[-92.14394,14.50385],[-92.13042,14.51411],[-92.15927,14.50649],[-92.16539,14.498],[-92.16523,14.50445],[-92.17964,14.50566],[-92.18495,14.50105],[-92.17702,14.49805],[-92.18099,14.4969],[-92.18812,14.50143],[-92.18439,14.50748],[-92.19313,14.50519],[-92.22742,14.53171],[-92.22033,14.53643],[-92.21523,14.55576],[-92.18376,14.57556],[-92.17559,14.61118],[-92.18186,14.61586],[-92.18026,14.62294],[-92.17351,14.62734],[-92.17254,14.63479],[-92.16306,14.64969],[-92.14993,14.65453],[-92.14689,14.65939],[-92.14722,14.67945],[-92.1432,14.68841],[-92.14679,14.69692],[-92.14532,14.70692],[-92.1567,14.73529],[-92.17081,14.74752],[-92.16937,14.75495],[-92.16266,14.76032],[-92.15915,14.77037],[-92.17835,14.80285],[-92.1792,14.81074],[-92.1764,14.81379],[-92.18405,14.82568],[-92.18019,14.83361],[-92.18182,14.84575],[-92.17213,14.85612],[-92.172,14.85985],[-92.16014,14.86264],[-92.15558,14.86782],[-92.14984,14.86738],[-92.14287,14.87498],[-92.14327,14.88207],[-92.13636,14.88726],[-92.13722,14.89674],[-92.14535,14.91144],[-92.14083,14.92078],[-92.14421,14.92919],[-92.14392,14.94202],[-92.14939,14.94896],[-92.14492,14.97468],[-92.15119,14.98424],[-92.15003,14.98942],[-92.13992,14.99393],[-92.13923,15.00271],[-92.12731,15.01582],[-92.12134,15.01219],[-92.11756,15.01561],[-92.1105,15.01126],[-92.09865,15.01081],[-92.09763,15.01505],[-92.08619,15.02131],[-92.08048,15.02865],[-92.077,15.04632],[-92.07292,15.04447],[-92.06898,15.05207],[-92.07314,15.06349],[-92.05938,15.0709],[-92.21049,15.2607],[-91.73156,16.07394],[-90.44833,16.07393]],[[-88.54596,15.53558],[-88.53646,15.54892],[-88.52052,15.54955],[-88.49564,15.56363],[-88.49246,15.56404],[-88.48762,15.55673],[-88.47991,15.55639],[-88.4811,15.57313],[-88.48536,15.57516],[-88.47957,15.58267],[-88.47621,15.59596],[-88.47294,15.58439],[-88.46843,15.58506],[-88.47044,15.60617],[-88.46672,15.60645],[-88.45789,15.59891],[-88.45232,15.60011],[-88.44995,15.60322],[-88.45295,15.61376],[-88.44466,15.60711],[-88.43529,15.61593],[-88.42307,15.63714],[-88.41883,15.63819],[-88.4124,15.63115],[-88.40683,15.63286],[-88.40188,15.64719],[-88.39233,15.65021],[-88.38918,15.65616],[-88.37693,15.6536],[-88.38892,15.65732],[-88.39472,15.65007],[-88.40347,15.64718],[-88.405,15.637],[-88.41028,15.63245],[-88.42096,15.6396],[-88.42467,15.6379],[-88.44229,15.60958],[-88.45296,15.61505],[-88.4518,15.60192],[-88.46137,15.6016],[-88.46991,15.60733],[-88.47294,15.60332],[-88.4691,15.58686],[-88.47215,15.58542],[-88.47342,15.59585],[-88.47754,15.59646],[-88.47945,15.58422],[-88.48669,15.57464],[-88.48202,15.57209],[-88.48151,15.55677],[-88.48523,15.5561],[-88.49327,15.5657],[-88.52159,15.55031],[-88.53938,15.54877],[-88.54597,15.53655],[-88.55388,15.53386],[-88.55749,15.53654],[-88.55422,15.54403],[-88.56352,15.54435],[-88.57818,15.55043],[-88.59013,15.5488],[-88.60213,15.55412],[-88.62176,15.55102],[-88.62538,15.55511],[-88.63613,15.5531],[-88.65226,15.54409],[-88.67349,15.54033],[-88.67492,15.53722],[-88.66887,15.52723],[-88.69601,15.53281],[-88.70207,15.52659],[-88.72225,15.52566],[-88.73465,15.51513],[-88.75353,15.5182],[-88.76808,15.5101],[-88.78221,15.51642],[-88.79196,15.50784],[-88.7856,15.50931],[-88.78158,15.51561],[-88.76753,15.50881],[-88.753,15.51743],[-88.73517,15.51422],[-88.72541,15.52228],[-88.70391,15.52503],[-88.69335,15.53258],[-88.66912,15.52594],[-88.67269,15.53982],[-88.64934,15.54399],[-88.62576,15.55292],[-88.62123,15.55038],[-88.60664,15.55344],[-88.58693,15.54779],[-88.57499,15.54929],[-88.56698,15.54394],[-88.55581,15.54312],[-88.5576,15.53371],[-88.54596,15.53558]]],[[[-88.8289,15.77913],[-88.83324,15.78836],[-88.82535,15.78328],[-88.82466,15.78096],[-88.8289,15.77913]]],[[[-88.88459,15.7429],[-88.88843,15.74488],[-88.88082,15.74919],[-88.8794,15.74612],[-88.88459,15.7429]]],[[[-90.12899,13.7465],[-90.12301,13.74344],[-90.12599,13.74265],[-90.12899,13.7465]]],[[[-90.21777,13.78134],[-90.23734,13.78954],[-90.20967,13.78092],[-90.21023,13.77835],[-90.21777,13.78134]]],[[[-90.44479,13.8875],[-90.44817,13.89139],[-90.44632,13.89189],[-90.44479,13.8875]]],[[[-90.44881,13.8926],[-90.45349,13.88694],[-90.45549,13.89714],[-90.44881,13.8926]]],[[[-90.4679,13.89495],[-90.46654,13.89854],[-90.45759,13.89794],[-90.4679,13.89495]]],[[[-90.63673,13.93308],[-90.65805,13.93638],[-90.65803,13.93843],[-90.63673,13.93308]]],[[[-90.74921,13.92539],[-90.72299,13.9281],[-90.72511,13.92619],[-90.74921,13.92539]]],[[[-91.05817,13.92161],[-91.06788,13.92619],[-91.02174,13.92659],[-91.02204,13.9217],[-91.05817,13.92161]]],[[[-92.03835,14.39703],[-92.04177,14.40117],[-92.03754,14.4009],[-92.03835,14.39703]]],[[[-92.04465,14.40697],[-92.05111,14.41048],[-92.04488,14.41548],[-92.04265,14.41252],[-92.04465,14.40697]]],[[[-92.05521,14.41205],[-92.05517,14.42055],[-92.04987,14.4231],[-92.04565,14.41999],[-92.0458,14.41716],[-92.05521,14.41205]]],[[[-92.05602,14.40612],[-92.08673,14.42866],[-92.07749,14.42606],[-92.09158,14.43911],[-92.06628,14.41891],[-92.06124,14.42263],[-92.05602,14.40612]]],[[[-92.06863,14.42485],[-92.07167,14.42706],[-92.06928,14.42833],[-92.06863,14.42485]]],[[[-92.16455,14.49041],[-92.15877,14.48992],[-92.11795,14.45712],[-92.1061,14.44291],[-92.17704,14.49482],[-92.17372,14.49752],[-92.16455,14.49041]]],[[[-92.10872,14.4509],[-92.11571,14.45479],[-92.11477,14.45698],[-92.10872,14.4509]]]]}},{"type":"Feature","properties":{"ISO_A3":"HND","WB_A3":"HND","WB_NAME":"Honduras","WB_REGION":"LCN"},"geometry":{"type":"MultiPolygon","coordinates":[[[[-83.14487,15.00423],[-83.13638,15.00302],[-83.13676,15.00095],[-83.14761,14.99956],[-83.14761,15.00411],[-83.14487,15.00423]]],[[[-87.0533,15.7768],[-87.00994,15.77535],[-86.97189,15.76272],[-86.90511,15.75549],[-86.88595,15.76308],[-86.83061,15.76755],[-86.80665,15.77926],[-86.79254,15.79213],[-86.78162,15.79727],[-86.77404,15.79572],[-86.77577,15.79984],[-86.76273,15.79724],[-86.76034,15.79054],[-86.75953,15.79673],[-86.72149,15.78831],[-86.67865,15.78709],[-86.64804,15.79194],[-86.63712,15.79682],[-86.60413,15.79676],[-86.53173,15.80551],[-86.50616,15.81524],[-86.49631,15.81547],[-86.48195,15.81094],[-86.44449,15.78842],[-86.41366,15.77765],[-86.40407,15.7784],[-86.39209,15.78558],[-86.37241,15.77998],[-86.35883,15.78085],[-86.35017,15.78661],[-86.34602,15.79395],[-86.3375,15.79547],[-86.33269,15.80112],[-86.31272,15.80363],[-86.28342,15.8141],[-86.27488,15.82387],[-86.26221,15.82936],[-86.25511,15.84248],[-86.24471,15.84631],[-86.24216,15.85222],[-86.22707,15.86608],[-86.20893,15.87709],[-86.18256,15.88446],[-86.17987,15.88768],[-86.16177,15.88761],[-86.13138,15.89754],[-86.12363,15.90395],[-86.10743,15.89874],[-86.06216,15.8975],[-86.01184,15.90062],[-85.98679,15.90592],[-85.96543,15.91793],[-85.94302,15.92478],[-85.92456,15.94298],[-85.91738,15.9423],[-85.90868,15.94947],[-85.90023,15.96102],[-85.87134,15.93755],[-85.85027,15.94259],[-85.84035,15.95529],[-85.83372,15.95178],[-85.82891,15.95381],[-85.8297,15.95601],[-85.83875,15.95566],[-85.83727,15.95965],[-85.83268,15.96993],[-85.81696,15.97114],[-85.81729,15.98273],[-85.85715,15.9975],[-85.86809,15.99434],[-85.87145,15.98869],[-85.88172,15.98475],[-85.86941,15.99653],[-85.87792,15.99838],[-85.88861,15.9929],[-85.88689,15.98954],[-85.89131,15.98519],[-85.89188,15.97925],[-85.88774,15.98079],[-85.88817,15.97475],[-85.90287,15.96541],[-85.91577,15.94461],[-85.9235,15.94284],[-85.91325,15.96701],[-85.91144,15.98117],[-85.91521,15.99845],[-85.92116,16.00569],[-85.93725,16.01079],[-85.9815,16.00405],[-85.99715,16.01649],[-86.01311,16.02185],[-86.00962,16.02659],[-86.00109,16.02759],[-85.91673,16.01274],[-85.86668,16.00786],[-85.78105,15.9864],[-85.72444,15.96868],[-85.6939,15.95664],[-85.68703,15.94849],[-85.69776,15.93593],[-85.69624,15.92381],[-85.68936,15.91682],[-85.68815,15.91964],[-85.69343,15.92586],[-85.69445,15.93282],[-85.69294,15.93976],[-85.68519,15.945],[-85.68378,15.9498],[-85.62974,15.91645],[-85.58464,15.89387],[-85.49439,15.86158],[-85.47231,15.85962],[-85.44755,15.86125],[-85.42857,15.87245],[-85.40245,15.87767],[-85.30906,15.87721],[-85.2275,15.88944],[-85.17731,15.90872],[-85.11349,15.95942],[-85.07177,15.9803],[-85.04589,15.98547],[-85.02008,15.98447],[-85.02064,15.98112],[-85.0092,15.98115],[-85.00684,15.977],[-84.99733,15.97698],[-84.99534,15.96917],[-84.99809,15.96625],[-84.99576,15.96686],[-84.99475,15.97483],[-84.99718,15.97801],[-85.00683,15.97829],[-85.01529,15.98429],[-84.92611,15.9577],[-84.93016,15.95298],[-84.97469,15.97078],[-84.97793,15.96695],[-84.96462,15.96708],[-84.95724,15.9598],[-84.95139,15.95872],[-84.95526,15.94497],[-84.95205,15.94662],[-84.94489,15.94346],[-84.94818,15.94735],[-84.9461,15.95557],[-84.92725,15.95063],[-84.92373,15.95626],[-84.91976,15.95429],[-84.91771,15.9468],[-84.9095,15.94248],[-84.90177,15.94356],[-84.89932,15.93684],[-84.90943,15.9372],[-84.91203,15.92975],[-84.93226,15.92943],[-84.93231,15.92506],[-84.91691,15.92156],[-84.91245,15.91508],[-84.92404,15.9139],[-84.92493,15.9049],[-84.93978,15.89642],[-84.95553,15.89167],[-84.9601,15.88656],[-84.97156,15.88551],[-84.9728,15.88141],[-84.96551,15.87799],[-84.96265,15.87152],[-84.97786,15.8669],[-84.98995,15.8692],[-84.98861,15.85632],[-84.99774,15.85619],[-84.99449,15.85392],[-84.98795,15.85631],[-84.98848,15.86932],[-84.97601,15.8656],[-84.96185,15.87152],[-84.96352,15.87771],[-84.97108,15.8801],[-84.97156,15.88474],[-84.95985,15.88566],[-84.95073,15.89317],[-84.92722,15.90145],[-84.92311,15.91364],[-84.91139,15.91481],[-84.91716,15.92246],[-84.93124,15.9253],[-84.9304,15.92954],[-84.91231,15.92885],[-84.9085,15.93693],[-84.90001,15.93453],[-84.89965,15.94354],[-84.90922,15.94376],[-84.91597,15.94756],[-84.91805,15.95299],[-84.85991,15.9259],[-84.78728,15.89967],[-84.71223,15.87816],[-84.65728,15.86818],[-84.65057,15.86115],[-84.65833,15.85737],[-84.66415,15.84868],[-84.6719,15.81092],[-84.66299,15.78765],[-84.64719,15.77396],[-84.62749,15.77606],[-84.61785,15.78252],[-84.61406,15.78789],[-84.62011,15.80469],[-84.61774,15.81471],[-84.60109,15.80525],[-84.5937,15.78947],[-84.5828,15.77853],[-84.56256,15.78127],[-84.55639,15.77764],[-84.55876,15.76539],[-84.55571,15.76459],[-84.55601,15.77257],[-84.55019,15.7707],[-84.55193,15.78038],[-84.54058,15.77343],[-84.53022,15.77266],[-84.54237,15.77963],[-84.53065,15.78155],[-84.53348,15.78957],[-84.53931,15.79105],[-84.52606,15.8093],[-84.52051,15.80589],[-84.52788,15.8016],[-84.52832,15.798],[-84.5169,15.79736],[-84.50853,15.80756],[-84.50378,15.80442],[-84.5058,15.81293],[-84.50164,15.81649],[-84.49644,15.81772],[-84.49062,15.80796],[-84.48488,15.80651],[-84.48257,15.81035],[-84.48317,15.81563],[-84.48818,15.81891],[-84.48666,15.82223],[-84.4903,15.81919],[-84.49478,15.82246],[-84.49509,15.8195],[-84.50176,15.81765],[-84.50434,15.8236],[-84.51696,15.82439],[-84.52047,15.83164],[-84.52471,15.83246],[-84.52253,15.83681],[-84.53661,15.83787],[-84.54905,15.84291],[-84.57164,15.84419],[-84.57983,15.84904],[-84.64538,15.86135],[-84.64882,15.86345],[-84.64349,15.86455],[-84.47369,15.82891],[-84.42909,15.82298],[-84.30422,15.81542],[-84.28392,15.79225],[-84.29284,15.78181],[-84.28987,15.77482],[-84.28263,15.76984],[-84.28446,15.76214],[-84.30519,15.75185],[-84.30221,15.74231],[-84.30266,15.75284],[-84.29226,15.75516],[-84.28181,15.76467],[-84.28181,15.77138],[-84.29179,15.78051],[-84.28286,15.7925],[-84.2895,15.80262],[-84.10891,15.65847],[-83.97576,15.53598],[-83.8832,15.46045],[-83.83563,15.43031],[-83.80167,15.41335],[-83.76032,15.39954],[-83.72893,15.39336],[-83.74036,15.37469],[-83.75763,15.37654],[-83.7582,15.3791],[-83.77793,15.38684],[-83.80794,15.41113],[-83.83596,15.42594],[-83.86084,15.42951],[-83.88375,15.4409],[-83.89706,15.43825],[-83.92406,15.44249],[-83.93134,15.45237],[-83.92422,15.44957],[-83.92295,15.4547],[-83.92998,15.47307],[-83.96031,15.49459],[-83.96189,15.50439],[-83.9644,15.50571],[-83.96862,15.49818],[-83.97581,15.4966],[-83.99036,15.49963],[-84.00224,15.50404],[-84.0127,15.51486],[-84.02808,15.51597],[-84.042,15.5262],[-84.05556,15.52522],[-84.0439,15.52378],[-84.05817,15.49977],[-84.07131,15.49043],[-84.07184,15.48091],[-84.091,15.493],[-84.09878,15.49053],[-84.09896,15.49671],[-84.11101,15.50845],[-84.11472,15.50876],[-84.1152,15.51237],[-84.10252,15.5077],[-84.08806,15.51703],[-84.08291,15.53356],[-84.08612,15.54158],[-84.09594,15.54158],[-84.09998,15.5379],[-84.11668,15.53941],[-84.13075,15.52981],[-84.1305,15.51951],[-84.12579,15.51392],[-84.11732,15.51252],[-84.1116,15.49404],[-84.10459,15.49267],[-84.10713,15.48189],[-84.09701,15.48433],[-84.09853,15.48924],[-84.09101,15.49141],[-84.08686,15.48857],[-84.08914,15.47779],[-84.09774,15.46993],[-84.10385,15.46936],[-84.11154,15.46998],[-84.119,15.47741],[-84.11847,15.48731],[-84.13099,15.49327],[-84.13571,15.51649],[-84.1545,15.53051],[-84.17939,15.53497],[-84.19736,15.5223],[-84.22835,15.53724],[-84.24041,15.5289],[-84.22699,15.51972],[-84.22544,15.50683],[-84.21597,15.50053],[-84.19981,15.49775],[-84.2059,15.46952],[-84.20395,15.4664],[-84.20303,15.4754],[-84.19609,15.47866],[-84.1963,15.48278],[-84.18705,15.47932],[-84.18524,15.48573],[-84.16489,15.48907],[-84.16791,15.50095],[-84.17308,15.50205],[-84.17137,15.51978],[-84.15043,15.51771],[-84.14576,15.5098],[-84.13654,15.50441],[-84.1314,15.49224],[-84.119,15.48668],[-84.1216,15.48105],[-84.11993,15.46764],[-84.11749,15.46208],[-84.10826,15.45745],[-84.10317,15.43268],[-84.11429,15.42446],[-84.12356,15.42586],[-84.1235,15.43037],[-84.13229,15.42752],[-84.13453,15.41957],[-84.12471,15.41005],[-84.12599,15.40363],[-84.13767,15.40301],[-84.13844,15.3953],[-84.11373,15.35372],[-84.09849,15.33944],[-84.07923,15.33212],[-84.05401,15.33371],[-84.05381,15.32908],[-84.04858,15.32386],[-84.03855,15.32077],[-84.03025,15.32645],[-84.02955,15.33828],[-84.04223,15.36084],[-84.04214,15.36702],[-84.03921,15.36775],[-84.03608,15.35458],[-84.02779,15.35035],[-84.02209,15.3405],[-84.0173,15.34146],[-84.02611,15.30992],[-84.02478,15.30038],[-84.0201,15.29389],[-83.98673,15.29125],[-83.95613,15.29907],[-83.94341,15.29813],[-83.95139,15.29643],[-83.95051,15.29346],[-83.95938,15.29371],[-83.95814,15.28778],[-83.97035,15.28743],[-83.96588,15.27566],[-83.96978,15.27121],[-83.97106,15.27431],[-83.97335,15.27241],[-83.97449,15.26651],[-83.97284,15.2616],[-83.94971,15.24739],[-83.93694,15.23229],[-83.91898,15.22792],[-83.87822,15.24203],[-83.8437,15.24669],[-83.83556,15.25919],[-83.83728,15.26822],[-83.88336,15.28919],[-83.8892,15.29751],[-83.88979,15.30241],[-83.8867,15.30545],[-83.89871,15.30896],[-83.8986,15.31863],[-83.90417,15.32287],[-83.91004,15.32592],[-83.91775,15.3217],[-83.90826,15.32072],[-83.90608,15.3128],[-83.93624,15.31733],[-83.96019,15.33001],[-83.97016,15.32796],[-83.98343,15.3365],[-84.00678,15.33553],[-84.01703,15.34236],[-84.02128,15.3419],[-84.02751,15.35099],[-84.03555,15.35483],[-84.03492,15.36151],[-84.04419,15.37232],[-84.03771,15.37082],[-84.03859,15.37417],[-84.04805,15.37147],[-84.05066,15.37433],[-84.04926,15.38847],[-84.02424,15.39457],[-84.02645,15.38817],[-84.01616,15.38468],[-84.01489,15.38042],[-84.00157,15.38436],[-83.99846,15.37981],[-84.01002,15.37791],[-84.00807,15.36605],[-83.99271,15.36455],[-83.99398,15.35916],[-83.99137,15.35604],[-83.98293,15.3531],[-83.97837,15.35638],[-83.98114,15.36645],[-83.98714,15.37348],[-83.99011,15.37018],[-83.99762,15.38238],[-84.00182,15.38552],[-84.01256,15.38567],[-84.01676,15.3982],[-84.02186,15.39415],[-84.02457,15.39921],[-84.02175,15.40213],[-84.01194,15.40148],[-83.97357,15.39492],[-83.92938,15.36935],[-83.91581,15.35424],[-83.89681,15.34754],[-83.88432,15.33141],[-83.86118,15.31873],[-83.84157,15.3182],[-83.83819,15.31378],[-83.83257,15.31678],[-83.82405,15.302],[-83.80131,15.28989],[-83.80268,15.28331],[-83.82199,15.2716],[-83.82997,15.26065],[-83.81897,15.26161],[-83.81268,15.2671],[-83.80524,15.26642],[-83.7926,15.27262],[-83.7937,15.2757],[-83.78313,15.2784],[-83.76889,15.26468],[-83.76626,15.25596],[-83.76862,15.25387],[-83.76768,15.24307],[-83.77542,15.23706],[-83.77745,15.23008],[-83.76783,15.20753],[-83.77386,15.20324],[-83.77343,15.19654],[-83.7674,15.19247],[-83.76372,15.19898],[-83.76044,15.19687],[-83.75962,15.18965],[-83.75722,15.19091],[-83.7578,15.19645],[-83.75251,15.19796],[-83.75784,15.20249],[-83.75737,15.20686],[-83.75409,15.20785],[-83.73838,15.20173],[-83.74068,15.19514],[-83.74611,15.19469],[-83.73952,15.1873],[-83.73434,15.19715],[-83.72321,15.19741],[-83.71453,15.20202],[-83.71285,15.22675],[-83.70147,15.23848],[-83.67401,15.2473],[-83.67252,15.2553],[-83.66428,15.25398],[-83.64798,15.26486],[-83.6453,15.27338],[-83.64949,15.28003],[-83.64772,15.287],[-83.63958,15.29302],[-83.63238,15.2904],[-83.62288,15.29385],[-83.61382,15.29036],[-83.60987,15.29298],[-83.59788,15.28797],[-83.58997,15.29231],[-83.59027,15.28432],[-83.58666,15.28166],[-83.58139,15.28455],[-83.56863,15.28226],[-83.56417,15.28617],[-83.55935,15.28236],[-83.55674,15.28548],[-83.55374,15.27856],[-83.54895,15.28892],[-83.55144,15.29713],[-83.54786,15.29691],[-83.54197,15.28179],[-83.5463,15.27788],[-83.54543,15.27197],[-83.54143,15.27021],[-83.54135,15.26352],[-83.52657,15.25802],[-83.52624,15.25287],[-83.53591,15.25148],[-83.5512,15.23303],[-83.54475,15.21521],[-83.55668,15.21481],[-83.55992,15.20898],[-83.55286,15.20636],[-83.55012,15.19905],[-83.56466,15.19529],[-83.56782,15.20452],[-83.58759,15.22746],[-83.61158,15.23838],[-83.6215,15.22526],[-83.62313,15.21778],[-83.61861,15.20599],[-83.63524,15.20065],[-83.64269,15.18125],[-83.63826,15.16612],[-83.63108,15.16401],[-83.6274,15.16637],[-83.62233,15.1748],[-83.62733,15.19327],[-83.61512,15.20243],[-83.61575,15.2104],[-83.61204,15.2107],[-83.61509,15.1893],[-83.61219,15.16899],[-83.60318,15.15867],[-83.58752,15.15705],[-83.5796,15.15933],[-83.56058,15.17551],[-83.55851,15.19085],[-83.54893,15.19881],[-83.55208,15.20727],[-83.5566,15.20876],[-83.55639,15.21301],[-83.54156,15.21486],[-83.53331,15.21147],[-83.52962,15.21357],[-83.52397,15.20643],[-83.51731,15.20406],[-83.50619,15.2056],[-83.49333,15.21643],[-83.50065,15.23051],[-83.52526,15.24825],[-83.52551,15.25803],[-83.5395,15.26354],[-83.53995,15.27168],[-83.54384,15.27198],[-83.54576,15.2766],[-83.53625,15.28031],[-83.53274,15.27507],[-83.52797,15.27525],[-83.52499,15.28095],[-83.52799,15.28838],[-83.55239,15.29879],[-83.5554,15.30635],[-83.60516,15.31903],[-83.65079,15.34064],[-83.62513,15.32575],[-83.59689,15.31591],[-83.60136,15.31264],[-83.60959,15.31332],[-83.61347,15.30465],[-83.62563,15.30167],[-83.62734,15.31157],[-83.63161,15.31357],[-83.62518,15.31893],[-83.63064,15.32079],[-83.6404,15.3163],[-83.65237,15.31886],[-83.65442,15.32399],[-83.65072,15.3351],[-83.6563,15.33632],[-83.65756,15.33051],[-83.66548,15.32759],[-83.6708,15.3292],[-83.6843,15.34744],[-83.68861,15.34237],[-83.6997,15.34854],[-83.70162,15.35341],[-83.71173,15.3556],[-83.71699,15.35258],[-83.72656,15.35388],[-83.73843,15.3585],[-83.73444,15.36781],[-83.71502,15.37449],[-83.71704,15.38682],[-83.71917,15.37727],[-83.73421,15.37052],[-83.73543,15.37243],[-83.72477,15.37926],[-83.7204,15.38986],[-83.72129,15.39706],[-83.71836,15.39658],[-83.67868,15.36411],[-83.6282,15.33717],[-83.56984,15.3161],[-83.46283,15.2846],[-83.41968,15.26847],[-83.3906,15.25385],[-83.38822,15.24203],[-83.39514,15.23256],[-83.433,15.22726],[-83.44134,15.21468],[-83.44425,15.19173],[-83.4538,15.19176],[-83.46221,15.18536],[-83.47575,15.18688],[-83.4825,15.17484],[-83.49589,15.16413],[-83.49045,15.14051],[-83.49569,15.13556],[-83.50302,15.11617],[-83.51173,15.11362],[-83.52669,15.12324],[-83.54312,15.12357],[-83.54839,15.12055],[-83.55145,15.11048],[-83.53844,15.11157],[-83.54906,15.11037],[-83.55135,15.11305],[-83.54444,15.12278],[-83.52508,15.12197],[-83.51199,15.11285],[-83.50248,15.11579],[-83.49489,15.13505],[-83.49043,15.13922],[-83.48945,15.14541],[-83.49494,15.16208],[-83.48092,15.17588],[-83.47758,15.18506],[-83.46326,15.18419],[-83.45405,15.19073],[-83.4424,15.19175],[-83.44039,15.21289],[-83.43298,15.22546],[-83.40514,15.22588],[-83.40313,15.20067],[-83.39995,15.20096],[-83.39832,15.20922],[-83.39481,15.20411],[-83.39311,15.20567],[-83.39152,15.21728],[-83.38152,15.20116],[-83.37821,15.20094],[-83.38051,15.21714],[-83.37655,15.23057],[-83.37176,15.22907],[-83.358,15.20759],[-83.33701,15.14369],[-83.31886,15.10835],[-83.30016,15.08176],[-83.2734,15.05782],[-83.23872,15.03525],[-83.19986,15.01838],[-83.17011,15.01068],[-83.16448,15.00404],[-83.14868,15.00084],[-83.15354,14.99629],[-83.17256,14.99122],[-83.19623,14.99987],[-83.20178,14.99917],[-83.22971,14.98448],[-83.25626,14.9904],[-83.27797,14.98928],[-83.27322,15.00298],[-83.27524,15.00605],[-83.30087,14.99961],[-83.34257,15.01039],[-83.34733,15.00931],[-83.34874,15.0053],[-83.34718,14.99553],[-83.35517,14.99906],[-83.36076,15.0148],[-83.38263,15.01564],[-83.40251,15.02959],[-83.40695,15.0243],[-83.40068,15.0159],[-83.40586,15.00884],[-83.40575,14.99975],[-83.41468,15.00284],[-83.42003,14.99632],[-83.42015,14.9907],[-83.42919,14.99496],[-83.43858,14.99487],[-83.44814,14.98504],[-83.45967,14.98087],[-83.47065,14.98932],[-83.4792,14.99001],[-83.47611,15.00289],[-83.47837,15.00463],[-83.50016,15.01106],[-83.51291,15.00155],[-83.51439,14.99188],[-83.51747,14.99017],[-83.52412,14.99498],[-83.52833,14.99342],[-83.52954,14.98889],[-83.52309,14.97804],[-83.52484,14.974],[-83.53106,14.97543],[-83.53653,14.98132],[-83.54114,14.97797],[-83.53892,14.96294],[-83.52919,14.95062],[-83.53677,14.9483],[-83.54813,14.95727],[-83.54708,14.94736],[-83.5389,14.94509],[-83.53899,14.94013],[-83.55946,14.93967],[-83.56199,14.92706],[-83.55977,14.91358],[-83.56225,14.91182],[-83.57176,14.91882],[-83.57834,14.91137],[-83.59367,14.9204],[-83.59969,14.91905],[-83.60065,14.91492],[-83.59438,14.9109],[-83.59283,14.90486],[-83.60077,14.90022],[-83.61494,14.89865],[-83.60892,14.89423],[-83.60904,14.89097],[-83.61538,14.88442],[-83.6148,14.87523],[-83.61944,14.86966],[-83.61763,14.86152],[-83.62351,14.86273],[-83.62049,14.87663],[-83.6228,14.87809],[-83.64441,14.88226],[-83.65153,14.87845],[-83.66229,14.87941],[-83.67293,14.87435],[-83.67901,14.867],[-83.68356,14.867],[-83.68866,14.8791],[-83.69312,14.88032],[-83.69556,14.87783],[-83.6941,14.86549],[-83.69952,14.85835],[-83.70634,14.85624],[-83.71633,14.85844],[-83.72029,14.85591],[-83.72129,14.84957],[-83.71796,14.84791],[-83.70893,14.8531],[-83.69959,14.84934],[-83.701,14.84094],[-83.69708,14.83367],[-83.70136,14.82454],[-83.70517,14.82654],[-83.71022,14.84196],[-83.7257,14.83468],[-83.73561,14.8386],[-83.73734,14.84579],[-83.74222,14.84641],[-83.74365,14.83996],[-83.73152,14.83245],[-83.72866,14.82568],[-83.73082,14.81993],[-83.73796,14.82008],[-83.74242,14.82808],[-83.75207,14.83174],[-83.75468,14.82875],[-83.75217,14.81513],[-83.75914,14.80625],[-83.7747,14.8105],[-83.78091,14.82338],[-83.78463,14.82132],[-83.78451,14.80746],[-83.79345,14.8026],[-83.79736,14.80204],[-83.81006,14.81212],[-83.81543,14.81246],[-83.81846,14.80898],[-83.81377,14.80276],[-83.79384,14.79979],[-83.79064,14.79779],[-83.78967,14.79065],[-83.79607,14.78825],[-83.80352,14.79837],[-83.81416,14.78995],[-83.82629,14.79578],[-83.83232,14.79277],[-83.83468,14.78399],[-83.84306,14.77335],[-83.86078,14.77442],[-83.87027,14.76744],[-83.87986,14.77003],[-83.8741,14.78046],[-83.87615,14.78696],[-83.88536,14.78792],[-83.88644,14.76679],[-83.88907,14.76377],[-83.89577,14.76872],[-83.89191,14.7876],[-83.89862,14.7896],[-83.90078,14.77792],[-83.90507,14.77454],[-83.91028,14.77784],[-83.91013,14.79011],[-83.91694,14.79149],[-83.91599,14.77436],[-83.91971,14.77238],[-83.9331,14.77764],[-83.93886,14.77319],[-83.93544,14.76513],[-83.92684,14.7635],[-83.9199,14.75291],[-83.92141,14.74885],[-83.92765,14.74773],[-83.94114,14.75856],[-83.94737,14.7585],[-83.97328,14.74674],[-83.98637,14.74824],[-84.00106,14.75981],[-84.01263,14.74751],[-84.02238,14.74487],[-84.0344,14.74733],[-84.04577,14.75354],[-84.03966,14.76833],[-84.04612,14.77425],[-84.05756,14.76421],[-84.08065,14.75773],[-84.08424,14.7647],[-84.08059,14.78211],[-84.08382,14.7878],[-84.11063,14.79068],[-84.11681,14.78478],[-84.11674,14.77348],[-84.0958,14.73186],[-84.10286,14.72946],[-84.12519,14.73383],[-84.14866,14.71898],[-84.16809,14.71413],[-84.18886,14.71591],[-84.1993,14.72124],[-84.21307,14.73434],[-84.22004,14.73164],[-84.22823,14.73421],[-84.22989,14.73829],[-84.22314,14.74939],[-84.2234,14.75608],[-84.23281,14.76107],[-84.26076,14.74593],[-84.27201,14.73386],[-84.27298,14.7239],[-84.26368,14.70128],[-84.26653,14.6864],[-84.25886,14.68078],[-84.25836,14.67624],[-84.27239,14.66451],[-84.2826,14.66138],[-84.29854,14.66402],[-84.30847,14.68374],[-84.31302,14.68445],[-84.329,14.6757],[-84.33735,14.67531],[-84.34897,14.67983],[-84.35393,14.68981],[-84.34478,14.70006],[-84.34583,14.70334],[-84.36373,14.71722],[-84.36726,14.70428],[-84.37777,14.69712],[-84.38448,14.68019],[-84.41445,14.65728],[-84.41221,14.64539],[-84.41459,14.64228],[-84.42486,14.64109],[-84.43217,14.63344],[-84.46279,14.63275],[-84.46825,14.61691],[-84.47258,14.61593],[-84.4961,14.62043],[-84.50332,14.62574],[-84.50783,14.63663],[-84.52339,14.63537],[-84.52668,14.62995],[-84.53051,14.63082],[-84.53862,14.645],[-84.52372,14.6487],[-84.52426,14.65574],[-84.52873,14.65787],[-84.55123,14.65699],[-84.56006,14.65047],[-84.56663,14.65882],[-84.57438,14.6524],[-84.57946,14.65299],[-84.58356,14.65664],[-84.58485,14.66626],[-84.59496,14.65896],[-84.61356,14.66571],[-84.62596,14.66296],[-84.62941,14.66572],[-84.6318,14.67737],[-84.64393,14.67239],[-84.6561,14.67473],[-84.66539,14.67298],[-84.67038,14.67965],[-84.66759,14.69046],[-84.67406,14.69483],[-84.67911,14.69159],[-84.69482,14.66592],[-84.7035,14.66604],[-84.70189,14.67376],[-84.70635,14.68312],[-84.70276,14.6892],[-84.70419,14.69326],[-84.71313,14.69208],[-84.726,14.69864],[-84.72982,14.70928],[-84.74331,14.71299],[-84.74551,14.71669],[-84.74945,14.7317],[-84.74304,14.73908],[-84.74266,14.74879],[-84.7496,14.74796],[-84.75402,14.74175],[-84.75954,14.7409],[-84.77155,14.74944],[-84.76876,14.7608],[-84.76467,14.76064],[-84.75835,14.75305],[-84.75096,14.75463],[-84.74971,14.76736],[-84.75464,14.77477],[-84.76148,14.77562],[-84.78518,14.79248],[-84.7918,14.81277],[-84.79032,14.81628],[-84.81939,14.82941],[-84.84568,14.82387],[-84.85142,14.81367],[-84.85881,14.81164],[-84.87735,14.81648],[-84.88707,14.81284],[-84.89682,14.81551],[-84.90135,14.81351],[-84.93153,14.77108],[-84.92335,14.76595],[-84.92775,14.75891],[-84.9393,14.75895],[-84.94204,14.75485],[-84.96099,14.7567],[-84.97116,14.74767],[-84.97263,14.74229],[-84.98679,14.74047],[-84.99594,14.72604],[-85.02892,14.70214],[-85.02826,14.69692],[-85.02172,14.6931],[-85.0208,14.68693],[-85.02737,14.6731],[-85.04563,14.67129],[-85.05101,14.6608],[-85.0488,14.65026],[-85.03323,14.64747],[-85.02384,14.63312],[-85.02682,14.62552],[-85.0433,14.61189],[-85.03914,14.60813],[-85.02179,14.60934],[-85.04286,14.57486],[-85.05889,14.56861],[-85.06395,14.56089],[-85.07644,14.55899],[-85.08773,14.55249],[-85.09499,14.55287],[-85.10648,14.561],[-85.11303,14.57735],[-85.11891,14.57838],[-85.12235,14.58597],[-85.1334,14.57711],[-85.14431,14.57719],[-85.15249,14.57066],[-85.15008,14.56579],[-85.14282,14.56354],[-85.14049,14.5536],[-85.14778,14.5441],[-85.13897,14.51875],[-85.14817,14.5043],[-85.14981,14.48717],[-85.15314,14.48295],[-85.16251,14.4824],[-85.1678,14.47464],[-85.17459,14.4769],[-85.18234,14.47117],[-85.18514,14.46645],[-85.18157,14.45831],[-85.18562,14.44589],[-85.1808,14.43347],[-85.18177,14.42793],[-85.18894,14.42336],[-85.19178,14.40848],[-85.20175,14.40704],[-85.20608,14.3872],[-85.22173,14.37598],[-85.21773,14.36794],[-85.20882,14.37006],[-85.19669,14.36429],[-85.199,14.35892],[-85.19573,14.35102],[-85.19958,14.34601],[-85.19541,14.34184],[-85.19258,14.32932],[-85.18263,14.33407],[-85.17942,14.31437],[-85.15327,14.30238],[-85.15886,14.28759],[-85.16684,14.28311],[-85.16927,14.27618],[-85.17836,14.2682],[-85.1862,14.24917],[-85.2017,14.25756],[-85.20967,14.25301],[-85.22232,14.255],[-85.22597,14.25174],[-85.24101,14.2524],[-85.25412,14.25932],[-85.26132,14.25821],[-85.26953,14.26229],[-85.26984,14.25908],[-85.28568,14.26041],[-85.28931,14.2513],[-85.2975,14.25],[-85.30991,14.25658],[-85.3288,14.25112],[-85.33203,14.24746],[-85.34063,14.2489],[-85.34177,14.2324],[-85.35626,14.23124],[-85.35541,14.22524],[-85.36135,14.21301],[-85.36881,14.21312],[-85.36699,14.2209],[-85.36993,14.22498],[-85.38339,14.22147],[-85.38328,14.21875],[-85.37484,14.21509],[-85.37702,14.20893],[-85.37365,14.1975],[-85.38094,14.19598],[-85.37517,14.18207],[-85.38158,14.1797],[-85.3892,14.16841],[-85.39784,14.16339],[-85.4009,14.14654],[-85.39539,14.14251],[-85.39534,14.13777],[-85.40332,14.13495],[-85.40551,14.12213],[-85.41347,14.12216],[-85.42007,14.11504],[-85.42606,14.11649],[-85.43126,14.10616],[-85.44224,14.10549],[-85.45388,14.1145],[-85.46557,14.09421],[-85.47695,14.09473],[-85.47903,14.08354],[-85.48235,14.08852],[-85.4926,14.08816],[-85.49067,14.08176],[-85.49447,14.07578],[-85.49749,14.07698],[-85.4991,14.0865],[-85.50554,14.08828],[-85.50904,14.07695],[-85.50669,14.06323],[-85.51115,14.05945],[-85.51901,14.06145],[-85.521,14.05932],[-85.51692,14.05115],[-85.51911,14.04743],[-85.52681,14.04915],[-85.5372,14.04602],[-85.56155,14.05108],[-85.55573,14.0643],[-85.56729,14.06243],[-85.57304,14.06515],[-85.5783,14.05835],[-85.57732,14.0435],[-85.58569,14.03998],[-85.59134,14.04386],[-85.60345,14.02672],[-85.61491,14.01937],[-85.62258,14.02157],[-85.62543,14.01931],[-85.62376,14.00938],[-85.64001,14.0121],[-85.65858,14.01031],[-85.66273,14.01269],[-85.66813,13.99666],[-85.66735,13.98694],[-85.67742,13.97939],[-85.68371,13.98077],[-85.68668,13.98942],[-85.70453,13.99298],[-85.72384,13.98168],[-85.7238,13.97695],[-85.73207,13.96992],[-85.7534,13.96767],[-85.75248,13.95528],[-85.75746,13.94903],[-85.75357,13.94305],[-85.75193,13.92926],[-85.75747,13.912],[-85.7561,13.90317],[-85.76421,13.88522],[-85.76071,13.88185],[-85.75416,13.88237],[-85.73886,13.87191],[-85.73338,13.8611],[-85.74219,13.85273],[-85.73736,13.84526],[-85.73856,13.84249],[-85.74714,13.83995],[-85.75226,13.83241],[-85.75634,13.84274],[-85.76709,13.84891],[-85.79273,13.842],[-85.80385,13.84321],[-85.81348,13.84946],[-85.8195,13.84861],[-85.8228,13.85767],[-85.82677,13.85751],[-85.82657,13.86911],[-85.83619,13.87644],[-85.84083,13.88584],[-85.83748,13.89294],[-85.84139,13.89575],[-85.83703,13.89906],[-85.84559,13.9177],[-85.85255,13.92112],[-85.86915,13.92202],[-85.88212,13.92936],[-85.88411,13.92518],[-85.88836,13.92495],[-85.88717,13.92156],[-85.89236,13.91567],[-85.8907,13.90954],[-85.8976,13.90303],[-85.91318,13.90841],[-85.91604,13.91656],[-85.91267,13.92595],[-85.91894,13.93743],[-85.92106,13.93157],[-85.93517,13.94069],[-85.94783,13.94438],[-85.95505,13.95094],[-85.96514,13.95136],[-85.96656,13.95996],[-85.9767,13.96161],[-85.98418,13.96906],[-85.98784,13.96952],[-85.99138,13.96444],[-85.99599,13.96688],[-85.99534,13.96974],[-86.00072,13.97172],[-86.0021,13.97768],[-86.01034,13.98609],[-86.01585,13.98646],[-86.01732,13.99184],[-86.02205,13.99091],[-86.02744,13.99853],[-86.03385,13.99396],[-86.04216,13.99604],[-86.00868,14.05572],[-86.01136,14.06061],[-86.00366,14.07001],[-86.01164,14.08022],[-86.0387,14.07669],[-86.04322,14.06947],[-86.07608,14.06964],[-86.0771,14.06305],[-86.08699,14.06504],[-86.10695,14.05843],[-86.11847,14.04482],[-86.12627,14.04467],[-86.13508,14.04976],[-86.13277,14.04489],[-86.1537,14.03373],[-86.1575,14.02459],[-86.15035,14.01489],[-86.14431,14.0139],[-86.14461,14.00932],[-86.13978,14.00559],[-86.14169,13.99955],[-86.14586,13.99431],[-86.1514,13.99648],[-86.15496,13.99239],[-86.15757,13.99338],[-86.16702,13.98072],[-86.17538,13.9796],[-86.1866,13.98572],[-86.18965,13.98435],[-86.19253,13.98081],[-86.18487,13.95959],[-86.18622,13.95496],[-86.19348,13.95457],[-86.19803,13.94848],[-86.19505,13.94286],[-86.19907,13.93536],[-86.21692,13.93683],[-86.2259,13.92627],[-86.2265,13.91973],[-86.22231,13.91482],[-86.22514,13.90816],[-86.22784,13.90548],[-86.24211,13.90443],[-86.24909,13.89205],[-86.24703,13.88818],[-86.25684,13.88659],[-86.25652,13.88082],[-86.26807,13.88017],[-86.26879,13.87729],[-86.27809,13.87535],[-86.27585,13.8705],[-86.27917,13.85781],[-86.29516,13.85134],[-86.30244,13.83718],[-86.29514,13.82552],[-86.29659,13.81607],[-86.30336,13.81548],[-86.30344,13.8086],[-86.31638,13.80204],[-86.3154,13.79225],[-86.33064,13.77773],[-86.33414,13.76877],[-86.34181,13.76658],[-86.34652,13.76856],[-86.35002,13.76246],[-86.35699,13.76624],[-86.36386,13.76258],[-86.37258,13.76542],[-86.37684,13.77097],[-86.38679,13.76134],[-86.39804,13.76249],[-86.40171,13.75805],[-86.41003,13.75994],[-86.41614,13.75766],[-86.42644,13.76535],[-86.44007,13.76406],[-86.44648,13.7726],[-86.4527,13.79017],[-86.47336,13.77091],[-86.48212,13.77521],[-86.48297,13.77134],[-86.49173,13.76877],[-86.5036,13.77574],[-86.51412,13.7749],[-86.52291,13.78136],[-86.52217,13.7867],[-86.53095,13.79577],[-86.53048,13.79942],[-86.53954,13.80471],[-86.54773,13.79753],[-86.55665,13.8028],[-86.58559,13.78461],[-86.59585,13.78812],[-86.6095,13.78182],[-86.61955,13.78764],[-86.62383,13.78539],[-86.62776,13.78769],[-86.64414,13.77744],[-86.64963,13.77984],[-86.65962,13.77521],[-86.66425,13.7774],[-86.66591,13.78401],[-86.7234,13.78698],[-86.76099,13.76888],[-86.76944,13.75464],[-86.7595,13.72738],[-86.76249,13.72165],[-86.76082,13.71779],[-86.7645,13.71534],[-86.76819,13.70022],[-86.78612,13.6625],[-86.7679,13.65126],[-86.75525,13.65162],[-86.74915,13.63964],[-86.76952,13.57618],[-86.76499,13.5714],[-86.757,13.5714],[-86.75081,13.56645],[-86.74291,13.52796],[-86.74153,13.48655],[-86.72377,13.45701],[-86.72516,13.44243],[-86.72093,13.43481],[-86.74417,13.40659],[-86.74421,13.40142],[-86.73686,13.38119],[-86.72729,13.37903],[-86.72107,13.38094],[-86.71446,13.37708],[-86.7072,13.36572],[-86.71058,13.35917],[-86.70749,13.32373],[-86.70357,13.3137],[-86.70573,13.30302],[-86.7118,13.29555],[-86.72636,13.29066],[-86.75429,13.26742],[-86.79138,13.29411],[-86.79385,13.29878],[-86.79833,13.29901],[-86.80033,13.30325],[-86.82486,13.31305],[-86.8301,13.31417],[-86.83435,13.31157],[-86.83551,13.30544],[-86.8496,13.30077],[-86.86775,13.30427],[-86.87686,13.28721],[-86.87498,13.28096],[-86.88248,13.27952],[-86.89057,13.27298],[-86.90099,13.27132],[-86.91591,13.26057],[-86.9055,13.25249],[-86.91372,13.23395],[-86.90955,13.22613],[-86.91085,13.22247],[-86.92288,13.22364],[-86.91531,13.21363],[-86.92074,13.20838],[-86.92013,13.19994],[-86.9254,13.19004],[-86.93204,13.18793],[-86.93328,13.18039],[-86.91337,13.15433],[-86.91386,13.15106],[-86.92175,13.15018],[-86.92474,13.14559],[-86.92186,13.14119],[-86.9237,13.13292],[-86.93425,13.12478],[-86.92735,13.11969],[-86.92816,13.10237],[-86.91973,13.10369],[-86.91568,13.09888],[-86.92641,13.08251],[-86.93424,13.07901],[-86.94309,13.06848],[-86.95433,13.06323],[-86.95433,13.05586],[-86.95871,13.05246],[-86.95524,13.03861],[-86.96412,13.03135],[-86.97061,13.03108],[-86.98158,13.02123],[-86.98816,13.02401],[-86.996,13.0209],[-87.00676,13.01219],[-87.00962,13.00303],[-87.01765,13.0002],[-87.01656,13.0048],[-87.02224,13.00845],[-87.02741,13.00278],[-87.02334,12.99793],[-87.02751,12.9869],[-87.0491,12.98826],[-87.05198,12.98452],[-87.04954,12.99164],[-87.06032,12.99324],[-87.06492,13.00236],[-87.14201,12.99768],[-87.14438,13.00052],[-87.15384,13.00078],[-87.17753,12.99553],[-87.18485,13.00192],[-87.18853,12.99856],[-87.19852,13.00023],[-87.20772,13.00267],[-87.20825,13.00602],[-87.21916,13.00782],[-87.21483,13.02123],[-87.22219,13.02624],[-87.21747,13.02766],[-87.21682,13.04131],[-87.22088,13.04106],[-87.22248,13.0457],[-87.20961,13.05924],[-87.20224,13.05603],[-87.1996,13.04262],[-87.19394,13.03309],[-87.19368,13.02407],[-87.19809,13.01333],[-87.19039,13.02382],[-87.18948,13.03387],[-87.19698,13.05165],[-87.1962,13.0626],[-87.18674,13.06351],[-87.19001,13.0465],[-87.17831,13.03207],[-87.17659,13.02408],[-87.18031,13.02193],[-87.17882,13.01828],[-87.17383,13.01918],[-87.17015,13.02448],[-87.15885,13.02307],[-87.15754,13.03531],[-87.15176,13.03711],[-87.1494,13.04175],[-87.14046,13.03918],[-87.14362,13.04653],[-87.13928,13.05039],[-87.141,13.05838],[-87.15335,13.05554],[-87.15782,13.06237],[-87.13706,13.06599],[-87.13531,13.06835],[-87.13851,13.07127],[-87.13969,13.08261],[-87.1439,13.08467],[-87.14838,13.08144],[-87.15389,13.08247],[-87.15836,13.08749],[-87.16704,13.08826],[-87.16704,13.09342],[-87.17186,13.08997],[-87.17177,13.0813],[-87.15875,13.07847],[-87.15042,13.07183],[-87.15164,13.06792],[-87.16098,13.06404],[-87.16571,13.06713],[-87.17294,13.05888],[-87.17805,13.04444],[-87.18595,13.04689],[-87.17977,13.06197],[-87.18622,13.07304],[-87.18386,13.0791],[-87.18833,13.07613],[-87.18964,13.07871],[-87.18413,13.08245],[-87.18649,13.08451],[-87.18493,13.09469],[-87.18046,13.10049],[-87.17335,13.09341],[-87.16561,13.1045],[-87.16678,13.09818],[-87.16166,13.09884],[-87.15817,13.11128],[-87.16943,13.12743],[-87.17522,13.12846],[-87.18604,13.12237],[-87.18219,13.12667],[-87.18338,13.1349],[-87.1869,13.13484],[-87.18624,13.13233],[-87.196,13.14172],[-87.20819,13.14407],[-87.18902,13.13674],[-87.18968,13.12819],[-87.20046,13.12329],[-87.20098,13.12019],[-87.20558,13.12019],[-87.21045,13.12611],[-87.2186,13.12559],[-87.21887,13.13358],[-87.22531,13.13151],[-87.22583,13.11965],[-87.237,13.11127],[-87.23908,13.10573],[-87.24277,13.10598],[-87.24277,13.10238],[-87.26539,13.10931],[-87.26592,13.1155],[-87.27315,13.1124],[-87.27093,13.12528],[-87.24542,13.12183],[-87.23569,13.12532],[-87.22624,13.13512],[-87.23885,13.12506],[-87.24542,13.12505],[-87.24425,13.13072],[-87.24964,13.13845],[-87.24491,13.14],[-87.25097,13.14489],[-87.25345,13.12839],[-87.26147,13.12748],[-87.26292,13.13947],[-87.25689,13.14927],[-87.25228,13.14592],[-87.25159,13.14944],[-87.2569,13.15803],[-87.25352,13.15941],[-87.25335,13.16576],[-87.26467,13.17258],[-87.28096,13.15981],[-87.28543,13.16238],[-87.28582,13.15748],[-87.28043,13.15375],[-87.27726,13.14486],[-87.28053,13.12862],[-87.29144,13.12397],[-87.28406,13.11032],[-87.29011,13.10954],[-87.28629,13.10517],[-87.2935,13.09356],[-87.3106,13.09882],[-87.31376,13.10307],[-87.3177,13.09933],[-87.32888,13.10383],[-87.32704,13.10769],[-87.32008,13.11067],[-87.31824,13.10887],[-87.30261,13.12113],[-87.308,13.12576],[-87.30237,13.13968],[-87.30973,13.14199],[-87.30119,13.14303],[-87.29423,13.14948],[-87.30251,13.15051],[-87.30344,13.15746],[-87.31041,13.15526],[-87.32761,13.13819],[-87.32578,13.14481],[-87.31833,13.14686],[-87.32654,13.14994],[-87.33234,13.13629],[-87.32734,13.13051],[-87.33326,13.13165],[-87.33326,13.13513],[-87.34694,13.1422],[-87.36298,13.13612],[-87.3664,13.14359],[-87.38508,13.14782],[-87.39007,13.14034],[-87.39783,13.14239],[-87.39953,13.13878],[-87.40541,13.14324],[-87.41057,13.1385],[-87.40844,13.12175],[-87.41738,13.11916],[-87.41975,13.12508],[-87.42541,13.12456],[-87.4271,13.11322],[-87.42504,13.13977],[-87.4207,13.14106],[-87.41792,13.13063],[-87.41424,13.13076],[-87.4153,13.1336],[-87.41109,13.13566],[-87.4083,13.14272],[-87.41295,13.14545],[-87.41322,13.15061],[-87.4169,13.14931],[-87.4202,13.15678],[-87.41034,13.15873],[-87.41141,13.16698],[-87.41219,13.15989],[-87.42204,13.15678],[-87.42415,13.15832],[-87.42245,13.16374],[-87.42732,13.16579],[-87.42928,13.15857],[-87.44658,13.20184],[-87.44013,13.1954],[-87.43549,13.1766],[-87.43234,13.18021],[-87.43948,13.20056],[-87.44436,13.20777],[-87.45001,13.20827],[-87.45793,13.22192],[-87.45596,13.2263],[-87.45412,13.2245],[-87.45582,13.21883],[-87.45108,13.21394],[-87.44807,13.22503],[-87.4386,13.22543],[-87.43965,13.22066],[-87.43346,13.21835],[-87.43121,13.20779],[-87.42752,13.20792],[-87.42753,13.21218],[-87.432,13.21217],[-87.43004,13.2199],[-87.43295,13.2266],[-87.42387,13.22533],[-87.42519,13.22842],[-87.4294,13.22764],[-87.43191,13.23511],[-87.42731,13.23795],[-87.41416,13.23539],[-87.41627,13.24209],[-87.4189,13.23848],[-87.42337,13.23911],[-87.4239,13.24362],[-87.42863,13.24155],[-87.43312,13.25069],[-87.446,13.24114],[-87.44916,13.24616],[-87.44232,13.24565],[-87.44194,13.25261],[-87.4497,13.25118],[-87.43998,13.26112],[-87.44551,13.2651],[-87.45024,13.26291],[-87.45654,13.25297],[-87.46075,13.25284],[-87.46219,13.24742],[-87.4544,13.23301],[-87.45703,13.23171],[-87.48247,13.26207],[-87.47523,13.25835],[-87.47247,13.26029],[-87.47075,13.2572],[-87.4659,13.26236],[-87.46985,13.26493],[-87.45709,13.26715],[-87.45158,13.27231],[-87.46209,13.26791],[-87.47485,13.26776],[-87.48816,13.2801],[-87.4863,13.26902],[-87.48867,13.27237],[-87.50579,13.27698],[-87.50053,13.28278],[-87.49526,13.27674],[-87.49817,13.28382],[-87.50212,13.28523],[-87.51158,13.2825],[-87.51182,13.26897],[-87.51458,13.26794],[-87.51107,13.28676],[-87.50346,13.29631],[-87.50016,13.29322],[-87.49741,13.29735],[-87.49398,13.29517],[-87.49488,13.28318],[-87.47869,13.27973],[-87.46999,13.27202],[-87.44475,13.28211],[-87.43817,13.28045],[-87.4366,13.28471],[-87.43976,13.28496],[-87.44003,13.29063],[-87.43676,13.29952],[-87.43321,13.30082],[-87.43241,13.29657],[-87.42979,13.2985],[-87.43269,13.30597],[-87.43743,13.30519],[-87.43796,13.30764],[-87.42243,13.30702],[-87.42022,13.32043],[-87.41535,13.31979],[-87.41824,13.31553],[-87.4135,13.31348],[-87.41403,13.31734],[-87.41101,13.31915],[-87.4172,13.32674],[-87.42957,13.32775],[-87.43194,13.32479],[-87.43195,13.33071],[-87.42274,13.33318],[-87.41405,13.32842],[-87.41433,13.33564],[-87.41117,13.33487],[-87.40667,13.32277],[-87.41061,13.31993],[-87.41008,13.3158],[-87.40613,13.31349],[-87.40403,13.31775],[-87.39903,13.31866],[-87.40286,13.32535],[-87.40144,13.3394],[-87.40697,13.34338],[-87.4167,13.33796],[-87.42632,13.34799],[-87.42277,13.35186],[-87.41672,13.34839],[-87.40869,13.35163],[-87.41371,13.36012],[-87.41253,13.36348],[-87.40753,13.36271],[-87.40649,13.36838],[-87.39911,13.36453],[-87.39622,13.36685],[-87.3912,13.35874],[-87.38675,13.37112],[-87.37938,13.37203],[-87.37596,13.38837],[-87.37361,13.38737],[-87.36507,13.39499],[-87.37073,13.39743],[-87.36732,13.39988],[-87.36798,13.40503],[-87.38892,13.40913],[-87.38866,13.41377],[-87.39947,13.42148],[-87.40421,13.4225],[-87.40605,13.41992],[-87.42475,13.42711],[-87.42751,13.4253],[-87.4242,13.41525],[-87.43026,13.41473],[-87.43606,13.42219],[-87.43842,13.41755],[-87.44369,13.42037],[-87.44974,13.41573],[-87.45711,13.41726],[-87.45607,13.42525],[-87.4716,13.41981],[-87.47423,13.42032],[-87.47504,13.43037],[-87.48319,13.42687],[-87.48662,13.4306],[-87.48978,13.42841],[-87.48522,13.42515],[-87.49068,13.41823],[-87.47895,13.41097],[-87.49211,13.4092],[-87.49725,13.4128],[-87.49157,13.40508],[-87.49394,13.40198],[-87.50172,13.4097],[-87.49525,13.39979],[-87.48789,13.40457],[-87.48393,13.40059],[-87.48471,13.39736],[-87.4955,13.39477],[-87.50828,13.39861],[-87.51102,13.39061],[-87.51262,13.39898],[-87.51605,13.40168],[-87.51918,13.38879],[-87.5288,13.39418],[-87.52945,13.38929],[-87.5251,13.38775],[-87.52838,13.38439],[-87.52258,13.38131],[-87.5239,13.37899],[-87.53022,13.38284],[-87.53366,13.38979],[-87.53576,13.38901],[-87.53219,13.38103],[-87.53944,13.38385],[-87.54011,13.38875],[-87.54287,13.38745],[-87.54434,13.3975],[-87.53633,13.40576],[-87.54264,13.40523],[-87.54576,13.38874],[-87.55235,13.39181],[-87.558,13.38871],[-87.56154,13.3802],[-87.56865,13.38379],[-87.56957,13.38069],[-87.57524,13.3888],[-87.56867,13.38972],[-87.56815,13.39436],[-87.575,13.3955],[-87.57568,13.40671],[-87.58095,13.40979],[-87.57756,13.42062],[-87.58295,13.41945],[-87.58623,13.41287],[-87.59427,13.4171],[-87.58953,13.41853],[-87.58956,13.42935],[-87.5919,13.41827],[-87.59585,13.41851],[-87.59587,13.42895],[-87.59115,13.43476],[-87.59589,13.43449],[-87.59183,13.44249],[-87.59986,13.44389],[-87.59831,13.45381],[-87.57803,13.45425],[-87.58042,13.45952],[-87.56305,13.46459],[-87.56041,13.46163],[-87.55989,13.46601],[-87.57846,13.46623],[-87.57032,13.47836],[-87.57495,13.48685],[-87.5786,13.46945],[-87.58413,13.47021],[-87.58544,13.46673],[-87.58743,13.47317],[-87.59335,13.47148],[-87.59626,13.47675],[-87.60438,13.4632],[-87.60965,13.46371],[-87.61336,13.47182],[-87.61835,13.46845],[-87.6252,13.46973],[-87.62547,13.47333],[-87.62047,13.47322],[-87.61956,13.47618],[-87.62643,13.48441],[-87.62604,13.48982],[-87.63684,13.49057],[-87.63604,13.48464],[-87.63973,13.48541],[-87.64199,13.49519],[-87.64734,13.49244],[-87.65028,13.49427],[-87.65659,13.48884],[-87.66475,13.48844],[-87.67319,13.49279],[-87.67344,13.48983],[-87.66963,13.49126],[-87.66791,13.48868],[-87.66709,13.47967],[-87.65707,13.47171],[-87.66892,13.47335],[-87.66917,13.46935],[-87.67181,13.47064],[-87.67522,13.46728],[-87.68577,13.47395],[-87.68919,13.47175],[-87.68287,13.47125],[-87.68154,13.46777],[-87.68627,13.46493],[-87.68043,13.44562],[-87.68227,13.44381],[-87.69097,13.44971],[-87.68976,13.43992],[-87.69172,13.43631],[-87.69664,13.43801],[-87.69631,13.43063],[-87.69407,13.4305],[-87.7005,13.42314],[-87.70036,13.41825],[-87.69076,13.42265],[-87.68535,13.41906],[-87.68322,13.40902],[-87.69532,13.40744],[-87.69609,13.39829],[-87.69899,13.4015],[-87.70608,13.3953],[-87.70938,13.39889],[-87.71422,13.38832],[-87.71669,13.3926],[-87.72028,13.39036],[-87.71992,13.38633],[-87.72395,13.38571],[-87.72554,13.38957],[-87.72896,13.38724],[-87.72963,13.39265],[-87.73713,13.39315],[-87.74191,13.40447],[-87.74612,13.40523],[-87.73917,13.41247],[-87.73866,13.41917],[-87.74117,13.42071],[-87.74536,13.41374],[-87.75484,13.41551],[-87.76105,13.42271],[-87.7696,13.42243],[-87.77222,13.41778],[-87.78474,13.42212],[-87.78892,13.41232],[-87.79285,13.41208],[-87.78516,13.42811],[-87.78341,13.42951],[-87.77722,13.42417],[-87.77337,13.43034],[-87.75803,13.44115],[-87.74873,13.43667],[-87.73363,13.44716],[-87.72255,13.44339],[-87.72207,13.45944],[-87.71621,13.46609],[-87.72172,13.47619],[-87.72391,13.49439],[-87.71993,13.50504],[-87.73432,13.51167],[-87.74602,13.50585],[-87.7501,13.51803],[-87.75598,13.51879],[-87.76207,13.50825],[-87.77998,13.51025],[-87.78229,13.5139],[-87.77814,13.52065],[-87.79408,13.52444],[-87.78401,13.52972],[-87.78052,13.53604],[-87.78697,13.54294],[-87.78515,13.55657],[-87.77861,13.56689],[-87.78359,13.56928],[-87.77354,13.57364],[-87.77443,13.58338],[-87.77029,13.58518],[-87.76859,13.59545],[-87.75396,13.60367],[-87.75551,13.63596],[-87.75162,13.64582],[-87.75249,13.65685],[-87.75689,13.65985],[-87.75288,13.66755],[-87.75621,13.67249],[-87.75354,13.67835],[-87.75534,13.68889],[-87.73229,13.71565],[-87.73412,13.71973],[-87.72642,13.73409],[-87.73457,13.74055],[-87.7369,13.74819],[-87.73153,13.75047],[-87.72635,13.76323],[-87.71735,13.76981],[-87.70898,13.79027],[-87.70839,13.8016],[-87.71644,13.82002],[-87.72793,13.82099],[-87.73318,13.82895],[-87.74243,13.83049],[-87.74614,13.83466],[-87.7464,13.85425],[-87.74981,13.85903],[-87.77173,13.87556],[-87.7804,13.87521],[-87.78865,13.88534],[-87.79605,13.88923],[-87.79971,13.89413],[-87.79413,13.90479],[-87.80003,13.92068],[-87.8304,13.9184],[-87.84249,13.90626],[-87.84435,13.89806],[-87.85145,13.89536],[-87.87353,13.89627],[-87.88227,13.90269],[-87.88942,13.89841],[-87.89884,13.90345],[-87.90442,13.89958],[-87.90678,13.90165],[-87.9141,13.89668],[-87.91196,13.89344],[-87.9166,13.89253],[-87.91786,13.89589],[-87.92154,13.89381],[-87.9204,13.88671],[-87.92429,13.88501],[-87.934,13.89344],[-87.94429,13.89587],[-87.95137,13.89135],[-87.96018,13.90194],[-87.96373,13.8928],[-87.96866,13.8946],[-87.97844,13.88727],[-87.98594,13.88762],[-87.99611,13.87827],[-88.00518,13.87534],[-88.00731,13.87074],[-88.01285,13.87168],[-88.01726,13.89313],[-88.02863,13.90207],[-88.0437,13.92236],[-88.04552,13.93136],[-88.05688,13.9424],[-88.06204,13.94289],[-88.06532,13.94933],[-88.06482,13.96067],[-88.07312,13.97584],[-88.07264,13.99212],[-88.10808,14.00102],[-88.13264,13.99069],[-88.14903,13.99116],[-88.15997,13.98352],[-88.16455,13.98606],[-88.17321,13.98484],[-88.1774,13.99026],[-88.18716,13.98972],[-88.19749,13.99655],[-88.21841,13.99307],[-88.23007,13.99985],[-88.23828,13.99484],[-88.23438,13.98792],[-88.23582,13.97035],[-88.23175,13.96358],[-88.22007,13.95497],[-88.2275,13.93823],[-88.23686,13.93996],[-88.2653,13.9369],[-88.26656,13.92411],[-88.26276,13.91989],[-88.26553,13.9152],[-88.28134,13.90927],[-88.28818,13.91445],[-88.29677,13.91089],[-88.30713,13.90237],[-88.31353,13.90211],[-88.31723,13.89785],[-88.31736,13.88996],[-88.34552,13.8963],[-88.34991,13.89048],[-88.3507,13.87674],[-88.3562,13.87032],[-88.36176,13.86938],[-88.37076,13.8754],[-88.37601,13.88497],[-88.3853,13.88516],[-88.39382,13.88121],[-88.40228,13.883],[-88.41378,13.87895],[-88.4172,13.88488],[-88.42326,13.87971],[-88.43116,13.87921],[-88.43997,13.85968],[-88.44444,13.8637],[-88.45035,13.86431],[-88.45207,13.85902],[-88.46499,13.86286],[-88.46758,13.8487],[-88.47152,13.85405],[-88.48483,13.86025],[-88.49266,13.85977],[-88.49636,13.86786],[-88.49143,13.87743],[-88.50591,13.90912],[-88.51107,13.9117],[-88.50646,13.92307],[-88.50654,13.94299],[-88.49779,13.95283],[-88.5002,13.96757],[-88.52886,13.98544],[-88.53987,13.98518],[-88.54798,13.9806],[-88.5574,13.98331],[-88.56825,13.97797],[-88.57323,13.98245],[-88.57805,13.99826],[-88.5874,14.00753],[-88.5944,14.00916],[-88.6079,14.00548],[-88.62754,14.02273],[-88.63418,14.02205],[-88.63962,14.017],[-88.65288,14.01756],[-88.6638,14.0239],[-88.66383,14.01906],[-88.67079,14.00992],[-88.68376,14.01012],[-88.68147,14.01941],[-88.68566,14.02505],[-88.68244,14.03211],[-88.6939,14.04393],[-88.70883,14.04657],[-88.71298,14.04426],[-88.73215,14.05055],[-88.73789,14.05626],[-88.74042,14.07189],[-88.72935,14.09131],[-88.72899,14.11433],[-88.73875,14.12182],[-88.74114,14.11677],[-88.75054,14.11489],[-88.75362,14.10966],[-88.76505,14.10917],[-88.76667,14.10478],[-88.77222,14.10584],[-88.7741,14.10261],[-88.78308,14.10484],[-88.79198,14.11468],[-88.80578,14.11109],[-88.81283,14.11257],[-88.81454,14.10864],[-88.82057,14.10945],[-88.83131,14.1044],[-88.82971,14.11211],[-88.83362,14.11454],[-88.84014,14.1315],[-88.84701,14.13085],[-88.84633,14.14155],[-88.84942,14.14935],[-88.85876,14.15288],[-88.86245,14.16874],[-88.86049,14.17235],[-88.86658,14.17846],[-88.88171,14.1893],[-88.9012,14.19147],[-88.90284,14.20567],[-88.92393,14.20841],[-88.93018,14.20344],[-88.94086,14.20279],[-88.96255,14.21209],[-88.97261,14.21328],[-88.97496,14.21923],[-88.97011,14.22498],[-88.97952,14.23828],[-88.97795,14.24106],[-88.98736,14.24803],[-88.99001,14.25667],[-89.00899,14.26817],[-89.02618,14.27213],[-89.02604,14.2806],[-89.02153,14.28854],[-89.02535,14.29894],[-89.02203,14.3122],[-89.03608,14.32211],[-89.03374,14.32541],[-89.03584,14.33245],[-89.06317,14.33462],[-89.0828,14.34141],[-89.08143,14.34744],[-89.08533,14.35087],[-89.07992,14.35855],[-89.08211,14.37677],[-89.09398,14.39933],[-89.10186,14.40447],[-89.11339,14.40114],[-89.11655,14.39296],[-89.12139,14.39034],[-89.12567,14.38045],[-89.14808,14.35282],[-89.16852,14.36593],[-89.18988,14.36684],[-89.20309,14.37077],[-89.20979,14.37451],[-89.21182,14.38702],[-89.21588,14.38891],[-89.23085,14.38569],[-89.27798,14.40119],[-89.29931,14.41588],[-89.32137,14.41112],[-89.34292,14.4196],[-89.35599,14.42063],[-89.35034,14.42685],[-89.34932,14.43318],[-89.35405,14.46017],[-89.35227,14.46413],[-89.35632,14.46789],[-89.30388,14.49459],[-89.30582,14.50726],[-89.28845,14.51607],[-89.2838,14.53252],[-89.27716,14.5412],[-89.26369,14.54752],[-89.25617,14.56067],[-89.25089,14.56369],[-89.25412,14.56871],[-89.23849,14.58485],[-89.20631,14.5829],[-89.19327,14.57543],[-89.18863,14.57727],[-89.16649,14.57122],[-89.16178,14.57162],[-89.15815,14.5754],[-89.15908,14.57881],[-89.15112,14.58338],[-89.15379,14.58714],[-89.14669,14.6115],[-89.15163,14.61637],[-89.15112,14.62175],[-89.14706,14.62577],[-89.15664,14.67326],[-89.14841,14.67648],[-89.13106,14.7131],[-89.16538,14.73159],[-89.16887,14.77497],[-89.19429,14.79729],[-89.2238,14.83477],[-89.22806,14.88265],[-89.20308,14.9023],[-89.19264,14.90187],[-89.18385,14.90703],[-89.17977,14.92201],[-89.17194,14.93136],[-89.17522,14.94109],[-89.16693,14.944],[-89.1621,14.9672],[-89.16422,14.97001],[-89.15654,14.97989],[-89.17923,14.99401],[-89.18391,15.00438],[-89.1786,15.01807],[-89.16978,15.02961],[-89.17531,15.03243],[-89.17587,15.03664],[-89.16565,15.04067],[-89.15219,15.05966],[-89.15492,15.06891],[-88.97398,15.13654],[-88.84649,15.24269],[-88.67815,15.34248],[-88.60527,15.41325],[-88.59157,15.42144],[-88.58571,15.42242],[-88.58425,15.42009],[-88.57063,15.4263],[-88.56137,15.44362],[-88.55225,15.4466],[-88.34443,15.61887],[-88.323,15.65284],[-88.32207,15.6582],[-88.32603,15.66735],[-88.32372,15.6722],[-88.31689,15.66942],[-88.31303,15.68187],[-88.30439,15.67057],[-88.29938,15.67403],[-88.2805,15.67534],[-88.28042,15.68249],[-88.28679,15.68931],[-88.28514,15.69374],[-88.28193,15.69393],[-88.27503,15.68428],[-88.26763,15.6925],[-88.26532,15.68734],[-88.26777,15.68226],[-88.26419,15.68101],[-88.25807,15.68457],[-88.25657,15.69166],[-88.25493,15.68681],[-88.24769,15.68799],[-88.25094,15.69641],[-88.24321,15.69838],[-88.24489,15.70519],[-88.24208,15.71082],[-88.24715,15.7124],[-88.252,15.72308],[-88.229,15.72345],[-88.21514,15.71953],[-88.18496,15.69729],[-88.15749,15.68339],[-88.14552,15.68191],[-88.12188,15.68719],[-88.11406,15.69199],[-88.10959,15.70155],[-88.1027,15.70622],[-88.10235,15.71472],[-88.10818,15.71133],[-88.10835,15.71701],[-88.09713,15.73304],[-88.08702,15.7327],[-88.08145,15.73582],[-88.07633,15.7486],[-88.06849,15.75044],[-88.06586,15.75509],[-88.05815,15.7559],[-88.04715,15.76472],[-88.04764,15.78287],[-88.04364,15.77967],[-88.04047,15.78484],[-87.99473,15.7884],[-87.97774,15.79724],[-87.97484,15.80318],[-87.95702,15.80468],[-87.93884,15.81544],[-87.93265,15.82887],[-87.93563,15.84045],[-87.96333,15.84548],[-87.96309,15.85089],[-87.95357,15.86356],[-87.90487,15.8639],[-87.86825,15.89007],[-87.84881,15.88963],[-87.84004,15.89237],[-87.83447,15.89844],[-87.81372,15.90187],[-87.79401,15.89976],[-87.7908,15.8941],[-87.78815,15.89887],[-87.7663,15.89432],[-87.74927,15.89605],[-87.75005,15.89077],[-87.745,15.89104],[-87.73783,15.89764],[-87.74768,15.89709],[-87.74279,15.90741],[-87.73285,15.91929],[-87.727,15.92099],[-87.71927,15.91818],[-87.72485,15.91533],[-87.72466,15.89948],[-87.71745,15.89178],[-87.71822,15.88637],[-87.72473,15.88248],[-87.71766,15.87709],[-87.7199,15.87155],[-87.71493,15.87229],[-87.71486,15.87478],[-87.72287,15.88184],[-87.71729,15.8856],[-87.71611,15.89153],[-87.7244,15.90077],[-87.72405,15.91494],[-87.71501,15.91922],[-87.671,15.89476],[-87.65421,15.89069],[-87.64664,15.89355],[-87.65326,15.88322],[-87.64764,15.87525],[-87.64058,15.87373],[-87.63287,15.8771],[-87.63317,15.88715],[-87.62918,15.88793],[-87.61742,15.87237],[-87.62518,15.88575],[-87.62977,15.90725],[-87.63376,15.90415],[-87.64162,15.9067],[-87.63883,15.90942],[-87.6382,15.90629],[-87.63296,15.90531],[-87.62953,15.91395],[-87.62314,15.91371],[-87.62129,15.91913],[-87.60134,15.92563],[-87.62884,15.90545],[-87.61837,15.87869],[-87.59793,15.85388],[-87.60085,15.85143],[-87.59552,15.84616],[-87.59737,15.84242],[-87.61333,15.8398],[-87.61651,15.83077],[-87.62989,15.81476],[-87.62624,15.7957],[-87.63788,15.77454],[-87.63228,15.77018],[-87.62297,15.77137],[-87.61606,15.77808],[-87.60019,15.77627],[-87.59694,15.786],[-87.59082,15.78833],[-87.58734,15.78113],[-87.58362,15.7823],[-87.58119,15.77058],[-87.55885,15.76922],[-87.54049,15.77313],[-87.52638,15.76647],[-87.5144,15.76675],[-87.55062,15.77762],[-87.58504,15.81463],[-87.60093,15.82696],[-87.5984,15.83045],[-87.58748,15.83008],[-87.58746,15.82183],[-87.56254,15.80747],[-87.55775,15.80929],[-87.55804,15.81547],[-87.57152,15.82896],[-87.54484,15.80778],[-87.52299,15.79495],[-87.5235,15.78722],[-87.5203,15.78413],[-87.51791,15.78568],[-87.52083,15.78787],[-87.51952,15.79354],[-87.4905,15.78343],[-87.46016,15.78156],[-87.44581,15.78829],[-87.43174,15.80442],[-87.43122,15.81421],[-87.40515,15.81491],[-87.39398,15.81918],[-87.38535,15.83002],[-87.38229,15.82976],[-87.37565,15.8406],[-87.37566,15.84807],[-87.21991,15.80358],[-87.22123,15.79959],[-87.23747,15.80073],[-87.23746,15.79673],[-87.23241,15.79944],[-87.21857,15.79753],[-87.21804,15.8032],[-87.14458,15.78973],[-87.09323,15.78628],[-87.09269,15.78293],[-87.10077,15.78237],[-87.08631,15.77894],[-87.08365,15.77958],[-87.0919,15.78667],[-87.0533,15.7768]],[[-83.53778,15.11176],[-83.53248,15.10915],[-83.53572,15.10254],[-83.54952,15.10471],[-83.55321,15.10299],[-83.55968,15.08979],[-83.57113,15.09429],[-83.57571,15.07854],[-83.58316,15.08167],[-83.58763,15.0784],[-83.60009,15.07929],[-83.59896,15.07364],[-83.59663,15.07765],[-83.58736,15.07776],[-83.58342,15.08089],[-83.57543,15.07777],[-83.56981,15.09456],[-83.56232,15.08899],[-83.55862,15.0898],[-83.55215,15.10249],[-83.53676,15.10124],[-83.53216,15.104],[-83.53236,15.11018],[-83.53778,15.11176]],[[-84.48638,15.82246],[-84.47699,15.82032],[-84.47315,15.80818],[-84.46785,15.80696],[-84.46573,15.81736],[-84.46158,15.80882],[-84.45453,15.80951],[-84.45499,15.81466],[-84.45977,15.81549],[-84.46237,15.82015],[-84.44215,15.81773],[-84.4327,15.81118],[-84.42842,15.81345],[-84.44136,15.81886],[-84.48638,15.82246]]],[[[-83.2411,14.98373],[-83.24775,14.98708],[-83.24085,14.98553],[-83.2411,14.98373]]],[[[-83.28024,14.98979],[-83.28224,14.98721],[-83.27781,14.98093],[-83.27995,14.97814],[-83.2873,14.97857],[-83.29173,14.98792],[-83.28017,14.99289],[-83.28024,14.98979]]],[[[-83.38155,15.20348],[-83.38793,15.21654],[-83.3884,15.22272],[-83.38418,15.22482],[-83.38155,15.20348]]],[[[-83.39896,15.219],[-83.39985,15.22723],[-83.39839,15.22673],[-83.39896,15.219]]],[[[-83.56058,15.29599],[-83.57009,15.29279],[-83.57211,15.30603],[-83.58088,15.30773],[-83.58747,15.30482],[-83.59234,15.31236],[-83.55486,15.30533],[-83.5537,15.29736],[-83.56058,15.29599]]],[[[-83.63371,15.31149],[-83.64673,15.31314],[-83.63905,15.31452],[-83.63371,15.31149]]],[[[-83.66371,15.31358],[-83.66697,15.32011],[-83.66596,15.32385],[-83.66121,15.32545],[-83.65771,15.32189],[-83.66371,15.31358]]],[[[-83.9069,17.40718],[-83.91036,17.40903],[-83.89925,17.41619],[-83.89095,17.41555],[-83.88993,17.41244],[-83.89319,17.41005],[-83.9069,17.40718]]],[[[-83.90128,15.31401],[-83.90582,15.31241],[-83.90573,15.31731],[-83.90315,15.31867],[-83.90128,15.31401]]],[[[-83.9382,17.41088],[-83.93176,17.41129],[-83.92954,17.41576],[-83.92362,17.41721],[-83.91468,17.40704],[-83.94131,17.40102],[-83.94529,17.40352],[-83.94276,17.41069],[-83.9382,17.41088]]],[[[-83.97694,15.4916],[-83.97985,15.49241],[-83.97927,15.49601],[-83.97001,15.49395],[-83.97694,15.4916]]],[[[-84.08,15.48565],[-84.07295,15.47784],[-84.05865,15.47559],[-84.05485,15.47193],[-84.05259,15.45389],[-84.03782,15.41895],[-84.03762,15.41457],[-84.04958,15.4034],[-84.05394,15.40475],[-84.05163,15.41862],[-84.0607,15.43341],[-84.06152,15.45066],[-84.07415,15.46781],[-84.08415,15.47361],[-84.0848,15.48443],[-84.08,15.48565]]],[[[-84.10838,15.46852],[-84.09934,15.46918],[-84.10549,15.4663],[-84.10838,15.46852]]],[[[-85.90616,16.47987],[-85.89974,16.48164],[-85.88683,16.50114],[-85.87853,16.50368],[-85.86787,16.49847],[-85.86622,16.50722],[-85.85923,16.51555],[-85.84428,16.51444],[-85.84165,16.5081],[-85.84887,16.50545],[-85.83181,16.50226],[-85.82483,16.50815],[-85.823,16.50131],[-85.81661,16.49754],[-85.81933,16.49073],[-85.83271,16.48422],[-85.85193,16.48524],[-85.8483,16.46642],[-85.86094,16.45142],[-85.87346,16.45651],[-85.90052,16.44042],[-85.91594,16.4472],[-85.91225,16.44112],[-85.89785,16.43835],[-85.91848,16.4248],[-85.92064,16.42018],[-85.92678,16.41905],[-85.93337,16.40994],[-85.9517,16.40153],[-85.93821,16.42799],[-85.93843,16.43675],[-85.93114,16.4532],[-85.92339,16.45419],[-85.917,16.45043],[-85.9145,16.46754],[-85.90578,16.47626],[-85.90616,16.47987]]],[[[-85.88744,16.43855],[-85.88902,16.4423],[-85.88688,16.44241],[-85.88744,16.43855]]],[[[-86.16617,16.42709],[-86.16869,16.43032],[-86.16694,16.43392],[-86.15676,16.44199],[-86.1458,16.44633],[-86.1378,16.44372],[-86.12286,16.44482],[-86.12929,16.43635],[-86.13919,16.43033],[-86.14227,16.42918],[-86.14825,16.43449],[-86.15653,16.43337],[-86.16617,16.42709]]],[[[-86.18486,16.42612],[-86.19192,16.42732],[-86.18802,16.43452],[-86.18389,16.434],[-86.18486,16.42612]]],[[[-86.22737,16.40762],[-86.22063,16.42524],[-86.20113,16.42852],[-86.193,16.42604],[-86.19114,16.42217],[-86.20543,16.42222],[-86.21828,16.41093],[-86.22737,16.40762]]],[[[-86.20574,16.41063],[-86.20705,16.41566],[-86.20385,16.41552],[-86.20186,16.4119],[-86.20574,16.41063]]],[[[-86.43698,16.38168],[-86.43163,16.38302],[-86.42734,16.38945],[-86.41961,16.38917],[-86.41852,16.39279],[-86.40757,16.39455],[-86.40542,16.39995],[-86.39287,16.40121],[-86.3918,16.40481],[-86.37015,16.41389],[-86.35318,16.41938],[-86.34718,16.41627],[-86.34236,16.42063],[-86.3365,16.41933],[-86.31646,16.42493],[-86.31551,16.4275],[-86.27026,16.42967],[-86.26202,16.42088],[-86.27137,16.41653],[-86.27514,16.40933],[-86.29754,16.41379],[-86.29905,16.40684],[-86.3184,16.40252],[-86.31896,16.39583],[-86.32271,16.39236],[-86.33419,16.39161],[-86.33869,16.4013],[-86.33721,16.40645],[-86.34081,16.40607],[-86.34353,16.39178],[-86.35101,16.38884],[-86.35459,16.39491],[-86.35609,16.3868],[-86.36143,16.38604],[-86.36474,16.39365],[-86.36703,16.38722],[-86.37344,16.38208],[-86.3745,16.3875],[-86.37704,16.3857],[-86.37504,16.38132],[-86.38267,16.37799],[-86.38599,16.38379],[-86.38826,16.3829],[-86.38628,16.37439],[-86.39031,16.36744],[-86.39458,16.36553],[-86.40364,16.36968],[-86.40393,16.3653],[-86.40846,16.36479],[-86.41032,16.36931],[-86.41462,16.3594],[-86.41862,16.35993],[-86.41701,16.36392],[-86.41992,16.36921],[-86.42049,16.3589],[-86.4325,16.35765],[-86.43382,16.36216],[-86.44051,16.35612],[-86.45252,16.35396],[-86.45254,16.34971],[-86.46028,16.3469],[-86.46134,16.35012],[-86.47792,16.33638],[-86.48566,16.33537],[-86.48701,16.33138],[-86.48421,16.32931],[-86.48783,16.32224],[-86.49677,16.32058],[-86.49929,16.3287],[-86.50718,16.32009],[-86.51238,16.32088],[-86.53161,16.31152],[-86.54094,16.31489],[-86.55175,16.3122],[-86.57114,16.29035],[-86.60253,16.26645],[-86.59555,16.28988],[-86.59538,16.30714],[-86.58843,16.31357],[-86.5823,16.31304],[-86.58041,16.32077],[-86.56224,16.33541],[-86.54274,16.34606],[-86.53687,16.34463],[-86.53606,16.34824],[-86.52832,16.35067],[-86.51337,16.3518],[-86.49707,16.35949],[-86.49065,16.36617],[-86.48612,16.36384],[-86.4634,16.37731],[-86.45087,16.37418],[-86.43698,16.38168]]],[[[-86.43785,16.35496],[-86.4373,16.35895],[-86.43571,16.3565],[-86.43785,16.35496]]],[[[-86.47379,15.98019],[-86.46861,15.97528],[-86.4757,15.96383],[-86.47969,15.96731],[-86.47994,15.97402],[-86.48579,15.97583],[-86.47379,15.98019]]],[[[-86.49939,15.96505],[-86.49689,15.95551],[-86.4981,15.9519],[-86.5021,15.95191],[-86.50768,15.95527],[-86.50661,15.95823],[-86.50261,15.95758],[-86.49939,15.96505]]],[[[-86.88842,16.12328],[-86.87429,16.11915],[-86.87256,16.11219],[-86.88296,16.1006],[-86.8827,16.09133],[-86.88897,16.08631],[-86.89323,16.08683],[-86.89176,16.09108],[-86.89536,16.09623],[-86.90429,16.0952],[-86.90861,16.10523],[-86.90081,16.11401],[-86.89801,16.12264],[-86.88842,16.12328]]],[[[-86.91614,16.10938],[-86.91575,16.09341],[-86.92534,16.08826],[-86.92521,16.08233],[-86.91802,16.08349],[-86.93614,16.07628],[-86.94227,16.07628],[-86.95586,16.06881],[-86.96306,16.06894],[-86.96719,16.07023],[-86.97078,16.07667],[-86.96838,16.0844],[-86.97211,16.08363],[-86.97132,16.07603],[-86.99024,16.08106],[-86.98957,16.09188],[-86.98091,16.09999],[-86.97131,16.09986],[-86.95719,16.10875],[-86.95639,16.10591],[-86.94892,16.10462],[-86.94253,16.10784],[-86.94279,16.11647],[-86.93799,16.11995],[-86.92626,16.12072],[-86.92413,16.1175],[-86.92653,16.11145],[-86.92387,16.11351],[-86.91614,16.10938]]],[[[-87.1599,13.02848],[-87.16227,13.03131],[-87.15912,13.0326],[-87.1599,13.02848]]],[[[-87.17594,13.03697],[-87.17805,13.04238],[-87.17279,13.04509],[-87.16675,13.04342],[-87.16569,13.0393],[-87.17594,13.03697]]],[[[-87.18388,13.10088],[-87.18677,13.10706],[-87.19335,13.11041],[-87.19348,13.11453],[-87.176,13.11725],[-87.17047,13.10372],[-87.17178,13.10127],[-87.18388,13.10088]]],[[[-87.18686,13.12203],[-87.18845,13.11702],[-87.19493,13.11775],[-87.19966,13.11401],[-87.20597,13.11581],[-87.20282,13.118],[-87.20045,13.11517],[-87.18686,13.12203]]],[[[-87.20623,13.11297],[-87.21228,13.11439],[-87.21176,13.11787],[-87.20808,13.11813],[-87.20623,13.11297]]],[[[-87.21384,13.09544],[-87.21727,13.10214],[-87.21306,13.10021],[-87.21384,13.09544]]],[[[-87.35487,13.0739],[-87.35028,13.08202],[-87.32663,13.09004],[-87.31163,13.08246],[-87.30954,13.08942],[-87.31005,13.07808],[-87.2969,13.07732],[-87.2885,13.08339],[-87.29192,13.08686],[-87.28299,13.09332],[-87.27352,13.08701],[-87.27246,13.08263],[-87.26733,13.08251],[-87.26971,13.09024],[-87.27602,13.09461],[-87.28141,13.09422],[-87.27644,13.11214],[-87.2742,13.11085],[-87.27538,13.10466],[-87.25092,13.09824],[-87.24802,13.0882],[-87.25169,13.08162],[-87.24381,13.08665],[-87.24434,13.08923],[-87.23251,13.0895],[-87.22068,13.09776],[-87.21291,13.0805],[-87.2204,13.07998],[-87.22303,13.07559],[-87.23617,13.07068],[-87.23721,13.06501],[-87.24089,13.06398],[-87.23642,13.0578],[-87.24193,13.0529],[-87.23772,13.04852],[-87.24588,13.05315],[-87.25823,13.05146],[-87.27954,13.06665],[-87.28742,13.06097],[-87.30083,13.06198],[-87.32264,13.05706],[-87.33789,13.06013],[-87.35487,13.0739]]],[[[-87.26763,12.992],[-87.28445,12.99139],[-87.28932,12.99563],[-87.29037,13.00182],[-87.28106,13.01407],[-87.27738,13.01369],[-87.27607,13.0191],[-87.27147,13.01679],[-87.27658,13.00776],[-87.25975,12.99914],[-87.2474,12.9998],[-87.24925,13.0065],[-87.25871,13.00907],[-87.2574,13.01422],[-87.25372,13.01371],[-87.25136,13.01719],[-87.23664,13.01373],[-87.23953,13.00367],[-87.24517,13.00187],[-87.23926,13.00123],[-87.24056,12.99311],[-87.24359,12.99362],[-87.24359,12.99852],[-87.24858,12.99825],[-87.24858,12.99258],[-87.26763,12.992]]],[[[-87.32734,13.12736],[-87.32195,13.13257],[-87.31516,13.12827],[-87.3151,13.12085],[-87.33611,13.10459],[-87.34742,13.10677],[-87.349,13.10895],[-87.33902,13.11361],[-87.33836,13.1167],[-87.34375,13.11424],[-87.34495,13.12571],[-87.34009,13.13049],[-87.33903,13.12701],[-87.33562,13.12663],[-87.33378,13.13036],[-87.33128,13.12934],[-87.33404,13.12598],[-87.32734,13.12736]]],[[[-87.37269,13.12773],[-87.37981,13.13726],[-87.38665,13.1406],[-87.37166,13.14423],[-87.37114,13.14165],[-87.37573,13.13933],[-87.37269,13.12773]]],[[[-87.37767,13.1169],[-87.38136,13.11948],[-87.38058,13.12437],[-87.37689,13.12464],[-87.37478,13.11794],[-87.37767,13.1169]]],[[[-87.42602,13.40056],[-87.42699,13.40477],[-87.42497,13.40417],[-87.42602,13.40056]]],[[[-87.42645,13.34825],[-87.42909,13.35069],[-87.42699,13.35198],[-87.42645,13.34825]]],[[[-87.43756,13.37993],[-87.44178,13.38108],[-87.44231,13.38456],[-87.43756,13.37993]]],[[[-87.43768,13.29617],[-87.44067,13.29935],[-87.43847,13.30081],[-87.43768,13.29617]]],[[[-87.44861,13.3763],[-87.45599,13.37938],[-87.45693,13.38943],[-87.44599,13.38352],[-87.44559,13.37811],[-87.44861,13.3763]]],[[[-87.46291,13.28376],[-87.47454,13.31105],[-87.464,13.30347],[-87.45875,13.30799],[-87.46718,13.31416],[-87.46165,13.31417],[-87.45719,13.31933],[-87.46615,13.3255],[-87.46536,13.32795],[-87.45695,13.32977],[-87.46062,13.32216],[-87.44799,13.3254],[-87.44666,13.31613],[-87.44903,13.31496],[-87.45325,13.3205],[-87.45916,13.3152],[-87.45731,13.31031],[-87.45152,13.30981],[-87.45453,13.30529],[-87.4636,13.3018],[-87.46291,13.28376]]],[[[-87.44961,13.34937],[-87.45383,13.35258],[-87.44962,13.35388],[-87.44961,13.34937]]],[[[-87.47937,13.35782],[-87.48227,13.36103],[-87.48648,13.35974],[-87.48426,13.36721],[-87.47859,13.36413],[-87.47937,13.35782]]],[[[-87.48341,13.40252],[-87.48631,13.40638],[-87.48368,13.40806],[-87.48341,13.40252]]],[[[-87.48971,13.26515],[-87.50103,13.26938],[-87.49999,13.27145],[-87.48971,13.26515]]],[[[-87.51517,13.35903],[-87.51742,13.36406],[-87.52334,13.3634],[-87.52151,13.37229],[-87.51585,13.36947],[-87.52176,13.36637],[-87.5144,13.36728],[-87.50386,13.36318],[-87.51202,13.36239],[-87.51517,13.35903]]],[[[-87.53435,13.34495],[-87.52909,13.34908],[-87.52225,13.34768],[-87.53435,13.34495]]],[[[-87.54621,13.35356],[-87.54925,13.35677],[-87.54781,13.36399],[-87.53071,13.36557],[-87.5307,13.36274],[-87.54661,13.35652],[-87.54621,13.35356]]],[[[-87.57064,13.33534],[-87.57407,13.33649],[-87.57474,13.34177],[-87.56882,13.345],[-87.56223,13.33986],[-87.55093,13.34492],[-87.55644,13.33756],[-87.57064,13.33534]]],[[[-87.65462,13.3475],[-87.652,13.34983],[-87.65624,13.36193],[-87.65283,13.36348],[-87.64413,13.35887],[-87.64285,13.37305],[-87.63284,13.36972],[-87.63361,13.36225],[-87.62939,13.36071],[-87.61651,13.36461],[-87.5994,13.36375],[-87.5933,13.34675],[-87.58489,13.34909],[-87.57751,13.34666],[-87.58067,13.34433],[-87.58251,13.34678],[-87.58461,13.34432],[-87.58066,13.34021],[-87.58709,13.33607],[-87.58432,13.33144],[-87.58275,13.33531],[-87.57775,13.33609],[-87.57896,13.32974],[-87.57563,13.32914],[-87.57627,13.32321],[-87.58153,13.32037],[-87.58176,13.30825],[-87.58847,13.30656],[-87.59058,13.30952],[-87.58611,13.3094],[-87.58994,13.31519],[-87.60032,13.31027],[-87.60849,13.31399],[-87.61636,13.30791],[-87.64481,13.31905],[-87.64799,13.32639],[-87.65867,13.33461],[-87.65949,13.34569],[-87.65462,13.3475]]],[[[-87.60292,15.83055],[-87.60718,15.83518],[-87.60561,15.83776],[-87.59841,15.83494],[-87.59949,15.83829],[-87.59497,15.84011],[-87.59389,15.83702],[-87.60292,15.83055]]],[[[-87.59873,13.41207],[-87.5977,13.42238],[-87.59663,13.41619],[-87.59873,13.41207]]],[[[-87.64621,13.24921],[-87.66029,13.2524],[-87.66241,13.25729],[-87.66073,13.26992],[-87.66338,13.27687],[-87.65879,13.28075],[-87.65737,13.29364],[-87.64633,13.2947],[-87.64186,13.29896],[-87.63659,13.29421],[-87.62896,13.29345],[-87.625,13.28805],[-87.61685,13.29013],[-87.61446,13.28344],[-87.61669,13.28008],[-87.6126,13.27571],[-87.61519,13.25792],[-87.63069,13.25002],[-87.64621,13.24921]]],[[[-87.66386,13.45378],[-87.67838,13.46624],[-87.66732,13.46652],[-87.66587,13.46395],[-87.66915,13.46162],[-87.66386,13.45378]]],[[[-87.67819,13.30453],[-87.68493,13.31341],[-87.67458,13.33044],[-87.66757,13.31758],[-87.67716,13.31317],[-87.67557,13.30776],[-87.67819,13.30453]]],[[[-87.70531,13.31232],[-87.70559,13.31593],[-87.70322,13.31645],[-87.70531,13.31232]]],[[[-87.71589,13.32827],[-87.71985,13.33496],[-87.71038,13.33563],[-87.708,13.3319],[-87.71589,13.32827]]]]}},{"type":"Feature","properties":{"ISO_A3":"SLV","WB_A3":"SLV","WB_NAME":"El Salvador","WB_REGION":"LCN"},"geometry":{"type":"MultiPolygon","coordinates":[[[[-87.68412,13.16665],[-87.68769,13.17373],[-87.68453,13.17296],[-87.68412,13.16665]]],[[[-87.70751,13.16208],[-87.70608,13.16749],[-87.70859,13.17032],[-87.7233,13.16654],[-87.72255,13.17904],[-87.72782,13.18264],[-87.72686,13.21253],[-87.71925,13.21848],[-87.70424,13.21414],[-87.69577,13.19432],[-87.69731,13.18118],[-87.69415,13.17912],[-87.6944,13.17423],[-87.69098,13.1732],[-87.69228,13.16843],[-87.69727,13.16584],[-87.70174,13.16738],[-87.70751,13.16208]]],[[[-88.50197,13.89917],[-88.49143,13.87743],[-88.49636,13.86786],[-88.49266,13.85977],[-88.48483,13.86025],[-88.47152,13.85405],[-88.46758,13.8487],[-88.46499,13.86286],[-88.45207,13.85902],[-88.45035,13.86431],[-88.44444,13.8637],[-88.43997,13.85968],[-88.43116,13.87921],[-88.42326,13.87971],[-88.4172,13.88488],[-88.41378,13.87895],[-88.40228,13.883],[-88.39382,13.88121],[-88.3853,13.88516],[-88.37601,13.88497],[-88.37076,13.8754],[-88.36176,13.86938],[-88.3562,13.87032],[-88.3507,13.87674],[-88.34991,13.89048],[-88.34552,13.8963],[-88.31736,13.88996],[-88.31723,13.89785],[-88.31353,13.90211],[-88.30713,13.90237],[-88.29677,13.91089],[-88.28818,13.91445],[-88.28134,13.90927],[-88.26553,13.9152],[-88.26276,13.91989],[-88.26656,13.92411],[-88.2653,13.9369],[-88.23686,13.93996],[-88.2275,13.93823],[-88.22007,13.95497],[-88.23175,13.96358],[-88.23582,13.97035],[-88.23438,13.98792],[-88.23828,13.99484],[-88.23007,13.99985],[-88.21841,13.99307],[-88.19749,13.99655],[-88.18716,13.98972],[-88.1774,13.99026],[-88.17321,13.98484],[-88.16455,13.98606],[-88.15997,13.98352],[-88.14903,13.99116],[-88.13264,13.99069],[-88.10808,14.00102],[-88.07264,13.99212],[-88.07312,13.97584],[-88.06482,13.96067],[-88.06532,13.94933],[-88.06204,13.94289],[-88.05688,13.9424],[-88.04552,13.93136],[-88.0437,13.92236],[-88.02863,13.90207],[-88.01726,13.89313],[-88.01285,13.87168],[-88.00731,13.87074],[-88.00518,13.87534],[-87.99611,13.87827],[-87.98594,13.88762],[-87.97844,13.88727],[-87.96866,13.8946],[-87.96373,13.8928],[-87.96018,13.90194],[-87.95137,13.89135],[-87.94429,13.89587],[-87.934,13.89344],[-87.92429,13.88501],[-87.9204,13.88671],[-87.92154,13.89381],[-87.91786,13.89589],[-87.9166,13.89253],[-87.91196,13.89344],[-87.9141,13.89668],[-87.91186,13.89955],[-87.90937,13.89805],[-87.90678,13.90165],[-87.90442,13.89958],[-87.89884,13.90345],[-87.88942,13.89841],[-87.88227,13.90269],[-87.87353,13.89627],[-87.85145,13.89536],[-87.84435,13.89806],[-87.84249,13.90626],[-87.8304,13.9184],[-87.80571,13.9221],[-87.80003,13.92068],[-87.7964,13.91326],[-87.79413,13.90479],[-87.79971,13.89413],[-87.79605,13.88923],[-87.78865,13.88534],[-87.7804,13.87521],[-87.77173,13.87556],[-87.74981,13.85903],[-87.7464,13.85425],[-87.74614,13.83466],[-87.74243,13.83049],[-87.73318,13.82895],[-87.72793,13.82099],[-87.71644,13.82002],[-87.70854,13.80432],[-87.70898,13.79027],[-87.71963,13.76592],[-87.72635,13.76323],[-87.73153,13.75047],[-87.7369,13.74819],[-87.73457,13.74055],[-87.72642,13.73409],[-87.73412,13.71973],[-87.73229,13.71565],[-87.75534,13.68889],[-87.75354,13.67835],[-87.75621,13.67249],[-87.75288,13.66755],[-87.75689,13.65985],[-87.75249,13.65685],[-87.75162,13.64582],[-87.75551,13.63596],[-87.75396,13.60367],[-87.76859,13.59545],[-87.77029,13.58518],[-87.77443,13.58338],[-87.77354,13.57364],[-87.78359,13.56928],[-87.77861,13.56689],[-87.78515,13.55657],[-87.78697,13.54294],[-87.78052,13.53604],[-87.78401,13.52972],[-87.79408,13.52444],[-87.77814,13.52065],[-87.78229,13.5139],[-87.77998,13.51025],[-87.76207,13.50825],[-87.75598,13.51879],[-87.7501,13.51803],[-87.74602,13.50585],[-87.73432,13.51167],[-87.71993,13.50504],[-87.72391,13.49439],[-87.72172,13.47619],[-87.71621,13.46609],[-87.72207,13.45944],[-87.72102,13.44777],[-87.72255,13.44339],[-87.7264,13.44265],[-87.73363,13.44716],[-87.74873,13.43667],[-87.75803,13.44115],[-87.77337,13.43034],[-87.77722,13.42417],[-87.78341,13.42951],[-87.79175,13.41347],[-87.79279,13.42905],[-87.79701,13.43162],[-87.79361,13.43859],[-87.78229,13.43733],[-87.77613,13.44689],[-87.77852,13.45177],[-87.76891,13.45374],[-87.7734,13.45566],[-87.77315,13.46261],[-87.77921,13.46131],[-87.77972,13.45847],[-87.78552,13.46077],[-87.78159,13.46491],[-87.78397,13.4698],[-87.78659,13.46515],[-87.79106,13.46462],[-87.79026,13.45921],[-87.79475,13.46435],[-87.80555,13.46638],[-87.80157,13.46796],[-87.80232,13.47246],[-87.80161,13.46819],[-87.80662,13.46998],[-87.80475,13.46251],[-87.82,13.45718],[-87.82133,13.45963],[-87.83028,13.45934],[-87.83065,13.45418],[-87.83553,13.45687],[-87.83935,13.45544],[-87.83893,13.45068],[-87.85524,13.44508],[-87.85494,13.434],[-87.85758,13.43786],[-87.8681,13.43538],[-87.86625,13.43165],[-87.87281,13.42621],[-87.87345,13.42106],[-87.87882,13.41563],[-87.88409,13.41561],[-87.88301,13.40711],[-87.89011,13.40708],[-87.89404,13.40217],[-87.89245,13.39831],[-87.89718,13.39727],[-87.89821,13.39108],[-87.89321,13.38929],[-87.89846,13.38799],[-87.90026,13.37535],[-87.88258,13.36214],[-87.86941,13.35923],[-87.86861,13.35549],[-87.85359,13.3495],[-87.84698,13.34204],[-87.81351,13.32888],[-87.81219,13.3254],[-87.81547,13.3241],[-87.81242,13.31677],[-87.80162,13.31332],[-87.79502,13.30639],[-87.78963,13.3064],[-87.77985,13.29329],[-87.78682,13.29327],[-87.78759,13.28554],[-87.79375,13.27985],[-87.79401,13.27495],[-87.81013,13.2615],[-87.8151,13.25195],[-87.82482,13.24805],[-87.8374,13.23487],[-87.85896,13.23184],[-87.86367,13.22396],[-87.87417,13.22006],[-87.88073,13.21334],[-87.88626,13.21551],[-87.89597,13.21174],[-87.90383,13.20295],[-87.91331,13.20652],[-87.91645,13.20033],[-87.92277,13.20211],[-87.9364,13.19124],[-87.95034,13.1917],[-87.95242,13.18564],[-87.95585,13.18794],[-87.95415,13.18018],[-87.94476,13.17678],[-87.9458,13.17265],[-87.93868,13.16933],[-87.93593,13.17037],[-87.93582,13.17604],[-87.93279,13.17579],[-87.93225,13.17296],[-87.92317,13.17054],[-87.92189,13.17789],[-87.91808,13.17893],[-87.9197,13.18949],[-87.91251,13.20163],[-87.91027,13.20009],[-87.91586,13.18751],[-87.91465,13.1756],[-87.89858,13.16767],[-87.89592,13.15994],[-87.89998,13.15594],[-87.91971,13.15896],[-87.92549,13.15713],[-87.94391,13.1617],[-87.94995,13.15962],[-87.96074,13.16203],[-87.9702,13.15851],[-87.97415,13.16095],[-87.97102,13.16779],[-87.97471,13.16919],[-87.9764,13.17477],[-87.98325,13.17551],[-87.98244,13.17768],[-87.98973,13.17738],[-87.99904,13.17193],[-87.99785,13.16859],[-87.98864,13.16759],[-87.9781,13.16158],[-88.06175,13.16923],[-88.06491,13.17064],[-88.06203,13.17374],[-88.01546,13.16865],[-88.01337,13.17059],[-88.01601,13.17277],[-88.04128,13.17846],[-88.05257,13.17481],[-88.06389,13.1776],[-88.06806,13.17011],[-88.11173,13.17327],[-88.12773,13.16534],[-88.15904,13.16971],[-88.16665,13.1671],[-88.18638,13.16894],[-88.19189,13.16518],[-88.20083,13.16669],[-88.20843,13.1615],[-88.24631,13.16505],[-88.24633,13.16905],[-88.2566,13.17041],[-88.27717,13.18229],[-88.28346,13.17853],[-88.28995,13.18008],[-88.29291,13.17629],[-88.29053,13.17398],[-88.26159,13.17],[-88.26,13.16705],[-88.3497,13.17522],[-88.35313,13.17727],[-88.35131,13.1805],[-88.34276,13.1799],[-88.34042,13.18506],[-88.32687,13.18423],[-88.32447,13.17793],[-88.32114,13.17726],[-88.29013,13.18025],[-88.29439,13.18298],[-88.29375,13.18659],[-88.30677,13.18704],[-88.30435,13.20174],[-88.3104,13.20184],[-88.31279,13.20504],[-88.31748,13.19845],[-88.30853,13.19656],[-88.32194,13.19675],[-88.3188,13.22279],[-88.32209,13.22458],[-88.3195,13.23155],[-88.32506,13.23886],[-88.32715,13.23589],[-88.34003,13.23453],[-88.33034,13.24128],[-88.33272,13.24333],[-88.33875,13.24124],[-88.34379,13.24868],[-88.34798,13.24505],[-88.35064,13.25058],[-88.35827,13.2508],[-88.35821,13.24049],[-88.38451,13.24022],[-88.38843,13.23582],[-88.38747,13.2281],[-88.39418,13.22935],[-88.39568,13.2381],[-88.39948,13.23602],[-88.41093,13.23853],[-88.41256,13.22409],[-88.41837,13.22844],[-88.41831,13.24132],[-88.42474,13.23768],[-88.42608,13.24205],[-88.44344,13.24299],[-88.4432,13.24659],[-88.46087,13.25474],[-88.46062,13.25809],[-88.44903,13.2539],[-88.44167,13.25562],[-88.44222,13.25871],[-88.44747,13.25791],[-88.43787,13.26525],[-88.45846,13.27019],[-88.46339,13.28075],[-88.46814,13.28304],[-88.46784,13.27737],[-88.47704,13.27693],[-88.47596,13.27114],[-88.4904,13.26681],[-88.49063,13.26204],[-88.4969,13.25556],[-88.51402,13.25945],[-88.52143,13.26559],[-88.53433,13.26873],[-88.53801,13.26794],[-88.54191,13.26122],[-88.54591,13.26944],[-88.55276,13.27171],[-88.5545,13.27608],[-88.56648,13.27833],[-88.5667,13.28462],[-88.58202,13.28197],[-88.58999,13.29338],[-88.6033,13.29716],[-88.6032,13.30206],[-88.61162,13.30213],[-88.62877,13.31117],[-88.63032,13.30627],[-88.63374,13.30676],[-88.63379,13.31423],[-88.64355,13.31803],[-88.64133,13.30053],[-88.64476,13.30257],[-88.64987,13.31825],[-88.65036,13.31361],[-88.65457,13.3141],[-88.65006,13.30794],[-88.65426,13.30714],[-88.65078,13.29802],[-88.63643,13.29515],[-88.64575,13.29303],[-88.63937,13.2838],[-88.64319,13.28326],[-88.64996,13.293],[-88.65415,13.29117],[-88.65176,13.28758],[-88.65412,13.28679],[-88.65678,13.2909],[-88.67828,13.299],[-88.67977,13.30569],[-88.68132,13.30233],[-88.67917,13.2959],[-88.66676,13.2889],[-88.6662,13.28298],[-88.66307,13.28776],[-88.64563,13.275],[-88.64348,13.26857],[-88.64689,13.267],[-88.65166,13.27315],[-88.66246,13.27476],[-88.66571,13.26971],[-88.66979,13.26917],[-88.6701,13.27664],[-88.67815,13.27469],[-88.68301,13.28042],[-88.6876,13.27833],[-88.69199,13.28603],[-88.69726,13.28754],[-88.70225,13.28647],[-88.69724,13.2838],[-88.70432,13.28053],[-88.71037,13.28152],[-88.71277,13.28615],[-88.71388,13.27558],[-88.72111,13.27424],[-88.72326,13.28118],[-88.72825,13.28076],[-88.73565,13.28599],[-88.74195,13.28337],[-88.74035,13.28029],[-88.73313,13.28214],[-88.73178,13.27752],[-88.7265,13.27446],[-88.74713,13.27239],[-88.74131,13.26792],[-88.7238,13.26443],[-88.7079,13.24702],[-88.70146,13.24745],[-88.69912,13.2521],[-88.69015,13.2483],[-88.68701,13.25012],[-88.65299,13.23605],[-88.58132,13.21409],[-88.54894,13.20836],[-88.53502,13.20999],[-88.51863,13.19618],[-88.50653,13.19625],[-88.50046,13.19268],[-88.50098,13.19023],[-88.49215,13.18809],[-88.48617,13.17704],[-88.47959,13.17567],[-88.4791,13.18224],[-88.46966,13.1859],[-88.4667,13.17471],[-88.46355,13.17563],[-88.46386,13.18361],[-88.46108,13.18028],[-88.46274,13.17254],[-88.4801,13.17257],[-88.51251,13.18423],[-88.62363,13.21009],[-88.75658,13.23342],[-88.76983,13.24763],[-88.74114,13.24448],[-88.74224,13.25027],[-88.74646,13.25269],[-88.74617,13.26686],[-88.75004,13.27456],[-88.75444,13.26564],[-88.75207,13.26424],[-88.75626,13.26163],[-88.75576,13.26627],[-88.7637,13.27318],[-88.7607,13.27603],[-88.76771,13.28139],[-88.77394,13.27091],[-88.78317,13.27407],[-88.78696,13.27069],[-88.78637,13.26194],[-88.79004,13.26088],[-88.79655,13.26921],[-88.80101,13.26802],[-88.79469,13.26703],[-88.79255,13.26138],[-88.79931,13.26581],[-88.79756,13.26354],[-88.80018,13.26313],[-88.80445,13.27109],[-88.78537,13.28642],[-88.77066,13.28948],[-88.75685,13.30826],[-88.74352,13.31891],[-88.74134,13.32691],[-88.72233,13.33567],[-88.71658,13.34176],[-88.71664,13.35026],[-88.71993,13.34947],[-88.71982,13.35243],[-88.72403,13.35356],[-88.72743,13.36874],[-88.71508,13.40746],[-88.70765,13.41743],[-88.69508,13.42666],[-88.68974,13.43468],[-88.68723,13.45247],[-88.67584,13.46105],[-88.67018,13.51648],[-88.66434,13.52939],[-88.6681,13.54045],[-88.66382,13.54885],[-88.6591,13.5512],[-88.64934,13.54894],[-88.64554,13.55142],[-88.64177,13.56732],[-88.635,13.57081],[-88.63202,13.57727],[-88.6324,13.58675],[-88.62801,13.58824],[-88.60846,13.58381],[-88.60563,13.58826],[-88.59826,13.58865],[-88.60563,13.58916],[-88.61009,13.58552],[-88.63013,13.589],[-88.63432,13.58601],[-88.63378,13.57449],[-88.64184,13.56922],[-88.64857,13.55217],[-88.66043,13.55402],[-88.66933,13.54585],[-88.66619,13.5299],[-88.67215,13.51646],[-88.67697,13.49067],[-88.67823,13.46284],[-88.68949,13.45504],[-88.69799,13.42947],[-88.71161,13.41934],[-88.71982,13.40846],[-88.7231,13.38835],[-88.73054,13.38057],[-88.73141,13.35467],[-88.72653,13.35303],[-88.722,13.3443],[-88.72367,13.33888],[-88.73601,13.33661],[-88.74334,13.33128],[-88.74982,13.31809],[-88.77543,13.29512],[-88.79559,13.28223],[-88.80951,13.27955],[-88.81205,13.28546],[-88.80754,13.29721],[-88.81045,13.30041],[-88.80812,13.30545],[-88.79683,13.30772],[-88.81026,13.30968],[-88.81075,13.3053],[-88.81443,13.30502],[-88.81198,13.31148],[-88.80621,13.31385],[-88.8098,13.31819],[-88.8187,13.31323],[-88.82635,13.31575],[-88.81983,13.32301],[-88.82984,13.32487],[-88.83324,13.32188],[-88.8448,13.33777],[-88.85046,13.33799],[-88.85055,13.35009],[-88.8585,13.35802],[-88.87263,13.34761],[-88.851,13.3336],[-88.86595,13.33491],[-88.8834,13.34663],[-88.92504,13.35546],[-88.93117,13.36649],[-88.93338,13.36364],[-88.93044,13.35645],[-88.93605,13.35126],[-88.95265,13.35474],[-88.94942,13.34575],[-88.96892,13.34894],[-88.97283,13.34544],[-88.98764,13.35562],[-88.9892,13.35342],[-88.99711,13.35465],[-88.99608,13.35736],[-89.00538,13.36397],[-89.00897,13.35805],[-89.01787,13.35294],[-89.00941,13.34747],[-88.99939,13.34497],[-88.9973,13.34718],[-88.99095,13.34157],[-88.94426,13.32466],[-88.94252,13.32133],[-88.94057,13.32405],[-88.92923,13.32027],[-88.91679,13.31007],[-88.8875,13.2983],[-88.88508,13.29162],[-88.88955,13.29095],[-88.97007,13.32963],[-89.0606,13.36624],[-89.08705,13.38264],[-89.0933,13.3907],[-89.09296,13.39688],[-89.09531,13.39455],[-89.10348,13.39654],[-89.10297,13.39938],[-89.11006,13.39764],[-89.12933,13.40456],[-89.16594,13.42357],[-89.16876,13.43088],[-89.18027,13.43709],[-89.18434,13.43642],[-89.17479,13.42863],[-89.24668,13.46355],[-89.24948,13.46765],[-89.30743,13.48721],[-89.32321,13.48655],[-89.32868,13.48083],[-89.34135,13.48509],[-89.35662,13.48521],[-89.36615,13.4913],[-89.39803,13.49473],[-89.43301,13.49375],[-89.47176,13.50045],[-89.48409,13.49711],[-89.48569,13.49941],[-89.50253,13.49886],[-89.52775,13.49487],[-89.5444,13.50191],[-89.55122,13.50055],[-89.5742,13.50856],[-89.60925,13.51334],[-89.65205,13.52924],[-89.68973,13.5336],[-89.68394,13.53405],[-89.68044,13.53808],[-89.69043,13.54943],[-89.69436,13.54823],[-89.69062,13.55419],[-89.69587,13.56469],[-89.69884,13.56002],[-89.69614,13.55362],[-89.69853,13.54458],[-89.70452,13.53846],[-89.70495,13.53035],[-89.73361,13.52837],[-89.76706,13.5316],[-89.80618,13.52409],[-89.82319,13.5396],[-89.83466,13.57448],[-89.83582,13.59429],[-89.84622,13.60627],[-89.88399,13.62771],[-89.88058,13.62865],[-89.86918,13.62196],[-89.87029,13.62658],[-89.8846,13.63466],[-89.89012,13.63408],[-89.88962,13.63666],[-89.90466,13.63957],[-89.93566,13.65645],[-89.93545,13.66057],[-89.91478,13.64988],[-89.91935,13.65716],[-89.9302,13.66192],[-89.93698,13.67076],[-89.94949,13.66788],[-89.95011,13.66453],[-89.94361,13.66035],[-89.95632,13.66637],[-89.95481,13.67214],[-89.95883,13.67754],[-89.96273,13.67427],[-89.95628,13.66857],[-89.96135,13.66901],[-90.03367,13.70306],[-90.00431,13.69318],[-89.99896,13.68761],[-89.98551,13.68507],[-89.97487,13.67631],[-89.96727,13.67885],[-89.9659,13.6844],[-89.9674,13.68953],[-89.98776,13.69675],[-89.99183,13.69567],[-89.99435,13.6977],[-89.99367,13.70569],[-90.00455,13.71571],[-90.01217,13.71708],[-90.01914,13.72798],[-90.01543,13.72974],[-90.01672,13.73258],[-90.02423,13.73115],[-90.024,13.75069],[-90.03381,13.75467],[-90.0362,13.7529],[-90.03688,13.74132],[-90.04035,13.73763],[-90.04586,13.73886],[-90.04154,13.734],[-90.03853,13.73542],[-90.03804,13.73233],[-90.04967,13.72861],[-90.0376,13.71482],[-90.02954,13.71782],[-90.02247,13.71464],[-90.02793,13.7098],[-90.02282,13.70705],[-90.02812,13.70518],[-90.03384,13.71091],[-90.04147,13.71075],[-90.04178,13.7074],[-90.04676,13.70875],[-90.08609,13.72538],[-90.08103,13.72666],[-90.0806,13.72976],[-90.08984,13.73848],[-90.09858,13.7342],[-90.09006,13.73089],[-90.09259,13.72873],[-90.11723,13.73777],[-90.12006,13.74321],[-90.12745,13.74188],[-90.13108,13.74694],[-90.12599,13.74265],[-90.11626,13.74798],[-90.11376,13.74052],[-90.10826,13.74376],[-90.10396,13.74002],[-90.10122,13.74904],[-90.09241,13.7559],[-90.10109,13.75914],[-90.09662,13.76667],[-90.10399,13.77354],[-90.10628,13.78199],[-90.11321,13.7773],[-90.11802,13.78901],[-90.11343,13.79608],[-90.1169,13.79706],[-90.11033,13.79995],[-90.11495,13.80487],[-90.10572,13.80962],[-90.10658,13.81859],[-90.113,13.82704],[-90.11214,13.83422],[-90.09855,13.83949],[-90.09532,13.84362],[-90.09474,13.85445],[-90.08301,13.86831],[-90.08141,13.87764],[-90.06565,13.88154],[-90.06725,13.88764],[-90.04029,13.89392],[-90.03607,13.89763],[-90.03764,13.91736],[-90.02877,13.91879],[-90.03093,13.92763],[-90.02289,13.93938],[-90.00887,13.94448],[-90.00005,13.95615],[-89.99325,13.95435],[-89.98055,13.96182],[-89.97827,13.95978],[-89.97584,13.96463],[-89.96925,13.96514],[-89.96182,13.97053],[-89.96005,13.97825],[-89.94008,13.98622],[-89.93773,13.99368],[-89.93301,13.99263],[-89.92794,14.00661],[-89.92078,14.00664],[-89.91966,14.01254],[-89.91268,14.01077],[-89.90719,14.01442],[-89.90454,14.03242],[-89.88644,14.04301],[-89.86963,14.04031],[-89.86041,14.04347],[-89.86163,14.04799],[-89.85647,14.05811],[-89.8448,14.05719],[-89.82408,14.06328],[-89.81768,14.06318],[-89.79163,14.04867],[-89.78834,14.04164],[-89.77901,14.0338],[-89.76014,14.03481],[-89.75883,14.03232],[-89.74502,14.03619],[-89.73729,14.03194],[-89.73518,14.0347],[-89.74392,14.04466],[-89.74266,14.05722],[-89.74608,14.061],[-89.72557,14.11922],[-89.71108,14.14074],[-89.67144,14.17508],[-89.66697,14.18531],[-89.63008,14.20441],[-89.58154,14.20297],[-89.5677,14.21013],[-89.55839,14.21017],[-89.55035,14.22216],[-89.53811,14.21791],[-89.52554,14.21994],[-89.5206,14.23244],[-89.52347,14.23629],[-89.52251,14.24179],[-89.55234,14.27581],[-89.54737,14.279],[-89.54549,14.29511],[-89.55243,14.30306],[-89.55697,14.30399],[-89.56187,14.31445],[-89.56961,14.3172],[-89.57715,14.31469],[-89.58188,14.31724],[-89.58987,14.31032],[-89.5924,14.31124],[-89.59195,14.33298],[-89.58804,14.34611],[-89.56951,14.35266],[-89.56512,14.35086],[-89.56415,14.35557],[-89.58007,14.37215],[-89.58121,14.37853],[-89.57837,14.40492],[-89.57389,14.41695],[-89.54251,14.41617],[-89.54333,14.41322],[-89.53375,14.39818],[-89.53672,14.38546],[-89.52961,14.37963],[-89.51895,14.38747],[-89.52113,14.39195],[-89.51638,14.39523],[-89.51646,14.39888],[-89.51233,14.39786],[-89.50869,14.41024],[-89.50253,14.40629],[-89.49786,14.40865],[-89.49124,14.42003],[-89.48482,14.42026],[-89.47079,14.42949],[-89.45632,14.42153],[-89.4463,14.42032],[-89.43955,14.41227],[-89.43432,14.41221],[-89.41313,14.42659],[-89.41126,14.43301],[-89.40764,14.43204],[-89.40153,14.44704],[-89.3927,14.45056],[-89.38695,14.44479],[-89.3852,14.42738],[-89.37976,14.43787],[-89.37271,14.42946],[-89.35023,14.41857],[-89.34292,14.4196],[-89.32137,14.41112],[-89.29931,14.41588],[-89.27798,14.40119],[-89.23085,14.38569],[-89.21588,14.38891],[-89.21182,14.38702],[-89.20979,14.37451],[-89.20309,14.37077],[-89.18988,14.36684],[-89.16852,14.36593],[-89.14808,14.35282],[-89.12567,14.38045],[-89.12139,14.39034],[-89.11655,14.39296],[-89.11339,14.40114],[-89.10186,14.40447],[-89.08971,14.39464],[-89.08211,14.37677],[-89.07992,14.35855],[-89.08533,14.35087],[-89.08143,14.34744],[-89.0828,14.34141],[-89.06317,14.33462],[-89.03584,14.33245],[-89.03374,14.32541],[-89.03608,14.32211],[-89.02203,14.3122],[-89.02535,14.29894],[-89.02153,14.28854],[-89.02604,14.2806],[-89.02618,14.27213],[-89.00899,14.26817],[-88.99001,14.25667],[-88.98736,14.24803],[-88.97795,14.24106],[-88.97952,14.23828],[-88.97011,14.22498],[-88.97496,14.21923],[-88.97261,14.21328],[-88.96255,14.21209],[-88.94086,14.20279],[-88.93018,14.20344],[-88.92393,14.20841],[-88.90284,14.20567],[-88.9012,14.19147],[-88.88171,14.1893],[-88.87305,14.18354],[-88.86049,14.17235],[-88.86245,14.16874],[-88.85876,14.15288],[-88.84942,14.14935],[-88.84633,14.14155],[-88.84701,14.13085],[-88.84014,14.1315],[-88.83362,14.11454],[-88.82971,14.11211],[-88.83131,14.1044],[-88.82057,14.10945],[-88.81454,14.10864],[-88.81283,14.11257],[-88.80578,14.11109],[-88.79198,14.11468],[-88.78308,14.10484],[-88.7741,14.10261],[-88.77222,14.10584],[-88.76667,14.10478],[-88.76505,14.10917],[-88.75362,14.10966],[-88.75054,14.11489],[-88.74114,14.11677],[-88.73875,14.12182],[-88.73448,14.11927],[-88.72899,14.11433],[-88.72935,14.09131],[-88.74042,14.07189],[-88.73789,14.05626],[-88.73215,14.05055],[-88.71298,14.04426],[-88.70883,14.04657],[-88.6939,14.04393],[-88.68244,14.03211],[-88.68566,14.02505],[-88.68147,14.01941],[-88.68376,14.01012],[-88.67079,14.00992],[-88.66383,14.01906],[-88.6638,14.0239],[-88.65288,14.01756],[-88.63962,14.017],[-88.63418,14.02205],[-88.62754,14.02273],[-88.6079,14.00548],[-88.5944,14.00916],[-88.5874,14.00753],[-88.57805,13.99826],[-88.57323,13.98245],[-88.56825,13.97797],[-88.5574,13.98331],[-88.54798,13.9806],[-88.53987,13.98518],[-88.52886,13.98544],[-88.50724,13.97252],[-88.5002,13.96757],[-88.49779,13.95283],[-88.50654,13.94299],[-88.50646,13.92307],[-88.51107,13.9117],[-88.50591,13.90912],[-88.50197,13.89917]]],[[[-87.74415,13.27832],[-87.74693,13.28128],[-87.74156,13.29006],[-87.73655,13.28852],[-87.73404,13.28209],[-87.74415,13.27832]]],[[[-87.75735,13.29168],[-87.76577,13.29321],[-87.76926,13.31523],[-87.75532,13.31656],[-87.75215,13.31348],[-87.74875,13.31787],[-87.74296,13.31891],[-87.74229,13.31531],[-87.7524,13.30884],[-87.75476,13.30406],[-87.75158,13.29905],[-87.75421,13.29698],[-87.75157,13.2957],[-87.75735,13.29168]]],[[[-87.76606,13.215],[-87.77396,13.21948],[-87.7806,13.23866],[-87.77484,13.24911],[-87.76195,13.24825],[-87.75549,13.24234],[-87.75507,13.23667],[-87.75086,13.23617],[-87.75188,13.22573],[-87.75741,13.22584],[-87.75843,13.21734],[-87.76606,13.215]]],[[[-87.80285,13.44693],[-87.81128,13.4469],[-87.81341,13.45347],[-87.80498,13.45324],[-87.80195,13.45093],[-87.80285,13.44693]]],[[[-87.81309,13.43723],[-87.81678,13.43851],[-87.81403,13.44264],[-87.81732,13.44366],[-87.81602,13.44624],[-87.81101,13.44471],[-87.81309,13.43723]]],[[[-87.81888,13.4358],[-87.82652,13.44003],[-87.81969,13.44404],[-87.81691,13.43774],[-87.81888,13.4358]]],[[[-87.8241,13.42264],[-87.82594,13.42405],[-87.81806,13.42897],[-87.8241,13.42264]]],[[[-87.83646,13.4217],[-87.83621,13.42531],[-87.82858,13.42662],[-87.82778,13.42301],[-87.83646,13.4217]]],[[[-87.85831,13.41969],[-87.85806,13.42343],[-87.86621,13.4216],[-87.86741,13.42649],[-87.86309,13.43295],[-87.84756,13.43222],[-87.85831,13.41969]]],[[[-87.85474,13.37912],[-87.85804,13.38143],[-87.85925,13.38877],[-87.84766,13.38636],[-87.85093,13.37965],[-87.85474,13.37912]]],[[[-88.33905,13.1986],[-88.36009,13.199],[-88.36141,13.20144],[-88.34408,13.20514],[-88.33867,13.20233],[-88.33905,13.1986]]],[[[-88.35643,13.20404],[-88.3504,13.20768],[-88.35013,13.20537],[-88.35643,13.20404]]],[[[-88.4344,13.18172],[-88.43403,13.18584],[-88.42258,13.18359],[-88.42216,13.18685],[-88.42681,13.18794],[-88.42517,13.19191],[-88.39685,13.19004],[-88.39016,13.19253],[-88.38606,13.18843],[-88.37831,13.18976],[-88.38025,13.18446],[-88.40839,13.18521],[-88.40996,13.18314],[-88.40469,13.18111],[-88.40895,13.17533],[-88.40621,13.17157],[-88.40519,13.17724],[-88.39495,13.18052],[-88.38519,13.17452],[-88.38258,13.17711],[-88.38059,13.17351],[-88.37811,13.17662],[-88.36941,13.17319],[-88.408,13.16241],[-88.42512,13.16747],[-88.44747,13.19015],[-88.44463,13.20021],[-88.44003,13.19946],[-88.43891,13.18762],[-88.4344,13.18172]]],[[[-88.38402,13.19964],[-88.39218,13.20089],[-88.39272,13.20398],[-88.38773,13.20413],[-88.38402,13.19964]]],[[[-88.47401,13.20932],[-88.49614,13.21628],[-88.51716,13.21461],[-88.52902,13.21853],[-88.52944,13.22162],[-88.52669,13.22395],[-88.503,13.22049],[-88.47852,13.21599],[-88.4785,13.21367],[-88.46562,13.21413],[-88.4638,13.21659],[-88.45799,13.21405],[-88.47271,13.21255],[-88.47401,13.20932]]],[[[-88.58005,13.22015],[-88.58848,13.2228],[-88.58929,13.22692],[-88.60694,13.23067],[-88.60696,13.23377],[-88.62328,13.23727],[-88.62831,13.24213],[-88.64281,13.24668],[-88.62288,13.25595],[-88.60365,13.25092],[-88.60152,13.24694],[-88.57256,13.24184],[-88.57043,13.23811],[-88.57675,13.23975],[-88.58252,13.23701],[-88.58747,13.22874],[-88.56034,13.22182],[-88.55167,13.22303],[-88.54954,13.21944],[-88.58005,13.22015]]],[[[-88.69289,13.43286],[-88.69266,13.43831],[-88.69172,13.43518],[-88.69289,13.43286]]],[[[-88.71395,13.26707],[-88.71608,13.27067],[-88.7124,13.26992],[-88.71395,13.26707]]],[[[-88.74195,13.32796],[-88.74175,13.32923],[-88.73675,13.33126],[-88.74195,13.32796]]],[[[-88.75408,13.25147],[-88.76252,13.25515],[-88.76386,13.25875],[-88.75506,13.26035],[-88.75408,13.25147]]],[[[-88.76255,13.30433],[-88.76886,13.29594],[-88.76968,13.29889],[-88.76255,13.30433]]],[[[-88.76729,13.26053],[-88.77257,13.26255],[-88.76707,13.26555],[-88.76729,13.26053]]],[[[-88.78066,13.29074],[-88.76885,13.2936],[-88.77015,13.29155],[-88.78066,13.29074]]],[[[-88.81093,13.25154],[-88.80772,13.25071],[-88.80617,13.25472],[-88.79116,13.25147],[-88.7919,13.24451],[-88.81093,13.25154]]],[[[-88.807,13.26064],[-88.80611,13.26386],[-88.80359,13.26156],[-88.807,13.26064]]],[[[-88.83379,13.26643],[-88.83383,13.26598],[-88.83386,13.26579],[-88.83379,13.26643]]],[[[-88.83563,13.2621],[-88.87421,13.2796],[-88.87926,13.28677],[-88.87134,13.28245],[-88.86216,13.28638],[-88.85884,13.28254],[-88.85161,13.28234],[-88.84894,13.27721],[-88.8348,13.26752],[-88.8386,13.26646],[-88.85024,13.27488],[-88.8547,13.27356],[-88.84389,13.27003],[-88.83563,13.2621]]],[[[-88.8361,13.31851],[-88.83799,13.32417],[-88.84139,13.32157],[-88.83959,13.32776],[-88.83722,13.32752],[-88.8361,13.31851]]],[[[-88.84664,13.3205],[-88.8522,13.32484],[-88.84595,13.3339],[-88.84261,13.32645],[-88.84664,13.3205]]],[[[-88.85724,13.31577],[-88.85054,13.31416],[-88.85734,13.30999],[-88.89023,13.32791],[-88.89183,13.32541],[-88.88714,13.31981],[-88.88937,13.3189],[-88.89084,13.32172],[-88.90028,13.31869],[-88.90453,13.32368],[-88.90714,13.32147],[-88.9225,13.33462],[-88.9178,13.3389],[-88.92077,13.34854],[-88.91236,13.34938],[-88.89066,13.3328],[-88.85724,13.31577]]],[[[-88.89638,13.307],[-88.90154,13.31056],[-88.89521,13.30829],[-88.89638,13.307]]],[[[-90.00524,13.70297],[-90.01442,13.70553],[-90.01125,13.70639],[-90.00524,13.70297]]]]}},{"type":"Feature","properties":{"ISO_A3":"NIC","WB_A3":"NIC","WB_NAME":"Nicaragua","WB_REGION":"LCN"},"geometry":{"type":"MultiPolygon","coordinates":[[[[-82.78463,14.36624],[-82.77899,14.37066],[-82.78059,14.37322],[-82.77793,14.37599],[-82.78089,14.38318],[-82.78647,14.38116],[-82.78741,14.38373],[-82.78205,14.38541],[-82.77342,14.36838],[-82.78463,14.36624]]],[[[-82.78737,14.37794],[-82.79133,14.37804],[-82.78977,14.38062],[-82.78737,14.37794]]],[[[-82.80385,14.35759],[-82.80231,14.36353],[-82.79148,14.36335],[-82.80385,14.35759]]],[[[-82.98279,12.30125],[-82.97886,12.3018],[-82.97186,12.27583],[-82.97565,12.27555],[-82.98137,12.28658],[-82.99002,12.28781],[-82.99061,12.29682],[-82.98828,12.30044],[-82.98279,12.30125]]],[[[-83.06538,12.17675],[-83.06203,12.18295],[-83.04398,12.18592],[-83.03135,12.17752],[-83.03834,12.16652],[-83.04776,12.16593],[-83.05087,12.16282],[-83.05782,12.1468],[-83.06384,12.14624],[-83.06714,12.15072],[-83.06564,12.15975],[-83.07107,12.16692],[-83.06403,12.17083],[-83.06538,12.17675]]],[[[-83.13179,14.99418],[-83.13052,14.99947],[-83.12825,14.9982],[-83.13179,14.99418]]],[[[-83.13862,14.98793],[-83.134,14.98965],[-83.13551,14.99479],[-83.13217,14.99276],[-83.13359,14.98914],[-83.13862,14.98793]]],[[[-83.14293,14.99549],[-83.14237,14.99227],[-83.14607,14.99185],[-83.14723,14.99543],[-83.16694,14.98599],[-83.17438,14.98798],[-83.16675,14.9932],[-83.14293,14.99549]]],[[[-85.02271,14.61027],[-85.03914,14.60813],[-85.04329,14.61035],[-85.02682,14.62552],[-85.02384,14.63312],[-85.03323,14.64747],[-85.0488,14.65026],[-85.05094,14.6534],[-85.05101,14.6608],[-85.04563,14.67129],[-85.02737,14.6731],[-85.0208,14.68693],[-85.02172,14.6931],[-85.02826,14.69692],[-85.02805,14.7036],[-84.99594,14.72604],[-84.98679,14.74047],[-84.97263,14.74229],[-84.97116,14.74767],[-84.96099,14.7567],[-84.94204,14.75485],[-84.9393,14.75895],[-84.92775,14.75891],[-84.92335,14.76595],[-84.93153,14.77108],[-84.9114,14.79726],[-84.90901,14.80506],[-84.89682,14.81551],[-84.88707,14.81284],[-84.87735,14.81648],[-84.85881,14.81164],[-84.85142,14.81367],[-84.84568,14.82387],[-84.81939,14.82941],[-84.79032,14.81628],[-84.7918,14.81277],[-84.78518,14.79248],[-84.76148,14.77562],[-84.75464,14.77477],[-84.74971,14.76736],[-84.75096,14.75463],[-84.75835,14.75305],[-84.76467,14.76064],[-84.76876,14.7608],[-84.77155,14.74944],[-84.75954,14.7409],[-84.75402,14.74175],[-84.7496,14.74796],[-84.74266,14.74879],[-84.74304,14.73908],[-84.74945,14.7317],[-84.74551,14.71669],[-84.74331,14.71299],[-84.72982,14.70928],[-84.726,14.69864],[-84.71313,14.69208],[-84.70419,14.69326],[-84.70276,14.6892],[-84.70635,14.68312],[-84.70189,14.67376],[-84.7035,14.66604],[-84.69482,14.66592],[-84.67911,14.69159],[-84.67406,14.69483],[-84.66759,14.69046],[-84.67038,14.67965],[-84.66539,14.67298],[-84.6561,14.67473],[-84.64393,14.67239],[-84.6318,14.67737],[-84.62941,14.66572],[-84.62596,14.66296],[-84.61356,14.66571],[-84.59496,14.65896],[-84.58485,14.66626],[-84.58356,14.65664],[-84.57946,14.65299],[-84.57438,14.6524],[-84.56663,14.65882],[-84.56006,14.65047],[-84.55123,14.65699],[-84.52873,14.65787],[-84.52426,14.65574],[-84.52372,14.6487],[-84.53862,14.645],[-84.53051,14.63082],[-84.52668,14.62995],[-84.52339,14.63537],[-84.50783,14.63663],[-84.50332,14.62574],[-84.4961,14.62043],[-84.47258,14.61593],[-84.46825,14.61691],[-84.46279,14.63275],[-84.43217,14.63344],[-84.42486,14.64109],[-84.41459,14.64228],[-84.41221,14.64539],[-84.41445,14.65728],[-84.38448,14.68019],[-84.37777,14.69712],[-84.36726,14.70428],[-84.36373,14.71722],[-84.34583,14.70334],[-84.34478,14.70006],[-84.35393,14.68981],[-84.34897,14.67983],[-84.33735,14.67531],[-84.329,14.6757],[-84.31302,14.68445],[-84.30847,14.68374],[-84.29854,14.66402],[-84.2826,14.66138],[-84.27239,14.66451],[-84.25836,14.67624],[-84.25886,14.68078],[-84.26653,14.6864],[-84.26368,14.70128],[-84.27298,14.7239],[-84.27201,14.73386],[-84.26076,14.74593],[-84.23281,14.76107],[-84.2234,14.75608],[-84.22314,14.74939],[-84.22989,14.73829],[-84.22823,14.73421],[-84.22004,14.73164],[-84.21307,14.73434],[-84.1993,14.72124],[-84.18886,14.71591],[-84.16809,14.71413],[-84.14866,14.71898],[-84.12519,14.73383],[-84.10286,14.72946],[-84.0958,14.73186],[-84.11674,14.77348],[-84.11681,14.78478],[-84.11063,14.79068],[-84.08382,14.7878],[-84.08059,14.78211],[-84.08424,14.7647],[-84.08065,14.75773],[-84.05756,14.76421],[-84.04612,14.77425],[-84.03966,14.76833],[-84.04577,14.75354],[-84.0344,14.74733],[-84.02238,14.74487],[-84.01263,14.74751],[-84.00106,14.75981],[-83.98637,14.74824],[-83.97328,14.74674],[-83.94737,14.7585],[-83.94114,14.75856],[-83.92765,14.74773],[-83.92141,14.74885],[-83.9199,14.75291],[-83.92684,14.7635],[-83.93544,14.76513],[-83.93886,14.77319],[-83.9331,14.77764],[-83.91971,14.77238],[-83.91599,14.77436],[-83.91694,14.79149],[-83.91013,14.79011],[-83.91028,14.77784],[-83.90507,14.77454],[-83.90078,14.77792],[-83.89862,14.7896],[-83.89191,14.7876],[-83.89577,14.76872],[-83.88907,14.76377],[-83.88644,14.76679],[-83.88536,14.78792],[-83.87615,14.78696],[-83.8741,14.78046],[-83.87986,14.77003],[-83.87027,14.76744],[-83.86078,14.77442],[-83.84306,14.77335],[-83.83468,14.78399],[-83.83232,14.79277],[-83.82629,14.79578],[-83.81416,14.78995],[-83.80352,14.79837],[-83.79607,14.78825],[-83.78967,14.79065],[-83.79064,14.79779],[-83.79384,14.79979],[-83.81377,14.80276],[-83.81846,14.80898],[-83.81543,14.81246],[-83.81006,14.81212],[-83.79736,14.80204],[-83.79345,14.8026],[-83.78451,14.80746],[-83.78463,14.82132],[-83.78091,14.82338],[-83.7747,14.8105],[-83.75914,14.80625],[-83.75217,14.81513],[-83.75468,14.82875],[-83.75207,14.83174],[-83.74242,14.82808],[-83.73796,14.82008],[-83.73082,14.81993],[-83.72866,14.82568],[-83.73152,14.83245],[-83.74365,14.83996],[-83.74222,14.84641],[-83.73734,14.84579],[-83.73561,14.8386],[-83.7257,14.83468],[-83.71022,14.84196],[-83.70517,14.82654],[-83.70136,14.82454],[-83.69708,14.83367],[-83.701,14.84094],[-83.69959,14.84934],[-83.70893,14.8531],[-83.71796,14.84791],[-83.72129,14.84957],[-83.72029,14.85591],[-83.71633,14.85844],[-83.70634,14.85624],[-83.69952,14.85835],[-83.6941,14.86549],[-83.69556,14.87783],[-83.69312,14.88032],[-83.68866,14.8791],[-83.68356,14.867],[-83.67901,14.867],[-83.67293,14.87435],[-83.66229,14.87941],[-83.65153,14.87845],[-83.64441,14.88226],[-83.6228,14.87809],[-83.62049,14.87663],[-83.62351,14.86273],[-83.61763,14.86152],[-83.61944,14.86966],[-83.6148,14.87523],[-83.61538,14.88442],[-83.60904,14.89097],[-83.60892,14.89423],[-83.61494,14.89865],[-83.60077,14.90022],[-83.59283,14.90486],[-83.59438,14.9109],[-83.60065,14.91492],[-83.59969,14.91905],[-83.59367,14.9204],[-83.57834,14.91137],[-83.57176,14.91882],[-83.56225,14.91182],[-83.55977,14.91358],[-83.56199,14.92706],[-83.55946,14.93967],[-83.53899,14.94013],[-83.5389,14.94509],[-83.54708,14.94736],[-83.54813,14.95727],[-83.53677,14.9483],[-83.52919,14.95062],[-83.53892,14.96294],[-83.54114,14.97797],[-83.53653,14.98132],[-83.53106,14.97543],[-83.52484,14.974],[-83.52309,14.97804],[-83.52954,14.98889],[-83.52833,14.99342],[-83.52412,14.99498],[-83.51747,14.99017],[-83.51439,14.99188],[-83.51291,15.00155],[-83.50016,15.01106],[-83.47837,15.00463],[-83.47611,15.00289],[-83.4792,14.99001],[-83.47065,14.98932],[-83.45967,14.98087],[-83.44814,14.98504],[-83.43858,14.99487],[-83.42919,14.99496],[-83.42015,14.9907],[-83.42003,14.99632],[-83.41468,15.00284],[-83.40575,14.99975],[-83.40586,15.00884],[-83.40068,15.0159],[-83.40695,15.0243],[-83.40053,15.02896],[-83.38288,15.01422],[-83.36116,15.01419],[-83.35702,14.99904],[-83.34876,14.99436],[-83.34573,14.99606],[-83.34653,15.0088],[-83.29952,14.99795],[-83.27814,15.00473],[-83.27477,14.99962],[-83.28017,14.99289],[-83.29173,14.98792],[-83.29045,14.9815],[-83.28395,14.97743],[-83.27781,14.98093],[-83.28224,14.98721],[-83.28024,14.98979],[-83.27582,14.98712],[-83.25201,14.98877],[-83.23366,14.98161],[-83.20203,14.99724],[-83.18476,14.99277],[-83.18579,14.9898],[-83.19174,14.98884],[-83.19805,14.99664],[-83.20176,14.9966],[-83.24737,14.96281],[-83.2528,14.95039],[-83.24751,14.9507],[-83.24376,14.95975],[-83.24111,14.95952],[-83.25508,14.92771],[-83.24893,14.92211],[-83.26378,14.89853],[-83.28199,14.85483],[-83.28087,14.84943],[-83.28667,14.83418],[-83.293,14.83245],[-83.3091,14.85276],[-83.31702,14.87534],[-83.31037,14.88519],[-83.31095,14.89033],[-83.31957,14.90363],[-83.32931,14.91062],[-83.35494,14.90572],[-83.36335,14.89971],[-83.38115,14.88125],[-83.3912,14.85616],[-83.39632,14.85264],[-83.3964,14.84723],[-83.40638,14.84069],[-83.40779,14.84801],[-83.42711,14.85978],[-83.42586,14.86597],[-83.43045,14.87416],[-83.42638,14.86519],[-83.42803,14.85964],[-83.40735,14.84454],[-83.41534,14.83725],[-83.41449,14.82],[-83.4175,14.81701],[-83.42693,14.81987],[-83.42662,14.81627],[-83.42992,14.81559],[-83.41051,14.80717],[-83.40577,14.80902],[-83.38583,14.75245],[-83.36791,14.73449],[-83.35832,14.72892],[-83.33611,14.73017],[-83.33711,14.72501],[-83.34534,14.72712],[-83.37285,14.70199],[-83.37797,14.71082],[-83.38584,14.70456],[-83.37848,14.69678],[-83.37931,14.68776],[-83.37478,14.68485],[-83.37138,14.66966],[-83.36309,14.65549],[-83.35633,14.65565],[-83.35034,14.66255],[-83.35236,14.66667],[-83.3494,14.67416],[-83.35335,14.68494],[-83.35908,14.689],[-83.3521,14.69177],[-83.35269,14.69705],[-83.33606,14.71241],[-83.33682,14.72219],[-83.33223,14.72558],[-83.33513,14.73765],[-83.3203,14.73651],[-83.31295,14.74122],[-83.31303,14.74933],[-83.32467,14.7487],[-83.34937,14.77021],[-83.33843,14.77341],[-83.33283,14.7696],[-83.32788,14.75266],[-83.31981,14.74794],[-83.31436,14.74996],[-83.31466,14.75279],[-83.30725,14.75338],[-83.30978,14.76765],[-83.30661,14.76729],[-83.30254,14.75806],[-83.30001,14.76916],[-83.30173,14.74365],[-83.29818,14.70867],[-83.30624,14.6952],[-83.30345,14.69368],[-83.3011,14.69654],[-83.29815,14.6927],[-83.29809,14.68704],[-83.30178,14.68623],[-83.30266,14.68159],[-83.29702,14.66027],[-83.30169,14.63885],[-83.30036,14.62547],[-83.30451,14.61822],[-83.29399,14.61112],[-83.2967,14.60478],[-83.29156,14.60625],[-83.29522,14.61471],[-83.30133,14.61697],[-83.30119,14.62907],[-83.29439,14.63648],[-83.28456,14.63232],[-83.28595,14.62613],[-83.27944,14.62336],[-83.22211,14.45679],[-83.2277,14.46086],[-83.23061,14.47422],[-83.23432,14.47534],[-83.24032,14.4682],[-83.24913,14.47687],[-83.25564,14.49304],[-83.26015,14.49531],[-83.27332,14.5163],[-83.28466,14.53988],[-83.29099,14.53827],[-83.29005,14.52386],[-83.28633,14.52197],[-83.28616,14.51798],[-83.27995,14.51881],[-83.27751,14.5124],[-83.28646,14.50845],[-83.28813,14.50431],[-83.28326,14.50564],[-83.28217,14.50256],[-83.29108,14.49565],[-83.28263,14.49574],[-83.26882,14.48995],[-83.27021,14.48362],[-83.26607,14.47954],[-83.26845,14.47926],[-83.2639,14.46077],[-83.27376,14.45604],[-83.26968,14.45685],[-83.26074,14.44882],[-83.25017,14.44892],[-83.24467,14.45323],[-83.24712,14.46028],[-83.24184,14.46136],[-83.23651,14.45717],[-83.2415,14.46665],[-83.2364,14.47223],[-83.23241,14.47008],[-83.22751,14.45519],[-83.21953,14.45012],[-83.21614,14.44114],[-83.21581,14.40792],[-83.19992,14.35013],[-83.20093,14.31844],[-83.20839,14.29751],[-83.2595,14.19248],[-83.27624,14.16425],[-83.27951,14.16139],[-83.28101,14.16601],[-83.28092,14.17039],[-83.27084,14.17873],[-83.26466,14.19424],[-83.27231,14.20704],[-83.26048,14.2123],[-83.26486,14.22797],[-83.26014,14.23033],[-83.25893,14.24167],[-83.2516,14.24766],[-83.24994,14.25335],[-83.25231,14.2662],[-83.276,14.30271],[-83.2648,14.30097],[-83.26022,14.30527],[-83.27205,14.32601],[-83.27414,14.33629],[-83.27784,14.33651],[-83.27978,14.34641],[-83.28613,14.34686],[-83.30037,14.37067],[-83.31072,14.37495],[-83.31143,14.36735],[-83.3138,14.36707],[-83.31165,14.36335],[-83.32322,14.35822],[-83.32579,14.35137],[-83.3118,14.35215],[-83.3115,14.34855],[-83.30249,14.34516],[-83.29735,14.33362],[-83.3104,14.34431],[-83.32486,14.34627],[-83.33481,14.35527],[-83.34114,14.35392],[-83.34225,14.34619],[-83.3355,14.33183],[-83.33132,14.32363],[-83.32442,14.32113],[-83.32908,14.2858],[-83.33699,14.2847],[-83.33693,14.26616],[-83.32988,14.26108],[-83.33047,14.25437],[-83.32446,14.24709],[-83.31721,14.24832],[-83.31041,14.24156],[-83.30839,14.24232],[-83.31155,14.24967],[-83.29406,14.24365],[-83.28554,14.23627],[-83.28995,14.22902],[-83.28986,14.21987],[-83.29795,14.2104],[-83.30112,14.21037],[-83.30642,14.19976],[-83.29886,14.19571],[-83.29959,14.17691],[-83.30771,14.15803],[-83.31524,14.15899],[-83.31013,14.14951],[-83.31734,14.14416],[-83.32017,14.13731],[-83.32232,14.11489],[-83.29966,14.14407],[-83.29731,14.13418],[-83.29429,14.13498],[-83.29632,14.14037],[-83.29264,14.14195],[-83.28864,14.15075],[-83.28443,14.15182],[-83.28556,14.14665],[-83.30076,14.12269],[-83.3347,14.08721],[-83.35319,14.05073],[-83.36428,14.03851],[-83.37751,14.0304],[-83.38448,14.01969],[-83.38968,14.02088],[-83.39675,14.01657],[-83.40198,14.02475],[-83.40526,14.02266],[-83.40225,14.01278],[-83.42084,13.98723],[-83.4344,13.96057],[-83.46391,13.8838],[-83.46106,13.90134],[-83.45815,13.90008],[-83.45737,13.91399],[-83.45181,13.92332],[-83.47057,13.94064],[-83.46902,13.95585],[-83.47186,13.96251],[-83.45978,13.96701],[-83.45693,13.9718],[-83.44877,13.9733],[-83.44238,13.97955],[-83.44101,13.98703],[-83.43523,13.98876],[-83.43172,13.99407],[-83.43867,14.00301],[-83.44132,14.01612],[-83.44448,14.01557],[-83.43757,13.99813],[-83.43224,13.99355],[-83.44207,13.9874],[-83.44617,13.98878],[-83.44531,13.99458],[-83.45219,13.99747],[-83.45123,13.9931],[-83.46452,13.97906],[-83.46504,13.99013],[-83.48596,14.01129],[-83.4894,14.02438],[-83.47941,14.02758],[-83.47623,14.03791],[-83.4969,14.04671],[-83.4899,14.05837],[-83.5026,14.06158],[-83.50542,14.07906],[-83.51484,14.09544],[-83.51485,14.10883],[-83.53672,14.10654],[-83.54283,14.1106],[-83.54752,14.12844],[-83.55555,14.12745],[-83.55851,14.13257],[-83.55261,14.14783],[-83.56339,14.15621],[-83.56345,14.16136],[-83.56029,14.16216],[-83.55257,14.15607],[-83.55319,14.16378],[-83.54447,14.16323],[-83.54135,14.16674],[-83.55183,14.17178],[-83.54956,14.18184],[-83.54,14.18812],[-83.53689,14.20464],[-83.54207,14.20806],[-83.54734,14.20736],[-83.54806,14.20053],[-83.55218,14.2037],[-83.55085,14.21453],[-83.56167,14.2139],[-83.57101,14.22332],[-83.57761,14.22325],[-83.5794,14.22993],[-83.58725,14.23525],[-83.59038,14.24397],[-83.58634,14.24813],[-83.58678,14.24066],[-83.5836,14.23928],[-83.58639,14.24144],[-83.58528,14.24814],[-83.58225,14.24869],[-83.58085,14.24175],[-83.58267,14.25049],[-83.58611,14.25161],[-83.5908,14.24551],[-83.58898,14.23652],[-83.58086,14.23043],[-83.57853,14.22324],[-83.57126,14.22229],[-83.56166,14.21287],[-83.55216,14.21361],[-83.55271,14.20318],[-83.54911,14.2],[-83.54392,14.20778],[-83.53755,14.20463],[-83.54132,14.18785],[-83.5492,14.18442],[-83.55262,14.17151],[-83.54901,14.16782],[-83.54216,14.16853],[-83.54318,14.16518],[-83.55372,14.16429],[-83.55364,14.1567],[-83.56004,14.16268],[-83.56462,14.16006],[-83.5534,14.14705],[-83.5593,14.13256],[-83.55541,14.1263],[-83.5483,14.12753],[-83.54469,14.11135],[-83.54016,14.10728],[-83.51537,14.1078],[-83.51561,14.09363],[-83.50562,14.07262],[-83.51213,14.06535],[-83.50904,14.05971],[-83.49163,14.05938],[-83.49834,14.04644],[-83.479,14.0384],[-83.47698,14.03455],[-83.47944,14.02989],[-83.48889,14.02606],[-83.4916,14.01998],[-83.487,14.00973],[-83.46725,13.98779],[-83.47323,13.97949],[-83.47265,13.9746],[-83.47801,13.97043],[-83.48552,13.9822],[-83.49322,13.98727],[-83.51752,13.99114],[-83.51796,13.99763],[-83.53441,13.98015],[-83.53579,13.96185],[-83.53188,13.95417],[-83.52818,13.95331],[-83.50824,13.96214],[-83.50711,13.95546],[-83.51629,13.95111],[-83.50736,13.95404],[-83.5002,13.9496],[-83.4991,13.94537],[-83.50832,13.94527],[-83.5113,13.93996],[-83.50664,13.92379],[-83.50224,13.91869],[-83.48801,13.91909],[-83.48046,13.92844],[-83.47832,13.92511],[-83.46514,13.92511],[-83.46035,13.92079],[-83.46732,13.90746],[-83.47502,13.90017],[-83.46594,13.90103],[-83.46936,13.88838],[-83.46705,13.88145],[-83.45568,13.87848],[-83.45498,13.87385],[-83.47543,13.83965],[-83.49605,13.77121],[-83.52306,13.61181],[-83.52621,13.56132],[-83.54153,13.56631],[-83.54369,13.57144],[-83.54011,13.58126],[-83.54255,13.58793],[-83.53024,13.59397],[-83.51108,13.69871],[-83.51452,13.69996],[-83.52097,13.712],[-83.52308,13.72485],[-83.51679,13.72761],[-83.51814,13.73043],[-83.52761,13.72969],[-83.52951,13.73495],[-83.53776,13.73113],[-83.54177,13.73624],[-83.54267,13.73379],[-83.54915,13.73642],[-83.55068,13.74387],[-83.55853,13.73942],[-83.56178,13.74762],[-83.56899,13.73287],[-83.56392,13.72649],[-83.56414,13.71052],[-83.5696,13.70623],[-83.56007,13.69381],[-83.54916,13.68879],[-83.54985,13.68319],[-83.56355,13.6804],[-83.56889,13.67533],[-83.57899,13.6832],[-83.60076,13.68685],[-83.61746,13.67366],[-83.61392,13.6513],[-83.61931,13.65124],[-83.61954,13.65647],[-83.61952,13.65338],[-83.62576,13.64916],[-83.61453,13.64743],[-83.61514,13.64253],[-83.60405,13.63956],[-83.59195,13.62861],[-83.60441,13.60093],[-83.61287,13.60394],[-83.60949,13.59599],[-83.61312,13.59106],[-83.61337,13.57741],[-83.60514,13.57106],[-83.60068,13.57265],[-83.60012,13.58141],[-83.60349,13.58871],[-83.6017,13.5935],[-83.59458,13.59215],[-83.58501,13.58337],[-83.57475,13.58425],[-83.57084,13.58751],[-83.56766,13.58574],[-83.57118,13.58274],[-83.56798,13.57814],[-83.57203,13.57552],[-83.57008,13.56576],[-83.55821,13.56292],[-83.54851,13.56701],[-83.54736,13.5575],[-83.53694,13.5558],[-83.53684,13.55889],[-83.53237,13.55894],[-83.52417,13.5428],[-83.53885,13.51227],[-83.54854,13.47071],[-83.55737,13.47268],[-83.56397,13.48678],[-83.56197,13.49684],[-83.55777,13.49765],[-83.55507,13.5036],[-83.56228,13.50083],[-83.56848,13.49021],[-83.58649,13.50148],[-83.57875,13.49075],[-83.57082,13.48748],[-83.5709,13.48259],[-83.575,13.48473],[-83.58021,13.47992],[-83.58376,13.47937],[-83.58636,13.48912],[-83.60138,13.49141],[-83.60122,13.50068],[-83.61606,13.49808],[-83.61642,13.49525],[-83.63921,13.48587],[-83.63721,13.4716],[-83.63428,13.46828],[-83.62321,13.46634],[-83.61628,13.47079],[-83.61117,13.49646],[-83.60697,13.49741],[-83.60611,13.49124],[-83.59924,13.48809],[-83.59242,13.4897],[-83.58915,13.48746],[-83.59043,13.47672],[-83.58671,13.47264],[-83.5901,13.4699],[-83.59202,13.45315],[-83.59863,13.45565],[-83.60057,13.45267],[-83.59773,13.44614],[-83.60703,13.44231],[-83.60957,13.44601],[-83.60576,13.43447],[-83.60053,13.43697],[-83.60165,13.44339],[-83.59457,13.44578],[-83.59676,13.45297],[-83.58937,13.45124],[-83.58793,13.46426],[-83.56825,13.46871],[-83.56517,13.47569],[-83.56175,13.47624],[-83.55207,13.46888],[-83.55758,13.44256],[-83.55873,13.41448],[-83.55976,13.41241],[-83.56295,13.41585],[-83.56636,13.4144],[-83.56348,13.42834],[-83.57606,13.4367],[-83.5764,13.43129],[-83.59164,13.42933],[-83.59026,13.42343],[-83.59871,13.4142],[-83.60475,13.41388],[-83.60992,13.40533],[-83.62183,13.41267],[-83.62683,13.41223],[-83.62978,13.40602],[-83.6297,13.3862],[-83.63332,13.38024],[-83.6378,13.38148],[-83.6421,13.39019],[-83.64842,13.39064],[-83.66226,13.382],[-83.66453,13.37462],[-83.65835,13.38448],[-83.64446,13.38965],[-83.63832,13.38045],[-83.63057,13.38181],[-83.62909,13.40268],[-83.62393,13.41188],[-83.60763,13.40008],[-83.60603,13.38619],[-83.59791,13.386],[-83.60699,13.38927],[-83.60886,13.40495],[-83.60474,13.41272],[-83.59739,13.41408],[-83.59011,13.42163],[-83.5911,13.42831],[-83.58809,13.43001],[-83.57728,13.42794],[-83.57526,13.4353],[-83.56544,13.42729],[-83.56743,13.41671],[-83.57869,13.4117],[-83.58022,13.40731],[-83.57181,13.40791],[-83.56778,13.39997],[-83.58099,13.39288],[-83.57778,13.38828],[-83.57919,13.38479],[-83.5855,13.38421],[-83.59275,13.37409],[-83.59787,13.38601],[-83.59607,13.37651],[-83.5938,13.37357],[-83.5896,13.37426],[-83.58913,13.37993],[-83.57697,13.38623],[-83.58018,13.39135],[-83.57348,13.39141],[-83.57221,13.39632],[-83.56463,13.4],[-83.56656,13.40848],[-83.56185,13.41084],[-83.5601,13.407],[-83.56785,13.36881],[-83.57187,13.32629],[-83.56758,13.21896],[-83.57187,13.21403],[-83.57168,13.20914],[-83.58366,13.21108],[-83.58313,13.22293],[-83.56871,13.2259],[-83.57066,13.24932],[-83.58485,13.24904],[-83.58834,13.25635],[-83.58128,13.25976],[-83.58015,13.26415],[-83.58488,13.27711],[-83.5909,13.26198],[-83.58738,13.25172],[-83.59178,13.24601],[-83.59005,13.24371],[-83.583,13.24829],[-83.58029,13.24046],[-83.57271,13.24389],[-83.57086,13.23103],[-83.57175,13.22793],[-83.58279,13.22782],[-83.58668,13.22276],[-83.58847,13.20639],[-83.58479,13.1933],[-83.57823,13.19388],[-83.57621,13.2024],[-83.56498,13.19607],[-83.54824,13.07651],[-83.51453,12.91153],[-83.52718,12.9033],[-83.53379,12.90761],[-83.52828,12.9217],[-83.53623,12.92857],[-83.536,12.93167],[-83.52742,12.94025],[-83.5288,12.94718],[-83.53503,12.9533],[-83.5418,12.94757],[-83.54177,12.94397],[-83.53088,12.9451],[-83.52993,12.94151],[-83.53359,12.94006],[-83.53355,12.93581],[-83.54009,12.9342],[-83.53938,12.92854],[-83.54224,12.9262],[-83.54099,12.91951],[-83.53652,12.91879],[-83.54132,12.91282],[-83.54319,12.90327],[-83.53725,12.89947],[-83.54232,12.89491],[-83.56337,12.90011],[-83.57132,12.90763],[-83.59553,12.9137],[-83.60651,12.90883],[-83.60632,12.90368],[-83.60354,12.90113],[-83.58674,12.90104],[-83.58799,12.89485],[-83.59374,12.89286],[-83.60691,12.89749],[-83.61646,12.90744],[-83.62199,12.90829],[-83.63294,12.90148],[-83.64864,12.89733],[-83.66369,12.9058],[-83.68521,12.90584],[-83.69672,12.91383],[-83.68956,12.92009],[-83.69228,12.92881],[-83.70541,12.92906],[-83.71388,12.93593],[-83.71639,12.92547],[-83.7318,12.94179],[-83.73754,12.9389],[-83.73719,12.93143],[-83.74377,12.93239],[-83.75025,12.94958],[-83.76634,12.95584],[-83.775,12.96785],[-83.77249,12.97869],[-83.77742,12.98456],[-83.80399,12.98968],[-83.81536,12.99741],[-83.83666,13.00052],[-83.84644,13.00569],[-83.85245,13.01515],[-83.84604,13.04045],[-83.84845,13.04403],[-83.86427,13.05003],[-83.86654,13.05309],[-83.86519,13.0616],[-83.87834,13.063],[-83.87582,13.07255],[-83.86462,13.08014],[-83.85947,13.0887],[-83.88031,13.10829],[-83.87648,13.11785],[-83.87932,13.12477],[-83.88745,13.12417],[-83.89364,13.11432],[-83.89731,13.11376],[-83.90211,13.11988],[-83.90216,13.124],[-83.88936,13.12981],[-83.88767,13.13463],[-83.8913,13.13828],[-83.90256,13.13532],[-83.9008,13.14204],[-83.89143,13.14973],[-83.89152,13.15759],[-83.90056,13.15517],[-83.90007,13.14745],[-83.91153,13.16148],[-83.91246,13.17305],[-83.93297,13.17513],[-83.92996,13.18675],[-83.93141,13.19858],[-83.92332,13.2033],[-83.93052,13.21184],[-83.94838,13.21151],[-83.9468,13.22208],[-83.95068,13.22757],[-83.9583,13.22825],[-83.96601,13.22417],[-83.96731,13.23394],[-83.97888,13.23509],[-83.99095,13.25554],[-83.99702,13.24329],[-83.99601,13.23953],[-83.98733,13.23821],[-83.9927,13.22669],[-84.01149,13.23728],[-84.016,13.21999],[-84.02719,13.23234],[-84.03903,13.21225],[-84.04558,13.21088],[-84.04786,13.20416],[-84.06655,13.20754],[-84.0695,13.2124],[-84.07264,13.21133],[-84.07291,13.20103],[-84.07722,13.19905],[-84.08882,13.20956],[-84.09723,13.2028],[-84.10509,13.20116],[-84.1089,13.19146],[-84.12266,13.19889],[-84.12972,13.19648],[-84.12817,13.18852],[-84.13913,13.17243],[-84.12805,13.16871],[-84.11849,13.1602],[-84.1096,13.16353],[-84.10625,13.16872],[-84.1017,13.16182],[-84.10752,13.14451],[-84.11386,13.14701],[-84.11736,13.15365],[-84.12471,13.15357],[-84.12729,13.14993],[-84.12652,13.13064],[-84.13374,13.12051],[-84.17208,13.12017],[-84.18958,13.11352],[-84.22319,13.11336],[-84.23279,13.10436],[-84.2709,13.08607],[-84.25232,13.09279],[-84.21742,13.11356],[-84.19088,13.1126],[-84.17573,13.11845],[-84.13791,13.11802],[-84.13191,13.12079],[-84.12535,13.13194],[-84.12521,13.15176],[-84.11734,13.15211],[-84.10925,13.14285],[-84.10492,13.14634],[-84.10029,13.16416],[-84.10776,13.17067],[-84.1104,13.16455],[-84.1164,13.16126],[-84.13783,13.17322],[-84.12712,13.18828],[-84.12827,13.19624],[-84.12422,13.1981],[-84.10968,13.19042],[-84.10455,13.19988],[-84.0959,13.20204],[-84.0888,13.20833],[-84.08062,13.19811],[-84.07458,13.19831],[-84.07171,13.19976],[-84.06974,13.21034],[-84.0668,13.20651],[-84.04941,13.20196],[-84.04295,13.21104],[-84.03901,13.21109],[-84.02926,13.22961],[-84.02559,13.23068],[-84.01677,13.21792],[-84.0139,13.22001],[-84.01042,13.23601],[-83.99611,13.22614],[-83.99152,13.22697],[-83.98655,13.23925],[-83.99444,13.23993],[-83.99606,13.24313],[-83.99014,13.25375],[-83.97966,13.23431],[-83.96849,13.23367],[-83.9669,13.2221],[-83.96117,13.22642],[-83.9525,13.22652],[-83.94771,13.22155],[-83.94956,13.21098],[-83.92997,13.21018],[-83.92545,13.20534],[-83.93195,13.19986],[-83.93442,13.17537],[-83.91376,13.17201],[-83.91163,13.1589],[-83.90137,13.14628],[-83.89787,13.15005],[-83.89911,13.15518],[-83.89362,13.15692],[-83.89134,13.15347],[-83.90402,13.13685],[-83.90333,13.13377],[-83.89128,13.13687],[-83.88964,13.13135],[-83.90244,13.12528],[-83.90261,13.11782],[-83.89783,13.11311],[-83.89258,13.11368],[-83.88195,13.12487],[-83.87768,13.11964],[-83.88135,13.1075],[-83.86024,13.0874],[-83.87637,13.07409],[-83.87939,13.06299],[-83.86807,13.06093],[-83.86731,13.0518],[-83.84763,13.04095],[-83.85404,13.01668],[-83.84483,13.00275],[-83.83638,12.99872],[-83.81535,12.99599],[-83.80423,12.98787],[-83.78082,12.98401],[-83.77392,12.97661],[-83.7759,12.96629],[-83.76843,12.95582],[-83.75155,12.94802],[-83.74666,12.93262],[-83.73822,12.92885],[-83.73544,12.93943],[-83.73178,12.93999],[-83.71953,12.92415],[-83.71443,12.92549],[-83.71255,12.93414],[-83.7075,12.92788],[-83.69568,12.92788],[-83.69159,12.92547],[-83.69088,12.92033],[-83.69844,12.91562],[-83.69827,12.91176],[-83.68571,12.90339],[-83.6613,12.90313],[-83.65177,12.89576],[-83.63343,12.89839],[-83.62353,12.90518],[-83.61776,12.90537],[-83.6024,12.89213],[-83.59397,12.88964],[-83.58536,12.89462],[-83.58449,12.89875],[-83.58966,12.90436],[-83.59989,12.90374],[-83.60127,12.91042],[-83.59814,12.91187],[-83.57626,12.90321],[-83.55645,12.89078],[-83.54938,12.89252],[-83.5457,12.89205],[-83.54724,12.88881],[-83.54409,12.88781],[-83.54227,12.89002],[-83.53255,12.88883],[-83.53113,12.87867],[-83.51821,12.87236],[-83.5133,12.89352],[-83.52298,12.90295],[-83.51201,12.90885],[-83.50501,12.90467],[-83.50846,12.88121],[-83.52869,12.80505],[-83.54521,12.64602],[-83.54227,12.58785],[-83.53131,12.53877],[-83.51857,12.50954],[-83.48682,12.46426],[-83.48986,12.39779],[-83.4919,12.39185],[-83.50165,12.38494],[-83.51056,12.38511],[-83.5337,12.39404],[-83.55807,12.39484],[-83.56906,12.39332],[-83.57346,12.38826],[-83.58704,12.38439],[-83.61879,12.36375],[-83.64037,12.3741],[-83.63523,12.38303],[-83.6358,12.38766],[-83.6213,12.40531],[-83.61216,12.40823],[-83.60646,12.41421],[-83.60314,12.42222],[-83.62834,12.46704],[-83.63984,12.47722],[-83.6361,12.50867],[-83.63897,12.52023],[-83.63864,12.53929],[-83.63442,12.54963],[-83.63552,12.56738],[-83.63235,12.57771],[-83.62648,12.56824],[-83.628,12.56256],[-83.62546,12.55808],[-83.6119,12.56491],[-83.59403,12.55968],[-83.57961,12.5593],[-83.56521,12.58789],[-83.56053,12.60519],[-83.55956,12.63919],[-83.57111,12.66663],[-83.57213,12.67666],[-83.55766,12.71156],[-83.55795,12.72765],[-83.56433,12.72282],[-83.56581,12.7398],[-83.54395,12.75649],[-83.54367,12.78173],[-83.54745,12.79174],[-83.56135,12.80473],[-83.5895,12.81244],[-83.6056,12.82116],[-83.62654,12.81632],[-83.63384,12.81213],[-83.64212,12.80123],[-83.65535,12.79865],[-83.65684,12.79117],[-83.66117,12.79074],[-83.6632,12.79729],[-83.65749,12.80249],[-83.65476,12.83007],[-83.66189,12.85961],[-83.66668,12.86574],[-83.6689,12.86443],[-83.6652,12.86189],[-83.66527,12.85687],[-83.67127,12.86569],[-83.674,12.8636],[-83.67423,12.87236],[-83.67859,12.87553],[-83.69597,12.8814],[-83.71068,12.86992],[-83.71088,12.84005],[-83.70093,12.82986],[-83.68968,12.83268],[-83.68126,12.83057],[-83.68037,12.82054],[-83.71623,12.81883],[-83.72821,12.82855],[-83.75833,12.83681],[-83.77061,12.84673],[-83.78843,12.8525],[-83.81168,12.84832],[-83.81735,12.84318],[-83.82677,12.84496],[-83.83043,12.84343],[-83.83235,12.8375],[-83.82728,12.83188],[-83.833,12.82321],[-83.82623,12.83163],[-83.82963,12.84266],[-83.81468,12.84257],[-83.81341,12.84696],[-83.78723,12.85148],[-83.76404,12.84246],[-83.75687,12.83507],[-83.74085,12.83305],[-83.73792,12.8287],[-83.72834,12.82736],[-83.72314,12.82113],[-83.71339,12.8166],[-83.68299,12.82],[-83.66665,12.81321],[-83.66037,12.80272],[-83.66515,12.79521],[-83.67224,12.79642],[-83.66009,12.78818],[-83.65226,12.79173],[-83.646,12.77055],[-83.65705,12.76105],[-83.65782,12.74688],[-83.64748,12.74827],[-83.63917,12.74372],[-83.63083,12.74946],[-83.62345,12.74542],[-83.61681,12.72463],[-83.62554,12.71952],[-83.62179,12.7117],[-83.60366,12.69592],[-83.60068,12.68642],[-83.60269,12.66477],[-83.60744,12.6552],[-83.59776,12.64384],[-83.5972,12.64062],[-83.60383,12.63489],[-83.59916,12.6267],[-83.61081,12.62504],[-83.61552,12.61109],[-83.62226,12.60395],[-83.63245,12.6005],[-83.64324,12.6049],[-83.64249,12.59512],[-83.65681,12.58571],[-83.6691,12.5704],[-83.68948,12.5644],[-83.70007,12.54962],[-83.71348,12.55334],[-83.73705,12.55182],[-83.74559,12.55418],[-83.76121,12.54449],[-83.76547,12.53762],[-83.76914,12.53861],[-83.77273,12.53111],[-83.77783,12.52939],[-83.77723,12.4985],[-83.7834,12.48685],[-83.78212,12.47798],[-83.77312,12.46868],[-83.77934,12.45059],[-83.77834,12.44288],[-83.77252,12.43714],[-83.77906,12.44853],[-83.77669,12.4604],[-83.76404,12.47752],[-83.75138,12.48177],[-83.7475,12.47409],[-83.74174,12.47518],[-83.74021,12.47854],[-83.73397,12.47062],[-83.72896,12.44235],[-83.73273,12.42712],[-83.71988,12.40073],[-83.73439,12.38565],[-83.73598,12.36272],[-83.73006,12.34734],[-83.73192,12.33702],[-83.7174,12.32609],[-83.70298,12.32379],[-83.70041,12.32858],[-83.69674,12.32862],[-83.69901,12.33297],[-83.69577,12.33609],[-83.68378,12.34187],[-83.68282,12.33699],[-83.67849,12.33665],[-83.67427,12.34583],[-83.67151,12.34534],[-83.66783,12.3307],[-83.66333,12.32637],[-83.67181,12.32281],[-83.67424,12.31725],[-83.67772,12.28632],[-83.68032,12.28475],[-83.67894,12.27781],[-83.68229,12.2725],[-83.69874,12.26424],[-83.70441,12.24589],[-83.70388,12.23277],[-83.71116,12.22755],[-83.70887,12.22087],[-83.7007,12.2158],[-83.7008,12.22533],[-83.70853,12.22615],[-83.70349,12.23251],[-83.70362,12.2459],[-83.69783,12.26396],[-83.68099,12.27341],[-83.67075,12.27017],[-83.66479,12.2764],[-83.66563,12.2818],[-83.66133,12.2839],[-83.66796,12.3047],[-83.65764,12.30686],[-83.65714,12.32205],[-83.66223,12.33359],[-83.65386,12.33496],[-83.64854,12.35303],[-83.63186,12.36118],[-83.63216,12.36478],[-83.61829,12.35255],[-83.62276,12.34092],[-83.64306,12.31549],[-83.66153,12.27695],[-83.67315,12.23487],[-83.67953,12.18468],[-83.68438,12.18069],[-83.68879,12.12452],[-83.68573,12.01486],[-83.71915,12.0475],[-83.7278,12.06234],[-83.73165,12.08136],[-83.7344,12.08108],[-83.73407,12.08536],[-83.72286,12.0911],[-83.72264,12.09587],[-83.71924,12.09564],[-83.71653,12.08691],[-83.71208,12.0858],[-83.70639,12.09268],[-83.69925,12.08541],[-83.703,12.09348],[-83.6964,12.10101],[-83.69683,12.10461],[-83.70713,12.11404],[-83.69664,12.11183],[-83.70165,12.11615],[-83.71783,12.16311],[-83.74071,12.1737],[-83.7434,12.16801],[-83.7414,12.1652],[-83.73171,12.16426],[-83.73325,12.15836],[-83.72797,12.15709],[-83.7266,12.15015],[-83.72109,12.14866],[-83.71671,12.13691],[-83.71031,12.13126],[-83.71324,12.12351],[-83.72355,12.12032],[-83.72381,12.10744],[-83.72967,12.09219],[-83.73616,12.08698],[-83.74036,12.08823],[-83.73861,12.07099],[-83.74792,12.08609],[-83.74571,12.09976],[-83.74881,12.12238],[-83.75854,12.13979],[-83.77448,12.15038],[-83.7926,12.15606],[-83.82436,12.15908],[-83.85105,12.15292],[-83.8531,12.16136],[-83.85727,12.15965],[-83.85276,12.15429],[-83.86157,12.13718],[-83.8826,12.1374],[-83.89595,12.1317],[-83.89681,12.12642],[-83.89092,12.11934],[-83.8924,12.11719],[-83.91332,12.11671],[-83.92218,12.11314],[-83.93213,12.11527],[-83.93567,12.10322],[-83.94754,12.09443],[-83.9461,12.08831],[-83.95656,12.08781],[-83.95408,12.07646],[-83.95651,12.07159],[-83.96248,12.07937],[-83.96985,12.07983],[-83.97369,12.08352],[-83.97505,12.09544],[-83.9798,12.09857],[-83.98703,12.09144],[-83.99321,12.10235],[-83.99819,12.1019],[-83.99696,12.09184],[-84.00641,12.09789],[-84.01043,12.09101],[-84.02307,12.10589],[-84.02622,12.10662],[-84.02441,12.09763],[-84.02897,12.09565],[-84.04397,12.10347],[-84.0469,12.09713],[-84.04421,12.08874],[-84.04958,12.09067],[-84.07266,12.12072],[-84.08816,12.11599],[-84.09253,12.11825],[-84.09106,12.12753],[-84.11564,12.12674],[-84.1222,12.11626],[-84.12755,12.11382],[-84.13727,12.13087],[-84.1437,12.15473],[-84.16104,12.16122],[-84.16379,12.16502],[-84.1679,12.1663],[-84.17276,12.15672],[-84.17796,12.15395],[-84.18111,12.15482],[-84.1798,12.16616],[-84.18574,12.17059],[-84.2217,12.15872],[-84.22062,12.15591],[-84.21697,12.15672],[-84.2058,12.1638],[-84.18651,12.16904],[-84.18083,12.16435],[-84.18241,12.15455],[-84.17951,12.15265],[-84.17274,12.15517],[-84.16522,12.16448],[-84.16259,12.15979],[-84.1438,12.15216],[-84.13829,12.12828],[-84.12803,12.11193],[-84.1241,12.11171],[-84.11354,12.12599],[-84.09261,12.12597],[-84.09501,12.11796],[-84.08727,12.11498],[-84.07449,12.11973],[-84.06922,12.11593],[-84.06172,12.10057],[-84.04684,12.08734],[-84.04285,12.08885],[-84.04421,12.10154],[-84.0395,12.10146],[-84.03419,12.0947],[-84.02712,12.09387],[-84.02299,12.09894],[-84.02462,12.10458],[-84.0189,12.09538],[-84.01051,12.08944],[-84.00412,12.09692],[-83.99839,12.0899],[-83.99491,12.09049],[-83.99608,12.10142],[-83.99073,12.09079],[-83.98728,12.08973],[-83.97904,12.0967],[-83.9744,12.08175],[-83.96966,12.07763],[-83.96162,12.07781],[-83.95675,12.06992],[-83.95172,12.07602],[-83.95419,12.08821],[-83.94516,12.08574],[-83.94611,12.09407],[-83.9353,12.09945],[-83.93045,12.11312],[-83.92006,12.11098],[-83.91565,12.11437],[-83.90517,12.11268],[-83.89107,12.11553],[-83.88823,12.11891],[-83.8942,12.12657],[-83.88917,12.13357],[-83.8604,12.13438],[-83.85629,12.14189],[-83.82739,12.15468],[-83.80488,12.154],[-83.78381,12.14784],[-83.76754,12.13727],[-83.75233,12.1208],[-83.74979,12.10255],[-83.75208,12.08399],[-83.74385,12.0591],[-83.74936,12.03796],[-83.75284,12.03726],[-83.75623,12.04765],[-83.76763,12.04238],[-83.78268,12.05717],[-83.79261,12.05604],[-83.80364,12.06082],[-83.80486,12.05257],[-83.80197,12.05105],[-83.79744,12.05522],[-83.79073,12.05181],[-83.78388,12.05594],[-83.78288,12.05099],[-83.77408,12.04773],[-83.77597,12.04127],[-83.7661,12.0376],[-83.76083,12.03061],[-83.75862,12.00682],[-83.76424,12.00525],[-83.76518,11.99633],[-83.76027,11.98891],[-83.76188,11.98391],[-83.77271,11.97823],[-83.76918,11.96872],[-83.77182,11.96742],[-83.77303,11.95763],[-83.76922,11.94312],[-83.77964,11.93941],[-83.78036,11.93284],[-83.78844,11.9307],[-83.79932,11.92106],[-83.80263,11.91254],[-83.79952,11.90596],[-83.80357,11.90184],[-83.82387,11.89353],[-83.83293,11.88456],[-83.83892,11.88282],[-83.84005,11.87741],[-83.83402,11.86395],[-83.82593,11.86442],[-83.81435,11.85707],[-83.82001,11.84826],[-83.81214,11.83289],[-83.7988,11.81886],[-83.78607,11.81358],[-83.7873,11.80559],[-83.78345,11.79944],[-83.74507,11.80342],[-83.74304,11.80936],[-83.74791,11.81318],[-83.75184,11.84043],[-83.74812,11.8469],[-83.74694,11.86018],[-83.74127,11.86757],[-83.72857,11.86589],[-83.7234,11.85873],[-83.71333,11.85368],[-83.70823,11.8572],[-83.70258,11.85481],[-83.69803,11.81726],[-83.68632,11.79523],[-83.67186,11.73254],[-83.66934,11.71531],[-83.67863,11.70261],[-83.67768,11.69876],[-83.66982,11.69677],[-83.66466,11.69012],[-83.65399,11.62559],[-83.64292,11.61475],[-83.65313,11.58981],[-83.66021,11.59283],[-83.66104,11.5981],[-83.66942,11.59996],[-83.66919,11.60331],[-83.67574,11.60595],[-83.6869,11.59799],[-83.69164,11.58868],[-83.69776,11.58759],[-83.70605,11.58069],[-83.71469,11.56435],[-83.71715,11.56681],[-83.73204,11.56732],[-83.741,11.56221],[-83.75131,11.56186],[-83.77209,11.51068],[-83.78582,11.51351],[-83.792,11.50457],[-83.7947,11.51381],[-83.79914,11.51441],[-83.80478,11.5038],[-83.82768,11.50517],[-83.82875,11.49881],[-83.81985,11.49658],[-83.83257,11.4895],[-83.854,11.49187],[-83.86122,11.48304],[-83.87627,11.48301],[-83.87654,11.47543],[-83.87375,11.48382],[-83.86121,11.48227],[-83.8532,11.49059],[-83.831,11.48913],[-83.81983,11.49477],[-83.8189,11.49815],[-83.82772,11.50036],[-83.82671,11.50423],[-83.80399,11.50317],[-83.79914,11.51364],[-83.79521,11.51252],[-83.79199,11.50341],[-83.78808,11.50461],[-83.7871,11.51079],[-83.77347,11.50578],[-83.7818,11.47635],[-83.78885,11.47641],[-83.7913,11.47342],[-83.79923,11.444],[-83.82797,11.44707],[-83.83257,11.43698],[-83.83961,11.43691],[-83.85074,11.41441],[-83.85827,11.41021],[-83.8609,11.39938],[-83.86559,11.39869],[-83.87222,11.37069],[-83.87504,11.33951],[-83.87342,11.29447],[-83.86153,11.22688],[-83.84195,11.15729],[-83.84671,11.16446],[-83.81127,11.07301],[-83.79467,11.03828],[-83.76331,10.98784],[-83.73251,10.95387],[-83.71444,10.94451],[-83.72172,10.94264],[-83.72958,10.94759],[-83.75888,10.97398],[-83.73612,10.94998],[-83.71988,10.94073],[-83.71841,10.93675],[-83.7271,10.93281],[-83.7093,10.92305],[-83.707,10.92861],[-83.71041,10.92843],[-83.71015,10.93064],[-83.70705,10.93427],[-83.71418,10.92743],[-83.7194,10.93174],[-83.71383,10.93396],[-83.71804,10.93855],[-83.71572,10.94179],[-83.70766,10.94354],[-83.70372,10.93971],[-83.69851,10.93976],[-83.69751,10.93471],[-83.69052,10.93545],[-83.69651,10.93473],[-83.68815,10.93264],[-83.67663,10.9069],[-83.67665,10.90249],[-83.68302,10.89792],[-83.6683,10.88939],[-83.66763,10.8761],[-83.67504,10.85318],[-83.66065,10.81814],[-83.67006,10.79765],[-83.69276,10.78855],[-83.6998,10.7876],[-83.71389,10.79278],[-83.72465,10.78522],[-83.75984,10.77508],[-83.7619,10.76908],[-83.78264,10.7719],[-83.79291,10.76922],[-83.8007,10.75453],[-83.81222,10.74606],[-83.82199,10.74921],[-83.84046,10.74383],[-83.86341,10.71745],[-83.87152,10.71641],[-83.88921,10.72183],[-83.93119,10.70759],[-83.93515,10.71051],[-83.9356,10.7195],[-83.96668,10.72891],[-83.97178,10.74506],[-84.00471,10.76398],[-84.02091,10.79156],[-84.02824,10.7916],[-84.03168,10.78725],[-84.0358,10.77144],[-84.04159,10.77095],[-84.04957,10.77866],[-84.05668,10.77785],[-84.06202,10.77237],[-84.06314,10.76319],[-84.08068,10.75867],[-84.1014,10.77413],[-84.1062,10.77423],[-84.11461,10.76585],[-84.12775,10.76573],[-84.13202,10.77168],[-84.13247,10.7829],[-84.14038,10.78767],[-84.16533,10.78518],[-84.19179,10.78964],[-84.20249,10.78183],[-84.20828,10.79151],[-84.20565,10.79715],[-84.22279,10.80116],[-84.22943,10.81192],[-84.23661,10.81383],[-84.23609,10.8202],[-84.21977,10.82581],[-84.21535,10.83796],[-84.21939,10.8641],[-84.22569,10.87411],[-84.23905,10.87734],[-84.24302,10.88417],[-84.25616,10.89053],[-84.28481,10.89473],[-84.29222,10.9118],[-84.30682,10.91671],[-84.30991,10.92176],[-84.31645,10.91627],[-84.32268,10.91793],[-84.3317,10.93116],[-84.33637,10.94596],[-84.35043,10.95038],[-84.34759,10.9667],[-84.34197,10.97474],[-84.3587,10.9955],[-84.37635,10.97736],[-84.39982,10.97498],[-84.4206,10.95488],[-84.4503,10.96056],[-84.48579,11.00057],[-84.56442,11.03296],[-84.57468,11.05107],[-84.60599,11.03838],[-84.66634,11.07228],[-84.68086,11.08463],[-84.91091,10.94394],[-85.22761,11.06253],[-85.35747,11.12608],[-85.424,11.12906],[-85.4966,11.15754],[-85.52215,11.1677],[-85.56043,11.21019],[-85.60984,11.21968],[-85.69304,11.07889],[-85.70873,11.08025],[-85.71939,11.08841],[-85.73296,11.08873],[-85.73529,11.09157],[-85.74183,11.08773],[-85.74543,11.09702],[-85.75744,11.09939],[-85.76236,11.10818],[-85.77071,11.10615],[-85.77408,11.11132],[-85.77905,11.10954],[-85.77954,11.11701],[-85.78869,11.11576],[-85.7988,11.12997],[-85.79316,11.13613],[-85.79417,11.14387],[-85.79925,11.14609],[-85.80647,11.16814],[-85.81931,11.18726],[-85.83503,11.20562],[-85.84181,11.20732],[-85.84828,11.22166],[-85.85247,11.2205],[-85.85374,11.22579],[-85.86336,11.23588],[-85.86728,11.23383],[-85.87104,11.24184],[-85.87483,11.23928],[-85.87949,11.24908],[-85.87348,11.25061],[-85.8758,11.25952],[-85.88963,11.25943],[-85.893,11.26576],[-85.88752,11.26599],[-85.88776,11.27154],[-85.89012,11.26898],[-85.89102,11.27206],[-85.8956,11.27028],[-85.90368,11.2734],[-85.89923,11.27673],[-85.90445,11.2801],[-85.90389,11.2868],[-85.92053,11.30593],[-85.93176,11.30571],[-85.93486,11.31294],[-85.94397,11.32174],[-85.94763,11.32175],[-85.95282,11.33053],[-85.9734,11.3449],[-85.96022,11.34447],[-85.9619,11.34732],[-85.97913,11.34815],[-85.98046,11.34248],[-85.99506,11.34897],[-85.99504,11.35516],[-86.00182,11.35647],[-86.0039,11.36137],[-86.01042,11.36191],[-86.00754,11.3668],[-86.01351,11.37416],[-86.019,11.37302],[-86.02004,11.37612],[-86.0323,11.37925],[-86.03007,11.38259],[-86.03616,11.39782],[-86.05543,11.4105],[-86.07244,11.41491],[-86.07394,11.42655],[-86.08618,11.43664],[-86.08682,11.44231],[-86.11197,11.46068],[-86.10453,11.45886],[-86.10411,11.46749],[-86.1151,11.46366],[-86.13075,11.47298],[-86.15907,11.48272],[-86.17221,11.49978],[-86.16553,11.50697],[-86.16604,11.51136],[-86.17893,11.52634],[-86.19249,11.53682],[-86.20111,11.53955],[-86.20578,11.55064],[-86.21335,11.55414],[-86.21125,11.55607],[-86.22301,11.55906],[-86.24206,11.56968],[-86.26605,11.58945],[-86.30783,11.60709],[-86.33864,11.62417],[-86.34953,11.63318],[-86.34866,11.63623],[-86.35221,11.63554],[-86.37905,11.67348],[-86.39915,11.69157],[-86.5172,11.77659],[-86.52068,11.80623],[-86.53568,11.82816],[-86.58181,11.8757],[-86.58144,11.87883],[-86.58532,11.87901],[-86.61694,11.90663],[-86.61968,11.91901],[-86.61732,11.92081],[-86.61783,11.92983],[-86.63337,11.95563],[-86.66578,11.98814],[-86.66421,11.99329],[-86.66636,11.99449],[-86.66769,11.99074],[-86.68356,12.0062],[-86.68721,12.02167],[-86.73414,12.09466],[-86.73713,12.10935],[-86.74616,12.12482],[-86.74484,12.13049],[-86.74889,12.14622],[-86.75333,12.14906],[-86.7511,12.15653],[-86.75595,12.16014],[-86.75543,12.14829],[-86.75988,12.15087],[-86.75686,12.1586],[-86.76995,12.17871],[-86.76955,12.18245],[-86.76379,12.17986],[-86.76143,12.18218],[-86.7613,12.17406],[-86.75751,12.17007],[-86.75541,12.17225],[-86.76039,12.17381],[-86.75868,12.1805],[-86.76417,12.1867],[-86.76495,12.2001],[-86.75971,12.2019],[-86.76077,12.19881],[-86.7567,12.19674],[-86.75578,12.20188],[-86.76075,12.21143],[-86.75315,12.2122],[-86.75223,12.20949],[-86.74228,12.20716],[-86.74123,12.2109],[-86.74699,12.21181],[-86.74738,12.21452],[-86.74149,12.21411],[-86.74174,12.21889],[-86.7496,12.22508],[-86.74658,12.22663],[-86.73781,12.22314],[-86.73021,12.22687],[-86.7316,12.23014],[-86.73607,12.22942],[-86.73124,12.23101],[-86.72338,12.24181],[-86.73084,12.25342],[-86.73595,12.25291],[-86.7336,12.24182],[-86.74277,12.23848],[-86.74801,12.24441],[-86.7488,12.24055],[-86.75312,12.23978],[-86.75169,12.23385],[-86.75562,12.23463],[-86.75588,12.23128],[-86.76046,12.23618],[-86.75417,12.23643],[-86.75456,12.24029],[-86.76565,12.25173],[-86.76547,12.24424],[-86.77133,12.24469],[-86.77147,12.23566],[-86.77868,12.23671],[-86.78584,12.23018],[-86.78955,12.23568],[-86.78666,12.23903],[-86.79334,12.24084],[-86.79373,12.24394],[-86.78915,12.24354],[-86.78927,12.25063],[-86.79307,12.25167],[-86.79189,12.25579],[-86.79962,12.25567],[-86.80146,12.24935],[-86.80548,12.24849],[-86.81561,12.25504],[-86.81535,12.24988],[-86.81862,12.24988],[-86.82138,12.2437],[-86.82518,12.24808],[-86.83238,12.24783],[-86.8312,12.25272],[-86.84469,12.2651],[-86.85702,12.26538],[-86.8591,12.26266],[-86.86513,12.26833],[-86.86775,12.26305],[-86.87692,12.27337],[-86.87456,12.28264],[-86.87927,12.28677],[-86.88609,12.28252],[-86.89146,12.29167],[-86.88949,12.29579],[-86.89709,12.29916],[-86.89996,12.30765],[-86.90941,12.3065],[-86.91137,12.31359],[-86.92329,12.32157],[-86.92617,12.32983],[-86.93692,12.3315],[-86.93902,12.32815],[-86.94767,12.33241],[-86.94924,12.32854],[-86.96707,12.33138],[-86.96812,12.33654],[-86.97283,12.33499],[-86.97624,12.33937],[-86.97571,12.34569],[-86.97938,12.34466],[-86.98463,12.35187],[-86.98686,12.34582],[-86.98961,12.34594],[-87.00481,12.36154],[-87.01923,12.36966],[-87.02552,12.36772],[-87.01635,12.36373],[-87.01595,12.35948],[-87.02316,12.35947],[-87.04663,12.38318],[-87.04624,12.3864],[-87.04152,12.38576],[-87.04126,12.38177],[-87.0389,12.38499],[-87.03115,12.38525],[-87.03365,12.39478],[-87.04467,12.39259],[-87.04781,12.39865],[-87.05961,12.39877],[-87.06302,12.40199],[-87.06154,12.40964],[-87.06447,12.41308],[-87.07115,12.41746],[-87.07928,12.41565],[-87.07876,12.41977],[-87.09515,12.43162],[-87.09056,12.43768],[-87.09502,12.43922],[-87.09398,12.44657],[-87.09739,12.4467],[-87.09739,12.44992],[-87.10316,12.44966],[-87.105,12.45482],[-87.10945,12.44863],[-87.10814,12.45933],[-87.09765,12.46062],[-87.09975,12.46642],[-87.10222,12.46593],[-87.09925,12.46802],[-87.10305,12.47517],[-87.10186,12.48007],[-87.10528,12.48471],[-87.11279,12.48538],[-87.11313,12.49476],[-87.12337,12.49308],[-87.12783,12.49553],[-87.12731,12.5079],[-87.13701,12.50673],[-87.12351,12.51357],[-87.13308,12.51563],[-87.13713,12.51272],[-87.14201,12.51536],[-87.14253,12.51781],[-87.13493,12.52155],[-87.14175,12.52516],[-87.14936,12.52335],[-87.15513,12.53081],[-87.15933,12.53081],[-87.15827,12.53572],[-87.16248,12.53958],[-87.17113,12.53287],[-87.17337,12.53777],[-87.17769,12.53235],[-87.18661,12.5357],[-87.18884,12.52719],[-87.1958,12.53956],[-87.19868,12.53646],[-87.19684,12.53208],[-87.20209,12.53053],[-87.2005,12.52636],[-87.20537,12.52795],[-87.20366,12.53388],[-87.20865,12.54161],[-87.21758,12.54263],[-87.21942,12.5492],[-87.21522,12.54844],[-87.22021,12.55681],[-87.23464,12.56014],[-87.23544,12.56543],[-87.23164,12.56994],[-87.23413,12.57032],[-87.23413,12.57483],[-87.23991,12.57869],[-87.24751,12.57644],[-87.24359,12.58359],[-87.2512,12.58448],[-87.25696,12.5801],[-87.26116,12.58151],[-87.26353,12.58782],[-87.26641,12.58499],[-87.26956,12.58666],[-87.27166,12.5824],[-87.2764,12.59477],[-87.2798,12.59193],[-87.28952,12.59514],[-87.29241,12.60609],[-87.28993,12.61035],[-87.29543,12.61085],[-87.30634,12.62399],[-87.29624,12.62529],[-87.30084,12.63082],[-87.2977,12.6343],[-87.30399,12.63456],[-87.29901,12.64049],[-87.29337,12.64076],[-87.30637,12.6495],[-87.30454,12.65646],[-87.29274,12.65802],[-87.2913,12.66163],[-87.30298,12.66239],[-87.30692,12.67166],[-87.31348,12.66418],[-87.31558,12.66753],[-87.32083,12.66508],[-87.32792,12.67292],[-87.33054,12.66442],[-87.34314,12.66891],[-87.34497,12.66427],[-87.34104,12.66363],[-87.33971,12.65642],[-87.34443,12.65319],[-87.35441,12.65408],[-87.36004,12.64892],[-87.34889,12.64829],[-87.34377,12.64379],[-87.34494,12.6403],[-87.33444,12.6371],[-87.33549,12.63323],[-87.3431,12.63399],[-87.34228,12.61621],[-87.36199,12.63203],[-87.36318,12.64247],[-87.37528,12.65689],[-87.37463,12.66436],[-87.37975,12.66178],[-87.38566,12.66847],[-87.38541,12.67813],[-87.38711,12.67388],[-87.39158,12.67568],[-87.39471,12.69337],[-87.39882,12.69345],[-87.40014,12.69692],[-87.4138,12.70451],[-87.4146,12.70786],[-87.41158,12.70889],[-87.41658,12.71713],[-87.42038,12.71403],[-87.43378,12.72071],[-87.44378,12.73461],[-87.47296,12.75775],[-87.47718,12.76471],[-87.47429,12.76561],[-87.47008,12.7615],[-87.46484,12.76395],[-87.46378,12.75983],[-87.46693,12.76086],[-87.46706,12.75854],[-87.45965,12.74962],[-87.43987,12.74776],[-87.43799,12.72766],[-87.42802,12.72768],[-87.42722,12.72291],[-87.41751,12.72409],[-87.42396,12.73413],[-87.42186,12.73568],[-87.43473,12.74133],[-87.4333,12.74442],[-87.42489,12.74083],[-87.41965,12.74612],[-87.4178,12.74238],[-87.41387,12.74291],[-87.41808,12.75012],[-87.41638,12.75656],[-87.41967,12.76081],[-87.42584,12.75964],[-87.42651,12.76814],[-87.43193,12.7665],[-87.43358,12.75447],[-87.43738,12.75421],[-87.44909,12.76849],[-87.46064,12.7668],[-87.46013,12.77376],[-87.45434,12.77003],[-87.44437,12.77121],[-87.44297,12.77465],[-87.43519,12.77715],[-87.43467,12.78256],[-87.42995,12.78283],[-87.42769,12.79176],[-87.42314,12.79315],[-87.42524,12.79675],[-87.42971,12.79636],[-87.42972,12.80087],[-87.4246,12.80294],[-87.42553,12.81157],[-87.43682,12.81065],[-87.43576,12.80099],[-87.44338,12.80355],[-87.44678,12.79852],[-87.45282,12.79993],[-87.45597,12.79747],[-87.45372,12.79026],[-87.45031,12.78924],[-87.45398,12.78562],[-87.45556,12.78923],[-87.45924,12.78793],[-87.46354,12.77517],[-87.46893,12.77941],[-87.46974,12.78662],[-87.46619,12.78831],[-87.47145,12.79178],[-87.46543,12.80403],[-87.45755,12.80108],[-87.45467,12.80688],[-87.46308,12.8079],[-87.464,12.8106],[-87.46098,12.81177],[-87.46292,12.81799],[-87.46743,12.81936],[-87.4728,12.81316],[-87.4791,12.81148],[-87.49605,12.8157],[-87.48465,12.82641],[-87.4915,12.83903],[-87.4978,12.83605],[-87.49608,12.83245],[-87.4991,12.82987],[-87.49449,12.82524],[-87.5046,12.8238],[-87.50436,12.83218],[-87.5016,12.83373],[-87.50489,12.83733],[-87.49834,12.84378],[-87.5007,12.84404],[-87.50046,12.85383],[-87.49746,12.86337],[-87.50232,12.86542],[-87.50128,12.86826],[-87.50969,12.87031],[-87.51046,12.86541],[-87.51951,12.85714],[-87.52332,12.85778],[-87.53145,12.85042],[-87.53723,12.8517],[-87.53722,12.84835],[-87.54194,12.84653],[-87.54864,12.84703],[-87.5511,12.82976],[-87.55768,12.83632],[-87.57055,12.83887],[-87.57264,12.83075],[-87.56764,12.82715],[-87.50455,12.80022],[-87.50271,12.79507],[-87.50585,12.7921],[-87.49113,12.78504],[-87.48665,12.77435],[-87.48231,12.77217],[-87.48309,12.76598],[-87.48558,12.76559],[-87.51952,12.79684],[-87.63313,12.86514],[-87.69038,12.9119],[-87.68442,12.94155],[-87.67657,12.9542],[-87.67516,12.96503],[-87.66271,12.97794],[-87.66181,12.98696],[-87.65054,12.9964],[-87.63609,12.99927],[-87.61851,13.00872],[-87.5986,13.03479],[-87.59219,13.04847],[-87.58408,13.04728],[-87.57656,13.05134],[-87.58077,13.05326],[-87.57472,13.05405],[-87.57121,13.05118],[-87.55027,13.04998],[-87.5292,13.02966],[-87.51631,13.02569],[-87.50432,13.01],[-87.48761,12.9974],[-87.47719,12.98041],[-87.47809,12.96907],[-87.47507,12.96779],[-87.47754,12.95567],[-87.4756,12.94991],[-87.48041,12.94587],[-87.48829,12.94637],[-87.48407,12.93659],[-87.48198,12.942],[-87.47776,12.93583],[-87.46962,12.93404],[-87.46829,12.92811],[-87.46172,12.92825],[-87.45987,12.91898],[-87.45422,12.92221],[-87.45804,12.92452],[-87.45726,12.9289],[-87.46068,12.93328],[-87.45385,12.93174],[-87.41309,12.91351],[-87.39706,12.91199],[-87.39943,12.90954],[-87.39705,12.90529],[-87.3763,12.90378],[-87.36814,12.89632],[-87.35868,12.89504],[-87.35762,12.88911],[-87.36839,12.88729],[-87.36865,12.88266],[-87.36366,12.8824],[-87.35815,12.88757],[-87.35997,12.87713],[-87.37416,12.87994],[-87.37428,12.87389],[-87.37941,12.87813],[-87.40332,12.87925],[-87.40517,12.88544],[-87.41226,12.88749],[-87.41241,12.89419],[-87.4191,12.89418],[-87.42161,12.89933],[-87.42909,12.89532],[-87.43461,12.89724],[-87.43616,12.88448],[-87.42671,12.88953],[-87.42578,12.88154],[-87.42854,12.88256],[-87.4259,12.87587],[-87.42223,12.87587],[-87.41987,12.88],[-87.41329,12.87615],[-87.40766,12.88208],[-87.40831,12.87744],[-87.39228,12.87566],[-87.38833,12.87142],[-87.38019,12.87001],[-87.38478,12.86562],[-87.38882,12.84758],[-87.38462,12.84668],[-87.37623,12.85752],[-87.37072,12.8592],[-87.36731,12.86642],[-87.36206,12.86462],[-87.36259,12.86849],[-87.3568,12.86476],[-87.35995,12.86321],[-87.35382,12.86112],[-87.35103,12.86851],[-87.34643,12.87006],[-87.34658,12.87702],[-87.32451,12.87472],[-87.32583,12.8822],[-87.34106,12.88012],[-87.34029,12.89017],[-87.32426,12.89019],[-87.32215,12.88426],[-87.32426,12.88375],[-87.31899,12.87447],[-87.31663,12.88131],[-87.3119,12.87758],[-87.30797,12.88273],[-87.3084,12.87387],[-87.31373,12.87165],[-87.31399,12.86649],[-87.31031,12.86289],[-87.30838,12.87062],[-87.30611,12.86624],[-87.29586,12.86509],[-87.28548,12.85621],[-87.27274,12.857],[-87.26933,12.86306],[-87.27328,12.86886],[-87.27748,12.87104],[-87.28221,12.86872],[-87.28484,12.87451],[-87.29115,12.87476],[-87.2956,12.86651],[-87.30048,12.87733],[-87.29523,12.88636],[-87.30272,12.8888],[-87.306,12.88351],[-87.3085,12.8884],[-87.30457,12.89434],[-87.30812,12.8982],[-87.31377,12.89832],[-87.31719,12.90643],[-87.32113,12.90643],[-87.32245,12.90952],[-87.31983,12.91145],[-87.30669,12.91392],[-87.30433,12.91624],[-87.3067,12.92191],[-87.30329,12.92269],[-87.29671,12.91625],[-87.29723,12.91045],[-87.29434,12.91213],[-87.29145,12.90621],[-87.28737,12.90492],[-87.28881,12.89745],[-87.28276,12.89088],[-87.28145,12.8932],[-87.28749,12.89719],[-87.28553,12.90363],[-87.2829,12.90338],[-87.27803,12.89153],[-87.27973,12.8874],[-87.27672,12.89089],[-87.27304,12.88742],[-87.26279,12.88665],[-87.25819,12.87995],[-87.25859,12.8864],[-87.24414,12.89208],[-87.2406,12.89054],[-87.23898,12.89638],[-87.23154,12.89596],[-87.23496,12.90175],[-87.23075,12.8975],[-87.22129,12.89854],[-87.21287,12.88051],[-87.21589,12.87458],[-87.18424,12.88427],[-87.18187,12.87203],[-87.18449,12.86713],[-87.18843,12.86816],[-87.19386,12.86283],[-87.1871,12.86133],[-87.18712,12.86507],[-87.18056,12.86623],[-87.18107,12.86365],[-87.17332,12.85786],[-87.17621,12.85528],[-87.17319,12.85167],[-87.17436,12.8442],[-87.17948,12.83608],[-87.17869,12.83131],[-87.16844,12.82694],[-87.16607,12.81302],[-87.15714,12.81689],[-87.16358,12.81663],[-87.16477,12.82848],[-87.17803,12.83466],[-87.17029,12.84291],[-87.15308,12.83648],[-87.15728,12.82772],[-87.15072,12.82824],[-87.1494,12.81096],[-87.14348,12.81445],[-87.1441,12.81861],[-87.14821,12.81767],[-87.15006,12.82514],[-87.14586,12.8294],[-87.12616,12.82657],[-87.12432,12.81742],[-87.13377,12.81832],[-87.13337,12.81484],[-87.12609,12.8077],[-87.11722,12.80931],[-87.11538,12.80274],[-87.1033,12.79901],[-87.09148,12.80597],[-87.07415,12.80842],[-87.07048,12.81525],[-87.04303,12.82286],[-87.04212,12.82544],[-87.0169,12.82402],[-87.01401,12.82519],[-87.01559,12.82892],[-87.00469,12.83189],[-86.98828,12.82905],[-86.98624,12.83806],[-86.98174,12.83931],[-86.98696,12.83807],[-86.98854,12.82932],[-86.99564,12.82879],[-87.02531,12.83923],[-87.01664,12.84723],[-87.01126,12.84786],[-87.0169,12.85508],[-87.0169,12.86075],[-87.02662,12.86514],[-87.0286,12.87286],[-87.02321,12.8775],[-87.02531,12.88163],[-87.02794,12.87776],[-87.04028,12.87647],[-87.04265,12.87852],[-87.03792,12.8842],[-87.04318,12.88484],[-87.05885,12.87999],[-87.05867,12.87737],[-87.06366,12.87556],[-87.07023,12.87619],[-87.07181,12.88136],[-87.09817,12.88436],[-87.08994,12.88664],[-87.07391,12.88265],[-87.07128,12.88329],[-87.07234,12.88729],[-87.07444,12.88419],[-87.08915,12.88818],[-87.10202,12.88728],[-87.10084,12.89604],[-87.10859,12.90351],[-87.10229,12.90622],[-87.09769,12.90403],[-87.09782,12.90068],[-87.08548,12.89965],[-87.08377,12.90816],[-87.06814,12.90663],[-87.08521,12.90866],[-87.08561,12.90198],[-87.08968,12.89991],[-87.09467,12.90403],[-87.08548,12.9137],[-87.06919,12.91434],[-87.06577,12.90868],[-87.06764,12.90684],[-87.05631,12.90121],[-87.05027,12.90971],[-87.05553,12.91242],[-87.06157,12.90791],[-87.06735,12.91564],[-87.07025,12.93033],[-87.07576,12.92182],[-87.07944,12.92878],[-87.08483,12.9262],[-87.08417,12.91898],[-87.0952,12.92439],[-87.09744,12.93057],[-87.09337,12.93083],[-87.09232,12.9378],[-87.08628,12.93844],[-87.08602,12.94359],[-87.08102,12.93702],[-87.07209,12.93819],[-87.06815,12.94218],[-87.08022,12.9378],[-87.08234,12.94166],[-87.07958,12.94527],[-87.08313,12.94836],[-87.09889,12.95171],[-87.10087,12.96511],[-87.10954,12.96717],[-87.10888,12.96098],[-87.11309,12.96124],[-87.11808,12.9651],[-87.11651,12.97154],[-87.12203,12.97631],[-87.12229,12.98172],[-87.11362,12.98198],[-87.11336,12.98495],[-87.12282,12.9852],[-87.1223,12.98726],[-87.14201,12.99768],[-87.06492,13.00236],[-87.06032,12.99324],[-87.04954,12.99164],[-87.05198,12.98452],[-87.0491,12.98826],[-87.02751,12.9869],[-87.02334,12.99793],[-87.02741,13.00278],[-87.02224,13.00845],[-87.01656,13.0048],[-87.01765,13.0002],[-87.00962,13.00303],[-87.00676,13.01219],[-86.996,13.0209],[-86.98816,13.02401],[-86.98158,13.02123],[-86.97061,13.03108],[-86.96412,13.03135],[-86.95524,13.03861],[-86.95871,13.05246],[-86.95433,13.05586],[-86.95433,13.06323],[-86.94309,13.06848],[-86.93424,13.07901],[-86.92641,13.08251],[-86.91568,13.09888],[-86.91973,13.10369],[-86.92816,13.10237],[-86.92735,13.11969],[-86.93425,13.12478],[-86.9237,13.13292],[-86.92186,13.14119],[-86.92474,13.14559],[-86.92175,13.15018],[-86.91386,13.15106],[-86.91337,13.15433],[-86.93328,13.18039],[-86.93204,13.18793],[-86.9254,13.19004],[-86.92013,13.19994],[-86.92074,13.20838],[-86.91531,13.21363],[-86.92288,13.22364],[-86.91085,13.22247],[-86.90955,13.22613],[-86.91372,13.23395],[-86.9055,13.25249],[-86.91591,13.26057],[-86.90099,13.27132],[-86.89057,13.27298],[-86.88248,13.27952],[-86.87498,13.28096],[-86.87686,13.28721],[-86.86775,13.30427],[-86.8496,13.30077],[-86.83551,13.30544],[-86.83435,13.31157],[-86.8301,13.31417],[-86.82486,13.31305],[-86.80033,13.30325],[-86.79833,13.29901],[-86.79385,13.29878],[-86.79138,13.29411],[-86.75429,13.26742],[-86.72636,13.29066],[-86.7118,13.29555],[-86.70573,13.30302],[-86.70357,13.3137],[-86.70749,13.32373],[-86.71058,13.35917],[-86.7072,13.36572],[-86.71446,13.37708],[-86.72107,13.38094],[-86.72729,13.37903],[-86.73686,13.38119],[-86.74421,13.40142],[-86.74417,13.40659],[-86.72093,13.43481],[-86.72516,13.44243],[-86.72377,13.45701],[-86.74153,13.48655],[-86.74291,13.52796],[-86.75081,13.56645],[-86.757,13.5714],[-86.76499,13.5714],[-86.76952,13.57618],[-86.74915,13.63964],[-86.75525,13.65162],[-86.7679,13.65126],[-86.78612,13.6625],[-86.76819,13.70022],[-86.7645,13.71534],[-86.76082,13.71779],[-86.76249,13.72165],[-86.7595,13.72738],[-86.76944,13.75464],[-86.76099,13.76888],[-86.7234,13.78698],[-86.66591,13.78401],[-86.66425,13.7774],[-86.65962,13.77521],[-86.64963,13.77984],[-86.64414,13.77744],[-86.62776,13.78769],[-86.62383,13.78539],[-86.61955,13.78764],[-86.6095,13.78182],[-86.59585,13.78812],[-86.58559,13.78461],[-86.55665,13.8028],[-86.54773,13.79753],[-86.53954,13.80471],[-86.53048,13.79942],[-86.53095,13.79577],[-86.52217,13.7867],[-86.52291,13.78136],[-86.51412,13.7749],[-86.5036,13.77574],[-86.49173,13.76877],[-86.48297,13.77134],[-86.48212,13.77521],[-86.47336,13.77091],[-86.4527,13.79017],[-86.44648,13.7726],[-86.44007,13.76406],[-86.42644,13.76535],[-86.41614,13.75766],[-86.41003,13.75994],[-86.40171,13.75805],[-86.39804,13.76249],[-86.38679,13.76134],[-86.37684,13.77097],[-86.37258,13.76542],[-86.36386,13.76258],[-86.35699,13.76624],[-86.35002,13.76246],[-86.34652,13.76856],[-86.34181,13.76658],[-86.33414,13.76877],[-86.33064,13.77773],[-86.3154,13.79225],[-86.31638,13.80204],[-86.30344,13.8086],[-86.30336,13.81548],[-86.29659,13.81607],[-86.29514,13.82552],[-86.30244,13.83718],[-86.29516,13.85134],[-86.27917,13.85781],[-86.27585,13.8705],[-86.27809,13.87535],[-86.26879,13.87729],[-86.26807,13.88017],[-86.25652,13.88082],[-86.25684,13.88659],[-86.24703,13.88818],[-86.24909,13.89205],[-86.24211,13.90443],[-86.22784,13.90548],[-86.22514,13.90816],[-86.22231,13.91482],[-86.2265,13.91973],[-86.2259,13.92627],[-86.21692,13.93683],[-86.19907,13.93536],[-86.19505,13.94286],[-86.19803,13.94848],[-86.19348,13.95457],[-86.18622,13.95496],[-86.18487,13.95959],[-86.19253,13.98081],[-86.18965,13.98435],[-86.1866,13.98572],[-86.17538,13.9796],[-86.16702,13.98072],[-86.15757,13.99338],[-86.15496,13.99239],[-86.1514,13.99648],[-86.14586,13.99431],[-86.14169,13.99955],[-86.13978,14.00559],[-86.14461,14.00932],[-86.14431,14.0139],[-86.15035,14.01489],[-86.1575,14.02459],[-86.1537,14.03373],[-86.13277,14.04489],[-86.13508,14.04976],[-86.12627,14.04467],[-86.11847,14.04482],[-86.10695,14.05843],[-86.08699,14.06504],[-86.0771,14.06305],[-86.07608,14.06964],[-86.04322,14.06947],[-86.0387,14.07669],[-86.01164,14.08022],[-86.00366,14.07001],[-86.01136,14.06061],[-86.00868,14.05572],[-86.04216,13.99604],[-86.03385,13.99396],[-86.02744,13.99853],[-86.02205,13.99091],[-86.01732,13.99184],[-86.01585,13.98646],[-86.01034,13.98609],[-86.0021,13.97768],[-86.00072,13.97172],[-85.99534,13.96974],[-85.99599,13.96688],[-85.99138,13.96444],[-85.98784,13.96952],[-85.98418,13.96906],[-85.9767,13.96161],[-85.96656,13.95996],[-85.96514,13.95136],[-85.95505,13.95094],[-85.94783,13.94438],[-85.93517,13.94069],[-85.92106,13.93157],[-85.91894,13.93743],[-85.91267,13.92595],[-85.91604,13.91656],[-85.91318,13.90841],[-85.8976,13.90303],[-85.8907,13.90954],[-85.89236,13.91567],[-85.88717,13.92156],[-85.88836,13.92495],[-85.88411,13.92518],[-85.88212,13.92936],[-85.86915,13.92202],[-85.85255,13.92112],[-85.84559,13.9177],[-85.83703,13.89906],[-85.84139,13.89575],[-85.83748,13.89294],[-85.84083,13.88584],[-85.83619,13.87644],[-85.82657,13.86911],[-85.82677,13.85751],[-85.8228,13.85767],[-85.8195,13.84861],[-85.81348,13.84946],[-85.80385,13.84321],[-85.79273,13.842],[-85.76709,13.84891],[-85.75634,13.84274],[-85.75226,13.83241],[-85.74714,13.83995],[-85.73856,13.84249],[-85.73736,13.84526],[-85.74219,13.85273],[-85.73338,13.8611],[-85.73886,13.87191],[-85.75416,13.88237],[-85.76071,13.88185],[-85.76421,13.88522],[-85.7561,13.90317],[-85.75747,13.912],[-85.75193,13.92926],[-85.75357,13.94305],[-85.75746,13.94903],[-85.75248,13.95528],[-85.7534,13.96767],[-85.73207,13.96992],[-85.7238,13.97695],[-85.72384,13.98168],[-85.70453,13.99298],[-85.68668,13.98942],[-85.68371,13.98077],[-85.67742,13.97939],[-85.66735,13.98694],[-85.66813,13.99666],[-85.66273,14.01269],[-85.65858,14.01031],[-85.64001,14.0121],[-85.62376,14.00938],[-85.62543,14.01931],[-85.62258,14.02157],[-85.61491,14.01937],[-85.60345,14.02672],[-85.59134,14.04386],[-85.58569,14.03998],[-85.57732,14.0435],[-85.5783,14.05835],[-85.57304,14.06515],[-85.56729,14.06243],[-85.55573,14.0643],[-85.56155,14.05108],[-85.5372,14.04602],[-85.52681,14.04915],[-85.51911,14.04743],[-85.51692,14.05115],[-85.521,14.05932],[-85.51901,14.06145],[-85.51115,14.05945],[-85.50669,14.06323],[-85.50904,14.07695],[-85.50554,14.08828],[-85.4991,14.0865],[-85.49749,14.07698],[-85.49447,14.07578],[-85.49067,14.08176],[-85.4926,14.08816],[-85.48235,14.08852],[-85.47903,14.08354],[-85.47695,14.09473],[-85.46557,14.09421],[-85.45388,14.1145],[-85.44224,14.10549],[-85.43126,14.10616],[-85.42606,14.11649],[-85.42007,14.11504],[-85.41347,14.12216],[-85.40551,14.12213],[-85.40332,14.13495],[-85.39534,14.13777],[-85.39539,14.14251],[-85.4009,14.14654],[-85.39784,14.16339],[-85.3892,14.16841],[-85.38158,14.1797],[-85.37517,14.18207],[-85.38094,14.19598],[-85.37365,14.1975],[-85.37702,14.20893],[-85.37484,14.21509],[-85.38328,14.21875],[-85.38339,14.22147],[-85.36993,14.22498],[-85.36699,14.2209],[-85.36881,14.21312],[-85.36135,14.21301],[-85.35541,14.22524],[-85.35626,14.23124],[-85.34177,14.2324],[-85.34063,14.2489],[-85.33203,14.24746],[-85.3288,14.25112],[-85.30991,14.25658],[-85.2975,14.25],[-85.28931,14.2513],[-85.28568,14.26041],[-85.26984,14.25908],[-85.26953,14.26229],[-85.26132,14.25821],[-85.25412,14.25932],[-85.24101,14.2524],[-85.22597,14.25174],[-85.22232,14.255],[-85.20967,14.25301],[-85.2017,14.25756],[-85.1862,14.24917],[-85.17836,14.2682],[-85.16927,14.27618],[-85.16684,14.28311],[-85.15886,14.28759],[-85.15327,14.30238],[-85.17942,14.31437],[-85.18263,14.33407],[-85.19258,14.32932],[-85.19541,14.34184],[-85.19958,14.34601],[-85.19573,14.35102],[-85.199,14.35892],[-85.19669,14.36429],[-85.20882,14.37006],[-85.21773,14.36794],[-85.22173,14.37598],[-85.20608,14.3872],[-85.20175,14.40704],[-85.19178,14.40848],[-85.18894,14.42336],[-85.18177,14.42793],[-85.1808,14.43347],[-85.18562,14.44589],[-85.18157,14.45831],[-85.18514,14.46645],[-85.18234,14.47117],[-85.17459,14.4769],[-85.1678,14.47464],[-85.16251,14.4824],[-85.15314,14.48295],[-85.14981,14.48717],[-85.14817,14.5043],[-85.13897,14.51875],[-85.14778,14.5441],[-85.14049,14.5536],[-85.14282,14.56354],[-85.15008,14.56579],[-85.15249,14.57066],[-85.14431,14.57719],[-85.1334,14.57711],[-85.12235,14.58597],[-85.11891,14.57838],[-85.11303,14.57735],[-85.10648,14.561],[-85.09499,14.55287],[-85.08773,14.55249],[-85.07644,14.55899],[-85.06395,14.56089],[-85.05889,14.56861],[-85.04286,14.57486],[-85.02312,14.60507],[-85.02271,14.61027]],[[-83.51777,13.99791],[-83.5184,14.01121],[-83.52385,14.01705],[-83.51892,14.01069],[-83.52098,14.00603],[-83.51777,13.99791]],[[-83.52442,14.01717],[-83.52525,14.03457],[-83.52588,14.0204],[-83.52442,14.01717]],[[-83.62624,13.64921],[-83.63079,13.65344],[-83.63526,13.653],[-83.63849,13.64692],[-83.64725,13.6418],[-83.65148,13.64343],[-83.65168,13.64987],[-83.6616,13.65375],[-83.66527,13.65281],[-83.66626,13.64675],[-83.67537,13.6491],[-83.67766,13.65396],[-83.6872,13.65953],[-83.6922,13.65947],[-83.69491,13.65481],[-83.69283,13.6453],[-83.68821,13.64381],[-83.67654,13.6478],[-83.66455,13.64715],[-83.66369,13.65296],[-83.65313,13.65011],[-83.64908,13.6405],[-83.63808,13.64564],[-83.63407,13.65263],[-83.62624,13.64921]],[[-83.66476,13.37447],[-83.67454,13.37505],[-83.68887,13.36254],[-83.69203,13.3634],[-83.70027,13.38288],[-83.69739,13.39553],[-83.71004,13.39861],[-83.72208,13.39333],[-83.73463,13.39847],[-83.73775,13.40694],[-83.75847,13.40208],[-83.76157,13.39689],[-83.76895,13.39887],[-83.77692,13.40548],[-83.77417,13.41838],[-83.7811,13.42628],[-83.79353,13.43207],[-83.79812,13.44231],[-83.80578,13.4448],[-83.80494,13.45202],[-83.81745,13.45381],[-83.824,13.45129],[-83.83038,13.45688],[-83.83351,13.45505],[-83.82842,13.44738],[-83.83915,13.44275],[-83.85369,13.44915],[-83.85178,13.44326],[-83.86093,13.43852],[-83.86266,13.42897],[-83.87503,13.42999],[-83.87679,13.42315],[-83.8887,13.42971],[-83.90092,13.41747],[-83.90201,13.42132],[-83.90861,13.42278],[-83.90497,13.42695],[-83.90986,13.42869],[-83.90966,13.42264],[-83.89842,13.41775],[-83.88817,13.42907],[-83.87784,13.42275],[-83.87345,13.43001],[-83.862,13.42847],[-83.86066,13.43788],[-83.851,13.44378],[-83.85342,13.44864],[-83.83915,13.44224],[-83.82737,13.44688],[-83.83246,13.45532],[-83.82425,13.45026],[-83.80638,13.45175],[-83.80656,13.44479],[-83.7989,13.44179],[-83.79472,13.43231],[-83.78149,13.42525],[-83.77509,13.4176],[-83.77811,13.40624],[-83.76709,13.39696],[-83.76052,13.3969],[-83.75663,13.40171],[-83.73985,13.40627],[-83.73368,13.39617],[-83.72366,13.39293],[-83.7103,13.39783],[-83.6979,13.39475],[-83.70104,13.38133],[-83.69486,13.36955],[-83.70233,13.3669],[-83.70568,13.36133],[-83.71331,13.36163],[-83.71928,13.35436],[-83.71714,13.347],[-83.71927,13.35333],[-83.71173,13.36152],[-83.70541,13.36056],[-83.69788,13.36888],[-83.69281,13.36237],[-83.68807,13.36151],[-83.67506,13.37401],[-83.66476,13.37447]],[[-83.67214,12.79771],[-83.67151,12.80106],[-83.68045,12.80303],[-83.68209,12.8092],[-83.69174,12.80382],[-83.71246,12.80374],[-83.70896,12.80528],[-83.71289,12.81111],[-83.72203,12.81535],[-83.73515,12.81547],[-83.74681,12.82668],[-83.75518,12.8244],[-83.75724,12.82],[-83.76695,12.82106],[-83.76391,12.83075],[-83.76765,12.83714],[-83.78776,12.82844],[-83.79166,12.81295],[-83.78412,12.80775],[-83.77599,12.80809],[-83.76011,12.81869],[-83.74382,12.81654],[-83.7498,12.81184],[-83.74971,12.80335],[-83.75756,12.80146],[-83.75879,12.79399],[-83.7454,12.79271],[-83.73761,12.78803],[-83.74422,12.78127],[-83.74483,12.77662],[-83.74019,12.77204],[-83.71059,12.77569],[-83.70862,12.78833],[-83.70292,12.79482],[-83.70587,12.80097],[-83.70171,12.8041],[-83.69251,12.80278],[-83.68208,12.80842],[-83.68097,12.80251],[-83.67189,12.80055],[-83.67214,12.79771]],[[-83.71758,13.34622],[-83.72643,13.33587],[-83.73879,13.33613],[-83.74475,13.33262],[-83.73774,13.33575],[-83.72511,13.3355],[-83.71758,13.34622]],[[-83.74487,13.33257],[-83.75628,13.3295],[-83.74976,13.32944],[-83.74487,13.33257]],[[-83.75632,13.32931],[-83.7528,13.3195],[-83.7682,13.30981],[-83.76373,13.30973],[-83.76195,13.31502],[-83.75706,13.3125],[-83.75673,13.31855],[-83.75253,13.31873],[-83.75632,13.32931]],[[-83.77018,12.43719],[-83.77085,12.42828],[-83.76875,12.42779],[-83.76713,12.43527],[-83.77018,12.43719]],[[-83.83296,12.82305],[-83.82963,12.81876],[-83.83503,12.80952],[-83.85995,12.81532],[-83.86355,12.80291],[-83.87528,12.79686],[-83.87378,12.78771],[-83.87777,12.78432],[-83.88012,12.78745],[-83.87892,12.80013],[-83.89126,12.79437],[-83.89991,12.79414],[-83.91448,12.8066],[-83.91706,12.80309],[-83.92434,12.80313],[-83.9232,12.81242],[-83.93078,12.81115],[-83.93607,12.82476],[-83.94256,12.82984],[-83.94751,12.82746],[-83.95,12.81585],[-83.9589,12.81434],[-83.96405,12.81981],[-83.97157,12.81871],[-83.96929,12.82825],[-83.9777,12.82931],[-83.98389,12.84276],[-83.98599,12.84247],[-83.9837,12.83761],[-83.98631,12.83655],[-83.98953,12.84243],[-83.98762,12.84709],[-83.99183,12.84833],[-83.98642,12.85714],[-83.99238,12.8509],[-83.98772,12.84477],[-83.99004,12.84088],[-83.9867,12.83577],[-83.98,12.83559],[-83.97888,12.82891],[-83.97035,12.82849],[-83.97179,12.8178],[-83.96473,12.81955],[-83.96231,12.81391],[-83.94973,12.81495],[-83.94672,12.82722],[-83.94096,12.82831],[-83.93686,12.82475],[-83.93184,12.81039],[-83.92322,12.811],[-83.92466,12.80211],[-83.91235,12.80404],[-83.90496,12.79962],[-83.90174,12.79322],[-83.89125,12.79347],[-83.87925,12.79952],[-83.88108,12.78727],[-83.87775,12.78293],[-83.87242,12.78685],[-83.87294,12.79804],[-83.8638,12.80175],[-83.85844,12.81493],[-83.83686,12.80847],[-83.83216,12.81071],[-83.8282,12.81977],[-83.83296,12.82305]],[[-86.57993,11.87603],[-86.57473,11.87075],[-86.57512,11.87436],[-86.57993,11.87603]]],[[[-83.73861,12.07099],[-83.736,12.07128],[-83.73749,12.06379],[-83.73861,12.07099]]],[[[-83.21508,14.95282],[-83.22088,14.94981],[-83.21564,14.95604],[-83.20483,14.96026],[-83.18842,14.96145],[-83.21508,14.95282]]],[[[-83.27982,14.24508],[-83.28026,14.23683],[-83.28793,14.23831],[-83.28929,14.24164],[-83.28358,14.25122],[-83.28054,14.25125],[-83.27982,14.24508]]],[[[-83.30621,14.80489],[-83.29791,14.80858],[-83.3032,14.78278],[-83.31531,14.78922],[-83.30827,14.79933],[-83.30938,14.8046],[-83.30621,14.80489]]],[[[-83.32287,14.75348],[-83.32426,14.76068],[-83.31747,14.76873],[-83.31587,14.7672],[-83.32287,14.75348]]],[[[-83.34615,14.70368],[-83.34711,14.70684],[-83.3527,14.69808],[-83.35264,14.69228],[-83.35896,14.6899],[-83.36907,14.69559],[-83.37206,14.70277],[-83.36286,14.70802],[-83.35792,14.71605],[-83.34317,14.72264],[-83.33866,14.72139],[-83.33645,14.7124],[-83.34621,14.7096],[-83.34182,14.70694],[-83.34615,14.70368]]],[[[-83.39115,12.47607],[-83.38978,12.48393],[-83.38714,12.48164],[-83.39115,12.47607]]],[[[-83.39047,12.48805],[-83.39003,12.49629],[-83.38766,12.49554],[-83.39047,12.48805]]],[[[-83.41048,12.44126],[-83.41418,12.4438],[-83.40999,12.44487],[-83.41048,12.44126]]],[[[-83.47064,13.97128],[-83.47127,13.98106],[-83.46616,13.98445],[-83.47064,13.97128]]],[[[-83.47432,13.94601],[-83.4767,13.95886],[-83.48837,13.96492],[-83.4773,13.96555],[-83.47299,13.95709],[-83.47432,13.94601]]],[[[-83.49808,13.94911],[-83.50553,13.95547],[-83.50185,13.95628],[-83.49808,13.94911]]],[[[-83.50371,13.95716],[-83.50608,13.95753],[-83.50481,13.96192],[-83.50371,13.95716]]],[[[-83.56175,12.89588],[-83.54966,12.89407],[-83.55858,12.89359],[-83.56175,12.89588]]],[[[-83.57606,12.90887],[-83.56635,12.90171],[-83.57128,12.90325],[-83.57606,12.90887]]],[[[-83.58639,13.46775],[-83.5769,13.47437],[-83.56988,13.47307],[-83.58639,13.46775]]],[[[-83.57688,13.24114],[-83.57902,13.24434],[-83.57508,13.24438],[-83.57688,13.24114]]],[[[-83.58115,13.64057],[-83.57938,13.64728],[-83.57572,13.64938],[-83.58115,13.64057]]],[[[-83.59811,13.60254],[-83.59974,13.60665],[-83.59712,13.60745],[-83.59811,13.60254]]],[[[-83.60461,13.64264],[-83.6112,13.64399],[-83.60992,13.64683],[-83.60461,13.64264]]],[[[-83.66689,12.35453],[-83.6766,12.35688],[-83.67192,12.35937],[-83.66826,12.3858],[-83.6602,12.37867],[-83.66689,12.35453]]],[[[-83.66649,12.34114],[-83.6681,12.34486],[-83.66496,12.34489],[-83.66649,12.34114]]],[[[-83.67389,10.93163],[-83.67567,10.92598],[-83.67562,10.93073],[-83.67389,10.93163]]],[[[-83.69314,11.99677],[-83.68083,11.99534],[-83.68027,11.99149],[-83.69397,11.98852],[-83.69314,11.99677]]],[[[-83.68571,12.01229],[-83.6839,12.00175],[-83.6893,12.00582],[-83.68591,12.00662],[-83.68571,12.01229]]],[[[-83.72011,12.00011],[-83.70975,11.99687],[-83.72093,11.97745],[-83.72554,11.95475],[-83.72625,11.92101],[-83.71753,11.87256],[-83.72308,11.87856],[-83.72539,11.87416],[-83.73876,11.87815],[-83.74035,11.89307],[-83.73797,11.90416],[-83.74287,11.90537],[-83.74391,11.90951],[-83.74822,11.90921],[-83.74839,11.91307],[-83.74364,11.92161],[-83.74436,11.92856],[-83.73797,11.93042],[-83.74167,11.93348],[-83.74087,11.94558],[-83.74655,11.95145],[-83.74634,11.95609],[-83.7338,11.97011],[-83.73075,11.99254],[-83.72011,12.00011]]],[[[-83.74135,12.05732],[-83.73999,12.05193],[-83.7433,12.04628],[-83.74135,12.05732]]],[[[-83.7878,11.86827],[-83.79042,11.86889],[-83.78888,11.87161],[-83.7856,11.87048],[-83.7878,11.86827]]],[[[-86.7787,12.20062],[-86.79546,12.21675],[-86.78838,12.21584],[-86.78472,12.21171],[-86.78052,12.21867],[-86.77189,12.20668],[-86.76822,12.20654],[-86.76731,12.20062],[-86.76783,12.19778],[-86.7787,12.20062]]],[[[-86.79703,12.21791],[-86.84339,12.24783],[-86.84103,12.25144],[-86.83802,12.25066],[-86.83866,12.24603],[-86.80593,12.22694],[-86.79703,12.21791]]],[[[-86.84234,12.25066],[-86.84914,12.2624],[-86.84207,12.25943],[-86.84234,12.25066]]],[[[-86.88557,12.27479],[-86.95082,12.31152],[-86.96445,12.32055],[-86.96445,12.3239],[-86.95082,12.31822],[-86.94977,12.31424],[-86.94295,12.31282],[-86.93037,12.30149],[-86.88557,12.27479]]],[[[-87,12.34641],[-86.98961,12.34015],[-86.99066,12.33834],[-87.00193,12.3453],[-87,12.34641]]],[[[-87.0881,12.85687],[-87.07995,12.86151],[-87.07407,12.84975],[-87.06208,12.84825],[-87.06366,12.8427],[-87.05592,12.84142],[-87.05604,12.83523],[-87.05065,12.83575],[-87.05131,12.83008],[-87.0584,12.82827],[-87.06024,12.82183],[-87.07022,12.81913],[-87.08414,12.82699],[-87.09018,12.82633],[-87.10515,12.83934],[-87.11093,12.83959],[-87.10936,12.85158],[-87.1049,12.85313],[-87.10201,12.85068],[-87.10017,12.85468],[-87.09334,12.85365],[-87.0881,12.85687]]],[[[-87.07432,12.39955],[-87.10262,12.4186],[-87.05228,12.38859],[-87.05174,12.38499],[-87.07432,12.39955]]],[[[-87.07233,12.85443],[-87.0764,12.85713],[-87.07548,12.86693],[-87.06497,12.86538],[-87.0655,12.85791],[-87.07233,12.85443]]],[[[-87.08492,12.86492],[-87.08993,12.86616],[-87.08862,12.87053],[-87.0831,12.86873],[-87.08492,12.86492]]],[[[-87.10334,12.91201],[-87.10505,12.91511],[-87.10124,12.91588],[-87.10334,12.91201]]],[[[-87.10304,12.82131],[-87.10698,12.82131],[-87.1062,12.82362],[-87.10304,12.82131]]],[[[-87.10465,12.88831],[-87.11818,12.89861],[-87.12646,12.89861],[-87.12725,12.9035],[-87.12068,12.91021],[-87.11648,12.90943],[-87.11148,12.89965],[-87.10347,12.89501],[-87.10465,12.88831]]],[[[-87.11199,12.85125],[-87.11489,12.85106],[-87.11816,12.84294],[-87.1217,12.8432],[-87.13103,12.85299],[-87.13091,12.85711],[-87.11804,12.87348],[-87.11278,12.87181],[-87.112,12.87413],[-87.10372,12.86949],[-87.10516,12.86537],[-87.10963,12.86614],[-87.11199,12.85125]]],[[[-87.10938,12.90609],[-87.11109,12.91021],[-87.10597,12.91459],[-87.10426,12.90815],[-87.10938,12.90609]]],[[[-87.1128,12.91176],[-87.11237,12.91553],[-87.12699,12.91188],[-87.11714,12.92052],[-87.11688,12.92722],[-87.12516,12.93855],[-87.12043,12.93559],[-87.11334,12.94242],[-87.10454,12.93959],[-87.11189,12.93212],[-87.11347,12.92644],[-87.11057,12.92052],[-87.1128,12.91743],[-87.11018,12.91536],[-87.1128,12.91176]]],[[[-87.12778,12.92],[-87.13146,12.92025],[-87.13278,12.9285],[-87.12568,12.92618],[-87.12778,12.92]]],[[[-87.12729,12.98211],[-87.13097,12.98597],[-87.12625,12.98597],[-87.12729,12.98211]]],[[[-87.13463,12.94654],[-87.13805,12.95233],[-87.13305,12.95375],[-87.13358,12.95839],[-87.1278,12.9553],[-87.12832,12.95105],[-87.13463,12.94654]]],[[[-87.13368,12.86744],[-87.13538,12.87334],[-87.12881,12.87386],[-87.1292,12.86794],[-87.13368,12.86744]]],[[[-87.13968,12.9092],[-87.14327,12.90903],[-87.14407,12.9129],[-87.13566,12.91484],[-87.13434,12.91149],[-87.13968,12.9092]]],[[[-87.14551,12.85356],[-87.13773,12.85066],[-87.13681,12.84731],[-87.13904,12.84641],[-87.14551,12.85356]]],[[[-87.14166,12.83597],[-87.14691,12.84087],[-87.14324,12.84499],[-87.13969,12.83932],[-87.14166,12.83597]]],[[[-87.1441,12.97772],[-87.15082,12.99549],[-87.13991,12.99112],[-87.14016,12.98313],[-87.14279,12.98313],[-87.1441,12.97772]]],[[[-87.14568,12.51678],[-87.14962,12.51935],[-87.14227,12.51949],[-87.14568,12.51678]]],[[[-87.15454,12.85117],[-87.15047,12.84937],[-87.15204,12.84678],[-87.16649,12.84936],[-87.16913,12.8674],[-87.17294,12.86997],[-87.17176,12.87796],[-87.1782,12.88956],[-87.1887,12.89341],[-87.20789,12.88786],[-87.21053,12.90383],[-87.19214,12.90359],[-87.18031,12.89716],[-87.17559,12.90373],[-87.17086,12.90425],[-87.16691,12.89497],[-87.1715,12.88544],[-87.16979,12.87719],[-87.16611,12.87771],[-87.15455,12.86844],[-87.15323,12.86406],[-87.16181,12.86293],[-87.16058,12.85838],[-87.15481,12.85942],[-87.15454,12.85117]]],[[[-87.1525,12.95555],[-87.15736,12.95709],[-87.15618,12.96199],[-87.15119,12.96096],[-87.1525,12.95555]]],[[[-87.15666,12.45014],[-87.17056,12.45569],[-87.16558,12.46342],[-87.15981,12.46316],[-87.15824,12.45891],[-87.1661,12.46123],[-87.16636,12.45736],[-87.15666,12.45014]]],[[[-87.17753,12.99553],[-87.16724,12.99615],[-87.16882,12.99316],[-87.17753,12.99553]]],[[[-87.18423,12.50683],[-87.17688,12.48983],[-87.17412,12.48751],[-87.16809,12.48931],[-87.16731,12.48288],[-87.17066,12.47763],[-87.18002,12.47952],[-87.18068,12.49033],[-87.19368,12.50889],[-87.18423,12.50683]]],[[[-87.19062,12.97511],[-87.19877,12.98799],[-87.19562,12.99044],[-87.18169,12.988],[-87.17998,12.97872],[-87.19062,12.97511]]],[[[-87.19215,12.92434],[-87.19189,12.92189],[-87.2024,12.91531],[-87.21212,12.91814],[-87.21316,12.92149],[-87.20293,12.92794],[-87.19215,12.92434]]],[[[-87.21409,12.92459],[-87.21185,12.92948],[-87.21094,12.92484],[-87.21409,12.92459]]],[[[-87.21376,12.53323],[-87.21206,12.53246],[-87.21099,12.5317],[-87.21376,12.53323]]],[[[-87.21651,12.53129],[-87.23777,12.54777],[-87.22728,12.5452],[-87.21836,12.53748],[-87.21651,12.53129]]],[[[-87.25544,12.89181],[-87.25689,12.89851],[-87.26938,12.89515],[-87.27043,12.91035],[-87.25808,12.90869],[-87.24312,12.91605],[-87.22669,12.90988],[-87.22656,12.90756],[-87.24048,12.90742],[-87.24731,12.90432],[-87.25479,12.89929],[-87.25544,12.89181]]],[[[-87.25538,12.96629],[-87.25369,12.97583],[-87.25895,12.98394],[-87.24738,12.98408],[-87.24658,12.96888],[-87.25158,12.9699],[-87.25538,12.96629]]],[[[-87.2605,12.94979],[-87.25917,12.94579],[-87.26521,12.9418],[-87.26824,12.94386],[-87.2605,12.94979]]],[[[-87.28819,12.58174],[-87.28136,12.57956],[-87.2811,12.57582],[-87.29843,12.58687],[-87.29817,12.58972],[-87.28819,12.58174]]],[[[-87.30251,12.93029],[-87.30645,12.93299],[-87.30621,12.95258],[-87.29045,12.95208],[-87.29044,12.94615],[-87.29281,12.94924],[-87.29648,12.94563],[-87.29595,12.94254],[-87.29175,12.94229],[-87.29778,12.93055],[-87.30251,12.93029]]],[[[-87.34621,12.61157],[-87.34175,12.6099],[-87.3338,12.61613],[-87.32811,12.61198],[-87.3226,12.61276],[-87.32023,12.61031],[-87.3239,12.60696],[-87.31182,12.60001],[-87.31733,12.59885],[-87.33676,12.60823],[-87.3428,12.60874],[-87.34516,12.60487],[-87.34843,12.60847],[-87.34621,12.61157]]],[[[-87.32748,12.94173],[-87.32788,12.94482],[-87.34195,12.9506],[-87.32777,12.95771],[-87.32856,12.9626],[-87.3191,12.96339],[-87.31911,12.96635],[-87.32489,12.96931],[-87.31662,12.97318],[-87.31253,12.95798],[-87.31673,12.95746],[-87.31844,12.96184],[-87.32133,12.96029],[-87.3187,12.95694],[-87.31987,12.94792],[-87.32855,12.95642],[-87.33092,12.95512],[-87.32224,12.94869],[-87.32184,12.9456],[-87.32748,12.94173]]],[[[-87.3198,12.89483],[-87.33058,12.89675],[-87.32979,12.89997],[-87.31928,12.89973],[-87.3198,12.89483]]],[[[-87.35738,12.90045],[-87.35871,12.91102],[-87.35135,12.91309],[-87.3503,12.90871],[-87.34294,12.90872],[-87.35738,12.90045]]],[[[-87.35418,12.86721],[-87.35681,12.86785],[-87.35655,12.87198],[-87.35366,12.8743],[-87.35418,12.86721]]],[[[-87.50545,12.8524],[-87.5065,12.85588],[-87.50388,12.85743],[-87.50256,12.85486],[-87.50545,12.8524]]],[[[-87.54372,12.8187],[-87.54622,12.82127],[-87.54295,12.8254],[-87.54598,12.83183],[-87.54455,12.83751],[-87.5414,12.83751],[-87.54231,12.8321],[-87.53783,12.82644],[-87.53861,12.82103],[-87.54372,12.8187]]],[[[-87.56607,12.83076],[-87.5687,12.83127],[-87.56897,12.83642],[-87.56306,12.83489],[-87.56607,12.83076]]],[[[-87.58683,13.06162],[-87.58265,13.07271],[-87.58146,13.06885],[-87.58683,13.06162]]]]}},{"type":"Feature","properties":{"ISO_A3":"CRI","WB_A3":"CRI","WB_NAME":"Costa Rica","WB_REGION":"LCN"},"geometry":{"type":"MultiPolygon","coordinates":[[[[-84.66934,9.8767],[-84.68086,9.88272],[-84.69308,9.88063],[-84.69485,9.88824],[-84.69901,9.88776],[-84.70204,9.88185],[-84.70868,9.87855],[-84.69938,9.87113],[-84.6971,9.86379],[-84.70533,9.8744],[-84.72267,9.88392],[-84.72342,9.88869],[-84.73118,9.89287],[-84.72996,9.90007],[-84.72517,9.90004],[-84.72326,9.91213],[-84.71598,9.91286],[-84.70851,9.92208],[-84.70268,9.91934],[-84.69603,9.92251],[-84.69288,9.92893],[-84.69661,9.93281],[-84.71729,9.92935],[-84.73617,9.94236],[-84.73575,9.94699],[-84.74052,9.95217],[-84.73588,9.96023],[-84.74183,9.96905],[-84.76776,9.9776],[-84.78645,9.98017],[-84.80983,9.98033],[-84.83144,9.97467],[-84.84989,9.97479],[-84.85117,9.97686],[-84.81919,9.98],[-84.81397,9.98293],[-84.78748,9.98069],[-84.78332,9.98157],[-84.78146,9.98697],[-84.77107,9.9869],[-84.77105,9.9896],[-84.75391,9.98884],[-84.75803,9.99376],[-84.76324,9.99135],[-84.77119,10.00789],[-84.77665,10.00741],[-84.77539,10.00135],[-84.77827,9.99841],[-84.78684,9.99846],[-84.79353,10.00881],[-84.79588,10.00638],[-84.80159,10.00771],[-84.80604,10.00336],[-84.81044,10.00545],[-84.81708,10.00343],[-84.81816,9.99828],[-84.82638,9.99319],[-84.83046,10.00442],[-84.83866,10.00306],[-84.85391,10.01578],[-84.85346,10.0244],[-84.85605,10.02597],[-84.86805,10.01819],[-84.87102,10.02155],[-84.88077,10.02097],[-84.89049,10.02528],[-84.89186,10.03367],[-84.90172,10.03605],[-84.90046,10.03102],[-84.89682,10.03048],[-84.89737,10.02687],[-84.9084,10.02797],[-84.90953,10.03403],[-84.91552,10.03304],[-84.91874,10.03783],[-84.91754,10.0422],[-84.90764,10.04626],[-84.91329,10.05711],[-84.91138,10.07037],[-84.91689,10.06216],[-84.91682,10.05327],[-84.92739,10.04574],[-84.93207,10.04577],[-84.93358,10.05415],[-84.93062,10.07023],[-84.93391,10.07055],[-84.94249,10.05721],[-84.94523,10.06092],[-84.94186,10.06064],[-84.94079,10.0645],[-84.94452,10.07122],[-84.94651,10.06479],[-84.95486,10.05956],[-84.9577,10.06319],[-84.96809,10.06428],[-84.96598,10.06865],[-84.95456,10.06639],[-84.94644,10.07535],[-84.93863,10.07672],[-84.95925,10.08522],[-84.96195,10.09001],[-84.97649,10.09203],[-85.00216,10.10288],[-85.01607,10.12447],[-85.02488,10.12839],[-85.02487,10.13135],[-85.04381,10.13726],[-85.04896,10.14554],[-85.05235,10.14401],[-85.05115,10.14864],[-85.06102,10.15024],[-85.0615,10.15823],[-85.05835,10.16259],[-85.06183,10.16674],[-85.05985,10.17214],[-85.06803,10.17373],[-85.0724,10.18355],[-85.08281,10.18155],[-85.08439,10.17756],[-85.09076,10.17824],[-85.09373,10.18225],[-85.10375,10.18012],[-85.10351,10.17651],[-85.11963,10.1779],[-85.13254,10.17127],[-85.13416,10.16097],[-85.14402,10.16464],[-85.14398,10.17108],[-85.1406,10.17235],[-85.14213,10.17699],[-85.1333,10.17462],[-85.13743,10.18032],[-85.15435,10.17758],[-85.15151,10.17408],[-85.15541,10.17346],[-85.16033,10.1771],[-85.15978,10.1825],[-85.166,10.18627],[-85.16991,10.18539],[-85.17176,10.17948],[-85.17381,10.18464],[-85.17694,10.18402],[-85.18293,10.18134],[-85.17022,10.17689],[-85.17284,10.17266],[-85.19234,10.17431],[-85.19256,10.18075],[-85.19765,10.17756],[-85.2066,10.1807],[-85.20381,10.19228],[-85.20784,10.19282],[-85.20852,10.18715],[-85.2136,10.18589],[-85.2115,10.18872],[-85.21354,10.1962],[-85.21014,10.20017],[-85.21229,10.20255],[-85.21696,10.20067],[-85.21127,10.20665],[-85.21398,10.21024],[-85.22129,10.20539],[-85.21718,10.19596],[-85.2167,10.18849],[-85.21983,10.18747],[-85.22707,10.19602],[-85.22715,10.20375],[-85.23451,10.21435],[-85.2254,10.21456],[-85.22941,10.2187],[-85.22843,10.23132],[-85.22504,10.23388],[-85.22736,10.23595],[-85.22894,10.23287],[-85.2319,10.23933],[-85.23528,10.23986],[-85.23624,10.24648],[-85.24082,10.24904],[-85.21427,10.27556],[-85.21242,10.2807],[-85.20396,10.28169],[-85.20443,10.28993],[-85.21144,10.29306],[-85.2141,10.30545],[-85.2134,10.31317],[-85.20398,10.32368],[-85.20799,10.33151],[-85.20622,10.3372],[-85.21172,10.33558],[-85.20489,10.3242],[-85.21079,10.31535],[-85.21391,10.31549],[-85.21538,10.30983],[-85.20965,10.28764],[-85.21826,10.2828],[-85.22901,10.26714],[-85.23421,10.26742],[-85.23319,10.26381],[-85.24493,10.25782],[-85.25052,10.25849],[-85.2505,10.26236],[-85.25581,10.26728],[-85.25086,10.26726],[-85.24953,10.27382],[-85.25242,10.26881],[-85.25736,10.26806],[-85.25709,10.27128],[-85.26007,10.27194],[-85.26075,10.26705],[-85.25221,10.25979],[-85.28285,10.2691],[-85.28453,10.2713],[-85.27823,10.28286],[-85.27934,10.29266],[-85.28776,10.30069],[-85.30398,10.30748],[-85.30781,10.32167],[-85.31638,10.32493],[-85.33979,10.32557],[-85.35714,10.31651],[-85.35685,10.32269],[-85.35983,10.32567],[-85.37284,10.32535],[-85.3788,10.32925],[-85.37645,10.33155],[-85.37348,10.32664],[-85.36867,10.32688],[-85.3707,10.33745],[-85.36651,10.34245],[-85.37561,10.34379],[-85.38475,10.33765],[-85.40114,10.33838],[-85.40721,10.34588],[-85.40664,10.35917],[-85.40786,10.34691],[-85.41479,10.34541],[-85.40812,10.34666],[-85.40321,10.33916],[-85.39568,10.33642],[-85.38475,10.33662],[-85.36963,10.34298],[-85.36717,10.34078],[-85.37213,10.33617],[-85.36958,10.32765],[-85.37231,10.32676],[-85.37645,10.33245],[-85.37983,10.33131],[-85.37829,10.32718],[-85.37129,10.32354],[-85.35971,10.32348],[-85.35651,10.31354],[-85.33565,10.32194],[-85.31328,10.31976],[-85.30789,10.30595],[-85.28625,10.29063],[-85.2855,10.28445],[-85.29035,10.27726],[-85.29347,10.27779],[-85.29652,10.26827],[-85.28966,10.26128],[-85.2847,10.26357],[-85.2668,10.25549],[-85.26085,10.24889],[-85.25668,10.25002],[-85.2489,10.24586],[-85.24595,10.2376],[-85.25314,10.23248],[-85.26224,10.23228],[-85.25211,10.23016],[-85.24792,10.23426],[-85.25137,10.20654],[-85.24755,10.20669],[-85.24343,10.19997],[-85.2506,10.17244],[-85.24827,10.17011],[-85.2494,10.15414],[-85.27209,10.14163],[-85.28483,10.14183],[-85.29109,10.13967],[-85.29189,10.13504],[-85.29892,10.1343],[-85.29268,10.13298],[-85.29272,10.12654],[-85.28596,10.12676],[-85.28615,10.12178],[-85.27065,10.11998],[-85.26875,10.11147],[-85.26096,10.10808],[-85.25776,10.09982],[-85.25439,10.098],[-85.24266,10.10334],[-85.23984,10.09611],[-85.22868,10.09168],[-85.2282,10.08446],[-85.21961,10.08583],[-85.21885,10.0826],[-85.21042,10.07947],[-85.21446,10.07743],[-85.21425,10.06854],[-85.21737,10.0683],[-85.21948,10.06251],[-85.2143,10.05965],[-85.21795,10.05683],[-85.21695,10.05413],[-85.2068,10.05252],[-85.19683,10.04435],[-85.1966,10.04023],[-85.20247,10.03485],[-85.20355,10.02803],[-85.20071,10.02479],[-85.20579,10.02276],[-85.19086,10.01959],[-85.19205,10.01547],[-85.18204,10.01593],[-85.1848,10.01105],[-85.17765,10.0105],[-85.17015,10.00453],[-85.1652,10.00734],[-85.16157,10.005],[-85.16024,10.00988],[-85.15478,10.00985],[-85.15249,10.00237],[-85.14444,10.00129],[-85.14187,9.9951],[-85.13165,9.9868],[-85.12718,9.97389],[-85.1225,9.97412],[-85.12174,9.96999],[-85.11746,9.96894],[-85.11289,9.97252],[-85.10953,9.96992],[-85.11163,9.96659],[-85.10355,9.97015],[-85.09501,9.96469],[-85.08875,9.96749],[-85.07812,9.96305],[-85.07655,9.96587],[-85.05262,9.9696],[-85.05311,9.97449],[-85.0389,9.95947],[-85.0254,9.95784],[-85.02209,9.94623],[-85.01664,9.94581],[-85.01252,9.93845],[-84.98863,9.93573],[-84.97407,9.93796],[-84.97119,9.94168],[-84.9655,9.93765],[-84.96002,9.94148],[-84.94836,9.93484],[-84.9372,9.9331],[-84.93206,9.92456],[-84.9205,9.92372],[-84.92069,9.91445],[-84.91426,9.90333],[-84.92779,9.90148],[-84.93262,9.897],[-84.93843,9.8821],[-84.93341,9.87498],[-84.92176,9.86898],[-84.92077,9.86112],[-84.90909,9.85873],[-84.90886,9.85461],[-84.92264,9.85173],[-84.92841,9.84262],[-84.93229,9.84535],[-84.94159,9.83343],[-84.93732,9.83108],[-84.93262,9.83479],[-84.92912,9.83309],[-84.92204,9.82274],[-84.89496,9.83417],[-84.86422,9.82831],[-84.86814,9.8237],[-84.87581,9.82336],[-84.87907,9.82016],[-84.87873,9.81346],[-84.8886,9.81339],[-84.89922,9.81784],[-84.91392,9.81316],[-84.90786,9.8072],[-84.90202,9.80665],[-84.90185,9.79806],[-84.92353,9.79261],[-84.92218,9.78101],[-84.93013,9.77488],[-84.92995,9.76315],[-84.9357,9.75726],[-84.94113,9.76116],[-84.95401,9.75699],[-84.95576,9.74669],[-84.95114,9.73817],[-84.95535,9.7284],[-84.97299,9.73147],[-84.97891,9.74052],[-84.9854,9.74069],[-84.98564,9.74404],[-84.99134,9.746],[-84.97988,9.75148],[-84.98048,9.7605],[-84.98867,9.7581],[-84.99366,9.7495],[-85.01059,9.74006],[-85.01704,9.72542],[-85.01543,9.71317],[-85.00141,9.71283],[-84.99496,9.70571],[-85.00751,9.68994],[-85.03508,9.68288],[-85.03951,9.67969],[-85.04137,9.6721],[-85.0549,9.66767],[-85.06796,9.65434],[-85.07379,9.63312],[-85.0781,9.62812],[-85.07818,9.61421],[-85.09236,9.58646],[-85.09244,9.57075],[-85.10895,9.5662],[-85.11237,9.559],[-85.11664,9.56134],[-85.11428,9.56494],[-85.12033,9.57322],[-85.12629,9.57518],[-85.13358,9.57251],[-85.13304,9.5756],[-85.14286,9.58339],[-85.14325,9.60709],[-85.14649,9.60891],[-85.14707,9.62025],[-85.20105,9.674],[-85.20395,9.69115],[-85.21517,9.70461],[-85.21913,9.71777],[-85.22828,9.73018],[-85.21763,9.72699],[-85.22594,9.73056],[-85.22875,9.73907],[-85.23499,9.73795],[-85.22924,9.73245],[-85.25829,9.75391],[-85.2741,9.75953],[-85.26494,9.77314],[-85.26065,9.77364],[-85.25434,9.78855],[-85.25861,9.79166],[-85.2685,9.78862],[-85.26698,9.77985],[-85.26205,9.77931],[-85.26259,9.77519],[-85.29155,9.80059],[-85.2892,9.8029],[-85.28519,9.8003],[-85.28606,9.80739],[-85.29256,9.80652],[-85.30487,9.81277],[-85.30528,9.80916],[-85.3216,9.81762],[-85.33434,9.81588],[-85.33084,9.82311],[-85.33323,9.82978],[-85.3475,9.83462],[-85.34851,9.8403],[-85.35397,9.84058],[-85.3545,9.83736],[-85.36865,9.84065],[-85.37472,9.84686],[-85.39807,9.85303],[-85.40249,9.85254],[-85.40564,9.84779],[-85.4264,9.85304],[-85.42651,9.85742],[-85.43052,9.8595],[-85.45338,9.8627],[-85.45551,9.87341],[-85.45749,9.87096],[-85.45386,9.87043],[-85.45583,9.86631],[-85.45325,9.86192],[-85.46002,9.85938],[-85.46279,9.85024],[-85.46539,9.84999],[-85.48587,9.85872],[-85.48337,9.86747],[-85.49101,9.8715],[-85.50899,9.86037],[-85.50868,9.87171],[-85.52112,9.88065],[-85.52944,9.87927],[-85.53648,9.87376],[-85.54791,9.87407],[-85.56036,9.88056],[-85.56778,9.87686],[-85.57465,9.88153],[-85.58919,9.88326],[-85.59436,9.89076],[-85.60659,9.8872],[-85.61618,9.89214],[-85.62476,9.89101],[-85.62865,9.89464],[-85.6294,9.90121],[-85.64132,9.9095],[-85.65225,9.90633],[-85.65253,9.90117],[-85.66863,9.90394],[-85.6694,9.90717],[-85.66342,9.90766],[-85.66119,9.91306],[-85.66115,9.92311],[-85.66861,9.94118],[-85.67547,9.9483],[-85.67596,9.95693],[-85.68113,9.96262],[-85.67644,9.96531],[-85.67316,9.97341],[-85.6846,9.97346],[-85.69947,9.99323],[-85.72824,10.01667],[-85.73184,10.02493],[-85.74235,10.03141],[-85.75125,10.05],[-85.77016,10.06862],[-85.76924,10.07171],[-85.78775,10.09382],[-85.78695,10.09935],[-85.79342,10.10685],[-85.79325,10.11871],[-85.80021,10.13497],[-85.7998,10.14089],[-85.79719,10.14166],[-85.7992,10.16074],[-85.80103,10.15958],[-85.80452,10.16462],[-85.80804,10.1636],[-85.80132,10.15121],[-85.80419,10.14813],[-85.80861,10.14995],[-85.80922,10.16103],[-85.81826,10.17833],[-85.83639,10.20082],[-85.83682,10.22453],[-85.84936,10.24674],[-85.85295,10.26092],[-85.84835,10.27457],[-85.85104,10.28475],[-85.8461,10.28332],[-85.84691,10.27611],[-85.83988,10.27737],[-85.83725,10.28509],[-85.84347,10.29117],[-85.85156,10.28527],[-85.85349,10.29211],[-85.84528,10.29633],[-85.8402,10.3071],[-85.82908,10.31187],[-85.83102,10.31703],[-85.82227,10.32447],[-85.82369,10.32834],[-85.82656,10.3268],[-85.82848,10.33519],[-85.83706,10.33767],[-85.84253,10.33562],[-85.83411,10.324],[-85.83492,10.31807],[-85.83909,10.31448],[-85.84218,10.32557],[-85.85733,10.34573],[-85.87033,10.34899],[-85.87512,10.35533],[-85.86584,10.36625],[-85.85361,10.36736],[-85.85307,10.37084],[-85.84617,10.37275],[-85.84444,10.38279],[-85.83792,10.38689],[-85.83463,10.39693],[-85.82851,10.39742],[-85.82599,10.4085],[-85.82117,10.40951],[-85.8199,10.40126],[-85.81444,10.39931],[-85.8001,10.40454],[-85.79067,10.42048],[-85.79423,10.44343],[-85.78566,10.43644],[-85.77889,10.43822],[-85.77247,10.44824],[-85.77114,10.45442],[-85.77516,10.45817],[-85.77978,10.47533],[-85.78629,10.47651],[-85.78809,10.48219],[-85.79822,10.4836],[-85.79352,10.49213],[-85.79637,10.49614],[-85.79872,10.49511],[-85.80077,10.50118],[-85.79856,10.50169],[-85.79892,10.50929],[-85.80685,10.51177],[-85.80436,10.51743],[-85.79056,10.51763],[-85.78923,10.52304],[-85.78192,10.52946],[-85.7811,10.53718],[-85.77797,10.53846],[-85.779,10.54336],[-85.76846,10.54048],[-85.76549,10.5348],[-85.75275,10.52947],[-85.73472,10.54357],[-85.72091,10.54597],[-85.71331,10.55586],[-85.70683,10.55029],[-85.69953,10.5509],[-85.693,10.55564],[-85.69049,10.56543],[-85.69971,10.56959],[-85.69979,10.57233],[-85.68408,10.57017],[-85.68017,10.57234],[-85.67636,10.57954],[-85.67983,10.58999],[-85.67435,10.59242],[-85.67254,10.59022],[-85.66355,10.59134],[-85.66343,10.58773],[-85.65353,10.58859],[-85.65013,10.59128],[-85.64904,10.60391],[-85.64513,10.60273],[-85.64014,10.61289],[-85.62498,10.62442],[-85.6239,10.6324],[-85.629,10.62856],[-85.64211,10.63957],[-85.64991,10.64295],[-85.65694,10.64208],[-85.67405,10.63133],[-85.67396,10.62231],[-85.67791,10.61356],[-85.69096,10.60795],[-85.69668,10.60939],[-85.69667,10.61158],[-85.68859,10.61232],[-85.6853,10.62004],[-85.69088,10.62676],[-85.68302,10.63536],[-85.67965,10.63354],[-85.67272,10.63828],[-85.67101,10.64368],[-85.67935,10.64166],[-85.68455,10.64477],[-85.67904,10.65209],[-85.67332,10.65142],[-85.67092,10.66301],[-85.65398,10.66564],[-85.64614,10.67038],[-85.64455,10.6754],[-85.65251,10.67376],[-85.65684,10.69542],[-85.65526,10.69979],[-85.66194,10.71992],[-85.66315,10.74132],[-85.65784,10.76449],[-85.67687,10.79394],[-85.67296,10.79367],[-85.67347,10.79573],[-85.67917,10.80246],[-85.68803,10.80314],[-85.69456,10.79956],[-85.7047,10.80733],[-85.70913,10.80594],[-85.71329,10.80995],[-85.72267,10.81011],[-85.74401,10.81883],[-85.75969,10.80898],[-85.76141,10.80357],[-85.76518,10.80359],[-85.77583,10.81291],[-85.79225,10.81516],[-85.79587,10.82265],[-85.80159,10.82538],[-85.80208,10.83337],[-85.79164,10.83578],[-85.78405,10.84451],[-85.77949,10.8441],[-85.78404,10.84747],[-85.78244,10.8561],[-85.78896,10.85406],[-85.78999,10.85729],[-85.79312,10.85691],[-85.8041,10.84922],[-85.83381,10.85243],[-85.8411,10.85607],[-85.85427,10.85496],[-85.85736,10.86476],[-85.86969,10.87834],[-85.90341,10.88993],[-85.90821,10.89651],[-85.91603,10.89886],[-85.94709,10.88995],[-85.94655,10.89343],[-85.91731,10.90441],[-85.91233,10.91006],[-85.89956,10.91027],[-85.87969,10.92218],[-85.86482,10.92612],[-85.86126,10.93513],[-85.86398,10.9412],[-85.88481,10.94965],[-85.84727,10.9441],[-85.81598,10.94346],[-85.81548,10.93934],[-85.81118,10.937],[-85.81956,10.92956],[-85.81764,10.92105],[-85.80696,10.91791],[-85.79643,10.90885],[-85.78875,10.90753],[-85.78168,10.91498],[-85.78987,10.91965],[-85.79986,10.9318],[-85.79074,10.93138],[-85.78773,10.93304],[-85.78889,10.93678],[-85.78462,10.93784],[-85.77951,10.93417],[-85.77858,10.93842],[-85.77271,10.93943],[-85.76568,10.93553],[-85.75863,10.93898],[-85.73464,10.93837],[-85.72918,10.93384],[-85.72735,10.93692],[-85.71993,10.93354],[-85.72373,10.92814],[-85.72246,10.9217],[-85.71347,10.92063],[-85.71144,10.93634],[-85.70467,10.93476],[-85.70072,10.94428],[-85.69903,10.94247],[-85.70297,10.93527],[-85.69893,10.93577],[-85.69693,10.94581],[-85.69991,10.94943],[-85.70565,10.94881],[-85.71528,10.95375],[-85.70719,10.95449],[-85.70181,10.9631],[-85.69177,10.96318],[-85.68901,10.96639],[-85.68987,10.97825],[-85.70939,10.9889],[-85.7104,10.99689],[-85.7247,11.00623],[-85.74059,11.01068],[-85.75127,11.01742],[-85.75393,11.0243],[-85.74652,11.02758],[-85.74493,11.03376],[-85.73607,11.03205],[-85.73474,11.03797],[-85.73865,11.03773],[-85.74019,11.04392],[-85.73626,11.04674],[-85.727,11.04876],[-85.7231,11.04617],[-85.71768,11.03171],[-85.71235,11.02679],[-85.70765,11.02909],[-85.68862,11.02656],[-85.67398,11.03333],[-85.66362,11.04617],[-85.67305,11.06631],[-85.68217,11.06788],[-85.68605,11.07513],[-85.69304,11.07889],[-85.60984,11.21968],[-85.56043,11.21019],[-85.52215,11.1677],[-85.4966,11.15754],[-85.424,11.12906],[-85.35747,11.12608],[-85.22761,11.06253],[-84.91091,10.94394],[-84.68086,11.08463],[-84.66634,11.07228],[-84.60599,11.03838],[-84.57468,11.05107],[-84.56442,11.03296],[-84.48579,11.00057],[-84.4503,10.96056],[-84.4206,10.95488],[-84.39982,10.97498],[-84.37635,10.97736],[-84.3587,10.9955],[-84.34197,10.97474],[-84.34759,10.9667],[-84.35043,10.95038],[-84.33637,10.94596],[-84.3317,10.93116],[-84.32268,10.91793],[-84.31645,10.91627],[-84.30991,10.92176],[-84.30682,10.91671],[-84.29222,10.9118],[-84.28481,10.89473],[-84.25616,10.89053],[-84.24302,10.88417],[-84.23905,10.87734],[-84.22569,10.87411],[-84.21939,10.8641],[-84.21535,10.83796],[-84.21977,10.82581],[-84.23609,10.8202],[-84.23661,10.81383],[-84.22943,10.81192],[-84.22279,10.80116],[-84.20565,10.79715],[-84.20828,10.79151],[-84.20249,10.78183],[-84.19179,10.78964],[-84.16533,10.78518],[-84.14038,10.78767],[-84.13247,10.7829],[-84.13202,10.77168],[-84.12775,10.76573],[-84.11461,10.76585],[-84.1062,10.77423],[-84.1014,10.77413],[-84.08068,10.75867],[-84.06314,10.76319],[-84.06202,10.77237],[-84.05668,10.77785],[-84.04957,10.77866],[-84.04159,10.77095],[-84.0358,10.77144],[-84.03168,10.78725],[-84.02824,10.7916],[-84.02091,10.79156],[-84.00471,10.76398],[-83.97178,10.74506],[-83.96668,10.72891],[-83.9356,10.7195],[-83.93515,10.71051],[-83.93119,10.70759],[-83.88921,10.72183],[-83.87152,10.71641],[-83.86341,10.71745],[-83.84046,10.74383],[-83.82199,10.74921],[-83.81222,10.74606],[-83.8007,10.75453],[-83.79291,10.76922],[-83.78264,10.7719],[-83.7619,10.76908],[-83.75984,10.77508],[-83.72465,10.78522],[-83.71389,10.79278],[-83.6967,10.7872],[-83.67006,10.79765],[-83.66065,10.81814],[-83.67504,10.85318],[-83.66763,10.8761],[-83.6683,10.88939],[-83.68302,10.89792],[-83.67665,10.90249],[-83.67775,10.91296],[-83.68866,10.93436],[-83.69697,10.93467],[-83.69767,10.9402],[-83.6852,10.93807],[-83.68335,10.93513],[-83.67711,10.93595],[-83.67324,10.93388],[-83.67567,10.92598],[-83.66708,10.93035],[-83.64591,10.91524],[-83.62229,10.88068],[-83.60565,10.79353],[-83.61762,10.83772],[-83.61787,10.82123],[-83.63014,10.85486],[-83.61459,10.80427],[-83.61134,10.80481],[-83.60962,10.80122],[-83.60597,10.78606],[-83.60103,10.78661],[-83.61802,10.86913],[-83.58881,10.805],[-83.59613,10.76168],[-83.60962,10.7559],[-83.6155,10.74339],[-83.62353,10.73827],[-83.63745,10.72154],[-83.64136,10.72202],[-83.65005,10.7338],[-83.65655,10.73232],[-83.65818,10.72587],[-83.66713,10.72155],[-83.66954,10.72938],[-83.68231,10.73082],[-83.70305,10.74969],[-83.71584,10.75267],[-83.71503,10.74971],[-83.70197,10.74571],[-83.68308,10.72978],[-83.67215,10.72962],[-83.6679,10.72025],[-83.6614,10.72134],[-83.65472,10.73183],[-83.64769,10.73163],[-83.64318,10.72188],[-83.65508,10.71302],[-83.64369,10.72046],[-83.63561,10.71989],[-83.61186,10.74429],[-83.60881,10.75307],[-83.59299,10.76093],[-83.58659,10.7736],[-83.58895,10.79032],[-83.58613,10.79549],[-83.57687,10.74845],[-83.57566,10.72837],[-83.57746,10.72501],[-83.58039,10.73271],[-83.57955,10.72628],[-83.57429,10.72066],[-83.57463,10.72941],[-83.57118,10.72248],[-83.55406,10.66803],[-83.52377,10.59334],[-83.52316,10.58227],[-83.5055,10.53914],[-83.50863,10.53989],[-83.51222,10.54965],[-83.51298,10.54733],[-83.51032,10.53988],[-83.50628,10.53759],[-83.50685,10.53012],[-83.45492,10.4288],[-83.42836,10.39217],[-83.44888,10.42138],[-83.49603,10.51012],[-83.50479,10.53168],[-83.50358,10.5438],[-83.51561,10.56636],[-83.5179,10.57536],[-83.51288,10.56716],[-83.45684,10.45789],[-83.39024,10.35692],[-83.39847,10.34501],[-83.39625,10.34309],[-83.38956,10.35382],[-83.38643,10.35257],[-83.35671,10.31674],[-83.35472,10.30646],[-83.34856,10.29708],[-83.34241,10.29184],[-83.35423,10.30722],[-83.35166,10.31161],[-83.27846,10.22302],[-83.2809,10.21913],[-83.27145,10.20632],[-83.26995,10.19678],[-83.27369,10.19256],[-83.26824,10.19347],[-83.26936,10.20634],[-83.27884,10.22018],[-83.27493,10.22072],[-83.2193,10.14718],[-83.18814,10.11519],[-83.13502,10.04161],[-83.10608,10.00856],[-83.09643,10.00231],[-83.07743,9.99921],[-83.07763,10.01003],[-83.06428,10.01462],[-83.06167,10.01348],[-83.06216,10.00884],[-83.04918,10.01162],[-83.02625,10.0021],[-83.02594,9.99386],[-83.02126,9.99157],[-83.02864,9.98869],[-83.03039,9.97709],[-83.02144,9.95834],[-82.89905,9.80293],[-82.86972,9.76032],[-82.8525,9.74341],[-82.83949,9.74065],[-82.83816,9.73627],[-82.83244,9.73437],[-82.82699,9.7344],[-82.81435,9.7494],[-82.80873,9.74468],[-82.81462,9.72893],[-82.81457,9.72017],[-82.79751,9.68651],[-82.78274,9.66648],[-82.76476,9.65485],[-82.74582,9.65894],[-82.72601,9.64385],[-82.71901,9.64517],[-82.71744,9.6426],[-82.69404,9.63756],[-82.68654,9.64352],[-82.67741,9.63532],[-82.66623,9.63138],[-82.66052,9.63167],[-82.64757,9.63946],[-82.64184,9.63601],[-82.62652,9.63634],[-82.61845,9.63044],[-82.61982,9.61601],[-82.61732,9.6119],[-82.5915,9.58651],[-82.56678,9.57425],[-82.56677,9.5628],[-82.55252,9.5501],[-82.55428,9.54134],[-82.55987,9.53937],[-82.57994,9.55809],[-82.59345,9.56035],[-82.60289,9.55842],[-82.60405,9.55012],[-82.59814,9.53568],[-82.60534,9.52021],[-82.60359,9.50812],[-82.60725,9.50332],[-82.61593,9.49874],[-82.63154,9.50261],[-82.63436,9.49428],[-82.64446,9.49498],[-82.65397,9.50379],[-82.65584,9.512],[-82.6596,9.51165],[-82.66077,9.50402],[-82.66606,9.4985],[-82.67028,9.49921],[-82.67275,9.5039],[-82.66782,9.51013],[-82.67545,9.50719],[-82.68883,9.50883],[-82.69153,9.51259],[-82.69083,9.52128],[-82.69987,9.5255],[-82.70139,9.52938],[-82.692,9.53313],[-82.69083,9.53889],[-82.70116,9.54229],[-82.70221,9.55391],[-82.70468,9.55626],[-82.70902,9.55462],[-82.70832,9.54217],[-82.71595,9.5491],[-82.72417,9.55133],[-82.72757,9.5538],[-82.72464,9.5606],[-82.72837,9.56692],[-82.74157,9.56608],[-82.74728,9.57835],[-82.74557,9.58481],[-82.75513,9.58306],[-82.76202,9.57773],[-82.76246,9.58284],[-82.7675,9.58738],[-82.78123,9.58284],[-82.78218,9.59155],[-82.79337,9.60337],[-82.80901,9.59519],[-82.81532,9.59816],[-82.81912,9.60514],[-82.82998,9.60885],[-82.83243,9.61787],[-82.85121,9.61449],[-82.85618,9.61804],[-82.85921,9.61586],[-82.86166,9.5949],[-82.87451,9.59427],[-82.87708,9.59165],[-82.87817,9.57783],[-82.88525,9.56435],[-82.88102,9.56263],[-82.88102,9.55635],[-82.87691,9.55327],[-82.86823,9.55367],[-82.86709,9.54585],[-82.87405,9.53831],[-82.8728,9.52523],[-82.8644,9.51832],[-82.85652,9.51986],[-82.8531,9.51666],[-82.85692,9.51295],[-82.85475,9.51175],[-82.8475,9.51404],[-82.84818,9.50975],[-82.84225,9.50496],[-82.84399,9.5],[-82.93611,9.47314],[-82.93611,9.07838],[-82.92756,9.07483],[-82.91341,9.08296],[-82.89907,9.08486],[-82.89522,9.08895],[-82.88727,9.08744],[-82.88682,9.07963],[-82.87977,9.07011],[-82.87876,9.06213],[-82.86854,9.05494],[-82.86119,9.05652],[-82.85521,9.04616],[-82.84,9.04006],[-82.83582,9.0341],[-82.8301,9.03569],[-82.81668,9.02909],[-82.81358,9.0235],[-82.81592,9.01904],[-82.80438,9.01636],[-82.80112,9.00426],[-82.78301,9.00542],[-82.75595,8.99618],[-82.74057,8.98501],[-82.73678,8.97626],[-82.73802,8.96402],[-82.717,8.94824],[-82.71179,8.92518],[-82.7122,8.92238],[-82.74361,8.91008],[-82.74876,8.90599],[-82.74706,8.89961],[-82.75138,8.89292],[-82.75973,8.88618],[-82.76816,8.88542],[-82.77333,8.87834],[-82.7823,8.87497],[-82.79928,8.8767],[-82.80885,8.8734],[-82.81315,8.86399],[-82.81937,8.8608],[-82.8478,8.85399],[-82.85518,8.85606],[-82.85667,8.85273],[-82.86145,8.85207],[-82.88416,8.82953],[-82.8837,8.82351],[-82.87692,8.82291],[-82.87736,8.81983],[-82.86335,8.8139],[-82.86623,8.80535],[-82.89034,8.79115],[-82.8852,8.77481],[-82.89259,8.77194],[-82.89854,8.7755],[-82.90977,8.77413],[-82.91881,8.76541],[-82.91598,8.76016],[-82.90957,8.75891],[-82.91319,8.75386],[-82.91875,8.75296],[-82.91623,8.74088],[-82.90883,8.736],[-82.90631,8.73725],[-82.89919,8.72773],[-82.89231,8.72681],[-82.88992,8.72233],[-82.89149,8.71129],[-82.88056,8.69745],[-82.86726,8.69695],[-82.86215,8.68821],[-82.86447,8.67949],[-82.85834,8.6756],[-82.85712,8.66696],[-82.84333,8.65526],[-82.83032,8.6362],[-82.82895,8.61446],[-82.8363,8.61516],[-82.83829,8.6127],[-82.82816,8.60554],[-82.82704,8.59944],[-82.83394,8.59311],[-82.82217,8.56708],[-82.83889,8.54612],[-82.83149,8.50514],[-82.839,8.48028],[-82.86823,8.43963],[-82.9151,8.42871],[-82.93095,8.43502],[-82.93552,8.42391],[-82.95351,8.41406],[-82.95413,8.40788],[-82.96719,8.39828],[-82.96927,8.3866],[-82.98349,8.37309],[-82.9884,8.37552],[-83.00344,8.36517],[-83.00424,8.3594],[-83.01196,8.35494],[-83.01721,8.35628],[-83.02012,8.35123],[-83.02834,8.35262],[-83.04619,8.3432],[-83.04593,8.33646],[-83.05158,8.33564],[-83.04622,8.31868],[-83.03742,8.31882],[-83.02378,8.31222],[-83.02403,8.30543],[-83.01207,8.29824],[-83.00827,8.29889],[-83.00402,8.29387],[-83.00516,8.29001],[-82.99522,8.2814],[-82.98957,8.27094],[-82.98021,8.28639],[-82.97524,8.28821],[-82.96809,8.27856],[-82.95724,8.28102],[-82.95198,8.26729],[-82.94363,8.27125],[-82.94143,8.26891],[-82.93795,8.25186],[-82.92994,8.2401],[-82.93608,8.21098],[-82.92887,8.21011],[-82.91774,8.19576],[-82.91245,8.19848],[-82.91027,8.19643],[-82.91265,8.17659],[-82.90323,8.17578],[-82.9096,8.16767],[-82.90732,8.16362],[-82.91003,8.15748],[-82.90896,8.14722],[-82.90628,8.14022],[-82.90313,8.13935],[-82.90102,8.12838],[-82.88583,8.10841],[-82.89077,8.1003],[-82.88454,8.0776],[-82.89674,8.06341],[-82.89522,8.05525],[-82.89088,8.0518],[-82.89866,8.04381],[-82.90289,8.04071],[-82.91486,8.05701],[-82.91211,8.07725],[-82.9059,8.07651],[-82.90037,8.08362],[-82.89863,8.0978],[-82.90154,8.11196],[-82.92292,8.14896],[-82.93185,8.17778],[-82.9725,8.2407],[-82.98329,8.2525],[-83.02299,8.27755],[-83.04611,8.29727],[-83.10966,8.33146],[-83.1449,8.36631],[-83.14383,8.38332],[-83.1405,8.38926],[-83.13203,8.40142],[-83.11062,8.41364],[-83.10274,8.43816],[-83.09207,8.45135],[-83.10646,8.48142],[-83.13668,8.51706],[-83.15121,8.54815],[-83.14603,8.54638],[-83.13163,8.51657],[-83.1181,8.50274],[-83.12137,8.50967],[-83.11554,8.50919],[-83.11666,8.524],[-83.1112,8.51875],[-83.1023,8.51939],[-83.10618,8.52418],[-83.10219,8.52859],[-83.106,8.53887],[-83.11758,8.54988],[-83.11139,8.55443],[-83.11045,8.54812],[-83.10414,8.55343],[-83.09455,8.55143],[-83.08083,8.54171],[-83.09015,8.55145],[-83.10804,8.55651],[-83.11373,8.55647],[-83.11707,8.55169],[-83.13417,8.55546],[-83.13577,8.56292],[-83.14564,8.56982],[-83.15289,8.57056],[-83.15191,8.58035],[-83.14027,8.58196],[-83.13732,8.58507],[-83.13825,8.59086],[-83.13358,8.58895],[-83.11316,8.59345],[-83.12072,8.60242],[-83.13082,8.60301],[-83.13339,8.60055],[-83.14084,8.61416],[-83.1752,8.64617],[-83.18709,8.64404],[-83.18253,8.63917],[-83.1771,8.63907],[-83.17574,8.62891],[-83.18114,8.62231],[-83.19606,8.62828],[-83.20291,8.62708],[-83.20371,8.63106],[-83.21095,8.6287],[-83.22448,8.64138],[-83.23276,8.64004],[-83.23515,8.62934],[-83.24307,8.6329],[-83.25383,8.65731],[-83.27168,8.6563],[-83.27481,8.65989],[-83.27998,8.6596],[-83.28904,8.65826],[-83.2947,8.65371],[-83.30022,8.66708],[-83.30673,8.6736],[-83.31968,8.67404],[-83.328,8.68004],[-83.32958,8.68544],[-83.32597,8.68624],[-83.32612,8.69062],[-83.33177,8.70346],[-83.32867,8.70503],[-83.32898,8.71275],[-83.32355,8.71433],[-83.32017,8.71178],[-83.31633,8.71901],[-83.31765,8.72338],[-83.31249,8.72625],[-83.29928,8.72491],[-83.29542,8.73099],[-83.29885,8.7256],[-83.30317,8.72592],[-83.30501,8.7299],[-83.32676,8.73157],[-83.32957,8.72563],[-83.34073,8.72878],[-83.34647,8.73634],[-83.35113,8.7367],[-83.35331,8.73244],[-83.37055,8.73748],[-83.37632,8.74865],[-83.38252,8.7459],[-83.38145,8.74089],[-83.38995,8.73427],[-83.39044,8.7304],[-83.39424,8.7363],[-83.39798,8.73447],[-83.40188,8.73715],[-83.41692,8.7207],[-83.43279,8.71326],[-83.43751,8.72224],[-83.44348,8.72478],[-83.45563,8.72213],[-83.46446,8.72645],[-83.46765,8.72038],[-83.4784,8.72108],[-83.48423,8.70275],[-83.48133,8.6935],[-83.47513,8.69573],[-83.46979,8.68997],[-83.47516,8.68919],[-83.4705,8.68822],[-83.46699,8.67866],[-83.45767,8.67794],[-83.45607,8.67087],[-83.45063,8.67026],[-83.44592,8.66231],[-83.43426,8.66006],[-83.43224,8.64746],[-83.43588,8.63043],[-83.42648,8.61813],[-83.41519,8.61202],[-83.39655,8.59127],[-83.38616,8.58438],[-83.37659,8.5847],[-83.37342,8.57532],[-83.35117,8.57623],[-83.32106,8.5616],[-83.3197,8.5504],[-83.31033,8.54157],[-83.30724,8.54391],[-83.30489,8.53954],[-83.30101,8.54046],[-83.28958,8.53384],[-83.29069,8.52468],[-83.28466,8.53245],[-83.2882,8.54093],[-83.28329,8.54121],[-83.29133,8.50124],[-83.28438,8.48479],[-83.27711,8.48097],[-83.27147,8.46787],[-83.2835,8.44565],[-83.27203,8.43026],[-83.27933,8.41888],[-83.28044,8.41011],[-83.27708,8.38695],[-83.29071,8.37489],[-83.43697,8.43571],[-83.46936,8.44452],[-83.51259,8.44875],[-83.54075,8.44367],[-83.54565,8.44029],[-83.56635,8.44209],[-83.5696,8.44387],[-83.56755,8.44775],[-83.57003,8.45095],[-83.58897,8.45945],[-83.59255,8.47334],[-83.60742,8.49152],[-83.64772,8.52138],[-83.64982,8.52497],[-83.64714,8.52569],[-83.64332,8.52058],[-83.64244,8.52451],[-83.65806,8.53908],[-83.66121,8.54576],[-83.66449,8.54556],[-83.65081,8.52672],[-83.68929,8.56539],[-83.69465,8.57282],[-83.6874,8.5721],[-83.69364,8.57695],[-83.69121,8.58057],[-83.69948,8.57935],[-83.70494,8.58305],[-83.71426,8.5835],[-83.71609,8.58658],[-83.72098,8.58306],[-83.73153,8.59342],[-83.73526,8.62584],[-83.72857,8.63104],[-83.73188,8.64209],[-83.71394,8.64839],[-83.71607,8.67439],[-83.71054,8.67855],[-83.71007,8.6855],[-83.69408,8.6936],[-83.67262,8.69658],[-83.67077,8.69119],[-83.66585,8.69058],[-83.65476,8.69645],[-83.64914,8.70653],[-83.64789,8.73101],[-83.63308,8.74167],[-83.61835,8.74563],[-83.61761,8.75002],[-83.62334,8.75487],[-83.63783,8.75387],[-83.64022,8.74394],[-83.64568,8.76708],[-83.63642,8.77487],[-83.63303,8.77167],[-83.61229,8.76731],[-83.61634,8.77192],[-83.61676,8.77655],[-83.61353,8.77812],[-83.60281,8.76222],[-83.6024,8.75888],[-83.60913,8.75973],[-83.61067,8.75728],[-83.60162,8.75837],[-83.59713,8.76458],[-83.60123,8.77666],[-83.59873,8.78981],[-83.58971,8.79618],[-83.58142,8.79585],[-83.57154,8.78845],[-83.56456,8.79043],[-83.55548,8.78804],[-83.55123,8.79039],[-83.55087,8.79503],[-83.54699,8.79557],[-83.54926,8.78757],[-83.53503,8.78779],[-83.52745,8.79673],[-83.52839,8.8011],[-83.52124,8.8166],[-83.52547,8.82945],[-83.5317,8.83224],[-83.52457,8.84865],[-83.52146,8.84931],[-83.52202,8.85446],[-83.51835,8.84907],[-83.51291,8.84744],[-83.5052,8.85728],[-83.49327,8.85478],[-83.48436,8.85806],[-83.49051,8.86652],[-83.48527,8.85818],[-83.49329,8.85632],[-83.50547,8.85908],[-83.51474,8.85052],[-83.51946,8.8586],[-83.51329,8.86572],[-83.50614,8.8683],[-83.50921,8.87489],[-83.50557,8.8735],[-83.50042,8.87804],[-83.5126,8.87847],[-83.51521,8.88129],[-83.52005,8.8895],[-83.51351,8.8983],[-83.51945,8.89543],[-83.52546,8.90376],[-83.53064,8.90385],[-83.52885,8.90747],[-83.53368,8.91181],[-83.54599,8.91314],[-83.55355,8.9203],[-83.56518,8.917],[-83.55773,8.92658],[-83.56111,8.92733],[-83.56946,8.91878],[-83.57657,8.93547],[-83.58292,8.9362],[-83.58041,8.94755],[-83.57392,8.94553],[-83.57472,8.94862],[-83.57731,8.94757],[-83.5789,8.95258],[-83.58561,8.95008],[-83.59743,8.95541],[-83.59762,8.96365],[-83.60153,8.96697],[-83.58086,8.97355],[-83.5751,8.9651],[-83.56238,8.96184],[-83.54442,8.94818],[-83.52577,8.9487],[-83.51509,8.93924],[-83.50912,8.93851],[-83.49587,8.9507],[-83.49602,8.95366],[-83.48407,8.94924],[-83.46961,8.9559],[-83.47015,8.95821],[-83.45019,8.95693],[-83.44375,8.96212],[-83.4303,8.96517],[-83.39166,8.95937],[-83.3893,8.9545],[-83.38074,8.95197],[-83.36987,8.95385],[-83.35677,8.94499],[-83.34236,8.94053],[-83.33608,8.94207],[-83.35608,8.94556],[-83.37091,8.95551],[-83.381,8.95236],[-83.38905,8.95566],[-83.39167,8.96002],[-83.41527,8.96463],[-83.42251,8.96304],[-83.42928,8.96763],[-83.45253,8.95782],[-83.4642,8.9598],[-83.48385,8.95452],[-83.49448,8.9565],[-83.51836,8.94463],[-83.52552,8.95063],[-83.54288,8.95038],[-83.55145,8.95367],[-83.56318,8.96453],[-83.57746,8.96984],[-83.57801,8.97447],[-83.58139,8.97574],[-83.60234,8.97212],[-83.60617,8.98162],[-83.59513,8.97745],[-83.59619,8.98027],[-83.591,8.97941],[-83.59104,8.98494],[-83.58664,8.9851],[-83.58692,8.98896],[-83.57941,8.98902],[-83.57918,8.99314],[-83.57426,8.99343],[-83.58027,9.00073],[-83.58881,9.00002],[-83.59039,9.00362],[-83.59741,9.00614],[-83.60623,9.02668],[-83.61009,9.02305],[-83.61166,9.0251],[-83.60845,9.0295],[-83.61006,9.03722],[-83.60748,9.03852],[-83.61994,9.04204],[-83.62752,9.05061],[-83.63893,9.05169],[-83.6546,9.06896],[-83.67749,9.08231],[-83.67678,9.09107],[-83.6807,9.09516],[-83.68744,9.09563],[-83.6867,9.10104],[-83.69404,9.1118],[-83.70496,9.1179],[-83.71621,9.13211],[-83.72284,9.13476],[-83.73019,9.14758],[-83.74799,9.15389],[-83.75692,9.15202],[-83.75871,9.16603],[-83.76724,9.18052],[-83.78174,9.1956],[-83.78874,9.1958],[-83.79476,9.20387],[-83.8041,9.20418],[-83.81062,9.21044],[-83.82165,9.21125],[-83.83012,9.21788],[-83.834,9.21708],[-83.84078,9.22282],[-83.84204,9.23375],[-83.86591,9.2539],[-83.86373,9.25771],[-83.86927,9.25503],[-83.91467,9.28981],[-83.92517,9.30582],[-83.93505,9.30947],[-83.93764,9.3088],[-83.93658,9.30559],[-83.99019,9.33179],[-83.98006,9.3293],[-83.97892,9.33176],[-83.99335,9.33782],[-84.00406,9.34648],[-84.00461,9.35059],[-84.01498,9.35051],[-84.01986,9.34596],[-84.03674,9.34942],[-84.08409,9.3696],[-84.11265,9.3745],[-84.11242,9.37759],[-84.08956,9.37265],[-84.09076,9.37585],[-84.10806,9.38355],[-84.11114,9.37979],[-84.11712,9.38154],[-84.11757,9.37407],[-84.12365,9.37299],[-84.12934,9.38658],[-84.13426,9.38538],[-84.13457,9.37727],[-84.14459,9.38143],[-84.14455,9.37679],[-84.1474,9.37638],[-84.14738,9.389],[-84.153,9.39371],[-84.16158,9.39698],[-84.17608,9.39492],[-84.17612,9.39981],[-84.16371,9.40327],[-84.16324,9.40842],[-84.16598,9.4102],[-84.16408,9.4151],[-84.16908,9.42304],[-84.16562,9.42796],[-84.16736,9.44828],[-84.17761,9.44947],[-84.17991,9.44559],[-84.17024,9.43693],[-84.17883,9.44084],[-84.1831,9.45444],[-84.20001,9.46008],[-84.20111,9.46792],[-84.20475,9.4684],[-84.22235,9.48685],[-84.2327,9.48977],[-84.23573,9.50061],[-84.24296,9.50478],[-84.2453,9.50995],[-84.24992,9.51025],[-84.25195,9.51542],[-84.27087,9.51839],[-84.27743,9.5084],[-84.28037,9.49658],[-84.29721,9.49864],[-84.31014,9.50415],[-84.3141,9.49607],[-84.32579,9.49366],[-84.32006,9.48985],[-84.31074,9.49174],[-84.30734,9.48842],[-84.30087,9.48964],[-84.26135,9.4774],[-84.24839,9.47791],[-84.24772,9.47508],[-84.25327,9.47336],[-84.2959,9.48506],[-84.32965,9.4904],[-84.32654,9.49421],[-84.33511,9.49597],[-84.33481,9.5006],[-84.34283,9.5035],[-84.34099,9.50735],[-84.34776,9.50328],[-84.35397,9.50616],[-84.35995,9.50427],[-84.36226,9.50725],[-84.36668,9.50574],[-84.3667,9.50265],[-84.33744,9.49599],[-84.33695,9.49393],[-84.34656,9.49616],[-84.34887,9.49408],[-84.39289,9.50632],[-84.39181,9.51018],[-84.40221,9.50845],[-84.40423,9.514],[-84.41382,9.51536],[-84.41015,9.52048],[-84.43065,9.51922],[-84.43248,9.51769],[-84.42447,9.51402],[-84.46122,9.52614],[-84.48376,9.52927],[-84.5355,9.51861],[-84.5504,9.53579],[-84.54481,9.53717],[-84.54658,9.54241],[-84.54895,9.54246],[-84.54543,9.54105],[-84.54624,9.53692],[-84.55512,9.53921],[-84.5948,9.56843],[-84.61806,9.58172],[-84.62526,9.59104],[-84.61988,9.599],[-84.62952,9.61322],[-84.64191,9.62207],[-84.65074,9.62213],[-84.66208,9.63328],[-84.65438,9.63992],[-84.6573,9.64947],[-84.66895,9.65226],[-84.6778,9.65026],[-84.67866,9.6576],[-84.6728,9.65899],[-84.66842,9.67376],[-84.67369,9.68152],[-84.67462,9.69686],[-84.67124,9.69748],[-84.66743,9.70466],[-84.66158,9.70604],[-84.65812,9.71799],[-84.65198,9.72284],[-84.65026,9.72876],[-84.63161,9.74099],[-84.63089,9.75052],[-84.6275,9.7523],[-84.62808,9.76183],[-84.63936,9.78251],[-84.63194,9.78594],[-84.63138,9.79109],[-84.62736,9.79119],[-84.62287,9.80069],[-84.63435,9.81133],[-84.64188,9.81292],[-84.64197,9.81705],[-84.63571,9.82164],[-84.6358,9.82679],[-84.64151,9.82799],[-84.64491,9.82428],[-84.6514,9.82432],[-84.65034,9.82766],[-84.65809,9.83364],[-84.66356,9.83059],[-84.67082,9.83321],[-84.64043,9.7972],[-84.63439,9.78737],[-84.64128,9.7864],[-84.66491,9.8239],[-84.67528,9.8332],[-84.67868,9.84203],[-84.70024,9.85982],[-84.69518,9.85965],[-84.67931,9.84448],[-84.67849,9.84975],[-84.68288,9.85416],[-84.69763,9.86108],[-84.69423,9.86544],[-84.69073,9.86401],[-84.68875,9.86759],[-84.68304,9.86768],[-84.68223,9.87296],[-84.66934,9.8767]],[[-83.34334,10.29022],[-83.34917,10.29276],[-83.3498,10.28844],[-83.36313,10.28843],[-83.34863,10.28871],[-83.34756,10.29232],[-83.34334,10.29022]],[[-85.40752,10.35994],[-85.41025,10.3629],[-85.40882,10.36896],[-85.41065,10.36161],[-85.40752,10.35994]]],[[[-83.14625,8.56261],[-83.15885,8.57052],[-83.16683,8.58697],[-83.17424,8.59285],[-83.17677,8.60443],[-83.16815,8.61349],[-83.1632,8.60772],[-83.15672,8.60686],[-83.15979,8.60092],[-83.15459,8.59682],[-83.15885,8.59319],[-83.1592,8.58701],[-83.16424,8.58543],[-83.15603,8.57518],[-83.15678,8.57131],[-83.14588,8.5657],[-83.14168,8.55529],[-83.14625,8.56261]]],[[[-83.47995,8.95197],[-83.48281,8.95427],[-83.47686,8.95559],[-83.47995,8.95197]]],[[[-83.48356,8.95014],[-83.48747,8.95346],[-83.48488,8.95412],[-83.48356,8.95014]]],[[[-83.51068,8.93888],[-83.51406,8.94015],[-83.51177,8.94622],[-83.49706,8.95417],[-83.49638,8.95018],[-83.51068,8.93888]]],[[[-83.53481,8.83197],[-83.53509,8.83505],[-83.54014,8.83451],[-83.54055,8.83785],[-83.54741,8.83755],[-83.53644,8.8438],[-83.53366,8.85322],[-83.52851,8.85699],[-83.52307,8.85651],[-83.53481,8.83197]]],[[[-83.64496,8.79206],[-83.65054,8.79485],[-83.64487,8.79876],[-83.63465,8.81737],[-83.63025,8.8174],[-83.62743,8.8218],[-83.61953,8.82108],[-83.60885,8.82991],[-83.59669,8.83167],[-83.60649,8.82594],[-83.60068,8.81001],[-83.60677,8.81087],[-83.61218,8.80723],[-83.6254,8.80894],[-83.62769,8.803],[-83.62297,8.79428],[-83.62422,8.78809],[-83.62926,8.78766],[-83.63373,8.77875],[-83.64231,8.78461],[-83.64496,8.79206]]],[[[-83.60239,8.86884],[-83.6032,8.85519],[-83.6043,8.86471],[-83.60239,8.86884]]],[[[-83.61762,8.93492],[-83.61992,8.93091],[-83.62188,8.93335],[-83.61762,8.93492]]],[[[-83.62087,8.91829],[-83.62438,8.92097],[-83.62187,8.92553],[-83.62087,8.91829]]],[[[-83.62275,8.96476],[-83.62293,8.9533],[-83.6274,8.96292],[-83.62275,8.96476]]],[[[-83.63063,9.01518],[-83.62752,8.9964],[-83.62984,8.99587],[-83.62918,8.97553],[-83.63151,8.97603],[-83.63097,9.00848],[-83.63392,9.02211],[-83.65853,9.05798],[-83.66001,9.06544],[-83.65625,9.06495],[-83.65086,9.05366],[-83.64046,9.04833],[-83.64198,9.0442],[-83.63063,9.01518]]],[[[-83.87642,8.71338],[-83.86789,8.71447],[-83.86781,8.70443],[-83.87424,8.69975],[-83.89056,8.7022],[-83.89345,8.70746],[-83.87642,8.71338]]],[[[-83.92668,9.2995],[-83.93138,9.3037],[-83.92802,9.30463],[-83.92668,9.2995]]],[[[-84.00008,9.33609],[-84.01906,9.34262],[-84.01127,9.34127],[-84.00008,9.33609]]],[[[-84.18249,9.44402],[-84.18652,9.44553],[-84.18566,9.45017],[-84.18249,9.44402]]],[[[-84.1903,9.44756],[-84.21737,9.45915],[-84.20675,9.4604],[-84.20152,9.45595],[-84.18801,9.45272],[-84.1903,9.44756]]],[[[-84.2322,9.46506],[-84.24534,9.47047],[-84.24551,9.47459],[-84.23329,9.47059],[-84.2322,9.46506]]],[[[-84.67404,9.63],[-84.66755,9.63035],[-84.66731,9.62803],[-84.6764,9.62642],[-84.67404,9.63]]],[[[-84.82803,9.82074],[-84.84191,9.82405],[-84.83372,9.82489],[-84.82594,9.82278],[-84.82803,9.82074]]],[[[-84.86027,9.81592],[-84.86414,9.81955],[-84.86049,9.82288],[-84.85009,9.82384],[-84.84855,9.82125],[-84.86027,9.81592]]],[[[-84.88819,9.83683],[-84.88999,9.83877],[-84.88011,9.84077],[-84.88279,9.84826],[-84.88031,9.85031],[-84.86783,9.85177],[-84.87646,9.8423],[-84.87336,9.83983],[-84.88819,9.83683]]],[[[-84.89151,9.76395],[-84.8954,9.76397],[-84.89924,9.77276],[-84.88653,9.771],[-84.89151,9.76395]]],[[[-84.89284,9.84021],[-84.89022,9.84431],[-84.88711,9.84339],[-84.89284,9.84021]]],[[[-84.90682,9.93085],[-84.91796,9.93491],[-84.91972,9.94522],[-84.90517,9.94423],[-84.90215,9.94962],[-84.9098,9.9525],[-84.90173,9.95413],[-84.8963,9.95036],[-84.89662,9.94083],[-84.89144,9.9377],[-84.89537,9.93271],[-84.90682,9.93085]]],[[[-84.90261,9.77381],[-84.90481,9.77601],[-84.90229,9.78385],[-84.89917,9.78473],[-84.89843,9.77752],[-84.90261,9.77381]]],[[[-84.92218,9.88354],[-84.92774,9.88873],[-84.92189,9.88934],[-84.92218,9.88354]]],[[[-84.96316,9.97963],[-84.98704,9.98376],[-85.00024,9.99196],[-85.01349,9.99307],[-85.01139,9.99602],[-84.99738,9.99336],[-84.99087,9.99525],[-84.98856,9.9906],[-84.96364,9.98491],[-84.95999,9.98656],[-84.96316,9.97963]]],[[[-85.02127,9.99556],[-85.04074,10.00019],[-85.0485,10.00577],[-85.01891,9.9998],[-85.02127,9.99556]]],[[[-85.0445,9.98024],[-85.07255,9.98221],[-85.07589,9.98905],[-85.06806,9.99416],[-85.05327,9.99124],[-85.04176,9.98138],[-85.0445,9.98024]]],[[[-85.07398,10.13667],[-85.075,10.13951],[-85.06328,10.14253],[-85.06252,10.13866],[-85.07398,10.13667]]],[[[-85.10744,10.10491],[-85.11678,10.10922],[-85.12888,10.10787],[-85.14879,10.12],[-85.15963,10.11758],[-85.16085,10.10857],[-85.153,10.0959],[-85.14625,10.09354],[-85.14207,10.09635],[-85.12661,10.09601],[-85.12651,10.08982],[-85.11221,10.09103],[-85.10203,10.09767],[-85.09971,10.09353],[-85.0936,10.09401],[-85.10107,10.08414],[-85.10836,10.08135],[-85.13883,10.07327],[-85.15962,10.07442],[-85.18219,10.08344],[-85.18998,10.10795],[-85.19814,10.11393],[-85.19342,10.12034],[-85.19032,10.11607],[-85.1817,10.1244],[-85.16296,10.12623],[-85.10483,10.10748],[-85.10744,10.10491]]],[[[-85.15753,10.03061],[-85.16502,10.03864],[-85.17698,10.03858],[-85.1694,10.04588],[-85.15222,10.04926],[-85.1498,10.04023],[-85.15753,10.03061]]],[[[-85.16792,10.16876],[-85.16282,10.1735],[-85.16297,10.17093],[-85.16792,10.16876]]],[[[-85.34373,10.31889],[-85.34841,10.31956],[-85.34058,10.32325],[-85.34373,10.31889]]],[[[-85.68848,10.63989],[-85.69081,10.64274],[-85.68898,10.64453],[-85.68611,10.64375],[-85.68848,10.63989]]],[[[-85.70759,11.04481],[-85.71147,11.04972],[-85.70704,11.04919],[-85.70759,11.04481]]],[[[-85.80333,10.44514],[-85.80514,10.4494],[-85.80045,10.44938],[-85.80333,10.44514]]],[[[-85.86774,10.84096],[-85.87244,10.84111],[-85.86955,10.84522],[-85.85625,10.84672],[-85.86774,10.84096]]],[[[-85.89501,10.86941],[-85.89786,10.87393],[-85.88756,10.87544],[-85.88744,10.8726],[-85.89501,10.86941]]],[[[-85.90758,10.85476],[-85.906,10.85978],[-85.90367,10.85514],[-85.90758,10.85476]]],[[[-85.91385,10.85221],[-85.91644,10.85647],[-85.92401,10.85327],[-85.92296,10.85701],[-85.91225,10.86187],[-85.90915,10.85309],[-85.91385,10.85221]]],[[[-87.06236,5.54962],[-87.05027,5.55143],[-87.05104,5.55607],[-87.04795,5.5571],[-87.0459,5.54988],[-87.04178,5.54756],[-87.03715,5.55143],[-87.03303,5.54937],[-87.02775,5.53235],[-87.03045,5.52694],[-87.03869,5.525],[-87.04589,5.51778],[-87.05155,5.5183],[-87.0639,5.51056],[-87.06738,5.51172],[-87.07419,5.49922],[-87.09465,5.51842],[-87.08269,5.53957],[-87.05722,5.54344],[-87.06236,5.54962]]]]}},{"type":"Feature","properties":{"ISO_A3":"PAN","WB_A3":"PAN","WB_NAME":"Panama","WB_REGION":"LCN"},"geometry":{"type":"MultiPolygon","coordinates":[[[[-81.21648,8.78634],[-81.21399,8.78424],[-81.20948,8.78827],[-81.20015,8.78622],[-81.1802,8.79551],[-81.14664,8.79565],[-81.14289,8.79952],[-81.12682,8.80442],[-81.11386,8.80778],[-81.09313,8.80778],[-81.09261,8.81036],[-81.08432,8.80959],[-81.07939,8.80276],[-81.08173,8.80946],[-81.06773,8.81153],[-81.06177,8.81991],[-81.05374,8.82365],[-81.0426,8.82313],[-81.03767,8.82726],[-81.02808,8.82816],[-81.02614,8.83254],[-80.99776,8.83383],[-80.98804,8.84234],[-80.97599,8.84247],[-80.95331,8.85497],[-80.95136,8.8609],[-80.94256,8.86566],[-80.90821,8.86759],[-80.89978,8.88164],[-80.88889,8.88731],[-80.87191,8.88491],[-80.87477,8.88228],[-80.87153,8.88034],[-80.87555,8.8565],[-80.86493,8.84618],[-80.8683,8.84025],[-80.86207,8.83308],[-80.86695,8.83929],[-80.86493,8.84696],[-80.87469,8.85528],[-80.86971,8.88563],[-80.85079,8.88497],[-80.82356,8.89437],[-80.82096,8.90365],[-80.79918,8.92014],[-80.78647,8.94282],[-80.76572,8.95518],[-80.75922,8.97528],[-80.7307,8.99782],[-80.70709,9.00063],[-80.69775,9.00552],[-80.69411,9.02021],[-80.684,9.02227],[-80.68232,9.01544],[-80.68192,9.02343],[-80.6744,9.02484],[-80.66921,9.03218],[-80.65702,9.04003],[-80.63833,9.05084],[-80.61291,9.05932],[-80.60875,9.06446],[-80.57684,9.07964],[-80.57398,9.07925],[-80.57192,9.07255],[-80.56155,9.06931],[-80.57255,9.07642],[-80.56322,9.08079],[-80.56283,9.08504],[-80.55115,9.08735],[-80.54752,9.09276],[-80.53169,9.09776],[-80.53142,9.10343],[-80.50833,9.1083],[-80.49328,9.11679],[-80.47642,9.11406],[-80.46501,9.1161],[-80.46162,9.12306],[-80.42271,9.1306],[-80.41517,9.14013],[-80.40167,9.14461],[-80.36355,9.14249],[-80.35784,9.14312],[-80.35498,9.14763],[-80.34044,9.15418],[-80.31994,9.15736],[-80.29375,9.15563],[-80.28648,9.16052],[-80.28257,9.16811],[-80.27142,9.16654],[-80.24625,9.17075],[-80.23637,9.18348],[-80.20701,9.18822],[-80.19821,9.19423],[-80.18828,9.19315],[-80.18873,9.1907],[-80.17876,9.19225],[-80.1733,9.19778],[-80.15929,9.19891],[-80.15045,9.20778],[-80.12995,9.20876],[-80.12396,9.21622],[-80.10917,9.22005],[-80.08709,9.23172],[-80.08655,9.23868],[-80.06625,9.26312],[-80.04857,9.27647],[-80.03763,9.29242],[-80.02334,9.29986],[-80.01967,9.31119],[-80.00175,9.31797],[-79.98444,9.29382],[-79.97639,9.29599],[-79.97043,9.29301],[-79.96567,9.27959],[-79.95619,9.28304],[-79.94321,9.28262],[-79.93872,9.2674],[-79.94145,9.26432],[-79.93913,9.26134],[-79.93601,9.26378],[-79.93018,9.26042],[-79.93187,9.2572],[-79.93784,9.25631],[-79.94238,9.25865],[-79.94254,9.24641],[-79.94583,9.24439],[-79.94672,9.23753],[-79.9427,9.2388],[-79.93987,9.229],[-79.94468,9.22721],[-79.94547,9.22141],[-79.95301,9.21525],[-79.95824,9.20032],[-79.95724,9.19065],[-79.95373,9.19141],[-79.95335,9.18909],[-79.95712,9.18627],[-79.95844,9.17725],[-79.96182,9.17623],[-79.95847,9.169],[-79.96017,9.1623],[-79.96302,9.16231],[-79.96252,9.15613],[-79.95747,9.15637],[-79.9648,9.13165],[-79.96182,9.13009],[-79.96261,9.12674],[-79.97653,9.12489],[-79.97637,9.12098],[-79.98362,9.1268],[-79.98534,9.11237],[-79.99027,9.11342],[-79.99923,9.1079],[-80.00984,9.11682],[-80.01494,9.11597],[-80.00725,9.11295],[-80.00623,9.1096],[-80.01128,9.11064],[-80.00936,9.10265],[-80.01348,9.11245],[-80.01998,9.10654],[-80.03205,9.10271],[-80.03128,9.09961],[-80.03816,9.09705],[-80.0423,9.09874],[-80.03702,9.08468],[-80.04041,9.07953],[-80.0478,9.07775],[-80.04782,9.07014],[-80.0512,9.06989],[-80.04631,9.05442],[-80.05927,9.05651],[-80.05824,9.05393],[-80.06474,9.04725],[-80.06824,9.0479],[-80.07175,9.04237],[-80.07486,9.04469],[-80.07825,9.0371],[-80.07359,9.03515],[-80.08034,9.03118],[-80.07996,9.02473],[-80.0845,9.02616],[-80.08374,9.01855],[-80.07933,9.01957],[-80.07688,9.01596],[-80.07593,9.03039],[-80.07204,9.02935],[-80.071,9.03425],[-80.06039,9.02623],[-80.05906,9.03563],[-80.0623,9.03886],[-80.05879,9.04298],[-80.05023,9.04115],[-80.04639,9.0249],[-80.04249,9.02928],[-80.03912,9.02875],[-80.04447,9.01536],[-80.0293,9.01635],[-80.02849,9.02731],[-80.03935,9.0379],[-80.0414,9.04732],[-80.03907,9.04821],[-80.03233,9.04781],[-80.03078,9.04291],[-80.02043,9.03772],[-80.01548,9.02964],[-80.01466,9.02216],[-80.01844,9.02015],[-80.01399,9.02019],[-80.01422,9.03047],[-80.0199,9.03901],[-80.03931,9.05375],[-80.03799,9.062],[-80.03475,9.06379],[-80.03667,9.06998],[-80.02948,9.07907],[-80.02603,9.07408],[-80.01902,9.07651],[-80.01826,9.06994],[-80.01489,9.07225],[-80.01591,9.07727],[-80.01863,9.07767],[-80.01771,9.08256],[-80.01227,9.08087],[-80.01122,9.08383],[-79.998,9.08431],[-79.98995,9.0888],[-79.99074,9.08301],[-80.0067,9.07893],[-80.0066,9.06965],[-80.01187,9.05618],[-80.00737,9.05138],[-80.00431,9.05237],[-80.0074,9.06037],[-80.00518,9.06552],[-80.00117,9.06422],[-80.00427,9.06784],[-80.00166,9.0735],[-79.99726,9.06936],[-80.00014,9.06099],[-79.99859,9.05609],[-80.00353,9.05185],[-80.00383,9.03871],[-79.99201,9.04718],[-79.99345,9.04049],[-79.98777,9.03403],[-79.99114,9.03352],[-79.99065,9.02321],[-79.98767,9.02346],[-79.98522,9.01623],[-79.98566,9.04381],[-79.97696,9.05101],[-79.97269,9.04636],[-79.97584,9.03322],[-79.97246,9.03733],[-79.96611,9.035],[-79.96688,9.03783],[-79.96225,9.03876],[-79.96095,9.02725],[-79.96705,9.02572],[-79.96472,9.02185],[-79.96914,9.02057],[-79.96138,9.01462],[-79.96245,9.00303],[-79.95465,9.00893],[-79.95643,9.02105],[-79.95383,9.02233],[-79.95073,9.01846],[-79.95162,9.02619],[-79.94786,9.02644],[-79.94458,9.03906],[-79.95196,9.04217],[-79.94859,9.04397],[-79.95635,9.05005],[-79.95269,9.06047],[-79.9611,9.06694],[-79.95965,9.07467],[-79.96534,9.07778],[-79.96273,9.08396],[-79.95962,9.08292],[-79.9587,9.09013],[-79.95312,9.09037],[-79.94927,9.07696],[-79.94356,9.07772],[-79.94022,9.06611],[-79.93323,9.06428],[-79.92803,9.06749],[-79.94485,9.08197],[-79.9425,9.08545],[-79.94479,9.1004],[-79.94142,9.09885],[-79.94144,9.09382],[-79.93236,9.09611],[-79.9264,9.09416],[-79.92127,9.07533],[-79.91554,9.0815],[-79.90906,9.08303],[-79.91424,9.08549],[-79.91487,9.08949],[-79.91786,9.08769],[-79.91965,9.0962],[-79.92406,9.09583],[-79.926,9.0988],[-79.92585,9.10292],[-79.92352,9.10266],[-79.92882,9.1086],[-79.92738,9.11195],[-79.92463,9.10662],[-79.91908,9.11308],[-79.90767,9.11318],[-79.91363,9.11423],[-79.9206,9.12585],[-79.93123,9.12511],[-79.92966,9.13026],[-79.92786,9.12664],[-79.92292,9.13024],[-79.92628,9.13218],[-79.92523,9.13746],[-79.93198,9.13619],[-79.93819,9.14175],[-79.93514,9.149],[-79.92779,9.14907],[-79.92621,9.1555],[-79.93283,9.15475],[-79.93372,9.16223],[-79.92749,9.16324],[-79.92252,9.17534],[-79.91928,9.17585],[-79.91826,9.16863],[-79.91321,9.16913],[-79.91399,9.16565],[-79.91114,9.16641],[-79.90494,9.15931],[-79.9065,9.15648],[-79.90313,9.15595],[-79.90174,9.14461],[-79.89587,9.154],[-79.89323,9.16984],[-79.88973,9.1706],[-79.89115,9.17344],[-79.88646,9.17974],[-79.88012,9.17547],[-79.88246,9.17135],[-79.88843,9.17008],[-79.88832,9.16493],[-79.88157,9.16645],[-79.88016,9.16181],[-79.88233,9.14567],[-79.87083,9.14468],[-79.86972,9.14],[-79.87531,9.13679],[-79.87621,9.14002],[-79.87997,9.14016],[-79.88128,9.13475],[-79.87214,9.11488],[-79.86358,9.11459],[-79.86327,9.13057],[-79.85834,9.1303],[-79.85732,9.12643],[-79.84722,9.1215],[-79.8389,9.12663],[-79.83335,9.12042],[-79.83217,9.12351],[-79.83695,9.13023],[-79.83215,9.13176],[-79.8191,9.11754],[-79.82327,9.10982],[-79.82173,9.10647],[-79.82601,9.10442],[-79.82239,9.1008],[-79.82159,9.10853],[-79.81429,9.12101],[-79.80885,9.11931],[-79.80913,9.11158],[-79.80576,9.11028],[-79.80502,9.10036],[-79.81412,9.09433],[-79.8219,9.09358],[-79.82373,9.08946],[-79.81932,9.08777],[-79.81856,9.08275],[-79.82662,9.07762],[-79.82866,9.086],[-79.83385,9.08563],[-79.83439,9.07996],[-79.82855,9.08175],[-79.83298,9.07351],[-79.82558,9.07684],[-79.82745,9.0619],[-79.83391,9.06707],[-79.84105,9.06555],[-79.83963,9.06245],[-79.84248,9.06195],[-79.85286,9.07042],[-79.85362,9.06585],[-79.86011,9.06445],[-79.85572,9.05838],[-79.86367,9.05824],[-79.86399,9.06691],[-79.87357,9.07106],[-79.87515,9.06437],[-79.86996,9.06384],[-79.86635,9.05816],[-79.86871,9.05069],[-79.86678,9.04527],[-79.85795,9.04859],[-79.85624,9.05619],[-79.84953,9.04908],[-79.85187,9.04664],[-79.84697,9.03645],[-79.84187,9.0506],[-79.83552,9.05149],[-79.8328,9.0498],[-79.83735,9.04569],[-79.83271,9.03614],[-79.82668,9.03615],[-79.82441,9.03947],[-79.83149,9.05547],[-79.82849,9.06087],[-79.82511,9.06138],[-79.82305,9.05725],[-79.82325,9.07606],[-79.81649,9.08068],[-79.8159,9.07741],[-79.8108,9.07808],[-79.80615,9.0724],[-79.80016,9.08037],[-79.80397,9.08335],[-79.80833,9.07976],[-79.80995,9.0868],[-79.8144,9.08704],[-79.81303,9.09422],[-79.80788,9.09702],[-79.80604,9.08681],[-79.80207,9.0893],[-79.80399,9.09662],[-79.79855,9.09737],[-79.79745,9.10304],[-79.79969,9.11606],[-79.79367,9.11326],[-79.79671,9.09067],[-79.7935,9.08819],[-79.79437,9.09555],[-79.7886,9.0994],[-79.78285,9.09906],[-79.78852,9.10926],[-79.78366,9.11176],[-79.77547,9.11116],[-79.77457,9.09785],[-79.77026,9.10462],[-79.76663,9.10422],[-79.7669,9.10028],[-79.76117,9.10024],[-79.76329,9.09482],[-79.76018,9.09391],[-79.75902,9.10006],[-79.75474,9.09387],[-79.74861,9.09269],[-79.75866,9.10615],[-79.75926,9.11322],[-79.75465,9.11784],[-79.75172,9.11691],[-79.75377,9.11149],[-79.74691,9.1067],[-79.74648,9.1114],[-79.74284,9.10824],[-79.74503,9.11741],[-79.74215,9.11857],[-79.72392,9.10889],[-79.72019,9.11269],[-79.71155,9.11068],[-79.71188,9.1137],[-79.70488,9.11277],[-79.70788,9.10935],[-79.70377,9.1063],[-79.6983,9.10805],[-79.69065,9.10422],[-79.67354,9.06911],[-79.65868,9.05591],[-79.64539,9.03782],[-79.61397,9.0167],[-79.5981,8.9965],[-79.595,8.99855],[-79.58884,8.99242],[-79.58095,8.97676],[-79.58432,8.97574],[-79.573,8.95508],[-79.57512,8.9422],[-79.56761,8.94101],[-79.56422,8.94512],[-79.56707,8.94655],[-79.56705,8.95299],[-79.562,8.96109],[-79.57373,8.96616],[-79.58048,8.9901],[-79.58812,8.99843],[-79.59485,9.00078],[-79.60517,9.01422],[-79.60956,9.0142],[-79.61732,9.02225],[-79.64112,9.03661],[-79.65505,9.05564],[-79.67004,9.06755],[-79.68986,9.10731],[-79.69435,9.11084],[-79.68309,9.11463],[-79.68118,9.11823],[-79.68528,9.12017],[-79.68266,9.12277],[-79.6862,9.12855],[-79.67891,9.13111],[-79.69029,9.13218],[-79.69316,9.12613],[-79.68983,9.11555],[-79.6984,9.11275],[-79.70513,9.11715],[-79.75022,9.12453],[-79.76503,9.1153],[-79.77281,9.11584],[-79.77537,9.12603],[-79.7847,9.12864],[-79.78336,9.13985],[-79.7787,9.1388],[-79.7783,9.14266],[-79.78752,9.13612],[-79.79647,9.13706],[-79.7919,9.1449],[-79.79604,9.14839],[-79.79292,9.15096],[-79.79601,9.15883],[-79.79861,9.15588],[-79.80535,9.15745],[-79.80428,9.16569],[-79.80001,9.16284],[-79.7943,9.16411],[-79.79637,9.16669],[-79.79234,9.1708],[-79.78613,9.16614],[-79.78777,9.17955],[-79.79775,9.18049],[-79.80059,9.18462],[-79.80461,9.18296],[-79.7988,9.17521],[-79.79542,9.17752],[-79.79284,9.17493],[-79.79792,9.1685],[-79.80375,9.17084],[-79.80606,9.17626],[-79.80178,9.17831],[-79.80616,9.18631],[-79.81925,9.18713],[-79.8229,9.18379],[-79.82057,9.18121],[-79.83342,9.17764],[-79.82978,9.17969],[-79.83041,9.1851],[-79.82055,9.18842],[-79.81665,9.19125],[-79.81845,9.19421],[-79.80937,9.19509],[-79.80768,9.19843],[-79.81455,9.19897],[-79.82547,9.19153],[-79.83376,9.19388],[-79.84221,9.18772],[-79.85921,9.1852],[-79.85058,9.20514],[-79.83995,9.20537],[-79.82474,9.21395],[-79.82628,9.22066],[-79.82908,9.22264],[-79.83947,9.21898],[-79.83948,9.22869],[-79.85075,9.23259],[-79.85466,9.22745],[-79.84768,9.22073],[-79.85122,9.20914],[-79.85913,9.2071],[-79.86107,9.20917],[-79.86629,9.2012],[-79.86926,9.20404],[-79.86778,9.22182],[-79.87231,9.22312],[-79.87357,9.23614],[-79.85966,9.234],[-79.85799,9.24112],[-79.85435,9.24214],[-79.85772,9.24499],[-79.85416,9.24798],[-79.86053,9.2584],[-79.86243,9.27206],[-79.86955,9.27621],[-79.87041,9.27999],[-79.87446,9.28305],[-79.88458,9.28244],[-79.8794,9.2774],[-79.89813,9.26225],[-79.91604,9.2605],[-79.92108,9.26709],[-79.93004,9.26235],[-79.93819,9.26972],[-79.94153,9.28339],[-79.94763,9.28199],[-79.9541,9.28497],[-79.96501,9.28101],[-79.96835,9.29197],[-79.97353,9.29701],[-79.98236,9.29446],[-79.99038,9.30286],[-79.99929,9.31629],[-79.99941,9.32144],[-80.0033,9.3212],[-80.00354,9.32597],[-79.99079,9.33946],[-79.98425,9.3562],[-79.97541,9.36274],[-79.94866,9.37168],[-79.94646,9.36743],[-79.94844,9.35815],[-79.94508,9.35325],[-79.95029,9.34708],[-79.94718,9.34578],[-79.94672,9.32529],[-79.95349,9.3177],[-79.9395,9.31032],[-79.92211,9.31091],[-79.92021,9.29802],[-79.92299,9.27895],[-79.92026,9.27946],[-79.91866,9.29414],[-79.91425,9.29259],[-79.91653,9.3127],[-79.90548,9.31936],[-79.90753,9.32865],[-79.91233,9.32892],[-79.91587,9.31501],[-79.91699,9.32971],[-79.9028,9.3459],[-79.90231,9.33585],[-79.89995,9.34332],[-79.90719,9.35262],[-79.90472,9.35519],[-79.90742,9.36396],[-79.89392,9.36495],[-79.88864,9.35127],[-79.88616,9.35526],[-79.88357,9.35448],[-79.88639,9.36466],[-79.88248,9.36981],[-79.88325,9.37239],[-79.88676,9.37137],[-79.88817,9.37575],[-79.88116,9.37934],[-79.88582,9.38],[-79.88828,9.38477],[-79.87931,9.38758],[-79.87934,9.37753],[-79.87493,9.37739],[-79.86777,9.38445],[-79.86658,9.39115],[-79.85207,9.38427],[-79.85235,9.38015],[-79.84522,9.37562],[-79.83912,9.3774],[-79.83966,9.3707],[-79.83176,9.36732],[-79.82823,9.3753],[-79.82277,9.37863],[-79.82197,9.38314],[-79.8256,9.38431],[-79.82427,9.39333],[-79.81985,9.39551],[-79.81522,9.38557],[-79.81872,9.38481],[-79.81888,9.37579],[-79.81264,9.38092],[-79.81034,9.36867],[-79.8071,9.36776],[-79.80935,9.35642],[-79.80361,9.36349],[-79.79974,9.35717],[-79.79584,9.3605],[-79.79674,9.36411],[-79.80075,9.36542],[-79.80294,9.37135],[-79.80696,9.37111],[-79.80108,9.38475],[-79.80791,9.39688],[-79.80893,9.40269],[-79.80309,9.40331],[-79.80229,9.40924],[-79.80733,9.41441],[-79.80108,9.42031],[-79.78602,9.42335],[-79.78561,9.42799],[-79.78042,9.42849],[-79.78208,9.43648],[-79.77948,9.4388],[-79.77273,9.43903],[-79.76908,9.44391],[-79.75922,9.44207],[-79.74389,9.44614],[-79.73515,9.45874],[-79.73446,9.4693],[-79.72538,9.46721],[-79.72455,9.4819],[-79.71949,9.48033],[-79.71883,9.48368],[-79.71026,9.48545],[-79.7079,9.49086],[-79.69073,9.50033],[-79.69147,9.51141],[-79.68639,9.51577],[-79.68442,9.52285],[-79.66854,9.53272],[-79.67643,9.54125],[-79.67524,9.54666],[-79.65185,9.55378],[-79.65075,9.56821],[-79.64073,9.57358],[-79.6415,9.57694],[-79.64968,9.57645],[-79.65362,9.56384],[-79.65648,9.56321],[-79.65828,9.56914],[-79.66062,9.56748],[-79.65856,9.5618],[-79.67183,9.55605],[-79.67754,9.55646],[-79.6818,9.56137],[-79.68127,9.56524],[-79.67751,9.56367],[-79.67177,9.57022],[-79.66736,9.57008],[-79.66785,9.5773],[-79.6637,9.57677],[-79.65563,9.58292],[-79.65587,9.58653],[-79.65262,9.58806],[-79.65585,9.59246],[-79.64443,9.59061],[-79.63361,9.60113],[-79.63579,9.60732],[-79.62696,9.60935],[-79.62044,9.6159],[-79.60827,9.60657],[-79.59191,9.60792],[-79.58726,9.60236],[-79.57472,9.61893],[-79.5641,9.61451],[-79.56146,9.62377],[-79.53883,9.6327],[-79.54164,9.62354],[-79.53864,9.61595],[-79.52801,9.61332],[-79.52998,9.60689],[-79.52337,9.60532],[-79.53454,9.60279],[-79.53665,9.59622],[-79.54158,9.59676],[-79.54056,9.59134],[-79.53486,9.58887],[-79.53225,9.5917],[-79.52193,9.57728],[-79.51959,9.57721],[-79.51892,9.5821],[-79.50458,9.58737],[-79.49307,9.58637],[-79.48475,9.58982],[-79.47878,9.58966],[-79.47673,9.58269],[-79.46868,9.58266],[-79.46315,9.60145],[-79.45872,9.6031],[-79.45408,9.59638],[-79.44044,9.59748],[-79.4403,9.60006],[-79.43629,9.59823],[-79.43644,9.59385],[-79.43048,9.59125],[-79.42816,9.58609],[-79.41725,9.58707],[-79.38329,9.57622],[-79.37601,9.58043],[-79.37524,9.57656],[-79.36151,9.57212],[-79.34825,9.57463],[-79.34824,9.57798],[-79.34267,9.57486],[-79.32487,9.57852],[-79.30366,9.56334],[-79.29613,9.56266],[-79.29014,9.56662],[-79.28444,9.5644],[-79.28079,9.56748],[-79.23081,9.54404],[-79.21575,9.54486],[-79.21444,9.54769],[-79.20721,9.54082],[-79.19398,9.53947],[-79.18173,9.54829],[-79.17706,9.54698],[-79.17287,9.55443],[-79.16378,9.55516],[-79.15782,9.55281],[-79.16397,9.54434],[-79.15946,9.53813],[-79.15504,9.53862],[-79.14455,9.55866],[-79.12668,9.55277],[-79.12017,9.55544],[-79.10701,9.55408],[-79.08978,9.55978],[-79.07734,9.55675],[-79.07056,9.56083],[-79.03369,9.5641],[-79.03113,9.55804],[-79.02025,9.5545],[-78.99791,9.55759],[-78.98931,9.56372],[-78.9857,9.55919],[-78.97191,9.56439],[-78.96842,9.56231],[-78.97455,9.55694],[-78.97145,9.55486],[-78.97486,9.54844],[-78.98058,9.54628],[-78.98212,9.55028],[-78.99069,9.5493],[-78.99255,9.54184],[-78.99829,9.53582],[-79.01113,9.53783],[-79.01384,9.54081],[-79.01851,9.54109],[-79.02099,9.53737],[-79.02694,9.54178],[-79.03097,9.54],[-79.04082,9.54276],[-79.05827,9.53152],[-79.06927,9.51471],[-79.07602,9.51294],[-79.07907,9.50291],[-79.07199,9.49231],[-79.0811,9.48656],[-79.07364,9.47609],[-79.07912,9.47006],[-79.07069,9.46912],[-79.06438,9.46058],[-79.06911,9.44953],[-79.07236,9.44954],[-79.06657,9.44011],[-79.04869,9.43653],[-79.0393,9.44537],[-79.02696,9.44646],[-79.01494,9.43995],[-79.00158,9.43859],[-79.00118,9.44129],[-78.99012,9.44599],[-78.98943,9.45436],[-78.98266,9.45677],[-78.97361,9.45272],[-78.96112,9.45742],[-78.95986,9.45264],[-78.9474,9.4527],[-78.93758,9.44569],[-78.92864,9.44512],[-78.92205,9.44019],[-78.92325,9.4353],[-78.91047,9.42363],[-78.89727,9.41891],[-78.89412,9.42495],[-78.88841,9.42556],[-78.87935,9.42177],[-78.8755,9.41569],[-78.8625,9.42012],[-78.85161,9.41864],[-78.84321,9.43559],[-78.83413,9.43502],[-78.82588,9.42698],[-78.81809,9.42693],[-78.81208,9.43411],[-78.80018,9.42966],[-78.79912,9.43274],[-78.79342,9.43232],[-78.79015,9.43603],[-78.79141,9.44119],[-78.78786,9.44928],[-78.76403,9.44269],[-78.74507,9.44592],[-78.74505,9.45017],[-78.72633,9.45649],[-78.72432,9.44592],[-78.71477,9.43903],[-78.69484,9.43207],[-78.68962,9.43629],[-78.67336,9.42459],[-78.66144,9.42181],[-78.65012,9.42766],[-78.65216,9.43231],[-78.64891,9.43331],[-78.63625,9.42602],[-78.63119,9.42753],[-78.62357,9.42194],[-78.62385,9.41898],[-78.60167,9.41909],[-78.59923,9.41546],[-78.59345,9.42611],[-78.57915,9.43104],[-78.57847,9.43593],[-78.57291,9.43421],[-78.55408,9.43756],[-78.54674,9.42914],[-78.53443,9.42815],[-78.53538,9.42185],[-78.53302,9.42017],[-78.5232,9.42125],[-78.51597,9.41566],[-78.50404,9.41583],[-78.50069,9.41323],[-78.49365,9.41859],[-78.48328,9.41749],[-78.48071,9.41386],[-78.47059,9.41508],[-78.47334,9.41098],[-78.46989,9.40426],[-78.46029,9.40496],[-78.45792,9.40984],[-78.45456,9.40878],[-78.45874,9.40469],[-78.43229,9.40347],[-78.43103,9.39831],[-78.42547,9.39724],[-78.42361,9.38512],[-78.41819,9.38148],[-78.40832,9.38398],[-78.40392,9.38292],[-78.40486,9.37881],[-78.39699,9.37295],[-78.3923,9.37588],[-78.37935,9.3736],[-78.37502,9.36365],[-78.35666,9.35669],[-78.33178,9.35586],[-78.32278,9.34549],[-78.30806,9.33765],[-78.30809,9.33456],[-78.28557,9.32976],[-78.28436,9.31803],[-78.27653,9.3257],[-78.26101,9.3203],[-78.25922,9.31732],[-78.26286,9.31594],[-78.26185,9.31258],[-78.25462,9.30905],[-78.24476,9.31039],[-78.24634,9.30731],[-78.23337,9.30798],[-78.23576,9.30131],[-78.22089,9.29656],[-78.21355,9.29058],[-78.19854,9.28698],[-78.17414,9.29155],[-78.17262,9.28742],[-78.16123,9.2854],[-78.14653,9.27601],[-78.13204,9.27397],[-78.12975,9.26777],[-78.11474,9.26559],[-78.11623,9.25736],[-78.11303,9.25245],[-78.09514,9.2541],[-78.07498,9.24699],[-78.07443,9.25136],[-78.07131,9.25185],[-78.04262,9.2435],[-78.03413,9.22013],[-78.02421,9.2131],[-78.00946,9.21169],[-78.00312,9.19465],[-77.98763,9.18873],[-77.98112,9.19228],[-77.97326,9.17239],[-77.96912,9.17158],[-77.96806,9.17427],[-77.95362,9.16643],[-77.94825,9.15815],[-77.95933,9.16506],[-77.96478,9.16343],[-77.96612,9.15881],[-77.95665,9.14535],[-77.94836,9.14502],[-77.93809,9.13386],[-77.9384,9.12872],[-77.9329,9.12498],[-77.93268,9.1158],[-77.93023,9.115],[-77.92369,9.12241],[-77.91961,9.11504],[-77.91701,9.11566],[-77.90468,9.10346],[-77.90821,9.09963],[-77.90691,9.0852],[-77.89619,9.08202],[-77.89278,9.0726],[-77.88735,9.07165],[-77.87117,9.05529],[-77.86805,9.05655],[-77.86472,9.05266],[-77.86107,9.05598],[-77.85511,9.05567],[-77.84972,9.05073],[-77.84196,9.04964],[-77.85597,9.06186],[-77.86297,9.0753],[-77.8711,9.07846],[-77.87141,9.08734],[-77.86805,9.08641],[-77.86686,9.09001],[-77.87517,9.10205],[-77.87278,9.10911],[-77.86102,9.09125],[-77.85431,9.08887],[-77.85564,9.08373],[-77.8495,9.07596],[-77.84354,9.07616],[-77.81263,9.05711],[-77.80853,9.05192],[-77.81116,9.04744],[-77.81795,9.05612],[-77.82145,9.05525],[-77.81707,9.05277],[-77.81715,9.04402],[-77.81279,9.03935],[-77.81249,9.04423],[-77.8041,9.02563],[-77.77449,9.00787],[-77.78508,9.01002],[-77.78363,8.99894],[-77.77589,8.99552],[-77.77118,9.00153],[-77.76626,9.00084],[-77.77185,8.99858],[-77.76996,8.99238],[-77.76699,8.9921],[-77.76305,8.98434],[-77.75542,8.9835],[-77.75713,8.98004],[-77.76177,8.98189],[-77.76806,8.97358],[-77.75916,8.96964],[-77.76191,8.95164],[-77.7569,8.94774],[-77.76314,8.94445],[-77.75775,8.939],[-77.75305,8.94333],[-77.74277,8.935],[-77.73783,8.92389],[-77.73866,8.91721],[-77.73107,8.91199],[-77.72908,8.90322],[-77.72518,8.90512],[-77.72315,8.90086],[-77.71746,8.89978],[-77.71886,8.88821],[-77.70625,8.88063],[-77.7008,8.88161],[-77.69997,8.88765],[-77.69713,8.88711],[-77.69521,8.87075],[-77.67895,8.86572],[-77.66667,8.85042],[-77.66407,8.85117],[-77.66308,8.84653],[-77.65559,8.84492],[-77.65214,8.84052],[-77.65323,8.83383],[-77.6503,8.8284],[-77.64694,8.82863],[-77.64366,8.81908],[-77.63874,8.81903],[-77.6348,8.8262],[-77.6287,8.81367],[-77.61587,8.816],[-77.62679,8.82536],[-77.6352,8.83856],[-77.63934,8.83911],[-77.63699,8.84141],[-77.6386,8.84914],[-77.6329,8.85064],[-77.63246,8.84635],[-77.61997,8.83482],[-77.61719,8.82798],[-77.61331,8.82807],[-77.61364,8.82035],[-77.60176,8.81741],[-77.5936,8.80447],[-77.57736,8.79789],[-77.57408,8.78911],[-77.57893,8.78195],[-77.57873,8.77577],[-77.57247,8.76748],[-77.55361,8.76486],[-77.55113,8.76703],[-77.556,8.77222],[-77.55556,8.77736],[-77.5453,8.77601],[-77.53825,8.76627],[-77.53492,8.75367],[-77.53905,8.75363],[-77.54004,8.75043],[-77.5391,8.73974],[-77.54595,8.73737],[-77.54664,8.73127],[-77.55069,8.73013],[-77.54827,8.71753],[-77.54529,8.71677],[-77.54616,8.71187],[-77.50327,8.68447],[-77.45148,8.66262],[-77.44396,8.66119],[-77.43947,8.66582],[-77.42159,8.6622],[-77.41829,8.67253],[-77.40662,8.66964],[-77.40019,8.67509],[-77.39475,8.67525],[-77.38042,8.65989],[-77.37447,8.6598],[-77.36792,8.66898],[-77.36873,8.67538],[-77.36411,8.66664],[-77.36802,8.66536],[-77.36984,8.65406],[-77.3647,8.64113],[-77.37173,8.63708],[-77.38042,8.64373],[-77.38492,8.64249],[-77.39462,8.65121],[-77.40877,8.64399],[-77.40897,8.63511],[-77.39988,8.61722],[-77.40367,8.61405],[-77.40366,8.60798],[-77.3935,8.59566],[-77.39069,8.5872],[-77.39342,8.58405],[-77.41806,8.58818],[-77.41928,8.5847],[-77.41141,8.57585],[-77.41208,8.56665],[-77.41773,8.56697],[-77.4266,8.55813],[-77.43658,8.56306],[-77.44011,8.55656],[-77.43752,8.53907],[-77.44058,8.52272],[-77.44504,8.5141],[-77.4563,8.5085],[-77.44774,8.49475],[-77.44756,8.47261],[-77.43766,8.47081],[-77.41739,8.47815],[-77.40186,8.47647],[-77.40362,8.46594],[-77.39762,8.46164],[-77.39472,8.45169],[-77.38612,8.44052],[-77.38562,8.43254],[-77.36986,8.40783],[-77.35896,8.40113],[-77.35548,8.387],[-77.36163,8.37732],[-77.35839,8.3663],[-77.35129,8.36188],[-77.34621,8.35123],[-77.34959,8.3469],[-77.34961,8.33413],[-77.35534,8.31755],[-77.34967,8.29646],[-77.33239,8.28148],[-77.33375,8.274],[-77.31983,8.27409],[-77.31315,8.27048],[-77.30604,8.28332],[-77.29964,8.28145],[-77.29953,8.26852],[-77.28453,8.25183],[-77.28901,8.25031],[-77.29009,8.24416],[-77.27999,8.22735],[-77.2805,8.21725],[-77.26928,8.21168],[-77.26173,8.21196],[-77.25902,8.20427],[-77.26066,8.1937],[-77.25245,8.18909],[-77.24781,8.17484],[-77.2487,8.16226],[-77.25412,8.15998],[-77.25502,8.15616],[-77.25184,8.14995],[-77.22697,8.13676],[-77.22657,8.13297],[-77.23179,8.13368],[-77.2348,8.12815],[-77.23191,8.11427],[-77.21804,8.08896],[-77.21943,8.07328],[-77.22887,8.0665],[-77.22594,8.06453],[-77.22687,8.05641],[-77.22999,8.05434],[-77.22863,8.0438],[-77.22407,8.03347],[-77.23251,8.02531],[-77.22769,8.02228],[-77.22133,8.02624],[-77.21502,8.01971],[-77.21687,8.01604],[-77.21246,8.00822],[-77.2001,7.99969],[-77.19227,7.98925],[-77.1871,7.98937],[-77.18094,7.98243],[-77.16562,7.97423],[-77.16412,7.97046],[-77.17214,7.96095],[-77.18207,7.95522],[-77.17038,7.94378],[-77.17022,7.93651],[-77.16534,7.93727],[-77.15858,7.93226],[-77.17538,7.91716],[-77.19023,7.92219],[-77.19641,7.9194],[-77.21111,7.92192],[-77.21505,7.91651],[-77.23214,7.92068],[-77.23791,7.92091],[-77.23987,7.9178],[-77.25708,7.91983],[-77.27569,7.90786],[-77.29563,7.91045],[-77.30532,7.90003],[-77.32459,7.89596],[-77.32281,7.88553],[-77.34038,7.86826],[-77.34113,7.86351],[-77.33656,7.85877],[-77.34159,7.85071],[-77.3452,7.84966],[-77.34844,7.84125],[-77.35342,7.84187],[-77.35768,7.83465],[-77.36562,7.83291],[-77.36379,7.82517],[-77.35598,7.81956],[-77.35868,7.81883],[-77.3562,7.80713],[-77.35007,7.80486],[-77.34853,7.7966],[-77.33821,7.78415],[-77.33662,7.7799],[-77.34278,7.7737],[-77.33946,7.76592],[-77.34472,7.76226],[-77.36004,7.76772],[-77.37896,7.76919],[-77.37617,7.76262],[-77.37844,7.75939],[-77.38414,7.75755],[-77.39114,7.75996],[-77.3959,7.75005],[-77.39955,7.72421],[-77.40811,7.72191],[-77.41154,7.72392],[-77.41806,7.71796],[-77.41721,7.7033],[-77.42631,7.69179],[-77.43516,7.68722],[-77.44347,7.65825],[-77.44619,7.65527],[-77.46697,7.6554],[-77.47003,7.64976],[-77.46556,7.6423],[-77.46553,7.63416],[-77.46859,7.62558],[-77.47878,7.61571],[-77.48948,7.5936],[-77.49251,7.58339],[-77.48743,7.5779],[-77.48918,7.56953],[-77.505,7.5684],[-77.51519,7.57509],[-77.52426,7.57194],[-77.52801,7.56565],[-77.52593,7.55823],[-77.53175,7.54652],[-77.54732,7.53102],[-77.54831,7.52437],[-77.56208,7.51283],[-77.56345,7.50734],[-77.57621,7.51484],[-77.58386,7.51405],[-77.59009,7.52196],[-77.59036,7.53137],[-77.5937,7.53575],[-77.60691,7.54116],[-77.61049,7.55016],[-77.61004,7.56169],[-77.62428,7.57924],[-77.63102,7.5949],[-77.63087,7.60492],[-77.64467,7.63518],[-77.64395,7.64886],[-77.64712,7.65298],[-77.65582,7.66107],[-77.67237,7.66887],[-77.68036,7.68309],[-77.68641,7.68182],[-77.68641,7.6865],[-77.69151,7.68488],[-77.6975,7.69302],[-77.72794,7.6959],[-77.72775,7.68688],[-77.73577,7.68561],[-77.74284,7.67849],[-77.7422,7.67057],[-77.7455,7.66414],[-77.74321,7.6579],[-77.74702,7.6472],[-77.74143,7.63954],[-77.74149,7.62775],[-77.74852,7.61494],[-77.7468,7.60544],[-77.73622,7.60185],[-77.73775,7.58682],[-77.73297,7.57015],[-77.72547,7.56418],[-77.71526,7.53761],[-77.70269,7.51832],[-77.7007,7.50648],[-77.71399,7.49796],[-77.7318,7.47372],[-77.73971,7.47136],[-77.74134,7.46525],[-77.75106,7.46752],[-77.76174,7.4582],[-77.76616,7.46163],[-77.78737,7.46396],[-77.7925,7.46101],[-77.88302,7.21868],[-77.88717,7.22324],[-77.8936,7.22166],[-77.89326,7.22836],[-77.89804,7.23065],[-77.89808,7.23709],[-77.90942,7.23598],[-77.91075,7.24138],[-77.91926,7.24184],[-77.92522,7.2467],[-77.92499,7.25133],[-77.94938,7.26683],[-77.95094,7.27717],[-77.96334,7.27953],[-77.97632,7.29348],[-77.98122,7.29371],[-77.99873,7.30852],[-77.99655,7.31085],[-78.00008,7.32165],[-78.00797,7.32551],[-78.01072,7.33098],[-78.01998,7.33388],[-78.02356,7.33879],[-78.02399,7.35167],[-78.02746,7.354],[-78.02828,7.36663],[-78.02208,7.38539],[-78.03146,7.3924],[-78.03765,7.39244],[-78.03973,7.38911],[-78.04437,7.39043],[-78.04612,7.40022],[-78.04075,7.41074],[-78.04639,7.41619],[-78.04363,7.42363],[-78.05159,7.42884],[-78.05831,7.42695],[-78.06167,7.4253],[-78.06145,7.41963],[-78.06974,7.41415],[-78.08658,7.4422],[-78.10253,7.44951],[-78.10692,7.44787],[-78.11177,7.45678],[-78.1236,7.46253],[-78.12482,7.47335],[-78.13355,7.47984],[-78.12938,7.48574],[-78.13267,7.49529],[-78.16686,7.51482],[-78.16903,7.51766],[-78.16166,7.52097],[-78.14801,7.51676],[-78.14926,7.52256],[-78.14249,7.53166],[-78.14533,7.53142],[-78.14647,7.53528],[-78.14502,7.54069],[-78.15201,7.53687],[-78.16153,7.54118],[-78.1667,7.53902],[-78.17673,7.52415],[-78.17018,7.51922],[-78.18128,7.51981],[-78.18485,7.52601],[-78.18143,7.53526],[-78.18554,7.53812],[-78.1819,7.54234],[-78.17806,7.53897],[-78.17624,7.54063],[-78.17433,7.55645],[-78.17788,7.56484],[-78.171,7.57228],[-78.17163,7.57665],[-78.18886,7.58384],[-78.19036,7.59068],[-78.19371,7.59134],[-78.1956,7.57964],[-78.19918,7.58404],[-78.2028,7.58329],[-78.20032,7.56808],[-78.20349,7.55625],[-78.20659,7.5555],[-78.20626,7.56657],[-78.21057,7.57896],[-78.2046,7.58485],[-78.20727,7.59053],[-78.19784,7.59124],[-78.19563,7.59432],[-78.19901,7.61005],[-78.20416,7.6124],[-78.2054,7.61884],[-78.2116,7.61862],[-78.21364,7.62327],[-78.22366,7.62978],[-78.22825,7.63908],[-78.23971,7.64274],[-78.23884,7.65743],[-78.24564,7.66442],[-78.25288,7.66292],[-78.25194,7.66807],[-78.259,7.67326],[-78.26442,7.67304],[-78.27016,7.66471],[-78.27576,7.6771],[-78.27172,7.68236],[-78.27594,7.68831],[-78.28111,7.68783],[-78.28135,7.69014],[-78.29844,7.68253],[-78.29658,7.68998],[-78.29141,7.69227],[-78.29604,7.69488],[-78.29779,7.70312],[-78.28921,7.7126],[-78.28223,7.71487],[-78.27946,7.72361],[-78.28142,7.73959],[-78.28775,7.74782],[-78.28662,7.75404],[-78.28984,7.75535],[-78.29082,7.76437],[-78.30528,7.78481],[-78.31074,7.79875],[-78.33109,7.82669],[-78.34023,7.84941],[-78.3445,7.8703],[-78.35453,7.8768],[-78.35733,7.88301],[-78.37997,7.89808],[-78.38432,7.90454],[-78.39283,7.90614],[-78.39433,7.91388],[-78.40104,7.91598],[-78.39905,7.92318],[-78.4109,7.94978],[-78.4116,7.96215],[-78.41598,7.96398],[-78.42351,7.97845],[-78.42335,8.00317],[-78.4206,8.00985],[-78.43303,8.02538],[-78.43697,8.03545],[-78.44596,8.04426],[-78.44563,8.05585],[-78.44873,8.05587],[-78.44558,8.06332],[-78.44683,8.06976],[-78.44159,8.08209],[-78.42258,8.10425],[-78.40939,8.10597],[-78.41273,8.08989],[-78.40707,8.08548],[-78.40686,8.0775],[-78.40924,8.07562],[-78.41135,8.08267],[-78.41524,8.08115],[-78.42231,8.06523],[-78.42036,8.06196],[-78.41894,8.06804],[-78.41532,8.06828],[-78.40242,8.06395],[-78.40154,8.06098],[-78.37816,8.06019],[-78.36983,8.06979],[-78.3626,8.06833],[-78.35954,8.06161],[-78.35258,8.05976],[-78.34925,8.05498],[-78.34033,8.05569],[-78.33739,8.0513],[-78.33299,8.05191],[-78.33477,8.05759],[-78.32833,8.05394],[-78.3257,8.06139],[-78.32507,8.05791],[-78.31902,8.05517],[-78.31848,8.05813],[-78.30512,8.06044],[-78.30159,8.05415],[-78.29579,8.05205],[-78.29499,8.05578],[-78.28801,8.05574],[-78.28861,8.06205],[-78.28536,8.06589],[-78.26315,8.06484],[-78.25819,8.07189],[-78.25094,8.07416],[-78.25334,8.08216],[-78.24613,8.07902],[-78.24681,8.07297],[-78.23832,8.06725],[-78.22124,8.07138],[-78.21936,8.06376],[-78.22854,8.06165],[-78.22519,8.0576],[-78.23003,8.05734],[-78.22373,8.04822],[-78.21787,8.05539],[-78.22089,8.04769],[-78.21507,8.05074],[-78.21607,8.05298],[-78.21996,8.04863],[-78.21917,8.0566],[-78.22294,8.04937],[-78.22379,8.05801],[-78.22712,8.06139],[-78.21976,8.06172],[-78.2178,8.07076],[-78.22149,8.07254],[-78.23832,8.06854],[-78.24551,8.07425],[-78.24521,8.08082],[-78.25059,8.08677],[-78.26117,8.08942],[-78.26114,8.09431],[-78.25582,8.09737],[-78.24209,8.12317],[-78.24679,8.12736],[-78.24971,8.15913],[-78.24593,8.18279],[-78.24283,8.18303],[-78.24448,8.18742],[-78.25205,8.19388],[-78.26176,8.1932],[-78.26457,8.19721],[-78.26948,8.19712],[-78.27073,8.20369],[-78.26478,8.20468],[-78.26754,8.21745],[-78.27115,8.2185],[-78.27097,8.20653],[-78.27651,8.20927],[-78.27699,8.21494],[-78.28858,8.22145],[-78.30917,8.25327],[-78.30681,8.2575],[-78.30089,8.25373],[-78.29583,8.25704],[-78.29417,8.25394],[-78.289,8.25442],[-78.2885,8.25158],[-78.29265,8.24955],[-78.28696,8.25054],[-78.2726,8.23306],[-78.2665,8.23624],[-78.26803,8.23985],[-78.25757,8.23862],[-78.25519,8.24543],[-78.26524,8.25014],[-78.26989,8.25043],[-78.26928,8.24604],[-78.27897,8.24624],[-78.28076,8.24934],[-78.26865,8.26303],[-78.26626,8.27177],[-78.27844,8.28563],[-78.26657,8.28336],[-78.25872,8.29619],[-78.25176,8.29382],[-78.24631,8.2773],[-78.23691,8.27222],[-78.23053,8.26148],[-78.22702,8.26352],[-78.2297,8.26869],[-78.22632,8.27214],[-78.22428,8.26736],[-78.22066,8.26824],[-78.21998,8.25394],[-78.20888,8.25206],[-78.20987,8.25786],[-78.20084,8.25639],[-78.20337,8.26284],[-78.199,8.25998],[-78.19381,8.26316],[-78.18775,8.26093],[-78.18332,8.26656],[-78.17978,8.25521],[-78.17665,8.25905],[-78.16903,8.25874],[-78.16846,8.26594],[-78.1762,8.2678],[-78.17057,8.27832],[-78.17625,8.29741],[-78.18048,8.3013],[-78.18005,8.30774],[-78.18325,8.30639],[-78.18507,8.31061],[-78.18541,8.31769],[-78.17515,8.30539],[-78.16872,8.31925],[-78.16367,8.32101],[-78.16243,8.32624],[-78.17118,8.33754],[-78.16998,8.34256],[-78.1749,8.34105],[-78.17976,8.34778],[-78.17018,8.36792],[-78.15553,8.37348],[-78.1537,8.37707],[-78.15768,8.38045],[-78.15721,8.39152],[-78.16135,8.39129],[-78.16299,8.39722],[-78.15975,8.3972],[-78.15721,8.40877],[-78.15966,8.40982],[-78.15573,8.41777],[-78.1472,8.41745],[-78.14545,8.40817],[-78.14807,8.40368],[-78.14277,8.40429],[-78.14079,8.40981],[-78.13604,8.40424],[-78.13687,8.39781],[-78.14216,8.39888],[-78.14581,8.3944],[-78.13832,8.3937],[-78.13827,8.38288],[-78.14113,8.38007],[-78.13488,8.3687],[-78.14263,8.36953],[-78.14421,8.36658],[-78.13699,8.36356],[-78.13682,8.35069],[-78.12504,8.3358],[-78.12383,8.32433],[-78.11881,8.32172],[-78.11884,8.3176],[-78.11198,8.31922],[-78.10722,8.31545],[-78.10694,8.3188],[-78.10371,8.31903],[-78.09893,8.3002],[-78.09455,8.29798],[-78.09117,8.30182],[-78.08368,8.30099],[-78.08043,8.30316],[-78.08091,8.30754],[-78.08593,8.31131],[-78.08896,8.32099],[-78.08612,8.32058],[-78.0875,8.32535],[-78.08078,8.32582],[-78.07995,8.33302],[-78.07633,8.33274],[-78.06772,8.32624],[-78.05057,8.30397],[-78.03923,8.28148],[-78.04015,8.26192],[-78.02998,8.24048],[-78.01779,8.22803],[-78.00079,8.2216],[-77.99352,8.2254],[-77.98164,8.22506],[-77.94619,8.19686],[-77.93691,8.19434],[-77.91803,8.19626],[-77.90556,8.18908],[-77.90722,8.17365],[-77.90479,8.17054],[-77.89343,8.16942],[-77.89211,8.15757],[-77.88623,8.14903],[-77.88785,8.14029],[-77.88286,8.13356],[-77.88476,8.12135],[-77.87909,8.11976],[-77.86641,8.12352],[-77.86775,8.11645],[-77.87264,8.11945],[-77.87821,8.11705],[-77.87895,8.10431],[-77.87166,8.11275],[-77.86007,8.10738],[-77.85517,8.10683],[-77.85463,8.10992],[-77.85955,8.10841],[-77.87088,8.11326],[-77.8745,8.1129],[-77.87596,8.10673],[-77.87892,8.10817],[-77.87705,8.11704],[-77.86802,8.1153],[-77.86396,8.12234],[-77.8664,8.12455],[-77.88372,8.12224],[-77.88056,8.13045],[-77.88604,8.1395],[-77.8853,8.15211],[-77.89004,8.1573],[-77.89188,8.17018],[-77.90374,8.17259],[-77.9054,8.17544],[-77.903,8.18494],[-77.9054,8.19243],[-77.91646,8.19908],[-77.94535,8.20535],[-77.95512,8.2116],[-77.97535,8.23556],[-77.95233,8.23835],[-77.93072,8.22647],[-77.91213,8.22389],[-77.88895,8.21457],[-77.8801,8.20613],[-77.87479,8.19168],[-77.85291,8.18121],[-77.84613,8.13958],[-77.83942,8.13876],[-77.82568,8.14496],[-77.81664,8.12867],[-77.80931,8.12462],[-77.79433,8.1236],[-77.79374,8.11768],[-77.80246,8.109],[-77.80419,8.10257],[-77.79637,8.09479],[-77.78135,8.09969],[-77.77839,8.09799],[-77.78547,8.08518],[-77.78228,8.07988],[-77.77291,8.08933],[-77.7614,8.09091],[-77.76553,8.10767],[-77.75543,8.11094],[-77.759,8.11637],[-77.75717,8.11983],[-77.7502,8.11952],[-77.74163,8.12511],[-77.74092,8.13244],[-77.7464,8.1415],[-77.7531,8.14361],[-77.75279,8.15004],[-77.74574,8.15964],[-77.75219,8.16111],[-77.74782,8.15747],[-77.7533,8.15133],[-77.75452,8.14414],[-77.74744,8.14099],[-77.74212,8.12859],[-77.74863,8.12144],[-77.75975,8.1205],[-77.75761,8.11302],[-77.76695,8.10743],[-77.76515,8.09043],[-77.77652,8.08987],[-77.78408,8.08182],[-77.77622,8.09566],[-77.77772,8.10211],[-77.78314,8.10254],[-77.79429,8.09658],[-77.801,8.10139],[-77.80171,8.10513],[-77.79052,8.11559],[-77.79251,8.12539],[-77.80928,8.1281],[-77.82998,8.15683],[-77.83515,8.15662],[-77.83795,8.14557],[-77.84403,8.14407],[-77.84487,8.1518],[-77.83888,8.17466],[-77.84441,8.1778],[-77.85063,8.192],[-77.8661,8.19637],[-77.88218,8.22108],[-77.89891,8.22983],[-77.92882,8.2383],[-77.95147,8.25032],[-78.00776,8.25615],[-78.02613,8.2716],[-78.03166,8.30949],[-78.03604,8.31107],[-78.03791,8.31958],[-78.05072,8.33589],[-78.05726,8.35989],[-78.06977,8.38109],[-78.07032,8.39397],[-78.07469,8.39683],[-78.07657,8.40483],[-78.07538,8.40817],[-78.06815,8.40683],[-78.06643,8.39446],[-78.04952,8.37489],[-78.04565,8.37396],[-78.04915,8.38969],[-78.04694,8.40757],[-78.04384,8.40819],[-78.0378,8.40274],[-78.03604,8.41405],[-78.03344,8.41506],[-78.02578,8.40265],[-78.01478,8.39853],[-78.01695,8.40824],[-78.01487,8.40939],[-78.01924,8.41315],[-78.02326,8.42786],[-78.02689,8.42634],[-78.03483,8.43683],[-78.04102,8.43906],[-78.0411,8.44473],[-78.04947,8.44891],[-78.05459,8.4559],[-78.05848,8.45529],[-78.06463,8.46241],[-78.07213,8.46273],[-78.07141,8.47199],[-78.0754,8.47382],[-78.081,8.48545],[-78.08027,8.49703],[-78.08653,8.50776],[-78.08264,8.50838],[-78.08714,8.51176],[-78.08142,8.51584],[-78.0842,8.52487],[-78.0844,8.53234],[-78.08128,8.53515],[-78.08331,8.53928],[-78.09029,8.54062],[-78.0909,8.54513],[-78.09379,8.53859],[-78.08554,8.51793],[-78.09165,8.51463],[-78.09051,8.51153],[-78.09503,8.51156],[-78.09215,8.51695],[-78.12277,8.53803],[-78.12606,8.54719],[-78.12578,8.56741],[-78.13083,8.56616],[-78.1354,8.57829],[-78.1444,8.58531],[-78.14745,8.59331],[-78.14909,8.61521],[-78.14584,8.61802],[-78.14586,8.63167],[-78.14171,8.63344],[-78.14818,8.63374],[-78.15031,8.62526],[-78.15443,8.62787],[-78.1545,8.63534],[-78.15836,8.63897],[-78.15792,8.62892],[-78.16064,8.6274],[-78.15439,8.61628],[-78.15724,8.59854],[-78.15536,8.59054],[-78.13468,8.55331],[-78.13693,8.54715],[-78.14631,8.55443],[-78.13666,8.53676],[-78.1363,8.52706],[-78.13232,8.52317],[-78.13457,8.51649],[-78.13988,8.51473],[-78.14082,8.51087],[-78.13645,8.5062],[-78.13931,8.50468],[-78.12429,8.49015],[-78.11513,8.45223],[-78.1061,8.44933],[-78.10843,8.43262],[-78.10057,8.42844],[-78.0979,8.42275],[-78.1007,8.41093],[-78.10535,8.41199],[-78.10528,8.42049],[-78.11199,8.42209],[-78.11194,8.42904],[-78.11904,8.43038],[-78.1212,8.43606],[-78.12533,8.4366],[-78.12553,8.44484],[-78.14447,8.47099],[-78.15373,8.47801],[-78.15891,8.47689],[-78.16288,8.48271],[-78.16244,8.47266],[-78.16806,8.46421],[-78.17075,8.46757],[-78.1698,8.47323],[-78.184,8.47668],[-78.19583,8.48565],[-78.20179,8.48402],[-78.20104,8.4817],[-78.19819,8.48206],[-78.1914,8.47262],[-78.20062,8.46805],[-78.1934,8.46465],[-78.19703,8.46339],[-78.19296,8.45409],[-78.20333,8.45004],[-78.18977,8.44814],[-78.18928,8.44453],[-78.19446,8.44303],[-78.18882,8.43655],[-78.19017,8.42909],[-78.18632,8.4252],[-78.19763,8.41575],[-78.19966,8.42169],[-78.21011,8.41859],[-78.21174,8.4313],[-78.21004,8.4349],[-78.20644,8.4323],[-78.21064,8.44044],[-78.21031,8.45112],[-78.21872,8.46818],[-78.20978,8.4712],[-78.21455,8.47304],[-78.21606,8.4782],[-78.20638,8.49319],[-78.21122,8.50443],[-78.21415,8.50402],[-78.21322,8.51294],[-78.21906,8.52818],[-78.20437,8.52086],[-78.19954,8.52143],[-78.20008,8.52469],[-78.20763,8.53479],[-78.21151,8.53507],[-78.21248,8.54409],[-78.21573,8.54154],[-78.22025,8.54325],[-78.22004,8.53617],[-78.22546,8.53801],[-78.22939,8.54834],[-78.23467,8.55146],[-78.24079,8.56387],[-78.24751,8.56546],[-78.24812,8.57087],[-78.25077,8.56136],[-78.24678,8.55915],[-78.24578,8.55373],[-78.25095,8.55493],[-78.24834,8.5392],[-78.24981,8.5338],[-78.25395,8.53254],[-78.25414,8.52482],[-78.25236,8.51992],[-78.24101,8.51572],[-78.23674,8.49843],[-78.23972,8.49691],[-78.24809,8.50315],[-78.25365,8.50293],[-78.2513,8.506],[-78.25541,8.50938],[-78.2619,8.50685],[-78.27399,8.51646],[-78.27761,8.51623],[-78.27893,8.51212],[-78.28407,8.51692],[-78.28796,8.51592],[-78.28868,8.50601],[-78.28281,8.49386],[-78.28736,8.49055],[-78.28586,8.48281],[-78.29536,8.49395],[-78.29769,8.49242],[-78.29855,8.49912],[-78.30395,8.50483],[-78.29705,8.47336],[-78.28765,8.46789],[-78.29351,8.46201],[-78.30201,8.46747],[-78.30401,8.4765],[-78.30944,8.4768],[-78.31084,8.48092],[-78.30784,8.48399],[-78.31211,8.48454],[-78.31054,8.48659],[-78.31886,8.49926],[-78.32636,8.4997],[-78.32708,8.50705],[-78.33946,8.51318],[-78.34586,8.52185],[-78.34991,8.51699],[-78.35199,8.53426],[-78.3527,8.52422],[-78.35829,8.52117],[-78.35758,8.5106],[-78.36231,8.50059],[-78.37111,8.49988],[-78.37106,8.50683],[-78.37392,8.50428],[-78.38349,8.50537],[-78.38163,8.51244],[-78.37153,8.5134],[-78.37305,8.51908],[-78.37512,8.51767],[-78.38014,8.52183],[-78.37893,8.52852],[-78.38641,8.53269],[-78.38329,8.53395],[-78.38099,8.53059],[-78.37992,8.53548],[-78.37385,8.53415],[-78.3711,8.53915],[-78.37315,8.5411],[-78.38248,8.53858],[-78.38112,8.54939],[-78.37569,8.5482],[-78.3749,8.55051],[-78.38136,8.55171],[-78.39827,8.53869],[-78.397,8.53482],[-78.40087,8.53639],[-78.39354,8.54883],[-78.39791,8.5526],[-78.39685,8.55671],[-78.38859,8.55408],[-78.37895,8.56354],[-78.39446,8.56609],[-78.39784,8.5638],[-78.39494,8.57112],[-78.40372,8.57375],[-78.40611,8.5833],[-78.41141,8.58411],[-78.40965,8.57714],[-78.42909,8.57122],[-78.41088,8.5671],[-78.40891,8.5716],[-78.40392,8.56397],[-78.40769,8.56064],[-78.40842,8.54829],[-78.41498,8.55426],[-78.41889,8.54939],[-78.41913,8.55248],[-78.42326,8.5538],[-78.42458,8.55046],[-78.43566,8.55671],[-78.4282,8.55048],[-78.42992,8.54457],[-78.42749,8.54004],[-78.42932,8.53735],[-78.44611,8.54158],[-78.44294,8.53229],[-78.44981,8.52976],[-78.43624,8.52813],[-78.43479,8.53237],[-78.42553,8.52381],[-78.42994,8.52229],[-78.42833,8.51786],[-78.42014,8.51746],[-78.41719,8.51435],[-78.41567,8.50868],[-78.42198,8.51361],[-78.42355,8.51079],[-78.41814,8.50663],[-78.42204,8.50485],[-78.41096,8.49783],[-78.41305,8.49501],[-78.40803,8.49137],[-78.40665,8.48415],[-78.41081,8.48134],[-78.40475,8.47873],[-78.40658,8.47514],[-78.40338,8.47022],[-78.40673,8.47243],[-78.4091,8.46691],[-78.40116,8.45437],[-78.40591,8.44101],[-78.39908,8.43697],[-78.39846,8.4331],[-78.40275,8.43004],[-78.40448,8.42297],[-78.3945,8.40629],[-78.39652,8.39996],[-78.38938,8.39905],[-78.38683,8.39362],[-78.38307,8.3954],[-78.38362,8.40931],[-78.37776,8.41494],[-78.37766,8.4112],[-78.36965,8.40973],[-78.3673,8.39375],[-78.37441,8.39405],[-78.38032,8.37993],[-78.38758,8.38349],[-78.38353,8.36424],[-78.38773,8.3362],[-78.40418,8.35034],[-78.40987,8.35128],[-78.41997,8.34632],[-78.42531,8.36168],[-78.43047,8.36442],[-78.43705,8.38635],[-78.44014,8.38831],[-78.44198,8.38291],[-78.44947,8.38425],[-78.45113,8.38889],[-78.45278,8.41208],[-78.4499,8.41773],[-78.45136,8.4319],[-78.44854,8.44785],[-78.45859,8.45359],[-78.46087,8.46081],[-78.45795,8.47264],[-78.46105,8.47318],[-78.46241,8.46262],[-78.46706,8.46369],[-78.46645,8.45853],[-78.47151,8.45624],[-78.46795,8.44708],[-78.47207,8.45007],[-78.4753,8.44408],[-78.47605,8.43348],[-78.47166,8.43281],[-78.47065,8.4292],[-78.47324,8.42793],[-78.48995,8.444],[-78.49641,8.44585],[-78.50819,8.46446],[-78.50697,8.47347],[-78.49959,8.47342],[-78.49813,8.47985],[-78.50474,8.49767],[-78.49835,8.506],[-78.48443,8.49779],[-78.48595,8.50205],[-78.4968,8.50586],[-78.49747,8.52183],[-78.50136,8.52083],[-78.51321,8.52734],[-78.5141,8.53095],[-78.50828,8.53027],[-78.51005,8.53724],[-78.50433,8.5408],[-78.50715,8.54546],[-78.51383,8.5522],[-78.52807,8.551],[-78.53376,8.57126],[-78.5424,8.57621],[-78.54286,8.58484],[-78.53304,8.5831],[-78.52429,8.57583],[-78.52818,8.57405],[-78.51946,8.56176],[-78.51146,8.55927],[-78.51195,8.56262],[-78.50858,8.56375],[-78.50835,8.5595],[-78.50576,8.55949],[-78.50727,8.55212],[-78.49609,8.55427],[-78.49732,8.54488],[-78.49318,8.5446],[-78.49206,8.53854],[-78.49035,8.54174],[-78.48557,8.54081],[-78.48904,8.54393],[-78.48954,8.54702],[-78.48514,8.54712],[-78.49001,8.55475],[-78.48588,8.55356],[-78.48276,8.55548],[-78.48351,8.55857],[-78.49709,8.57926],[-78.50356,8.58021],[-78.506,8.58293],[-78.5043,8.58575],[-78.51049,8.58901],[-78.50917,8.59222],[-78.4952,8.59136],[-78.49492,8.59419],[-78.51971,8.60233],[-78.52646,8.5998],[-78.52614,8.60881],[-78.51192,8.60718],[-78.50781,8.60264],[-78.50269,8.6133],[-78.50254,8.61716],[-78.50541,8.61254],[-78.51266,8.61259],[-78.51314,8.61903],[-78.52165,8.62269],[-78.52524,8.62864],[-78.52248,8.63454],[-78.50802,8.6293],[-78.49946,8.63311],[-78.49981,8.63775],[-78.50992,8.63524],[-78.50834,8.63935],[-78.51273,8.64118],[-78.5109,8.64374],[-78.51944,8.64431],[-78.52764,8.65686],[-78.52324,8.65721],[-78.52425,8.66108],[-78.5364,8.66322],[-78.53817,8.6698],[-78.53416,8.66991],[-78.53281,8.67814],[-78.53447,8.68047],[-78.54031,8.67844],[-78.54103,8.68721],[-78.54452,8.68774],[-78.54008,8.69441],[-78.54598,8.70218],[-78.5522,8.70093],[-78.55551,8.69013],[-78.55268,8.68677],[-78.5576,8.68731],[-78.55547,8.69048],[-78.55766,8.69684],[-78.56798,8.70219],[-78.56532,8.71441],[-78.55933,8.71952],[-78.56294,8.72225],[-78.56815,8.71674],[-78.56651,8.71055],[-78.57093,8.70749],[-78.58294,8.71143],[-78.58611,8.70102],[-78.58426,8.68723],[-78.58673,8.6857],[-78.59226,8.71046],[-78.59663,8.71615],[-78.6043,8.71105],[-78.6113,8.68868],[-78.6235,8.68374],[-78.61566,8.67429],[-78.61814,8.67147],[-78.62176,8.67162],[-78.62715,8.67951],[-78.62658,8.68775],[-78.63487,8.68703],[-78.63729,8.69245],[-78.63608,8.70043],[-78.64122,8.70561],[-78.63337,8.71973],[-78.6182,8.72376],[-78.61389,8.72914],[-78.61489,8.73455],[-78.60632,8.73888],[-78.60835,8.74482],[-78.59776,8.74204],[-78.60054,8.75159],[-78.5954,8.76002],[-78.60879,8.7577],[-78.60902,8.76259],[-78.61352,8.76649],[-78.60982,8.77908],[-78.61899,8.78172],[-78.61871,8.78481],[-78.61431,8.78504],[-78.61402,8.7907],[-78.62048,8.7928],[-78.62278,8.79745],[-78.62593,8.79103],[-78.62693,8.79516],[-78.63584,8.79985],[-78.63876,8.78854],[-78.64611,8.79258],[-78.64587,8.78948],[-78.64967,8.78955],[-78.64848,8.7868],[-78.63904,8.78545],[-78.63663,8.77668],[-78.64337,8.77543],[-78.64297,8.77826],[-78.65007,8.78049],[-78.63858,8.75518],[-78.64559,8.75226],[-78.63811,8.74771],[-78.63974,8.73484],[-78.64773,8.74081],[-78.65834,8.7423],[-78.65159,8.7447],[-78.65128,8.75256],[-78.6562,8.75297],[-78.65199,8.76312],[-78.66225,8.75803],[-78.66033,8.75441],[-78.67136,8.75036],[-78.6686,8.75704],[-78.67024,8.76375],[-78.6745,8.76635],[-78.6715,8.76994],[-78.67388,8.78309],[-78.67912,8.77359],[-78.68429,8.77362],[-78.68435,8.76499],[-78.69859,8.76444],[-78.70814,8.76913],[-78.70728,8.78252],[-78.71885,8.77615],[-78.72005,8.7692],[-78.72727,8.77414],[-78.73428,8.77174],[-78.73478,8.77496],[-78.74825,8.77362],[-78.74712,8.78946],[-78.75152,8.78961],[-78.75498,8.79569],[-78.75068,8.79953],[-78.73306,8.80135],[-78.74825,8.81754],[-78.74946,8.83043],[-78.74659,8.83505],[-78.74969,8.83481],[-78.7473,8.84446],[-78.75045,8.83791],[-78.75356,8.83805],[-78.75259,8.84247],[-78.75677,8.84207],[-78.75978,8.83668],[-78.76366,8.83773],[-78.76284,8.84558],[-78.77011,8.84292],[-78.77576,8.85081],[-78.78175,8.84453],[-78.78921,8.85359],[-78.78711,8.85848],[-78.77986,8.85779],[-78.77997,8.86075],[-78.78916,8.86158],[-78.79741,8.86781],[-78.79674,8.87193],[-78.80257,8.87209],[-78.80925,8.88037],[-78.82219,8.88264],[-78.8223,8.8865],[-78.83408,8.88619],[-78.84421,8.88187],[-78.86257,8.88803],[-78.87673,8.90202],[-78.88475,8.90387],[-78.89402,8.91422],[-78.91106,8.92514],[-78.90741,8.92847],[-78.911,8.93441],[-78.91879,8.93266],[-78.91873,8.92716],[-78.92738,8.92575],[-78.93151,8.92809],[-78.92759,8.93296],[-78.93767,8.93791],[-78.94829,8.93849],[-78.9399,8.93252],[-78.95737,8.93725],[-78.95913,8.94653],[-78.96251,8.94307],[-78.96992,8.94702],[-78.97157,8.94531],[-78.98019,8.95567],[-78.98265,8.95619],[-78.98164,8.95232],[-79.00905,8.96252],[-79.00745,8.97024],[-79.01134,8.96949],[-79.01344,8.96461],[-79.02611,8.96957],[-79.03061,8.97552],[-79.02633,8.97601],[-79.02664,8.98377],[-79.03743,8.98483],[-79.03732,9.00372],[-79.0418,9.00433],[-79.04216,9.00039],[-79.04822,9.00403],[-79.05125,9.00063],[-79.07994,9.00439],[-79.08159,9.00154],[-79.05994,8.99113],[-79.05827,8.9888],[-79.06105,8.98441],[-79.0525,8.97744],[-79.07654,8.98813],[-79.10528,8.99343],[-79.10344,8.99935],[-79.09775,8.99648],[-79.09144,9.00362],[-79.09469,9.01115],[-79.08625,9.01446],[-79.08467,9.01883],[-79.07925,9.01545],[-79.07273,9.02049],[-79.06207,9.01968],[-79.06132,9.0329],[-79.06839,9.05052],[-79.07489,9.05485],[-79.07692,9.0631],[-79.09377,9.08106],[-79.10245,9.08797],[-79.11806,9.07813],[-79.12103,9.08008],[-79.1219,9.08756],[-79.1198,9.09115],[-79.11176,9.09317],[-79.08688,9.09098],[-79.08153,9.09946],[-79.08017,9.10976],[-79.073,9.11719],[-79.05754,9.12484],[-79.05801,9.13411],[-79.05344,9.13911],[-79.04515,9.13894],[-79.04396,9.11845],[-79.02864,9.12417],[-79.02225,9.12262],[-79.02863,9.1252],[-79.04435,9.11987],[-79.04411,9.13945],[-79.05188,9.14104],[-79.05969,9.13412],[-79.06052,9.12485],[-79.08107,9.11105],[-79.08869,9.09267],[-79.11408,9.09576],[-79.13226,9.08813],[-79.13029,9.06905],[-79.13388,9.07551],[-79.13958,9.07582],[-79.14066,9.06756],[-79.13714,9.06678],[-79.13693,9.06264],[-79.14329,9.06087],[-79.15165,9.04855],[-79.15553,9.05063],[-79.15736,9.04677],[-79.16286,9.04596],[-79.15764,9.03938],[-79.15918,9.03628],[-79.16083,9.03816],[-79.17869,9.03065],[-79.18211,9.02164],[-79.19172,9.01667],[-79.17281,9.01612],[-79.17826,9.01325],[-79.22232,9.0145],[-79.2881,9.02499],[-79.34929,9.02269],[-79.35446,9.02581],[-79.36044,9.02107],[-79.38767,9.01835],[-79.39957,9.02343],[-79.40271,9.01739],[-79.43434,9.0143],[-79.43458,9.01907],[-79.42163,9.01657],[-79.43248,9.02473],[-79.43115,9.03439],[-79.43997,9.03236],[-79.44076,9.02799],[-79.44622,9.02492],[-79.4452,9.0204],[-79.45558,9.01955],[-79.45574,9.01078],[-79.48,9.00547],[-79.50629,8.98007],[-79.50619,8.97285],[-79.51167,8.9733],[-79.51488,8.96928],[-79.51851,8.97033],[-79.51875,8.97368],[-79.52757,8.97281],[-79.53684,8.95674],[-79.52948,8.9495],[-79.53041,8.9446],[-79.53598,8.94462],[-79.53699,8.9494],[-79.54841,8.9457],[-79.54317,8.92842],[-79.53143,8.91471],[-79.52262,8.91558],[-79.52316,8.91043],[-79.51901,8.9108],[-79.51903,8.90564],[-79.52265,8.90643],[-79.52599,8.91392],[-79.53325,8.91279],[-79.5482,8.93385],[-79.56242,8.94279],[-79.57115,8.93059],[-79.55965,8.92204],[-79.56674,8.89887],[-79.5827,8.89378],[-79.58441,8.88696],[-79.58647,8.88967],[-79.59451,8.88764],[-79.59527,8.89177],[-79.61315,8.8917],[-79.63028,8.88416],[-79.64558,8.88345],[-79.64508,8.87855],[-79.64741,8.87804],[-79.65451,8.88631],[-79.65487,8.89186],[-79.66212,8.89407],[-79.66888,8.88817],[-79.66838,8.88379],[-79.67188,8.8838],[-79.67025,8.86704],[-79.66599,8.86368],[-79.67597,8.86165],[-79.67959,8.86372],[-79.68111,8.87481],[-79.69044,8.87356],[-79.69487,8.86842],[-79.70432,8.87809],[-79.69844,8.88338],[-79.70362,8.88417],[-79.70488,8.89397],[-79.71667,8.90206],[-79.72204,8.90198],[-79.71368,8.89864],[-79.71047,8.89061],[-79.71319,8.8891],[-79.71208,8.88523],[-79.71579,8.88653],[-79.71287,8.87183],[-79.70898,8.87079],[-79.71122,8.86177],[-79.71355,8.86062],[-79.71288,8.86848],[-79.71793,8.86721],[-79.72547,8.86105],[-79.72548,8.8577],[-79.73612,8.85425],[-79.75799,8.8243],[-79.75386,8.81849],[-79.75918,8.8158],[-79.75803,8.81142],[-79.76686,8.80346],[-79.77238,8.78079],[-79.78534,8.78032],[-79.79079,8.77673],[-79.79029,8.77028],[-79.78757,8.7695],[-79.78876,8.76229],[-79.7847,8.75875],[-79.7784,8.76148],[-79.77681,8.77308],[-79.77239,8.77693],[-79.76813,8.77253],[-79.76168,8.76478],[-79.76469,8.75706],[-79.75733,8.7493],[-79.76294,8.73798],[-79.74702,8.73329],[-79.7539,8.72996],[-79.75158,8.72493],[-79.74355,8.72593],[-79.74265,8.72374],[-79.74979,8.71822],[-79.74722,8.71241],[-79.75035,8.70624],[-79.75654,8.71347],[-79.76422,8.70267],[-79.75532,8.69143],[-79.76336,8.68669],[-79.76508,8.67742],[-79.77159,8.67941],[-79.78153,8.67554],[-79.78978,8.68884],[-79.78878,8.70177],[-79.79752,8.69746],[-79.8074,8.68477],[-79.81434,8.70103],[-79.82341,8.7008],[-79.82829,8.71499],[-79.84667,8.71878],[-79.85176,8.70527],[-79.84516,8.70473],[-79.84725,8.69817],[-79.84326,8.69158],[-79.8399,8.69146],[-79.83823,8.68435],[-79.84395,8.67923],[-79.84678,8.6818],[-79.85042,8.67949],[-79.85692,8.66868],[-79.86314,8.66741],[-79.86939,8.65815],[-79.86968,8.64553],[-79.87279,8.64605],[-79.8728,8.64283],[-79.86605,8.64758],[-79.8579,8.64472],[-79.85962,8.64188],[-79.86606,8.64474],[-79.87683,8.63781],[-79.87297,8.63007],[-79.85936,8.6348],[-79.86453,8.63675],[-79.85884,8.63992],[-79.85496,8.63131],[-79.84693,8.62916],[-79.84773,8.62561],[-79.84282,8.62354],[-79.84983,8.61712],[-79.84257,8.61825],[-79.83608,8.62571],[-79.82832,8.62272],[-79.8282,8.61963],[-79.8146,8.6201],[-79.80115,8.61542],[-79.80194,8.61001],[-79.78671,8.59604],[-79.77996,8.59937],[-79.77955,8.60582],[-79.77344,8.61443],[-79.76022,8.61671],[-79.76336,8.60911],[-79.77476,8.60593],[-79.77309,8.6027],[-79.77556,8.59846],[-79.77182,8.59419],[-79.75755,8.60214],[-79.75248,8.60985],[-79.74003,8.61587],[-79.73612,8.62217],[-79.73974,8.62411],[-79.72704,8.6273],[-79.71689,8.6435],[-79.70053,8.65594],[-79.69755,8.65529],[-79.69862,8.6473],[-79.7068,8.63908],[-79.75901,8.59325],[-79.78444,8.57555],[-79.83913,8.5578],[-79.86737,8.55196],[-79.86816,8.54681],[-79.87776,8.54168],[-79.87547,8.5293],[-79.90271,8.51891],[-79.9141,8.50982],[-79.91437,8.50621],[-79.94185,8.4934],[-79.94952,8.48079],[-79.95228,8.46714],[-79.97588,8.4489],[-80.00232,8.43531],[-80.04485,8.40564],[-80.07543,8.39193],[-80.13115,8.35945],[-80.1835,8.3254],[-80.22003,8.30859],[-80.25007,8.29808],[-80.27035,8.29679],[-80.23246,8.30411],[-80.21277,8.31361],[-80.21264,8.31696],[-80.21691,8.31439],[-80.22622,8.31943],[-80.22843,8.31647],[-80.2371,8.31546],[-80.24405,8.32135],[-80.24746,8.31006],[-80.24926,8.31496],[-80.26414,8.31705],[-80.26581,8.32273],[-80.27694,8.32198],[-80.28316,8.31709],[-80.27994,8.30935],[-80.28137,8.3042],[-80.28758,8.30498],[-80.28739,8.31641],[-80.29131,8.31942],[-80.29493,8.3202],[-80.29353,8.30963],[-80.29934,8.31506],[-80.30931,8.3143],[-80.31266,8.31972],[-80.31564,8.31844],[-80.31656,8.3107],[-80.32494,8.32593],[-80.33155,8.32272],[-80.34811,8.32184],[-80.34863,8.32545],[-80.35354,8.32572],[-80.35456,8.33397],[-80.36155,8.33656],[-80.36077,8.34042],[-80.35114,8.34148],[-80.35235,8.34531],[-80.36399,8.35022],[-80.36903,8.34946],[-80.3688,8.33554],[-80.3732,8.33683],[-80.37743,8.34487],[-80.38674,8.34112],[-80.38874,8.34426],[-80.38578,8.34696],[-80.3978,8.34809],[-80.39948,8.34385],[-80.4146,8.33555],[-80.41512,8.32946],[-80.41111,8.31675],[-80.39679,8.31199],[-80.39809,8.30568],[-80.40338,8.30047],[-80.40612,8.30247],[-80.41466,8.299],[-80.41727,8.28593],[-80.42737,8.27891],[-80.44553,8.25213],[-80.44993,8.25188],[-80.44968,8.24105],[-80.46133,8.23823],[-80.46121,8.23411],[-80.46651,8.23489],[-80.47477,8.25191],[-80.47582,8.24057],[-80.49384,8.23854],[-80.48771,8.25116],[-80.48461,8.24703],[-80.48266,8.2496],[-80.48684,8.25339],[-80.49314,8.25116],[-80.4916,8.24404],[-80.4982,8.24137],[-80.48874,8.23544],[-80.5012,8.21882],[-80.50083,8.21147],[-80.4963,8.21108],[-80.49759,8.21443],[-80.4906,8.21275],[-80.49082,8.21749],[-80.48483,8.22373],[-80.48359,8.23504],[-80.47919,8.23516],[-80.47609,8.22974],[-80.4831,8.21197],[-80.48299,8.19882],[-80.47847,8.19056],[-80.48314,8.18142],[-80.48662,8.19393],[-80.48873,8.19255],[-80.48702,8.18207],[-80.4909,8.18117],[-80.4896,8.18826],[-80.49873,8.18915],[-80.50567,8.1837],[-80.50926,8.18725],[-80.51341,8.17952],[-80.51031,8.17797],[-80.50668,8.18183],[-80.50242,8.17667],[-80.50334,8.16791],[-80.49765,8.16777],[-80.49557,8.1728],[-80.4904,8.17279],[-80.49044,8.14108],[-80.47988,8.10086],[-80.48557,8.10267],[-80.48661,8.09932],[-80.49281,8.10513],[-80.49928,8.1041],[-80.50496,8.11352],[-80.50962,8.11211],[-80.51221,8.10399],[-80.51765,8.10219],[-80.51727,8.10983],[-80.52539,8.11075],[-80.52293,8.1205],[-80.52538,8.12373],[-80.52751,8.11682],[-80.53341,8.116],[-80.53246,8.1219],[-80.54039,8.1231],[-80.54025,8.11357],[-80.55157,8.11741],[-80.55371,8.10664],[-80.55721,8.10605],[-80.56097,8.10997],[-80.5575,8.12234],[-80.56676,8.13141],[-80.56754,8.12919],[-80.55733,8.12131],[-80.56123,8.10688],[-80.5536,8.10571],[-80.55074,8.11705],[-80.53859,8.11382],[-80.53922,8.12284],[-80.53314,8.1218],[-80.53496,8.11523],[-80.52798,8.11548],[-80.52578,8.11844],[-80.5263,8.11045],[-80.51828,8.10941],[-80.51998,8.09962],[-80.5236,8.09975],[-80.52386,8.09666],[-80.51908,8.09497],[-80.51727,8.08853],[-80.50732,8.08336],[-80.5072,8.07975],[-80.50422,8.07872],[-80.50215,8.08439],[-80.4936,8.09043],[-80.48961,8.07844],[-80.48068,8.07998],[-80.47164,8.07043],[-80.46857,8.04696],[-80.45334,8.02735],[-80.46239,8.0293],[-80.47144,8.02402],[-80.47559,8.0181],[-80.4756,8.01088],[-80.46913,8.01513],[-80.46638,8.0143],[-80.46806,8.01196],[-80.45698,8.01034],[-80.45736,8.01524],[-80.45413,8.01537],[-80.45231,8.02232],[-80.44868,8.02438],[-80.44585,8.01922],[-80.4399,8.01715],[-80.44222,8.02231],[-80.43472,8.02101],[-80.43137,8.01804],[-80.4337,8.01096],[-80.42697,8.01391],[-80.40087,8.00086],[-80.39881,7.9975],[-80.40321,7.99764],[-80.40011,7.99029],[-80.40503,7.98539],[-80.40543,7.97985],[-80.40246,7.97714],[-80.39575,7.97575],[-80.40065,7.97804],[-80.40161,7.98603],[-80.39857,7.98603],[-80.39935,7.98165],[-80.39663,7.98165],[-80.39482,7.98499],[-80.39237,7.98203],[-80.37891,7.98652],[-80.37647,7.97749],[-80.366,7.97567],[-80.36446,7.97116],[-80.36031,7.97566],[-80.36055,7.98546],[-80.34712,7.97848],[-80.33848,7.9666],[-80.32869,7.94365],[-80.31827,7.90986],[-80.31892,7.90522],[-80.32241,7.90884],[-80.32354,7.92534],[-80.32986,7.93643],[-80.3322,7.92612],[-80.32897,7.92534],[-80.3264,7.91554],[-80.32952,7.90653],[-80.32306,7.90265],[-80.32112,7.90432],[-80.29957,7.88405],[-80.28912,7.86882],[-80.29533,7.866],[-80.29431,7.86084],[-80.2903,7.86084],[-80.29173,7.85478],[-80.28552,7.85748],[-80.28204,7.85463],[-80.28215,7.86585],[-80.24962,7.8386],[-80.25273,7.83473],[-80.2455,7.83317],[-80.2501,7.82787],[-80.24473,7.82866],[-80.23956,7.83432],[-80.22844,7.82941],[-80.198,7.797],[-80.19506,7.78127],[-80.20295,7.78025],[-80.20501,7.78412],[-80.20591,7.78052],[-80.21148,7.77821],[-80.20219,7.77239],[-80.20011,7.77561],[-80.19262,7.77173],[-80.18848,7.77739],[-80.19183,7.78267],[-80.1695,7.76575],[-80.16888,7.7557],[-80.1756,7.75468],[-80.17559,7.75803],[-80.18101,7.76088],[-80.17948,7.75495],[-80.19033,7.75381],[-80.19538,7.74982],[-80.18879,7.74826],[-80.19268,7.74235],[-80.18338,7.74219],[-80.18209,7.73871],[-80.19024,7.73615],[-80.18804,7.73395],[-80.19037,7.73254],[-80.20304,7.73115],[-80.20358,7.71529],[-80.19556,7.72379],[-80.18412,7.71971],[-80.18366,7.72776],[-80.16181,7.73609],[-80.15829,7.74949],[-80.16501,7.7495],[-80.16551,7.75737],[-80.15724,7.75761],[-80.13519,7.7381],[-80.12168,7.70998],[-80.11434,7.70326],[-80.12427,7.70766],[-80.13123,7.71747],[-80.13201,7.71013],[-80.12891,7.70948],[-80.13074,7.70265],[-80.12326,7.69606],[-80.11809,7.69708],[-80.11114,7.68341],[-80.11036,7.68611],[-80.10476,7.68683],[-80.11086,7.695],[-80.11214,7.70056],[-80.10852,7.70054],[-80.07373,7.65575],[-80.07645,7.65137],[-80.07427,7.64698],[-80.08116,7.64485],[-80.07455,7.63641],[-80.08462,7.63747],[-80.07572,7.63229],[-80.06698,7.61088],[-80.06233,7.61164],[-80.06025,7.61782],[-80.06527,7.62339],[-80.06435,7.63175],[-80.07119,7.63409],[-80.07015,7.63693],[-80.06369,7.63832],[-80.05595,7.63496],[-80.05142,7.63894],[-80.05618,7.64514],[-80.05981,7.64102],[-80.06045,7.64541],[-80.06772,7.648],[-80.06547,7.65044],[-80.05464,7.64475],[-80.04923,7.637],[-80.04835,7.62528],[-80.03291,7.59585],[-80.02858,7.56929],[-80.00565,7.54321],[-80.00258,7.52851],[-79.99306,7.51482],[-80.00136,7.50067],[-79.99791,7.48133],[-80.0067,7.4798],[-80.00748,7.47414],[-79.99909,7.47308],[-80.00079,7.46613],[-80.02483,7.45548],[-80.03105,7.44957],[-80.05428,7.45297],[-80.06461,7.45041],[-80.06991,7.44205],[-80.08091,7.43923],[-80.08091,7.43537],[-80.09124,7.43487],[-80.09513,7.42895],[-80.12973,7.43005],[-80.12043,7.43325],[-80.11062,7.43233],[-80.10842,7.43594],[-80.11447,7.44343],[-80.12946,7.43985],[-80.13361,7.42593],[-80.1455,7.42338],[-80.14861,7.41707],[-80.16101,7.41684],[-80.16062,7.41413],[-80.16644,7.4113],[-80.17005,7.41131],[-80.17598,7.41802],[-80.18787,7.41856],[-80.18554,7.42345],[-80.19145,7.43133],[-80.20591,7.43019],[-80.20516,7.42272],[-80.21135,7.42569],[-80.21834,7.41733],[-80.22891,7.42276],[-80.22867,7.42538],[-80.24002,7.42316],[-80.25427,7.42688],[-80.25408,7.42925],[-80.24569,7.43052],[-80.24542,7.43361],[-80.26557,7.43403],[-80.26788,7.43842],[-80.27486,7.43792],[-80.27679,7.44167],[-80.27821,7.43805],[-80.29734,7.43241],[-80.29888,7.43486],[-80.30495,7.43371],[-80.30662,7.43861],[-80.31439,7.42341],[-80.32162,7.42381],[-80.32407,7.42627],[-80.31994,7.42806],[-80.3211,7.43271],[-80.32587,7.43426],[-80.33195,7.42821],[-80.32435,7.41853],[-80.33559,7.41211],[-80.33508,7.40643],[-80.34852,7.40233],[-80.34825,7.40632],[-80.34191,7.40825],[-80.33468,7.41752],[-80.3366,7.42474],[-80.34322,7.42311],[-80.34307,7.41766],[-80.33893,7.42049],[-80.34333,7.41418],[-80.35262,7.41896],[-80.35985,7.4182],[-80.35134,7.4129],[-80.35676,7.40724],[-80.36039,7.40724],[-80.36425,7.4173],[-80.37328,7.42092],[-80.36787,7.41164],[-80.37666,7.40649],[-80.38182,7.40921],[-80.37745,7.39953],[-80.38276,7.38562],[-80.38727,7.3855],[-80.39062,7.3944],[-80.39424,7.39363],[-80.39516,7.37842],[-80.3891,7.37364],[-80.39866,7.36927],[-80.40201,7.37198],[-80.40254,7.36296],[-80.37724,7.35738],[-80.36912,7.35183],[-80.36408,7.35118],[-80.36279,7.35453],[-80.35401,7.35],[-80.35157,7.34613],[-80.35481,7.33351],[-80.34205,7.32086],[-80.37472,7.31381],[-80.39333,7.30391],[-80.40046,7.28665],[-80.39839,7.28046],[-80.42332,7.27096],[-80.42384,7.26309],[-80.42071,7.26112],[-80.42747,7.25575],[-80.42619,7.24879],[-80.43678,7.24055],[-80.45949,7.24741],[-80.47988,7.24718],[-80.4915,7.25028],[-80.50183,7.24849],[-80.5075,7.25108],[-80.5212,7.23756],[-80.56198,7.24353],[-80.56663,7.24277],[-80.58007,7.2304],[-80.59581,7.23582],[-80.60304,7.23119],[-80.61322,7.23348],[-80.63686,7.23186],[-80.65726,7.2235],[-80.66707,7.22351],[-80.68618,7.21166],[-80.69521,7.21541],[-80.71561,7.20846],[-80.74891,7.21557],[-80.75098,7.21248],[-80.77834,7.21726],[-80.78583,7.21301],[-80.78661,7.20914],[-80.7959,7.2081],[-80.8003,7.20399],[-80.80158,7.20863],[-80.82713,7.21496],[-80.83642,7.21276],[-80.83875,7.20903],[-80.84494,7.20941],[-80.84753,7.2102],[-80.84804,7.21716],[-80.85062,7.21729],[-80.85656,7.21458],[-80.85553,7.2102],[-80.85863,7.20788],[-80.86289,7.20788],[-80.86663,7.21265],[-80.87024,7.20479],[-80.8798,7.2066],[-80.88005,7.20892],[-80.88573,7.20608],[-80.88986,7.21124],[-80.88728,7.2249],[-80.89218,7.22606],[-80.8976,7.23934],[-80.90677,7.24115],[-80.9136,7.2494],[-80.92367,7.2467],[-80.93271,7.25056],[-80.93297,7.25508],[-80.93929,7.2592],[-80.93038,7.27196],[-80.92315,7.27157],[-80.92172,7.27467],[-80.92134,7.27853],[-80.92496,7.28086],[-80.92212,7.28807],[-80.92676,7.29555],[-80.92005,7.31488],[-80.91682,7.31643],[-80.91772,7.32133],[-80.90765,7.31978],[-80.90171,7.32803],[-80.89112,7.3288],[-80.88376,7.33421],[-80.89396,7.36051],[-80.90041,7.36515],[-80.90144,7.37134],[-80.89847,7.37495],[-80.90299,7.37431],[-80.92933,7.40202],[-80.92649,7.40847],[-80.92055,7.4108],[-80.91254,7.42548],[-80.90453,7.42651],[-80.90737,7.4345],[-80.90272,7.43837],[-80.91228,7.44379],[-80.91098,7.44765],[-80.91408,7.44843],[-80.91589,7.459],[-80.92609,7.46158],[-80.9186,7.44637],[-80.92711,7.45951],[-80.94055,7.47189],[-80.94172,7.47718],[-80.93861,7.47653],[-80.93655,7.48478],[-80.94196,7.4804],[-80.94701,7.48684],[-80.94585,7.49149],[-80.95101,7.49406],[-80.94662,7.48891],[-80.94869,7.4871],[-80.97478,7.50064],[-80.96741,7.51392],[-80.95889,7.51495],[-80.95914,7.53324],[-80.94985,7.54408],[-80.94933,7.54872],[-80.94997,7.55439],[-80.96341,7.57398],[-80.98059,7.58946],[-80.97348,7.6008],[-80.97942,7.61085],[-80.98511,7.6142],[-80.98476,7.61764],[-80.97245,7.6093],[-80.97787,7.61305],[-80.97322,7.62116],[-80.98433,7.62245],[-80.98562,7.61781],[-80.98847,7.61781],[-81.00526,7.62477],[-81.00603,7.63741],[-81.03704,7.65133],[-81.04932,7.66267],[-81.05087,7.66809],[-81.05178,7.67917],[-81.04971,7.67865],[-81.04648,7.6655],[-81.0488,7.66396],[-81.03446,7.65287],[-81.0355,7.67607],[-81.03355,7.67272],[-81.0302,7.67479],[-81.02684,7.67144],[-81.03072,7.68407],[-81.0293,7.68974],[-81.024,7.69309],[-81.01753,7.68793],[-81.0209,7.67917],[-81.01327,7.67712],[-81.01095,7.67195],[-81.00423,7.67388],[-80.9988,7.6704],[-80.99492,7.65906],[-80.9904,7.66241],[-80.99079,7.67479],[-80.99492,7.67736],[-80.99492,7.68097],[-80.9882,7.68072],[-80.98588,7.67633],[-80.97683,7.67453],[-80.98898,7.68445],[-80.98459,7.6918],[-80.99053,7.69309],[-80.9926,7.69567],[-80.9895,7.69644],[-80.99738,7.70495],[-81.00242,7.70727],[-81.01457,7.70314],[-81.01482,7.70005],[-81.02361,7.70031],[-81.02529,7.70804],[-81.0218,7.70998],[-81.02051,7.71716],[-81.00681,7.71694],[-81.00224,7.72884],[-80.99958,7.72816],[-81.0037,7.73279],[-81.00562,7.73071],[-81.01818,7.73563],[-81.01767,7.73846],[-81.0094,7.7431],[-81.0094,7.74878],[-80.9992,7.74697],[-80.99932,7.75161],[-81.00617,7.75419],[-81.00552,7.75793],[-81.01303,7.75625],[-81.01715,7.75135],[-81.02568,7.75908],[-81.03046,7.75599],[-81.03641,7.77455],[-81.04093,7.77829],[-81.05489,7.76347],[-81.06962,7.77661],[-81.07609,7.77867],[-81.08165,7.7895],[-81.07583,7.81116],[-81.07196,7.81386],[-81.06653,7.8149],[-81.06498,7.80884],[-81.05619,7.81013],[-81.05567,7.80807],[-81.04921,7.81825],[-81.04417,7.81374],[-81.04403,7.80523],[-81.03926,7.80497],[-81.03266,7.81709],[-81.02207,7.81877],[-81.01457,7.8158],[-81.00759,7.8207],[-81.00126,7.82096],[-81.00009,7.81684],[-80.99712,7.82148],[-81.00177,7.83282],[-80.9913,7.83759],[-81.00707,7.83436],[-81.01224,7.82715],[-81.01431,7.82947],[-81.01043,7.83088],[-81.01599,7.84004],[-81.01405,7.84442],[-81.01121,7.84339],[-81.00345,7.84958],[-81.01354,7.85164],[-81.01948,7.8568],[-81.01741,7.86878],[-81.01285,7.87003],[-81.01367,7.87329],[-81.01871,7.87342],[-81.01897,7.87716],[-81.01185,7.88773],[-81.01561,7.88953],[-81.02337,7.87845],[-81.03396,7.89314],[-81.03681,7.8934],[-81.03862,7.88206],[-81.04172,7.88283],[-81.04159,7.88773],[-81.0624,7.88566],[-81.06396,7.88901],[-81.04599,7.9099],[-81.04869,7.91273],[-81.05335,7.91066],[-81.05387,7.91325],[-81.05064,7.91401],[-81.05181,7.91828],[-81.04612,7.91995],[-81.04664,7.92369],[-81.03759,7.93001],[-81.04172,7.93439],[-81.03306,7.94341],[-81.035,7.95063],[-81.02725,7.95695],[-81.01328,7.95527],[-81.01483,7.96107],[-81.0169,7.96262],[-81.0185,7.95785],[-81.0213,7.96198],[-81.01845,7.96791],[-81.02435,7.98128],[-81.03036,7.96481],[-81.04832,7.96404],[-81.0438,7.96107],[-81.0394,7.96301],[-81.03578,7.95683],[-81.04301,7.94676],[-81.04301,7.94006],[-81.05102,7.938],[-81.05129,7.93258],[-81.05582,7.92794],[-81.05517,7.92047],[-81.05931,7.91815],[-81.05905,7.9264],[-81.06422,7.92846],[-81.06487,7.93361],[-81.07379,7.92201],[-81.07456,7.92626],[-81.07754,7.92665],[-81.07535,7.92949],[-81.07768,7.93335],[-81.0818,7.93645],[-81.08413,7.934],[-81.08129,7.93052],[-81.09059,7.9282],[-81.09473,7.93876],[-81.10146,7.94057],[-81.10332,7.94546],[-81.09939,7.9264],[-81.09305,7.91582],[-81.08309,7.91324],[-81.08051,7.91698],[-81.07327,7.91866],[-81.06654,7.91466],[-81.06112,7.91918],[-81.05827,7.91608],[-81.0593,7.9068],[-81.07404,7.90849],[-81.07908,7.89958],[-81.08749,7.89803],[-81.08904,7.89262],[-81.09524,7.89752],[-81.09305,7.90061],[-81.09603,7.90551],[-81.09951,7.90344],[-81.10261,7.90705],[-81.10404,7.92626],[-81.11412,7.922],[-81.11542,7.92458],[-81.11826,7.91994],[-81.12111,7.92277],[-81.12705,7.91954],[-81.12964,7.92407],[-81.13351,7.91658],[-81.13196,7.91362],[-81.12368,7.91375],[-81.1233,7.89751],[-81.12601,7.88745],[-81.13363,7.88281],[-81.13298,7.86812],[-81.1366,7.87018],[-81.13841,7.87791],[-81.13583,7.88049],[-81.141,7.88126],[-81.14411,7.8859],[-81.15883,7.86347],[-81.1622,7.87094],[-81.1684,7.87416],[-81.17254,7.87068],[-81.19142,7.88743],[-81.19039,7.89594],[-81.19686,7.90496],[-81.19764,7.91681],[-81.20229,7.91708],[-81.19455,7.94118],[-81.19972,7.94311],[-81.20308,7.93718],[-81.21433,7.93666],[-81.21316,7.92957],[-81.21859,7.92312],[-81.23332,7.92608],[-81.22997,7.93356],[-81.23658,7.94376],[-81.24213,7.9387],[-81.2504,7.9387],[-81.25609,7.93096],[-81.26307,7.93044],[-81.26397,7.93405],[-81.25997,7.93612],[-81.25894,7.94179],[-81.28195,7.94719],[-81.27977,7.96291],[-81.28766,7.97322],[-81.28858,7.98714],[-81.29491,7.99023],[-81.29052,7.99797],[-81.30242,8.00092],[-81.30695,8.00569],[-81.30268,8.00002],[-81.2913,7.99744],[-81.29608,7.99152],[-81.28935,7.98637],[-81.28857,7.97322],[-81.28002,7.95905],[-81.28247,7.94615],[-81.26036,7.93844],[-81.26488,7.9325],[-81.27522,7.93095],[-81.26799,7.92451],[-81.26694,7.91665],[-81.26487,7.91472],[-81.25763,7.91807],[-81.25183,7.92426],[-81.24108,7.92208],[-81.23876,7.92427],[-81.23798,7.92092],[-81.25065,7.91524],[-81.24728,7.90132],[-81.25426,7.89951],[-81.24999,7.89668],[-81.25063,7.88727],[-81.24572,7.88765],[-81.24235,7.88225],[-81.24015,7.86807],[-81.23769,7.86601],[-81.22993,7.86898],[-81.23006,7.86395],[-81.22502,7.86137],[-81.22682,7.85557],[-81.22268,7.84385],[-81.21855,7.84385],[-81.20742,7.83341],[-81.19165,7.82659],[-81.17122,7.80675],[-81.17587,7.79978],[-81.18725,7.80494],[-81.19124,7.79849],[-81.18879,7.79411],[-81.18039,7.79437],[-81.18155,7.78766],[-81.17755,7.78844],[-81.17535,7.78135],[-81.17302,7.78225],[-81.1685,7.77684],[-81.16979,7.77272],[-81.17353,7.77272],[-81.17198,7.76421],[-81.17547,7.76395],[-81.17568,7.75999],[-81.18645,7.76059],[-81.19042,7.76463],[-81.19602,7.76239],[-81.19628,7.76703],[-81.2198,7.77514],[-81.22523,7.76998],[-81.22419,7.7656],[-81.21256,7.75981],[-81.21514,7.7513],[-81.22018,7.75852],[-81.2353,7.76341],[-81.23996,7.76031],[-81.24254,7.76417],[-81.24628,7.76211],[-81.24746,7.75657],[-81.25223,7.76004],[-81.25547,7.75721],[-81.24783,7.7487],[-81.24266,7.74871],[-81.24318,7.74226],[-81.24047,7.74226],[-81.23968,7.7384],[-81.2433,7.73762],[-81.23593,7.73221],[-81.24123,7.72628],[-81.24848,7.72782],[-81.25119,7.73865],[-81.2539,7.73787],[-81.25454,7.7322],[-81.2663,7.72962],[-81.2681,7.72227],[-81.26009,7.72008],[-81.25984,7.72433],[-81.25751,7.72369],[-81.25416,7.72008],[-81.25621,7.71596],[-81.25337,7.70977],[-81.2451,7.71004],[-81.24225,7.70437],[-81.2376,7.70372],[-81.23734,7.69844],[-81.21924,7.696],[-81.21614,7.69832],[-81.21046,7.6951],[-81.19961,7.71161],[-81.19353,7.70233],[-81.20825,7.66726],[-81.19829,7.6527],[-81.20113,7.64174],[-81.20746,7.6371],[-81.20422,7.62962],[-81.20861,7.62318],[-81.22893,7.60839],[-81.23781,7.6158],[-81.23833,7.62239],[-81.2466,7.62818],[-81.25073,7.6256],[-81.25668,7.62753],[-81.25914,7.6363],[-81.2727,7.63281],[-81.2802,7.63577],[-81.28239,7.64402],[-81.2864,7.64453],[-81.2899,7.64994],[-81.28848,7.65226],[-81.31511,7.67751],[-81.31898,7.67364],[-81.32014,7.66513],[-81.30891,7.6654],[-81.31006,7.65972],[-81.31432,7.66088],[-81.31199,7.65353],[-81.30915,7.65328],[-81.31018,7.6507],[-81.31587,7.65147],[-81.31845,7.65611],[-81.33138,7.66021],[-81.33706,7.65893],[-81.35671,7.666],[-81.35981,7.67],[-81.37531,7.67024],[-81.38747,7.67745],[-81.38876,7.68312],[-81.396,7.68466],[-81.40297,7.67317],[-81.40996,7.67975],[-81.41525,7.67845],[-81.41486,7.68335],[-81.41745,7.68399],[-81.42571,7.6787],[-81.43579,7.67933],[-81.43863,7.68076],[-81.43245,7.69442],[-81.43956,7.70292],[-81.44719,7.70098],[-81.45055,7.70884],[-81.45581,7.70642],[-81.46529,7.70908],[-81.46812,7.70572],[-81.47691,7.70855],[-81.48544,7.70403],[-81.48415,7.71061],[-81.48919,7.71086],[-81.49293,7.70647],[-81.49733,7.70917],[-81.50508,7.70491],[-81.50612,7.71058],[-81.51633,7.7103],[-81.53249,7.71596],[-81.5356,7.72318],[-81.52423,7.73054],[-81.48935,7.73702],[-81.48885,7.74772],[-81.49505,7.74823],[-81.4899,7.75777],[-81.493,7.76151],[-81.49894,7.75892],[-81.49817,7.76214],[-81.49429,7.76241],[-81.49817,7.76447],[-81.50128,7.77271],[-81.51524,7.77218],[-81.51549,7.7678],[-81.51988,7.76728],[-81.51859,7.76161],[-81.52505,7.76186],[-81.52738,7.76624],[-81.53539,7.76468],[-81.54263,7.76776],[-81.54935,7.76518],[-81.55089,7.76002],[-81.54546,7.76003],[-81.55024,7.75486],[-81.54881,7.75126],[-81.54183,7.75101],[-81.54454,7.74379],[-81.5413,7.74005],[-81.54596,7.74043],[-81.54997,7.75023],[-81.55683,7.75473],[-81.56122,7.75343],[-81.56644,7.75635],[-81.56588,7.76077],[-81.57054,7.76154],[-81.57275,7.76566],[-81.57106,7.76876],[-81.5801,7.76411],[-81.58296,7.7708],[-81.57157,7.77211],[-81.57315,7.78203],[-81.57083,7.78602],[-81.57316,7.78886],[-81.58039,7.78383],[-81.58246,7.78601],[-81.57729,7.78886],[-81.57743,7.79504],[-81.58919,7.79683],[-81.59295,7.80378],[-81.58419,7.82185],[-81.58717,7.82506],[-81.58692,7.83228],[-81.57581,7.82791],[-81.57193,7.83552],[-81.57569,7.83446],[-81.57526,7.83836],[-81.57901,7.83102],[-81.57685,7.84042],[-81.58098,7.84093],[-81.581,7.8484],[-81.58462,7.85201],[-81.57739,7.85498],[-81.57569,7.84659],[-81.57259,7.84609],[-81.56305,7.86054],[-81.57636,7.86452],[-81.57896,7.87083],[-81.58516,7.87211],[-81.6017,7.86437],[-81.60352,7.86848],[-81.60997,7.86537],[-81.61115,7.87104],[-81.60792,7.87427],[-81.59913,7.87274],[-81.60327,7.88059],[-81.5963,7.88292],[-81.5923,7.88963],[-81.59373,7.89607],[-81.60873,7.90043],[-81.61338,7.89682],[-81.62037,7.90403],[-81.62295,7.90209],[-81.6227,7.90686],[-81.61727,7.90687],[-81.61716,7.9128],[-81.62273,7.92155],[-81.62404,7.93703],[-81.61292,7.93665],[-81.60024,7.92584],[-81.59235,7.92314],[-81.59105,7.91876],[-81.58135,7.91439],[-81.57255,7.91441],[-81.57011,7.92137],[-81.59276,7.93938],[-81.5775,7.93567],[-81.57504,7.93838],[-81.57803,7.9452],[-81.5819,7.94417],[-81.59666,7.95472],[-81.59771,7.96954],[-81.60806,7.97236],[-81.60664,7.97494],[-81.5941,7.97445],[-81.59644,7.98243],[-81.60188,7.98577],[-81.59853,7.99428],[-81.59491,7.99532],[-81.59518,8.00383],[-81.58612,8.00178],[-81.58534,7.99611],[-81.58025,7.99285],[-81.57991,7.99637],[-81.58224,7.99663],[-81.5851,8.00874],[-81.59493,8.01156],[-81.60164,8.00407],[-81.62697,7.99385],[-81.62543,8.0012],[-81.62078,8.00237],[-81.6213,8.00675],[-81.61691,8.0074],[-81.61718,8.01539],[-81.61279,8.01733],[-81.61207,8.02602],[-81.62547,8.02776],[-81.63218,8.01614],[-81.64253,8.02128],[-81.64433,8.0151],[-81.63957,8.0267],[-81.6441,8.03225],[-81.63433,8.03744],[-81.65134,8.03339],[-81.66068,8.05219],[-81.66508,8.05231],[-81.67231,8.04598],[-81.67516,8.04946],[-81.66974,8.05282],[-81.68229,8.05473],[-81.68566,8.05988],[-81.68217,8.06375],[-81.67674,8.06363],[-81.67727,8.07021],[-81.67262,8.07382],[-81.66227,8.0723],[-81.66112,8.08029],[-81.66306,8.08209],[-81.67056,8.07783],[-81.68246,8.08077],[-81.68454,8.08631],[-81.69062,8.08668],[-81.69257,8.09287],[-81.69592,8.09028],[-81.69891,8.09389],[-81.69776,8.1042],[-81.70254,8.10368],[-81.69842,8.11116],[-81.70243,8.11141],[-81.69985,8.11786],[-81.70489,8.11605],[-81.70969,8.12222],[-81.70804,8.13744],[-81.71853,8.14592],[-81.72036,8.157],[-81.72424,8.15983],[-81.72375,8.17092],[-81.73241,8.17142],[-81.73126,8.17785],[-81.72622,8.18097],[-81.72675,8.18509],[-81.73283,8.18637],[-81.72805,8.18999],[-81.72839,8.19458],[-81.73697,8.18765],[-81.73851,8.1821],[-81.7336,8.18173],[-81.73444,8.17975],[-81.7429,8.17694],[-81.74394,8.18068],[-81.74058,8.18236],[-81.74888,8.19201],[-81.74178,8.19821],[-81.74446,8.20682],[-81.74104,8.21739],[-81.75463,8.22061],[-81.75697,8.2286],[-81.76086,8.23104],[-81.76473,8.2291],[-81.76578,8.23451],[-81.76887,8.23502],[-81.77069,8.23114],[-81.7751,8.23527],[-81.78189,8.23411],[-81.78129,8.2265],[-81.78426,8.22593],[-81.7879,8.23241],[-81.79397,8.2293],[-81.78412,8.22068],[-81.78135,8.22381],[-81.77507,8.22199],[-81.77218,8.21386],[-81.76876,8.21368],[-81.76614,8.21982],[-81.76328,8.21415],[-81.76858,8.21234],[-81.76909,8.2077],[-81.77687,8.21413],[-81.78152,8.21077],[-81.78732,8.21499],[-81.80979,8.21624],[-81.80299,8.20892],[-81.78254,8.20703],[-81.77532,8.19235],[-81.78782,8.17917],[-81.79699,8.1865],[-81.8019,8.18418],[-81.80552,8.17953],[-81.80459,8.17077],[-81.81121,8.18235],[-81.81805,8.17151],[-81.81403,8.16636],[-81.81971,8.16442],[-81.83821,8.16813],[-81.84274,8.16734],[-81.84575,8.16194],[-81.91302,8.18523],[-81.91083,8.18717],[-81.86837,8.1736],[-81.86915,8.17643],[-81.88339,8.18156],[-81.8816,8.1902],[-81.88496,8.19097],[-81.88598,8.18439],[-81.91161,8.19],[-81.92143,8.18714],[-81.95326,8.18977],[-81.96272,8.19542],[-81.9595,8.20033],[-81.95264,8.19467],[-81.9349,8.1933],[-81.93206,8.19575],[-81.92015,8.19178],[-81.91655,8.20275],[-81.91345,8.20404],[-81.91639,8.20627],[-81.9287,8.19834],[-81.93632,8.19755],[-81.9551,8.20343],[-81.95447,8.20782],[-81.94866,8.21247],[-81.94919,8.21993],[-81.94325,8.22253],[-81.94301,8.23001],[-81.94042,8.22937],[-81.93734,8.23813],[-81.92504,8.23726],[-81.91485,8.25031],[-81.90475,8.24608],[-81.90411,8.24969],[-81.90943,8.25586],[-81.90376,8.26374],[-81.91255,8.26101],[-81.91532,8.27418],[-81.92265,8.26698],[-81.92445,8.25995],[-81.92132,8.25455],[-81.92675,8.24938],[-81.92935,8.25453],[-81.92703,8.25853],[-81.93014,8.26058],[-81.93348,8.24756],[-81.9371,8.24729],[-81.93892,8.25116],[-81.93595,8.25348],[-81.93919,8.25747],[-81.94435,8.25166],[-81.94687,8.25278],[-81.94839,8.26119],[-81.93508,8.26895],[-81.9355,8.27869],[-81.92994,8.28417],[-81.92943,8.28933],[-81.9328,8.28829],[-81.93253,8.28365],[-81.94494,8.28065],[-81.94415,8.2764],[-81.95525,8.26993],[-81.95332,8.2671],[-81.958,8.25893],[-81.95601,8.25743],[-81.96497,8.25229],[-81.96401,8.2462],[-81.96918,8.24567],[-81.97068,8.2302],[-81.97277,8.232],[-81.98245,8.22553],[-81.98385,8.21469],[-81.9916,8.21056],[-81.99059,8.21984],[-81.99534,8.22335],[-81.99294,8.23002],[-81.99825,8.23245],[-82.00277,8.22961],[-81.99866,8.23993],[-82.00615,8.23579],[-82.00617,8.24042],[-82.01135,8.24531],[-82.01186,8.24041],[-82.01858,8.23678],[-82.02599,8.24555],[-82.02345,8.24803],[-82.02638,8.25481],[-82.0356,8.25188],[-82.03238,8.24797],[-82.04353,8.25398],[-82.04155,8.24407],[-82.04418,8.23208],[-82.04001,8.22101],[-82.0669,8.21655],[-82.0889,8.21894],[-82.09421,8.22138],[-82.09126,8.23131],[-82.0985,8.22871],[-82.10338,8.24884],[-82.09559,8.2523],[-82.10556,8.25382],[-82.10839,8.24969],[-82.11618,8.25972],[-82.11542,8.26565],[-82.11866,8.26513],[-82.12084,8.26023],[-82.11642,8.25096],[-82.11639,8.24103],[-82.12183,8.24244],[-82.12886,8.25814],[-82.13105,8.25685],[-82.12985,8.24461],[-82.13349,8.24859],[-82.13233,8.25194],[-82.13752,8.25554],[-82.13742,8.26765],[-82.13382,8.27449],[-82.13872,8.2701],[-82.14469,8.27755],[-82.154,8.27379],[-82.15476,8.27018],[-82.14299,8.2697],[-82.14336,8.26261],[-82.14608,8.26402],[-82.14774,8.25796],[-82.15396,8.25974],[-82.15808,8.25342],[-82.16713,8.25288],[-82.16169,8.2507],[-82.16177,8.24765],[-82.15005,8.25112],[-82.15365,8.24261],[-82.14951,8.24275],[-82.14251,8.23606],[-82.13189,8.23493],[-82.13602,8.22938],[-82.13472,8.22642],[-82.12514,8.22361],[-82.12461,8.21975],[-82.12126,8.22401],[-82.11802,8.22286],[-82.11581,8.21848],[-82.11709,8.21307],[-82.12175,8.21473],[-82.12497,8.21021],[-82.14346,8.20771],[-82.13994,8.19857],[-82.14313,8.18155],[-82.14028,8.18078],[-82.14335,8.16995],[-82.14075,8.16558],[-82.15188,8.16864],[-82.16093,8.1659],[-82.16068,8.17067],[-82.15241,8.17237],[-82.15217,8.17727],[-82.14494,8.18232],[-82.14456,8.18593],[-82.14938,8.19712],[-82.15247,8.19402],[-82.16373,8.19309],[-82.15561,8.20535],[-82.14759,8.20654],[-82.14502,8.21196],[-82.1489,8.21233],[-82.15306,8.21825],[-82.16936,8.21885],[-82.16832,8.21498],[-82.17245,8.21446],[-82.16958,8.20519],[-82.17993,8.20735],[-82.19622,8.20189],[-82.19624,8.20872],[-82.19883,8.21],[-82.19289,8.21388],[-82.19885,8.21567],[-82.19977,8.22108],[-82.20558,8.2181],[-82.22189,8.22075],[-82.2214,8.23158],[-82.21779,8.23468],[-82.21055,8.23496],[-82.20409,8.24014],[-82.20227,8.23757],[-82.19633,8.23965],[-82.19479,8.24352],[-82.18223,8.24046],[-82.17991,8.24382],[-82.18187,8.24871],[-82.17709,8.25078],[-82.1793,8.2558],[-82.18991,8.25732],[-82.18656,8.26132],[-82.18893,8.27446],[-82.18557,8.27525],[-82.18587,8.28813],[-82.19661,8.28913],[-82.1952,8.29429],[-82.20167,8.29582],[-82.20787,8.29206],[-82.21242,8.29656],[-82.21347,8.30326],[-82.20378,8.30586],[-82.19937,8.30252],[-82.19472,8.3064],[-82.18088,8.3067],[-82.17815,8.30285],[-82.17592,8.30526],[-82.17506,8.31007],[-82.17999,8.31418],[-82.17418,8.31729],[-82.17872,8.32089],[-82.19735,8.3207],[-82.20445,8.31514],[-82.20743,8.31693],[-82.1997,8.3274],[-82.2005,8.33435],[-82.19249,8.33902],[-82.17462,8.33482],[-82.17227,8.32761],[-82.16398,8.32454],[-82.16629,8.3195],[-82.16227,8.31552],[-82.15983,8.32146],[-82.15233,8.32174],[-82.15337,8.32483],[-82.16023,8.32506],[-82.15831,8.33383],[-82.14203,8.34045],[-82.13102,8.33804],[-82.13014,8.34448],[-82.13816,8.34369],[-82.13974,8.35322],[-82.13638,8.35658],[-82.13821,8.36031],[-82.14092,8.3594],[-82.13901,8.3683],[-82.14237,8.36893],[-82.14636,8.36119],[-82.14415,8.3581],[-82.14619,8.3483],[-82.14931,8.35113],[-82.14981,8.34752],[-82.15991,8.34775],[-82.16739,8.34128],[-82.16948,8.34566],[-82.16536,8.35495],[-82.17405,8.35905],[-82.17574,8.36342],[-82.16981,8.36911],[-82.17473,8.37193],[-82.1782,8.36187],[-82.17674,8.35027],[-82.18216,8.34691],[-82.18615,8.35222],[-82.20778,8.3449],[-82.22009,8.35066],[-82.21278,8.3731],[-82.20736,8.37763],[-82.20167,8.37752],[-82.19969,8.36644],[-82.1988,8.37109],[-82.19105,8.37497],[-82.19573,8.38269],[-82.20064,8.38229],[-82.20793,8.39348],[-82.21374,8.39397],[-82.21048,8.38265],[-82.21771,8.37554],[-82.22855,8.36803],[-82.24073,8.3716],[-82.24356,8.36669],[-82.2425,8.35858],[-82.23991,8.35781],[-82.24065,8.34699],[-82.23469,8.34572],[-82.23049,8.35389],[-82.23095,8.34882],[-82.23687,8.3372],[-82.23593,8.32844],[-82.2411,8.32456],[-82.23953,8.32134],[-82.25655,8.30067],[-82.27104,8.30308],[-82.26684,8.32216],[-82.27433,8.32008],[-82.27204,8.33039],[-82.2665,8.33711],[-82.26728,8.33943],[-82.27323,8.33773],[-82.27505,8.34121],[-82.2678,8.33994],[-82.25438,8.35145],[-82.25555,8.35467],[-82.2443,8.35677],[-82.24936,8.36036],[-82.24977,8.36667],[-82.25521,8.36743],[-82.25285,8.36048],[-82.26114,8.36161],[-82.26215,8.35452],[-82.26876,8.35798],[-82.27225,8.35513],[-82.27171,8.34998],[-82.28076,8.34789],[-82.27997,8.34325],[-82.28256,8.34221],[-82.28286,8.35471],[-82.28831,8.36024],[-82.29232,8.35997],[-82.2914,8.35507],[-82.28803,8.35534],[-82.28943,8.34554],[-82.2955,8.34475],[-82.29423,8.35042],[-82.3011,8.35452],[-82.30393,8.34859],[-82.30704,8.35012],[-82.30597,8.34008],[-82.30868,8.33852],[-82.31187,8.36454],[-82.32122,8.37276],[-82.31639,8.36221],[-82.3165,8.35447],[-82.3206,8.34389],[-82.32347,8.3493],[-82.32077,8.35497],[-82.32413,8.35471],[-82.32863,8.34683],[-82.33226,8.3472],[-82.3306,8.34042],[-82.33685,8.32683],[-82.34165,8.33197],[-82.3392,8.33404],[-82.34102,8.33699],[-82.344,8.33686],[-82.33716,8.34332],[-82.34004,8.35272],[-82.34366,8.35129],[-82.34441,8.34446],[-82.34868,8.3438],[-82.34882,8.34844],[-82.35673,8.35047],[-82.35179,8.34405],[-82.3532,8.34224],[-82.36075,8.35355],[-82.36397,8.34916],[-82.36258,8.3605],[-82.37474,8.35866],[-82.37786,8.36277],[-82.38379,8.35759],[-82.38352,8.35399],[-82.37756,8.35246],[-82.3796,8.34369],[-82.38579,8.33761],[-82.39639,8.33461],[-82.4008,8.33666],[-82.40285,8.3333],[-82.40416,8.33716],[-82.39641,8.33874],[-82.39523,8.37199],[-82.38489,8.37666],[-82.38324,8.38363],[-82.38774,8.37523],[-82.39549,8.37379],[-82.39745,8.34131],[-82.40003,8.33911],[-82.40365,8.33871],[-82.40834,8.34875],[-82.41145,8.34796],[-82.41336,8.341],[-82.41647,8.3415],[-82.41583,8.34434],[-82.42152,8.34303],[-82.4218,8.34805],[-82.42711,8.35074],[-82.42712,8.35409],[-82.43526,8.34916],[-82.43785,8.35096],[-82.43414,8.36205],[-82.44155,8.37066],[-82.4436,8.36679],[-82.44063,8.36718],[-82.43816,8.36307],[-82.44436,8.36047],[-82.44538,8.35763],[-82.43994,8.35688],[-82.44226,8.353],[-82.44932,8.34997],[-82.45495,8.35489],[-82.47047,8.35393],[-82.46678,8.33539],[-82.47241,8.31913],[-82.48367,8.32012],[-82.48512,8.32901],[-82.49624,8.32703],[-82.49648,8.32265],[-82.49933,8.32187],[-82.50465,8.327],[-82.50917,8.32441],[-82.50962,8.32862],[-82.51565,8.32696],[-82.50966,8.31822],[-82.52337,8.31714],[-82.52933,8.31969],[-82.53708,8.31502],[-82.5433,8.31706],[-82.54449,8.32479],[-82.54873,8.31833],[-82.55416,8.3174],[-82.55208,8.31432],[-82.55752,8.31546],[-82.55724,8.30927],[-82.54817,8.30609],[-82.54997,8.30338],[-82.55722,8.30425],[-82.55358,8.29962],[-82.5251,8.29419],[-82.51758,8.29139],[-82.51731,8.28804],[-82.48518,8.27566],[-82.47742,8.27492],[-82.47614,8.27943],[-82.4733,8.27944],[-82.47495,8.27274],[-82.48309,8.27051],[-82.53906,8.29143],[-82.65252,8.32628],[-82.64916,8.32875],[-82.65409,8.33169],[-82.66961,8.33124],[-82.67662,8.33585],[-82.68053,8.34369],[-82.69532,8.35136],[-82.69553,8.34144],[-82.70198,8.33651],[-82.70716,8.33804],[-82.70681,8.34706],[-82.71444,8.34535],[-82.7182,8.34701],[-82.71835,8.35371],[-82.73,8.35558],[-82.71955,8.35326],[-82.71694,8.34474],[-82.70868,8.34716],[-82.70641,8.33592],[-82.70922,8.33493],[-82.71325,8.34033],[-82.71413,8.33491],[-82.71672,8.3349],[-82.71647,8.338],[-82.72631,8.33873],[-82.72913,8.33382],[-82.73483,8.33431],[-82.73649,8.32992],[-82.74231,8.33041],[-82.74125,8.32372],[-82.75495,8.32237],[-82.76424,8.31704],[-82.76268,8.31434],[-82.75621,8.31489],[-82.73348,8.32182],[-82.75725,8.31411],[-82.78542,8.30973],[-82.80685,8.29881],[-82.83502,8.29431],[-82.84225,8.29028],[-82.84609,8.28253],[-82.85383,8.27876],[-82.8718,8.24917],[-82.87722,8.21874],[-82.87275,8.20279],[-82.87639,8.15124],[-82.87099,8.13065],[-82.87288,8.12059],[-82.85633,8.09207],[-82.85184,8.07019],[-82.85722,8.05908],[-82.8674,8.05208],[-82.86693,8.0343],[-82.87725,8.03091],[-82.90289,8.04071],[-82.89088,8.0518],[-82.89522,8.05525],[-82.89674,8.06341],[-82.88454,8.0776],[-82.89077,8.1003],[-82.88583,8.10841],[-82.90102,8.12838],[-82.90313,8.13935],[-82.90628,8.14022],[-82.90896,8.14722],[-82.91003,8.15748],[-82.90732,8.16362],[-82.9096,8.16767],[-82.90323,8.17578],[-82.91265,8.17659],[-82.91027,8.19643],[-82.91245,8.19848],[-82.91774,8.19576],[-82.92887,8.21011],[-82.93608,8.21098],[-82.92994,8.2401],[-82.93795,8.25186],[-82.94143,8.26891],[-82.94363,8.27125],[-82.95198,8.26729],[-82.95724,8.28102],[-82.96809,8.27856],[-82.97524,8.28821],[-82.98021,8.28639],[-82.98957,8.27094],[-82.99522,8.2814],[-83.00516,8.29001],[-83.00402,8.29387],[-83.00827,8.29889],[-83.01207,8.29824],[-83.02403,8.30543],[-83.02378,8.31222],[-83.03009,8.31651],[-83.04622,8.31868],[-83.04582,8.32305],[-83.05213,8.33115],[-83.04999,8.33741],[-83.04593,8.33646],[-83.04619,8.3432],[-83.02834,8.35262],[-83.02012,8.35123],[-83.01721,8.35628],[-83.01196,8.35494],[-83.00424,8.3594],[-83.00344,8.36517],[-82.9884,8.37552],[-82.98349,8.37309],[-82.96927,8.3866],[-82.96719,8.39828],[-82.95413,8.40788],[-82.95351,8.41406],[-82.93552,8.42391],[-82.93095,8.43502],[-82.9151,8.42871],[-82.86823,8.43963],[-82.839,8.48028],[-82.83149,8.50514],[-82.83889,8.54612],[-82.82217,8.56708],[-82.83394,8.59311],[-82.82704,8.59944],[-82.82816,8.60554],[-82.83829,8.6127],[-82.8363,8.61516],[-82.82895,8.61446],[-82.83032,8.6362],[-82.84333,8.65526],[-82.85712,8.66696],[-82.85834,8.6756],[-82.86447,8.67949],[-82.86215,8.68821],[-82.86726,8.69695],[-82.88056,8.69745],[-82.89149,8.71129],[-82.88992,8.72233],[-82.89231,8.72681],[-82.89919,8.72773],[-82.90631,8.73725],[-82.90883,8.736],[-82.91623,8.74088],[-82.91875,8.75296],[-82.91319,8.75386],[-82.90957,8.75891],[-82.91598,8.76016],[-82.91881,8.76541],[-82.90977,8.77413],[-82.89854,8.7755],[-82.89259,8.77194],[-82.8852,8.77481],[-82.89034,8.79115],[-82.86623,8.80535],[-82.86335,8.8139],[-82.87736,8.81983],[-82.87692,8.82291],[-82.8837,8.82351],[-82.88416,8.82953],[-82.86145,8.85207],[-82.85667,8.85273],[-82.85518,8.85606],[-82.8478,8.85399],[-82.81937,8.8608],[-82.81315,8.86399],[-82.80885,8.8734],[-82.79928,8.8767],[-82.7823,8.87497],[-82.77333,8.87834],[-82.76816,8.88542],[-82.75973,8.88618],[-82.75138,8.89292],[-82.74706,8.89961],[-82.74876,8.90599],[-82.74361,8.91008],[-82.7122,8.92238],[-82.717,8.94824],[-82.73802,8.96402],[-82.73678,8.97626],[-82.74057,8.98501],[-82.75014,8.99242],[-82.78301,9.00542],[-82.80112,9.00426],[-82.80438,9.01636],[-82.81592,9.01904],[-82.81358,9.0235],[-82.81668,9.02909],[-82.8301,9.03569],[-82.83582,9.0341],[-82.84,9.04006],[-82.85521,9.04616],[-82.86119,9.05652],[-82.86854,9.05494],[-82.87876,9.06213],[-82.87977,9.07011],[-82.88682,9.07963],[-82.88727,9.08744],[-82.89054,9.0891],[-82.90599,9.08212],[-82.91341,9.08296],[-82.92756,9.07483],[-82.93611,9.07838],[-82.93611,9.47314],[-82.84399,9.5],[-82.84225,9.50496],[-82.84818,9.50975],[-82.8475,9.51404],[-82.85475,9.51175],[-82.85692,9.51295],[-82.8531,9.51666],[-82.85652,9.51986],[-82.8644,9.51832],[-82.8728,9.52523],[-82.87405,9.53831],[-82.86709,9.54585],[-82.86823,9.55367],[-82.87691,9.55327],[-82.88102,9.55635],[-82.88102,9.56263],[-82.88525,9.56435],[-82.87817,9.57783],[-82.87708,9.59165],[-82.87451,9.59427],[-82.86166,9.5949],[-82.85921,9.61586],[-82.85618,9.61804],[-82.85121,9.61449],[-82.83243,9.61787],[-82.82998,9.60885],[-82.81912,9.60514],[-82.81532,9.59816],[-82.80901,9.59519],[-82.79337,9.60337],[-82.78218,9.59155],[-82.78123,9.58284],[-82.7675,9.58738],[-82.76246,9.58284],[-82.76202,9.57773],[-82.75513,9.58306],[-82.74557,9.58481],[-82.74728,9.57835],[-82.74157,9.56608],[-82.72837,9.56692],[-82.72464,9.5606],[-82.72757,9.5538],[-82.72417,9.55133],[-82.71595,9.5491],[-82.70832,9.54217],[-82.70902,9.55462],[-82.70468,9.55626],[-82.70221,9.55391],[-82.70116,9.54229],[-82.69083,9.53889],[-82.692,9.53313],[-82.70139,9.52938],[-82.69987,9.5255],[-82.69083,9.52128],[-82.69153,9.51259],[-82.68883,9.50883],[-82.67545,9.50719],[-82.66782,9.51013],[-82.67275,9.5039],[-82.67028,9.49921],[-82.66606,9.4985],[-82.66077,9.50402],[-82.6596,9.51165],[-82.65584,9.512],[-82.65397,9.50379],[-82.64446,9.49498],[-82.63436,9.49428],[-82.63154,9.50261],[-82.62098,9.49874],[-82.60979,9.50036],[-82.60243,9.50838],[-82.6034,9.52358],[-82.59773,9.53185],[-82.59738,9.54087],[-82.60304,9.55605],[-82.59163,9.55907],[-82.57811,9.55591],[-82.56663,9.54153],[-82.5583,9.53809],[-82.5517,9.54288],[-82.55122,9.55139],[-82.56503,9.56216],[-82.56287,9.57105],[-82.55583,9.56619],[-82.51883,9.53479],[-82.52845,9.5377],[-82.52946,9.5319],[-82.52424,9.52651],[-82.52348,9.53103],[-82.50839,9.52272],[-82.50977,9.5124],[-82.52206,9.5032],[-82.51015,9.50879],[-82.50293,9.52094],[-82.45864,9.48299],[-82.44726,9.46448],[-82.44736,9.45494],[-82.45845,9.43866],[-82.47377,9.4395],[-82.47712,9.43498],[-82.48464,9.43263],[-82.48693,9.42205],[-82.49265,9.42344],[-82.50067,9.41903],[-82.51261,9.41782],[-82.51336,9.41266],[-82.52008,9.40645],[-82.5234,9.39278],[-82.52779,9.38915],[-82.52408,9.37241],[-82.53083,9.37174],[-82.53739,9.36025],[-82.52452,9.3527],[-82.53545,9.36025],[-82.53236,9.36697],[-82.52355,9.36984],[-82.52299,9.38917],[-82.51774,9.40465],[-82.50793,9.41681],[-82.49316,9.42241],[-82.48924,9.41586],[-82.48639,9.4169],[-82.48308,9.43263],[-82.45689,9.4379],[-82.44413,9.45856],[-82.44926,9.47375],[-82.38414,9.41822],[-82.36571,9.4152],[-82.35509,9.42232],[-82.35202,9.43393],[-82.34202,9.43114],[-82.34392,9.41902],[-82.35014,9.41667],[-82.35668,9.39629],[-82.35404,9.38496],[-82.3614,9.3754],[-82.36556,9.37796],[-82.37111,9.37021],[-82.37837,9.36992],[-82.38865,9.34282],[-82.38563,9.33381],[-82.37834,9.32727],[-82.3479,9.3069],[-82.34436,9.29712],[-82.35693,9.29372],[-82.35728,9.28315],[-82.36363,9.28132],[-82.37634,9.28205],[-82.38336,9.28524],[-82.38363,9.28846],[-82.39739,9.28957],[-82.39565,9.27733],[-82.39862,9.27372],[-82.39471,9.26806],[-82.39754,9.26341],[-82.39093,9.26292],[-82.38662,9.2574],[-82.3765,9.25499],[-82.37225,9.25045],[-82.36234,9.24873],[-82.36128,9.24588],[-82.36773,9.24308],[-82.36745,9.22843],[-82.36389,9.22758],[-82.36404,9.22114],[-82.35782,9.21534],[-82.35184,9.21459],[-82.35559,9.21073],[-82.3537,9.20758],[-82.31958,9.18957],[-82.31245,9.18865],[-82.30678,9.19319],[-82.31122,9.20543],[-82.3041,9.20134],[-82.28309,9.19913],[-82.28159,9.20138],[-82.2929,9.21345],[-82.29084,9.22667],[-82.27333,9.20222],[-82.27333,9.19357],[-82.28051,9.19452],[-82.27888,9.18686],[-82.27201,9.18391],[-82.268,9.18623],[-82.25813,9.18011],[-82.24931,9.18728],[-82.24826,9.19346],[-82.25385,9.19753],[-82.25375,9.20201],[-82.24921,9.20038],[-82.24789,9.20328],[-82.25005,9.2103],[-82.25412,9.21231],[-82.25148,9.21758],[-82.24495,9.21397],[-82.24735,9.21038],[-82.24219,9.19983],[-82.24555,9.19887],[-82.24111,9.19288],[-82.23069,9.19037],[-82.22134,9.19791],[-82.22566,9.20367],[-82.22362,9.20582],[-82.22961,9.2087],[-82.22889,9.21649],[-82.21945,9.22437],[-82.21685,9.22438],[-82.21813,9.21999],[-82.20979,9.20855],[-82.20319,9.2118],[-82.20334,9.21798],[-82.19867,9.21697],[-82.19853,9.21284],[-82.20589,9.2047],[-82.19396,9.20564],[-82.19385,9.1986],[-82.18689,9.18634],[-82.1831,9.18781],[-82.18118,9.18481],[-82.18375,9.17552],[-82.17123,9.15675],[-82.17497,9.149],[-82.18521,9.14846],[-82.19584,9.16213],[-82.20332,9.16246],[-82.20614,9.16932],[-82.21865,9.16609],[-82.23776,9.17343],[-82.25737,9.16674],[-82.25438,9.1548],[-82.27205,9.15028],[-82.27608,9.15278],[-82.27181,9.14552],[-82.27496,9.14048],[-82.26708,9.12974],[-82.26978,9.11955],[-82.25686,9.11223],[-82.27281,9.11612],[-82.28094,9.10753],[-82.2747,9.09863],[-82.27057,9.09977],[-82.26921,9.09488],[-82.2583,9.0913],[-82.25398,9.08611],[-82.24587,9.08728],[-82.2444,9.08489],[-82.24992,9.04427],[-82.24714,9.03133],[-82.25223,9.03109],[-82.25428,9.0222],[-82.2654,9.01546],[-82.26448,9.01185],[-82.25571,9.01274],[-82.24775,9.0083],[-82.24304,8.99749],[-82.23658,9.00099],[-82.22076,8.99886],[-82.21451,8.99063],[-82.20206,8.9899],[-82.18962,8.99019],[-82.18457,8.99227],[-82.18368,8.99846],[-82.18031,8.99873],[-82.16267,8.9926],[-82.16292,8.99028],[-82.16681,8.9913],[-82.16732,8.98769],[-82.15852,8.99326],[-82.16057,8.98565],[-82.15331,8.9849],[-82.15177,8.98928],[-82.14761,8.98646],[-82.13413,8.98715],[-82.13036,8.98136],[-82.1311,8.9695],[-82.12421,8.96308],[-82.12757,8.96152],[-82.12678,8.95766],[-82.12134,8.95896],[-82.11484,8.95203],[-82.10856,8.93194],[-82.09705,8.93157],[-82.09714,8.92708],[-82.08674,8.92748],[-82.07665,8.92288],[-82.06914,8.92574],[-82.06333,8.9331],[-82.06322,8.938],[-82.06011,8.93865],[-82.05815,8.93183],[-82.06129,8.9274],[-82.05699,8.93441],[-82.04999,8.93611],[-82.03578,8.93617],[-82.0321,8.93178],[-82.03886,8.93923],[-82.05103,8.93713],[-82.05234,8.94125],[-82.0342,8.9444],[-82.00702,8.95762],[-81.99691,8.95661],[-81.98106,8.94119],[-81.97341,8.94186],[-81.97263,8.93954],[-81.97365,8.9349],[-81.98183,8.93861],[-81.98571,8.93615],[-81.98413,8.92933],[-81.99216,8.92531],[-81.99549,8.91969],[-81.98879,8.92674],[-81.97998,8.92753],[-81.9774,8.9305],[-81.96262,8.93067],[-81.95745,8.93481],[-81.94476,8.93703],[-81.92523,8.95513],[-81.92203,8.9724],[-81.93073,8.97805],[-81.92415,8.98889],[-81.91935,8.98942],[-81.91428,8.98299],[-81.90132,8.98109],[-81.89547,8.97608],[-81.90001,8.97658],[-81.89687,8.96679],[-81.90035,8.95596],[-81.86809,8.96325],[-81.8691,8.95204],[-81.86264,8.96275],[-81.8655,8.96481],[-81.86291,8.96546],[-81.85175,8.96071],[-81.83412,8.96127],[-81.81257,8.94585],[-81.81283,8.94379],[-81.82087,8.94493],[-81.82477,8.95356],[-81.82996,8.95393],[-81.82943,8.95071],[-81.82294,8.94608],[-81.82021,8.93913],[-81.81411,8.93992],[-81.8114,8.93709],[-81.80942,8.92872],[-81.80555,8.93569],[-81.78432,8.94462],[-81.77501,8.95727],[-81.76922,8.97817],[-81.77636,8.9851],[-81.77366,8.99594],[-81.77614,9.00212],[-81.79302,9.01343],[-81.82804,9.02315],[-81.84129,9.03523],[-81.84339,9.04244],[-81.85273,9.04757],[-81.8556,9.05376],[-81.85923,9.05297],[-81.86468,9.05786],[-81.86146,9.0656],[-81.86446,9.07384],[-81.8611,9.07656],[-81.86862,9.07551],[-81.87552,9.08876],[-81.88838,9.09659],[-81.88865,9.10162],[-81.89488,9.10289],[-81.90034,9.11087],[-81.94683,9.13704],[-81.94375,9.14736],[-81.93986,9.14918],[-81.93673,9.14209],[-81.92843,9.14353],[-81.92249,9.14961],[-81.91533,9.14176],[-81.90456,9.13805],[-81.90172,9.14154],[-81.90522,9.14411],[-81.90199,9.14618],[-81.89211,9.13937],[-81.88018,9.1376],[-81.87629,9.14044],[-81.87735,9.14572],[-81.8802,9.14597],[-81.87865,9.14881],[-81.87242,9.14754],[-81.86816,9.15399],[-81.89268,9.15793],[-81.89437,9.16166],[-81.90565,9.15867],[-81.91565,9.1647],[-81.91839,9.17114],[-81.91972,9.18389],[-81.91039,9.18546],[-81.90441,9.1829],[-81.89301,9.18602],[-81.88651,9.18191],[-81.88003,9.18283],[-81.86492,9.15761],[-81.85557,9.1499],[-81.85348,9.14269],[-81.83479,9.13616],[-81.82944,9.12676],[-81.82179,9.12459],[-81.82437,9.12007],[-81.83215,9.11902],[-81.83241,9.11644],[-81.83656,9.11644],[-81.83579,9.1203],[-81.8573,9.11613],[-81.85548,9.11291],[-81.84329,9.11152],[-81.83899,9.10457],[-81.84015,9.10045],[-81.83587,9.09968],[-81.83703,9.0971],[-81.82925,9.09673],[-81.83106,9.09016],[-81.82662,9.08308],[-81.82672,9.06619],[-81.82346,9.06182],[-81.81504,9.06235],[-81.8087,9.06804],[-81.80623,9.06469],[-81.79442,9.06356],[-81.78756,9.06705],[-81.7799,9.06282],[-81.76097,9.06324],[-81.76135,9.05654],[-81.7529,9.04729],[-81.73616,9.04139],[-81.73161,9.03535],[-81.7228,9.03768],[-81.71512,9.0221],[-81.71407,9.01462],[-81.71717,9.00998],[-81.71275,9.0007],[-81.71843,8.99322],[-81.71114,8.97622],[-81.71152,8.97209],[-81.72537,8.95841],[-81.71914,8.95378],[-81.72028,8.94295],[-81.71613,8.94167],[-81.72092,8.9365],[-81.70964,8.93472],[-81.70963,8.9306],[-81.70108,8.93345],[-81.70239,8.9404],[-81.71964,8.94579],[-81.71927,8.95507],[-81.72394,8.96047],[-81.70997,8.97184],[-81.7157,8.9873],[-81.71546,8.99657],[-81.71235,8.99722],[-81.70077,8.97727],[-81.7104,8.99375],[-81.71444,9.00689],[-81.71406,9.01179],[-81.71173,9.01127],[-81.65182,8.93251],[-81.6126,8.88759],[-81.57159,8.84603],[-81.51685,8.80654],[-81.4961,8.79909],[-81.47825,8.80865],[-81.4676,8.80428],[-81.45595,8.80584],[-81.42328,8.79454],[-81.41628,8.79609],[-81.41059,8.80306],[-81.39193,8.8005],[-81.38597,8.79896],[-81.38506,8.79239],[-81.38234,8.79871],[-81.34941,8.78263],[-81.34656,8.78482],[-81.3349,8.78277],[-81.33024,8.78613],[-81.29188,8.78165],[-81.288,8.79132],[-81.28489,8.79235],[-81.26831,8.79107],[-81.23488,8.79574],[-81.21259,8.78879],[-81.21648,8.78634]],[[-78.21014,8.046],[-78.21355,8.04404],[-78.21216,8.03926],[-78.20375,8.04209],[-78.20709,8.02602],[-78.20477,8.02428],[-78.20306,8.04322],[-78.21202,8.04067],[-78.21014,8.046]],[[-78.2155,8.04925],[-78.21573,8.04714],[-78.20954,8.0466],[-78.2155,8.04925]],[[-78.21509,8.0507],[-78.21537,8.05044],[-78.2154,8.05019],[-78.21509,8.0507]],[[-78.23187,8.05724],[-78.23211,8.05626],[-78.23083,8.0573],[-78.23187,8.05724]],[[-79.02216,9.12267],[-79.02034,9.12386],[-79.02051,9.14035],[-79.02216,9.12267]],[[-80.39523,7.97602],[-80.39249,7.97619],[-80.39424,7.9779],[-80.39523,7.97602]],[[-80.56656,8.13152],[-80.56932,8.13439],[-80.5731,8.13267],[-80.57716,8.13827],[-80.58379,8.13028],[-80.59755,8.1339],[-80.59754,8.13747],[-80.58952,8.1372],[-80.58629,8.14094],[-80.58879,8.14521],[-80.59533,8.14201],[-80.58796,8.14416],[-80.5884,8.13903],[-80.59864,8.13689],[-80.596,8.13179],[-80.58488,8.1292],[-80.57788,8.1377],[-80.57388,8.13216],[-80.56656,8.13152]],[[-81.99595,8.91893],[-82.00223,8.91278],[-82.00871,8.91186],[-82.0087,8.90722],[-82.01568,8.90012],[-82.01204,8.89755],[-82.00806,8.91135],[-82.00094,8.91266],[-81.99595,8.91893]]],[[[-77.6849,8.89511],[-77.68015,8.90421],[-77.67409,8.90197],[-77.6849,8.89511]]],[[[-77.68824,8.89733],[-77.69082,8.89825],[-77.69155,8.90302],[-77.68824,8.89733]]],[[[-77.69315,8.92659],[-77.69391,8.92891],[-77.69028,8.92991],[-77.69315,8.92659]]],[[[-77.70593,8.91589],[-77.70889,8.91746],[-77.70999,8.92532],[-77.71826,8.92629],[-77.7084,8.9293],[-77.70639,8.92284],[-77.69783,8.92495],[-77.69786,8.92071],[-77.70408,8.92051],[-77.70593,8.91589]]],[[[-77.71717,8.93285],[-77.72177,8.93906],[-77.7197,8.93918],[-77.71717,8.93285]]],[[[-77.7262,8.93627],[-77.72822,8.94182],[-77.73339,8.94226],[-77.73723,8.94679],[-77.73489,8.94845],[-77.72612,8.94438],[-77.7262,8.93627]]],[[[-77.74591,8.96103],[-77.74585,8.96733],[-77.75593,8.96987],[-77.75975,8.97659],[-77.75585,8.97875],[-77.74944,8.9711],[-77.744,8.97156],[-77.74134,8.96536],[-77.74591,8.96103]]],[[[-77.7531,8.99648],[-77.75917,8.99847],[-77.7631,9.00738],[-77.75994,9.01379],[-77.74755,9.00892],[-77.74609,8.99912],[-77.7531,8.99648]]],[[[-77.75228,8.94332],[-77.7516,8.94718],[-77.74954,8.94613],[-77.75228,8.94332]]],[[[-77.77767,8.99901],[-77.78179,9.00227],[-77.77712,9.003],[-77.77767,8.99901]]],[[[-77.83149,8.15074],[-77.83584,8.15121],[-77.83464,8.15481],[-77.83025,8.15452],[-77.83149,8.15074]]],[[[-77.84916,9.08484],[-77.85609,9.09236],[-77.85246,9.09297],[-77.84916,9.08484]]],[[[-77.88226,9.12064],[-77.88608,9.12776],[-77.88234,9.12592],[-77.88226,9.12064]]],[[[-77.92623,9.12797],[-77.92902,9.13494],[-77.93316,9.13588],[-77.93131,9.13908],[-77.92476,9.13323],[-77.92623,9.12797]]],[[[-77.93391,9.13872],[-77.93594,9.14375],[-77.93283,9.14309],[-77.93391,9.13872]]],[[[-77.94084,9.1465],[-77.9434,9.14935],[-77.94107,9.14985],[-77.94084,9.1465]]],[[[-77.97676,9.18722],[-77.97465,9.19106],[-77.97312,9.18899],[-77.97676,9.18722]]],[[[-77.99996,8.22828],[-78.01337,8.2316],[-78.01541,8.23522],[-77.99838,8.23226],[-77.9953,8.22915],[-77.99996,8.22828]]],[[[-78.04177,8.40766],[-78.04536,8.41181],[-78.04431,8.41412],[-78.04177,8.40766]]],[[[-78.08186,8.33651],[-78.08287,8.33974],[-78.07964,8.33971],[-78.08186,8.33651]]],[[[-78.08969,8.32614],[-78.09434,8.32682],[-78.09762,8.33779],[-78.09322,8.33878],[-78.08576,8.33435],[-78.08969,8.32614]]],[[[-78.10897,8.34186],[-78.11206,8.34265],[-78.10903,8.35126],[-78.10505,8.34711],[-78.10897,8.34186]]],[[[-78.11706,9.26638],[-78.12402,9.27146],[-78.11726,9.27385],[-78.11859,9.27013],[-78.11107,9.27071],[-78.11057,9.26787],[-78.11706,9.26638]]],[[[-78.13234,8.5372],[-78.13826,8.54188],[-78.13798,8.54509],[-78.1346,8.54661],[-78.13234,8.5372]]],[[[-78.13958,8.43387],[-78.1411,8.43775],[-78.13928,8.43825],[-78.13958,8.43387]]],[[[-78.15329,8.43294],[-78.15401,8.44067],[-78.14767,8.4414],[-78.14655,8.43495],[-78.15329,8.43294]]],[[[-78.15935,8.4178],[-78.16501,8.42144],[-78.16128,8.43686],[-78.15226,8.43139],[-78.15153,8.42598],[-78.15105,8.42005],[-78.15906,8.42101],[-78.15935,8.4178]]],[[[-78.16888,7.52191],[-78.17066,7.5254],[-78.16627,7.52525],[-78.16888,7.52191]]],[[[-78.17249,9.30326],[-78.17376,9.30674],[-78.1709,9.30788],[-78.17249,9.30326]]],[[[-78.17379,8.45858],[-78.17946,8.46146],[-78.17401,8.46361],[-78.17379,8.45858]]],[[[-78.1789,8.32331],[-78.18788,8.33354],[-78.18656,8.33791],[-78.18294,8.33763],[-78.17758,8.32781],[-78.1789,8.32331]]],[[[-78.18123,8.46611],[-78.18225,8.4692],[-78.17783,8.47149],[-78.17761,8.46711],[-78.18123,8.46611]]],[[[-78.18772,8.39225],[-78.18614,8.39546],[-78.18357,8.39377],[-78.18772,8.39225]]],[[[-78.1869,8.46949],[-78.18609,8.47464],[-78.18441,8.47385],[-78.1869,8.46949]]],[[[-78.19036,8.38364],[-78.18982,8.38776],[-78.18645,8.38838],[-78.19036,8.38364]]],[[[-78.19122,8.40798],[-78.19248,8.4125],[-78.18756,8.41439],[-78.19122,8.40798]]],[[[-78.18998,8.29236],[-78.19282,8.29264],[-78.18996,8.29609],[-78.18998,8.29236]]],[[[-78.19092,8.41455],[-78.19237,8.41658],[-78.18882,8.41801],[-78.19092,8.41455]]],[[[-78.19527,8.27592],[-78.1994,8.27723],[-78.19754,8.2834],[-78.19345,8.27745],[-78.19527,8.27592]]],[[[-78.19996,8.415],[-78.20331,8.41785],[-78.20045,8.41886],[-78.19996,8.415]]],[[[-78.20539,8.37963],[-78.20691,8.38338],[-78.20458,8.38413],[-78.20539,8.37963]]],[[[-78.20523,8.40242],[-78.21422,8.41111],[-78.21226,8.41277],[-78.20827,8.41145],[-78.20523,8.40242]]],[[[-78.21057,8.26881],[-78.21185,8.27114],[-78.2069,8.276],[-78.20578,8.27033],[-78.21057,8.26881]]],[[[-78.2137,8.3381],[-78.21757,8.33903],[-78.21806,8.3438],[-78.21265,8.34093],[-78.2137,8.3381]]],[[[-78.21823,8.39273],[-78.22092,8.39635],[-78.21997,8.40252],[-78.21613,8.39657],[-78.21823,8.39273]]],[[[-78.25937,8.38902],[-78.26202,8.39741],[-78.25953,8.4028],[-78.25349,8.39761],[-78.25755,8.40845],[-78.25687,8.41282],[-78.25077,8.41664],[-78.2427,8.40629],[-78.24557,8.40193],[-78.24384,8.39059],[-78.23962,8.38995],[-78.23526,8.39774],[-78.22588,8.38943],[-78.22616,8.38609],[-78.23637,8.38719],[-78.24881,8.38315],[-78.25133,8.39167],[-78.25494,8.39285],[-78.25937,8.38902]]],[[[-78.22794,8.40786],[-78.23026,8.40929],[-78.2301,8.41392],[-78.22794,8.40786]]],[[[-78.23518,8.40842],[-78.23695,8.41474],[-78.23215,8.416],[-78.23077,8.40981],[-78.23518,8.40842]]],[[[-78.23952,8.41605],[-78.23988,8.41992],[-78.23691,8.41964],[-78.23952,8.41605]]],[[[-78.24441,8.49295],[-78.24956,8.4953],[-78.24335,8.49642],[-78.24143,8.49383],[-78.24441,8.49295]]],[[[-78.24495,8.41635],[-78.25249,8.42927],[-78.24447,8.42948],[-78.24274,8.41762],[-78.24495,8.41635]]],[[[-78.24542,9.32533],[-78.24876,9.32947],[-78.24668,9.32972],[-78.24542,9.32533]]],[[[-78.27611,8.47231],[-78.27919,8.47543],[-78.27454,8.47539],[-78.27611,8.47231]]],[[[-78.28333,8.47584],[-78.28718,8.48025],[-78.28289,8.48279],[-78.28402,8.48795],[-78.28104,8.48844],[-78.27757,8.48507],[-78.28303,8.48189],[-78.28333,8.47584]]],[[[-78.28611,8.44792],[-78.28738,8.45166],[-78.28491,8.45319],[-78.28611,8.44792]]],[[[-78.28761,8.45501],[-78.28965,8.45915],[-78.28707,8.45861],[-78.28761,8.45501]]],[[[-78.28875,8.4406],[-78.29169,8.445],[-78.297,8.44426],[-78.29294,8.45067],[-78.28875,8.4406]]],[[[-78.30477,8.06113],[-78.30887,8.06579],[-78.30731,8.06719],[-78.30477,8.06113]]],[[[-78.31692,8.05966],[-78.32027,8.06174],[-78.31896,8.06431],[-78.31692,8.05966]]],[[[-78.33895,8.47365],[-78.34252,8.48166],[-78.33837,8.48279],[-78.33807,8.4891],[-78.34325,8.48849],[-78.34452,8.49197],[-78.3409,8.49117],[-78.34189,8.49762],[-78.33773,8.50029],[-78.33215,8.48468],[-78.33895,8.47365]]],[[[-78.33458,8.46937],[-78.33767,8.47184],[-78.33481,8.47426],[-78.33458,8.46937]]],[[[-78.33395,8.33507],[-78.3546,8.341],[-78.35638,8.34526],[-78.34062,8.34258],[-78.33395,8.33507]]],[[[-78.33669,8.5017],[-78.34004,8.50404],[-78.33872,8.50687],[-78.33669,8.5017]]],[[[-78.36421,8.48747],[-78.36496,8.49108],[-78.36237,8.49081],[-78.36084,8.48796],[-78.36421,8.48747]]],[[[-78.36335,8.46094],[-78.37084,8.46241],[-78.36433,8.46957],[-78.36111,8.46788],[-78.36335,8.46094]]],[[[-78.37339,8.44993],[-78.37009,8.45918],[-78.36492,8.45863],[-78.36469,8.45528],[-78.37339,8.44993]]],[[[-78.38343,8.51361],[-78.38651,8.51775],[-78.38005,8.51668],[-78.38343,8.51361]]],[[[-78.39234,8.53466],[-78.3936,8.54072],[-78.39051,8.53761],[-78.39234,8.53466]]],[[[-78.3986,8.48989],[-78.4035,8.49108],[-78.40399,8.49495],[-78.3986,8.48989]]],[[[-78.4397,8.5333],[-78.44406,8.53861],[-78.43734,8.53766],[-78.4397,8.5333]]],[[[-78.45133,8.41722],[-78.46034,8.42372],[-78.46159,8.42965],[-78.45133,8.41722]]],[[[-78.49983,8.55649],[-78.50536,8.56155],[-78.49967,8.56048],[-78.49983,8.55649]]],[[[-78.53939,8.64109],[-78.53857,8.64727],[-78.53238,8.6444],[-78.52717,8.64913],[-78.52305,8.64614],[-78.52359,8.64292],[-78.53886,8.64354],[-78.53939,8.64109]]],[[[-78.57036,8.69564],[-78.57499,8.70005],[-78.57098,8.69899],[-78.57036,8.69564]]],[[[-78.57129,9.44283],[-78.57801,9.44635],[-78.57334,9.44632],[-78.57129,9.44283]]],[[[-78.59116,8.68135],[-78.59865,8.68371],[-78.59838,8.68538],[-78.59116,8.68135]]],[[[-78.60187,8.74645],[-78.60805,8.75125],[-78.60288,8.75071],[-78.60187,8.74645]]],[[[-78.60854,8.67553],[-78.6111,8.68018],[-78.60761,8.67939],[-78.60854,8.67553]]],[[[-78.6109,9.45353],[-78.61347,9.45703],[-78.60959,9.45649],[-78.6109,9.45353]]],[[[-78.63211,8.63176],[-78.63388,8.6386],[-78.62558,8.64061],[-78.63211,8.63176]]],[[[-78.63223,8.65365],[-78.63789,8.65871],[-78.63166,8.66151],[-78.63223,8.65365]]],[[[-78.66297,8.70562],[-78.67585,8.71587],[-78.67583,8.71935],[-78.66243,8.70961],[-78.66297,8.70562]]],[[[-78.67643,9.58444],[-78.67429,9.58803],[-78.6714,9.58622],[-78.67229,9.58313],[-78.67643,9.58444]]],[[[-78.69173,9.5866],[-78.69392,9.5895],[-78.68898,9.59249],[-78.68452,9.58896],[-78.69019,9.58285],[-78.69381,9.58507],[-78.69173,9.5866]]],[[[-78.7078,9.58902],[-78.70014,9.59445],[-78.69639,9.58637],[-78.70082,9.58524],[-78.7078,9.58902]]],[[[-78.71836,9.44511],[-78.71833,9.44923],[-78.71574,9.44818],[-78.71836,9.44511]]],[[[-78.72488,9.47966],[-78.73172,9.48383],[-78.73132,9.48679],[-78.72588,9.48431],[-78.72488,9.47966]]],[[[-78.74518,9.58875],[-78.7532,9.59267],[-78.74384,9.59441],[-78.74518,9.58875]]],[[[-78.75213,8.77429],[-78.75419,8.77688],[-78.75082,8.77763],[-78.75213,8.77429]]],[[[-78.77594,8.19289],[-78.77591,8.19843],[-78.77281,8.19686],[-78.77594,8.19289]]],[[[-78.81019,8.35859],[-78.81039,8.36838],[-78.80754,8.36914],[-78.80381,8.36474],[-78.81019,8.35859]]],[[[-78.82488,8.36795],[-78.83441,8.37573],[-78.83069,8.3922],[-78.82679,8.39578],[-78.82008,8.39265],[-78.82011,8.38827],[-78.81352,8.38643],[-78.81472,8.3809],[-78.81007,8.37972],[-78.8135,8.36801],[-78.81995,8.37011],[-78.82488,8.36795]]],[[[-78.82397,9.56466],[-78.8289,9.56559],[-78.82212,9.57006],[-78.82006,9.56772],[-78.82397,9.56466]]],[[[-78.93053,8.44555],[-78.92716,8.44656],[-78.92738,8.45455],[-78.92168,8.45426],[-78.92051,8.45683],[-78.92787,8.45854],[-78.92992,8.46332],[-78.92371,8.462],[-78.92422,8.46432],[-78.92059,8.46494],[-78.92191,8.46096],[-78.91958,8.45992],[-78.91307,8.468],[-78.90557,8.46757],[-78.90459,8.45777],[-78.89941,8.45839],[-78.90357,8.45442],[-78.90336,8.44643],[-78.89865,8.45465],[-78.89778,8.44924],[-78.89298,8.45153],[-78.89483,8.46803],[-78.89208,8.47317],[-78.88794,8.47314],[-78.88241,8.46744],[-78.88334,8.46281],[-78.87661,8.46329],[-78.87275,8.46018],[-78.87769,8.45505],[-78.87188,8.45373],[-78.87062,8.44729],[-78.86168,8.4493],[-78.8599,8.44323],[-78.86212,8.44003],[-78.85944,8.43383],[-78.86077,8.42662],[-78.86824,8.40966],[-78.86451,8.40578],[-78.86751,8.40116],[-78.86454,8.40037],[-78.8536,8.41319],[-78.84886,8.41204],[-78.84718,8.40478],[-78.84459,8.40489],[-78.84288,8.41133],[-78.83685,8.4015],[-78.83687,8.39841],[-78.84218,8.39767],[-78.83689,8.39378],[-78.84109,8.38311],[-78.84795,8.38199],[-78.84947,8.38766],[-78.85918,8.38668],[-78.85765,8.38191],[-78.86,8.3787],[-78.85354,8.37712],[-78.85179,8.36603],[-78.84713,8.36678],[-78.83836,8.36184],[-78.8424,8.35619],[-78.84128,8.3482],[-78.84595,8.34552],[-78.84442,8.34307],[-78.83121,8.3448],[-78.83331,8.34017],[-78.84277,8.33687],[-78.84552,8.33045],[-78.84429,8.31872],[-78.85287,8.31014],[-78.85952,8.30802],[-78.85684,8.29431],[-78.88344,8.30077],[-78.89821,8.29544],[-78.89555,8.31049],[-78.89086,8.31704],[-78.89499,8.31783],[-78.91154,8.29525],[-78.91501,8.29862],[-78.91735,8.29592],[-78.92121,8.30019],[-78.92562,8.2979],[-78.92123,8.29684],[-78.92177,8.29221],[-78.91791,8.2891],[-78.92169,8.2819],[-78.91954,8.27416],[-78.92218,8.26336],[-78.91127,8.24836],[-78.91006,8.23212],[-78.90659,8.22747],[-78.89779,8.22922],[-78.89703,8.22651],[-78.8977,8.22252],[-78.90559,8.22089],[-78.92518,8.23284],[-78.92297,8.23605],[-78.92734,8.23994],[-78.92382,8.24662],[-78.93265,8.26341],[-78.93212,8.2665],[-78.92188,8.2716],[-78.92896,8.27653],[-78.92451,8.28656],[-78.9324,8.2875],[-78.93342,8.2906],[-78.94044,8.28329],[-78.96366,8.2932],[-78.97135,8.30818],[-78.96513,8.30995],[-78.96427,8.32682],[-78.95582,8.30939],[-78.95232,8.31092],[-78.95511,8.3215],[-78.93457,8.31675],[-78.9326,8.32344],[-78.93336,8.32705],[-78.93713,8.32243],[-78.94903,8.32249],[-78.95479,8.33386],[-78.95687,8.33155],[-78.95723,8.33774],[-78.95178,8.3399],[-78.9425,8.33496],[-78.93678,8.33892],[-78.94558,8.33935],[-78.95609,8.35641],[-78.95868,8.35629],[-78.9524,8.34518],[-78.95398,8.34004],[-78.95677,8.35113],[-78.97156,8.36795],[-78.96454,8.37384],[-78.95811,8.39107],[-78.96797,8.41045],[-78.96199,8.41737],[-78.9701,8.42385],[-78.96619,8.43028],[-78.97331,8.42928],[-78.97183,8.43906],[-78.97503,8.44552],[-78.97239,8.45556],[-78.96308,8.45486],[-78.95711,8.45818],[-78.95182,8.45674],[-78.94939,8.4517],[-78.93202,8.45792],[-78.9287,8.44966],[-78.93053,8.44555]]],[[[-78.84845,8.26761],[-78.85176,8.2769],[-78.84138,8.28302],[-78.83885,8.27271],[-78.84172,8.26873],[-78.84844,8.26967],[-78.84845,8.26761]]],[[[-78.85069,8.42464],[-78.85416,8.42865],[-78.85298,8.43173],[-78.85069,8.42464]]],[[[-78.86268,8.4086],[-78.85809,8.42094],[-78.85838,8.41399],[-78.86268,8.4086]]],[[[-78.87888,9.58226],[-78.88146,9.58446],[-78.87652,9.58572],[-78.87888,9.58226]]],[[[-79.0081,8.45703],[-79.01375,8.46491],[-79.0215,8.46689],[-79.02045,8.46971],[-79.01113,8.47121],[-79.00986,8.46554],[-79.00102,8.47477],[-78.98599,8.47933],[-78.98206,8.48768],[-78.97585,8.48765],[-78.98083,8.47634],[-78.99366,8.47164],[-78.98825,8.46723],[-78.99511,8.46572],[-78.99513,8.4625],[-78.9871,8.46413],[-78.98454,8.4591],[-78.97417,8.46188],[-78.98068,8.45431],[-78.97646,8.44553],[-78.98101,8.44156],[-78.97954,8.44915],[-78.98614,8.4488],[-78.98997,8.45938],[-79.00471,8.46152],[-79.0081,8.45703]]],[[[-79.00669,8.47802],[-79.01001,8.48667],[-79.00637,8.49],[-79.00146,8.48894],[-79.00019,8.48443],[-79.00669,8.47802]]],[[[-79.01866,8.51673],[-79.02381,8.52113],[-79.01579,8.52173],[-79.01411,8.51967],[-79.01866,8.51673]]],[[[-79.03024,8.58029],[-79.03639,8.59166],[-79.0255,8.59586],[-79.02371,8.59121],[-79.01712,8.58873],[-79.0222,8.5827],[-79.03024,8.58029]]],[[[-79.02334,8.56287],[-79.02774,8.56328],[-79.02523,8.57254],[-79.03002,8.57153],[-79.03,8.5763],[-79.02534,8.57627],[-79.01801,8.56709],[-79.02334,8.56287]]],[[[-79.0218,8.50888],[-79.02592,8.51393],[-79.02204,8.51249],[-79.0218,8.50888]]],[[[-79.02733,8.49075],[-79.03169,8.49953],[-79.04306,8.50229],[-79.03028,8.52258],[-79.02654,8.5187],[-79.03319,8.50997],[-79.03349,8.50108],[-79.02304,8.49549],[-79.02733,8.49075]]],[[[-79.0448,8.61721],[-79.04464,8.62417],[-79.03386,8.63158],[-79.03,8.62602],[-79.0448,8.61721]]],[[[-79.03566,8.53188],[-79.03408,8.53845],[-79.03007,8.53778],[-79.03566,8.53188]]],[[[-79.04924,8.50915],[-79.04777,8.51829],[-79.05099,8.52114],[-79.04502,8.52356],[-79.04496,8.51785],[-79.04038,8.5198],[-79.04053,8.51671],[-79.04223,8.51234],[-79.04924,8.50915]]],[[[-79.05171,8.48018],[-79.0535,8.48431],[-79.04883,8.48789],[-79.04781,8.4848],[-79.05171,8.48018]]],[[[-79.0495,8.66065],[-79.05867,8.66443],[-79.058,8.66855],[-79.05127,8.66877],[-79.0495,8.66065]]],[[[-79.06051,8.47996],[-79.06179,8.48332],[-79.06814,8.48155],[-79.06795,8.49443],[-79.05677,8.50326],[-79.05511,8.50003],[-79.05875,8.49644],[-79.05825,8.49232],[-79.05421,8.49745],[-79.05085,8.49692],[-79.0562,8.4887],[-79.05375,8.4874],[-79.06051,8.47996]]],[[[-79.06428,8.60623],[-79.06965,8.61747],[-79.06672,8.63433],[-79.06258,8.63456],[-79.05883,8.63351],[-79.05952,8.62553],[-79.05254,8.62382],[-79.05229,8.6206],[-79.06428,8.60623]]],[[[-79.06355,8.59657],[-79.06067,8.60158],[-79.06057,8.59771],[-79.06355,8.59657]]],[[[-79.11996,8.25248],[-79.11981,8.25789],[-79.13039,8.26194],[-79.13037,8.26619],[-79.12623,8.26746],[-79.1241,8.28007],[-79.12886,8.28628],[-79.12921,8.29401],[-79.12167,8.30196],[-79.11982,8.30968],[-79.11281,8.3148],[-79.10453,8.31502],[-79.08385,8.28607],[-79.08405,8.27086],[-79.07785,8.26877],[-79.07608,8.26168],[-79.06922,8.26255],[-79.06808,8.25752],[-79.08103,8.25397],[-79.08644,8.25915],[-79.09135,8.25918],[-79.10276,8.25395],[-79.10692,8.24856],[-79.10617,8.24263],[-79.09909,8.23693],[-79.10029,8.22766],[-79.10572,8.22961],[-79.11104,8.2241],[-79.10878,8.21172],[-79.12004,8.20752],[-79.12236,8.21114],[-79.12933,8.21233],[-79.13046,8.22058],[-79.12655,8.22675],[-79.13368,8.22292],[-79.13224,8.22703],[-79.1376,8.24278],[-79.14356,8.2392],[-79.14222,8.24898],[-79.13977,8.2482],[-79.13846,8.2518],[-79.1281,8.25355],[-79.12421,8.25753],[-79.11996,8.25248]]],[[[-79.11926,8.42717],[-79.11395,8.42689],[-79.11541,8.4202],[-79.11283,8.41787],[-79.10108,8.41343],[-79.10228,8.40545],[-79.09581,8.40722],[-79.09455,8.39923],[-79.08949,8.40281],[-79.08954,8.41775],[-79.08232,8.41308],[-79.08665,8.40099],[-79.08111,8.3971],[-79.08535,8.37677],[-79.09504,8.37836],[-79.10779,8.38976],[-79.11349,8.38927],[-79.12041,8.40244],[-79.12664,8.39938],[-79.13051,8.4012],[-79.1271,8.41136],[-79.12888,8.41666],[-79.11926,8.42717]]],[[[-79.115,9.01847],[-79.1044,9.01275],[-79.10908,9.00968],[-79.11606,9.01307],[-79.11532,9.00572],[-79.12164,9.01072],[-79.1215,9.01766],[-79.115,9.01847]]],[[[-79.10713,8.42042],[-79.10892,8.4239],[-79.10556,8.42299],[-79.10713,8.42042]]],[[[-79.11037,8.44465],[-79.10649,8.44566],[-79.10781,8.4391],[-79.11037,8.44465]]],[[[-79.1296,9.00206],[-79.13786,9.00764],[-79.11871,9.00174],[-79.11899,8.99749],[-79.1296,9.00206]]],[[[-79.12032,9.04117],[-79.11917,9.03859],[-79.12475,9.03687],[-79.12716,9.04216],[-79.12564,9.0441],[-79.12032,9.04117]]],[[[-79.12613,9.0716],[-79.12715,9.07341],[-79.12145,9.07454],[-79.12199,9.06875],[-79.12613,9.0716]]],[[[-79.12982,8.95877],[-79.12391,8.94895],[-79.12887,8.94189],[-79.13275,8.94281],[-79.13092,8.94667],[-79.13323,8.95003],[-79.13267,8.95891],[-79.12982,8.95877]]],[[[-79.16839,9.01745],[-79.15312,9.01313],[-79.13264,9.01483],[-79.12428,9.00964],[-79.12517,9.00662],[-79.13862,9.01073],[-79.14459,9.00857],[-79.14976,9.01208],[-79.16343,9.01101],[-79.16839,9.01745]]],[[[-79.13542,9.02914],[-79.13255,9.03058],[-79.13145,9.0282],[-79.13336,9.01939],[-79.13542,9.02914]]],[[[-79.4468,9.01178],[-79.45041,9.01527],[-79.43847,9.01844],[-79.43758,9.01638],[-79.4468,9.01178]]],[[[-79.51136,8.81439],[-79.50985,8.80381],[-79.51544,8.80023],[-79.52178,8.80154],[-79.5228,8.8049],[-79.51136,8.81439]]],[[[-79.53741,8.77996],[-79.53248,8.77994],[-79.53121,8.77426],[-79.53472,8.77015],[-79.53741,8.77996]]],[[[-79.56685,8.80275],[-79.55543,8.79997],[-79.55169,8.8032],[-79.55483,8.79574],[-79.54955,8.78748],[-79.54127,8.78512],[-79.54039,8.77765],[-79.54831,8.77394],[-79.55113,8.7813],[-79.56875,8.78162],[-79.57075,8.79812],[-79.56685,8.80275]]],[[[-79.55828,9.63768],[-79.55596,9.63432],[-79.55805,9.63175],[-79.56833,9.62612],[-79.56939,9.63145],[-79.55828,9.63768]]],[[[-79.57669,8.73629],[-79.57889,8.73579],[-79.57952,8.74017],[-79.57669,8.73629]]],[[[-79.58493,8.98989],[-79.59345,8.99847],[-79.58916,8.99818],[-79.58205,8.99126],[-79.58042,8.98713],[-79.58493,8.98989]]],[[[-79.58199,9.62102],[-79.58072,9.61432],[-79.58738,9.61323],[-79.58822,9.61976],[-79.58199,9.62102]]],[[[-79.59491,8.57374],[-79.5879,8.57836],[-79.58597,8.57397],[-79.59001,8.56819],[-79.59491,8.57374]]],[[[-79.59897,8.59489],[-79.60544,8.59633],[-79.60856,8.5917],[-79.61102,8.59287],[-79.61112,8.60202],[-79.60723,8.60214],[-79.60436,8.60986],[-79.59595,8.60699],[-79.59209,8.60002],[-79.59264,8.59203],[-79.59897,8.59489]]],[[[-79.59968,9.61285],[-79.59969,9.61079],[-79.60488,9.61081],[-79.59968,9.61285]]],[[[-79.72035,9.11415],[-79.72216,9.11097],[-79.72406,9.11555],[-79.72035,9.11415]]],[[[-79.74115,8.66755],[-79.74385,8.674],[-79.73933,8.67012],[-79.74115,8.66755]]],[[[-79.74532,8.7365],[-79.74843,8.73703],[-79.7479,8.73973],[-79.74323,8.74281],[-79.7426,8.73817],[-79.74532,8.7365]]],[[[-79.76197,9.1012],[-79.76206,9.10116],[-79.76263,9.10145],[-79.76197,9.1012]]],[[[-79.79119,9.1257],[-79.78263,9.1267],[-79.78784,9.11911],[-79.79432,9.11939],[-79.8004,9.12521],[-79.7961,9.13229],[-79.79246,9.13253],[-79.78884,9.13136],[-79.79119,9.1257]]],[[[-79.79429,9.10153],[-79.79438,9.10155],[-79.79438,9.10191],[-79.79429,9.10153]]],[[[-79.80106,9.42779],[-79.80502,9.42968],[-79.80131,9.43161],[-79.80106,9.42779]]],[[[-79.85482,9.17616],[-79.84809,9.17356],[-79.84314,9.1787],[-79.84174,9.172],[-79.83343,9.17377],[-79.83593,9.16399],[-79.81908,9.16058],[-79.82534,9.14952],[-79.82654,9.1405],[-79.82913,9.14103],[-79.82847,9.14657],[-79.83911,9.14402],[-79.84719,9.13168],[-79.85157,9.1393],[-79.85978,9.13923],[-79.86712,9.14385],[-79.86929,9.15559],[-79.86562,9.1664],[-79.86884,9.17182],[-79.86183,9.17464],[-79.86224,9.16768],[-79.85927,9.16535],[-79.85482,9.17616]]],[[[-79.83885,9.38049],[-79.84077,9.38952],[-79.83675,9.38899],[-79.83547,9.38151],[-79.83885,9.38049]]],[[[-79.8499,9.17473],[-79.84729,9.18039],[-79.84587,9.17794],[-79.8499,9.17473]]],[[[-79.84871,8.64495],[-79.84993,8.63959],[-79.8539,8.64187],[-79.84871,8.64495]]],[[[-79.85943,9.19473],[-79.86072,9.19886],[-79.85721,9.19988],[-79.85943,9.19473]]],[[[-79.8702,9.39786],[-79.87537,9.40174],[-79.8681,9.40275],[-79.8702,9.39786]]],[[[-79.89281,9.22267],[-79.89629,9.2281],[-79.88785,9.23142],[-79.89281,9.22267]]],[[[-79.89856,9.20723],[-79.89569,9.21263],[-79.89519,9.20734],[-79.89856,9.20723]]],[[[-79.90524,9.22903],[-79.90716,9.23638],[-79.90286,9.24255],[-79.90054,9.23739],[-79.89639,9.23995],[-79.89692,9.23583],[-79.90524,9.22903]]],[[[-79.90739,9.20545],[-79.90465,9.21008],[-79.90453,9.20596],[-79.90739,9.20545]]],[[[-79.91745,9.22481],[-79.91509,9.23176],[-79.91171,9.23252],[-79.91196,9.2382],[-79.90858,9.23896],[-79.90835,9.22852],[-79.91745,9.22481]]],[[[-79.91074,9.21229],[-79.91721,9.21824],[-79.91487,9.22016],[-79.90839,9.21653],[-79.91074,9.21229]]],[[[-79.92698,9.24572],[-79.93111,9.25372],[-79.92682,9.2568],[-79.92698,9.24572]]],[[[-79.93182,9.18851],[-79.93311,9.19199],[-79.93026,9.1916],[-79.93182,9.18851]]],[[[-79.94094,9.17514],[-79.94066,9.18184],[-79.93783,9.17526],[-79.94094,9.17514]]],[[[-79.96543,9.04569],[-79.96645,9.05355],[-79.96386,9.052],[-79.96543,9.04569]]],[[[-79.99317,9.04796],[-79.99043,9.05465],[-79.98759,9.04975],[-79.99317,9.04796]]],[[[-80.00121,7.62143],[-80.00014,7.63483],[-79.99679,7.63341],[-79.99693,7.62645],[-80.00121,7.62143]]],[[[-80.04482,9.02799],[-80.04845,9.03084],[-80.0474,9.03444],[-80.04482,9.02799]]],[[[-80.23711,8.30734],[-80.2371,8.31288],[-80.23504,8.31107],[-80.23711,8.30734]]],[[[-80.28521,7.42337],[-80.27307,7.42709],[-80.26015,7.42784],[-80.26055,7.42487],[-80.29529,7.41681],[-80.31752,7.40782],[-80.34259,7.38982],[-80.36325,7.36312],[-80.36471,7.36574],[-80.35862,7.38146],[-80.33665,7.39509],[-80.33819,7.3987],[-80.32941,7.40153],[-80.31672,7.41632],[-80.29374,7.41861],[-80.28521,7.42337]]],[[[-80.30054,8.29508],[-80.30959,8.29909],[-80.29484,8.29842],[-80.29226,8.2961],[-80.30054,8.29508]]],[[[-80.3536,8.29337],[-80.35825,8.29363],[-80.36071,8.29608],[-80.35799,8.29763],[-80.34816,8.29581],[-80.31631,8.30529],[-80.3536,8.29337]]],[[[-80.35177,7.98312],[-80.36702,7.98676],[-80.36262,7.98907],[-80.35177,7.98312]]],[[[-80.35771,7.98777],[-80.3621,7.991],[-80.35692,7.9919],[-80.35771,7.98777]]],[[[-80.36252,7.36059],[-80.3615,7.35427],[-80.36395,7.35672],[-80.36252,7.36059]]],[[[-80.36841,7.39282],[-80.37539,7.39309],[-80.37641,7.39644],[-80.36686,7.39591],[-80.36841,7.39282]]],[[[-80.38078,8.28877],[-80.37637,8.29044],[-80.37637,8.29379],[-80.3686,8.29507],[-80.38078,8.28877]]],[[[-80.373,8.29855],[-80.3761,8.29869],[-80.37403,8.30268],[-80.36937,8.30203],[-80.373,8.29855]]],[[[-80.37607,7.98561],[-80.37554,7.99102],[-80.37218,7.99166],[-80.37607,7.98561]]],[[[-80.4924,8.22796],[-80.49044,8.22411],[-80.49305,8.22409],[-80.4924,8.22796]]],[[[-80.51249,8.09136],[-80.51494,8.09368],[-80.50937,8.09806],[-80.50873,8.09316],[-80.51249,8.09136]]],[[[-80.8919,7.33344],[-80.89448,7.34633],[-80.89318,7.34659],[-80.8919,7.33344]]],[[[-80.91719,7.43115],[-80.91641,7.43656],[-80.90957,7.43347],[-80.91719,7.43115]]],[[[-80.92261,7.43425],[-80.91951,7.43425],[-80.91719,7.42703],[-80.9301,7.41337],[-80.93293,7.41517],[-80.93165,7.42265],[-80.92727,7.4242],[-80.92261,7.43425]]],[[[-80.99569,7.69838],[-80.99777,7.7034],[-80.99505,7.70263],[-80.99569,7.69838]]],[[[-81.01146,7.70082],[-81.01276,7.70392],[-81.0094,7.70469],[-81.01146,7.70082]]],[[[-81.04882,7.84339],[-81.04456,7.85227],[-81.02969,7.8537],[-81.03008,7.85924],[-81.03939,7.86092],[-81.04042,7.86427],[-81.0443,7.86117],[-81.04715,7.86581],[-81.03215,7.87175],[-81.02711,7.87226],[-81.02698,7.86788],[-81.0231,7.87046],[-81.01897,7.86891],[-81.02801,7.86298],[-81.03189,7.84919],[-81.03008,7.84081],[-81.03383,7.84081],[-81.04042,7.83075],[-81.04843,7.82843],[-81.04792,7.82444],[-81.0536,7.822],[-81.05503,7.82508],[-81.04611,7.84003],[-81.04882,7.84339]]],[[[-81.02055,7.71719],[-81.02516,7.71771],[-81.02826,7.72209],[-81.02439,7.72557],[-81.02055,7.71719]]],[[[-81.02233,7.9612],[-81.02518,7.96235],[-81.02595,7.96894],[-81.02182,7.9661],[-81.02233,7.9612]]],[[[-81.02954,7.95724],[-81.0319,7.95991],[-81.02699,7.96507],[-81.02396,7.95958],[-81.02954,7.95724]]],[[[-81.03085,7.69618],[-81.03214,7.70185],[-81.04093,7.70327],[-81.04274,7.71139],[-81.02826,7.71036],[-81.02503,7.70082],[-81.03085,7.69618]]],[[[-81.03319,7.87432],[-81.03138,7.88309],[-81.02957,7.87819],[-81.03319,7.87432]]],[[[-81.13961,7.56906],[-81.12746,7.5692],[-81.09543,7.58274],[-81.06572,7.57823],[-81.05254,7.58017],[-81.03833,7.57089],[-81.04634,7.56831],[-81.05512,7.5549],[-81.05719,7.54511],[-81.07889,7.53531],[-81.08198,7.52938],[-81.08844,7.53015],[-81.10533,7.54321],[-81.12513,7.54806],[-81.14683,7.53787],[-81.14734,7.52781],[-81.1569,7.52446],[-81.15909,7.5193],[-81.16621,7.5175],[-81.17291,7.50924],[-81.18428,7.5064],[-81.18712,7.50382],[-81.18737,7.49377],[-81.22405,7.48576],[-81.2194,7.49259],[-81.22276,7.49839],[-81.22638,7.49839],[-81.23877,7.49478],[-81.24368,7.49065],[-81.24161,7.48548],[-81.24703,7.48136],[-81.25866,7.48729],[-81.23026,7.51876],[-81.21774,7.52161],[-81.21089,7.52817],[-81.2034,7.52624],[-81.19333,7.53141],[-81.1724,7.53232],[-81.15045,7.56159],[-81.13961,7.56906]]],[[[-81.07533,7.88643],[-81.08103,7.88347],[-81.07662,7.87586],[-81.07791,7.87251],[-81.08877,7.86697],[-81.08981,7.8854],[-81.08464,7.88514],[-81.08541,7.88257],[-81.07947,7.88514],[-81.07895,7.8885],[-81.07533,7.88901],[-81.07533,7.88643]]],[[[-81.09058,7.839],[-81.08644,7.83771],[-81.08928,7.83513],[-81.09058,7.839]]],[[[-81.13166,7.76112],[-81.13123,7.76388],[-81.12364,7.7623],[-81.10568,7.74722],[-81.10554,7.7351],[-81.10154,7.72737],[-81.10606,7.7186],[-81.12286,7.7204],[-81.12958,7.7271],[-81.14483,7.73303],[-81.15284,7.74488],[-81.12675,7.73574],[-81.12467,7.73871],[-81.12933,7.75211],[-81.127,7.75288],[-81.13166,7.76112]]],[[[-81.21737,7.57161],[-81.20575,7.57587],[-81.18404,7.55899],[-81.21142,7.54971],[-81.22227,7.54971],[-81.2215,7.568],[-81.21737,7.57161]]],[[[-81.22684,7.88956],[-81.23319,7.8954],[-81.22788,7.89953],[-81.22684,7.88956]]],[[[-81.2328,7.90739],[-81.2328,7.91113],[-81.22918,7.91087],[-81.2328,7.90739]]],[[[-81.23451,7.71958],[-81.23541,7.72448],[-81.23063,7.72604],[-81.22934,7.72074],[-81.23451,7.71958]]],[[[-81.2619,7.72678],[-81.26346,7.73025],[-81.25958,7.72988],[-81.2619,7.72678]]],[[[-81.27631,7.6252],[-81.27373,7.62135],[-81.27812,7.62404],[-81.27631,7.6252]]],[[[-81.34713,7.65093],[-81.34351,7.64848],[-81.35514,7.64783],[-81.34713,7.65093]]],[[[-81.49815,7.74694],[-81.49233,7.74566],[-81.49504,7.74179],[-81.49944,7.74294],[-81.50073,7.74693],[-81.49815,7.74694]]],[[[-81.51883,7.75387],[-81.51418,7.75182],[-81.51546,7.74537],[-81.51805,7.74485],[-81.52167,7.75052],[-81.51883,7.75387]]],[[[-81.54474,9.08876],[-81.56601,9.09208],[-81.57314,9.0904],[-81.57185,9.09787],[-81.57484,9.10418],[-81.54644,9.10152],[-81.54266,9.09147],[-81.54474,9.08876]]],[[[-81.57725,7.75818],[-81.57001,7.75664],[-81.57258,7.74581],[-81.57904,7.74477],[-81.57878,7.74168],[-81.5824,7.74503],[-81.58873,7.74373],[-81.59016,7.74811],[-81.58771,7.74992],[-81.57621,7.75071],[-81.57725,7.75818]]],[[[-81.75178,7.64861],[-81.74997,7.6499],[-81.7462,7.6396],[-81.73611,7.63601],[-81.74141,7.63316],[-81.74089,7.62749],[-81.73314,7.63201],[-81.72914,7.63112],[-81.73467,7.62054],[-81.72756,7.61437],[-81.72548,7.60741],[-81.72327,7.59839],[-81.72726,7.5891],[-81.72441,7.58679],[-81.72491,7.57519],[-81.71324,7.54711],[-81.70844,7.54016],[-81.70483,7.53965],[-81.69683,7.54391],[-81.68133,7.54394],[-81.67652,7.5268],[-81.67599,7.51391],[-81.68127,7.50437],[-81.69341,7.5037],[-81.71302,7.49516],[-81.7169,7.48833],[-81.72205,7.48858],[-81.71933,7.48239],[-81.72514,7.48174],[-81.72357,7.47104],[-81.73339,7.47167],[-81.73583,7.46432],[-81.73286,7.46201],[-81.73127,7.43932],[-81.69922,7.42494],[-81.69741,7.42082],[-81.70205,7.41926],[-81.69828,7.39994],[-81.68858,7.38835],[-81.68522,7.38721],[-81.68161,7.39197],[-81.66921,7.38709],[-81.65759,7.38749],[-81.65019,7.38979],[-81.65037,7.39551],[-81.64803,7.38893],[-81.65001,7.38961],[-81.65343,7.37242],[-81.66636,7.38207],[-81.67152,7.37833],[-81.66996,7.36905],[-81.66583,7.37047],[-81.66401,7.36699],[-81.64929,7.36495],[-81.64852,7.36895],[-81.65291,7.37062],[-81.65266,7.37397],[-81.64286,7.38223],[-81.64106,7.38894],[-81.63641,7.3892],[-81.63693,7.3852],[-81.62931,7.38689],[-81.63745,7.39331],[-81.64416,7.39048],[-81.64288,7.39718],[-81.63177,7.39501],[-81.62082,7.379],[-81.61238,7.37622],[-81.61146,7.36552],[-81.60255,7.36013],[-81.60265,7.34001],[-81.59477,7.33525],[-81.59088,7.32714],[-81.61593,7.328],[-81.63813,7.31753],[-81.6686,7.32677],[-81.67145,7.33141],[-81.69134,7.34066],[-81.68579,7.33963],[-81.68247,7.36207],[-81.68441,7.36619],[-81.69113,7.36747],[-81.70028,7.35895],[-81.69393,7.34039],[-81.70606,7.34115],[-81.71666,7.34693],[-81.71563,7.34912],[-81.72441,7.3522],[-81.72313,7.35929],[-81.73203,7.35348],[-81.72493,7.35053],[-81.7263,7.34773],[-81.73138,7.34768],[-81.73022,7.35039],[-81.74352,7.35154],[-81.74816,7.34894],[-81.76211,7.35292],[-81.77065,7.36038],[-81.77633,7.3614],[-81.78902,7.382],[-81.8022,7.39125],[-81.80221,7.39564],[-81.80894,7.40362],[-81.81773,7.40747],[-81.8317,7.42175],[-81.84178,7.42559],[-81.863,7.44656],[-81.86329,7.46486],[-81.86692,7.47156],[-81.8695,7.47104],[-81.86835,7.47774],[-81.87378,7.48263],[-81.87276,7.48882],[-81.87506,7.49259],[-81.88426,7.48918],[-81.88479,7.49421],[-81.88195,7.49512],[-81.88157,7.50453],[-81.87924,7.5053],[-81.88431,7.51483],[-81.88767,7.51457],[-81.88743,7.52307],[-81.882,7.52399],[-81.8683,7.51577],[-81.86261,7.51577],[-81.85541,7.52829],[-81.85776,7.54401],[-81.84769,7.54442],[-81.84215,7.55049],[-81.84141,7.56905],[-81.83987,7.57601],[-81.83175,7.5835],[-81.83434,7.58659],[-81.82247,7.59319],[-81.81316,7.59037],[-81.80232,7.59722],[-81.79047,7.61347],[-81.78685,7.61297],[-81.78867,7.61684],[-81.78196,7.62497],[-81.7733,7.62228],[-81.77111,7.62525],[-81.76516,7.6201],[-81.75818,7.61921],[-81.75651,7.62231],[-81.76674,7.63724],[-81.76209,7.6388],[-81.7621,7.6455],[-81.75875,7.64628],[-81.75926,7.64215],[-81.75176,7.64062],[-81.75178,7.64861]]],[[[-81.61979,7.68646],[-81.62561,7.68903],[-81.6291,7.6849],[-81.63195,7.69159],[-81.63867,7.69312],[-81.63738,7.69571],[-81.61852,7.6978],[-81.61296,7.69343],[-81.61282,7.68724],[-81.61979,7.68646]]],[[[-81.64412,7.96122],[-81.65502,7.98594],[-81.67873,8.01375],[-81.66682,8.00887],[-81.64493,7.98132],[-81.63884,7.97773],[-81.63118,7.95737],[-81.63414,7.94834],[-81.6269,7.94706],[-81.62638,7.94371],[-81.62792,7.94062],[-81.63284,7.94087],[-81.64412,7.96122]]],[[[-81.63712,7.69752],[-81.63997,7.70216],[-81.63636,7.70319],[-81.63712,7.69752]]],[[[-81.64098,8.01948],[-81.63993,8.01033],[-81.64691,8.01135],[-81.64602,8.01819],[-81.64226,8.01381],[-81.64098,8.01948]]],[[[-81.6426,8.0288],[-81.6415,8.02399],[-81.64724,8.01945],[-81.64512,8.02476],[-81.64874,8.02501],[-81.65639,8.03338],[-81.65107,8.03184],[-81.64953,8.03403],[-81.6426,8.0288]]],[[[-81.66736,8.02357],[-81.67448,8.02871],[-81.67384,8.03155],[-81.66711,8.02795],[-81.66736,8.02357]]],[[[-81.70346,7.65101],[-81.69854,7.65075],[-81.69234,7.64407],[-81.6988,7.64303],[-81.70291,7.63696],[-81.71016,7.63901],[-81.71638,7.64841],[-81.70785,7.64727],[-81.70346,7.65101]]],[[[-81.69304,8.06876],[-81.70198,8.07532],[-81.70108,8.0797],[-81.69304,8.06876]]],[[[-81.71729,8.0325],[-81.71924,8.03714],[-81.7093,8.0476],[-81.71073,8.05314],[-81.72175,8.06562],[-81.7365,8.07088],[-81.74052,8.07783],[-81.73237,8.07823],[-81.72331,8.0691],[-81.70752,8.06371],[-81.70518,8.05985],[-81.70958,8.05945],[-81.71048,8.05417],[-81.70748,8.04283],[-81.70243,8.03717],[-81.7028,8.0284],[-81.70927,8.02789],[-81.71729,8.0325]]],[[[-81.70493,8.06294],[-81.7078,8.07557],[-81.70521,8.07557],[-81.70326,8.06939],[-81.70493,8.06294]]],[[[-81.74439,8.14356],[-81.73248,8.13017],[-81.7309,8.12141],[-81.72157,8.11086],[-81.71935,8.09694],[-81.73064,8.11909],[-81.741,8.12707],[-81.74308,8.13247],[-81.7392,8.13145],[-81.74024,8.13454],[-81.74723,8.1411],[-81.74672,8.14509],[-81.74439,8.14356]]],[[[-81.75032,8.13066],[-81.75498,8.13477],[-81.75266,8.14045],[-81.75059,8.13865],[-81.75343,8.13426],[-81.75032,8.13066]]],[[[-81.75932,7.82157],[-81.75441,7.82493],[-81.7535,7.81745],[-81.75541,7.80301],[-81.758,7.80688],[-81.76007,7.80571],[-81.76159,7.79836],[-81.76833,7.80014],[-81.76537,7.80789],[-81.76809,7.80943],[-81.76706,7.81511],[-81.75853,7.81268],[-81.75932,7.82157]]],[[[-81.76456,8.13682],[-81.75707,8.14328],[-81.76068,8.13593],[-81.76456,8.13682]]],[[[-81.76136,8.0863],[-81.7646,8.09016],[-81.76137,8.09506],[-81.75904,8.09404],[-81.76136,8.0863]]],[[[-81.76079,8.19405],[-81.76374,8.18399],[-81.76741,8.18844],[-81.76767,8.19703],[-81.76605,8.19915],[-81.76079,8.19405]]],[[[-81.76248,8.13115],[-81.76687,8.12843],[-81.77463,8.12945],[-81.79172,8.13599],[-81.79988,8.14345],[-81.80624,8.15517],[-81.81505,8.16083],[-81.80781,8.162],[-81.80547,8.15865],[-81.77312,8.14879],[-81.76858,8.143],[-81.77129,8.13964],[-81.76869,8.13475],[-81.76352,8.13424],[-81.76248,8.13115]]],[[[-81.76926,8.16014],[-81.7734,8.16103],[-81.77238,8.16542],[-81.76772,8.1662],[-81.76394,8.16197],[-81.76926,8.16014]]],[[[-81.80334,7.22988],[-81.82239,7.27277],[-81.8201,7.29404],[-81.81777,7.29043],[-81.81054,7.28954],[-81.7886,7.29152],[-81.78369,7.28701],[-81.77001,7.29129],[-81.76819,7.28472],[-81.78006,7.2798],[-81.78586,7.27373],[-81.78623,7.26445],[-81.80194,7.24251],[-81.7987,7.2335],[-81.80334,7.22988]]],[[[-81.77957,7.86973],[-81.77556,7.86768],[-81.7771,7.86226],[-81.78072,7.86175],[-81.77957,7.86973]]],[[[-81.79893,7.85655],[-81.79519,7.85991],[-81.79533,7.86584],[-81.78409,7.8651],[-81.78807,7.85296],[-81.79427,7.85295],[-81.79558,7.85733],[-81.79828,7.85165],[-81.80087,7.855],[-81.79893,7.85655]]],[[[-81.80006,7.20437],[-81.80317,7.20695],[-81.80616,7.22085],[-81.80345,7.22279],[-81.79983,7.21983],[-81.80137,7.21363],[-81.79594,7.20747],[-81.80006,7.20437]]],[[[-81.8052,8.14898],[-81.84325,8.16102],[-81.83782,8.16451],[-81.83394,8.16336],[-81.81245,8.15567],[-81.8052,8.14898]]],[[[-81.81644,8.08207],[-81.81516,8.08852],[-81.8096,8.08775],[-81.81011,8.0844],[-81.81644,8.08207]]],[[[-81.89718,9.09219],[-81.90653,9.09591],[-81.90239,9.10017],[-81.89978,9.09528],[-81.89434,9.09516],[-81.89718,9.09219]]],[[[-81.97528,8.20093],[-81.98253,8.20169],[-81.98253,8.20478],[-81.97813,8.20286],[-81.97038,8.20675],[-81.96791,8.20263],[-81.97528,8.20093]]],[[[-82.01189,7.94489],[-82.01462,7.94939],[-82.00958,7.95018],[-82.00831,7.95688],[-82.00532,7.95174],[-82.01189,7.94489]]],[[[-82.01004,8.23758],[-82.00822,8.23334],[-82.01467,8.22829],[-82.0134,8.23602],[-82.01004,8.23758]]],[[[-82.01385,8.21025],[-82.0192,8.21264],[-82.0087,8.21438],[-82.01385,8.21025]]],[[[-82.05164,9.14603],[-82.05983,9.15245],[-82.05263,9.17284],[-82.0533,9.18082],[-82.05044,9.18083],[-82.03874,9.17004],[-82.03251,9.1689],[-82.0308,9.16053],[-82.02378,9.15539],[-82.02078,9.14741],[-82.01261,9.14795],[-82.01117,9.14396],[-82.0197,9.13337],[-82.02903,9.1305],[-82.05164,9.14603]]],[[[-82.02592,7.97154],[-82.03446,7.97847],[-82.03593,7.99058],[-82.03373,7.99317],[-82.03138,7.98312],[-82.02285,7.98108],[-82.02115,7.97567],[-82.02592,7.97154]]],[[[-82.03045,8.02436],[-82.03434,8.02629],[-82.03279,8.029],[-82.0298,8.02772],[-82.03045,8.02436]]],[[[-82.03632,7.99445],[-82.03401,7.99909],[-82.03219,7.99601],[-82.03632,7.99445]]],[[[-82.03379,9.25163],[-82.04106,9.25406],[-82.03977,9.25625],[-82.03379,9.25163]]],[[[-82.0419,7.95139],[-82.04489,7.95525],[-82.04656,7.95267],[-82.056,7.95238],[-82.05834,7.96063],[-82.05617,7.9636],[-82.04762,7.96078],[-82.03958,7.95371],[-82.0419,7.95139]]],[[[-82.07973,9.17379],[-82.08104,9.17791],[-82.07183,9.17664],[-82.07973,9.17379]]],[[[-82.15983,9.31838],[-82.17624,9.33689],[-82.19544,9.33643],[-82.207,9.34065],[-82.20546,9.34478],[-82.2082,9.34812],[-82.21286,9.3472],[-82.20357,9.35973],[-82.19876,9.35872],[-82.20057,9.35485],[-82.19263,9.34791],[-82.18692,9.34871],[-82.17497,9.34359],[-82.15863,9.34738],[-82.15447,9.3434],[-82.14408,9.34137],[-82.14328,9.33467],[-82.12844,9.319],[-82.11883,9.31594],[-82.11443,9.31969],[-82.10924,9.3188],[-82.09494,9.31202],[-82.08909,9.30752],[-82.08138,9.28989],[-82.09955,9.29241],[-82.11407,9.28799],[-82.12131,9.28036],[-82.13375,9.27736],[-82.13335,9.27311],[-82.13996,9.2709],[-82.14655,9.26224],[-82.13729,9.24861],[-82.1404,9.24615],[-82.14741,9.2478],[-82.15379,9.255],[-82.15563,9.26273],[-82.1492,9.28027],[-82.15622,9.28334],[-82.15782,9.29854],[-82.16495,9.29736],[-82.17094,9.30211],[-82.17071,9.31074],[-82.16109,9.30691],[-82.15188,9.30758],[-82.15983,9.31838]]],[[[-82.14265,9.21973],[-82.13569,9.23354],[-82.1235,9.23654],[-82.12167,9.2292],[-82.1144,9.22987],[-82.1075,9.22035],[-82.10812,9.20953],[-82.099,9.19692],[-82.10262,9.19408],[-82.11585,9.19584],[-82.11609,9.18837],[-82.1096,9.18632],[-82.1101,9.1804],[-82.10284,9.18042],[-82.09815,9.17541],[-82.09557,9.17812],[-82.08142,9.17533],[-82.08336,9.17184],[-82.09114,9.17246],[-82.09604,9.16162],[-82.10225,9.15825],[-82.1004,9.14563],[-82.09703,9.14667],[-82.09609,9.13559],[-82.10088,9.1348],[-82.09866,9.13069],[-82.10969,9.13349],[-82.1136,9.13683],[-82.111,9.13787],[-82.11179,9.14147],[-82.11594,9.14159],[-82.11956,9.13668],[-82.13619,9.14565],[-82.13828,9.1517],[-82.15373,9.15629],[-82.15154,9.16222],[-82.15511,9.18386],[-82.14932,9.1969],[-82.13866,9.19087],[-82.13777,9.19526],[-82.13182,9.19863],[-82.14091,9.20272],[-82.14365,9.20735],[-82.14265,9.21973]]],[[[-82.10314,8.22277],[-82.1135,8.22468],[-82.10911,8.22791],[-82.10393,8.22651],[-82.10314,8.22277]]],[[[-82.1273,8.1651],[-82.13274,8.1665],[-82.13405,8.1741],[-82.12863,8.1794],[-82.1273,8.1651]]],[[[-82.14778,9.20128],[-82.15064,9.20411],[-82.14597,9.20528],[-82.14778,9.20128]]],[[[-82.15854,9.23952],[-82.15621,9.24301],[-82.15258,9.24238],[-82.15854,9.23952]]],[[[-82.16992,9.15134],[-82.16602,9.14981],[-82.16603,9.15238],[-82.15593,9.15474],[-82.15797,9.14648],[-82.15291,9.14521],[-82.15913,9.14364],[-82.16028,9.13797],[-82.15715,9.13231],[-82.1652,9.13563],[-82.17392,9.14566],[-82.17329,9.15107],[-82.16992,9.15134]]],[[[-82.17015,9.29902],[-82.19327,9.30719],[-82.19458,9.31157],[-82.2012,9.31258],[-82.20186,9.31657],[-82.21199,9.31976],[-82.22034,9.33158],[-82.1837,9.31805],[-82.17798,9.31381],[-82.17015,9.29902]]],[[[-82.17718,9.19152],[-82.1807,9.19499],[-82.17577,9.19385],[-82.17718,9.19152]]],[[[-82.205,8.19748],[-82.20605,8.20379],[-82.20399,8.20521],[-82.205,8.19748]]],[[[-82.20493,9.16158],[-82.21316,9.15883],[-82.21171,9.1623],[-82.20493,9.16158]]],[[[-82.21016,8.19218],[-82.20978,8.19708],[-82.20757,8.1927],[-82.21016,8.19218]]],[[[-82.28421,8.21218],[-82.2899,8.21423],[-82.29395,8.22491],[-82.28917,8.22673],[-82.29047,8.23085],[-82.28531,8.2346],[-82.28296,8.22675],[-82.28037,8.22727],[-82.28065,8.2332],[-82.27651,8.23347],[-82.2721,8.22859],[-82.27159,8.23258],[-82.26417,8.22767],[-82.26227,8.23042],[-82.25062,8.22608],[-82.24543,8.2212],[-82.23948,8.22173],[-82.23325,8.21505],[-82.2286,8.21738],[-82.21126,8.21434],[-82.21125,8.21138],[-82.22326,8.204],[-82.22393,8.21237],[-82.22781,8.21365],[-82.23543,8.2086],[-82.24515,8.21334],[-82.25625,8.20647],[-82.26739,8.21133],[-82.27411,8.20925],[-82.27384,8.20642],[-82.26581,8.20309],[-82.26606,8.20026],[-82.28029,8.20201],[-82.2668,8.1884],[-82.24894,8.1851],[-82.24775,8.17866],[-82.25099,8.17788],[-82.25123,8.17363],[-82.25796,8.17554],[-82.25876,8.18185],[-82.2664,8.18479],[-82.2738,8.1934],[-82.29192,8.19876],[-82.30075,8.2071],[-82.31861,8.21156],[-82.3162,8.22458],[-82.31217,8.21944],[-82.30777,8.21919],[-82.30516,8.2125],[-82.30234,8.21947],[-82.29716,8.21794],[-82.2961,8.21176],[-82.28783,8.21204],[-82.28587,8.20638],[-82.28421,8.21218]]],[[[-82.22862,8.22202],[-82.23874,8.23307],[-82.22555,8.23595],[-82.225,8.22409],[-82.22862,8.22202]]],[[[-82.22724,8.36301],[-82.22674,8.36816],[-82.22467,8.3674],[-82.22724,8.36301]]],[[[-82.23437,9.33811],[-82.2353,9.34313],[-82.22924,9.35449],[-82.22702,9.35166],[-82.22959,9.34289],[-82.23437,9.33811]]],[[[-82.23021,8.15307],[-82.23268,8.15448],[-82.231,8.15706],[-82.22841,8.15578],[-82.23021,8.15307]]],[[[-82.23828,7.46539],[-82.24448,7.46911],[-82.24399,7.47633],[-82.23727,7.47635],[-82.23171,7.47223],[-82.23828,7.46539]]],[[[-82.28247,9.36345],[-82.28665,9.37091],[-82.29652,9.37345],[-82.30123,9.38516],[-82.30956,9.39286],[-82.30777,9.39969],[-82.31168,9.4038],[-82.32219,9.40441],[-82.32598,9.41084],[-82.32713,9.40645],[-82.33144,9.41378],[-82.32186,9.41833],[-82.3238,9.42751],[-82.32086,9.42903],[-82.30918,9.42778],[-82.28716,9.44049],[-82.27599,9.43808],[-82.27393,9.44041],[-82.25962,9.4335],[-82.2524,9.40956],[-82.23611,9.39016],[-82.23467,9.38488],[-82.23918,9.37868],[-82.23809,9.36348],[-82.24872,9.36035],[-82.25505,9.35208],[-82.24996,9.34437],[-82.24191,9.34323],[-82.23891,9.33899],[-82.24033,9.33512],[-82.24605,9.33794],[-82.25198,9.32954],[-82.25863,9.33892],[-82.25826,9.34202],[-82.2528,9.34101],[-82.25178,9.34487],[-82.25646,9.34782],[-82.25961,9.35696],[-82.26544,9.3541],[-82.27415,9.35974],[-82.27053,9.36233],[-82.27445,9.37211],[-82.27938,9.37081],[-82.28247,9.36345]]],[[[-82.29008,9.24539],[-82.28558,9.24306],[-82.281,9.24503],[-82.29372,9.24937],[-82.29843,9.2594],[-82.29186,9.27025],[-82.29614,9.27036],[-82.29618,9.28286],[-82.29333,9.28416],[-82.29131,9.2986],[-82.28598,9.29398],[-82.28958,9.28778],[-82.28658,9.28135],[-82.28116,9.2891],[-82.26921,9.2858],[-82.26872,9.29469],[-82.26094,9.29381],[-82.25621,9.27862],[-82.24946,9.2753],[-82.24683,9.265],[-82.24176,9.26218],[-82.24017,9.25291],[-82.24105,9.24685],[-82.25647,9.24254],[-82.26146,9.23478],[-82.26601,9.2338],[-82.25928,9.23059],[-82.25933,9.22567],[-82.25281,9.22117],[-82.25271,9.21703],[-82.25519,9.21413],[-82.26725,9.21273],[-82.2834,9.22205],[-82.28315,9.22774],[-82.28817,9.23142],[-82.28594,9.23535],[-82.29536,9.23851],[-82.29376,9.24425],[-82.29008,9.24539]]],[[[-82.25923,8.08494],[-82.26002,8.08842],[-82.25743,8.08817],[-82.25923,8.08494]]],[[[-82.26312,8.08738],[-82.2669,8.09587],[-82.26392,8.09717],[-82.26312,8.08738]]],[[[-82.28614,8.33022],[-82.28177,8.33835],[-82.27737,8.33733],[-82.27761,8.33295],[-82.28614,8.33022]]],[[[-82.30504,8.25374],[-82.29112,8.27157],[-82.2817,8.27778],[-82.28311,8.27224],[-82.29111,8.26603],[-82.29006,8.26358],[-82.30504,8.25374]]],[[[-82.29815,8.2843],[-82.30697,8.28969],[-82.29998,8.28881],[-82.29815,8.2843]]],[[[-82.30752,8.22203],[-82.3114,8.22228],[-82.31374,8.22665],[-82.31012,8.22666],[-82.30752,8.22203]]],[[[-82.30993,8.32589],[-82.31318,8.32923],[-82.3102,8.32885],[-82.30993,8.32589]]],[[[-82.32183,8.24595],[-82.35057,8.2541],[-82.35729,8.25279],[-82.3687,8.25971],[-82.3612,8.26],[-82.35549,8.25357],[-82.35058,8.25565],[-82.33013,8.25391],[-82.32779,8.25044],[-82.31693,8.24983],[-82.31588,8.2461],[-82.32183,8.24595]]],[[[-82.36918,8.09657],[-82.36236,8.10536],[-82.36406,8.11231],[-82.34546,8.11856],[-82.34474,8.13441],[-82.32432,8.13963],[-82.31875,8.13643],[-82.32713,8.12918],[-82.32866,8.12093],[-82.32425,8.11682],[-82.32735,8.11552],[-82.32733,8.1114],[-82.33277,8.1119],[-82.33572,8.10699],[-82.33067,8.10366],[-82.32832,8.09645],[-82.34099,8.09705],[-82.34278,8.09009],[-82.34797,8.09458],[-82.35339,8.09237],[-82.35807,8.0988],[-82.36195,8.09853],[-82.36567,8.0922],[-82.36918,8.09657]]],[[[-82.38341,8.24742],[-82.39041,8.25345],[-82.39043,8.25809],[-82.39948,8.25729],[-82.39639,8.26181],[-82.39083,8.26196],[-82.39071,8.26505],[-82.38526,8.25914],[-82.37129,8.25919],[-82.37616,8.24809],[-82.3671,8.2458],[-82.36709,8.24297],[-82.34587,8.2393],[-82.33605,8.24384],[-82.33554,8.24681],[-82.32168,8.24002],[-82.32516,8.23679],[-82.33448,8.23856],[-82.33861,8.23533],[-82.36162,8.23255],[-82.35827,8.23591],[-82.3518,8.23451],[-82.35181,8.23773],[-82.35724,8.23772],[-82.35881,8.24054],[-82.36734,8.23845],[-82.38341,8.24742]]],[[[-82.32178,9.21517],[-82.32509,9.21558],[-82.325,9.2205],[-82.32178,9.21517]]],[[[-82.39151,8.27149],[-82.38405,8.28492],[-82.3732,8.28972],[-82.36052,8.28912],[-82.33772,8.27889],[-82.32893,8.28072],[-82.32635,8.28421],[-82.32182,8.28203],[-82.33304,8.27207],[-82.36596,8.28897],[-82.37165,8.28895],[-82.38353,8.28324],[-82.39151,8.27149]]],[[[-82.32491,9.22423],[-82.33384,9.23256],[-82.34584,9.23481],[-82.35224,9.24162],[-82.34249,9.24282],[-82.32882,9.23776],[-82.32491,9.22423]]],[[[-82.335,8.08302],[-82.33734,8.08662],[-82.33373,8.09153],[-82.33114,8.08974],[-82.335,8.08302]]],[[[-82.40924,8.23586],[-82.43025,8.25177],[-82.43365,8.26206],[-82.43015,8.2613],[-82.43182,8.25614],[-82.42716,8.25757],[-82.42508,8.25307],[-82.42328,8.25707],[-82.41603,8.25375],[-82.40983,8.25725],[-82.39791,8.25162],[-82.39337,8.2488],[-82.3997,8.24672],[-82.37844,8.23288],[-82.37945,8.22617],[-82.38926,8.22008],[-82.40924,8.23586]]],[[[-82.40856,8.26447],[-82.41247,8.27116],[-82.40341,8.27196],[-82.40856,8.26447]]],[[[-82.40933,8.3356],[-82.41168,8.34178],[-82.40807,8.34333],[-82.40611,8.33973],[-82.40933,8.3356]]],[[[-82.43239,8.27302],[-82.44237,8.27672],[-82.43734,8.28267],[-82.43654,8.27468],[-82.43239,8.27302]]],[[[-82.44155,7.86309],[-82.44233,7.86618],[-82.43975,7.86644],[-82.43858,7.86438],[-82.44155,7.86309]]],[[[-82.4505,8.34344],[-82.45337,8.34781],[-82.44975,8.34911],[-82.4505,8.34344]]],[[[-82.48546,8.28004],[-82.48729,8.28532],[-82.50204,8.28681],[-82.52952,8.29985],[-82.52771,8.30243],[-82.50776,8.29375],[-82.48627,8.29099],[-82.48499,8.29396],[-82.47956,8.29411],[-82.4598,8.29143],[-82.45344,8.2973],[-82.45135,8.29228],[-82.46517,8.28514],[-82.46761,8.28101],[-82.47279,8.28176],[-82.46748,8.2823],[-82.46634,8.28655],[-82.46375,8.28618],[-82.46454,8.28965],[-82.47873,8.27878],[-82.48546,8.28004]]],[[[-82.52463,9.3786],[-82.52712,9.384],[-82.52429,9.38968],[-82.52463,9.3786]]],[[[-82.5365,8.29956],[-82.54142,8.30083],[-82.54091,8.3029],[-82.5365,8.29956]]],[[[-82.56677,9.5628],[-82.56737,9.56516],[-82.5665,9.56919],[-82.56677,9.5628]]],[[[-82.60344,9.55687],[-82.60289,9.55842],[-82.60078,9.55902],[-82.60344,9.55687]]],[[[-82.66598,8.32816],[-82.68229,8.32964],[-82.66702,8.32957],[-82.66598,8.32816]]],[[[-82.70236,8.32981],[-82.71694,8.32575],[-82.71721,8.32781],[-82.70236,8.32981]]],[[[-82.70517,8.33521],[-82.70469,8.3349],[-82.70607,8.33572],[-82.70517,8.33521]]]]}}]}