{"type":"FeatureCollection","features":[{"type":"Feature","properties":{"ISO_A3":"FIN","WB_A3":"FIN","WB_NAME":"Finland","WB_REGION":"ECS"},"geometry":{"type":"MultiPolygon","coordinates":[[[[29.97715,63.75446],[30.06475,63.70795],[30.06128,63.70343],[30.0671,63.70176],[30.07275,63.69491],[30.10839,63.68052],[30.12398,63.66789],[30.24415,63.60727],[30.25812,63.58395],[30.38454,63.54551],[30.48401,63.4667],[30.6693,63.42696],[30.78769,63.40532],[30.84246,63.37692],[30.84509,63.37102],[30.8507,63.36836],[30.93442,63.35551],[30.94407,63.33669],[30.979,63.30791],[30.99262,63.30396],[31.02063,63.30327],[31.08566,63.28133],[31.10199,63.27091],[31.12644,63.26879],[31.13287,63.26267],[31.13723,63.26524],[31.14675,63.26177],[31.16155,63.24615],[31.17167,63.24134],[31.23998,63.21786],[31.23825,63.19513],[31.24559,63.18184],[31.25485,63.17865],[31.25543,63.14183],[31.26528,63.11566],[31.27218,63.10766],[31.29394,63.09403],[31.36088,63.07227],[31.3771,63.06305],[31.3874,63.04927],[31.41045,63.04199],[31.42501,63.04326],[31.46301,63.02434],[31.44877,63.00605],[31.50214,62.99629],[31.56377,62.92731],[31.5867,62.90871],[31.45551,62.79693],[31.46659,62.78399],[31.43909,62.785],[31.3802,62.68999],[31.38508,62.68241],[31.38526,62.67505],[31.38121,62.67493],[31.37577,62.66903],[31.37714,62.6603],[31.37328,62.64967],[31.36398,62.64533],[31.34803,62.64389],[31.2218,62.4987],[31.18483,62.4937],[31.18613,62.48748],[31.17333,62.4819],[31.16256,62.45496],[31.16253,62.44606],[31.13824,62.44221],[30.94321,62.33348],[30.96217,62.32727],[30.95501,62.31231],[30.94331,62.30563],[30.90426,62.31039],[30.8341,62.2755],[30.81102,62.27074],[30.80872,62.26102],[30.76539,62.23523],[30.74476,62.22668],[30.7203,62.20892],[30.65697,62.20889],[30.63645,62.19216],[30.63006,62.19016],[30.62946,62.18381],[30.63569,62.1737],[30.60284,62.14177],[30.47947,62.06131],[30.44367,62.03666],[30.44709,62.03467],[30.44376,62.03254],[30.43897,62.03346],[30.37701,61.99955],[30.3517,61.98001],[30.30522,61.96396],[30.31273,61.94497],[30.30087,61.93506],[30.2743,61.93369],[30.21143,61.89277],[30.19406,61.89136],[30.19617,61.88227],[30.1547,61.85752],[30.07098,61.81847],[30.04725,61.77326],[30.03809,61.76539],[29.86815,61.68205],[29.86156,61.67719],[29.8616,61.67057],[29.84561,61.67062],[29.81857,61.65517],[29.81005,61.6356],[29.80321,61.63499],[29.75465,61.60313],[29.748,61.58326],[29.74043,61.57571],[29.68869,61.55215],[29.64321,61.52615],[29.64523,61.52024],[29.59159,61.49563],[29.4963,61.4919],[29.50315,61.46142],[29.32229,61.34753],[29.3223,61.344],[29.2654,61.29164],[29.24129,61.2761],[29.24486,61.27069],[29.19984,61.25639],[29.16172,61.2367],[29.03058,61.19203],[28.98559,61.17383],[28.95686,61.15158],[28.91494,61.14338],[28.88346,61.14238],[28.87271,61.13557],[28.8192,61.12165],[28.80429,61.09343],[28.71382,61.04462],[28.71015,61.02694],[28.68411,60.9791],[28.6578,60.95115],[28.64923,60.94814],[28.61495,60.95541],[28.57287,60.95169],[28.52461,60.95712],[28.48357,60.92928],[28.484,60.92568],[28.46526,60.92333],[28.39798,60.88752],[28.40008,60.88567],[28.39737,60.88351],[28.3927,60.88464],[28.33576,60.85428],[28.32419,60.85788],[28.31197,60.84129],[28.25572,60.81001],[28.22046,60.78283],[28.17432,60.77867],[28.13541,60.74084],[28.08907,60.72075],[28.01519,60.68247],[28.01787,60.68121],[27.8735,60.60465],[27.84796,60.58242],[27.83844,60.57849],[27.84459,60.57502],[27.84164,60.56892],[27.8471,60.56125],[27.8145,60.55428],[27.79623,60.54543],[27.7846,60.54625],[27.77509,60.55066],[27.78036,60.55383],[27.7777,60.5619],[27.76551,60.574],[27.76954,60.57935],[27.73786,60.58107],[27.73301,60.57393],[27.73822,60.57428],[27.73919,60.57108],[27.71877,60.56505],[27.72286,60.56119],[27.71986,60.55532],[27.72318,60.55274],[27.72042,60.54546],[27.71521,60.54511],[27.71563,60.54024],[27.72595,60.53737],[27.72694,60.53506],[27.72327,60.53355],[27.74618,60.52472],[27.74581,60.52012],[27.71949,60.52717],[27.72046,60.5241],[27.73486,60.51788],[27.731,60.50843],[27.74064,60.50965],[27.74031,60.50671],[27.74568,60.50323],[27.74141,60.49788],[27.74342,60.49504],[27.73995,60.49072],[27.74248,60.48815],[27.74032,60.48407],[27.73371,60.48999],[27.72229,60.48954],[27.70217,60.49475],[27.69437,60.49353],[27.68761,60.48495],[27.67965,60.48452],[27.66471,60.48907],[27.65536,60.48861],[27.65179,60.49208],[27.63159,60.49294],[27.62868,60.49027],[27.63328,60.48666],[27.63294,60.48232],[27.61427,60.4824],[27.60919,60.48807],[27.58854,60.49327],[27.58708,60.49865],[27.59567,60.5004],[27.59633,60.50807],[27.60935,60.51032],[27.60895,60.51672],[27.6176,60.52116],[27.63392,60.51942],[27.63013,60.52455],[27.62391,60.52509],[27.60726,60.52363],[27.60394,60.51239],[27.5811,60.51211],[27.56853,60.50564],[27.57744,60.49587],[27.58929,60.49147],[27.58818,60.48764],[27.5925,60.48301],[27.61058,60.47909],[27.6211,60.47342],[27.6174,60.46985],[27.60158,60.46915],[27.57938,60.47386],[27.56578,60.48211],[27.56406,60.48736],[27.5445,60.49614],[27.53769,60.49233],[27.54593,60.48859],[27.52362,60.48816],[27.526,60.49122],[27.5119,60.50152],[27.50125,60.50079],[27.50212,60.5059],[27.49387,60.50952],[27.48342,60.50496],[27.48492,60.50136],[27.4797,60.49933],[27.46726,60.49976],[27.46247,60.4912],[27.45752,60.4902],[27.45748,60.48713],[27.46291,60.48583],[27.46801,60.4798],[27.48252,60.47962],[27.48323,60.47527],[27.4945,60.46576],[27.49052,60.46014],[27.47344,60.46148],[27.44873,60.47334],[27.43418,60.47057],[27.43359,60.46519],[27.42582,60.46523],[27.42586,60.46854],[27.41037,60.47269],[27.41102,60.48318],[27.39481,60.49372],[27.38314,60.49401],[27.38477,60.4999],[27.38223,60.50425],[27.36493,60.51198],[27.36206,60.51071],[27.37159,60.50454],[27.37156,60.50172],[27.36454,60.50046],[27.36529,60.49816],[27.38054,60.493],[27.38154,60.48992],[27.3758,60.48738],[27.36183,60.48972],[27.34832,60.48758],[27.33978,60.48953],[27.3388,60.49465],[27.3601,60.49792],[27.36384,60.50004],[27.35994,60.50636],[27.32051,60.50749],[27.30243,60.5161],[27.30814,60.51647],[27.30663,60.52108],[27.28531,60.51575],[27.2863,60.51217],[27.28007,60.51116],[27.27951,60.50681],[27.27018,60.50837],[27.26348,60.51401],[27.26456,60.51938],[27.25937,60.51926],[27.25267,60.52554],[27.22956,60.52533],[27.22823,60.51868],[27.22251,60.51894],[27.22197,60.51562],[27.2306,60.51364],[27.22451,60.50704],[27.21829,60.50795],[27.21834,60.51562],[27.20538,60.51808],[27.19757,60.51489],[27.1966,60.52589],[27.2044,60.52793],[27.19772,60.53945],[27.18926,60.54442],[27.18999,60.55047],[27.20098,60.56262],[27.16926,60.55996],[27.17625,60.55381],[27.17103,60.55126],[27.17518,60.54947],[27.17151,60.54282],[27.18259,60.52758],[27.17115,60.52337],[27.16883,60.52798],[27.16385,60.51929],[27.15917,60.51777],[27.13116,60.52188],[27.12911,60.52905],[27.12288,60.52955],[27.10112,60.54545],[27.09748,60.54392],[27.09542,60.54865],[27.10461,60.55201],[27.10089,60.55287],[27.09256,60.54853],[27.09358,60.54366],[27.0902,60.54213],[27.09694,60.53573],[27.09589,60.53112],[27.06941,60.5337],[27.0637,60.53703],[27.0689,60.53829],[27.0663,60.54112],[27.04658,60.55085],[27.04449,60.54574],[27.05177,60.54509],[27.04397,60.54074],[27.04916,60.53729],[27.06292,60.53831],[27.0668,60.52756],[27.05693,60.52961],[27.03382,60.51938],[27.0372,60.52424],[27.03642,60.52757],[27.03201,60.52834],[27.03357,60.53525],[27.02397,60.53806],[27.02371,60.5483],[27.01904,60.54984],[27.00813,60.5483],[27.00709,60.53973],[27.01929,60.53576],[27.01487,60.53064],[27.02292,60.52374],[27.02292,60.5181],[27.01331,60.51376],[27.01071,60.50761],[26.98061,60.51324],[26.97906,60.50633],[26.98399,60.50557],[26.98996,60.49584],[26.98243,60.49073],[26.97621,60.49456],[26.96636,60.48842],[26.96091,60.49277],[26.95728,60.49034],[26.9617,60.48611],[26.95574,60.48574],[26.94042,60.49609],[26.94326,60.49865],[26.93859,60.50223],[26.92616,60.49378],[26.91472,60.49928],[26.915,60.49377],[26.92098,60.48738],[26.94069,60.49135],[26.949,60.48354],[26.94538,60.47792],[26.93242,60.47715],[26.93059,60.47561],[26.93502,60.47062],[26.92622,60.46652],[26.95471,60.4737],[26.96457,60.47051],[26.95577,60.4586],[26.95059,60.45899],[26.95112,60.45233],[26.94051,60.4467],[26.92988,60.45079],[26.9278,60.45591],[26.92002,60.45744],[26.90915,60.45436],[26.91176,60.44886],[26.91927,60.44567],[26.91645,60.43837],[26.92093,60.43756],[26.92293,60.43338],[26.89496,60.43696],[26.90637,60.43056],[26.92889,60.4316],[26.92062,60.42646],[26.92606,60.42442],[26.92218,60.42187],[26.91027,60.42378],[26.90977,60.41866],[26.90511,60.41725],[26.88957,60.42364],[26.88489,60.42824],[26.88643,60.43259],[26.86312,60.43615],[26.86313,60.43282],[26.85072,60.43026],[26.85119,60.44151],[26.84444,60.44381],[26.84235,60.4479],[26.86254,60.45048],[26.85708,60.45558],[26.85836,60.45943],[26.86276,60.45944],[26.86848,60.45381],[26.87106,60.4574],[26.86638,60.46123],[26.87776,60.46764],[26.86892,60.47377],[26.84998,60.47734],[26.84562,60.46863],[26.85112,60.45674],[26.85501,60.45482],[26.85581,60.45047],[26.85115,60.4497],[26.83066,60.45479],[26.83143,60.4571],[26.84697,60.45686],[26.84721,60.46172],[26.82986,60.45966],[26.82568,60.46554],[26.7905,60.45538],[26.76293,60.47131],[26.76807,60.47671],[26.75148,60.47744],[26.74885,60.4823],[26.74028,60.48356],[26.73798,60.48036],[26.74423,60.47666],[26.73622,60.47409],[26.74144,60.46872],[26.74703,60.45005],[26.72318,60.45231],[26.71502,60.43694],[26.71139,60.43757],[26.7073,60.43181],[26.67621,60.4348],[26.67838,60.42509],[26.65268,60.43219],[26.64891,60.44574],[26.64293,60.44764],[26.64,60.45518],[26.62208,60.45948],[26.62341,60.45591],[26.60603,60.45829],[26.60296,60.45508],[26.59875,60.45916],[26.5915,60.46003],[26.57856,60.45884],[26.57397,60.45269],[26.5662,60.45317],[26.56286,60.45111],[26.56792,60.44038],[26.57753,60.43786],[26.57422,60.4474],[26.58997,60.44387],[26.60019,60.4479],[26.62231,60.43901],[26.63319,60.4384],[26.63687,60.43418],[26.64825,60.43473],[26.64806,60.42808],[26.65481,60.42656],[26.65695,60.41991],[26.66085,60.41813],[26.65829,60.41557],[26.64172,60.41757],[26.64072,60.41296],[26.62877,60.41741],[26.62517,60.41599],[26.62728,60.41216],[26.60296,60.41222],[26.59061,60.40706],[26.58487,60.41114],[26.58388,60.40717],[26.5782,60.40664],[26.57876,60.40357],[26.56218,60.40505],[26.55552,60.40029],[26.54879,60.40117],[26.54421,60.39578],[26.55285,60.38787],[26.54901,60.3853],[26.55554,60.38021],[26.546,60.37838],[26.55172,60.37584],[26.54036,60.37477],[26.53591,60.37886],[26.53974,60.38271],[26.51684,60.39287],[26.51679,60.39619],[26.50976,60.39949],[26.50559,60.41867],[26.50813,60.42201],[26.53157,60.41109],[26.54792,60.40756],[26.55358,60.41014],[26.55731,60.42077],[26.57336,60.4207],[26.57436,60.42327],[26.58678,60.42355],[26.58752,60.42637],[26.58256,60.42994],[26.56807,60.42887],[26.55143,60.43457],[26.54589,60.44159],[26.53834,60.44489],[26.53959,60.44797],[26.53514,60.45153],[26.52736,60.45202],[26.52792,60.44895],[26.52328,60.4474],[26.50532,60.45322],[26.50553,60.45654],[26.49914,60.4561],[26.48414,60.46592],[26.48563,60.46978],[26.47702,60.47384],[26.47087,60.48533],[26.45524,60.48961],[26.45488,60.48405],[26.44731,60.48318],[26.44635,60.47832],[26.45607,60.4717],[26.45355,60.46683],[26.44221,60.46295],[26.45484,60.45174],[26.45415,60.44636],[26.45811,60.44254],[26.45554,60.44073],[26.46239,60.43361],[26.45542,60.4276],[26.45735,60.42539],[26.4546,60.41898],[26.44554,60.41946],[26.44069,60.41586],[26.44384,60.41357],[26.42459,60.41442],[26.42375,60.42295],[26.41851,60.42625],[26.40458,60.42363],[26.41462,60.41216],[26.41055,60.40855],[26.41247,60.40217],[26.4169,60.40117],[26.42375,60.40785],[26.42764,60.40736],[26.43926,60.39359],[26.44699,60.39528],[26.45093,60.39159],[26.44604,60.39054],[26.44765,60.3871],[26.47131,60.37862],[26.47161,60.37581],[26.48401,60.37585],[26.48705,60.37983],[26.49459,60.37692],[26.49414,60.37282],[26.50014,60.36938],[26.53217,60.36976],[26.54004,60.36147],[26.53625,60.35532],[26.54351,60.35304],[26.53946,60.34741],[26.5408,60.34356],[26.52789,60.34365],[26.52587,60.34095],[26.50617,60.346],[26.50765,60.35112],[26.50339,60.35981],[26.49611,60.36221],[26.48167,60.36062],[26.47914,60.35741],[26.47185,60.36122],[26.45953,60.35605],[26.44553,60.35932],[26.4355,60.37207],[26.42774,60.37231],[26.42452,60.35983],[26.41343,60.36366],[26.41095,60.35788],[26.38616,60.35727],[26.38422,60.36443],[26.38902,60.37046],[26.38237,60.38028],[26.38455,60.38823],[26.38944,60.38902],[26.39889,60.38164],[26.41474,60.37659],[26.4246,60.37484],[26.42657,60.38023],[26.4259,60.38879],[26.41547,60.39399],[26.41531,60.38811],[26.40877,60.39268],[26.4097,60.39806],[26.38892,60.40334],[26.39249,60.40592],[26.38615,60.41306],[26.36708,60.40913],[26.37315,60.40276],[26.37351,60.39763],[26.35013,60.40278],[26.34138,60.40082],[26.34091,60.39825],[26.33469,60.39899],[26.34738,60.38523],[26.33759,60.38365],[26.33406,60.37928],[26.33729,60.37316],[26.31506,60.3733],[26.31035,60.37608],[26.31208,60.37968],[26.30706,60.38478],[26.30748,60.38964],[26.29674,60.39598],[26.29006,60.40567],[26.29942,60.4157],[26.28842,60.41786],[26.28034,60.4243],[26.28593,60.42906],[26.29731,60.42976],[26.29052,60.43254],[26.27343,60.43232],[26.26557,60.43676],[26.26497,60.44034],[26.25717,60.44157],[26.25005,60.44716],[26.25125,60.45152],[26.23767,60.4563],[26.23485,60.455],[26.23655,60.44862],[26.24201,60.4475],[26.24157,60.44456],[26.23313,60.43641],[26.23895,60.43405],[26.24247,60.42818],[26.24976,60.4263],[26.24859,60.4208],[26.25972,60.40934],[26.25072,60.40699],[26.26802,60.39685],[26.26813,60.39173],[26.27334,60.3901],[26.27342,60.38639],[26.26306,60.38735],[26.26242,60.39297],[26.25567,60.39397],[26.2569,60.39679],[26.24887,60.39725],[26.25126,60.39445],[26.24767,60.39342],[26.2485,60.39098],[26.24126,60.39107],[26.23959,60.39619],[26.22305,60.39583],[26.22468,60.40326],[26.2192,60.4054],[26.20476,60.40365],[26.19842,60.409],[26.18389,60.41069],[26.17288,60.41625],[26.16775,60.41469],[26.16861,60.41111],[26.17512,60.40961],[26.17241,60.40397],[26.17747,60.3985],[26.19406,60.39693],[26.19286,60.39309],[26.19833,60.39095],[26.20714,60.39062],[26.20993,60.39293],[26.20391,60.39597],[26.21165,60.39678],[26.22052,60.39325],[26.22062,60.38942],[26.21135,60.38757],[26.20529,60.38165],[26.20384,60.37755],[26.20852,60.37655],[26.20894,60.36964],[26.20211,60.36397],[26.18558,60.36387],[26.15999,60.37446],[26.15627,60.37828],[26.16401,60.3787],[26.16161,60.38164],[26.15199,60.38388],[26.15785,60.38699],[26.1585,60.39211],[26.1512,60.39436],[26.16408,60.39611],[26.16504,60.39906],[26.14901,60.39883],[26.13672,60.39427],[26.12943,60.40574],[26.11003,60.40587],[26.10892,60.40868],[26.10061,60.40964],[26.09222,60.41394],[26.07674,60.43046],[26.06784,60.43399],[26.06614,60.43013],[26.05709,60.4293],[26.0573,60.4224],[26.06711,60.41428],[26.06014,60.41371],[26.0611,60.41627],[26.05482,60.41879],[26.0515,60.42594],[26.0369,60.42968],[26.01617,60.44718],[26.00332,60.45271],[26.00364,60.45911],[25.99828,60.4647],[25.97578,60.47989],[25.94252,60.48219],[25.93139,60.48951],[25.92411,60.48997],[25.92072,60.48278],[25.92958,60.48144],[25.94437,60.47299],[25.94633,60.47659],[25.95664,60.47859],[25.97015,60.47767],[25.97129,60.47422],[25.96257,60.47134],[25.97077,60.46603],[25.9709,60.46219],[25.98913,60.459],[25.99008,60.45364],[25.95799,60.45262],[25.95544,60.45132],[25.95873,60.44546],[25.96448,60.44384],[25.98243,60.44961],[25.99487,60.44932],[26.00037,60.43043],[26.02683,60.42],[26.03952,60.41971],[26.03956,60.40947],[26.03516,60.4097],[26.02534,60.40067],[26.00836,60.39786],[26.00365,60.39923],[26.00771,60.40207],[26.00606,60.40539],[25.99928,60.40687],[25.99464,60.40658],[25.99272,60.40172],[26.01522,60.39317],[26.01409,60.38779],[26.04302,60.37994],[26.05523,60.36877],[26.059,60.36355],[26.05754,60.36034],[26.06222,60.35922],[26.06728,60.36322],[26.07073,60.35979],[26.06892,60.35082],[26.07264,60.34701],[26.10024,60.34809],[26.10819,60.3406],[26.1043,60.33187],[26.11137,60.32834],[26.10866,60.32346],[26.10215,60.31625],[26.08829,60.31385],[26.09271,60.31234],[26.07926,60.30457],[26.06783,60.30756],[26.06615,60.31242],[26.06202,60.31251],[26.05382,60.31041],[26.04879,60.30615],[26.04991,60.30309],[26.01098,60.3028],[26.01873,60.31079],[26.01256,60.31024],[26.00857,60.30586],[26.00777,60.29817],[25.99393,60.29551],[25.99606,60.29322],[26.0131,60.29245],[26.01242,60.28925],[26.03277,60.28978],[26.03874,60.28791],[26.03913,60.28382],[26.0146,60.27673],[26.00707,60.27872],[26.0002,60.28677],[25.99437,60.28118],[26.00114,60.27893],[25.99982,60.2715],[26.00483,60.26795],[25.99947,60.26587],[25.97527,60.26594],[25.96509,60.26995],[25.96782,60.2733],[25.97705,60.27478],[25.97849,60.2698],[25.9821,60.26957],[25.9837,60.27598],[25.96621,60.27534],[25.93965,60.26796],[25.93673,60.27075],[25.93652,60.27715],[25.93255,60.28044],[25.94091,60.28486],[25.93338,60.30246],[25.94565,60.30575],[25.9563,60.30315],[25.95565,60.29944],[25.96129,60.3005],[25.96167,60.30473],[25.95543,60.30622],[25.95202,60.31617],[25.95527,60.31927],[25.9498,60.32102],[25.95018,60.32537],[25.94363,60.32813],[25.93843,60.33782],[25.93469,60.34137],[25.92593,60.34079],[25.93022,60.35157],[25.93787,60.3547],[25.94878,60.35274],[25.96579,60.34298],[25.98055,60.34416],[25.98797,60.3382],[25.99989,60.33676],[25.99334,60.33133],[25.99406,60.32468],[26.01064,60.32225],[26.01034,60.31559],[26.02126,60.31261],[26.02985,60.31855],[26.0241,60.32107],[26.01898,60.3369],[26.01055,60.34247],[26.00489,60.34191],[25.98927,60.35434],[25.99451,60.36871],[25.98586,60.37273],[25.98676,60.3602],[25.98189,60.35108],[25.96588,60.35083],[25.96834,60.35494],[25.96259,60.35694],[25.96079,60.35428],[25.944,60.35693],[25.93344,60.36362],[25.93361,60.36644],[25.9049,60.37516],[25.8928,60.39656],[25.85898,60.40984],[25.85137,60.40542],[25.86022,60.39654],[25.86796,60.39686],[25.8673,60.39353],[25.88247,60.38867],[25.88598,60.38422],[25.88486,60.37909],[25.89102,60.373],[25.91108,60.36818],[25.908,60.36009],[25.91684,60.35018],[25.91627,60.34404],[25.91046,60.34015],[25.88478,60.3361],[25.87434,60.33946],[25.86927,60.33673],[25.88486,60.3338],[25.87001,60.33034],[25.8707,60.32523],[25.86452,60.32492],[25.87395,60.32091],[25.87326,60.31834],[25.88117,60.31355],[25.88079,60.30945],[25.88773,60.31028],[25.89309,60.30431],[25.89612,60.30612],[25.90216,60.30272],[25.89772,60.29679],[25.8865,60.29312],[25.88628,60.28467],[25.90617,60.2833],[25.90627,60.28023],[25.91017,60.27924],[25.9047,60.27331],[25.91087,60.27361],[25.90815,60.27026],[25.91358,60.26954],[25.91763,60.26394],[25.9274,60.26453],[25.92751,60.26121],[25.9365,60.26178],[25.93632,60.25949],[25.92472,60.25197],[25.88584,60.24461],[25.87886,60.25287],[25.86077,60.25477],[25.87143,60.25921],[25.86411,60.26247],[25.87165,60.26791],[25.87053,60.27046],[25.86018,60.27191],[25.8572,60.27598],[25.85736,60.28622],[25.86097,60.28864],[25.84151,60.28992],[25.81334,60.28481],[25.80296,60.28676],[25.7872,60.30146],[25.76267,60.31138],[25.7635,60.31455],[25.75838,60.32039],[25.74125,60.32304],[25.7457,60.31465],[25.74004,60.31433],[25.74393,60.30706],[25.75953,60.31041],[25.76425,60.30151],[25.77236,60.29851],[25.78205,60.28784],[25.78112,60.28477],[25.78718,60.28137],[25.81365,60.27611],[25.84387,60.28124],[25.85149,60.27695],[25.84318,60.27176],[25.84773,60.26694],[25.83923,60.26699],[25.83016,60.26128],[25.78875,60.26667],[25.79393,60.25878],[25.78974,60.25388],[25.79415,60.25291],[25.79127,60.24724],[25.79541,60.2396],[25.78623,60.23721],[25.78246,60.24179],[25.77368,60.24273],[25.77394,60.24939],[25.76462,60.25071],[25.75722,60.24898],[25.7561,60.24474],[25.74507,60.2504],[25.74072,60.2565],[25.71414,60.26443],[25.70892,60.27257],[25.71684,60.27444],[25.7048,60.27906],[25.68279,60.27539],[25.66773,60.27805],[25.6623,60.28491],[25.66362,60.29055],[25.65864,60.29895],[25.64674,60.29985],[25.65365,60.30734],[25.64033,60.3113],[25.64088,60.32282],[25.63025,60.32426],[25.62905,60.3282],[25.63515,60.33044],[25.66715,60.33026],[25.69578,60.33745],[25.65723,60.3331],[25.64218,60.33512],[25.6381,60.3402],[25.64402,60.34666],[25.6417,60.35278],[25.66373,60.35735],[25.7009,60.33853],[25.72071,60.34025],[25.71791,60.35225],[25.68922,60.3594],[25.69987,60.36436],[25.70402,60.37056],[25.70262,60.37322],[25.68854,60.37628],[25.68586,60.36576],[25.6773,60.3603],[25.67064,60.35895],[25.6651,60.36171],[25.66469,60.36555],[25.66103,60.36654],[25.66188,60.3709],[25.67931,60.3744],[25.6712,60.38327],[25.66916,60.38261],[25.67528,60.3782],[25.67462,60.37537],[25.6516,60.36951],[25.64175,60.3579],[25.62601,60.35134],[25.61734,60.33052],[25.60651,60.33015],[25.60465,60.33755],[25.60781,60.34219],[25.59704,60.34028],[25.59643,60.33055],[25.60208,60.33112],[25.59737,60.32672],[25.59927,60.32444],[25.58752,60.32164],[25.58459,60.31789],[25.58959,60.31564],[25.58733,60.31408],[25.58872,60.30983],[25.60271,60.31641],[25.61138,60.3064],[25.61714,60.30454],[25.61904,60.30238],[25.60825,60.29536],[25.61757,60.28215],[25.6369,60.28209],[25.63375,60.27732],[25.65096,60.27251],[25.65687,60.26028],[25.67257,60.26044],[25.67318,60.25815],[25.6686,60.25682],[25.67281,60.25468],[25.66915,60.24966],[25.67783,60.24514],[25.67616,60.24179],[25.68003,60.24158],[25.67913,60.23824],[25.66521,60.239],[25.66396,60.23169],[25.63437,60.2255],[25.63739,60.22093],[25.63132,60.2183],[25.63998,60.21418],[25.64047,60.20867],[25.63372,60.204],[25.62556,60.20225],[25.62288,60.20491],[25.62814,60.20829],[25.62466,60.21158],[25.61122,60.21323],[25.60616,60.21727],[25.60938,60.22012],[25.60773,60.22267],[25.60264,60.22146],[25.59189,60.22608],[25.63599,60.23588],[25.63301,60.23956],[25.64498,60.24276],[25.63664,60.24523],[25.61751,60.23505],[25.60884,60.23906],[25.59317,60.23825],[25.59545,60.24105],[25.59181,60.24604],[25.58505,60.24751],[25.58801,60.25061],[25.57694,60.25638],[25.57625,60.26059],[25.57152,60.26272],[25.56988,60.27064],[25.57013,60.27679],[25.57593,60.28554],[25.57339,60.29652],[25.57514,60.30371],[25.58414,60.30432],[25.58542,60.3106],[25.57713,60.31141],[25.57973,60.31681],[25.57311,60.32083],[25.57852,60.33882],[25.57308,60.33926],[25.57109,60.33156],[25.55598,60.33474],[25.55526,60.33932],[25.54702,60.33872],[25.54672,60.33411],[25.52914,60.33469],[25.53081,60.33189],[25.52576,60.3294],[25.51448,60.32787],[25.53108,60.32601],[25.53127,60.32179],[25.54525,60.32066],[25.55275,60.31447],[25.54511,60.29468],[25.54046,60.29489],[25.54224,60.28979],[25.53714,60.28282],[25.53253,60.282],[25.53207,60.2866],[25.51407,60.28564],[25.52788,60.28247],[25.51052,60.27867],[25.5128,60.27385],[25.51115,60.26487],[25.50811,60.26381],[25.50827,60.26023],[25.50062,60.25861],[25.50304,60.25633],[25.49925,60.24911],[25.49077,60.24877],[25.48177,60.24304],[25.46662,60.2421],[25.47066,60.2383],[25.45811,60.23149],[25.45141,60.23168],[25.44298,60.22493],[25.43298,60.2243],[25.4331,60.22724],[25.42768,60.22756],[25.42551,60.22447],[25.41833,60.224],[25.4187,60.2377],[25.40811,60.24371],[25.40313,60.25095],[25.41552,60.25033],[25.42049,60.24847],[25.41936,60.24525],[25.43786,60.24598],[25.47924,60.25312],[25.48682,60.25615],[25.4872,60.2591],[25.46278,60.25267],[25.45045,60.25202],[25.45308,60.25627],[25.44328,60.25667],[25.44737,60.25186],[25.44124,60.25089],[25.42726,60.25239],[25.43226,60.25553],[25.42437,60.25901],[25.41481,60.25403],[25.3902,60.25207],[25.37722,60.25409],[25.37846,60.26025],[25.38783,60.26881],[25.37516,60.26968],[25.35149,60.26388],[25.3294,60.28293],[25.32591,60.28058],[25.34809,60.26498],[25.34627,60.2601],[25.34925,60.25733],[25.34102,60.25709],[25.33562,60.26189],[25.32337,60.25982],[25.32379,60.2565],[25.31184,60.25353],[25.28241,60.25495],[25.25693,60.24987],[25.24144,60.25058],[25.24397,60.26109],[25.23832,60.26076],[25.23746,60.25741],[25.23136,60.25619],[25.23872,60.24848],[25.235,60.24613],[25.22104,60.24697],[25.21705,60.24461],[25.21879,60.24105],[25.20906,60.23529],[25.18574,60.23344],[25.19288,60.22995],[25.18885,60.22836],[25.17711,60.23127],[25.18618,60.22551],[25.18597,60.22013],[25.17813,60.22232],[25.17674,60.21949],[25.18504,60.21832],[25.18719,60.21051],[25.17892,60.208],[25.18153,60.20266],[25.18761,60.19967],[25.16979,60.19337],[25.15768,60.20169],[25.13362,60.19969],[25.13913,60.19311],[25.1504,60.19378],[25.14568,60.1909],[25.15042,60.18431],[25.13273,60.18816],[25.13485,60.19152],[25.12814,60.19654],[25.11854,60.19359],[25.10665,60.1947],[25.09368,60.18799],[25.09019,60.19037],[25.11473,60.20634],[25.11908,60.21536],[25.09737,60.20404],[25.09758,60.20046],[25.06532,60.1982],[25.07355,60.19371],[25.06273,60.18536],[25.06802,60.17853],[25.06398,60.17718],[25.06478,60.17247],[25.07737,60.16792],[25.07512,60.17147],[25.08171,60.17284],[25.08642,60.17137],[25.08688,60.1678],[25.09272,60.16904],[25.09802,60.16181],[25.09481,60.15959],[25.06513,60.15775],[25.04292,60.15985],[25.03859,60.16351],[25.01401,60.16237],[25.00969,60.16999],[25.01452,60.17518],[25.03084,60.18144],[25.04581,60.18038],[25.0432,60.18533],[25.02809,60.1846],[25.02364,60.19016],[25.00057,60.19775],[25.0189,60.20059],[25.01603,60.20541],[25.02058,60.20676],[25.00929,60.21478],[25.00521,60.21421],[25.00306,60.20726],[24.99267,60.2048],[24.98391,60.21337],[24.98263,60.2049],[24.97894,60.20229],[24.98492,60.197],[24.98324,60.18674],[25.0133,60.19103],[25.01968,60.18754],[25.01762,60.17907],[24.98584,60.18614],[24.97941,60.18207],[24.97719,60.17641],[24.96384,60.1803],[24.96625,60.17334],[24.96015,60.16949],[24.97711,60.16937],[24.97957,60.16697],[24.97183,60.16327],[24.9545,60.16531],[24.96262,60.15852],[24.96257,60.15519],[24.93339,60.15384],[24.9282,60.14647],[24.91939,60.14787],[24.92617,60.15437],[24.92376,60.15587],[24.9177,60.15014],[24.90792,60.1505],[24.90252,60.15477],[24.90561,60.15866],[24.90049,60.16241],[24.89001,60.15764],[24.89411,60.14977],[24.89058,60.14869],[24.8903,60.1451],[24.87342,60.14419],[24.8762,60.14872],[24.87222,60.1548],[24.85755,60.15136],[24.85247,60.15422],[24.85767,60.15739],[24.85541,60.16054],[24.84795,60.16464],[24.81326,60.16881],[24.80315,60.15853],[24.75746,60.15073],[24.74774,60.14275],[24.73438,60.14278],[24.73156,60.14657],[24.73343,60.14917],[24.72421,60.14888],[24.72161,60.14563],[24.71366,60.1455],[24.71139,60.14136],[24.69204,60.13898],[24.70178,60.13556],[24.69969,60.13246],[24.72829,60.13436],[24.73145,60.13326],[24.73074,60.12864],[24.74063,60.12663],[24.74227,60.12141],[24.73715,60.12107],[24.73568,60.11656],[24.70316,60.10474],[24.69858,60.10786],[24.67926,60.10906],[24.68104,60.11306],[24.7116,60.12345],[24.69335,60.12761],[24.68316,60.12667],[24.68263,60.1232],[24.68839,60.11793],[24.6757,60.11578],[24.6659,60.12393],[24.66234,60.13436],[24.63947,60.1383],[24.63316,60.15125],[24.6275,60.15142],[24.61937,60.15728],[24.61016,60.15673],[24.61369,60.15423],[24.6124,60.15062],[24.62252,60.14568],[24.62225,60.13877],[24.62862,60.13581],[24.62531,60.13191],[24.61769,60.13075],[24.61797,60.12691],[24.61084,60.1191],[24.59467,60.11573],[24.57513,60.10591],[24.58768,60.10614],[24.61786,60.12128],[24.63035,60.11882],[24.63375,60.12157],[24.63991,60.12155],[24.64632,60.11436],[24.64652,60.10797],[24.65073,60.10651],[24.65018,60.09984],[24.64416,60.09794],[24.64192,60.09329],[24.62461,60.08479],[24.62151,60.08857],[24.61675,60.08708],[24.61897,60.0811],[24.62397,60.07927],[24.61034,60.0766],[24.6065,60.07294],[24.60875,60.07017],[24.62214,60.06913],[24.61648,60.06237],[24.60695,60.05964],[24.61471,60.0585],[24.61302,60.0536],[24.60341,60.05189],[24.60418,60.05536],[24.59518,60.05238],[24.59858,60.04797],[24.58598,60.04518],[24.57698,60.04924],[24.56289,60.04603],[24.57777,60.05949],[24.59753,60.06587],[24.59598,60.06955],[24.58195,60.06533],[24.58288,60.06304],[24.57571,60.05958],[24.56908,60.0592],[24.5616,60.04959],[24.55213,60.0437],[24.53928,60.03996],[24.54182,60.03668],[24.53845,60.03047],[24.54648,60.03254],[24.54996,60.03043],[24.54747,60.02616],[24.55434,60.02309],[24.55083,60.01986],[24.54413,60.0229],[24.52793,60.02055],[24.52411,60.0238],[24.51668,60.02392],[24.51766,60.02112],[24.51011,60.01945],[24.51413,60.01363],[24.51257,60.01053],[24.51771,60.00679],[24.50875,60.00355],[24.50572,59.99632],[24.50112,59.99636],[24.49401,60.0025],[24.48909,59.99652],[24.50405,59.99475],[24.49336,59.98405],[24.48115,59.98331],[24.48276,59.98897],[24.46583,59.99214],[24.46165,59.99778],[24.45361,59.99596],[24.45334,59.99276],[24.46162,59.99151],[24.46151,59.98626],[24.43977,59.98328],[24.43465,59.97678],[24.42763,59.97511],[24.42511,59.98119],[24.42903,59.98333],[24.42626,59.98609],[24.41527,59.9764],[24.41613,59.97194],[24.42307,59.96785],[24.42258,59.96451],[24.41341,59.96087],[24.40941,59.96417],[24.40094,59.96357],[24.40272,59.96706],[24.39547,59.96833],[24.39041,59.97745],[24.41323,59.98942],[24.42502,59.99221],[24.42852,60.0009],[24.42303,60.00139],[24.42466,60.00667],[24.43797,60.01307],[24.43999,60.02002],[24.4667,60.03193],[24.44487,60.02972],[24.44424,60.03457],[24.4641,60.04584],[24.47525,60.04733],[24.47103,60.05224],[24.47402,60.05332],[24.47245,60.05713],[24.478,60.06493],[24.47411,60.06562],[24.46093,60.05717],[24.46187,60.05487],[24.45546,60.05169],[24.45611,60.04325],[24.43135,60.03906],[24.42511,60.02703],[24.43,60.02354],[24.42595,60.02295],[24.42642,60.01682],[24.41585,60.01482],[24.41156,60.02062],[24.41953,60.02667],[24.41919,60.03101],[24.41351,60.03167],[24.40911,60.02902],[24.40589,60.0177],[24.38247,60.01646],[24.37654,60.03325],[24.36865,60.03591],[24.37545,60.02759],[24.34826,60.02526],[24.34823,60.01297],[24.35239,60.01202],[24.35243,60.00844],[24.33082,60.00365],[24.31949,60.0047],[24.32068,60.01523],[24.33821,60.02941],[24.3625,60.03604],[24.36211,60.04089],[24.35597,60.04089],[24.36057,60.05059],[24.36439,60.05067],[24.37444,60.05958],[24.37192,60.06234],[24.37451,60.07161],[24.37167,60.07514],[24.37468,60.08237],[24.35911,60.08488],[24.35565,60.08967],[24.34868,60.0903],[24.33381,60.08718],[24.33246,60.07845],[24.32126,60.07758],[24.31851,60.07983],[24.32406,60.08084],[24.32339,60.08288],[24.30631,60.08509],[24.30223,60.08168],[24.30326,60.07837],[24.29458,60.07794],[24.29488,60.07436],[24.30223,60.07442],[24.30949,60.0648],[24.31829,60.0637],[24.31835,60.05973],[24.30005,60.05513],[24.28133,60.05846],[24.27039,60.0544],[24.26809,60.05128],[24.271,60.04711],[24.2795,60.04639],[24.27311,60.04011],[24.26657,60.0387],[24.25549,60.04282],[24.24266,60.04307],[24.2426,60.04691],[24.23046,60.04819],[24.23144,60.05179],[24.22627,60.0554],[24.22356,60.04804],[24.21631,60.04584],[24.21217,60.04652],[24.20711,60.05794],[24.19712,60.05491],[24.19155,60.06017],[24.18826,60.05676],[24.18136,60.05944],[24.1713,60.05743],[24.16332,60.04907],[24.17356,60.04903],[24.17874,60.04223],[24.18602,60.04097],[24.1988,60.04419],[24.19807,60.0347],[24.21255,60.02681],[24.2099,60.02471],[24.20076,60.024],[24.20097,60.02759],[24.17783,60.02496],[24.1713,60.02747],[24.16693,60.02482],[24.14868,60.02878],[24.15288,60.03348],[24.1352,60.03668],[24.13632,60.0444],[24.15072,60.04662],[24.15215,60.05088],[24.1215,60.04112],[24.11979,60.03925],[24.12846,60.0377],[24.12849,60.03141],[24.12268,60.03334],[24.11591,60.02602],[24.11016,60.03025],[24.08736,60.03359],[24.07267,60.03185],[24.08972,60.03005],[24.09356,60.02118],[24.08854,60.02017],[24.08203,60.02438],[24.05797,60.02449],[24.07239,60.01764],[24.05982,60.01518],[24.05614,60.01625],[24.06099,60.0193],[24.04501,60.02061],[24.04942,60.02289],[24.04962,60.02635],[24.04091,60.02641],[24.04137,60.02411],[24.02868,60.02588],[24.02541,60.03374],[24.01901,60.03668],[24.01921,60.04577],[24.01253,60.046],[24.00796,60.04001],[23.99941,60.03779],[24.00301,60.03247],[23.98333,60.02407],[23.96858,60.02223],[23.96625,60.01908],[23.96788,60.01443],[23.96148,60.0115],[23.87171,60.02027],[23.86895,60.0179],[23.95727,60.00443],[23.94108,60.00069],[23.93624,59.99798],[23.93829,59.99512],[23.93421,59.99239],[23.91061,59.99727],[23.88888,59.99429],[23.8776,59.99979],[23.88607,60.00319],[23.85233,60.00315],[23.84338,59.9972],[23.84915,59.99298],[23.88112,59.99331],[23.90503,59.98894],[23.89329,59.9892],[23.87956,59.97823],[23.88386,59.97775],[23.88423,59.98197],[23.89635,59.98323],[23.90101,59.98685],[23.90856,59.98554],[23.92783,59.98959],[23.95706,59.98497],[23.97769,59.98707],[24.00233,59.98072],[23.99839,59.97853],[23.97923,59.9814],[23.97792,59.97823],[23.99108,59.97396],[23.97351,59.97461],[23.98143,59.96991],[23.94408,59.97118],[23.92477,59.96367],[23.93771,59.96274],[23.93166,59.95776],[23.92946,59.95025],[23.94831,59.94983],[23.94813,59.95354],[23.95773,59.95525],[23.9658,59.95123],[23.93404,59.94425],[23.93816,59.93891],[23.94886,59.94068],[23.95475,59.93611],[23.95441,59.93228],[23.94918,59.93086],[23.93288,59.93122],[23.92982,59.93411],[23.93188,59.93713],[23.9239,59.94132],[23.91739,59.94053],[23.91319,59.94805],[23.91569,59.95042],[23.89382,59.95718],[23.89217,59.95581],[23.89982,59.94988],[23.89016,59.95022],[23.88119,59.94696],[23.87877,59.94266],[23.87259,59.94202],[23.87042,59.94642],[23.87831,59.94907],[23.86969,59.94977],[23.86865,59.94365],[23.83949,59.94274],[23.83246,59.93828],[23.83423,59.93505],[23.80752,59.93293],[23.82263,59.94272],[23.8385,59.94327],[23.83944,59.94825],[23.85176,59.949],[23.84789,59.95152],[23.84765,59.95767],[23.8549,59.9588],[23.85291,59.96242],[23.86027,59.96482],[23.85917,59.9669],[23.87444,59.9722],[23.85099,59.96964],[23.85153,59.96425],[23.84183,59.95831],[23.8368,59.95919],[23.83254,59.95108],[23.82413,59.94832],[23.81846,59.95063],[23.82519,59.96072],[23.83609,59.96586],[23.83713,59.97198],[23.84421,59.97413],[23.83791,59.97811],[23.84346,59.9803],[23.85291,59.99213],[23.83812,59.99245],[23.83408,59.97819],[23.80671,59.96768],[23.77053,59.96661],[23.76612,59.96581],[23.76546,59.96095],[23.74403,59.96115],[23.74131,59.95916],[23.75454,59.95862],[23.75317,59.95443],[23.72156,59.96111],[23.71519,59.97072],[23.71208,59.96386],[23.7033,59.9689],[23.70337,59.97189],[23.67638,59.97713],[23.67977,59.97476],[23.67772,59.97147],[23.66959,59.96895],[23.66188,59.97461],[23.65278,59.96942],[23.653,59.96583],[23.66419,59.96522],[23.67744,59.95855],[23.68879,59.95998],[23.67857,59.96941],[23.68064,59.97295],[23.68681,59.97346],[23.70781,59.96471],[23.70782,59.95857],[23.69503,59.95512],[23.73459,59.952],[23.76636,59.95338],[23.73622,59.94697],[23.73568,59.94045],[23.72126,59.93882],[23.72164,59.94343],[23.70304,59.94702],[23.69435,59.94681],[23.68809,59.93874],[23.70273,59.93691],[23.63983,59.93511],[23.63378,59.936],[23.63601,59.93838],[23.64469,59.93847],[23.64643,59.94112],[23.62382,59.93914],[23.61634,59.94134],[23.61301,59.93796],[23.58519,59.93453],[23.54204,59.93742],[23.51432,59.93513],[23.50624,59.92952],[23.49589,59.92754],[23.46043,59.92399],[23.45286,59.92157],[23.45341,59.91874],[23.417,59.91583],[23.35536,59.9167],[23.36071,59.93093],[23.3765,59.93423],[23.38216,59.93131],[23.38514,59.93382],[23.37858,59.93471],[23.37879,59.93765],[23.42302,59.95643],[23.4276,59.95621],[23.42742,59.94687],[23.46652,59.94423],[23.46927,59.93995],[23.47534,59.9392],[23.47614,59.94315],[23.47024,59.94621],[23.45458,59.9483],[23.45038,59.95362],[23.45373,59.96098],[23.5018,59.97211],[23.51563,59.9794],[23.56219,59.98683],[23.56293,59.98988],[23.54974,59.99116],[23.54525,59.98587],[23.53373,59.98225],[23.49891,59.98125],[23.49557,59.98439],[23.48004,59.98161],[23.48083,59.97852],[23.47042,59.96912],[23.42967,59.9636],[23.42832,59.95915],[23.42316,59.95833],[23.42157,59.96106],[23.42305,59.96718],[23.43016,59.97038],[23.42806,59.97298],[23.4304,59.97703],[23.43718,59.98241],[23.45854,59.98803],[23.45887,59.99596],[23.46301,59.99999],[23.48765,60.00131],[23.48389,60.01264],[23.47955,60.01273],[23.481,60.01832],[23.48441,60.01955],[23.48338,60.0229],[23.49108,60.02659],[23.49353,60.03192],[23.49107,60.03325],[23.50526,60.03477],[23.51351,60.03897],[23.5232,60.0352],[23.52273,60.03905],[23.54079,60.04101],[23.54185,60.04816],[23.53829,60.04848],[23.5389,60.05308],[23.53513,60.05392],[23.53257,60.06395],[23.53552,60.06902],[23.5338,60.0734],[23.53763,60.07998],[23.5578,60.09214],[23.54751,60.09268],[23.54134,60.08811],[23.52672,60.09133],[23.52382,60.0869],[23.51506,60.0863],[23.51938,60.0724],[23.51351,60.06585],[23.50628,60.06855],[23.50192,60.06171],[23.49576,60.06145],[23.49629,60.05824],[23.4919,60.05448],[23.49478,60.05187],[23.49176,60.04937],[23.48008,60.04702],[23.477,60.05041],[23.46674,60.05009],[23.47175,60.04513],[23.46595,60.03602],[23.47213,60.02976],[23.46708,60.02371],[23.4659,60.01477],[23.45108,59.99764],[23.43057,59.98983],[23.4231,59.98203],[23.41155,59.98122],[23.40452,59.97597],[23.40581,59.97262],[23.39541,59.96998],[23.39274,59.96133],[23.38814,59.96129],[23.38794,59.95502],[23.38013,59.94927],[23.38209,59.94463],[23.37527,59.93835],[23.31283,59.92103],[23.30239,59.9102],[23.22366,59.89158],[23.22257,59.8829],[23.22581,59.88182],[23.22904,59.86538],[23.24414,59.86281],[23.23751,59.85884],[23.2437,59.8563],[23.23248,59.85598],[23.23095,59.84832],[23.21982,59.84927],[23.21605,59.84614],[23.25225,59.8509],[23.24967,59.84301],[23.20231,59.83844],[23.18983,59.83429],[23.18787,59.82767],[23.1708,59.83102],[23.17181,59.83485],[23.15942,59.83582],[23.13758,59.82837],[23.12852,59.82992],[23.12502,59.82691],[23.10742,59.82591],[23.09883,59.82682],[23.10222,59.83214],[23.09978,59.83385],[23.08711,59.83455],[23.08173,59.8299],[23.08764,59.82674],[23.06115,59.82588],[23.065,59.82223],[23.05981,59.82065],[23.0444,59.82639],[23.04567,59.82228],[23.03968,59.81981],[23.0421,59.82617],[23.02567,59.82361],[22.99766,59.82698],[22.98381,59.82502],[22.98659,59.82037],[22.97246,59.82224],[22.97154,59.81958],[22.96345,59.8202],[22.96153,59.8178],[22.94437,59.81997],[22.94782,59.82249],[22.94305,59.82345],[22.93036,59.82389],[22.91251,59.81403],[22.91625,59.80835],[22.90632,59.81234],[22.89239,59.8087],[22.89108,59.81256],[22.89563,59.81211],[22.90308,59.81802],[22.90125,59.8215],[22.9166,59.82332],[22.92527,59.82819],[22.92481,59.83332],[22.93497,59.84187],[22.93437,59.8447],[22.9481,59.8491],[22.95595,59.84412],[22.96364,59.84503],[22.96549,59.85063],[22.98202,59.84616],[22.9934,59.84932],[23.00067,59.85599],[23.01471,59.8568],[23.01651,59.86125],[23.02571,59.86188],[23.02544,59.86585],[23.04834,59.86563],[23.05298,59.8708],[23.07168,59.87281],[23.06433,59.88957],[23.0784,59.8905],[23.07805,59.89306],[23.08215,59.89351],[23.09021,59.8921],[23.08551,59.89026],[23.08812,59.88318],[23.09369,59.88258],[23.10833,59.88862],[23.15609,59.88669],[23.1689,59.89173],[23.16576,59.90215],[23.17198,59.90371],[23.16778,59.90583],[23.171,59.90808],[23.18981,59.91135],[23.20451,59.91008],[23.20564,59.91186],[23.19088,59.91978],[23.15841,59.90675],[23.14588,59.91003],[23.14658,59.91296],[23.15764,59.91047],[23.16838,59.91478],[23.16933,59.91783],[23.16423,59.91779],[23.16072,59.92258],[23.1558,59.92151],[23.15572,59.91627],[23.15239,59.91606],[23.15069,59.9212],[23.14671,59.9228],[23.14647,59.93101],[23.15513,59.93855],[23.18524,59.94266],[23.19074,59.94487],[23.19121,59.94806],[23.197,59.94682],[23.20169,59.95211],[23.21407,59.95522],[23.20446,59.96308],[23.19663,59.97575],[23.18015,59.97398],[23.17805,59.96915],[23.18239,59.96351],[23.18012,59.95932],[23.18762,59.95784],[23.18719,59.95033],[23.18186,59.94632],[23.1685,59.94409],[23.15562,59.94622],[23.15664,59.95278],[23.16685,59.95077],[23.16336,59.95827],[23.15568,59.96286],[23.15719,59.96642],[23.14985,59.96619],[23.13927,59.96482],[23.13203,59.95915],[23.13648,59.95016],[23.13342,59.94632],[23.12288,59.94087],[23.10533,59.94059],[23.10376,59.93707],[23.09446,59.93927],[23.0954,59.94207],[23.10526,59.94473],[23.09812,59.94471],[23.09704,59.95587],[23.10157,59.95887],[23.10182,59.9709],[23.1095,59.97922],[23.1092,59.98665],[23.11808,60.00161],[23.13837,60.00334],[23.19071,60.01771],[23.19818,60.01477],[23.20825,60.01626],[23.21379,60.01873],[23.21084,60.02441],[23.22515,60.02801],[23.2323,60.03147],[23.23357,60.03529],[23.21309,60.03128],[23.20149,60.03378],[23.1905,60.03013],[23.18771,60.02275],[23.17781,60.01599],[23.15302,60.01231],[23.14865,60.00803],[23.09989,60.00496],[23.06513,59.98863],[23.03812,59.98969],[23.02909,59.98407],[23.03187,59.97954],[23.05252,59.97884],[23.055,59.98174],[23.07561,59.98462],[23.0777,59.97717],[23.07204,59.97649],[23.0685,59.96899],[23.0736,59.96878],[23.07403,59.96532],[23.06803,59.96145],[23.07179,59.96036],[23.06877,59.95683],[23.07698,59.95759],[23.08346,59.96325],[23.09281,59.96157],[23.08462,59.95734],[23.08824,59.95396],[23.08612,59.94862],[23.07707,59.94274],[23.06633,59.94227],[23.0683,59.93712],[23.06456,59.93027],[23.06885,59.92534],[23.06628,59.92103],[23.04153,59.91654],[23.03397,59.91794],[23.03322,59.91412],[23.02836,59.91368],[23.02838,59.90574],[23.01122,59.90012],[23.01274,59.90829],[23.01905,59.91152],[23.02458,59.91028],[23.02724,59.91625],[23.02583,59.92242],[23.01542,59.92309],[23.00291,59.93557],[23.02173,59.93887],[23.02111,59.94118],[22.98643,59.93723],[22.97977,59.94104],[22.97887,59.95155],[22.97508,59.95225],[22.96826,59.94915],[22.96721,59.9443],[22.97061,59.94143],[22.96341,59.93617],[22.96374,59.93309],[22.97917,59.93529],[22.99474,59.93109],[23.00831,59.91527],[22.99671,59.92133],[22.98739,59.91916],[22.98006,59.9203],[22.98046,59.9226],[22.97325,59.92168],[22.97352,59.91733],[22.95997,59.92099],[22.95641,59.91681],[22.95777,59.91398],[22.99257,59.91192],[22.97707,59.90857],[22.96876,59.91023],[22.9694,59.90382],[22.95407,59.90751],[22.94467,59.90355],[22.94241,59.90845],[22.92973,59.90966],[22.92032,59.91427],[22.91558,59.91178],[22.91404,59.9159],[22.90717,59.91613],[22.90338,59.91222],[22.88778,59.91577],[22.87549,59.92388],[22.87422,59.9285],[22.86475,59.93248],[22.85969,59.94215],[22.86977,59.94905],[22.86943,59.95212],[22.85639,59.96075],[22.83332,59.96364],[22.82227,59.97633],[22.8242,59.97886],[22.81479,59.97951],[22.81195,59.98364],[22.81504,59.98872],[22.81187,59.99618],[22.81669,60.00021],[22.80944,60.01721],[22.81958,60.02027],[22.82821,60.01912],[22.83151,60.0233],[22.84217,60.02187],[22.83395,60.02122],[22.84441,60.01621],[22.83795,60.01041],[22.84315,60.00727],[22.83618,60.00609],[22.83695,60.00147],[22.82416,60.00113],[22.8395,59.99222],[22.85224,59.99153],[22.85206,59.98834],[22.83514,59.98729],[22.83084,59.98339],[22.8406,59.98452],[22.83937,59.9807],[22.85107,59.97977],[22.85038,59.96749],[22.86948,59.97106],[22.87584,59.97993],[22.88823,59.97745],[22.90137,59.97957],[22.90188,59.97521],[22.91371,59.97657],[22.90679,59.98947],[22.93611,59.99289],[22.94939,59.99269],[22.95533,59.9894],[22.95071,59.98038],[22.96756,59.98039],[22.97523,59.97183],[22.98446,59.97247],[22.98886,59.97777],[23.00735,59.97953],[23.00687,59.98415],[23.00289,59.98601],[23.0147,59.9912],[23.01991,59.98446],[23.02948,59.98636],[23.02996,59.98994],[23.02317,59.99184],[23.02604,59.99691],[23.01997,60.00212],[23.01106,60.00277],[23.00776,60.00743],[23.00725,60.01998],[23.01659,60.02214],[22.99682,60.02091],[22.99677,60.02424],[22.98804,60.02795],[22.99611,60.03026],[22.98852,60.03166],[22.98947,60.03894],[22.99348,60.04058],[23.02566,60.04914],[23.05162,60.04272],[23.10654,60.03712],[23.10808,60.02916],[23.09437,60.02272],[23.08576,60.01471],[23.0855,60.00951],[23.0915,60.0079],[23.0946,60.00969],[23.08945,60.01186],[23.09127,60.01486],[23.09927,60.01587],[23.1009,60.01192],[23.11423,60.00935],[23.11599,60.04491],[23.1547,60.05375],[23.1619,60.06208],[23.17851,60.06552],[23.20025,60.06132],[23.22747,60.0624],[23.23082,60.05889],[23.22343,60.05569],[23.2207,60.04933],[23.20994,60.04158],[23.21758,60.03735],[23.2249,60.03953],[23.22591,60.04694],[23.23918,60.05389],[23.24312,60.05152],[23.24766,60.05809],[23.26394,60.06396],[23.23318,60.06359],[23.23287,60.06654],[23.22539,60.06961],[23.17112,60.07],[23.1513,60.06456],[23.15416,60.06119],[23.14416,60.057],[23.14077,60.06011],[23.14168,60.06625],[23.14749,60.06898],[23.14031,60.0687],[23.12888,60.0662],[23.12384,60.05963],[23.11093,60.05792],[23.10214,60.05254],[23.10635,60.05031],[23.11677,60.05309],[23.11542,60.04799],[23.107,60.04838],[23.10414,60.03972],[23.08333,60.04261],[23.08031,60.04727],[23.08506,60.0495],[23.08309,60.05477],[23.07167,60.05239],[23.07929,60.05139],[23.07694,60.04655],[23.06291,60.04319],[23.05233,60.04591],[23.05158,60.05028],[23.06653,60.05197],[23.06877,60.05513],[23.04836,60.05621],[23.04251,60.06091],[23.04554,60.06445],[23.04338,60.06679],[23.03635,60.06907],[23.03115,60.06677],[23.02625,60.06853],[23.02668,60.06368],[23.01892,60.06743],[23.01702,60.06284],[22.99814,60.06389],[22.98781,60.07096],[22.98561,60.08124],[22.9924,60.08753],[23.01807,60.08829],[23.01879,60.09174],[23.00053,60.09483],[23.00094,60.09738],[23.02998,60.10295],[23.02493,60.10828],[23.03433,60.1194],[23.04473,60.12155],[23.04552,60.12601],[23.05964,60.1304],[23.0273,60.12181],[23.01149,60.13178],[23.00613,60.12802],[23.01676,60.12556],[23.01598,60.12122],[22.98493,60.10825],[22.97114,60.1091],[22.97838,60.11871],[22.96431,60.11944],[22.95779,60.11313],[22.95983,60.10876],[22.96699,60.10839],[22.96925,60.10324],[22.96426,60.10126],[22.96961,60.09777],[22.96952,60.09069],[22.9532,60.08325],[22.93811,60.08821],[22.93273,60.08381],[22.93156,60.08996],[22.94444,60.09119],[22.9431,60.09453],[22.91981,60.09065],[22.92165,60.08704],[22.91461,60.08049],[22.90284,60.0808],[22.90115,60.07812],[22.8818,60.08019],[22.88155,60.0848],[22.86231,60.0797],[22.83971,60.07886],[22.83824,60.08464],[22.85914,60.08717],[22.85898,60.08435],[22.86823,60.08486],[22.86348,60.09743],[22.88739,60.11518],[22.88864,60.11913],[22.93056,60.12544],[22.96357,60.11983],[22.96903,60.12116],[22.96853,60.12552],[22.97729,60.12615],[22.96696,60.13373],[22.9383,60.13492],[22.90097,60.14402],[22.9046,60.14943],[22.90139,60.15122],[22.87642,60.15681],[22.86964,60.16407],[22.86932,60.17201],[22.88783,60.17673],[22.89003,60.17914],[22.88479,60.18638],[22.87359,60.1882],[22.85648,60.18155],[22.83039,60.17869],[22.82939,60.17461],[22.83562,60.17108],[22.84598,60.17259],[22.85724,60.16731],[22.84804,60.16336],[22.84839,60.16065],[22.85506,60.16043],[22.85534,60.15633],[22.8652,60.15812],[22.86333,60.15212],[22.87651,60.14937],[22.87638,60.14708],[22.86836,60.14846],[22.85732,60.14445],[22.85682,60.14188],[22.86375,60.13752],[22.87997,60.13807],[22.88084,60.13524],[22.85838,60.12839],[22.85761,60.11918],[22.84167,60.0956],[22.81657,60.08648],[22.78664,60.08266],[22.7734,60.07465],[22.77116,60.06636],[22.76563,60.06323],[22.77591,60.06412],[22.77972,60.04935],[22.77754,60.04682],[22.75491,60.04482],[22.75802,60.04068],[22.77636,60.04402],[22.77518,60.04097],[22.77811,60.03849],[22.78575,60.03775],[22.78604,60.03365],[22.78155,60.03115],[22.79152,60.03089],[22.78922,60.0262],[22.77583,60.02457],[22.78387,60.02191],[22.77684,60.01458],[22.76437,60.01103],[22.75763,60.02379],[22.76322,60.02793],[22.75471,60.03138],[22.74995,60.0285],[22.75031,60.01583],[22.76042,60.00891],[22.75559,60.00462],[22.74255,60.01414],[22.72635,60.0173],[22.7205,60.01302],[22.70335,60.01248],[22.70428,60.00568],[22.69411,60.00671],[22.69543,60.01283],[22.68735,60.01447],[22.68209,60.02683],[22.67912,60.02392],[22.68378,60.01989],[22.68137,60.01762],[22.6834,60.01222],[22.67888,60.00882],[22.68458,60.00529],[22.68013,60.00317],[22.68513,60.00106],[22.68422,59.99352],[22.66477,59.99249],[22.64901,60.0147],[22.65832,60.01689],[22.66543,60.02089],[22.66478,60.02321],[22.66028,60.02531],[22.66197,60.02836],[22.65204,60.02924],[22.65694,60.01998],[22.63785,60.0165],[22.64931,60.00973],[22.64571,60.00703],[22.63643,60.00846],[22.62949,60.0024],[22.61193,59.99878],[22.61494,60.00795],[22.61957,60.00854],[22.62675,60.01946],[22.61643,60.02278],[22.61639,60.02895],[22.59256,60.02102],[22.57239,60.02715],[22.58972,60.03654],[22.59918,60.0363],[22.60279,60.04214],[22.60015,60.04443],[22.59583,60.039],[22.57626,60.03299],[22.54776,60.03077],[22.55558,60.02838],[22.55547,60.02607],[22.52315,60.02339],[22.51048,60.01883],[22.5111,60.01546],[22.49386,60.01688],[22.46925,60.01043],[22.46696,60.01477],[22.46102,60.01397],[22.46194,60.00501],[22.45874,60.00049],[22.45036,59.99805],[22.4436,60.00443],[22.43584,60.00175],[22.43418,60.0058],[22.44646,60.01169],[22.43727,60.02328],[22.43806,60.03185],[22.4303,60.03282],[22.43441,60.02476],[22.43213,60.01911],[22.41871,60.00906],[22.40483,60.0106],[22.40363,60.01774],[22.40951,60.02676],[22.40563,60.03305],[22.39432,60.03162],[22.39792,60.02928],[22.40409,60.00609],[22.39655,60.00398],[22.40199,60.00114],[22.40072,59.99864],[22.39105,60.00051],[22.38257,60.00629],[22.38451,60.01057],[22.37994,60.01139],[22.37598,60.02064],[22.37704,60.02754],[22.3824,60.02749],[22.385,60.03211],[22.38143,60.0372],[22.37394,60.03909],[22.37757,60.04213],[22.3702,60.04783],[22.36284,60.06173],[22.36858,60.07651],[22.36477,60.08961],[22.3726,60.09324],[22.39103,60.09279],[22.40162,60.10075],[22.40672,60.10017],[22.40929,60.09426],[22.40767,60.08634],[22.41311,60.08782],[22.41787,60.09724],[22.41174,60.09769],[22.4046,60.10455],[22.41125,60.11011],[22.42738,60.10968],[22.44007,60.10097],[22.45397,60.10222],[22.4605,60.09933],[22.46558,60.09237],[22.46434,60.08752],[22.4697,60.08721],[22.47176,60.08155],[22.46549,60.0788],[22.46602,60.07342],[22.48466,60.07808],[22.4867,60.08762],[22.47354,60.09254],[22.47395,60.10187],[22.46517,60.10619],[22.47971,60.10462],[22.49114,60.10821],[22.4605,60.11085],[22.43934,60.11952],[22.44006,60.12413],[22.43486,60.12265],[22.43764,60.11571],[22.42285,60.11793],[22.43256,60.13445],[22.44278,60.13932],[22.46196,60.13797],[22.46752,60.14187],[22.46093,60.14361],[22.5363,60.15288],[22.55537,60.15419],[22.59521,60.15012],[22.6084,60.15215],[22.61724,60.14921],[22.61593,60.15384],[22.61136,60.15492],[22.58255,60.15373],[22.54009,60.15704],[22.53982,60.16242],[22.51592,60.16193],[22.49183,60.15734],[22.47356,60.16215],[22.44182,60.16429],[22.42098,60.15761],[22.41388,60.15948],[22.41352,60.16166],[22.41943,60.16326],[22.41829,60.16659],[22.41416,60.16613],[22.41275,60.1751],[22.41432,60.18174],[22.43932,60.18928],[22.44028,60.19374],[22.46047,60.20274],[22.45593,60.21046],[22.45553,60.22481],[22.4637,60.22906],[22.46535,60.23723],[22.47658,60.24081],[22.5038,60.23373],[22.50766,60.22831],[22.49579,60.22179],[22.49408,60.21823],[22.5002,60.21688],[22.498,60.21384],[22.47922,60.20803],[22.49095,60.20585],[22.51837,60.20938],[22.54963,60.20697],[22.56068,60.21234],[22.56834,60.2111],[22.58146,60.21658],[22.58967,60.21622],[22.592,60.22183],[22.61087,60.22889],[22.60114,60.22991],[22.57323,60.21655],[22.55767,60.21392],[22.51909,60.21385],[22.51953,60.21794],[22.53065,60.2301],[22.54969,60.23001],[22.55802,60.23221],[22.55438,60.23673],[22.55829,60.23784],[22.60395,60.24523],[22.58753,60.24632],[22.58088,60.25255],[22.58665,60.26003],[22.57783,60.25872],[22.57426,60.25416],[22.57251,60.24983],[22.57694,60.24568],[22.5744,60.2411],[22.55167,60.23932],[22.55186,60.24342],[22.5598,60.24793],[22.55349,60.25594],[22.56287,60.25826],[22.56237,60.2694],[22.58415,60.27759],[22.58037,60.27943],[22.55091,60.26685],[22.53657,60.26855],[22.53853,60.26098],[22.53142,60.25773],[22.5237,60.25782],[22.5263,60.26393],[22.51253,60.2614],[22.50911,60.25415],[22.49311,60.25331],[22.49351,60.25663],[22.48719,60.259],[22.47163,60.25687],[22.46317,60.26336],[22.45548,60.26396],[22.46131,60.26786],[22.47209,60.26685],[22.4733,60.27093],[22.46927,60.27302],[22.46932,60.27993],[22.47398,60.28602],[22.51146,60.30517],[22.51744,60.31177],[22.55224,60.32762],[22.55353,60.33285],[22.54111,60.33236],[22.53712,60.33522],[22.53768,60.34161],[22.54549,60.34843],[22.56001,60.3498],[22.5628,60.35411],[22.57745,60.35266],[22.59025,60.35545],[22.60261,60.36516],[22.60466,60.37537],[22.6237,60.38409],[22.62918,60.39017],[22.62694,60.39199],[22.64416,60.40023],[22.63396,60.40318],[22.6322,60.39884],[22.62807,60.39915],[22.60505,60.3833],[22.58299,60.37627],[22.57137,60.38217],[22.56307,60.38124],[22.55855,60.38411],[22.54292,60.38148],[22.49954,60.38274],[22.50355,60.37988],[22.53409,60.38068],[22.53389,60.37646],[22.52036,60.37457],[22.51222,60.36609],[22.49913,60.36252],[22.49656,60.35718],[22.50035,60.35534],[22.4724,60.35412],[22.47022,60.35146],[22.44602,60.353],[22.43123,60.35764],[22.44865,60.3659],[22.4399,60.36651],[22.45521,60.37415],[22.50072,60.38017],[22.47486,60.38569],[22.47073,60.39151],[22.50372,60.41724],[22.49861,60.41871],[22.484,60.41606],[22.47654,60.41141],[22.46051,60.41158],[22.40158,60.40108],[22.40198,60.39826],[22.4759,60.40872],[22.4817,60.40546],[22.46708,60.39667],[22.47015,60.39586],[22.46537,60.38747],[22.46888,60.38487],[22.38494,60.37477],[22.3614,60.36797],[22.36284,60.36527],[22.42551,60.3746],[22.4232,60.36899],[22.41132,60.36323],[22.40881,60.3589],[22.41904,60.35649],[22.42068,60.35265],[22.44438,60.35136],[22.4458,60.34827],[22.46677,60.34382],[22.5066,60.34529],[22.51658,60.34889],[22.52255,60.34383],[22.51552,60.337],[22.49667,60.33133],[22.49334,60.32625],[22.48704,60.32401],[22.48804,60.3176],[22.48507,60.31457],[22.47894,60.31591],[22.47854,60.31861],[22.47127,60.31753],[22.44961,60.30626],[22.43614,60.30473],[22.44173,60.30301],[22.47388,60.31239],[22.47163,60.30832],[22.46617,60.30735],[22.46942,60.30501],[22.4693,60.29657],[22.44956,60.29346],[22.45097,60.28449],[22.44694,60.28069],[22.43859,60.27848],[22.43792,60.2749],[22.42027,60.27189],[22.42502,60.26864],[22.4187,60.2595],[22.42226,60.25843],[22.42187,60.24948],[22.34946,60.24166],[22.33898,60.23716],[22.32822,60.2379],[22.32878,60.24584],[22.32646,60.24561],[22.3244,60.23923],[22.3274,60.23715],[22.32439,60.23257],[22.30519,60.22227],[22.29945,60.21363],[22.28915,60.21321],[22.28708,60.20658],[22.28164,60.20535],[22.27626,60.19926],[22.22874,60.19331],[22.21899,60.18806],[22.21399,60.18806],[22.21,60.19613],[22.19297,60.19438],[22.20043,60.20533],[22.19058,60.20428],[22.19077,60.20953],[22.20374,60.21248],[22.20487,60.21529],[22.19924,60.2161],[22.2009,60.21916],[22.17365,60.21953],[22.17257,60.2253],[22.18227,60.23034],[22.17981,60.23355],[22.18497,60.23402],[22.18138,60.24135],[22.17211,60.24143],[22.16745,60.23328],[22.14208,60.22889],[22.14098,60.23428],[22.15289,60.23401],[22.15685,60.23926],[22.11345,60.23426],[22.11335,60.23912],[22.13279,60.24292],[22.13187,60.24626],[22.16593,60.24852],[22.17868,60.24495],[22.18401,60.25015],[22.2169,60.24832],[22.22676,60.25053],[22.18621,60.2541],[22.16287,60.24931],[22.12164,60.24813],[22.10274,60.25252],[22.10386,60.25532],[22.11581,60.2583],[22.11669,60.26161],[22.10921,60.26167],[22.11553,60.2652],[22.11303,60.26766],[22.11873,60.26838],[22.12326,60.2654],[22.12155,60.26055],[22.16233,60.26327],[22.17074,60.26063],[22.18917,60.26469],[22.20753,60.25954],[22.20666,60.2639],[22.20157,60.26573],[22.21122,60.27588],[22.20253,60.27775],[22.20316,60.28082],[22.20988,60.28153],[22.2038,60.2844],[22.19674,60.28164],[22.19965,60.27624],[22.19193,60.2694],[22.16344,60.26542],[22.15367,60.2659],[22.15178,60.27065],[22.14002,60.27344],[22.12972,60.2734],[22.12076,60.28256],[22.11663,60.2826],[22.11118,60.27369],[22.10402,60.27528],[22.08736,60.28567],[22.0911,60.28972],[22.09013,60.2992],[22.09817,60.30067],[22.10166,60.30473],[22.10004,60.31063],[22.1078,60.31108],[22.10712,60.31364],[22.11426,60.31896],[22.10494,60.31801],[22.10076,60.32419],[22.12704,60.33036],[22.15952,60.32919],[22.19012,60.33327],[22.19577,60.33245],[22.18684,60.32831],[22.18859,60.32676],[22.21739,60.33098],[22.22854,60.3255],[22.23732,60.33246],[22.26622,60.33884],[22.26611,60.33603],[22.26035,60.33391],[22.28512,60.32689],[22.29136,60.31531],[22.30086,60.31419],[22.29773,60.31985],[22.30272,60.32198],[22.31452,60.32033],[22.32052,60.32193],[22.32089,60.32462],[22.33429,60.32423],[22.30553,60.32771],[22.30626,60.33308],[22.31117,60.33354],[22.30951,60.33689],[22.31791,60.34039],[22.31574,60.34425],[22.32151,60.34649],[22.31884,60.3506],[22.33175,60.3506],[22.33912,60.35399],[22.33379,60.35635],[22.33777,60.35887],[22.3343,60.36236],[22.35676,60.36201],[22.35826,60.36711],[22.34733,60.36504],[22.32371,60.36886],[22.31266,60.36398],[22.30977,60.36926],[22.315,60.37061],[22.30738,60.37402],[22.30992,60.37937],[22.33064,60.38658],[22.38062,60.39465],[22.29486,60.38425],[22.28519,60.38805],[22.28819,60.39186],[22.28323,60.39729],[22.28232,60.40702],[22.27145,60.40699],[22.24572,60.424],[22.23791,60.42292],[22.2524,60.41601],[22.25993,60.40314],[22.2687,60.39828],[22.27679,60.39799],[22.27909,60.39067],[22.23298,60.3888],[22.22511,60.38529],[22.22902,60.37937],[22.2165,60.37641],[22.21664,60.37309],[22.18205,60.367],[22.29511,60.37746],[22.30221,60.37407],[22.30237,60.36511],[22.30679,60.35918],[22.19713,60.34153],[22.17748,60.34081],[22.16674,60.34359],[22.16019,60.348],[22.16036,60.35299],[22.14636,60.35144],[22.14479,60.35837],[22.1394,60.35906],[22.12952,60.35722],[22.12547,60.35981],[22.11816,60.35757],[22.1155,60.35529],[22.11722,60.35297],[22.10186,60.34913],[22.09855,60.35032],[22.11543,60.36066],[22.11901,60.37471],[22.12668,60.37976],[22.15366,60.38248],[22.15822,60.37988],[22.16398,60.38213],[22.21878,60.38202],[22.22302,60.38493],[22.20493,60.38509],[22.2004,60.38833],[22.17288,60.38511],[22.15731,60.39818],[22.16977,60.39923],[22.17158,60.4065],[22.15742,60.401],[22.14771,60.40441],[22.15239,60.41256],[22.16474,60.41795],[22.17561,60.41786],[22.18725,60.42479],[22.19238,60.42359],[22.19883,60.43006],[22.21775,60.43279],[22.2263,60.43083],[22.23169,60.4226],[22.23689,60.42344],[22.23002,60.43336],[22.2166,60.43451],[22.21965,60.43985],[22.21371,60.44015],[22.21147,60.43583],[22.19639,60.43418],[22.17216,60.42275],[22.15776,60.42543],[22.14573,60.42183],[22.13131,60.424],[22.1332,60.4186],[22.12375,60.41485],[22.11835,60.40824],[22.10846,60.4064],[22.10664,60.41371],[22.10985,60.42469],[22.09918,60.42248],[22.09746,60.41776],[22.0931,60.41894],[22.09499,60.42149],[22.08831,60.42269],[22.08895,60.4264],[22.10819,60.42918],[22.12292,60.43571],[22.13987,60.43173],[22.15104,60.43279],[22.15301,60.43738],[22.18698,60.43887],[22.1939,60.44393],[22.16194,60.44101],[22.15272,60.44378],[22.13549,60.43996],[22.12832,60.44207],[22.134,60.44666],[22.12117,60.44507],[22.11793,60.44868],[22.1206,60.45877],[22.12559,60.46064],[22.12447,60.46577],[22.1059,60.45313],[22.10866,60.45029],[22.08907,60.44559],[22.062,60.45733],[22.02172,60.46161],[22.03269,60.45628],[22.03764,60.44907],[22.03253,60.4431],[22.05114,60.44193],[22.05178,60.44576],[22.06837,60.44601],[22.07364,60.44111],[22.06517,60.42736],[22.03443,60.42133],[22.02881,60.42381],[21.99202,60.42255],[21.98539,60.42567],[21.98115,60.43107],[21.98255,60.43439],[21.97549,60.44071],[21.93841,60.44827],[21.93905,60.45236],[21.93523,60.45444],[21.93943,60.45645],[21.93845,60.45851],[21.9304,60.4578],[21.92584,60.46142],[21.91871,60.4566],[21.91963,60.45301],[21.92451,60.45118],[21.92846,60.44437],[21.93949,60.4406],[21.94004,60.43265],[21.95293,60.43102],[21.95675,60.42869],[21.95611,60.4246],[21.96415,60.42506],[21.96368,60.41815],[21.97571,60.41346],[21.96739,60.41248],[21.97837,60.4073],[21.97447,60.40656],[21.97591,60.40283],[21.93965,60.40143],[21.94166,60.39911],[21.94884,60.39714],[21.98776,60.40147],[22.00107,60.39689],[21.99373,60.39362],[21.99672,60.38988],[21.96044,60.38708],[21.95471,60.38571],[21.95353,60.38061],[21.94726,60.37835],[21.95606,60.37867],[21.95921,60.38044],[21.95828,60.3839],[21.99554,60.38529],[21.99805,60.38258],[22.0174,60.38141],[22.01496,60.37797],[22.0072,60.37765],[22.03588,60.36911],[22.02779,60.35856],[22.04822,60.35942],[22.05033,60.35249],[22.03529,60.35056],[22.02793,60.34665],[22.0273,60.34282],[22.01538,60.34138],[22.00821,60.34335],[22.01347,60.34651],[22.0047,60.34696],[22.00202,60.34365],[21.9825,60.33842],[21.92748,60.33728],[21.89456,60.34135],[21.89667,60.34325],[21.97146,60.34042],[21.97666,60.34154],[21.97001,60.34427],[21.88907,60.34843],[21.82887,60.35738],[21.8203,60.36563],[21.8312,60.36748],[21.86083,60.3646],[21.87561,60.36655],[21.89407,60.36118],[21.92352,60.36137],[21.92307,60.36393],[21.87923,60.36679],[21.87981,60.36908],[21.85045,60.3726],[21.85074,60.37591],[21.82585,60.37848],[21.82043,60.38095],[21.81952,60.3879],[21.81111,60.39076],[21.81044,60.3845],[21.7979,60.38982],[21.79771,60.39289],[21.80496,60.39297],[21.80609,60.39705],[21.79111,60.39792],[21.79381,60.40238],[21.8099,60.40446],[21.81102,60.40791],[21.8209,60.41015],[21.79295,60.40955],[21.79567,60.41491],[21.82882,60.41637],[21.8322,60.42723],[21.84584,60.43392],[21.8386,60.43422],[21.82791,60.44107],[21.83367,60.44411],[21.82488,60.4448],[21.8183,60.44011],[21.82307,60.43458],[21.83187,60.43439],[21.82168,60.42038],[21.78295,60.4242],[21.78101,60.43009],[21.8096,60.43415],[21.79098,60.43515],[21.78426,60.4462],[21.79912,60.45008],[21.81038,60.44476],[21.81772,60.44779],[21.81231,60.44961],[21.81377,60.45626],[21.80971,60.45884],[21.817,60.46097],[21.82833,60.45822],[21.81912,60.46275],[21.82088,60.4708],[21.81519,60.47135],[21.80981,60.46346],[21.79687,60.46404],[21.80857,60.47625],[21.82128,60.47319],[21.81871,60.47747],[21.82151,60.48016],[21.81791,60.48495],[21.82259,60.48861],[21.85766,60.48976],[21.87764,60.48042],[21.89574,60.47863],[21.91263,60.4615],[21.92807,60.46677],[21.9234,60.48497],[21.97965,60.47561],[21.98694,60.46839],[22.00068,60.46829],[22.00339,60.46392],[22.01549,60.46114],[22.01356,60.46589],[22.018,60.47533],[22.03119,60.47446],[22.02796,60.4787],[22.01456,60.48124],[22.02987,60.48189],[22.01954,60.49118],[22.00953,60.4864],[21.98885,60.4886],[21.98118,60.49854],[21.99658,60.51208],[21.97014,60.50447],[21.95214,60.5101],[21.95705,60.518],[21.96595,60.52075],[21.95393,60.53568],[21.93691,60.53094],[21.93681,60.52787],[21.9417,60.52579],[21.91785,60.52698],[21.9152,60.53442],[21.90876,60.53686],[21.91076,60.54851],[21.90557,60.5512],[21.90151,60.55068],[21.90106,60.54668],[21.88883,60.53612],[21.88866,60.53218],[21.88392,60.53024],[21.87873,60.53292],[21.88381,60.5424],[21.87422,60.54788],[21.86833,60.54806],[21.86759,60.54326],[21.87307,60.53692],[21.87227,60.52887],[21.8804,60.52467],[21.87529,60.51831],[21.87541,60.51319],[21.88347,60.50405],[21.89282,60.50463],[21.89346,60.49951],[21.89057,60.49799],[21.91599,60.48938],[21.91067,60.48429],[21.89955,60.48475],[21.88334,60.48013],[21.86668,60.48766],[21.86757,60.49174],[21.82368,60.49946],[21.79986,60.48958],[21.78201,60.49279],[21.77339,60.49028],[21.77005,60.48215],[21.77456,60.47976],[21.77331,60.47543],[21.76315,60.4737],[21.74388,60.48098],[21.74192,60.4861],[21.73518,60.48627],[21.73125,60.48463],[21.73298,60.48052],[21.74086,60.47383],[21.72866,60.47313],[21.72638,60.46393],[21.71122,60.45799],[21.69964,60.46151],[21.69212,60.47358],[21.69868,60.47713],[21.70646,60.48911],[21.69898,60.4912],[21.69905,60.49427],[21.70225,60.49847],[21.70953,60.49908],[21.70964,60.50394],[21.71334,60.50698],[21.70712,60.50766],[21.7036,60.51266],[21.71315,60.52234],[21.71991,60.52256],[21.71845,60.52718],[21.73357,60.52965],[21.747,60.53802],[21.74041,60.54497],[21.75362,60.55462],[21.77817,60.54911],[21.77798,60.55192],[21.78578,60.55212],[21.79326,60.54978],[21.80368,60.54025],[21.80085,60.53106],[21.79638,60.52853],[21.79758,60.52468],[21.79159,60.51955],[21.7796,60.51132],[21.77212,60.51013],[21.7752,60.50733],[21.7506,60.50269],[21.74998,60.49847],[21.76906,60.49337],[21.77285,60.50001],[21.80136,60.50459],[21.79845,60.51875],[21.80321,60.52132],[21.8015,60.52581],[21.81167,60.52766],[21.80741,60.53383],[21.81367,60.53482],[21.81011,60.53791],[21.81643,60.5412],[21.81652,60.54478],[21.8088,60.5479],[21.82231,60.54795],[21.82147,60.55576],[21.81628,60.55604],[21.81251,60.56118],[21.82325,60.56457],[21.81433,60.57167],[21.81398,60.57832],[21.82317,60.58172],[21.82292,60.59234],[21.81908,60.59492],[21.82228,60.59772],[21.83789,60.59788],[21.83464,60.60276],[21.8274,60.60485],[21.831,60.61327],[21.83987,60.61373],[21.84427,60.62292],[21.84231,60.62958],[21.84654,60.63518],[21.82952,60.63529],[21.80819,60.62749],[21.79596,60.61733],[21.77673,60.60823],[21.77664,60.6049],[21.77057,60.60059],[21.77096,60.59547],[21.7287,60.59046],[21.71976,60.59269],[21.71357,60.58836],[21.70156,60.58625],[21.68957,60.58555],[21.68339,60.58839],[21.67774,60.57934],[21.68134,60.57753],[21.68096,60.57139],[21.67055,60.57118],[21.67295,60.56158],[21.68125,60.56064],[21.68418,60.55218],[21.67939,60.54581],[21.66656,60.54126],[21.66851,60.53537],[21.65829,60.51802],[21.6255,60.50014],[21.61671,60.50145],[21.61143,60.49675],[21.59482,60.49605],[21.58643,60.49123],[21.57285,60.5005],[21.58313,60.50941],[21.57474,60.51943],[21.57712,60.52198],[21.563,60.53099],[21.56011,60.54406],[21.5713,60.54516],[21.59441,60.5306],[21.5972,60.52675],[21.58751,60.5218],[21.58716,60.51732],[21.60849,60.51979],[21.60806,60.5244],[21.59781,60.53161],[21.59812,60.53442],[21.59086,60.53471],[21.58987,60.53804],[21.57111,60.54913],[21.57434,60.55074],[21.57044,60.55527],[21.55802,60.55865],[21.56171,60.56119],[21.55994,60.56402],[21.5725,60.56482],[21.57117,60.56741],[21.55868,60.56569],[21.55279,60.55663],[21.54089,60.56],[21.53514,60.55785],[21.55013,60.55293],[21.5581,60.53204],[21.54248,60.53031],[21.52663,60.54573],[21.52549,60.55571],[21.51465,60.5601],[21.54828,60.56637],[21.52705,60.57183],[21.51407,60.58103],[21.51243,60.5841],[21.53074,60.59153],[21.52578,60.59545],[21.51664,60.59756],[21.50865,60.58724],[21.49898,60.58631],[21.5079,60.5841],[21.51568,60.57571],[21.48077,60.58221],[21.48095,60.58439],[21.461,60.58217],[21.46232,60.58731],[21.45165,60.58896],[21.4479,60.59417],[21.43127,60.60163],[21.4373,60.61437],[21.4312,60.61412],[21.42884,60.61862],[21.42299,60.62058],[21.41064,60.62101],[21.41167,60.62336],[21.39523,60.63446],[21.39713,60.64111],[21.41096,60.64273],[21.43331,60.63742],[21.43743,60.632],[21.43401,60.62926],[21.45691,60.63075],[21.45468,60.63658],[21.44329,60.6378],[21.44305,60.64232],[21.45087,60.6428],[21.44918,60.64797],[21.44189,60.64937],[21.44222,60.64565],[21.43023,60.64216],[21.41987,60.64641],[21.42304,60.64973],[21.41629,60.65218],[21.41158,60.65002],[21.40953,60.65336],[21.38669,60.66097],[21.38457,60.65843],[21.3908,60.65571],[21.3772,60.65217],[21.38038,60.65702],[21.37569,60.65652],[21.37628,60.66267],[21.3628,60.66923],[21.3828,60.66316],[21.37714,60.66983],[21.33533,60.68568],[21.34476,60.68936],[21.3354,60.69297],[21.34326,60.69602],[21.32762,60.69785],[21.33651,60.69949],[21.34563,60.69729],[21.34689,60.69383],[21.35836,60.69214],[21.35736,60.69624],[21.36417,60.69878],[21.34021,60.7037],[21.34655,60.71047],[21.35753,60.71133],[21.3586,60.71415],[21.34347,60.71572],[21.36571,60.7195],[21.36451,60.72859],[21.36948,60.72896],[21.37135,60.73228],[21.39226,60.73363],[21.39179,60.7376],[21.37352,60.73969],[21.38645,60.74333],[21.38666,60.74567],[21.38092,60.74607],[21.3899,60.75398],[21.38048,60.75349],[21.37817,60.75683],[21.38314,60.75694],[21.37327,60.76272],[21.37436,60.76669],[21.39785,60.76265],[21.40122,60.76034],[21.39857,60.75728],[21.4152,60.74955],[21.41045,60.74598],[21.41825,60.74263],[21.41716,60.73957],[21.4237,60.73878],[21.42673,60.73211],[21.42096,60.72983],[21.42405,60.72649],[21.44496,60.72681],[21.44294,60.73232],[21.43616,60.73362],[21.43573,60.74053],[21.43051,60.74106],[21.43264,60.74361],[21.4562,60.74635],[21.43979,60.7505],[21.44113,60.75305],[21.43123,60.75564],[21.43517,60.75716],[21.42504,60.76181],[21.38689,60.7646],[21.38224,60.76961],[21.37021,60.77015],[21.37602,60.77474],[21.38649,60.77523],[21.39115,60.77073],[21.3964,60.77213],[21.38468,60.77702],[21.40071,60.78222],[21.39499,60.78492],[21.40446,60.78886],[21.40423,60.79206],[21.38885,60.79671],[21.37593,60.79692],[21.37743,60.80519],[21.39608,60.81001],[21.39198,60.81717],[21.39284,60.82357],[21.37401,60.82644],[21.37054,60.82133],[21.35037,60.82113],[21.35075,60.83238],[21.35736,60.83722],[21.3537,60.83801],[21.35454,60.84287],[21.33855,60.8429],[21.33518,60.84675],[21.34475,60.85142],[21.34814,60.85721],[21.3618,60.85921],[21.35973,60.86179],[21.30523,60.86882],[21.30739,60.87433],[21.33393,60.87823],[21.34078,60.88076],[21.33477,60.88258],[21.33692,60.88667],[21.35006,60.88919],[21.36711,60.88735],[21.36681,60.88403],[21.37939,60.88207],[21.37471,60.88631],[21.38891,60.88857],[21.41377,60.88159],[21.41381,60.88492],[21.4209,60.88515],[21.41858,60.88874],[21.42255,60.89077],[21.43514,60.88971],[21.43446,60.89739],[21.41609,60.89847],[21.41054,60.89606],[21.3733,60.90052],[21.33646,60.8937],[21.32702,60.89539],[21.33335,60.89755],[21.32601,60.89923],[21.30394,60.89787],[21.2646,60.905],[21.26771,60.89987],[21.29239,60.89918],[21.29761,60.89507],[21.3181,60.89656],[21.31597,60.89311],[21.2928,60.88575],[21.28076,60.89089],[21.28788,60.89369],[21.28395,60.89459],[21.25923,60.89106],[21.27866,60.89141],[21.27944,60.88935],[21.27337,60.88617],[21.2634,60.88709],[21.26757,60.88298],[21.26074,60.88236],[21.27118,60.87568],[21.24072,60.87331],[21.23911,60.86807],[21.24854,60.86716],[21.24852,60.86461],[21.24014,60.86551],[21.24167,60.86026],[21.22544,60.8649],[21.23035,60.85491],[21.22586,60.84967],[21.24107,60.84964],[21.24759,60.84592],[21.25891,60.85127],[21.25579,60.85409],[21.25845,60.85882],[21.26526,60.85855],[21.2684,60.85688],[21.26962,60.84588],[21.28926,60.84302],[21.28993,60.83074],[21.30222,60.82777],[21.29362,60.83278],[21.29861,60.83353],[21.29943,60.83711],[21.29578,60.83968],[21.3013,60.84146],[21.30495,60.83915],[21.32437,60.84153],[21.3293,60.83653],[21.31354,60.83324],[21.31741,60.82607],[21.31161,60.82327],[21.32209,60.82286],[21.3245,60.82784],[21.33264,60.82949],[21.34595,60.82421],[21.34665,60.81704],[21.32673,60.8153],[21.32145,60.81148],[21.31676,60.81405],[21.31732,60.81763],[21.30806,60.8173],[21.3162,60.81046],[21.30626,60.81126],[21.30315,60.81536],[21.29739,60.81563],[21.29742,60.81831],[21.30266,60.8192],[21.30243,60.82253],[21.29011,60.82153],[21.27968,60.82743],[21.28183,60.83383],[21.27766,60.83588],[21.2781,60.82641],[21.27107,60.82157],[21.28818,60.8113],[21.27319,60.80314],[21.25803,60.80753],[21.24492,60.8046],[21.24654,60.8119],[21.25812,60.81814],[21.25951,60.82824],[21.25373,60.82646],[21.25473,60.82057],[21.2508,60.81969],[21.25182,60.817],[21.24341,60.81343],[21.2306,60.81627],[21.22957,60.81883],[21.23773,60.82355],[21.22813,60.837],[21.2326,60.83929],[21.23808,60.8357],[21.24281,60.83748],[21.23916,60.84082],[21.21481,60.84457],[21.20483,60.84177],[21.20434,60.84804],[21.2012,60.84856],[21.20283,60.85802],[21.19916,60.85764],[21.20149,60.85342],[21.1965,60.85202],[21.18761,60.85625],[21.19235,60.85996],[21.18238,60.85831],[21.17899,60.86317],[21.18715,60.86662],[21.21341,60.87118],[21.20241,60.8744],[21.18295,60.86777],[21.17562,60.86957],[21.17459,60.87418],[21.18039,60.87776],[21.17516,60.88109],[21.17833,60.88556],[21.19038,60.88068],[21.19958,60.88336],[21.20038,60.88527],[21.18411,60.88568],[21.17993,60.88953],[21.19413,60.89373],[21.21461,60.89306],[21.21561,60.8864],[21.22085,60.88448],[21.22506,60.88562],[21.22406,60.89226],[21.25451,60.89107],[21.22565,60.89458],[21.21834,60.90073],[21.22623,60.90302],[21.20578,60.90868],[21.21893,60.91071],[21.21948,60.91454],[21.23583,60.92181],[21.26215,60.92713],[21.28627,60.91954],[21.2887,60.92644],[21.2953,60.93012],[21.32105,60.92841],[21.30853,60.93842],[21.30805,60.94316],[21.2986,60.94561],[21.30126,60.94842],[21.31494,60.94813],[21.31949,60.95604],[21.31767,60.959],[21.29982,60.963],[21.29723,60.96762],[21.29041,60.97019],[21.25308,60.97629],[21.25311,60.9796],[21.24521,60.98013],[21.24577,60.98243],[21.25419,60.9828],[21.2569,60.99213],[21.28142,60.99554],[21.28547,61.00629],[21.28285,61.00807],[21.2942,61.00959],[21.29389,61.00498],[21.30391,61.00509],[21.32538,60.9916],[21.32428,60.98726],[21.34627,60.97492],[21.34385,60.97109],[21.35139,60.96211],[21.36087,60.96247],[21.37599,60.9504],[21.38815,60.95497],[21.40033,60.94074],[21.39787,60.93281],[21.3737,60.93442],[21.36786,60.92957],[21.38945,60.93245],[21.38516,60.92594],[21.40094,60.92666],[21.40627,60.9324],[21.41937,60.92865],[21.43001,60.91813],[21.445,60.91936],[21.44582,60.92243],[21.43409,60.92861],[21.42842,60.93707],[21.43929,60.94343],[21.43883,60.94855],[21.43017,60.94986],[21.43131,60.95651],[21.42716,60.96061],[21.40352,60.96414],[21.40094,60.96812],[21.40863,60.97244],[21.40631,60.97654],[21.39065,60.98657],[21.38641,60.98632],[21.39424,60.97965],[21.38688,60.98095],[21.38274,60.98723],[21.36756,60.99508],[21.35882,61.01455],[21.33987,61.01664],[21.34362,61.02239],[21.3519,61.02438],[21.35943,61.02145],[21.36447,61.02451],[21.36373,61.02848],[21.35479,61.03093],[21.35212,61.028],[21.33894,61.02893],[21.31794,61.0387],[21.33328,61.04148],[21.33701,61.04569],[21.34493,61.04465],[21.34129,61.05093],[21.31492,61.05304],[21.3081,61.0574],[21.30497,61.06099],[21.30768,61.06815],[21.30241,61.06867],[21.29695,61.07892],[21.29836,61.08762],[21.31161,61.09218],[21.31448,61.0886],[21.32375,61.09037],[21.3306,61.08844],[21.32553,61.08397],[21.32894,61.08115],[21.34261,61.07523],[21.3547,61.07034],[21.36791,61.07069],[21.38418,61.06207],[21.39683,61.06101],[21.41461,61.04765],[21.4252,61.04801],[21.42791,61.05656],[21.42451,61.05811],[21.42859,61.0668],[21.42223,61.06592],[21.41779,61.06888],[21.42283,61.07027],[21.42447,61.07449],[21.41919,61.07374],[21.41764,61.07758],[21.4023,61.07494],[21.39547,61.0788],[21.384,61.07674],[21.3717,61.07899],[21.36779,61.08207],[21.37258,61.08718],[21.37105,61.09128],[21.38931,61.09365],[21.4122,61.08527],[21.43151,61.08764],[21.45945,61.08307],[21.4762,61.09018],[21.45066,61.09615],[21.45017,61.09935],[21.43964,61.10246],[21.45129,61.10318],[21.44351,61.11434],[21.45491,61.11635],[21.45428,61.12748],[21.43046,61.12654],[21.42552,61.13359],[21.46078,61.13808],[21.47239,61.13574],[21.46822,61.13997],[21.47197,61.14316],[21.46087,61.14435],[21.46202,61.15023],[21.4541,61.15166],[21.45784,61.15408],[21.45736,61.15779],[21.44683,61.16218],[21.41246,61.16638],[21.4109,61.16894],[21.42964,61.16974],[21.43998,61.16489],[21.44635,61.16551],[21.44559,61.16832],[21.43954,61.17141],[21.41413,61.1729],[21.39146,61.18205],[21.38246,61.18233],[21.37867,61.17595],[21.36861,61.17649],[21.3691,61.17341],[21.36486,61.17279],[21.34742,61.1768],[21.3501,61.17961],[21.34433,61.18576],[21.34755,61.18767],[21.33382,61.19346],[21.35774,61.19814],[21.35246,61.20084],[21.35707,61.20296],[21.35356,61.20467],[21.35862,61.20645],[21.36655,61.20488],[21.3666,61.20899],[21.36084,61.2154],[21.36588,61.21628],[21.3638,61.21873],[21.37257,61.21997],[21.37966,61.21381],[21.39691,61.21402],[21.40504,61.20785],[21.3891,61.20521],[21.38479,61.19972],[21.37471,61.19937],[21.3723,61.19618],[21.39584,61.19304],[21.41111,61.18506],[21.40366,61.18227],[21.40414,61.17869],[21.41154,61.17751],[21.41527,61.17878],[21.41538,61.18735],[21.41913,61.18977],[21.43016,61.1827],[21.42957,61.17809],[21.42269,61.17863],[21.42448,61.17376],[21.45224,61.16971],[21.45755,61.17084],[21.44522,61.17958],[21.44581,61.18342],[21.43774,61.19406],[21.414,61.20322],[21.40456,61.21105],[21.41043,61.21436],[21.44534,61.20696],[21.45586,61.2004],[21.45276,61.20629],[21.4274,61.21341],[21.43065,61.21878],[21.44605,61.21962],[21.43126,61.22441],[21.43288,61.22632],[21.45776,61.22201],[21.45451,61.21742],[21.44709,61.21771],[21.44493,61.2154],[21.44915,61.21347],[21.45525,61.21383],[21.46091,61.21983],[21.47708,61.21316],[21.49462,61.21506],[21.50375,61.2111],[21.50133,61.20881],[21.50518,61.20086],[21.49987,61.19999],[21.47931,61.20825],[21.46494,61.20497],[21.48073,61.19673],[21.49452,61.19707],[21.52564,61.18735],[21.53362,61.19001],[21.50729,61.20009],[21.50528,61.20726],[21.51166,61.20762],[21.50484,61.21238],[21.50702,61.21621],[21.49905,61.21522],[21.49386,61.22291],[21.49815,61.22572],[21.48326,61.22397],[21.48332,61.22781],[21.46052,61.22917],[21.45955,61.23531],[21.42982,61.23439],[21.4256,61.23747],[21.43307,61.24026],[21.42038,61.24427],[21.43635,61.24716],[21.43745,61.24971],[21.45738,61.25067],[21.45813,61.2476],[21.46821,61.24654],[21.4924,61.24825],[21.49796,61.24683],[21.49896,61.24336],[21.50695,61.24487],[21.50903,61.24179],[21.51908,61.23996],[21.52378,61.23482],[21.51972,61.23049],[21.54498,61.23333],[21.546,61.23103],[21.56509,61.2289],[21.59295,61.21484],[21.60039,61.21583],[21.58594,61.22357],[21.59214,61.22827],[21.59849,61.22761],[21.59907,61.22991],[21.59224,61.23403],[21.4942,61.26129],[21.49296,61.26718],[21.48589,61.27411],[21.47822,61.27606],[21.48728,61.27795],[21.48788,61.28229],[21.53149,61.28315],[21.53685,61.28569],[21.51058,61.28862],[21.51047,61.29833],[21.49276,61.30505],[21.51864,61.30943],[21.51443,61.31239],[21.51871,61.31416],[21.51556,61.31648],[21.53684,61.31575],[21.53243,61.32255],[21.53591,61.32395],[21.5465,61.32058],[21.54818,61.32543],[21.54316,61.32763],[21.55721,61.33908],[21.57342,61.33723],[21.55865,61.34548],[21.57008,61.34389],[21.5688,61.34697],[21.52633,61.35558],[21.52104,61.35816],[21.52267,61.3602],[21.53467,61.36067],[21.50898,61.37049],[21.51463,61.37328],[21.50808,61.38073],[21.53736,61.37728],[21.54059,61.37945],[21.53932,61.38291],[21.5319,61.38575],[21.55032,61.38645],[21.52756,61.39728],[21.5271,61.40189],[21.53195,61.40443],[21.52691,61.40599],[21.52126,61.40319],[21.51497,61.41012],[21.51607,61.41242],[21.49369,61.41494],[21.4485,61.42878],[21.45713,61.43413],[21.48192,61.43097],[21.46678,61.43665],[21.46842,61.43908],[21.50817,61.43548],[21.52974,61.43169],[21.52969,61.42849],[21.5524,61.42891],[21.55273,61.43249],[21.55594,61.43274],[21.5574,61.4248],[21.56274,61.42465],[21.57675,61.43137],[21.58364,61.42839],[21.58903,61.43081],[21.5899,61.4349],[21.58674,61.43721],[21.59811,61.44484],[21.57663,61.45389],[21.56539,61.45317],[21.57218,61.45928],[21.568,61.46416],[21.55821,61.46983],[21.55879,61.47238],[21.54918,61.4737],[21.54285,61.47884],[21.53642,61.4781],[21.53622,61.4822],[21.52741,61.48301],[21.52118,61.47867],[21.51558,61.4792],[21.50977,61.48434],[21.50124,61.48617],[21.49996,61.49001],[21.50402,61.49268],[21.48371,61.49454],[21.47101,61.50495],[21.45334,61.50476],[21.45232,61.50808],[21.46041,61.51177],[21.48659,61.50822],[21.49951,61.51176],[21.53714,61.50471],[21.54217,61.50123],[21.56334,61.50204],[21.56619,61.49691],[21.58007,61.49506],[21.58439,61.49684],[21.5834,61.50119],[21.60539,61.50327],[21.60599,61.50685],[21.62577,61.50522],[21.63263,61.51325],[21.59403,61.52532],[21.58766,61.52881],[21.5862,61.53572],[21.58028,61.53523],[21.57803,61.52936],[21.54377,61.53129],[21.53365,61.53543],[21.52368,61.548],[21.52519,61.55772],[21.51599,61.56901],[21.50584,61.57199],[21.4859,61.56669],[21.49011,61.57831],[21.48724,61.58331],[21.49826,61.58468],[21.49701,61.59006],[21.48415,61.59164],[21.47549,61.58745],[21.46763,61.60014],[21.48635,61.59534],[21.49657,61.59607],[21.49934,61.60169],[21.52354,61.60352],[21.53049,61.60132],[21.53724,61.5876],[21.5431,61.58451],[21.56075,61.58137],[21.57351,61.57492],[21.61426,61.57295],[21.61589,61.56544],[21.6259,61.56484],[21.636,61.55993],[21.64139,61.56144],[21.65794,61.5574],[21.65375,61.56241],[21.63985,61.56465],[21.63453,61.56761],[21.63619,61.56927],[21.70184,61.55372],[21.72418,61.53429],[21.71524,61.54176],[21.7109,61.5515],[21.66663,61.56286],[21.66295,61.5662],[21.67559,61.56806],[21.66146,61.57184],[21.65519,61.57993],[21.66056,61.5799],[21.63873,61.58856],[21.64794,61.59199],[21.63545,61.5987],[21.62071,61.60055],[21.61757,61.60428],[21.6267,61.60424],[21.61287,61.61108],[21.61587,61.61388],[21.61464,61.61952],[21.63286,61.61649],[21.63077,61.61957],[21.60249,61.63006],[21.59836,61.63903],[21.58824,61.64343],[21.59154,61.64789],[21.58443,61.65599],[21.56003,61.66069],[21.55498,61.66429],[21.55437,61.67529],[21.53816,61.68235],[21.52911,61.69433],[21.54442,61.69107],[21.54769,61.69323],[21.54287,61.69504],[21.54699,61.69912],[21.53597,61.70082],[21.53445,61.70659],[21.52703,61.71352],[21.51683,61.71638],[21.50887,61.72485],[21.51724,61.72482],[21.5418,61.71091],[21.54594,61.71601],[21.54492,61.71934],[21.55149,61.7252],[21.53941,61.72831],[21.54862,61.73527],[21.58754,61.7207],[21.60371,61.72037],[21.58664,61.7294],[21.57745,61.72918],[21.57699,61.73302],[21.57215,61.73381],[21.56849,61.74022],[21.56152,61.74281],[21.55251,61.75206],[21.5051,61.77399],[21.50707,61.77858],[21.49853,61.77443],[21.49775,61.76992],[21.51872,61.76472],[21.53156,61.75751],[21.53039,61.7524],[21.53359,61.74996],[21.53098,61.74881],[21.54167,61.74928],[21.54782,61.74593],[21.53672,61.7438],[21.52138,61.74629],[21.52852,61.74818],[21.51955,61.74988],[21.51594,61.75987],[21.50086,61.76274],[21.49984,61.76569],[21.48373,61.77125],[21.47455,61.77141],[21.47575,61.77945],[21.45582,61.78311],[21.44674,61.79031],[21.44741,61.79951],[21.43989,61.80274],[21.42745,61.80239],[21.42102,61.80676],[21.4243,61.80905],[21.45616,61.8069],[21.45458,61.80947],[21.45786,61.81163],[21.47723,61.8053],[21.4838,61.81026],[21.48808,61.80731],[21.49703,61.80907],[21.48984,61.81625],[21.49316,61.82059],[21.49853,61.81878],[21.50642,61.80455],[21.4986,61.80626],[21.4969,61.80113],[21.49949,61.79422],[21.48785,61.79272],[21.48455,61.78915],[21.48717,61.78505],[21.49584,61.78579],[21.49427,61.78886],[21.50214,61.79088],[21.50409,61.79445],[21.51518,61.79544],[21.51066,61.79956],[21.5185,61.79952],[21.50947,61.80928],[21.5162,61.80772],[21.51548,61.81335],[21.49682,61.82458],[21.48944,61.82496],[21.48628,61.83034],[21.46986,61.83602],[21.47048,61.84088],[21.44582,61.83994],[21.43346,61.84483],[21.43406,61.84919],[21.44598,61.85018],[21.45349,61.84529],[21.46055,61.84706],[21.46264,61.84192],[21.46974,61.84613],[21.48909,61.83724],[21.49324,61.84259],[21.48539,61.84262],[21.47802,61.85595],[21.47154,61.85725],[21.47445,61.85264],[21.47176,61.84821],[21.46707,61.84857],[21.45857,61.85909],[21.4673,61.86315],[21.46577,61.86955],[21.47146,61.86953],[21.4593,61.89004],[21.45043,61.89481],[21.43956,61.89343],[21.42397,61.90295],[21.42725,61.9046],[21.41923,61.91345],[21.43606,61.91417],[21.43775,61.91851],[21.43342,61.91929],[21.43808,61.9226],[21.43192,61.92825],[21.3995,61.93961],[21.4159,61.94826],[21.41343,61.95245],[21.4073,61.95493],[21.4002,61.95188],[21.39685,61.94472],[21.38276,61.94784],[21.38216,61.94324],[21.37377,61.94556],[21.37204,61.93738],[21.36418,61.93818],[21.36469,61.9351],[21.37977,61.92559],[21.35369,61.9231],[21.34776,61.92721],[21.34971,61.93103],[21.35541,61.93154],[21.3622,61.9242],[21.36568,61.92704],[21.35488,61.93205],[21.3541,61.93487],[21.3617,61.93485],[21.3615,61.94086],[21.35064,61.94166],[21.33745,61.95205],[21.32528,61.95682],[21.32482,61.96487],[21.31643,61.96822],[21.32215,61.96949],[21.32082,61.9723],[21.32707,61.97203],[21.32198,61.97921],[21.32503,61.98457],[21.30822,61.98947],[21.32347,61.99084],[21.32996,61.98738],[21.32976,61.99454],[21.3396,61.99861],[21.32165,61.99891],[21.30879,61.99203],[21.28808,61.98773],[21.28077,61.99209],[21.28897,61.99591],[21.29285,62.00358],[21.29131,62.0133],[21.29761,62.01739],[21.29582,62.0289],[21.29963,62.02966],[21.3011,62.03836],[21.30982,62.03936],[21.31073,62.04882],[21.31516,62.05596],[21.30979,62.06341],[21.30826,62.0739],[21.31343,62.07312],[21.31716,62.06492],[21.32127,62.06619],[21.31972,62.07438],[21.32421,62.08614],[21.32157,62.09536],[21.32384,62.10328],[21.31535,62.12709],[21.31768,62.14014],[21.31502,62.14731],[21.31031,62.14143],[21.30621,62.14119],[21.31014,62.15141],[21.3249,62.15138],[21.32334,62.15854],[21.32722,62.16313],[21.33649,62.1603],[21.33472,62.14956],[21.32892,62.14344],[21.3412,62.14162],[21.33553,62.14828],[21.34239,62.15006],[21.34398,62.14595],[21.35028,62.14697],[21.35126,62.13699],[21.36492,62.13695],[21.36527,62.14283],[21.36173,62.14438],[21.36293,62.15333],[21.35884,62.15436],[21.36115,62.16408],[21.35794,62.17048],[21.35835,62.18199],[21.36765,62.18146],[21.36585,62.19093],[21.37078,62.19117],[21.37345,62.18579],[21.37771,62.1978],[21.38377,62.20047],[21.40157,62.19978],[21.42051,62.20356],[21.41919,62.20639],[21.42664,62.21147],[21.42921,62.21889],[21.42123,62.21635],[21.41011,62.20462],[21.39694,62.20235],[21.40276,62.20797],[21.4006,62.21003],[21.41134,62.21408],[21.40839,62.21921],[21.41279,62.22047],[21.41369,62.22559],[21.40767,62.22637],[21.40181,62.21871],[21.39415,62.2195],[21.39394,62.22436],[21.3773,62.23106],[21.38495,62.25048],[21.3795,62.25306],[21.38102,62.26559],[21.38713,62.27069],[21.38526,62.27364],[21.38031,62.27352],[21.378,62.26509],[21.36592,62.26512],[21.36232,62.2618],[21.36915,62.25948],[21.36463,62.24875],[21.3608,62.24927],[21.36224,62.25541],[21.35784,62.25491],[21.35528,62.24673],[21.335,62.24857],[21.3303,62.245],[21.31905,62.24426],[21.31881,62.24784],[21.32405,62.25038],[21.3205,62.25193],[21.32493,62.25601],[21.31922,62.26088],[21.33628,62.26494],[21.34504,62.28717],[21.3523,62.29713],[21.35672,62.2984],[21.35043,62.30123],[21.34666,62.3093],[21.33752,62.30254],[21.33717,62.29563],[21.3196,62.2967],[21.3188,62.299],[21.32518,62.30398],[21.31529,62.30437],[21.31613,62.30643],[21.30902,62.31003],[21.30589,62.2989],[21.2949,62.29944],[21.2944,62.30392],[21.30295,62.30748],[21.30923,62.32998],[21.31393,62.33265],[21.32243,62.3302],[21.32425,62.31997],[21.33414,62.31918],[21.33919,62.32837],[21.34767,62.32452],[21.35603,62.3337],[21.35455,62.34829],[21.36019,62.35246],[21.35888,62.36465],[21.36554,62.36898],[21.36392,62.37206],[21.34632,62.37428],[21.33579,62.3688],[21.32947,62.37035],[21.32383,62.35757],[21.31529,62.35734],[21.31215,62.34661],[21.3064,62.34917],[21.30728,62.35504],[21.30349,62.36095],[21.30507,62.38115],[21.29344,62.37528],[21.29309,62.36711],[21.28128,62.37071],[21.28685,62.37748],[21.29457,62.37836],[21.29435,62.38399],[21.25881,62.38457],[21.24912,62.37768],[21.25033,62.35785],[21.25553,62.35439],[21.25518,62.34645],[21.24639,62.34776],[21.24937,62.34187],[21.23587,62.33856],[21.23342,62.34317],[21.24063,62.35109],[21.23046,62.35162],[21.22738,62.34549],[21.21775,62.34601],[21.2159,62.35599],[21.21869,62.36162],[21.21827,62.37952],[21.22748,62.39511],[21.23446,62.39545],[21.2333,62.39843],[21.23776,62.4038],[21.22617,62.40381],[21.22675,62.4074],[21.22235,62.40945],[21.22155,62.41354],[21.24242,62.43423],[21.23695,62.44166],[21.23891,62.4469],[21.23118,62.44627],[21.22231,62.44143],[21.22284,62.43836],[21.21345,62.43735],[21.19849,62.42918],[21.18413,62.42716],[21.17746,62.41949],[21.1725,62.42001],[21.1739,62.42359],[21.16839,62.42513],[21.16787,62.42922],[21.17843,62.44379],[21.18203,62.44455],[21.18485,62.45478],[21.20129,62.47574],[21.20858,62.49082],[21.20276,62.48955],[21.19547,62.47447],[21.18713,62.46528],[21.17939,62.46579],[21.17799,62.46298],[21.16167,62.45839],[21.15699,62.46198],[21.16144,62.46761],[21.17167,62.46887],[21.17169,62.47258],[21.16507,62.47374],[21.15986,62.47963],[21.15925,62.47144],[21.14019,62.47287],[21.12694,62.47659],[21.11982,62.48888],[21.11206,62.48837],[21.11429,62.49272],[21.12868,62.49501],[21.12728,62.49041],[21.13197,62.48938],[21.13587,62.49449],[21.13284,62.49808],[21.14033,62.50293],[21.13926,62.51086],[21.14507,62.51111],[21.14789,62.5216],[21.15289,62.52517],[21.15153,62.5285],[21.15624,62.53028],[21.14934,62.53299],[21.13796,62.528],[21.13243,62.53108],[21.13324,62.52494],[21.11385,62.52316],[21.10371,62.5531],[21.11258,62.55309],[21.11121,62.5577],[21.11703,62.55769],[21.13861,62.54872],[21.15434,62.5363],[21.16321,62.53872],[21.17049,62.54945],[21.16277,62.55714],[21.15224,62.55894],[21.15779,62.56149],[21.15287,62.57326],[21.15814,62.57479],[21.1576,62.57786],[21.16343,62.57786],[21.16396,62.573],[21.17031,62.56838],[21.17012,62.5845],[21.17732,62.58398],[21.18792,62.5919],[21.2007,62.59444],[21.1988,62.60135],[21.22299,62.60668],[21.2219,62.60975],[21.20302,62.60953],[21.20138,62.61337],[21.19195,62.61466],[21.17861,62.61212],[21.1797,62.60828],[21.17415,62.60867],[21.16753,62.61648],[21.19059,62.61824],[21.18756,62.62336],[21.1442,62.61702],[21.14201,62.6234],[21.14461,62.62555],[21.14038,62.63058],[21.14236,62.63774],[21.13988,62.6426],[21.13322,62.6444],[21.12235,62.6375],[21.1265,62.63392],[21.10646,62.62421],[21.11061,62.62037],[21.10004,62.61501],[21.10113,62.60759],[21.0842,62.6099],[21.08338,62.61297],[21.07088,62.61784],[21.05951,62.61938],[21.06035,62.62347],[21.05063,62.62271],[21.05035,62.62783],[21.08092,62.62679],[21.08535,62.62295],[21.09896,62.62422],[21.09648,62.62807],[21.08231,62.62909],[21.08458,62.64367],[21.08848,62.64827],[21.08404,62.65007],[21.08602,62.66132],[21.07266,62.65763],[21.06525,62.66602],[21.07186,62.67284],[21.08688,62.67181],[21.09272,62.67334],[21.09218,62.67769],[21.10667,62.68075],[21.08163,62.68384],[21.08025,62.68946],[21.0875,62.69278],[21.0878,62.7002],[21.09812,62.70173],[21.0992,62.69661],[21.10393,62.6961],[21.1042,62.69303],[21.13068,62.69966],[21.1348,62.70665],[21.14853,62.70475],[21.14772,62.71089],[21.14411,62.71218],[21.14859,62.71729],[21.15305,62.7178],[21.15279,62.72061],[21.16366,62.7211],[21.16925,62.72366],[21.16983,62.72826],[21.17653,62.73005],[21.17409,62.74079],[21.18081,62.74539],[21.18084,62.74999],[21.14763,62.7485],[21.13598,62.76181],[21.13434,62.76923],[21.12849,62.77128],[21.12353,62.78792],[21.12664,62.79584],[21.12236,62.79601],[21.12107,62.80071],[21.13337,62.80108],[21.13985,62.81246],[21.16418,62.8155],[21.18039,62.81446],[21.17842,62.81165],[21.18593,62.80652],[21.20977,62.80606],[21.20612,62.8157],[21.21339,62.81543],[21.21931,62.82182],[21.22853,62.82155],[21.23955,62.83535],[21.24599,62.83661],[21.24464,62.84224],[21.24802,62.84454],[21.24638,62.84991],[21.24865,62.85247],[21.24446,62.85452],[21.24647,62.85989],[21.24147,62.8645],[21.26362,62.86779],[21.25779,62.87394],[21.26257,62.87547],[21.26208,62.8834],[21.25034,62.88713],[21.2459,62.89187],[21.25431,62.89224],[21.25987,62.88673],[21.26946,62.89413],[21.30783,62.89047],[21.30975,62.88638],[21.31652,62.89121],[21.32543,62.88557],[21.3251,62.88122],[21.3679,62.87523],[21.38193,62.87724],[21.36416,62.89059],[21.36981,62.89441],[21.37051,62.90477],[21.38593,62.9046],[21.38585,62.8982],[21.39199,62.89614],[21.38517,62.88951],[21.38956,62.88258],[21.40301,62.88204],[21.40873,62.89072],[21.40577,62.89943],[21.41773,62.91193],[21.41865,62.91832],[21.43227,62.92825],[21.43327,62.93925],[21.42802,62.94489],[21.43142,62.94693],[21.4295,62.95026],[21.44541,62.96211],[21.48827,62.97143],[21.47829,62.97952],[21.4789,62.98232],[21.47329,62.98338],[21.47704,62.9895],[21.4746,62.99488],[21.48472,62.99446],[21.48423,62.99856],[21.49582,63.00197],[21.49335,63.00556],[21.46749,63.00744],[21.47039,63.0128],[21.45784,63.01481],[21.45894,63.0177],[21.43391,63.02021],[21.43021,63.01754],[21.43014,63.01293],[21.45712,63.01003],[21.45707,63.00722],[21.44103,63.00714],[21.43928,63.00216],[21.43504,63.00166],[21.43312,63.00474],[21.4385,63.00728],[21.43657,63.00984],[21.40681,63.01453],[21.40796,63.01747],[21.41415,63.01656],[21.41757,63.01962],[21.38466,63.02149],[21.38273,63.02458],[21.36417,63.02642],[21.32939,63.03854],[21.36273,63.04637],[21.37512,63.04583],[21.37337,63.04161],[21.38466,63.04299],[21.39307,63.0399],[21.39255,63.04322],[21.39876,63.04359],[21.39767,63.04692],[21.41295,63.05084],[21.41609,63.0539],[21.40007,63.0574],[21.4046,63.05879],[21.40496,63.06417],[21.39314,63.06599],[21.40446,63.06877],[21.40196,63.07134],[21.40577,63.0755],[21.40429,63.07721],[21.37886,63.0737],[21.37636,63.07652],[21.38177,63.0806],[21.38128,63.08648],[21.42558,63.08661],[21.43938,63.08441],[21.43988,63.08017],[21.4511,63.07605],[21.45375,63.06478],[21.44802,63.05891],[21.44011,63.05818],[21.44537,63.05177],[21.44329,63.04448],[21.45451,63.04176],[21.43924,63.03772],[21.43892,63.0349],[21.43013,63.03109],[21.43965,63.02762],[21.44366,63.03182],[21.45155,63.03192],[21.44866,63.02745],[21.44358,63.02696],[21.44517,63.02005],[21.45025,63.02067],[21.45031,63.02464],[21.47059,63.02508],[21.46901,63.03186],[21.46264,63.03312],[21.46148,63.03662],[21.47733,63.04143],[21.46562,63.04965],[21.46487,63.05503],[21.47677,63.05895],[21.47431,63.06344],[21.47748,63.06803],[21.46998,63.07471],[21.48377,63.07313],[21.48704,63.06595],[21.49546,63.06388],[21.49203,63.06108],[21.49308,63.05672],[21.5021,63.05645],[21.50663,63.05744],[21.50783,63.06153],[21.5162,63.05664],[21.52668,63.05967],[21.51867,63.06904],[21.52498,63.07464],[21.51996,63.07824],[21.51373,63.07673],[21.51238,63.07942],[21.56261,63.08051],[21.56701,63.07486],[21.57179,63.07395],[21.5772,63.07661],[21.57645,63.08173],[21.55566,63.08604],[21.55402,63.0886],[21.55837,63.09536],[21.57274,63.09377],[21.56981,63.10274],[21.57855,63.10219],[21.5838,63.09654],[21.58832,63.09652],[21.58797,63.0932],[21.6004,63.09391],[21.60085,63.10184],[21.58266,63.10985],[21.58756,63.1152],[21.60321,63.12025],[21.58749,63.12568],[21.5846,63.1216],[21.56705,63.1204],[21.55869,63.12631],[21.55733,63.12913],[21.56161,63.13142],[21.54828,63.144],[21.54096,63.14531],[21.54388,63.15067],[21.53747,63.15556],[21.53813,63.16092],[21.53339,63.16452],[21.53022,63.16147],[21.53524,63.15659],[21.53318,63.15301],[21.52695,63.15278],[21.51611,63.16331],[21.52321,63.16456],[21.52268,63.16661],[21.50409,63.17141],[21.50302,63.17487],[21.51607,63.17674],[21.51855,63.17328],[21.52422,63.17352],[21.51947,63.17685],[21.52259,63.17761],[21.52186,63.18401],[21.52866,63.18449],[21.52788,63.18833],[21.53443,63.18996],[21.53748,63.18677],[21.54802,63.19018],[21.55217,63.18492],[21.55929,63.18693],[21.56108,63.19179],[21.53967,63.19763],[21.52062,63.19373],[21.52136,63.19876],[21.52441,63.1996],[21.51941,63.2055],[21.49902,63.20558],[21.4967,63.2029],[21.48713,63.20651],[21.4571,63.20687],[21.46866,63.20312],[21.46154,63.2011],[21.45763,63.20418],[21.43809,63.20501],[21.42356,63.19944],[21.42079,63.20404],[21.41456,63.20393],[21.41944,63.18869],[21.41207,63.1882],[21.40992,63.1964],[21.39631,63.19516],[21.39851,63.19054],[21.39509,63.18876],[21.3807,63.1929],[21.3815,63.18881],[21.37751,63.18677],[21.37076,63.19088],[21.37003,63.20034],[21.37485,63.20007],[21.37807,63.20851],[21.37529,63.21286],[21.36198,63.2129],[21.3598,63.19781],[21.34136,63.19453],[21.32822,63.1851],[21.32987,63.18075],[21.31117,63.17951],[21.31397,63.17682],[21.33266,63.17741],[21.33316,63.17127],[21.32775,63.16847],[21.32853,63.16284],[21.32514,63.16285],[21.32406,63.1672],[21.31952,63.1667],[21.32286,63.16132],[21.29594,63.15703],[21.27246,63.15708],[21.25556,63.16517],[21.23127,63.16969],[21.23392,63.18324],[21.22834,63.19297],[21.2221,63.19221],[21.2249,63.1876],[21.21896,63.18838],[21.21304,63.19197],[21.20885,63.20015],[21.20174,63.19684],[21.2091,63.19581],[21.20959,63.18532],[21.16571,63.18512],[21.15305,63.20049],[21.15843,63.20099],[21.16016,63.20547],[21.14597,63.20075],[21.14375,63.21022],[21.1395,63.21175],[21.14292,63.21584],[21.13898,63.21994],[21.1421,63.22058],[21.13901,63.22709],[21.14726,63.23119],[21.13735,63.23503],[21.13229,63.2445],[21.12521,63.24886],[21.1048,63.25348],[21.1034,63.25808],[21.11507,63.26741],[21.1287,63.26497],[21.11622,63.26958],[21.10909,63.26345],[21.10086,63.26269],[21.08328,63.26935],[21.08215,63.27357],[21.09124,63.27421],[21.10969,63.27112],[21.10943,63.27624],[21.08615,63.28188],[21.08446,63.28674],[21.08731,63.2893],[21.10095,63.29006],[21.08933,63.298],[21.08453,63.30823],[21.10669,63.30451],[21.10609,63.29581],[21.11444,63.30011],[21.10953,63.30311],[21.11381,63.30795],[21.12919,63.31408],[21.12551,63.31677],[21.12723,63.32137],[21.14888,63.32608],[21.16251,63.3221],[21.15523,63.34385],[21.16548,63.34448],[21.16608,63.34832],[21.17862,63.35163],[21.17721,63.35393],[21.1926,63.35544],[21.20141,63.35223],[21.21168,63.35478],[21.20716,63.35977],[21.2086,63.36182],[21.20064,63.36464],[21.18687,63.36355],[21.18015,63.36851],[21.18558,63.36978],[21.18163,63.37618],[21.19706,63.38191],[21.19765,63.38485],[21.20904,63.38356],[21.20792,63.38624],[21.21992,63.38994],[21.21966,63.39249],[21.23995,63.3977],[21.25706,63.39793],[21.26499,63.39088],[21.25694,63.38449],[21.25577,63.38118],[21.25915,63.37734],[21.2454,63.36841],[21.24593,63.36329],[21.23791,63.35857],[21.24443,63.35434],[21.23842,63.35103],[21.23897,63.34872],[21.23213,63.34771],[21.22868,63.34363],[21.22528,63.34542],[21.20967,63.33999],[21.20361,63.3411],[21.2064,63.3333],[21.19584,63.3296],[21.20389,63.3284],[21.20008,63.32474],[21.18073,63.32477],[21.17872,63.32042],[21.18351,63.31376],[21.16301,63.31034],[21.1735,63.30431],[21.15841,63.301],[21.16038,63.29768],[21.1561,63.29346],[21.12371,63.29618],[21.1166,63.29439],[21.11687,63.29184],[21.1305,63.2885],[21.13729,63.28184],[21.15948,63.28821],[21.16287,63.28475],[21.18218,63.28282],[21.18617,63.28614],[21.18172,63.30098],[21.18515,63.30404],[21.19197,63.30288],[21.19199,63.30557],[21.17968,63.30652],[21.17894,63.31057],[21.19175,63.31145],[21.19939,63.30735],[21.20056,63.31131],[21.20797,63.3136],[21.20713,63.31655],[21.21197,63.31692],[21.21229,63.32216],[21.22255,63.3242],[21.24785,63.32134],[21.26959,63.31354],[21.27747,63.29596],[21.26778,63.29317],[21.26859,63.28882],[21.24781,63.28425],[21.25317,63.28015],[21.24324,63.28119],[21.24378,63.27786],[21.2247,63.27099],[21.22777,63.26536],[21.22294,63.2646],[21.22201,63.25386],[21.21801,63.25055],[21.21796,63.24389],[21.25788,63.23461],[21.25284,63.24204],[21.26445,63.23971],[21.26874,63.2438],[21.26257,63.25187],[21.2745,63.25261],[21.28409,63.24697],[21.28638,63.24953],[21.27846,63.25171],[21.27398,63.25773],[21.2848,63.26091],[21.27747,63.26616],[21.28684,63.26678],[21.28738,63.26371],[21.29727,63.25909],[21.30266,63.25882],[21.29986,63.26291],[21.30272,63.26445],[21.3095,63.26188],[21.30862,63.25907],[21.312,63.25676],[21.31939,63.25751],[21.32609,63.26448],[21.3434,63.27126],[21.37067,63.27183],[21.37412,63.27553],[21.3685,63.28118],[21.38327,63.28011],[21.38728,63.28253],[21.39795,63.27368],[21.41898,63.27464],[21.42074,63.27822],[21.41381,63.28421],[21.4061,63.28747],[21.38772,63.28735],[21.38796,63.29059],[21.38204,63.29444],[21.39088,63.29646],[21.39704,63.29069],[21.40103,63.29081],[21.39798,63.29619],[21.41902,63.29664],[21.42234,63.29075],[21.43457,63.29122],[21.43076,63.28382],[21.43857,63.27407],[21.42179,63.27233],[21.41888,63.26838],[21.42794,63.26605],[21.43128,63.26105],[21.45152,63.24871],[21.45314,63.24333],[21.44478,63.23492],[21.44512,63.21981],[21.46002,63.21185],[21.45825,63.2075],[21.51772,63.20589],[21.51791,63.21573],[21.52363,63.21956],[21.51774,63.2229],[21.52258,63.22391],[21.52063,63.22623],[21.52669,63.23182],[21.52537,63.23694],[21.52969,63.24076],[21.54328,63.23905],[21.55708,63.24872],[21.54362,63.25734],[21.54771,63.26333],[21.54377,63.26552],[21.54498,63.26962],[21.56276,63.2776],[21.57298,63.27781],[21.57888,63.28866],[21.58961,63.2858],[21.58217,63.28277],[21.58148,63.27714],[21.59233,63.27991],[21.60476,63.27628],[21.61817,63.27929],[21.63433,63.27794],[21.63043,63.28154],[21.6385,63.28674],[21.63006,63.29036],[21.6426,63.29223],[21.63761,63.29762],[21.63026,63.29944],[21.62976,63.30253],[21.63951,63.3063],[21.63042,63.30699],[21.63789,63.31028],[21.64297,63.30872],[21.64139,63.31423],[21.65104,63.31342],[21.66443,63.32679],[21.67507,63.31971],[21.68309,63.32171],[21.68893,63.32833],[21.69406,63.32831],[21.68984,63.3343],[21.69486,63.3379],[21.70452,63.33734],[21.70957,63.33437],[21.69545,63.32702],[21.70987,63.32363],[21.71206,63.31991],[21.70604,63.31827],[21.70794,63.31443],[21.73271,63.31532],[21.75112,63.31243],[21.76149,63.3176],[21.77172,63.31691],[21.77324,63.31025],[21.75535,63.30037],[21.75873,63.29894],[21.76393,63.30224],[21.76787,63.30069],[21.76774,63.29596],[21.7813,63.29307],[21.78518,63.28921],[21.78284,63.28666],[21.78558,63.28281],[21.77817,63.28221],[21.7817,63.27593],[21.76782,63.27754],[21.7696,63.28034],[21.7601,63.27903],[21.76032,63.2731],[21.73543,63.2772],[21.71982,63.28904],[21.72073,63.29185],[21.70953,63.30956],[21.69088,63.31502],[21.69798,63.3022],[21.69419,63.30237],[21.69215,63.29621],[21.70409,63.2964],[21.70534,63.28937],[21.71062,63.28449],[21.70048,63.28812],[21.69664,63.29389],[21.68099,63.29674],[21.67761,63.29462],[21.67921,63.29001],[21.66969,63.28379],[21.67444,63.28057],[21.67237,63.27674],[21.67628,63.27416],[21.67643,63.26854],[21.67253,63.25999],[21.66508,63.25631],[21.64977,63.25689],[21.64842,63.26023],[21.64299,63.25859],[21.63516,63.26412],[21.63392,63.27231],[21.64332,63.27354],[21.63883,63.27587],[21.6104,63.27433],[21.59852,63.27681],[21.59192,63.27352],[21.60067,63.27079],[21.60016,63.27374],[21.60641,63.27371],[21.61224,63.26755],[21.61298,63.26294],[21.59806,63.25482],[21.59904,63.2607],[21.58939,63.26099],[21.59059,63.26406],[21.58527,63.26766],[21.58601,63.2761],[21.57403,63.27359],[21.58333,63.26997],[21.58588,63.25589],[21.58951,63.25306],[21.58709,63.24566],[21.59868,63.24356],[21.60504,63.23535],[21.6044,63.23203],[21.61691,63.23351],[21.61643,63.2376],[21.62322,63.23706],[21.62655,63.23346],[21.61405,63.2325],[21.6151,63.2284],[21.62532,63.22912],[21.62412,63.22606],[21.65125,63.22184],[21.654,63.21825],[21.6706,63.2128],[21.68316,63.21683],[21.69013,63.22396],[21.69083,63.22933],[21.70039,63.2376],[21.70945,63.23704],[21.72439,63.23326],[21.72349,63.23121],[21.74118,63.22447],[21.74725,63.21805],[21.75378,63.21878],[21.75674,63.22311],[21.74382,63.22804],[21.74142,63.23368],[21.74372,63.2352],[21.73988,63.24034],[21.75602,63.24972],[21.7653,63.24647],[21.77166,63.25104],[21.79557,63.25411],[21.79537,63.25692],[21.78196,63.25419],[21.77671,63.25933],[21.78926,63.26182],[21.79199,63.26794],[21.78049,63.26289],[21.78347,63.26799],[21.78923,63.27103],[21.80226,63.26993],[21.80697,63.27566],[21.81153,63.2764],[21.81311,63.27191],[21.79613,63.26357],[21.79806,63.26138],[21.81204,63.26425],[21.81809,63.25731],[21.83314,63.25786],[21.85395,63.26988],[21.86016,63.2687],[21.85527,63.26655],[21.85604,63.26373],[21.8639,63.26087],[21.87299,63.26107],[21.87594,63.26464],[21.88264,63.26101],[21.88591,63.26585],[21.88344,63.26868],[21.88869,63.273],[21.8843,63.27814],[21.89501,63.27552],[21.91218,63.27963],[21.91925,63.27843],[21.93232,63.2699],[21.93262,63.26147],[21.92169,63.25718],[21.92963,63.24791],[21.93725,63.2558],[21.94265,63.25551],[21.94506,63.25997],[21.95365,63.26209],[21.95328,63.25927],[21.96106,63.25437],[21.96589,63.25459],[21.97279,63.26553],[21.98276,63.26675],[21.99205,63.26439],[21.99451,63.25337],[22.01019,63.2553],[22.01827,63.25115],[22.01887,63.24373],[21.99957,63.23543],[22.01112,63.2333],[22.02381,63.22297],[22.02129,63.21609],[22.02459,63.21299],[22.01104,63.21462],[21.99451,63.21193],[21.97435,63.21924],[21.95954,63.21703],[21.9514,63.21094],[21.96267,63.2092],[21.9748,63.19058],[21.97437,63.18623],[21.95389,63.1833],[21.96191,63.17762],[21.96509,63.1712],[21.97556,63.17113],[21.98168,63.16802],[21.98183,63.16418],[22.0023,63.15854],[22.01282,63.16064],[22.00251,63.17299],[22.00808,63.17858],[22.00068,63.17722],[21.98252,63.18438],[21.9838,63.18872],[21.9811,63.19258],[21.98342,63.19435],[21.97498,63.20439],[21.97623,63.2077],[21.98392,63.20893],[21.98602,63.20406],[21.99194,63.20325],[21.99736,63.20423],[21.99777,63.20781],[22.023,63.20814],[22.02088,63.20445],[22.02703,63.20185],[22.03056,63.20566],[22.03507,63.20499],[22.03578,63.20114],[22.04285,63.20084],[22.04181,63.21082],[22.0359,63.2124],[22.03798,63.21494],[22.03385,63.21855],[22.03899,63.21941],[22.04257,63.22437],[22.02332,63.23347],[22.02347,63.23756],[22.02853,63.23624],[22.03237,63.24056],[22.02908,63.24366],[22.04071,63.24357],[22.04051,63.24589],[22.03089,63.24671],[22.02367,63.25113],[22.0249,63.25392],[22.03061,63.2549],[22.0344,63.24976],[22.04042,63.25151],[22.0429,63.24918],[22.06119,63.25289],[22.07876,63.25211],[22.08057,63.26272],[22.08378,63.265],[22.05718,63.26737],[22.05553,63.26879],[22.06247,63.27232],[22.08015,63.27423],[22.0786,63.27834],[22.05166,63.28736],[22.04799,63.28023],[22.02582,63.27988],[22.01458,63.2829],[21.98489,63.27927],[21.96912,63.28322],[21.96937,63.29063],[21.97548,63.29494],[21.97291,63.30042],[21.97655,63.30133],[21.97762,63.30772],[21.98281,63.30998],[21.99213,63.3245],[22.00057,63.32188],[22.00404,63.31521],[22.02439,63.31148],[22.02845,63.31375],[22.01707,63.32177],[21.99453,63.32806],[22.00726,63.35023],[21.99707,63.35209],[21.99809,63.34876],[21.99208,63.34778],[21.98821,63.3432],[21.98197,63.3435],[21.97811,63.33893],[21.96984,63.33847],[21.96689,63.33542],[21.9452,63.33352],[21.94129,63.33584],[21.94927,63.33631],[21.94404,63.34171],[21.94671,63.34527],[21.95098,63.34499],[21.95679,63.35697],[21.96685,63.35699],[21.96347,63.36076],[21.96853,63.36738],[21.99512,63.3782],[21.99064,63.38053],[21.98913,63.38617],[22.00165,63.38544],[22.0012,63.38915],[22.00752,63.39026],[22.006,63.39577],[22.0123,63.3965],[22.01386,63.39226],[22.02071,63.39234],[22.02835,63.38282],[22.03235,63.38305],[22.04068,63.39258],[22.05157,63.39404],[22.05825,63.38988],[22.07483,63.39067],[22.07212,63.38685],[22.09186,63.38836],[22.0914,63.38389],[22.10069,63.38075],[22.09654,63.37669],[22.08233,63.37782],[22.08506,63.37459],[22.09482,63.37645],[22.09203,63.37084],[22.09612,63.36569],[22.07658,63.36124],[22.07126,63.35616],[22.05697,63.35473],[22.05615,63.34783],[22.04067,63.34513],[22.03936,63.34028],[22.03249,63.33905],[22.01466,63.3503],[22.01171,63.34726],[22.00853,63.33794],[22.01012,63.33435],[22.02553,63.33565],[22.02426,63.33195],[22.0413,63.3256],[22.045,63.32335],[22.04456,63.31875],[22.04884,63.31923],[22.05936,63.31135],[22.06289,63.30685],[22.06317,63.29892],[22.06655,63.29838],[22.06177,63.29177],[22.07476,63.28962],[22.08365,63.29173],[22.09002,63.29475],[22.09083,63.30127],[22.07849,63.30571],[22.08113,63.30799],[22.08051,63.31414],[22.07086,63.31472],[22.06256,63.32092],[22.06236,63.3309],[22.06634,63.33087],[22.07088,63.3229],[22.09363,63.33028],[22.09375,63.33335],[22.11718,63.33573],[22.14313,63.32976],[22.14953,63.32613],[22.14066,63.32492],[22.14223,63.32133],[22.14869,63.31923],[22.15249,63.32176],[22.16086,63.3176],[22.16518,63.326],[22.18233,63.321],[22.18895,63.32274],[22.19246,63.31836],[22.18805,63.31482],[22.19077,63.31185],[22.20103,63.3124],[22.20494,63.31527],[22.20411,63.31801],[22.21189,63.32024],[22.20929,63.32615],[22.21631,63.34212],[22.22448,63.34201],[22.22651,63.33623],[22.23258,63.33848],[22.22561,63.34852],[22.23301,63.34846],[22.23412,63.34129],[22.23938,63.33766],[22.23681,63.32438],[22.23937,63.3177],[22.24489,63.32021],[22.2464,63.3289],[22.26127,63.33056],[22.262,63.32774],[22.25114,63.32668],[22.25571,63.31372],[22.25265,63.30889],[22.24814,63.30994],[22.2457,63.30614],[22.23854,63.30492],[22.23978,63.30082],[22.23457,63.29856],[22.23947,63.2934],[22.22548,63.28535],[22.22412,63.27998],[22.23752,63.27449],[22.24127,63.27599],[22.24324,63.28211],[22.25132,63.28486],[22.24914,63.28718],[22.25805,63.2894],[22.25938,63.29374],[22.256,63.29428],[22.2567,63.2976],[22.26879,63.30106],[22.2778,63.29895],[22.28025,63.30289],[22.28651,63.30295],[22.28223,63.30914],[22.28462,63.31168],[22.29582,63.31413],[22.3119,63.31143],[22.31717,63.30204],[22.32243,63.30519],[22.33751,63.29303],[22.36956,63.2917],[22.369,63.30373],[22.35943,63.31201],[22.36171,63.31774],[22.35213,63.32001],[22.35062,63.32411],[22.3664,63.32089],[22.36888,63.32535],[22.39074,63.33012],[22.39284,63.33241],[22.38172,63.34965],[22.37413,63.35177],[22.37648,63.35329],[22.36515,63.36056],[22.36528,63.36337],[22.35938,63.36496],[22.35239,63.37398],[22.34841,63.37428],[22.34635,63.3789],[22.32595,63.38178],[22.2971,63.39317],[22.3031,63.40591],[22.29372,63.41315],[22.29098,63.40934],[22.27331,63.41615],[22.26361,63.41625],[22.26049,63.42317],[22.23458,63.43184],[22.22998,63.43751],[22.23266,63.44004],[22.21766,63.45015],[22.2069,63.45254],[22.20464,63.45998],[22.21159,63.46197],[22.20873,63.46864],[22.20416,63.46894],[22.20465,63.47379],[22.21152,63.48064],[22.23565,63.48287],[22.26471,63.48018],[22.27926,63.48556],[22.30513,63.48813],[22.31437,63.48383],[22.32088,63.47608],[22.33085,63.47523],[22.3317,63.46909],[22.35154,63.45291],[22.35342,63.46249],[22.36,63.46268],[22.37467,63.45256],[22.37835,63.44588],[22.40344,63.43885],[22.40445,63.44204],[22.38784,63.45295],[22.32826,63.48101],[22.32405,63.48886],[22.31162,63.49255],[22.31318,63.49535],[22.30085,63.50109],[22.29581,63.50984],[22.29981,63.51619],[22.29034,63.52191],[22.29905,63.53078],[22.30929,63.53529],[22.30879,63.54323],[22.3214,63.54925],[22.32128,63.55284],[22.33369,63.55451],[22.33468,63.55732],[22.32651,63.56046],[22.33407,63.56883],[22.34194,63.57131],[22.33566,63.57828],[22.32707,63.57862],[22.32489,63.5812],[22.32956,63.58295],[22.3226,63.58761],[22.33368,63.58508],[22.33241,63.58241],[22.34143,63.57887],[22.35407,63.57901],[22.36136,63.57548],[22.37696,63.57738],[22.3815,63.5648],[22.37319,63.55874],[22.37263,63.55287],[22.36111,63.5462],[22.34769,63.55336],[22.3471,63.54697],[22.35037,63.54335],[22.36621,63.54512],[22.37327,63.54264],[22.38389,63.53088],[22.38693,63.51691],[22.36822,63.51505],[22.36011,63.51282],[22.36228,63.51075],[22.38109,63.50865],[22.38759,63.51281],[22.39928,63.51142],[22.4001,63.50502],[22.40593,63.50125],[22.41284,63.50208],[22.41519,63.49745],[22.40623,63.49575],[22.40978,63.49239],[22.40571,63.48527],[22.41273,63.48826],[22.41687,63.48515],[22.41551,63.47506],[22.42595,63.4779],[22.42984,63.48733],[22.43631,63.49046],[22.44229,63.49002],[22.44231,63.47902],[22.44967,63.47741],[22.449,63.49251],[22.45294,63.49682],[22.45511,63.51138],[22.46124,63.51362],[22.47002,63.52837],[22.48493,63.53947],[22.48487,63.54382],[22.4798,63.54566],[22.48317,63.54972],[22.46928,63.55293],[22.46773,63.5619],[22.46277,63.56579],[22.48115,63.56611],[22.47585,63.57461],[22.48137,63.57582],[22.49847,63.56261],[22.51959,63.55522],[22.52823,63.54515],[22.5274,63.55105],[22.51443,63.56065],[22.50082,63.56361],[22.49322,63.572],[22.49865,63.57156],[22.4988,63.57974],[22.50938,63.58449],[22.50934,63.58935],[22.51833,63.59079],[22.51922,63.59667],[22.51601,63.60105],[22.50685,63.60179],[22.49505,63.5959],[22.49384,63.58926],[22.48719,63.58831],[22.48701,63.58498],[22.47015,63.58092],[22.46758,63.58135],[22.46905,63.58747],[22.46231,63.59624],[22.44309,63.59106],[22.42705,63.59173],[22.43613,63.59522],[22.4294,63.60424],[22.43822,63.60812],[22.46269,63.60352],[22.48847,63.60748],[22.49427,63.61382],[22.50439,63.61525],[22.50002,63.61938],[22.51767,63.6215],[22.52276,63.62528],[22.5158,63.62945],[22.51467,63.63535],[22.51864,63.63965],[22.51657,63.6494],[22.52235,63.65509],[22.54755,63.66339],[22.55239,63.67281],[22.57923,63.67379],[22.59321,63.66635],[22.59829,63.66949],[22.60016,63.67715],[22.6109,63.68368],[22.61106,63.6865],[22.60317,63.68965],[22.60404,63.69488],[22.61151,63.69442],[22.61512,63.70205],[22.6137,63.72279],[22.62013,63.72412],[22.63207,63.72105],[22.63777,63.7151],[22.64674,63.71525],[22.64742,63.71217],[22.64132,63.70636],[22.63479,63.70822],[22.62836,63.70165],[22.6328,63.69878],[22.64105,63.70176],[22.6416,63.69624],[22.65101,63.69448],[22.65259,63.70188],[22.64958,63.70447],[22.67021,63.70732],[22.66591,63.70275],[22.66679,63.69813],[22.67479,63.69702],[22.67232,63.70397],[22.67895,63.70388],[22.68385,63.69896],[22.67703,63.69742],[22.68274,63.68516],[22.68616,63.68461],[22.69475,63.6932],[22.68988,63.70836],[22.69239,63.71651],[22.70119,63.71897],[22.72654,63.71355],[22.73403,63.7086],[22.74653,63.71024],[22.74106,63.71517],[22.74608,63.7169],[22.74572,63.72048],[22.71657,63.72505],[22.70853,63.73065],[22.70081,63.73176],[22.69999,63.7374],[22.70418,63.73966],[22.6998,63.74866],[22.68753,63.75597],[22.67641,63.7584],[22.6734,63.76611],[22.68545,63.76955],[22.68461,63.76521],[22.69252,63.76691],[22.69397,63.77176],[22.71114,63.76899],[22.70566,63.77392],[22.74345,63.78677],[22.75137,63.7932],[22.74871,63.79694],[22.73907,63.79066],[22.72744,63.78978],[22.72496,63.78699],[22.7126,63.79303],[22.69938,63.79446],[22.70329,63.79697],[22.70054,63.79931],[22.68238,63.80054],[22.67825,63.80903],[22.66897,63.81349],[22.67877,63.8176],[22.69266,63.81744],[22.68759,63.81993],[22.69355,63.82753],[22.69124,63.83242],[22.70935,63.83016],[22.71325,63.83242],[22.70311,63.83714],[22.69339,63.83614],[22.70224,63.84188],[22.7073,63.83927],[22.71754,63.84567],[22.7272,63.84734],[22.75059,63.84591],[22.75158,63.84321],[22.76247,63.84116],[22.77124,63.84233],[22.77832,63.83521],[22.78025,63.84286],[22.78497,63.83961],[22.80463,63.83885],[22.81078,63.8444],[22.82463,63.84345],[22.82254,63.84694],[22.79029,63.85029],[22.77871,63.85976],[22.78744,63.86017],[22.78874,63.85785],[22.80903,63.85786],[22.81016,63.85273],[22.81707,63.852],[22.83534,63.85663],[22.85117,63.85042],[22.85088,63.84607],[22.84566,63.84588],[22.85292,63.84169],[22.85256,63.83881],[22.86302,63.8367],[22.87155,63.83864],[22.86697,63.84382],[22.87228,63.84528],[22.8845,63.83732],[22.90178,63.83581],[22.88805,63.84712],[22.88729,63.85302],[22.90017,63.85055],[22.91121,63.85514],[22.90483,63.85944],[22.90587,63.86199],[22.8916,63.86537],[22.88282,63.86118],[22.82994,63.87167],[22.82412,63.87583],[22.82723,63.87912],[22.82621,63.88566],[22.8135,63.88671],[22.8348,63.89284],[22.82232,63.89735],[22.82771,63.89984],[22.82533,63.90344],[22.83157,63.90567],[22.84258,63.90515],[22.85224,63.89313],[22.86515,63.89514],[22.86708,63.89805],[22.87792,63.8951],[22.88456,63.89885],[22.90122,63.90042],[22.90241,63.89657],[22.93745,63.89099],[22.94215,63.8876],[22.9377,63.87781],[22.95084,63.87196],[22.95978,63.87406],[22.96243,63.86622],[22.96878,63.86575],[22.96903,63.86114],[22.94619,63.86631],[22.96992,63.84066],[22.96141,63.84333],[22.95999,63.84782],[22.95355,63.84689],[22.95828,63.84414],[22.95921,63.83671],[22.96875,63.83198],[22.96736,63.82892],[22.93985,63.82905],[22.96922,63.82237],[22.97643,63.8178],[22.98912,63.81711],[22.99256,63.81246],[22.99158,63.80684],[22.99594,63.80704],[22.99742,63.80344],[22.98786,63.79513],[22.98956,63.7864],[22.99937,63.78192],[23.00577,63.78247],[23.01237,63.78583],[23.01489,63.7927],[23.02428,63.79053],[23.02372,63.79488],[23.01785,63.79765],[23.00962,63.79585],[23.00779,63.79869],[23.02063,63.80415],[23.01708,63.80726],[23.0181,63.81338],[23.01268,63.81449],[23.00845,63.82017],[22.98741,63.82558],[22.98484,63.83022],[22.99055,63.82912],[22.99484,63.8242],[23.01724,63.82952],[23.0175,63.82516],[23.03016,63.82396],[23.03651,63.82771],[23.03413,63.83081],[23.03991,63.83073],[23.04365,63.83426],[23.02001,63.84406],[23.01891,63.84894],[23.03394,63.85231],[23.02346,63.85578],[23.03425,63.85666],[23.038,63.86031],[23.02731,63.86494],[23.02809,63.86774],[23.03894,63.86937],[23.04554,63.87632],[23.06745,63.87435],[23.07376,63.87733],[23.07399,63.8804],[23.08972,63.87736],[23.09446,63.87473],[23.09369,63.87218],[23.10612,63.86765],[23.10228,63.86285],[23.10322,63.85605],[23.11764,63.85759],[23.11976,63.86387],[23.12397,63.86586],[23.1207,63.86872],[23.12281,63.87355],[23.12788,63.87539],[23.12613,63.87914],[23.11714,63.88694],[23.09579,63.89645],[23.09327,63.90161],[23.07781,63.90465],[23.08131,63.90868],[23.07855,63.91462],[23.09407,63.91235],[23.0988,63.90564],[23.10884,63.90011],[23.10718,63.89732],[23.1202,63.89278],[23.12219,63.8884],[23.13446,63.88831],[23.14263,63.89373],[23.13893,63.89865],[23.14174,63.90116],[23.12456,63.91216],[23.1342,63.91279],[23.12822,63.91825],[23.13638,63.91851],[23.15284,63.90573],[23.15368,63.90917],[23.16131,63.91008],[23.15516,63.91324],[23.17964,63.91428],[23.18665,63.91098],[23.19057,63.91284],[23.20324,63.90395],[23.20851,63.9118],[23.22087,63.9102],[23.20888,63.91653],[23.21283,63.91877],[23.21771,63.91793],[23.22185,63.91147],[23.24391,63.91125],[23.25014,63.9164],[23.26071,63.91419],[23.25682,63.90914],[23.26239,63.90982],[23.26299,63.91723],[23.27067,63.91877],[23.28116,63.91195],[23.29093,63.91065],[23.29247,63.91523],[23.30058,63.91497],[23.30435,63.91837],[23.32297,63.91858],[23.32376,63.92113],[23.30431,63.92489],[23.30513,63.93499],[23.29916,63.93303],[23.28242,63.93816],[23.28815,63.94421],[23.28348,63.94761],[23.31199,63.94409],[23.30558,63.94035],[23.31452,63.93944],[23.31627,63.93596],[23.34113,63.92724],[23.35685,63.91368],[23.36696,63.91633],[23.36352,63.92381],[23.37311,63.92033],[23.38346,63.92246],[23.38225,63.9253],[23.36804,63.92911],[23.39295,63.93484],[23.39684,63.93938],[23.40434,63.93888],[23.40669,63.94255],[23.40056,63.94453],[23.40369,63.94823],[23.38746,63.95924],[23.37321,63.9628],[23.36681,63.96969],[23.37963,63.96986],[23.39588,63.97599],[23.39717,63.98083],[23.39372,63.98473],[23.38398,63.98668],[23.37968,63.99097],[23.39005,63.98952],[23.3937,63.99471],[23.39219,63.99755],[23.37509,64.00218],[23.39024,64.00884],[23.39195,64.01521],[23.39274,64.02441],[23.38051,64.03152],[23.3811,64.05915],[23.38689,64.06519],[23.39981,64.06933],[23.404,64.07387],[23.40192,64.0803],[23.41739,64.08337],[23.44239,64.08168],[23.44007,64.07864],[23.45732,64.07195],[23.46086,64.06575],[23.47642,64.05666],[23.52008,64.05501],[23.52579,64.05031],[23.54121,64.04965],[23.55861,64.04193],[23.58992,64.04586],[23.59052,64.04917],[23.58384,64.05594],[23.59556,64.05624],[23.59578,64.05241],[23.60362,64.04561],[23.61775,64.04689],[23.61628,64.05613],[23.62554,64.06134],[23.62792,64.07115],[23.63492,64.07089],[23.62138,64.08241],[23.603,64.0922],[23.59845,64.09049],[23.60315,64.08759],[23.59827,64.08537],[23.58375,64.09279],[23.59871,64.09637],[23.59904,64.10302],[23.58262,64.11841],[23.59097,64.12005],[23.59683,64.12634],[23.60448,64.12672],[23.63038,64.11576],[23.64312,64.11732],[23.63624,64.12512],[23.6426,64.13345],[23.63069,64.14378],[23.64253,64.13883],[23.65266,64.13762],[23.65379,64.14016],[23.64747,64.14155],[23.6518,64.14378],[23.64745,64.14744],[23.64159,64.14742],[23.62852,64.15495],[23.63158,64.15937],[23.66243,64.14461],[23.67712,64.15432],[23.6733,64.15721],[23.67523,64.16203],[23.69673,64.16599],[23.69842,64.16826],[23.69097,64.17608],[23.70238,64.17586],[23.72095,64.18576],[23.72136,64.18984],[23.71424,64.20111],[23.69699,64.20488],[23.69704,64.2114],[23.68034,64.21492],[23.68173,64.21719],[23.69063,64.21805],[23.69519,64.22258],[23.70942,64.22385],[23.72988,64.21681],[23.73363,64.21905],[23.72973,64.22117],[23.73174,64.22369],[23.73911,64.22099],[23.76402,64.22321],[23.77668,64.22642],[23.78687,64.23416],[23.81124,64.23664],[23.82051,64.24401],[23.82171,64.25013],[23.83229,64.25274],[23.83444,64.25654],[23.83171,64.26146],[23.81794,64.25916],[23.82603,64.26924],[23.8238,64.27338],[23.83486,64.27214],[23.84476,64.27963],[23.84972,64.29054],[23.86616,64.28433],[23.90718,64.28787],[23.90958,64.27989],[23.91854,64.26999],[23.93128,64.26512],[23.91506,64.28157],[23.91987,64.30477],[23.91571,64.30997],[23.91722,64.32709],[23.93156,64.33986],[23.98613,64.35308],[23.98936,64.3584],[23.98393,64.36005],[23.98481,64.36272],[23.98954,64.36275],[23.98327,64.3703],[23.98981,64.37068],[23.98781,64.37404],[23.9989,64.37817],[24.00142,64.39302],[24.01509,64.39253],[24.02326,64.40435],[24.03224,64.40338],[24.03103,64.41461],[24.0599,64.41033],[24.09573,64.41565],[24.10209,64.42268],[24.08898,64.4319],[24.09474,64.43355],[24.09458,64.43764],[24.08209,64.44098],[24.08897,64.44316],[24.10921,64.43947],[24.12125,64.44329],[24.12224,64.4451],[24.11574,64.44778],[24.12814,64.44815],[24.13453,64.45506],[24.14304,64.45305],[24.15083,64.45794],[24.17578,64.45752],[24.18117,64.4598],[24.18084,64.46594],[24.19686,64.47162],[24.19705,64.48135],[24.20145,64.48476],[24.21523,64.48349],[24.21847,64.48073],[24.2178,64.47279],[24.22918,64.47172],[24.22413,64.4747],[24.23055,64.47866],[24.22344,64.4903],[24.22525,64.49289],[24.23018,64.49401],[24.22874,64.49654],[24.23317,64.49969],[24.25512,64.49985],[24.25253,64.50197],[24.25472,64.50675],[24.26894,64.5042],[24.27312,64.49801],[24.28879,64.50162],[24.27948,64.50567],[24.27883,64.51219],[24.26663,64.51542],[24.26475,64.52229],[24.25983,64.52399],[24.26072,64.52682],[24.24727,64.53067],[24.2479,64.53324],[24.27382,64.53858],[24.27522,64.5335],[24.28199,64.53132],[24.28674,64.52526],[24.30733,64.52436],[24.31108,64.52852],[24.3516,64.53361],[24.35201,64.53847],[24.35732,64.54202],[24.37154,64.54572],[24.37577,64.55733],[24.36715,64.56344],[24.3558,64.56388],[24.35663,64.5676],[24.36262,64.5672],[24.36582,64.57404],[24.36347,64.57681],[24.37921,64.58029],[24.38195,64.58584],[24.36442,64.59167],[24.37894,64.59551],[24.36878,64.59891],[24.37423,64.60105],[24.3619,64.60532],[24.38485,64.60841],[24.37979,64.6114],[24.38075,64.61384],[24.38776,64.61537],[24.39521,64.62472],[24.42123,64.63336],[24.42466,64.63803],[24.40586,64.63808],[24.38313,64.63244],[24.39976,64.63951],[24.4009,64.64938],[24.41091,64.65084],[24.41215,64.65649],[24.41831,64.65775],[24.41903,64.65968],[24.40676,64.65998],[24.40927,64.66181],[24.40723,64.66434],[24.41885,64.67094],[24.4487,64.67427],[24.47289,64.68723],[24.47107,64.69078],[24.46161,64.68639],[24.44886,64.6886],[24.44988,64.69041],[24.43961,64.69152],[24.44389,64.69364],[24.46502,64.69477],[24.47274,64.70168],[24.48661,64.7005],[24.48882,64.69594],[24.49235,64.69664],[24.49841,64.70226],[24.49514,64.70526],[24.50912,64.70601],[24.51034,64.70909],[24.5048,64.7108],[24.51466,64.71416],[24.53147,64.71355],[24.53564,64.72027],[24.55856,64.725],[24.57024,64.73824],[24.56373,64.74735],[24.55591,64.74773],[24.56014,64.75061],[24.56375,64.76372],[24.55707,64.76796],[24.55904,64.77272],[24.5711,64.77203],[24.57951,64.78189],[24.57861,64.7852],[24.57071,64.79633],[24.55236,64.80013],[24.54715,64.80465],[24.54084,64.81451],[24.54271,64.81711],[24.61317,64.83195],[24.64864,64.83175],[24.65471,64.82763],[24.64564,64.82134],[24.64831,64.8114],[24.64505,64.80751],[24.65295,64.80303],[24.66009,64.80365],[24.67364,64.81359],[24.67043,64.8161],[24.67346,64.81922],[24.67048,64.82582],[24.67506,64.82845],[24.6715,64.83147],[24.67259,64.83967],[24.68834,64.84529],[24.69104,64.85582],[24.70615,64.85503],[24.70868,64.85712],[24.70271,64.8601],[24.70542,64.86372],[24.71521,64.86515],[24.72109,64.87036],[24.74893,64.87564],[24.79346,64.87568],[24.81825,64.88909],[24.84093,64.88417],[24.89261,64.88542],[24.89579,64.88317],[24.93496,64.88269],[24.95496,64.88885],[24.96179,64.89406],[24.95712,64.89604],[24.95847,64.89811],[24.95325,64.90341],[24.95466,64.90732],[24.97139,64.90681],[25.0029,64.91361],[25.03236,64.90895],[25.06116,64.91061],[25.08438,64.91462],[25.09173,64.92149],[25.11795,64.91709],[25.12749,64.91862],[25.1317,64.91445],[25.13333,64.90399],[25.14052,64.90024],[25.14587,64.90107],[25.14169,64.90511],[25.15625,64.89916],[25.16305,64.90103],[25.16491,64.90463],[25.1797,64.90418],[25.19874,64.89891],[25.20714,64.89466],[25.20909,64.88803],[25.1969,64.88584],[25.20145,64.88078],[25.21083,64.88],[25.21329,64.87453],[25.22111,64.87027],[25.26174,64.87459],[25.29595,64.86168],[25.30289,64.85178],[25.29102,64.84935],[25.29864,64.83818],[25.29568,64.83264],[25.29711,64.82907],[25.31599,64.82968],[25.33643,64.84411],[25.3374,64.84783],[25.34684,64.85074],[25.34529,64.85636],[25.34999,64.85821],[25.34569,64.86455],[25.35627,64.86364],[25.36172,64.86805],[25.37112,64.88171],[25.37649,64.88253],[25.36872,64.88654],[25.37155,64.8895],[25.38411,64.8908],[25.38829,64.89648],[25.38649,64.90144],[25.37674,64.90326],[25.37466,64.9077],[25.36115,64.91204],[25.33567,64.90498],[25.31273,64.91546],[25.29879,64.91658],[25.27541,64.92412],[25.27551,64.92719],[25.26886,64.93223],[25.24869,64.93634],[25.2356,64.94284],[25.22408,64.94359],[25.22188,64.94932],[25.20934,64.95659],[25.20856,64.96375],[25.19333,64.97917],[25.21296,64.98375],[25.21098,64.99524],[25.21936,64.99649],[25.22011,65.0034],[25.24975,65.00324],[25.26163,64.99724],[25.30924,64.98986],[25.32767,64.98994],[25.33817,64.98622],[25.35192,64.97409],[25.38402,64.96242],[25.40217,64.96185],[25.40803,64.95961],[25.41269,64.95224],[25.43085,64.94617],[25.46866,64.94963],[25.48055,64.95282],[25.48763,64.96095],[25.48234,64.97445],[25.40368,64.99717],[25.40837,64.99965],[25.41578,64.99704],[25.42205,65.0035],[25.4327,65.00744],[25.45016,65.00878],[25.45829,65.01462],[25.46668,65.01586],[25.44524,65.03086],[25.43879,65.03116],[25.44406,65.03033],[25.4433,65.01754],[25.419,65.00398],[25.41061,65.00261],[25.39526,65.00654],[25.39737,65.01168],[25.41061,65.01283],[25.41419,65.02388],[25.40886,65.03214],[25.41242,65.03333],[25.41497,65.04154],[25.43847,65.03121],[25.39243,65.05869],[25.39257,65.06138],[25.40033,65.06338],[25.3926,65.06585],[25.38794,65.07271],[25.39058,65.07427],[25.38639,65.08344],[25.3766,65.08973],[25.37779,65.0951],[25.38318,65.09632],[25.37305,65.10324],[25.36079,65.10528],[25.35923,65.10105],[25.35134,65.10096],[25.32055,65.1129],[25.31317,65.11921],[25.29406,65.1236],[25.23196,65.12595],[25.23104,65.13067],[25.23748,65.1342],[25.23748,65.1388],[25.23121,65.1418],[25.23289,65.15307],[25.22544,65.15989],[25.22659,65.17001],[25.23165,65.17318],[25.24733,65.16923],[25.27201,65.17322],[25.27906,65.18175],[25.27728,65.18581],[25.26797,65.18853],[25.27083,65.19137],[25.26066,65.19791],[25.26665,65.19938],[25.3207,65.19232],[25.34634,65.18148],[25.35364,65.18156],[25.32174,65.19515],[25.31261,65.19504],[25.28729,65.20512],[25.28798,65.20858],[25.2947,65.2084],[25.29512,65.21109],[25.28338,65.21377],[25.27191,65.2121],[25.25624,65.21857],[25.27127,65.22194],[25.28499,65.21724],[25.28524,65.23221],[25.27577,65.23261],[25.2843,65.23718],[25.34297,65.23055],[25.34096,65.2382],[25.30584,65.2437],[25.29985,65.24209],[25.2941,65.24612],[25.30624,65.24703],[25.3106,65.2504],[25.31083,65.2563],[25.33106,65.25984],[25.32656,65.26337],[25.31533,65.26722],[25.26901,65.26579],[25.2662,65.27138],[25.26664,65.27407],[25.29122,65.28113],[25.28663,65.28594],[25.29021,65.28739],[25.31353,65.28586],[25.31665,65.2896],[25.30453,65.29279],[25.28604,65.30448],[25.27995,65.30415],[25.27626,65.3091],[25.26146,65.31558],[25.24487,65.31667],[25.25073,65.32057],[25.24949,65.32542],[25.25214,65.32698],[25.23111,65.33019],[25.23727,65.33423],[25.27278,65.33886],[25.29042,65.33126],[25.30826,65.32992],[25.31718,65.3244],[25.33104,65.32302],[25.33727,65.31644],[25.34218,65.3161],[25.36085,65.32091],[25.37447,65.32823],[25.36918,65.32957],[25.36245,65.32464],[25.34039,65.32504],[25.32345,65.33163],[25.28513,65.33734],[25.27901,65.34187],[25.28216,65.3451],[25.27424,65.34923],[25.29081,65.35352],[25.29366,65.36148],[25.29058,65.36656],[25.30713,65.36649],[25.30301,65.36388],[25.31008,65.35872],[25.32956,65.36073],[25.32878,65.3634],[25.30875,65.36983],[25.25864,65.36747],[25.26012,65.37286],[25.26928,65.37348],[25.26485,65.38033],[25.2776,65.38065],[25.28511,65.38466],[25.26151,65.38899],[25.2675,65.39123],[25.25993,65.39434],[25.25804,65.39969],[25.2622,65.40179],[25.25869,65.4038],[25.26147,65.40817],[25.28436,65.41023],[25.29483,65.40497],[25.29823,65.3999],[25.30433,65.40035],[25.3299,65.41329],[25.32504,65.42219],[25.31756,65.42377],[25.3235,65.42704],[25.34904,65.42143],[25.35888,65.42116],[25.36324,65.42517],[25.36331,65.42901],[25.3577,65.43022],[25.35879,65.43254],[25.33196,65.4389],[25.33087,65.44144],[25.35034,65.43974],[25.34832,65.44266],[25.32343,65.44724],[25.32917,65.4537],[25.34377,65.45642],[25.3463,65.46003],[25.33583,65.46503],[25.32684,65.46135],[25.31479,65.46697],[25.32462,65.46708],[25.32348,65.47538],[25.33001,65.47903],[25.32724,65.48386],[25.31538,65.48641],[25.30485,65.48259],[25.28871,65.48931],[25.28008,65.48947],[25.27801,65.4929],[25.28603,65.50207],[25.26459,65.5095],[25.26704,65.51439],[25.26391,65.51973],[25.24871,65.52569],[25.25196,65.52777],[25.22006,65.53891],[25.21863,65.54171],[25.21123,65.54162],[25.20749,65.54669],[25.21048,65.5526],[25.20401,65.55688],[25.20944,65.55874],[25.20553,65.56176],[25.1846,65.56075],[25.17383,65.56471],[25.17741,65.57524],[25.16996,65.57131],[25.16851,65.56567],[25.16349,65.56228],[25.15787,65.56323],[25.15875,65.56824],[25.15062,65.56967],[25.12055,65.54974],[25.11305,65.55527],[25.11796,65.55994],[25.11368,65.56372],[25.11552,65.56809],[25.10537,65.5718],[25.08513,65.56976],[25.0823,65.57458],[25.08622,65.57591],[25.08264,65.57842],[25.08743,65.58053],[25.08401,65.58918],[25.06641,65.58896],[25.06243,65.59249],[25.08689,65.59203],[25.07953,65.59961],[25.07421,65.60044],[25.07554,65.6034],[25.06776,65.60407],[25.04662,65.62196],[25.01555,65.62348],[24.991,65.62878],[24.99289,65.63226],[24.96176,65.63044],[24.92806,65.6337],[24.89934,65.6443],[24.89709,65.64913],[24.90202,65.65329],[24.89915,65.65811],[24.88868,65.66104],[24.88841,65.66436],[24.87664,65.6642],[24.87385,65.668],[24.85507,65.66262],[24.85104,65.6664],[24.84431,65.66528],[24.84276,65.66155],[24.83608,65.65979],[24.82595,65.66233],[24.82504,65.66577],[24.80604,65.66678],[24.80917,65.66286],[24.81857,65.66159],[24.80269,65.6588],[24.79713,65.6513],[24.7914,65.64943],[24.77867,65.65692],[24.77832,65.661],[24.75865,65.66622],[24.74823,65.66491],[24.74341,65.66305],[24.75888,65.65637],[24.74443,65.65847],[24.73436,65.65319],[24.73059,65.64674],[24.72173,65.64533],[24.72533,65.6395],[24.71723,65.63656],[24.71958,65.63097],[24.69426,65.63008],[24.69143,65.63413],[24.68403,65.63376],[24.67995,65.63778],[24.6588,65.63875],[24.66316,65.64188],[24.66048,65.64415],[24.66499,65.64908],[24.65804,65.65409],[24.67263,65.65381],[24.677,65.65693],[24.658,65.66816],[24.65504,65.67348],[24.64459,65.67588],[24.6498,65.68005],[24.64051,65.68324],[24.62127,65.68319],[24.61704,65.68876],[24.60969,65.69094],[24.60717,65.69474],[24.61631,65.7],[24.60911,65.70066],[24.6036,65.69648],[24.60096,65.68812],[24.58838,65.68652],[24.60388,65.66987],[24.59988,65.66623],[24.58699,65.66808],[24.58313,65.66289],[24.58787,65.65862],[24.58586,65.6568],[24.54326,65.65509],[24.52444,65.66387],[24.51823,65.6639],[24.51457,65.67305],[24.51653,65.67525],[24.52836,65.67481],[24.52995,65.67765],[24.55124,65.67556],[24.57541,65.68247],[24.58857,65.69112],[24.5864,65.69442],[24.59046,65.70088],[24.60153,65.7054],[24.60342,65.71183],[24.59235,65.72061],[24.58411,65.72227],[24.57855,65.72857],[24.55735,65.72593],[24.55111,65.73274],[24.55437,65.74098],[24.51201,65.7417],[24.51005,65.74589],[24.51619,65.76288],[24.51368,65.7631],[24.51073,65.75485],[24.50132,65.74601],[24.50571,65.7425],[24.49192,65.74355],[24.48775,65.74809],[24.46678,65.74621],[24.45393,65.75341],[24.45646,65.75934],[24.49057,65.76707],[24.50199,65.77442],[24.53592,65.78444],[24.53281,65.78865],[24.52366,65.78884],[24.46042,65.77284],[24.42392,65.77043],[24.40748,65.77285],[24.38602,65.78182],[24.35658,65.78336],[24.34264,65.79169],[24.32957,65.79146],[24.32075,65.79834],[24.31005,65.79931],[24.31018,65.79215],[24.28986,65.79562],[24.28578,65.79299],[24.27444,65.79407],[24.27602,65.79973],[24.26186,65.8069],[24.26439,65.8095],[24.25833,65.82244],[24.24362,65.83165],[24.24058,65.83083],[24.24506,65.824],[24.25255,65.82106],[24.25778,65.81297],[24.25528,65.81011],[24.24281,65.81296],[24.25351,65.80918],[24.25817,65.79762],[24.24988,65.79056],[24.24721,65.79512],[24.2327,65.79383],[24.23447,65.79182],[24.23033,65.78688],[24.22046,65.78594],[24.23763,65.77985],[24.23453,65.77391],[24.23758,65.77166],[24.22674,65.76814],[24.22657,65.76391],[24.21882,65.76646],[24.2183,65.77132],[24.2074,65.76842],[24.19584,65.77167],[24.1963,65.76171],[24.16836,65.76092],[24.16285,65.75724],[24.16457,65.75292],[24.15733,65.75368],[24.14043,65.77141],[24.1471,65.77307],[24.14475,65.7802],[24.16598,65.78826],[24.16232,65.79894],[24.15963,65.79787],[24.16258,65.78794],[24.14294,65.78527],[24.13556,65.78719],[24.13522,65.79025],[24.14752,65.8002],[24.15974,65.80248],[24.15352,65.80799],[24.16065,65.81401],[24.15061,65.82819],[24.15211,65.83484],[24.15919,65.83573],[24.16109,65.84114],[24.15342,65.84279],[24.14544,65.83938],[24.1252,65.85148],[24.12556,65.85778],[24.13162,65.86315],[24.15294,65.86258],[24.14145,65.87298],[24.13353,65.88699],[24.1186,65.89439],[24.11504,65.89988],[24.11021,65.91405],[24.11552,65.91782],[24.11823,65.92635],[24.10761,65.93164],[24.08828,65.93128],[24.07435,65.94437],[24.05339,65.9518],[24.04304,65.9623],[24.04099,65.97039],[24.05213,65.97346],[24.04924,65.99455],[24.04525,66.00207],[23.99501,66.03632],[23.97611,66.05715],[23.93833,66.07672],[23.93641,66.09014],[23.93959,66.0993],[23.9451,66.10294],[23.94436,66.10835],[23.93719,66.11112],[23.94062,66.12096],[23.91464,66.13535],[23.91476,66.13944],[23.92724,66.14505],[23.92999,66.1498],[23.92091,66.15967],[23.88874,66.16778],[23.86659,66.16534],[23.8575,66.1717],[23.83127,66.17034],[23.78187,66.187],[23.72719,66.19562],[23.72591,66.19855],[23.73338,66.20598],[23.72555,66.21363],[23.70721,66.21782],[23.69452,66.22823],[23.69429,66.23371],[23.70121,66.24143],[23.69958,66.24431],[23.66688,66.26107],[23.67311,66.27299],[23.66439,66.28531],[23.64638,66.3],[23.65783,66.3208],[23.65989,66.3353],[23.65612,66.35099],[23.6859,66.37737],[23.6892,66.38753],[23.68347,66.39333],[23.66716,66.39852],[23.65847,66.41174],[23.64425,66.42369],[23.64287,66.43065],[23.64415,66.4372],[23.64781,66.43964],[23.64998,66.45425],[23.65586,66.45984],[23.69271,66.47457],[23.71039,66.47369],[23.71952,66.47696],[23.71432,66.49291],[23.72614,66.49824],[23.72814,66.50707],[23.73545,66.50781],[23.73928,66.50401],[23.75198,66.505],[23.76121,66.51014],[23.79547,66.51751],[23.79748,66.52261],[23.78441,66.53334],[23.788,66.53719],[23.83423,66.55356],[23.85796,66.55782],[23.86357,66.56893],[23.87149,66.57299],[23.87822,66.58292],[23.87509,66.5869],[23.87671,66.60404],[23.88456,66.61244],[23.88447,66.61686],[23.87027,66.62922],[23.87204,66.64323],[23.86467,66.65455],[23.87194,66.66229],[23.87541,66.67193],[23.88622,66.67469],[23.88852,66.69552],[23.89792,66.70684],[23.89537,66.71143],[23.90779,66.72112],[23.88851,66.74062],[23.88626,66.75009],[23.87662,66.75346],[23.87933,66.76256],[23.88956,66.76885],[23.91581,66.77197],[23.91532,66.77902],[23.90823,66.79071],[23.90941,66.79478],[23.92953,66.79417],[23.95802,66.78235],[23.98259,66.78662],[23.97721,66.79865],[23.98768,66.80262],[23.98785,66.81103],[23.99518,66.81981],[23.98224,66.83445],[23.97242,66.83988],[23.96949,66.84961],[23.95337,66.86277],[23.95243,66.86704],[23.94325,66.87231],[23.94379,66.87555],[23.93681,66.88307],[23.91328,66.8889],[23.9018,66.90062],[23.86432,66.91915],[23.86324,66.92809],[23.86799,66.93571],[23.86401,66.93763],[23.86035,66.9461],[23.86159,66.95446],[23.84678,66.95975],[23.82773,66.9617],[23.82681,66.96754],[23.8172,66.97442],[23.81813,66.97807],[23.8001,66.98325],[23.7983,66.98566],[23.80124,66.98893],[23.76058,67.00521],[23.73706,67.01887],[23.72795,67.02994],[23.71564,67.03434],[23.71366,67.04334],[23.70316,67.04633],[23.69715,67.05299],[23.6706,67.06686],[23.66338,67.0784],[23.66722,67.08375],[23.65375,67.10425],[23.62967,67.11476],[23.61727,67.12796],[23.59644,67.13882],[23.58427,67.15081],[23.55598,67.16617],[23.55149,67.17219],[23.55911,67.1813],[23.58729,67.19028],[23.58542,67.19893],[23.5958,67.2073],[23.56419,67.22299],[23.54626,67.22519],[23.56236,67.23765],[23.55146,67.24756],[23.56921,67.25302],[23.561,67.26089],[23.57542,67.26842],[23.60589,67.27371],[23.61952,67.27152],[23.69358,67.28402],[23.723,67.28263],[23.74554,67.30929],[23.74954,67.32222],[23.75656,67.32385],[23.7552,67.32765],[23.77238,67.33498],[23.77505,67.33937],[23.75764,67.34938],[23.74141,67.34868],[23.73759,67.35249],[23.74074,67.35736],[23.72979,67.36816],[23.7348,67.37929],[23.71728,67.3853],[23.7201,67.39203],[23.73318,67.39592],[23.75267,67.40884],[23.75174,67.42007],[23.76437,67.42717],[23.75955,67.4337],[23.7092,67.44583],[23.677,67.44219],[23.54338,67.46131],[23.53272,67.45996],[23.50985,67.44651],[23.49721,67.44599],[23.41367,67.4664],[23.40661,67.47047],[23.40402,67.47883],[23.39404,67.48597],[23.40665,67.49694],[23.40445,67.50035],[23.42693,67.50521],[23.43512,67.50936],[23.43576,67.5177],[23.47579,67.53048],[23.47671,67.53469],[23.48386,67.538],[23.47691,67.54575],[23.46778,67.54822],[23.45612,67.56202],[23.46762,67.56559],[23.49225,67.56605],[23.5049,67.56302],[23.51236,67.56482],[23.52781,67.57634],[23.53962,67.57888],[23.54437,67.58259],[23.53848,67.60375],[23.54606,67.6127],[23.55877,67.6195],[23.54153,67.62391],[23.53865,67.62673],[23.54063,67.63047],[23.53313,67.63756],[23.51352,67.64717],[23.49122,67.66587],[23.49816,67.68012],[23.49025,67.68755],[23.48914,67.6905],[23.4927,67.69447],[23.47757,67.70117],[23.48302,67.70606],[23.48355,67.71236],[23.47754,67.71626],[23.47864,67.72447],[23.48494,67.72737],[23.48546,67.73209],[23.47501,67.73877],[23.48443,67.74518],[23.49189,67.75542],[23.48917,67.76142],[23.492,67.7639],[23.48323,67.77356],[23.48433,67.77814],[23.49185,67.78188],[23.49404,67.79037],[23.47951,67.80134],[23.47241,67.8177],[23.48229,67.82741],[23.47864,67.84357],[23.48746,67.84592],[23.49423,67.86393],[23.50566,67.8713],[23.50563,67.87608],[23.51758,67.88493],[23.54012,67.88964],[23.55254,67.89829],[23.57972,67.89302],[23.58709,67.89518],[23.59604,67.9033],[23.64291,67.9165],[23.6463,67.92131],[23.64425,67.92534],[23.65668,67.9376],[23.66489,67.94126],[23.65053,67.95137],[23.65208,67.95946],[23.64967,67.96161],[23.60317,67.97171],[23.57327,67.97254],[23.53844,67.99263],[23.53472,67.99785],[23.53742,68.00395],[23.53408,68.00601],[23.47842,68.01666],[23.4658,68.02136],[23.46365,68.02522],[23.46572,68.03048],[23.44785,68.03616],[23.41074,68.0412],[23.38944,68.0473],[23.38452,68.05168],[23.386,68.05722],[23.37606,68.0584],[23.3704,68.06331],[23.37262,68.06767],[23.36131,68.07926],[23.36117,68.08445],[23.33734,68.09978],[23.33548,68.10793],[23.32531,68.11727],[23.33026,68.12309],[23.32198,68.1286],[23.3216,68.13445],[23.31456,68.1418],[23.30145,68.15008],[23.29001,68.15049],[23.27892,68.15724],[23.26065,68.15695],[23.2561,68.1516],[23.24766,68.1487],[23.20895,68.14564],[23.19591,68.13856],[23.17168,68.13349],[23.1517,68.1377],[23.14039,68.15459],[23.14699,68.1715],[23.14205,68.1756],[23.14159,68.18178],[23.15081,68.19146],[23.16171,68.19467],[23.16211,68.19766],[23.14294,68.20254],[23.14078,68.20776],[23.14483,68.21044],[23.14328,68.22055],[23.15193,68.23153],[23.14196,68.24788],[23.1095,68.25281],[23.07643,68.26791],[23.07306,68.2741],[23.06463,68.2794],[23.06394,68.28564],[23.07038,68.29463],[23.06977,68.30063],[23.05653,68.30742],[23.03817,68.30689],[22.98835,68.31968],[22.97678,68.32466],[22.97236,68.33213],[22.91652,68.33371],[22.89117,68.3494],[22.83559,68.36566],[22.83569,68.37284],[22.84649,68.38197],[22.80014,68.39358],[22.75902,68.38452],[22.73094,68.3861],[22.72656,68.39378],[22.68756,68.39959],[22.68533,68.40156],[22.69184,68.40464],[22.69061,68.40647],[22.67536,68.41232],[22.645,68.41723],[22.63939,68.42148],[22.64355,68.43184],[22.63892,68.43438],[22.62505,68.43456],[22.61892,68.43186],[22.61768,68.4277],[22.57142,68.42245],[22.55846,68.43288],[22.55094,68.43482],[22.53918,68.43417],[22.5056,68.44227],[22.46806,68.44137],[22.43752,68.45958],[22.43646,68.46432],[22.40254,68.46603],[22.36433,68.44827],[22.34378,68.44457],[22.34072,68.4458],[22.34541,68.45219],[22.34273,68.45479],[22.34404,68.46097],[22.34894,68.46353],[22.34091,68.46976],[22.34743,68.47335],[22.35107,68.48055],[22.34794,68.48212],[22.30115,68.48366],[22.2821,68.47851],[22.2507,68.48225],[22.22363,68.47308],[22.20424,68.48002],[22.19263,68.48021],[22.15232,68.4701],[22.12636,68.47239],[22.12304,68.48011],[22.1156,68.48214],[22.10057,68.47861],[22.09711,68.48132],[22.07517,68.48233],[22.0462,68.47905],[22.01104,68.49992],[22.00898,68.50999],[21.99734,68.52035],[21.997,68.52296],[22.00761,68.5309],[22.00332,68.53429],[21.99244,68.53379],[21.96952,68.547],[21.96852,68.55104],[21.94617,68.55635],[21.88803,68.5847],[21.86503,68.58376],[21.86145,68.58535],[21.86395,68.58794],[21.84348,68.59108],[21.7705,68.58573],[21.72163,68.59074],[21.7,68.59782],[21.69949,68.6145],[21.71206,68.61739],[21.71024,68.62453],[21.70175,68.6301],[21.66343,68.64082],[21.65303,68.64739],[21.65262,68.65047],[21.62714,68.65494],[21.62307,68.65885],[21.62402,68.66223],[21.57182,68.67046],[21.55458,68.6777],[21.50119,68.67654],[21.46654,68.68169],[21.45709,68.68678],[21.4291,68.69193],[21.4181,68.69825],[21.4224,68.70105],[21.42053,68.70607],[21.41283,68.71148],[21.42178,68.71597],[21.40981,68.72545],[21.41457,68.72866],[21.41342,68.73179],[21.40592,68.73523],[21.40685,68.743],[21.41238,68.74798],[21.4014,68.75782],[21.39006,68.76181],[21.39102,68.76458],[21.36699,68.7672],[21.32483,68.75918],[21.2995,68.7622],[21.27032,68.77971],[21.26191,68.78695],[21.25963,68.79099],[21.26213,68.79231],[21.25351,68.7971],[21.25385,68.80211],[21.23722,68.81253],[21.18932,68.82381],[21.17124,68.83371],[21.14496,68.83999],[21.14184,68.84634],[21.13014,68.84916],[21.12825,68.85375],[21.07805,68.86492],[21.07141,68.87309],[21.04471,68.88198],[21.02629,68.88271],[21.02866,68.88592],[21.0004,68.89563],[20.99125,68.89745],[20.98719,68.89224],[20.96504,68.89111],[20.95772,68.89282],[20.95528,68.89714],[20.93255,68.89861],[20.91532,68.8971],[20.90265,68.89115],[20.87883,68.89319],[20.87825,68.89568],[20.90322,68.90052],[20.88123,68.91798],[20.85278,68.92323],[20.844,68.9369],[20.86741,68.94364],[20.89202,68.94154],[20.89499,68.9473],[20.91367,68.96018],[20.91141,68.96907],[20.87927,68.9868],[20.86672,68.98713],[20.83478,68.99615],[20.81949,69.00691],[20.81395,69.01668],[20.80756,69.02027],[20.7738,69.0329],[20.73453,69.03718],[20.70291,69.04446],[20.62923,69.04562],[20.5907,69.05349],[20.57781,69.05265],[20.54865,69.05997],[20.71732,69.11979],[21.05754,69.03629],[21.10868,69.10393],[21.05563,69.12209],[21.04673,69.13952],[20.98758,69.19193],[21.00331,69.22234],[21.09617,69.26091],[21.27882,69.31188],[21.62709,69.27659],[21.72334,69.21449],[21.8464,69.14416],[21.98362,69.07289],[22.17576,68.95632],[22.19187,68.91877],[22.34078,68.82723],[22.37452,68.71667],[22.53539,68.74451],[22.60577,68.72612],[22.80082,68.68755],[23.04595,68.68934],[23.16758,68.62852],[23.44064,68.69216],[23.67352,68.70552],[23.73106,68.75075],[23.77539,68.81885],[23.87146,68.83652],[23.98333,68.82714],[24.07559,68.77997],[24.15855,68.78971],[24.15296,68.75359],[24.20805,68.74531],[24.25096,68.72713],[24.30226,68.71735],[24.60839,68.6819],[24.78342,68.63623],[24.85717,68.56221],[24.90317,68.55459],[24.90657,68.58191],[24.91692,68.60525],[24.95909,68.61768],[24.97949,68.61765],[24.9859,68.6131],[24.99588,68.61218],[25.01612,68.61575],[25.01358,68.61774],[25.01556,68.62194],[25.04877,68.6269],[25.06832,68.61985],[25.07634,68.6222],[25.09146,68.63564],[25.11295,68.6375],[25.11931,68.64302],[25.11604,68.64453],[25.11857,68.6481],[25.11388,68.65307],[25.11464,68.66605],[25.10709,68.68063],[25.11431,68.69284],[25.11329,68.69894],[25.11079,68.69936],[25.12231,68.71304],[25.13079,68.7145],[25.1296,68.71923],[25.12454,68.71979],[25.1218,68.72435],[25.12401,68.7349],[25.12667,68.73595],[25.12566,68.74262],[25.12118,68.74518],[25.12648,68.75803],[25.13462,68.76198],[25.13541,68.76668],[25.1327,68.7676],[25.1413,68.77877],[25.1422,68.78723],[25.14838,68.78972],[25.15713,68.79989],[25.1969,68.80973],[25.20803,68.81889],[25.23178,68.82654],[25.23893,68.83932],[25.28985,68.85632],[25.28776,68.85798],[25.29602,68.86097],[25.39696,68.88519],[25.40106,68.88657],[25.39771,68.88958],[25.4111,68.89271],[25.41971,68.89116],[25.48159,68.90506],[25.4937,68.90339],[25.49335,68.89969],[25.50896,68.89692],[25.53054,68.88804],[25.58558,68.88332],[25.62187,68.8911],[25.62814,68.89331],[25.62672,68.89669],[25.63566,68.90264],[25.65431,68.90614],[25.65713,68.91681],[25.66206,68.92193],[25.69105,68.94467],[25.69207,68.95146],[25.71366,68.96713],[25.71152,68.97909],[25.72254,68.98936],[25.75604,69.00439],[25.76202,69.00386],[25.77744,69.01828],[25.77051,69.02861],[25.75031,69.03251],[25.75041,69.03705],[25.74527,69.03978],[25.74459,69.04397],[25.75061,69.04617],[25.74935,69.05068],[25.75396,69.05295],[25.75276,69.05653],[25.72429,69.0796],[25.73151,69.08243],[25.72561,69.09565],[25.73141,69.10377],[25.72022,69.1088],[25.72225,69.11559],[25.73179,69.12302],[25.73202,69.12781],[25.74202,69.13595],[25.7428,69.14447],[25.72965,69.15166],[25.73033,69.15871],[25.72519,69.16121],[25.7262,69.1637],[25.70807,69.18708],[25.6934,69.19606],[25.69567,69.2003],[25.69364,69.20363],[25.71333,69.21159],[25.70569,69.22013],[25.71386,69.2255],[25.701,69.23084],[25.70413,69.23638],[25.70245,69.23977],[25.70813,69.24439],[25.70129,69.25001],[25.70285,69.25482],[25.72096,69.25747],[25.73227,69.26611],[25.72859,69.2715],[25.74318,69.27756],[25.7385,69.28113],[25.74773,69.2862],[25.74462,69.29287],[25.73601,69.29519],[25.73685,69.29877],[25.74782,69.30206],[25.73857,69.31133],[25.74183,69.31907],[25.75895,69.3273],[25.7624,69.33521],[25.75997,69.34095],[25.77701,69.34392],[25.77988,69.34636],[25.77877,69.35075],[25.78486,69.3559],[25.81852,69.36073],[25.81608,69.36707],[25.81869,69.3727],[25.81259,69.37591],[25.82985,69.38271],[25.8306,69.38875],[25.84678,69.39415],[25.83185,69.40682],[25.81217,69.40542],[25.80969,69.41076],[25.82418,69.41337],[25.82196,69.41611],[25.79304,69.42091],[25.8108,69.42859],[25.80553,69.43292],[25.80682,69.43526],[25.81716,69.44002],[25.81875,69.44472],[25.82599,69.44873],[25.8349,69.4682],[25.86366,69.47482],[25.86411,69.48304],[25.84903,69.48814],[25.84636,69.49254],[25.85995,69.50425],[25.85648,69.5081],[25.85996,69.51353],[25.87704,69.5222],[25.87607,69.529],[25.84129,69.54208],[25.84146,69.55101],[25.87422,69.55358],[25.93749,69.57253],[25.94857,69.58311],[25.94556,69.58603],[25.95436,69.59552],[25.96673,69.5988],[25.97657,69.61104],[25.95941,69.62042],[25.96392,69.62559],[25.96068,69.62882],[25.96333,69.63245],[25.9553,69.64653],[25.92936,69.65558],[25.8971,69.65918],[25.89149,69.6655],[25.91692,69.67855],[25.94265,69.68456],[25.95216,69.6937],[25.95054,69.69655],[26.00714,69.72286],[26.04866,69.72019],[26.07794,69.72703],[26.10583,69.72942],[26.13562,69.73861],[26.14651,69.74493],[26.15007,69.75536],[26.18439,69.76091],[26.18549,69.76707],[26.18117,69.7691],[26.19244,69.77706],[26.21121,69.77915],[26.22504,69.78644],[26.22801,69.7924],[26.24666,69.79495],[26.24885,69.80083],[26.24118,69.80819],[26.24084,69.81368],[26.24589,69.81737],[26.32796,69.83532],[26.34266,69.84311],[26.36064,69.84481],[26.387,69.85607],[26.40066,69.86639],[26.40314,69.87362],[26.41311,69.8799],[26.41772,69.89061],[26.40795,69.89689],[26.40754,69.90148],[26.45509,69.9187],[26.45811,69.92224],[26.4576,69.93162],[26.46663,69.9402],[26.49524,69.94559],[26.55292,69.94791],[26.61716,69.95916],[26.67608,69.96462],[26.68341,69.96302],[26.70279,69.94846],[26.71547,69.94527],[26.73238,69.94644],[26.78222,69.95817],[26.85129,69.96013],[26.85894,69.95734],[26.85537,69.94678],[26.86068,69.93991],[26.87356,69.93477],[26.89777,69.93245],[26.92888,69.93932],[26.9682,69.93868],[26.98595,69.93508],[27.01177,69.91857],[27.0375,69.91039],[27.06216,69.91776],[27.09994,69.91756],[27.1292,69.93185],[27.15311,69.93276],[27.23531,69.94825],[27.30209,69.95522],[27.30548,69.95805],[27.30139,69.96375],[27.29535,69.96522],[27.29085,69.97069],[27.27552,69.97479],[27.27646,69.9793],[27.291,69.98536],[27.31192,69.99041],[27.3263,69.98826],[27.35821,69.99153],[27.39183,70.00377],[27.40512,70.01328],[27.42856,70.01921],[27.52599,70.02346],[27.54016,70.03332],[27.54351,70.03915],[27.5407,70.04565],[27.55259,70.05768],[27.57912,70.0679],[27.61599,70.075],[27.6721,70.07742],[27.69997,70.07553],[27.73293,70.06334],[27.76137,70.06284],[27.81281,70.07603],[27.94841,70.09108],[27.9603,70.09013],[27.97699,70.05425],[27.98428,70.01397],[28.16071,69.92099],[28.34511,69.88087],[28.33048,69.84919],[28.40423,69.81843],[28.917,69.72976],[29.13391,69.69534],[29.17054,69.63904],[29.3365,69.47832],[29.21934,69.39764],[28.83154,69.22436],[28.83031,69.1719],[28.80543,69.11116],[28.85458,69.07664],[28.92929,69.05191],[28.49579,68.93012],[28.41579,68.91545],[28.46808,68.88549],[28.66128,68.88643],[28.80079,68.8693],[28.70641,68.73225],[28.43393,68.53969],[28.64567,68.19633],[29.32709,68.07455],[29.65906,67.80296],[30.01675,67.67351],[29.93015,67.52259],[29.84006,67.4792],[29.76247,67.4249],[29.71488,67.39821],[29.71757,67.3935],[29.68593,67.38073],[29.67619,67.37314],[29.65794,67.37043],[29.65027,67.36409],[29.65135,67.3603],[29.64292,67.3544],[29.62385,67.35252],[29.61687,67.34647],[29.64431,67.34085],[29.64389,67.33574],[29.61048,67.32651],[29.58706,67.3297],[29.57803,67.32396],[29.56666,67.32187],[29.56545,67.3192],[29.58016,67.31582],[29.57154,67.31204],[29.55507,67.31235],[29.53873,67.30838],[29.52754,67.31136],[29.51961,67.3046],[29.51442,67.29386],[29.50542,67.2876],[29.51658,67.28067],[29.38625,67.19415],[29.0733,66.99614],[29.04104,66.96156],[29.03457,66.94457],[29.03336,66.92608],[29.06061,66.85307],[29.11899,66.8015],[29.10403,66.79531],[29.10581,66.79045],[29.1312,66.78597],[29.14034,66.77974],[29.14966,66.78032],[29.3618,66.63694],[29.36328,66.62716],[29.36008,66.62436],[29.38624,66.6075],[29.37619,66.60382],[29.38259,66.59844],[29.41844,66.59248],[29.41064,66.5834],[29.42273,66.57847],[29.4721,66.54404],[29.51962,66.49635],[29.63139,66.3664],[29.66236,66.31982],[29.69446,66.28021],[29.70584,66.27489],[29.69448,66.27084],[29.69861,66.26738],[29.70952,66.26822],[29.92334,66.1272],[29.97095,66.04621],[29.98111,66.044],[29.97371,66.04082],[29.98429,66.02471],[29.99247,66.02254],[29.9893,66.01986],[29.99712,65.97883],[30.02423,65.9667],[30.0244,65.95873],[30.06846,65.89497],[30.08721,65.8507],[30.1193,65.7525],[30.13417,65.69972],[30.13854,65.66867],[30.03969,65.68727],[30.01711,65.69648],[29.72173,65.63707],[29.75381,65.60936],[29.86381,65.56048],[29.79846,65.52631],[29.75481,65.49741],[29.74915,65.48274],[29.73297,65.47257],[29.72724,65.40035],[29.73127,65.37395],[29.74658,65.3474],[29.64606,65.28907],[29.60928,65.27579],[29.60179,65.25993],[29.634,65.23158],[29.70065,65.23084],[29.74416,65.2258],[29.7641,65.22889],[29.8594,65.21519],[29.88566,65.20629],[29.89357,65.19302],[29.81933,65.14432],[29.85037,65.12852],[29.86467,65.13086],[29.8529,65.12723],[29.89686,65.10514],[29.87183,65.10375],[29.83094,65.09192],[29.73267,65.09129],[29.62695,65.06061],[29.61444,65.01288],[29.59933,64.99505],[29.61918,64.95966],[29.61099,64.92731],[29.64496,64.86648],[29.69974,64.83723],[29.6875,64.81881],[29.73967,64.78982],[29.86881,64.78979],[29.8976,64.7936],[29.99579,64.79478],[30.00718,64.79153],[30.04292,64.79293],[30.08653,64.77403],[30.09117,64.76499],[30.04138,64.7413],[30.05358,64.71313],[30.13581,64.64907],[30.13009,64.63478],[30.11899,64.62591],[30.05431,64.61529],[29.98944,64.58767],[29.99748,64.57735],[29.987,64.53399],[30.01465,64.50437],[30.02973,64.50063],[30.02437,64.48299],[30.04602,64.47211],[30.05841,64.45091],[30.05016,64.44167],[30.05726,64.4342],[30.04496,64.40211],[30.10991,64.36507],[30.13719,64.35802],[30.2102,64.35052],[30.28551,64.32984],[30.30213,64.31986],[30.36688,64.29971],[30.36078,64.28136],[30.38827,64.26907],[30.48251,64.26233],[30.50964,64.22176],[30.46642,64.20447],[30.51711,64.1543],[30.5535,64.13228],[30.55362,64.10169],[30.52801,64.04887],[30.49187,64.01695],[30.44684,63.98275],[30.35353,63.93216],[30.3218,63.91012],[30.26041,63.82201],[30.13324,63.79707],[29.97189,63.75716],[29.97715,63.75446]]],[[[27.76423,60.5529],[27.75935,60.5551],[27.75967,60.55791],[27.76743,60.55633],[27.76891,60.55301],[27.76423,60.5529]]],[[[27.75832,60.56662],[27.74627,60.57412],[27.7471,60.57628],[27.76312,60.57171],[27.76358,60.56915],[27.75832,60.56662]]],[[[27.75219,60.50396],[27.74682,60.50758],[27.75283,60.50959],[27.75999,60.50494],[27.75219,60.50396]]],[[[27.75567,60.47151],[27.74888,60.47327],[27.75107,60.47825],[27.75779,60.47731],[27.75357,60.47478],[27.75567,60.47151]]],[[[27.72825,60.45432],[27.71544,60.46104],[27.71812,60.46525],[27.73165,60.46761],[27.72825,60.45432]]],[[[27.71012,60.45467],[27.70575,60.45636],[27.70508,60.46135],[27.71155,60.46094],[27.71012,60.45467]]],[[[27.68469,60.47757],[27.67957,60.48055],[27.68686,60.48179],[27.68809,60.47897],[27.68469,60.47757]]],[[[27.67787,60.47352],[27.6707,60.47804],[27.67641,60.47802],[27.67971,60.47492],[27.67787,60.47352]]],[[[27.65613,60.47504],[27.64917,60.47712],[27.65464,60.47837],[27.65613,60.47504]]],[[[27.64374,60.47817],[27.63656,60.48179],[27.64126,60.48381],[27.64559,60.47995],[27.64374,60.47817]]],[[[27.6337,60.44162],[27.62863,60.44728],[27.63387,60.45032],[27.63612,60.44647],[27.6337,60.44162]]],[[[27.59219,60.46574],[27.57779,60.4722],[27.59073,60.47074],[27.59403,60.4674],[27.59219,60.46574]]],[[[27.57905,60.45556],[27.56769,60.45779],[27.57604,60.46082],[27.58117,60.45875],[27.57905,60.45556]]],[[[27.54439,60.42743],[27.53695,60.43157],[27.53727,60.43565],[27.5404,60.43667],[27.53889,60.43948],[27.55342,60.44096],[27.55596,60.43813],[27.5525,60.43303],[27.55533,60.43148],[27.54439,60.42743]]],[[[27.54931,60.47373],[27.53412,60.48045],[27.53343,60.48557],[27.54433,60.48655],[27.55153,60.48268],[27.55221,60.47653],[27.54931,60.47373]]],[[[27.53745,60.44614],[27.53026,60.45026],[27.52404,60.4499],[27.52569,60.45604],[27.5386,60.45305],[27.54472,60.44752],[27.53745,60.44614]]],[[[27.52157,60.48945],[27.51381,60.49076],[27.50596,60.49812],[27.51599,60.49741],[27.52315,60.49124],[27.52157,60.48945]]],[[[27.50438,60.45113],[27.50286,60.45369],[27.51168,60.45469],[27.51008,60.45162],[27.50438,60.45113]]],[[[27.4924,60.44734],[27.48676,60.45094],[27.49325,60.4522],[27.49735,60.44911],[27.4924,60.44734]]],[[[27.49466,60.49352],[27.48431,60.49548],[27.49058,60.49801],[27.49574,60.4962],[27.49466,60.49352]]],[[[27.47028,60.45765],[27.46206,60.4633],[27.46931,60.46252],[27.47028,60.45765]]],[[[27.46356,60.42262],[27.45116,60.42394],[27.44837,60.4283],[27.45984,60.4339],[27.46785,60.4331],[27.46965,60.4313],[27.4608,60.42877],[27.46567,60.42492],[27.46356,60.42262]]],[[[27.46655,60.34239],[27.45114,60.34884],[27.45276,60.35267],[27.46665,60.34917],[27.46249,60.34688],[27.46892,60.34506],[27.46655,60.34239]]],[[[27.42834,60.38115],[27.42297,60.38539],[27.42789,60.38666],[27.42797,60.39229],[27.44288,60.38635],[27.42834,60.38115]]],[[[27.41813,60.35074],[27.41714,60.35445],[27.42903,60.35518],[27.4295,60.35185],[27.41813,60.35074]]],[[[27.41974,60.39615],[27.41952,60.39897],[27.41025,60.40207],[27.40644,60.40732],[27.41163,60.40897],[27.40985,60.41154],[27.41794,60.41689],[27.4257,60.41661],[27.42792,60.40867],[27.41932,60.40331],[27.42475,60.4033],[27.42545,60.39741],[27.41974,60.39615]]],[[[27.4002,60.44688],[27.38469,60.4491],[27.36373,60.47462],[27.37359,60.47498],[27.39059,60.46661],[27.40148,60.46658],[27.41901,60.45962],[27.4116,60.44736],[27.4002,60.44688]]],[[[27.39761,60.40467],[27.38372,60.41097],[27.3879,60.4148],[27.39462,60.4144],[27.40102,60.40849],[27.39761,60.40467]]],[[[27.39739,60.30128],[27.39381,60.30411],[27.4,60.30435],[27.39739,60.30128]]],[[[27.37695,60.49672],[27.37411,60.49762],[27.37442,60.50159],[27.38089,60.50093],[27.37695,60.49672]]],[[[27.37952,60.45052],[27.37332,60.45208],[27.37854,60.45488],[27.37952,60.45052]]],[[[27.36746,60.4837],[27.36282,60.48614],[27.3701,60.48714],[27.3711,60.48458],[27.36746,60.4837]]],[[[27.35096,60.44395],[27.34636,60.44959],[27.35418,60.45469],[27.35904,60.44853],[27.35096,60.44395]]],[[[27.34028,60.4624],[27.32893,60.4678],[27.33106,60.47368],[27.34346,60.46981],[27.346,60.46419],[27.34028,60.4624]]],[[[27.32485,60.47447],[27.32152,60.47831],[27.32545,60.48214],[27.33033,60.47803],[27.32485,60.47447]]],[[[27.30585,60.27338],[27.29662,60.27762],[27.29848,60.28388],[27.30956,60.28437],[27.31598,60.28129],[27.31465,60.27771],[27.30585,60.27338]]],[[[27.31152,60.4896],[27.3038,60.4955],[27.3095,60.496],[27.31438,60.49087],[27.31152,60.4896]]],[[[27.31033,60.36498],[27.30416,60.36806],[27.3138,60.36864],[27.31395,60.36548],[27.31033,60.36498]]],[[[27.31296,60.42459],[27.29931,60.43179],[27.2991,60.43665],[27.31296,60.42459]]],[[[27.29969,60.44433],[27.29039,60.44704],[27.28933,60.44474],[27.2795,60.44565],[27.30025,60.44842],[27.3049,60.44713],[27.30487,60.44444],[27.29969,60.44433]]],[[[27.26056,60.34332],[27.25671,60.34668],[27.26421,60.34806],[27.26909,60.34537],[27.26056,60.34332]]],[[[27.23828,60.47516],[27.23389,60.47773],[27.23469,60.48016],[27.24039,60.47951],[27.24243,60.47541],[27.23828,60.47516]]],[[[27.23555,60.45533],[27.23193,60.45662],[27.23455,60.46058],[27.24232,60.46006],[27.23555,60.45533]]],[[[27.22823,60.44421],[27.22202,60.44691],[27.2169,60.456],[27.22363,60.45497],[27.23316,60.44804],[27.22823,60.44421]]],[[[27.23242,60.45316],[27.22468,60.4565],[27.22831,60.45727],[27.23242,60.45316]]],[[[27.22566,60.30015],[27.21771,60.30579],[27.22726,60.30654],[27.23187,60.30167],[27.22566,60.30015]]],[[[27.22624,60.45765],[27.21616,60.46164],[27.21645,60.4665],[27.22009,60.46854],[27.21727,60.47213],[27.2222,60.47314],[27.22916,60.46827],[27.22624,60.45765]]],[[[27.20866,60.30248],[27.20869,60.30632],[27.21488,60.30682],[27.20866,60.30248]]],[[[27.1864,60.28614],[27.189,60.2901],[27.20214,60.28944],[27.20186,60.28663],[27.1864,60.28614]]],[[[27.19196,60.44376],[27.15965,60.45378],[27.15528,60.46095],[27.16253,60.46197],[27.17157,60.45709],[27.18064,60.45785],[27.19098,60.454],[27.18397,60.45068],[27.19094,60.44888],[27.19196,60.44376]]],[[[27.17552,60.27388],[27.17244,60.27835],[27.18172,60.27872],[27.17552,60.27388]]],[[[27.18143,60.50519],[27.17209,60.5061],[27.17159,60.50942],[27.18042,60.51082],[27.18143,60.50519]]],[[[27.16771,60.46273],[27.15894,60.46939],[27.17346,60.47065],[27.175,60.46796],[27.16771,60.46273]]],[[[27.16674,60.27286],[27.15747,60.27287],[27.15749,60.27696],[27.16213,60.27798],[27.16674,60.27286]]],[[[27.1564,60.4804],[27.15252,60.48195],[27.15305,60.48578],[27.15851,60.48731],[27.16107,60.48091],[27.1564,60.4804]]],[[[27.13897,60.2812],[27.13253,60.28441],[27.14054,60.29029],[27.1555,60.29321],[27.15083,60.28669],[27.13898,60.28594],[27.13897,60.2812]]],[[[27.1095,60.40982],[27.11196,60.42406],[27.12015,60.42286],[27.1209,60.4157],[27.1095,60.40982]]],[[[27.0823,60.49774],[27.07893,60.50017],[27.08648,60.50759],[27.09762,60.50452],[27.0823,60.49774]]],[[[27.07849,60.42481],[27.07513,60.42648],[27.08318,60.43568],[27.09147,60.43683],[27.09094,60.43261],[27.0785,60.4275],[27.07849,60.42481]]],[[[27.08226,60.48418],[27.07968,60.48712],[27.09056,60.48507],[27.08226,60.48418]]],[[[27.08104,60.40779],[27.06708,60.4133],[27.06709,60.41727],[27.05804,60.42111],[27.06814,60.42315],[27.06968,60.41893],[27.07486,60.41982],[27.07976,60.41497],[27.08104,60.40779]]],[[[27.07248,60.51335],[27.06158,60.51349],[27.06236,60.51656],[27.05692,60.52014],[27.06938,60.52038],[27.07508,60.51783],[27.06807,60.51579],[27.07248,60.51335]]],[[[27.06917,60.42418],[27.05676,60.43109],[27.05803,60.43645],[27.05364,60.43539],[27.05417,60.4302],[27.049,60.43185],[27.04693,60.43532],[27.05351,60.43544],[27.04383,60.43749],[27.04591,60.44389],[27.05886,60.4444],[27.05808,60.43648],[27.06455,60.44081],[27.06738,60.43211],[27.07074,60.43057],[27.0715,60.4252],[27.06917,60.42418]]],[[[27.05563,60.37147],[27.03599,60.37557],[27.03367,60.38222],[27.02231,60.39144],[27.01257,60.40773],[27.02517,60.41037],[27.03758,60.40756],[27.04688,60.40141],[27.06292,60.40449],[27.0686,60.39731],[27.06084,60.39501],[27.06729,60.38912],[27.06726,60.37607],[27.05563,60.37147]]],[[[27.0412,60.4073],[27.03888,60.41267],[27.04431,60.41498],[27.04819,60.40858],[27.0412,60.4073]]],[[[27.04484,60.41934],[27.03967,60.42036],[27.03915,60.42342],[27.04795,60.42367],[27.04484,60.41934]]],[[[27.00551,60.41447],[26.99981,60.42445],[26.98971,60.43213],[26.99179,60.43571],[26.99852,60.43878],[26.99723,60.44057],[27.00655,60.44185],[27.00758,60.45106],[27.01277,60.45324],[27.0322,60.45848],[27.03789,60.45464],[27.03867,60.45106],[27.03037,60.44479],[27.03969,60.44466],[27.04357,60.44005],[27.04253,60.43725],[27.03166,60.43725],[27.03632,60.42624],[27.01897,60.42291],[27.02207,60.41832],[27.03035,60.4201],[27.03293,60.41421],[27.02258,60.41178],[27.0143,60.41549],[27.00551,60.41447]]],[[[27.02711,60.25607],[27.0199,60.25888],[27.02505,60.26105],[27.02788,60.25991],[27.02711,60.25607]]],[[[27.02056,60.49315],[27.01512,60.50173],[27.01695,60.50685],[27.02135,60.50583],[27.02005,60.49737],[27.02497,60.49584],[27.02056,60.49315]]],[[[26.98533,60.40475],[26.97912,60.41268],[26.98299,60.42087],[26.9773,60.42573],[26.98429,60.42701],[26.9949,60.41498],[26.99775,60.40731],[26.98533,60.40475]]],[[[26.98686,60.46322],[26.97701,60.46539],[26.97389,60.47537],[26.96594,60.47835],[26.96663,60.48484],[26.9718,60.48561],[26.97752,60.47358],[26.98945,60.46744],[26.98686,60.46322]]],[[[26.9765,60.45976],[26.97546,60.46411],[26.98116,60.46411],[26.97986,60.46002],[26.9765,60.45976]]],[[[26.96571,60.36815],[26.95201,60.3748],[26.95175,60.37838],[26.96493,60.37378],[26.96571,60.36815]]],[[[26.92742,60.39475],[26.91758,60.39858],[26.92223,60.40191],[26.91627,60.40395],[26.92532,60.40549],[26.92974,60.39731],[26.92742,60.39475]]],[[[26.87667,60.41237],[26.87201,60.41313],[26.87251,60.41927],[26.88234,60.41954],[26.88235,60.41557],[26.87667,60.41237]]],[[[26.85469,60.468],[26.85184,60.46838],[26.85156,60.47249],[26.85674,60.47338],[26.85961,60.47018],[26.85469,60.468]]],[[[26.8353,60.40835],[26.83038,60.40976],[26.83528,60.41245],[26.83865,60.40951],[26.8353,60.40835]]],[[[26.81621,60.30712],[26.80641,60.30788],[26.80147,60.31401],[26.81617,60.31454],[26.81621,60.30712]]],[[[26.77831,60.34366],[26.7454,60.35947],[26.74663,60.36791],[26.76056,60.37127],[26.77869,60.36413],[26.78783,60.34905],[26.78059,60.3498],[26.77831,60.34366]]],[[[26.76719,60.45547],[26.76376,60.46339],[26.75207,60.46798],[26.75046,60.47514],[26.76084,60.47337],[26.76035,60.46953],[26.76918,60.46647],[26.76973,60.46187],[26.7827,60.45984],[26.78325,60.45728],[26.76719,60.45547]]],[[[26.77111,60.41312],[26.76127,60.41464],[26.76332,60.41746],[26.77111,60.41312]]],[[[26.73443,60.40627],[26.72588,60.40907],[26.72273,60.41367],[26.72711,60.41624],[26.73011,60.42802],[26.74123,60.42957],[26.74091,60.43699],[26.74817,60.43547],[26.74717,60.43214],[26.76249,60.42449],[26.75709,60.42039],[26.7329,60.42563],[26.73459,60.41856],[26.72972,60.41266],[26.73726,60.40884],[26.73443,60.40627]]],[[[26.75696,60.43754],[26.74707,60.44443],[26.7486,60.44724],[26.75819,60.44547],[26.75696,60.43754]]],[[[26.73746,60.41549],[26.73949,60.42061],[26.74622,60.42037],[26.74521,60.41743],[26.73746,60.41549]]],[[[26.69374,60.38802],[26.69417,60.39646],[26.67966,60.3995],[26.68531,60.40412],[26.70218,60.39699],[26.70017,60.39059],[26.69374,60.38802]]],[[[26.67966,60.40027],[26.6737,60.40127],[26.67076,60.41099],[26.68008,60.40999],[26.67966,60.40027]]],[[[26.62833,60.36533],[26.62289,60.3666],[26.62207,60.37094],[26.62514,60.373],[26.64678,60.37933],[26.65815,60.37923],[26.6587,60.37666],[26.65356,60.37333],[26.64376,60.37254],[26.64353,60.36921],[26.62931,60.37032],[26.62833,60.36533]]],[[[26.63642,60.2882],[26.64844,60.29732],[26.64916,60.30269],[26.65355,60.30143],[26.64696,60.29194],[26.63642,60.2882]]],[[[26.59744,60.35552],[26.59251,60.35833],[26.59879,60.37267],[26.60195,60.36781],[26.61078,60.36439],[26.60877,60.35939],[26.59744,60.35552]]],[[[26.60619,60.27327],[26.6,60.27389],[26.59687,60.27823],[26.61052,60.27752],[26.60619,60.27327]]],[[[26.5844,60.36647],[26.57757,60.37542],[26.58793,60.37366],[26.58902,60.36931],[26.5844,60.36647]]],[[[26.52139,60.32942],[26.50656,60.3373],[26.51656,60.34194],[26.52139,60.32942]]],[[[26.50145,60.3511],[26.49597,60.3544],[26.50191,60.35481],[26.50145,60.3511]]],[[[26.49133,60.30461],[26.4864,60.30626],[26.48714,60.30881],[26.49335,60.30731],[26.49133,60.30461]]],[[[26.47202,60.35073],[26.46679,60.35442],[26.47297,60.35559],[26.47202,60.35073]]],[[[26.43085,60.34211],[26.41439,60.35305],[26.42084,60.35333],[26.43669,60.3621],[26.43995,60.35367],[26.43646,60.34598],[26.43182,60.3457],[26.43085,60.34211]]],[[[26.41128,60.3396],[26.40712,60.34124],[26.41328,60.34332],[26.41486,60.34128],[26.41128,60.3396]]],[[[26.40303,60.25409],[26.40345,60.25908],[26.40785,60.25782],[26.40303,60.25409]]],[[[26.35094,60.36209],[26.33865,60.36958],[26.3414,60.3742],[26.35123,60.37374],[26.35078,60.36964],[26.35554,60.3648],[26.36276,60.36522],[26.36332,60.36318],[26.35094,60.36209]]],[[[26.36136,60.33131],[26.3567,60.33205],[26.35638,60.33512],[26.36152,60.33617],[26.36136,60.33131]]],[[[26.35973,60.38824],[26.34926,60.39446],[26.35806,60.39399],[26.35973,60.38824]]],[[[26.3094,60.32337],[26.30091,60.33433],[26.30161,60.33766],[26.27698,60.34277],[26.27663,60.34648],[26.26982,60.35054],[26.27026,60.35413],[26.26377,60.35588],[26.26782,60.35948],[26.28269,60.35291],[26.2885,60.34706],[26.28518,60.3455],[26.30535,60.34395],[26.30554,60.33474],[26.31075,60.33336],[26.30949,60.33105],[26.31499,60.32749],[26.3094,60.32337]]],[[[26.30235,60.21841],[26.29663,60.22094],[26.30382,60.22175],[26.30235,60.21841]]],[[[26.30266,60.32461],[26.29595,60.32484],[26.29692,60.32817],[26.30266,60.32461]]],[[[26.28958,60.30919],[26.27562,60.31091],[26.26012,60.32311],[26.26447,60.32466],[26.28634,60.31583],[26.29053,60.31278],[26.28958,60.30919]]],[[[26.27747,60.39051],[26.27018,60.39251],[26.2735,60.39432],[26.27747,60.39051]]],[[[26.26199,60.29752],[26.26142,60.29982],[26.26755,60.30242],[26.26969,60.29961],[26.26199,60.29752]]],[[[26.26759,60.36985],[26.26397,60.37008],[26.25917,60.37658],[26.26743,60.37689],[26.26759,60.36985]]],[[[26.26401,60.34565],[26.26083,60.3487],[26.2665,60.3495],[26.26401,60.34565]]],[[[26.26035,60.30148],[26.25569,60.30261],[26.25822,60.3048],[26.26647,60.30471],[26.26035,60.30148]]],[[[26.24797,60.30192],[26.24108,60.3097],[26.25256,60.30386],[26.24797,60.30192]]],[[[26.2301,60.31628],[26.20626,60.32049],[26.20274,60.31701],[26.19549,60.31787],[26.18268,60.33494],[26.16885,60.34099],[26.16614,60.3461],[26.16782,60.35097],[26.20356,60.34683],[26.22035,60.33542],[26.22921,60.33214],[26.2364,60.33346],[26.24989,60.31972],[26.23285,60.32014],[26.2301,60.31628]]],[[[26.22821,60.30872],[26.21912,60.31161],[26.22085,60.31469],[26.22919,60.3109],[26.22821,60.30872]]],[[[26.22279,60.36294],[26.20879,60.36516],[26.22579,60.36744],[26.22279,60.36294]]],[[[26.20522,60.25702],[26.19432,60.26079],[26.20692,60.26112],[26.20522,60.25702]]],[[[26.14935,60.38578],[26.1457,60.38729],[26.14872,60.39025],[26.15268,60.38721],[26.14935,60.38578]]],[[[26.04471,60.28693],[26.0395,60.28868],[26.0383,60.29456],[26.04982,60.2972],[26.08987,60.2939],[26.09315,60.28739],[26.10035,60.28821],[26.09684,60.29318],[26.10171,60.29462],[26.09237,60.29686],[26.09332,60.29968],[26.099,60.29933],[26.10142,60.30511],[26.09822,60.30905],[26.10902,60.31015],[26.12654,60.31091],[26.13593,60.29728],[26.14243,60.29514],[26.1384,60.29141],[26.12109,60.29283],[26.1199,60.28924],[26.13746,60.27835],[26.13434,60.27611],[26.12454,60.27954],[26.10808,60.26894],[26.10436,60.27414],[26.0971,60.27475],[26.09959,60.27797],[26.10635,60.27584],[26.10462,60.27436],[26.11303,60.2764],[26.11241,60.28023],[26.10303,60.28401],[26.08436,60.2881],[26.0778,60.28332],[26.08359,60.27901],[26.07848,60.27744],[26.06807,60.28095],[26.07109,60.28353],[26.06683,60.28849],[26.04471,60.28693]]],[[[26.13444,60.28538],[26.1272,60.28622],[26.12557,60.28928],[26.13279,60.28907],[26.13444,60.28538]]],[[[26.13095,60.33921],[26.12385,60.34377],[26.12921,60.34637],[26.13095,60.33921]]],[[[26.12066,60.33787],[26.10811,60.34367],[26.10616,60.35799],[26.12471,60.36016],[26.12636,60.35633],[26.1228,60.35426],[26.1252,60.3512],[26.12049,60.34401],[26.12471,60.34096],[26.12066,60.33787]]],[[[26.11673,60.36842],[26.1123,60.3698],[26.11309,60.37902],[26.10761,60.38103],[26.10488,60.38614],[26.09878,60.3825],[26.08893,60.38346],[26.08538,60.39009],[26.08784,60.39471],[26.09428,60.39553],[26.12143,60.38611],[26.11683,60.38416],[26.11628,60.37571],[26.12252,60.37422],[26.1234,60.37039],[26.11673,60.36842]]],[[[26.09399,60.27577],[26.08641,60.27929],[26.09256,60.28061],[26.09399,60.27577]]],[[[26.08584,60.3645],[26.0778,60.36573],[26.07735,60.37225],[26.08776,60.36963],[26.08584,60.3645]]],[[[26.03301,60.24654],[26.03187,60.25049],[26.03754,60.25029],[26.03813,60.24747],[26.03301,60.24654]]],[[[26.02549,60.29191],[26.02284,60.29432],[26.03419,60.29402],[26.02549,60.29191]]],[[[26.01679,60.22095],[26.00539,60.22381],[26.00926,60.2319],[26.02635,60.22832],[26.02342,60.22306],[26.01679,60.22095]]],[[[26.0201,60.43748],[26.00393,60.4412],[26.00593,60.44364],[26.00265,60.44912],[26.0178,60.44489],[26.02341,60.4393],[26.0201,60.43748]]],[[[26.01788,60.23606],[26.01062,60.23806],[26.01153,60.2419],[26.02318,60.23943],[26.01788,60.23606]]],[[[26.01783,60.42684],[26.00553,60.43123],[26.0066,60.43866],[26.01809,60.43516],[26.02092,60.42738],[26.01783,60.42684]]],[[[25.98619,60.34561],[25.98402,60.34892],[25.99229,60.34873],[25.99237,60.34617],[25.98619,60.34561]]],[[[25.98773,60.46257],[25.96808,60.46933],[25.96771,60.47266],[25.97433,60.47642],[25.98166,60.47404],[25.98728,60.46871],[25.98773,60.46257]]],[[[25.95933,60.21604],[25.9556,60.21984],[25.96527,60.22325],[25.96469,60.22555],[25.95595,60.22535],[25.95998,60.22832],[25.96869,60.22903],[25.97862,60.22412],[25.97951,60.22042],[25.95933,60.21604]]],[[[25.96658,60.23081],[25.96394,60.23283],[25.97267,60.23341],[25.97326,60.23124],[25.96658,60.23081]]],[[[25.94051,60.24122],[25.93059,60.24575],[25.93773,60.2476],[25.9361,60.25053],[25.95057,60.2486],[25.96129,60.25189],[25.96648,60.25026],[25.96762,60.24668],[25.94051,60.24122]]],[[[25.94795,60.25011],[25.94373,60.25315],[25.96066,60.25533],[25.94795,60.25011]]],[[[25.95316,60.26423],[25.9546,60.26769],[25.95982,60.26556],[25.95316,60.26423]]],[[[25.95804,60.20796],[25.9494,60.213],[25.95372,60.21447],[25.95804,60.20796]]],[[[25.9388,60.21472],[25.93336,60.21596],[25.93089,60.22067],[25.89633,60.22333],[25.89367,60.22587],[25.89823,60.2277],[25.89505,60.231],[25.92319,60.23584],[25.92327,60.23341],[25.93673,60.23083],[25.92815,60.22577],[25.9405,60.22574],[25.93803,60.22265],[25.95437,60.21817],[25.9372,60.21651],[25.9388,60.21472]]],[[[25.94872,60.22606],[25.94071,60.22702],[25.9414,60.22971],[25.94752,60.23155],[25.95225,60.22826],[25.94872,60.22606]]],[[[25.93514,60.23248],[25.92473,60.23611],[25.94781,60.23859],[25.93555,60.23568],[25.93514,60.23248]]],[[[25.93041,60.31395],[25.9251,60.31877],[25.93013,60.32316],[25.93824,60.31939],[25.93041,60.31395]]],[[[25.93408,60.24923],[25.92933,60.25278],[25.93442,60.25448],[25.9381,60.25208],[25.93408,60.24923]]],[[[25.9317,60.1956],[25.92361,60.1995],[25.92688,60.20157],[25.93671,60.19973],[25.93733,60.19654],[25.9317,60.1956]]],[[[25.9245,60.21166],[25.90454,60.21623],[25.90158,60.22018],[25.92767,60.21693],[25.92907,60.21336],[25.9245,60.21166]]],[[[25.90465,60.23644],[25.88865,60.23746],[25.89194,60.23916],[25.88646,60.24129],[25.90036,60.24128],[25.89975,60.24422],[25.90944,60.24673],[25.92604,60.24303],[25.9251,60.24033],[25.90465,60.23644]]],[[[25.80913,60.2021],[25.8147,60.20446],[25.82101,60.22192],[25.82007,60.22677],[25.83632,60.23267],[25.84565,60.23083],[25.84633,60.22623],[25.87026,60.22593],[25.86701,60.23076],[25.87155,60.23336],[25.87303,60.22761],[25.88342,60.22476],[25.89209,60.22714],[25.89869,60.21439],[25.91622,60.21326],[25.91399,60.21043],[25.92161,60.20563],[25.89234,60.20449],[25.88551,60.20865],[25.8225,60.1948],[25.82083,60.19837],[25.80001,60.19818],[25.80913,60.2021]]],[[[25.91312,60.30665],[25.90988,60.31097],[25.91752,60.3141],[25.91312,60.30665]]],[[[25.90436,60.32218],[25.89915,60.32329],[25.89905,60.32649],[25.90779,60.32733],[25.90436,60.32218]]],[[[25.8942,60.31711],[25.89079,60.31875],[25.89146,60.32182],[25.89607,60.32288],[25.8942,60.31711]]],[[[25.86132,60.19436],[25.85662,60.19651],[25.87033,60.20162],[25.89188,60.20282],[25.86132,60.19436]]],[[[25.84973,60.24648],[25.84548,60.25029],[25.84943,60.25518],[25.84272,60.25563],[25.84376,60.26255],[25.84915,60.26311],[25.8498,60.25928],[25.85939,60.25757],[25.85877,60.2527],[25.86327,60.24967],[25.84973,60.24648]]],[[[25.83709,60.25456],[25.83432,60.26017],[25.84136,60.25767],[25.84094,60.25485],[25.83709,60.25456]]],[[[25.83439,60.18569],[25.8305,60.18668],[25.83626,60.19083],[25.83919,60.18804],[25.83439,60.18569]]],[[[25.82181,60.27861],[25.80777,60.28194],[25.81958,60.28333],[25.823,60.28131],[25.82181,60.27861]]],[[[25.8021,60.25387],[25.79574,60.2588],[25.79769,60.26163],[25.80691,60.25609],[25.8021,60.25387]]],[[[25.78948,60.28869],[25.78324,60.29016],[25.7904,60.29177],[25.78948,60.28869]]],[[[25.68698,60.20927],[25.6817,60.2128],[25.66912,60.21229],[25.67029,60.21512],[25.66502,60.21826],[25.65745,60.2146],[25.6516,60.21928],[25.66311,60.22093],[25.66165,60.22527],[25.66895,60.22918],[25.66804,60.2325],[25.68331,60.22395],[25.68349,60.2196],[25.68711,60.21913],[25.69126,60.21174],[25.68698,60.20927]]],[[[25.62092,60.3129],[25.61875,60.31543],[25.62703,60.31475],[25.62092,60.3129]]],[[[25.56238,60.21258],[25.55825,60.21292],[25.55756,60.21701],[25.57343,60.21872],[25.57459,60.21566],[25.56238,60.21258]]],[[[25.55433,60.2203],[25.55496,60.22338],[25.54895,60.22549],[25.55299,60.22707],[25.56225,60.2273],[25.56582,60.22248],[25.55433,60.2203]]],[[[25.54338,60.18883],[25.53963,60.19212],[25.52474,60.19182],[25.53438,60.20038],[25.53181,60.20623],[25.52655,60.20886],[25.52173,60.2074],[25.5218,60.2115],[25.5181,60.21376],[25.53034,60.21594],[25.55144,60.21003],[25.54076,60.20122],[25.54421,60.19332],[25.55066,60.19263],[25.54338,60.18883]]],[[[25.5425,60.22017],[25.53952,60.22347],[25.54466,60.22379],[25.5425,60.22017]]],[[[25.53932,60.23382],[25.51396,60.237],[25.52297,60.254],[25.53686,60.25441],[25.53607,60.24902],[25.54066,60.24421],[25.53323,60.24336],[25.53335,60.2408],[25.5394,60.2378],[25.53932,60.23382]]],[[[25.52681,60.22589],[25.52618,60.22845],[25.53645,60.22906],[25.53707,60.22664],[25.52681,60.22589]]],[[[25.52034,60.22108],[25.51838,60.2245],[25.52578,60.22588],[25.52034,60.22108]]],[[[25.50523,60.214],[25.49384,60.21553],[25.51311,60.22188],[25.51399,60.21934],[25.50605,60.21849],[25.51081,60.21573],[25.50523,60.214]]],[[[25.51335,60.18235],[25.50449,60.18494],[25.50481,60.1893],[25.50893,60.18909],[25.51335,60.18235]]],[[[25.50206,60.20449],[25.49961,60.20911],[25.50274,60.21205],[25.51193,60.21345],[25.51362,60.21038],[25.50521,60.20875],[25.50206,60.20449]]],[[[25.49878,60.22007],[25.49338,60.22551],[25.50625,60.22514],[25.50542,60.22104],[25.49878,60.22007]]],[[[25.49885,60.19601],[25.49318,60.1962],[25.48679,60.20112],[25.495,60.20147],[25.49885,60.19601]]],[[[25.48789,60.21073],[25.48097,60.21564],[25.49418,60.21375],[25.48789,60.21073]]],[[[25.47725,60.17401],[25.47453,60.17731],[25.48821,60.1813],[25.49142,60.17852],[25.48372,60.17843],[25.47725,60.17401]]],[[[25.44202,60.1585],[25.42592,60.16228],[25.42668,60.16779],[25.42081,60.16708],[25.41976,60.16195],[25.424,60.15969],[25.4128,60.15751],[25.41178,60.16799],[25.43983,60.17217],[25.43675,60.17751],[25.43893,60.18035],[25.46772,60.18555],[25.47834,60.18362],[25.4666,60.18195],[25.46433,60.17552],[25.4683,60.17301],[25.45991,60.17125],[25.4572,60.17429],[25.45106,60.17371],[25.44254,60.16913],[25.44696,60.16265],[25.44202,60.1585]]],[[[25.4564,65.01588],[25.4477,65.01988],[25.45551,65.02073],[25.4564,65.01588]]],[[[25.42256,65.00504],[25.42717,65.00893],[25.43087,65.00769],[25.42256,65.00504]]],[[[25.38596,60.22297],[25.38836,60.22658],[25.39457,60.22563],[25.38596,60.22297]]],[[[25.38396,60.21143],[25.37971,60.21419],[25.38885,60.2166],[25.39053,60.21381],[25.38396,60.21143]]],[[[25.3759,60.25996],[25.3685,60.26371],[25.38205,60.26566],[25.3759,60.25996]]],[[[25.36815,60.23977],[25.35814,60.24425],[25.36255,60.24879],[25.37114,60.24173],[25.36815,60.23977]]],[[[25.36634,60.25536],[25.35994,60.25976],[25.36898,60.25936],[25.36634,60.25536]]],[[[25.35251,60.22307],[25.33647,60.23503],[25.30882,60.23908],[25.29728,60.2463],[25.32084,60.24891],[25.32757,60.24809],[25.32988,60.24313],[25.34169,60.24392],[25.34863,60.23889],[25.35937,60.24043],[25.36858,60.23632],[25.35626,60.23041],[25.35251,60.22307]]],[[[25.36554,60.25087],[25.35463,60.25279],[25.35382,60.25866],[25.36554,60.25087]]],[[[25.3507,60.167],[25.32484,60.17051],[25.3246,60.17511],[25.34415,60.17459],[25.35469,60.16946],[25.3507,60.167]]],[[[25.34023,65.318],[25.33599,65.32205],[25.3546,65.32302],[25.34754,65.31834],[25.34023,65.318]]],[[[25.35365,60.24138],[25.34548,60.24525],[25.35448,60.24536],[25.35365,60.24138]]],[[[25.33362,65.07391],[25.32752,65.08407],[25.29952,65.0858],[25.29477,65.08882],[25.29478,65.09342],[25.29757,65.09728],[25.34889,65.10132],[25.35205,65.09919],[25.33524,65.08185],[25.34385,65.07504],[25.33362,65.07391]]],[[[25.34691,60.22198],[25.33828,60.22468],[25.34044,60.22778],[25.34691,60.22198]]],[[[25.33597,60.20431],[25.3327,60.20798],[25.33673,60.20956],[25.33977,60.2055],[25.33597,60.20431]]],[[[25.3105,60.21972],[25.30553,60.2212],[25.30382,60.22937],[25.32871,60.22571],[25.32989,60.22279],[25.3105,60.21972]]],[[[25.32054,64.9928],[25.28219,65.0017],[25.2866,65.00367],[25.32255,64.99935],[25.32054,64.9928]]],[[[25.32012,60.23277],[25.31268,60.23392],[25.31789,60.23607],[25.32012,60.23277]]],[[[25.30485,60.24934],[25.30211,60.25251],[25.30931,60.25273],[25.30485,60.24934]]],[[[25.29689,60.22416],[25.28707,60.22493],[25.28194,60.23446],[25.27725,60.23568],[25.29158,60.23714],[25.30035,60.23188],[25.29418,60.22668],[25.29689,60.22416]]],[[[25.29665,60.23862],[25.28494,60.24115],[25.2818,60.247],[25.29665,60.23862]]],[[[25.28822,65.01622],[25.28178,65.01756],[25.28311,65.02039],[25.29075,65.01919],[25.28822,65.01622]]],[[[25.28424,60.15117],[25.28148,60.15472],[25.28817,60.15442],[25.28424,60.15117]]],[[[25.28315,65.20788],[25.2769,65.21037],[25.28473,65.21173],[25.28315,65.20788]]],[[[25.28045,65.00539],[25.27404,65.00621],[25.27778,65.00919],[25.28298,65.00836],[25.28045,65.00539]]],[[[25.27504,65.34195],[25.26393,65.3431],[25.2509,65.35024],[25.26065,65.35559],[25.27704,65.35796],[25.28193,65.35342],[25.27118,65.3492],[25.28,65.34546],[25.27504,65.34195]]],[[[25.27726,60.21584],[25.27185,60.22076],[25.27852,60.22123],[25.28151,60.21807],[25.27726,60.21584]]],[[[25.27568,65.2853],[25.26915,65.28701],[25.27476,65.2899],[25.27568,65.2853]]],[[[25.22678,60.2075],[25.22287,60.2132],[25.21016,60.21994],[25.23042,60.21625],[25.24528,60.21734],[25.24561,60.22093],[25.25476,60.22297],[25.25593,60.2203],[25.26986,60.21946],[25.25864,60.21765],[25.25338,60.21988],[25.24298,60.21232],[25.22755,60.21224],[25.23029,60.20921],[25.22678,60.2075]]],[[[25.26101,60.16329],[25.25485,60.1632],[25.25468,60.16626],[25.26214,60.16613],[25.26101,60.16329]]],[[[25.25979,60.23481],[25.25044,60.24121],[25.2568,60.24272],[25.25699,60.239],[25.26195,60.23778],[25.25979,60.23481]]],[[[25.24825,60.14251],[25.25009,60.1465],[25.25589,60.14351],[25.24825,60.14251]]],[[[25.23238,65.08298],[25.22296,65.08785],[25.20964,65.08757],[25.20911,65.09089],[25.19112,65.09681],[25.20151,65.10461],[25.19546,65.10888],[25.15671,65.10739],[25.15417,65.10454],[25.1571,65.10177],[25.13967,65.09925],[25.13827,65.10205],[25.14684,65.10522],[25.13954,65.10986],[25.14982,65.11037],[25.15562,65.11428],[25.17865,65.11508],[25.21501,65.10694],[25.25275,65.10522],[25.2554,65.10192],[25.23789,65.10056],[25.23507,65.09733],[25.24139,65.09357],[25.24078,65.08896],[25.25432,65.08132],[25.23956,65.08447],[25.23238,65.08298]]],[[[25.23127,60.21959],[25.21532,60.22437],[25.21977,60.23236],[25.24951,60.23455],[25.25302,60.23152],[25.24885,60.22763],[25.24961,60.22303],[25.23127,60.21959]]],[[[25.25027,65.05991],[25.24252,65.06264],[25.25059,65.06426],[25.25027,65.05991]]],[[[25.25011,60.24262],[25.2439,60.24318],[25.2427,60.24623],[25.24992,60.24607],[25.25011,60.24262]]],[[[25.23585,60.17268],[25.23438,60.18085],[25.24259,60.18122],[25.24951,60.17657],[25.23585,60.17268]]],[[[25.23058,60.24199],[25.22943,60.24426],[25.23967,60.24517],[25.23058,60.24199]]],[[[25.23321,65.29888],[25.22056,65.30525],[25.22954,65.30805],[25.23925,65.30458],[25.23929,65.29946],[25.23321,65.29888]]],[[[25.22803,60.15568],[25.21866,60.15812],[25.21798,60.16105],[25.22759,60.159],[25.22803,60.15568]]],[[[25.22221,60.12079],[25.21486,60.1239],[25.22784,60.12573],[25.22221,60.12079]]],[[[25.20492,65.25647],[25.19915,65.25738],[25.19724,65.26162],[25.20035,65.26524],[25.2238,65.26615],[25.20492,65.25647]]],[[[25.21682,65.27004],[25.20314,65.27358],[25.20368,65.28369],[25.21885,65.2762],[25.21436,65.27487],[25.21682,65.27004]]],[[[25.2169,60.19994],[25.20605,60.20095],[25.20117,60.20562],[25.21201,60.20487],[25.2169,60.19994]]],[[[25.19253,65.24123],[25.19964,65.24438],[25.20403,65.24264],[25.19253,65.24123]]],[[[25.19356,65.1457],[25.18838,65.14589],[25.18414,65.15019],[25.19457,65.14878],[25.19356,65.1457]]],[[[25.10963,60.15199],[25.09356,60.15458],[25.10195,60.16033],[25.10819,60.15914],[25.10851,60.16249],[25.12446,60.16194],[25.12864,60.16071],[25.12777,60.15789],[25.13688,60.16032],[25.14577,60.1575],[25.10963,60.15199]]],[[[25.11117,65.1246],[25.10048,65.12971],[25.12151,65.13305],[25.12629,65.14283],[25.1371,65.1404],[25.13856,65.13249],[25.11117,65.1246]]],[[[25.12146,60.16944],[25.11471,60.17064],[25.11819,60.17285],[25.12146,60.16944]]],[[[25.08292,60.19615],[25.093,60.19963],[25.09216,60.1964],[25.08292,60.19615]]],[[[25.07677,60.17815],[25.06896,60.17996],[25.06722,60.18338],[25.08432,60.18977],[25.08719,60.18444],[25.07677,60.17815]]],[[[25.03121,60.13242],[25.028,60.13878],[25.03236,60.14319],[25.0288,60.14698],[25.04979,60.15663],[25.08451,60.14677],[25.05954,60.14359],[25.05921,60.14052],[25.06413,60.13982],[25.06481,60.13702],[25.04836,60.13741],[25.03121,60.13242]]],[[[25.04419,60.09524],[25.04259,60.10495],[25.06826,60.10417],[25.04419,60.09524]]],[[[25.04956,65.59923],[25.03977,65.60601],[25.01463,65.60722],[25.01547,65.61235],[25.00827,65.61353],[25.00217,65.62049],[25.04747,65.6189],[25.06407,65.60377],[25.04956,65.59923]]],[[[24.76283,64.94724],[24.75816,64.95254],[24.76107,64.95386],[24.73859,64.95915],[24.74022,64.96506],[24.73301,64.9716],[24.73391,64.9752],[24.7521,64.97445],[24.75264,64.97881],[24.74612,64.98089],[24.72416,64.9762],[24.70234,64.97701],[24.7094,64.97227],[24.72221,64.9708],[24.69594,64.96016],[24.65217,64.96012],[24.61631,64.97644],[24.61575,64.97924],[24.62104,64.98086],[24.61681,64.9877],[24.58766,64.99594],[24.57802,65.00218],[24.5757,65.00777],[24.57865,65.00858],[24.57245,65.01693],[24.57424,65.02054],[24.5661,65.0268],[24.56387,65.0347],[24.5568,65.0392],[24.55812,65.04126],[24.57671,65.04335],[24.58779,65.05146],[24.59266,65.06126],[24.63095,65.07364],[24.64355,65.08203],[24.68839,65.0826],[24.71172,65.08641],[24.74413,65.08332],[24.77733,65.08523],[24.83228,65.09575],[24.86482,65.09098],[24.87973,65.08659],[24.8944,65.07758],[24.89987,65.06973],[24.88117,65.0687],[24.88074,65.06255],[24.88368,65.05978],[24.89404,65.05916],[24.90278,65.0635],[24.952,65.06188],[24.98697,65.05621],[25.02867,65.05779],[25.04461,65.05507],[25.06171,65.0448],[25.06112,65.04044],[25.0089,65.03029],[24.95285,65.03503],[24.9209,65.03331],[24.91502,65.03489],[24.90728,65.04476],[24.89491,65.04804],[24.85124,65.04883],[24.83498,65.05512],[24.81597,65.05049],[24.79391,65.04978],[24.79411,65.04377],[24.80076,65.04387],[24.82864,65.05106],[24.83135,65.04752],[24.82541,65.04615],[24.8193,65.03941],[24.82233,65.03192],[24.84271,65.03438],[24.84538,65.03135],[24.84132,65.0254],[24.84488,65.02251],[24.86476,65.01985],[24.86386,65.016],[24.86706,65.01375],[24.86511,65.01168],[24.8746,65.01027],[24.87547,65.00312],[24.88139,65.00089],[24.86954,64.99025],[24.86878,64.98461],[24.87857,64.96786],[24.84732,64.96216],[24.82023,64.94879],[24.80795,64.94605],[24.80064,64.94782],[24.79088,64.94143],[24.76283,64.94724]]],[[[25.03485,65.55658],[25.02787,65.55905],[25.03203,65.56115],[25.03485,65.55658]]],[[[25.02261,65.40038],[25.01191,65.40382],[25.01334,65.40934],[24.99706,65.40529],[24.99142,65.40687],[24.98923,65.41145],[24.99825,65.41796],[24.99104,65.41992],[24.99579,65.42203],[25.0119,65.42019],[25.01861,65.4167],[25.01662,65.41053],[25.02592,65.40528],[25.02261,65.40038]]],[[[25.01997,60.13162],[25.01149,60.13597],[25.02144,60.13689],[25.02439,60.13488],[25.01997,60.13162]]],[[[25.02089,65.57776],[25.00592,65.58357],[25.00342,65.58802],[25.01669,65.58423],[25.02089,65.57776]]],[[[25.01945,65.58861],[24.99815,65.59217],[24.99006,65.59692],[24.98575,65.59661],[24.98693,65.59343],[24.97141,65.60205],[24.96827,65.60661],[24.97122,65.60844],[24.96393,65.61065],[24.96361,65.61473],[24.98683,65.6066],[24.99263,65.59963],[24.99096,65.59719],[25.01286,65.5939],[25.01945,65.58861]]],[[[25.01374,60.09863],[25.0139,60.10452],[25.01752,60.10406],[25.01848,60.101],[25.01374,60.09863]]],[[[25.01373,60.14995],[25.0099,60.15386],[25.01388,60.15597],[25.01686,60.1532],[25.01373,60.14995]]],[[[24.99541,60.13035],[24.99484,60.13981],[25.00971,60.14004],[25.01058,60.13416],[24.99541,60.13035]]],[[[24.98839,60.17811],[24.98103,60.18082],[24.98963,60.18312],[25.00008,60.18021],[24.98839,60.17811]]],[[[24.99688,65.61671],[24.98786,65.61736],[24.9867,65.62029],[24.99601,65.62003],[24.99688,65.61671]]],[[[24.99086,60.13771],[24.98624,60.13776],[24.97755,60.14545],[24.98912,60.14933],[24.99431,60.14416],[24.98905,60.14203],[24.99086,60.13771]]],[[[24.98424,60.17037],[24.97977,60.17619],[24.99056,60.17623],[24.98855,60.1712],[24.98424,60.17037]]],[[[24.98256,65.60987],[24.97757,65.61032],[24.97288,65.61895],[24.98024,65.61982],[24.98256,65.60987]]],[[[24.95808,65.59854],[24.94418,65.60219],[24.93535,65.60821],[24.93582,65.62178],[24.94731,65.62526],[24.96834,65.62554],[24.96705,65.6222],[24.95323,65.62086],[24.95403,65.61461],[24.96128,65.61291],[24.9639,65.60323],[24.95808,65.59854]]],[[[24.9104,60.13568],[24.91447,60.14036],[24.92093,60.1397],[24.91757,60.13606],[24.9104,60.13568]]],[[[24.88526,65.61929],[24.87283,65.62372],[24.89008,65.63624],[24.89967,65.6287],[24.89272,65.62656],[24.88895,65.6196],[24.88526,65.61929]]],[[[24.88326,60.1268],[24.88133,60.12883],[24.88831,60.13611],[24.89646,60.12907],[24.89023,60.13012],[24.88326,60.1268]]],[[[24.87807,65.63915],[24.87409,65.64242],[24.87992,65.64301],[24.883,65.63947],[24.87807,65.63915]]],[[[24.86935,65.63226],[24.82939,65.63603],[24.82209,65.6381],[24.82122,65.64116],[24.85381,65.64034],[24.87086,65.63649],[24.86935,65.63226]]],[[[24.86543,65.61953],[24.86242,65.6223],[24.87061,65.62062],[24.86543,65.61953]]],[[[24.84086,65.37116],[24.81927,65.37635],[24.81594,65.37963],[24.81577,65.38908],[24.85829,65.39059],[24.84666,65.38288],[24.83336,65.38039],[24.84086,65.37116]]],[[[24.84446,65.6411],[24.83404,65.64339],[24.83948,65.645],[24.84446,65.6411]]],[[[24.83962,60.15062],[24.83189,60.15107],[24.83376,60.15392],[24.83945,60.15324],[24.83962,60.15062]]],[[[24.83374,60.09952],[24.828,60.10109],[24.83616,60.10173],[24.83374,60.09952]]],[[[24.82468,60.15146],[24.8239,60.15555],[24.828,60.15561],[24.82877,60.15179],[24.82468,60.15146]]],[[[24.81794,60.1447],[24.81974,60.14857],[24.82647,60.14765],[24.81794,60.1447]]],[[[24.81492,65.55038],[24.80238,65.55263],[24.81897,65.55362],[24.82043,65.55097],[24.81492,65.55038]]],[[[24.8181,60.12678],[24.80829,60.12764],[24.81106,60.1323],[24.81723,60.13214],[24.8181,60.12678]]],[[[24.80814,60.15311],[24.80223,60.15698],[24.80933,60.15838],[24.80814,60.15311]]],[[[24.80583,60.14922],[24.79592,60.1515],[24.79575,60.15406],[24.8062,60.15142],[24.80583,60.14922]]],[[[24.77952,60.12806],[24.77299,60.12987],[24.77604,60.13427],[24.78688,60.13701],[24.79269,60.13455],[24.77952,60.12806]]],[[[24.75351,64.93609],[24.75201,64.93919],[24.7629,64.94514],[24.77902,64.94276],[24.77789,64.93966],[24.78289,64.9383],[24.75351,64.93609]]],[[[24.767,60.13118],[24.76518,60.13537],[24.77304,60.13294],[24.767,60.13118]]],[[[24.76687,60.09533],[24.76096,60.09933],[24.75381,60.09882],[24.74935,60.10412],[24.7625,60.10691],[24.76982,60.10473],[24.77052,60.10192],[24.76645,60.10148],[24.76612,60.09878],[24.77032,60.09731],[24.76687,60.09533]]],[[[24.76001,60.13579],[24.75239,60.13848],[24.75859,60.1455],[24.76469,60.14254],[24.76601,60.1382],[24.76001,60.13579]]],[[[24.74224,60.11066],[24.73802,60.11224],[24.73879,60.11598],[24.74726,60.11586],[24.74224,60.11066]]],[[[24.71024,60.09872],[24.70698,60.10135],[24.72344,60.10803],[24.72984,60.10443],[24.72952,60.10161],[24.71667,60.10216],[24.71024,60.09872]]],[[[24.71991,60.06266],[24.71376,60.06281],[24.71298,60.06664],[24.72275,60.06604],[24.71991,60.06266]]],[[[24.70291,64.8578],[24.69145,64.85813],[24.70062,64.86339],[24.70291,64.8578]]],[[[24.69272,65.61957],[24.6869,65.62587],[24.695,65.62881],[24.69543,65.62396],[24.70108,65.62302],[24.69272,65.61957]]],[[[24.64961,60.09343],[24.65504,60.09634],[24.66669,60.11293],[24.67045,60.11402],[24.67273,60.10714],[24.67738,60.10672],[24.67282,60.09858],[24.64961,60.09343]]],[[[24.65374,60.07853],[24.64988,60.07884],[24.64807,60.08265],[24.65143,60.08937],[24.66012,60.08619],[24.66981,60.09046],[24.67079,60.0874],[24.66425,60.08217],[24.65374,60.07853]]],[[[24.63951,60.12704],[24.63539,60.12723],[24.63921,60.13126],[24.64509,60.12804],[24.63951,60.12704]]],[[[24.62707,60.06461],[24.62346,60.06506],[24.62519,60.06943],[24.63646,60.06939],[24.62707,60.06461]]],[[[24.62973,60.07042],[24.62723,60.07306],[24.62977,60.07695],[24.63447,60.07575],[24.6342,60.07242],[24.62973,60.07042]]],[[[24.6134,60.04118],[24.61213,60.04463],[24.61723,60.04485],[24.61872,60.04193],[24.6134,60.04118]]],[[[24.60732,65.62592],[24.5891,65.6287],[24.58568,65.63223],[24.59396,65.63646],[24.60013,65.63323],[24.60091,65.62825],[24.60732,65.62592]]],[[[24.59688,60.03616],[24.59267,60.0412],[24.6002,60.04671],[24.60158,60.04188],[24.59688,60.03616]]],[[[24.58342,65.70971],[24.5797,65.70966],[24.57478,65.71572],[24.58278,65.71329],[24.58342,65.70971]]],[[[24.54512,60.03713],[24.54188,60.03937],[24.55045,60.04118],[24.55472,60.03872],[24.54512,60.03713]]],[[[24.52323,60.01508],[24.5215,60.01761],[24.52645,60.01988],[24.5432,60.0216],[24.54253,60.01685],[24.53069,60.01791],[24.52323,60.01508]]],[[[24.48299,65.6756],[24.48024,65.67837],[24.48528,65.68076],[24.48145,65.68504],[24.48807,65.68498],[24.49077,65.69134],[24.50489,65.69617],[24.50481,65.70027],[24.51405,65.70425],[24.51359,65.70911],[24.52094,65.71665],[24.51814,65.71993],[24.52204,65.72791],[24.53909,65.72181],[24.53348,65.70892],[24.52291,65.70261],[24.52449,65.69585],[24.51119,65.69525],[24.51704,65.68934],[24.50502,65.6917],[24.49693,65.68862],[24.49808,65.67994],[24.48299,65.6756]]],[[[24.49864,65.7127],[24.48813,65.71534],[24.49259,65.71746],[24.49736,65.71626],[24.49864,65.7127]]],[[[24.48402,59.95904],[24.48212,59.96388],[24.49319,59.966],[24.49508,59.9613],[24.48402,59.95904]]],[[[24.45982,65.76003],[24.46964,65.76775],[24.48192,65.76961],[24.48719,65.76663],[24.45982,65.76003]]],[[[24.45528,65.76188],[24.45246,65.76516],[24.45776,65.76832],[24.46444,65.76996],[24.46654,65.76769],[24.45528,65.76188]]],[[[24.46323,59.97708],[24.45684,59.98054],[24.46286,59.98192],[24.46535,59.97942],[24.46323,59.97708]]],[[[24.46386,65.69985],[24.45779,65.70793],[24.46478,65.70319],[24.46386,65.69985]]],[[[24.45851,65.74172],[24.44949,65.74489],[24.45433,65.74626],[24.45851,65.74172]]],[[[24.44582,59.97098],[24.44242,59.97206],[24.44397,59.97517],[24.45851,59.97545],[24.44582,59.97098]]],[[[24.43295,64.69242],[24.42566,64.69997],[24.45205,64.70222],[24.44905,64.69603],[24.43295,64.69242]]],[[[24.44114,59.93248],[24.44484,59.93729],[24.45096,59.93741],[24.44114,59.93248]]],[[[24.44302,59.94775],[24.44474,59.95188],[24.44839,59.95093],[24.44302,59.94775]]],[[[24.42814,65.74057],[24.42176,65.74213],[24.42216,65.74444],[24.43475,65.75232],[24.41867,65.75129],[24.4268,65.75399],[24.42656,65.75641],[24.43411,65.75564],[24.43475,65.75232],[24.4402,65.75702],[24.44655,65.75252],[24.44685,65.74639],[24.42814,65.74057]]],[[[24.42964,65.75684],[24.42272,65.75749],[24.42713,65.7632],[24.44306,65.76577],[24.43763,65.75775],[24.42964,65.75684]]],[[[24.43367,64.68476],[24.43428,64.68783],[24.42655,64.69052],[24.43728,64.69084],[24.44085,64.68795],[24.43367,64.68476]]],[[[24.43004,64.67894],[24.42466,64.67897],[24.42363,64.68356],[24.43205,64.68294],[24.43004,64.67894]]],[[[24.41775,59.99693],[24.41518,60.00047],[24.4167,60.00382],[24.4222,60.00547],[24.42193,59.99906],[24.41775,59.99693]]],[[[24.38233,59.99892],[24.3796,60.00105],[24.38706,60.00375],[24.38615,60.01193],[24.39829,60.01038],[24.41023,60.01471],[24.41722,60.01356],[24.3978,60.00371],[24.39153,60.00538],[24.38233,59.99892]]],[[[24.41593,59.92853],[24.40214,59.92877],[24.40184,59.93261],[24.41593,59.92853]]],[[[24.40582,59.95355],[24.41062,59.95736],[24.41333,59.95537],[24.40582,59.95355]]],[[[24.40219,64.67026],[24.39681,64.67337],[24.39653,64.67938],[24.40592,64.6812],[24.40219,64.67026]]],[[[24.39899,65.7521],[24.39675,65.75578],[24.40479,65.7563],[24.39899,65.7521]]],[[[24.39024,65.77089],[24.37873,65.77389],[24.3944,65.77501],[24.39575,65.77188],[24.39024,65.77089]]],[[[24.38108,59.93066],[24.38324,59.93557],[24.39458,59.93733],[24.39324,59.93167],[24.38108,59.93066]]],[[[24.37679,59.9914],[24.37553,59.99431],[24.38509,59.99629],[24.37679,59.9914]]],[[[24.35208,59.98718],[24.34903,59.99113],[24.34217,59.98967],[24.34142,59.9926],[24.34735,59.99515],[24.34214,59.99646],[24.34336,60.00032],[24.35512,60.0067],[24.35653,60.01467],[24.36559,60.01331],[24.36458,60.00996],[24.35753,60.00854],[24.37916,60.00334],[24.37138,60.00139],[24.3687,59.9934],[24.35208,59.98718]]],[[[24.36466,59.94467],[24.36109,59.9446],[24.36099,59.95228],[24.37498,59.95616],[24.37885,59.95238],[24.37221,59.94598],[24.36466,59.94467]]],[[[24.365,59.92753],[24.36327,59.93005],[24.37367,59.93077],[24.365,59.92753]]],[[[24.3463,59.91256],[24.34402,59.91558],[24.34797,59.9236],[24.35486,59.92348],[24.3463,59.91256]]],[[[24.32469,60.05423],[24.3205,60.05849],[24.32759,60.06273],[24.35227,60.06784],[24.35369,60.063],[24.3495,60.06087],[24.33229,60.06155],[24.32469,60.05423]]],[[[24.34279,65.75996],[24.33639,65.76164],[24.33956,65.77014],[24.33604,65.7711],[24.33568,65.77455],[24.35059,65.77187],[24.34517,65.76998],[24.34766,65.76107],[24.34279,65.75996]]],[[[24.32314,65.67927],[24.31694,65.68223],[24.31814,65.68558],[24.3238,65.68491],[24.32314,65.67927]]],[[[24.31039,60.04113],[24.3051,60.04333],[24.30953,60.04547],[24.30015,60.04744],[24.29983,60.05142],[24.30369,60.05431],[24.32249,60.0529],[24.31413,60.04863],[24.31555,60.0438],[24.31039,60.04113]]],[[[24.29798,60.0364],[24.29359,60.03695],[24.2941,60.04003],[24.30293,60.03855],[24.29798,60.0364]]],[[[24.29557,65.68186],[24.2874,65.68274],[24.27309,65.69196],[24.273,65.69578],[24.2786,65.69563],[24.28937,65.68763],[24.29515,65.68876],[24.29557,65.68186]]],[[[24.28363,65.77787],[24.27123,65.7802],[24.27424,65.78422],[24.2817,65.78435],[24.28678,65.78047],[24.28363,65.77787]]],[[[24.27598,60.02391],[24.27436,60.0281],[24.28401,60.02587],[24.27598,60.02391]]],[[[24.26751,60.02732],[24.26488,60.02816],[24.26813,60.0322],[24.27565,60.03415],[24.27686,60.03186],[24.26751,60.02732]]],[[[24.27007,65.79412],[24.26237,65.80205],[24.26523,65.80453],[24.27416,65.79971],[24.27007,65.79412]]],[[[24.27151,65.70996],[24.26181,65.71351],[24.26994,65.713],[24.27151,65.70996]]],[[[24.26504,65.74759],[24.26086,65.74879],[24.26212,65.75163],[24.26852,65.74995],[24.26504,65.74759]]],[[[24.25098,65.76269],[24.24632,65.76568],[24.257,65.77047],[24.25933,65.76617],[24.25098,65.76269]]],[[[24.24419,65.74465],[24.23596,65.74886],[24.25288,65.7507],[24.2534,65.74584],[24.24419,65.74465]]],[[[24.23917,65.66933],[24.21697,65.67967],[24.22866,65.68065],[24.23917,65.66933]]],[[[24.18852,59.99955],[24.18704,60.0028],[24.19523,60.00776],[24.19268,60.01077],[24.23627,60.01749],[24.21251,60.00607],[24.18852,59.99955]]],[[[24.21006,59.99885],[24.20919,60.00293],[24.22081,60.00458],[24.21815,59.99979],[24.21006,59.99885]]],[[[24.20931,65.61249],[24.19792,65.61765],[24.19844,65.6215],[24.20389,65.62262],[24.20931,65.61249]]],[[[24.20584,59.99415],[24.19453,59.99494],[24.19435,59.99711],[24.20555,59.99773],[24.2085,59.996],[24.20584,59.99415]]],[[[24.20744,65.68756],[24.20125,65.69013],[24.20793,65.69154],[24.20744,65.68756]]],[[[24.19463,59.98175],[24.18681,59.98351],[24.18971,59.98549],[24.19766,59.98822],[24.20621,59.9858],[24.19463,59.98175]]],[[[24.19852,65.60346],[24.19189,65.60474],[24.19805,65.61356],[24.20393,65.60497],[24.19852,65.60346]]],[[[24.18424,65.61535],[24.17472,65.61748],[24.17446,65.6199],[24.18514,65.61844],[24.18424,65.61535]]],[[[24.16573,65.69895],[24.16667,65.7028],[24.17625,65.69453],[24.1665,65.69563],[24.16573,65.69895]]],[[[24.17194,60.00214],[24.16769,60.00409],[24.16937,60.00823],[24.17607,60.0076],[24.17194,60.00214]]],[[[24.1616,59.97951],[24.15594,59.98004],[24.15663,59.98388],[24.1701,59.98468],[24.15887,59.98164],[24.1616,59.97951]]],[[[24.16093,60.00523],[24.15654,60.00871],[24.16575,60.00866],[24.16093,60.00523]]],[[[24.13819,60.01395],[24.13478,60.01798],[24.14698,60.01877],[24.14341,60.02457],[24.15326,60.02298],[24.15433,60.01661],[24.13819,60.01395]]],[[[24.13654,59.99753],[24.12701,59.99835],[24.12671,60.00474],[24.14416,60.00999],[24.14894,60.00497],[24.13586,59.99957],[24.13654,59.99753]]],[[[24.14687,60.02604],[24.13955,60.02781],[24.14706,60.02977],[24.14687,60.02604]]],[[[24.13246,59.98566],[24.1211,59.98695],[24.12017,59.9918],[24.12715,59.99093],[24.13246,59.98566]]],[[[24.1222,60.00964],[24.11707,60.00978],[24.11509,60.01486],[24.12405,60.01186],[24.1222,60.00964]]],[[[24.11751,59.99891],[24.10931,59.99912],[24.10967,60.00667],[24.1213,60.00821],[24.11751,59.99891]]],[[[24.11739,59.98854],[24.08854,59.99109],[24.09139,59.9936],[24.11549,59.99272],[24.11739,59.98854]]],[[[24.0978,60.01384],[24.08755,60.014],[24.0831,60.018],[24.10718,60.02548],[24.10532,60.01836],[24.09551,60.01648],[24.0978,60.01384]]],[[[24.05077,59.98476],[24.04376,59.98601],[24.03508,59.99734],[24.05635,59.9909],[24.05697,59.98682],[24.05077,59.98476]]],[[[24.02476,60.0126],[24.00733,60.01298],[24.0095,60.01725],[24.0151,60.01763],[24.01831,60.02167],[24.03204,60.02262],[24.03384,60.01395],[24.02476,60.0126]]],[[[24.03315,59.98757],[24.02134,59.98807],[24.02526,59.98995],[24.03315,59.98757]]],[[[24.01649,59.93041],[24.01646,59.93444],[24.02021,59.93529],[24.02287,59.93126],[24.01649,59.93041]]],[[[24,59.95873],[24.0181,59.9588],[24.00862,59.95535],[24,59.95873]]],[[[24.01422,59.97075],[24.00217,59.97393],[24.00939,59.97516],[24.01422,59.97075]]],[[[24,59.96644],[23.99439,59.96825],[23.9966,59.97012],[24.01243,59.96789],[24.00459,59.96413],[24,59.96644]]],[[[24,59.93809],[24.00362,59.94093],[24.01031,59.93468],[24.00211,59.93514],[24,59.93809]]],[[[24,60.01892],[24.00319,60.01353],[24.00027,60.00629],[23.97719,60.00987],[23.97301,60.01739],[23.97449,60.01966],[24,60.01892]]],[[[24,59.91712],[24.00142,59.9145],[23.98848,59.91397],[23.98708,59.91737],[24,59.91712]]],[[[24,59.95118],[23.98673,59.94845],[23.99085,59.95168],[24,59.95118]]],[[[24,59.93304],[23.97898,59.92737],[23.97304,59.93518],[23.98696,59.93678],[23.9867,59.93385],[24,59.93304]]],[[[23.99997,59.91864],[23.99055,59.91994],[23.99937,59.92166],[23.99997,59.91864]]],[[[23.99086,59.99138],[23.95972,59.99758],[23.95993,59.99989],[23.9634,60.00429],[23.98005,60.00188],[23.97991,59.9947],[23.99317,59.99427],[23.99086,59.99138]]],[[[23.98258,59.95046],[23.97564,59.95281],[23.97749,59.95438],[23.99038,59.95207],[23.98258,59.95046]]],[[[23.96305,59.93759],[23.95986,59.93907],[23.95997,59.94316],[23.96814,59.94605],[23.98387,59.94211],[23.98315,59.93982],[23.96305,59.93759]]],[[[23.96604,59.95967],[23.94584,59.96217],[23.95174,59.96537],[23.96428,59.96278],[23.96604,59.95967]]],[[[23.96113,59.92752],[23.95732,59.93055],[23.96547,59.93331],[23.96113,59.92752]]],[[[23.95745,59.92056],[23.94766,59.92538],[23.96255,59.92633],[23.96053,59.92087],[23.95745,59.92056]]],[[[23.93257,59.95082],[23.93133,59.95405],[23.93632,59.95854],[23.95481,59.95967],[23.94384,59.95121],[23.93257,59.95082]]],[[[23.9502,59.91368],[23.93973,59.91634],[23.95044,59.91623],[23.9502,59.91368]]],[[[23.94329,59.96223],[23.93731,59.9639],[23.94159,59.96611],[23.94581,59.96473],[23.94329,59.96223]]],[[[23.91049,59.92018],[23.90066,59.92451],[23.90339,59.9265],[23.93169,59.92638],[23.91918,59.92038],[23.91049,59.92018]]],[[[23.9138,59.92883],[23.91688,59.9349],[23.9263,59.9347],[23.92735,59.93211],[23.9138,59.92883]]],[[[23.90968,59.9343],[23.90366,59.93545],[23.90323,59.9393],[23.90836,59.94252],[23.91538,59.94108],[23.90968,59.9343]]],[[[23.89781,59.92098],[23.89453,59.92439],[23.90396,59.92136],[23.89781,59.92098]]],[[[23.89719,59.92561],[23.89329,59.92774],[23.89499,59.92962],[23.90322,59.92752],[23.89719,59.92561]]],[[[23.88843,59.91876],[23.88221,59.92056],[23.88328,59.92399],[23.87891,59.92959],[23.8632,59.93378],[23.87558,59.9353],[23.8896,59.93218],[23.88843,59.91876]]],[[[23.88307,59.90991],[23.87784,59.91425],[23.88525,59.91153],[23.88307,59.90991]]],[[[23.86646,59.90054],[23.8673,59.90424],[23.87395,59.9046],[23.874,59.9023],[23.86646,59.90054]]],[[[23.84838,59.91566],[23.84097,59.91838],[23.84754,59.92362],[23.85315,59.92362],[23.85289,59.92657],[23.86865,59.92598],[23.86985,59.92211],[23.84838,59.91566]]],[[[23.86119,59.92819],[23.84744,59.92848],[23.84457,59.93367],[23.85164,59.93582],[23.86601,59.93077],[23.86119,59.92819]]],[[[23.86107,59.90309],[23.84854,59.91156],[23.86287,59.91015],[23.86107,59.90309]]],[[[23.83429,59.91788],[23.80665,59.9227],[23.81734,59.92848],[23.82552,59.9287],[23.83224,59.92369],[23.83716,59.92755],[23.84623,59.92621],[23.83944,59.91841],[23.83429,59.91788]]],[[[23.83221,59.92932],[23.83207,59.93368],[23.83624,59.93474],[23.84314,59.93191],[23.83221,59.92932]]],[[[23.83181,59.90065],[23.82759,59.90202],[23.83521,59.90468],[23.83181,59.90065]]],[[[23.83513,59.9098],[23.82761,59.91124],[23.83239,59.91344],[23.83513,59.9098]]],[[[23.80654,59.92744],[23.80464,59.92915],[23.81096,59.93144],[23.82007,59.93061],[23.80654,59.92744]]],[[[23.81921,59.90246],[23.81309,59.90541],[23.81931,59.90656],[23.81921,59.90246]]],[[[23.75358,59.92229],[23.74659,59.9273],[23.74714,59.93087],[23.75077,59.93156],[23.7472,59.93471],[23.74744,59.94071],[23.75565,59.94119],[23.76002,59.94468],[23.76785,59.94375],[23.76847,59.93887],[23.77176,59.93855],[23.77826,59.94302],[23.78891,59.94228],[23.81359,59.95046],[23.81354,59.94381],[23.77899,59.9366],[23.76783,59.92813],[23.7622,59.92799],[23.76238,59.92402],[23.75358,59.92229]]],[[[23.80256,59.90448],[23.79804,59.90522],[23.79776,59.90804],[23.80789,59.91013],[23.80256,59.90448]]],[[[23.77269,59.94365],[23.76684,59.94685],[23.76839,59.95321],[23.78008,59.95246],[23.7777,59.94645],[23.77984,59.94364],[23.77269,59.94365]]],[[[23.77743,59.92704],[23.77371,59.93134],[23.77732,59.93177],[23.77743,59.92704]]],[[[23.75005,59.89829],[23.73492,59.90027],[23.73498,59.90312],[23.74333,59.90329],[23.75003,59.90112],[23.75005,59.89829]]],[[[23.73823,59.88471],[23.73791,59.88702],[23.74874,59.8886],[23.74902,59.88576],[23.73823,59.88471]]],[[[23.74079,59.92818],[23.73371,59.92884],[23.73461,59.93147],[23.74321,59.92967],[23.74079,59.92818]]],[[[23.72716,59.89877],[23.71936,59.90302],[23.73318,59.90402],[23.73183,59.89982],[23.72716,59.89877]]],[[[23.72565,59.88663],[23.72286,59.88989],[23.73176,59.88971],[23.72565,59.88663]]],[[[23.69741,59.92165],[23.69678,59.92653],[23.69046,59.92717],[23.69119,59.92357],[23.67206,59.92345],[23.67224,59.91935],[23.66423,59.9213],[23.66401,59.91849],[23.65182,59.91912],[23.63363,59.91488],[23.63623,59.92187],[23.62656,59.92219],[23.60572,59.91659],[23.62031,59.90759],[23.6222,59.90243],[23.60101,59.90849],[23.58552,59.9093],[23.5869,59.91721],[23.5663,59.91787],[23.56333,59.92228],[23.52605,59.92505],[23.52072,59.91862],[23.52302,59.91539],[23.53775,59.92124],[23.54164,59.91886],[23.55703,59.91997],[23.55625,59.91653],[23.53922,59.91379],[23.53902,59.91123],[23.54613,59.91084],[23.54692,59.90788],[23.5282,59.90977],[23.53078,59.90345],[23.56827,59.90042],[23.56165,59.89389],[23.54032,59.89482],[23.51441,59.88918],[23.48182,59.88941],[23.44916,59.89565],[23.45171,59.89906],[23.44285,59.89974],[23.43589,59.89538],[23.42387,59.89817],[23.41883,59.89557],[23.41053,59.897],[23.41152,59.90006],[23.4006,59.9041],[23.40403,59.90583],[23.40219,59.90855],[23.39248,59.90821],[23.38508,59.91155],[23.41229,59.91425],[23.4534,59.9117],[23.46114,59.91296],[23.4626,59.91883],[23.4755,59.92089],[23.47672,59.91677],[23.49105,59.91727],[23.48856,59.91143],[23.49888,59.91302],[23.50022,59.91735],[23.50418,59.91574],[23.50927,59.91897],[23.50095,59.92028],[23.49839,59.92353],[23.51381,59.92848],[23.56818,59.9323],[23.61041,59.93083],[23.61776,59.9335],[23.61293,59.93694],[23.62623,59.9373],[23.63439,59.93087],[23.64097,59.93022],[23.66623,59.93343],[23.67677,59.93129],[23.71808,59.93736],[23.72103,59.93602],[23.72304,59.92318],[23.71175,59.92238],[23.70757,59.92734],[23.69829,59.92612],[23.70155,59.92234],[23.69741,59.92165]]],[[[23.70839,59.8811],[23.70263,59.88237],[23.70726,59.88611],[23.71591,59.88594],[23.70757,59.88342],[23.70839,59.8811]]],[[[23.67943,59.8758],[23.67599,59.87728],[23.681,59.88256],[23.68708,59.88219],[23.68798,59.88702],[23.7063,59.89305],[23.70652,59.88947],[23.70012,59.89002],[23.70173,59.887],[23.69709,59.88633],[23.69927,59.88167],[23.67943,59.8758]]],[[[23.69634,59.90862],[23.68708,59.91367],[23.69663,59.9122],[23.69634,59.90862]]],[[[23.6722,59.89349],[23.66918,59.89406],[23.67036,59.89916],[23.68551,59.90064],[23.69061,59.90693],[23.69648,59.90709],[23.69222,59.90166],[23.67555,59.89713],[23.6722,59.89349]]],[[[23.69045,59.91756],[23.68653,59.91957],[23.69281,59.92149],[23.69589,59.91861],[23.69045,59.91756]]],[[[23.68952,64.18237],[23.6724,64.18742],[23.68539,64.18821],[23.68952,64.18237]]],[[[23.61282,64.19105],[23.61067,64.19559],[23.62948,64.19908],[23.63469,64.20142],[23.63416,64.20514],[23.64068,64.20566],[23.63742,64.21467],[23.6449,64.21915],[23.65174,64.20162],[23.65719,64.20024],[23.67071,64.18208],[23.68381,64.178],[23.67529,64.17483],[23.65446,64.19018],[23.63384,64.18633],[23.63268,64.18328],[23.6248,64.18507],[23.60956,64.18088],[23.59796,64.18544],[23.59824,64.19158],[23.61282,64.19105]]],[[[23.6765,59.90902],[23.66903,59.91122],[23.67488,59.91418],[23.67804,59.91232],[23.6765,59.90902]]],[[[23.66953,64.22471],[23.66663,64.22515],[23.66673,64.22924],[23.67338,64.2281],[23.66953,64.22471]]],[[[23.6647,64.16837],[23.65262,64.17396],[23.66529,64.1745],[23.67097,64.16953],[23.6647,64.16837]]],[[[23.65129,59.90607],[23.64332,59.90841],[23.64099,59.91127],[23.64478,59.91402],[23.66751,59.91765],[23.66777,59.91458],[23.66285,59.91365],[23.66285,59.90725],[23.65129,59.90607]]],[[[23.64891,59.8891],[23.65904,59.89465],[23.66768,59.89435],[23.66017,59.88964],[23.64891,59.8891]]],[[[23.6525,64.23104],[23.64494,64.23808],[23.65133,64.2372],[23.6525,64.23104]]],[[[23.62139,59.88247],[23.62275,59.8868],[23.64171,59.88822],[23.6435,59.88511],[23.62139,59.88247]]],[[[23.61345,64.20973],[23.60704,64.21023],[23.60558,64.21344],[23.61403,64.21279],[23.61345,64.20973]]],[[[23.58422,59.86324],[23.58285,59.86506],[23.59707,59.87118],[23.6081,59.86584],[23.58422,59.86324]]],[[[23.58453,59.88013],[23.58632,59.88355],[23.59072,59.88116],[23.58453,59.88013]]],[[[23.57714,59.79783],[23.57802,59.80269],[23.58643,59.80303],[23.57714,59.79783]]],[[[23.57257,59.86385],[23.56411,59.86632],[23.58369,59.8694],[23.57924,59.86449],[23.57257,59.86385]]],[[[23.56706,59.81877],[23.55101,59.82164],[23.55552,59.82743],[23.58133,59.83232],[23.57684,59.82037],[23.56706,59.81877]]],[[[23.57014,59.83228],[23.56525,59.83493],[23.57498,59.83577],[23.57885,59.833],[23.57014,59.83228]]],[[[23.56992,64.19003],[23.55711,64.19435],[23.55775,64.19818],[23.57388,64.19482],[23.56992,64.19003]]],[[[23.57327,59.88599],[23.55436,59.88866],[23.55997,59.89201],[23.57057,59.89065],[23.57327,59.88599]]],[[[23.56038,59.8509],[23.56069,59.85499],[23.56629,59.85501],[23.56547,59.85093],[23.56038,59.8509]]],[[[23.55478,59.85754],[23.55143,59.8603],[23.55658,59.86109],[23.56194,59.85804],[23.55478,59.85754]]],[[[23.5552,64.06848],[23.54497,64.07173],[23.54284,64.07714],[23.52119,64.08008],[23.52086,64.0765],[23.51222,64.08125],[23.51246,64.08713],[23.52665,64.08561],[23.52837,64.082],[23.5366,64.07929],[23.53697,64.08338],[23.529,64.08889],[23.54371,64.08992],[23.55123,64.08262],[23.54567,64.07939],[23.5552,64.06848]]],[[[23.5532,64.05943],[23.54737,64.05953],[23.52764,64.07076],[23.53867,64.07312],[23.54766,64.06272],[23.55454,64.06132],[23.5532,64.05943]]],[[[23.53962,59.88574],[23.53063,59.88809],[23.53143,59.89192],[23.53765,59.89333],[23.54865,59.89056],[23.55038,59.88656],[23.53962,59.88574]]],[[[23.53324,59.8554],[23.53457,59.8596],[23.54689,59.8609],[23.53324,59.8554]]],[[[23.53626,59.88171],[23.52922,59.883],[23.52998,59.88618],[23.53844,59.88359],[23.53626,59.88171]]],[[[23.53154,59.86657],[23.51348,59.87011],[23.51624,59.87288],[23.52639,59.87256],[23.53154,59.86657]]],[[[23.52564,60.05039],[23.51806,60.05168],[23.51882,60.055],[23.5271,60.05279],[23.52564,60.05039]]],[[[23.52483,60.07997],[23.51857,60.08521],[23.52632,60.08609],[23.52483,60.07997]]],[[[23.50372,59.86223],[23.48029,59.8655],[23.52503,59.86797],[23.5227,59.86418],[23.50372,59.86223]]],[[[23.51545,64.31433],[23.50903,64.31509],[23.51046,64.31774],[23.51571,64.31714],[23.51545,64.31433]]],[[[23.50525,59.86899],[23.50199,59.87315],[23.51196,59.87027],[23.50525,59.86899]]],[[[23.48235,59.97158],[23.47959,59.97227],[23.48541,59.97831],[23.50481,59.9782],[23.50197,59.97428],[23.49317,59.97279],[23.49028,59.97514],[23.48235,59.97158]]],[[[23.49859,59.84812],[23.49052,59.84904],[23.48981,59.85328],[23.49903,59.854],[23.49859,59.84812]]],[[[23.49259,59.91749],[23.48016,59.92182],[23.49552,59.92256],[23.49795,59.92098],[23.49259,59.91749]]],[[[23.48129,59.84128],[23.48307,59.8447],[23.49184,59.843],[23.48129,59.84128]]],[[[23.48344,59.87017],[23.47889,59.87064],[23.47911,59.87344],[23.48716,59.87229],[23.48344,59.87017]]],[[[23.47977,59.8824],[23.47378,59.88405],[23.47749,59.88603],[23.47977,59.8824]]],[[[23.4624,59.87492],[23.45207,59.87986],[23.47741,59.8781],[23.4624,59.87492]]],[[[23.46786,59.85229],[23.47312,59.85462],[23.47499,59.85241],[23.46786,59.85229]]],[[[23.4716,59.88896],[23.4605,59.89045],[23.46373,59.89282],[23.4716,59.88896]]],[[[23.46393,59.84046],[23.45727,59.84672],[23.4705,59.84673],[23.46393,59.84046]]],[[[23.45061,59.85312],[23.44795,59.85484],[23.44965,59.85736],[23.4547,59.85676],[23.45061,59.85312]]],[[[23.44313,59.85518],[23.43398,59.86226],[23.44661,59.861],[23.44313,59.85518]]],[[[23.36699,59.86514],[23.35695,59.86725],[23.37142,59.87019],[23.37929,59.87708],[23.36631,59.87707],[23.35604,59.86867],[23.35094,59.87222],[23.35733,59.87262],[23.35719,59.87774],[23.37886,59.88873],[23.39304,59.88759],[23.3989,59.88416],[23.42685,59.88672],[23.43181,59.88483],[23.42882,59.8822],[23.44154,59.88209],[23.4429,59.87976],[23.41197,59.8747],[23.43499,59.86916],[23.43506,59.86661],[23.42924,59.86709],[23.41869,59.86203],[23.36833,59.86256],[23.36699,59.86514]]],[[[23.4149,59.88694],[23.40744,59.88951],[23.40916,59.89216],[23.42819,59.89463],[23.44091,59.89426],[23.44171,59.89131],[23.4149,59.88694]]],[[[23.42323,59.85451],[23.41774,59.85591],[23.42047,59.862],[23.43222,59.86587],[23.43587,59.85684],[23.42323,59.85451]]],[[[23.4114,64.08833],[23.39818,64.09111],[23.39958,64.09377],[23.41114,64.09217],[23.4114,64.08833]]],[[[23.41065,59.84938],[23.40454,59.84949],[23.40074,59.85314],[23.41065,59.84938]]],[[[23.40643,59.96006],[23.40094,59.9617],[23.4048,59.96572],[23.40977,59.96384],[23.40643,59.96006]]],[[[23.40399,59.8559],[23.37671,59.8587],[23.37686,59.86075],[23.39679,59.86192],[23.40399,59.8559]]],[[[23.35753,59.88977],[23.35143,59.89717],[23.33668,59.90115],[23.33817,59.90431],[23.34327,59.90436],[23.34313,59.90948],[23.35037,59.91102],[23.36198,59.9094],[23.36375,59.90553],[23.37453,59.90662],[23.3925,59.89426],[23.39154,59.90221],[23.40019,59.90206],[23.39405,59.89807],[23.39595,59.89266],[23.37211,59.89413],[23.3688,59.89059],[23.35753,59.88977]]],[[[23.35557,59.84769],[23.35254,59.848],[23.35384,59.85194],[23.38118,59.85004],[23.35579,59.85076],[23.35557,59.84769]]],[[[23.3732,59.85236],[23.36562,59.85301],[23.36779,59.85502],[23.3732,59.85236]]],[[[23.35973,59.86336],[23.35059,59.86365],[23.34976,59.86635],[23.35973,59.86336]]],[[[23.35199,59.8763],[23.34772,59.88072],[23.3559,59.88109],[23.35662,59.87698],[23.35199,59.8763]]],[[[23.34777,59.85256],[23.33528,59.85586],[23.35367,59.85681],[23.35498,59.85372],[23.34777,59.85256]]],[[[23.33931,59.91326],[23.33465,59.91578],[23.33719,59.91932],[23.34446,59.92124],[23.35,59.91653],[23.33931,59.91326]]],[[[23.32411,59.83429],[23.31795,59.83722],[23.3215,59.84074],[23.33733,59.84161],[23.33641,59.83561],[23.32411,59.83429]]],[[[23.31106,59.88099],[23.29077,59.88211],[23.28778,59.88665],[23.28239,59.88598],[23.28941,59.89199],[23.31847,59.89225],[23.31579,59.89025],[23.33044,59.88846],[23.33052,59.88231],[23.31106,59.88099]]],[[[23.31905,59.89327],[23.31927,59.89634],[23.32847,59.89669],[23.31905,59.89327]]],[[[23.31705,59.8718],[23.31458,59.87286],[23.32242,59.8758],[23.32573,59.87216],[23.31705,59.8718]]],[[[23.31214,59.87444],[23.31647,59.87808],[23.31885,59.87573],[23.31214,59.87444]]],[[[23.30496,59.90299],[23.30109,59.90613],[23.30183,59.90944],[23.31663,59.90971],[23.31575,59.90433],[23.30496,59.90299]]],[[[23.3032,59.8705],[23.2999,59.87415],[23.30914,59.87526],[23.31127,59.87292],[23.3032,59.8705]]],[[[23.30963,59.86028],[23.28734,59.8654],[23.28685,59.86951],[23.30468,59.86971],[23.30988,59.86757],[23.30963,59.86028]]],[[[23.26743,59.89084],[23.25993,59.89301],[23.26691,59.89827],[23.28176,59.8993],[23.28439,59.89669],[23.26743,59.89084]]],[[[23.27137,59.85902],[23.27009,59.86263],[23.27972,59.86579],[23.27857,59.86006],[23.27137,59.85902]]],[[[23.24964,59.81613],[23.25552,59.82038],[23.25847,59.81892],[23.24964,59.81613]]],[[[23.23572,59.8133],[23.22972,59.81468],[23.23775,59.82069],[23.24377,59.81956],[23.23572,59.8133]]],[[[23.22315,63.93524],[23.20114,63.93636],[23.18698,63.94501],[23.18563,63.95014],[23.19452,63.9559],[23.20672,63.95187],[23.20707,63.94521],[23.22847,63.94002],[23.22315,63.93524]]],[[[23.2091,60.06348],[23.20821,60.06542],[23.21546,60.06657],[23.22763,60.06483],[23.2091,60.06348]]],[[[23.19412,59.82987],[23.1959,59.83368],[23.20293,59.83241],[23.19412,59.82987]]],[[[23.17889,63.91954],[23.16911,63.92084],[23.16489,63.9264],[23.17467,63.92511],[23.17998,63.92234],[23.17889,63.91954]]],[[[23.15295,63.97545],[23.14392,63.97917],[23.14528,63.98171],[23.15353,63.97903],[23.15295,63.97545]]],[[[23.14742,59.93381],[23.14315,59.93874],[23.15086,59.93964],[23.14742,59.93381]]],[[[23.14309,59.81125],[23.14178,59.8146],[23.14849,59.81629],[23.14771,59.81195],[23.14309,59.81125]]],[[[23.1029,59.89933],[23.10888,59.90525],[23.10747,59.90719],[23.10024,59.90564],[23.098,59.91054],[23.08691,59.90444],[23.07576,59.90539],[23.07862,59.91034],[23.07293,59.91324],[23.07391,59.91654],[23.07906,59.91737],[23.09187,59.91038],[23.09518,59.9143],[23.10208,59.91457],[23.10328,59.92146],[23.09585,59.92517],[23.09475,59.93183],[23.11269,59.93309],[23.11534,59.93074],[23.11391,59.92821],[23.10253,59.92583],[23.10996,59.92225],[23.11162,59.91237],[23.11794,59.9115],[23.12426,59.91473],[23.12633,59.91111],[23.12031,59.90865],[23.11898,59.90381],[23.12566,59.90459],[23.13157,59.89746],[23.14223,59.89293],[23.12719,59.89266],[23.1029,59.89933]]],[[[23.12222,63.93113],[23.1113,63.93666],[23.1164,63.93863],[23.12222,63.93113]]],[[[23.09719,60.01935],[23.1017,60.02542],[23.10951,60.0276],[23.11265,60.02474],[23.09719,60.01935]]],[[[23.09723,59.89827],[23.09167,59.89912],[23.09238,59.90218],[23.09917,59.90079],[23.09723,59.89827]]],[[[23.06837,59.89309],[23.05938,59.89605],[23.06052,59.90627],[23.07586,59.89886],[23.07365,59.89608],[23.08272,59.8973],[23.08215,59.90158],[23.09487,59.89331],[23.08611,59.89563],[23.06837,59.89309]]],[[[23.08699,59.97868],[23.08306,59.98118],[23.09396,59.98408],[23.09406,59.98151],[23.08699,59.97868]]],[[[23.08966,59.9643],[23.0885,59.97034],[23.09279,59.9695],[23.08966,59.9643]]],[[[23.07694,59.96515],[23.07487,59.97273],[23.08042,59.97175],[23.07694,59.96515]]],[[[23.06063,59.8831],[23.05466,59.88562],[23.06436,59.88598],[23.06063,59.8831]]],[[[23.0603,63.94302],[23.05021,63.94828],[23.0561,63.94922],[23.0603,63.94302]]],[[[23.05462,59.98393],[23.04864,59.98632],[23.05743,59.98811],[23.05961,59.98614],[23.05462,59.98393]]],[[[23.03978,60.05814],[23.03061,60.06314],[23.03931,60.06301],[23.03978,60.05814]]],[[[23.01687,59.89248],[23.01546,59.89441],[23.01915,59.89641],[23.02677,59.89604],[23.01687,59.89248]]],[[[23.01371,60.05047],[23.0099,60.05092],[23.0098,60.05373],[23.01554,60.05532],[23.02119,60.05561],[23.02381,60.0525],[23.01371,60.05047]]],[[[23.00926,59.90988],[23.00944,59.91282],[23.01556,59.91285],[23.00926,59.90988]]],[[[22.99311,60.09928],[22.9913,60.10342],[22.99519,60.10835],[23.01093,60.11003],[23.0086,60.10546],[22.99311,60.09928]]],[[[23.00081,63.82667],[22.99077,63.83219],[22.97516,63.83253],[22.97552,63.83777],[22.98118,63.8359],[22.98564,63.84147],[22.99368,63.84059],[22.99287,63.83727],[22.99981,63.83718],[23.00237,63.83253],[23.0064,63.83197],[23.00081,63.82667]]],[[[22.99515,59.8955],[22.98956,59.90429],[22.99858,59.90172],[22.99515,59.8955]]],[[[22.99028,60.00987],[22.98495,60.01059],[22.98463,60.01802],[22.9907,60.0169],[22.99272,60.01227],[22.99028,60.00987]]],[[[22.9722,59.88663],[22.95677,59.89275],[22.97108,59.90214],[22.97716,59.90141],[22.97112,59.89407],[22.98673,59.89102],[22.98207,59.88981],[22.98244,59.88724],[22.9722,59.88663]]],[[[22.98204,59.98323],[22.97619,59.98794],[22.98433,59.98732],[22.98666,59.98369],[22.98204,59.98323]]],[[[22.97825,59.93684],[22.97437,59.94035],[22.98322,59.93894],[22.97825,59.93684]]],[[[22.98125,59.97865],[22.97574,59.98052],[22.97642,59.98333],[22.98099,59.98275],[22.98125,59.97865]]],[[[22.96825,63.84989],[22.96902,63.85257],[22.95997,63.85589],[22.97496,63.85466],[22.96825,63.84989]]],[[[22.96335,59.87486],[22.95223,59.87617],[22.97318,59.87727],[22.96335,59.87486]]],[[[22.96004,63.91512],[22.95544,63.91583],[22.95567,63.91914],[22.96265,63.91931],[22.96329,63.91596],[22.96004,63.91512]]],[[[22.94168,59.76498],[22.94095,59.76985],[22.93293,59.77163],[22.93682,59.77746],[22.95039,59.77534],[22.95352,59.77222],[22.95383,59.76889],[22.94931,59.76537],[22.94168,59.76498]]],[[[22.93757,59.88676],[22.93165,59.89004],[22.93994,59.89235],[22.9428,59.88898],[22.93757,59.88676]]],[[[22.92824,59.78719],[22.92638,59.79003],[22.93131,59.79636],[22.9363,59.79475],[22.9353,59.79067],[22.92824,59.78719]]],[[[22.92094,59.88969],[22.9206,59.89277],[22.93068,59.89083],[22.92094,59.88969]]],[[[22.89919,59.89244],[22.89226,59.89599],[22.89205,59.90137],[22.90306,59.90224],[22.90598,59.89554],[22.89919,59.89244]]],[[[22.9005,63.90274],[22.89547,63.90562],[22.89797,63.90827],[22.90401,63.9073],[22.90516,63.90293],[22.9005,63.90274]]],[[[22.89423,60.01999],[22.89082,60.02298],[22.90014,60.02502],[22.90046,60.02156],[22.89423,60.01999]]],[[[22.88059,60.13089],[22.89004,60.1346],[22.89167,60.13175],[22.88059,60.13089]]],[[[22.88731,59.88954],[22.87821,59.89082],[22.87556,59.89802],[22.8812,59.89871],[22.88807,59.89426],[22.88283,59.89152],[22.88731,59.88954]]],[[[22.87249,60.0697],[22.85435,60.07495],[22.88072,60.07931],[22.87977,60.07176],[22.87249,60.0697]]],[[[22.86243,63.89799],[22.85203,63.89876],[22.85191,63.90132],[22.85768,63.90508],[22.86243,63.89799]]],[[[22.85816,63.89484],[22.85608,63.89845],[22.86241,63.8976],[22.85816,63.89484]]],[[[22.85168,63.94635],[22.84202,63.9498],[22.84393,63.95233],[22.85202,63.95146],[22.85168,63.94635]]],[[[22.83244,59.8459],[22.82977,59.84824],[22.83626,59.85071],[22.84536,59.84968],[22.83244,59.8459]]],[[[22.84404,60.07368],[22.83691,60.07442],[22.83454,60.07804],[22.83917,60.07823],[22.84404,60.07368]]],[[[22.83264,60.03442],[22.82529,60.03568],[22.82283,60.04211],[22.83844,60.04676],[22.8395,60.0429],[22.83264,60.03442]]],[[[22.83637,63.86943],[22.8382,63.86491],[22.83413,63.86036],[22.81379,63.86407],[22.80884,63.86835],[22.81944,63.87077],[22.81012,63.87473],[22.81229,63.87688],[22.82078,63.87357],[22.82227,63.86946],[22.83637,63.86943]]],[[[22.83426,63.92892],[22.82751,63.93233],[22.83171,63.93445],[22.83768,63.93246],[22.83426,63.92892]]],[[[22.82144,59.81226],[22.82011,59.81574],[22.8314,59.81315],[22.82144,59.81226]]],[[[22.82071,63.93523],[22.81211,63.93713],[22.81131,63.94277],[22.82338,63.94057],[22.82469,63.93824],[22.82071,63.93523]]],[[[22.8201,59.95537],[22.81537,59.95748],[22.81443,59.96364],[22.82354,59.96224],[22.8201,59.95537]]],[[[22.82339,63.92279],[22.80996,63.92641],[22.82252,63.92728],[22.82339,63.92279]]],[[[22.81712,60.03131],[22.80578,60.03441],[22.80082,60.05137],[22.81558,60.04989],[22.82016,60.04471],[22.82128,60.03863],[22.8159,60.03708],[22.81858,60.03474],[22.81712,60.03131]]],[[[22.80104,63.90964],[22.80061,63.91194],[22.7891,63.91375],[22.78833,63.92003],[22.80136,63.9237],[22.81691,63.92146],[22.81803,63.91198],[22.80884,63.9135],[22.80104,63.90964]]],[[[22.79726,63.85967],[22.78741,63.86427],[22.78876,63.86732],[22.80014,63.86385],[22.79726,63.85967]]],[[[22.79325,63.87852],[22.77425,63.88106],[22.77292,63.88747],[22.76536,63.88731],[22.76673,63.89062],[22.79466,63.89155],[22.79847,63.88767],[22.79839,63.88178],[22.79325,63.87852]]],[[[22.77743,63.89458],[22.76201,63.89873],[22.75789,63.90249],[22.75908,63.90759],[22.77821,63.90685],[22.78061,63.90375],[22.77888,63.89891],[22.78334,63.89616],[22.77743,63.89458]]],[[[22.78003,63.84415],[22.77353,63.84653],[22.77737,63.84776],[22.78003,63.84415]]],[[[22.77684,63.91275],[22.73952,63.91998],[22.76514,63.93003],[22.77927,63.91912],[22.776,63.91788],[22.77684,63.91275]]],[[[22.77395,63.85778],[22.75899,63.85975],[22.75637,63.86426],[22.75282,63.86303],[22.74618,63.86822],[22.74821,63.87293],[22.75313,63.87735],[22.77358,63.87493],[22.77762,63.86541],[22.77395,63.85778]]],[[[22.76707,59.92755],[22.74909,59.92997],[22.75772,59.93395],[22.76707,59.92755]]],[[[22.75787,63.87895],[22.75223,63.88133],[22.7576,63.88382],[22.7608,63.8793],[22.75787,63.87895]]],[[[22.75413,63.89333],[22.74015,63.89734],[22.75898,63.89659],[22.75413,63.89333]]],[[[22.75832,63.84902],[22.74401,63.852],[22.74097,63.85434],[22.74616,63.8585],[22.73827,63.85915],[22.73714,63.86283],[22.74762,63.86347],[22.75611,63.85544],[22.75832,63.84902]]],[[[22.74495,59.99184],[22.74044,59.99342],[22.7437,59.9971],[22.75602,59.99822],[22.75679,59.99347],[22.74408,59.99454],[22.74495,59.99184]]],[[[22.75347,59.9404],[22.74753,59.94381],[22.75667,59.94292],[22.75347,59.9404]]],[[[22.74651,59.9341],[22.7461,59.93602],[22.75469,59.93476],[22.74651,59.9341]]],[[[22.74035,63.88659],[22.7373,63.88893],[22.73953,63.8921],[22.75045,63.8903],[22.74035,63.88659]]],[[[22.74115,59.99726],[22.72164,60.00072],[22.71698,60.00436],[22.71681,60.01075],[22.72555,60.01167],[22.74169,60.00762],[22.74454,60.00349],[22.74913,60.00317],[22.74115,59.99726]]],[[[22.73478,59.97316],[22.73697,59.97595],[22.72481,59.9779],[22.73312,59.9806],[22.74493,59.97686],[22.74401,59.97393],[22.73478,59.97316]]],[[[22.74082,63.84731],[22.73697,63.85055],[22.74448,63.85021],[22.74082,63.84731]]],[[[22.73575,63.84955],[22.72987,63.85294],[22.73035,63.85601],[22.73677,63.8567],[22.7386,63.8536],[22.73575,63.84955]]],[[[22.72553,59.99171],[22.71719,59.99847],[22.72793,59.99859],[22.73739,59.99386],[22.72553,59.99171]]],[[[22.73441,63.88435],[22.72941,63.888],[22.73528,63.88895],[22.73441,63.88435]]],[[[22.73465,59.9317],[22.72752,59.93191],[22.72868,59.93459],[22.73465,59.9317]]],[[[22.73096,59.94889],[22.71208,59.954],[22.71523,59.95712],[22.72065,59.95671],[22.72815,59.95379],[22.73096,59.94889]]],[[[22.72499,63.88216],[22.72287,63.88552],[22.72895,63.88519],[22.72499,63.88216]]],[[[22.72411,59.9349],[22.72078,59.93956],[22.72527,59.94112],[22.72667,59.93513],[22.72411,59.9349]]],[[[22.72018,59.92804],[22.71614,59.9321],[22.72243,59.93211],[22.72018,59.92804]]],[[[22.70482,59.93682],[22.70325,59.94106],[22.70569,59.94385],[22.7202,59.94801],[22.72076,59.94416],[22.70482,59.93682]]],[[[22.71201,59.96744],[22.70549,59.96957],[22.71325,59.97165],[22.71201,59.96744]]],[[[22.70267,59.97434],[22.69837,59.97517],[22.70075,59.98179],[22.7113,59.98345],[22.71198,59.97678],[22.70267,59.97434]]],[[[22.70433,59.75816],[22.6988,59.75912],[22.69943,59.76155],[22.70599,59.76082],[22.70433,59.75816]]],[[[22.69122,63.72586],[22.68349,63.72685],[22.68798,63.72961],[22.69122,63.72586]]],[[[22.68464,59.97125],[22.6781,59.97351],[22.69093,59.97449],[22.69026,59.97143],[22.68464,59.97125]]],[[[22.68193,63.83176],[22.67268,63.83699],[22.67678,63.84257],[22.6864,63.83401],[22.68193,63.83176]]],[[[22.59675,63.79052],[22.59553,63.79974],[22.59886,63.80226],[22.59153,63.80567],[22.58587,63.81315],[22.59121,63.81539],[22.59333,63.81204],[22.60058,63.81222],[22.59949,63.81837],[22.6053,63.81895],[22.61809,63.80959],[22.63769,63.80821],[22.63578,63.80517],[22.64039,63.80486],[22.64454,63.80661],[22.64359,63.8102],[22.63381,63.81121],[22.63774,63.81909],[22.64122,63.81918],[22.63461,63.83],[22.64043,63.83544],[22.64678,63.83498],[22.65061,63.8311],[22.64747,63.82704],[22.65378,63.82595],[22.65724,63.82079],[22.65409,63.81648],[22.65565,63.81339],[22.64727,63.81025],[22.6527,63.80268],[22.6489,63.79709],[22.65502,63.78781],[22.66991,63.78048],[22.66858,63.78578],[22.66119,63.78953],[22.65253,63.80959],[22.65818,63.81221],[22.66759,63.80967],[22.67497,63.80242],[22.67544,63.79576],[22.66703,63.79535],[22.66933,63.78535],[22.67934,63.78344],[22.68381,63.77597],[22.66778,63.76387],[22.65818,63.76296],[22.66335,63.76725],[22.66099,63.77137],[22.6547,63.77247],[22.64965,63.78506],[22.6439,63.78564],[22.64437,63.7887],[22.63302,63.79753],[22.64031,63.79847],[22.63274,63.80278],[22.60452,63.80015],[22.61204,63.78983],[22.60081,63.78561],[22.60329,63.78354],[22.63162,63.77836],[22.62834,63.78658],[22.62247,63.79023],[22.62303,63.79483],[22.62825,63.79502],[22.63928,63.79081],[22.63895,63.78493],[22.6439,63.78078],[22.6383,63.77879],[22.6528,63.76967],[22.65178,63.76713],[22.6339,63.7727],[22.62228,63.77181],[22.62419,63.76974],[22.61998,63.76698],[22.62198,63.76158],[22.61228,63.75862],[22.61124,63.75556],[22.61604,63.75372],[22.60535,63.74846],[22.60587,63.75255],[22.60056,63.75581],[22.58816,63.75607],[22.58199,63.75947],[22.58195,63.76382],[22.59643,63.77977],[22.58615,63.79242],[22.59675,63.79052]]],[[[22.67332,63.74526],[22.66474,63.74678],[22.67329,63.7546],[22.68352,63.75167],[22.68241,63.74759],[22.67332,63.74526]]],[[[22.68169,63.71127],[22.6757,63.71722],[22.68209,63.71791],[22.68169,63.71127]]],[[[22.68014,63.82129],[22.67113,63.82549],[22.67926,63.82591],[22.68014,63.82129]]],[[[22.6402,59.97584],[22.64772,59.96301],[22.63863,59.95993],[22.63311,59.96204],[22.62892,59.95966],[22.63175,59.95489],[22.65562,59.95255],[22.65392,59.94911],[22.62927,59.94609],[22.64394,59.94348],[22.65789,59.94701],[22.65848,59.94342],[22.66494,59.94513],[22.66984,59.9411],[22.65819,59.94266],[22.64879,59.9383],[22.63269,59.9376],[22.59242,59.95435],[22.59209,59.95806],[22.58711,59.96068],[22.60859,59.96682],[22.60287,59.96996],[22.60339,59.97533],[22.59998,59.9787],[22.6009,59.98202],[22.60863,59.98333],[22.60897,59.99038],[22.62628,59.98887],[22.6215,59.98548],[22.6402,59.97584]]],[[[22.65909,63.73903],[22.6433,63.74548],[22.64407,63.7488],[22.65479,63.7543],[22.6616,63.75218],[22.66034,63.74554],[22.66517,63.7442],[22.65909,63.73903]]],[[[22.65699,63.84126],[22.64625,63.84586],[22.63803,63.84391],[22.63765,63.84736],[22.64871,63.84827],[22.65699,63.84126]]],[[[22.64039,59.92317],[22.63703,59.92757],[22.65133,59.9279],[22.65425,59.92505],[22.64039,59.92317]]],[[[22.65067,63.75307],[22.64158,63.75573],[22.6515,63.75741],[22.65391,63.75406],[22.65067,63.75307]]],[[[22.63577,63.73508],[22.61743,63.73758],[22.62387,63.73905],[22.63675,63.73711],[22.63577,63.73508]]],[[[22.62592,63.74465],[22.61903,63.74537],[22.61502,63.75091],[22.62098,63.75417],[22.61868,63.75932],[22.62219,63.7603],[22.63078,63.75381],[22.63232,63.74547],[22.62592,63.74465]]],[[[22.62359,59.93413],[22.6227,59.93696],[22.60445,59.93923],[22.59812,59.94545],[22.59122,59.94528],[22.5911,59.94809],[22.60641,59.94816],[22.63106,59.93583],[22.62359,59.93413]]],[[[22.60419,59.98671],[22.60285,59.99057],[22.6087,59.99523],[22.62636,59.99079],[22.60801,59.99166],[22.60419,59.98671]]],[[[22.59284,59.89931],[22.59073,59.90305],[22.57881,59.90771],[22.58491,59.90926],[22.60854,59.9077],[22.60234,59.90611],[22.6078,59.9031],[22.61902,59.90322],[22.61276,59.90022],[22.59284,59.89931]]],[[[22.61339,59.89228],[22.61103,59.89615],[22.61565,59.89673],[22.61339,59.89228]]],[[[22.60552,60.01933],[22.60451,60.02497],[22.60832,60.02442],[22.60989,60.01979],[22.60552,60.01933]]],[[[22.60832,59.89272],[22.60134,59.89588],[22.60901,59.89643],[22.60832,59.89272]]],[[[22.59483,63.74615],[22.58443,63.75151],[22.58518,63.75457],[22.59778,63.75264],[22.59483,63.74615]]],[[[22.58264,63.72454],[22.57574,63.72525],[22.57894,63.73072],[22.59121,63.72815],[22.58264,63.72454]]],[[[22.58905,59.87312],[22.58301,59.87473],[22.5887,59.87671],[22.58905,59.87312]]],[[[22.55931,59.94476],[22.55524,59.94495],[22.55548,59.95005],[22.56265,59.95048],[22.56691,59.9544],[22.57973,59.95565],[22.58717,59.95121],[22.55931,59.94476]]],[[[22.57184,59.97226],[22.56197,59.97429],[22.57166,59.97931],[22.57563,59.97682],[22.58085,59.97906],[22.58368,59.97429],[22.57184,59.97226]]],[[[22.5761,63.7108],[22.57368,63.71402],[22.58328,63.71545],[22.5761,63.7108]]],[[[22.57486,59.88545],[22.57034,59.88666],[22.57509,59.89018],[22.58309,59.88702],[22.57486,59.88545]]],[[[22.51487,59.95475],[22.51447,59.95719],[22.52267,59.95786],[22.52541,59.96205],[22.50892,59.95866],[22.50311,59.96551],[22.50618,59.97699],[22.50099,59.98089],[22.50397,59.98444],[22.5169,59.988],[22.56662,59.98064],[22.56598,59.97796],[22.55692,59.97538],[22.56068,59.9738],[22.5597,59.97108],[22.54774,59.97024],[22.54918,59.96817],[22.58131,59.96741],[22.57249,59.96444],[22.57641,59.96107],[22.56821,59.9604],[22.5691,59.95757],[22.54089,59.95469],[22.53933,59.94845],[22.53241,59.94776],[22.52314,59.95146],[22.52053,59.95571],[22.51487,59.95475]]],[[[22.56956,59.98891],[22.56396,59.98924],[22.57022,59.99186],[22.56956,59.98891]]],[[[22.55224,63.74905],[22.54855,63.75036],[22.54793,63.75498],[22.55144,63.76594],[22.5603,63.76431],[22.55135,63.78027],[22.55752,63.78199],[22.56648,63.77678],[22.56448,63.76682],[22.56895,63.76396],[22.55363,63.75338],[22.55224,63.74905]]],[[[22.53644,59.8804],[22.53861,59.88345],[22.5362,59.88629],[22.56698,59.89105],[22.56784,59.88771],[22.54691,59.88668],[22.54576,59.88362],[22.55072,59.881],[22.53644,59.8804]]],[[[22.56009,59.98302],[22.53732,59.98764],[22.55486,59.99127],[22.56238,59.98837],[22.5645,59.9845],[22.56009,59.98302]]],[[[22.54324,59.89528],[22.53768,59.90739],[22.5602,59.9093],[22.55783,59.90243],[22.54324,59.89528]]],[[[22.55447,59.87405],[22.54635,59.87452],[22.54594,59.87683],[22.55447,59.87405]]],[[[22.55048,60.24689],[22.54305,60.25299],[22.54979,60.25394],[22.55048,60.24689]]],[[[22.53457,60.35804],[22.5342,60.3611],[22.54508,60.36174],[22.54183,60.35833],[22.53457,60.35804]]],[[[22.53743,60.24307],[22.53609,60.24744],[22.54245,60.24583],[22.53743,60.24307]]],[[[22.53468,59.86455],[22.5317,59.86612],[22.53941,59.86757],[22.5398,59.86513],[22.53468,59.86455]]],[[[22.49548,60.23767],[22.49323,60.24461],[22.51751,60.24637],[22.52594,60.25076],[22.53283,60.24927],[22.52892,60.24266],[22.49548,60.23767]]],[[[22.44722,59.86632],[22.44234,59.87123],[22.45263,59.87354],[22.46976,59.86964],[22.47348,59.87318],[22.48292,59.8736],[22.47262,59.87678],[22.47415,59.88828],[22.4814,59.89088],[22.48647,59.89044],[22.48836,59.8871],[22.49301,59.88858],[22.49083,59.89116],[22.49326,59.89421],[22.50106,59.89745],[22.52923,59.90096],[22.53282,59.8958],[22.52693,59.8951],[22.52855,59.89175],[22.51999,59.88827],[22.52395,59.88579],[22.51062,59.8839],[22.50158,59.88669],[22.49634,59.88342],[22.49415,59.87986],[22.50114,59.87684],[22.51597,59.87833],[22.51524,59.87348],[22.50704,59.87229],[22.5047,59.86554],[22.48409,59.85988],[22.46537,59.86227],[22.46598,59.85894],[22.45688,59.8543],[22.44298,59.85074],[22.42624,59.85182],[22.41843,59.84755],[22.41159,59.84827],[22.41054,59.8534],[22.41567,59.85438],[22.41004,59.8598],[22.41118,59.86261],[22.4269,59.8673],[22.43029,59.86304],[22.44722,59.86632]]],[[[22.52559,59.85493],[22.52728,59.85837],[22.53277,59.856],[22.52559,59.85493]]],[[[22.5162,60.15105],[22.5169,60.15526],[22.52684,60.15387],[22.5162,60.15105]]],[[[22.52172,59.91487],[22.51649,59.91749],[22.51735,59.91978],[22.52349,59.92022],[22.52172,59.91487]]],[[[22.50578,60.34978],[22.50386,60.353],[22.52086,60.35204],[22.50578,60.34978]]],[[[22.50772,59.92104],[22.4947,59.92618],[22.50141,59.92803],[22.50136,59.93251],[22.49729,59.93281],[22.49614,59.92813],[22.49227,59.92877],[22.49216,59.94362],[22.49593,59.95356],[22.50231,59.95349],[22.51909,59.94102],[22.51442,59.93364],[22.5172,59.93309],[22.51563,59.92671],[22.50944,59.92525],[22.50772,59.92104]]],[[[22.50606,59.98556],[22.50579,59.99082],[22.51618,59.98916],[22.50606,59.98556]]],[[[22.49384,59.85029],[22.48672,59.85038],[22.4879,59.85395],[22.48488,59.85488],[22.48659,59.85896],[22.49219,59.8589],[22.49334,59.86196],[22.51524,59.85659],[22.5098,59.8546],[22.49567,59.85707],[22.49748,59.85218],[22.49384,59.85029]]],[[[22.5096,60.23124],[22.50613,60.23422],[22.51238,60.23581],[22.5096,60.23124]]],[[[22.49208,59.84519],[22.48511,59.84848],[22.49886,59.84897],[22.50129,59.84625],[22.49208,59.84519]]],[[[22.50016,60.2499],[22.49043,60.25103],[22.49411,60.25265],[22.50016,60.2499]]],[[[22.49223,59.90535],[22.48843,59.90578],[22.48881,59.90859],[22.49905,59.9095],[22.49223,59.90535]]],[[[22.48776,60.14676],[22.47506,60.14972],[22.4799,60.15466],[22.49592,60.15678],[22.49618,60.1514],[22.48849,60.15149],[22.48776,60.14676]]],[[[22.46316,60.37841],[22.45968,60.38152],[22.46853,60.38296],[22.48921,60.38286],[22.49014,60.38067],[22.46316,60.37841]]],[[[22.48761,59.92729],[22.48297,59.93195],[22.48755,59.93164],[22.48761,59.92729]]],[[[22.47259,59.89905],[22.47179,59.90366],[22.48619,59.90683],[22.48524,59.90274],[22.47259,59.89905]]],[[[22.45491,59.91421],[22.45259,59.91949],[22.44556,59.92187],[22.45287,59.92588],[22.45819,59.92506],[22.46009,59.93348],[22.46481,59.93649],[22.46324,59.94138],[22.47603,59.94201],[22.48126,59.93939],[22.48044,59.9266],[22.48575,59.92552],[22.48063,59.91943],[22.46868,59.92204],[22.45491,59.91421]]],[[[22.48038,59.95962],[22.47623,59.96376],[22.47665,59.9676],[22.48302,59.96727],[22.48038,59.95962]]],[[[22.47943,59.94965],[22.4742,59.95252],[22.47336,59.95663],[22.47725,59.95812],[22.47943,59.94965]]],[[[22.46053,59.84492],[22.46047,59.85516],[22.47468,59.85422],[22.47658,59.85114],[22.46053,59.84492]]],[[[22.46316,63.53419],[22.44646,63.54421],[22.44473,63.55523],[22.42599,63.57051],[22.41974,63.58336],[22.43543,63.58705],[22.45465,63.57534],[22.45248,63.57216],[22.44519,63.57569],[22.44196,63.56856],[22.45356,63.55974],[22.44838,63.55928],[22.44995,63.55645],[22.46162,63.55454],[22.46806,63.54604],[22.46563,63.54325],[22.47001,63.53936],[22.46202,63.53996],[22.45736,63.54435],[22.45323,63.54184],[22.4642,63.53789],[22.46316,63.53419]]],[[[22.44212,59.96004],[22.43194,59.95858],[22.42722,59.95176],[22.42485,59.92644],[22.40727,59.92063],[22.40183,59.92452],[22.40322,59.92745],[22.39737,59.93134],[22.39517,59.93633],[22.39707,59.94162],[22.39307,59.94762],[22.40373,59.95366],[22.40529,59.95943],[22.41447,59.96281],[22.41032,59.9664],[22.41734,59.97502],[22.42452,59.98093],[22.43562,59.97654],[22.43737,59.98404],[22.44161,59.98747],[22.45139,59.98554],[22.45041,59.97454],[22.46537,59.97822],[22.46983,59.96921],[22.46823,59.9618],[22.46343,59.96288],[22.46041,59.9697],[22.45479,59.96963],[22.45072,59.96404],[22.44538,59.96462],[22.44212,59.96004]]],[[[22.46024,60.00012],[22.46679,60.00129],[22.46216,59.99724],[22.46024,60.00012]]],[[[22.45848,59.93747],[22.44808,59.95051],[22.45217,59.95635],[22.45753,59.95655],[22.45805,59.96257],[22.46062,59.96291],[22.46427,59.95878],[22.45971,59.95371],[22.46214,59.94524],[22.45848,59.93747]]],[[[22.45286,60.14677],[22.44889,60.14988],[22.45884,60.14875],[22.45286,60.14677]]],[[[22.4569,59.83152],[22.448,59.83738],[22.45815,59.83701],[22.4569,59.83152]]],[[[22.45503,59.8469],[22.44797,59.84838],[22.45793,59.8493],[22.45503,59.8469]]],[[[22.44704,59.99096],[22.44547,59.99492],[22.45204,59.99707],[22.45707,59.98675],[22.45243,59.98578],[22.44704,59.99096]]],[[[22.45427,63.52866],[22.44969,63.5287],[22.44993,63.53343],[22.45528,63.53158],[22.45427,63.52866]]],[[[22.44173,60.10376],[22.43988,60.10826],[22.44815,60.10971],[22.45314,60.10658],[22.44173,60.10376]]],[[[22.4459,63.52183],[22.42841,63.53288],[22.42974,63.54233],[22.43478,63.54561],[22.4326,63.54793],[22.43712,63.55223],[22.44766,63.53959],[22.44702,63.53243],[22.4411,63.52891],[22.4501,63.5255],[22.44995,63.52256],[22.4459,63.52183]]],[[[22.44389,59.82475],[22.44264,59.83117],[22.44621,59.83125],[22.44675,59.82612],[22.44389,59.82475]]],[[[22.43492,59.82882],[22.43419,59.83548],[22.43872,59.83466],[22.44084,59.83055],[22.43492,59.82882]]],[[[22.42352,60.00011],[22.42994,59.99499],[22.4401,59.99503],[22.44006,59.99162],[22.41367,59.97749],[22.41367,59.97342],[22.40776,59.97494],[22.41636,59.99975],[22.42352,60.00011]]],[[[22.43413,63.49266],[22.43026,63.49551],[22.43834,63.49671],[22.43934,63.49388],[22.43413,63.49266]]],[[[22.43806,59.9016],[22.43322,59.90178],[22.4331,59.90486],[22.43894,59.90428],[22.43806,59.9016]]],[[[22.4285,59.89262],[22.42525,59.89419],[22.43175,59.89694],[22.43677,59.89535],[22.4285,59.89262]]],[[[22.42617,60.36013],[22.41821,60.36111],[22.41758,60.36443],[22.43424,60.36746],[22.43539,60.36425],[22.42617,60.36013]]],[[[22.43485,63.51849],[22.42017,63.52285],[22.41646,63.52866],[22.42226,63.53038],[22.43008,63.52621],[22.43485,63.51849]]],[[[22.42662,59.80127],[22.42684,59.80638],[22.43207,59.80402],[22.42662,59.80127]]],[[[22.42835,59.82992],[22.41649,59.83183],[22.40795,59.84037],[22.42874,59.83887],[22.42615,59.83199],[22.42835,59.82992]]],[[[22.41877,60.13012],[22.40804,60.13113],[22.41138,60.13723],[22.42583,60.13913],[22.42597,60.13042],[22.41877,60.13012]]],[[[22.42019,59.81733],[22.42182,59.81975],[22.41835,59.82183],[22.42662,59.82494],[22.4275,59.82173],[22.42019,59.81733]]],[[[22.42092,59.81054],[22.41903,59.8139],[22.4268,59.8115],[22.42092,59.81054]]],[[[22.41781,59.91667],[22.41437,59.91965],[22.42467,59.9221],[22.42508,59.91979],[22.41781,59.91667]]],[[[22.4019,59.88971],[22.39385,59.89248],[22.40605,59.89171],[22.41031,59.89614],[22.42411,59.89728],[22.41976,59.89067],[22.4019,59.88971]]],[[[22.41062,63.50351],[22.40827,63.51389],[22.4208,63.51248],[22.42376,63.50862],[22.42152,63.50391],[22.41062,63.50351]]],[[[22.41434,63.63663],[22.41585,63.64377],[22.42105,63.64423],[22.41434,63.63663]]],[[[22.41855,60.125],[22.39558,60.12767],[22.39574,60.13139],[22.38487,60.12907],[22.38291,60.13139],[22.40991,60.13879],[22.40146,60.13312],[22.41969,60.12767],[22.41855,60.125]]],[[[22.414,60.15052],[22.40494,60.15496],[22.41217,60.15565],[22.41618,60.1533],[22.414,60.15052]]],[[[22.40993,60.11537],[22.40953,60.11806],[22.41573,60.11902],[22.41612,60.1162],[22.40993,60.11537]]],[[[22.41418,59.86731],[22.40759,59.86789],[22.41087,59.87336],[22.41442,59.87306],[22.41418,59.86731]]],[[[22.38872,59.80602],[22.37242,59.81131],[22.37285,59.8154],[22.37799,59.81676],[22.3713,59.82719],[22.38146,59.82696],[22.3812,59.82069],[22.38903,59.82573],[22.39386,59.82568],[22.40169,59.81843],[22.40554,59.81941],[22.40363,59.82237],[22.41298,59.82112],[22.39602,59.80637],[22.39622,59.80313],[22.39012,59.80294],[22.38872,59.80602]]],[[[22.40235,60.11788],[22.39853,60.11869],[22.40159,60.12429],[22.40981,60.12458],[22.41277,60.12185],[22.4022,60.12044],[22.40235,60.11788]]],[[[22.40334,59.83965],[22.39664,59.84382],[22.37362,59.84662],[22.37487,59.85224],[22.3881,59.8521],[22.38295,59.85676],[22.38845,59.86067],[22.4027,59.86065],[22.3952,59.85177],[22.40763,59.85676],[22.40898,59.85265],[22.39695,59.84484],[22.40334,59.83965]]],[[[22.38919,63.59286],[22.3827,63.59523],[22.38145,63.60309],[22.36154,63.60311],[22.3588,63.6057],[22.36218,63.61052],[22.36163,63.61719],[22.36509,63.6174],[22.36908,63.62862],[22.3854,63.62719],[22.40392,63.61217],[22.4051,63.60653],[22.40223,63.60093],[22.38919,63.59286]]],[[[22.40165,59.96387],[22.39885,59.96485],[22.4013,59.96971],[22.40493,59.96789],[22.40165,59.96387]]],[[[22.37188,59.89066],[22.3691,59.8912],[22.36736,59.89863],[22.36934,59.90323],[22.37329,59.90012],[22.40209,59.90058],[22.39549,59.89477],[22.37349,59.89308],[22.37188,59.89066]]],[[[22.39795,59.90536],[22.37974,59.90824],[22.37835,59.91158],[22.38462,59.91548],[22.39166,59.91298],[22.40194,59.91517],[22.39795,59.90536]]],[[[22.38512,59.97324],[22.38213,59.97844],[22.3837,59.983],[22.39086,59.98525],[22.39351,59.99036],[22.40013,59.98913],[22.39978,59.98481],[22.39075,59.98261],[22.39061,59.97594],[22.39994,59.97649],[22.40156,59.97251],[22.39149,59.96873],[22.38512,59.97324]]],[[[22.38823,60.11138],[22.38294,60.11373],[22.38389,60.11806],[22.37449,60.12022],[22.37234,60.12382],[22.39195,60.12682],[22.39028,60.12364],[22.40075,60.11662],[22.40062,60.11355],[22.38823,60.11138]]],[[[22.39493,63.5341],[22.37855,63.53912],[22.36675,63.55011],[22.37281,63.55082],[22.37314,63.54582],[22.39025,63.54374],[22.39648,63.53652],[22.39493,63.5341]]],[[[22.3779,60.22013],[22.38501,60.23016],[22.39538,60.22596],[22.3779,60.22013]]],[[[22.37428,60.23193],[22.36948,60.23416],[22.36939,60.238],[22.38026,60.23943],[22.38404,60.24374],[22.39326,60.24262],[22.39327,60.23673],[22.37428,60.23193]]],[[[22.2928,60.16238],[22.28756,60.16614],[22.29052,60.16969],[22.29981,60.17088],[22.29993,60.1737],[22.29485,60.17514],[22.29517,60.18347],[22.30872,60.1882],[22.30944,60.19331],[22.31616,60.19427],[22.31657,60.1917],[22.32119,60.1914],[22.32029,60.19474],[22.32645,60.19442],[22.33439,60.20023],[22.34832,60.20135],[22.36089,60.20687],[22.38776,60.21004],[22.3918,60.20808],[22.38639,60.19585],[22.37752,60.19263],[22.3824,60.18643],[22.37482,60.18343],[22.3752,60.18009],[22.36793,60.17223],[22.30514,60.16264],[22.30655,60.15943],[22.33121,60.15982],[22.33132,60.16238],[22.33964,60.16485],[22.3405,60.16075],[22.35503,60.16457],[22.35389,60.16189],[22.34249,60.15932],[22.33766,60.15412],[22.33791,60.14772],[22.31062,60.14556],[22.3025,60.14795],[22.29055,60.1441],[22.29169,60.14716],[22.28428,60.148],[22.28566,60.15055],[22.30553,60.15317],[22.29229,60.15585],[22.2916,60.15791],[22.29779,60.15862],[22.2928,60.16238]]],[[[22.37851,63.58581],[22.36721,63.59564],[22.37217,63.59713],[22.37709,63.59196],[22.38931,63.58929],[22.37851,63.58581]]],[[[22.38548,59.87491],[22.37387,59.87733],[22.38926,59.87999],[22.38548,59.87491]]],[[[22.38126,60.14088],[22.37577,60.14478],[22.3881,60.1449],[22.38768,60.14107],[22.38126,60.14088]]],[[[22.3749,60.20992],[22.37159,60.2106],[22.37405,60.21415],[22.38525,60.21762],[22.38636,60.21326],[22.3749,60.20992]]],[[[22.384,59.99829],[22.37844,60.00628],[22.38384,60.00404],[22.38609,59.99942],[22.384,59.99829]]],[[[22.37806,59.8801],[22.37409,59.88271],[22.38532,59.88336],[22.37806,59.8801]]],[[[22.35663,59.90387],[22.34914,59.90779],[22.35535,59.91003],[22.35497,59.91336],[22.37483,59.92506],[22.38447,59.92393],[22.38474,59.91829],[22.37416,59.90907],[22.35778,59.90693],[22.35663,59.90387]]],[[[22.37793,60.11033],[22.37105,60.11155],[22.37968,60.11556],[22.38292,60.11322],[22.37793,60.11033]]],[[[22.36617,59.92529],[22.35478,59.92104],[22.34462,59.92817],[22.35764,59.93401],[22.35542,59.93693],[22.37219,59.93775],[22.37522,59.94277],[22.38235,59.94055],[22.38194,59.93704],[22.36617,59.92529]]],[[[22.37428,59.7761],[22.37078,59.77754],[22.37662,59.78376],[22.38062,59.78205],[22.38224,59.77819],[22.37428,59.7761]]],[[[22.38079,60.15432],[22.37557,60.15834],[22.37844,60.15959],[22.38079,60.15432]]],[[[22.37996,59.82761],[22.37348,59.83075],[22.37767,59.83378],[22.37996,59.82761]]],[[[22.37756,59.79411],[22.36764,59.79984],[22.37977,59.79844],[22.37756,59.79411]]],[[[22.37325,59.78814],[22.37013,59.79265],[22.37509,59.79618],[22.37752,59.79309],[22.37325,59.78814]]],[[[22.36859,63.58245],[22.36492,63.58389],[22.36375,63.58928],[22.37565,63.58609],[22.36859,63.58245]]],[[[22.37178,59.80185],[22.36989,59.8052],[22.37546,59.80488],[22.37178,59.80185]]],[[[22.33251,59.95262],[22.33485,59.96083],[22.34505,59.96201],[22.3476,59.96627],[22.3398,59.96574],[22.33715,59.96956],[22.34358,59.97986],[22.35118,59.97746],[22.3453,59.99354],[22.35682,59.99168],[22.36035,59.99305],[22.35746,59.99766],[22.37492,59.99712],[22.37536,59.99163],[22.36442,59.9883],[22.36476,59.97452],[22.35659,59.97788],[22.35367,59.97531],[22.36305,59.96539],[22.35476,59.96157],[22.36447,59.96122],[22.36614,59.96578],[22.37291,59.96402],[22.37031,59.9625],[22.37073,59.95708],[22.36547,59.95433],[22.37365,59.9517],[22.3723,59.94837],[22.34643,59.93272],[22.34164,59.93255],[22.33459,59.93891],[22.33018,59.9497],[22.33251,59.95262]]],[[[22.30781,60.20407],[22.30515,60.21485],[22.32935,60.22817],[22.34285,60.23098],[22.36279,60.22796],[22.37419,60.22976],[22.37137,60.22391],[22.3566,60.21497],[22.3453,60.21533],[22.34303,60.21025],[22.33493,60.20713],[22.30781,60.20407]]],[[[22.36434,60.12903],[22.36242,60.13212],[22.3734,60.13699],[22.3745,60.13276],[22.37103,60.12947],[22.36434,60.12903]]],[[[22.36706,59.84784],[22.36453,59.84825],[22.36471,59.8526],[22.3709,59.85458],[22.36706,59.84784]]],[[[22.36296,59.85953],[22.35995,59.86084],[22.36168,59.86543],[22.36923,59.86343],[22.36296,59.85953]]],[[[22.35817,60.1534],[22.35254,60.15397],[22.35587,60.15995],[22.36588,60.15998],[22.35817,60.1534]]],[[[22.35405,60.01575],[22.35047,60.01579],[22.34911,60.02629],[22.36286,60.02487],[22.35791,60.02288],[22.35405,60.01575]]],[[[22.35425,63.60702],[22.35519,63.61468],[22.36003,63.61361],[22.36104,63.61079],[22.35425,63.60702]]],[[[22.34982,63.33141],[22.34333,63.33876],[22.35117,63.33588],[22.34982,63.33141]]],[[[22.34738,60.15339],[22.34306,60.15432],[22.34499,60.15763],[22.34935,60.15759],[22.34738,60.15339]]],[[[22.34204,59.82033],[22.34063,59.82316],[22.34679,59.82463],[22.34867,59.82064],[22.34204,59.82033]]],[[[22.33693,59.84495],[22.33084,59.84501],[22.31689,59.85258],[22.32159,59.8556],[22.34695,59.85368],[22.34026,59.85183],[22.33693,59.84495]]],[[[22.31127,59.80016],[22.30944,59.80556],[22.31706,59.81188],[22.32065,59.82566],[22.32547,59.82536],[22.32273,59.82027],[22.32897,59.81738],[22.32911,59.81457],[22.3367,59.81386],[22.33554,59.81028],[22.34108,59.80908],[22.34143,59.80498],[22.32822,59.80486],[22.32478,59.80783],[22.31965,59.80673],[22.32409,59.80336],[22.31127,59.80016]]],[[[22.3139,59.85414],[22.32113,59.85688],[22.30905,59.86033],[22.3051,59.86344],[22.31025,59.86493],[22.32904,59.86397],[22.34123,59.85694],[22.3139,59.85414]]],[[[22.31725,60.02892],[22.32575,60.0369],[22.33624,60.03692],[22.31725,60.02892]]],[[[22.32671,60.12442],[22.3006,60.13223],[22.30077,60.14296],[22.33523,60.14481],[22.33615,60.14225],[22.32844,60.14193],[22.32879,60.13809],[22.31408,60.13593],[22.31971,60.12897],[22.32986,60.12631],[22.32671,60.12442]]],[[[22.32255,59.86711],[22.32173,59.87198],[22.33341,59.87135],[22.32255,59.86711]]],[[[22.32161,60.08672],[22.32178,60.09107],[22.3256,60.09025],[22.32161,60.08672]]],[[[22.32452,60.05713],[22.32072,60.06446],[22.32531,60.06391],[22.32452,60.05713]]],[[[22.31682,63.33185],[22.31528,63.33544],[22.32178,63.33436],[22.31682,63.33185]]],[[[22.30595,60.19603],[22.30242,60.19773],[22.31078,60.20123],[22.3195,60.20062],[22.30595,60.19603]]],[[[22.31242,60.10063],[22.30893,60.10297],[22.31017,60.10833],[22.31808,60.10748],[22.31242,60.10063]]],[[[22.28203,59.95159],[22.27363,59.95205],[22.28517,59.96013],[22.29262,59.96134],[22.28841,59.95804],[22.30006,59.95589],[22.28203,59.95159]]],[[[22.29449,60.12691],[22.28815,60.12877],[22.28753,60.13261],[22.2918,60.13692],[22.29693,60.13687],[22.29445,60.13254],[22.29789,60.12867],[22.29449,60.12691]]],[[[22.29099,60.32555],[22.28056,60.3295],[22.28452,60.33163],[22.27855,60.33731],[22.29054,60.34026],[22.29301,60.33756],[22.29261,60.33398],[22.28872,60.33338],[22.29294,60.32911],[22.29099,60.32555]]],[[[22.27523,60.0269],[22.27079,60.03116],[22.28918,60.03047],[22.28958,60.02766],[22.27523,60.0269]]],[[[22.25455,60.12896],[22.25686,60.13572],[22.23057,60.13226],[22.23016,60.1352],[22.21137,60.13358],[22.21124,60.13691],[22.21798,60.13915],[22.21889,60.14247],[22.25089,60.1409],[22.25037,60.14704],[22.25498,60.15365],[22.25016,60.1555],[22.26002,60.15796],[22.25633,60.16196],[22.26255,60.16356],[22.26801,60.15878],[22.27537,60.16318],[22.28178,60.16287],[22.28447,60.15286],[22.27772,60.13757],[22.25455,60.12896]]],[[[22.27021,60.16234],[22.26692,60.16352],[22.27,60.1704],[22.28283,60.17002],[22.27021,60.16234]]],[[[22.2767,60.17098],[22.27481,60.17522],[22.28123,60.17516],[22.2767,60.17098]]],[[[22.27543,59.93337],[22.27232,59.93601],[22.27419,59.93785],[22.28121,59.93633],[22.27543,59.93337]]],[[[22.27926,60.38197],[22.24959,60.37636],[22.24712,60.37959],[22.23631,60.38084],[22.23802,60.38492],[22.27589,60.38814],[22.27926,60.38197]]],[[[22.27441,63.40246],[22.24484,63.41794],[22.25351,63.42042],[22.26357,63.41547],[22.27435,63.40744],[22.27441,63.40246]]],[[[22.17104,60.16082],[22.16907,60.16314],[22.17584,60.16577],[22.17412,60.16796],[22.20718,60.17304],[22.20143,60.17744],[22.20661,60.17854],[22.22567,60.1799],[22.23991,60.17606],[22.24521,60.18062],[22.2482,60.17778],[22.25544,60.17924],[22.26664,60.17632],[22.26079,60.17164],[22.24838,60.16907],[22.25059,60.16649],[22.21989,60.16268],[22.2151,60.16503],[22.20579,60.16332],[22.20002,60.16709],[22.17104,60.16082]]],[[[22.26366,59.97825],[22.25855,59.9783],[22.26082,59.9843],[22.26612,59.98258],[22.26366,59.97825]]],[[[22.24422,60.34417],[22.24538,60.34748],[22.262,60.34989],[22.26187,60.34669],[22.24422,60.34417]]],[[[22.25811,59.92635],[22.25314,59.9296],[22.26165,59.9322],[22.25811,59.92635]]],[[[22.24758,60.12096],[22.25348,60.12782],[22.25994,60.12904],[22.25736,60.1219],[22.24758,60.12096]]],[[[22.25469,60.18642],[22.24191,60.18833],[22.25647,60.19254],[22.2599,60.18816],[22.25469,60.18642]]],[[[22.25048,60.18377],[22.2361,60.18416],[22.23623,60.18761],[22.25048,60.18377]]],[[[22.23952,63.28138],[22.23494,63.2873],[22.24657,63.28669],[22.23952,63.28138]]],[[[22.22052,60.37317],[22.21801,60.37538],[22.22272,60.37674],[22.24492,60.37641],[22.22052,60.37317]]],[[[22.23376,60.14912],[22.23024,60.15107],[22.23598,60.15358],[22.23999,60.15097],[22.23376,60.14912]]],[[[22.23201,59.89627],[22.2311,59.89896],[22.23979,59.89991],[22.23201,59.89627]]],[[[22.22903,59.96706],[22.22547,59.96748],[22.22474,59.97529],[22.23085,59.97498],[22.23217,59.96934],[22.22903,59.96706]]],[[[22.20145,60.1498],[22.19849,60.15315],[22.22129,60.15883],[22.21962,60.15526],[22.20145,60.1498]]],[[[22.18613,59.86662],[22.17244,59.86815],[22.18551,59.87775],[22.21398,59.8766],[22.21689,59.87273],[22.20612,59.87066],[22.20396,59.86709],[22.18613,59.86662]]],[[[22.21253,59.93484],[22.21057,59.93703],[22.21532,59.94134],[22.21638,59.93544],[22.21253,59.93484]]],[[[22.19585,60.33501],[22.20793,60.34028],[22.21613,60.3388],[22.21293,60.33588],[22.19585,60.33501]]],[[[22.20418,63.48301],[22.19936,63.49072],[22.2105,63.49037],[22.21278,63.48345],[22.20418,63.48301]]],[[[22.21102,59.85116],[22.19528,59.8522],[22.19461,59.85477],[22.18461,59.85242],[22.18554,59.85715],[22.19352,59.85977],[22.21136,59.86076],[22.2125,59.85716],[22.20767,59.85721],[22.2055,59.85339],[22.21262,59.85332],[22.21102,59.85116]]],[[[22.20143,60.09298],[22.21021,60.09482],[22.21066,60.09328],[22.20143,60.09298]]],[[[22.19602,59.94369],[22.19151,59.94591],[22.1957,59.94881],[22.20434,59.94784],[22.19602,59.94369]]],[[[22.18102,60.12426],[22.1714,60.12755],[22.17205,60.13138],[22.20247,60.13571],[22.20394,60.13378],[22.1792,60.13055],[22.1824,60.12694],[22.18102,60.12426]]],[[[22.19773,60.16045],[22.19004,60.16052],[22.1979,60.16506],[22.20296,60.16309],[22.19773,60.16045]]],[[[22.19624,63.41618],[22.19033,63.41815],[22.1902,63.42198],[22.19933,63.42191],[22.20174,63.41805],[22.19624,63.41618]]],[[[22.19929,63.43445],[22.18659,63.44504],[22.19266,63.44652],[22.19929,63.43445]]],[[[22.19766,59.8477],[22.18604,59.84972],[22.19525,59.85143],[22.19927,59.84985],[22.19766,59.8477]]],[[[22.19895,63.37177],[22.1833,63.37932],[22.18846,63.38005],[22.19824,63.3751],[22.19895,63.37177]]],[[[22.19009,59.92058],[22.17818,59.92248],[22.17905,59.92555],[22.16676,59.92399],[22.16993,59.92742],[22.18529,59.92894],[22.18738,59.9253],[22.19603,59.92258],[22.19009,59.92058]]],[[[22.1916,60.14733],[22.18778,60.14813],[22.18865,60.15068],[22.19379,60.15089],[22.1916,60.14733]]],[[[22.18603,59.93521],[22.17949,59.93783],[22.18567,59.93956],[22.19119,59.93721],[22.18603,59.93521]]],[[[22.14884,60.14284],[22.1532,60.14984],[22.18423,60.15648],[22.19084,60.15463],[22.14884,60.14284]]],[[[22.18492,60.20395],[22.16782,60.20768],[22.18926,60.21031],[22.18492,60.20395]]],[[[22.182,59.90812],[22.17874,59.90942],[22.1842,59.9127],[22.18661,59.90859],[22.182,59.90812]]],[[[22.18003,59.83801],[22.17348,59.83986],[22.18066,59.84158],[22.18003,59.83801]]],[[[22.1797,60.10149],[22.17082,60.10401],[22.1722,60.10694],[22.17935,60.10599],[22.1797,60.10149]]],[[[22.17573,59.90356],[22.17226,59.90641],[22.17789,59.90713],[22.17573,59.90356]]],[[[22.17238,63.51678],[22.1687,63.51783],[22.17003,63.52243],[22.17675,63.51854],[22.17238,63.51678]]],[[[22.17363,63.35177],[22.16661,63.35439],[22.17095,63.35614],[22.17363,63.35177]]],[[[22.15645,63.37801],[22.15378,63.38212],[22.17258,63.38197],[22.15645,63.37801]]],[[[22.16473,59.82227],[22.16052,59.82564],[22.16847,59.82761],[22.17035,59.82299],[22.16473,59.82227]]],[[[22.16879,63.42907],[22.16234,63.43193],[22.16783,63.43343],[22.16879,63.42907]]],[[[22.16665,60.38454],[22.16045,60.38459],[22.16003,60.38741],[22.16665,60.38454]]],[[[22.16422,60.09855],[22.15411,60.10262],[22.16386,60.10291],[22.16635,60.10085],[22.16422,60.09855]]],[[[22.15768,60.16055],[22.15624,60.16338],[22.16344,60.1637],[22.15768,60.16055]]],[[[22.15015,59.85657],[22.13702,59.85963],[22.15541,59.86126],[22.15786,59.85842],[22.15015,59.85657]]],[[[22.15146,60.15882],[22.14531,60.15914],[22.14754,60.16435],[22.15688,60.16709],[22.15146,60.15882]]],[[[22.14612,60.1531],[22.14441,60.15542],[22.14784,60.15808],[22.15545,60.15571],[22.14612,60.1531]]],[[[22.15095,59.86501],[22.14647,59.86773],[22.15092,59.86914],[22.14812,59.8713],[22.15428,59.87279],[22.15095,59.86501]]],[[[22.14173,60.41111],[22.13779,60.41665],[22.15135,60.41973],[22.15353,60.41562],[22.14173,60.41111]]],[[[22.12367,60.38248],[22.118,60.38291],[22.12226,60.38671],[22.1365,60.3871],[22.14206,60.39089],[22.1516,60.38979],[22.15269,60.38454],[22.12367,60.38248]]],[[[22.11727,60.33135],[22.11474,60.3329],[22.12414,60.33602],[22.15145,60.33477],[22.11727,60.33135]]],[[[22.13491,63.45313],[22.12519,63.46037],[22.13238,63.46134],[22.12763,63.46443],[22.12862,63.46776],[22.13549,63.46796],[22.13709,63.47231],[22.14808,63.46812],[22.14787,63.46275],[22.13575,63.46003],[22.14165,63.45743],[22.13491,63.45313]]],[[[22.1431,60.34687],[22.13598,60.35],[22.14073,60.35277],[22.1458,60.35016],[22.1431,60.34687]]],[[[22.13159,63.36912],[22.12108,63.3701],[22.12632,63.37287],[22.12683,63.37863],[22.13766,63.37854],[22.14341,63.37248],[22.13159,63.36912]]],[[[22.13399,60.20337],[22.13214,60.20927],[22.14254,60.20534],[22.13399,60.20337]]],[[[22.13577,59.82253],[22.12827,59.8263],[22.13794,59.8266],[22.13577,59.82253]]],[[[22.11478,60.13712],[22.10513,60.14014],[22.10376,60.14527],[22.1131,60.14827],[22.11011,60.15085],[22.11133,60.15647],[22.13147,60.15988],[22.13793,60.14626],[22.12763,60.13778],[22.11478,60.13712]]],[[[22.13092,59.85955],[22.12095,59.86565],[22.13516,59.86451],[22.13787,59.86192],[22.13092,59.85955]]],[[[22.13724,60.08907],[22.13018,60.09246],[22.13786,60.09239],[22.13724,60.08907]]],[[[22.12413,59.83926],[22.11768,59.84419],[22.12949,59.84728],[22.13649,59.84376],[22.12413,59.83926]]],[[[22.11773,59.84546],[22.10906,59.85244],[22.11907,59.85517],[22.13529,59.85349],[22.13338,59.84993],[22.11773,59.84546]]],[[[22.11518,59.98228],[22.11525,59.9842],[22.13012,59.98585],[22.11518,59.98228]]],[[[22.11726,60.10434],[22.10807,60.10544],[22.11784,60.10626],[22.11726,60.10434]]],[[[22.1177,60.13262],[22.10702,60.13527],[22.11272,60.13663],[22.1177,60.13262]]],[[[22.10583,60.03853],[22.11062,60.04412],[22.11518,60.04281],[22.10583,60.03853]]],[[[22.10443,59.99657],[22.10715,60.00167],[22.11167,59.99933],[22.10443,59.99657]]],[[[22.07486,60.17137],[22.07424,60.17648],[22.06725,60.18268],[22.07119,60.18535],[22.09323,60.18349],[22.09465,60.18028],[22.10868,60.18452],[22.11089,60.18156],[22.07486,60.17137]]],[[[22.09114,59.85669],[22.07232,59.85684],[22.06938,59.86032],[22.10873,59.8655],[22.09114,59.85669]]],[[[21.95883,60.18249],[21.95273,60.18483],[21.95985,60.19118],[21.95478,60.19352],[21.96562,60.19498],[21.96828,60.19803],[22.008,60.20247],[22.01364,60.20204],[22.01813,60.19766],[22.03385,60.207],[22.04287,60.2077],[22.04961,60.21763],[22.07331,60.21872],[22.07804,60.22188],[22.09656,60.22159],[22.08372,60.20686],[22.09787,60.21455],[22.10469,60.2113],[22.10175,60.20774],[22.10583,60.20694],[22.10418,60.20362],[22.10748,60.20231],[22.10448,60.19735],[22.07541,60.1885],[22.04558,60.18836],[22.06862,60.17755],[22.066,60.16798],[22.06927,60.16578],[22.04796,60.16582],[22.04731,60.1616],[22.05804,60.15998],[22.0559,60.15731],[22.03217,60.15353],[22.02974,60.14997],[21.99913,60.14764],[21.99975,60.15096],[21.99258,60.15153],[21.99144,60.1564],[21.99391,60.16176],[21.99827,60.16172],[21.99709,60.16493],[21.98735,60.16526],[21.97883,60.16391],[21.99111,60.15384],[21.98568,60.15286],[21.98735,60.14798],[21.98011,60.14676],[21.97813,60.14909],[21.98026,60.15162],[21.96221,60.14868],[21.9629,60.15482],[21.95983,60.15534],[21.96185,60.16276],[21.95538,60.16127],[21.93885,60.16676],[21.94028,60.17187],[21.96133,60.18017],[21.95883,60.18249]]],[[[22.09399,60.1291],[22.07315,60.13503],[22.09837,60.13751],[22.10439,60.13324],[22.08799,60.13389],[22.09399,60.1291]]],[[[22.08533,63.42704],[22.08033,63.43065],[22.08139,63.43615],[22.09266,63.4394],[22.0945,63.4427],[22.1012,63.43907],[22.09744,63.43014],[22.10022,63.4282],[22.08533,63.42704]]],[[[22.09205,59.85361],[22.09624,59.85728],[22.10026,59.85572],[22.09205,59.85361]]],[[[22.09329,60.13896],[22.07268,60.14451],[22.10017,60.14529],[22.09976,60.1407],[22.09329,60.13896]]],[[[22.09639,60.18603],[22.08004,60.18872],[22.09964,60.19086],[22.09639,60.18603]]],[[[22.08876,59.97085],[22.09506,59.97592],[22.09963,59.97512],[22.09695,59.97143],[22.08876,59.97085]]],[[[22.08316,60.1585],[22.08442,60.16565],[22.09771,60.16375],[22.08316,60.1585]]],[[[22.09219,60.15228],[22.07269,60.15244],[22.0857,60.15771],[22.09541,60.15635],[22.09219,60.15228]]],[[[22.07661,60.08395],[22.07162,60.08795],[22.07368,60.08883],[22.09365,60.08803],[22.09456,60.08444],[22.07661,60.08395]]],[[[22.09215,60.05823],[22.07588,60.0613],[22.0806,60.0651],[22.08928,60.06426],[22.09215,60.05823]]],[[[22.06435,60.22788],[22.05313,60.23104],[22.05118,60.23451],[22.05466,60.23857],[22.04012,60.24278],[22.05128,60.24576],[22.0475,60.24809],[22.06144,60.24953],[22.05944,60.25108],[22.06775,60.25357],[22.08829,60.25161],[22.08839,60.23933],[22.073,60.23305],[22.07465,60.22829],[22.06435,60.22788]]],[[[22.08501,60.09002],[22.07826,60.09293],[22.07802,60.09584],[22.08845,60.09345],[22.08501,60.09002]]],[[[22.07572,60.37072],[22.07266,60.37189],[22.07591,60.37634],[22.08022,60.37401],[22.07572,60.37072]]],[[[22.07259,59.91289],[22.07424,59.91646],[22.0798,59.91513],[22.07259,59.91289]]],[[[22.06263,59.952],[22.06946,59.95796],[22.07399,59.95588],[22.06263,59.952]]],[[[22.07225,60.09166],[22.06305,60.09237],[22.0644,60.09706],[22.07087,60.09666],[22.07225,60.09166]]],[[[22.06747,59.80096],[22.0666,59.80544],[22.07164,59.80412],[22.06747,59.80096]]],[[[22.07027,60.1412],[22.06578,60.14507],[22.06991,60.14606],[22.07027,60.1412]]],[[[22.06804,60.42043],[22.05981,60.42177],[22.07019,60.42298],[22.06804,60.42043]]],[[[22.06265,59.87292],[22.06586,59.87775],[22.06981,59.87375],[22.06265,59.87292]]],[[[22.06244,60.37543],[22.04967,60.37988],[22.05543,60.38252],[22.0698,60.37934],[22.06244,60.37543]]],[[[22.0476,60.3964],[22.04508,60.39834],[22.05318,60.40085],[22.03477,60.39957],[22.02452,60.40234],[22.02257,60.4062],[22.02839,60.4105],[22.03694,60.41069],[22.04674,60.41778],[22.06068,60.4169],[22.06249,60.40895],[22.06663,60.40892],[22.06803,60.40417],[22.0476,60.3964]]],[[[22.06536,60.08468],[22.05902,60.08678],[22.0642,60.08853],[22.06773,60.08619],[22.06536,60.08468]]],[[[22.0634,60.15111],[22.05856,60.15204],[22.06201,60.1556],[22.06759,60.15363],[22.0634,60.15111]]],[[[22.06193,60.05758],[22.05051,60.06074],[22.06107,60.0627],[22.06193,60.05758]]],[[[22.05755,60.06465],[22.04255,60.06797],[22.05065,60.07302],[22.05781,60.07271],[22.06043,60.0668],[22.05755,60.06465]]],[[[22.04796,63.32627],[22.03737,63.33249],[22.03701,63.33825],[22.05535,63.3417],[22.06009,63.33117],[22.04796,63.32627]]],[[[22.05844,60.2681],[22.0497,60.26868],[22.05235,60.27109],[22.05954,60.27027],[22.05844,60.2681]]],[[[22.05678,60.02448],[22.05346,60.02489],[22.05336,60.02949],[22.05723,60.03074],[22.05678,60.02448]]],[[[22.0457,60.22392],[22.04454,60.22816],[22.05103,60.22989],[22.05556,60.22667],[22.05445,60.22424],[22.0457,60.22392]]],[[[22.04653,59.97529],[22.05027,59.98051],[22.05433,59.97932],[22.04653,59.97529]]],[[[22.04685,59.87215],[22.04178,59.8727],[22.04294,59.8773],[22.0521,59.87722],[22.05302,59.87376],[22.04685,59.87215]]],[[[22.05028,60.09376],[22.04447,60.09636],[22.04482,60.0993],[22.05044,60.09862],[22.05263,60.09502],[22.05028,60.09376]]],[[[22.04375,60.11403],[22.04127,60.11673],[22.05257,60.11754],[22.05248,60.1146],[22.04375,60.11403]]],[[[22.04092,60.21936],[22.03996,60.22142],[22.05026,60.22197],[22.04092,60.21936]]],[[[22.04669,60.02891],[22.0437,60.03111],[22.04438,60.03673],[22.04849,60.03747],[22.04669,60.02891]]],[[[22.0382,60.13326],[22.03461,60.13342],[22.03322,60.13817],[22.04734,60.1383],[22.04437,60.13373],[22.0382,60.13326]]],[[[22.04246,59.84582],[22.03797,59.84854],[22.04678,59.85372],[22.04246,59.84582]]],[[[22.04382,63.25915],[22.01795,63.26599],[22.03051,63.26795],[22.03064,63.27153],[22.03468,63.27342],[22.03919,63.27249],[22.04475,63.26912],[22.04193,63.26173],[22.04382,63.25915]]],[[[22.04454,60.07435],[22.03313,60.07777],[22.03853,60.07849],[22.04454,60.07435]]],[[[22.03973,60.14912],[22.03357,60.1493],[22.04189,60.15244],[22.03973,60.14912]]],[[[22.03151,60.39435],[22.0306,60.39833],[22.03992,60.39877],[22.03151,60.39435]]],[[[22.01277,60.30723],[21.95738,60.31801],[21.92594,60.31938],[21.92038,60.32326],[21.9519,60.32484],[21.9505,60.32996],[21.9796,60.3364],[22.01163,60.33718],[22.02235,60.33339],[22.02065,60.32854],[22.03883,60.32392],[22.03668,60.32112],[22.03916,60.31803],[22.03512,60.31269],[22.01465,60.30978],[22.01277,60.30723]]],[[[22.03097,60.26282],[22.02533,60.26363],[22.02902,60.26629],[22.03779,60.2666],[22.03097,60.26282]]],[[[22.03639,63.27353],[22.02988,63.27409],[22.02914,63.27717],[22.03709,63.27711],[22.03639,63.27353]]],[[[22.02498,60.23612],[22.02242,60.23652],[22.02272,60.24045],[22.03339,60.24156],[22.03584,60.2377],[22.02498,60.23612]]],[[[22.01712,60.13189],[21.97975,60.13448],[21.97705,60.13885],[21.99341,60.145],[22.03403,60.14737],[22.03437,60.14187],[22.01712,60.13189]]],[[[22.02676,59.96367],[22.02792,59.96801],[22.03251,59.96798],[22.02676,59.96367]]],[[[22.03179,63.20845],[22.01992,63.20932],[22.02057,63.21161],[22.02964,63.21168],[22.03179,63.20845]]],[[[22.02623,60.21026],[22.01962,60.21262],[22.01975,60.21684],[22.02865,60.21345],[22.02623,60.21026]]],[[[22.01815,60.41391],[22.02189,60.41758],[22.02699,60.41512],[22.01815,60.41391]]],[[[22.015,60.08008],[22.00792,60.08257],[22.01002,60.08422],[22.0258,60.08115],[22.015,60.08008]]],[[[22.01842,60.24014],[22.01198,60.2485],[22.02351,60.24649],[22.01747,60.2427],[22.01842,60.24014]]],[[[22.00949,63.26784],[21.99453,63.27051],[21.99631,63.27254],[21.99277,63.27691],[22.01509,63.28175],[22.0226,63.27722],[22.02124,63.27083],[22.00949,63.26784]]],[[[22.01802,60.06125],[22.00938,60.06336],[22.00896,60.06618],[22.0194,60.06457],[22.01802,60.06125]]],[[[22.01059,60.22011],[21.99189,60.22242],[21.99223,60.22536],[22.01025,60.22561],[22.01552,60.22148],[22.01059,60.22011]]],[[[22.00759,60.05493],[22.00641,60.05851],[22.01336,60.05949],[22.0138,60.05719],[22.00759,60.05493]]],[[[21.98261,60.28187],[21.96982,60.28529],[21.98363,60.2903],[21.98454,60.29465],[22.00276,60.3004],[22.01198,60.29828],[22.01023,60.2919],[21.98261,60.28187]]],[[[21.96277,60.20319],[21.95425,60.21067],[21.9647,60.21635],[21.9699,60.21244],[21.98704,60.21529],[22.0078,60.21283],[21.99889,60.2074],[21.98499,60.20674],[21.96916,60.21056],[21.96805,60.20777],[21.97725,60.20577],[21.96277,60.20319]]],[[[22.00548,60.33864],[21.99671,60.3387],[21.99729,60.34099],[22.00548,60.33864]]],[[[22.00544,59.84944],[21.99733,59.85027],[21.99942,59.85255],[22.00544,59.84944]]],[[[21.99014,60.24126],[21.98451,60.24218],[21.9867,60.24677],[21.99463,60.24492],[21.99014,60.24126]]],[[[21.99263,59.84646],[21.98772,59.85238],[21.99231,59.85261],[21.99263,59.84646]]],[[[21.93904,60.2182],[21.93342,60.21952],[21.93556,60.22258],[21.95208,60.22463],[21.98297,60.22531],[21.99208,60.22012],[21.93904,60.2182]]],[[[21.98884,63.32798],[21.98428,63.32826],[21.98288,63.33684],[21.99199,63.33704],[21.99206,63.3309],[21.98884,63.32798]]],[[[21.98106,60.29902],[21.98532,60.3036],[21.9881,60.30179],[21.98106,60.29902]]],[[[21.91473,60.278],[21.91088,60.27879],[21.91047,60.28225],[21.89858,60.28118],[21.89481,60.28453],[21.89569,60.28862],[21.88023,60.28873],[21.87954,60.2918],[21.89028,60.298],[21.86889,60.30825],[21.91435,60.3105],[21.91602,60.3151],[21.96086,60.31363],[21.98745,60.30589],[21.97971,60.30556],[21.97989,60.30313],[21.97312,60.30087],[21.97345,60.28603],[21.96192,60.28816],[21.95641,60.28487],[21.95375,60.28195],[21.95889,60.28165],[21.96085,60.27806],[21.95874,60.27641],[21.91473,60.278]]],[[[21.976,59.85145],[21.97197,59.85314],[21.97822,59.85783],[21.98447,59.8542],[21.976,59.85145]]],[[[21.98139,60.08622],[21.96017,60.08753],[21.96613,60.09005],[21.983,60.08864],[21.98139,60.08622]]],[[[21.97991,60.48444],[21.97525,60.48473],[21.97535,60.48793],[21.98107,60.4884],[21.98284,60.48659],[21.97991,60.48444]]],[[[21.97238,60.23242],[21.96107,60.23301],[21.95041,60.23783],[21.95186,60.24345],[21.9483,60.24526],[21.95701,60.25262],[21.96146,60.24619],[21.96982,60.24178],[21.96587,60.23848],[21.98077,60.23786],[21.98092,60.23428],[21.97238,60.23242]]],[[[21.98008,60.00754],[21.97347,60.00887],[21.97869,60.01241],[21.98008,60.00754]]],[[[21.97062,63.31109],[21.96269,63.31191],[21.96114,63.31627],[21.97412,63.32207],[21.97857,63.31897],[21.97062,63.31109]]],[[[21.96899,59.85585],[21.96677,59.85792],[21.9732,59.8603],[21.97492,59.85811],[21.96899,59.85585]]],[[[21.96451,59.85896],[21.96098,59.86026],[21.96024,59.86974],[21.96942,59.87018],[21.97177,59.86325],[21.96451,59.85896]]],[[[21.96637,60.0459],[21.96447,60.05066],[21.96965,60.05266],[21.97111,60.05009],[21.96637,60.0459]]],[[[21.9668,63.29884],[21.95989,63.30477],[21.95925,63.31091],[21.97106,63.30699],[21.9668,63.29884]]],[[[21.96695,60.0656],[21.9609,60.06859],[21.96966,60.07057],[21.96695,60.0656]]],[[[21.96942,60.25406],[21.95965,60.25466],[21.9597,60.25657],[21.96942,60.25406]]],[[[21.96391,60.03133],[21.95886,60.0338],[21.96401,60.03479],[21.96391,60.03133]]],[[[21.94958,60.22696],[21.95323,60.22872],[21.96349,60.22762],[21.94958,60.22696]]],[[[21.91828,60.13799],[21.91848,60.14516],[21.92625,60.14791],[21.92875,60.14534],[21.9251,60.14357],[21.92916,60.14162],[21.95093,60.1494],[21.96313,60.14535],[21.95322,60.13966],[21.91828,60.13799]]],[[[21.94968,63.27964],[21.93866,63.28137],[21.93061,63.28731],[21.93358,63.29113],[21.92969,63.29397],[21.93542,63.29534],[21.93849,63.30248],[21.95049,63.30406],[21.95782,63.30222],[21.96078,63.29734],[21.96117,63.28353],[21.94968,63.27964]]],[[[21.95265,60.49206],[21.95118,60.49501],[21.95951,60.49598],[21.9589,60.49304],[21.95265,60.49206]]],[[[21.93386,60.19892],[21.9119,60.20432],[21.9105,60.20919],[21.92589,60.20805],[21.93164,60.21122],[21.95382,60.21349],[21.95011,60.20968],[21.95825,60.2068],[21.95349,60.20236],[21.93937,60.20284],[21.93997,60.20591],[21.93304,60.20622],[21.93808,60.2026],[21.93386,60.19892]]],[[[21.95584,60.03535],[21.95177,60.03615],[21.95194,60.04204],[21.95773,60.03892],[21.95584,60.03535]]],[[[21.94873,60.51755],[21.946,60.52166],[21.95074,60.52445],[21.95632,60.51981],[21.94873,60.51755]]],[[[21.94613,60.19665],[21.94006,60.19991],[21.95032,60.19918],[21.94613,60.19665]]],[[[21.94562,60.23236],[21.94261,60.23532],[21.94983,60.23578],[21.94562,60.23236]]],[[[21.94215,60.48778],[21.9391,60.48972],[21.94077,60.49393],[21.94853,60.49324],[21.94839,60.48838],[21.94215,60.48778]]],[[[21.92608,60.15994],[21.91277,60.16131],[21.91437,60.16361],[21.90831,60.16723],[21.90893,60.17108],[21.93178,60.17999],[21.94619,60.18091],[21.93523,60.16577],[21.92877,60.16428],[21.92608,60.15994]]],[[[21.94344,60.49648],[21.937,60.49818],[21.94304,60.50057],[21.94636,60.49889],[21.94344,60.49648]]],[[[21.7719,60.19778],[21.77599,60.208],[21.77146,60.21186],[21.78417,60.21664],[21.78924,60.21367],[21.82681,60.21447],[21.83849,60.21862],[21.83727,60.22144],[21.84595,60.21908],[21.86763,60.22188],[21.88709,60.21856],[21.88291,60.21603],[21.89254,60.21059],[21.88378,60.21001],[21.88111,60.20657],[21.885,60.20484],[21.89855,60.20492],[21.91112,60.1946],[21.93169,60.19497],[21.93159,60.19138],[21.94602,60.19294],[21.94594,60.18987],[21.93026,60.18103],[21.88516,60.18504],[21.88164,60.18776],[21.86723,60.18696],[21.8655,60.18006],[21.89384,60.18294],[21.89735,60.18009],[21.90967,60.17951],[21.90958,60.17605],[21.89714,60.17191],[21.85905,60.16897],[21.86363,60.16727],[21.86201,60.16447],[21.85265,60.1598],[21.83825,60.15848],[21.8293,60.15022],[21.81115,60.15328],[21.81032,60.15072],[21.81667,60.14787],[21.81703,60.14172],[21.81031,60.13972],[21.80884,60.13243],[21.81602,60.13226],[21.81699,60.12995],[21.81284,60.12818],[21.81561,60.12612],[21.81326,60.12409],[21.80363,60.12888],[21.79477,60.12305],[21.78557,60.12438],[21.78922,60.12705],[21.78773,60.1291],[21.77855,60.13082],[21.76776,60.13076],[21.77582,60.12431],[21.69113,60.13374],[21.70429,60.13712],[21.70025,60.14034],[21.70497,60.14493],[21.71579,60.14666],[21.7172,60.15279],[21.71225,60.16127],[21.70558,60.16181],[21.70539,60.16463],[21.71561,60.16253],[21.71672,60.16636],[21.7265,60.16707],[21.71525,60.16944],[21.71787,60.1716],[21.71027,60.17663],[21.72106,60.1767],[21.72019,60.18373],[21.72853,60.18933],[21.72448,60.19216],[21.72788,60.19496],[21.72462,60.19856],[21.72621,60.20047],[21.74749,60.20957],[21.76347,60.21114],[21.7719,60.19778]]],[[[21.94271,60.23852],[21.93664,60.24228],[21.94438,60.24324],[21.94271,60.23852]]],[[[21.9382,60.51263],[21.92515,60.519],[21.92601,60.5218],[21.94056,60.52221],[21.94371,60.51452],[21.9382,60.51263]]],[[[21.93247,60.33098],[21.91857,60.33248],[21.91814,60.33556],[21.93881,60.33631],[21.94287,60.33371],[21.93409,60.33365],[21.93247,60.33098]]],[[[21.91889,60.32544],[21.87148,60.32807],[21.86485,60.33081],[21.87525,60.33393],[21.93758,60.32928],[21.91889,60.32544]]],[[[21.9383,60.1564],[21.93251,60.16041],[21.93587,60.16115],[21.9383,60.1564]]],[[[21.93222,60.50308],[21.91516,60.50537],[21.92611,60.50734],[21.93748,60.5056],[21.93222,60.50308]]],[[[21.93014,60.21276],[21.92972,60.21622],[21.93489,60.21721],[21.93579,60.21298],[21.93014,60.21276]]],[[[21.93468,60.08297],[21.92731,60.08521],[21.92814,60.0875],[21.93326,60.08721],[21.93468,60.08297]]],[[[21.92399,59.92067],[21.9241,59.92451],[21.93278,59.92521],[21.93064,59.92152],[21.92399,59.92067]]],[[[21.92889,60.49543],[21.92429,60.49802],[21.93105,60.49848],[21.92889,60.49543]]],[[[21.92513,60.23596],[21.91955,60.23868],[21.93087,60.23873],[21.92513,60.23596]]],[[[21.92127,60.22677],[21.91366,60.23066],[21.91428,60.23424],[21.93017,60.23221],[21.93008,60.22887],[21.92127,60.22677]]],[[[21.9211,59.90815],[21.92376,59.91222],[21.92933,59.91091],[21.9211,59.90815]]],[[[21.92088,60.21283],[21.90807,60.21458],[21.90969,60.21738],[21.92573,60.22073],[21.92927,60.21827],[21.92088,60.21283]]],[[[21.92174,60.15166],[21.9183,60.15718],[21.92468,60.15586],[21.92174,60.15166]]],[[[21.92067,60.242],[21.91004,60.24835],[21.91778,60.24906],[21.92067,60.242]]],[[[21.91505,60.46468],[21.90298,60.47795],[21.89501,60.48056],[21.90211,60.48397],[21.90825,60.48098],[21.91568,60.46865],[21.9198,60.4676],[21.91505,60.46468]]],[[[21.91972,59.87681],[21.90636,59.87865],[21.90356,59.88178],[21.91782,59.88181],[21.91622,59.87901],[21.91972,59.87681]]],[[[21.85654,60.13175],[21.83351,60.13407],[21.8367,60.13853],[21.83184,60.13907],[21.83691,60.14647],[21.86393,60.15934],[21.87521,60.15875],[21.8786,60.16052],[21.87642,60.1654],[21.8816,60.16716],[21.88567,60.16559],[21.89552,60.16911],[21.89435,60.16374],[21.90048,60.16268],[21.8973,60.15912],[21.88116,60.16025],[21.88031,60.15731],[21.90702,60.1579],[21.91568,60.15541],[21.91937,60.1495],[21.91187,60.14737],[21.89808,60.15041],[21.88467,60.14769],[21.88507,60.14346],[21.90512,60.14473],[21.90452,60.14167],[21.87364,60.12857],[21.90174,60.12428],[21.90215,60.1207],[21.8946,60.11601],[21.88905,60.12015],[21.88083,60.11905],[21.88091,60.12185],[21.87318,60.12089],[21.86814,60.12438],[21.84277,60.11507],[21.81833,60.12188],[21.81909,60.13173],[21.82478,60.13387],[21.85394,60.13061],[21.86205,60.12685],[21.87299,60.13293],[21.85654,60.13175]]],[[[21.88721,60.12758],[21.88311,60.12774],[21.88732,60.1318],[21.90424,60.13118],[21.90287,60.13745],[21.91462,60.13571],[21.91345,60.13034],[21.88721,60.12758]]],[[[21.90374,60.31877],[21.86875,60.32233],[21.86881,60.32501],[21.91368,60.32356],[21.90374,60.31877]]],[[[21.90188,59.9697],[21.89631,59.97179],[21.89693,59.97575],[21.91229,59.97731],[21.91318,59.97244],[21.90188,59.9697]]],[[[21.90756,60.23301],[21.90016,60.23536],[21.91028,60.23848],[21.91278,60.23604],[21.90756,60.23301]]],[[[21.91179,60.2743],[21.89382,60.27661],[21.88341,60.28231],[21.88788,60.28573],[21.89353,60.2848],[21.89235,60.27943],[21.91179,60.2743]]],[[[21.89651,59.96027],[21.89444,59.96873],[21.91102,59.96811],[21.89651,59.96027]]],[[[21.90656,60.01036],[21.9015,60.01245],[21.90973,60.01444],[21.90656,60.01036]]],[[[21.9066,60.1611],[21.90311,60.16495],[21.90926,60.16441],[21.9066,60.1611]]],[[[21.90657,60.08535],[21.90274,60.08614],[21.90259,60.08998],[21.90719,60.08944],[21.90657,60.08535]]],[[[21.89371,59.93214],[21.89739,59.93621],[21.90685,59.93691],[21.89371,59.93214]]],[[[21.90476,60.50455],[21.90037,60.5056],[21.9064,60.50761],[21.90476,60.50455]]],[[[21.89551,59.90423],[21.89719,59.90984],[21.90434,59.9107],[21.90632,59.90812],[21.89551,59.90423]]],[[[21.89031,59.93818],[21.88937,59.94138],[21.90479,59.94537],[21.90495,59.9423],[21.89031,59.93818]]],[[[21.90159,60.24047],[21.89601,60.24359],[21.90476,60.24378],[21.90159,60.24047]]],[[[21.89751,60.52405],[21.89386,60.52624],[21.89592,60.52824],[21.9007,60.5271],[21.89751,60.52405]]],[[[21.88806,59.91146],[21.88467,59.91812],[21.89105,59.91858],[21.88771,59.91509],[21.89854,59.91581],[21.88806,59.91146]]],[[[21.88502,63.28325],[21.88055,63.28558],[21.87682,63.29405],[21.86893,63.29589],[21.89244,63.30265],[21.89724,63.29239],[21.8951,63.28754],[21.88502,63.28325]]],[[[21.88953,60.09954],[21.88813,60.10468],[21.89583,60.10487],[21.88953,60.09954]]],[[[21.88615,60.52259],[21.89278,60.52178],[21.8921,60.51615],[21.8869,60.5158],[21.8842,60.52132],[21.88615,60.52259]]],[[[21.87307,59.90348],[21.87002,59.90363],[21.8697,59.91055],[21.87229,59.91232],[21.88751,59.90991],[21.87307,59.90348]]],[[[21.88642,60.09815],[21.8675,60.09969],[21.86859,60.10237],[21.88218,60.10266],[21.88642,60.09815]]],[[[21.88312,60.07079],[21.87342,60.07175],[21.87351,60.07508],[21.88372,60.07399],[21.88312,60.07079]]],[[[21.88271,60.34258],[21.86111,60.34528],[21.85708,60.34966],[21.87303,60.34738],[21.88271,60.34258]]],[[[21.87627,60.00545],[21.86094,60.00555],[21.86051,60.00888],[21.87854,60.01388],[21.88195,60.00746],[21.87627,60.00545]]],[[[21.87661,60.11485],[21.87359,60.11706],[21.87977,60.11803],[21.88124,60.11521],[21.87661,60.11485]]],[[[21.87149,60.23133],[21.86899,60.23429],[21.87626,60.23655],[21.87718,60.2327],[21.87149,60.23133]]],[[[21.86802,60.3144],[21.86242,60.31661],[21.863,60.31916],[21.8764,60.31895],[21.86802,60.3144]]],[[[21.87274,60.33662],[21.84676,60.34013],[21.862,60.34042],[21.87274,60.33662]]],[[[21.86415,60.08922],[21.86577,60.09228],[21.87192,60.09249],[21.8721,60.08967],[21.86415,60.08922]]],[[[21.85759,59.95503],[21.85204,59.95749],[21.86024,59.95872],[21.85759,59.95503]]],[[[21.84655,60.28178],[21.83377,60.28608],[21.83392,60.2921],[21.8129,60.29658],[21.81144,60.30017],[21.82995,60.29826],[21.83703,60.29259],[21.85773,60.29578],[21.85936,60.28912],[21.84304,60.28615],[21.84655,60.28178]]],[[[21.85456,60.33201],[21.84993,60.33268],[21.84949,60.33576],[21.85772,60.33442],[21.85456,60.33201]]],[[[21.83177,60.36965],[21.81624,60.37448],[21.81691,60.37695],[21.85556,60.37039],[21.85343,60.36785],[21.83177,60.36965]]],[[[21.84614,60.00641],[21.84258,60.00695],[21.84291,60.01002],[21.84933,60.011],[21.84614,60.00641]]],[[[21.84608,60.30366],[21.83226,60.30797],[21.83924,60.3087],[21.84818,60.30531],[21.84608,60.30366]]],[[[21.82375,60.31813],[21.80477,60.32273],[21.80587,60.32541],[21.83161,60.32269],[21.83979,60.31995],[21.82375,60.31813]]],[[[21.83304,59.97336],[21.83262,59.97694],[21.83772,59.97652],[21.83304,59.97336]]],[[[21.81754,63.42844],[21.81651,63.43215],[21.77882,63.43249],[21.78854,63.43295],[21.79263,63.43625],[21.7875,63.43654],[21.79264,63.44674],[21.77183,63.44864],[21.77533,63.45157],[21.78327,63.44909],[21.79078,63.45161],[21.78067,63.45844],[21.78528,63.4597],[21.80294,63.45755],[21.8199,63.45093],[21.82428,63.44413],[21.83327,63.43883],[21.82529,63.4394],[21.82034,63.43635],[21.82744,63.43502],[21.82733,63.43068],[21.81754,63.42844]]],[[[21.82829,59.90544],[21.82427,59.90777],[21.82536,59.91083],[21.83126,59.91207],[21.82829,59.90544]]],[[[21.80957,63.28741],[21.80381,63.29473],[21.79472,63.29504],[21.79174,63.30043],[21.80219,63.29807],[21.80496,63.3056],[21.81423,63.30457],[21.83001,63.29663],[21.82902,63.29178],[21.8227,63.28964],[21.80913,63.29202],[21.81216,63.28855],[21.80957,63.28741]]],[[[21.82197,59.97957],[21.82177,59.982],[21.82972,59.98323],[21.82811,59.98017],[21.82197,59.97957]]],[[[21.82009,60.04842],[21.81318,60.05149],[21.8289,60.05259],[21.82729,60.04953],[21.82009,60.04842]]],[[[21.81783,60.22552],[21.8179,60.22847],[21.82768,60.22867],[21.8271,60.22624],[21.81783,60.22552]]],[[[21.82345,60.05979],[21.82045,60.06289],[21.82558,60.0631],[21.82345,60.05979]]],[[[21.81903,60.27325],[21.8098,60.27561],[21.80788,60.28151],[21.81812,60.2785],[21.81923,60.28195],[21.82435,60.28038],[21.81914,60.27837],[21.81903,60.27325]]],[[[21.81948,59.94107],[21.81469,59.94314],[21.82162,59.94515],[21.81948,59.94107]]],[[[21.82087,60.30625],[21.81163,60.30772],[21.8048,60.31326],[21.81278,60.31244],[21.81233,60.31526],[21.82104,60.3129],[21.81842,60.31113],[21.82087,60.30625]]],[[[21.81836,60.08183],[21.81277,60.0834],[21.81234,60.08673],[21.81972,60.08515],[21.81836,60.08183]]],[[[21.81914,63.42446],[21.80778,63.42657],[21.80788,63.4299],[21.81474,63.43012],[21.81914,63.42446]]],[[[21.81366,59.93253],[21.80358,59.93784],[21.80426,59.94423],[21.81094,59.94649],[21.8112,59.93625],[21.81807,59.9357],[21.81366,59.93253]]],[[[21.79043,59.89927],[21.78851,59.90415],[21.79856,59.90571],[21.81751,59.90243],[21.8088,59.90018],[21.80513,59.90319],[21.79765,59.90281],[21.79043,59.89927]]],[[[21.81112,60.57821],[21.80651,60.58118],[21.81355,60.58191],[21.81112,60.57821]]],[[[21.80693,60.03353],[21.80369,60.03662],[21.80665,60.04249],[21.81177,60.04271],[21.81212,60.03631],[21.80693,60.03353]]],[[[21.80853,60.12002],[21.79987,60.12212],[21.80152,60.12646],[21.81299,60.12358],[21.81265,60.12026],[21.80853,60.12002]]],[[[21.81013,60.10171],[21.79792,60.10486],[21.81085,60.10952],[21.81283,60.10694],[21.81013,60.10171]]],[[[21.79,63.40301],[21.78465,63.4056],[21.79156,63.4181],[21.7979,63.42011],[21.79806,63.42573],[21.81016,63.41978],[21.79537,63.41142],[21.79,63.40301]]],[[[21.80357,60.08448],[21.80209,60.08679],[21.80981,60.08828],[21.80357,60.08448]]],[[[21.7814,60.33771],[21.7707,60.3439],[21.77746,60.34592],[21.77947,60.34361],[21.80268,60.3427],[21.80777,60.33947],[21.79127,60.34059],[21.7814,60.33771]]],[[[21.80763,59.95726],[21.80261,59.96036],[21.80773,59.96111],[21.80763,59.95726]]],[[[21.80163,60.11008],[21.79763,60.11407],[21.80583,60.1139],[21.80163,60.11008]]],[[[21.8022,60.04917],[21.78516,60.05337],[21.80138,60.05762],[21.8048,60.05069],[21.8022,60.04917]]],[[[21.79292,63.30183],[21.78816,63.30454],[21.79022,63.30696],[21.80353,63.30522],[21.79292,63.30183]]],[[[21.78586,60.09354],[21.77958,60.09921],[21.78199,60.10316],[21.80237,60.09818],[21.79946,60.09474],[21.78586,60.09354]]],[[[21.79432,60.46584],[21.79288,60.47071],[21.79809,60.47171],[21.79432,60.46584]]],[[[21.79617,60.03232],[21.78702,60.03492],[21.79273,60.03848],[21.79774,60.03397],[21.79617,60.03232]]],[[[21.79373,60.46278],[21.79772,60.4566],[21.78576,60.45463],[21.78373,60.45669],[21.79373,60.46278]]],[[[21.79045,59.81405],[21.78648,59.81817],[21.79767,59.81861],[21.79731,59.81426],[21.79045,59.81405]]],[[[21.78634,63.39434],[21.78294,63.39512],[21.78252,63.40075],[21.79672,63.39837],[21.78634,63.39434]]],[[[21.78374,59.96124],[21.77862,59.97151],[21.78199,59.97328],[21.78156,59.97687],[21.79491,59.97986],[21.79075,59.96607],[21.78374,59.96124]]],[[[21.78208,59.91237],[21.77906,59.91405],[21.78143,59.91724],[21.7726,59.92113],[21.77807,59.92596],[21.77233,59.93137],[21.78969,59.93229],[21.79241,59.92869],[21.7937,59.91896],[21.78474,59.91722],[21.78569,59.91414],[21.78208,59.91237]]],[[[21.75469,60.36601],[21.75145,60.36508],[21.74445,60.37004],[21.74283,60.36698],[21.73611,60.36689],[21.72792,60.37051],[21.73123,60.37996],[21.74265,60.38182],[21.7471,60.37258],[21.76207,60.3725],[21.76814,60.37447],[21.76431,60.37965],[21.7772,60.37841],[21.78074,60.38582],[21.77326,60.38676],[21.77383,60.38894],[21.79083,60.38602],[21.79142,60.37567],[21.78524,60.37489],[21.78083,60.37008],[21.75469,60.36601]]],[[[21.78974,60.31962],[21.7815,60.32031],[21.78567,60.32259],[21.78974,60.31962]]],[[[21.77801,63.4238],[21.77645,63.42943],[21.78895,63.42694],[21.77952,63.4266],[21.77801,63.4238]]],[[[21.78531,60.24262],[21.77815,60.24458],[21.77924,60.24713],[21.78845,60.24477],[21.78531,60.24262]]],[[[21.78797,60.11784],[21.77774,60.11893],[21.77782,60.12161],[21.78797,60.11784]]],[[[21.7287,60.10398],[21.71336,60.10573],[21.71521,60.10853],[21.70529,60.11191],[21.72531,60.11308],[21.73574,60.12045],[21.78743,60.11657],[21.78685,60.11388],[21.7571,60.11342],[21.75186,60.1082],[21.7287,60.10398]]],[[[21.75703,60.24406],[21.75091,60.24678],[21.75065,60.25753],[21.7533,60.26084],[21.78677,60.26052],[21.78717,60.25604],[21.77929,60.24931],[21.75703,60.24406]]],[[[21.78083,60.47535],[21.78698,60.47305],[21.78612,60.46973],[21.77834,60.46926],[21.77739,60.47298],[21.78083,60.47535]]],[[[21.78047,60.12569],[21.77486,60.12726],[21.77545,60.13033],[21.78465,60.12912],[21.78047,60.12569]]],[[[21.78171,60.45851],[21.77892,60.46107],[21.78444,60.46461],[21.78507,60.46045],[21.78171,60.45851]]],[[[21.77561,60.02809],[21.77057,60.03132],[21.76385,60.02816],[21.76381,60.03421],[21.75671,60.0363],[21.75899,60.03919],[21.76256,60.03891],[21.76417,60.03438],[21.76813,60.03658],[21.76003,60.04021],[21.76214,60.04288],[21.77735,60.03678],[21.77599,60.03346],[21.78471,60.03094],[21.77561,60.02809]]],[[[21.78254,60.44992],[21.77661,60.4511],[21.78416,60.45272],[21.78254,60.44992]]],[[[21.77606,63.26752],[21.77678,63.27276],[21.78187,63.27183],[21.77606,63.26752]]],[[[21.77823,60.26978],[21.77133,60.272],[21.7794,60.27579],[21.77823,60.26978]]],[[[21.73621,59.93516],[21.73681,59.93925],[21.74761,59.94303],[21.74204,59.94498],[21.72663,59.94033],[21.72208,59.94227],[21.73904,59.94781],[21.74463,59.94663],[21.75498,59.95348],[21.74735,59.95416],[21.74386,59.95815],[21.7472,59.9589],[21.74708,59.96503],[21.75526,59.96577],[21.75585,59.96909],[21.77785,59.971],[21.77872,59.95385],[21.76297,59.9455],[21.7538,59.94606],[21.75771,59.93862],[21.73621,59.93516]]],[[[21.77258,60.29221],[21.76081,60.29612],[21.77177,60.30181],[21.77941,60.29754],[21.77258,60.29221]]],[[[21.77015,60.10131],[21.76351,60.10238],[21.76108,60.10776],[21.77847,60.10638],[21.7758,60.10179],[21.77015,60.10131]]],[[[21.7698,60.0207],[21.76501,60.02278],[21.7681,60.02429],[21.76692,60.0284],[21.77814,60.02679],[21.77529,60.02212],[21.7698,60.0207]]],[[[21.77707,63.43122],[21.76626,63.43281],[21.76691,63.43576],[21.77707,63.43122]]],[[[21.74721,59.90259],[21.74579,59.90772],[21.75463,59.91535],[21.77503,59.916],[21.77598,59.91318],[21.76899,59.90811],[21.74721,59.90259]]],[[[21.77113,59.87955],[21.75795,59.88232],[21.75755,59.88692],[21.77029,59.88736],[21.77429,59.88427],[21.77113,59.87955]]],[[[21.76915,60.2779],[21.76117,60.2782],[21.76148,60.28037],[21.77075,60.28045],[21.76915,60.2779]]],[[[21.75327,60.57305],[21.73963,60.57926],[21.72585,60.57934],[21.72178,60.58346],[21.72446,60.58702],[21.74604,60.58665],[21.76147,60.58989],[21.76609,60.58756],[21.76035,60.58631],[21.7621,60.58374],[21.75257,60.57663],[21.75327,60.57305]]],[[[21.75232,63.24935],[21.75982,63.25417],[21.76606,63.25376],[21.75232,63.24935]]],[[[21.7611,60.26413],[21.75761,60.26901],[21.76586,60.26973],[21.76472,60.26462],[21.7611,60.26413]]],[[[21.76361,60.23942],[21.75958,60.24302],[21.76523,60.24235],[21.76361,60.23942]]],[[[21.76131,60.56097],[21.75665,60.56177],[21.75595,60.56535],[21.75988,60.56687],[21.76131,60.56097]]],[[[21.75695,59.97253],[21.74526,59.97503],[21.75449,59.97677],[21.76159,59.97443],[21.75695,59.97253]]],[[[21.75403,60.09091],[21.75205,60.094],[21.76131,60.09548],[21.75403,60.09091]]],[[[21.74907,60.09811],[21.72197,60.10107],[21.72048,60.1035],[21.75687,60.10318],[21.75909,60.09933],[21.74907,60.09811]]],[[[21.75537,60.4177],[21.74299,60.41969],[21.73816,60.42343],[21.74684,60.42927],[21.75251,60.42821],[21.75747,60.41897],[21.75537,60.4177]]],[[[21.74985,63.39504],[21.74949,63.40272],[21.75573,63.40166],[21.74985,63.39504]]],[[[21.6994,63.43111],[21.70119,63.43417],[21.72179,63.43586],[21.72187,63.43893],[21.73103,63.43991],[21.71112,63.44346],[21.71411,63.44843],[21.72728,63.44964],[21.71184,63.44934],[21.71533,63.45175],[21.75202,63.45591],[21.75252,63.45309],[21.74329,63.44982],[21.75571,63.44413],[21.74477,63.44086],[21.75122,63.43622],[21.74404,63.43458],[21.75482,63.43212],[21.75418,63.42955],[21.72732,63.4288],[21.72916,63.43365],[21.72692,63.43545],[21.6994,63.43111]]],[[[21.70556,59.90871],[21.70919,59.91151],[21.70723,59.91536],[21.71847,59.91657],[21.72109,59.91989],[21.74205,59.92246],[21.75346,59.91996],[21.73718,59.91046],[21.73319,59.91368],[21.74193,59.91747],[21.74046,59.92016],[21.70556,59.90871]]],[[[21.7455,63.35888],[21.7407,63.36082],[21.74289,63.36849],[21.75276,63.36485],[21.7455,63.35888]]],[[[21.7377,60.55164],[21.72608,60.55477],[21.72541,60.55964],[21.72715,60.56705],[21.74038,60.57773],[21.74958,60.57076],[21.74686,60.56579],[21.75071,60.56359],[21.75034,60.55873],[21.7377,60.55164]]],[[[21.73849,63.4634],[21.7323,63.46701],[21.74944,63.46667],[21.73849,63.4634]]],[[[21.73701,59.92517],[21.73346,59.92596],[21.73762,59.92978],[21.74689,59.93408],[21.74938,59.93112],[21.73701,59.92517]]],[[[21.74535,60.40944],[21.73711,60.41141],[21.73925,60.41421],[21.74747,60.41173],[21.74535,60.40944]]],[[[21.73957,59.90289],[21.73404,59.90625],[21.74488,59.91232],[21.74684,59.909],[21.73957,59.90289]]],[[[21.72535,60.20841],[21.71876,60.21241],[21.71933,60.21497],[21.743,60.21561],[21.74552,60.21316],[21.73513,60.20861],[21.72535,60.20841]]],[[[21.7384,60.30814],[21.73099,60.31138],[21.73339,60.31482],[21.74361,60.3108],[21.74511,60.30874],[21.7384,60.30814]]],[[[21.7315,60.25367],[21.73728,60.25876],[21.74499,60.25808],[21.74388,60.25501],[21.7315,60.25367]]],[[[21.73961,59.95063],[21.73351,59.9513],[21.73718,59.95588],[21.74399,59.95226],[21.73961,59.95063]]],[[[21.74095,60.32975],[21.70281,60.33252],[21.7008,60.33496],[21.73796,60.3345],[21.74257,60.33333],[21.74095,60.32975]]],[[[21.73701,60.24648],[21.72726,60.24819],[21.73045,60.25278],[21.7392,60.25262],[21.74121,60.25042],[21.73701,60.24648]]],[[[21.73458,63.37773],[21.73089,63.37826],[21.72792,63.38467],[21.7384,63.38231],[21.73458,63.37773]]],[[[21.73157,63.2368],[21.7068,63.2446],[21.71607,63.25235],[21.73055,63.25267],[21.73604,63.24547],[21.72733,63.24083],[21.73157,63.2368]]],[[[21.72871,60.29004],[21.70432,60.29464],[21.70413,60.29771],[21.71093,60.30228],[21.72022,60.30248],[21.72931,60.29412],[21.72871,60.29004]]],[[[21.72182,60.11784],[21.7101,60.12161],[21.6947,60.12067],[21.68555,60.12455],[21.70049,60.12806],[21.72911,60.12279],[21.72182,60.11784]]],[[[21.71371,63.40968],[21.71149,63.41225],[21.72692,63.41268],[21.71371,63.40968]]],[[[21.70801,60.40542],[21.70892,60.41182],[21.69858,60.41213],[21.69586,60.41803],[21.69017,60.41806],[21.6885,60.42497],[21.69137,60.42598],[21.69632,60.43952],[21.67948,60.4391],[21.6797,60.44984],[21.70454,60.44869],[21.71157,60.43765],[21.71198,60.43355],[21.70748,60.42897],[21.7214,60.42608],[21.71791,60.42073],[21.72526,60.41352],[21.72045,60.40638],[21.70801,60.40542]]],[[[21.68871,60.32415],[21.67583,60.32575],[21.67284,60.33011],[21.6548,60.332],[21.6487,60.33689],[21.68441,60.34106],[21.69178,60.33565],[21.68526,60.33248],[21.68678,60.33094],[21.70586,60.32994],[21.72483,60.32447],[21.68871,60.32415]]],[[[21.6965,60.25424],[21.67189,60.25923],[21.71625,60.26271],[21.72034,60.26128],[21.71407,60.25722],[21.6965,60.25424]]],[[[21.71568,63.32833],[21.71237,63.33231],[21.71694,63.33305],[21.7197,63.32972],[21.71568,63.32833]]],[[[21.7195,60.31656],[21.71391,60.32043],[21.71856,60.32092],[21.7195,60.31656]]],[[[21.71509,60.56328],[21.70659,60.56665],[21.70599,60.57485],[21.71921,60.57298],[21.71509,60.56328]]],[[[21.71382,60.34001],[21.68345,60.34503],[21.67722,60.34302],[21.67266,60.34688],[21.66541,60.34602],[21.66585,60.34205],[21.65351,60.34492],[21.65513,60.34863],[21.65216,60.35453],[21.63677,60.36049],[21.63837,60.36278],[21.66267,60.36382],[21.69153,60.36021],[21.69353,60.35739],[21.68682,60.35717],[21.69035,60.35331],[21.71556,60.34908],[21.71848,60.34062],[21.71382,60.34001]]],[[[21.71169,60.361],[21.70371,60.3622],[21.70663,60.3659],[21.71282,60.36548],[21.71796,60.36391],[21.71169,60.361]]],[[[21.71384,60.57723],[21.70893,60.57841],[21.71031,60.58224],[21.71604,60.58272],[21.71384,60.57723]]],[[[21.71165,60.0264],[21.7082,60.03282],[21.7159,60.03406],[21.71165,60.0264]]],[[[21.70196,63.34924],[21.71514,63.3525],[21.71395,63.35021],[21.70196,63.34924]]],[[[21.69723,63.41258],[21.69105,63.41632],[21.70046,63.41627],[21.702,63.42087],[21.70771,63.42084],[21.71105,63.41724],[21.69723,63.41258]]],[[[21.70397,63.33824],[21.69835,63.34095],[21.70013,63.34414],[21.70868,63.34448],[21.70911,63.33859],[21.70397,63.33824]]],[[[21.69167,60.26911],[21.68507,60.27375],[21.70882,60.27619],[21.71001,60.27184],[21.70767,60.27082],[21.69167,60.26911]]],[[[21.70044,60.14904],[21.70151,60.1516],[21.70919,60.15028],[21.70044,60.14904]]],[[[21.70019,60.499],[21.6966,60.50094],[21.69768,60.50298],[21.7039,60.50269],[21.70591,60.49961],[21.70019,60.499]]],[[[21.70115,63.24565],[21.68811,63.24635],[21.6869,63.25126],[21.69282,63.25311],[21.69331,63.24978],[21.70404,63.24794],[21.70115,63.24565]]],[[[21.69843,63.3444],[21.69331,63.34468],[21.69452,63.34775],[21.70252,63.34886],[21.69843,63.3444]]],[[[21.69932,60.3864],[21.67837,60.39765],[21.67636,60.41352],[21.68614,60.41117],[21.6949,60.39718],[21.70179,60.39317],[21.70243,60.3869],[21.69932,60.3864]]],[[[21.70242,60.36208],[21.68334,60.36397],[21.66491,60.37199],[21.64635,60.37464],[21.64412,60.37939],[21.64962,60.38295],[21.66974,60.38106],[21.67629,60.37258],[21.69918,60.36811],[21.6973,60.36428],[21.70242,60.36208]]],[[[21.70023,60.45255],[21.68265,60.45443],[21.68174,60.46058],[21.69162,60.46181],[21.70023,60.45255]]],[[[21.69683,60.56017],[21.6914,60.56135],[21.69133,60.56954],[21.69604,60.57144],[21.69965,60.57014],[21.69518,60.56799],[21.69683,60.56017]]],[[[21.68298,59.90128],[21.67638,59.90234],[21.67799,59.9063],[21.67062,59.90736],[21.67457,59.91361],[21.69093,59.91595],[21.69897,59.91028],[21.69663,59.90824],[21.69965,59.90644],[21.69526,59.90352],[21.68716,59.90586],[21.68298,59.90128]]],[[[21.69251,60.21166],[21.69052,60.2146],[21.69826,60.2161],[21.69251,60.21166]]],[[[21.6874,63.40687],[21.69489,63.41016],[21.69713,63.40836],[21.6874,63.40687]]],[[[21.5061,60.14532],[21.50745,60.14992],[21.51419,60.15399],[21.51268,60.15605],[21.53432,60.16057],[21.53803,60.16746],[21.54367,60.16769],[21.54169,60.17154],[21.5597,60.17275],[21.55821,60.17659],[21.57467,60.18502],[21.56451,60.18437],[21.5584,60.18798],[21.57582,60.18535],[21.61285,60.18659],[21.65122,60.17808],[21.66514,60.18045],[21.69232,60.17801],[21.68878,60.16855],[21.69182,60.16649],[21.69031,60.1555],[21.66754,60.14691],[21.65066,60.14968],[21.64497,60.14766],[21.6454,60.14344],[21.65414,60.14391],[21.6617,60.13722],[21.66799,60.11837],[21.64792,60.11502],[21.64736,60.11233],[21.60378,60.11253],[21.58166,60.10842],[21.57816,60.11355],[21.57202,60.11383],[21.57296,60.10935],[21.54936,60.10804],[21.53042,60.11004],[21.53719,60.11641],[21.52385,60.11544],[21.52432,60.11275],[21.51036,60.10525],[21.4714,60.10541],[21.46197,60.10915],[21.46202,60.11247],[21.48443,60.12007],[21.49214,60.12106],[21.49463,60.11619],[21.50181,60.11642],[21.50841,60.11179],[21.51587,60.1133],[21.51411,60.11637],[21.51823,60.11687],[21.51267,60.12201],[21.506,60.12216],[21.50811,60.12574],[21.49915,60.12667],[21.5088,60.13712],[21.52942,60.14357],[21.53959,60.13828],[21.5399,60.14084],[21.52637,60.14524],[21.51808,60.14003],[21.51089,60.13993],[21.5061,60.14532]]],[[[21.69007,60.24212],[21.67105,60.24324],[21.67165,60.24746],[21.69015,60.24647],[21.69215,60.24339],[21.69007,60.24212]]],[[[21.68336,60.09296],[21.66238,60.09422],[21.64967,60.0994],[21.62887,60.0972],[21.62715,60.10104],[21.61865,60.1033],[21.6181,60.09699],[21.60434,60.10115],[21.61747,60.10416],[21.61545,60.10609],[21.59803,60.1063],[21.61245,60.10981],[21.65451,60.11102],[21.65341,60.10706],[21.66778,60.10827],[21.66975,60.10416],[21.68975,60.10432],[21.6888,60.09588],[21.68336,60.09296]]],[[[21.66316,60.48946],[21.65543,60.49193],[21.65807,60.49409],[21.65603,60.49602],[21.66279,60.49701],[21.66448,60.5034],[21.67708,60.5105],[21.67098,60.51668],[21.68862,60.51633],[21.68977,60.50916],[21.68708,60.50457],[21.67277,60.50285],[21.67355,60.49056],[21.66271,60.49279],[21.66316,60.48946]]],[[[21.67951,60.10525],[21.67337,60.10581],[21.67141,60.10991],[21.68629,60.11073],[21.67951,60.10525]]],[[[21.64181,60.2755],[21.6388,60.27936],[21.64402,60.28279],[21.63532,60.28577],[21.61108,60.28499],[21.61372,60.28792],[21.64261,60.28932],[21.64333,60.29968],[21.65003,60.29952],[21.64995,60.29568],[21.67872,60.29068],[21.68454,60.28553],[21.64181,60.2755]]],[[[21.67856,60.0839],[21.66663,60.08934],[21.68355,60.08976],[21.68267,60.08439],[21.67856,60.0839]]],[[[21.67779,60.27059],[21.66905,60.27115],[21.66551,60.27488],[21.68303,60.27479],[21.68376,60.27274],[21.67779,60.27059]]],[[[21.67255,60.41712],[21.67138,60.4225],[21.67637,60.42644],[21.68254,60.42424],[21.68141,60.42015],[21.67255,60.41712]]],[[[21.68124,60.38714],[21.66169,60.39184],[21.67671,60.39279],[21.68124,60.38714]]],[[[21.67894,60.27647],[21.66917,60.27754],[21.6687,60.27959],[21.67894,60.27647]]],[[[21.66914,60.20013],[21.67277,60.20191],[21.67132,60.20639],[21.67648,60.20674],[21.67639,60.20291],[21.66914,60.20013]]],[[[21.65467,60.45406],[21.64646,60.45807],[21.65118,60.46099],[21.6401,60.46411],[21.64427,60.46537],[21.64046,60.46949],[21.65037,60.47225],[21.64273,60.47945],[21.6676,60.47856],[21.67546,60.47008],[21.67329,60.46155],[21.65738,60.46032],[21.65425,60.45893],[21.65467,60.45406]]],[[[21.67508,60.36427],[21.64782,60.37067],[21.6695,60.36903],[21.67508,60.36427]]],[[[21.67075,60.48008],[21.6578,60.48092],[21.65632,60.48476],[21.67245,60.48724],[21.6739,60.48212],[21.67075,60.48008]]],[[[21.67261,60.44502],[21.65485,60.45048],[21.6586,60.4566],[21.66407,60.45811],[21.67261,60.44502]]],[[[21.66774,63.24837],[21.65472,63.24995],[21.65368,63.25432],[21.66896,63.2522],[21.66774,63.24837]]],[[[21.66495,59.89088],[21.65637,59.8954],[21.66605,59.89497],[21.66827,59.89176],[21.66495,59.89088]]],[[[21.66091,60.2511],[21.64969,60.25653],[21.65386,60.2592],[21.66646,60.25824],[21.66818,60.25388],[21.66091,60.2511]]],[[[21.63744,60.18263],[21.61953,60.18681],[21.61811,60.19283],[21.60062,60.19227],[21.61149,60.19632],[21.59874,60.20175],[21.62241,60.20317],[21.66294,60.19863],[21.6621,60.19531],[21.66714,60.19042],[21.66474,60.18608],[21.63744,60.18263]]],[[[21.66212,60.08168],[21.64066,60.08435],[21.63765,60.08743],[21.66712,60.08831],[21.66212,60.08168]]],[[[21.667,59.99349],[21.65171,59.99498],[21.6492,59.99742],[21.667,59.99349]]],[[[21.66535,60.03829],[21.65927,60.04126],[21.66542,60.042],[21.66535,60.03829]]],[[[21.65339,59.97653],[21.64906,59.97733],[21.64941,59.98219],[21.66523,59.9816],[21.65192,59.97975],[21.65339,59.97653]]],[[[21.66075,59.98674],[21.65212,59.98998],[21.66288,59.99159],[21.66459,59.988],[21.66075,59.98674]]],[[[21.66055,63.33141],[21.65436,63.33463],[21.65676,63.33974],[21.66413,63.33843],[21.66066,63.33614],[21.66055,63.33141]]],[[[21.65342,60.26265],[21.65322,60.26598],[21.66326,60.26542],[21.65342,60.26265]]],[[[21.6589,60.20249],[21.65146,60.20329],[21.65519,60.20566],[21.6589,60.20249]]],[[[21.64995,60.08763],[21.63409,60.08962],[21.63519,60.09282],[21.64904,60.09377],[21.65872,60.09091],[21.64995,60.08763]]],[[[21.65109,60.22325],[21.64548,60.22571],[21.65779,60.22373],[21.65109,60.22325]]],[[[21.65455,59.9059],[21.64905,59.9113],[21.65365,59.91231],[21.65715,59.90884],[21.65455,59.9059]]],[[[21.64768,60.18092],[21.64566,60.18259],[21.65339,60.1837],[21.65642,60.18113],[21.64768,60.18092]]],[[[21.64858,61.57164],[21.63363,61.57568],[21.65345,61.57379],[21.64858,61.57164]]],[[[21.65191,63.37711],[21.64801,63.38122],[21.65315,63.38171],[21.65191,63.37711]]],[[[21.64619,60.26218],[21.64008,60.26553],[21.64168,60.2677],[21.64682,60.2678],[21.64983,60.26293],[21.64619,60.26218]]],[[[21.63674,59.93414],[21.62096,59.93537],[21.61898,59.9387],[21.63174,59.9394],[21.6349,59.94439],[21.64612,59.94433],[21.64631,59.941],[21.63674,59.93414]]],[[[21.6035,60.40504],[21.59998,60.41056],[21.60526,60.41591],[21.60436,60.43741],[21.61093,60.44275],[21.61655,60.43825],[21.61993,60.43939],[21.61827,60.44707],[21.63456,60.45928],[21.64494,60.44694],[21.64124,60.44338],[21.64462,60.43082],[21.64064,60.42585],[21.6252,60.43066],[21.62231,60.42837],[21.62816,60.42298],[21.62496,60.41787],[21.61503,60.41228],[21.61208,60.40718],[21.6035,60.40504]]],[[[21.6431,60.39321],[21.63948,60.39374],[21.63956,60.39707],[21.64318,60.39731],[21.6431,60.39321]]],[[[21.63607,60.35077],[21.63069,60.35335],[21.63307,60.35603],[21.64234,60.35458],[21.64227,60.35099],[21.63607,60.35077]]],[[[21.55701,60.22701],[21.56731,60.24283],[21.5643,60.24745],[21.57705,60.25469],[21.57667,60.26275],[21.58358,60.27424],[21.60368,60.27492],[21.60465,60.27158],[21.61612,60.26539],[21.61683,60.2618],[21.61008,60.25838],[21.60344,60.26212],[21.59928,60.25958],[21.60027,60.25728],[21.58629,60.2535],[21.63938,60.25581],[21.63851,60.25121],[21.6245,60.24565],[21.63192,60.24254],[21.63237,60.23947],[21.60092,60.2368],[21.60086,60.23373],[21.60824,60.22909],[21.60889,60.22269],[21.59342,60.22071],[21.57829,60.22335],[21.56532,60.21648],[21.55537,60.22164],[21.55701,60.22701]]],[[[21.57246,59.8139],[21.57564,59.82143],[21.58485,59.82485],[21.58494,59.83048],[21.59051,59.82879],[21.59821,59.83298],[21.60736,59.83319],[21.62458,59.82965],[21.6348,59.83255],[21.63267,59.82719],[21.62397,59.82428],[21.61081,59.82665],[21.58804,59.81895],[21.58323,59.81987],[21.58138,59.81616],[21.57246,59.8139]]],[[[21.61525,60.47946],[21.61327,60.4842],[21.61797,60.48597],[21.61647,60.48905],[21.61966,60.49286],[21.6295,60.49206],[21.63382,60.48794],[21.628,60.48157],[21.61525,60.47946]]],[[[21.62554,60.2592],[21.62068,60.26127],[21.62358,60.26446],[21.63284,60.26429],[21.63379,60.25968],[21.62554,60.2592]]],[[[21.62966,59.96386],[21.62105,59.96774],[21.62668,59.96848],[21.63172,59.96475],[21.62966,59.96386]]],[[[21.62283,63.3239],[21.6206,63.32634],[21.6314,63.32579],[21.62283,63.3239]]],[[[21.62359,60.29223],[21.60144,60.29348],[21.59891,60.29592],[21.62883,60.29693],[21.63084,60.29412],[21.62359,60.29223]]],[[[21.62225,59.95008],[21.61614,59.95063],[21.6208,59.95418],[21.62795,59.9544],[21.62841,59.95184],[21.62225,59.95008]]],[[[21.61848,59.93909],[21.6155,59.94345],[21.62644,59.94212],[21.61848,59.93909]]],[[[21.61006,59.98059],[21.60549,59.98214],[21.61223,59.98774],[21.62556,59.98998],[21.62568,59.98307],[21.61006,59.98059]]],[[[21.61084,60.35485],[21.60445,60.35859],[21.62435,60.3585],[21.61084,60.35485]]],[[[21.6234,60.03823],[21.61931,60.03838],[21.61885,60.0412],[21.62396,60.04105],[21.6234,60.03823]]],[[[21.61662,59.97633],[21.61464,59.97967],[21.62206,59.98053],[21.62071,59.97682],[21.61662,59.97633]]],[[[21.61655,59.94524],[21.60942,59.94604],[21.60948,59.94924],[21.5901,59.94945],[21.59601,59.95173],[21.59635,59.9566],[21.60706,59.95603],[21.61414,59.95267],[21.61103,59.95039],[21.61918,59.94932],[21.61937,59.94574],[21.61655,59.94524]]],[[[21.61675,61.59008],[21.60175,61.5922],[21.59542,61.59785],[21.60401,61.59782],[21.61675,61.59008]]],[[[21.61253,60.08678],[21.5903,60.0897],[21.60852,60.09141],[21.61668,60.08945],[21.61253,60.08678]]],[[[21.61597,59.96879],[21.60327,59.97256],[21.61653,59.9716],[21.61597,59.96879]]],[[[21.60957,60.28704],[21.60524,60.28975],[21.61428,60.29048],[21.60957,60.28704]]],[[[21.60754,60.20504],[21.59829,60.20559],[21.60041,60.20903],[21.60709,60.20888],[21.61117,60.20707],[21.60754,60.20504]]],[[[21.59714,60.05692],[21.60848,60.06108],[21.611,60.05915],[21.59714,60.05692]]],[[[21.60506,59.87466],[21.59878,59.87904],[21.61033,59.88436],[21.60514,59.87901],[21.60506,59.87466]]],[[[21.60015,61.62035],[21.60022,61.62381],[21.6066,61.62045],[21.60015,61.62035]]],[[[21.60248,60.09758],[21.59226,60.0989],[21.59233,60.10274],[21.60248,60.09758]]],[[[21.60108,60.18945],[21.58722,60.19016],[21.58624,60.19259],[21.60112,60.1915],[21.60108,60.18945]]],[[[21.59766,60.28403],[21.59355,60.28469],[21.59413,60.28788],[21.60028,60.28593],[21.59766,60.28403]]],[[[21.59676,59.8944],[21.58915,59.89572],[21.59122,59.89777],[21.59676,59.8944]]],[[[21.59217,63.32723],[21.58772,63.33211],[21.59456,63.33285],[21.59676,63.32926],[21.59217,63.32723]]],[[[21.59072,60.32743],[21.57898,60.33516],[21.57331,60.33557],[21.57441,60.3394],[21.58424,60.34077],[21.59421,60.33458],[21.59511,60.32793],[21.59072,60.32743]]],[[[21.57611,60.40644],[21.57302,60.40711],[21.57664,60.42192],[21.58414,60.42163],[21.583,60.41575],[21.58922,60.41649],[21.58888,60.41189],[21.59374,60.40854],[21.57611,60.40644]]],[[[21.58469,60.30801],[21.5775,60.30958],[21.57755,60.31265],[21.59145,60.31105],[21.58469,60.30801]]],[[[21.58187,60.0621],[21.57832,60.06416],[21.59143,60.06743],[21.58187,60.0621]]],[[[21.58486,60.31722],[21.57817,60.31829],[21.57873,60.32109],[21.58545,60.32144],[21.58901,60.31887],[21.58486,60.31722]]],[[[21.5852,60.19221],[21.58321,60.19567],[21.58886,60.19538],[21.5852,60.19221]]],[[[21.58232,61.61543],[21.57777,61.61635],[21.57704,61.62032],[21.55184,61.62388],[21.55224,61.62635],[21.57287,61.62737],[21.58625,61.62437],[21.58776,61.61874],[21.58292,61.6185],[21.58232,61.61543]]],[[[21.58347,60.03675],[21.57887,60.0369],[21.58052,60.04278],[21.58761,60.03955],[21.58347,60.03675]]],[[[21.57851,60.48333],[21.57443,60.48718],[21.58329,60.4892],[21.58424,60.48484],[21.57851,60.48333]]],[[[21.58096,63.36335],[21.57764,63.36886],[21.58332,63.36794],[21.58381,63.36396],[21.58096,63.36335]]],[[[21.57679,61.6358],[21.56821,61.63711],[21.58167,61.63885],[21.58326,61.6368],[21.57679,61.6358]]],[[[21.58272,60.42893],[21.57449,60.43217],[21.58176,60.4329],[21.58272,60.42893]]],[[[21.56662,60.277],[21.55222,60.27885],[21.54611,60.28297],[21.52601,60.28292],[21.52351,60.28831],[21.51812,60.28961],[21.52155,60.29394],[21.53186,60.29442],[21.52829,60.29674],[21.52936,60.29903],[21.53766,60.30194],[21.54377,60.29769],[21.55473,60.30545],[21.56452,60.30477],[21.57987,60.29805],[21.58227,60.28755],[21.5544,60.28588],[21.55742,60.28177],[21.56669,60.28045],[21.56662,60.277]]],[[[21.55724,60.0892],[21.55394,60.09062],[21.55735,60.0952],[21.56971,60.099],[21.57946,60.0996],[21.58128,60.09682],[21.57342,60.09131],[21.55724,60.0892]]],[[[21.57754,60.04868],[21.57295,60.04883],[21.57455,60.05266],[21.57965,60.05213],[21.57754,60.04868]]],[[[21.57554,60.08081],[21.57252,60.08376],[21.57918,60.0836],[21.57554,60.08081]]],[[[21.57773,60.43958],[21.57129,60.44165],[21.5711,60.44549],[21.57757,60.44521],[21.57773,60.43958]]],[[[21.51699,60.49535],[21.51501,60.50099],[21.52675,60.50504],[21.52192,60.51146],[21.52663,60.51451],[21.5236,60.51887],[21.53087,60.51833],[21.53857,60.51472],[21.54185,60.50856],[21.56172,60.50183],[21.56126,60.50985],[21.5518,60.51039],[21.55326,60.51428],[21.55066,60.51553],[21.55242,60.51927],[21.54917,60.52696],[21.56972,60.52241],[21.57744,60.51072],[21.56591,60.50411],[21.56609,60.50002],[21.55933,60.49902],[21.55849,60.49506],[21.54646,60.48935],[21.55788,60.49007],[21.55936,60.48533],[21.54742,60.48501],[21.53586,60.49119],[21.54086,60.49552],[21.51699,60.49535]]],[[[21.563,60.48596],[21.56127,60.49108],[21.56573,60.49413],[21.57148,60.49616],[21.57685,60.49229],[21.56975,60.4867],[21.563,60.48596]]],[[[21.57021,59.83118],[21.56567,59.83286],[21.57585,59.83461],[21.57021,59.83118]]],[[[21.57446,60.40069],[21.56438,60.4015],[21.55931,60.40741],[21.5684,60.40942],[21.57446,60.40069]]],[[[21.55891,60.30837],[21.56208,60.31259],[21.57239,60.31242],[21.55891,60.30837]]],[[[21.56424,59.98885],[21.56021,59.99233],[21.57195,59.99163],[21.56424,59.98885]]],[[[21.56704,60.33138],[21.55906,60.33243],[21.56866,60.33508],[21.57147,60.3334],[21.56704,60.33138]]],[[[21.56877,60.43079],[21.55486,60.43468],[21.54722,60.44226],[21.56965,60.43654],[21.56877,60.43079]]],[[[21.56193,60.36428],[21.55757,60.36596],[21.55942,60.36851],[21.56692,60.36874],[21.56739,60.36643],[21.56193,60.36428]]],[[[21.56033,60.27075],[21.55779,60.27384],[21.56605,60.2738],[21.56033,60.27075]]],[[[21.56209,60.31323],[21.54847,60.31636],[21.55031,60.31852],[21.5426,60.32022],[21.54319,60.32495],[21.55505,60.32401],[21.55654,60.32067],[21.56347,60.3186],[21.56209,60.31323]]],[[[21.56216,63.33503],[21.55598,63.33902],[21.56027,63.34041],[21.56216,63.33503]]],[[[21.55619,60.23968],[21.55341,60.24238],[21.55681,60.24569],[21.56085,60.24081],[21.55619,60.23968]]],[[[21.55159,60.05724],[21.54703,60.05994],[21.55879,60.05938],[21.55159,60.05724]]],[[[21.55606,60.04954],[21.54585,60.05112],[21.54949,60.05417],[21.55715,60.05325],[21.55606,60.04954]]],[[[21.55335,60.25389],[21.5426,60.25778],[21.5565,60.25746],[21.55335,60.25389]]],[[[21.5563,60.06349],[21.53431,60.06498],[21.54307,60.06866],[21.5563,60.06349]]],[[[21.5422,61.62596],[21.53554,61.62957],[21.54077,61.63556],[21.55412,61.63129],[21.55407,61.6286],[21.5422,61.62596]]],[[[21.554,61.23304],[21.53655,61.23593],[21.5403,61.2386],[21.554,61.23304]]],[[[21.55108,60.08808],[21.54471,60.09015],[21.55392,60.08985],[21.55108,60.08808]]],[[[21.54183,60.18011],[21.54085,60.18319],[21.55114,60.18391],[21.55366,60.18096],[21.54183,60.18011]]],[[[21.54695,60.24087],[21.5264,60.24301],[21.52904,60.24747],[21.52442,60.24851],[21.53225,60.25513],[21.5441,60.25521],[21.55223,60.24904],[21.54572,60.24445],[21.54695,60.24087]]],[[[21.55035,60.35128],[21.54494,60.35245],[21.54473,60.35526],[21.55041,60.35524],[21.55035,60.35128]]],[[[21.52804,60.08945],[21.52525,60.09074],[21.52994,60.09609],[21.54208,60.10168],[21.54951,60.10139],[21.54917,60.09678],[21.52804,60.08945]]],[[[21.53718,60.21007],[21.53779,60.21583],[21.54759,60.21758],[21.5475,60.21208],[21.53718,60.21007]]],[[[21.5441,63.13174],[21.54132,63.13457],[21.53619,63.13228],[21.51765,63.13875],[21.51504,63.15052],[21.51051,63.15054],[21.50703,63.14544],[21.49691,63.14892],[21.48891,63.14396],[21.483,63.14578],[21.48448,63.14986],[21.48174,63.15472],[21.47583,63.1568],[21.48097,63.15985],[21.4791,63.16625],[21.49121,63.16289],[21.50094,63.15288],[21.51061,63.15591],[21.53312,63.14994],[21.53864,63.14225],[21.53797,63.13688],[21.5467,63.13531],[21.5441,63.13174]]],[[[21.54098,60.03463],[21.53128,60.03569],[21.53087,60.04209],[21.54489,60.03948],[21.54002,60.03835],[21.54098,60.03463]]],[[[21.53867,60.08108],[21.53001,60.08419],[21.53466,60.08699],[21.54385,60.08503],[21.53867,60.08108]]],[[[21.53842,63.10004],[21.53056,63.10263],[21.54021,63.10528],[21.54155,63.10157],[21.53842,63.10004]]],[[[21.53905,60.26137],[21.52879,60.26372],[21.5391,60.26445],[21.53905,60.26137]]],[[[21.53598,60.23119],[21.49255,60.23417],[21.49907,60.24016],[21.51427,60.24126],[21.51721,60.24815],[21.50641,60.24845],[21.50593,60.251],[21.52401,60.25478],[21.51902,60.2484],[21.52884,60.23518],[21.53297,60.23555],[21.53598,60.23119]]],[[[21.52624,63.11339],[21.52037,63.11674],[21.52193,63.12518],[21.53571,63.12129],[21.52624,63.11339]]],[[[21.47336,61.64131],[21.4705,61.64797],[21.45334,61.65161],[21.44618,61.65906],[21.45033,61.66659],[21.43205,61.66806],[21.41518,61.67425],[21.41441,61.67707],[21.4314,61.67932],[21.43225,61.68213],[21.44881,61.67325],[21.4569,61.67412],[21.44904,61.66979],[21.46864,61.66717],[21.46831,61.66333],[21.47339,61.66101],[21.47329,61.65462],[21.4687,61.6531],[21.46943,61.64849],[21.48657,61.64331],[21.51477,61.64116],[21.51657,61.63655],[21.53451,61.63137],[21.53441,61.62625],[21.51427,61.62761],[21.51013,61.626],[21.51447,61.62352],[21.5101,61.61892],[21.50176,61.61819],[21.49107,61.62219],[21.4679,61.61818],[21.44702,61.62388],[21.44598,61.62644],[21.45298,61.62705],[21.47878,61.62645],[21.46654,61.6352],[21.47412,61.63836],[21.47336,61.64131]]],[[[21.52393,61.65814],[21.51537,61.66086],[21.51704,61.66469],[21.53426,61.66437],[21.52393,61.65814]]],[[[21.52411,60.16457],[21.52262,60.16727],[21.53187,60.16761],[21.53233,60.16467],[21.52411,60.16457]]],[[[21.53158,60.4358],[21.52576,60.44389],[21.52763,60.44746],[21.53149,60.44641],[21.52886,60.44387],[21.53193,60.4413],[21.53158,60.4358]]],[[[21.52309,63.12683],[21.50533,63.12933],[21.50042,63.13958],[21.51429,63.14004],[21.5319,63.12923],[21.52309,63.12683]]],[[[21.53041,60.17287],[21.52172,60.17546],[21.52945,60.17684],[21.53041,60.17287]]],[[[21.52517,60.03789],[21.52135,60.0388],[21.52167,60.04251],[21.52781,60.04236],[21.52931,60.04032],[21.52517,60.03789]]],[[[21.51716,61.38172],[21.51515,61.38889],[21.50714,61.38815],[21.50915,61.39735],[21.52294,61.39244],[21.52765,61.38704],[21.51716,61.38172]]],[[[21.51968,60.27399],[21.51791,60.27579],[21.52437,60.27743],[21.5269,60.27459],[21.51968,60.27399]]],[[[21.52073,60.17764],[21.51251,60.17805],[21.51204,60.18087],[21.51876,60.18302],[21.52513,60.1798],[21.52073,60.17764]]],[[[21.5175,60.16857],[21.51653,60.1719],[21.52168,60.17316],[21.5242,60.16982],[21.5175,60.16857]]],[[[21.52343,60.44441],[21.51319,60.45161],[21.52302,60.45094],[21.52343,60.44441]]],[[[21.52098,60.54959],[21.51479,60.55268],[21.5226,60.55342],[21.52098,60.54959]]],[[[21.51282,59.80135],[21.51693,59.8044],[21.52249,59.80259],[21.51282,59.80135]]],[[[21.50513,60.56628],[21.49734,60.5667],[21.49379,60.57285],[21.49797,60.57399],[21.52207,60.56903],[21.50513,60.56628]]],[[[21.51622,60.51186],[21.51131,60.51355],[21.51264,60.51533],[21.52094,60.5153],[21.51622,60.51186]]],[[[21.52092,60.0278],[21.51689,60.03115],[21.50922,60.03144],[21.50826,60.03604],[21.51951,60.03523],[21.51691,60.03268],[21.52092,60.0278]]],[[[21.52083,60.2168],[21.51108,60.21798],[21.50497,60.22248],[21.5133,60.22834],[21.51946,60.22793],[21.52083,60.2168]]],[[[21.50806,60.48797],[21.50288,60.48811],[21.5006,60.49209],[21.50711,60.49373],[21.52053,60.48971],[21.51567,60.48687],[21.50806,60.48797]]],[[[21.51846,60.35998],[21.5118,60.3632],[21.51903,60.36305],[21.51846,60.35998]]],[[[21.51504,60.30651],[21.50585,60.31243],[21.51206,60.31394],[21.51638,60.31009],[21.51504,60.30651]]],[[[21.51244,60.50241],[21.50885,60.50562],[21.51583,60.50406],[21.51244,60.50241]]],[[[21.51335,63.21525],[21.50785,63.22447],[21.51488,63.22163],[21.51335,63.21525]]],[[[21.50563,60.16503],[21.50725,60.16963],[21.51261,60.16782],[21.50563,60.16503]]],[[[21.50796,61.34043],[21.47717,61.34694],[21.46381,61.34442],[21.46552,61.35171],[21.47706,61.35201],[21.47676,61.35525],[21.46399,61.35683],[21.46456,61.35913],[21.49911,61.35415],[21.49749,61.35185],[21.50064,61.34877],[21.51229,61.34451],[21.50796,61.34043]]],[[[21.51213,60.18637],[21.50237,60.18667],[21.50137,60.18885],[21.51213,60.18637]]],[[[21.50252,61.66539],[21.49129,61.66965],[21.48973,61.67324],[21.50044,61.66962],[21.51177,61.67137],[21.5117,61.66702],[21.50252,61.66539]]],[[[21.50706,60.39099],[21.50146,60.39638],[21.51041,60.39524],[21.5107,60.39226],[21.50706,60.39099]]],[[[21.47774,60.15413],[21.47159,60.15466],[21.47423,60.15875],[21.46376,60.16364],[21.46356,60.16723],[21.4772,60.16974],[21.4812,60.18073],[21.49001,60.18466],[21.50595,60.18537],[21.51027,60.18267],[21.50783,60.17449],[21.49935,60.17428],[21.49799,60.16864],[21.50411,60.16631],[21.48151,60.16589],[21.48272,60.16076],[21.49324,60.16047],[21.47774,60.15413]]],[[[21.50414,60.4693],[21.50263,60.47212],[21.5099,60.47235],[21.50414,60.4693]]],[[[21.50981,63.11075],[21.49405,63.11376],[21.49555,63.11887],[21.49306,63.12221],[21.50943,63.12113],[21.50624,63.11653],[21.50981,63.11075]]],[[[21.50536,60.48145],[21.49973,60.48595],[21.50701,60.48695],[21.50929,60.48412],[21.50536,60.48145]]],[[[21.50359,63.1755],[21.50136,63.17743],[21.50705,63.17895],[21.50926,63.17612],[21.50359,63.1755]]],[[[21.50312,63.21375],[21.50152,63.21912],[21.5083,63.21731],[21.50312,63.21375]]],[[[21.46443,60.11988],[21.46706,60.12447],[21.48465,60.13465],[21.48832,60.14053],[21.5083,60.1384],[21.49902,60.13524],[21.49171,60.12644],[21.46443,60.11988]]],[[[21.5046,61.39609],[21.48521,61.40205],[21.48287,61.40589],[21.50315,61.40569],[21.5079,61.40235],[21.5033,61.39865],[21.5046,61.39609]]],[[[21.49816,63.12257],[21.49253,63.12387],[21.49435,63.13116],[21.50784,63.12702],[21.49816,63.12257]]],[[[21.49774,61.70263],[21.48706,61.70881],[21.49195,61.7116],[21.50748,61.7049],[21.49535,61.70469],[21.49774,61.70263]]],[[[21.49503,60.14267],[21.50336,60.15096],[21.50668,60.14993],[21.49503,60.14267]]],[[[21.49188,60.03482],[21.49401,60.0407],[21.48788,60.04136],[21.49409,60.04608],[21.50536,60.04693],[21.50123,60.04426],[21.50139,60.03811],[21.49188,60.03482]]],[[[21.497,61.28763],[21.49285,61.29379],[21.46682,61.29631],[21.46635,61.30092],[21.49401,61.29993],[21.49393,61.29481],[21.50397,61.29119],[21.5042,61.28863],[21.497,61.28763]]],[[[21.49458,60.14741],[21.48055,60.15284],[21.50093,60.15967],[21.50347,60.15787],[21.49458,60.14741]]],[[[21.49374,60.22814],[21.4899,60.22958],[21.49122,60.23175],[21.50124,60.23056],[21.49374,60.22814]]],[[[21.49588,61.38487],[21.47197,61.39109],[21.46038,61.402],[21.4415,61.40552],[21.44875,61.40857],[21.48643,61.39461],[21.49978,61.39509],[21.49588,61.38487]]],[[[21.50088,60.02148],[21.49375,60.02317],[21.49736,60.02508],[21.50088,60.02148]]],[[[21.48642,60.28985],[21.4653,60.29044],[21.46173,60.2934],[21.47625,60.29923],[21.47826,60.29539],[21.48862,60.29868],[21.49582,60.29763],[21.49911,60.29377],[21.48642,60.28985]]],[[[21.49722,60.42391],[21.49183,60.42662],[21.49783,60.42966],[21.49722,60.42391]]],[[[21.4941,59.94384],[21.49375,59.95446],[21.49887,59.95546],[21.4941,59.94384]]],[[[21.49759,60.48161],[21.49086,60.48215],[21.49403,60.48559],[21.49759,60.48161]]],[[[21.4929,60.37722],[21.49087,60.3803],[21.49761,60.38155],[21.4929,60.37722]]],[[[21.47401,60.35835],[21.47067,60.35964],[21.47156,60.36705],[21.4775,60.36704],[21.48274,60.37188],[21.47656,60.37344],[21.47535,60.37946],[21.46736,60.38064],[21.46692,60.38602],[21.47601,60.38893],[21.49662,60.38437],[21.48649,60.38083],[21.49227,60.37095],[21.48346,60.36856],[21.47401,60.35835]]],[[[21.48395,60.26171],[21.47219,60.26687],[21.4856,60.269],[21.48462,60.27246],[21.49337,60.27153],[21.49016,60.26387],[21.48395,60.26171]]],[[[21.4909,60.27883],[21.48527,60.28167],[21.49301,60.28126],[21.4909,60.27883]]],[[[21.48843,61.6932],[21.48713,61.69653],[21.49279,61.69612],[21.48843,61.6932]]],[[[21.48903,60.42995],[21.48546,60.43355],[21.49244,60.43275],[21.48903,60.42995]]],[[[21.48379,60.25135],[21.4694,60.2532],[21.46866,60.2555],[21.49163,60.259],[21.4836,60.2557],[21.48379,60.25135]]],[[[21.49129,60.20181],[21.47794,60.20275],[21.48413,60.20439],[21.49129,60.20181]]],[[[21.4848,60.21488],[21.4795,60.22194],[21.48858,60.22702],[21.49054,60.22036],[21.4848,60.21488]]],[[[21.4861,61.40742],[21.48158,61.40922],[21.48777,61.41125],[21.48931,61.40804],[21.4861,61.40742]]],[[[21.48442,63.21381],[21.48391,63.21739],[21.48931,63.2184],[21.48925,63.21456],[21.48442,63.21381]]],[[[21.48376,63.10651],[21.45725,63.10864],[21.46916,63.11129],[21.4698,63.11615],[21.46253,63.12052],[21.47196,63.12212],[21.47207,63.13456],[21.48421,63.13349],[21.48129,63.12762],[21.48802,63.12478],[21.48909,63.12133],[21.46988,63.12126],[21.46872,63.11896],[21.48055,63.11713],[21.48442,63.11175],[21.48376,63.10651]]],[[[21.47023,60.131],[21.45438,60.13476],[21.45778,60.13987],[21.45445,60.14039],[21.45183,60.13643],[21.447,60.13888],[21.45759,60.14435],[21.47245,60.14314],[21.46761,60.14546],[21.48355,60.1472],[21.48476,60.1422],[21.47023,60.131]]],[[[21.48225,61.33093],[21.47911,61.33478],[21.48496,61.33424],[21.48225,61.33093]]],[[[21.47768,60.00788],[21.47931,60.01465],[21.48315,60.01541],[21.48232,60.01055],[21.47768,60.00788]]],[[[21.46001,60.2444],[21.4642,60.24937],[21.48273,60.24905],[21.47881,60.24497],[21.46001,60.2444]]],[[[21.47215,60.30078],[21.46701,60.30234],[21.46785,60.30694],[21.48054,60.31048],[21.48226,60.30458],[21.47215,60.30078]]],[[[21.47637,63.13761],[21.4696,63.13891],[21.46967,63.14301],[21.47432,63.15092],[21.4796,63.15107],[21.48236,63.14117],[21.47637,63.13761]]],[[[21.47751,60.35015],[21.47365,60.35093],[21.47395,60.354],[21.47809,60.35424],[21.47751,60.35015]]],[[[21.476,61.41027],[21.46593,61.41542],[21.47342,61.41616],[21.476,61.41027]]],[[[21.39601,60.20916],[21.40402,60.21234],[21.39992,60.2135],[21.40665,60.21757],[21.40834,60.22883],[21.41539,60.237],[21.43426,60.24359],[21.44611,60.24381],[21.44736,60.2415],[21.4264,60.23299],[21.46917,60.23707],[21.46862,60.23464],[21.45676,60.23238],[21.47419,60.22835],[21.4603,60.22802],[21.4556,60.22356],[21.46382,60.22251],[21.46635,60.21917],[21.46213,60.21291],[21.44982,60.21424],[21.39601,60.20916]]],[[[21.46255,60.02252],[21.45822,60.02394],[21.45883,60.0311],[21.4702,60.03371],[21.47337,60.02824],[21.46255,60.02252]]],[[[21.46603,62.98685],[21.44196,62.99397],[21.44144,62.99678],[21.44657,63.00098],[21.4651,62.99901],[21.4729,62.99413],[21.46603,62.98685]]],[[[21.46337,60.19065],[21.45953,60.1913],[21.46347,60.19768],[21.47222,60.19868],[21.47113,60.19407],[21.46337,60.19065]]],[[[21.47209,61.43433],[21.45984,61.43706],[21.462,61.43872],[21.47209,61.43433]]],[[[21.47015,60.26829],[21.46654,60.26906],[21.46558,60.27419],[21.46919,60.2743],[21.47015,60.26829]]],[[[21.46895,60.18551],[21.46384,60.18757],[21.47156,60.18831],[21.46895,60.18551]]],[[[21.46595,60.33612],[21.45615,60.33691],[21.45621,60.34127],[21.47069,60.3425],[21.46595,60.33612]]],[[[21.29472,60.21847],[21.31517,60.22421],[21.31782,60.23267],[21.35898,60.23166],[21.38422,60.23428],[21.38366,60.22993],[21.33679,60.2257],[21.35941,60.22411],[21.37745,60.22675],[21.37895,60.22303],[21.40265,60.22603],[21.3954,60.22248],[21.39716,60.21888],[21.38963,60.21264],[21.37006,60.21077],[21.3701,60.21397],[21.35617,60.20965],[21.38084,60.20921],[21.38129,60.20358],[21.405,60.20824],[21.42608,60.2083],[21.43069,60.20572],[21.43227,60.20918],[21.43944,60.20723],[21.46983,60.21071],[21.46871,60.20483],[21.45967,60.2018],[21.45728,60.19617],[21.45106,60.19235],[21.43608,60.1869],[21.43406,60.18959],[21.42066,60.18631],[21.4371,60.18536],[21.4283,60.1813],[21.41035,60.18353],[21.40541,60.17894],[21.3964,60.17756],[21.38979,60.18308],[21.39804,60.1851],[21.39422,60.18818],[21.38774,60.18308],[21.36608,60.17598],[21.36097,60.17855],[21.36026,60.18419],[21.36313,60.1875],[21.32766,60.18708],[21.32872,60.19028],[21.31178,60.19186],[21.31492,60.19838],[21.34164,60.19741],[21.33777,60.20413],[21.33448,60.20114],[21.32059,60.19951],[21.32268,60.20295],[21.30055,60.20084],[21.28031,60.20843],[21.28733,60.21725],[21.27778,60.21381],[21.26664,60.20309],[21.25944,60.20361],[21.25026,60.21233],[21.25902,60.21334],[21.25853,60.21782],[21.25339,60.21872],[21.25187,60.22308],[21.25911,60.22575],[21.25759,60.22845],[21.27298,60.22304],[21.27585,60.22866],[21.29048,60.22428],[21.29205,60.22785],[21.29694,60.22836],[21.30155,60.22528],[21.29472,60.21847]]],[[[21.44005,60.25265],[21.44299,60.26071],[21.44739,60.26223],[21.45665,60.26143],[21.45764,60.25899],[21.4695,60.25959],[21.46893,60.25601],[21.46015,60.25387],[21.44005,60.25265]]],[[[21.46332,60.29646],[21.46182,60.29967],[21.46801,60.29977],[21.46332,60.29646]]],[[[21.46755,60.08661],[21.4604,60.08842],[21.46043,60.09072],[21.46454,60.09173],[21.46755,60.08661]]],[[[21.4614,59.90314],[21.45661,59.90622],[21.45491,59.91263],[21.46712,59.91182],[21.4614,59.90314]]],[[[21.45985,60.30658],[21.45523,60.30749],[21.46148,60.31245],[21.4656,60.31181],[21.46606,60.30746],[21.45985,60.30658]]],[[[21.45947,63.07039],[21.45563,63.07706],[21.45764,63.07961],[21.4495,63.08168],[21.45752,63.08984],[21.46522,63.07703],[21.4604,63.07525],[21.45947,63.07039]]],[[[21.4594,60.38451],[21.45947,60.38937],[21.46514,60.38807],[21.4594,60.38451]]],[[[21.45852,60.39513],[21.46064,60.39922],[21.465,60.39651],[21.45852,60.39513]]],[[[21.45334,63.11133],[21.44771,63.11264],[21.45339,63.11531],[21.46414,63.11565],[21.46409,63.11233],[21.45334,63.11133]]],[[[21.46336,60.26281],[21.45231,60.26451],[21.44978,60.26785],[21.45368,60.27078],[21.45856,60.26961],[21.46336,60.26281]]],[[[21.46213,61.88031],[21.44706,61.88701],[21.45685,61.88928],[21.46213,61.88031]]],[[[21.46028,61.14],[21.45076,61.14054],[21.45291,61.14297],[21.46028,61.14]]],[[[21.459,61.1432],[21.43813,61.14557],[21.43816,61.14813],[21.45192,61.14758],[21.459,61.1432]]],[[[21.45474,61.6007],[21.45266,61.60505],[21.42778,61.61231],[21.40519,61.6308],[21.40035,61.63106],[21.39922,61.62697],[21.39491,61.62621],[21.38313,61.62995],[21.38645,61.63698],[21.40692,61.64037],[21.42141,61.63803],[21.43262,61.63173],[21.4439,61.63118],[21.44358,61.6276],[21.424,61.6306],[21.42229,61.62331],[21.45569,61.61016],[21.45474,61.6007]]],[[[21.44781,63.04562],[21.44672,63.04767],[21.45434,63.04867],[21.45402,63.0461],[21.44781,63.04562]]],[[[21.39286,60.26764],[21.38256,60.26793],[21.38696,60.27035],[21.37438,60.2732],[21.38164,60.27779],[21.37831,60.27908],[21.37963,60.28214],[21.38995,60.28339],[21.39257,60.28684],[21.41679,60.28613],[21.4217,60.28713],[21.42098,60.29123],[21.42769,60.29249],[21.43074,60.28864],[21.4395,60.28836],[21.44418,60.29154],[21.45232,60.28371],[21.44716,60.28321],[21.44724,60.27066],[21.39286,60.26764]]],[[[21.44668,63.1927],[21.43377,63.20042],[21.44627,63.20217],[21.44989,63.19883],[21.44668,63.1927]]],[[[21.44484,61.77112],[21.44489,61.77496],[21.44975,61.77469],[21.44484,61.77112]]],[[[21.43128,61.53528],[21.43514,61.54345],[21.44963,61.54417],[21.44875,61.53931],[21.43536,61.53961],[21.43128,61.53528]]],[[[21.43841,63.13275],[21.4328,63.13508],[21.44922,63.13693],[21.44464,63.13298],[21.43841,63.13275]]],[[[21.44463,61.15656],[21.43223,61.15941],[21.44205,61.16015],[21.44573,61.15886],[21.44463,61.15656]]],[[[21.43805,61.63529],[21.43268,61.63607],[21.43166,61.64004],[21.44509,61.63885],[21.43805,61.63529]]],[[[21.44303,61.11741],[21.44254,61.12023],[21.43302,61.12001],[21.43252,61.12295],[21.44414,61.12176],[21.44303,61.11741]]],[[[21.43448,60.25958],[21.4283,60.25999],[21.42833,60.26242],[21.43147,60.26587],[21.44127,60.26711],[21.44303,60.26352],[21.43448,60.25958]]],[[[21.42804,60.39792],[21.41515,60.40077],[21.4148,60.4137],[21.407,60.41116],[21.40394,60.41463],[21.41335,60.42253],[21.42033,60.42148],[21.42194,60.42711],[21.42533,60.42787],[21.42933,60.41711],[21.44198,60.41502],[21.43846,60.40326],[21.42807,60.40022],[21.42804,60.39792]]],[[[21.43792,61.35973],[21.41949,61.37641],[21.43813,61.37457],[21.44182,61.37149],[21.44143,61.36279],[21.43792,61.35973]]],[[[21.34301,62.9991],[21.33938,63.00192],[21.3403,63.00768],[21.33262,63.00824],[21.32563,63.00426],[21.3318,63.00322],[21.33008,63.00028],[21.3214,63.00427],[21.32402,63.01168],[21.33192,63.01345],[21.35776,63.00878],[21.37735,63.0008],[21.38048,63.00335],[21.36343,63.01235],[21.37947,63.01256],[21.36968,63.01719],[21.38939,63.0174],[21.41801,63.01067],[21.41599,63.0076],[21.42041,63.00171],[21.42002,62.99429],[21.4402,62.98911],[21.43959,62.98643],[21.41151,62.98869],[21.38573,62.99592],[21.38087,62.98979],[21.37412,62.99007],[21.35117,62.99908],[21.34241,62.99578],[21.33737,62.99783],[21.34301,62.9991]]],[[[21.42926,61.69954],[21.41797,61.70162],[21.42124,61.70429],[21.43525,61.70412],[21.43899,61.7013],[21.42926,61.69954]]],[[[21.42103,60.17518],[21.41901,60.17787],[21.43755,60.18139],[21.42103,60.17518]]],[[[21.43461,60.34761],[21.41759,60.34933],[21.42021,60.35201],[21.43723,60.3508],[21.43461,60.34761]]],[[[21.42734,60.30426],[21.4261,60.30887],[21.43102,60.30988],[21.42491,60.31604],[21.42904,60.31654],[21.43672,60.31191],[21.43667,60.30807],[21.43073,60.30808],[21.42734,60.30426]]],[[[21.43137,60.33662],[21.3963,60.33942],[21.41391,60.34397],[21.43402,60.34198],[21.43658,60.34057],[21.43137,60.33662]]],[[[21.43334,61.37561],[21.41908,61.38538],[21.43399,61.38405],[21.43334,61.37561]]],[[[21.43369,60.04398],[21.42348,60.04581],[21.43015,60.04732],[21.43369,60.04398]]],[[[21.43197,59.83388],[21.42336,59.83673],[21.43251,59.83644],[21.43197,59.83388]]],[[[21.42203,61.64366],[21.4145,61.64418],[21.41455,61.6474],[21.40093,61.6551],[21.409,61.65508],[21.41244,61.65046],[21.43066,61.6458],[21.42203,61.64366]]],[[[21.42085,63.09098],[21.41865,63.09456],[21.42936,63.09364],[21.42085,63.09098]]],[[[21.42848,60.61011],[21.42198,60.60841],[21.40485,60.61255],[21.39867,60.61808],[21.42442,60.61658],[21.42848,60.61011]]],[[[21.35577,62.93819],[21.34989,62.93897],[21.3488,62.94179],[21.37543,62.95409],[21.37905,62.95808],[21.37376,62.96168],[21.38255,62.9683],[21.39182,62.96776],[21.39383,62.97082],[21.40112,62.9703],[21.4039,62.96671],[21.41289,62.96694],[21.41276,62.97197],[21.42759,62.97303],[21.42698,62.96971],[21.41964,62.9673],[21.42831,62.96485],[21.42343,62.95744],[21.406,62.9566],[21.40503,62.954],[21.41324,62.95236],[21.39805,62.95035],[21.41066,62.94878],[21.40697,62.94534],[21.40918,62.9429],[21.41817,62.94339],[21.41588,62.93994],[21.41855,62.93085],[21.4011,62.92707],[21.403,62.9222],[21.39338,62.91686],[21.39531,62.91301],[21.39302,62.91072],[21.38634,62.91445],[21.38816,62.92557],[21.38368,62.92584],[21.3843,62.93018],[21.3691,62.92613],[21.36523,62.93087],[21.35236,62.93462],[21.35184,62.9382],[21.35577,62.93819]]],[[[21.4255,61.38715],[21.41514,61.39051],[21.41757,61.39293],[21.42822,61.39097],[21.4255,61.38715]]],[[[21.42128,61.23224],[21.40751,61.23407],[21.42133,61.23569],[21.42766,61.2326],[21.42128,61.23224]]],[[[21.35601,60.24254],[21.35964,60.24484],[21.40081,60.24395],[21.40962,60.2484],[21.40552,60.25008],[21.41429,60.25133],[21.40141,60.25137],[21.39673,60.24742],[21.37511,60.24748],[21.35408,60.25458],[21.35001,60.26022],[21.35623,60.26327],[21.36396,60.26299],[21.37059,60.25747],[21.37421,60.25888],[21.37169,60.26361],[21.42088,60.2641],[21.42637,60.25001],[21.42658,60.24669],[21.39199,60.23796],[21.37298,60.24097],[21.34564,60.23553],[21.323,60.23533],[21.31634,60.23868],[21.3122,60.23638],[21.30065,60.23935],[21.2999,60.24243],[21.31586,60.24277],[21.31796,60.24622],[21.30614,60.24906],[21.32571,60.24991],[21.3283,60.25131],[21.32627,60.25388],[21.3561,60.25099],[21.35376,60.24895],[21.35601,60.24254]]],[[[21.42263,61.21368],[21.40783,61.21795],[21.40575,61.22167],[21.41426,61.22267],[21.42263,61.21368]]],[[[21.4219,60.32308],[21.40543,60.32608],[21.40752,60.32812],[21.42091,60.32578],[21.4219,60.32308]]],[[[21.41688,63.08933],[21.41016,63.09254],[21.41413,63.09471],[21.41944,63.09125],[21.41688,63.08933]]],[[[21.36768,60.41076],[21.35606,60.41272],[21.35378,60.41758],[21.3678,60.42151],[21.36864,60.42727],[21.37878,60.43133],[21.37524,60.43876],[21.39339,60.4405],[21.39541,60.4364],[21.3917,60.42899],[21.40002,60.4323],[21.40478,60.44047],[21.41848,60.43889],[21.41762,60.43224],[21.41322,60.43149],[21.41524,60.42841],[21.41286,60.42407],[21.3984,60.4268],[21.38532,60.41494],[21.36768,60.41076]]],[[[21.41584,61.06044],[21.40295,61.06432],[21.41223,61.06736],[21.41584,61.06044]]],[[[21.40282,60.36614],[21.39664,60.36743],[21.38898,60.37526],[21.3653,60.38429],[21.36612,60.38735],[21.35359,60.39993],[21.3728,60.40666],[21.38724,60.4029],[21.3877,60.39804],[21.39446,60.40085],[21.41427,60.39259],[21.41397,60.38978],[21.40879,60.38838],[21.40183,60.39058],[21.40152,60.38623],[21.40919,60.3793],[21.40282,60.36614]]],[[[21.41063,60.32965],[21.38747,60.33471],[21.41377,60.33322],[21.41063,60.32965]]],[[[21.399,60.34926],[21.41094,60.35395],[21.41297,60.35139],[21.399,60.34926]]],[[[21.40576,60.10332],[21.40068,60.10755],[21.39504,60.10706],[21.39509,60.11065],[21.41227,60.11161],[21.40576,60.10332]]],[[[21.3952,63.15513],[21.38282,63.1604],[21.38238,63.16962],[21.38693,63.17165],[21.38759,63.17779],[21.4,63.17519],[21.39838,63.18083],[21.40828,63.1808],[21.40906,63.17542],[21.39196,63.16665],[21.40894,63.16724],[21.40719,63.16341],[21.41165,63.15867],[21.3952,63.15513]]],[[[21.40958,61.39385],[21.39522,61.39748],[21.39314,61.40158],[21.40806,61.39936],[21.40958,61.39385]]],[[[21.39692,60.64495],[21.39067,60.64497],[21.38969,60.65009],[21.40013,60.6521],[21.40896,60.64901],[21.39695,60.64751],[21.39692,60.64495]]],[[[21.40007,62.97465],[21.38268,62.97751],[21.38104,62.98033],[21.40771,62.97846],[21.40007,62.97465]]],[[[21.40056,60.13954],[21.3903,60.1397],[21.39343,60.14404],[21.40217,60.14478],[21.40652,60.14312],[21.40056,60.13954]]],[[[21.40155,63.1239],[21.39535,63.12507],[21.40642,63.12862],[21.40155,63.1239]]],[[[21.40441,60.61883],[21.39504,60.61937],[21.39406,60.62423],[21.39927,60.62396],[21.40441,60.61883]]],[[[21.39628,62.90278],[21.39521,62.90636],[21.40361,62.90532],[21.39628,62.90278]]],[[[21.39487,63.29645],[21.39552,63.30361],[21.40008,63.30424],[21.40344,63.30052],[21.40169,63.29707],[21.39487,63.29645]]],[[[21.39203,63.04604],[21.38701,63.04925],[21.36389,63.04893],[21.3645,63.05302],[21.35915,63.0538],[21.35545,63.05048],[21.35069,63.05305],[21.36915,63.06375],[21.38044,63.06526],[21.37388,63.05939],[21.38544,63.05961],[21.40056,63.05215],[21.39203,63.04604]]],[[[21.39413,61.6912],[21.39094,61.69377],[21.39471,61.69542],[21.39954,61.69323],[21.39413,61.6912]]],[[[21.386,61.25499],[21.37884,61.2573],[21.3818,61.25922],[21.39879,61.25815],[21.386,61.25499]]],[[[21.39772,61.13201],[21.39085,61.13241],[21.39088,61.13523],[21.39671,61.13547],[21.39772,61.13201]]],[[[21.39546,60.44075],[21.38617,60.44347],[21.367,60.44275],[21.37377,60.44606],[21.3932,60.44612],[21.3968,60.44433],[21.39546,60.44075]]],[[[21.39568,62.98285],[21.39066,62.98619],[21.39629,62.98643],[21.39568,62.98285]]],[[[21.38526,63.08826],[21.39269,63.09451],[21.37687,63.09417],[21.36976,63.09035],[21.37181,63.09572],[21.39274,63.09924],[21.39607,63.09501],[21.39376,63.0908],[21.38526,63.08826]]],[[[21.39606,60.78722],[21.38146,60.79251],[21.39141,60.7921],[21.39606,60.78722]]],[[[21.38869,59.78514],[21.38516,59.78643],[21.38521,59.79104],[21.39356,59.78922],[21.38869,59.78514]]],[[[21.39056,63.14708],[21.38664,63.14991],[21.39287,63.15066],[21.39056,63.14708]]],[[[21.39202,60.45612],[21.38219,60.45794],[21.38897,60.46124],[21.39202,60.45612]]],[[[21.38541,61.1634],[21.38171,61.16442],[21.38175,61.16775],[21.39179,61.16593],[21.38541,61.1634]]],[[[21.38986,60.62168],[21.37821,60.62684],[21.37825,60.63093],[21.3746,60.63043],[21.36661,60.63813],[21.37653,60.63963],[21.38138,60.63118],[21.3889,60.62783],[21.38986,60.62168]]],[[[21.38834,60.97058],[21.38439,60.97098],[21.38159,60.97841],[21.38893,60.97583],[21.38834,60.97058]]],[[[21.3861,60.78636],[21.38035,60.78637],[21.38195,60.78931],[21.3877,60.78853],[21.3861,60.78636]]],[[[21.38505,60.61133],[21.37833,60.61506],[21.3872,60.61657],[21.38505,60.61133]]],[[[21.38635,63.04299],[21.37794,63.04582],[21.38753,63.04682],[21.38635,63.04299]]],[[[21.38043,59.77288],[21.37894,59.77544],[21.38706,59.77593],[21.38043,59.77288]]],[[[21.38222,60.10633],[21.37712,60.10865],[21.38431,60.10939],[21.38222,60.10633]]],[[[21.37808,60.46051],[21.37607,60.46525],[21.38383,60.46432],[21.37808,60.46051]]],[[[21.36867,62.98113],[21.3544,62.98705],[21.35445,62.99114],[21.36541,62.99073],[21.38361,62.98442],[21.37824,62.98226],[21.35976,62.98832],[21.36867,62.98113]]],[[[21.36878,59.77445],[21.36731,59.7797],[21.3577,59.78267],[21.36584,59.78444],[21.38331,59.78029],[21.38302,59.77722],[21.36878,59.77445]]],[[[21.38324,61.42079],[21.37525,61.42312],[21.37369,61.4267],[21.38117,61.4272],[21.38324,61.42079]]],[[[21.37906,59.78657],[21.36542,59.79211],[21.37889,59.79361],[21.38242,59.7913],[21.37906,59.78657]]],[[[21.37769,61.40316],[21.36601,61.40869],[21.35694,61.4091],[21.35113,61.41461],[21.38203,61.40928],[21.38144,61.40468],[21.37769,61.40316]]],[[[21.37542,63.28781],[21.37176,63.29063],[21.3766,63.29164],[21.3811,63.28805],[21.37542,63.28781]]],[[[21.36139,60.45019],[21.35937,60.45518],[21.3713,60.45618],[21.37287,60.45873],[21.3791,60.45846],[21.38086,60.4541],[21.36139,60.45019]]],[[[21.3754,61.65774],[21.37786,61.6608],[21.37442,61.66567],[21.379,61.66591],[21.38056,61.6613],[21.3754,61.65774]]],[[[21.37995,60.30927],[21.37583,60.30979],[21.37534,60.31286],[21.38051,60.31363],[21.37995,60.30927]]],[[[21.36949,60.06849],[21.36674,60.07438],[21.35728,60.07518],[21.35785,60.08081],[21.38008,60.07639],[21.36949,60.06849]]],[[[21.3767,62.90616],[21.37035,62.90754],[21.37342,62.91333],[21.37959,62.91332],[21.3798,62.90743],[21.3767,62.90616]]],[[[21.36789,62.96386],[21.35894,62.9676],[21.35902,62.97373],[21.37925,62.97343],[21.37864,62.96985],[21.36789,62.96386]]],[[[21.37804,62.22414],[21.36654,62.22521],[21.36884,62.23454],[21.37804,62.22414]]],[[[21.37509,61.67641],[21.36382,61.679],[21.36228,61.68617],[21.36875,61.68615],[21.37649,61.6805],[21.37806,61.67692],[21.37509,61.67641]]],[[[21.37529,60.17263],[21.37225,60.17673],[21.37738,60.17645],[21.37529,60.17263]]],[[[21.37379,63.16209],[21.36738,63.17017],[21.37053,63.17233],[21.37561,63.17168],[21.37724,63.16681],[21.37379,63.16209]]],[[[21.37712,60.77909],[21.36622,60.7868],[21.37147,60.78781],[21.37691,60.78318],[21.37712,60.77909]]],[[[21.36699,60.34986],[21.36966,60.3574],[21.37609,60.3556],[21.36699,60.34986]]],[[[21.37381,60.80916],[21.36815,60.818],[21.3757,60.81415],[21.37381,60.80916]]],[[[21.37139,61.14245],[21.36771,61.14502],[21.37566,61.14589],[21.37139,61.14245]]],[[[21.36876,60.64349],[21.36828,60.64682],[21.37401,60.64681],[21.37554,60.64399],[21.36876,60.64349]]],[[[21.37083,60.32503],[21.36053,60.32634],[21.36986,60.32938],[21.37524,60.32668],[21.37083,60.32503]]],[[[21.37514,60.65422],[21.36321,60.65937],[21.36998,60.65936],[21.36995,60.65654],[21.37514,60.65422]]],[[[21.37206,60.43238],[21.36615,60.43623],[21.3711,60.43903],[21.37441,60.43442],[21.37206,60.43238]]],[[[21.36013,63.10956],[21.37262,63.1149],[21.37258,63.11183],[21.36013,63.10956]]],[[[21.36706,61.1335],[21.36178,61.13531],[21.36077,61.13965],[21.36712,61.13939],[21.37183,61.13452],[21.36706,61.1335]]],[[[21.36329,62.95569],[21.35606,62.96147],[21.37181,62.96347],[21.37176,62.95887],[21.36699,62.95939],[21.36329,62.95569]]],[[[21.37174,60.26771],[21.3635,60.26786],[21.36455,60.27016],[21.37176,60.26988],[21.37174,60.26771]]],[[[21.37147,61.41929],[21.36026,61.41996],[21.35284,61.42471],[21.35768,61.42713],[21.36486,61.4252],[21.37147,61.41929]]],[[[21.37109,61.11686],[21.36134,61.11996],[21.36717,61.12097],[21.37109,61.11686]]],[[[21.36881,60.64797],[21.35092,60.65634],[21.35956,60.65964],[21.35952,60.65555],[21.36628,60.65476],[21.36881,60.64797]]],[[[21.36333,60.80907],[21.35945,60.81368],[21.36158,60.81649],[21.36655,60.81545],[21.36962,60.80957],[21.36333,60.80907]]],[[[21.36517,61.61133],[21.36415,61.61581],[21.36871,61.61528],[21.36517,61.61133]]],[[[21.35529,61.26403],[21.3495,61.2689],[21.36809,61.26783],[21.35529,61.26403]]],[[[21.34373,61.47028],[21.34163,61.47438],[21.33417,61.47644],[21.346,61.48204],[21.34603,61.48461],[21.35833,61.48406],[21.3671,61.47917],[21.36302,61.4733],[21.34373,61.47028]]],[[[21.35693,60.4218],[21.35125,60.42296],[21.35129,60.42693],[21.34743,60.42835],[21.34877,60.43308],[21.36638,60.43316],[21.36685,60.42906],[21.3622,60.42984],[21.36187,60.42396],[21.35693,60.4218]]],[[[21.33501,60.35443],[21.33092,60.35751],[21.33747,60.36696],[21.32323,60.36367],[21.32434,60.3716],[21.32072,60.37109],[21.31985,60.36137],[21.31337,60.3587],[21.31031,60.36319],[21.3036,60.36423],[21.29257,60.37218],[21.29391,60.37781],[21.31025,60.38365],[21.30873,60.38724],[21.30276,60.38457],[21.29504,60.38855],[21.30077,60.39264],[21.31319,60.39453],[21.32091,60.39054],[21.32869,60.39257],[21.34794,60.37972],[21.34915,60.37141],[21.35871,60.37151],[21.36294,60.35691],[21.36628,60.35537],[21.36391,60.35166],[21.33603,60.35199],[21.33501,60.35443]]],[[[21.34903,60.0697],[21.34755,60.07507],[21.36546,60.07285],[21.34903,60.0697]]],[[[21.36313,60.04739],[21.3519,60.05216],[21.36062,60.05341],[21.36493,60.04931],[21.36313,60.04739]]],[[[21.36355,63.02258],[21.35456,63.02363],[21.35515,63.02593],[21.3619,63.02527],[21.36355,63.02258]]],[[[21.34636,60.40097],[21.32935,60.4069],[21.31641,60.40616],[21.32477,60.41407],[21.33823,60.41366],[21.3426,60.41198],[21.34231,60.4093],[21.36145,60.40937],[21.36245,60.40643],[21.34636,60.40097]]],[[[21.3588,60.16832],[21.35007,60.16859],[21.34959,60.17167],[21.34091,60.17656],[21.36045,60.17804],[21.36145,60.17548],[21.35578,60.17396],[21.3588,60.16832]]],[[[21.35292,60.43422],[21.35298,60.43882],[21.36127,60.43919],[21.35758,60.43459],[21.35292,60.43422]]],[[[21.3414,60.32217],[21.34402,60.32625],[21.35747,60.32929],[21.35924,60.32647],[21.3414,60.32217]]],[[[21.35001,60.78799],[21.3364,60.78841],[21.33856,60.7948],[21.3543,60.79758],[21.35787,60.78875],[21.35001,60.78799]]],[[[21.33621,60.72022],[21.32554,60.72421],[21.32901,60.73162],[21.34106,60.73415],[21.35774,60.73001],[21.33621,60.72022]]],[[[21.3518,60.66503],[21.34608,60.66697],[21.34171,60.67402],[21.35402,60.67731],[21.35712,60.675],[21.35761,60.67218],[21.35084,60.67297],[21.3518,60.66503]]],[[[21.31415,63.0887],[21.30486,63.09076],[21.31084,63.09535],[21.35716,63.09779],[21.35483,63.09193],[21.34238,63.08978],[21.32998,63.09071],[21.32916,63.09327],[21.31415,63.0887]]],[[[21.35201,59.91729],[21.35309,59.92318],[21.35614,59.92215],[21.35201,59.91729]]],[[[21.34559,60.27916],[21.34459,60.28237],[21.35231,60.28145],[21.34559,60.27916]]],[[[21.35109,62.96902],[21.34465,62.97121],[21.35169,62.97222],[21.35109,62.96902]]],[[[21.3487,62.34229],[21.34684,62.34754],[21.35097,62.34753],[21.3487,62.34229]]],[[[21.34249,60.47557],[21.33061,60.4797],[21.34668,60.48004],[21.35028,60.47671],[21.34249,60.47557]]],[[[21.34706,62.91403],[21.34121,62.91725],[21.34351,62.92159],[21.35022,62.91978],[21.34988,62.91467],[21.34706,62.91403]]],[[[21.34046,63.16614],[21.3374,63.17074],[21.34986,63.17149],[21.34046,63.16614]]],[[[21.34068,60.7971],[21.32841,60.80098],[21.34964,60.80219],[21.34068,60.7971]]],[[[21.34308,60.8255],[21.33656,60.82858],[21.34627,60.82958],[21.34703,60.82728],[21.34308,60.8255]]],[[[21.3465,60.65763],[21.33506,60.65983],[21.32392,60.66664],[21.3305,60.67302],[21.3404,60.67274],[21.34167,60.6689],[21.33724,60.6689],[21.33564,60.66584],[21.3465,60.65763]]],[[[21.34593,60.99232],[21.33962,60.9931],[21.33599,60.99899],[21.33967,60.99899],[21.34593,60.99232]]],[[[21.34563,60.42963],[21.33453,60.43324],[21.34363,60.43642],[21.34563,60.42963]]],[[[21.34133,60.85825],[21.33192,60.86173],[21.34033,60.86261],[21.34503,60.86055],[21.34133,60.85825]]],[[[21.33614,59.96058],[21.33259,59.96328],[21.34433,59.96401],[21.33614,59.96058]]],[[[21.34305,61.40862],[21.33561,61.41196],[21.33724,61.41401],[21.34305,61.40862]]],[[[21.33573,60.07101],[21.31731,60.07272],[21.31579,60.07567],[21.32196,60.07706],[21.31532,60.07912],[21.34349,60.0788],[21.34347,60.07649],[21.33628,60.07498],[21.33573,60.07101]]],[[[21.34233,60.80491],[21.3337,60.8071],[21.33561,60.81195],[21.33927,60.8122],[21.34233,60.80491]]],[[[21.33588,63.06383],[21.32634,63.06794],[21.33739,63.07278],[21.34182,63.06587],[21.33588,63.06383]]],[[[21.34158,61.1259],[21.33472,61.12873],[21.3395,61.13025],[21.34158,61.1259]]],[[[21.33213,60.67941],[21.32798,60.68122],[21.32904,60.68428],[21.34024,60.68195],[21.34048,60.67991],[21.33213,60.67941]]],[[[21.33915,61.8359],[21.32738,61.84872],[21.33905,61.85099],[21.3398,61.84562],[21.33653,61.84332],[21.33915,61.8359]]],[[[21.33943,60.28174],[21.32298,60.2864],[21.32249,60.28971],[21.3292,60.28893],[21.33943,60.28174]]],[[[21.33528,63.15925],[21.33276,63.16104],[21.33478,63.16462],[21.33902,63.16461],[21.33528,63.15925]]],[[[21.33129,60.69938],[21.32038,60.70388],[21.30259,60.70034],[21.30159,60.70456],[21.3371,60.70601],[21.33861,60.70012],[21.33129,60.69938]]],[[[21.32484,60.31773],[21.32331,60.31914],[21.33215,60.32628],[21.33834,60.32601],[21.33675,60.32218],[21.32484,60.31773]]],[[[21.32987,62.28056],[21.32662,62.28491],[21.33708,62.2877],[21.33482,62.28208],[21.32987,62.28056]]],[[[21.33362,62.9156],[21.3216,62.91985],[21.32417,62.92395],[21.33035,62.92393],[21.33592,62.92033],[21.33672,62.91726],[21.33362,62.9156]]],[[[21.33387,60.74671],[21.32767,60.75389],[21.33629,60.75259],[21.33387,60.74671]]],[[[21.33574,60.27394],[21.33137,60.27536],[21.33115,60.27883],[21.33553,60.27842],[21.33574,60.27394]]],[[[21.33379,60.73929],[21.3265,60.7411],[21.32418,60.74494],[21.33463,60.74466],[21.33379,60.73929]]],[[[21.33002,62.99491],[21.32105,62.99736],[21.32529,62.9994],[21.33511,62.99732],[21.33002,62.99491]]],[[[21.33491,60.9967],[21.32859,60.99697],[21.33022,61.00131],[21.33491,60.9967]]],[[[21.33026,60.0874],[21.3254,60.08985],[21.32725,60.09381],[21.33442,60.09366],[21.33462,60.08881],[21.33026,60.0874]]],[[[21.33437,60.29122],[21.32665,60.29226],[21.33028,60.2943],[21.33437,60.29122]]],[[[21.31942,63.05428],[21.31323,63.05493],[21.31328,63.0598],[21.32121,63.06297],[21.33359,63.06103],[21.33412,63.05847],[21.32791,63.05707],[21.32172,63.05837],[21.31942,63.05428]]],[[[21.32373,60.83015],[21.31853,60.83349],[21.33346,60.83345],[21.33396,60.83089],[21.32373,60.83015]]],[[[21.32532,60.26181],[21.32692,60.2677],[21.33386,60.26666],[21.33203,60.26308],[21.32532,60.26181]]],[[[21.32499,60.33269],[21.31364,60.33324],[21.31005,60.33555],[21.31678,60.33745],[21.30905,60.33913],[21.3096,60.34259],[21.30081,60.3403],[21.29722,60.34441],[21.33382,60.33843],[21.32499,60.33269]]],[[[21.33013,60.68812],[21.32078,60.69172],[21.33382,60.69093],[21.33013,60.68812]]],[[[21.33057,60.42532],[21.32671,60.4284],[21.3337,60.42889],[21.33057,60.42532]]],[[[21.32929,63.07984],[21.3231,63.081],[21.3178,63.08664],[21.3316,63.08482],[21.32929,63.07984]]],[[[21.32534,61.14231],[21.31901,61.14501],[21.33069,61.14766],[21.32534,61.14231]]],[[[21.33064,59.97211],[21.32047,59.97675],[21.32916,59.97724],[21.33064,59.97211]]],[[[21.32523,62.20766],[21.32335,62.21124],[21.32966,62.21149],[21.32523,62.20766]]],[[[21.32259,60.14142],[21.31621,60.14489],[21.32065,60.15332],[21.31527,60.15436],[21.30315,60.14812],[21.28698,60.14854],[21.29807,60.15388],[21.29761,60.16029],[21.30096,60.16105],[21.2946,60.16746],[21.31925,60.16791],[21.32529,60.1551],[21.32964,60.15279],[21.32341,60.14717],[21.32516,60.14244],[21.32259,60.14142]]],[[[21.31968,60.79203],[21.31446,60.79332],[21.31503,60.79742],[21.3268,60.79713],[21.32913,60.79367],[21.31968,60.79203]]],[[[21.32126,63.0677],[21.31284,63.07129],[21.32865,63.07332],[21.32862,63.07025],[21.32126,63.0677]]],[[[21.32088,61.84797],[21.32416,61.85128],[21.32793,61.84974],[21.32088,61.84797]]],[[[21.32651,60.99953],[21.31941,61.00108],[21.31658,61.00723],[21.31105,61.00852],[21.32136,61.01106],[21.32651,60.99953]]],[[[21.32077,61.838],[21.32217,61.84182],[21.32649,61.84106],[21.32077,61.838]]],[[[21.32082,60.27628],[21.31595,60.27898],[21.31574,60.28384],[21.30957,60.28488],[21.31888,60.28793],[21.32629,60.28126],[21.32547,60.27768],[21.32082,60.27628]]],[[[21.29744,60.70816],[21.2844,60.70921],[21.28604,60.71714],[21.30487,60.72055],[21.32312,60.71756],[21.32358,60.71065],[21.29744,60.70816]]],[[[21.31214,59.95935],[21.30298,59.9627],[21.30558,59.96731],[21.32342,59.96471],[21.32033,59.96178],[21.30961,59.96193],[21.31214,59.95935]]],[[[21.31559,60.80151],[21.31042,60.80766],[21.32241,60.80303],[21.31559,60.80151]]],[[[21.32203,59.97956],[21.31413,59.98111],[21.31926,59.98289],[21.32203,59.97956]]],[[[21.31913,60.26132],[21.30372,60.26468],[21.30375,60.26878],[21.31147,60.26837],[21.30535,60.27414],[21.30691,60.2767],[21.31537,60.27233],[21.31913,60.26132]]],[[[21.31304,60.59399],[21.30969,60.59682],[21.31435,60.60337],[21.31991,60.60473],[21.3188,60.59731],[21.31255,60.59732],[21.31304,60.59399]]],[[[21.31344,63.07514],[21.30924,63.07745],[21.31011,63.07988],[21.31773,63.08077],[21.31344,63.07514]]],[[[21.31389,60.09051],[21.30802,60.09296],[21.31598,60.0946],[21.31389,60.09051]]],[[[21.31052,60.76429],[21.30298,60.77032],[21.30435,60.77544],[21.31584,60.77387],[21.31632,60.76978],[21.31082,60.76851],[21.31052,60.76429]]],[[[21.30765,62.09385],[21.31023,62.10715],[21.295,62.11256],[21.29724,62.11869],[21.28702,62.13509],[21.28663,62.15172],[21.29078,62.15682],[21.29403,62.15349],[21.29087,62.13789],[21.29359,62.13712],[21.29503,62.14378],[21.29775,62.143],[21.29681,62.13097],[21.30134,62.1192],[21.31307,62.11763],[21.3157,62.10791],[21.31285,62.09615],[21.30765,62.09385]]],[[[21.3088,62.15397],[21.30445,62.15552],[21.31166,62.16676],[21.31494,62.16648],[21.3088,62.15397]]],[[[21.30787,62.33177],[21.30822,62.3397],[21.31429,62.34046],[21.31394,62.33381],[21.30787,62.33177]]],[[[21.3125,60.86088],[21.30363,60.86525],[21.31412,60.86536],[21.3125,60.86088]]],[[[21.3085,60.22577],[21.30752,60.23102],[21.31369,60.23139],[21.3085,60.22577]]],[[[21.30863,62.24505],[21.30758,62.24901],[21.31306,62.24862],[21.30863,62.24505]]],[[[21.30521,60.48052],[21.29951,60.48105],[21.29903,60.48476],[21.31301,60.48294],[21.30521,60.48052]]],[[[21.30146,60.29962],[21.28606,60.30808],[21.31134,60.30855],[21.30693,60.30562],[21.30947,60.30228],[21.30146,60.29962]]],[[[21.29235,60.31947],[21.27766,60.32129],[21.28054,60.32564],[21.27697,60.33076],[21.29455,60.33354],[21.29992,60.32969],[21.31127,60.32813],[21.30814,60.32532],[21.30967,60.32327],[21.29235,60.31947]]],[[[21.30713,60.79321],[21.29928,60.79374],[21.29853,60.79771],[21.3038,60.80128],[21.29204,60.80297],[21.29364,60.80617],[21.30413,60.80768],[21.31109,60.79692],[21.30713,60.79321]]],[[[21.30964,61.96811],[21.29717,61.97031],[21.29098,61.97825],[21.30406,61.98155],[21.29722,61.97696],[21.29801,61.9744],[21.31077,61.97258],[21.30803,61.97094],[21.30964,61.96811]]],[[[21.31064,62.12045],[21.30445,62.12865],[21.30666,62.13172],[21.31021,62.13146],[21.31064,62.12045]]],[[[21.3013,60.28221],[21.27507,60.28841],[21.27614,60.29315],[21.29832,60.29489],[21.30909,60.28847],[21.3029,60.28848],[21.30185,60.2858],[21.30509,60.28344],[21.3013,60.28221]]],[[[21.29275,60.19126],[21.29073,60.19434],[21.26045,60.20029],[21.26201,60.20233],[21.28308,60.20139],[21.29435,60.19714],[21.30695,60.19839],[21.3051,60.19276],[21.29275,60.19126]]],[[[21.29894,62.15284],[21.29107,62.15836],[21.29497,62.16654],[21.29337,62.17012],[21.30458,62.1701],[21.30612,62.15986],[21.29894,62.15284]]],[[[21.30401,60.35105],[21.26686,60.35663],[21.29373,60.35785],[21.2968,60.35426],[21.30608,60.35322],[21.30401,60.35105]]],[[[21.2997,60.3325],[21.2894,60.3356],[21.29101,60.34199],[21.3049,60.33735],[21.30589,60.33326],[21.2997,60.3325]]],[[[21.29733,60.80846],[21.2916,60.81206],[21.29372,60.81538],[21.3026,60.8128],[21.30466,60.80908],[21.29733,60.80846]]],[[[21.29522,63.00227],[21.28683,63.00703],[21.30453,63.00507],[21.29522,63.00227]]],[[[21.29516,63.10842],[21.29209,63.11202],[21.29465,63.11317],[21.30395,63.11123],[21.29516,63.10842]]],[[[21.30186,63.10074],[21.29455,63.10383],[21.30245,63.10305],[21.30186,63.10074]]],[[[21.2987,60.9561],[21.29477,60.95764],[21.29663,60.95956],[21.30241,60.95865],[21.2987,60.9561]]],[[[21.30125,62.21999],[21.295,62.22563],[21.29939,62.22614],[21.30125,62.21999]]],[[[21.29773,62.36326],[21.2967,62.37017],[21.3011,62.36965],[21.29773,62.36326]]],[[[21.29287,59.97297],[21.28497,59.97529],[21.28833,59.97951],[21.29906,59.97948],[21.30081,59.97526],[21.29306,59.97544],[21.29287,59.97297]]],[[[21.29753,63.00867],[21.29363,63.01226],[21.29982,63.01224],[21.29753,63.00867]]],[[[21.29395,62.14505],[21.2951,62.15119],[21.29892,62.15092],[21.29395,62.14505]]],[[[21.29597,62.07214],[21.2897,62.07291],[21.28597,62.08188],[21.28958,62.08954],[21.29561,62.09107],[21.2987,62.07264],[21.29597,62.07214]]],[[[21.29756,60.38126],[21.29293,60.38421],[21.29759,60.38548],[21.29756,60.38126]]],[[[21.28945,60.86477],[21.27739,60.86556],[21.27531,60.86838],[21.29526,60.86962],[21.29603,60.8668],[21.28945,60.86477]]],[[[21.28986,62.34665],[21.28991,62.35202],[21.29376,62.35176],[21.28986,62.34665]]],[[[21.29137,62.10438],[21.28809,62.10464],[21.28708,62.11283],[21.2928,62.11052],[21.29137,62.10438]]],[[[21.27926,63.0394],[21.27537,63.04555],[21.29056,63.04373],[21.27926,63.0394]]],[[[21.2843,60.34252],[21.28124,60.347],[21.28898,60.3466],[21.2843,60.34252]]],[[[21.28307,60.26012],[21.28466,60.26485],[21.2885,60.26318],[21.28307,60.26012]]],[[[21.27336,60.3927],[21.27234,60.39474],[21.28325,60.40035],[21.28814,60.39599],[21.27336,60.3927]]],[[[21.27878,60.78445],[21.26443,60.78908],[21.26892,60.79278],[21.27729,60.7929],[21.28666,60.7875],[21.27878,60.78445]]],[[[21.27832,60.8188],[21.27861,60.82437],[21.28646,60.82384],[21.28641,60.8177],[21.27832,60.8188]]],[[[21.26649,60.75415],[21.2511,60.75891],[21.25195,60.76633],[21.27496,60.76629],[21.28201,60.76423],[21.28588,60.75859],[21.26968,60.75952],[21.27017,60.75593],[21.26649,60.75415]]],[[[21.28421,60.56847],[21.27616,60.57053],[21.27904,60.57258],[21.28421,60.56847]]],[[[21.2757,60.2412],[21.26802,60.24633],[21.28348,60.24809],[21.2757,60.2412]]],[[[21.27722,60.72432],[21.26418,60.72665],[21.2642,60.72895],[21.27623,60.73122],[21.28325,60.72712],[21.27722,60.72432]]],[[[21.28133,59.9373],[21.27472,59.93872],[21.27729,59.94153],[21.2829,59.94024],[21.28133,59.9373]]],[[[21.28273,61.99797],[21.27675,61.99824],[21.27677,62.00182],[21.27978,62.00258],[21.28273,61.99797]]],[[[21.27758,62.32825],[21.27514,62.33159],[21.28261,62.33669],[21.28143,62.32901],[21.27758,62.32825]]],[[[21.27052,60.85905],[21.26898,60.86405],[21.27477,60.86544],[21.28261,60.86146],[21.27052,60.85905]]],[[[21.27849,63.37218],[21.27538,63.37526],[21.28194,63.37525],[21.27849,63.37218]]],[[[21.26292,60.25184],[21.25778,60.25377],[21.27377,60.25656],[21.27276,60.25912],[21.27843,60.26013],[21.27893,60.25731],[21.27427,60.25425],[21.26292,60.25184]]],[[[21.2777,60.59842],[21.27354,60.59894],[21.27305,60.60278],[21.2767,60.60329],[21.2777,60.59842]]],[[[21.27711,60.4083],[21.2668,60.41203],[21.27507,60.41137],[21.27711,60.4083]]],[[[21.25679,60.38991],[21.25012,60.3976],[21.25121,60.404],[21.27602,60.40165],[21.26718,60.39565],[21.25968,60.39554],[21.25679,60.38991]]],[[[21.27568,60.42263],[21.2594,60.42573],[21.25917,60.42879],[21.27159,60.42852],[21.27568,60.42263]]],[[[21.26699,60.3089],[21.26132,60.30994],[21.26086,60.31633],[21.2758,60.31439],[21.27396,60.31081],[21.26699,60.3089]]],[[[21.26982,60.15152],[21.26933,60.15523],[21.27549,60.1547],[21.26982,60.15152]]],[[[21.25852,60.4123],[21.24614,60.41783],[21.24772,60.42128],[21.25446,60.42267],[21.27487,60.41828],[21.25852,60.4123]]],[[[21.27326,60.31925],[21.26169,60.32439],[21.26224,60.32849],[21.27486,60.32462],[21.27326,60.31925]]],[[[21.26769,63.31414],[21.26829,63.31785],[21.27398,63.3172],[21.26769,63.31414]]],[[[21.25589,62.30016],[21.26316,62.31396],[21.26925,62.31906],[21.27362,62.31547],[21.26832,62.30781],[21.25589,62.30016]]],[[[21.27005,60.86584],[21.25642,60.86791],[21.25539,60.87073],[21.26802,60.87428],[21.27349,60.8694],[21.27005,60.86584]]],[[[21.26012,60.93596],[21.2554,60.93725],[21.25963,60.93955],[21.27173,60.94055],[21.27198,60.93773],[21.26012,60.93596]]],[[[21.26379,60.99737],[21.25801,60.99994],[21.26541,61.00197],[21.2696,60.99991],[21.26379,60.99737]]],[[[21.26512,60.26911],[21.25946,60.27066],[21.26206,60.27398],[21.26004,60.2768],[21.26852,60.27627],[21.26512,60.26911]]],[[[21.26576,60.15831],[21.255,60.16012],[21.25553,60.16217],[21.26784,60.16163],[21.26576,60.15831]]],[[[21.26724,60.4032],[21.25848,60.40705],[21.26108,60.40884],[21.26778,60.40601],[21.26724,60.4032]]],[[[21.25962,62.03153],[21.26051,62.03971],[21.26515,62.04035],[21.2651,62.03536],[21.25962,62.03153]]],[[[21.259,60.53717],[21.25043,60.53809],[21.25072,60.54141],[21.25748,60.54306],[21.26422,60.54036],[21.259,60.53717]]],[[[21.24251,60.06853],[21.25491,60.08232],[21.26308,60.07949],[21.24251,60.06853]]],[[[21.26161,60.86126],[21.2514,60.8628],[21.25273,60.86612],[21.25956,60.86637],[21.26161,60.86126]]],[[[21.25707,60.49073],[21.24724,60.49408],[21.24985,60.49663],[21.24573,60.50074],[21.25357,60.50789],[21.26185,60.50454],[21.25092,60.50098],[21.25707,60.49073]]],[[[21.25942,60.65539],[21.25352,60.65724],[21.26153,60.65859],[21.25942,60.65539]]],[[[21.26148,60.33143],[21.25531,60.33234],[21.25662,60.33566],[21.26148,60.33143]]],[[[21.26106,60.34103],[21.25332,60.34296],[21.25953,60.34436],[21.26106,60.34103]]],[[[21.25088,62.95005],[21.24781,62.95274],[21.25432,62.95887],[21.25495,62.96603],[21.25915,62.96577],[21.25993,62.95757],[21.25487,62.95644],[21.25088,62.95005]]],[[[21.25465,62.99673],[21.24289,63.00289],[21.24743,63.00774],[21.2578,63.00261],[21.25465,62.99673]]],[[[21.25678,60.19095],[21.2108,60.19346],[21.21265,60.20114],[21.2327,60.20237],[21.25733,60.19594],[21.25678,60.19095]]],[[[21.25538,60.93469],[21.24672,60.93727],[21.25383,60.93829],[21.25538,60.93469]]],[[[21.25308,60.37764],[21.24794,60.38149],[21.25414,60.38148],[21.25308,60.37764]]],[[[21.25247,59.96384],[21.24839,59.96411],[21.24689,59.96872],[21.25301,59.96845],[21.25247,59.96384]]],[[[21.24927,62.89264],[21.24481,62.89622],[21.25043,62.89723],[21.25236,62.8939],[21.24927,62.89264]]],[[[21.25073,60.40822],[21.23989,60.41259],[21.24662,60.41271],[21.25073,60.40822]]],[[[21.24852,59.98291],[21.23123,59.99331],[21.23992,59.99381],[21.25062,59.98944],[21.24852,59.98291]]],[[[21.24999,60.85052],[21.24477,60.85386],[21.24845,60.85487],[21.24999,60.85052]]],[[[21.2499,60.43522],[21.24006,60.43549],[21.23956,60.43792],[21.2499,60.43522]]],[[[21.20401,62.99476],[21.19417,62.99657],[21.18832,63.00502],[21.17848,63.00605],[21.17963,63.0104],[21.16585,63.01144],[21.16194,63.01784],[21.17209,63.01911],[21.1777,63.01603],[21.1929,63.01883],[21.19044,63.02676],[21.20058,63.02802],[21.20027,63.02471],[21.20533,63.02353],[21.20362,63.01958],[21.21318,63.01828],[21.21313,63.01112],[21.221,63.00983],[21.22215,63.01315],[21.23172,63.0134],[21.23568,63.01646],[21.24156,63.01261],[21.22656,63.00087],[21.24229,62.99829],[21.24983,62.99162],[21.24611,62.98421],[21.24048,62.98307],[21.22226,62.99039],[21.22316,62.99781],[21.23045,62.99575],[21.22992,62.99933],[21.20401,62.99476]]],[[[21.2456,60.2085],[21.23997,60.21235],[21.24512,60.21337],[21.24972,60.20901],[21.2456,60.2085]]],[[[21.24527,60.16346],[21.23246,60.16809],[21.24735,60.1673],[21.24835,60.16397],[21.24527,60.16346]]],[[[21.2424,60.61026],[21.23798,60.61129],[21.24172,60.62306],[21.24793,60.61818],[21.24789,60.61358],[21.2424,60.61026]]],[[[21.24242,60.26456],[21.23114,60.27276],[21.24786,60.26991],[21.24242,60.26456]]],[[[21.2455,60.53835],[21.22866,60.54452],[21.23545,60.54989],[21.22897,60.55092],[21.22614,60.55527],[21.2311,60.55859],[21.23236,60.55296],[21.24662,60.5491],[21.2455,60.53835]]],[[[21.2454,60.79974],[21.23913,60.80128],[21.24334,60.80409],[21.24699,60.8014],[21.2454,60.79974]]],[[[21.24491,60.59836],[21.23221,60.60543],[21.23821,60.60618],[21.24469,60.60258],[21.24491,60.59836]]],[[[21.24361,60.21759],[21.23977,60.21926],[21.24056,60.22182],[21.24467,60.22207],[21.24361,60.21759]]],[[[21.24412,60.14722],[21.23183,60.15068],[21.24261,60.15093],[21.24412,60.14722]]],[[[21.23772,60.04231],[21.23415,60.04398],[21.23878,60.04589],[21.24386,60.04395],[21.23772,60.04231]]],[[[21.23248,62.89675],[21.21828,62.91007],[21.22197,62.91595],[21.23708,62.91132],[21.24376,62.90466],[21.24374,62.90209],[21.23223,62.90084],[21.24161,62.8819],[21.24064,62.86578],[21.23839,62.86515],[21.22502,62.87399],[21.20264,62.87889],[21.20211,62.88376],[21.20887,62.8886],[21.17284,62.90886],[21.1701,62.92012],[21.1749,62.92574],[21.18502,62.92777],[21.18251,62.93084],[21.18562,62.93468],[21.20775,62.92979],[21.20407,62.92391],[21.1993,62.92264],[21.20768,62.91828],[21.2012,62.91418],[21.2127,62.91494],[21.21071,62.91034],[21.21744,62.90931],[21.23248,62.89675]]],[[[21.23031,60.30065],[21.22464,60.30118],[21.21545,60.31552],[21.24302,60.31112],[21.23758,60.30857],[21.23961,60.30281],[21.23031,60.30065]]],[[[21.23924,60.25227],[21.23306,60.25267],[21.23566,60.25599],[21.24286,60.25534],[21.23924,60.25227]]],[[[21.24077,59.96949],[21.2316,59.97181],[21.23263,59.97437],[21.24181,59.97295],[21.24077,59.96949]]],[[[21.23815,60.3856],[21.23454,60.3892],[21.23972,60.38943],[21.24177,60.38661],[21.23815,60.3856]]],[[[21.23042,62.8479],[21.23439,62.85505],[21.24082,62.85351],[21.23433,62.84687],[21.2265,62.84765],[21.22083,62.83845],[21.15531,62.82932],[21.14749,62.83112],[21.14383,62.82652],[21.13853,62.82883],[21.14077,62.83087],[21.13463,62.83229],[21.11895,62.82872],[21.09827,62.83105],[21.09883,62.83424],[21.09324,62.83692],[21.10529,62.84165],[21.10614,62.84446],[21.09971,62.84754],[21.10895,62.84778],[21.10424,62.85777],[21.11208,62.86108],[21.1121,62.86415],[21.13758,62.86247],[21.15494,62.86565],[21.16277,62.86283],[21.16615,62.86615],[21.15833,62.87127],[21.1645,62.8719],[21.19026,62.87124],[21.19501,62.86892],[21.19304,62.86688],[21.21986,62.85853],[21.22659,62.86044],[21.22214,62.86352],[21.23445,62.86221],[21.23695,62.86067],[21.23497,62.8571],[21.22793,62.8525],[21.23042,62.8479]]],[[[21.24054,60.36026],[21.22868,60.36283],[21.22823,60.37231],[21.23724,60.36845],[21.2349,60.3659],[21.24054,60.36026]]],[[[21.21646,60.23312],[21.21701,60.23952],[21.21088,60.24669],[21.21603,60.24745],[21.21704,60.24374],[21.22428,60.2482],[21.24024,60.24869],[21.22521,60.23438],[21.21646,60.23312]]],[[[21.22633,60.32177],[21.2235,60.32344],[21.22481,60.32664],[21.23977,60.32546],[21.22633,60.32177]]],[[[21.23584,60.85259],[21.23536,60.85771],[21.23955,60.85719],[21.23584,60.85259]]],[[[21.23191,63.25],[21.22627,63.25474],[21.23762,63.25409],[21.23191,63.25]]],[[[21.23406,60.53607],[21.22786,60.5412],[21.23358,60.54144],[21.23589,60.53811],[21.23406,60.53607]]],[[[21.23485,60.50178],[21.19756,60.51259],[21.19965,60.51565],[21.20636,60.51001],[21.21674,60.50897],[21.22947,60.51177],[21.23485,60.50178]]],[[[21.20946,60.58831],[21.20512,60.60162],[21.20043,60.59907],[21.19708,60.60445],[21.18124,60.61138],[21.17782,60.60435],[21.17238,60.6073],[21.17343,60.61088],[21.15937,60.61115],[21.16017,60.61499],[21.17632,60.61689],[21.18281,60.61292],[21.1909,60.617],[21.20184,60.61724],[21.21218,60.60635],[21.22338,60.60697],[21.22283,60.60288],[21.23374,60.59979],[21.23475,60.59646],[21.22718,60.59314],[21.22949,60.58752],[21.22763,60.58304],[21.21879,60.58216],[21.21934,60.58778],[21.20946,60.58831]]],[[[21.23038,60.82266],[21.22623,60.82856],[21.22939,60.8301],[21.23458,60.82355],[21.23038,60.82266]]],[[[21.20717,60.39461],[21.19923,60.40409],[21.19926,60.40973],[21.20213,60.41406],[21.21327,60.41558],[21.20039,60.42532],[21.19734,60.43403],[21.20127,60.44119],[21.20593,60.44118],[21.20406,60.43325],[21.20869,60.42761],[21.2188,60.4299],[21.22263,60.42299],[21.21821,60.41967],[21.2236,60.41275],[21.22279,60.40814],[21.23078,60.40405],[21.23357,60.39687],[21.21345,60.40445],[21.20717,60.39461]]],[[[21.22156,63.0835],[21.21761,63.08402],[21.22215,63.08772],[21.23061,63.0863],[21.22156,63.0835]]],[[[21.22416,60.98209],[21.21892,60.98542],[21.23052,60.9877],[21.22997,60.98387],[21.22416,60.98209]]],[[[21.22619,63.17123],[21.22283,63.17609],[21.22994,63.18043],[21.22619,63.17123]]],[[[21.22332,60.25819],[21.21561,60.26076],[21.22333,60.26075],[21.22104,60.26433],[21.22954,60.26509],[21.22332,60.25819]]],[[[21.22788,63.24208],[21.22053,63.24644],[21.22622,63.24797],[21.22788,63.24208]]],[[[21.22289,60.5737],[21.22397,60.57933],[21.22786,60.57779],[21.22289,60.5737]]],[[[21.22502,63.16624],[21.22248,63.16714],[21.22393,63.17098],[21.22732,63.17072],[21.22502,63.16624]]],[[[21.22472,60.53749],[21.21359,60.54225],[21.21439,60.54685],[21.22662,60.5499],[21.22472,60.53749]]],[[[21.21514,60.26754],[21.21104,60.271],[21.22653,60.27661],[21.2265,60.27226],[21.21514,60.26754]]],[[[21.21949,60.68604],[21.21586,60.69001],[21.22578,60.68988],[21.21949,60.68604]]],[[[21.21596,60.93719],[21.20308,60.93862],[21.21286,60.94603],[21.21865,60.94627],[21.22464,60.93961],[21.21596,60.93719]]],[[[21.15715,62.9649],[21.15719,62.9718],[21.15327,62.97513],[21.16059,62.97462],[21.15695,62.9782],[21.14822,62.97629],[21.14008,62.97847],[21.13563,62.98871],[21.12021,63.001],[21.14897,63.01351],[21.15121,63.01018],[21.16301,63.00761],[21.1658,63.003],[21.17368,63.00453],[21.18208,62.99659],[21.19444,62.99478],[21.20031,62.98965],[21.21017,62.99143],[21.21268,62.9881],[21.21061,62.97429],[21.21949,62.95893],[21.21694,62.95561],[21.22279,62.94946],[21.2208,62.94614],[21.20309,62.94437],[21.19581,62.94669],[21.20087,62.94821],[21.19865,62.95103],[21.20176,62.95435],[21.19194,62.95642],[21.18069,62.95361],[21.17726,62.94402],[21.16546,62.94225],[21.15088,62.94725],[21.13604,62.957],[21.13189,62.97208],[21.11505,62.97517],[21.11394,62.98054],[21.13809,62.97489],[21.14821,62.97232],[21.15062,62.9678],[21.14536,62.96593],[21.14534,62.96312],[21.15715,62.9649]]],[[[21.22218,63.16407],[21.21656,63.17022],[21.22024,63.17073],[21.22218,63.16407]]],[[[21.22198,60.36592],[21.20678,60.3726],[21.20706,60.37593],[21.21121,60.3772],[21.22198,60.36592]]],[[[21.2142,60.28238],[21.2132,60.28635],[21.21783,60.28583],[21.21833,60.2834],[21.2142,60.28238]]],[[[21.21005,60.27765],[21.2111,60.28226],[21.21781,60.28097],[21.2183,60.27892],[21.21005,60.27765]]],[[[21.2102,60.30094],[21.20248,60.303],[21.20198,60.30607],[21.20509,60.30863],[21.21592,60.30733],[21.21796,60.30323],[21.2102,60.30094]]],[[[21.21776,60.89331],[21.21069,60.89588],[21.21333,60.89767],[21.21776,60.89331]]],[[[21.21449,60.16915],[21.20629,60.17095],[21.20733,60.17376],[21.21759,60.17145],[21.21449,60.16915]]],[[[21.16809,62.37269],[21.17508,62.39007],[21.18445,62.39057],[21.19331,62.3967],[21.19335,62.40105],[21.18426,62.40413],[21.19479,62.41257],[21.19013,62.41589],[21.17908,62.41348],[21.19128,62.42408],[21.20289,62.42636],[21.20285,62.42176],[21.21245,62.41279],[21.20296,62.39694],[21.21098,62.39987],[21.21589,62.3936],[21.21552,62.38055],[21.21216,62.37186],[21.20384,62.3642],[21.20547,62.36088],[21.19969,62.36011],[21.20529,62.37339],[21.19674,62.37342],[21.19971,62.36369],[21.18372,62.36039],[21.19347,62.37905],[21.19323,62.38455],[21.18937,62.3834],[21.17992,62.37011],[21.17497,62.37062],[21.17388,62.3737],[21.16809,62.37269]]],[[[21.21363,60.82576],[21.20134,60.82911],[21.20871,60.8337],[21.21522,60.82781],[21.21363,60.82576]]],[[[21.2147,60.98492],[21.20996,60.98544],[21.20893,60.98889],[21.21447,60.98927],[21.2147,60.98492]]],[[[21.20997,60.34496],[21.20224,60.34804],[21.19969,60.35265],[21.20229,60.35559],[21.20694,60.35699],[21.20794,60.35085],[21.21386,60.34827],[21.20997,60.34496]]],[[[21.21291,60.55849],[21.20592,60.5635],[21.21008,60.56477],[21.21291,60.55849]]],[[[21.18573,62.3302],[21.18823,62.33352],[21.18604,62.33608],[21.19547,62.34681],[21.19495,62.35065],[21.20433,62.35473],[21.20767,62.35984],[21.2115,62.35702],[21.20509,62.3445],[21.20012,62.34246],[21.20092,62.33734],[21.18573,62.3302]]],[[[21.2097,60.54455],[21.19495,60.55251],[21.19783,60.55711],[21.2087,60.55121],[21.2097,60.54455]]],[[[21.20916,60.94283],[21.20076,60.94656],[21.20865,60.94628],[21.20916,60.94283]]],[[[21.20894,60.58729],[21.20167,60.59011],[21.19962,60.59472],[21.2074,60.59139],[21.20894,60.58729]]],[[[21.20763,60.92007],[21.19535,60.922],[21.19695,60.92481],[21.20763,60.92007]]],[[[21.19972,60.44273],[21.19872,60.44836],[21.20754,60.45065],[21.20439,60.44374],[21.19972,60.44273]]],[[[21.20052,60.82361],[21.19581,60.8272],[21.20578,60.8268],[21.20052,60.82361]]],[[[21.20574,60.57501],[21.19615,60.58117],[21.20446,60.57935],[21.20574,60.57501]]],[[[21.19996,60.22854],[21.19533,60.22919],[21.19639,60.23366],[21.20436,60.23238],[21.20434,60.22956],[21.19996,60.22854]]],[[[21.1974,60.31632],[21.18994,60.31914],[21.19433,60.32093],[21.1928,60.32349],[21.18247,60.32146],[21.18249,60.32555],[21.19593,60.32963],[21.20207,60.3222],[21.1974,60.31632]]],[[[21.18853,60.39015],[21.18289,60.39721],[21.19093,60.40154],[21.1876,60.40666],[21.19458,60.40614],[21.19997,60.39846],[21.19838,60.39206],[21.19063,60.39284],[21.18853,60.39015]]],[[[21.19136,62.60827],[21.18804,62.61083],[21.19027,62.61287],[21.19914,62.60929],[21.19136,62.60827]]],[[[21.18966,60.84908],[21.19021,60.85241],[21.19702,60.85163],[21.19701,60.84933],[21.18966,60.84908]]],[[[21.19437,60.49864],[21.18555,60.50109],[21.18557,60.50416],[21.19413,60.50415],[21.19695,60.4989],[21.19437,60.49864]]],[[[21.19374,63.31298],[21.18583,63.32067],[21.18698,63.32348],[21.19552,63.32321],[21.19602,63.31324],[21.19374,63.31298]]],[[[21.19184,60.77526],[21.1827,60.7777],[21.18403,60.78154],[21.18979,60.7823],[21.19551,60.77563],[21.19184,60.77526]]],[[[21.17837,60.32594],[21.17424,60.32607],[21.17324,60.33324],[21.18204,60.33745],[21.1787,60.3404],[21.18207,60.34218],[21.19289,60.33833],[21.19029,60.33603],[21.1939,60.33423],[21.19052,60.33065],[21.17837,60.32594]]],[[[21.18324,62.82302],[21.18047,62.8275],[21.18385,62.83134],[21.19335,62.82992],[21.18324,62.82302]]],[[[21.18497,60.12428],[21.18654,60.13004],[21.19269,60.13003],[21.19319,60.12772],[21.18497,60.12428]]],[[[21.178,60.35319],[21.17259,60.35576],[21.17082,60.36331],[21.17909,60.36381],[21.19102,60.3716],[21.19281,60.36827],[21.1884,60.36431],[21.1868,60.35548],[21.17879,60.35601],[21.178,60.35319]]],[[[21.19013,60.31031],[21.18141,60.31608],[21.19223,60.31478],[21.19013,60.31031]]],[[[21.19132,60.42355],[21.18305,60.42586],[21.18463,60.42944],[21.18981,60.43071],[21.19132,60.42355]]],[[[21.19187,60.34013],[21.18003,60.34654],[21.18829,60.34716],[21.19187,60.34013]]],[[[21.18311,60.98739],[21.17285,60.98856],[21.17367,60.99342],[21.18553,60.99519],[21.19184,60.99289],[21.18311,60.98739]]],[[[21.17953,60.44339],[21.16969,60.44417],[21.16868,60.44942],[21.19148,60.44965],[21.18938,60.44517],[21.17953,60.44339]]],[[[21.18378,60.37071],[21.18302,60.37391],[21.19002,60.37723],[21.18921,60.37263],[21.18378,60.37071]]],[[[21.18675,60.34768],[21.18107,60.34833],[21.18109,60.35114],[21.18675,60.34768]]],[[[21.18328,60.28153],[21.1828,60.28844],[21.18743,60.2864],[21.18792,60.28242],[21.18328,60.28153]]],[[[21.1876,60.5859],[21.18163,60.58912],[21.18451,60.59065],[21.1876,60.5859]]],[[[21.18116,62.39237],[21.18311,62.39544],[21.17843,62.39659],[21.18065,62.39953],[21.18588,62.39773],[21.18116,62.39237]]],[[[21.17892,60.24085],[21.17896,60.2452],[21.18384,60.2434],[21.17892,60.24085]]],[[[21.1625,60.55921],[21.15915,60.56637],[21.16051,60.57763],[21.17091,60.57941],[21.17246,60.57558],[21.17844,60.57531],[21.18127,60.57006],[21.1625,60.55921]]],[[[21.1788,60.59424],[21.17309,60.59681],[21.1809,60.59782],[21.1788,60.59424]]],[[[21.17563,60.29754],[21.17075,60.29972],[21.17877,60.30508],[21.18083,60.30329],[21.17563,60.29754]]],[[[21.17792,60.52746],[21.17431,60.53245],[21.18002,60.53308],[21.17792,60.52746]]],[[[21.17961,60.83247],[21.16686,60.83598],[21.17702,60.83784],[21.17961,60.83247]]],[[[21.17199,60.38979],[21.16376,60.39774],[21.16533,60.40144],[21.16171,60.40222],[21.16639,60.4072],[21.17207,60.40515],[21.17256,60.39875],[21.17926,60.3949],[21.17199,60.38979]]],[[[21.16518,60.78029],[21.16258,60.7831],[21.13853,60.78735],[21.1375,60.7931],[21.13201,60.79542],[21.13099,60.80207],[21.15204,60.80546],[21.1522,60.80077],[21.16211,60.79297],[21.17727,60.78897],[21.17775,60.78142],[21.16518,60.78029]]],[[[21.17289,60.94685],[21.15609,60.95557],[21.17004,60.95632],[21.17815,60.94787],[21.17289,60.94685]]],[[[21.17375,62.44572],[21.17295,62.45096],[21.17681,62.45045],[21.17375,62.44572]]],[[[21.1702,62.88635],[21.16797,62.89046],[21.17638,62.89069],[21.17607,62.88686],[21.1702,62.88635]]],[[[21.16448,60.33504],[21.16501,60.33875],[21.17612,60.34014],[21.16448,60.33504]]],[[[21.17035,60.3715],[21.1608,60.37445],[21.16421,60.38469],[21.16138,60.38802],[21.17379,60.38773],[21.17528,60.37648],[21.17035,60.3715]]],[[[21.17467,60.40745],[21.16383,60.41207],[21.17263,60.41257],[21.17467,60.40745]]],[[[21.16224,60.29999],[21.16044,60.30127],[21.16694,60.31137],[21.17392,60.3143],[21.17467,60.31097],[21.16224,60.29999]]],[[[21.16948,60.80113],[21.16505,60.80459],[21.17396,60.80637],[21.16948,60.80113]]],[[[21.16407,62.39188],[21.16105,62.39521],[21.17078,62.40671],[21.17266,62.4021],[21.16407,62.39188]]],[[[21.16022,60.30971],[21.14734,60.31229],[21.14426,60.31587],[21.15693,60.32123],[21.15668,60.32366],[21.14455,60.32304],[21.14407,60.32995],[21.15414,60.33275],[21.16236,60.32519],[21.17011,60.32582],[21.17163,60.32147],[21.16022,60.30971]]],[[[21.15695,60.80755],[21.14467,60.81434],[21.15178,60.8238],[21.16956,60.81534],[21.17057,60.80804],[21.15695,60.80755]]],[[[21.16232,62.37628],[21.15713,62.38319],[21.17037,62.38522],[21.16924,62.3801],[21.16232,62.37628]]],[[[21.16136,60.85245],[21.16112,60.85705],[21.16978,60.85807],[21.17029,60.85398],[21.16136,60.85245]]],[[[21.15159,60.33915],[21.13844,60.34249],[21.14028,60.34838],[21.1553,60.3586],[21.16383,60.35961],[21.16846,60.35704],[21.16791,60.34987],[21.15706,60.34912],[21.16195,60.34579],[21.15159,60.33915]]],[[[21.16635,62.60523],[21.15139,62.61036],[21.15585,62.61329],[21.16584,62.61239],[21.16886,62.60752],[21.16635,62.60523]]],[[[21.15968,60.51494],[21.15734,60.5152],[21.16181,60.52543],[21.16803,60.5244],[21.15968,60.51494]]],[[[21.15926,63.35126],[21.15072,63.35127],[21.15415,63.35511],[21.16668,63.35445],[21.15926,63.35126]]],[[[21.15405,60.85962],[21.14909,60.86474],[21.1499,60.86909],[21.15675,60.87471],[21.16643,60.86831],[21.16011,60.86371],[21.16193,60.86039],[21.15405,60.85962]]],[[[21.16015,62.89506],[21.15044,62.89934],[21.15065,62.90223],[21.1641,62.90119],[21.16407,62.89633],[21.16015,62.89506]]],[[[21.15934,62.53987],[21.15025,62.54845],[21.15885,62.55228],[21.16407,62.5446],[21.15934,62.53987]]],[[[21.16174,59.99047],[21.15766,59.99086],[21.15664,59.99419],[21.1638,59.9929],[21.16174,59.99047]]],[[[21.1561,60.41771],[21.15456,60.42027],[21.15871,60.42256],[21.16336,60.42154],[21.16076,60.41783],[21.1561,60.41771]]],[[[21.15555,60.84452],[21.14326,60.84991],[21.14406,60.85324],[21.15718,60.85578],[21.15978,60.85066],[21.15555,60.84452]]],[[[21.15168,63.42622],[21.15111,63.42878],[21.15799,63.43069],[21.15911,63.42749],[21.15168,63.42622]]],[[[21.15622,60.44304],[21.14769,60.44612],[21.15005,60.45277],[21.15857,60.44687],[21.15622,60.44304]]],[[[21.15798,62.59615],[21.153,62.60038],[21.15856,62.60089],[21.15798,62.59615]]],[[[21.15021,60.37575],[21.14712,60.37703],[21.14768,60.38752],[21.15672,60.38597],[21.15747,60.38111],[21.15021,60.37575]]],[[[21.15326,60.36435],[21.14862,60.36577],[21.15201,60.37293],[21.15715,60.36857],[21.15326,60.36435]]],[[[21.15606,60.41208],[21.15116,60.41259],[21.15092,60.41669],[21.15713,60.41643],[21.15606,60.41208]]],[[[21.14676,62.45918],[21.14788,62.46301],[21.15422,62.46096],[21.14676,62.45918]]],[[[21.14815,63.18387],[21.13996,63.18873],[21.14365,63.1895],[21.14424,63.19551],[21.14962,63.19512],[21.15186,63.19051],[21.14815,63.18387]]],[[[21.14589,60.4497],[21.14178,60.45713],[21.15031,60.45379],[21.14589,60.4497]]],[[[21.14574,60.30051],[21.14163,60.30257],[21.14911,60.30512],[21.14574,60.30051]]],[[[21.14237,60.35579],[21.14239,60.35938],[21.1491,60.3586],[21.14237,60.35579]]],[[[21.14665,62.43667],[21.14115,62.44179],[21.14888,62.44229],[21.14665,62.43667]]],[[[21.14838,63.33913],[21.14385,63.34399],[21.14812,63.34399],[21.14838,63.33913]]],[[[21.14639,60.6754],[21.13884,60.67796],[21.14301,60.67898],[21.14639,60.6754]]],[[[21.1439,60.11627],[21.13802,60.12088],[21.13983,60.12318],[21.14596,60.11857],[21.1439,60.11627]]],[[[21.14139,62.60987],[21.13836,62.61549],[21.14446,62.61344],[21.14139,62.60987]]],[[[21.14071,60.6887],[21.1355,60.68974],[21.13655,60.69204],[21.14203,60.69203],[21.14071,60.6887]]],[[[21.12589,63.01302],[21.11718,63.01993],[21.12313,63.02581],[21.14004,63.02963],[21.12983,63.01404],[21.12589,63.01302]]],[[[21.13972,62.72753],[21.13389,62.73291],[21.13921,62.73623],[21.13972,62.72753]]],[[[21.13392,60.93717],[21.13104,60.94025],[21.13578,60.94177],[21.13892,60.93896],[21.13392,60.93717]]],[[[21.13334,60.29311],[21.12355,60.29504],[21.12382,60.29952],[21.13338,60.30283],[21.13594,60.30002],[21.13334,60.29311]]],[[[21.13005,62.55653],[21.12896,62.56051],[21.13506,62.55947],[21.13504,62.55691],[21.13005,62.55653]]],[[[21.13456,62.57277],[21.13125,62.57738],[21.13431,62.57763],[21.13456,62.57277]]],[[[21.1297,62.60347],[21.11861,62.60527],[21.12306,62.60834],[21.13083,62.60782],[21.1297,62.60347]]],[[[21.12559,63.33608],[21.12276,63.33992],[21.12506,63.34427],[21.13046,63.34298],[21.12559,63.33608]]],[[[21.12019,62.72115],[21.11798,62.72576],[21.12469,62.73138],[21.12943,62.72933],[21.12522,62.72447],[21.12132,62.72486],[21.12019,62.72115]]],[[[21.11623,62.42339],[21.11184,62.43005],[21.11517,62.43465],[21.1275,62.43456],[21.1168,62.42825],[21.11872,62.42492],[21.11623,62.42339]]],[[[21.11847,62.70952],[21.11459,62.71553],[21.12742,62.71782],[21.12544,62.7122],[21.11847,62.70952]]],[[[21.12346,63.23479],[21.11837,63.24145],[21.12546,63.24042],[21.12346,63.23479]]],[[[21.12346,60.81615],[21.12059,60.82025],[21.12506,60.82153],[21.12346,60.81615]]],[[[21.11789,62.98374],[21.11145,62.99026],[21.09038,62.99872],[21.0932,63.00153],[21.10278,63.00076],[21.105,62.99526],[21.11569,62.99666],[21.12155,62.98565],[21.11789,62.98374]]],[[[21.11696,62.6086],[21.11307,62.60937],[21.11217,62.61432],[21.11808,62.6132],[21.11696,62.6086]]],[[[21.10215,63.30566],[21.09846,63.30873],[21.09989,63.31129],[21.10757,63.31256],[21.10215,63.30566]]],[[[21.05796,62.53842],[21.05215,62.54008],[21.05604,62.54699],[21.05328,62.55211],[21.06189,62.56157],[21.05496,62.56259],[21.05358,62.56669],[21.06024,62.56643],[21.05914,62.57052],[21.06607,62.57333],[21.05776,62.5741],[21.05804,62.57794],[21.07524,62.58023],[21.08743,62.57613],[21.09629,62.56999],[21.09572,62.56641],[21.10486,62.56488],[21.10152,62.56103],[21.10678,62.55847],[21.10419,62.55659],[21.09376,62.56129],[21.09374,62.5549],[21.08624,62.54748],[21.08317,62.5393],[21.09839,62.53596],[21.09566,62.54722],[21.10009,62.54697],[21.10533,62.53877],[21.10529,62.52931],[21.07069,62.53035],[21.0624,62.54046],[21.05796,62.53842]]],[[[21.08464,63.34813],[21.07696,63.35018],[21.08067,63.35338],[21.07954,63.35606],[21.09208,63.35759],[21.0881,63.35977],[21.09381,63.36437],[21.10577,63.36346],[21.10576,63.35988],[21.09207,63.35503],[21.08863,63.34838],[21.08464,63.34813]]],[[[21.09552,63.36565],[21.08471,63.36949],[21.0927,63.37255],[21.1001,63.37037],[21.09552,63.36565]]],[[[21.09463,62.91609],[21.08453,62.91968],[21.08566,62.92352],[21.09634,62.92812],[21.09933,62.92699],[21.09996,62.92018],[21.09854,62.91635],[21.09463,62.91609]]],[[[21.09745,62.41649],[21.09359,62.41829],[21.09443,62.42315],[21.09939,62.4211],[21.09745,62.41649]]],[[[21.0984,60.84957],[21.09212,60.84957],[21.09056,60.85353],[21.0992,60.85174],[21.0984,60.84957]]],[[[21.09511,60.61953],[21.09172,60.61992],[21.09147,60.62324],[21.09746,60.62196],[21.09511,60.61953]]],[[[21.09364,60.83076],[21.08997,60.83281],[21.0947,60.83473],[21.09705,60.83255],[21.09364,60.83076]]],[[[21.07833,62.70097],[21.07639,62.70456],[21.05941,62.70648],[21.0508,62.71582],[21.0486,62.7391],[21.05446,62.74345],[21.05949,62.74575],[21.07566,62.74433],[21.08429,62.73909],[21.08372,62.73448],[21.09317,62.72706],[21.0951,62.7181],[21.08423,62.71709],[21.0842,62.70865],[21.07891,62.70839],[21.07833,62.70097]]],[[[21.09284,62.88782],[21.07968,62.89257],[21.08026,62.89692],[21.07549,62.89692],[21.07327,62.90715],[21.08169,62.90793],[21.09231,62.89563],[21.09284,62.88782]]],[[[21.07113,63.41157],[21.05316,63.41312],[21.05289,63.42399],[21.04776,63.42539],[21.05576,63.42795],[21.05234,63.43562],[21.06149,63.43703],[21.09061,63.43279],[21.09116,63.42615],[21.08487,63.42359],[21.08543,63.42013],[21.07114,63.41541],[21.0583,63.41721],[21.06144,63.41363],[21.07113,63.41157]]],[[[21.07523,60.13232],[21.06036,60.13706],[21.06396,60.1432],[21.07346,60.1432],[21.07578,60.14807],[21.08912,60.14549],[21.08755,60.13602],[21.07523,60.13232]]],[[[21.08604,63.4351],[21.0712,63.43651],[21.06664,63.44048],[21.08834,63.4397],[21.08604,63.4351]]],[[[21.07586,62.60492],[21.0706,62.60556],[21.07143,62.60965],[21.07532,62.61016],[21.07781,62.60709],[21.07586,62.60492]]],[[[21.06842,60.80647],[21.06529,60.81057],[21.06948,60.81056],[21.07183,60.80724],[21.06842,60.80647]]],[[[21.06624,62.52319],[21.06043,62.52575],[21.06017,62.53139],[21.0668,62.53112],[21.06873,62.52421],[21.06624,62.52319]]],[[[21.06705,60.14499],[21.05217,60.14884],[21.06345,60.15062],[21.06705,60.14499]]],[[[21.05771,62.97917],[21.04928,62.98186],[21.05884,62.98237],[21.05771,62.97917]]],[[[21.047,62.96907],[21.03971,62.97073],[21.03859,62.97483],[21.04984,62.98032],[21.05189,62.97785],[21.04787,62.97572],[21.05011,62.9706],[21.047,62.96907]]],[[[21.04411,62.90793],[21.03906,62.90998],[21.04019,62.91484],[21.04917,62.91586],[21.0486,62.91036],[21.04411,62.90793]]],[[[21.04018,60.83488],[21.00217,60.84641],[21.00663,60.84973],[21.01869,60.84998],[21.03391,60.84461],[21.04018,60.83488]]],[[[21.01496,60.71501],[21.0053,60.71898],[21.00477,60.72486],[21.03221,60.73484],[21.03273,60.72985],[21.02646,60.72895],[21.02019,60.72243],[21.0275,60.72192],[21.02227,60.71642],[21.01496,60.71501]]],[[[21.01915,63.33025],[21.01516,63.33127],[21.01915,63.33511],[21.02712,63.33511],[21.01915,63.33025]]],[[[20.98967,62.99798],[20.98657,63.00105],[20.99699,63.0008],[20.98967,62.99798]]],[[[20.98179,63.00258],[20.9787,63.00284],[20.97869,63.00975],[20.99417,63.00438],[20.98179,63.00258]]],[[[20.96997,62.99977],[20.96772,63.00514],[20.97673,63.00591],[20.96997,62.99977]]],[[[20.96047,62.95756],[20.94417,62.9628],[20.94528,62.96664],[20.96046,62.96421],[20.96047,62.95756]]],[[[20.87536,63.02261],[20.86294,63.02861],[20.86771,63.03117],[20.87759,63.02709],[20.87873,63.02402],[20.87536,63.02261]]],[[[20.83098,62.97085],[20.82215,62.97485],[20.81289,62.98677],[20.82574,62.98636],[20.82033,62.99684],[20.83156,63.00146],[20.83666,62.99482],[20.8479,62.99662],[20.85016,62.99381],[20.84121,62.98549],[20.83475,62.98382],[20.84266,62.97769],[20.8508,62.97999],[20.85362,62.97667],[20.86318,62.9772],[20.86879,62.97976],[20.86686,62.97183],[20.85842,62.97207],[20.84722,62.96516],[20.84865,62.96055],[20.8453,62.95697],[20.82727,62.96513],[20.82499,62.96948],[20.83098,62.97085]]],[[[20.86303,63.00968],[20.8568,63.01633],[20.86665,63.01659],[20.86668,63.01122],[20.86303,63.00968]]],[[[20.82624,63.04341],[20.8206,63.04519],[20.81945,63.04877],[20.81381,63.04851],[20.8087,63.05477],[20.82959,63.04955],[20.83388,63.05305],[20.81829,63.05401],[20.81879,63.06386],[20.838,63.05723],[20.83548,63.05467],[20.84762,63.05059],[20.85324,63.05367],[20.8572,63.05009],[20.84764,63.04663],[20.8296,63.04789],[20.82624,63.04341]]],[[[20.84193,63.06082],[20.83797,63.06184],[20.83795,63.06593],[20.84471,63.06811],[20.84582,63.07131],[20.85033,63.0708],[20.84895,63.06543],[20.84193,63.06082]]],[[[20.84411,63.07489],[20.83959,63.07604],[20.83957,63.07873],[20.84803,63.08001],[20.84749,63.07579],[20.84411,63.07489]]],[[[20.84281,63.00198],[20.83349,63.00709],[20.83402,63.014],[20.84048,63.01554],[20.84416,63.01222],[20.83938,63.01106],[20.84281,63.00198]]],[[[20.83557,63.08844],[20.82991,63.09201],[20.8361,63.09355],[20.83557,63.08844]]],[[[20.82751,63.11477],[20.82635,63.12065],[20.83284,63.12065],[20.82751,63.11477]]],[[[20.8233,63.06463],[20.81792,63.06692],[20.81988,63.07026],[20.82609,63.0695],[20.8233,63.06463]]],[[[20.81654,62.97305],[20.81203,62.97522],[20.81087,62.9802],[20.81791,62.97868],[20.81654,62.97305]]],[[[20.79145,63.10232],[20.7889,63.10372],[20.78999,63.10833],[20.7964,63.12036],[20.81107,63.12396],[20.81166,63.11987],[20.80745,63.11603],[20.81142,63.11528],[20.81201,63.10964],[20.80864,63.10529],[20.80443,63.10451],[20.80466,63.11065],[20.80156,63.11014],[20.79145,63.10232]]],[[[20.76276,63.08859],[20.76044,63.09524],[20.76837,63.09295],[20.76276,63.08859]]],[[[20.73256,63.11987],[20.73084,63.12256],[20.73592,63.12384],[20.73905,63.12078],[20.73256,63.11987]]],[[[20.73241,63.07472],[20.72534,63.07752],[20.72473,63.08187],[20.73146,63.08674],[20.73486,63.0847],[20.73551,63.07575],[20.73241,63.07472]]],[[[20.67248,63.23792],[20.66623,63.2388],[20.66446,63.24468],[20.682,63.24868],[20.6894,63.24729],[20.68378,63.24204],[20.67583,63.24228],[20.67248,63.23792]]],[[[20.67256,63.23089],[20.67251,63.23472],[20.67877,63.23424],[20.67256,63.23089]]],[[[20.61187,63.23061],[20.60079,63.23275],[20.601,63.23761],[20.61488,63.23919],[20.61187,63.23061]]]]}}]}