{"type":"FeatureCollection","features":[{"type":"Feature","properties":{"ISO_A3":"HRV","WB_A3":"HRV","WB_NAME":"Croatia","WB_REGION":"ECS"},"geometry":{"type":"MultiPolygon","coordinates":[[[[18.89055,45.92148],[18.9024,45.91885],[18.90552,45.91515],[18.90244,45.90978],[18.87702,45.90184],[18.87055,45.89349],[18.87646,45.88521],[18.90114,45.87378],[18.90336,45.86861],[18.88776,45.85909],[18.85966,45.86199],[18.85524,45.85911],[18.85783,45.84263],[18.84846,45.81477],[18.84931,45.80926],[18.86257,45.80611],[18.87645,45.80742],[18.88201,45.82111],[18.89357,45.82627],[18.91487,45.81991],[18.92304,45.80586],[18.91646,45.7849],[18.89208,45.77894],[18.88024,45.78289],[18.88972,45.77385],[18.89587,45.75053],[18.90641,45.7457],[18.91958,45.74549],[18.95833,45.76732],[18.96949,45.76475],[18.97214,45.76049],[18.9706,45.75156],[18.97872,45.74204],[18.97118,45.73153],[18.95838,45.72417],[18.9436,45.7241],[18.9262,45.72856],[18.90981,45.72188],[18.90852,45.71752],[18.91192,45.71181],[18.94039,45.71493],[18.96211,45.72151],[18.97433,45.71968],[18.97779,45.71265],[18.97674,45.70728],[18.97366,45.69901],[18.9674,45.69484],[18.95325,45.69683],[18.94408,45.70443],[18.91322,45.70774],[18.92822,45.68927],[18.95063,45.68534],[18.95857,45.67925],[18.97578,45.65629],[18.96629,45.64853],[18.94044,45.64431],[18.93751,45.64096],[18.93498,45.63304],[18.94517,45.63421],[18.95191,45.62702],[18.95053,45.62399],[18.93884,45.62124],[18.9249,45.62585],[18.91672,45.62226],[18.91396,45.61429],[18.928,45.61427],[18.94267,45.62085],[18.9452,45.61922],[18.943,45.61376],[18.94612,45.60722],[18.94312,45.60236],[18.93166,45.59802],[18.91281,45.60095],[18.91183,45.59327],[18.90014,45.58611],[18.89789,45.57233],[18.90719,45.56755],[18.92973,45.56507],[18.93339,45.5581],[18.92363,45.54989],[18.95038,45.53357],[18.99116,45.53977],[19.00758,45.55499],[19.01595,45.55751],[19.02568,45.55373],[19.03459,45.53499],[19.06997,45.531],[19.09564,45.51996],[19.10155,45.51054],[19.09758,45.49847],[19.08287,45.48781],[19.03641,45.48614],[19.00783,45.49693],[18.99709,45.49123],[18.99162,45.47979],[18.98738,45.44928],[18.99238,45.44149],[19.02853,45.42149],[19.02974,45.40988],[19.01997,45.40169],[18.98737,45.39905],[18.97714,45.39507],[18.97002,45.38737],[18.97096,45.37845],[18.9768,45.37187],[19.02238,45.34501],[19.08966,45.33738],[19.09857,45.32827],[19.09904,45.30816],[19.10234,45.30165],[19.10936,45.2955],[19.14217,45.28115],[19.1965,45.26518],[19.246,45.24582],[19.28623,45.23687],[19.34796,45.23154],[19.42114,45.23372],[19.42743,45.21747],[19.44738,45.19597],[19.42774,45.18763],[19.43596,45.17291],[19.41859,45.16576],[19.38707,45.17325],[19.37228,45.17048],[19.3629,45.17341],[19.35439,45.16905],[19.35476,45.16468],[19.34946,45.16479],[19.34709,45.17163],[19.32982,45.17698],[19.33241,45.18111],[19.31852,45.20782],[19.28294,45.20563],[19.28783,45.19495],[19.28132,45.19308],[19.2938,45.17842],[19.28883,45.17107],[19.27798,45.17151],[19.27268,45.17583],[19.25015,45.17267],[19.24746,45.17783],[19.23774,45.17536],[19.22692,45.18488],[19.21409,45.18791],[19.19101,45.20111],[19.17652,45.20254],[19.16906,45.19738],[19.16596,45.18984],[19.19466,45.17902],[19.187,45.16593],[19.1421,45.12992],[19.12003,45.13377],[19.08642,45.14546],[19.08758,45.13853],[19.07791,45.12795],[19.07657,45.11408],[19.08414,45.11152],[19.08195,45.11],[19.08401,45.10734],[19.09329,45.10165],[19.09165,45.09271],[19.10588,45.07927],[19.09525,45.05855],[19.10432,45.05341],[19.10515,45.04973],[19.09446,45.03754],[19.09901,45.03292],[19.09759,45.02543],[19.10275,45.01088],[19.09611,45.00534],[19.09262,44.99475],[19.0861,44.99351],[19.07959,44.98678],[19.05435,44.97985],[19.05272,44.97669],[19.07534,44.97119],[19.08705,44.97439],[19.09298,44.97107],[19.10955,44.96993],[19.11887,44.97574],[19.13813,44.98087],[19.14763,44.97544],[19.14702,44.95714],[19.15384,44.95781],[19.15595,44.95288],[19.14349,44.94744],[19.14315,44.94098],[19.12527,44.93874],[19.08739,44.92541],[19.08066,44.91343],[19.08701,44.91048],[19.0675,44.90111],[19.04455,44.9122],[19.03493,44.92174],[19.0143,44.92094],[18.99792,44.91537],[18.98913,44.90574],[18.9925,44.89442],[19.00282,44.88498],[19.02129,44.85527],[18.97254,44.84982],[18.85016,44.85443],[18.81938,44.87836],[18.79855,44.88503],[18.76888,44.90176],[18.76289,44.91063],[18.7727,44.91911],[18.77172,44.92142],[18.75331,44.9324],[18.75045,44.94109],[18.76243,44.94398],[18.78719,44.93434],[18.80341,44.93816],[18.8053,44.94317],[18.78989,44.95539],[18.7844,44.97296],[18.79653,44.99035],[18.79309,44.99494],[18.76439,44.99961],[18.75273,44.99812],[18.74437,44.99324],[18.73188,44.9927],[18.72739,44.99667],[18.73654,45.00986],[18.73656,45.01813],[18.72203,45.02507],[18.71576,45.0369],[18.69207,45.04073],[18.6677,45.06213],[18.66831,45.06518],[18.68374,45.07193],[18.68721,45.0799],[18.68023,45.09105],[18.67229,45.09489],[18.66096,45.08996],[18.65498,45.08029],[18.65412,45.07481],[18.66063,45.06075],[18.65825,45.05709],[18.65259,45.05627],[18.64205,45.06138],[18.61334,45.06191],[18.60642,45.06537],[18.60949,45.07265],[18.63432,45.08379],[18.63528,45.09163],[18.62812,45.09589],[18.62235,45.09464],[18.61839,45.08303],[18.61157,45.08012],[18.59848,45.08249],[18.58648,45.09165],[18.57113,45.0952],[18.56736,45.09253],[18.56938,45.08924],[18.57893,45.08352],[18.58306,45.07711],[18.57595,45.0668],[18.57081,45.0692],[18.5673,45.08008],[18.55051,45.09146],[18.53616,45.09315],[18.53025,45.08663],[18.5464,45.08049],[18.55111,45.0746],[18.5358,45.05993],[18.53507,45.04455],[18.53026,45.04537],[18.53034,45.0544],[18.5241,45.06092],[18.50739,45.05689],[18.49171,45.06172],[18.4798,45.06087],[18.47064,45.0659],[18.44836,45.08135],[18.4322,45.10383],[18.42096,45.10914],[18.40641,45.11066],[18.32166,45.10138],[18.30664,45.11544],[18.29156,45.11338],[18.27891,45.11659],[18.27756,45.13179],[18.27365,45.13566],[18.25922,45.1393],[18.23632,45.13609],[18.20982,45.12199],[18.21043,45.10942],[18.21909,45.10257],[18.22109,45.09717],[18.20143,45.08034],[18.17181,45.07722],[18.14637,45.08568],[18.11805,45.08059],[18.10558,45.08625],[18.09367,45.09904],[18.07129,45.10692],[18.07376,45.11137],[18.08437,45.11651],[18.08507,45.12089],[18.0704,45.14098],[18.05817,45.14335],[18.04586,45.14048],[18.04134,45.12858],[18.03707,45.12539],[18.03036,45.12942],[18.02118,45.14775],[18.0057,45.15181],[17.99659,45.14997],[17.98159,45.14041],[17.97646,45.13456],[17.97479,45.12391],[17.96546,45.11436],[17.94257,45.11165],[17.93126,45.10593],[17.92961,45.10062],[17.93652,45.08706],[17.9357,45.0811],[17.92247,45.0763],[17.90022,45.05918],[17.86557,45.04496],[17.85406,45.04372],[17.82472,45.05274],[17.80363,45.06543],[17.78425,45.08297],[17.76038,45.08462],[17.71462,45.11185],[17.69459,45.11588],[17.67116,45.13328],[17.6512,45.13161],[17.63212,45.12283],[17.62609,45.11509],[17.5973,45.10605],[17.57931,45.11616],[17.57369,45.11586],[17.56495,45.10941],[17.55563,45.1087],[17.55679,45.12424],[17.55176,45.12957],[17.54539,45.12989],[17.541,45.12783],[17.54168,45.11927],[17.53374,45.11026],[17.51621,45.10824],[17.50065,45.11427],[17.48198,45.11034],[17.47968,45.11334],[17.48189,45.11708],[17.49216,45.12342],[17.49285,45.13524],[17.48763,45.13701],[17.46953,45.12619],[17.45338,45.12622],[17.44846,45.12925],[17.45541,45.14789],[17.44956,45.15991],[17.43862,45.15903],[17.43219,45.14494],[17.41245,45.13435],[17.35204,45.13985],[17.34152,45.14348],[17.32958,45.15272],[17.33019,45.16512],[17.31136,45.16607],[17.31126,45.17493],[17.30665,45.17663],[17.2885,45.17513],[17.27395,45.18946],[17.27028,45.18798],[17.25626,45.15622],[17.24811,45.14717],[17.17307,45.14847],[17.11183,45.17653],[17.06908,45.19163],[17.06272,45.19894],[17.05179,45.20068],[17.04219,45.20997],[17.03913,45.22447],[17.03574,45.22568],[17.02231,45.21438],[17.01019,45.21431],[17.00871,45.22014],[17.01433,45.22845],[17.02183,45.2327],[17.0215,45.23603],[17.00522,45.23797],[17.00694,45.22979],[17.0037,45.22271],[16.98772,45.22365],[16.98249,45.22998],[16.98533,45.24046],[16.98239,45.24576],[16.97268,45.25125],[16.96754,45.25068],[16.96146,45.24494],[16.96189,45.24242],[16.97389,45.23898],[16.97731,45.23394],[16.97423,45.22768],[16.95428,45.23176],[16.93867,45.22722],[16.93605,45.24415],[16.95263,45.25224],[16.95381,45.25727],[16.94223,45.26317],[16.93869,45.27377],[16.93313,45.27637],[16.91901,45.27252],[16.91375,45.25725],[16.9041,45.2505],[16.89592,45.25162],[16.89201,45.25817],[16.88276,45.25716],[16.88278,45.25464],[16.89365,45.25152],[16.89426,45.24851],[16.87836,45.24683],[16.87045,45.24224],[16.87229,45.24032],[16.87987,45.24394],[16.88206,45.2418],[16.8834,45.22773],[16.8809,45.22461],[16.87579,45.22675],[16.8765,45.23216],[16.86637,45.23217],[16.86337,45.22783],[16.86864,45.22349],[16.87913,45.22326],[16.87934,45.21984],[16.86335,45.21798],[16.86235,45.2131],[16.85395,45.2047],[16.85027,45.20757],[16.85486,45.2146],[16.84007,45.22109],[16.83549,45.21956],[16.83523,45.21294],[16.84372,45.20232],[16.84301,45.19432],[16.82657,45.18642],[16.81226,45.18459],[16.7973,45.18737],[16.73265,45.20729],[16.69365,45.19672],[16.62899,45.21386],[16.61924,45.2233],[16.59839,45.23129],[16.57882,45.2239],[16.55061,45.22139],[16.53562,45.22692],[16.51955,45.22342],[16.49097,45.2072],[16.48441,45.19077],[16.4739,45.18169],[16.47867,45.16122],[16.47116,45.15632],[16.46231,45.14165],[16.4446,45.13377],[16.43489,45.12582],[16.40887,45.12049],[16.39412,45.11222],[16.394,45.10368],[16.40272,45.09862],[16.38705,45.08281],[16.38334,45.05345],[16.37433,45.05131],[16.35597,45.03167],[16.35854,45.01174],[16.35443,45.00309],[16.34823,45.00109],[16.32734,45.00225],[16.31252,44.9983],[16.30561,45.00078],[16.28876,44.99569],[16.28524,45.00713],[16.27366,45.00614],[16.27282,45.01408],[16.26865,45.01685],[16.26254,45.01686],[16.25734,45.01107],[16.25292,45.01438],[16.23458,45.01489],[16.22976,45.0172],[16.22928,45.02449],[16.20534,45.03302],[16.19418,45.03077],[16.18608,45.04639],[16.17686,45.0512],[16.17514,45.06259],[16.17023,45.06661],[16.17393,45.07036],[16.17195,45.07266],[16.13856,45.09054],[16.13138,45.08664],[16.12071,45.09335],[16.10872,45.09279],[16.10276,45.09966],[16.08976,45.10438],[16.08447,45.1106],[16.08603,45.13206],[16.07835,45.14214],[16.05419,45.16082],[16.05119,45.17143],[16.04626,45.1726],[16.04868,45.17833],[16.01564,45.17979],[16.01467,45.18311],[16.03006,45.20063],[16.02347,45.20072],[16.01571,45.21621],[15.99337,45.22127],[15.97838,45.23038],[15.96543,45.2216],[15.95707,45.22082],[15.94405,45.21323],[15.9404,45.21475],[15.92716,45.2109],[15.92728,45.21406],[15.92175,45.21379],[15.92642,45.22368],[15.91938,45.23039],[15.91381,45.22477],[15.90926,45.22442],[15.8922,45.22923],[15.88845,45.22428],[15.8939,45.22189],[15.89388,45.21664],[15.88619,45.2201],[15.87594,45.21808],[15.87191,45.22069],[15.8569,45.21684],[15.84809,45.22412],[15.83838,45.22414],[15.82686,45.21725],[15.83192,45.21284],[15.82684,45.20744],[15.8217,45.20626],[15.81249,45.21056],[15.80739,45.20806],[15.80952,45.20555],[15.80272,45.20364],[15.80152,45.19843],[15.78497,45.19179],[15.77654,45.18339],[15.77806,45.17595],[15.76502,45.16657],[15.76943,45.15131],[15.77624,45.14442],[15.77486,45.14101],[15.78207,45.13592],[15.77769,45.13078],[15.79115,45.11536],[15.78004,45.10407],[15.77902,45.0952],[15.77055,45.0934],[15.76891,45.08942],[15.77438,45.08391],[15.76924,45.0815],[15.77159,45.07682],[15.74883,45.06529],[15.74508,45.06018],[15.75376,45.05407],[15.75331,45.04727],[15.75909,45.03804],[15.7567,45.03562],[15.76282,45.02818],[15.76148,45.02533],[15.76639,45.02256],[15.76475,45.01921],[15.77138,45.00893],[15.78143,45.00395],[15.78207,44.99775],[15.78574,44.99531],[15.78233,44.99325],[15.78359,44.98764],[15.78067,44.98363],[15.78353,44.97329],[15.77895,44.96883],[15.7711,44.97171],[15.74974,44.96788],[15.74547,44.95489],[15.75022,44.95143],[15.73669,44.93563],[15.76067,44.88736],[15.76023,44.8696],[15.79331,44.84664],[15.76156,44.82952],[15.72873,44.82531],[15.74276,44.80921],[15.74076,44.80075],[15.76939,44.77203],[15.77161,44.76529],[15.78166,44.75439],[15.7821,44.74947],[15.81009,44.73916],[15.8169,44.72443],[15.83487,44.71377],[15.85269,44.73628],[15.86498,44.73341],[15.8652,44.72994],[15.87121,44.72686],[15.87402,44.72955],[15.87941,44.72827],[15.88409,44.735],[15.88305,44.74248],[15.89408,44.74934],[15.90235,44.74558],[15.90136,44.74171],[15.91157,44.73421],[15.93256,44.70749],[15.93751,44.71101],[15.95512,44.71091],[15.95651,44.70453],[15.95273,44.70094],[15.95897,44.69272],[15.96574,44.69084],[15.9677,44.67857],[15.97271,44.67329],[15.98702,44.66834],[15.99649,44.66005],[16.01408,44.65477],[16.02149,44.65691],[16.03136,44.65373],[16.0319,44.64867],[16.04238,44.63628],[16.04283,44.62968],[16.04804,44.62483],[16.05455,44.62567],[16.05517,44.61143],[16.05787,44.60894],[16.055,44.6065],[16.05263,44.60934],[16.04665,44.60872],[16.04826,44.60425],[16.04319,44.60009],[16.0491,44.59593],[16.04142,44.58888],[16.02412,44.58952],[16.01737,44.58525],[16.01869,44.5627],[16.05508,44.5384],[16.07883,44.53578],[16.1089,44.52605],[16.12287,44.51213],[16.12221,44.50468],[16.13145,44.49129],[16.13001,44.48651],[16.14107,44.47975],[16.13582,44.47191],[16.13783,44.46404],[16.13263,44.46051],[16.13143,44.4551],[16.13924,44.45394],[16.14338,44.4485],[16.14215,44.44268],[16.13839,44.44073],[16.14317,44.42217],[16.14587,44.41948],[16.15312,44.42273],[16.17229,44.40264],[16.15925,44.39501],[16.15003,44.39677],[16.13907,44.3925],[16.13572,44.39545],[16.12795,44.39461],[16.13133,44.37796],[16.14444,44.37541],[16.15512,44.38035],[16.16873,44.37482],[16.17534,44.36696],[16.20618,44.36007],[16.21871,44.34814],[16.21604,44.34133],[16.20019,44.33081],[16.19494,44.31521],[16.18871,44.30953],[16.18715,44.2946],[16.19226,44.28349],[16.19098,44.2712],[16.19596,44.26],[16.20081,44.2566],[16.19958,44.25239],[16.21006,44.25003],[16.21824,44.23986],[16.22001,44.22589],[16.21561,44.22426],[16.21214,44.2169],[16.20552,44.21819],[16.18416,44.21321],[16.20716,44.21721],[16.22643,44.20958],[16.23176,44.20184],[16.23784,44.20102],[16.26278,44.17656],[16.28982,44.16236],[16.29488,44.15379],[16.3062,44.14775],[16.30967,44.14323],[16.30826,44.12669],[16.31248,44.12485],[16.31847,44.11449],[16.33393,44.11256],[16.35927,44.10198],[16.3695,44.08212],[16.37735,44.08015],[16.38382,44.08351],[16.40174,44.07959],[16.42765,44.08318],[16.44218,44.06693],[16.43581,44.05494],[16.43895,44.03754],[16.43664,44.0307],[16.44791,44.02826],[16.4821,44.02947],[16.50224,44.02437],[16.51572,44.00419],[16.53671,43.98639],[16.54434,43.97418],[16.55014,43.95356],[16.58753,43.9432],[16.59033,43.93757],[16.59953,43.93468],[16.60986,43.91708],[16.62605,43.90203],[16.66357,43.87743],[16.66883,43.87777],[16.68454,43.86616],[16.71023,43.85484],[16.72031,43.83215],[16.71769,43.82995],[16.72038,43.82583],[16.71907,43.80683],[16.72646,43.79973],[16.72469,43.79627],[16.72896,43.79148],[16.75279,43.76969],[16.80005,43.76297],[16.81155,43.75551],[16.825,43.73238],[16.87259,43.70656],[16.87759,43.6945],[16.88279,43.69206],[16.88539,43.68586],[16.9085,43.67479],[16.9197,43.65864],[16.92746,43.65505],[16.9318,43.64385],[16.97102,43.61805],[16.9966,43.58456],[17.00802,43.57581],[17.03664,43.55925],[17.08255,43.54294],[17.08917,43.53441],[17.1236,43.51791],[17.13098,43.50778],[17.13901,43.50675],[17.14877,43.49534],[17.17259,43.4946],[17.17679,43.492],[17.18867,43.49874],[17.22394,43.49798],[17.26867,43.47948],[17.27856,43.47155],[17.28611,43.4631],[17.28376,43.4346],[17.26957,43.4151],[17.25246,43.40049],[17.26124,43.39288],[17.26555,43.37267],[17.31084,43.29838],[17.32155,43.28754],[17.32751,43.28558],[17.33409,43.26809],[17.33165,43.26609],[17.33838,43.25752],[17.34212,43.25364],[17.35847,43.24974],[17.40019,43.24441],[17.41783,43.23412],[17.42343,43.22897],[17.4327,43.20428],[17.42702,43.18877],[17.43151,43.17859],[17.43793,43.18035],[17.45065,43.17715],[17.47506,43.16151],[17.58015,43.11903],[17.64129,43.08871],[17.66885,43.04139],[17.66902,43.03578],[17.68309,43.02062],[17.70217,42.9848],[17.71209,42.97301],[17.68999,42.9652],[17.65021,42.95889],[17.62997,42.94716],[17.61324,42.94169],[17.5812,42.93835],[17.57752,42.94232],[17.55203,42.94238],[17.54585,42.94508],[17.54588,42.94149],[17.53696,42.9413],[17.51575,42.95217],[17.50462,42.96216],[17.50555,42.96779],[17.49339,42.96946],[17.48984,42.97249],[17.48859,42.98035],[17.47717,42.98329],[17.47267,42.98878],[17.47368,42.99645],[17.47892,42.99634],[17.47899,43.0025],[17.46739,43.00095],[17.4639,43.00988],[17.46876,43.00888],[17.46809,43.01402],[17.46346,43.0208],[17.45164,43.02259],[17.47152,43.0341],[17.51743,43.04464],[17.54752,43.03628],[17.55385,43.02446],[17.56149,43.01877],[17.57646,43.01715],[17.585,43.02068],[17.56326,43.01937],[17.55744,43.02233],[17.54895,43.03689],[17.51991,43.04536],[17.48539,43.0397],[17.45579,43.02571],[17.46045,43.03292],[17.45954,43.03628],[17.45312,43.0377],[17.44495,43.03454],[17.44538,43.02786],[17.44081,43.02718],[17.43883,43.03031],[17.42617,43.02852],[17.46191,43.04765],[17.47336,43.04509],[17.47282,43.04908],[17.4622,43.05034],[17.42522,43.03098],[17.42307,43.04296],[17.42967,43.04628],[17.4239,43.04628],[17.42416,43.04858],[17.43482,43.05272],[17.42826,43.05491],[17.4247,43.06217],[17.41954,43.05561],[17.42227,43.04939],[17.41773,43.04513],[17.41861,43.04074],[17.40569,43.04153],[17.39438,43.05665],[17.3786,43.06468],[17.36222,43.08478],[17.35622,43.08362],[17.34793,43.10021],[17.34474,43.10387],[17.3388,43.10425],[17.33525,43.11228],[17.32117,43.11949],[17.30198,43.12155],[17.29831,43.12663],[17.29062,43.12717],[17.28547,43.12997],[17.28195,43.13876],[17.26223,43.14582],[17.25823,43.15142],[17.25259,43.15051],[17.24856,43.15533],[17.24252,43.15301],[17.22309,43.16353],[17.19967,43.17027],[17.18492,43.1694],[17.18157,43.17382],[17.16729,43.17666],[17.16167,43.18626],[17.15313,43.19258],[17.13669,43.19392],[17.13505,43.19729],[17.1119,43.20747],[17.10591,43.22708],[17.077,43.23351],[17.07553,43.24175],[17.06242,43.24866],[17.06311,43.25352],[17.05433,43.26908],[17.01839,43.28666],[17.0198,43.29228],[17.01087,43.29295],[17.01367,43.29803],[17.00213,43.30491],[16.97181,43.33443],[16.96178,43.33948],[16.94851,43.35331],[16.94761,43.3582],[16.92265,43.36978],[16.91521,43.37927],[16.89821,43.38674],[16.88597,43.40068],[16.87285,43.39755],[16.83422,43.40023],[16.76408,43.40878],[16.74961,43.40733],[16.72513,43.41297],[16.71158,43.41933],[16.70337,43.43421],[16.69531,43.44177],[16.67727,43.43883],[16.65233,43.44137],[16.64413,43.43764],[16.64012,43.43898],[16.63834,43.44491],[16.6292,43.44555],[16.62445,43.45229],[16.58178,43.46405],[16.53738,43.4916],[16.53379,43.50282],[16.5296,43.50428],[16.51857,43.50032],[16.46608,43.50191],[16.45825,43.49867],[16.44811,43.50239],[16.44033,43.50108],[16.4415,43.50607],[16.43626,43.5078],[16.42965,43.50417],[16.43242,43.50234],[16.43044,43.50056],[16.42551,43.5005],[16.40022,43.50479],[16.39959,43.50787],[16.38901,43.50762],[16.40167,43.51401],[16.42587,43.51602],[16.4281,43.52061],[16.42142,43.52185],[16.42183,43.52402],[16.43118,43.52416],[16.43925,43.53009],[16.44172,43.52993],[16.43985,43.52534],[16.44457,43.52374],[16.44701,43.52987],[16.46389,43.52798],[16.46752,43.53204],[16.47422,43.53221],[16.47534,43.53476],[16.46763,43.53679],[16.43981,43.53855],[16.43676,43.54411],[16.42269,43.5457],[16.40631,43.54432],[16.39171,43.54839],[16.3466,43.5506],[16.30965,43.53896],[16.3067,43.53284],[16.2949,43.52553],[16.27162,43.52528],[16.25096,43.51524],[16.2235,43.51772],[16.21209,43.51104],[16.19799,43.51119],[16.18168,43.50674],[16.18012,43.5083],[16.18352,43.51096],[16.17792,43.51281],[16.15922,43.51236],[16.15682,43.51572],[16.1427,43.51509],[16.13138,43.51974],[16.1279,43.51575],[16.1177,43.51701],[16.11407,43.5114],[16.13063,43.51085],[16.13268,43.50711],[16.17415,43.50015],[16.17699,43.49216],[16.17034,43.48543],[16.1329,43.48093],[16.11047,43.48821],[16.11287,43.48421],[16.12775,43.47906],[16.12217,43.47244],[16.11438,43.47085],[16.09222,43.4726],[16.0855,43.4781],[16.07892,43.47799],[16.07934,43.48158],[16.06654,43.48503],[16.06198,43.4761],[16.05597,43.47538],[16.04725,43.48047],[16.04159,43.47911],[16.03899,43.48195],[16.04141,43.48899],[16.02771,43.49193],[16.02171,43.4916],[16.02019,43.4852],[16.0148,43.4891],[16.0187,43.4906],[16.01746,43.50062],[16.01358,43.50144],[16.01423,43.49732],[16.00519,43.49444],[16.00673,43.49148],[16.00153,43.48639],[15.99332,43.49057],[16.00086,43.49872],[15.98024,43.49915],[15.97842,43.49532],[15.97348,43.49523],[15.97306,43.50229],[15.96264,43.50058],[15.95108,43.5053],[15.95254,43.5085],[15.96173,43.51009],[15.95145,43.51761],[15.97323,43.5123],[15.98082,43.513],[15.98867,43.51884],[15.98224,43.52454],[15.98092,43.52994],[15.98101,43.53558],[15.98617,43.53849],[15.97562,43.54076],[15.97479,43.53307],[15.96772,43.53185],[15.97155,43.52899],[15.97318,43.52025],[15.96772,43.52107],[15.96684,43.53211],[15.9621,43.53356],[15.96324,43.52752],[15.95633,43.5254],[15.95337,43.52786],[15.95902,43.53936],[15.93336,43.54522],[15.92536,43.55247],[15.92474,43.55838],[15.94365,43.56028],[15.91786,43.56998],[15.91598,43.57385],[15.92855,43.57657],[15.93197,43.58065],[15.92973,43.58451],[15.91815,43.58923],[15.92527,43.59302],[15.92569,43.59712],[15.92008,43.59999],[15.91896,43.60718],[15.92586,43.60815],[15.91652,43.62106],[15.91871,43.62566],[15.91203,43.62802],[15.92271,43.63294],[15.92973,43.62994],[15.97073,43.63165],[15.94396,43.63675],[15.93735,43.64347],[15.91753,43.64094],[15.90555,43.6436],[15.91908,43.65017],[15.92098,43.64746],[15.92718,43.64792],[15.92939,43.6538],[15.94614,43.64007],[15.95002,43.64003],[15.94745,43.64493],[15.94987,43.65312],[15.94529,43.65367],[15.9443,43.65804],[15.93973,43.65975],[15.93842,43.66656],[15.93137,43.6679],[15.92861,43.67216],[15.94449,43.67023],[15.94724,43.67675],[15.95489,43.67938],[15.95763,43.68539],[15.9452,43.69281],[15.93952,43.6917],[15.94623,43.67984],[15.94383,43.67344],[15.92795,43.67511],[15.92437,43.67206],[15.89437,43.6995],[15.89041,43.69466],[15.8805,43.69448],[15.8686,43.70329],[15.85533,43.71494],[15.86017,43.71952],[15.85863,43.72339],[15.88099,43.72809],[15.88629,43.72715],[15.88832,43.72111],[15.89917,43.71332],[15.90453,43.71636],[15.89593,43.72105],[15.89969,43.7241],[15.8987,43.72872],[15.88852,43.7347],[15.8886,43.74009],[15.88366,43.74064],[15.88217,43.74442],[15.85069,43.76219],[15.84904,43.77042],[15.84481,43.77224],[15.8526,43.7845],[15.85107,43.78926],[15.86416,43.7875],[15.87483,43.79062],[15.88255,43.78556],[15.88225,43.7898],[15.89258,43.79331],[15.89368,43.79612],[15.88627,43.79785],[15.88195,43.80507],[15.88428,43.80723],[15.8952,43.80291],[15.89808,43.80558],[15.91438,43.80609],[15.93977,43.82077],[15.92516,43.81563],[15.92093,43.81682],[15.91782,43.81094],[15.90944,43.80729],[15.89564,43.80842],[15.88582,43.81556],[15.88121,43.81508],[15.88111,43.82073],[15.87675,43.82538],[15.85811,43.83566],[15.85204,43.83198],[15.85199,43.8289],[15.8391,43.83208],[15.84202,43.8259],[15.85762,43.81346],[15.85776,43.81115],[15.85351,43.8108],[15.85962,43.80447],[15.85725,43.79987],[15.86192,43.79188],[15.84933,43.7912],[15.84957,43.78324],[15.84353,43.782],[15.84507,43.77789],[15.82723,43.7811],[15.84388,43.76917],[15.8487,43.75913],[15.86887,43.74602],[15.87619,43.73839],[15.87853,43.72901],[15.85499,43.72854],[15.85582,43.72495],[15.85125,43.72652],[15.84694,43.72245],[15.80684,43.73967],[15.78858,43.75058],[15.78195,43.75806],[15.77413,43.75607],[15.7723,43.75146],[15.75815,43.75181],[15.74083,43.75436],[15.737,43.75965],[15.72743,43.75868],[15.72856,43.76381],[15.72075,43.76219],[15.70064,43.76847],[15.69387,43.76479],[15.69537,43.77197],[15.68442,43.77434],[15.68364,43.78359],[15.67182,43.78802],[15.66095,43.79783],[15.64148,43.7991],[15.61543,43.81502],[15.61764,43.82322],[15.63026,43.8102],[15.63417,43.81107],[15.63778,43.81734],[15.65265,43.8161],[15.66743,43.80716],[15.67381,43.80738],[15.6792,43.7985],[15.68275,43.79924],[15.68245,43.80361],[15.67671,43.81339],[15.66222,43.8163],[15.66261,43.82015],[15.65766,43.82056],[15.65558,43.82506],[15.63937,43.83414],[15.63405,43.83314],[15.62458,43.84346],[15.58917,43.84801],[15.58146,43.85703],[15.57421,43.85886],[15.57745,43.86398],[15.57552,43.86681],[15.568,43.85889],[15.55844,43.85997],[15.56059,43.86303],[15.5581,43.87201],[15.55428,43.87089],[15.5338,43.88113],[15.53577,43.88343],[15.52887,43.88577],[15.53564,43.88805],[15.5346,43.89087],[15.52367,43.89913],[15.50634,43.90665],[15.49712,43.90721],[15.48902,43.91468],[15.46666,43.9158],[15.45536,43.92303],[15.4508,43.93011],[15.44583,43.93077],[15.43967,43.93747],[15.44006,43.94208],[15.44522,43.94386],[15.44012,43.95106],[15.42227,43.96217],[15.40667,43.96684],[15.39413,43.97792],[15.38639,43.99077],[15.36814,43.9993],[15.3613,44.01421],[15.34238,44.0312],[15.3328,44.03559],[15.30755,44.03746],[15.31012,44.05208],[15.29269,44.05341],[15.28241,44.06164],[15.28351,44.0678],[15.27591,44.0786],[15.27683,44.08424],[15.25623,44.09686],[15.24164,44.09817],[15.21999,44.11721],[15.2264,44.11732],[15.22322,44.1231],[15.22536,44.12541],[15.20436,44.12955],[15.20259,44.13315],[15.21116,44.13736],[15.21083,44.14571],[15.17421,44.17399],[15.15711,44.17966],[15.16104,44.18068],[15.16141,44.18607],[15.14395,44.19302],[15.1436,44.19649],[15.15788,44.19967],[15.15881,44.2161],[15.16631,44.21762],[15.1658,44.22558],[15.16154,44.23226],[15.15689,44.23162],[15.14728,44.23972],[15.13265,44.23999],[15.13267,44.24872],[15.12517,44.24847],[15.12482,44.25475],[15.11341,44.25759],[15.11378,44.26452],[15.12593,44.26874],[15.12719,44.27695],[15.12524,44.28131],[15.12059,44.28016],[15.11721,44.2844],[15.11883,44.29094],[15.09598,44.29802],[15.08311,44.29713],[15.07614,44.29418],[15.07488,44.28636],[15.05238,44.28406],[15.04559,44.28573],[15.02381,44.30473],[15.01756,44.3191],[15.01917,44.32551],[15.03043,44.32807],[15.0374,44.32345],[15.04956,44.32473],[15.05384,44.31883],[15.07278,44.31933],[15.07313,44.316],[15.08242,44.30983],[15.10136,44.30982],[15.1026,44.30674],[15.11849,44.30082],[15.12669,44.29183],[15.13419,44.29182],[15.13167,44.28464],[15.12595,44.28157],[15.12809,44.27695],[15.13237,44.27399],[15.14095,44.27988],[15.14487,44.27808],[15.178,44.24994],[15.17656,44.24327],[15.18155,44.24121],[15.18478,44.24621],[15.18869,44.24325],[15.18942,44.2471],[15.20298,44.24694],[15.21319,44.25578],[15.20378,44.27247],[15.19629,44.27428],[15.19113,44.28096],[15.19562,44.28647],[15.20738,44.28042],[15.21363,44.2799],[15.21615,44.28374],[15.20564,44.29107],[15.19421,44.29353],[15.19261,44.29687],[15.1978,44.2975],[15.2331,44.28153],[15.24413,44.26957],[15.24948,44.26879],[15.26157,44.25799],[15.2915,44.24547],[15.29937,44.24814],[15.29959,44.25635],[15.28874,44.26485],[15.28788,44.27178],[15.28184,44.27847],[15.28382,44.28115],[15.30095,44.27829],[15.30776,44.28379],[15.29853,44.29484],[15.28285,44.30207],[15.27147,44.31441],[15.26077,44.31854],[15.26528,44.32854],[15.27763,44.33197],[15.27546,44.32595],[15.30008,44.31755],[15.33232,44.30014],[15.33283,44.29578],[15.32871,44.29348],[15.3442,44.28432],[15.372,44.27487],[15.40152,44.25758],[15.41757,44.25432],[15.42761,44.26069],[15.44262,44.26295],[15.46382,44.25658],[15.46579,44.25823],[15.46934,44.25476],[15.48968,44.25352],[15.52173,44.24478],[15.52265,44.24785],[15.53674,44.24651],[15.53507,44.25947],[15.5269,44.264],[15.52694,44.26836],[15.51055,44.27305],[15.47819,44.26806],[15.4763,44.27756],[15.46813,44.28299],[15.46135,44.28353],[15.45954,44.27994],[15.45453,44.27945],[15.43858,44.29491],[15.43039,44.29853],[15.42793,44.30444],[15.40693,44.31709],[15.33879,44.33733],[15.3388,44.33989],[15.32169,44.34892],[15.30776,44.35101],[15.30707,44.3564],[15.27779,44.36495],[15.21631,44.42435],[15.18395,44.44057],[15.18147,44.44801],[15.17484,44.44854],[15.17432,44.45187],[15.16323,44.456],[15.16163,44.46062],[15.15643,44.46024],[15.13603,44.47091],[15.13641,44.47707],[15.13067,44.47656],[15.12495,44.4817],[15.11173,44.50147],[15.10886,44.50173],[15.10922,44.50481],[15.08164,44.51997],[15.07878,44.52536],[15.06587,44.52947],[15.04149,44.55181],[15.02158,44.56105],[15.01459,44.55926],[15.00777,44.56336],[15.00579,44.56952],[14.98838,44.57388],[14.99126,44.5785],[14.98731,44.57773],[14.98623,44.58158],[14.98192,44.58235],[14.97905,44.59312],[14.96539,44.60569],[14.96755,44.60954],[14.96395,44.61313],[14.96323,44.62493],[14.93662,44.64596],[14.92582,44.65776],[14.92976,44.66623],[14.92077,44.67084],[14.91968,44.67623],[14.90852,44.68366],[14.90924,44.68815],[14.90384,44.68789],[14.89447,44.69981],[14.8959,44.70417],[14.89047,44.72123],[14.89677,44.72213],[14.89748,44.72573],[14.89244,44.72649],[14.89279,44.73239],[14.89836,44.73843],[14.89763,44.74304],[14.88861,44.75522],[14.87935,44.79139],[14.88003,44.81166],[14.8838,44.81628],[14.8802,44.81756],[14.8845,44.82988],[14.8816,44.83578],[14.88537,44.84656],[14.88408,44.85759],[14.88914,44.85387],[14.8922,44.85606],[14.89579,44.86735],[14.89252,44.8794],[14.90475,44.9025],[14.91304,44.90687],[14.91429,44.92098],[14.91969,44.92856],[14.92688,44.95537],[14.91493,44.97666],[14.89756,44.98767],[14.90099,44.99127],[14.89917,44.99871],[14.88466,45.02127],[14.88155,45.03666],[14.87576,45.03922],[14.87647,45.04563],[14.85486,45.07434],[14.85629,45.07973],[14.84632,45.08716],[14.84213,45.09639],[14.84118,45.1105],[14.83322,45.10818],[14.83138,45.11626],[14.81436,45.11431],[14.81181,45.11866],[14.78969,45.12337],[14.7875,45.1276],[14.76719,45.12987],[14.73961,45.13828],[14.73087,45.14724],[14.71634,45.15336],[14.71922,45.15721],[14.71485,45.16131],[14.68613,45.17432],[14.67262,45.18916],[14.65223,45.20218],[14.61984,45.21593],[14.61764,45.21951],[14.61147,45.21872],[14.60981,45.22334],[14.61542,45.22541],[14.61137,45.23309],[14.58258,45.24813],[14.57217,45.24825],[14.56554,45.24434],[14.5663,45.2396],[14.57831,45.2358],[14.57682,45.24143],[14.591,45.23866],[14.60216,45.22665],[14.58217,45.2294],[14.614,45.19436],[14.61531,45.18744],[14.62243,45.18131],[14.62136,45.17848],[14.63069,45.1662],[14.6118,45.17075],[14.59759,45.15351],[14.60867,45.15047],[14.62312,45.1586],[14.63712,45.16117],[14.64705,45.15932],[14.65051,45.15677],[14.65036,45.15163],[14.66815,45.14694],[14.66903,45.15246],[14.67558,45.14709],[14.67288,45.14503],[14.67983,45.13325],[14.67259,45.13092],[14.67262,45.12733],[14.66754,45.12744],[14.66721,45.12141],[14.65834,45.12062],[14.66491,45.11243],[14.66487,45.08882],[14.67487,45.08064],[14.67326,45.0782],[14.70157,45.06532],[14.70953,45.06509],[14.71186,45.07074],[14.71747,45.07165],[14.72692,45.06308],[14.72871,45.06821],[14.73812,45.06746],[14.73923,45.06362],[14.73419,45.05694],[14.73853,45.05784],[14.7447,45.05311],[14.7404,45.04464],[14.74334,45.03412],[14.77329,45.00956],[14.79302,45.0037],[14.79846,45.00037],[14.79756,44.99703],[14.81078,44.99103],[14.81949,44.98039],[14.81735,44.97141],[14.80467,44.98191],[14.80051,44.98139],[14.81194,44.96858],[14.8078,44.96319],[14.8004,44.96202],[14.75303,44.96949],[14.74675,44.95845],[14.76216,44.94437],[14.76038,44.93924],[14.74631,44.93536],[14.7192,44.93889],[14.68736,44.94958],[14.68932,44.95446],[14.67824,44.96469],[14.66305,44.96683],[14.65006,44.96409],[14.61707,44.97913],[14.61541,44.98425],[14.62749,44.98878],[14.62211,45.01019],[14.62818,45.02252],[14.62615,45.02764],[14.62901,45.0333],[14.62608,45.03919],[14.62064,45.04045],[14.61596,45.03762],[14.60716,45.02758],[14.60917,45.024],[14.6175,45.023],[14.62315,45.01686],[14.62118,45.01403],[14.60453,45.01577],[14.57732,45.02722],[14.57227,45.02502],[14.57447,45.02002],[14.56187,45.01292],[14.53871,45.01398],[14.52837,45.0183],[14.52676,45.01547],[14.51658,45.0221],[14.50715,45.0245],[14.50683,45.02052],[14.49777,45.02202],[14.49682,45.0274],[14.49268,45.02444],[14.4876,45.02685],[14.48866,45.02968],[14.46174,45.04495],[14.44731,45.0595],[14.43766,45.06484],[14.43083,45.07866],[14.43182,45.08842],[14.43521,45.09356],[14.44279,45.09642],[14.46921,45.0986],[14.47135,45.1022],[14.4645,45.11731],[14.47474,45.1271],[14.47835,45.12866],[14.49361,45.12411],[14.5002,45.11734],[14.5136,45.11714],[14.52479,45.12245],[14.52878,45.14478],[14.5231,45.1513],[14.53434,45.15212],[14.53536,45.15995],[14.54598,45.16897],[14.5374,45.17612],[14.53425,45.18508],[14.5364,45.18792],[14.53359,45.19971],[14.5439,45.20257],[14.54297,45.2059],[14.53019,45.21585],[14.52703,45.22379],[14.53136,45.22792],[14.54475,45.21053],[14.5495,45.20682],[14.5522,45.20902],[14.54873,45.21234],[14.55144,45.21337],[14.55136,45.22338],[14.54823,45.22901],[14.54388,45.22809],[14.54202,45.23335],[14.53656,45.23563],[14.54817,45.23645],[14.55646,45.24418],[14.56373,45.24356],[14.56041,45.24984],[14.55568,45.25162],[14.56109,45.25664],[14.56655,45.25474],[14.56605,45.24858],[14.56903,45.24662],[14.57601,45.25323],[14.57507,45.25708],[14.56247,45.26524],[14.56132,45.27357],[14.56637,45.27859],[14.56435,45.28166],[14.58053,45.27954],[14.57904,45.28505],[14.5699,45.2922],[14.5367,45.30708],[14.53674,45.30298],[14.56014,45.28498],[14.55764,45.27959],[14.54167,45.27773],[14.49645,45.29524],[14.47739,45.31285],[14.47011,45.31359],[14.46023,45.3206],[14.44204,45.32167],[14.43944,45.32653],[14.41428,45.33358],[14.37895,45.33789],[14.33295,45.35187],[14.33254,45.35571],[14.326,45.35516],[14.31271,45.34123],[14.31061,45.33454],[14.30408,45.33271],[14.29733,45.31984],[14.29152,45.31878],[14.29159,45.31391],[14.28651,45.31259],[14.27709,45.2956],[14.27842,45.29125],[14.27338,45.28711],[14.27231,45.27171],[14.2689,45.2681],[14.27092,45.26683],[14.26641,45.26462],[14.26439,45.25165],[14.25461,45.23594],[14.25014,45.21667],[14.24459,45.2115],[14.24541,45.19021],[14.24155,45.18018],[14.23492,45.17449],[14.23718,45.16809],[14.22673,45.15279],[14.22819,45.14879],[14.22265,45.14362],[14.22539,45.14185],[14.22311,45.13619],[14.2166,45.13512],[14.21207,45.12174],[14.20453,45.11682],[14.19395,45.12187],[14.1895,45.12877],[14.1815,45.13064],[14.19787,45.11369],[14.19532,45.10187],[14.18893,45.09234],[14.17888,45.08636],[14.17572,45.07941],[14.16604,45.07267],[14.16096,45.07341],[14.15907,45.07878],[14.15183,45.07898],[14.15323,45.0695],[14.14766,45.06702],[14.15528,45.06541],[14.15645,45.0599],[14.15972,45.05929],[14.15824,45.04901],[14.16227,45.04571],[14.15941,45.04312],[14.15225,45.05051],[14.14569,45.05367],[14.14263,45.05198],[14.14902,45.04843],[14.16064,45.03312],[14.1545,45.03282],[14.16821,45.01009],[14.16613,45.00443],[14.17119,44.9919],[14.16921,44.9788],[14.16577,44.97877],[14.14999,44.95813],[14.14387,44.9568],[14.1372,44.96779],[14.12464,44.96205],[14.1192,44.96354],[14.11619,44.97122],[14.10788,44.97102],[14.08136,44.95709],[14.0761,44.94678],[14.06674,44.94478],[14.06972,44.95058],[14.06814,44.95903],[14.07419,44.96473],[14.07267,44.96933],[14.10027,44.97212],[14.08937,44.97614],[14.0876,44.98459],[14.08201,44.98429],[14.07619,44.99758],[14.07863,45.00299],[14.06512,44.99993],[14.05495,45.0028],[14.05921,45.01874],[14.05356,45.02126],[14.05365,45.0269],[14.04579,45.03197],[14.03892,45.0314],[14.04697,45.01504],[14.03763,45.00034],[14.0485,44.99915],[14.04929,44.99544],[14.07049,44.9924],[14.07321,44.98037],[14.0765,44.97834],[14.07275,44.97562],[14.06547,44.97838],[14.06439,44.96696],[14.05273,44.96173],[14.05674,44.95971],[14.05297,44.94736],[14.03628,44.95158],[14.05006,44.93759],[14.03722,44.91709],[14.02868,44.92022],[14.02167,44.91836],[14.02209,44.91516],[14.02898,44.91317],[14.02375,44.90222],[14.01943,44.9018],[14.01483,44.89624],[14.0126,44.89956],[14.00515,44.89244],[13.99686,44.89172],[13.98331,44.90264],[13.98063,44.90107],[13.98322,44.8975],[13.98093,44.89415],[13.99112,44.88988],[13.99008,44.88692],[14.00271,44.88754],[14.00368,44.88357],[13.99346,44.87989],[13.99104,44.87371],[13.99537,44.87349],[13.99494,44.86708],[13.99808,44.863],[13.98224,44.85054],[13.97895,44.84307],[13.98876,44.82854],[13.97858,44.82332],[13.97688,44.81766],[13.99051,44.82111],[13.99172,44.8142],[13.99895,44.81259],[13.99941,44.80682],[14.0034,44.80558],[14.00165,44.80248],[13.98899,44.80519],[13.98794,44.80313],[13.94758,44.80354],[13.93478,44.81368],[13.93011,44.81235],[13.93235,44.80827],[13.92952,44.80542],[13.92641,44.80821],[13.92792,44.81413],[13.93382,44.81675],[13.92926,44.81979],[13.92752,44.81618],[13.9232,44.81601],[13.92204,44.82023],[13.92817,44.82003],[13.91575,44.82864],[13.91068,44.82987],[13.90973,44.82319],[13.90213,44.82427],[13.9019,44.81786],[13.88447,44.8241],[13.88348,44.8196],[13.89147,44.81622],[13.91823,44.81198],[13.91613,44.80863],[13.92379,44.8037],[13.91452,44.7886],[13.91957,44.7789],[13.91276,44.77678],[13.92109,44.77455],[13.92448,44.76638],[13.92016,44.76621],[13.90498,44.76927],[13.90573,44.77697],[13.90098,44.79027],[13.90393,44.80569],[13.90098,44.809],[13.88583,44.80962],[13.8744,44.80451],[13.87684,44.80889],[13.86237,44.81144],[13.86551,44.81699],[13.87444,44.82105],[13.86757,44.82214],[13.86157,44.81554],[13.85616,44.81561],[13.85377,44.81828],[13.85605,44.82138],[13.84773,44.82284],[13.8469,44.82809],[13.86149,44.82862],[13.86068,44.83298],[13.84504,44.83089],[13.84338,44.83306],[13.84708,44.83746],[13.84273,44.83844],[13.84294,44.84588],[13.83769,44.838],[13.84135,44.83509],[13.83455,44.83297],[13.82801,44.83521],[13.83436,44.84195],[13.82539,44.85789],[13.81488,44.86022],[13.8175,44.85537],[13.81356,44.85418],[13.8102,44.85966],[13.79659,44.86362],[13.79417,44.87565],[13.80194,44.87509],[13.81552,44.86382],[13.8368,44.86442],[13.84018,44.86638],[13.84045,44.871],[13.84852,44.87339],[13.84612,44.87645],[13.84795,44.8839],[13.83926,44.88548],[13.83459,44.88428],[13.83003,44.87769],[13.81921,44.87745],[13.80612,44.88245],[13.80608,44.89297],[13.79403,44.8913],[13.80867,44.89877],[13.81244,44.90843],[13.80269,44.9173],[13.80169,44.93064],[13.78975,44.94026],[13.7891,44.94538],[13.78266,44.95121],[13.78401,44.95559],[13.76518,44.97437],[13.76525,44.97925],[13.76119,44.98331],[13.76349,44.98564],[13.73456,44.9861],[13.7368,44.99125],[13.72565,44.99664],[13.71984,45.00569],[13.71129,45.00816],[13.71424,45.02179],[13.68997,45.02331],[13.69141,45.03923],[13.68191,45.04335],[13.68253,45.04785],[13.68795,45.0483],[13.67003,45.05617],[13.67323,45.05878],[13.67101,45.0608],[13.66232,45.06096],[13.65242,45.06648],[13.6315,45.06303],[13.62705,45.06747],[13.63678,45.06963],[13.6341,45.07563],[13.63871,45.07966],[13.62959,45.08263],[13.64054,45.08635],[13.64065,45.09687],[13.6293,45.09469],[13.63227,45.09908],[13.62228,45.10025],[13.61639,45.10428],[13.60685,45.11673],[13.61928,45.11971],[13.62299,45.11603],[13.62376,45.12925],[13.63386,45.1313],[13.68538,45.12883],[13.70591,45.13445],[13.72768,45.13328],[13.71707,45.13778],[13.69824,45.13693],[13.68674,45.13256],[13.62611,45.13711],[13.60921,45.13139],[13.60303,45.13208],[13.60125,45.13822],[13.59683,45.14098],[13.60096,45.14257],[13.59728,45.14509],[13.60009,45.14872],[13.5978,45.15344],[13.60433,45.15326],[13.60889,45.15935],[13.6001,45.16309],[13.59636,45.16766],[13.59938,45.17026],[13.59805,45.17255],[13.58893,45.17475],[13.60404,45.17981],[13.59646,45.18562],[13.58973,45.18656],[13.59111,45.1894],[13.58565,45.1901],[13.58042,45.1962],[13.58143,45.19916],[13.59893,45.20335],[13.58904,45.21426],[13.59391,45.2156],[13.59186,45.21763],[13.59456,45.22613],[13.58871,45.2276],[13.59759,45.22848],[13.59463,45.23806],[13.60048,45.24365],[13.58962,45.24954],[13.59569,45.25385],[13.58372,45.25332],[13.57583,45.25643],[13.58047,45.25956],[13.58197,45.26523],[13.57723,45.26581],[13.58265,45.27447],[13.60056,45.27738],[13.5958,45.27899],[13.59716,45.2826],[13.58695,45.28389],[13.56844,45.29764],[13.57455,45.30041],[13.5844,45.29873],[13.59114,45.30574],[13.60516,45.31195],[13.61281,45.31165],[13.60472,45.31515],[13.56075,45.31434],[13.55745,45.31533],[13.56403,45.32118],[13.5565,45.32391],[13.55567,45.32108],[13.55184,45.32129],[13.55099,45.32615],[13.54004,45.32781],[13.53814,45.33086],[13.54368,45.33478],[13.54013,45.33833],[13.54409,45.33992],[13.53794,45.35266],[13.54342,45.35184],[13.55531,45.3566],[13.5523,45.36029],[13.54153,45.36169],[13.54031,45.3668],[13.54508,45.37251],[13.53482,45.37494],[13.54455,45.37892],[13.532,45.38542],[13.53264,45.38877],[13.53987,45.39104],[13.53276,45.39826],[13.53667,45.4019],[13.52863,45.40308],[13.51559,45.4142],[13.51683,45.42281],[13.52371,45.42431],[13.51742,45.42782],[13.51899,45.43041],[13.51433,45.43445],[13.52199,45.43417],[13.52333,45.43867],[13.51462,45.43753],[13.50797,45.44104],[13.5155,45.44575],[13.51205,45.45212],[13.51694,45.45321],[13.51112,45.45981],[13.50829,45.47029],[13.51044,45.47186],[13.49036,45.48621],[13.49132,45.49123],[13.49715,45.49156],[13.49878,45.49902],[13.50425,45.49909],[13.50232,45.50305],[13.51285,45.50472],[13.55184,45.49227],[13.60921,45.46473],[13.65055,45.45644],[13.67561,45.44256],[13.70314,45.45649],[13.708,45.45622],[13.70814,45.45241],[13.72328,45.45623],[13.72653,45.45989],[13.75915,45.46239],[13.76745,45.46753],[13.77689,45.46428],[13.78627,45.46627],[13.8079,45.45566],[13.80319,45.44421],[13.81178,45.44206],[13.81494,45.43414],[13.85046,45.43238],[13.85513,45.42837],[13.85427,45.42554],[13.88707,45.42587],[13.89288,45.43785],[13.89809,45.43827],[13.89763,45.44181],[13.91483,45.45357],[13.95712,45.45566],[13.97072,45.4477],[13.98502,45.45608],[13.98721,45.45899],[13.98523,45.46864],[13.99674,45.47218],[13.98752,45.48229],[13.99174,45.48313],[13.9816,45.49137],[13.96567,45.4962],[13.96216,45.50592],[13.97458,45.51503],[14.00188,45.50805],[13.99757,45.51604],[14.00192,45.51995],[14.01108,45.51971],[14.04375,45.49811],[14.04961,45.49852],[14.07054,45.48543],[14.09137,45.48188],[14.11639,45.48137],[14.13384,45.47564],[14.14353,45.47536],[14.15406,45.48107],[14.17311,45.47953],[14.20765,45.46923],[14.20662,45.47853],[14.20924,45.47978],[14.20635,45.4821],[14.20958,45.48729],[14.22006,45.49341],[14.22338,45.50139],[14.2374,45.50581],[14.24554,45.50341],[14.26457,45.48266],[14.27905,45.4903],[14.2866,45.4903],[14.29095,45.48487],[14.30594,45.4802],[14.3167,45.48297],[14.32262,45.47047],[14.35074,45.48559],[14.36284,45.48437],[14.39368,45.49361],[14.39979,45.50282],[14.4157,45.5099],[14.43725,45.51077],[14.44182,45.51657],[14.45501,45.51985],[14.47548,45.53376],[14.49056,45.53806],[14.50019,45.54927],[14.49749,45.55929],[14.50038,45.56741],[14.49882,45.57604],[14.50697,45.58853],[14.50189,45.60834],[14.52599,45.61032],[14.54358,45.62217],[14.56637,45.65249],[14.56995,45.673],[14.58339,45.66465],[14.59715,45.66875],[14.6095,45.65857],[14.60137,45.64367],[14.60199,45.63423],[14.59584,45.62786],[14.61325,45.61666],[14.62717,45.61397],[14.63096,45.60465],[14.63837,45.60449],[14.6512,45.59185],[14.6779,45.58946],[14.69286,45.57735],[14.70024,45.56274],[14.69535,45.55568],[14.68887,45.55295],[14.6903,45.54757],[14.68497,45.5351],[14.69058,45.52662],[14.70026,45.52553],[14.70346,45.53469],[14.72067,45.53419],[14.73169,45.52858],[14.73483,45.5298],[14.73829,45.52441],[14.75871,45.5108],[14.76789,45.51244],[14.76779,45.50618],[14.78578,45.50697],[14.7889,45.50019],[14.7966,45.50275],[14.80358,45.49528],[14.79903,45.49197],[14.80535,45.48684],[14.80521,45.47873],[14.81546,45.47223],[14.8181,45.45936],[14.86666,45.46603],[14.87493,45.47232],[14.9064,45.47666],[14.91153,45.48137],[14.91043,45.48827],[14.91547,45.49371],[14.9118,45.49922],[14.91655,45.50482],[14.91304,45.51101],[14.91472,45.52036],[14.91951,45.52279],[14.92104,45.52776],[14.93197,45.52936],[14.98905,45.49611],[15.01398,45.49708],[15.02831,45.48567],[15.05479,45.49441],[15.05975,45.48838],[15.07181,45.48745],[15.07812,45.48236],[15.08405,45.48321],[15.08656,45.48136],[15.08466,45.46848],[15.0875,45.46624],[15.10268,45.46318],[15.12282,45.44737],[15.13952,45.44345],[15.14713,45.43101],[15.16753,45.42204],[15.18263,45.42369],[15.18952,45.42826],[15.18844,45.43341],[15.19188,45.43591],[15.20577,45.42564],[15.22501,45.42643],[15.22821,45.43591],[15.24369,45.453],[15.27252,45.4657],[15.32922,45.45276],[15.34631,45.45662],[15.36081,45.47769],[15.38478,45.48589],[15.38579,45.48895],[15.3689,45.49751],[15.3611,45.49559],[15.33318,45.50992],[15.32632,45.51975],[15.31386,45.52476],[15.31422,45.53165],[15.30631,45.53211],[15.30134,45.53644],[15.29907,45.58384],[15.2841,45.59562],[15.27766,45.60517],[15.29287,45.61251],[15.30835,45.61417],[15.30167,45.62324],[15.30224,45.63012],[15.30619,45.63233],[15.32887,45.63507],[15.34051,45.63317],[15.35184,45.63736],[15.34969,45.64102],[15.3435,45.64142],[15.34398,45.64605],[15.37217,45.64548],[15.37463,45.64123],[15.3892,45.63748],[15.40652,45.64783],[15.39512,45.65392],[15.39167,45.66728],[15.37707,45.6766],[15.36927,45.68615],[15.36898,45.69313],[15.36299,45.67798],[15.35416,45.67546],[15.35553,45.67368],[15.34953,45.66952],[15.3481,45.67115],[15.35153,45.6846],[15.36022,45.68492],[15.36399,45.69155],[15.3647,45.69729],[15.35734,45.69884],[15.35814,45.71334],[15.33973,45.71469],[15.33264,45.70197],[15.31975,45.69618],[15.31881,45.69185],[15.32611,45.67548],[15.32246,45.6737],[15.31804,45.6744],[15.31085,45.68622],[15.30567,45.6888],[15.311,45.69758],[15.29916,45.69719],[15.2997,45.68602],[15.28799,45.69273],[15.28773,45.7057],[15.2839,45.71004],[15.26968,45.70727],[15.26677,45.71512],[15.25695,45.71952],[15.2599,45.72559],[15.27961,45.74342],[15.29522,45.74846],[15.29998,45.75487],[15.32587,45.7607],[15.36171,45.77674],[15.36878,45.77585],[15.37475,45.78062],[15.38222,45.77916],[15.39936,45.79178],[15.40811,45.79104],[15.42049,45.79603],[15.46947,45.79506],[15.47584,45.79791],[15.46565,45.81827],[15.47876,45.81996],[15.47897,45.8276],[15.49261,45.83193],[15.50285,45.82841],[15.5023,45.82181],[15.52084,45.82113],[15.52816,45.82407],[15.5392,45.83614],[15.53842,45.84767],[15.55109,45.84558],[15.55233,45.84012],[15.55987,45.8347],[15.56292,45.84391],[15.57304,45.8532],[15.58532,45.84646],[15.60894,45.84066],[15.61847,45.83406],[15.62883,45.83286],[15.64165,45.82048],[15.66513,45.84122],[15.68997,45.84221],[15.69896,45.84902],[15.70359,45.84494],[15.7092,45.84673],[15.69381,45.86036],[15.67777,45.86867],[15.68201,45.87357],[15.68111,45.88102],[15.68674,45.88165],[15.68837,45.88494],[15.68368,45.88872],[15.67917,45.90467],[15.69858,45.91467],[15.69986,45.91979],[15.70549,45.91976],[15.70771,45.923],[15.70766,45.93877],[15.71179,45.93938],[15.70832,45.94343],[15.70994,45.96197],[15.70507,45.98374],[15.70156,45.98526],[15.70141,45.98973],[15.70622,45.99411],[15.70031,45.9993],[15.7113,46.00359],[15.71518,46.00918],[15.70569,46.01523],[15.71428,46.01816],[15.71512,46.02728],[15.72005,46.02769],[15.71582,46.03502],[15.72309,46.04113],[15.72966,46.04131],[15.7301,46.047],[15.72349,46.04866],[15.72339,46.0518],[15.71572,46.05707],[15.6932,46.06287],[15.6813,46.06994],[15.67427,46.07045],[15.67297,46.07354],[15.66201,46.07025],[15.6575,46.07179],[15.6589,46.08039],[15.65582,46.08342],[15.64877,46.08288],[15.64854,46.08711],[15.63557,46.08322],[15.62106,46.08943],[15.624,46.09776],[15.61675,46.09906],[15.61257,46.10285],[15.61421,46.10693],[15.60492,46.11258],[15.61159,46.12552],[15.61153,46.13665],[15.59589,46.14623],[15.61417,46.15312],[15.60472,46.16075],[15.60931,46.1658],[15.60737,46.16683],[15.63333,46.17693],[15.63772,46.18178],[15.63609,46.18584],[15.64473,46.1867],[15.64803,46.19042],[15.64851,46.20335],[15.64123,46.20719],[15.64752,46.2168],[15.6779,46.22704],[15.70534,46.22233],[15.72896,46.22243],[15.72595,46.21917],[15.72988,46.21612],[15.74125,46.22167],[15.75291,46.21996],[15.75485,46.21704],[15.75032,46.21112],[15.75663,46.20707],[15.76742,46.20873],[15.78845,46.21899],[15.7941,46.22777],[15.79317,46.23535],[15.80146,46.24262],[15.79137,46.25923],[15.86322,46.26758],[15.8677,46.2708],[15.86664,46.27599],[15.89738,46.28386],[15.89885,46.28842],[15.91276,46.28966],[15.91688,46.28536],[15.94237,46.29005],[15.96703,46.29932],[15.97699,46.3123],[15.98842,46.3102],[15.98902,46.31456],[16.00154,46.30756],[16.0136,46.30879],[16.0218,46.3144],[16.01877,46.32167],[16.02866,46.32744],[16.02776,46.33186],[16.03631,46.33717],[16.05333,46.33516],[16.06367,46.34233],[16.07223,46.34097],[16.07755,46.34675],[16.07237,46.36501],[16.05242,46.38026],[16.05813,46.3936],[16.08868,46.38868],[16.13841,46.40488],[16.1478,46.40523],[16.17402,46.3906],[16.17555,46.38561],[16.19001,46.38631],[16.18903,46.37788],[16.21534,46.38524],[16.21979,46.37865],[16.22529,46.38677],[16.23003,46.38788],[16.23453,46.38621],[16.23875,46.37881],[16.24815,46.38],[16.26542,46.37609],[16.30166,46.37834],[16.3051,46.38633],[16.3042,46.39427],[16.30789,46.39649],[16.29916,46.40558],[16.283,46.41462],[16.27318,46.41478],[16.27414,46.4266],[16.26436,46.44358],[16.2657,46.45132],[16.25915,46.46109],[16.25811,46.47261],[16.25176,46.48155],[16.24076,46.48482],[16.24177,46.49851],[16.25994,46.50098],[16.26691,46.50491],[16.26597,46.51529],[16.30529,46.51297],[16.31077,46.52035],[16.31452,46.5201],[16.31291,46.52459],[16.3419,46.53025],[16.34113,46.53544],[16.34526,46.5396],[16.33706,46.54291],[16.34191,46.54553],[16.35523,46.54293],[16.35522,46.53846],[16.3588,46.53847],[16.35894,46.54204],[16.35146,46.54597],[16.36611,46.54676],[16.36554,46.5528],[16.36877,46.55502],[16.38212,46.54991],[16.37202,46.54753],[16.36907,46.54544],[16.37112,46.54334],[16.38573,46.54124],[16.38691,46.53611],[16.40274,46.53935],[16.40162,46.53224],[16.40686,46.52686],[16.4113,46.52741],[16.40996,46.53402],[16.42305,46.52787],[16.42474,46.53242],[16.43003,46.53216],[16.43152,46.52723],[16.44022,46.52617],[16.43802,46.51724],[16.44061,46.51501],[16.45972,46.51651],[16.46147,46.52069],[16.46543,46.51967],[16.46169,46.51446],[16.46576,46.51281],[16.4668,46.51751],[16.47135,46.51675],[16.47192,46.51105],[16.47738,46.51276],[16.48073,46.50888],[16.48819,46.50826],[16.48532,46.50315],[16.49289,46.49756],[16.51735,46.49156],[16.51762,46.48482],[16.51216,46.47886],[16.53287,46.4808],[16.54396,46.47611],[16.55454,46.48048],[16.5625,46.47443],[16.57505,46.47139],[16.60571,46.47641],[16.61752,46.46474],[16.62322,46.46844],[16.63191,46.46152],[16.63608,46.46475],[16.64625,46.4642],[16.66423,46.4592],[16.6646,46.45129],[16.65716,46.44722],[16.6605,46.44507],[16.67392,46.4483],[16.70443,46.40589],[16.71564,46.39816],[16.71869,46.39155],[16.72264,46.39254],[16.72705,46.40049],[16.73596,46.40078],[16.73965,46.39877],[16.73899,46.38962],[16.7418,46.38638],[16.75525,46.38755],[16.7592,46.3792],[16.7626,46.37881],[16.76806,46.38537],[16.77211,46.38508],[16.77605,46.37919],[16.78103,46.37998],[16.7914,46.38711],[16.80018,46.38565],[16.80354,46.37746],[16.81177,46.37581],[16.81293,46.37181],[16.82348,46.37294],[16.82827,46.36747],[16.83512,46.37483],[16.83872,46.37227],[16.83727,46.3644],[16.85079,46.3613],[16.85074,46.35489],[16.85614,46.35237],[16.86675,46.35373],[16.86146,46.34752],[16.87163,46.34407],[16.87441,46.34065],[16.87237,46.33627],[16.87871,46.33693],[16.88025,46.33451],[16.87354,46.32328],[16.87644,46.32106],[16.87792,46.30577],[16.88516,46.30088],[16.88701,46.2952],[16.88515,46.2833],[16.90282,46.27433],[16.91336,46.26215],[16.92617,46.25979],[16.95439,46.23935],[16.97321,46.24277],[16.97525,46.2403],[16.97223,46.22909],[16.9763,46.22384],[16.98341,46.22227],[16.99023,46.22472],[16.99598,46.22031],[17.0058,46.22285],[17.05301,46.20276],[17.06632,46.20221],[17.06574,46.19762],[17.07076,46.19221],[17.08189,46.18574],[17.09007,46.18954],[17.10277,46.18535],[17.10212,46.18252],[17.11108,46.1761],[17.12269,46.17892],[17.12544,46.16841],[17.13405,46.16789],[17.13996,46.17256],[17.15806,46.17019],[17.15617,46.15858],[17.16178,46.15494],[17.16907,46.15665],[17.18072,46.15053],[17.17728,46.14516],[17.18612,46.13288],[17.17447,46.12886],[17.1813,46.11784],[17.17607,46.10899],[17.18577,46.1065],[17.21473,46.11431],[17.21848,46.10913],[17.20949,46.09936],[17.23014,46.09973],[17.23313,46.09666],[17.22335,46.09427],[17.21819,46.0867],[17.21913,46.08268],[17.20309,46.08211],[17.20155,46.07747],[17.23066,46.08052],[17.23869,46.07732],[17.23951,46.06694],[17.24605,46.06121],[17.23208,46.06581],[17.2292,46.06335],[17.23207,46.06002],[17.26996,46.05733],[17.27168,46.05338],[17.25771,46.04625],[17.25943,46.03253],[17.29463,46.03111],[17.29362,46.02363],[17.27369,46.02053],[17.25771,46.01205],[17.2831,46.00047],[17.30441,46.00255],[17.30461,45.99645],[17.29424,45.99054],[17.29731,45.98399],[17.3087,45.98157],[17.31198,45.9892],[17.32258,45.98943],[17.32341,45.98448],[17.31793,45.98081],[17.31664,45.97562],[17.30965,45.97333],[17.30957,45.9682],[17.32396,45.96672],[17.33112,45.9713],[17.33736,45.98278],[17.32739,45.99134],[17.33039,45.99479],[17.33762,45.99581],[17.34186,45.99145],[17.34268,45.98443],[17.35291,45.97467],[17.36021,45.97715],[17.364,45.99166],[17.37432,45.98828],[17.37325,45.98172],[17.3672,45.97526],[17.37523,45.97114],[17.37334,45.968],[17.36576,45.96953],[17.36028,45.96784],[17.35934,45.96384],[17.37016,45.96097],[17.38632,45.96566],[17.39119,45.96266],[17.39011,45.95865],[17.38424,45.95624],[17.35989,45.95856],[17.35334,45.95253],[17.34948,45.95472],[17.35,45.95956],[17.34572,45.96088],[17.33949,45.95531],[17.34436,45.94415],[17.35468,45.94097],[17.38142,45.9481],[17.38602,45.94629],[17.38759,45.94144],[17.3851,45.93739],[17.39179,45.9312],[17.41096,45.94015],[17.40976,45.93285],[17.41223,45.93025],[17.42621,45.92715],[17.43534,45.9288],[17.43735,45.93255],[17.4274,45.94228],[17.43539,45.95025],[17.44431,45.95059],[17.47654,45.94222],[17.51373,45.93975],[17.52878,45.93379],[17.55531,45.93799],[17.56954,45.93598],[17.59882,45.91591],[17.6165,45.90849],[17.62625,45.89916],[17.64621,45.86865],[17.651,45.84911],[17.66222,45.83822],[17.67457,45.83483],[17.68826,45.83879],[17.7095,45.83151],[17.74022,45.82926],[17.76126,45.81166],[17.77635,45.81736],[17.78351,45.81676],[17.79954,45.80625],[17.80842,45.80398],[17.82209,45.81031],[17.82822,45.80822],[17.83364,45.79065],[17.85264,45.78214],[17.85243,45.77568],[17.86155,45.76732],[17.86849,45.76795],[17.87515,45.77873],[17.90614,45.79219],[17.92448,45.78628],[17.94831,45.79215],[17.97269,45.78889],[17.9863,45.79413],[17.99833,45.79481],[18.02677,45.77729],[18.05235,45.77335],[18.08137,45.76439],[18.09837,45.76662],[18.1081,45.77177],[18.12166,45.78857],[18.14776,45.78788],[18.16943,45.77582],[18.19116,45.78744],[18.20592,45.78114],[18.23176,45.77785],[18.24412,45.76092],[18.26272,45.76048],[18.2759,45.75549],[18.29715,45.76071],[18.3332,45.75391],[18.3391,45.747],[18.3445,45.74972],[18.35631,45.76681],[18.3666,45.7667],[18.36413,45.77307],[18.37904,45.76519],[18.38722,45.7642],[18.39655,45.75378],[18.4002,45.75479],[18.39681,45.74884],[18.39795,45.74462],[18.41023,45.73873],[18.42924,45.741],[18.44676,45.73708],[18.45022,45.7457],[18.44899,45.75802],[18.44508,45.76039],[18.45629,45.7695],[18.46381,45.76611],[18.4806,45.76635],[18.48898,45.79334],[18.49969,45.79504],[18.51028,45.78467],[18.52231,45.78474],[18.52113,45.78769],[18.53217,45.79339],[18.55509,45.79434],[18.55926,45.80366],[18.57492,45.80028],[18.57275,45.81366],[18.5927,45.81981],[18.60326,45.8282],[18.60068,45.8337],[18.62322,45.83948],[18.6148,45.85307],[18.62324,45.85402],[18.62743,45.87299],[18.63157,45.87661],[18.63766,45.86796],[18.65499,45.87416],[18.64146,45.88473],[18.641,45.8888],[18.65186,45.89452],[18.66101,45.89532],[18.65949,45.91688],[18.66961,45.91068],[18.67606,45.91489],[18.70495,45.91807],[18.72221,45.90501],[18.74901,45.89996],[18.7569,45.89676],[18.76021,45.8886],[18.77113,45.88857],[18.791,45.87816],[18.80889,45.87946],[18.81256,45.89076],[18.8072,45.9032],[18.82164,45.91461],[18.8276,45.90478],[18.86825,45.91129],[18.86516,45.91672],[18.87865,45.91611],[18.89055,45.92148]]],[[[17.64911,42.88888],[17.67797,42.92042],[17.68875,42.92275],[17.75135,42.913],[17.76487,42.90802],[17.78588,42.89175],[17.79133,42.89166],[17.81011,42.91716],[17.82869,42.9101],[17.84446,42.90235],[17.85726,42.88763],[17.85878,42.88463],[17.85432,42.87892],[17.85663,42.8685],[17.87017,42.84659],[17.87868,42.83749],[17.90022,42.83248],[17.88749,42.81471],[17.89127,42.80977],[17.90969,42.81072],[17.95017,42.79898],[17.97456,42.78042],[17.99629,42.77617],[17.99698,42.76504],[18.01031,42.75257],[18.04156,42.74827],[18.07357,42.72807],[18.07405,42.725],[18.09836,42.71715],[18.10563,42.71216],[18.10883,42.70432],[18.10284,42.6867],[18.14333,42.67929],[18.15704,42.65473],[18.17844,42.66075],[18.19206,42.65475],[18.22172,42.62292],[18.23402,42.61813],[18.23467,42.61487],[18.24088,42.61599],[18.24407,42.6027],[18.27476,42.61007],[18.28169,42.61722],[18.31101,42.6148],[18.34716,42.61918],[18.3664,42.61614],[18.3904,42.58921],[18.43691,42.56364],[18.44003,42.55058],[18.4367,42.51944],[18.44649,42.51054],[18.44068,42.50207],[18.43822,42.48813],[18.43356,42.48391],[18.47449,42.46362],[18.496,42.43943],[18.52366,42.42037],[18.514,42.42157],[18.50962,42.41403],[18.51079,42.40636],[18.53239,42.39425],[18.53039,42.39228],[18.5114,42.3997],[18.50728,42.4032],[18.50832,42.40759],[18.48561,42.42121],[18.46249,42.44482],[18.45047,42.45059],[18.44425,42.45007],[18.44163,42.44629],[18.43489,42.45011],[18.43494,42.45319],[18.42891,42.45242],[18.42672,42.44659],[18.41035,42.457],[18.41025,42.45944],[18.41511,42.45916],[18.42586,42.45479],[18.42028,42.46416],[18.40201,42.47427],[18.38694,42.47829],[18.37262,42.48899],[18.33238,42.50577],[18.32944,42.50955],[18.28792,42.52321],[18.27512,42.53035],[18.27133,42.5377],[18.23362,42.55861],[18.22618,42.56587],[18.2241,42.57352],[18.21215,42.57776],[18.21194,42.58034],[18.21714,42.58019],[18.21077,42.58473],[18.21127,42.58767],[18.21954,42.58295],[18.22397,42.58462],[18.2264,42.59148],[18.224,42.59206],[18.22973,42.60216],[18.22327,42.61158],[18.2174,42.61213],[18.20677,42.62167],[18.19818,42.62358],[18.19519,42.61943],[18.18105,42.61482],[18.14846,42.62996],[18.13325,42.63166],[18.12461,42.6396],[18.11185,42.64148],[18.10997,42.63871],[18.09228,42.64638],[18.09109,42.64346],[18.08417,42.64403],[18.05943,42.64995],[18.06937,42.65418],[18.05777,42.65872],[18.05975,42.66368],[18.07713,42.66347],[18.07982,42.65813],[18.08512,42.65619],[18.08467,42.66134],[18.07931,42.66533],[18.08291,42.66793],[18.10433,42.6721],[18.12473,42.66962],[18.1238,42.67195],[18.09573,42.67387],[18.07185,42.66913],[18.05525,42.6783],[18.05607,42.68084],[18.05132,42.68328],[18.04523,42.6937],[18.04491,42.70141],[18.03944,42.69642],[18.04385,42.68681],[18.03962,42.68577],[18.02584,42.68844],[18.01812,42.69442],[18.00633,42.69512],[17.97441,42.71161],[17.96783,42.71216],[17.96303,42.71742],[17.96441,42.72072],[17.95713,42.72129],[17.95435,42.72868],[17.948,42.72705],[17.93032,42.73597],[17.92876,42.73986],[17.90604,42.74518],[17.87826,42.76193],[17.87446,42.76638],[17.87428,42.77383],[17.88365,42.77308],[17.88502,42.77998],[17.88945,42.78166],[17.8885,42.78733],[17.86931,42.77935],[17.87229,42.77593],[17.86708,42.77619],[17.85977,42.7801],[17.85876,42.78474],[17.84637,42.78813],[17.84523,42.79355],[17.85125,42.79571],[17.84568,42.79585],[17.84329,42.80437],[17.82041,42.79942],[17.80732,42.80295],[17.80715,42.80681],[17.80148,42.80476],[17.79635,42.80694],[17.79776,42.79959],[17.79396,42.8002],[17.78834,42.79161],[17.78485,42.79144],[17.78432,42.78735],[17.78083,42.7873],[17.77338,42.79198],[17.76785,42.80084],[17.74985,42.81153],[17.71242,42.82449],[17.70025,42.83325],[17.69726,42.83255],[17.70207,42.82692],[17.71513,42.8225],[17.71938,42.81624],[17.74855,42.80181],[17.76212,42.78185],[17.7686,42.77875],[17.77085,42.77433],[17.76273,42.77196],[17.76189,42.76094],[17.75401,42.76396],[17.74807,42.77129],[17.74802,42.77411],[17.75409,42.77358],[17.75483,42.77857],[17.74891,42.78641],[17.7507,42.7915],[17.74427,42.79576],[17.73592,42.79608],[17.73469,42.79175],[17.72738,42.79193],[17.71915,42.79507],[17.7152,42.8003],[17.7112,42.79655],[17.7043,42.79799],[17.70484,42.8026],[17.69814,42.8007],[17.69418,42.8058],[17.68267,42.80569],[17.67721,42.80838],[17.67871,42.81476],[17.66899,42.81178],[17.63852,42.81647],[17.59008,42.83348],[17.51016,42.84899],[17.49548,42.85689],[17.44843,42.86688],[17.44564,42.87131],[17.44089,42.87013],[17.43726,42.87559],[17.43842,42.88275],[17.44946,42.88393],[17.454,42.89294],[17.42545,42.90356],[17.42014,42.9106],[17.39837,42.91645],[17.39961,42.91232],[17.36125,42.91363],[17.33642,42.93082],[17.25217,42.9574],[17.21842,42.9809],[17.20132,42.98162],[17.18252,42.97376],[17.13501,42.9744],[17.12328,42.97886],[17.10267,42.97924],[17.09517,42.98464],[17.06649,42.98413],[17.06383,42.98841],[17.03788,43.00171],[17.00777,43.00584],[17.00583,43.01087],[17.01743,43.0055],[17.02477,43.02299],[17.03494,43.02383],[17.02325,43.02994],[17.02364,43.02609],[17.02064,43.02498],[17.01478,43.02778],[17.01224,43.03578],[17.01419,43.04178],[17.00101,43.04522],[17.0046,43.04811],[17.02932,43.04433],[17.03551,43.04127],[17.03468,43.03731],[17.04807,43.03489],[17.06055,43.0262],[17.06716,43.02518],[17.0672,43.0212],[17.07556,43.02002],[17.16684,43.02487],[17.19945,43.01732],[17.2333,43.01538],[17.26383,43.00863],[17.27265,43.01063],[17.2822,43.00415],[17.30034,43.00302],[17.32589,42.99442],[17.3261,42.99082],[17.33348,42.9917],[17.39266,42.96725],[17.44307,42.95194],[17.44456,42.94537],[17.45051,42.94126],[17.44854,42.93566],[17.45181,42.92558],[17.46942,42.92058],[17.46833,42.91522],[17.47889,42.91294],[17.47578,42.91814],[17.47952,42.91998],[17.49131,42.9092],[17.51411,42.91191],[17.51961,42.90563],[17.53192,42.90356],[17.52109,42.92048],[17.52335,42.92441],[17.52889,42.92326],[17.54438,42.91355],[17.56015,42.91076],[17.59754,42.89491],[17.60943,42.89566],[17.6253,42.88285],[17.63939,42.87791],[17.64886,42.87076],[17.6672,42.86725],[17.66397,42.87336],[17.65616,42.87829],[17.68037,42.86938],[17.68092,42.86193],[17.70491,42.85213],[17.70317,42.84806],[17.70974,42.84688],[17.70843,42.84486],[17.71929,42.83806],[17.73686,42.83302],[17.74479,42.83501],[17.73923,42.8395],[17.71078,42.85058],[17.69892,42.85868],[17.70487,42.85906],[17.70194,42.86674],[17.71466,42.87563],[17.70907,42.88334],[17.70124,42.87993],[17.70035,42.87148],[17.69581,42.86735],[17.66628,42.87844],[17.64911,42.88888]]],[[[18.43076,42.44104],[18.42882,42.44613],[18.43396,42.44316],[18.43076,42.44104]]],[[[18.1976,42.57163],[18.19279,42.576],[18.19875,42.57378],[18.1976,42.57163]]],[[[18.12333,42.6209],[18.11888,42.62217],[18.11352,42.6331],[18.11909,42.63346],[18.12438,42.62793],[18.12615,42.62172],[18.12333,42.6209]]],[[[18.02033,42.661],[18.01721,42.66121],[18.01579,42.66779],[18.01206,42.66982],[17.99511,42.67154],[17.98735,42.67662],[17.99897,42.67953],[18.00407,42.67721],[18.00515,42.68142],[18.01329,42.68069],[18.01628,42.6706],[18.02253,42.67044],[18.02033,42.661]]],[[[17.94758,42.67406],[17.93998,42.67503],[17.92598,42.68796],[17.93805,42.68586],[17.94489,42.698],[17.97392,42.67941],[17.95313,42.6811],[17.95146,42.67897],[17.95583,42.67577],[17.94758,42.67406]]],[[[17.92991,42.70505],[17.92527,42.70633],[17.92596,42.7099],[17.93326,42.70972],[17.92991,42.70505]]],[[[17.88859,42.7106],[17.84378,42.73148],[17.84666,42.73346],[17.85937,42.72981],[17.84142,42.74835],[17.82987,42.75479],[17.8493,42.75316],[17.85114,42.75529],[17.8641,42.74945],[17.86426,42.74534],[17.89131,42.73542],[17.91265,42.72282],[17.91975,42.71468],[17.91249,42.71192],[17.91265,42.70793],[17.91676,42.70655],[17.90863,42.70393],[17.90706,42.69999],[17.89813,42.70253],[17.88859,42.7106]]],[[[17.8377,42.72791],[17.82738,42.7306],[17.82141,42.73717],[17.80417,42.74093],[17.78869,42.75285],[17.79295,42.75467],[17.81555,42.74604],[17.82802,42.73713],[17.83652,42.74026],[17.84076,42.73771],[17.83596,42.73565],[17.83515,42.73298],[17.83951,42.72953],[17.8377,42.72791]]],[[[17.77708,42.75788],[17.76662,42.7616],[17.76768,42.76594],[17.77639,42.76598],[17.7812,42.76048],[17.77708,42.75788]]],[[[17.33246,42.77948],[17.33374,42.78575],[17.34853,42.79006],[17.36249,42.79966],[17.37461,42.79761],[17.37831,42.80318],[17.38738,42.8035],[17.39525,42.79962],[17.38162,42.78964],[17.37364,42.79044],[17.37906,42.78648],[17.40624,42.78655],[17.41345,42.78384],[17.4407,42.7857],[17.43972,42.78289],[17.44774,42.77874],[17.45514,42.78064],[17.46782,42.77549],[17.49382,42.77236],[17.51133,42.76595],[17.6091,42.74682],[17.5963,42.7448],[17.59929,42.73716],[17.61947,42.7367],[17.6211,42.73971],[17.64248,42.73746],[17.64981,42.72972],[17.65558,42.73459],[17.66819,42.73622],[17.67405,42.72685],[17.68252,42.7296],[17.70861,42.72103],[17.7109,42.71777],[17.74599,42.70859],[17.74173,42.70266],[17.74514,42.69706],[17.75103,42.69653],[17.75416,42.69261],[17.75101,42.68819],[17.73576,42.68946],[17.74046,42.69756],[17.7366,42.7006],[17.7325,42.69441],[17.72692,42.69416],[17.72054,42.69944],[17.71218,42.69913],[17.70665,42.69207],[17.70409,42.69727],[17.69992,42.69724],[17.6994,42.70148],[17.66535,42.71075],[17.65905,42.70987],[17.64509,42.71712],[17.56216,42.72312],[17.52782,42.73466],[17.50553,42.73451],[17.499,42.74081],[17.45645,42.75212],[17.444,42.74559],[17.43785,42.74854],[17.43736,42.75394],[17.41712,42.7572],[17.41511,42.7548],[17.39985,42.76552],[17.38981,42.76714],[17.38675,42.75989],[17.37851,42.75852],[17.32913,42.77429],[17.32919,42.78058],[17.32355,42.78352],[17.33037,42.78889],[17.33246,42.77948]]],[[[17.50499,42.91942],[17.49917,42.92225],[17.50138,42.92528],[17.50647,42.92157],[17.50499,42.91942]]],[[[17.47201,42.92438],[17.47391,42.92818],[17.47729,42.92529],[17.47201,42.92438]]],[[[17.41218,42.78694],[17.40605,42.79066],[17.42099,42.78958],[17.41218,42.78694]]],[[[17.39501,42.79359],[17.39551,42.7973],[17.40491,42.79723],[17.40446,42.79455],[17.39501,42.79359]]],[[[17.34055,42.79074],[17.3402,42.79549],[17.34647,42.79537],[17.34543,42.79102],[17.34055,42.79074]]],[[[16.6464,42.97388],[16.6441,42.9793],[16.62761,42.9839],[16.63564,42.98982],[16.64752,42.9899],[16.65372,42.98622],[16.66016,42.9919],[16.66578,42.99272],[16.66931,42.98766],[16.67206,42.99224],[16.67734,42.99345],[16.69143,42.99119],[16.69796,42.9934],[16.69816,42.98788],[16.70348,42.99075],[16.7053,42.98713],[16.70833,42.98914],[16.72155,42.98689],[16.72582,42.98939],[16.735,42.98014],[16.76531,42.97673],[16.78057,42.97264],[16.78375,42.96772],[16.7934,42.96923],[16.8584,42.95742],[16.87522,42.9592],[16.88692,42.96465],[16.89841,42.96318],[16.91719,42.97184],[17.01419,42.97762],[17.01638,42.97514],[17.04818,42.98023],[17.04412,42.97363],[17.06119,42.97204],[17.06213,42.96894],[17.07788,42.96955],[17.09968,42.96312],[17.10673,42.96505],[17.11173,42.96316],[17.11144,42.95957],[17.11597,42.95923],[17.11961,42.96365],[17.13042,42.96307],[17.13719,42.95653],[17.14154,42.95619],[17.13976,42.95019],[17.14656,42.95481],[17.15001,42.95346],[17.14851,42.95067],[17.16405,42.93549],[17.16177,42.93015],[17.16888,42.92873],[17.16854,42.92399],[17.18324,42.92486],[17.18418,42.92202],[17.19676,42.92229],[17.19964,42.91967],[17.19715,42.91356],[17.1901,42.91151],[17.18544,42.91802],[17.1779,42.91226],[17.1236,42.90686],[17.03299,42.92237],[16.99043,42.92363],[16.97623,42.92734],[16.95612,42.92076],[16.94006,42.91],[16.9342,42.9124],[16.89463,42.89703],[16.88228,42.89838],[16.87607,42.89502],[16.85752,42.89353],[16.84889,42.89662],[16.85972,42.90286],[16.85111,42.90659],[16.83718,42.90194],[16.79925,42.90626],[16.7737,42.90371],[16.74558,42.90928],[16.72211,42.91926],[16.71446,42.92014],[16.71611,42.91691],[16.66921,42.92556],[16.66418,42.92888],[16.6669,42.91764],[16.66473,42.91497],[16.65538,42.91767],[16.64088,42.92404],[16.64382,42.92965],[16.63932,42.93125],[16.643,42.938],[16.65569,42.94244],[16.66791,42.94213],[16.66122,42.95314],[16.69984,42.96014],[16.70989,42.95691],[16.71489,42.96107],[16.70306,42.96279],[16.7039,42.96803],[16.70148,42.96884],[16.69686,42.96609],[16.67769,42.96804],[16.67799,42.97265],[16.66446,42.97619],[16.66443,42.98158],[16.65472,42.98441],[16.6464,42.97388]]],[[[16.53977,43.21044],[16.5198,43.22534],[16.52762,43.22947],[16.54014,43.22481],[16.54703,43.22702],[16.54561,43.23307],[16.55794,43.23509],[16.56506,43.23191],[16.56704,43.23394],[16.57411,43.22897],[16.57328,43.2241],[16.56813,43.2216],[16.57202,43.21616],[16.5686,43.21262],[16.58057,43.21412],[16.58322,43.20818],[16.6079,43.21951],[16.61348,43.21148],[16.63772,43.2128],[16.63855,43.21754],[16.64315,43.21901],[16.64429,43.21566],[16.65397,43.21655],[16.65404,43.21295],[16.66822,43.21172],[16.66878,43.20658],[16.66403,43.19959],[16.67684,43.19337],[16.67428,43.18943],[16.68168,43.19099],[16.68394,43.18377],[16.69963,43.18046],[16.69815,43.17753],[16.68982,43.18061],[16.68094,43.17663],[16.69583,43.17],[16.69765,43.16586],[16.69419,43.1613],[16.70519,43.16601],[16.70543,43.16216],[16.71967,43.15732],[16.74218,43.15993],[16.74685,43.16384],[16.75027,43.16096],[16.76956,43.16118],[16.77822,43.15771],[16.7825,43.16008],[16.81154,43.15821],[16.82425,43.16135],[16.83754,43.16024],[16.84163,43.15632],[16.86372,43.15648],[16.86209,43.16048],[16.87789,43.16125],[16.88665,43.14981],[16.89244,43.15562],[16.89871,43.15449],[16.89755,43.15104],[16.96834,43.15062],[17.01639,43.14093],[17.02139,43.14379],[17.03368,43.13934],[17.09512,43.13746],[17.10588,43.13444],[17.1446,43.13949],[17.17943,43.13345],[17.19662,43.12426],[17.1886,43.12532],[17.15891,43.11792],[17.11497,43.11361],[17.10134,43.11451],[17.09638,43.11793],[17.09662,43.11459],[17.08591,43.11402],[17.04982,43.11352],[17.04903,43.11623],[17.04528,43.11398],[17.04097,43.11611],[17.02599,43.11317],[16.99658,43.11356],[16.98299,43.11598],[16.96992,43.11261],[16.93417,43.11181],[16.93252,43.11517],[16.91591,43.11597],[16.91391,43.11356],[16.90342,43.11412],[16.89828,43.11806],[16.8912,43.11548],[16.86462,43.11707],[16.78539,43.1268],[16.73178,43.12699],[16.68361,43.12078],[16.65841,43.1214],[16.59883,43.13431],[16.58481,43.13412],[16.58456,43.13772],[16.56991,43.14049],[16.54638,43.1385],[16.48214,43.16321],[16.47933,43.16286],[16.47942,43.15914],[16.46905,43.15799],[16.44287,43.16295],[16.44162,43.16912],[16.36765,43.19313],[16.36648,43.19596],[16.38162,43.19835],[16.41807,43.18969],[16.41367,43.19642],[16.42112,43.19247],[16.42086,43.19633],[16.42789,43.19701],[16.42763,43.19316],[16.43164,43.19247],[16.43287,43.19977],[16.4396,43.19532],[16.43834,43.2015],[16.44582,43.19884],[16.44948,43.20495],[16.45401,43.20361],[16.4541,43.20771],[16.46597,43.20525],[16.47555,43.20962],[16.52696,43.20291],[16.52687,43.19932],[16.53916,43.193],[16.5396,43.1894],[16.55736,43.18467],[16.56633,43.17864],[16.5956,43.18504],[16.57536,43.18917],[16.57479,43.19393],[16.56943,43.19721],[16.5739,43.20023],[16.56252,43.20141],[16.55614,43.21933],[16.55017,43.21928],[16.55062,43.2162],[16.53896,43.21302],[16.53977,43.21044]]],[[[17.19273,42.95625],[17.18976,42.96118],[17.1946,42.9598],[17.19273,42.95625]]],[[[17.1716,42.9315],[17.16526,42.93521],[17.16625,42.9384],[17.17245,42.93585],[17.1716,42.9315]]],[[[17.16916,42.94181],[17.1642,42.94473],[17.1652,42.9483],[17.17115,42.94357],[17.16916,42.94181]]],[[[17.16629,42.94956],[17.1504,42.95474],[17.15332,42.95841],[17.16344,42.95796],[17.1701,42.9536],[17.16629,42.94956]]],[[[16.98777,42.77547],[16.98185,42.77583],[16.98128,42.77969],[16.99244,42.78013],[16.99447,42.77804],[16.98777,42.77547]]],[[[16.98326,42.76541],[16.96975,42.76769],[16.98524,42.77269],[16.98689,42.76984],[16.98326,42.76541]]],[[[16.96454,42.75713],[16.96165,42.75924],[16.96296,42.76229],[16.97443,42.76133],[16.97118,42.75766],[16.96454,42.75713]]],[[[16.96353,42.76921],[16.96121,42.77297],[16.96883,42.77143],[16.96353,42.76921]]],[[[16.89535,42.77241],[16.90549,42.7734],[16.91722,42.76987],[16.92465,42.77347],[16.92836,42.76955],[16.94325,42.76674],[16.93734,42.76145],[16.93615,42.75146],[16.92962,42.74849],[16.92031,42.7344],[16.88898,42.72324],[16.88107,42.7262],[16.8913,42.73065],[16.89105,42.73399],[16.88626,42.73689],[16.88525,42.73229],[16.87234,42.73699],[16.84343,42.73066],[16.84688,42.72367],[16.84077,42.72326],[16.84277,42.72592],[16.83859,42.72612],[16.83583,42.73258],[16.82968,42.73075],[16.81977,42.7372],[16.82196,42.7405],[16.8196,42.74323],[16.8123,42.7436],[16.81278,42.74809],[16.82386,42.74586],[16.82607,42.75006],[16.82269,42.75358],[16.82285,42.76487],[16.8112,42.76569],[16.80905,42.76342],[16.81461,42.76294],[16.81023,42.75634],[16.81511,42.75652],[16.81434,42.75397],[16.80703,42.75395],[16.80681,42.75845],[16.79889,42.7614],[16.79726,42.76527],[16.80109,42.76547],[16.80584,42.77296],[16.81672,42.77574],[16.82354,42.77076],[16.83002,42.77194],[16.83117,42.76948],[16.82343,42.76704],[16.83285,42.76753],[16.83751,42.77182],[16.83623,42.77569],[16.84645,42.77398],[16.8472,42.76961],[16.8565,42.77793],[16.86586,42.77624],[16.87026,42.77206],[16.87796,42.77321],[16.87893,42.77063],[16.89535,42.77241]]],[[[16.4448,43.37053],[16.43418,43.37554],[16.4333,43.38261],[16.42962,43.38356],[16.42993,43.3892],[16.43493,43.39209],[16.51247,43.38313],[16.53817,43.38369],[16.53967,43.38726],[16.54425,43.38732],[16.57825,43.38237],[16.57924,43.38005],[16.59793,43.38145],[16.60072,43.38077],[16.59958,43.37733],[16.60564,43.38045],[16.61581,43.37928],[16.62062,43.37485],[16.62563,43.37786],[16.6593,43.37429],[16.66536,43.37061],[16.67963,43.37169],[16.68304,43.36753],[16.68696,43.36927],[16.70202,43.36725],[16.70318,43.36467],[16.70693,43.36666],[16.73599,43.36186],[16.73669,43.35569],[16.74017,43.35436],[16.74125,43.36127],[16.74443,43.36174],[16.78158,43.35731],[16.7841,43.35342],[16.81271,43.35169],[16.81938,43.34543],[16.79971,43.34009],[16.81167,43.34029],[16.81568,43.33907],[16.81226,43.33643],[16.81562,43.33531],[16.8295,43.3368],[16.83183,43.33265],[16.83461,43.33723],[16.83204,43.33945],[16.83881,43.34255],[16.85239,43.33797],[16.86448,43.3311],[16.86681,43.3267],[16.89963,43.3141],[16.89253,43.306],[16.88831,43.30594],[16.88922,43.30144],[16.8944,43.29827],[16.88633,43.29879],[16.88167,43.29579],[16.87924,43.28531],[16.88236,43.28397],[16.87912,43.28146],[16.87296,43.28092],[16.87256,43.28529],[16.86486,43.28605],[16.86681,43.28076],[16.8576,43.27822],[16.85492,43.27108],[16.84749,43.2694],[16.84337,43.27229],[16.84151,43.26898],[16.82669,43.26665],[16.81513,43.26761],[16.78335,43.26169],[16.72544,43.26271],[16.68668,43.25777],[16.65517,43.26118],[16.6442,43.258],[16.52793,43.27014],[16.51502,43.27352],[16.50398,43.28162],[16.49985,43.27795],[16.49447,43.28777],[16.49651,43.29211],[16.49353,43.29215],[16.49142,43.28474],[16.48844,43.28529],[16.48684,43.29147],[16.46905,43.29683],[16.4713,43.30296],[16.46199,43.30282],[16.45363,43.29857],[16.45613,43.30739],[16.4504,43.31041],[16.44561,43.30868],[16.44657,43.30456],[16.4364,43.30533],[16.43414,43.30651],[16.43636,43.3111],[16.42595,43.30944],[16.41698,43.31635],[16.41063,43.31566],[16.40827,43.31992],[16.41117,43.32373],[16.40929,43.33338],[16.41803,43.3316],[16.42769,43.32379],[16.44218,43.32707],[16.43486,43.3296],[16.43252,43.3422],[16.44308,43.35028],[16.4537,43.3531],[16.44484,43.3577],[16.44685,43.36076],[16.4448,43.37053]]],[[[16.8139,42.89371],[16.81365,42.89705],[16.82022,42.8949],[16.8139,42.89371]]],[[[16.80375,42.89285],[16.80315,42.89619],[16.80976,42.89545],[16.80375,42.89285]]],[[[16.80004,42.75304],[16.79629,42.75579],[16.80187,42.75622],[16.80004,42.75304]]],[[[16.79842,42.74523],[16.79395,42.74736],[16.79851,42.74844],[16.79842,42.74523]]],[[[16.79534,42.89183],[16.79292,42.89238],[16.79441,42.89569],[16.79825,42.89563],[16.79534,42.89183]]],[[[16.78765,42.75823],[16.78354,42.76048],[16.78561,42.77213],[16.78211,42.77141],[16.78256,42.775],[16.7903,42.77783],[16.79474,42.77455],[16.79206,42.76638],[16.7963,42.76221],[16.78765,42.75823]]],[[[16.70735,43.07988],[16.66582,43.08472],[16.66069,43.08942],[16.67154,43.09542],[16.67764,43.09456],[16.68827,43.09889],[16.69345,43.09638],[16.69491,43.09867],[16.70035,43.09268],[16.70281,43.0929],[16.70152,43.09703],[16.73297,43.0945],[16.74036,43.08952],[16.74024,43.08541],[16.73098,43.08607],[16.72218,43.08427],[16.72138,43.08082],[16.70735,43.07988]]],[[[16.73951,42.90462],[16.72543,42.91318],[16.73895,42.90938],[16.73951,42.90462]]],[[[16.71109,42.74786],[16.70839,42.75085],[16.72025,42.75157],[16.71985,42.75594],[16.72597,42.75713],[16.72864,42.75273],[16.71109,42.74786]]],[[[16.69648,42.90142],[16.69026,42.90382],[16.69623,42.90489],[16.69648,42.90142]]],[[[16.68338,42.95884],[16.67885,42.95929],[16.68173,42.9622],[16.68556,42.96176],[16.68338,42.95884]]],[[[16.67963,42.91078],[16.67131,42.91308],[16.67282,42.91729],[16.67963,42.91078]]],[[[16.61373,42.98089],[16.61033,42.98466],[16.61391,42.98769],[16.62379,42.98473],[16.62372,42.98216],[16.61373,42.98089]]],[[[16.49033,42.74863],[16.49304,42.75976],[16.49617,42.75959],[16.50765,42.77356],[16.52815,42.77123],[16.53499,42.76601],[16.53544,42.76318],[16.52855,42.75929],[16.50858,42.76148],[16.50764,42.75867],[16.49359,42.75385],[16.49033,42.74863]]],[[[16.4329,43.15627],[16.43159,43.16026],[16.43609,43.15777],[16.4329,43.15627]]],[[[16.41805,43.15068],[16.41457,43.15201],[16.41365,43.15766],[16.4168,43.15724],[16.42167,43.16347],[16.42959,43.15695],[16.42107,43.15988],[16.41805,43.15068]]],[[[16.36728,43.15322],[16.36928,43.15641],[16.36329,43.16264],[16.35736,43.16438],[16.34626,43.16181],[16.34063,43.16868],[16.33529,43.16515],[16.33043,43.16739],[16.33952,43.17421],[16.34936,43.17512],[16.36684,43.16478],[16.37182,43.16818],[16.38127,43.1673],[16.38172,43.16396],[16.38651,43.16634],[16.39523,43.16456],[16.39623,43.16211],[16.40069,43.16304],[16.39948,43.16644],[16.40196,43.1673],[16.40308,43.15536],[16.39159,43.1587],[16.38359,43.15367],[16.377,43.15683],[16.37656,43.16043],[16.37211,43.15766],[16.37219,43.15329],[16.36728,43.15322]]],[[[16.23815,43.38014],[16.22855,43.38384],[16.2271,43.38167],[16.20988,43.38263],[16.21011,43.38558],[16.20606,43.38562],[16.20968,43.39033],[16.20256,43.39515],[16.20341,43.40284],[16.20698,43.40511],[16.20037,43.40929],[16.20698,43.41422],[16.21468,43.41196],[16.2531,43.41398],[16.2759,43.41039],[16.29651,43.40311],[16.29605,43.39772],[16.29993,43.39845],[16.29951,43.39499],[16.30405,43.39352],[16.30559,43.39941],[16.31817,43.39567],[16.31366,43.38212],[16.32148,43.38588],[16.3246,43.38354],[16.32696,43.39519],[16.33392,43.39164],[16.34004,43.38169],[16.34945,43.37786],[16.34917,43.37324],[16.36024,43.3726],[16.36182,43.36462],[16.36891,43.35915],[16.3717,43.35039],[16.38041,43.34695],[16.38296,43.34281],[16.39085,43.3422],[16.39891,43.33312],[16.39846,43.32877],[16.39404,43.32766],[16.39118,43.33322],[16.388,43.33274],[16.38627,43.32635],[16.37854,43.32631],[16.3764,43.33263],[16.37369,43.32945],[16.36669,43.33069],[16.3674,43.33915],[16.35832,43.33387],[16.35169,43.336],[16.34915,43.34039],[16.31714,43.34808],[16.30749,43.35692],[16.3088,43.36062],[16.30224,43.35813],[16.2995,43.3615],[16.28724,43.36395],[16.2886,43.37009],[16.28283,43.37157],[16.27851,43.367],[16.2597,43.3758],[16.23815,43.38014]]],[[[16.22149,43.48797],[16.20812,43.48876],[16.20366,43.49522],[16.20513,43.4979],[16.23015,43.49751],[16.23708,43.49191],[16.2375,43.49524],[16.25632,43.49312],[16.26025,43.49589],[16.25907,43.50669],[16.24103,43.51266],[16.26685,43.51622],[16.30345,43.51312],[16.32999,43.50152],[16.33809,43.50117],[16.35165,43.49254],[16.37586,43.48776],[16.39211,43.48923],[16.38178,43.48435],[16.31477,43.48232],[16.28036,43.4881],[16.27288,43.49319],[16.26902,43.48515],[16.24529,43.47989],[16.22149,43.48797]]],[[[16.36019,43.14933],[16.35555,43.15375],[16.36099,43.1542],[16.36389,43.15031],[16.36019,43.14933]]],[[[16.31151,43.16799],[16.31271,43.17452],[16.31587,43.175],[16.31858,43.17035],[16.31244,43.17042],[16.31151,43.16799]]],[[[16.26577,42.39034],[16.25818,42.39171],[16.25856,42.3935],[16.26577,42.39034]]],[[[16.06321,43.04212],[16.05585,43.05169],[16.04923,43.05329],[16.05331,43.05684],[16.07266,43.06282],[16.07802,43.06893],[16.11736,43.07651],[16.12929,43.07767],[16.132,43.07303],[16.14683,43.07942],[16.17166,43.0784],[16.18502,43.08096],[16.18837,43.07348],[16.19361,43.07266],[16.19541,43.07521],[16.19851,43.07286],[16.19421,43.06739],[16.18898,43.06847],[16.18924,43.06424],[16.18467,43.06287],[16.18566,43.05965],[16.19297,43.05765],[16.19858,43.05824],[16.20791,43.06994],[16.22867,43.07562],[16.22915,43.07305],[16.23985,43.07448],[16.2384,43.07205],[16.242,43.06829],[16.25523,43.07303],[16.2511,43.0682],[16.25684,43.06608],[16.25389,43.0588],[16.25686,43.05864],[16.2516,43.04946],[16.23425,43.03951],[16.23054,43.02915],[16.22299,43.02769],[16.22255,43.02308],[16.21207,43.02345],[16.21143,43.01794],[16.20756,43.01669],[16.20409,43.01788],[16.20554,43.02044],[16.18729,43.01729],[16.18541,43.01962],[16.17186,43.01501],[16.13052,43.01145],[16.11295,43.00662],[16.07096,43.00535],[16.0704,43.01305],[16.09154,43.02209],[16.0942,43.03362],[16.08898,43.04522],[16.0836,43.04796],[16.06598,43.04081],[16.06321,43.04212]]],[[[16.24264,43.02171],[16.23999,43.02931],[16.24465,43.02592],[16.24264,43.02171]]],[[[16.23818,43.47676],[16.22694,43.47842],[16.23648,43.47986],[16.23818,43.47676]]],[[[16.2278,43.01442],[16.22397,43.01498],[16.22369,43.01857],[16.23003,43.02069],[16.2278,43.01442]]],[[[16.19595,43.38996],[16.19278,43.39012],[16.19286,43.39423],[16.19779,43.39443],[16.19595,43.38996]]],[[[16.17254,43.3988],[16.16917,43.40653],[16.17341,43.40713],[16.18172,43.40024],[16.17254,43.3988]]],[[[16.12591,43.42724],[16.108,43.42972],[16.11739,43.44246],[16.12547,43.44174],[16.1227,43.44421],[16.12424,43.45138],[16.14535,43.45014],[16.1373,43.45266],[16.13354,43.45898],[16.1603,43.4582],[16.16661,43.45634],[16.17421,43.44857],[16.17636,43.44187],[16.16998,43.43937],[16.1686,43.43181],[16.16227,43.43201],[16.1548,43.43773],[16.14544,43.4359],[16.14818,43.43189],[16.14532,43.42948],[16.13479,43.43126],[16.12591,43.42724]]],[[[16.13025,43.41462],[16.11871,43.41884],[16.12051,43.421],[16.12804,43.41875],[16.13025,43.41462]]],[[[16.08591,43.4352],[16.07947,43.43923],[16.08291,43.44459],[16.0646,43.44476],[16.06042,43.4475],[16.0558,43.44523],[16.05378,43.45051],[16.06822,43.4505],[16.07254,43.4556],[16.07884,43.45335],[16.08838,43.45519],[16.0942,43.44564],[16.09046,43.44324],[16.09213,43.43834],[16.08591,43.4352]]],[[[16.02804,43.47012],[16.02174,43.47223],[16.03343,43.47584],[16.03424,43.47173],[16.02804,43.47012]]],[[[15.99599,42.95303],[15.99516,42.95625],[16.0014,42.96389],[15.9988,42.97597],[16.0016,42.97621],[16.00045,42.99162],[16.00748,42.99361],[16.02299,42.98038],[16.01945,42.97759],[16.02468,42.97652],[16.02021,42.96013],[16.00414,42.96027],[15.99599,42.95303]]],[[[15.94234,43.51025],[15.93851,43.51336],[15.94136,43.51539],[15.94451,43.51331],[15.94234,43.51025]]],[[[15.93433,43.53944],[15.93117,43.54011],[15.93192,43.54344],[15.93562,43.54315],[15.93433,43.53944]]],[[[15.91655,43.66956],[15.9081,43.67219],[15.91171,43.67704],[15.91922,43.67108],[15.91655,43.66956]]],[[[15.8965,43.62866],[15.89726,43.63225],[15.90746,43.62909],[15.8965,43.62866]]],[[[15.90195,43.56806],[15.89491,43.56927],[15.89286,43.57352],[15.90411,43.57112],[15.90513,43.56854],[15.90195,43.56806]]],[[[15.89292,43.64973],[15.89264,43.65461],[15.899,43.6543],[15.89292,43.64973]]],[[[15.87929,43.65985],[15.87836,43.66909],[15.88272,43.66521],[15.87929,43.65985]]],[[[15.86904,43.66031],[15.86133,43.6646],[15.85861,43.67232],[15.82215,43.6944],[15.82012,43.70121],[15.83386,43.69765],[15.83507,43.70842],[15.84459,43.70604],[15.84629,43.70141],[15.85578,43.69698],[15.85678,43.69235],[15.86588,43.68587],[15.86887,43.67301],[15.86459,43.66997],[15.86967,43.66685],[15.86904,43.66031]]],[[[15.81932,43.64246],[15.81617,43.64492],[15.81901,43.64618],[15.81932,43.64246]]],[[[15.81392,43.71358],[15.80864,43.7158],[15.80799,43.72016],[15.814,43.71935],[15.81392,43.71358]]],[[[15.81006,43.66344],[15.80941,43.6678],[15.81346,43.66675],[15.81006,43.66344]]],[[[15.79558,43.7182],[15.78028,43.73857],[15.78282,43.7433],[15.80212,43.73085],[15.80715,43.72325],[15.79558,43.7182]]],[[[15.79676,43.67341],[15.79288,43.67408],[15.794,43.67895],[15.79787,43.67738],[15.79676,43.67341]]],[[[15.7879,43.67193],[15.78242,43.68544],[15.78841,43.68412],[15.7879,43.67193]]],[[[15.77278,43.70578],[15.76368,43.71328],[15.76338,43.7179],[15.75021,43.72594],[15.75509,43.73348],[15.77999,43.71651],[15.77007,43.71504],[15.77545,43.7073],[15.77278,43.70578]]],[[[15.77316,43.68024],[15.76264,43.68724],[15.75306,43.68461],[15.75082,43.6895],[15.73959,43.69625],[15.73987,43.70446],[15.7436,43.70597],[15.76517,43.69146],[15.77224,43.69167],[15.77693,43.68522],[15.77316,43.68024]]],[[[15.73994,43.01592],[15.72619,43.02166],[15.73098,43.02727],[15.74711,43.03025],[15.75065,43.03408],[15.76916,43.03164],[15.7617,43.0222],[15.73994,43.01592]]],[[[15.76378,43.66529],[15.75428,43.66895],[15.75679,43.67188],[15.76137,43.6707],[15.76378,43.66529]]],[[[15.75478,43.73721],[15.74987,43.74057],[15.75132,43.74351],[15.75815,43.73821],[15.75478,43.73721]]],[[[15.74508,43.66837],[15.73275,43.67243],[15.73984,43.67328],[15.74508,43.66837]]],[[[15.74453,43.62436],[15.73576,43.62878],[15.74422,43.62744],[15.74453,43.62436]]],[[[15.65779,43.63875],[15.62379,43.66486],[15.62513,43.65844],[15.60682,43.6647],[15.60246,43.67062],[15.60618,43.67188],[15.60095,43.67858],[15.61855,43.6713],[15.63941,43.67093],[15.65663,43.66147],[15.65631,43.66519],[15.65915,43.66607],[15.6669,43.66333],[15.67701,43.65134],[15.68789,43.64486],[15.71432,43.63867],[15.73065,43.62984],[15.70926,43.62895],[15.70651,43.63487],[15.69976,43.6317],[15.69168,43.63624],[15.68073,43.63631],[15.68844,43.63036],[15.66064,43.64079],[15.65779,43.63875]]],[[[15.72247,43.66993],[15.71021,43.67924],[15.6975,43.6806],[15.6951,43.68754],[15.70745,43.68542],[15.7082,43.68849],[15.68077,43.70251],[15.68575,43.70505],[15.68034,43.71124],[15.68091,43.71509],[15.67595,43.71371],[15.67034,43.719],[15.68905,43.71504],[15.708,43.70209],[15.71599,43.68973],[15.72839,43.69144],[15.72904,43.68708],[15.72267,43.68635],[15.72384,43.68044],[15.71711,43.68022],[15.72247,43.66993]]],[[[15.69985,43.67007],[15.69918,43.67366],[15.70236,43.67339],[15.69985,43.67007]]],[[[15.69287,43.67781],[15.67837,43.67802],[15.67665,43.68227],[15.64414,43.70016],[15.63733,43.70867],[15.63912,43.71045],[15.64792,43.7063],[15.64962,43.69987],[15.6588,43.69854],[15.66544,43.69157],[15.67643,43.69407],[15.67744,43.68919],[15.69013,43.68552],[15.69287,43.67781]]],[[[15.67428,43.75439],[15.67609,43.75823],[15.6789,43.7559],[15.67428,43.75439]]],[[[15.61445,43.78873],[15.60992,43.79671],[15.59858,43.79548],[15.5935,43.8018],[15.58872,43.80208],[15.59054,43.80694],[15.58645,43.80542],[15.57889,43.81188],[15.57965,43.81649],[15.57327,43.81678],[15.57352,43.82422],[15.56469,43.82786],[15.56527,43.83299],[15.57557,43.83422],[15.57411,43.83064],[15.57872,43.83036],[15.58466,43.82186],[15.58927,43.8217],[15.59337,43.82412],[15.59184,43.83106],[15.59755,43.83488],[15.59851,43.82435],[15.60138,43.82742],[15.60685,43.82585],[15.60568,43.81508],[15.61004,43.80787],[15.61994,43.80576],[15.62398,43.80292],[15.62376,43.79907],[15.63046,43.79595],[15.64254,43.79871],[15.64886,43.7938],[15.65268,43.78633],[15.64841,43.78443],[15.64979,43.78173],[15.65949,43.77783],[15.65786,43.7745],[15.66316,43.77319],[15.66695,43.76418],[15.64362,43.76714],[15.63339,43.77143],[15.63254,43.77464],[15.62562,43.77314],[15.62264,43.77624],[15.62447,43.78187],[15.61445,43.78873]]],[[[15.66269,43.69839],[15.65972,43.70187],[15.66487,43.70389],[15.66269,43.69839]]],[[[15.59357,43.71968],[15.59008,43.7238],[15.59646,43.72531],[15.5989,43.72196],[15.59357,43.71968]]],[[[15.58451,43.73307],[15.57956,43.73438],[15.58242,43.73667],[15.58451,43.73307]]],[[[15.58015,43.83163],[15.57877,43.83523],[15.58374,43.83649],[15.58371,43.8329],[15.58015,43.83163]]],[[[15.57808,43.83729],[15.57813,43.84229],[15.58202,43.84163],[15.57808,43.83729]]],[[[15.56605,43.83966],[15.56149,43.84558],[15.57354,43.84475],[15.57351,43.84193],[15.56605,43.83966]]],[[[15.56153,43.85007],[15.55448,43.85434],[15.56442,43.85532],[15.56509,43.85108],[15.56153,43.85007]]],[[[15.54663,43.84912],[15.54116,43.85209],[15.53944,43.858],[15.53238,43.86112],[15.53329,43.86419],[15.54992,43.85949],[15.5518,43.85179],[15.54663,43.84912]]],[[[15.5248,43.82612],[15.51631,43.82758],[15.51034,43.83453],[15.51954,43.83269],[15.5248,43.82612]]],[[[15.52005,43.68668],[15.48389,43.6971],[15.48338,43.70018],[15.47298,43.70382],[15.47003,43.71166],[15.47741,43.70483],[15.51937,43.69002],[15.52005,43.68668]]],[[[15.50795,43.84545],[15.50016,43.84599],[15.49222,43.85103],[15.48574,43.86055],[15.49563,43.85615],[15.49901,43.85691],[15.49673,43.86076],[15.50099,43.861],[15.5022,43.8574],[15.51739,43.85066],[15.50795,43.84545]]],[[[15.47469,43.71985],[15.46823,43.73027],[15.47304,43.73423],[15.48168,43.73047],[15.48163,43.72508],[15.47774,43.72536],[15.47469,43.71985]]],[[[15.47268,43.68868],[15.47325,43.6933],[15.47748,43.69225],[15.47268,43.68868]]],[[[15.46191,43.71413],[15.44941,43.72162],[15.4475,43.7265],[15.46249,43.72029],[15.46191,43.71413]]],[[[15.46147,43.70194],[15.4576,43.70517],[15.46273,43.70514],[15.46147,43.70194]]],[[[15.46189,43.84923],[15.45587,43.85067],[15.4566,43.8531],[15.46189,43.84923]]],[[[15.2657,43.82535],[15.2574,43.83256],[15.25548,43.83923],[15.25016,43.83912],[15.24611,43.84516],[15.24132,43.84491],[15.24384,43.85222],[15.2419,43.85517],[15.22086,43.87061],[15.23595,43.87674],[15.24356,43.87082],[15.24747,43.87261],[15.24852,43.87017],[15.26306,43.86924],[15.26748,43.86589],[15.26073,43.86463],[15.25912,43.86052],[15.25168,43.86131],[15.26405,43.8523],[15.34252,43.80796],[15.35976,43.78904],[15.38412,43.77626],[15.38587,43.77202],[15.43686,43.74733],[15.46034,43.73954],[15.46154,43.73543],[15.45817,43.73365],[15.45096,43.73958],[15.44053,43.74103],[15.43703,43.74592],[15.40843,43.75693],[15.39539,43.76557],[15.38407,43.76779],[15.35972,43.78147],[15.35121,43.78034],[15.33851,43.78885],[15.33391,43.78925],[15.33495,43.78617],[15.32947,43.78721],[15.31695,43.79738],[15.30368,43.80037],[15.29945,43.80551],[15.30497,43.8105],[15.29611,43.81078],[15.29205,43.81323],[15.29348,43.81682],[15.28479,43.81556],[15.28429,43.82172],[15.27598,43.8261],[15.2703,43.82265],[15.2657,43.82535]]],[[[15.30307,43.96049],[15.29763,43.97334],[15.29266,43.97386],[15.26611,43.99779],[15.26615,44.00587],[15.25797,44.00563],[15.25125,44.01425],[15.26353,44.01601],[15.26123,44.01782],[15.26408,44.02076],[15.26799,44.02011],[15.27081,44.01343],[15.28946,44.01133],[15.29599,44.00118],[15.32439,43.99405],[15.32791,43.98865],[15.34705,43.9791],[15.35763,43.96547],[15.36331,43.96519],[15.36476,43.96878],[15.37753,43.96617],[15.38067,43.95692],[15.38388,43.95884],[15.38971,43.9551],[15.38612,43.94818],[15.39013,43.93739],[15.40925,43.9286],[15.44987,43.90125],[15.45603,43.89506],[15.45372,43.8943],[15.45528,43.88891],[15.45029,43.88687],[15.44254,43.89409],[15.43204,43.88887],[15.42672,43.88966],[15.40305,43.90411],[15.39578,43.90529],[15.39669,43.90978],[15.39013,43.91019],[15.38625,43.91405],[15.37861,43.91279],[15.38461,43.90649],[15.37805,43.90869],[15.3772,43.91331],[15.3701,43.91436],[15.37396,43.90704],[15.36227,43.91002],[15.35644,43.91569],[15.35419,43.92532],[15.36448,43.924],[15.35707,43.93108],[15.35051,43.93213],[15.34893,43.93521],[15.33898,43.93434],[15.33194,43.94476],[15.30819,43.95406],[15.30307,43.96049]]],[[[15.44672,43.85956],[15.42817,43.86951],[15.43509,43.87],[15.44672,43.85956]]],[[[15.43679,43.7141],[15.43543,43.72116],[15.43968,43.72115],[15.44336,43.71754],[15.43752,43.7173],[15.43679,43.7141]]],[[[15.43687,43.72449],[15.43175,43.72605],[15.43125,43.73016],[15.43831,43.72834],[15.43687,43.72449]]],[[[15.42591,43.87555],[15.41675,43.88469],[15.42564,43.88722],[15.4313,43.88541],[15.43323,43.88181],[15.42591,43.87555]]],[[[15.42413,43.72492],[15.41282,43.72676],[15.40896,43.73088],[15.42311,43.7307],[15.42645,43.72735],[15.42413,43.72492]]],[[[15.41489,43.71906],[15.40643,43.72319],[15.41069,43.72459],[15.41489,43.71906]]],[[[15.40833,43.95105],[15.39523,43.95649],[15.39668,43.96046],[15.40519,43.9594],[15.40742,43.95487],[15.41227,43.9545],[15.40833,43.95105]]],[[[15.40573,43.88204],[15.39778,43.88579],[15.39445,43.89273],[15.41071,43.88343],[15.40573,43.88204]]],[[[15.3874,43.73571],[15.38976,43.74494],[15.39382,43.74325],[15.3874,43.73571]]],[[[15.38285,43.74291],[15.38004,43.74676],[15.38396,43.75034],[15.38678,43.74931],[15.38285,43.74291]]],[[[15.38435,43.97641],[15.38117,43.97937],[15.3865,43.98],[15.38435,43.97641]]],[[[15.37258,43.74294],[15.36007,43.75119],[15.36455,43.76067],[15.36809,43.76066],[15.36734,43.75373],[15.3787,43.75806],[15.38116,43.75613],[15.37258,43.74294]]],[[[15.30538,43.8563],[15.30204,43.86196],[15.29265,43.8648],[15.28967,43.87033],[15.27923,43.87613],[15.26576,43.87898],[15.26309,43.87681],[15.2539,43.88299],[15.26117,43.88336],[15.26636,43.89335],[15.27591,43.88704],[15.28373,43.89036],[15.29683,43.88519],[15.28477,43.88458],[15.28546,43.88022],[15.29715,43.87634],[15.30177,43.878],[15.30317,43.87504],[15.31663,43.87167],[15.31897,43.87705],[15.31438,43.88168],[15.316,43.88617],[15.31954,43.885],[15.32021,43.87807],[15.32658,43.87434],[15.32211,43.86755],[15.32369,43.86498],[15.33043,43.86521],[15.33643,43.86032],[15.33851,43.85185],[15.35019,43.84745],[15.35225,43.8359],[15.35685,43.83563],[15.36459,43.82482],[15.37236,43.82056],[15.36632,43.81815],[15.35541,43.83191],[15.34974,43.83129],[15.34287,43.83926],[15.33649,43.84005],[15.32662,43.8488],[15.31758,43.84947],[15.31688,43.85217],[15.30979,43.85244],[15.30538,43.8563]]],[[[15.37203,43.82493],[15.36849,43.82494],[15.3671,43.83085],[15.37203,43.82493]]],[[[15.36307,43.80776],[15.35917,43.80778],[15.36167,43.812],[15.3652,43.80853],[15.36307,43.80776]]],[[[15.3571,43.75774],[15.34296,43.761],[15.32902,43.77053],[15.31505,43.77314],[15.31542,43.7757],[15.32251,43.77773],[15.34476,43.76702],[15.3621,43.76479],[15.36296,43.76119],[15.3571,43.75774]]],[[[15.35081,43.7729],[15.34375,43.77639],[15.35049,43.77817],[15.35331,43.77585],[15.35081,43.7729]]],[[[15.34835,43.89711],[15.33651,43.90574],[15.33918,43.9065],[15.34835,43.89711]]],[[[15.33399,43.86816],[15.33011,43.87112],[15.33632,43.8729],[15.33399,43.86816]]],[[[15.32888,43.9064],[15.32324,43.91245],[15.33086,43.91063],[15.32888,43.9064]]],[[[15.31153,43.91351],[15.30589,43.92199],[15.28482,43.93205],[15.28467,43.93821],[15.30628,43.92789],[15.31741,43.91863],[15.31758,43.9158],[15.31153,43.91351]]],[[[15.27962,43.92129],[15.28106,43.92591],[15.28496,43.92513],[15.27962,43.92129]]],[[[15.27648,43.8574],[15.27403,43.8628],[15.28058,43.86099],[15.27648,43.8574]]],[[[15.27934,43.93707],[15.26869,43.93928],[15.27367,43.94029],[15.27934,43.93707]]],[[[15.27692,43.79774],[15.26382,43.80111],[15.26384,43.80432],[15.26738,43.80482],[15.27852,43.79915],[15.27692,43.79774]]],[[[15.27393,43.91989],[15.26098,43.92133],[15.25904,43.92493],[15.27253,43.92285],[15.27393,43.91989]]],[[[15.25254,43.81512],[15.24157,43.81886],[15.24159,43.82335],[15.23347,43.83133],[15.24976,43.82667],[15.25434,43.82063],[15.25683,43.82281],[15.25525,43.82538],[15.26357,43.82331],[15.26531,43.81714],[15.25611,43.81947],[15.25254,43.81512]]],[[[15.11204,44.10428],[15.09977,44.10942],[15.08963,44.11969],[15.0834,44.12047],[15.0713,44.13074],[15.06507,44.131],[15.06365,44.13485],[15.06935,44.13446],[15.07202,44.13741],[15.06064,44.15204],[15.06332,44.15846],[15.08433,44.14446],[15.10427,44.1361],[15.10604,44.12943],[15.11493,44.12583],[15.12669,44.12582],[15.13433,44.11606],[15.14554,44.11194],[15.15228,44.10346],[15.15585,44.1073],[15.16581,44.10267],[15.16472,44.096],[15.17273,44.09496],[15.17257,44.10022],[15.18466,44.09417],[15.18853,44.08031],[15.19244,44.07979],[15.20236,44.06541],[15.21054,44.06462],[15.21977,44.05691],[15.22511,44.05741],[15.23574,44.04635],[15.24072,44.04737],[15.24709,44.03863],[15.25331,44.03734],[15.25347,44.03451],[15.24671,44.03376],[15.25204,44.03246],[15.25999,44.0209],[15.25021,44.01989],[15.25054,44.01348],[15.24306,44.00926],[15.23811,44.01658],[15.24416,44.01734],[15.24383,44.02427],[15.23103,44.02609],[15.22895,44.03867],[15.21404,44.04806],[15.21258,44.03703],[15.20034,44.04514],[15.20493,44.03718],[15.20119,44.03436],[15.19337,44.03578],[15.12714,44.08886],[15.11668,44.10632],[15.11241,44.10723],[15.11204,44.10428]]],[[[14.79004,44.62898],[14.77399,44.64601],[14.77306,44.65268],[14.75505,44.66316],[14.75647,44.66624],[14.75288,44.66675],[14.75195,44.67188],[14.73371,44.69108],[14.73365,44.70404],[14.76684,44.68063],[14.80726,44.63684],[14.82131,44.62711],[14.82492,44.62044],[14.82959,44.61994],[14.84832,44.6038],[14.85263,44.60329],[14.86487,44.58817],[14.88681,44.57087],[14.89021,44.57255],[14.88877,44.57793],[14.87689,44.5928],[14.87057,44.60691],[14.87703,44.61076],[14.90433,44.60809],[14.90469,44.61104],[14.90971,44.61208],[14.91475,44.60528],[14.90847,44.60335],[14.92266,44.60105],[14.92464,44.59592],[14.93057,44.59747],[14.93668,44.58746],[14.94332,44.58618],[14.94459,44.58028],[14.95787,44.57798],[14.96344,44.5708],[14.95949,44.56849],[14.96308,44.56643],[14.96452,44.55899],[14.99126,44.53283],[15.00059,44.52795],[15.03107,44.52385],[15.04422,44.51708],[15.04219,44.51589],[15.04416,44.51332],[15.05043,44.51383],[15.05401,44.50819],[15.05257,44.50216],[15.05938,44.50074],[15.06045,44.4951],[15.07907,44.47661],[15.07047,44.47649],[15.05829,44.48445],[15.05363,44.48407],[15.0488,44.48766],[15.05239,44.49305],[15.05113,44.49638],[15.04253,44.49421],[15.02102,44.50088],[15.02066,44.49485],[15.01493,44.49524],[15.00382,44.50563],[15.01045,44.50768],[15.00059,44.51243],[14.9979,44.51692],[14.96526,44.52384],[14.95072,44.53821],[14.93098,44.54653],[14.91663,44.54896],[14.91629,44.53716],[14.93387,44.53538],[14.94787,44.51845],[14.97083,44.50768],[15.04571,44.44135],[15.0527,44.44327],[15.05271,44.45148],[15.04627,44.46277],[15.04395,44.47868],[15.05542,44.47534],[15.05649,44.47136],[15.07761,44.46045],[15.09622,44.44607],[15.11663,44.44091],[15.12627,44.42782],[15.13306,44.42422],[15.13341,44.42063],[15.14164,44.41651],[15.13965,44.41087],[15.15092,44.40559],[15.15593,44.40636],[15.1763,44.39568],[15.17307,44.3944],[15.18626,44.37591],[15.20165,44.37781],[15.2052,44.37267],[15.24696,44.34962],[15.25085,44.33807],[15.25727,44.33574],[15.2583,44.32573],[15.25222,44.32421],[15.18763,44.35897],[15.18191,44.35847],[15.1819,44.3559],[15.19333,44.35178],[15.23504,44.32014],[15.23396,44.31668],[15.21289,44.32095],[15.21109,44.31788],[15.21607,44.31145],[15.22623,44.30553],[15.22247,44.30336],[15.21836,44.30375],[15.21499,44.30966],[15.19642,44.3138],[15.19036,44.31817],[15.18106,44.31652],[15.13607,44.33197],[15.13177,44.32518],[15.15852,44.30462],[15.17921,44.29432],[15.18116,44.29124],[15.17741,44.28907],[15.15581,44.29513],[15.11048,44.31853],[15.09425,44.33599],[15.09372,44.34061],[15.10248,44.3374],[15.10623,44.33957],[15.10625,44.34727],[15.09678,44.34895],[15.09803,44.35113],[15.08857,44.35973],[15.08965,44.36679],[15.09502,44.36999],[15.11326,44.36908],[15.11596,44.37805],[15.08111,44.39784],[15.0668,44.39875],[15.06483,44.39734],[15.06786,44.38861],[15.05534,44.39157],[15.04317,44.39016],[15.03441,44.39838],[15.03942,44.40505],[15.03334,44.40967],[15.03066,44.4166],[14.98483,44.45329],[14.96404,44.46457],[14.93896,44.46495],[14.91458,44.47866],[14.89968,44.49558],[14.91885,44.49739],[14.92046,44.50124],[14.91542,44.51407],[14.89119,44.53226],[14.88365,44.5329],[14.88076,44.54175],[14.87052,44.54815],[14.87321,44.55316],[14.88415,44.55381],[14.88001,44.55842],[14.8617,44.56495],[14.866,44.56662],[14.86257,44.57303],[14.85377,44.57828],[14.84766,44.57789],[14.84801,44.58199],[14.83508,44.58672],[14.83361,44.59672],[14.81815,44.60388],[14.81273,44.6126],[14.80878,44.61349],[14.80967,44.61631],[14.79004,44.62898]]],[[[15.25748,43.80831],[15.25287,43.80883],[15.25147,43.81307],[15.25855,43.81164],[15.25748,43.80831]]],[[[15.255,43.89261],[15.24704,43.89955],[15.24972,43.90199],[15.25556,43.90005],[15.255,43.89261]]],[[[15.23546,43.88726],[15.22873,43.88907],[15.23371,43.89124],[15.2376,43.88905],[15.23546,43.88726]]],[[[15.23602,44.29538],[15.23317,44.29949],[15.2371,44.29858],[15.23602,44.29538]]],[[[15.23424,43.84698],[15.22151,43.85701],[15.2272,43.85956],[15.23409,43.85339],[15.23424,43.84698]]],[[[15.22925,44.30039],[15.22461,44.30117],[15.22962,44.30424],[15.22925,44.30039]]],[[[15.21945,43.87562],[15.21876,43.87921],[15.21379,43.87961],[15.21701,43.88486],[15.21382,43.88602],[15.21702,43.88871],[15.22694,43.88523],[15.22638,43.87856],[15.21945,43.87562]]],[[[15.22672,43.92064],[15.21006,43.92683],[15.20173,43.933],[15.19396,43.94456],[15.20302,43.94455],[15.21187,43.93812],[15.22672,43.92064]]],[[[14.8611,44.13632],[14.86233,44.1412],[14.85235,44.14298],[14.84539,44.14862],[14.84556,44.15195],[14.86517,44.14685],[14.86785,44.14351],[14.8659,44.14056],[14.88086,44.13917],[14.86837,44.15147],[14.86103,44.16609],[14.85603,44.16788],[14.85726,44.17711],[14.86012,44.17173],[14.8669,44.17071],[14.88225,44.1579],[14.88903,44.15714],[14.89011,44.15149],[14.89723,44.15227],[14.91115,44.14253],[14.90795,44.13765],[14.90974,44.13278],[14.92168,44.12406],[14.92881,44.11996],[14.93433,44.11932],[14.93291,44.12227],[14.93611,44.12279],[14.94395,44.1192],[14.94645,44.11638],[14.94075,44.11176],[14.9543,44.09791],[14.96106,44.09765],[14.97032,44.08893],[14.98688,44.0856],[14.99845,44.07829],[14.99524,44.08765],[15.0045,44.08586],[15.00913,44.08252],[15.00699,44.07495],[15.00272,44.07251],[15.00628,44.06969],[15.01411,44.0711],[15.01909,44.06173],[15.02389,44.06148],[15.03153,44.03222],[15.04521,44.01939],[15.05213,44.00656],[15.0603,44.00039],[15.06848,44.00039],[15.07771,43.98999],[15.09582,43.97843],[15.10009,43.98369],[15.09743,43.98754],[15.12122,43.97828],[15.11641,43.97033],[15.12546,43.96519],[15.12882,43.95902],[15.14533,43.9549],[15.14691,43.94681],[15.15011,43.94796],[15.15879,43.94128],[15.16784,43.93947],[15.17703,43.92393],[15.21355,43.91104],[15.22329,43.90474],[15.22627,43.896],[15.21635,43.89936],[15.21386,43.89731],[15.21898,43.89037],[15.20354,43.88925],[15.18991,43.90069],[15.18795,43.8971],[15.18371,43.9016],[15.15816,43.9033],[15.15853,43.90882],[15.16527,43.90868],[15.15234,43.91794],[15.14861,43.91576],[15.14685,43.92385],[15.13745,43.92643],[15.1291,43.92156],[15.13583,43.91449],[15.14506,43.91513],[15.15141,43.90306],[15.15175,43.89561],[15.15813,43.89227],[15.16843,43.89687],[15.17303,43.89251],[15.17372,43.88635],[15.18825,43.87888],[15.19641,43.88041],[15.20048,43.87706],[15.20082,43.87347],[15.19549,43.86989],[15.20115,43.86629],[15.19849,43.86488],[15.128,43.90745],[15.10354,43.92685],[15.07838,43.95599],[15.07305,43.95574],[15.034,44.00554],[15.02636,44.01118],[15.01374,44.03248],[14.99222,44.05045],[14.99222,44.05506],[14.98706,44.05442],[14.95894,44.0761],[14.93953,44.0843],[14.91743,44.10789],[14.88997,44.12686],[14.87553,44.13377],[14.87144,44.13248],[14.87306,44.12389],[14.82812,44.14256],[14.81864,44.15525],[14.8245,44.16219],[14.83127,44.16451],[14.83698,44.16221],[14.82504,44.15911],[14.82452,44.15603],[14.83434,44.14989],[14.83346,44.14603],[14.85235,44.14221],[14.85558,44.13554],[14.8611,44.13632]]],[[[15.21479,43.86126],[15.20702,43.86961],[15.21269,43.8696],[15.21605,43.86549],[15.21479,43.86126]]],[[[15.21255,44.02818],[15.209,44.02973],[15.21043,44.03255],[15.21398,44.03151],[15.21255,44.02818]]],[[[15.21128,44.07155],[15.20668,44.07874],[15.21166,44.07899],[15.21395,44.07231],[15.21128,44.07155]]],[[[15.12824,44.01766],[15.12042,44.02139],[15.1009,44.04283],[15.09414,44.04451],[15.08988,44.04938],[15.07708,44.05196],[15.07246,44.05889],[15.07211,44.06094],[15.07798,44.06094],[15.07107,44.08352],[15.09419,44.07094],[15.09632,44.07273],[15.11107,44.05835],[15.10982,44.05578],[15.11745,44.04833],[15.11869,44.04243],[15.12793,44.0396],[15.13254,44.03202],[15.14693,44.02649],[15.14674,44.02161],[15.1503,44.02417],[15.15492,44.02237],[15.1501,44.01365],[15.16765,43.99644],[15.14936,44.00416],[15.14174,44.01161],[15.13462,44.01162],[15.12824,44.01766]]],[[[15.14339,43.95926],[15.13595,43.9671],[15.13879,43.9694],[15.14339,43.95926]]],[[[15.13859,44.03561],[15.13397,44.03651],[15.13149,44.0419],[15.13576,44.04267],[15.13859,44.03561]]],[[[15.09406,43.99011],[15.08234,43.99756],[15.09335,43.99396],[15.09406,43.99011]]],[[[15.08484,44.00718],[15.07631,44.00859],[15.06245,44.01733],[15.05997,44.02374],[15.05464,44.02259],[15.05464,44.02631],[15.05962,44.02695],[15.05589,44.03067],[15.05945,44.03298],[15.0511,44.04261],[15.06568,44.04016],[15.06158,44.03298],[15.0678,44.02643],[15.07385,44.02707],[15.07206,44.02322],[15.0774,44.02322],[15.08556,44.01115],[15.08484,44.00718]]],[[[15.05931,44.07647],[15.05238,44.07969],[15.05612,44.08225],[15.05931,44.07647]]],[[[15.05797,44.16115],[15.05405,44.16154],[15.05512,44.16462],[15.05762,44.16513],[15.05797,44.16115]]],[[[15.05688,44.14062],[15.04085,44.14461],[15.01948,44.16745],[15.02661,44.16848],[15.0462,44.15372],[15.05191,44.15397],[15.05565,44.15076],[15.05404,44.14717],[15.05688,44.14062]]],[[[15.00201,44.13782],[14.99364,44.14102],[14.97991,44.15565],[14.97118,44.15898],[14.96797,44.16642],[14.96993,44.16771],[14.94692,44.18515],[14.94227,44.19464],[14.94459,44.20003],[14.94958,44.20106],[14.94994,44.19618],[14.9742,44.18105],[14.99096,44.16181],[15.00664,44.16053],[15.01698,44.14821],[15.02517,44.14718],[15.03461,44.13794],[15.03051,44.12524],[15.02427,44.12537],[15.01484,44.13692],[15.00397,44.13564],[15.00201,44.13782]]],[[[14.99737,44.39492],[14.99307,44.3953],[14.99307,44.39902],[14.99665,44.39838],[14.99737,44.39492]]],[[[14.99203,44.18221],[14.98793,44.18413],[14.98739,44.18824],[14.99274,44.1849],[14.99203,44.18221]]],[[[14.98955,44.08778],[14.9867,44.09047],[14.99168,44.0933],[14.98955,44.08778]]],[[[14.96265,44.4003],[14.95907,44.40107],[14.95781,44.40684],[14.9426,44.4076],[14.9315,44.41299],[14.90964,44.43157],[14.8935,44.44092],[14.89278,44.44503],[14.88579,44.44938],[14.88595,44.45567],[14.89849,44.4553],[14.90961,44.44812],[14.91751,44.43402],[14.93291,44.42787],[14.93793,44.42197],[14.94939,44.4189],[14.96802,44.40556],[14.96873,44.40133],[14.96265,44.4003]]],[[[14.94535,44.14422],[14.92895,44.15383],[14.92824,44.15075],[14.91826,44.15382],[14.91504,44.16113],[14.90114,44.16215],[14.88899,44.17433],[14.90504,44.17242],[14.92965,44.16076],[14.94785,44.14589],[14.94535,44.14422]]],[[[14.93784,44.16872],[14.90894,44.18589],[14.90537,44.19076],[14.91642,44.19026],[14.9307,44.18129],[14.93837,44.17308],[14.93998,44.16898],[14.93784,44.16872]]],[[[14.83973,44.19852],[14.82777,44.20145],[14.79388,44.25361],[14.78691,44.25706],[14.79028,44.26207],[14.79851,44.25901],[14.8017,44.26556],[14.80491,44.26479],[14.82085,44.25019],[14.83067,44.24867],[14.82711,44.24507],[14.83641,44.23867],[14.84676,44.2392],[14.86569,44.23101],[14.86642,44.22485],[14.87106,44.22486],[14.87571,44.22024],[14.88356,44.21923],[14.88355,44.22513],[14.89461,44.22604],[14.89996,44.22335],[14.90104,44.22052],[14.89355,44.21859],[14.90318,44.2177],[14.90676,44.21129],[14.89892,44.2091],[14.90071,44.20641],[14.89644,44.19794],[14.89145,44.19781],[14.86699,44.20715],[14.87002,44.2119],[14.86341,44.21253],[14.86573,44.21536],[14.8486,44.21611],[14.83322,44.22943],[14.81375,44.23555],[14.81895,44.22889],[14.81789,44.2235],[14.84132,44.20275],[14.83973,44.19852]]],[[[14.87232,44.4663],[14.8481,44.48064],[14.84647,44.48629],[14.85973,44.48476],[14.86728,44.4781],[14.87232,44.4663]]],[[[14.69524,44.8244],[14.67819,44.84462],[14.70055,44.84391],[14.72188,44.83203],[14.72511,44.83705],[14.71968,44.8396],[14.72107,44.8514],[14.7413,44.84529],[14.742,44.84889],[14.74813,44.84967],[14.74634,44.84556],[14.75176,44.8448],[14.75069,44.84044],[14.75971,44.83995],[14.75415,44.83172],[14.75742,44.8266],[14.73923,44.82271],[14.73926,44.81758],[14.8191,44.76026],[14.82739,44.75797],[14.84689,44.73491],[14.85392,44.73209],[14.86187,44.71876],[14.86691,44.71748],[14.8691,44.70466],[14.86064,44.70696],[14.86047,44.70285],[14.85562,44.70028],[14.83871,44.7009],[14.81237,44.72485],[14.80803,44.73279],[14.79812,44.7356],[14.78638,44.74699],[14.77773,44.74749],[14.74092,44.7682],[14.73516,44.76677],[14.74961,44.75731],[14.75143,44.7518],[14.73916,44.75934],[14.71486,44.75749],[14.717,44.76083],[14.70639,44.75952],[14.70641,44.75618],[14.70029,44.7554],[14.69954,44.7613],[14.69667,44.75795],[14.68621,44.76254],[14.68583,44.76549],[14.67826,44.76663],[14.67877,44.77201],[14.675,44.77034],[14.66976,44.77327],[14.66685,44.77865],[14.66899,44.78148],[14.66341,44.78095],[14.65489,44.78965],[14.6615,44.79916],[14.68313,44.79794],[14.70518,44.78504],[14.70878,44.78595],[14.70803,44.79057],[14.69969,44.80042],[14.69893,44.80901],[14.71771,44.80008],[14.72493,44.79818],[14.72726,44.80139],[14.71839,44.80829],[14.71077,44.82033],[14.69524,44.8244]]],[[[14.86752,44.36995],[14.85265,44.37853],[14.84673,44.38827],[14.85174,44.38777],[14.86285,44.37906],[14.86805,44.37342],[14.86752,44.36995]]],[[[14.85725,44.17814],[14.85225,44.18314],[14.85474,44.18481],[14.85725,44.17814]]],[[[14.84163,44.68538],[14.82614,44.69177],[14.81495,44.70625],[14.78065,44.73711],[14.78858,44.73456],[14.82556,44.70819],[14.84269,44.69128],[14.8445,44.68718],[14.84163,44.68538]]],[[[14.82647,44.82493],[14.82141,44.82749],[14.81851,44.8339],[14.80461,44.83875],[14.80134,44.84464],[14.80222,44.85106],[14.8392,44.8465],[14.83923,44.83726],[14.82787,44.83776],[14.82842,44.83417],[14.82464,44.83262],[14.82647,44.82493]]],[[[14.83856,44.88344],[14.77061,44.91104],[14.76624,44.91949],[14.76799,44.93348],[14.78353,44.93159],[14.8009,44.92136],[14.81463,44.91727],[14.82224,44.90831],[14.82839,44.90652],[14.82732,44.9019],[14.83856,44.88344]]],[[[14.77065,44.35363],[14.76507,44.36222],[14.76096,44.3608],[14.74376,44.36807],[14.74447,44.37051],[14.76645,44.37351],[14.77663,44.37841],[14.77643,44.38379],[14.76709,44.39224],[14.76957,44.39943],[14.76504,44.4143],[14.77542,44.4142],[14.77469,44.41792],[14.77933,44.42049],[14.78864,44.42128],[14.80084,44.41386],[14.81108,44.40002],[14.80913,44.39655],[14.80197,44.39654],[14.80504,44.38898],[14.79414,44.3855],[14.79379,44.3828],[14.79881,44.37999],[14.80349,44.36948],[14.81317,44.36462],[14.82161,44.35308],[14.81771,44.34179],[14.79982,44.34381],[14.79644,44.3406],[14.77065,44.35363]]],[[[14.76924,44.25549],[14.76103,44.25637],[14.73776,44.27005],[14.73879,44.2798],[14.74378,44.28173],[14.76112,44.27754],[14.75089,44.29009],[14.75159,44.29343],[14.76822,44.28935],[14.78379,44.27964],[14.78613,44.27502],[14.79739,44.27196],[14.79883,44.2676],[14.79026,44.26823],[14.79117,44.26425],[14.78849,44.26309],[14.76275,44.27138],[14.76924,44.25549]]],[[[14.79508,44.21807],[14.79185,44.2214],[14.79792,44.22167],[14.79508,44.21807]]],[[[14.77552,44.85447],[14.74592,44.85967],[14.74482,44.8648],[14.73503,44.87504],[14.74874,44.87482],[14.7451,44.88173],[14.74653,44.88482],[14.77112,44.87178],[14.78017,44.86359],[14.782,44.85744],[14.77552,44.85447]]],[[[14.78009,44.21779],[14.77116,44.22008],[14.76579,44.22546],[14.77186,44.22445],[14.77435,44.22779],[14.78042,44.22575],[14.78009,44.21779]]],[[[14.73741,44.42823],[14.73202,44.43296],[14.73739,44.43298],[14.73741,44.42823]]],[[[14.719,44.34749],[14.70592,44.35323],[14.70626,44.35708],[14.69283,44.36128],[14.69095,44.37769],[14.68447,44.38486],[14.68535,44.38769],[14.66566,44.39084],[14.6608,44.39506],[14.65952,44.39967],[14.66523,44.40328],[14.66324,44.40584],[14.66662,44.40995],[14.68701,44.41245],[14.70497,44.40031],[14.70642,44.39723],[14.6993,44.38862],[14.70188,44.37464],[14.71945,44.36648],[14.72395,44.35853],[14.72146,44.35699],[14.72936,44.35034],[14.719,44.34749]]],[[[14.71383,44.27037],[14.69952,44.27688],[14.69932,44.28098],[14.68517,44.28916],[14.69694,44.29227],[14.69838,44.28945],[14.71195,44.29],[14.72198,44.28412],[14.72576,44.27797],[14.72095,44.27616],[14.71736,44.27962],[14.71165,44.27922],[14.7172,44.27615],[14.71383,44.27037]]],[[[14.6884,44.68853],[14.68282,44.69095],[14.68298,44.69377],[14.69037,44.69071],[14.6884,44.68853]]],[[[14.659,44.30486],[14.64003,44.31032],[14.63355,44.31735],[14.62962,44.31657],[14.6244,44.32336],[14.61796,44.32385],[14.62043,44.32873],[14.61167,44.32883],[14.59375,44.33659],[14.58256,44.35182],[14.58863,44.35235],[14.59003,44.35711],[14.5972,44.35405],[14.60731,44.3401],[14.61625,44.33924],[14.63294,44.32954],[14.63776,44.33084],[14.66256,44.30757],[14.66757,44.30604],[14.66687,44.30193],[14.66006,44.30717],[14.659,44.30486]]],[[[14.66451,44.71502],[14.66,44.71808],[14.66197,44.72014],[14.66451,44.71502]]],[[[14.58369,44.54541],[14.57807,44.55283],[14.58255,44.55413],[14.58672,44.54773],[14.58369,44.54541]]],[[[14.58213,44.66266],[14.5758,44.66803],[14.57884,44.67086],[14.58213,44.66266]]],[[[14.57906,44.44071],[14.57438,44.44441],[14.55931,44.44718],[14.54969,44.44098],[14.53929,44.44312],[14.52917,44.45463],[14.53448,44.46184],[14.54665,44.46317],[14.57055,44.45351],[14.57906,44.44071]]],[[[14.57605,44.36206],[14.5712,44.36396],[14.57746,44.36501],[14.57605,44.36206]]],[[[14.56765,44.48249],[14.56326,44.49402],[14.56722,44.4925],[14.56765,44.48249]]],[[[14.56496,44.45913],[14.55635,44.46025],[14.54481,44.46996],[14.54874,44.47164],[14.55308,44.4655],[14.55845,44.46668],[14.56496,44.45913]]],[[[14.55897,44.49311],[14.55323,44.49373],[14.5501,44.50398],[14.55457,44.50566],[14.56231,44.50197],[14.56183,44.49325],[14.55897,44.49311]]],[[[14.54065,44.95267],[14.5189,44.96131],[14.51306,44.96847],[14.49312,44.97505],[14.48548,44.98117],[14.48835,44.98285],[14.50321,44.97907],[14.51511,44.98143],[14.52229,44.98749],[14.53068,44.9788],[14.54084,44.97423],[14.55325,44.95837],[14.55219,44.95541],[14.54065,44.95267]]],[[[14.54477,44.47458],[14.54208,44.47495],[14.54115,44.48008],[14.5451,44.47907],[14.54477,44.47458]]],[[[14.29465,45.09573],[14.27661,45.10421],[14.28012,45.11347],[14.27279,45.12035],[14.28483,45.12787],[14.28692,45.13481],[14.29359,45.13767],[14.30018,45.1472],[14.30179,45.16363],[14.30973,45.16676],[14.31039,45.17189],[14.32268,45.17543],[14.32742,45.17405],[14.32547,45.16942],[14.32785,45.16777],[14.34669,45.16954],[14.3609,45.16372],[14.37199,45.14429],[14.3644,45.14283],[14.35691,45.13112],[14.35902,45.12138],[14.3551,45.11546],[14.35823,45.11124],[14.35648,45.10495],[14.35998,45.09984],[14.36011,45.08829],[14.36927,45.07859],[14.37289,45.0622],[14.38373,45.04763],[14.39655,45.01563],[14.42436,44.98345],[14.43635,44.97709],[14.4663,44.98339],[14.4822,44.96397],[14.4837,44.95731],[14.47468,44.95598],[14.47006,44.94801],[14.46063,44.95156],[14.46507,44.94003],[14.46146,44.94001],[14.45776,44.92999],[14.45693,44.92255],[14.46102,44.91025],[14.45839,44.9019],[14.45264,44.89905],[14.45376,44.89534],[14.44945,44.89249],[14.4453,44.87426],[14.45002,44.87095],[14.44864,44.86375],[14.45338,44.85916],[14.45364,44.85044],[14.46246,44.83252],[14.46277,44.81867],[14.469,44.80792],[14.46916,44.79009],[14.45326,44.79515],[14.44842,44.79269],[14.44867,44.78576],[14.47046,44.76636],[14.4765,44.75485],[14.47438,44.75047],[14.47856,44.74639],[14.47953,44.73921],[14.47018,44.73737],[14.46362,44.72656],[14.48013,44.69175],[14.48736,44.68742],[14.48957,44.68178],[14.49642,44.68002],[14.49411,44.67642],[14.5051,44.67364],[14.50729,44.6698],[14.51371,44.65444],[14.50601,44.65145],[14.50855,44.64877],[14.50556,44.6408],[14.51181,44.64519],[14.51328,44.64186],[14.5203,44.6401],[14.51964,44.63265],[14.52842,44.63628],[14.52729,44.64269],[14.53016,44.64347],[14.53556,44.64144],[14.53706,44.63375],[14.53944,44.63572],[14.54517,44.6307],[14.53765,44.62734],[14.53028,44.62859],[14.53229,44.62398],[14.52443,44.6183],[14.51867,44.61956],[14.52215,44.61214],[14.51625,44.60929],[14.50901,44.61516],[14.50164,44.6159],[14.50853,44.60797],[14.49866,44.60716],[14.49816,44.6028],[14.48952,44.60507],[14.47399,44.61513],[14.46472,44.62702],[14.46028,44.62212],[14.45267,44.62876],[14.45225,44.63543],[14.44376,44.64026],[14.43731,44.65639],[14.41865,44.67093],[14.41095,44.66793],[14.40967,44.67088],[14.41339,44.67603],[14.40764,44.67613],[14.4032,44.68739],[14.39523,44.69313],[14.39112,44.69105],[14.39387,44.68568],[14.39892,44.68416],[14.39614,44.67517],[14.39976,44.64936],[14.39676,44.64952],[14.40045,44.64107],[14.39907,44.6349],[14.39367,44.63565],[14.39249,44.62897],[14.39546,44.61923],[14.40321,44.61722],[14.40438,44.60748],[14.40834,44.60647],[14.4168,44.58702],[14.42219,44.58602],[14.42913,44.57425],[14.43399,44.57299],[14.4326,44.56811],[14.43997,44.56712],[14.4418,44.56277],[14.44504,44.56265],[14.44402,44.55662],[14.45571,44.55308],[14.45629,44.54873],[14.46385,44.54594],[14.47182,44.537],[14.47937,44.536],[14.47652,44.53343],[14.48513,44.53295],[14.48659,44.53065],[14.48086,44.5296],[14.48949,44.52707],[14.48952,44.52348],[14.49919,44.52506],[14.51285,44.52101],[14.5174,44.51359],[14.52459,44.51054],[14.52121,44.50784],[14.52358,44.50259],[14.52824,44.50312],[14.52954,44.49722],[14.53599,44.49776],[14.54198,44.48778],[14.53578,44.47852],[14.52864,44.47554],[14.51574,44.47561],[14.50775,44.48815],[14.5049,44.4857],[14.49842,44.48965],[14.50414,44.4907],[14.49264,44.49501],[14.49566,44.49785],[14.48903,44.49756],[14.48826,44.50372],[14.4803,44.51215],[14.47493,44.51084],[14.46016,44.51834],[14.45672,44.52127],[14.45831,44.5241],[14.44899,44.5238],[14.4492,44.52628],[14.45577,44.52756],[14.45538,44.53063],[14.45339,44.53255],[14.44607,44.52892],[14.44425,44.53225],[14.44728,44.53406],[14.44114,44.53865],[14.4398,44.54749],[14.46073,44.53464],[14.46845,44.53313],[14.46338,44.53798],[14.4628,44.54311],[14.43953,44.55609],[14.43244,44.56618],[14.4238,44.56896],[14.4269,44.56423],[14.42369,44.56139],[14.41413,44.56648],[14.41262,44.57378],[14.40902,44.57479],[14.40437,44.57335],[14.40846,44.55978],[14.40237,44.55808],[14.39893,44.56101],[14.39309,44.55367],[14.38607,44.55607],[14.38549,44.56017],[14.36806,44.56213],[14.36835,44.56829],[14.37616,44.57628],[14.37105,44.58472],[14.37369,44.58974],[14.37902,44.59413],[14.38194,44.58991],[14.38499,44.59044],[14.38509,44.59814],[14.39227,44.59767],[14.39241,44.60203],[14.38332,44.61224],[14.38155,44.6266],[14.36856,44.63243],[14.36761,44.63653],[14.36003,44.63982],[14.36016,44.64406],[14.35079,44.6467],[14.35486,44.65237],[14.34395,44.66385],[14.33823,44.69204],[14.34119,44.70129],[14.33821,44.70974],[14.34576,44.71004],[14.36498,44.69694],[14.37752,44.70086],[14.3837,44.69563],[14.3952,44.69646],[14.39331,44.70466],[14.39883,44.71059],[14.39512,44.72109],[14.39023,44.72389],[14.39356,44.73288],[14.39046,44.73646],[14.39839,44.73599],[14.39431,44.74687],[14.38331,44.74899],[14.38426,44.74399],[14.3732,44.75125],[14.37234,44.76433],[14.36943,44.76739],[14.37057,44.77869],[14.36604,44.78046],[14.36363,44.7866],[14.36869,44.80228],[14.36379,44.80507],[14.35971,44.81557],[14.34886,44.81872],[14.34823,44.81089],[14.33848,44.81263],[14.33657,44.8216],[14.3389,44.82341],[14.33002,44.8272],[14.33197,44.82952],[14.32929,44.84336],[14.3335,44.85339],[14.32775,44.86696],[14.32391,44.87206],[14.31975,44.8723],[14.32122,44.8859],[14.31704,44.88793],[14.31693,44.89742],[14.31385,44.89843],[14.30994,44.90867],[14.29986,44.90604],[14.30431,44.91171],[14.30222,44.93505],[14.30915,44.94433],[14.31294,44.94435],[14.31449,44.95077],[14.31775,44.95028],[14.32547,44.93929],[14.33456,44.9337],[14.3449,44.91426],[14.35465,44.9138],[14.35653,44.90727],[14.3605,44.90717],[14.36162,44.90384],[14.3706,44.90812],[14.38366,44.90165],[14.39052,44.90181],[14.39878,44.90584],[14.40173,44.91791],[14.39053,44.93555],[14.39193,44.93928],[14.38724,44.93913],[14.38465,44.94501],[14.39147,44.9489],[14.39176,44.95531],[14.41134,44.94875],[14.41319,44.94414],[14.41697,44.94621],[14.40907,44.95874],[14.40367,44.95666],[14.39136,44.95916],[14.39326,44.96712],[14.38976,44.97403],[14.3836,44.97554],[14.37911,44.98962],[14.36425,44.99301],[14.35091,45.00537],[14.35207,45.01462],[14.3612,45.02339],[14.35552,45.04594],[14.3429,45.05792],[14.32658,45.06052],[14.3073,45.06836],[14.29465,45.09573]]],[[[14.43302,44.54374],[14.42723,44.54833],[14.43117,44.54963],[14.42858,44.5568],[14.43889,44.54813],[14.43302,44.54374]]],[[[14.33274,44.55962],[14.3251,44.56881],[14.33663,44.56477],[14.33809,44.56247],[14.33274,44.55962]]],[[[14.30585,44.49724],[14.29212,44.50626],[14.28811,44.51111],[14.28948,44.51689],[14.28443,44.51904],[14.2905,44.52126],[14.30381,44.51775],[14.31048,44.51484],[14.30894,44.50842],[14.32114,44.50798],[14.32612,44.51109],[14.32154,44.50426],[14.31453,44.50563],[14.30585,44.49724]]],[[[14.32401,44.56957],[14.30232,44.58291],[14.29574,44.59249],[14.31907,44.57775],[14.32401,44.56957]]],[[[14.30634,44.75753],[14.30102,44.7652],[14.30847,44.77525],[14.30643,44.77985],[14.31639,44.79095],[14.32091,44.78943],[14.3132,44.77117],[14.31363,44.76553],[14.30634,44.75753]]],[[[14.24634,44.63605],[14.23979,44.64217],[14.23831,44.65935],[14.25065,44.66456],[14.26407,44.68312],[14.27946,44.68963],[14.28111,44.68631],[14.27722,44.68141],[14.28572,44.67736],[14.28236,44.67272],[14.28802,44.66582],[14.28373,44.66413],[14.28093,44.65731],[14.27376,44.65624],[14.27101,44.66007],[14.26344,44.66182],[14.26549,44.65593],[14.25577,44.65741],[14.26269,44.65053],[14.26534,44.63989],[14.2514,44.64763],[14.28059,44.61241],[14.2823,44.60472],[14.2541,44.61917],[14.23579,44.61866],[14.23168,44.63031],[14.24602,44.63348],[14.24634,44.63605]]],[[[13.94854,44.78982],[13.94547,44.79043],[13.94739,44.79404],[13.94854,44.78982]]],[[[13.94531,44.76939],[13.94414,44.77426],[13.94665,44.77531],[13.94907,44.77097],[13.94531,44.76939]]],[[[13.93389,44.78327],[13.93024,44.78619],[13.93652,44.78727],[13.93389,44.78327]]],[[[13.84261,44.82625],[13.839,44.8266],[13.83963,44.83123],[13.84454,44.82897],[13.84261,44.82625]]],[[[13.83774,44.87136],[13.83444,44.87402],[13.83874,44.8756],[13.83774,44.87136]]],[[[13.7856,44.8975],[13.78447,44.89941],[13.78841,44.90086],[13.79062,44.89871],[13.7856,44.8975]]],[[[13.75296,44.88765],[13.75107,44.89148],[13.7464,44.89079],[13.74667,44.89464],[13.75352,44.89497],[13.74678,44.90631],[13.75538,44.90936],[13.75542,44.91577],[13.74959,44.91827],[13.75005,44.92187],[13.74431,44.92014],[13.73632,44.92262],[13.73479,44.92619],[13.75176,44.92638],[13.75913,44.91966],[13.76703,44.92154],[13.77111,44.91658],[13.77738,44.91883],[13.78285,44.90786],[13.7804,44.90424],[13.7742,44.90725],[13.76458,44.90099],[13.76573,44.90639],[13.75763,44.90553],[13.75935,44.8926],[13.75428,44.89318],[13.75296,44.88765]]],[[[13.74557,44.92862],[13.73994,44.93023],[13.74288,44.93642],[13.73177,44.93245],[13.73023,44.9364],[13.73492,44.93684],[13.73341,44.93965],[13.73736,44.94072],[13.7439,44.93925],[13.74881,44.92917],[13.74557,44.92862]]],[[[13.73235,44.90603],[13.72569,44.91314],[13.73037,44.91396],[13.72899,44.91086],[13.73298,44.90988],[13.73235,44.90603]]],[[[13.62872,45.05812],[13.61964,45.05968],[13.62759,45.06029],[13.62872,45.05812]]],[[[13.62156,45.05483],[13.62621,45.05719],[13.62699,45.05502],[13.62156,45.05483]]],[[[13.5965,45.14701],[13.59173,45.14939],[13.59423,45.15121],[13.5965,45.14701]]],[[[13.58704,45.2218],[13.5834,45.22214],[13.58276,45.22624],[13.58704,45.2218]]]]}}]}