{"type":"FeatureCollection","features":[{"type":"Feature","properties":{"ISO_A3":"IND","WB_A3":"IND","WB_NAME":"India","WB_REGION":"SAS"},"geometry":{"type":"MultiPolygon","coordinates":[[[[97.0617,27.74969],[97.04686,27.73996],[97.04066,27.74755],[97.03258,27.7497],[97.02851,27.74197],[97.01866,27.74008],[97.01564,27.73361],[97.01736,27.72805],[97.00978,27.71812],[97.00761,27.70909],[96.99353,27.69686],[96.98434,27.68115],[96.98419,27.66694],[96.9787,27.66404],[96.97193,27.66715],[96.9674,27.6629],[96.95201,27.66424],[96.93815,27.66126],[96.93233,27.64444],[96.92846,27.64279],[96.92334,27.63254],[96.91323,27.62633],[96.91146,27.61922],[96.90503,27.61437],[96.89427,27.61589],[96.89193,27.60356],[96.89545,27.5894],[96.89212,27.5776],[96.90997,27.57845],[96.90851,27.56757],[96.91102,27.55846],[96.90753,27.54379],[96.91958,27.53694],[96.92662,27.52654],[96.92179,27.51006],[96.92634,27.50759],[96.91607,27.49583],[96.90713,27.47875],[96.90311,27.45354],[96.91644,27.44691],[96.93271,27.43129],[96.93418,27.41615],[96.96379,27.40203],[96.96189,27.39441],[96.96902,27.38099],[96.96193,27.37398],[96.97823,27.35759],[96.9809,27.34635],[96.99124,27.3443],[96.99909,27.31884],[97.00914,27.31145],[97.01444,27.31313],[97.02202,27.30764],[97.02793,27.30868],[97.02937,27.30114],[97.04113,27.28222],[97.05414,27.27546],[97.05618,27.26995],[97.05375,27.26666],[97.06772,27.25838],[97.07346,27.25219],[97.07342,27.24805],[97.08835,27.23925],[97.09235,27.22677],[97.09067,27.21373],[97.12179,27.19025],[97.12318,27.17662],[97.13942,27.16437],[97.14687,27.16551],[97.15136,27.14961],[97.16341,27.14262],[97.16526,27.13462],[97.16097,27.13094],[97.16126,27.12311],[97.14942,27.118],[97.15006,27.10925],[97.14408,27.10444],[97.13854,27.09189],[97.12443,27.0961],[97.1191,27.10435],[97.10746,27.10438],[97.09907,27.10851],[97.09458,27.1038],[97.09713,27.09718],[97.08843,27.09533],[97.07416,27.09839],[97.0731,27.09236],[97.06258,27.09266],[97.05615,27.10354],[97.04597,27.10665],[97.04457,27.11324],[97.03349,27.12097],[97.03528,27.12572],[97.03189,27.12946],[97.02582,27.12998],[97.0086,27.14044],[96.99223,27.14112],[96.9847,27.15557],[96.96562,27.15882],[96.95749,27.16373],[96.93208,27.16207],[96.91291,27.16639],[96.87432,27.18108],[96.8566,27.19299],[96.85774,27.20491],[96.85462,27.20989],[96.88529,27.228],[96.88697,27.23666],[96.88249,27.23694],[96.88108,27.24033],[96.88792,27.2482],[96.88401,27.26063],[96.86856,27.25884],[96.8589,27.26204],[96.84721,27.27184],[96.85058,27.27782],[96.84817,27.29062],[96.83876,27.29764],[96.83817,27.30123],[96.81932,27.31257],[96.80517,27.32933],[96.79857,27.34514],[96.78933,27.34606],[96.76641,27.35786],[96.7515,27.35318],[96.74437,27.35927],[96.72867,27.36049],[96.72977,27.3626],[96.72076,27.36403],[96.70415,27.37277],[96.70104,27.35966],[96.69763,27.35828],[96.66428,27.3619],[96.66122,27.36481],[96.64649,27.35957],[96.62378,27.36736],[96.60672,27.36613],[96.60058,27.35449],[96.59027,27.34682],[96.59511,27.34156],[96.5954,27.33449],[96.58788,27.33601],[96.56397,27.3187],[96.55131,27.31802],[96.55145,27.31427],[96.54359,27.31079],[96.54181,27.30087],[96.53106,27.29609],[96.52423,27.28696],[96.51713,27.28744],[96.50745,27.29995],[96.49733,27.30086],[96.48755,27.29641],[96.45941,27.30684],[96.44632,27.29971],[96.44071,27.30651],[96.43403,27.30272],[96.42275,27.30246],[96.40619,27.28854],[96.40232,27.29194],[96.38644,27.28483],[96.37445,27.28529],[96.36873,27.29038],[96.36601,27.2875],[96.35239,27.29532],[96.34862,27.28742],[96.34239,27.28502],[96.30816,27.29455],[96.27459,27.28396],[96.2715,27.27183],[96.26054,27.27403],[96.2575,27.27159],[96.25516,27.2748],[96.24884,27.27251],[96.24581,27.27663],[96.23382,27.27613],[96.22878,27.27881],[96.22515,27.27338],[96.21043,27.26499],[96.20968,27.26152],[96.19611,27.26125],[96.18563,27.24949],[96.15469,27.24825],[96.11919,27.23202],[96.11146,27.232],[96.09927,27.22449],[96.09003,27.22372],[96.07602,27.20787],[96.06301,27.20578],[96.03973,27.18747],[96.03165,27.18621],[96.02201,27.17968],[96.01067,27.14309],[95.99729,27.13483],[95.98645,27.11442],[95.96327,27.09333],[95.96487,27.08746],[95.95656,27.07963],[95.94649,27.05269],[95.94095,27.04913],[95.90947,27.03699],[95.9031,27.03875],[95.89477,27.02665],[95.87801,27.02245],[95.87517,27.0149],[95.86969,27.01343],[95.84204,27.01425],[95.83117,27.00797],[95.80085,27.01472],[95.80247,27.00762],[95.79516,26.99768],[95.78239,26.99019],[95.78081,26.97892],[95.7675,26.97655],[95.76092,26.96536],[95.75824,26.9549],[95.76191,26.94741],[95.75426,26.92985],[95.74761,26.92588],[95.74549,26.91908],[95.75044,26.90929],[95.74556,26.9001],[95.74241,26.895],[95.72815,26.89059],[95.72207,26.88144],[95.71596,26.87873],[95.70699,26.88063],[95.69512,26.89217],[95.6791,26.89628],[95.67572,26.90074],[95.66684,26.90324],[95.64661,26.88494],[95.64521,26.87728],[95.63215,26.87356],[95.63314,26.86848],[95.62678,26.86228],[95.62942,26.85817],[95.62708,26.84399],[95.62086,26.83174],[95.61253,26.82535],[95.60768,26.8139],[95.60278,26.81188],[95.58541,26.81748],[95.56885,26.81719],[95.55881,26.82898],[95.54836,26.8347],[95.54252,26.83565],[95.53628,26.82807],[95.53138,26.8278],[95.52316,26.81945],[95.52316,26.81495],[95.50796,26.80949],[95.50499,26.79293],[95.48471,26.76033],[95.48321,26.74651],[95.47336,26.74062],[95.46058,26.74373],[95.44558,26.72485],[95.43237,26.71632],[95.43117,26.70082],[95.41674,26.69354],[95.4026,26.69454],[95.40132,26.68932],[95.39381,26.68457],[95.37335,26.68407],[95.36109,26.67135],[95.34904,26.67221],[95.34542,26.67538],[95.3355,26.67342],[95.32581,26.66448],[95.31201,26.66091],[95.30358,26.65048],[95.27334,26.65855],[95.25877,26.65564],[95.25625,26.6621],[95.25761,26.67642],[95.24963,26.68411],[95.23351,26.68162],[95.20909,26.64864],[95.19788,26.64269],[95.18149,26.64272],[95.16685,26.63461],[95.16821,26.62577],[95.164,26.6218],[95.14907,26.6158],[95.14562,26.59741],[95.15254,26.58172],[95.14069,26.56771],[95.13883,26.55635],[95.12585,26.55873],[95.12301,26.55204],[95.10824,26.54264],[95.1071,26.53972],[95.11251,26.5363],[95.114,26.53105],[95.1144,26.51796],[95.10069,26.50467],[95.09592,26.49318],[95.08838,26.49002],[95.08181,26.47957],[95.07252,26.47229],[95.07184,26.46463],[95.06781,26.46207],[95.07095,26.45902],[95.07039,26.45056],[95.075,26.44678],[95.08363,26.44758],[95.10354,26.42135],[95.10346,26.41376],[95.09803,26.40283],[95.09979,26.39385],[95.10606,26.396],[95.12082,26.38706],[95.12861,26.38654],[95.13254,26.37776],[95.12868,26.36591],[95.12216,26.3577],[95.12202,26.34788],[95.12841,26.34023],[95.12263,26.33032],[95.12266,26.32498],[95.12625,26.32293],[95.12318,26.30683],[95.12816,26.30123],[95.12515,26.27959],[95.11957,26.26565],[95.12224,26.25623],[95.12676,26.25342],[95.1145,26.23256],[95.13268,26.21579],[95.14255,26.2112],[95.12161,26.18542],[95.12589,26.17887],[95.11707,26.15875],[95.11933,26.14774],[95.12313,26.1463],[95.11917,26.14075],[95.1263,26.12844],[95.11597,26.11381],[95.11758,26.10085],[95.12368,26.0966],[95.13981,26.09468],[95.14812,26.08735],[95.16573,26.09203],[95.17889,26.0805],[95.18486,26.07014],[95.16531,26.05074],[95.15764,26.02333],[95.14591,26.01503],[95.12494,25.98514],[95.11851,25.98612],[95.1156,25.98307],[95.11366,25.97465],[95.10083,25.96543],[95.09728,25.95572],[95.08132,25.94898],[95.07259,25.94167],[95.06493,25.94268],[95.05122,25.93664],[95.0447,25.92765],[95.03101,25.92843],[95.03275,25.92537],[95.02992,25.91708],[95.01154,25.89772],[95.0196,25.88034],[95.01165,25.87622],[95.00809,25.86716],[95.01825,25.86083],[95.02279,25.84495],[95.02972,25.83978],[95.03338,25.81362],[95.05,25.80071],[95.05022,25.79265],[95.04524,25.78528],[95.04651,25.77994],[95.04349,25.77384],[95.04816,25.75826],[95.03979,25.74055],[95.02821,25.73767],[95.02409,25.73204],[95.00244,25.72831],[94.99226,25.72038],[94.9891,25.70734],[94.97147,25.68976],[94.95243,25.67886],[94.95017,25.67366],[94.93696,25.66849],[94.93244,25.65755],[94.92462,25.64974],[94.92559,25.63777],[94.91762,25.62767],[94.91505,25.60806],[94.90151,25.59807],[94.88207,25.59167],[94.88149,25.58555],[94.89081,25.57909],[94.89827,25.56706],[94.88955,25.56708],[94.88064,25.56283],[94.85407,25.56458],[94.83416,25.55329],[94.82315,25.53488],[94.82526,25.52408],[94.81164,25.51073],[94.80613,25.4921],[94.7883,25.4896],[94.78144,25.4801],[94.76352,25.48118],[94.75768,25.491],[94.75165,25.49411],[94.74481,25.48214],[94.72783,25.47656],[94.71886,25.47013],[94.70945,25.47155],[94.69181,25.46517],[94.68371,25.46644],[94.68124,25.45542],[94.67073,25.44251],[94.67348,25.4265],[94.66993,25.41877],[94.65929,25.40633],[94.64861,25.40687],[94.63237,25.39004],[94.63476,25.35813],[94.62507,25.34784],[94.61807,25.33028],[94.60663,25.31617],[94.60568,25.30635],[94.58815,25.27355],[94.58553,25.266],[94.58951,25.25503],[94.58603,25.24782],[94.58537,25.22987],[94.57596,25.21408],[94.58128,25.21195],[94.59134,25.19906],[94.59153,25.19392],[94.60303,25.18705],[94.60597,25.18174],[94.62032,25.18699],[94.63981,25.16657],[94.6486,25.1684],[94.6631,25.16354],[94.67663,25.15494],[94.68009,25.14909],[94.68906,25.15824],[94.69681,25.15537],[94.70293,25.14586],[94.7151,25.13814],[94.73696,25.13536],[94.74109,25.12162],[94.73602,25.11021],[94.74102,25.10364],[94.74013,25.09168],[94.74505,25.08075],[94.73781,25.06571],[94.74278,25.06362],[94.74425,25.05771],[94.73608,25.04955],[94.74226,25.04339],[94.7431,25.03662],[94.73769,25.0276],[94.73907,25.02368],[94.72886,25.01194],[94.72702,24.99977],[94.703,24.98289],[94.69649,24.96796],[94.69632,24.96038],[94.70496,24.95136],[94.7139,24.93479],[94.71147,24.92974],[94.70192,24.92913],[94.69284,24.90885],[94.67494,24.90218],[94.67528,24.8958],[94.66306,24.87821],[94.66373,24.87196],[94.65541,24.87007],[94.65252,24.86305],[94.64831,24.86154],[94.65081,24.85649],[94.63229,24.83977],[94.62889,24.80186],[94.62085,24.79623],[94.62304,24.79239],[94.61874,24.78503],[94.61892,24.77921],[94.62965,24.75911],[94.61269,24.74091],[94.60522,24.71285],[94.58636,24.70477],[94.57878,24.71054],[94.58069,24.72201],[94.57478,24.71881],[94.56936,24.70501],[94.56247,24.71124],[94.54672,24.70697],[94.54399,24.69713],[94.54916,24.68284],[94.54103,24.64268],[94.50966,24.59267],[94.476,24.58011],[94.46664,24.57296],[94.45555,24.57074],[94.43593,24.50513],[94.42394,24.48492],[94.41285,24.48172],[94.39438,24.48271],[94.40167,24.45908],[94.39856,24.45364],[94.40815,24.43963],[94.39572,24.40982],[94.3608,24.39442],[94.37721,24.37534],[94.35059,24.33393],[94.32092,24.32635],[94.32172,24.27693],[94.30316,24.2354],[94.29852,24.23781],[94.29141,24.23343],[94.28072,24.1745],[94.25916,24.16204],[94.25378,24.123],[94.25528,24.08278],[94.23957,24.05242],[94.23292,24.05434],[94.23352,24.05764],[94.22997,24.05889],[94.22836,24.05547],[94.2382,24.03317],[94.20245,23.98204],[94.18866,23.93035],[94.17782,23.92608],[94.16908,23.92756],[94.1676,23.9012],[94.15628,23.84772],[94.14682,23.8493],[94.14223,23.84675],[94.14224,23.83543],[94.13303,23.83276],[94.11847,23.83648],[94.11605,23.83908],[94.11786,23.84216],[94.11398,23.84303],[94.11088,23.84953],[94.11424,23.85362],[94.10916,23.85468],[94.1129,23.85673],[94.1131,23.86317],[94.10323,23.86938],[94.10476,23.87423],[94.09952,23.8789],[94.09571,23.88897],[94.08524,23.88748],[94.0831,23.88243],[94.07348,23.88351],[94.06844,23.88983],[94.0482,23.8877],[94.0492,23.89148],[94.04048,23.90158],[94.04019,23.91085],[94.02481,23.91543],[94.01674,23.92692],[93.99824,23.92176],[93.98708,23.92821],[93.98026,23.92898],[93.97239,23.92498],[93.95825,23.9294],[93.95018,23.94218],[93.93001,23.95044],[93.89424,23.95217],[93.88274,23.94163],[93.87174,23.94069],[93.8588,23.93216],[93.83989,23.93205],[93.82114,23.92352],[93.80779,23.92656],[93.79943,23.9329],[93.79542,23.95029],[93.7729,23.96878],[93.7624,23.99153],[93.76199,23.99943],[93.75502,24.00535],[93.72339,23.99766],[93.69555,24.00373],[93.69117,24.00854],[93.66389,24.00165],[93.65486,24.00273],[93.65382,24.00918],[93.623,24.01065],[93.61724,24.00724],[93.61142,23.9969],[93.6134,23.99279],[93.60761,23.98073],[93.60735,23.97253],[93.59913,23.9728],[93.59135,23.96096],[93.58039,23.96276],[93.57026,23.97136],[93.56886,23.97814],[93.56012,23.98201],[93.55444,23.97656],[93.55239,23.96162],[93.54497,23.95815],[93.54146,23.94851],[93.5246,23.95118],[93.52571,23.95361],[93.51943,23.95803],[93.51277,23.95725],[93.50515,23.96204],[93.49114,23.95067],[93.49016,23.95481],[93.47508,23.9616],[93.46167,23.97727],[93.45179,23.9836],[93.45097,23.98774],[93.45584,23.99185],[93.45263,24.00879],[93.43782,24.01701],[93.43252,24.02475],[93.42025,24.06666],[93.3992,24.08545],[93.38866,24.0833],[93.37081,24.09149],[93.35963,24.09168],[93.351,24.09816],[93.34931,24.10341],[93.34144,24.10265],[93.34277,24.09775],[93.35193,24.09266],[93.33544,24.0906],[93.32816,24.07949],[93.33468,24.07287],[93.33315,24.07077],[93.3375,24.06732],[93.33604,24.06374],[93.33854,24.06153],[93.33206,24.05316],[93.32669,24.05304],[93.32606,24.04852],[93.3275,24.0427],[93.33188,24.04281],[93.33511,24.03541],[93.32882,24.03441],[93.32593,24.02929],[93.33832,24.02572],[93.33649,24.02092],[93.32934,24.02036],[93.33437,24.0048],[93.33238,23.9991],[93.3342,23.99309],[93.33734,23.99262],[93.33607,23.98853],[93.33027,23.98683],[93.33413,23.98545],[93.33691,23.9758],[93.34423,23.97362],[93.34277,23.96753],[93.34997,23.96299],[93.34985,23.95528],[93.35381,23.95244],[93.35211,23.94754],[93.36152,23.94507],[93.35938,23.94174],[93.36601,23.93341],[93.37992,23.93437],[93.38499,23.93034],[93.38777,23.93158],[93.39489,23.92422],[93.392,23.91829],[93.39479,23.9173],[93.39221,23.91489],[93.39051,23.89213],[93.38523,23.87698],[93.389,23.86126],[93.38635,23.85894],[93.38569,23.84759],[93.3904,23.83449],[93.38889,23.82632],[93.39326,23.82361],[93.39037,23.81891],[93.40269,23.812],[93.40421,23.7971],[93.39588,23.78787],[93.39636,23.76826],[93.39234,23.75596],[93.39579,23.75003],[93.40421,23.74513],[93.40302,23.74128],[93.41174,23.72463],[93.4064,23.71274],[93.41044,23.70369],[93.42017,23.70136],[93.42875,23.68753],[93.43698,23.68383],[93.4366,23.67815],[93.42202,23.66049],[93.42435,23.658],[93.41714,23.64115],[93.4179,23.6362],[93.42372,23.63428],[93.42525,23.62991],[93.42005,23.62406],[93.42147,23.60798],[93.42874,23.58804],[93.42258,23.58218],[93.42254,23.57172],[93.4096,23.5639],[93.41387,23.5608],[93.41003,23.55964],[93.41837,23.53943],[93.40893,23.52351],[93.40852,23.5176],[93.40371,23.51747],[93.40291,23.51069],[93.39803,23.51118],[93.39635,23.5075],[93.39568,23.48177],[93.39241,23.47853],[93.39839,23.47512],[93.39749,23.46657],[93.39392,23.4647],[93.39597,23.45378],[93.38782,23.44622],[93.39113,23.4427],[93.38819,23.42088],[93.39475,23.39734],[93.40184,23.39028],[93.40151,23.38377],[93.39692,23.38371],[93.39452,23.37618],[93.38718,23.37473],[93.3869,23.37159],[93.39015,23.37146],[93.38801,23.36037],[93.36989,23.35903],[93.35607,23.35349],[93.35784,23.34316],[93.37169,23.32943],[93.36666,23.32201],[93.3713,23.31324],[93.36592,23.31352],[93.36865,23.30747],[93.36488,23.30582],[93.36842,23.30189],[93.36564,23.29376],[93.36965,23.2865],[93.36701,23.28128],[93.36233,23.28056],[93.3693,23.27573],[93.36567,23.26975],[93.37332,23.26189],[93.36933,23.25114],[93.37693,23.24758],[93.37879,23.23467],[93.38198,23.23288],[93.3812,23.22521],[93.38894,23.21778],[93.38211,23.21704],[93.37551,23.20481],[93.3807,23.19926],[93.37711,23.1913],[93.38029,23.18746],[93.37556,23.17788],[93.36881,23.17635],[93.37298,23.17234],[93.36809,23.14457],[93.37176,23.1412],[93.3841,23.14468],[93.38695,23.14289],[93.38442,23.13353],[93.37667,23.13253],[93.37705,23.12671],[93.37287,23.12678],[93.36435,23.11986],[93.36332,23.11522],[93.35534,23.11612],[93.3582,23.10869],[93.35449,23.09743],[93.34479,23.09245],[93.34655,23.08891],[93.33891,23.07429],[93.34363,23.07568],[93.34955,23.07104],[93.33994,23.0662],[93.34258,23.05752],[93.33468,23.05993],[93.33396,23.04966],[93.32709,23.04737],[93.32819,23.04021],[93.31993,23.0356],[93.32002,23.02849],[93.31314,23.02612],[93.31269,23.01848],[93.30742,23.02128],[93.30351,23.01942],[93.29265,23.00573],[93.28335,23.00814],[93.27494,23.00345],[93.26974,23.01069],[93.25051,23.00656],[93.23003,23.0109],[93.22991,23.0195],[93.22493,23.02001],[93.22395,23.02383],[93.21798,23.02296],[93.2145,23.02805],[93.21743,23.03275],[93.21111,23.03844],[93.20984,23.04829],[93.20275,23.04987],[93.19986,23.055],[93.18989,23.05189],[93.18264,23.05962],[93.16974,23.04731],[93.15991,23.04818],[93.15928,23.04386],[93.15266,23.04363],[93.15166,23.0541],[93.14332,23.05198],[93.13956,23.05366],[93.14006,23.0594],[93.1351,23.0599],[93.13319,23.05407],[93.13564,23.049],[93.12555,23.0386],[93.12782,23.02941],[93.12311,23.00744],[93.11939,23.00425],[93.12053,23.00153],[93.12638,23.0021],[93.13115,22.99122],[93.14115,22.98924],[93.13888,22.98124],[93.14367,22.97644],[93.14218,22.97157],[93.1354,22.97071],[93.13743,22.96134],[93.14083,22.95952],[93.14092,22.95375],[93.1374,22.9507],[93.14604,22.9434],[93.14427,22.93864],[93.14756,22.92575],[93.15301,22.92243],[93.1537,22.91765],[93.16231,22.91644],[93.16435,22.91125],[93.15093,22.90798],[93.1397,22.9139],[93.13176,22.90719],[93.13,22.89931],[93.13445,22.89218],[93.12589,22.87661],[93.12637,22.87049],[93.11687,22.8628],[93.11762,22.84338],[93.11513,22.83591],[93.11019,22.83527],[93.11364,22.83049],[93.103,22.82267],[93.11065,22.81785],[93.09475,22.80676],[93.098,22.79099],[93.09653,22.77986],[93.10255,22.76709],[93.09966,22.7632],[93.1068,22.75474],[93.10597,22.74309],[93.09792,22.72691],[93.09736,22.716],[93.09162,22.71024],[93.09231,22.70166],[93.09874,22.69452],[93.09654,22.68669],[93.10084,22.6866],[93.10199,22.68323],[93.10046,22.68036],[93.09471,22.68128],[93.09543,22.67245],[93.10114,22.66214],[93.11,22.65589],[93.10791,22.63549],[93.11697,22.63226],[93.1222,22.62587],[93.12681,22.62619],[93.12908,22.62158],[93.12696,22.61724],[93.13424,22.6148],[93.13848,22.60248],[93.13665,22.59863],[93.14096,22.59091],[93.13808,22.58252],[93.12922,22.5788],[93.125,22.56954],[93.11215,22.55799],[93.1091,22.53784],[93.11297,22.53237],[93.10627,22.52762],[93.10788,22.52478],[93.12853,22.52406],[93.12379,22.50963],[93.12511,22.50224],[93.13476,22.49254],[93.13116,22.4675],[93.13873,22.45444],[93.16408,22.45094],[93.16751,22.44418],[93.17687,22.44087],[93.17757,22.43473],[93.18483,22.42894],[93.18575,22.42384],[93.18135,22.41867],[93.18281,22.41026],[93.1878,22.40416],[93.18185,22.39594],[93.18965,22.3817],[93.18606,22.38138],[93.18333,22.37355],[93.18825,22.36469],[93.18836,22.34559],[93.18545,22.33995],[93.197,22.32864],[93.19026,22.32524],[93.18915,22.32132],[93.19563,22.31619],[93.19027,22.30873],[93.19612,22.30325],[93.18935,22.30151],[93.19862,22.29562],[93.19874,22.29122],[93.19553,22.2917],[93.19384,22.28753],[93.20172,22.26224],[93.19784,22.26021],[93.19913,22.25518],[93.1921,22.25474],[93.17642,22.24546],[93.16667,22.24641],[93.16453,22.25011],[93.1564,22.24727],[93.14902,22.24955],[93.14209,22.2458],[93.14366,22.23789],[93.13959,22.23494],[93.14834,22.22761],[93.15242,22.21704],[93.14948,22.21105],[93.15343,22.20935],[93.16171,22.19557],[93.15468,22.17902],[93.15068,22.17654],[93.12321,22.17431],[93.12367,22.17862],[93.11491,22.19016],[93.11117,22.20433],[93.089,22.1969],[93.06357,22.2078],[93.0573,22.20111],[93.04675,22.20284],[93.04189,22.19503],[93.03768,22.19468],[93.04208,22.19083],[93.04215,22.18375],[93.04796,22.17537],[93.04798,22.16326],[93.04215,22.16045],[93.04423,22.15696],[93.0413,22.15019],[93.03677,22.14904],[93.0378,22.14433],[93.04002,22.14581],[93.04189,22.13664],[93.04514,22.13724],[93.04501,22.13394],[93.05461,22.12472],[93.05895,22.10041],[93.04668,22.09848],[93.00445,22.10216],[93.01212,22.08858],[93.00551,22.08027],[93.00695,22.0713],[93.00205,22.06729],[93.00204,22.05822],[92.99776,22.05508],[92.9947,22.04242],[92.99779,22.03531],[92.99518,22.03057],[93.00453,22.01733],[93.00234,22.00715],[93.00502,21.98652],[92.99623,21.9784],[92.98766,21.97882],[92.97913,21.99588],[92.96289,22.01546],[92.96168,22.02438],[92.95689,22.02964],[92.95189,22.02996],[92.94527,22.02073],[92.94211,22.02048],[92.93947,22.01331],[92.93024,22.01788],[92.9276,22.01592],[92.92887,22.01054],[92.93575,22.0091],[92.93571,22.0063],[92.92997,21.99611],[92.92293,21.99436],[92.92007,21.99032],[92.91948,21.98254],[92.91356,21.97415],[92.91193,21.95033],[92.90621,21.94018],[92.90126,21.94657],[92.89446,22.00422],[92.88933,22.01266],[92.87892,22.01423],[92.87335,22.02154],[92.86385,22.02624],[92.86581,22.04603],[92.86341,22.06321],[92.85952,22.06709],[92.85235,22.06674],[92.85119,22.06238],[92.84029,22.06051],[92.836,22.07225],[92.82166,22.07383],[92.81916,22.08112],[92.79767,22.09415],[92.79051,22.10498],[92.77468,22.10689],[92.75994,22.12608],[92.75451,22.12368],[92.74666,22.13129],[92.7353,22.1341],[92.72676,22.14972],[92.70854,22.14506],[92.69981,22.15557],[92.69455,22.15345],[92.69705,22.14266],[92.6962,22.13807],[92.69217,22.13809],[92.69243,22.07601],[92.68894,22.07223],[92.68813,22.10348],[92.68202,22.10285],[92.68521,22.03797],[92.68117,22.0148],[92.67693,22.00938],[92.66367,22.0096],[92.6588,22.0155],[92.65334,22.01608],[92.6428,21.99951],[92.64182,21.99272],[92.63704,21.9914],[92.63507,21.9838],[92.62308,21.98249],[92.60658,21.97431],[92.6024,21.97956],[92.61068,21.98443],[92.61251,21.99168],[92.59786,22.00904],[92.59992,22.02847],[92.59356,22.03302],[92.59262,22.03909],[92.59916,22.04321],[92.60284,22.06047],[92.59236,22.06492],[92.59027,22.08004],[92.58498,22.08303],[92.58281,22.09752],[92.57685,22.10506],[92.57518,22.11554],[92.56219,22.12791],[92.56364,22.13331],[92.57599,22.1387],[92.57914,22.14331],[92.59312,22.13721],[92.58937,22.13156],[92.59335,22.12624],[92.60521,22.12341],[92.61112,22.1381],[92.60922,22.16464],[92.60678,22.16595],[92.60764,22.17202],[92.59636,22.17461],[92.59433,22.18125],[92.59641,22.19364],[92.59369,22.19686],[92.59422,22.20634],[92.5878,22.21909],[92.59178,22.239],[92.59049,22.25295],[92.58134,22.26941],[92.58123,22.27652],[92.5847,22.27748],[92.58214,22.28924],[92.58382,22.29961],[92.58036,22.30429],[92.58178,22.30837],[92.57775,22.31057],[92.5808,22.31954],[92.5745,22.33254],[92.57608,22.33753],[92.57102,22.36008],[92.56823,22.36038],[92.56721,22.3708],[92.56253,22.37166],[92.55991,22.39596],[92.5563,22.39813],[92.55905,22.40278],[92.5546,22.40591],[92.55754,22.40849],[92.55362,22.40928],[92.55215,22.41477],[92.55672,22.42465],[92.54975,22.44367],[92.55085,22.45383],[92.54549,22.46291],[92.54803,22.46598],[92.54568,22.46818],[92.5462,22.48923],[92.54326,22.49077],[92.54374,22.49449],[92.54955,22.49582],[92.54656,22.4998],[92.55081,22.51413],[92.54398,22.51334],[92.54544,22.5175],[92.5397,22.52971],[92.5397,22.54121],[92.53754,22.54553],[92.53146,22.54532],[92.53216,22.55157],[92.52292,22.55883],[92.52814,22.56588],[92.52726,22.57291],[92.53318,22.57208],[92.53831,22.57535],[92.53525,22.59219],[92.53733,22.59414],[92.53041,22.60345],[92.52991,22.60965],[92.53484,22.60888],[92.5353,22.61201],[92.53223,22.61181],[92.52871,22.61703],[92.53007,22.62075],[92.52766,22.62073],[92.53244,22.63313],[92.52619,22.63352],[92.52497,22.63969],[92.52668,22.6536],[92.5239,22.65445],[92.52406,22.659],[92.52894,22.66489],[92.526,22.66512],[92.5256,22.67376],[92.52217,22.67402],[92.52325,22.67925],[92.51362,22.70864],[92.51759,22.71689],[92.51615,22.72329],[92.50996,22.72942],[92.50788,22.73699],[92.49449,22.74001],[92.49386,22.74286],[92.4909,22.74156],[92.48874,22.74655],[92.47596,22.74539],[92.47915,22.7531],[92.47385,22.76142],[92.47588,22.76473],[92.47283,22.76474],[92.47563,22.77259],[92.47252,22.78264],[92.46911,22.78275],[92.47154,22.79772],[92.465,22.803],[92.46684,22.80735],[92.45856,22.81548],[92.45824,22.82352],[92.45524,22.82549],[92.46185,22.83054],[92.45459,22.84101],[92.46221,22.84129],[92.45766,22.85291],[92.46435,22.85488],[92.46016,22.85753],[92.46108,22.86157],[92.4533,22.86132],[92.45199,22.86455],[92.45515,22.87021],[92.46031,22.87122],[92.44836,22.87626],[92.4505,22.89232],[92.44547,22.89707],[92.43649,22.88541],[92.43313,22.88641],[92.43353,22.89147],[92.42454,22.90029],[92.41953,22.91211],[92.42074,22.91719],[92.41844,22.91887],[92.41197,22.91364],[92.40634,22.91816],[92.40096,22.91185],[92.39701,22.91806],[92.40117,22.92458],[92.39694,22.9302],[92.37782,22.92936],[92.37666,22.93475],[92.37217,22.93492],[92.37778,22.95145],[92.37791,22.95501],[92.37305,22.95893],[92.37447,22.9717],[92.38501,22.98632],[92.38218,22.98733],[92.38521,22.99203],[92.38179,23.00097],[92.38425,23.00925],[92.38036,23.01094],[92.38451,23.0289],[92.38231,23.03344],[92.39208,23.05399],[92.38273,23.07258],[92.38535,23.07721],[92.37764,23.08744],[92.37507,23.08473],[92.37138,23.08883],[92.36889,23.09675],[92.36287,23.09738],[92.35822,23.1066],[92.36824,23.12414],[92.35686,23.1344],[92.3603,23.15221],[92.36451,23.15692],[92.35727,23.17174],[92.35664,23.18008],[92.36083,23.18023],[92.35991,23.18327],[92.35414,23.18425],[92.35404,23.22059],[92.35017,23.23569],[92.40116,23.23694],[92.40411,23.24121],[92.39962,23.24191],[92.39549,23.24916],[92.39851,23.25568],[92.38931,23.25972],[92.38841,23.26458],[92.39454,23.26445],[92.38814,23.28128],[92.38103,23.28508],[92.38573,23.30628],[92.3761,23.31308],[92.37598,23.32015],[92.37115,23.31816],[92.36914,23.32269],[92.36445,23.32275],[92.37265,23.33283],[92.37657,23.34762],[92.38076,23.35201],[92.37661,23.35753],[92.37889,23.36201],[92.36947,23.36702],[92.36858,23.37173],[92.36397,23.36607],[92.3563,23.37283],[92.3635,23.38099],[92.35355,23.38009],[92.35685,23.38508],[92.35363,23.39037],[92.35289,23.40557],[92.3579,23.40457],[92.35727,23.41069],[92.34753,23.41311],[92.34632,23.43322],[92.34208,23.43578],[92.3376,23.43203],[92.33289,23.43506],[92.32913,23.45031],[92.33179,23.45329],[92.32536,23.45926],[92.33021,23.45942],[92.33044,23.46733],[92.31688,23.47172],[92.32385,23.47524],[92.32195,23.48338],[92.31613,23.48655],[92.32187,23.49154],[92.31867,23.4921],[92.31973,23.51236],[92.31616,23.51184],[92.31315,23.52023],[92.31773,23.52621],[92.31398,23.53331],[92.30622,23.53504],[92.31045,23.54232],[92.30874,23.55069],[92.31343,23.55604],[92.30687,23.56338],[92.30909,23.57052],[92.30509,23.5735],[92.30818,23.57803],[92.30201,23.59176],[92.29844,23.59283],[92.29735,23.58874],[92.29327,23.59512],[92.28716,23.59611],[92.28746,23.61688],[92.29617,23.62145],[92.29025,23.62825],[92.28032,23.63066],[92.27828,23.62778],[92.27671,23.63193],[92.28174,23.63893],[92.273,23.64299],[92.29085,23.68126],[92.28908,23.70125],[92.2784,23.71006],[92.28002,23.7189],[92.27268,23.71862],[92.26588,23.72459],[92.25779,23.72523],[92.24136,23.71989],[92.2367,23.71119],[92.2428,23.69851],[92.23197,23.68314],[92.23294,23.66784],[92.22542,23.65473],[92.21286,23.6526],[92.21142,23.65874],[92.2066,23.66151],[92.20668,23.67563],[92.21385,23.68542],[92.20725,23.70049],[92.20289,23.70532],[92.18854,23.71016],[92.17777,23.70845],[92.16971,23.72432],[92.17263,23.73497],[92.17063,23.73949],[92.14838,23.73567],[92.12539,23.70676],[92.12097,23.69301],[92.10711,23.68973],[92.09978,23.67718],[92.08303,23.67948],[92.08053,23.67155],[92.0759,23.6681],[92.07963,23.66494],[92.07946,23.64899],[92.06257,23.64501],[92.05012,23.64945],[92.04651,23.64644],[92.02967,23.65861],[92.02407,23.65778],[92.02201,23.66283],[92.01428,23.66091],[92.00886,23.66369],[92.00621,23.6712],[92.00076,23.67338],[91.99688,23.67972],[91.98596,23.72022],[91.98354,23.72365],[91.98117,23.72226],[91.97795,23.73302],[91.96851,23.72971],[91.96633,23.73375],[91.95999,23.73482],[91.95411,23.73002],[91.95106,23.72144],[91.95392,23.72051],[91.94806,23.7137],[91.9509,23.69951],[91.95662,23.69758],[91.95713,23.6939],[91.9422,23.69381],[91.9341,23.68444],[91.93912,23.67635],[91.94076,23.65477],[91.94623,23.64448],[91.9456,23.63761],[91.9423,23.63492],[91.95378,23.60871],[91.95171,23.59819],[91.95921,23.56341],[91.95562,23.55832],[91.96411,23.53574],[91.95593,23.52713],[91.96018,23.51862],[91.96306,23.5195],[91.97095,23.5029],[91.96865,23.49901],[91.97226,23.49351],[91.96825,23.48935],[91.97,23.47767],[91.95857,23.47762],[91.94257,23.46628],[91.93698,23.46654],[91.94308,23.43307],[91.92735,23.43334],[91.91725,23.43931],[91.90608,23.43688],[91.89953,23.4408],[91.89553,23.43261],[91.8885,23.43405],[91.88479,23.42577],[91.87617,23.422],[91.87314,23.41404],[91.86732,23.41277],[91.86056,23.40521],[91.84513,23.40466],[91.84548,23.40109],[91.84098,23.39871],[91.84192,23.38885],[91.83648,23.38688],[91.8377,23.37109],[91.82575,23.36317],[91.82505,23.3539],[91.81246,23.35314],[91.81299,23.34899],[91.80472,23.3419],[91.80208,23.33421],[91.79398,23.33263],[91.79105,23.32614],[91.7826,23.32488],[91.77899,23.31875],[91.76609,23.31162],[91.76277,23.30323],[91.76033,23.28209],[91.76648,23.27214],[91.77693,23.26938],[91.77649,23.25723],[91.77972,23.25377],[91.77645,23.24287],[91.78001,23.23993],[91.78442,23.24102],[91.78663,23.22954],[91.7914,23.22458],[91.79187,23.21841],[91.7878,23.21635],[91.792,23.20886],[91.78866,23.20797],[91.78895,23.20454],[91.79841,23.1953],[91.7969,23.18665],[91.80573,23.18032],[91.80499,23.16918],[91.80985,23.16549],[91.80619,23.15808],[91.81402,23.14626],[91.80835,23.13813],[91.81398,23.1342],[91.81174,23.12547],[91.8178,23.11256],[91.81729,23.10136],[91.81329,23.09939],[91.82467,23.09918],[91.83175,23.09644],[91.83431,23.09167],[91.8224,23.08646],[91.82426,23.08434],[91.82003,23.0802],[91.81634,23.08282],[91.81653,23.07188],[91.81254,23.07219],[91.81229,23.06645],[91.80611,23.06732],[91.80691,23.06415],[91.79863,23.06509],[91.79496,23.06236],[91.79392,23.06907],[91.78654,23.0681],[91.7852,23.07146],[91.77453,23.0696],[91.78394,23.04007],[91.77954,23.02838],[91.77397,23.02747],[91.77425,23.0385],[91.77139,23.04151],[91.76783,23.03983],[91.77135,23.03549],[91.75351,23.0224],[91.74336,23.00626],[91.72371,22.99719],[91.71907,22.98665],[91.71111,22.98864],[91.71149,22.98274],[91.70856,22.98181],[91.70247,22.9888],[91.69804,22.98913],[91.67914,22.97612],[91.67503,22.98239],[91.67207,22.97705],[91.66403,22.98171],[91.65524,22.97651],[91.65076,22.97715],[91.64621,22.98496],[91.64596,22.97755],[91.64072,22.97437],[91.63533,22.96104],[91.63111,22.95929],[91.62651,22.96218],[91.62358,22.9487],[91.6255,22.94411],[91.61916,22.9378],[91.6126,22.94758],[91.61367,22.95248],[91.60669,22.95075],[91.60797,22.9571],[91.60175,22.95341],[91.60045,22.9568],[91.60397,22.96163],[91.61363,22.95924],[91.60594,22.96494],[91.60638,22.97079],[91.60123,22.97177],[91.59941,22.97581],[91.59373,22.97328],[91.5898,22.97617],[91.57651,22.96522],[91.57595,22.96831],[91.55727,22.97857],[91.55701,22.99672],[91.54745,22.99433],[91.54248,22.99965],[91.54804,23.01863],[91.53841,23.01935],[91.54967,23.03642],[91.54895,23.03866],[91.53048,23.03858],[91.53582,23.05278],[91.5349,23.05556],[91.52455,23.05735],[91.535,23.06304],[91.52495,23.08263],[91.52941,23.08655],[91.52945,23.09179],[91.51917,23.0943],[91.52238,23.1045],[91.51232,23.10443],[91.51267,23.11298],[91.51975,23.11481],[91.5194,23.11825],[91.51535,23.11873],[91.51687,23.12573],[91.50398,23.12772],[91.50351,23.1309],[91.51469,23.13857],[91.5154,23.14499],[91.50498,23.14085],[91.4962,23.14771],[91.50712,23.15463],[91.49422,23.15253],[91.49065,23.15731],[91.49777,23.17176],[91.49189,23.17303],[91.49182,23.17701],[91.50544,23.18011],[91.5062,23.18387],[91.50074,23.18563],[91.50434,23.18968],[91.50309,23.19221],[91.49216,23.18902],[91.4882,23.19218],[91.48442,23.18868],[91.47069,23.19657],[91.48237,23.1986],[91.48421,23.20909],[91.47533,23.22057],[91.45866,23.21353],[91.45117,23.21996],[91.4703,23.22796],[91.45794,23.24494],[91.44656,23.24353],[91.44384,23.24646],[91.45394,23.25985],[91.43129,23.26265],[91.42568,23.2588],[91.42116,23.26185],[91.4185,23.25856],[91.41527,23.26214],[91.41945,23.27342],[91.41532,23.28153],[91.40826,23.28421],[91.41102,23.25623],[91.40521,23.25718],[91.40022,23.26613],[91.39708,23.26556],[91.39689,23.2559],[91.40088,23.25523],[91.40721,23.24738],[91.39222,23.24567],[91.40012,23.23529],[91.40045,23.22915],[91.38627,23.22777],[91.39165,23.2193],[91.38075,23.20859],[91.38751,23.20774],[91.38527,23.19165],[91.38071,23.19156],[91.37966,23.18428],[91.3827,23.18408],[91.38185,23.17476],[91.38513,23.17466],[91.38468,23.1564],[91.3895,23.15235],[91.39705,23.12999],[91.39699,23.1175],[91.40318,23.11405],[91.40056,23.09673],[91.40586,23.09685],[91.40502,23.0868],[91.40776,23.08353],[91.41623,23.08104],[91.41083,23.06617],[91.41731,23.06476],[91.39539,23.05611],[91.37052,23.07014],[91.34708,23.10274],[91.34738,23.11904],[91.34173,23.11803],[91.34167,23.12886],[91.33709,23.1313],[91.3331,23.15301],[91.32418,23.1592],[91.32365,23.23754],[91.31889,23.23998],[91.31859,23.24593],[91.32555,23.24724],[91.32644,23.25241],[91.31811,23.25288],[91.30967,23.27627],[91.31621,23.28239],[91.30241,23.28668],[91.30021,23.29262],[91.30687,23.2997],[91.3149,23.2972],[91.31258,23.30714],[91.30943,23.31404],[91.29706,23.31392],[91.2901,23.31874],[91.29604,23.34087],[91.31062,23.34253],[91.31125,23.35369],[91.31815,23.35358],[91.31979,23.36011],[91.3147,23.36072],[91.30157,23.35206],[91.29143,23.35125],[91.29467,23.3613],[91.2862,23.36334],[91.28377,23.37143],[91.29338,23.37143],[91.29305,23.378],[91.28867,23.37567],[91.27972,23.37738],[91.27634,23.41526],[91.26373,23.42411],[91.27054,23.43011],[91.25659,23.44053],[91.25179,23.45229],[91.25207,23.48265],[91.2495,23.49017],[91.23637,23.48917],[91.23527,23.50206],[91.21805,23.49854],[91.22395,23.51396],[91.20782,23.51234],[91.20092,23.51972],[91.20815,23.54261],[91.21353,23.54513],[91.21338,23.55056],[91.20515,23.54627],[91.20206,23.55027],[91.19463,23.54751],[91.19554,23.56207],[91.18703,23.57745],[91.17543,23.58676],[91.17686,23.59286],[91.16162,23.59479],[91.1588,23.62863],[91.16105,23.65515],[91.15798,23.67092],[91.16115,23.66493],[91.1679,23.662],[91.19121,23.65875],[91.19124,23.65004],[91.19881,23.6494],[91.19992,23.65333],[91.20391,23.65326],[91.20152,23.66425],[91.2083,23.6862],[91.19838,23.69173],[91.1563,23.68876],[91.15416,23.69096],[91.14969,23.71261],[91.15892,23.74174],[91.16653,23.74992],[91.19618,23.75097],[91.21074,23.74873],[91.21845,23.73683],[91.22064,23.73769],[91.22826,23.76087],[91.22973,23.78457],[91.22716,23.79023],[91.23412,23.80591],[91.23322,23.81096],[91.25414,23.83718],[91.24856,23.85143],[91.23873,23.86458],[91.23571,23.87769],[91.22957,23.88129],[91.22888,23.89887],[91.24465,23.90708],[91.2461,23.91334],[91.24129,23.92279],[91.23265,23.92799],[91.27616,23.9227],[91.27277,23.9379],[91.26431,23.94487],[91.27085,23.96189],[91.28465,23.98218],[91.2868,23.96933],[91.28994,23.96779],[91.29972,23.97232],[91.29771,23.97709],[91.30345,23.98797],[91.30141,23.99387],[91.30443,23.9959],[91.31472,23.9906],[91.32372,23.99457],[91.33315,23.99108],[91.34054,23.98223],[91.35284,23.98189],[91.36166,23.98626],[91.37332,23.97558],[91.37935,23.97545],[91.37883,23.99084],[91.37428,23.99525],[91.3731,24.00249],[91.39099,24.02613],[91.39654,24.04977],[91.37707,24.08002],[91.3745,24.10771],[91.41346,24.11007],[91.42876,24.10627],[91.42874,24.10276],[91.43226,24.10145],[91.44063,24.10292],[91.44169,24.09944],[91.44904,24.10091],[91.45475,24.09706],[91.47031,24.09897],[91.4716,24.10281],[91.47521,24.10244],[91.47652,24.09884],[91.48417,24.09607],[91.49419,24.09589],[91.49224,24.09078],[91.49769,24.08746],[91.54728,24.07472],[91.5615,24.07742],[91.57002,24.07439],[91.5754,24.07853],[91.58625,24.07273],[91.59274,24.07662],[91.59326,24.0824],[91.59919,24.08491],[91.59154,24.09014],[91.59389,24.09706],[91.61087,24.09237],[91.62424,24.09677],[91.63949,24.10863],[91.63917,24.12532],[91.63424,24.13681],[91.6469,24.15675],[91.64637,24.17865],[91.65499,24.17581],[91.65998,24.18967],[91.65824,24.19497],[91.65241,24.19622],[91.65458,24.20268],[91.64804,24.21937],[91.65254,24.21979],[91.66412,24.23226],[91.66706,24.23166],[91.66797,24.22665],[91.66727,24.21122],[91.67954,24.19366],[91.6801,24.17613],[91.68372,24.16696],[91.69505,24.15967],[91.70266,24.16346],[91.71185,24.15307],[91.72195,24.1526],[91.72851,24.14348],[91.73672,24.14593],[91.73855,24.14216],[91.75986,24.14183],[91.7445,24.24743],[91.78912,24.22134],[91.80977,24.21823],[91.81621,24.21023],[91.82064,24.2095],[91.83212,24.21811],[91.836,24.21788],[91.83842,24.22026],[91.83678,24.22546],[91.84217,24.22679],[91.8519,24.2156],[91.84937,24.21322],[91.85115,24.2056],[91.84568,24.19985],[91.84646,24.1907],[91.85284,24.18998],[91.85378,24.18315],[91.86348,24.18133],[91.87347,24.17456],[91.87844,24.14727],[91.88247,24.14577],[91.88495,24.13871],[91.90575,24.13881],[91.91273,24.1521],[91.91474,24.16722],[91.91178,24.16821],[91.9405,24.26845],[91.91991,24.33709],[91.92596,24.33647],[91.94151,24.34309],[91.94431,24.34898],[91.95728,24.35663],[91.96766,24.34928],[91.96679,24.34629],[91.98107,24.32372],[91.9959,24.32236],[91.99492,24.33153],[91.99824,24.33187],[91.99822,24.33483],[91.97923,24.35817],[91.98465,24.35963],[91.98387,24.36239],[91.98029,24.36404],[91.97885,24.3705],[91.97024,24.375],[91.97254,24.37691],[91.96695,24.38068],[91.96947,24.38444],[91.98181,24.38057],[91.98347,24.37621],[91.98834,24.37758],[91.99305,24.38861],[91.99919,24.39239],[92.00446,24.38839],[92.0054,24.38247],[92.00899,24.38168],[92.01986,24.38669],[92.02688,24.37989],[92.04478,24.37514],[92.08329,24.37716],[92.08624,24.37316],[92.09718,24.37252],[92.10238,24.38297],[92.10956,24.38027],[92.12221,24.38396],[92.119,24.39043],[92.12638,24.39684],[92.1314,24.4069],[92.135,24.40739],[92.1329,24.41409],[92.13686,24.42516],[92.14776,24.42114],[92.15305,24.42463],[92.16294,24.41919],[92.16641,24.42187],[92.16741,24.43508],[92.1632,24.43773],[92.16252,24.45145],[92.15221,24.48377],[92.15158,24.49928],[92.15869,24.5082],[92.15286,24.50997],[92.15503,24.51895],[92.16112,24.52931],[92.1692,24.53192],[92.17591,24.52394],[92.18483,24.52346],[92.19797,24.51034],[92.21284,24.50411],[92.22381,24.51765],[92.23112,24.53133],[92.2354,24.59754],[92.24398,24.61656],[92.2434,24.6243],[92.24925,24.64317],[92.24855,24.65851],[92.25433,24.66606],[92.25707,24.67313],[92.2544,24.67512],[92.25561,24.67935],[92.26148,24.69005],[92.26715,24.69303],[92.27505,24.70896],[92.29577,24.73707],[92.27963,24.74441],[92.28398,24.75437],[92.29264,24.75885],[92.28528,24.76902],[92.28878,24.78801],[92.28088,24.79071],[92.27888,24.79752],[92.27296,24.79952],[92.27591,24.81624],[92.27303,24.82759],[92.25376,24.83203],[92.24987,24.83039],[92.24999,24.83612],[92.25431,24.83787],[92.24142,24.84217],[92.23976,24.85786],[92.23507,24.86144],[92.23864,24.86846],[92.24286,24.86805],[92.24667,24.8722],[92.24742,24.88751],[92.23637,24.89216],[92.23585,24.89942],[92.23179,24.90026],[92.24923,24.909],[92.28061,24.9058],[92.28481,24.91117],[92.29855,24.91626],[92.30422,24.91312],[92.30744,24.90216],[92.31586,24.89514],[92.32606,24.89693],[92.32807,24.89022],[92.3393,24.87838],[92.3452,24.88336],[92.34336,24.8923],[92.34557,24.89431],[92.35452,24.87947],[92.35991,24.87933],[92.36449,24.87199],[92.37227,24.87529],[92.3762,24.87202],[92.38447,24.85268],[92.39892,24.84895],[92.40759,24.85959],[92.42244,24.85357],[92.43694,24.85559],[92.44142,24.86045],[92.43961,24.86836],[92.45383,24.87388],[92.47624,24.86796],[92.47794,24.87154],[92.4861,24.87194],[92.48824,24.87789],[92.4946,24.88258],[92.49264,24.89533],[92.49886,24.90439],[92.49236,24.91316],[92.49398,24.91964],[92.48503,24.92512],[92.48455,24.93488],[92.48903,24.94806],[92.48315,24.94836],[92.47442,24.94153],[92.44978,24.9398],[92.44897,24.94845],[92.4529,24.95345],[92.46549,24.95539],[92.46955,24.96347],[92.45597,24.9714],[92.44598,24.96483],[92.44,24.96755],[92.42219,24.96524],[92.41894,24.9676],[92.42282,24.98796],[92.42117,24.9915],[92.41623,24.99132],[92.42491,25.01331],[92.42575,25.02963],[92.41283,25.02892],[92.40232,25.03217],[92.39275,25.03997],[92.3843,25.04121],[92.38333,25.03881],[92.37679,25.04297],[92.36891,25.0412],[92.36859,25.046],[92.36297,25.05006],[92.36117,25.04696],[92.34165,25.04935],[92.33845,25.05207],[92.34708,25.06014],[92.34746,25.07356],[92.33489,25.07862],[92.32155,25.07801],[92.31081,25.06944],[92.25527,25.08561],[92.23131,25.09695],[92.22286,25.09735],[92.22204,25.10397],[92.20759,25.10893],[92.20724,25.11232],[92.20933,25.11859],[92.22067,25.11376],[92.22734,25.11752],[92.21922,25.11732],[92.19353,25.12643],[92.19447,25.1313],[92.18847,25.13591],[92.1898,25.12624],[92.18194,25.11915],[92.17902,25.12598],[92.16458,25.12634],[92.16346,25.13044],[92.15953,25.13023],[92.16406,25.13605],[92.15189,25.13385],[92.14242,25.14078],[92.13507,25.14217],[92.13436,25.14884],[92.14053,25.15473],[92.13401,25.15616],[92.13264,25.16011],[92.10759,25.1708],[92.1036,25.17521],[92.07968,25.18203],[92.07776,25.18023],[92.06169,25.18785],[92.04203,25.18653],[92.03711,25.18221],[92.0269,25.18318],[92.02542,25.17935],[92.01514,25.18732],[92.002,25.18541],[91.97617,25.16834],[91.96949,25.17008],[91.96759,25.17619],[91.96339,25.17738],[91.93386,25.17854],[91.91927,25.18245],[91.88321,25.17647],[91.88052,25.17305],[91.87582,25.17759],[91.86126,25.17262],[91.83266,25.17785],[91.8235,25.17668],[91.81757,25.17128],[91.80604,25.17165],[91.80498,25.1682],[91.77578,25.16332],[91.75771,25.16851],[91.75214,25.17611],[91.74471,25.16965],[91.74857,25.1561],[91.7443,25.15232],[91.74283,25.14414],[91.74574,25.14059],[91.73644,25.14361],[91.73554,25.14984],[91.71579,25.15256],[91.71622,25.15612],[91.71166,25.15991],[91.70641,25.15638],[91.70309,25.15931],[91.70095,25.15603],[91.70344,25.15096],[91.69445,25.1462],[91.69158,25.13725],[91.6805,25.13504],[91.67,25.13806],[91.66399,25.13532],[91.66429,25.1294],[91.65264,25.13137],[91.65197,25.12793],[91.63776,25.12271],[91.62303,25.12805],[91.62134,25.14356],[91.61543,25.1452],[91.6135,25.1425],[91.61097,25.14642],[91.60328,25.14059],[91.60026,25.14669],[91.59857,25.15508],[91.60324,25.15806],[91.59912,25.16013],[91.6039,25.16758],[91.61523,25.17023],[91.61246,25.1763],[91.57723,25.17285],[91.57051,25.16486],[91.57202,25.16101],[91.56287,25.16082],[91.55598,25.14988],[91.52677,25.14473],[91.50933,25.14759],[91.50149,25.14389],[91.50016,25.13618],[91.47781,25.13678],[91.47857,25.1343],[91.47457,25.13357],[91.46613,25.13452],[91.46914,25.13969],[91.46796,25.15204],[91.45673,25.14842],[91.45378,25.15256],[91.4403,25.15013],[91.43409,25.15621],[91.42506,25.15711],[91.41452,25.17131],[91.41035,25.16333],[91.38676,25.16965],[91.3766,25.16813],[91.36767,25.17134],[91.3644,25.17794],[91.35365,25.17141],[91.35155,25.17593],[91.33711,25.17369],[91.33146,25.17765],[91.32737,25.17636],[91.31762,25.18381],[91.29242,25.18393],[91.28792,25.18721],[91.29207,25.19232],[91.27606,25.19917],[91.26879,25.2068],[91.26003,25.2049],[91.25963,25.20126],[91.25153,25.19945],[91.25039,25.19628],[91.1918,25.20136],[91.13559,25.19457],[91.07476,25.19766],[91.06768,25.19158],[91.05506,25.19226],[91.03788,25.18629],[91.01949,25.18684],[91.01592,25.18278],[90.98425,25.17507],[90.97219,25.17571],[90.95983,25.17058],[90.94807,25.17111],[90.94612,25.16809],[90.92546,25.16205],[90.88218,25.16595],[90.86333,25.15832],[90.84554,25.15824],[90.84194,25.16436],[90.83178,25.16119],[90.81941,25.16282],[90.81775,25.16767],[90.81431,25.16795],[90.81366,25.16378],[90.80538,25.16622],[90.80545,25.17225],[90.79886,25.17429],[90.79486,25.18058],[90.78141,25.1808],[90.78131,25.18581],[90.76224,25.17749],[90.76014,25.16821],[90.75678,25.16953],[90.74735,25.16413],[90.7343,25.16659],[90.74061,25.15891],[90.73459,25.15824],[90.73309,25.15508],[90.72666,25.15802],[90.72262,25.16511],[90.71787,25.16367],[90.71014,25.16889],[90.70586,25.16149],[90.69871,25.16124],[90.69713,25.15743],[90.6909,25.16357],[90.68241,25.16477],[90.68062,25.16932],[90.68503,25.17135],[90.68545,25.17496],[90.67467,25.17313],[90.66592,25.16602],[90.66293,25.19014],[90.66525,25.19577],[90.66293,25.19727],[90.65887,25.18644],[90.65048,25.1949],[90.6502,25.18211],[90.64021,25.18372],[90.64114,25.1749],[90.61711,25.17397],[90.61525,25.17722],[90.60772,25.17827],[90.60459,25.17472],[90.58817,25.17618],[90.57668,25.17219],[90.55499,25.17159],[90.55149,25.17517],[90.5187,25.17225],[90.50935,25.17519],[90.50958,25.17039],[90.49906,25.17202],[90.49931,25.16879],[90.48583,25.16121],[90.45074,25.15252],[90.44918,25.14507],[90.44094,25.14464],[90.41331,25.15384],[90.4041,25.16017],[90.37043,25.16298],[90.34647,25.17862],[90.33014,25.19381],[90.31622,25.19271],[90.3103,25.1889],[90.28623,25.19581],[90.26806,25.19851],[90.26381,25.19606],[90.23334,25.20452],[90.2252,25.20093],[90.21929,25.20679],[90.21515,25.20548],[90.20731,25.21036],[90.196,25.2115],[90.17192,25.22331],[90.11261,25.2254],[90.09253,25.23901],[90.07382,25.24419],[90.05372,25.26187],[90.03414,25.26221],[90.0043,25.28102],[89.99589,25.27676],[89.98381,25.28076],[89.98043,25.28298],[89.97701,25.29698],[89.96652,25.30374],[89.95433,25.30098],[89.94808,25.29333],[89.94367,25.30436],[89.93927,25.29961],[89.90923,25.30826],[89.89599,25.30116],[89.88499,25.28806],[89.87648,25.28541],[89.85674,25.28675],[89.83831,25.29324],[89.83113,25.29618],[89.84148,25.30827],[89.84047,25.31909],[89.82671,25.34692],[89.82321,25.34841],[89.82099,25.35904],[89.82108,25.38128],[89.82701,25.40182],[89.82546,25.41385],[89.83804,25.44886],[89.85203,25.46686],[89.84896,25.48947],[89.85508,25.49768],[89.85382,25.50122],[89.85794,25.50666],[89.85999,25.51831],[89.85121,25.53872],[89.86562,25.54585],[89.86719,25.56229],[89.8727,25.56943],[89.87554,25.58085],[89.87316,25.5876],[89.88238,25.61729],[89.88085,25.63227],[89.87099,25.66258],[89.8625,25.66692],[89.85829,25.67988],[89.84642,25.69583],[89.85107,25.70446],[89.85068,25.71228],[89.84733,25.71523],[89.83422,25.71633],[89.8267,25.73239],[89.82692,25.7433],[89.83844,25.75433],[89.84098,25.76115],[89.82587,25.8105],[89.81638,25.81375],[89.83459,25.84119],[89.83312,25.8712],[89.84871,25.88795],[89.84811,25.89201],[89.86073,25.90744],[89.87817,25.92444],[89.88694,25.94534],[89.87663,25.94704],[89.84846,25.94306],[89.84487,25.94021],[89.83903,25.94126],[89.8416,25.94448],[89.82534,25.94546],[89.82564,25.95179],[89.82975,25.95525],[89.8472,25.95025],[89.8444,25.95492],[89.84709,25.95687],[89.84252,25.96462],[89.83825,25.96613],[89.84172,25.97067],[89.85569,25.96879],[89.87323,25.97602],[89.86587,25.98335],[89.85144,25.9894],[89.84422,26.00608],[89.836,26.01101],[89.83192,26.00863],[89.83079,26.00348],[89.83592,25.98235],[89.82126,25.98651],[89.81726,25.99628],[89.8206,25.99962],[89.82125,26.01197],[89.81548,26.02104],[89.81921,26.02596],[89.80737,26.04404],[89.8047,26.04309],[89.8021,26.02928],[89.79,26.01787],[89.7877,26.02095],[89.79348,26.02238],[89.79364,26.0282],[89.80157,26.04044],[89.79449,26.04262],[89.79092,26.03392],[89.78746,26.03653],[89.78924,26.03952],[89.78479,26.04085],[89.77978,26.04051],[89.77644,26.03502],[89.77353,26.03773],[89.78854,26.04916],[89.78503,26.05136],[89.78518,26.05682],[89.79859,26.05931],[89.79647,26.0764],[89.79164,26.07914],[89.79465,26.08777],[89.78864,26.08872],[89.78501,26.08345],[89.78118,26.08352],[89.7859,26.09647],[89.78293,26.10616],[89.76982,26.10463],[89.76353,26.10995],[89.75716,26.10814],[89.75537,26.11392],[89.76522,26.12501],[89.76641,26.13083],[89.76056,26.13843],[89.75399,26.13954],[89.75364,26.14677],[89.74749,26.15751],[89.7204,26.15637],[89.71923,26.16567],[89.71267,26.16817],[89.70992,26.1563],[89.70318,26.15218],[89.69718,26.15855],[89.68262,26.16258],[89.68112,26.16622],[89.68417,26.16973],[89.69808,26.1702],[89.70104,26.17353],[89.68747,26.18157],[89.68212,26.19243],[89.6835,26.19622],[89.67505,26.19788],[89.67331,26.20211],[89.67593,26.20877],[89.68327,26.20911],[89.67879,26.22364],[89.6878,26.22025],[89.68375,26.22428],[89.68749,26.22667],[89.6818,26.22787],[89.6798,26.23434],[89.67228,26.22915],[89.67187,26.21994],[89.65556,26.21921],[89.63431,26.22919],[89.6333,26.21826],[89.63552,26.21603],[89.6326,26.20999],[89.63813,26.20991],[89.63939,26.19987],[89.64903,26.19067],[89.64496,26.18484],[89.63801,26.18687],[89.63597,26.19377],[89.63014,26.19589],[89.62769,26.18408],[89.63903,26.17874],[89.64376,26.18288],[89.64977,26.17991],[89.65538,26.18155],[89.65863,26.17655],[89.64998,26.16987],[89.64925,26.16453],[89.63873,26.16697],[89.63745,26.17221],[89.63248,26.17195],[89.637,26.1789],[89.63176,26.17984],[89.6257,26.17649],[89.62471,26.1713],[89.62347,26.17931],[89.60764,26.17935],[89.61119,26.16869],[89.61882,26.16696],[89.61011,26.16195],[89.6103,26.15464],[89.59933,26.16091],[89.5916,26.15675],[89.59626,26.1563],[89.59838,26.15054],[89.59528,26.14013],[89.59821,26.13882],[89.59782,26.13263],[89.60748,26.12511],[89.60226,26.122],[89.60365,26.11784],[89.60874,26.12064],[89.61082,26.1271],[89.62031,26.11991],[89.62463,26.12862],[89.62946,26.12325],[89.62946,26.1167],[89.61581,26.10669],[89.60979,26.1086],[89.60601,26.10646],[89.59912,26.11307],[89.60018,26.10354],[89.59393,26.10243],[89.60806,26.08864],[89.61049,26.09635],[89.61698,26.09558],[89.61352,26.10068],[89.61519,26.10444],[89.62196,26.10091],[89.62328,26.10723],[89.6277,26.10827],[89.63624,26.09955],[89.63221,26.09682],[89.63364,26.09399],[89.63813,26.0919],[89.6335,26.0812],[89.63724,26.07502],[89.64973,26.0666],[89.64912,26.0616],[89.62826,26.06173],[89.62176,26.05407],[89.61616,26.05664],[89.61803,26.0593],[89.61054,26.05989],[89.60876,26.06468],[89.60508,26.06365],[89.60743,26.05783],[89.61199,26.05763],[89.61342,26.0542],[89.59351,26.04346],[89.59732,26.03843],[89.59503,26.03533],[89.58677,26.03842],[89.58358,26.03344],[89.58371,26.02461],[89.57864,26.02635],[89.58019,26.00202],[89.58332,26.0019],[89.58602,25.99513],[89.58283,25.99025],[89.58634,25.98188],[89.58414,25.97823],[89.57679,25.97836],[89.57625,25.98197],[89.57296,25.97823],[89.57836,25.97349],[89.57624,25.96855],[89.5688,25.96781],[89.56636,25.98032],[89.55767,25.96994],[89.55756,25.96542],[89.54038,25.96987],[89.53808,25.97615],[89.54167,25.98334],[89.53496,25.98593],[89.53518,25.9895],[89.53767,25.99432],[89.54594,25.99769],[89.53939,26.00516],[89.5381,26.00215],[89.51645,26.00931],[89.51044,26.00288],[89.49123,26.00548],[89.47917,25.99714],[89.46318,25.99826],[89.44526,26.0085],[89.4308,26.01115],[89.42661,26.01517],[89.43376,26.0321],[89.43245,26.03903],[89.42555,26.04523],[89.40741,26.04159],[89.40655,26.03063],[89.39043,26.02228],[89.39343,26.00987],[89.39145,26.0088],[89.3814,26.01115],[89.37655,26.00916],[89.37309,26.01179],[89.3708,26.00893],[89.35484,26.00835],[89.34831,26.01525],[89.33991,26.01563],[89.33717,26.02605],[89.32387,26.03748],[89.31481,26.039],[89.30588,26.04698],[89.3001,26.04735],[89.29844,26.05041],[89.29512,26.04617],[89.27844,26.0486],[89.28203,26.06557],[89.27841,26.06653],[89.27225,26.06076],[89.25398,26.06405],[89.25499,26.07423],[89.26117,26.08575],[89.26572,26.08782],[89.26645,26.09416],[89.2513,26.09138],[89.25198,26.1006],[89.2409,26.106],[89.23617,26.11355],[89.23304,26.11309],[89.22886,26.12249],[89.20321,26.12938],[89.19258,26.12417],[89.18218,26.12964],[89.16757,26.13032],[89.16232,26.1328],[89.15943,26.13903],[89.15501,26.13901],[89.14909,26.15948],[89.15526,26.1596],[89.15715,26.16324],[89.15194,26.16464],[89.14903,26.1701],[89.14093,26.16936],[89.13622,26.18163],[89.1401,26.19971],[89.14388,26.20023],[89.14883,26.21016],[89.14209,26.21464],[89.14081,26.23596],[89.13185,26.24046],[89.13011,26.24884],[89.12067,26.25225],[89.12517,26.26357],[89.10498,26.27553],[89.106,26.28116],[89.10171,26.28308],[89.10256,26.28867],[89.10634,26.29039],[89.10335,26.29237],[89.10404,26.29821],[89.10729,26.29915],[89.09961,26.30517],[89.1037,26.31386],[89.10825,26.31317],[89.10907,26.30456],[89.11392,26.30399],[89.11862,26.2879],[89.1225,26.28653],[89.12998,26.30042],[89.12511,26.30545],[89.13367,26.30593],[89.13576,26.32133],[89.11248,26.31912],[89.10786,26.32668],[89.10428,26.32314],[89.09844,26.32419],[89.09897,26.32851],[89.09604,26.32903],[89.09236,26.32209],[89.08432,26.32224],[89.10019,26.33728],[89.09517,26.35209],[89.09628,26.3602],[89.0795,26.36296],[89.07991,26.36674],[89.08835,26.36578],[89.09148,26.38905],[89.09612,26.39072],[89.09188,26.39382],[89.08124,26.39025],[89.08753,26.39632],[89.08395,26.39833],[89.07724,26.39602],[89.06719,26.40011],[89.06431,26.39663],[89.05891,26.39896],[89.05791,26.39518],[89.05411,26.39879],[89.03937,26.40043],[89.03737,26.39529],[89.03349,26.39556],[89.0304,26.40683],[89.01932,26.40427],[89.02324,26.41153],[89.0204,26.41479],[89.00714,26.41285],[89.00564,26.42103],[88.99354,26.42308],[88.99287,26.4205],[88.99594,26.41984],[88.99438,26.41424],[88.9927,26.41902],[88.98293,26.42118],[88.98356,26.42451],[88.98069,26.42538],[88.98257,26.4297],[88.97868,26.43607],[88.98293,26.43859],[88.98087,26.44187],[88.98318,26.44662],[88.96622,26.45136],[88.96547,26.4576],[88.95903,26.45786],[88.95724,26.45485],[88.96279,26.45264],[88.96182,26.44841],[88.95343,26.45204],[88.95176,26.4485],[88.94611,26.44805],[88.95124,26.43514],[88.94457,26.43197],[88.94287,26.4254],[88.9383,26.4255],[88.9348,26.4316],[88.92614,26.43215],[88.9258,26.42775],[88.93386,26.42754],[88.92384,26.42437],[88.93006,26.41424],[88.92499,26.40694],[88.90674,26.40676],[88.90603,26.40362],[88.91,26.40094],[88.91727,26.40328],[88.91837,26.39027],[88.91205,26.38262],[88.91425,26.37794],[88.9195,26.37851],[88.91998,26.37473],[88.91142,26.37324],[88.91048,26.3694],[88.91426,26.36533],[88.92712,26.36462],[88.93484,26.35686],[88.94762,26.35576],[88.94972,26.36604],[88.95833,26.36179],[88.95845,26.35809],[88.94847,26.35413],[88.94921,26.34869],[88.94624,26.34641],[88.94607,26.34401],[88.95234,26.3439],[88.95288,26.3463],[88.95882,26.34301],[88.95245,26.34309],[88.95188,26.3321],[88.95988,26.33015],[88.96267,26.34546],[88.95912,26.34808],[88.96318,26.35019],[88.98717,26.34842],[88.98996,26.3386],[88.98343,26.34168],[88.98476,26.33405],[89.00087,26.32988],[88.99497,26.321],[88.997,26.3139],[88.98682,26.31774],[88.98243,26.30859],[88.98481,26.30068],[88.99437,26.29925],[88.99426,26.29296],[88.99994,26.29081],[89.00428,26.3039],[89.00713,26.30375],[89.01264,26.2981],[89.01238,26.29213],[89.01826,26.29041],[89.01998,26.2957],[89.01552,26.30038],[89.02059,26.30825],[89.02681,26.30551],[89.02183,26.29838],[89.02324,26.29346],[89.02033,26.28813],[89.04023,26.28125],[89.03852,26.27752],[89.04411,26.27654],[89.0478,26.28303],[89.04929,26.28827],[89.04528,26.28651],[89.04572,26.29559],[89.0523,26.29613],[89.05298,26.29207],[89.05639,26.29419],[89.06031,26.29179],[89.05747,26.28565],[89.06295,26.28005],[89.05416,26.27796],[89.05985,26.27623],[89.06347,26.25974],[89.06009,26.25687],[89.06256,26.2536],[89.05459,26.25751],[89.05203,26.25602],[89.04881,26.25168],[89.04946,26.24322],[89.04553,26.24105],[89.02746,26.2477],[89.02745,26.24415],[89.02076,26.24515],[89.01997,26.24272],[88.9936,26.24558],[88.97969,26.24463],[88.96556,26.23928],[88.95325,26.24206],[88.92652,26.28254],[88.91829,26.2878],[88.89834,26.28877],[88.87575,26.28659],[88.86148,26.27273],[88.86429,26.26787],[88.8618,26.2654],[88.86142,26.25204],[88.87217,26.24526],[88.87146,26.24163],[88.87783,26.24159],[88.87767,26.2334],[88.86007,26.23244],[88.85423,26.23514],[88.8417,26.23078],[88.83825,26.23232],[88.83806,26.23822],[88.82753,26.23978],[88.82686,26.24516],[88.82984,26.24637],[88.82778,26.24946],[88.82332,26.24905],[88.82391,26.25251],[88.8128,26.25653],[88.81506,26.26587],[88.81375,26.27346],[88.81057,26.27397],[88.81307,26.28817],[88.81912,26.29467],[88.79345,26.31006],[88.78267,26.30322],[88.7636,26.29947],[88.75613,26.30942],[88.74656,26.30827],[88.74186,26.29388],[88.74581,26.28948],[88.72109,26.29302],[88.72372,26.28446],[88.72138,26.28143],[88.68709,26.27806],[88.6857,26.27476],[88.69184,26.27342],[88.69259,26.26936],[88.67949,26.25915],[88.67802,26.2645],[88.66662,26.26506],[88.67174,26.26697],[88.67177,26.27225],[88.66744,26.27202],[88.66803,26.29719],[88.67437,26.2983],[88.68431,26.29213],[88.68697,26.28757],[88.68156,26.28731],[88.68242,26.28381],[88.68749,26.28177],[88.68997,26.28428],[88.6914,26.28099],[88.70543,26.28658],[88.70596,26.29045],[88.68543,26.29476],[88.6779,26.30705],[88.68295,26.30856],[88.68243,26.31261],[88.67572,26.31444],[88.67501,26.32019],[88.68938,26.32294],[88.69119,26.32793],[88.69565,26.3288],[88.69688,26.32583],[88.69034,26.32261],[88.69327,26.31403],[88.70678,26.31479],[88.71414,26.31838],[88.72038,26.31432],[88.73112,26.31846],[88.73056,26.32374],[88.74644,26.32243],[88.74866,26.33172],[88.73406,26.32874],[88.73692,26.33485],[88.7425,26.33662],[88.74543,26.34785],[88.73708,26.3491],[88.73771,26.35304],[88.7332,26.35384],[88.73594,26.34716],[88.72412,26.34259],[88.7139,26.34311],[88.70863,26.33338],[88.70463,26.3326],[88.70211,26.33581],[88.70367,26.34159],[88.69848,26.34141],[88.69657,26.34704],[88.6976,26.3564],[88.69144,26.36008],[88.69551,26.36099],[88.69486,26.36362],[88.68872,26.36544],[88.68623,26.37881],[88.68128,26.37801],[88.68196,26.3829],[88.7018,26.38584],[88.70172,26.38884],[88.69862,26.3906],[88.6873,26.38714],[88.68899,26.39618],[88.67223,26.3958],[88.67561,26.40123],[88.68669,26.40122],[88.6833,26.40729],[88.68603,26.41217],[88.68107,26.41255],[88.68153,26.40854],[88.66777,26.40724],[88.65955,26.41638],[88.6468,26.41703],[88.64502,26.41986],[88.65108,26.4205],[88.64978,26.4295],[88.63727,26.42959],[88.62377,26.43506],[88.62315,26.43831],[88.62831,26.4408],[88.62289,26.47102],[88.59609,26.46951],[88.59488,26.45221],[88.58431,26.45035],[88.58261,26.45571],[88.56493,26.45759],[88.56034,26.46097],[88.55214,26.47695],[88.55679,26.48543],[88.52632,26.4807],[88.52748,26.48741],[88.51946,26.49826],[88.52136,26.51058],[88.51062,26.51076],[88.50804,26.51632],[88.50035,26.51254],[88.49034,26.51235],[88.48963,26.5319],[88.48212,26.53065],[88.48327,26.5415],[88.47663,26.54204],[88.47587,26.54451],[88.46253,26.54379],[88.45881,26.5472],[88.45599,26.53663],[88.4481,26.53535],[88.44334,26.53937],[88.44304,26.54419],[88.43726,26.54412],[88.43215,26.54854],[88.42257,26.56621],[88.41795,26.62169],[88.41458,26.62246],[88.4164,26.63152],[88.4101,26.63418],[88.39834,26.62462],[88.39673,26.61813],[88.38693,26.6108],[88.3894,26.6061],[88.39959,26.60246],[88.38777,26.59978],[88.37658,26.5929],[88.3745,26.5802],[88.37038,26.57654],[88.3713,26.56144],[88.35746,26.54359],[88.35891,26.52878],[88.35157,26.52192],[88.35075,26.51091],[88.33212,26.49495],[88.33159,26.48195],[88.34087,26.47793],[88.3404,26.46905],[88.34701,26.46834],[88.34777,26.45991],[88.35511,26.44938],[88.36128,26.45471],[88.35898,26.45755],[88.36081,26.46613],[88.36567,26.47165],[88.36223,26.47378],[88.36019,26.48373],[88.36299,26.48673],[88.37468,26.48807],[88.37581,26.48384],[88.38628,26.48275],[88.38816,26.47839],[88.40578,26.48447],[88.40557,26.4806],[88.41951,26.46585],[88.42278,26.47276],[88.42831,26.47294],[88.43524,26.46653],[88.45814,26.46669],[88.48548,26.46031],[88.47928,26.45374],[88.48068,26.45055],[88.48777,26.44964],[88.4859,26.44624],[88.49213,26.44323],[88.49706,26.43531],[88.49023,26.43106],[88.49813,26.42693],[88.49402,26.41867],[88.50325,26.41667],[88.49607,26.40869],[88.50058,26.40795],[88.50245,26.4035],[88.50937,26.40843],[88.50973,26.40246],[88.50442,26.39868],[88.51192,26.38803],[88.51996,26.39028],[88.5156,26.386],[88.51365,26.37416],[88.51701,26.37058],[88.52433,26.37343],[88.5216,26.36716],[88.51517,26.36651],[88.51478,26.36414],[88.52363,26.36186],[88.51659,26.35389],[88.50576,26.35078],[88.50858,26.36156],[88.50568,26.36369],[88.50187,26.35973],[88.48822,26.36036],[88.49106,26.3504],[88.48839,26.34893],[88.48075,26.35071],[88.47723,26.35357],[88.47774,26.3575],[88.46529,26.35829],[88.45874,26.36225],[88.45759,26.37646],[88.44447,26.36152],[88.43431,26.33492],[88.41358,26.33739],[88.40435,26.32973],[88.40788,26.32772],[88.40696,26.32374],[88.41561,26.3244],[88.41514,26.31531],[88.39828,26.31694],[88.38413,26.3127],[88.38384,26.30886],[88.37965,26.30942],[88.37295,26.30268],[88.37069,26.30539],[88.35783,26.28718],[88.34975,26.28274],[88.3484,26.26805],[88.35191,26.26748],[88.34846,26.25061],[88.35995,26.24132],[88.35452,26.2367],[88.35594,26.23228],[88.35065,26.22927],[88.35366,26.22613],[88.34996,26.22478],[88.35072,26.22048],[88.33114,26.21557],[88.32333,26.20985],[88.32515,26.20457],[88.30781,26.20379],[88.29879,26.19673],[88.29172,26.20199],[88.28238,26.19403],[88.27972,26.19518],[88.27627,26.18857],[88.26728,26.18624],[88.2547,26.18823],[88.25255,26.18584],[88.24739,26.19014],[88.24191,26.18881],[88.23577,26.18184],[88.23602,26.17615],[88.23292,26.17279],[88.22763,26.17327],[88.22259,26.16593],[88.21357,26.16966],[88.21209,26.16741],[88.21627,26.16467],[88.20635,26.15919],[88.20113,26.15886],[88.19751,26.16341],[88.19621,26.15918],[88.17737,26.14789],[88.17696,26.14114],[88.18007,26.13937],[88.17404,26.13001],[88.17807,26.12243],[88.1733,26.11843],[88.17304,26.1115],[88.16311,26.10613],[88.16341,26.10051],[88.15847,26.09518],[88.16514,26.08649],[88.15954,26.08311],[88.1591,26.07937],[88.16246,26.07745],[88.16845,26.08314],[88.17325,26.07575],[88.18233,26.07373],[88.18119,26.06888],[88.18552,26.06345],[88.17575,26.05771],[88.17767,26.04919],[88.16987,26.04693],[88.17467,26.04107],[88.17187,26.03219],[88.1817,26.03025],[88.18227,26.02548],[88.17743,26.02169],[88.15035,26.01862],[88.14824,26.01433],[88.13963,26.01212],[88.14328,26.00872],[88.14352,26.00032],[88.14017,25.99701],[88.13571,26.00049],[88.12951,25.99687],[88.13096,25.98963],[88.12766,25.97648],[88.11932,25.97253],[88.11972,25.96915],[88.12408,25.96765],[88.11566,25.96292],[88.11429,25.95874],[88.12193,25.94821],[88.11284,25.9435],[88.11082,25.93411],[88.10148,25.93509],[88.09403,25.9305],[88.08568,25.91675],[88.09361,25.91118],[88.09029,25.90258],[88.09283,25.8996],[88.0896,25.89572],[88.09877,25.89409],[88.1022,25.88946],[88.0938,25.87429],[88.09696,25.87065],[88.10182,25.87181],[88.10341,25.86184],[88.10607,25.86917],[88.11099,25.86727],[88.1136,25.85329],[88.10127,25.84221],[88.10832,25.83775],[88.10195,25.82832],[88.1103,25.82222],[88.10817,25.81696],[88.11998,25.81246],[88.11451,25.79835],[88.13136,25.7983],[88.14419,25.79378],[88.14163,25.7803],[88.15208,25.77581],[88.15995,25.78726],[88.16542,25.78971],[88.17215,25.78687],[88.17537,25.79359],[88.18036,25.79372],[88.18114,25.79959],[88.18526,25.8018],[88.19333,25.8017],[88.20032,25.78962],[88.21018,25.78635],[88.2098,25.79133],[88.21304,25.7907],[88.21194,25.7974],[88.2164,25.8008],[88.23,25.79649],[88.23663,25.81004],[88.24583,25.80627],[88.25039,25.81159],[88.25865,25.81133],[88.25954,25.81389],[88.26923,25.80839],[88.2718,25.78969],[88.26647,25.78329],[88.27832,25.77429],[88.29073,25.7738],[88.28878,25.76801],[88.31702,25.75245],[88.31502,25.74674],[88.3207,25.74517],[88.32109,25.73753],[88.32841,25.74033],[88.33774,25.73773],[88.34416,25.72966],[88.35915,25.72795],[88.35703,25.72138],[88.37549,25.7147],[88.37027,25.70117],[88.37356,25.69766],[88.39144,25.69354],[88.39028,25.68487],[88.4035,25.68607],[88.40191,25.67323],[88.41851,25.66776],[88.42455,25.6705],[88.45424,25.66451],[88.45544,25.62821],[88.44831,25.62333],[88.44502,25.61399],[88.45001,25.60457],[88.4454,25.59715],[88.45696,25.59872],[88.46578,25.59188],[88.47026,25.58325],[88.48385,25.58642],[88.49953,25.58405],[88.49404,25.55893],[88.4972,25.55884],[88.49943,25.55186],[88.50892,25.54469],[88.51381,25.54732],[88.51939,25.54453],[88.51846,25.53895],[88.52307,25.53554],[88.5273,25.54317],[88.53272,25.54213],[88.53296,25.53267],[88.53866,25.53496],[88.53994,25.53294],[88.53711,25.52119],[88.53994,25.51999],[88.53982,25.50871],[88.54589,25.50903],[88.548,25.51767],[88.55246,25.521],[88.55478,25.52081],[88.55339,25.516],[88.55579,25.51418],[88.59546,25.5061],[88.60281,25.51604],[88.6089,25.5165],[88.60924,25.51158],[88.62338,25.49723],[88.64232,25.49978],[88.64861,25.4968],[88.64794,25.49342],[88.64338,25.49302],[88.6467,25.47811],[88.65997,25.48183],[88.6631,25.47315],[88.68767,25.4755],[88.69941,25.47131],[88.71025,25.48142],[88.70915,25.49383],[88.72254,25.50205],[88.74143,25.50505],[88.74256,25.49578],[88.73987,25.48927],[88.74408,25.48811],[88.74824,25.49506],[88.76225,25.49393],[88.76799,25.49849],[88.76984,25.5038],[88.75765,25.50913],[88.76101,25.51569],[88.75874,25.52309],[88.76066,25.52631],[88.7798,25.51598],[88.78582,25.51684],[88.79214,25.52327],[88.81008,25.52364],[88.80768,25.51582],[88.8122,25.49155],[88.8145,25.48819],[88.82897,25.49034],[88.83731,25.4726],[88.83514,25.46349],[88.83959,25.45833],[88.8259,25.44284],[88.83474,25.43087],[88.8343,25.42767],[88.83,25.42742],[88.83032,25.4177],[88.81784,25.4141],[88.81439,25.41021],[88.82322,25.40955],[88.82367,25.40116],[88.83668,25.40174],[88.84107,25.39761],[88.83786,25.38415],[88.84084,25.36397],[88.85443,25.36319],[88.85549,25.35432],[88.86435,25.35518],[88.86456,25.35182],[88.8672,25.35209],[88.8665,25.34298],[88.88508,25.32575],[88.88745,25.32608],[88.88575,25.33464],[88.88833,25.33763],[88.90617,25.33777],[88.9065,25.3271],[88.91556,25.3119],[88.92866,25.31472],[88.92936,25.30422],[88.93915,25.30078],[88.94978,25.3039],[88.95757,25.30087],[88.96034,25.30151],[88.96012,25.30557],[88.96333,25.30554],[88.97124,25.30107],[88.97479,25.30176],[88.97558,25.30622],[88.98576,25.30604],[88.98205,25.30312],[88.98338,25.30076],[88.99295,25.29503],[89.0016,25.29567],[89.00894,25.30307],[89.00609,25.27621],[89.0084,25.26439],[89.00421,25.26422],[89.00396,25.26944],[88.99672,25.26916],[88.98904,25.2741],[88.97486,25.26039],[88.95616,25.25516],[88.95099,25.24445],[88.95419,25.23706],[88.95156,25.23258],[88.95783,25.2233],[88.96125,25.20837],[88.94323,25.20723],[88.93697,25.21103],[88.93445,25.19771],[88.93959,25.19259],[88.94663,25.19402],[88.94347,25.18316],[88.94945,25.18131],[88.94304,25.17286],[88.9332,25.18149],[88.92433,25.17212],[88.92236,25.16509],[88.91166,25.16827],[88.91261,25.17802],[88.90961,25.1802],[88.90069,25.18002],[88.8894,25.18475],[88.88975,25.17933],[88.88725,25.17834],[88.87506,25.17916],[88.8725,25.18965],[88.86406,25.19014],[88.86488,25.20075],[88.84905,25.20139],[88.84823,25.20897],[88.84384,25.2139],[88.84225,25.21089],[88.83755,25.21102],[88.83666,25.20627],[88.83027,25.20538],[88.82606,25.19105],[88.81783,25.18901],[88.81333,25.17437],[88.80588,25.17357],[88.80581,25.17062],[88.77389,25.17967],[88.77241,25.18938],[88.76931,25.18995],[88.76696,25.18332],[88.75909,25.18586],[88.75093,25.17569],[88.74991,25.1816],[88.7425,25.18535],[88.73444,25.18471],[88.73309,25.1986],[88.72442,25.19876],[88.72366,25.20245],[88.71778,25.20211],[88.70908,25.20759],[88.67999,25.20906],[88.67825,25.20297],[88.66895,25.19819],[88.66293,25.20297],[88.64287,25.20643],[88.63077,25.20178],[88.62061,25.20525],[88.61231,25.2039],[88.61152,25.19985],[88.59774,25.19087],[88.58957,25.19364],[88.59095,25.18534],[88.58161,25.18209],[88.57961,25.17691],[88.56394,25.1753],[88.55608,25.17921],[88.55975,25.18449],[88.55745,25.19276],[88.54198,25.19397],[88.54073,25.18909],[88.53393,25.18778],[88.53792,25.19787],[88.50231,25.20314],[88.49929,25.2102],[88.47498,25.21217],[88.46948,25.20013],[88.47182,25.19747],[88.46309,25.19519],[88.44327,25.19751],[88.43757,25.20325],[88.43852,25.19681],[88.44206,25.19888],[88.44282,25.18062],[88.44571,25.17915],[88.44178,25.17421],[88.44924,25.17191],[88.4525,25.16375],[88.45678,25.16488],[88.45993,25.15855],[88.4571,25.15276],[88.46111,25.15187],[88.46097,25.14814],[88.45707,25.14742],[88.46086,25.14431],[88.46042,25.13852],[88.45718,25.13799],[88.4591,25.13517],[88.44132,25.12595],[88.44201,25.11505],[88.44763,25.10977],[88.44398,25.0998],[88.44649,25.08208],[88.4527,25.07918],[88.43533,25.05494],[88.4378,25.04281],[88.45269,25.03733],[88.44577,25.03352],[88.44435,25.025],[88.44071,25.02297],[88.439,25.0175],[88.44143,25.01212],[88.43737,25.01158],[88.4334,25.00563],[88.42895,25.00824],[88.42961,25.01159],[88.42571,25.01157],[88.41809,24.99828],[88.41293,24.99825],[88.41175,24.98534],[88.41892,24.98459],[88.41589,24.97319],[88.41018,24.97353],[88.40508,24.97975],[88.40358,24.97505],[88.39523,24.96917],[88.39362,24.96158],[88.40155,24.9502],[88.39911,24.94565],[88.39347,24.94148],[88.38849,24.94402],[88.38747,24.93978],[88.38172,24.93909],[88.36505,24.94698],[88.36612,24.95235],[88.36313,24.95332],[88.3548,24.94339],[88.35097,24.94478],[88.33992,24.93995],[88.33815,24.92695],[88.33428,24.92546],[88.33588,24.91821],[88.33109,24.92008],[88.32426,24.9175],[88.32859,24.90403],[88.33396,24.90488],[88.3345,24.89823],[88.34051,24.90005],[88.34707,24.89231],[88.33909,24.87852],[88.33432,24.8774],[88.33309,24.87086],[88.32704,24.87026],[88.3218,24.87517],[88.321,24.88378],[88.31784,24.88413],[88.30262,24.87178],[88.29947,24.87932],[88.30081,24.88522],[88.29384,24.8894],[88.27866,24.8889],[88.27764,24.89727],[88.27011,24.89324],[88.26681,24.87971],[88.25912,24.87839],[88.26207,24.88222],[88.25975,24.88307],[88.26468,24.9114],[88.25363,24.93117],[88.22536,24.96114],[88.20599,24.96108],[88.19013,24.95189],[88.1837,24.95409],[88.17521,24.94634],[88.17016,24.95041],[88.16491,24.94625],[88.16449,24.94145],[88.15922,24.9394],[88.15737,24.93351],[88.14998,24.93245],[88.14544,24.93674],[88.13789,24.93631],[88.14001,24.914],[88.14729,24.91234],[88.15342,24.90667],[88.1548,24.89894],[88.1617,24.89747],[88.16191,24.89282],[88.16519,24.89541],[88.16893,24.89298],[88.16862,24.89007],[88.16063,24.88909],[88.15769,24.89238],[88.15315,24.88612],[88.15534,24.88161],[88.16364,24.87799],[88.159,24.87195],[88.16634,24.86251],[88.17567,24.86276],[88.17502,24.86022],[88.16204,24.85824],[88.16371,24.85068],[88.14412,24.8493],[88.14029,24.8334],[88.13457,24.83404],[88.13374,24.83098],[88.1368,24.80546],[88.13052,24.80505],[88.12349,24.82316],[88.11119,24.81311],[88.10619,24.80282],[88.10606,24.7797],[88.08896,24.78299],[88.07784,24.76914],[88.07242,24.77301],[88.06827,24.76923],[88.07105,24.76786],[88.06879,24.76383],[88.07448,24.76086],[88.06567,24.75076],[88.07239,24.74369],[88.06211,24.72092],[88.05365,24.71093],[88.05194,24.71244],[88.03918,24.70167],[88.00861,24.66782],[88.02784,24.6496],[88.03624,24.64583],[88.06919,24.60335],[88.09535,24.55851],[88.14156,24.51074],[88.17328,24.49325],[88.18485,24.48178],[88.19136,24.46846],[88.20348,24.46],[88.25897,24.44724],[88.27243,24.44032],[88.28488,24.42231],[88.33389,24.38152],[88.35693,24.3737],[88.37921,24.37423],[88.38797,24.37153],[88.42567,24.38324],[88.44497,24.37891],[88.50741,24.34413],[88.52649,24.34477],[88.55507,24.29341],[88.56832,24.3272],[88.58705,24.32538],[88.58774,24.31459],[88.60359,24.31019],[88.60611,24.3103],[88.60671,24.31528],[88.62394,24.31558],[88.62787,24.30477],[88.64869,24.31154],[88.65245,24.30518],[88.65868,24.31503],[88.69871,24.3137],[88.71037,24.31008],[88.72527,24.29748],[88.7354,24.27908],[88.74032,24.25526],[88.73144,24.17201],[88.74051,24.16227],[88.74609,24.14698],[88.70708,24.11928],[88.69868,24.12066],[88.70858,24.09339],[88.721,24.0798],[88.72478,24.06783],[88.7291,24.065],[88.73383,24.06672],[88.74218,24.05676],[88.74197,24.04863],[88.72359,24.04611],[88.72527,24.04096],[88.74084,24.0359],[88.73107,24.01189],[88.72939,23.9949],[88.73777,23.99645],[88.74522,24.00619],[88.75774,24.007],[88.76323,24.00416],[88.76357,23.9927],[88.76946,23.98252],[88.74458,23.98556],[88.73567,23.97955],[88.73718,23.97101],[88.73559,23.96307],[88.73232,23.96132],[88.74132,23.95231],[88.73868,23.94974],[88.74218,23.93267],[88.73486,23.9331],[88.73332,23.91114],[88.72975,23.91109],[88.73049,23.91384],[88.7248,23.91302],[88.72289,23.91649],[88.71514,23.91623],[88.7129,23.91266],[88.70647,23.91584],[88.69946,23.91112],[88.70232,23.90061],[88.68831,23.90164],[88.68282,23.88877],[88.67531,23.88407],[88.66419,23.88255],[88.66351,23.87696],[88.6668,23.87222],[88.66058,23.86884],[88.65318,23.8669],[88.6367,23.87133],[88.62747,23.86521],[88.62421,23.86762],[88.62561,23.87395],[88.61672,23.87684],[88.60876,23.87302],[88.60748,23.86289],[88.59916,23.8696],[88.58768,23.87178],[88.582,23.86252],[88.57663,23.86037],[88.57984,23.85131],[88.58284,23.85448],[88.5903,23.85349],[88.58675,23.83018],[88.60206,23.81757],[88.59544,23.80978],[88.58758,23.81052],[88.59314,23.80617],[88.59189,23.79787],[88.58298,23.79768],[88.58245,23.79155],[88.57796,23.78673],[88.57081,23.78326],[88.55861,23.7863],[88.56252,23.77835],[88.57954,23.7748],[88.58058,23.76546],[88.5805,23.75784],[88.57014,23.74822],[88.57377,23.74275],[88.57398,23.72893],[88.56963,23.72855],[88.56789,23.71483],[88.56479,23.71313],[88.56759,23.68624],[88.57298,23.68513],[88.57487,23.67713],[88.57221,23.67394],[88.57378,23.66689],[88.56941,23.66606],[88.56969,23.66009],[88.56665,23.65689],[88.56278,23.65776],[88.55827,23.64923],[88.56288,23.64728],[88.56225,23.63717],[88.57144,23.6362],[88.57478,23.63913],[88.59378,23.6409],[88.59421,23.61697],[88.58532,23.61635],[88.57976,23.60456],[88.59533,23.602],[88.59719,23.60622],[88.60165,23.60687],[88.60921,23.60063],[88.62106,23.60272],[88.62971,23.60905],[88.64301,23.60874],[88.64386,23.60404],[88.63821,23.59764],[88.63977,23.59075],[88.64454,23.59158],[88.65057,23.58525],[88.64824,23.58008],[88.65478,23.56349],[88.6538,23.55641],[88.65924,23.55334],[88.65952,23.54924],[88.66692,23.54644],[88.67396,23.54865],[88.68287,23.54189],[88.68591,23.53275],[88.69158,23.53075],[88.69126,23.52476],[88.69633,23.52432],[88.6953,23.51762],[88.69971,23.51538],[88.70546,23.51717],[88.71526,23.50844],[88.71871,23.51176],[88.7252,23.51147],[88.73188,23.49641],[88.74425,23.48324],[88.75873,23.47812],[88.76158,23.47966],[88.75597,23.48746],[88.7609,23.49083],[88.76662,23.48218],[88.77405,23.47993],[88.77382,23.48396],[88.76794,23.48769],[88.7703,23.49764],[88.78607,23.50331],[88.78433,23.49986],[88.78733,23.49833],[88.79014,23.50299],[88.80079,23.49729],[88.79461,23.48584],[88.79953,23.48528],[88.79933,23.48149],[88.7935,23.47991],[88.78748,23.46988],[88.79078,23.46295],[88.7904,23.44147],[88.78756,23.44471],[88.78069,23.44163],[88.76459,23.44851],[88.76155,23.42711],[88.75438,23.41652],[88.76066,23.4092],[88.75096,23.40273],[88.74863,23.39742],[88.75432,23.39519],[88.75274,23.38934],[88.75717,23.38624],[88.76286,23.38733],[88.75859,23.37386],[88.76555,23.36944],[88.76494,23.36668],[88.75809,23.35992],[88.74872,23.36259],[88.74354,23.35396],[88.74656,23.35059],[88.74323,23.34885],[88.73454,23.35328],[88.73195,23.35169],[88.73889,23.34259],[88.73279,23.32837],[88.74254,23.32818],[88.74956,23.32167],[88.74523,23.30737],[88.73638,23.30549],[88.73077,23.30891],[88.72869,23.31251],[88.73074,23.31986],[88.72492,23.31802],[88.72738,23.30094],[88.72495,23.29836],[88.71869,23.29864],[88.71996,23.30344],[88.71351,23.30607],[88.70618,23.30464],[88.71248,23.31217],[88.7082,23.31243],[88.69675,23.30304],[88.69849,23.29137],[88.70676,23.29148],[88.71033,23.28863],[88.71116,23.27859],[88.72437,23.27135],[88.71912,23.25482],[88.75206,23.24],[88.75903,23.2419],[88.75998,23.24582],[88.76946,23.24491],[88.7761,23.23638],[88.77437,23.22453],[88.7789,23.22083],[88.80574,23.21882],[88.81145,23.22168],[88.80595,23.23842],[88.80928,23.25518],[88.82912,23.24483],[88.82384,23.23883],[88.82397,23.23395],[88.83559,23.24335],[88.84452,23.23068],[88.85099,23.23096],[88.85106,23.23456],[88.85615,23.23622],[88.87472,23.23413],[88.88364,23.22957],[88.90678,23.23605],[88.91216,23.23398],[88.91688,23.22346],[88.91463,23.2135],[88.9185,23.21344],[88.92118,23.21805],[88.92651,23.21722],[88.92958,23.21611],[88.92992,23.21158],[88.94208,23.20647],[88.96398,23.21473],[88.97598,23.22455],[88.99447,23.21566],[88.99567,23.21054],[88.98641,23.21554],[88.98034,23.21306],[88.98727,23.2059],[88.98008,23.1938],[88.97796,23.18263],[88.97601,23.18194],[88.97435,23.19293],[88.96223,23.19323],[88.95563,23.18208],[88.94617,23.18064],[88.94374,23.17641],[88.93887,23.17737],[88.93265,23.16552],[88.93415,23.16184],[88.92793,23.16345],[88.9324,23.15428],[88.93075,23.1431],[88.92331,23.14544],[88.91917,23.13974],[88.91792,23.12918],[88.91032,23.1299],[88.90013,23.11392],[88.89203,23.10782],[88.88343,23.1113],[88.8812,23.10922],[88.88349,23.10462],[88.87052,23.10166],[88.86916,23.09839],[88.8735,23.09563],[88.87451,23.09003],[88.86691,23.08625],[88.86293,23.07602],[88.87407,23.06588],[88.87489,23.04447],[88.88413,23.04035],[88.87993,23.02681],[88.87214,23.01696],[88.87463,23.01015],[88.88017,23.00843],[88.87535,23.0035],[88.84488,23.00942],[88.85101,23.00238],[88.86339,23.00219],[88.86446,22.98825],[88.87075,22.97921],[88.85669,22.96793],[88.85567,22.95454],[88.85881,22.94385],[88.86096,22.9426],[88.86859,22.95138],[88.8765,22.94894],[88.87953,22.95427],[88.89426,22.95214],[88.89295,22.939],[88.88717,22.93331],[88.89051,22.92768],[88.90833,22.91904],[88.90414,22.91423],[88.89552,22.91244],[88.9005,22.90692],[88.89783,22.89805],[88.90404,22.89476],[88.90936,22.87991],[88.92321,22.87978],[88.92774,22.87262],[88.9396,22.87453],[88.94528,22.88081],[88.95874,22.86022],[88.95836,22.85651],[88.96853,22.84493],[88.96359,22.8213],[88.95661,22.81221],[88.95631,22.80871],[88.96104,22.80941],[88.95824,22.79664],[88.94956,22.79733],[88.9416,22.79099],[88.9374,22.79302],[88.93568,22.783],[88.9285,22.78311],[88.92879,22.78019],[88.92582,22.7798],[88.9264,22.76945],[88.9194,22.77024],[88.91157,22.75737],[88.92142,22.75065],[88.91631,22.73684],[88.91864,22.73108],[88.92468,22.72882],[88.92785,22.71821],[88.94841,22.70536],[88.95609,22.70384],[88.96209,22.69521],[88.96213,22.68486],[88.95491,22.68471],[88.94954,22.68001],[88.94195,22.65952],[88.93568,22.65917],[88.93561,22.65466],[88.93121,22.6512],[88.92611,22.65211],[88.93111,22.64299],[88.93546,22.61753],[88.95477,22.62126],[88.96008,22.6168],[88.95765,22.6086],[88.93909,22.59096],[88.94141,22.57954],[88.93753,22.56047],[88.94307,22.55577],[88.95537,22.55371],[88.96314,22.54632],[88.97812,22.49013],[88.99651,22.46767],[88.98895,22.44017],[88.99862,22.42912],[88.98128,22.41672],[88.96444,22.40959],[88.96326,22.40471],[88.97059,22.39459],[88.96486,22.39054],[88.9642,22.37305],[88.95869,22.36488],[88.94536,22.37147],[88.94648,22.38201],[88.93948,22.38647],[88.93505,22.39656],[88.93932,22.38467],[88.9452,22.37997],[88.94465,22.36994],[88.95386,22.36571],[88.94934,22.35933],[88.95049,22.34259],[88.94533,22.32978],[88.94627,22.31767],[88.94284,22.30973],[88.92714,22.31455],[88.90696,22.3359],[88.8961,22.38132],[88.90225,22.38627],[88.92561,22.3941],[88.92833,22.40102],[88.92058,22.41063],[88.90818,22.41464],[88.90738,22.41722],[88.92091,22.42504],[88.90403,22.44532],[88.90293,22.45614],[88.89795,22.45671],[88.89963,22.44743],[88.90828,22.43265],[88.90252,22.41625],[88.90508,22.41107],[88.92198,22.40186],[88.919,22.39662],[88.89671,22.38543],[88.894,22.37955],[88.89728,22.36638],[88.89457,22.37027],[88.88629,22.37243],[88.87638,22.38619],[88.88242,22.40362],[88.86015,22.41443],[88.85458,22.43328],[88.83567,22.43723],[88.82651,22.43553],[88.82931,22.44824],[88.8139,22.45588],[88.81209,22.46542],[88.81397,22.45073],[88.8279,22.44671],[88.82142,22.43778],[88.82342,22.4317],[88.81706,22.43255],[88.8027,22.44571],[88.7996,22.46324],[88.79334,22.47155],[88.80089,22.45628],[88.80104,22.4465],[88.81649,22.43088],[88.84819,22.43104],[88.85592,22.40881],[88.85231,22.38724],[88.85628,22.37355],[88.86238,22.36383],[88.87626,22.3571],[88.87499,22.3548],[88.87144,22.3587],[88.86369,22.35802],[88.84855,22.36399],[88.83576,22.3595],[88.81845,22.36098],[88.80301,22.3304],[88.81026,22.31359],[88.80356,22.29796],[88.80347,22.2802],[88.79348,22.27748],[88.79146,22.26026],[88.77102,22.2507],[88.76856,22.24249],[88.76068,22.24245],[88.74296,22.22887],[88.74894,22.22108],[88.74597,22.20387],[88.7441,22.19848],[88.73273,22.19539],[88.72061,22.19848],[88.70305,22.20934],[88.68079,22.20893],[88.66721,22.21757],[88.65726,22.21728],[88.65332,22.21127],[88.63651,22.21608],[88.63644,22.222],[88.64049,22.22594],[88.65019,22.22791],[88.65676,22.23415],[88.66411,22.25904],[88.68101,22.27328],[88.68535,22.28945],[88.68075,22.30957],[88.68451,22.31185],[88.68127,22.31806],[88.68233,22.32552],[88.69827,22.3287],[88.69698,22.33592],[88.69369,22.32759],[88.68954,22.32763],[88.68044,22.32991],[88.67829,22.33482],[88.6804,22.33763],[88.67639,22.3378],[88.67807,22.32865],[88.67213,22.32871],[88.66098,22.3453],[88.66982,22.32114],[88.67397,22.32123],[88.67189,22.30838],[88.67615,22.30628],[88.67708,22.29134],[88.67113,22.29178],[88.66718,22.30036],[88.67029,22.29089],[88.67553,22.28929],[88.65515,22.26119],[88.64141,22.23314],[88.63333,22.22795],[88.63085,22.21716],[88.64083,22.20741],[88.66158,22.20848],[88.67286,22.20464],[88.67324,22.20103],[88.66434,22.18516],[88.63987,22.16044],[88.63854,22.15299],[88.63035,22.14947],[88.63158,22.13607],[88.62556,22.12918],[88.61983,22.11174],[88.61263,22.10962],[88.60458,22.13093],[88.60196,22.13173],[88.60284,22.1361],[88.60004,22.13227],[88.60729,22.11392],[88.59763,22.10282],[88.60871,22.10541],[88.60513,22.09412],[88.61092,22.10513],[88.61562,22.1056],[88.61848,22.10171],[88.62627,22.0589],[88.62881,22.05141],[88.63675,22.04593],[88.63533,22.04234],[88.61714,22.02077],[88.60474,22.02269],[88.60254,22.03571],[88.60735,22.04622],[88.60082,22.05504],[88.60347,22.04497],[88.59896,22.03703],[88.59977,22.02235],[88.60414,22.01871],[88.60994,22.01891],[88.61332,22.01295],[88.59885,21.99006],[88.59413,21.98727],[88.58559,21.98903],[88.57741,21.99799],[88.55513,22.00541],[88.54888,22.00199],[88.54079,21.98096],[88.53472,21.98115],[88.52129,21.98951],[88.50117,21.97953],[88.49279,21.97008],[88.49103,21.9598],[88.49767,21.94841],[88.50547,21.94216],[88.50755,21.93004],[88.50121,21.91736],[88.48098,21.90853],[88.47423,21.89636],[88.45963,21.89842],[88.45594,21.90168],[88.46248,21.92067],[88.45352,21.93516],[88.45874,21.9467],[88.46972,21.95433],[88.47005,21.95973],[88.46085,21.9638],[88.44733,21.96431],[88.44934,21.98488],[88.44291,21.99138],[88.44946,21.99724],[88.45108,22.00701],[88.45746,22.01017],[88.44999,22.00856],[88.44921,21.9993],[88.44193,21.98958],[88.44713,21.98516],[88.44485,21.96433],[88.46083,21.96148],[88.46782,21.95692],[88.4521,21.94444],[88.45193,21.92797],[88.45667,21.91969],[88.45014,21.91408],[88.4374,21.91008],[88.43099,21.90305],[88.42083,21.90765],[88.41594,21.90151],[88.41417,21.88943],[88.40958,21.88599],[88.40185,21.88515],[88.39969,21.89019],[88.385,21.8974],[88.38854,21.90625],[88.40614,21.91447],[88.40784,21.9196],[88.40583,21.92554],[88.39421,21.93619],[88.39907,21.95314],[88.37722,21.96259],[88.37532,21.96647],[88.39192,21.97006],[88.37369,21.96841],[88.37254,21.96392],[88.37528,21.96158],[88.39479,21.95318],[88.39282,21.93492],[88.40415,21.92298],[88.40438,21.91834],[88.38257,21.90205],[88.38672,21.88992],[88.39729,21.88468],[88.38917,21.87188],[88.39396,21.85356],[88.38332,21.83666],[88.39153,21.80183],[88.38247,21.79148],[88.36364,21.79769],[88.3632,21.80902],[88.35458,21.83072],[88.3555,21.85439],[88.36601,21.8731],[88.37037,21.89572],[88.36311,21.91534],[88.34768,21.93246],[88.34789,21.94044],[88.34737,21.92886],[88.35954,21.91769],[88.36694,21.89729],[88.35667,21.86185],[88.3503,21.85868],[88.32606,21.86197],[88.30973,21.85566],[88.29682,21.86117],[88.27031,21.85726],[88.25807,21.86083],[88.25455,21.86935],[88.25737,21.85955],[88.26451,21.8564],[88.30066,21.85921],[88.31117,21.84703],[88.30818,21.83663],[88.2955,21.8375],[88.27559,21.83096],[88.25267,21.81144],[88.25476,21.78208],[88.27976,21.75743],[88.27181,21.73071],[88.26753,21.7301],[88.26607,21.73591],[88.27166,21.74487],[88.27327,21.75568],[88.21781,21.76407],[88.21793,21.779],[88.20252,21.81516],[88.19994,21.83629],[88.17097,21.86816],[88.16418,21.88031],[88.17697,21.92708],[88.17304,21.93522],[88.15811,21.94884],[88.15392,21.95994],[88.17588,21.97832],[88.20731,22.02263],[88.22661,22.08453],[88.21616,22.12168],[88.21126,22.12969],[88.20816,22.1552],[88.18783,22.18663],[88.16801,22.19694],[88.13405,22.20143],[88.1131,22.20904],[88.08904,22.20817],[88.06957,22.21178],[88.083,22.23254],[88.09075,22.26879],[88.10281,22.28982],[88.10459,22.30603],[88.10122,22.33463],[88.10808,22.37886],[88.13923,22.39795],[88.14612,22.41],[88.14459,22.42675],[88.12964,22.44384],[88.1215,22.46526],[88.14291,22.47451],[88.16341,22.47539],[88.17064,22.47882],[88.20359,22.50921],[88.21556,22.51543],[88.23887,22.51924],[88.24629,22.52793],[88.24304,22.5519],[88.23224,22.55275],[88.23173,22.54272],[88.23829,22.53263],[88.23756,22.52826],[88.19866,22.51529],[88.16931,22.48539],[88.1302,22.47949],[88.12047,22.47505],[88.11543,22.46788],[88.11411,22.45862],[88.11842,22.44366],[88.13676,22.41728],[88.13631,22.41316],[88.12654,22.40306],[88.10345,22.38906],[88.08877,22.37024],[88.08619,22.35944],[88.09103,22.34087],[88.09006,22.30535],[88.07899,22.28586],[88.07178,22.24755],[88.04931,22.21976],[88.02528,22.22275],[87.99414,22.23852],[87.97779,22.25406],[87.95945,22.28198],[87.95826,22.35072],[87.94451,22.40461],[87.93773,22.4154],[87.92211,22.42971],[87.90969,22.43506],[87.89307,22.43477],[87.88681,22.43755],[87.88558,22.43378],[87.89742,22.42174],[87.91375,22.42075],[87.92832,22.40548],[87.93499,22.3887],[87.93674,22.36038],[87.94602,22.34101],[87.94567,22.33072],[87.93368,22.31611],[87.93506,22.27491],[87.93198,22.26901],[87.93403,22.26436],[87.9585,22.24362],[87.96871,22.23944],[87.97481,22.22267],[87.98291,22.21413],[88.00881,22.2011],[88.02456,22.19984],[88.03264,22.20931],[88.04837,22.20548],[88.06155,22.19278],[88.07643,22.18689],[88.0908,22.18615],[88.09276,22.18974],[88.10605,22.19158],[88.13585,22.18507],[88.15318,22.15766],[88.19193,22.11465],[88.19285,22.11001],[88.18835,22.10026],[88.16728,22.07428],[88.14865,22.05948],[88.12594,22.05062],[88.08374,22.02182],[88.0609,22.01386],[88.03662,22.03538],[88.02746,22.0478],[88.02875,22.05397],[88.03346,22.05626],[88.03199,22.06296],[88.01718,22.07721],[87.99724,22.08969],[87.9925,22.10388],[87.97137,22.10439],[87.9567,22.09985],[87.93913,22.11668],[87.91269,22.13073],[87.892,22.13651],[87.88293,22.14442],[87.873,22.14717],[87.86478,22.15764],[87.85321,22.16427],[87.83302,22.16283],[87.82778,22.16401],[87.82877,22.16787],[87.8228,22.16417],[87.83633,22.16127],[87.84905,22.16249],[87.86338,22.15508],[87.87271,22.14383],[87.88401,22.13952],[87.89281,22.132],[87.92479,22.12166],[87.95364,22.09742],[87.9713,22.09435],[87.98155,22.09854],[87.98976,22.08716],[88.00955,22.07211],[88.01726,22.04992],[88.01665,22.0422],[88.0357,22.02251],[88.05001,22.01573],[88.05258,22.00928],[88.0361,21.98183],[88.01255,21.93152],[88.00634,21.91173],[87.9994,21.90482],[87.98065,21.86658],[87.94634,21.82944],[87.9114,21.7981],[87.8918,21.7946],[87.87984,21.8002],[87.87197,21.82084],[87.87561,21.82958],[87.87213,21.84633],[87.88187,21.86044],[87.87833,21.8687],[87.87269,21.87092],[87.8688,21.86669],[87.86109,21.86737],[87.85656,21.87242],[87.86268,21.88114],[87.86191,21.88938],[87.83614,21.8935],[87.83408,21.89596],[87.83799,21.90367],[87.8341,21.89905],[87.8342,21.89261],[87.86025,21.88862],[87.86019,21.87935],[87.85491,21.8732],[87.85723,21.86842],[87.86493,21.864],[87.87351,21.8695],[87.87939,21.86097],[87.87021,21.84892],[87.87176,21.83114],[87.86893,21.81983],[87.87517,21.80254],[87.88283,21.79221],[87.88222,21.78242],[87.86765,21.76705],[87.86625,21.7632],[87.87232,21.76355],[87.79163,21.70101],[87.79673,21.70137],[87.81969,21.71851],[87.82576,21.71938],[87.8191,21.7113],[87.78621,21.69241],[87.76281,21.69548],[87.75981,21.7009],[87.75125,21.69746],[87.7501,21.6882],[87.75657,21.68907],[87.75284,21.68522],[87.71831,21.668],[87.67362,21.65273],[87.64606,21.64821],[87.64169,21.65711],[87.65547,21.65989],[87.65662,21.66993],[87.66156,21.66669],[87.66212,21.66862],[87.65581,21.6725],[87.65356,21.66221],[87.64529,21.66109],[87.64187,21.66767],[87.63761,21.66833],[87.64239,21.66045],[87.63438,21.65405],[87.63201,21.64749],[87.5631,21.6328],[87.55291,21.63387],[87.55155,21.63799],[87.54794,21.63041],[87.47543,21.6063],[87.44696,21.60101],[87.41012,21.58587],[87.40707,21.5806],[87.38035,21.57127],[87.37539,21.57218],[87.371,21.57811],[87.34898,21.57649],[87.33481,21.58154],[87.31705,21.58067],[87.30922,21.58777],[87.31103,21.59626],[87.33294,21.60626],[87.34191,21.61731],[87.34677,21.63069],[87.34405,21.64666],[87.33043,21.65248],[87.32646,21.66189],[87.32219,21.6646],[87.30511,21.66219],[87.30457,21.66914],[87.31493,21.68071],[87.31124,21.69385],[87.30766,21.6945],[87.28862,21.67986],[87.30876,21.69257],[87.31383,21.682],[87.30292,21.66992],[87.30291,21.66219],[87.31364,21.65844],[87.32412,21.66293],[87.32602,21.65236],[87.34321,21.64229],[87.34124,21.6253],[87.3331,21.61488],[87.30374,21.60142],[87.29848,21.58701],[87.30135,21.57555],[87.30877,21.57013],[87.33053,21.57395],[87.3528,21.56528],[87.36654,21.55366],[87.35168,21.55459],[87.3569,21.54995],[87.38056,21.54796],[87.38676,21.5513],[87.38441,21.54602],[87.28947,21.55394],[87.20716,21.54544],[87.17549,21.53633],[87.12786,21.51075],[87.12621,21.51372],[87.13295,21.51899],[87.12498,21.52337],[87.13172,21.51899],[87.12621,21.515],[87.12236,21.5217],[87.10832,21.51695],[87.10186,21.52107],[87.10145,21.53086],[87.0932,21.52803],[87.09251,21.5391],[87.08192,21.54349],[87.08027,21.54864],[87.07504,21.5498],[87.07201,21.54684],[87.07216,21.55611],[87.07064,21.54671],[87.07752,21.54877],[87.0833,21.54155],[87.09045,21.53962],[87.09154,21.52777],[87.10104,21.52802],[87.10227,21.51862],[87.1097,21.51386],[87.1185,21.51514],[87.11781,21.51153],[87.07308,21.47023],[87.06703,21.47165],[87.06015,21.47873],[87.03979,21.47732],[87.03786,21.46561],[87.02576,21.4678],[87.02397,21.4817],[87.01118,21.49149],[86.99178,21.48866],[86.98532,21.49973],[86.99302,21.50128],[86.99288,21.50771],[86.98945,21.50964],[86.98215,21.50642],[86.98133,21.49175],[86.98284,21.50488],[86.99082,21.50797],[86.99137,21.50243],[86.98339,21.49999],[86.98903,21.48917],[86.99412,21.48595],[87.00045,21.48956],[87.01146,21.48891],[87.02232,21.48016],[87.02232,21.4714],[87.02741,21.46484],[87.03924,21.46355],[87.04364,21.46548],[87.04612,21.4732],[87.05355,21.47423],[87.0585,21.47371],[87.06166,21.46496],[86.97955,21.4096],[86.92349,21.34547],[86.9125,21.33735],[86.90715,21.32666],[86.89286,21.31635],[86.88573,21.29807],[86.85555,21.25581],[86.83855,21.22155],[86.83692,21.21099],[86.83376,21.20802],[86.82663,21.21369],[86.82787,21.19553],[86.8187,21.17157],[86.82187,21.16359],[86.82231,21.14054],[86.81874,21.14003],[86.8263,21.13166],[86.82686,21.11905],[86.83334,21.09897],[86.83663,21.0982],[86.84104,21.08198],[86.84488,21.08018],[86.85671,21.05315],[86.86728,21.039],[86.86372,21.03616],[86.86728,21.03513],[86.86633,21.03127],[86.878,21.01325],[86.878,21.00579],[86.88583,20.9906],[86.89447,20.98442],[86.89818,20.97309],[86.89654,20.9646],[86.90134,20.96074],[86.90012,20.9467],[86.90807,20.94735],[86.90314,20.93988],[86.91191,20.94297],[86.92014,20.92907],[86.91411,20.92392],[86.92069,20.92109],[86.93331,20.89083],[86.93742,20.89019],[86.93756,20.89509],[86.9414,20.88994],[86.95867,20.84822],[86.96279,20.79672],[86.958,20.78539],[86.95171,20.78654],[86.9528,20.79195],[86.94075,20.79118],[86.91446,20.79657],[86.90542,20.79631],[86.90049,20.7927],[86.87981,20.799],[86.88076,20.81239],[86.87063,20.81573],[86.86404,20.82976],[86.85637,20.83388],[86.85609,20.83709],[86.86403,20.84096],[86.86581,20.84509],[86.85251,20.85486],[86.84539,20.85485],[86.8436,20.85897],[86.84565,20.86322],[86.85004,20.86336],[86.84797,20.86979],[86.85387,20.86967],[86.86194,20.87598],[86.85289,20.88782],[86.84478,20.91022],[86.85234,20.88757],[86.86112,20.87779],[86.85414,20.8707],[86.84838,20.87172],[86.84962,20.8649],[86.84428,20.86399],[86.84374,20.85485],[86.85251,20.85383],[86.86375,20.84586],[86.85486,20.834],[86.86459,20.82783],[86.86926,20.8147],[86.88063,20.81033],[86.87762,20.80389],[86.87995,20.79642],[86.86955,20.79474],[86.82576,20.77063],[86.81223,20.74769],[86.80348,20.74356],[86.79733,20.73518],[86.78144,20.74366],[86.77268,20.74185],[86.76558,20.73437],[86.75654,20.73887],[86.75488,20.74659],[86.76211,20.76154],[86.75731,20.7708],[86.75292,20.77273],[86.73184,20.76999],[86.72419,20.76393],[86.70982,20.76094],[86.70924,20.7751],[86.67916,20.78832],[86.68017,20.79746],[86.67548,20.81367],[86.68355,20.81884],[86.68135,20.82527],[86.68367,20.82888],[86.68066,20.82424],[86.683,20.82051],[86.67412,20.81264],[86.6788,20.79771],[86.67567,20.79114],[86.6639,20.78867],[86.66212,20.79432],[86.65648,20.79805],[86.64608,20.79662],[86.64348,20.78963],[86.63974,20.79138],[86.63759,20.79879],[86.63465,20.79395],[86.62471,20.79927],[86.61473,20.79485],[86.61361,20.80376],[86.61267,20.795],[86.62855,20.79709],[86.63158,20.79118],[86.63534,20.79235],[86.64172,20.78695],[86.64581,20.7943],[86.65518,20.79612],[86.65978,20.79458],[86.66335,20.78777],[86.67731,20.78832],[86.67924,20.78471],[86.69596,20.77663],[86.70637,20.77561],[86.70735,20.76119],[86.71024,20.75849],[86.72912,20.76355],[86.73376,20.76883],[86.75635,20.76642],[86.75856,20.75664],[86.75159,20.75019],[86.75037,20.74298],[86.756,20.73423],[86.7612,20.73205],[86.77844,20.7398],[86.79387,20.73076],[86.80035,20.73223],[86.80526,20.74022],[86.81566,20.74358],[86.81514,20.7222],[86.79792,20.70506],[86.78538,20.66937],[86.76585,20.6436],[86.76315,20.62299],[86.75085,20.61782],[86.74425,20.63893],[86.75121,20.65001],[86.75132,20.66186],[86.742,20.67601],[86.72734,20.68461],[86.70791,20.68638],[86.69587,20.68327],[86.69051,20.69627],[86.67586,20.70332],[86.65725,20.70303],[86.62718,20.68855],[86.61623,20.68981],[86.60224,20.70021],[86.59458,20.70186],[86.58926,20.69348],[86.58283,20.69166],[86.57748,20.69706],[86.58183,20.70686],[86.56414,20.72033],[86.55566,20.71889],[86.55167,20.71488],[86.54342,20.69556],[86.52809,20.69577],[86.52755,20.69075],[86.52138,20.69872],[86.51509,20.69974],[86.51221,20.69882],[86.50951,20.68748],[86.49747,20.68654],[86.49092,20.68099],[86.48161,20.68186],[86.4679,20.6907],[86.44987,20.68305],[86.44136,20.68933],[86.42441,20.68529],[86.42343,20.69198],[86.42927,20.70152],[86.42747,20.70847],[86.41169,20.71936],[86.39965,20.71958],[86.39429,20.72535],[86.39384,20.7354],[86.38016,20.73251],[86.3678,20.74277],[86.3489,20.7454],[86.33202,20.75577],[86.33075,20.76478],[86.33484,20.76814],[86.33441,20.77226],[86.32878,20.77558],[86.31838,20.77516],[86.30505,20.78682],[86.30104,20.79543],[86.2912,20.79011],[86.28764,20.79177],[86.28265,20.80475],[86.2718,20.81063],[86.27313,20.81939],[86.26678,20.83018],[86.24963,20.8359],[86.23131,20.82989],[86.22449,20.82446],[86.22092,20.82611],[86.21881,20.83666],[86.19596,20.85767],[86.19359,20.86706],[86.18592,20.86535],[86.18172,20.85786],[86.17694,20.85578],[86.1616,20.85545],[86.15648,20.86469],[86.14768,20.86928],[86.14145,20.882],[86.1294,20.88091],[86.11345,20.89022],[86.09837,20.89285],[86.0858,20.88712],[86.06278,20.88776],[86.06007,20.8826],[86.05569,20.88219],[86.05544,20.87833],[86.05955,20.87861],[86.06964,20.88651],[86.08884,20.88327],[86.10194,20.89029],[86.13133,20.87808],[86.13734,20.88172],[86.14091,20.88058],[86.14494,20.86953],[86.15305,20.8657],[86.16106,20.85416],[86.1775,20.85282],[86.18187,20.85451],[86.19003,20.86614],[86.19469,20.86488],[86.19447,20.85612],[86.20794,20.84665],[86.22107,20.82431],[86.24745,20.83306],[86.26583,20.82837],[86.26872,20.82426],[86.26935,20.80804],[86.28019,20.80345],[86.29042,20.78238],[86.29066,20.78856],[86.30049,20.79491],[86.30437,20.78501],[86.314,20.77552],[86.33072,20.77199],[86.33265,20.76813],[86.3287,20.76348],[86.329,20.75807],[86.34013,20.74782],[86.35631,20.74144],[86.36754,20.74058],[86.3777,20.73225],[86.39165,20.73436],[86.39444,20.72201],[86.39965,20.71829],[86.41306,20.71782],[86.42144,20.7118],[86.42721,20.70409],[86.42123,20.69249],[86.42167,20.68631],[86.42523,20.68439],[86.43835,20.68855],[86.4496,20.68138],[86.46819,20.68787],[86.4819,20.67851],[86.49202,20.67932],[86.49884,20.68436],[86.51197,20.68607],[86.51413,20.69792],[86.51905,20.69871],[86.52642,20.68878],[86.53028,20.69501],[86.54096,20.6922],[86.54465,20.69517],[86.54857,20.70935],[86.55622,20.71671],[86.56552,20.7184],[86.57649,20.71071],[86.58034,20.70402],[86.57694,20.6968],[86.58585,20.69013],[86.58587,20.6806],[86.55487,20.66378],[86.55573,20.64911],[86.55314,20.64639],[86.53889,20.6528],[86.55123,20.6451],[86.55669,20.64834],[86.55582,20.66404],[86.58288,20.67544],[86.58683,20.68086],[86.58749,20.69116],[86.59485,20.70032],[86.59951,20.69994],[86.61432,20.68762],[86.62499,20.68571],[86.6734,20.70049],[86.67887,20.6996],[86.69066,20.69241],[86.68657,20.68416],[86.73804,20.67137],[86.74133,20.66481],[86.73039,20.66479],[86.72137,20.65988],[86.71563,20.65434],[86.70964,20.639],[86.68446,20.64514],[86.67571,20.64332],[86.67111,20.62155],[86.66074,20.60994],[86.63092,20.61156],[86.60782,20.607],[86.60948,20.59979],[86.61825,20.59131],[86.61269,20.57327],[86.60314,20.56668],[86.59916,20.57015],[86.59555,20.59203],[86.59199,20.59331],[86.59643,20.57092],[86.6015,20.56539],[86.61597,20.57277],[86.62346,20.58617],[86.61166,20.60289],[86.61397,20.60817],[86.65171,20.60799],[86.66403,20.60364],[86.66977,20.60584],[86.6779,20.64036],[86.68501,20.64334],[86.69843,20.63589],[86.70937,20.63669],[86.72616,20.65899],[86.73285,20.66351],[86.74271,20.66107],[86.74641,20.65361],[86.74396,20.64743],[86.73617,20.64561],[86.73234,20.64123],[86.72894,20.6317],[86.72459,20.61521],[86.72981,20.60414],[86.7234,20.59705],[86.71191,20.59433],[86.71098,20.58222],[86.71438,20.59407],[86.72094,20.59421],[86.74908,20.61254],[86.76548,20.61733],[86.77216,20.63021],[86.7731,20.64464],[86.80648,20.64377],[86.81524,20.63644],[86.81989,20.63825],[86.8233,20.64547],[86.81466,20.66323],[86.80344,20.66875],[86.79688,20.66475],[86.79728,20.67145],[86.8037,20.67545],[86.82998,20.67148],[86.84122,20.65115],[86.84532,20.65077],[86.8661,20.6634],[86.88087,20.67668],[86.89264,20.67218],[86.9003,20.67283],[86.89729,20.66613],[86.8869,20.66638],[86.89018,20.66368],[86.88362,20.65994],[86.88034,20.65324],[86.88226,20.64796],[86.87442,20.64277],[86.88254,20.6374],[86.89676,20.65132],[86.89922,20.64926],[86.89594,20.64398],[86.9036,20.64476],[86.90606,20.64888],[86.91017,20.64502],[86.92795,20.64078],[86.92877,20.64503],[86.93151,20.64258],[86.94874,20.65225],[86.9523,20.65096],[86.95066,20.64851],[86.94573,20.64851],[86.94163,20.64181],[86.96789,20.66216],[86.975,20.66191],[86.88339,20.60367],[86.87463,20.60418],[86.8719,20.6083],[86.87271,20.61538],[86.88529,20.61861],[86.88707,20.61281],[86.88857,20.61977],[86.89869,20.62608],[86.87378,20.64281],[86.86968,20.64216],[86.86095,20.61666],[86.85247,20.61459],[86.84523,20.60583],[86.84906,20.59991],[86.84141,20.59475],[86.84115,20.58471],[86.83718,20.58625],[86.82352,20.57387],[86.82667,20.56898],[86.83091,20.57362],[86.85141,20.58124],[86.78857,20.53855],[86.77738,20.52129],[86.77331,20.5048],[86.77003,20.50351],[86.76019,20.50401],[86.761,20.50813],[86.76783,20.5102],[86.77342,20.51845],[86.77355,20.52424],[86.76918,20.52127],[86.76469,20.51045],[86.75731,20.50812],[86.75757,20.51791],[86.74813,20.52498],[86.73938,20.52394],[86.73007,20.53513],[86.73347,20.54517],[86.71896,20.55339],[86.71046,20.56574],[86.71141,20.57038],[86.70895,20.5696],[86.70924,20.56342],[86.71677,20.55365],[86.72937,20.54465],[86.72679,20.53357],[86.73336,20.52818],[86.73666,20.51891],[86.75129,20.51249],[86.74367,20.49368],[86.73916,20.49522],[86.73945,20.48595],[86.74792,20.48468],[86.75187,20.49498],[86.75008,20.50013],[86.75226,20.50361],[86.75582,20.50194],[86.74358,20.46832],[86.73891,20.47822],[86.72169,20.48129],[86.70476,20.47508],[86.69464,20.48047],[86.68687,20.47067],[86.68974,20.46771],[86.70286,20.46877],[86.71323,20.4778],[86.73413,20.4759],[86.72855,20.4643],[86.72459,20.46301],[86.72501,20.46095],[86.73169,20.46431],[86.72571,20.44704],[86.73178,20.41666],[86.72536,20.41408],[86.72552,20.39991],[86.71446,20.3999],[86.70693,20.41147],[86.70568,20.42139],[86.69068,20.40951],[86.68616,20.41401],[86.69531,20.41712],[86.69338,20.42703],[86.68271,20.43036],[86.67889,20.42868],[86.67697,20.43537],[86.66414,20.42762],[86.6719,20.44051],[86.66875,20.44411],[86.66493,20.4432],[86.66194,20.43624],[86.65879,20.43765],[86.66027,20.44847],[86.65399,20.44679],[86.65315,20.45528],[86.64113,20.45346],[86.63897,20.44624],[86.63295,20.44752],[86.63063,20.44506],[86.63502,20.43838],[86.61907,20.4274],[86.61087,20.42635],[86.60867,20.43304],[86.5983,20.42967],[86.59992,20.43573],[86.59718,20.43778],[86.59283,20.43146],[86.58627,20.43157],[86.58397,20.42333],[86.5807,20.42177],[86.57973,20.42563],[86.5688,20.42702],[86.56756,20.43153],[86.56853,20.42599],[86.57536,20.42652],[86.58056,20.42074],[86.58439,20.42204],[86.58818,20.43171],[86.59721,20.42889],[86.60922,20.43163],[86.60923,20.42622],[86.62016,20.42611],[86.63489,20.43632],[86.63323,20.44649],[86.6417,20.44535],[86.64059,20.45178],[86.64961,20.45206],[86.65248,20.45181],[86.65126,20.44485],[86.65687,20.44254],[86.65757,20.43611],[86.66494,20.43612],[86.66466,20.44179],[86.6693,20.44257],[86.67054,20.43948],[86.66386,20.43251],[86.66387,20.42633],[86.67438,20.43047],[86.69201,20.42638],[86.69367,20.41763],[86.6848,20.41453],[86.68713,20.40886],[86.69423,20.40888],[86.70523,20.41962],[86.7042,20.4107],[86.70749,20.40529],[86.6967,20.40566],[86.69179,20.40218],[86.69344,20.39664],[86.68251,20.39752],[86.67283,20.38952],[86.67366,20.38437],[86.66997,20.38475],[86.67119,20.389],[86.66696,20.39015],[86.66847,20.38488],[86.67407,20.38309],[86.67378,20.38978],[86.67747,20.3885],[86.67815,20.39288],[86.68442,20.3974],[86.69562,20.39652],[86.69506,20.40386],[86.70845,20.40324],[86.71338,20.39552],[86.72158,20.39218],[86.70866,20.36203],[86.71031,20.35405],[86.70172,20.35004],[86.68916,20.35208],[86.68753,20.34693],[86.69013,20.34423],[86.67744,20.34163],[86.672,20.32913],[86.64441,20.33757],[86.62857,20.3369],[86.63763,20.33432],[86.63077,20.33304],[86.61601,20.33945],[86.61271,20.34819],[86.59531,20.36876],[86.5953,20.37391],[86.6021,20.38371],[86.60099,20.39066],[86.59318,20.40172],[86.57418,20.40656],[86.56912,20.41157],[86.54834,20.4159],[86.5254,20.41506],[86.51474,20.41787],[86.5022,20.40753],[86.49273,20.40909],[86.49826,20.40301],[86.4931,20.3927],[86.49871,20.38872],[86.50799,20.39068],[86.51644,20.39869],[86.52165,20.39098],[86.55115,20.39041],[86.56344,20.39134],[86.57488,20.40309],[86.58581,20.40131],[86.59306,20.39451],[86.59205,20.36411],[86.60793,20.34715],[86.60849,20.34226],[86.5947,20.34159],[86.58543,20.33744],[86.57887,20.3391],[86.57178,20.33677],[86.5737,20.33252],[86.58243,20.33538],[86.59336,20.33257],[86.60672,20.33878],[86.61957,20.3316],[86.6518,20.32677],[86.67435,20.31355],[86.68148,20.30043],[86.68301,20.28627],[86.68656,20.28435],[86.70621,20.2876],[86.70756,20.29146],[86.71835,20.29071],[86.71685,20.28697],[86.67732,20.26746],[86.67417,20.27055],[86.67743,20.27853],[86.67456,20.27956],[86.67212,20.27453],[86.67034,20.2762],[86.67319,20.28162],[86.67115,20.28136],[86.66639,20.27311],[86.67733,20.25858],[86.6149,20.23579],[86.58656,20.22078],[86.5811,20.22257],[86.56149,20.20952],[86.55631,20.20783],[86.55494,20.21002],[86.5288,20.19514],[86.5103,20.17719],[86.49475,20.18088],[86.49419,20.18385],[86.50072,20.18889],[86.49826,20.1912],[86.50398,20.19353],[86.50069,20.19751],[86.49984,20.20755],[86.50654,20.20448],[86.5086,20.19985],[86.51309,20.20296],[86.51047,20.2117],[86.50392,20.21091],[86.50064,20.21374],[86.50227,20.21709],[86.49927,20.21721],[86.49836,20.2006],[86.50235,20.19198],[86.49825,20.19248],[86.49786,20.18746],[86.49323,20.18461],[86.49014,20.17224],[86.48441,20.17236],[86.4787,20.16577],[86.47556,20.16679],[86.47662,20.17633],[86.46801,20.183],[86.46747,20.1799],[86.47074,20.183],[86.47403,20.17786],[86.47104,20.17348],[86.47007,20.17837],[86.46871,20.17579],[86.47446,20.16988],[86.47516,20.16409],[86.47123,20.15854],[86.47343,20.15237],[86.46568,20.14706],[86.45951,20.15644],[86.46226,20.14898],[86.46813,20.14604],[86.47452,20.15134],[86.47449,20.16087],[86.48469,20.16927],[86.48893,20.16554],[86.48952,20.15164],[86.48545,20.14519],[86.48177,20.14479],[86.48383,20.14055],[86.47867,20.13564],[86.47706,20.12508],[86.47311,20.12481],[86.46628,20.11752],[86.48102,20.12406],[86.48208,20.13359],[86.48916,20.13799],[86.48798,20.1215],[86.48106,20.11376],[86.48461,20.11222],[86.48868,20.11739],[86.48878,20.1282],[86.493,20.12873],[86.49201,20.1416],[86.49524,20.15294],[86.50164,20.15708],[86.5076,20.16895],[86.52285,20.17749],[86.52855,20.18523],[86.53809,20.18834],[86.53944,20.19311],[86.55035,20.19468],[86.5566,20.2014],[86.56696,20.20541],[86.57756,20.21754],[86.58398,20.21756],[86.52722,20.17479],[86.47824,20.10062],[86.43993,20.06238],[86.4375,20.05671],[86.43219,20.05437],[86.43558,20.06005],[86.43163,20.05939],[86.42933,20.05411],[86.42292,20.05756],[86.40875,20.05584],[86.40545,20.06279],[86.39919,20.06212],[86.40004,20.0544],[86.41993,20.05536],[86.41559,20.04956],[86.41859,20.04892],[86.41819,20.04557],[86.41263,20.03834],[86.40307,20.00895],[86.39261,19.99977],[86.38252,20.00425],[86.37932,19.98647],[86.36844,19.98037],[86.34434,19.98067],[86.34182,19.99586],[86.32863,20.02208],[86.32764,20.03057],[86.31588,20.04044],[86.31017,20.03862],[86.29593,20.05337],[86.29226,20.05207],[86.29813,20.04977],[86.2991,20.04566],[86.2871,20.0469],[86.27464,20.06152],[86.2621,20.06212],[86.25014,20.05576],[86.24262,20.03152],[86.23037,20.02876],[86.22042,20.03091],[86.22163,20.03297],[86.21426,20.03706],[86.20519,20.05195],[86.18554,20.05805],[86.17029,20.07986],[86.16336,20.10198],[86.15376,20.11301],[86.15422,20.12923],[86.1666,20.15916],[86.16573,20.16946],[86.15164,20.1774],[86.12577,20.17017],[86.07602,20.19077],[86.09299,20.1803],[86.12551,20.16914],[86.15029,20.17608],[86.16348,20.16762],[86.16067,20.14677],[86.15579,20.14212],[86.15015,20.12561],[86.1491,20.11839],[86.15325,20.10631],[86.15951,20.10253],[86.16532,20.09194],[86.16756,20.07238],[86.17214,20.06571],[86.18528,20.0547],[86.19975,20.04935],[86.21702,20.02832],[86.22167,20.02589],[86.24292,20.02611],[86.24785,20.02098],[86.26503,20.0168],[86.27784,20.01789],[86.28571,20.02397],[86.29524,20.02633],[86.31839,20.01328],[86.31505,20.01172],[86.31658,20.00465],[86.31142,20.00218],[86.32137,20.00067],[86.31923,19.99165],[86.32144,19.98265],[86.33932,19.97422],[86.34084,19.96984],[86.31628,19.94928],[86.33259,19.95604],[86.34262,19.96715],[86.36364,19.95641],[86.37126,19.95721],[86.38798,19.96589],[86.38785,19.96254],[86.29891,19.93556],[86.25298,19.91477],[86.24104,19.90622],[86.13097,19.86992],[86.0671,19.85247],[86.04288,19.85196],[86.04345,19.84836],[86.05624,19.84945],[85.91437,19.81929],[85.91152,19.81889],[85.90547,19.82735],[85.90704,19.81667],[85.81445,19.79136],[85.68504,19.74719],[85.51228,19.66602],[85.5117,19.67078],[85.52364,19.6723],[85.52873,19.68071],[85.54204,19.68172],[85.54933,19.68731],[85.57562,19.69653],[85.58778,19.70513],[85.6471,19.73108],[85.66103,19.74019],[85.65951,19.74276],[85.65273,19.74129],[85.61776,19.72789],[85.60147,19.72519],[85.59906,19.72041],[85.57059,19.7122],[85.55625,19.70333],[85.53768,19.69752],[85.53757,19.69468],[85.52351,19.68671],[85.50589,19.6818],[85.50305,19.6944],[85.51119,19.69653],[85.51169,19.70116],[85.50714,19.70756],[85.5128,19.71328],[85.51101,19.71584],[85.54051,19.73063],[85.54252,19.73386],[85.53771,19.73961],[85.52226,19.73357],[85.51891,19.72826],[85.49715,19.71443],[85.49855,19.71084],[85.50194,19.71164],[85.50954,19.69831],[85.49966,19.69308],[85.50477,19.68463],[85.49451,19.67707],[85.48754,19.66685],[85.46876,19.66926],[85.44412,19.65991],[85.43933,19.66296],[85.43753,19.66655],[85.44048,19.67069],[85.48179,19.70027],[85.49234,19.70551],[85.49998,19.70274],[85.49966,19.70802],[85.49662,19.71366],[85.49092,19.71219],[85.44545,19.69095],[85.42527,19.69772],[85.41607,19.70678],[85.41835,19.70951],[85.4304,19.70124],[85.44597,19.72198],[85.45192,19.72448],[85.47721,19.72418],[85.5019,19.73005],[85.50616,19.73987],[85.53953,19.7489],[85.55759,19.76668],[85.57252,19.76989],[85.57466,19.77377],[85.56632,19.77834],[85.56393,19.78708],[85.56676,19.79019],[85.56305,19.79492],[85.55926,19.79245],[85.55715,19.80067],[85.5618,19.81281],[85.56963,19.81957],[85.56933,19.8381],[85.57314,19.85255],[85.57201,19.85692],[85.56351,19.85296],[85.55752,19.8644],[85.55126,19.86499],[85.55989,19.87395],[85.55525,19.87455],[85.55248,19.88058],[85.54434,19.87794],[85.53953,19.88241],[85.53562,19.8789],[85.51624,19.8844],[85.50194,19.85712],[85.49255,19.85704],[85.4861,19.8481],[85.48532,19.84462],[85.48818,19.84413],[85.48564,19.83986],[85.48276,19.84151],[85.47979,19.85397],[85.47557,19.85355],[85.4683,19.86044],[85.46288,19.85807],[85.46064,19.85033],[85.45347,19.8455],[85.43877,19.84666],[85.4203,19.84315],[85.41102,19.8459],[85.40641,19.85173],[85.38389,19.85094],[85.37889,19.84832],[85.37516,19.84004],[85.35912,19.83925],[85.35211,19.83249],[85.34504,19.8323],[85.3401,19.8235],[85.34222,19.81554],[85.32707,19.80754],[85.32445,19.79838],[85.29614,19.79953],[85.29184,19.79524],[85.27716,19.79458],[85.27479,19.78722],[85.26826,19.78742],[85.2611,19.78233],[85.25851,19.77021],[85.24424,19.76993],[85.24053,19.76102],[85.24737,19.75774],[85.24712,19.75516],[85.24168,19.75575],[85.2394,19.75302],[85.24177,19.74712],[85.23361,19.74769],[85.23221,19.75141],[85.21888,19.75128],[85.21905,19.74844],[85.21177,19.74348],[85.20461,19.72667],[85.19169,19.71522],[85.1931,19.69875],[85.19613,19.69466],[85.20568,19.69193],[85.20387,19.68367],[85.20119,19.68056],[85.18255,19.6782],[85.16158,19.66162],[85.16744,19.66039],[85.16516,19.64569],[85.17526,19.64129],[85.17968,19.63541],[85.17316,19.63496],[85.17323,19.62904],[85.14183,19.61842],[85.1303,19.60569],[85.12528,19.6046],[85.12392,19.59378],[85.13708,19.58284],[85.13935,19.57463],[85.16036,19.56609],[85.15745,19.55924],[85.14676,19.56762],[85.1233,19.56468],[85.12184,19.54973],[85.10187,19.53922],[85.10196,19.53176],[85.0952,19.52911],[85.09603,19.50492],[85.09945,19.50213],[85.11249,19.50149],[85.1157,19.50564],[85.11368,19.51605],[85.11741,19.52201],[85.13162,19.50298],[85.12693,19.49701],[85.12202,19.4761],[85.1256,19.47176],[85.12913,19.47115],[85.14683,19.49],[85.15623,19.48596],[85.14869,19.49363],[85.14942,19.50161],[85.15265,19.50358],[85.15923,19.49837],[85.17611,19.51759],[85.1829,19.51766],[85.19369,19.51185],[85.19455,19.50799],[85.19808,19.50777],[85.19911,19.50083],[85.20505,19.50346],[85.20799,19.50813],[85.20126,19.51501],[85.20754,19.52408],[85.20483,19.52406],[85.20323,19.53279],[85.18907,19.54887],[85.19701,19.54316],[85.21622,19.54927],[85.22836,19.55673],[85.23142,19.55058],[85.24017,19.545],[85.24405,19.55045],[85.23576,19.55101],[85.23707,19.55527],[85.22614,19.56147],[85.21832,19.5565],[85.21585,19.55892],[85.22241,19.56723],[85.20568,19.56976],[85.19611,19.57495],[85.1958,19.57829],[85.18542,19.58385],[85.18457,19.58706],[85.20088,19.58568],[85.22202,19.59039],[85.22319,19.58268],[85.22894,19.57823],[85.2341,19.57919],[85.23621,19.5841],[85.24486,19.58856],[85.25106,19.58038],[85.2547,19.58248],[85.25039,19.5917],[85.2517,19.59686],[85.24312,19.59884],[85.23528,19.58229],[85.22631,19.58349],[85.24015,19.59727],[85.23941,19.60267],[85.2282,19.59638],[85.2398,19.60447],[85.25158,19.62003],[85.23026,19.61931],[85.21663,19.6354],[85.22784,19.64169],[85.2421,19.64273],[85.25006,19.64783],[85.24826,19.663],[85.25133,19.66882],[85.26906,19.66256],[85.29205,19.64694],[85.29743,19.65214],[85.30084,19.65115],[85.30091,19.64419],[85.30381,19.64062],[85.3117,19.6394],[85.31537,19.62656],[85.31909,19.6254],[85.31942,19.62853],[85.31493,19.62939],[85.31224,19.64005],[85.30115,19.64754],[85.30109,19.65372],[85.29672,19.65574],[85.29947,19.66504],[85.29291,19.66896],[85.30879,19.67027],[85.31091,19.66244],[85.3349,19.65597],[85.34367,19.66159],[85.3436,19.66879],[85.34909,19.67631],[85.36237,19.68094],[85.3727,19.68039],[85.37711,19.67412],[85.36796,19.66593],[85.371,19.66003],[85.37303,19.6616],[85.37095,19.66518],[85.38696,19.68181],[85.38307,19.69001],[85.38453,19.69311],[85.41024,19.67764],[85.4115,19.6743],[85.4111,19.65885],[85.40577,19.64876],[85.40547,19.63781],[85.40165,19.63984],[85.39298,19.63693],[85.38583,19.64523],[85.38053,19.65832],[85.37451,19.66251],[85.37183,19.65927],[85.3781,19.65701],[85.37378,19.65452],[85.38105,19.64777],[85.38012,19.64557],[85.36719,19.64713],[85.38424,19.64136],[85.39026,19.62287],[85.36671,19.60065],[85.34149,19.59655],[85.32706,19.59977],[85.32131,19.60371],[85.32754,19.61895],[85.3219,19.62521],[85.31026,19.62098],[85.3167,19.61628],[85.31393,19.60801],[85.31725,19.60212],[85.30556,19.60317],[85.29707,19.60953],[85.29619,19.60295],[85.3107,19.59648],[85.31375,19.59887],[85.32439,19.59524],[85.32469,19.59254],[85.31087,19.58906],[85.31091,19.58481],[85.30284,19.57727],[85.29753,19.56589],[85.30013,19.56386],[85.28977,19.55488],[85.27692,19.54999],[85.27874,19.54499],[85.30839,19.56599],[85.3048,19.57137],[85.30716,19.57989],[85.31259,19.58045],[85.31649,19.57122],[85.31972,19.57382],[85.32237,19.57964],[85.31815,19.58076],[85.31849,19.5872],[85.32472,19.58893],[85.33671,19.58531],[85.34279,19.58846],[85.34342,19.59335],[85.34804,19.59391],[85.34943,19.59058],[85.35507,19.59719],[85.37375,19.60316],[85.38906,19.62055],[85.39772,19.6241],[85.40211,19.62079],[85.41101,19.62731],[85.42864,19.63042],[85.44322,19.64008],[85.46167,19.64358],[85.46893,19.65124],[85.47058,19.64919],[85.48359,19.65329],[85.49195,19.66083],[85.50837,19.66251],[85.37487,19.60021],[85.27041,19.53641],[85.13869,19.44229],[85.09759,19.40608],[85.0855,19.38433],[85.07757,19.37755],[85.0735,19.37776],[85.0695,19.37244],[85.05974,19.37144],[85.05126,19.37727],[85.04341,19.37641],[85.06139,19.36965],[85.06251,19.3667],[85.0682,19.36754],[84.97826,19.31378],[84.89105,19.24188],[84.84635,19.19888],[84.81859,19.16689],[84.80436,19.14716],[84.79412,19.12284],[84.78618,19.11901],[84.78247,19.11304],[84.76871,19.10953],[84.74612,19.11801],[84.73701,19.11017],[84.73537,19.10153],[84.72882,19.09591],[84.72528,19.09716],[84.724,19.10355],[84.72919,19.10789],[84.72454,19.11118],[84.71836,19.09823],[84.72048,19.09131],[84.73027,19.08847],[84.73891,19.0905],[84.74277,19.0854],[84.74577,19.08822],[84.75165,19.08255],[84.75818,19.08688],[84.75962,19.10041],[84.76504,19.09996],[84.78881,19.11505],[84.74981,19.05511],[84.74486,19.05106],[84.73843,19.05583],[84.74528,19.04939],[84.68693,18.97248],[84.67699,18.96785],[84.67397,18.97077],[84.66696,18.96888],[84.66706,18.96193],[84.6706,18.95992],[84.67454,18.96859],[84.67754,18.96683],[84.684,18.96961],[84.68269,18.96651],[84.6013,18.88696],[84.58224,18.8584],[84.57538,18.83747],[84.55875,18.81897],[84.55213,18.79109],[84.49127,18.73983],[84.44207,18.67894],[84.43847,18.67606],[84.43413,18.67729],[84.42724,18.66831],[84.42293,18.66813],[84.42233,18.67211],[84.41472,18.67509],[84.41287,18.67236],[84.41783,18.66574],[84.42871,18.661],[84.43019,18.67003],[84.43798,18.67284],[84.44566,18.68311],[84.43991,18.66115],[84.36711,18.59297],[84.35831,18.57741],[84.35621,18.56464],[84.34359,18.56086],[84.34054,18.55708],[84.3417,18.55169],[84.34496,18.55933],[84.35331,18.56035],[84.35566,18.55678],[84.35327,18.55417],[84.26787,18.48579],[84.19506,18.41871],[84.15371,18.37602],[84.13415,18.34459],[84.13194,18.34765],[84.12903,18.34452],[84.11973,18.34476],[84.12989,18.34144],[84.13128,18.33837],[84.12829,18.33241],[84.12922,18.31673],[84.12407,18.31047],[84.0721,18.27675],[83.94495,18.21318],[83.93902,18.21276],[83.92888,18.21832],[83.91832,18.23881],[83.92172,18.24879],[83.91959,18.25011],[83.91635,18.24193],[83.92058,18.22874],[83.92673,18.21835],[83.93655,18.20997],[83.88892,18.19538],[83.87752,18.1895],[83.87009,18.17958],[83.86193,18.17494],[83.77552,18.14095],[83.68541,18.09269],[83.57121,18.0124],[83.55998,17.9989],[83.56104,17.98834],[83.55757,17.98092],[83.53186,17.95088],[83.47599,17.91698],[83.46265,17.90544],[83.45974,17.90831],[83.45976,17.91989],[83.42921,17.93706],[83.44171,17.92694],[83.45761,17.91966],[83.45849,17.90575],[83.45322,17.90363],[83.45059,17.89838],[83.45612,17.88982],[83.44379,17.87298],[83.42115,17.85834],[83.41268,17.8484],[83.41053,17.83839],[83.41626,17.83472],[83.41622,17.82185],[83.41015,17.81034],[83.38961,17.79128],[83.3843,17.77616],[83.3545,17.75721],[83.34977,17.74517],[83.34406,17.73983],[83.34367,17.73005],[83.34672,17.72744],[83.34304,17.72285],[83.30841,17.7037],[83.30026,17.69633],[83.30318,17.69398],[83.30181,17.69168],[83.29888,17.69403],[83.29506,17.68918],[83.28244,17.68959],[83.2848,17.70629],[83.27995,17.70506],[83.28144,17.69526],[83.27901,17.69426],[83.27265,17.71132],[83.25831,17.71381],[83.25673,17.71666],[83.25322,17.71489],[83.25262,17.71052],[83.26522,17.70793],[83.26247,17.7032],[83.27136,17.7049],[83.27686,17.6939],[83.26854,17.69438],[83.27872,17.6922],[83.28027,17.68755],[83.29608,17.68492],[83.29503,17.67631],[83.28402,17.66537],[83.28261,17.66023],[83.26154,17.65018],[83.25768,17.64224],[83.2363,17.62884],[83.22984,17.6275],[83.22424,17.63027],[83.221,17.62927],[83.22096,17.62567],[83.21265,17.62653],[83.21288,17.62396],[83.21932,17.6235],[83.23425,17.62578],[83.23306,17.61601],[83.23584,17.61327],[83.21551,17.59677],[83.21275,17.59049],[83.17443,17.57405],[83.16246,17.56067],[83.09646,17.54014],[83.08806,17.5325],[83.01798,17.50568],[83.00635,17.49717],[83.00423,17.48766],[82.99489,17.48003],[82.99132,17.47221],[82.95549,17.45866],[82.87756,17.42015],[82.87057,17.41828],[82.87322,17.42869],[82.88027,17.43531],[82.87208,17.43436],[82.86822,17.4241],[82.86408,17.4262],[82.86296,17.42183],[82.87001,17.4161],[82.76013,17.3701],[82.66314,17.32084],[82.56749,17.26521],[82.51305,17.22893],[82.44133,17.17318],[82.37011,17.1071],[82.3649,17.10932],[82.36417,17.10134],[82.3573,17.09495],[82.35315,17.09536],[82.35096,17.08933],[82.31645,17.05607],[82.29266,17.02274],[82.27864,16.9896],[82.28129,16.9852],[82.27577,16.97983],[82.27601,16.97622],[82.2839,16.97591],[82.28307,16.97128],[82.27436,16.97005],[82.26852,16.95618],[82.27016,16.94149],[82.24818,16.93621],[82.24357,16.90688],[82.24696,16.89398],[82.24531,16.86591],[82.24152,16.85975],[82.24483,16.85484],[82.2404,16.85087],[82.2499,16.853],[82.24986,16.84631],[82.24196,16.84507],[82.24179,16.83863],[82.23627,16.83403],[82.23567,16.82373],[82.24981,16.81849],[82.25638,16.80029],[82.2668,16.79919],[82.28159,16.79176],[82.2926,16.77933],[82.3001,16.7807],[82.29933,16.76564],[82.29622,16.75999],[82.30487,16.74764],[82.30063,16.74219],[82.30206,16.73471],[82.31035,16.73466],[82.28763,16.71574],[82.2959,16.71324],[82.29453,16.70874],[82.27128,16.7085],[82.2329,16.72547],[82.23899,16.71732],[82.23552,16.71696],[82.21899,16.72427],[82.18641,16.72961],[82.13529,16.71959],[82.13755,16.71713],[82.13418,16.71226],[82.12615,16.70973],[82.10272,16.72557],[82.09523,16.72548],[82.08102,16.71873],[82.08109,16.70713],[82.07826,16.70277],[82.07532,16.70304],[82.07348,16.70846],[82.06226,16.70865],[82.04749,16.69687],[82.04615,16.69401],[82.05136,16.6957],[82.06572,16.70734],[82.07586,16.70252],[82.07202,16.68529],[82.06558,16.68158],[82.04732,16.68953],[82.04375,16.69638],[82.03173,16.69889],[82.0102,16.72102],[81.99336,16.7211],[81.94608,16.72905],[81.92441,16.72477],[81.91115,16.74762],[81.90289,16.75513],[81.88609,16.76293],[81.88598,16.76808],[81.88185,16.77197],[81.87196,16.77201],[81.87025,16.77949],[81.86651,16.78079],[81.86984,16.77743],[81.86981,16.7715],[81.88264,16.7699],[81.88477,16.76706],[81.88022,16.76759],[81.88394,16.76101],[81.89459,16.75182],[81.90581,16.74971],[81.91285,16.73937],[81.91347,16.72907],[81.92066,16.72362],[81.9308,16.72062],[81.95728,16.7241],[81.95968,16.7219],[81.95377,16.71652],[81.95564,16.71561],[81.95927,16.72036],[81.96581,16.7193],[81.97332,16.72274],[81.9816,16.72167],[81.97917,16.71782],[81.96795,16.71813],[81.9674,16.71543],[81.9821,16.71484],[81.98827,16.7188],[82.00108,16.71475],[82.00452,16.70958],[81.99545,16.71259],[81.98769,16.71031],[82.00157,16.70676],[82.01009,16.70092],[82.02079,16.7019],[82.02184,16.69816],[82.03783,16.69035],[82.04754,16.68077],[82.04816,16.67175],[82.06606,16.67076],[82.0759,16.6626],[82.08472,16.66294],[82.09787,16.67253],[82.10563,16.67455],[82.11614,16.68879],[82.14042,16.68324],[82.15518,16.69244],[82.16755,16.7055],[82.18357,16.70284],[82.21251,16.71349],[82.23307,16.71079],[82.2472,16.70491],[82.25569,16.69559],[82.25791,16.6881],[82.26098,16.66696],[82.25341,16.65361],[82.25857,16.6447],[82.24415,16.64633],[82.23781,16.638],[82.23514,16.63801],[82.23371,16.64291],[82.22568,16.64206],[82.2132,16.63273],[82.20724,16.61886],[82.19477,16.61172],[82.19258,16.60374],[82.1867,16.60287],[82.16297,16.61125],[82.15753,16.61631],[82.16668,16.62733],[82.16032,16.6369],[82.15993,16.65983],[82.16318,16.66753],[82.15934,16.67412],[82.16102,16.6642],[82.15747,16.65082],[82.15899,16.6369],[82.16452,16.62451],[82.15609,16.62095],[82.15619,16.61657],[82.16723,16.60775],[82.1907,16.60105],[82.19664,16.61119],[82.20682,16.61628],[82.21278,16.62887],[82.22889,16.64127],[82.23316,16.64111],[82.23713,16.63504],[82.24226,16.64312],[82.24681,16.64451],[82.26121,16.64017],[82.26572,16.63474],[82.26228,16.64094],[82.27083,16.63998],[82.26755,16.62906],[82.27072,16.6244],[82.25814,16.62087],[82.26036,16.61313],[82.25338,16.60699],[82.25401,16.60081],[82.24413,16.60202],[82.22211,16.58425],[82.19951,16.55759],[82.19361,16.55441],[82.18793,16.54208],[82.19976,16.53338],[82.20845,16.53487],[82.21571,16.54359],[82.24655,16.5635],[82.27824,16.5901],[82.27949,16.59679],[82.29416,16.59412],[82.29659,16.59797],[82.29891,16.5843],[82.29543,16.58329],[82.28894,16.57149],[82.27571,16.57092],[82.25655,16.56061],[82.2652,16.55656],[82.28631,16.55746],[82.22046,16.53416],[82.1005,16.47635],[82.03516,16.44088],[82.03078,16.44464],[82.02849,16.44053],[82.03249,16.43922],[81.96051,16.40465],[81.95562,16.41434],[81.96414,16.43671],[81.96662,16.45267],[81.96395,16.45217],[81.96146,16.46197],[81.96558,16.48539],[81.97448,16.50209],[81.97285,16.52323],[81.95476,16.53825],[81.94776,16.55322],[81.9322,16.56759],[81.92045,16.56893],[81.91228,16.56394],[81.9117,16.55313],[81.92019,16.54072],[81.91653,16.53005],[81.90905,16.52931],[81.89787,16.53722],[81.89444,16.57484],[81.88661,16.58737],[81.88287,16.58558],[81.89112,16.57975],[81.89216,16.57459],[81.88936,16.57564],[81.89278,16.56248],[81.88671,16.54937],[81.89678,16.53284],[81.90638,16.52893],[81.90583,16.52559],[81.9181,16.52399],[81.92365,16.53968],[81.9165,16.5513],[81.91748,16.56057],[81.92979,16.56631],[81.93817,16.55945],[81.94156,16.54269],[81.96069,16.52148],[81.96438,16.51219],[81.95644,16.47333],[81.9599,16.44265],[81.9557,16.43082],[81.94753,16.42365],[81.95018,16.4208],[81.94761,16.4136],[81.95052,16.4074],[81.94927,16.39891],[81.93724,16.39342],[81.88622,16.38347],[81.85255,16.37266],[81.71969,16.30978],[81.72824,16.34878],[81.72566,16.37404],[81.71145,16.39212],[81.70552,16.41172],[81.7061,16.42589],[81.71216,16.44107],[81.72177,16.44077],[81.73477,16.41935],[81.74516,16.41442],[81.75424,16.41451],[81.76414,16.4213],[81.78615,16.45008],[81.78219,16.45087],[81.76149,16.42672],[81.74946,16.41968],[81.73346,16.42399],[81.72415,16.44557],[81.71757,16.44687],[81.71068,16.44335],[81.69779,16.41601],[81.70121,16.40091],[81.71698,16.37046],[81.71358,16.33577],[81.71869,16.3282],[81.71507,16.32023],[81.70932,16.31935],[81.69493,16.32352],[81.68349,16.33154],[81.53652,16.34704],[81.53599,16.35142],[81.55733,16.34608],[81.55961,16.3511],[81.56347,16.34851],[81.56522,16.35443],[81.55697,16.36038],[81.55169,16.38075],[81.5469,16.38566],[81.54702,16.38089],[81.5198,16.38225],[81.51043,16.37171],[81.49575,16.37123],[81.48763,16.37781],[81.48591,16.38477],[81.49644,16.43164],[81.48605,16.38709],[81.48273,16.392],[81.48594,16.39585],[81.47713,16.39394],[81.46428,16.39809],[81.45473,16.40533],[81.43764,16.39866],[81.42632,16.41067],[81.42527,16.41836],[81.42538,16.41015],[81.4339,16.39957],[81.44271,16.39762],[81.45526,16.40391],[81.46325,16.39681],[81.47419,16.39408],[81.48704,16.35489],[81.40096,16.34257],[81.39989,16.34489],[81.41244,16.34706],[81.41458,16.35079],[81.42953,16.35501],[81.43515,16.35886],[81.43382,16.3608],[81.41726,16.35362],[81.40418,16.35493],[81.40683,16.34681],[81.40297,16.34811],[81.40112,16.35764],[81.39085,16.35972],[81.38605,16.3636],[81.389,16.36707],[81.38233,16.3694],[81.37165,16.36633],[81.36016,16.3563],[81.34387,16.35246],[81.32973,16.35532],[81.31946,16.35392],[81.31959,16.3507],[81.31198,16.34929],[81.31317,16.34543],[81.32865,16.34334],[81.3301,16.33535],[81.35185,16.34021],[81.35026,16.34318],[81.33612,16.34243],[81.34066,16.34474],[81.35,16.3455],[81.35519,16.34253],[81.33795,16.32465],[81.36331,16.33298],[81.36078,16.33582],[81.36359,16.33736],[81.36519,16.33542],[81.38227,16.339],[81.38828,16.34272],[81.38869,16.348],[81.39269,16.34478],[81.39135,16.34092],[81.32219,16.31424],[81.26692,16.27837],[81.26533,16.28726],[81.26854,16.29087],[81.28001,16.29008],[81.28281,16.29523],[81.27441,16.29344],[81.27388,16.29807],[81.25815,16.30376],[81.26281,16.29654],[81.26478,16.27438],[81.23593,16.23783],[81.23139,16.23771],[81.23232,16.23243],[81.2092,16.18401],[81.20305,16.16057],[81.2057,16.15207],[81.20236,16.1464],[81.20131,16.16057],[81.20974,16.18762],[81.20414,16.18762],[81.20468,16.19239],[81.19934,16.1866],[81.19319,16.16599],[81.18852,16.16471],[81.18624,16.15337],[81.17958,16.1517],[81.17144,16.13999],[81.17824,16.14127],[81.17955,16.12272],[81.17702,16.12169],[81.18141,16.11705],[81.18193,16.10004],[81.19047,16.1088],[81.19556,16.14074],[81.20236,16.14099],[81.18753,16.10068],[81.17619,16.08845],[81.17418,16.07738],[81.14791,16.04365],[81.1447,16.0318],[81.13738,16.03154],[81.12926,16.04855],[81.1282,16.05706],[81.13421,16.07625],[81.12595,16.07548],[81.12714,16.07097],[81.11822,16.07123],[81.11355,16.06685],[81.09528,16.02925],[81.08955,16.02384],[81.09647,16.01301],[81.10034,16.0152],[81.10659,16.0076],[81.0958,16.00902],[81.07689,16.00259],[81.06916,16.00401],[81.06557,16.01045],[81.0749,16.0308],[81.07384,16.05219],[81.07065,16.05863],[81.06279,16.06134],[81.04813,16.05799],[81.0456,16.06018],[81.04614,16.07203],[81.04094,16.07976],[81.01243,16.09226],[80.99884,16.08853],[81.0043,16.06096],[81.00044,16.05709],[81.00177,16.05349],[80.99218,16.04614],[80.9666,16.04485],[80.95674,16.04768],[80.93756,16.03647],[80.91785,16.03531],[80.91065,16.04406],[80.90625,16.04419],[80.91571,16.03543],[80.92611,16.03248],[80.9373,16.03454],[80.94742,16.04176],[80.99005,16.04279],[81.00124,16.04911],[81.0051,16.05529],[81.00244,16.08337],[81.0047,16.08724],[81.01803,16.08814],[81.04068,16.07693],[81.04441,16.07023],[81.04494,16.05748],[81.06252,16.05863],[81.07091,16.05296],[81.07224,16.029],[81.06211,16.01122],[81.06437,16.00324],[81.07795,15.99769],[81.09314,16.00477],[81.10539,16.00219],[81.10725,15.99755],[81.11072,15.99703],[81.10858,15.99008],[81.11244,15.98518],[81.1123,15.97964],[81.10591,15.98299],[81.10018,15.97617],[81.10617,15.96753],[81.12028,15.96199],[81.12428,15.97049],[81.12974,15.97048],[81.12508,15.96134],[81.09404,15.93804],[81.06753,15.90958],[81.05955,15.90984],[81.05688,15.90417],[81.05076,15.90353],[81.05182,15.90056],[81.03718,15.88601],[81.03744,15.88008],[81.05621,15.89786],[81.06008,15.90765],[81.06554,15.90687],[81.01761,15.85226],[81.00802,15.83732],[81.00643,15.84427],[81.01428,15.8596],[81.00922,15.85754],[81.0031,15.86089],[80.99219,15.8578],[80.98686,15.85381],[80.98633,15.84736],[80.99125,15.84427],[80.98939,15.84092],[80.98633,15.84517],[80.97675,15.84079],[80.97728,15.83345],[80.98021,15.83564],[80.98287,15.83268],[80.97941,15.83242],[80.97555,15.81644],[80.97236,15.81799],[80.97249,15.82855],[80.9673,15.82675],[80.9689,15.82082],[80.95879,15.81902],[80.95919,15.81052],[80.96318,15.80639],[80.96903,15.81052],[80.97343,15.8064],[80.97249,15.80202],[80.97702,15.80176],[80.97995,15.81],[80.98261,15.80975],[80.98088,15.80073],[80.97808,15.80137],[80.97569,15.79738],[80.98021,15.79841],[80.98128,15.79532],[80.97782,15.79274],[80.98873,15.78269],[80.9858,15.77973],[80.97569,15.78514],[80.97183,15.79532],[80.96371,15.8033],[80.93923,15.8127],[80.91793,15.82944],[80.90089,15.83974],[80.89836,15.83781],[80.8949,15.84605],[80.89516,15.86331],[80.91429,15.93237],[80.91162,15.94964],[80.91348,15.97205],[80.90895,15.97746],[80.91001,15.98622],[80.90015,16.00142],[80.90334,16.01611],[80.89933,16.03388],[80.89693,16.03929],[80.8936,16.0398],[80.8888,16.01544],[80.88469,16.01738],[80.88255,16.02331],[80.88341,16.03284],[80.88122,16.02949],[80.88336,16.01558],[80.87429,16.02768],[80.88443,16.0027],[80.88924,15.97771],[80.88898,15.96045],[80.89848,15.94113],[80.90097,15.94164],[80.89179,15.92773],[80.89593,15.90325],[80.89075,15.8816],[80.88251,15.87155],[80.85659,15.82258],[80.82884,15.74604],[80.8295,15.75634],[80.82723,15.75931],[80.82085,15.75299],[80.81458,15.77308],[80.81496,15.79833],[80.81894,15.81019],[80.82493,15.81019],[80.82039,15.82127],[80.82105,15.83054],[80.82957,15.82308],[80.82797,15.82965],[80.83995,15.82644],[80.84686,15.83546],[80.8402,15.84421],[80.81785,15.84317],[80.82156,15.85373],[80.82742,15.85477],[80.83087,15.85967],[80.83417,15.851],[80.84272,15.85143],[80.83699,15.86405],[80.84285,15.86328],[80.84259,15.85864],[80.85057,15.86432],[80.8519,15.86818],[80.84763,15.87462],[80.84657,15.86509],[80.83912,15.86521],[80.83432,15.87783],[80.82486,15.88182],[80.81834,15.89032],[80.82953,15.87731],[80.8282,15.87203],[80.83246,15.87049],[80.83246,15.87384],[80.83525,15.87307],[80.83606,15.86688],[80.80929,15.8809],[80.81649,15.87408],[80.82128,15.87422],[80.81862,15.87125],[80.80743,15.87768],[80.78986,15.88089],[80.78947,15.87457],[80.78401,15.8707],[80.77682,15.87224],[80.77216,15.87868],[80.77321,15.89053],[80.76777,15.8779],[80.76804,15.8712],[80.7723,15.86863],[80.76938,15.86283],[80.73529,15.87619],[80.69402,15.88077],[80.69215,15.88489],[80.69694,15.88554],[80.72703,15.88352],[80.68336,15.88952],[80.69106,15.89996],[80.67935,15.89672],[80.65992,15.89785],[80.65247,15.89205],[80.64075,15.89383],[80.64247,15.90221],[80.63542,15.89666],[80.63544,15.88983],[80.62184,15.90114],[80.631,15.89274],[80.62239,15.88865],[80.6333,15.89111],[80.6353,15.88905],[80.62693,15.88582],[80.60643,15.88424],[80.59659,15.87829],[80.56759,15.87154],[80.5297,15.85355],[80.52381,15.86745],[80.5253,15.85664],[80.53197,15.84737],[80.4655,15.82171],[80.37729,15.77291],[80.34173,15.74627],[80.33588,15.746],[80.33735,15.74278],[80.30725,15.71486],[80.28103,15.68283],[80.27891,15.68128],[80.27384,15.68525],[80.27332,15.68151],[80.26457,15.67517],[80.25984,15.65931],[80.2528,15.65671],[80.24977,15.65013],[80.26172,15.65365],[80.26107,15.64953],[80.24931,15.62913],[80.2372,15.59843],[80.22818,15.59312],[80.23482,15.59353],[80.23428,15.59662],[80.23773,15.59792],[80.22736,15.56258],[80.22796,15.54352],[80.2244,15.53655],[80.21829,15.53692],[80.18952,15.55369],[80.20498,15.54189],[80.22694,15.53399],[80.21704,15.51669],[80.21357,15.51964],[80.20643,15.50944],[80.20311,15.50968],[80.20381,15.50067],[80.19904,15.49807],[80.20091,15.49486],[80.2118,15.49567],[80.21247,15.49348],[80.20102,15.46536],[80.12148,15.3669],[80.1087,15.34289],[80.10531,15.32896],[80.09882,15.32546],[80.10122,15.32173],[80.0986,15.31463],[80.06381,15.31836],[80.09862,15.31013],[80.08356,15.26292],[80.08798,15.22274],[80.08465,15.19465],[80.07526,15.18894],[80.05182,15.20817],[80.04013,15.21301],[80.02449,15.21011],[80.03775,15.21184],[80.04652,15.20814],[80.06144,15.19429],[80.06012,15.19145],[80.07674,15.18302],[80.08481,15.18898],[80.06717,15.15747],[80.05265,15.11181],[80.04774,15.08268],[80.05474,14.99871],[80.06909,14.92818],[80.08601,14.87569],[80.08902,14.82108],[80.08187,14.82182],[80.0807,14.81486],[80.08363,14.81152],[80.07714,14.81253],[80.07609,14.8102],[80.08589,14.80883],[80.08645,14.80277],[80.09319,14.80486],[80.0994,14.77654],[80.11077,14.74696],[80.13045,14.72513],[80.1386,14.7061],[80.12479,14.68569],[80.12093,14.69031],[80.12263,14.6956],[80.11971,14.69817],[80.11548,14.69673],[80.1137,14.71141],[80.11607,14.71426],[80.1169,14.73822],[80.11487,14.73916],[80.10722,14.70881],[80.11376,14.69698],[80.11165,14.69466],[80.12135,14.68387],[80.13314,14.68289],[80.13586,14.69784],[80.1402,14.70301],[80.1331,14.72591],[80.14323,14.70637],[80.16685,14.62169],[80.17218,14.61192],[80.18439,14.60217],[80.17992,14.59416],[80.18946,14.59007],[80.1736,14.58628],[80.16807,14.57905],[80.1691,14.57711],[80.17467,14.58268],[80.18049,14.58373],[80.18552,14.58272],[80.1813,14.57678],[80.16042,14.57155],[80.15011,14.57151],[80.14851,14.57511],[80.13768,14.57018],[80.1369,14.56695],[80.14376,14.57046],[80.17683,14.56955],[80.19426,14.57824],[80.19292,14.5839],[80.19502,14.58932],[80.19727,14.58675],[80.18061,14.51352],[80.16955,14.35785],[80.14574,14.29438],[80.13798,14.25055],[80.1361,14.25827],[80.132,14.26058],[80.12646,14.25849],[80.12126,14.26956],[80.13216,14.28634],[80.13083,14.29085],[80.11676,14.27186],[80.12326,14.26492],[80.12224,14.2559],[80.12886,14.25309],[80.12147,14.25139],[80.10296,14.25635],[80.09338,14.27306],[80.08254,14.27495],[80.07715,14.26784],[80.07931,14.256],[80.07195,14.24695],[80.07184,14.2418],[80.07476,14.23769],[80.08693,14.23477],[80.08615,14.23193],[80.06264,14.2303],[80.04962,14.21672],[80.04497,14.22404],[80.03717,14.2262],[80.03582,14.23393],[80.03665,14.22414],[80.04803,14.2198],[80.04925,14.21092],[80.0371,14.21087],[80.02646,14.19885],[80.03502,14.20429],[80.04244,14.1984],[80.04285,14.19402],[80.03216,14.19436],[80.02454,14.18338],[80.01794,14.18361],[80.02133,14.19496],[80.01709,14.19816],[80.00943,14.19736],[80.00997,14.19453],[80.01868,14.19546],[80.02067,14.19264],[80.01742,14.18077],[80.02561,14.18055],[80.03072,14.18985],[80.04417,14.19428],[80.04296,14.20123],[80.03752,14.20585],[80.05243,14.21003],[80.05727,14.22139],[80.06346,14.22566],[80.06926,14.22736],[80.06533,14.2191],[80.06667,14.21421],[80.07006,14.22479],[80.1012,14.23341],[80.11001,14.24323],[80.11012,14.24916],[80.1228,14.24856],[80.13564,14.24101],[80.1303,14.22012],[80.1274,14.18532],[80.13054,14.12427],[80.12496,14.13172],[80.1273,14.10673],[80.13088,14.10468],[80.12751,14.12194],[80.13094,14.12272],[80.13834,14.0737],[80.12957,14.06706],[80.1223,14.07013],[80.1272,14.06435],[80.14156,14.07123],[80.14347,14.05577],[80.1508,14.03544],[80.14831,14.03028],[80.14954,14.01843],[80.15368,14.00633],[80.15538,14.01072],[80.15759,14.00652],[80.1638,13.97906],[80.16964,13.97083],[80.17033,13.9631],[80.17231,13.96053],[80.17389,13.96234],[80.15601,14.0182],[80.1535,14.0187],[80.15147,14.03338],[80.24295,13.81981],[80.2402,13.81517],[80.21696,13.8254],[80.21725,13.81741],[80.20225,13.80822],[80.20224,13.81157],[80.2079,13.81378],[80.21026,13.81868],[80.20931,13.82666],[80.20167,13.82342],[80.20117,13.81556],[80.19696,13.81361],[80.18115,13.81085],[80.17967,13.82013],[80.1748,13.81779],[80.17652,13.81445],[80.17376,13.81366],[80.17707,13.80904],[80.17156,13.8],[80.16993,13.77732],[80.16101,13.76582],[80.14365,13.75442],[80.13184,13.74176],[80.12814,13.74187],[80.12476,13.7313],[80.13031,13.72552],[80.15931,13.72497],[80.17365,13.76908],[80.18126,13.77968],[80.18278,13.79591],[80.19068,13.80109],[80.19516,13.79995],[80.21518,13.80684],[80.22003,13.81588],[80.21934,13.8236],[80.23678,13.81322],[80.24153,13.81221],[80.24402,13.81544],[80.25284,13.77836],[80.23517,13.69868],[80.23614,13.64328],[80.24281,13.6165],[80.27079,13.55809],[80.30133,13.47159],[80.30898,13.46543],[80.30979,13.45847],[80.30638,13.45511],[80.30865,13.44584],[80.31115,13.44572],[80.30982,13.44997],[80.31377,13.44947],[80.31577,13.44071],[80.31539,13.43349],[80.30644,13.43334],[80.29469,13.44477],[80.29518,13.45766],[80.29388,13.45225],[80.29177,13.45533],[80.29003,13.46551],[80.28142,13.48184],[80.27524,13.52331],[80.26862,13.5336],[80.26512,13.55988],[80.25706,13.56797],[80.25823,13.57429],[80.25151,13.5753],[80.2445,13.58455],[80.2409,13.59665],[80.22466,13.6082],[80.21684,13.62492],[80.20153,13.63158],[80.18911,13.64365],[80.19009,13.66529],[80.1717,13.68585],[80.16063,13.72408],[80.13874,13.72683],[80.129,13.72513],[80.12598,13.72254],[80.12249,13.7041],[80.11906,13.70435],[80.11297,13.71244],[80.11794,13.72238],[80.109,13.71668],[80.09978,13.71587],[80.09898,13.71832],[80.10306,13.71808],[80.10555,13.7235],[80.11596,13.72276],[80.11527,13.731],[80.11816,13.7323],[80.12306,13.72717],[80.12696,13.74006],[80.11919,13.73913],[80.11481,13.74852],[80.11486,13.77068],[80.10832,13.79102],[80.1092,13.80133],[80.12156,13.81129],[80.14585,13.80326],[80.1598,13.80898],[80.15873,13.81284],[80.15135,13.81191],[80.14328,13.82103],[80.14652,13.83509],[80.14297,13.83366],[80.13946,13.81844],[80.13026,13.81171],[80.11837,13.81798],[80.11733,13.81321],[80.10735,13.80338],[80.10615,13.80802],[80.09764,13.79201],[80.0929,13.79122],[80.09091,13.7943],[80.08939,13.81092],[80.0852,13.8051],[80.08169,13.79143],[80.09017,13.78039],[80.08979,13.77678],[80.08504,13.77676],[80.08724,13.75448],[80.07855,13.7511],[80.07432,13.75456],[80.07225,13.74631],[80.06803,13.74526],[80.06238,13.70813],[80.0658,13.70918],[80.07494,13.73086],[80.09497,13.73273],[80.09184,13.72357],[80.08262,13.72161],[80.0861,13.709],[80.09046,13.70515],[80.08955,13.70166],[80.07888,13.70021],[80.07825,13.69428],[80.08591,13.68941],[80.08659,13.68271],[80.08251,13.68231],[80.08334,13.67162],[80.08717,13.66983],[80.08627,13.66545],[80.08152,13.66517],[80.08378,13.66106],[80.08103,13.65577],[80.09565,13.65801],[80.08645,13.65205],[80.09159,13.65078],[80.09082,13.64472],[80.07766,13.64223],[80.07097,13.63421],[80.07119,13.61283],[80.07567,13.61207],[80.07516,13.60833],[80.0699,13.60574],[80.06488,13.60817],[80.07215,13.60252],[80.06636,13.60224],[80.06019,13.59488],[80.05624,13.59589],[80.05424,13.60091],[80.05415,13.59035],[80.05033,13.59085],[80.05154,13.58467],[80.07219,13.55795],[80.08778,13.54589],[80.09098,13.53482],[80.09465,13.54025],[80.09742,13.53846],[80.09976,13.51218],[80.10452,13.50704],[80.10503,13.51143],[80.10936,13.5135],[80.10612,13.49056],[80.11241,13.50888],[80.12847,13.50842],[80.12915,13.5043],[80.1331,13.50276],[80.13691,13.50522],[80.14377,13.50332],[80.14749,13.49354],[80.15299,13.49045],[80.16936,13.48879],[80.17698,13.49222],[80.22534,13.48527],[80.23365,13.47578],[80.24023,13.4758],[80.24341,13.46936],[80.25159,13.46398],[80.26081,13.46297],[80.26385,13.45834],[80.26534,13.44572],[80.26219,13.44314],[80.27525,13.43338],[80.26727,13.41545],[80.27748,13.43493],[80.28143,13.43417],[80.29015,13.42363],[80.2962,13.42623],[80.30055,13.42443],[80.29756,13.41154],[80.29862,13.40716],[80.30389,13.40666],[80.30558,13.41414],[80.30252,13.42392],[80.31515,13.42795],[80.32071,13.41392],[80.31546,13.41107],[80.31574,13.40463],[80.32694,13.39822],[80.32591,13.39229],[80.32262,13.39061],[80.33014,13.38586],[80.33016,13.3771],[80.32518,13.36935],[80.32822,13.36498],[80.32402,13.36007],[80.32456,13.35621],[80.33114,13.35636],[80.32906,13.34759],[80.33314,13.34593],[80.33263,13.34077],[80.32725,13.33586],[80.32936,13.33226],[80.33434,13.34052],[80.33325,13.35417],[80.33862,13.36217],[80.32667,13.35634],[80.32561,13.35827],[80.32954,13.36318],[80.32807,13.37117],[80.33253,13.37685],[80.33225,13.38406],[80.32467,13.41187],[80.32524,13.44357],[80.32086,13.45619],[80.31836,13.45618],[80.31901,13.45953],[80.32138,13.45851],[80.32655,13.44641],[80.33143,13.39488],[80.34501,13.33539],[80.34699,13.28592],[80.34426,13.27277],[80.33928,13.26734],[80.33905,13.25369],[80.33331,13.23576],[80.31767,13.23147],[80.31537,13.25362],[80.32704,13.26834],[80.32451,13.27877],[80.32911,13.28252],[80.32988,13.28845],[80.32668,13.30519],[80.32883,13.28587],[80.32307,13.27864],[80.32625,13.2704],[80.32033,13.26794],[80.32088,13.26188],[80.31445,13.25311],[80.31333,13.23068],[80.3194,13.22323],[80.33332,13.23331],[80.2986,13.1389],[80.29733,13.12266],[80.30169,13.11701],[80.29558,13.09096],[80.30124,13.0884],[80.28777,13.06388],[80.27793,13.01309],[80.2661,13.01576],[80.25953,13.01407],[80.25928,13.01149],[80.27702,13.00948],[80.2683,12.98059],[80.25848,12.92774],[80.25026,12.86277],[80.24872,12.80736],[80.24111,12.80554],[80.23792,12.81841],[80.23849,12.80476],[80.23273,12.79624],[80.23537,12.79315],[80.23396,12.78322],[80.23842,12.78311],[80.23942,12.80089],[80.24834,12.80272],[80.25562,12.78161],[80.20108,12.63121],[80.19969,12.61575],[80.18564,12.57705],[80.17948,12.57716],[80.17198,12.58268],[80.1786,12.60641],[80.17231,12.60226],[80.17273,12.59531],[80.1616,12.58818],[80.16214,12.58342],[80.17975,12.57458],[80.18552,12.57499],[80.16523,12.52158],[80.15518,12.46357],[80.15102,12.45531],[80.14891,12.45685],[80.15335,12.46253],[80.1558,12.47516],[80.14833,12.47501],[80.14677,12.47179],[80.1515,12.46806],[80.14494,12.47049],[80.14311,12.46855],[80.1506,12.46097],[80.13712,12.45539],[80.14802,12.45066],[80.11579,12.40455],[80.04192,12.31321],[80.02811,12.29332],[80.01172,12.2604],[80.0104,12.26285],[80.0057,12.25755],[79.98709,12.25025],[79.97657,12.23595],[79.96728,12.23344],[79.94612,12.2188],[79.94797,12.21442],[79.9561,12.21123],[79.95945,12.22594],[79.96679,12.22532],[79.99917,12.25224],[80.00867,12.25448],[79.90185,12.0903],[79.86962,12.03219],[79.84398,11.96843],[79.82959,11.90575],[79.82657,11.90806],[79.82227,11.90315],[79.82907,11.90472],[79.82974,11.90189],[79.82512,11.88074],[79.81793,11.87903],[79.803,11.88258],[79.79196,11.87989],[79.78599,11.88264],[79.78942,11.87724],[79.80772,11.88041],[79.81742,11.87478],[79.81168,11.87128],[79.82175,11.87274],[79.80134,11.81235],[79.78127,11.70713],[79.77551,11.70891],[79.776,11.71767],[79.77985,11.7338],[79.78612,11.73601],[79.76858,11.73826],[79.7686,11.73478],[79.77842,11.73263],[79.77605,11.70531],[79.7694,11.70244],[79.76916,11.696],[79.76021,11.68101],[79.76115,11.67638],[79.75373,11.66759],[79.74986,11.65649],[79.74244,11.65053],[79.74354,11.63894],[79.73794,11.63376],[79.74109,11.63171],[79.74381,11.63585],[79.74465,11.65234],[79.75195,11.65727],[79.76194,11.67406],[79.76477,11.68542],[79.78024,11.70481],[79.76264,11.63387],[79.75788,11.58721],[79.7596,11.55346],[79.76414,11.53131],[79.77285,11.51125],[79.77225,11.49811],[79.7642,11.48751],[79.73006,11.467],[79.72696,11.46055],[79.72949,11.45025],[79.72701,11.44831],[79.71104,11.45674],[79.69956,11.45347],[79.69332,11.44726],[79.71314,11.45508],[79.72101,11.44661],[79.72676,11.4465],[79.72962,11.44845],[79.73086,11.46495],[79.77437,11.4909],[79.7765,11.4815],[79.77619,11.49426],[79.7797,11.4984],[79.79421,11.46547],[79.79043,11.46391],[79.78491,11.47007],[79.78009,11.46722],[79.78785,11.4554],[79.78812,11.45243],[79.78263,11.45512],[79.78316,11.45228],[79.78892,11.44947],[79.78893,11.44599],[79.78069,11.44944],[79.77848,11.44737],[79.78494,11.43374],[79.77295,11.4275],[79.78514,11.4175],[79.78408,11.42085],[79.78773,11.42215],[79.79063,11.41624],[79.80529,11.40702],[79.8026,11.39464],[79.80354,11.39026],[79.81019,11.39132],[79.80892,11.38204],[79.81209,11.37535],[79.80649,11.37095],[79.81174,11.36517],[79.79422,11.37077],[79.7756,11.38667],[79.76593,11.38998],[79.76163,11.38648],[79.76014,11.3687],[79.75612,11.36391],[79.74126,11.35753],[79.74052,11.34632],[79.73168,11.33881],[79.71508,11.33889],[79.72594,11.33711],[79.73742,11.33948],[79.74378,11.34775],[79.74544,11.35729],[79.75353,11.35746],[79.76356,11.36459],[79.76351,11.37489],[79.77249,11.38305],[79.77798,11.38165],[79.78533,11.37138],[79.79319,11.3669],[79.81516,11.35939],[79.81504,11.35578],[79.80619,11.34904],[79.80713,11.34286],[79.80945,11.35034],[79.82038,11.35812],[79.82434,11.34757],[79.82333,11.34112],[79.82699,11.34011],[79.83028,11.33316],[79.82785,11.32117],[79.82996,11.31461],[79.83257,11.31616],[79.83146,11.33162],[79.82404,11.35878],[79.83779,11.34762],[79.83721,11.29788],[79.84616,11.24612],[79.84411,11.23851],[79.8308,11.23769],[79.82687,11.24076],[79.82662,11.23664],[79.84073,11.23373],[79.83892,11.22844],[79.8487,11.23144],[79.85544,11.17838],[79.85803,11.11603],[79.85263,10.89154],[79.84836,10.88496],[79.83872,10.88222],[79.82331,10.88432],[79.83038,10.88089],[79.85214,10.88407],[79.85241,10.88149],[79.8522,10.83485],[79.84858,10.82633],[79.83946,10.82526],[79.8393,10.82252],[79.85135,10.82647],[79.85172,10.82428],[79.85369,10.68229],[79.8442,10.67697],[79.85371,10.67662],[79.86245,10.49625],[79.83004,10.49497],[79.8251,10.49096],[79.83082,10.49395],[79.8363,10.49255],[79.83207,10.47449],[79.83654,10.46111],[79.83338,10.47269],[79.83802,10.48482],[79.83655,10.49371],[79.8609,10.4947],[79.86247,10.49136],[79.86521,10.4174],[79.87247,10.35274],[79.87706,10.34425],[79.87381,10.34192],[79.87327,10.34707],[79.86924,10.34757],[79.87312,10.31615],[79.87078,10.31562],[79.87593,10.2958],[79.86621,10.2861],[79.84698,10.27727],[79.76112,10.2736],[79.7567,10.27436],[79.75669,10.27706],[79.76085,10.27643],[79.75889,10.27991],[79.76342,10.28637],[79.76966,10.28768],[79.77646,10.27804],[79.78218,10.2778],[79.78853,10.2844],[79.78305,10.28979],[79.78368,10.29366],[79.77874,10.29325],[79.76139,10.30491],[79.75941,10.31199],[79.77012,10.30301],[79.76305,10.31368],[79.74015,10.31321],[79.71017,10.32649],[79.68831,10.32563],[79.66934,10.31911],[79.64486,10.3239],[79.63498,10.32141],[79.63519,10.33288],[79.62693,10.34586],[79.63051,10.36211],[79.62544,10.36118],[79.6213,10.35601],[79.62031,10.34364],[79.61537,10.34233],[79.62214,10.34068],[79.62552,10.34315],[79.6335,10.33171],[79.63079,10.32771],[79.61959,10.32933],[79.60639,10.31176],[79.61005,10.30894],[79.60044,10.30464],[79.55331,10.31229],[79.55107,10.31692],[79.55233,10.32569],[79.55869,10.33126],[79.58629,10.32636],[79.59142,10.34261],[79.58647,10.34452],[79.57659,10.34165],[79.55339,10.35082],[79.51719,10.35684],[79.5172,10.35336],[79.53571,10.34739],[79.53081,10.33693],[79.54258,10.3241],[79.52438,10.32041],[79.52515,10.32454],[79.53164,10.32663],[79.52694,10.33086],[79.51159,10.32924],[79.516,10.33235],[79.50673,10.3394],[79.49893,10.33859],[79.49363,10.3307],[79.48921,10.32991],[79.48657,10.33685],[79.47375,10.33642],[79.48112,10.33412],[79.48507,10.32461],[79.46815,10.32517],[79.46738,10.32272],[79.47756,10.31774],[79.51699,10.31471],[79.51194,10.31069],[79.47082,10.3123],[79.43358,10.31869],[79.43313,10.32926],[79.42885,10.32717],[79.42723,10.33902],[79.42466,10.33282],[79.42501,10.34081],[79.42003,10.348],[79.41042,10.34383],[79.40714,10.32346],[79.40287,10.31919],[79.39142,10.31861],[79.37649,10.31197],[79.36978,10.30292],[79.37161,10.30061],[79.36838,10.29531],[79.36237,10.30043],[79.36749,10.29286],[79.3497,10.2862],[79.33253,10.28508],[79.31645,10.27611],[79.3074,10.26485],[79.29442,10.26014],[79.27216,10.23929],[79.26626,10.22444],[79.27905,10.21691],[79.2779,10.21226],[79.26441,10.20575],[79.26793,10.20345],[79.26446,10.19725],[79.24333,10.18412],[79.24063,10.17908],[79.24209,10.17265],[79.23794,10.17031],[79.2405,10.15409],[79.23181,10.15121],[79.229,10.14115],[79.2301,10.13085],[79.23635,10.12882],[79.23078,10.1257],[79.22619,10.10892],[79.23166,10.08242],[79.23665,10.07342],[79.25294,10.06552],[79.25439,10.06218],[79.25116,10.0583],[79.25339,10.05548],[79.24899,10.05133],[79.26363,10.03672],[79.24108,10.02346],[79.20413,9.98281],[79.199,9.97093],[79.19483,9.97323],[79.19433,9.96898],[79.15491,9.93205],[79.15226,9.91812],[79.14839,9.91243],[79.14409,9.91472],[79.14555,9.90984],[79.12719,9.8935],[79.12379,9.88395],[79.11889,9.89018],[79.12142,9.87982],[79.11851,9.86563],[79.12144,9.85431],[79.10954,9.84394],[79.10698,9.838],[79.10282,9.83952],[79.0948,9.83239],[79.08596,9.83453],[79.09377,9.83071],[79.08308,9.81622],[79.07733,9.79906],[79.07215,9.79581],[79.05645,9.77189],[79.03909,9.76457],[79.01514,9.73004],[78.99307,9.70724],[78.97584,9.67932],[78.96875,9.65042],[78.96527,9.64563],[78.95605,9.64622],[78.95465,9.64106],[78.95794,9.63361],[78.95341,9.63281],[78.95643,9.62639],[78.94734,9.62685],[78.92911,9.59377],[78.91852,9.54244],[78.91821,9.52956],[78.92198,9.52803],[78.91444,9.50995],[78.91402,9.49295],[78.90182,9.49313],[78.89847,9.49002],[78.89815,9.47894],[78.90973,9.45067],[78.93004,9.41782],[78.97834,9.36451],[78.99842,9.34737],[78.99379,9.33935],[79.00122,9.33399],[78.99775,9.32868],[78.97334,9.33344],[78.98634,9.32785],[79.00112,9.32857],[79.00134,9.33579],[78.99652,9.33937],[79.00128,9.34532],[79.02344,9.32612],[79.05806,9.30313],[79.09391,9.29276],[79.09653,9.28852],[79.09186,9.28901],[79.0908,9.29235],[79.08641,9.28924],[79.11161,9.28087],[79.1282,9.28315],[79.13931,9.29209],[79.1601,9.28447],[79.19097,9.28244],[79.21483,9.28411],[79.21972,9.29134],[79.26407,9.29259],[79.27054,9.29546],[79.27773,9.31018],[79.29065,9.31991],[79.31448,9.32775],[79.33009,9.31945],[79.33466,9.31251],[79.32696,9.29444],[79.31508,9.2833],[79.32391,9.25526],[79.33186,9.2455],[79.33201,9.2419],[79.32501,9.24225],[79.32605,9.24032],[79.40931,9.18272],[79.41345,9.18351],[79.41278,9.18815],[79.4163,9.1843],[79.41371,9.18326],[79.41502,9.1803],[79.44547,9.15711],[79.44574,9.15337],[79.42102,9.17401],[79.33675,9.22723],[79.29152,9.24905],[79.24815,9.25941],[79.22559,9.25955],[79.21758,9.2532],[79.21574,9.25834],[79.22078,9.2612],[79.22127,9.2661],[79.2193,9.27086],[79.20463,9.27375],[79.20783,9.2824],[79.14665,9.27616],[79.09409,9.26016],[79.06374,9.26116],[78.98276,9.27347],[78.95372,9.27176],[78.92627,9.26619],[78.90976,9.25064],[78.87394,9.25661],[78.85841,9.25278],[78.85299,9.2485],[78.83614,9.24698],[78.83053,9.25339],[78.83486,9.26603],[78.82692,9.27049],[78.8215,9.26724],[78.83251,9.26782],[78.83422,9.26371],[78.82831,9.25646],[78.83305,9.24387],[78.81727,9.23746],[78.80432,9.23609],[78.79399,9.22908],[78.77871,9.22589],[78.75596,9.2157],[78.72748,9.20909],[78.7173,9.19962],[78.71905,9.19087],[78.71594,9.18995],[78.68039,9.19616],[78.66071,9.19295],[78.64357,9.17802],[78.64428,9.16876],[78.64934,9.16647],[78.65238,9.15812],[78.64851,9.15578],[78.61148,9.15012],[78.59365,9.14279],[78.57559,9.13057],[78.55715,9.13624],[78.51957,9.1356],[78.48387,9.12685],[78.45978,9.12591],[78.40988,9.10985],[78.36581,9.07696],[78.34472,9.05646],[78.3174,9.03759],[78.31169,9.03858],[78.30292,9.03414],[78.31469,9.03616],[78.30761,9.02954],[78.22154,8.97096],[78.20908,8.95838],[78.18749,8.92473],[78.18051,8.90665],[78.1801,8.89197],[78.17237,8.88676],[78.16845,8.87566],[78.1678,8.82519],[78.16303,8.8061],[78.16588,8.80484],[78.16435,8.80212],[78.16084,8.80351],[78.15881,8.79937],[78.15896,8.79654],[78.16206,8.79734],[78.16318,8.78628],[78.16072,8.78548],[78.15838,8.77028],[78.1651,8.77161],[78.16239,8.75357],[78.14478,8.75485],[78.16241,8.75112],[78.16613,8.77265],[78.18015,8.76606],[78.18411,8.79004],[78.19629,8.78871],[78.20009,8.78295],[78.19918,8.76543],[78.21905,8.75695],[78.20037,8.76299],[78.19967,8.75256],[78.21134,8.74853],[78.2121,8.75136],[78.21624,8.75114],[78.21704,8.74355],[78.19379,8.7532],[78.19111,8.7479],[78.1823,8.74886],[78.17018,8.74388],[78.16081,8.73313],[78.15143,8.70679],[78.13897,8.69537],[78.13178,8.67414],[78.12698,8.67694],[78.12536,8.68568],[78.12428,8.67435],[78.12751,8.67489],[78.12719,8.66561],[78.11827,8.66542],[78.12231,8.6612],[78.12967,8.6628],[78.12699,8.64038],[78.1221,8.6379],[78.12335,8.62957],[78.12779,8.63732],[78.12822,8.61492],[78.13904,8.58668],[78.12456,8.53481],[78.12275,8.51626],[78.12701,8.50033],[78.13026,8.49778],[78.11823,8.48121],[78.09308,8.45605],[78.06518,8.41748],[78.05623,8.38729],[78.06058,8.37574],[78.06654,8.37436],[78.06605,8.37127],[78.01679,8.35468],[77.97087,8.33291],[77.95827,8.32387],[77.94925,8.31106],[77.90681,8.28926],[77.89145,8.27508],[77.87717,8.26681],[77.80332,8.2403],[77.78472,8.22305],[77.78185,8.20105],[77.75487,8.18592],[77.75511,8.18295],[77.74213,8.17519],[77.72712,8.17233],[77.71439,8.1625],[77.71053,8.16497],[77.6694,8.15881],[77.64794,8.15869],[77.61222,8.14965],[77.57706,8.136],[77.55951,8.12014],[77.55848,8.09955],[77.56065,8.09554],[77.5648,8.09796],[77.56489,8.09204],[77.55504,8.08746],[77.55149,8.0777],[77.53159,8.07757],[77.53045,8.08041],[77.48746,8.08749],[77.48508,8.09949],[77.48411,8.0888],[77.47533,8.08963],[77.42318,8.09999],[77.35756,8.12097],[77.32606,8.1263],[77.31569,8.12211],[77.30643,8.12886],[77.30172,8.14331],[77.29543,8.14991],[77.2774,8.16161],[77.2387,8.17638],[77.22394,8.19604],[77.18387,8.21996],[77.16807,8.23911],[77.1654,8.24672],[77.15429,8.24987],[77.03322,8.34274],[77.01001,8.35651],[76.99846,8.37422],[76.99046,8.37799],[76.98527,8.37609],[76.98465,8.3797],[76.97241,8.38981],[76.96977,8.40528],[76.95012,8.43436],[76.89571,8.49612],[76.7857,8.63218],[76.79191,8.63215],[76.79647,8.63702],[76.80674,8.61894],[76.81243,8.61685],[76.82555,8.60004],[76.83716,8.59122],[76.83912,8.59508],[76.83011,8.60749],[76.83098,8.59834],[76.82236,8.60933],[76.82096,8.61423],[76.82407,8.61525],[76.82188,8.61887],[76.81763,8.62236],[76.81167,8.62123],[76.79492,8.63845],[76.7905,8.63331],[76.77917,8.64793],[76.76962,8.65364],[76.69983,8.73796],[76.67542,8.77872],[76.61718,8.85286],[76.59964,8.86879],[76.58412,8.8762],[76.58336,8.88006],[76.56561,8.88001],[76.54718,8.90238],[76.53927,8.93256],[76.54472,8.93344],[76.54434,8.93628],[76.53695,8.93592],[76.51748,9.01988],[76.46182,9.13504],[76.46701,9.13554],[76.47395,9.12069],[76.47347,9.13036],[76.47827,9.13163],[76.48045,9.12595],[76.48408,9.12619],[76.48309,9.13702],[76.48608,9.13778],[76.47994,9.15894],[76.48088,9.16718],[76.48452,9.16871],[76.4783,9.17002],[76.4753,9.16566],[76.4777,9.14915],[76.47352,9.14273],[76.47067,9.14351],[76.46762,9.15847],[76.45819,9.16779],[76.44225,9.20161],[76.44061,9.2127],[76.4222,9.24524],[76.42024,9.24319],[76.4385,9.20472],[76.44052,9.18925],[76.45394,9.17347],[76.45792,9.16418],[76.45415,9.16097],[76.45555,9.15646],[76.46011,9.16005],[76.46358,9.15333],[76.46768,9.14172],[76.46469,9.13877],[76.45965,9.14381],[76.35386,9.3714],[76.32567,9.45329],[76.29829,9.5923],[76.28329,9.74596],[76.26882,9.83415],[76.25069,9.91926],[76.23731,9.95513],[76.23957,9.9675],[76.25101,9.96913],[76.25943,9.96098],[76.26388,9.93596],[76.26766,9.93775],[76.26515,9.96044],[76.25738,9.96846],[76.26115,9.96986],[76.27491,9.96453],[76.28497,9.94516],[76.28927,9.94721],[76.2689,9.99032],[76.26826,9.99342],[76.27216,9.99366],[76.27622,10.00189],[76.27186,10.01557],[76.2672,10.02228],[76.26291,10.02204],[76.26195,10.00942],[76.26809,9.98259],[76.26201,9.9897],[76.25797,9.98804],[76.25807,9.97992],[76.24688,9.97597],[76.24599,9.98319],[76.24144,9.98166],[76.24413,9.97263],[76.22736,9.97063],[76.22155,9.98122],[76.21351,10.02171],[76.20192,10.05113],[76.18051,10.13368],[76.16389,10.17665],[76.17484,10.18344],[76.17714,10.1739],[76.18673,10.16407],[76.19219,10.16276],[76.20599,10.13256],[76.21381,10.1007],[76.22544,10.08197],[76.23275,10.05489],[76.24153,10.03991],[76.23874,10.02316],[76.23299,10.01674],[76.23611,10.01725],[76.24035,10.00228],[76.23864,9.99791],[76.24223,9.98321],[76.24587,9.98397],[76.23974,10.0135],[76.25245,10.00533],[76.25758,9.98856],[76.26331,9.99086],[76.2596,10.00608],[76.25625,10.01331],[76.25079,10.01281],[76.24746,10.02622],[76.25805,10.04152],[76.25309,10.03716],[76.24959,10.03988],[76.24526,10.06205],[76.23982,10.06955],[76.244,10.07288],[76.24545,10.07906],[76.24183,10.085],[76.24731,10.08962],[76.24628,10.09259],[76.23978,10.09094],[76.24205,10.07431],[76.23932,10.07471],[76.23275,10.0889],[76.21243,10.11604],[76.19388,10.1625],[76.18726,10.16523],[76.17858,10.17544],[76.17705,10.18369],[76.19253,10.18557],[76.20011,10.19482],[76.18476,10.19384],[76.16549,10.18798],[76.16233,10.17717],[76.11231,10.34267],[76.07294,10.44076],[76.04008,10.50479],[76.04142,10.51612],[76.03444,10.52903],[76.03953,10.53249],[76.04707,10.53131],[76.04708,10.53363],[76.03341,10.53445],[76.03182,10.5244],[76.03997,10.50994],[76.03438,10.51254],[75.9365,10.73016],[75.94003,10.7317],[75.93903,10.74691],[75.94491,10.75101],[75.94246,10.76094],[75.95342,10.76336],[75.95111,10.77625],[75.96704,10.7847],[75.9647,10.7878],[75.95842,10.77996],[75.95216,10.77882],[75.9494,10.77058],[75.9529,10.764],[75.93946,10.76031],[75.94361,10.75153],[75.93629,10.74614],[75.93716,10.73274],[75.9337,10.73505],[75.91326,10.78485],[75.92852,10.78532],[75.9374,10.79354],[75.94758,10.79751],[75.96249,10.81383],[75.96394,10.81975],[75.95048,10.80626],[75.94344,10.80551],[75.92854,10.79421],[75.92698,10.79615],[75.91472,10.79323],[75.91318,10.79877],[75.92023,10.80468],[75.91361,10.81449],[75.91273,10.82455],[75.90612,10.83745],[75.90734,10.85033],[75.92381,10.86446],[75.91667,10.87711],[75.9189,10.88084],[75.91577,10.88046],[75.9212,10.86421],[75.91204,10.85535],[75.90631,10.85704],[75.90279,10.85473],[75.90693,10.84518],[75.90379,10.84107],[75.90441,10.83256],[75.91024,10.81966],[75.90931,10.81347],[75.91463,10.80495],[75.90991,10.79775],[75.91028,10.78796],[75.87507,10.95048],[75.85649,11.0196],[75.86066,11.01804],[75.86193,11.00644],[75.86714,11.00565],[75.8665,11.00823],[75.86389,11.00747],[75.8604,11.01972],[75.85584,11.02141],[75.84398,11.07118],[75.82612,11.12252],[75.83265,11.12482],[75.82967,11.13088],[75.82444,11.12587],[75.81549,11.14703],[75.8013,11.15777],[75.80953,11.162],[75.81017,11.15697],[75.81566,11.15992],[75.82009,11.15656],[75.8274,11.15769],[75.82715,11.16259],[75.8227,11.15719],[75.81906,11.16171],[75.8124,11.15967],[75.8166,11.17126],[75.82851,11.18089],[75.81441,11.18002],[75.80706,11.16522],[75.8017,11.16253],[75.74715,11.31685],[75.73711,11.32435],[75.73426,11.33389],[75.73601,11.35476],[75.74123,11.35411],[75.74072,11.35643],[75.73119,11.35709],[75.71716,11.38883],[75.68374,11.4469],[75.65426,11.46617],[75.64485,11.46786],[75.637,11.46182],[75.63282,11.46273],[75.62684,11.47293],[75.61679,11.47694],[75.61655,11.48932],[75.59057,11.5605],[75.59162,11.56282],[75.59526,11.5556],[75.59564,11.54928],[75.59995,11.54811],[75.59202,11.56823],[75.59908,11.56616],[75.59933,11.56049],[75.61789,11.5638],[75.6231,11.55683],[75.61787,11.55503],[75.61994,11.54317],[75.62828,11.53452],[75.6356,11.53554],[75.64134,11.53024],[75.6497,11.52842],[75.64225,11.53101],[75.63952,11.53682],[75.62529,11.53981],[75.62034,11.5491],[75.62415,11.56018],[75.61816,11.56624],[75.60195,11.56602],[75.5983,11.57131],[75.58994,11.57352],[75.58722,11.58422],[75.58954,11.56978],[75.58719,11.57108],[75.5576,11.64968],[75.53012,11.70231],[75.53771,11.70861],[75.55374,11.70209],[75.56344,11.69271],[75.56164,11.68103],[75.57152,11.67478],[75.58995,11.68738],[75.60004,11.68599],[75.60423,11.69083],[75.60228,11.69573],[75.59234,11.69846],[75.59354,11.7032],[75.5923,11.69795],[75.60071,11.69624],[75.60344,11.6898],[75.59938,11.68736],[75.59076,11.68944],[75.57086,11.67556],[75.56302,11.68073],[75.5641,11.69477],[75.55535,11.70252],[75.54477,11.70512],[75.54138,11.70951],[75.53536,11.71016],[75.53059,11.70405],[75.52515,11.70663],[75.50767,11.73231],[75.49761,11.73568],[75.49239,11.7429],[75.4852,11.74627],[75.48365,11.75323],[75.47294,11.76484],[75.47556,11.76626],[75.47321,11.76897],[75.47531,11.77334],[75.47322,11.77489],[75.46967,11.76562],[75.46065,11.76628],[75.45373,11.77132],[75.45413,11.77725],[75.46041,11.77672],[75.46342,11.78187],[75.46397,11.79682],[75.46006,11.80636],[75.46519,11.81821],[75.47565,11.8178],[75.46571,11.82053],[75.46191,11.81435],[75.45876,11.80662],[75.45963,11.77865],[75.44668,11.78241],[75.44539,11.79092],[75.43678,11.80382],[75.42371,11.8126],[75.41666,11.82369],[75.3844,11.8566],[75.3742,11.85803],[75.37419,11.85288],[75.36791,11.85147],[75.35552,11.85983],[75.34665,11.87775],[75.32601,11.90252],[75.31999,11.90523],[75.31752,11.91516],[75.29726,11.94147],[75.30303,11.94687],[75.33861,11.93201],[75.34646,11.93188],[75.34646,11.9351],[75.336,11.94336],[75.31847,11.94621],[75.30959,11.96903],[75.30293,11.97522],[75.31507,11.9515],[75.30304,11.96105],[75.29533,11.97472],[75.29284,11.96969],[75.28474,11.98658],[75.29154,11.9782],[75.29195,11.98812],[75.28867,11.98787],[75.28083,11.99896],[75.28293,12.00695],[75.27402,12.00694],[75.2756,11.99922],[75.26526,12.00774],[75.26711,12.0214],[75.27457,12.02306],[75.2853,12.01854],[75.28504,12.01416],[75.29314,12.00101],[75.29537,12.00565],[75.30872,12.00537],[75.30597,12.00331],[75.30858,12.00125],[75.31513,12.00446],[75.32167,12.00123],[75.33346,12.00638],[75.33973,11.99761],[75.34144,12.00379],[75.33347,12.01437],[75.30834,12.01323],[75.30363,12.01749],[75.30991,12.02006],[75.30835,12.02522],[75.30298,12.02342],[75.30416,12.02883],[75.30181,12.03025],[75.306,12.03257],[75.3149,12.03075],[75.31648,12.03294],[75.31203,12.03449],[75.31492,12.04544],[75.3212,12.04569],[75.32721,12.03667],[75.3318,12.03782],[75.33534,12.04722],[75.34543,12.04889],[75.33404,12.04813],[75.32931,12.03873],[75.32042,12.04776],[75.31466,12.04789],[75.30993,12.0363],[75.30705,12.03785],[75.30785,12.04584],[75.31309,12.04635],[75.311,12.05047],[75.30523,12.04829],[75.30484,12.04326],[75.29907,12.04018],[75.29945,12.02884],[75.28768,12.03426],[75.28728,12.03117],[75.29735,12.02549],[75.29395,12.02407],[75.28662,12.03001],[75.27876,12.02461],[75.27039,12.02693],[75.26409,12.01856],[75.26408,12.00207],[75.27245,11.99768],[75.28278,11.9853],[75.2931,11.96415],[75.30369,11.95357],[75.30408,11.95022],[75.2957,11.94662],[75.25072,12.00671],[75.23555,12.0196],[75.22481,12.02322],[75.23359,12.03017],[75.22548,12.03559],[75.22955,12.04976],[75.23819,12.05117],[75.25468,12.04459],[75.25639,12.04665],[75.25312,12.05052],[75.23505,12.05375],[75.22588,12.05131],[75.2221,12.06395],[75.22721,12.07348],[75.2246,12.07683],[75.22224,12.07348],[75.21648,12.074],[75.21726,12.06936],[75.20495,12.07491],[75.19552,12.07234],[75.20875,12.07349],[75.21778,12.06343],[75.22144,12.06369],[75.22719,12.04977],[75.22391,12.03714],[75.22613,12.03301],[75.23058,12.03224],[75.22377,12.0258],[75.22088,12.01343],[75.20726,12.01009],[75.20359,12.00533],[75.20045,12.00752],[75.1696,12.07635],[75.12213,12.19674],[75.12383,12.20035],[75.1339,12.17277],[75.14202,12.16477],[75.14202,12.15627],[75.1483,12.14415],[75.14751,12.13668],[75.15718,12.11038],[75.1649,12.10058],[75.16712,12.08667],[75.17445,12.07609],[75.17444,12.0681],[75.18202,12.0498],[75.18529,12.044],[75.18752,12.04619],[75.18635,12.05624],[75.17785,12.07429],[75.17877,12.08099],[75.18624,12.08846],[75.1793,12.08344],[75.17275,12.0864],[75.17302,12.09027],[75.17694,12.0913],[75.17498,12.09697],[75.17826,12.09851],[75.18546,12.09335],[75.19103,12.09863],[75.18239,12.09554],[75.17644,12.10174],[75.17014,12.09929],[75.16046,12.11218],[75.16203,12.11541],[75.16949,12.11218],[75.17119,12.10084],[75.17355,12.10161],[75.1729,12.11347],[75.16806,12.11914],[75.16203,12.11888],[75.16479,12.13332],[75.15942,12.13126],[75.15876,12.12172],[75.1513,12.13564],[75.15,12.14144],[75.15393,12.14312],[75.15916,12.13873],[75.16205,12.14053],[75.15524,12.14801],[75.14844,12.17044],[75.14504,12.16812],[75.14962,12.16245],[75.14725,12.15317],[75.14151,12.18539],[75.14309,12.19725],[75.13222,12.20421],[75.13052,12.2189],[75.13615,12.21452],[75.14768,12.2158],[75.15187,12.21219],[75.14768,12.21915],[75.15292,12.21863],[75.14678,12.24029],[75.14062,12.24209],[75.13407,12.23591],[75.11782,12.23463],[75.11284,12.22922],[75.11742,12.21968],[75.11493,12.21659],[75.11741,12.20679],[75.06557,12.33362],[75.05691,12.36027],[75.05783,12.36517],[75.05416,12.36311],[75.05822,12.35434],[75.05651,12.3528],[75.04158,12.38527],[75.03804,12.39043],[75.0307,12.39146],[75.02821,12.39765],[75.03188,12.40435],[75.02952,12.40924],[75.02462,12.40476],[75.01532,12.417],[74.98922,12.47048],[74.99565,12.47177],[74.99617,12.47615],[74.99329,12.47576],[74.98463,12.48646],[74.98332,12.49599],[74.97991,12.49651],[74.98325,12.48021],[74.97552,12.49619],[74.95872,12.53717],[74.96213,12.53588],[74.93103,12.60546],[74.93746,12.59335],[74.94612,12.60366],[74.94074,12.60495],[74.94074,12.59644],[74.93811,12.59747],[74.93299,12.6101],[74.94047,12.63098],[74.92749,12.61275],[74.88704,12.70681],[74.89071,12.70552],[74.89084,12.71235],[74.88481,12.71067],[74.88192,12.71299],[74.8555,12.78024],[74.84472,12.79854],[74.83288,12.83358],[74.83787,12.83049],[74.85638,12.83643],[74.85612,12.84313],[74.8485,12.84067],[74.83379,12.84891],[74.82799,12.87661],[74.82023,12.88743],[74.82364,12.898],[74.81733,12.90753],[74.81943,12.91424],[74.83741,12.94157],[74.85212,12.94892],[74.86079,12.94751],[74.86762,12.9381],[74.88496,12.94198],[74.90414,12.94198],[74.9094,12.93219],[74.92727,12.92859],[74.90861,12.93464],[74.90546,12.94211],[74.88312,12.94249],[74.87104,12.93914],[74.85737,12.95021],[74.85001,12.95046],[74.83557,12.9444],[74.82704,12.92687],[74.813,12.90856],[74.81944,12.89748],[74.81787,12.88331],[74.82945,12.84878],[74.8288,12.84646],[74.82276,12.848],[74.80734,12.91835],[74.8076,12.92428],[74.81088,12.92273],[74.81194,12.91591],[74.81496,12.91681],[74.81469,12.92274],[74.8206,12.92712],[74.8206,12.93073],[74.8177,12.93588],[74.81666,12.93021],[74.80589,12.92892],[74.80352,12.9311],[74.77594,13.07151],[74.77811,13.07204],[74.7816,13.05866],[74.78673,13.05492],[74.78214,13.04874],[74.78858,13.03921],[74.78871,13.04294],[74.78345,13.04564],[74.78424,13.04977],[74.78844,13.05158],[74.78804,13.05699],[74.78291,13.06188],[74.77882,13.07657],[74.78632,13.07709],[74.78157,13.09912],[74.79392,13.09668],[74.79615,13.10441],[74.79194,13.11626],[74.80837,13.11125],[74.81508,13.12249],[74.82263,13.12376],[74.82494,13.12866],[74.83772,13.1286],[74.82596,13.12956],[74.82204,13.12402],[74.81389,13.12298],[74.80885,13.11331],[74.79522,13.11871],[74.79023,13.11652],[74.79129,13.10132],[74.7863,13.09951],[74.78393,13.10415],[74.77998,13.10479],[74.77683,13.10259],[74.77789,13.09538],[74.77303,13.08945],[74.77303,13.08429],[74.72029,13.28622],[74.71657,13.31147],[74.70813,13.33466],[74.71604,13.32204],[74.72108,13.28674],[74.73281,13.26665],[74.73464,13.27232],[74.72898,13.27747],[74.73016,13.28559],[74.74383,13.28792],[74.74199,13.29552],[74.75843,13.29554],[74.74277,13.299],[74.73922,13.29578],[74.74002,13.28959],[74.73462,13.29126],[74.7291,13.28791],[74.7241,13.29061],[74.71879,13.33158],[74.71563,13.33029],[74.7122,13.33904],[74.69627,13.34908],[74.69711,13.40249],[74.69363,13.44707],[74.69601,13.44527],[74.69762,13.41487],[74.70461,13.40985],[74.71329,13.41231],[74.73331,13.40498],[74.74345,13.39378],[74.74807,13.38271],[74.76887,13.37951],[74.77492,13.38183],[74.78223,13.37661],[74.77564,13.38292],[74.76748,13.38111],[74.74853,13.38547],[74.73902,13.41046],[74.73244,13.40994],[74.72349,13.41534],[74.71375,13.41636],[74.70426,13.42498],[74.7053,13.43503],[74.71649,13.43376],[74.71951,13.43866],[74.72081,13.45283],[74.71554,13.45412],[74.71424,13.44252],[74.70924,13.43774],[74.70503,13.43916],[74.7012,13.44766],[74.7029,13.46132],[74.69999,13.46879],[74.69156,13.47419],[74.69315,13.46066],[74.69855,13.46002],[74.69856,13.45152],[74.69685,13.45023],[74.69052,13.45873],[74.67919,13.56437],[74.66827,13.62639],[74.66945,13.63206],[74.67472,13.63026],[74.67276,13.61969],[74.67792,13.60372],[74.68239,13.60695],[74.6829,13.61816],[74.6771,13.62228],[74.67749,13.62975],[74.68393,13.63607],[74.69711,13.63841],[74.70501,13.63597],[74.70055,13.6272],[74.69911,13.61792],[74.70135,13.61509],[74.71439,13.61588],[74.71439,13.62026],[74.71715,13.62091],[74.72284,13.61632],[74.72532,13.61779],[74.72149,13.62049],[74.7228,13.62629],[74.71463,13.62731],[74.71489,13.63041],[74.70857,13.62963],[74.70843,13.6353],[74.71383,13.63749],[74.72359,13.63338],[74.74914,13.64011],[74.76021,13.63445],[74.76324,13.63561],[74.75941,13.64051],[74.74123,13.64628],[74.72805,13.64369],[74.73464,13.64615],[74.74114,13.64444],[74.74202,13.64139],[74.73675,13.63855],[74.7198,13.63839],[74.71822,13.6429],[74.70635,13.64765],[74.69791,13.65511],[74.68263,13.65175],[74.68116,13.66772],[74.69342,13.66387],[74.69501,13.65898],[74.7066,13.66183],[74.69632,13.66465],[74.69434,13.66928],[74.68682,13.67185],[74.68537,13.6752],[74.69024,13.68113],[74.69617,13.68062],[74.69603,13.68449],[74.68918,13.68397],[74.68142,13.67442],[74.68549,13.6828],[74.69343,13.6892],[74.72426,13.69336],[74.70212,13.6941],[74.68869,13.68893],[74.69606,13.69655],[74.69184,13.69706],[74.68842,13.69344],[74.68498,13.69962],[74.6846,13.6888],[74.67424,13.68141],[74.67491,13.67561],[74.66939,13.66195],[74.67508,13.64598],[74.66772,13.63617],[74.66321,13.65266],[74.6516,13.66476],[74.6442,13.68543],[74.62307,13.80978],[74.62715,13.81416],[74.62477,13.81854],[74.62002,13.81749],[74.61093,13.85136],[74.61277,13.8542],[74.61634,13.84995],[74.62636,13.84803],[74.62533,13.85121],[74.61847,13.8512],[74.62506,13.85469],[74.62532,13.85778],[74.61305,13.85699],[74.61027,13.86755],[74.60182,13.87269],[74.59507,13.88788],[74.58749,13.9206],[74.5793,13.92561],[74.56984,13.94633],[74.56668,13.9489],[74.56167,13.94541],[74.55797,13.95095],[74.54885,13.94838],[74.53685,13.96831],[74.54212,13.97025],[74.53578,13.96985],[74.53209,13.96382],[74.52968,13.97172],[74.51448,13.98568],[74.50146,14.02405],[74.51241,14.02626],[74.51902,14.02048],[74.52324,14.02319],[74.50672,14.03205],[74.5096,14.04262],[74.50683,14.04596],[74.50354,14.03977],[74.50502,14.02792],[74.5008,14.02559],[74.5001,14.04234],[74.48613,14.0923],[74.48277,14.12116],[74.46596,14.19585],[74.46265,14.19958],[74.45341,14.19891],[74.44941,14.21488],[74.44146,14.22285],[74.44211,14.22801],[74.4232,14.28851],[74.42609,14.29599],[74.4301,14.27539],[74.43597,14.26853],[74.44099,14.27241],[74.42994,14.28982],[74.42872,14.29806],[74.4229,14.3032],[74.42817,14.3094],[74.41916,14.31737],[74.41902,14.322],[74.42298,14.32317],[74.42828,14.31893],[74.42827,14.32228],[74.42509,14.32382],[74.42547,14.32923],[74.42058,14.33283],[74.4199,14.33978],[74.41353,14.34879],[74.4155,14.35253],[74.42251,14.35345],[74.42526,14.36067],[74.42844,14.359],[74.42816,14.36377],[74.43107,14.36429],[74.43027,14.36841],[74.43304,14.37048],[74.43274,14.38208],[74.4239,14.37742],[74.42618,14.3648],[74.42382,14.35809],[74.41313,14.35033],[74.41447,14.34261],[74.4191,14.34107],[74.41463,14.33281],[74.4194,14.32793],[74.41732,14.31633],[74.42262,14.3081],[74.4192,14.30113],[74.41309,14.31683],[74.40265,14.36731],[74.40448,14.37221],[74.39181,14.41753],[74.38202,14.41957],[74.38148,14.4233],[74.38399,14.4237],[74.38103,14.44224],[74.36291,14.49012],[74.35402,14.50118],[74.35414,14.50581],[74.35876,14.50918],[74.35834,14.5151],[74.37247,14.52583],[74.3803,14.5131],[74.3761,14.50278],[74.38292,14.47729],[74.38914,14.47241],[74.39323,14.47564],[74.40804,14.47516],[74.41914,14.47957],[74.42762,14.47418],[74.42972,14.47921],[74.41517,14.48175],[74.39503,14.4969],[74.3856,14.50899],[74.37137,14.54052],[74.3629,14.54243],[74.36259,14.55531],[74.35075,14.53595],[74.35568,14.52231],[74.35264,14.51985],[74.34497,14.51957],[74.34156,14.51299],[74.33731,14.51685],[74.32568,14.51398],[74.32541,14.51784],[74.31059,14.52115],[74.31494,14.52503],[74.31041,14.53584],[74.3133,14.54177],[74.2905,14.59736],[74.30032,14.58876],[74.30849,14.59832],[74.31432,14.59627],[74.3307,14.60534],[74.35507,14.59652],[74.36115,14.59576],[74.35982,14.59924],[74.34684,14.60422],[74.35107,14.60462],[74.34657,14.60783],[74.3434,14.60537],[74.32962,14.61049],[74.32064,14.60673],[74.3161,14.61844],[74.31055,14.61906],[74.31509,14.60259],[74.29129,14.59994],[74.28015,14.60892],[74.27787,14.61845],[74.27016,14.6277],[74.27188,14.62938],[74.27956,14.62528],[74.28352,14.62929],[74.28119,14.65325],[74.27785,14.66431],[74.27494,14.66482],[74.28086,14.6754],[74.2674,14.70216],[74.25944,14.70767],[74.27399,14.71146],[74.27531,14.71339],[74.26974,14.71428],[74.27024,14.72278],[74.26483,14.71993],[74.26709,14.71581],[74.26299,14.7158],[74.24901,14.73843],[74.23177,14.74675],[74.22715,14.74274],[74.2281,14.73656],[74.20985,14.73237],[74.20891,14.73598],[74.20507,14.73596],[74.20324,14.73003],[74.20831,14.71974],[74.20832,14.71717],[74.20514,14.71754],[74.192,14.72613],[74.1929,14.73412],[74.182,14.74619],[74.16503,14.75193],[74.16513,14.76107],[74.16288,14.76132],[74.16238,14.75411],[74.15867,14.75358],[74.15818,14.74456],[74.15394,14.74519],[74.15087,14.7502],[74.15681,14.75692],[74.15573,14.76156],[74.14216,14.77722],[74.12733,14.77949],[74.12509,14.77458],[74.11888,14.77301],[74.12017,14.78203],[74.11564,14.78666],[74.10983,14.78406],[74.10821,14.79229],[74.10238,14.79214],[74.09971,14.79793],[74.09494,14.79868],[74.09346,14.8046],[74.10868,14.80544],[74.11956,14.80045],[74.12299,14.80369],[74.12496,14.83977],[74.13146,14.83876],[74.13144,14.8434],[74.11485,14.85107],[74.1215,14.84504],[74.11568,14.84321],[74.11196,14.84564],[74.10723,14.8683],[74.09805,14.87986],[74.09919,14.89042],[74.09585,14.89737],[74.08285,14.90144],[74.07991,14.90916],[74.06481,14.90729],[74.05657,14.91357],[74.04357,14.91699],[74.0417,14.92137],[74.04614,14.93633],[74.04357,14.94843],[74.04714,14.94947],[74.04842,14.95875],[74.03958,14.98139],[74.04672,14.98503],[74.05441,14.98454],[74.0422,14.98848],[74.03783,14.98602],[74.03288,14.99733],[74.01956,15.01106],[74.01612,15.01169],[74.01216,15.00626],[74.01187,15.01193],[74.00681,15.01706],[74.00284,15.01563],[73.99725,15.02088],[73.99117,15.01751],[73.98543,15.02547],[73.98964,15.03347],[73.9828,15.04942],[73.97086,15.0522],[73.96682,15.06532],[73.94927,15.07503],[73.93122,15.07829],[73.92642,15.08497],[73.91728,15.08364],[73.91528,15.08595],[73.92623,15.09682],[73.92513,15.10325],[73.92154,15.1053],[73.92259,15.10891],[73.93543,15.11206],[73.94004,15.11814],[73.93986,15.12728],[73.93573,15.13268],[73.94155,15.13451],[73.9455,15.14135],[73.95386,15.13946],[73.9535,15.15955],[73.95014,15.16881],[73.95092,15.17152],[73.95676,15.16949],[73.96126,15.17183],[73.96546,15.18138],[73.96301,15.19463],[73.97017,15.19518],[73.96989,15.19776],[73.96168,15.19592],[73.95854,15.1856],[73.96226,15.18433],[73.95807,15.17426],[73.94535,15.17137],[73.95191,15.15774],[73.95026,15.14356],[73.94787,15.14458],[73.91285,15.27607],[73.89451,15.33008],[73.88056,15.35912],[73.87107,15.37002],[73.85225,15.3649],[73.852,15.36104],[73.84192,15.36008],[73.83364,15.36893],[73.80704,15.37729],[73.80643,15.39094],[73.80349,15.39453],[73.79102,15.39369],[73.79071,15.40013],[73.78294,15.41193],[73.79222,15.41533],[73.79768,15.41305],[73.80781,15.40486],[73.8093,15.39997],[73.81632,15.40361],[73.81589,15.40954],[73.82014,15.40982],[73.82256,15.40339],[73.82814,15.4029],[73.82839,15.40638],[73.83238,15.40537],[73.83342,15.40834],[73.84058,15.40992],[73.84888,15.39837],[73.85152,15.40084],[73.85897,15.39765],[73.86347,15.40128],[73.86171,15.40746],[73.86516,15.40696],[73.86479,15.40168],[73.86958,15.40041],[73.87217,15.39575],[73.88181,15.39777],[73.88827,15.40708],[73.90665,15.40339],[73.90669,15.41361],[73.89539,15.41587],[73.88028,15.43641],[73.87603,15.43625],[73.87844,15.4315],[73.86173,15.42832],[73.85953,15.44171],[73.84885,15.4517],[73.84011,15.44753],[73.83052,15.45289],[73.8135,15.45512],[73.80368,15.45378],[73.80317,15.45094],[73.78717,15.46142],[73.79061,15.46414],[73.79781,15.45955],[73.8031,15.46305],[73.8088,15.4873],[73.82095,15.50012],[73.83637,15.4993],[73.83554,15.50431],[73.82358,15.50541],[73.81797,15.5104],[73.81162,15.50586],[73.80956,15.49529],[73.78987,15.49917],[73.78484,15.49619],[73.77872,15.49899],[73.77998,15.50981],[73.77546,15.51107],[73.77314,15.49895],[73.78724,15.49504],[73.77585,15.48995],[73.76761,15.49094],[73.75223,15.55216],[73.74885,15.5609],[73.74113,15.56395],[73.73702,15.58376],[73.73193,15.59095],[73.73156,15.60743],[73.73847,15.60824],[73.74221,15.60427],[73.75175,15.60935],[73.75357,15.61657],[73.74795,15.62247],[73.7556,15.6314],[73.76491,15.63171],[73.77551,15.63769],[73.77784,15.64801],[73.78792,15.6509],[73.79619,15.64708],[73.80709,15.64701],[73.81266,15.64807],[73.81317,15.65258],[73.81875,15.65287],[73.82171,15.64786],[73.83393,15.64909],[73.83953,15.64654],[73.84256,15.65055],[73.83958,15.66058],[73.83952,15.64796],[73.83257,15.65385],[73.81981,15.65416],[73.82321,15.66371],[73.82587,15.66347],[73.81944,15.67232],[73.82098,15.68186],[73.82403,15.68317],[73.82254,15.6878],[73.81884,15.6834],[73.81877,15.67206],[73.82213,15.66654],[73.81819,15.65892],[73.79524,15.65004],[73.79398,15.66059],[73.78494,15.66016],[73.77673,15.65509],[73.77476,15.65044],[73.77007,15.65814],[73.76635,15.6576],[73.76641,15.64782],[73.77253,15.64605],[73.77069,15.6432],[73.76194,15.63903],[73.7609,15.63516],[73.75319,15.63435],[73.74023,15.62345],[73.73658,15.61287],[73.73284,15.61594],[73.72212,15.62979],[73.68912,15.71898],[73.70349,15.71778],[73.70957,15.72335],[73.71622,15.72365],[73.72021,15.72316],[73.7233,15.71712],[73.72689,15.71766],[73.73802,15.72442],[73.73559,15.7302],[73.73797,15.73241],[73.74647,15.7349],[73.7651,15.73217],[73.77364,15.7272],[73.78215,15.7275],[73.75577,15.7365],[73.74113,15.73693],[73.73743,15.73369],[73.73169,15.73752],[73.73052,15.73314],[73.73359,15.73058],[73.73055,15.72785],[73.71998,15.72462],[73.71567,15.72584],[73.71377,15.73201],[73.70471,15.73479],[73.70367,15.7304],[73.69598,15.72778],[73.69652,15.72274],[73.68273,15.71997],[73.68004,15.72511],[73.66696,15.73173],[73.66346,15.73814],[73.65413,15.74208],[73.65382,15.74762],[73.65809,15.74661],[73.66561,15.75567],[73.66973,15.75596],[73.66413,15.75798],[73.6623,15.75334],[73.66209,15.76544],[73.65314,15.79037],[73.65774,15.79993],[73.65454,15.80043],[73.65299,15.79321],[73.6484,15.80425],[73.63621,15.81603],[73.63884,15.82016],[73.62586,15.85151],[73.62024,15.85663],[73.61641,15.85274],[73.61347,15.85375],[73.61006,15.86609],[73.58701,15.90922],[73.57049,15.91155],[73.56564,15.91912],[73.53477,15.93769],[73.5312,15.93267],[73.51758,15.93889],[73.51014,15.93678],[73.50217,15.95295],[73.50623,15.96173],[73.50409,15.98052],[73.50922,15.98932],[73.51348,15.98973],[73.51319,15.99243],[73.50602,15.99007],[73.5058,15.98414],[73.4994,15.98461],[73.49767,16.00289],[73.52685,16.01764],[73.50267,16.01026],[73.50052,16.01321],[73.48876,16.00076],[73.4892,16.0139],[73.48156,16.03755],[73.46751,16.04646],[73.46639,16.05367],[73.45839,16.0549],[73.45527,16.06209],[73.4602,16.06186],[73.46537,16.07075],[73.46421,16.07683],[73.45713,16.07987],[73.46704,16.09076],[73.46805,16.09721],[73.46506,16.10491],[73.46449,16.12809],[73.47417,16.13408],[73.47133,16.13896],[73.46559,16.14098],[73.46749,16.15284],[73.46403,16.15256],[73.46461,16.14638],[73.45855,16.13706],[73.46174,16.12137],[73.45887,16.11388],[73.46,16.10462],[73.46503,16.09255],[73.46223,16.09279],[73.45708,16.10408],[73.45641,16.12108],[73.43963,16.18818],[73.43422,16.19896],[73.44541,16.1993],[73.44392,16.20289],[73.44976,16.20525],[73.45554,16.21663],[73.45234,16.21609],[73.44951,16.22096],[73.45074,16.22801],[73.43632,16.20284],[73.42902,16.19943],[73.42699,16.20277],[73.42387,16.2267],[73.41044,16.27193],[73.41352,16.28015],[73.41108,16.28294],[73.41029,16.2745],[73.40342,16.29892],[73.39995,16.29941],[73.3956,16.31019],[73.39399,16.32718],[73.39154,16.33283],[73.38552,16.33613],[73.38944,16.34517],[73.38692,16.36009],[73.38999,16.36012],[73.39338,16.3537],[73.40523,16.3556],[73.41267,16.359],[73.41646,16.36869],[73.42045,16.37078],[73.43807,16.36898],[73.43979,16.37131],[73.43362,16.37461],[73.42097,16.37181],[73.40454,16.35894],[73.39305,16.3604],[73.39182,16.36451],[73.38293,16.35852],[73.36836,16.36304],[73.37189,16.37105],[73.36732,16.37565],[73.37094,16.38907],[73.37334,16.38935],[73.37485,16.38447],[73.37452,16.37597],[73.37909,16.38708],[73.3885,16.39475],[73.39441,16.38964],[73.40109,16.38879],[73.40452,16.39345],[73.40514,16.40522],[73.39833,16.40074],[73.3855,16.40284],[73.38076,16.39585],[73.36527,16.39753],[73.36557,16.40886],[73.36025,16.4235],[73.35784,16.42374],[73.35677,16.4397],[73.35756,16.44177],[73.36719,16.43824],[73.37447,16.44563],[73.35902,16.44242],[73.3495,16.44789],[73.3407,16.47795],[73.33357,16.48485],[73.32602,16.50977],[73.3229,16.51489],[73.31689,16.51588],[73.31847,16.51821],[73.31119,16.54158],[73.31387,16.54096],[73.31794,16.54782],[73.31789,16.55426],[73.32471,16.55303],[73.32601,16.55716],[73.33163,16.55604],[73.33334,16.56173],[73.33971,16.54696],[73.34517,16.54173],[73.34629,16.53022],[73.35315,16.5218],[73.3628,16.51639],[73.348,16.51484],[73.35498,16.51013],[73.3478,16.50659],[73.35988,16.48351],[73.35843,16.48041],[73.35335,16.48127],[73.34798,16.48573],[73.34482,16.47991],[73.35764,16.47924],[73.36327,16.47632],[73.36546,16.47042],[73.37047,16.47793],[73.37012,16.48797],[73.38271,16.48253],[73.38465,16.48937],[73.39518,16.49177],[73.39126,16.49715],[73.38473,16.49594],[73.38097,16.49861],[73.37861,16.49318],[73.36637,16.48948],[73.36524,16.4802],[73.36324,16.4807],[73.35795,16.49071],[73.35908,16.49921],[73.35102,16.50456],[73.36086,16.5094],[73.38193,16.51137],[73.39985,16.50841],[73.41824,16.51216],[73.42789,16.50708],[73.43141,16.50093],[73.44103,16.49958],[73.45096,16.49322],[73.46538,16.49242],[73.47525,16.49391],[73.48235,16.50787],[73.49694,16.51944],[73.51461,16.51351],[73.51907,16.5232],[73.52334,16.52336],[73.53783,16.51393],[73.54504,16.51476],[73.55378,16.5237],[73.56509,16.5288],[73.57214,16.5381],[73.56404,16.5291],[73.55032,16.52265],[73.54293,16.51487],[73.53809,16.51497],[73.52922,16.52302],[73.52226,16.52477],[73.51761,16.52239],[73.5138,16.51415],[73.50093,16.52127],[73.49453,16.51994],[73.47915,16.50733],[73.47601,16.49855],[73.46136,16.49497],[73.44969,16.50171],[73.43324,16.50571],[73.43212,16.51188],[73.42572,16.51157],[73.42194,16.51592],[73.41152,16.51765],[73.40435,16.51231],[73.39779,16.51419],[73.39662,16.51135],[73.37602,16.5166],[73.35778,16.52599],[73.35393,16.53909],[73.35998,16.53982],[73.35123,16.54332],[73.34604,16.55629],[73.35192,16.55659],[73.36413,16.54948],[73.37627,16.54996],[73.38238,16.55374],[73.39857,16.54923],[73.40648,16.56139],[73.40128,16.56084],[73.39733,16.55411],[73.39011,16.55521],[73.38969,16.55843],[73.38047,16.55862],[73.37783,16.55563],[73.36259,16.55745],[73.35594,16.55482],[73.35465,16.56485],[73.35985,16.56554],[73.35902,16.56927],[73.34784,16.56441],[73.34248,16.56656],[73.34498,16.57147],[73.34332,16.57764],[73.34023,16.57981],[73.33064,16.57715],[73.32258,16.5834],[73.3186,16.59547],[73.32038,16.60604],[73.33145,16.60781],[73.34972,16.59533],[73.34952,16.60242],[73.34753,16.60085],[73.34082,16.60492],[73.34292,16.60906],[73.35156,16.61376],[73.35122,16.622],[73.36758,16.63012],[73.37105,16.6304],[73.37365,16.62295],[73.37699,16.62401],[73.38123,16.61168],[73.37786,16.59955],[73.3874,16.59293],[73.39273,16.59387],[73.40452,16.58906],[73.4109,16.59246],[73.41814,16.58994],[73.4376,16.59369],[73.40928,16.59503],[73.40342,16.59266],[73.38546,16.60064],[73.38587,16.61558],[73.39413,16.61873],[73.39299,16.62671],[73.38897,16.62822],[73.38836,16.638],[73.38679,16.63361],[73.37691,16.63238],[73.36969,16.63348],[73.36832,16.63811],[73.36486,16.63653],[73.36543,16.63216],[73.34709,16.62133],[73.33666,16.62317],[73.33455,16.61904],[73.33066,16.62184],[73.33476,16.62638],[73.34037,16.62642],[73.34017,16.6335],[73.33357,16.64028],[73.32903,16.64063],[73.32932,16.63779],[73.32373,16.63569],[73.32442,16.64767],[73.33057,16.64682],[73.3328,16.65173],[73.32833,16.68955],[73.31757,16.69822],[73.31953,16.70365],[73.31652,16.71161],[73.3114,16.71594],[73.30957,16.727],[73.30554,16.72929],[73.30765,16.74733],[73.30508,16.7656],[73.3079,16.77978],[73.317,16.79351],[73.3173,16.80536],[73.32753,16.81252],[73.33128,16.81178],[73.33954,16.79884],[73.34041,16.79189],[73.33392,16.78489],[73.34008,16.7682],[73.33473,16.7536],[73.3294,16.75111],[73.33267,16.74444],[73.3393,16.74991],[73.34151,16.75739],[73.34938,16.75913],[73.36609,16.74278],[73.37571,16.74337],[73.38567,16.73521],[73.39502,16.73605],[73.38406,16.73635],[73.37436,16.74491],[73.3642,16.74521],[73.35419,16.7593],[73.34424,16.76566],[73.33914,16.78416],[73.34457,16.78961],[73.34475,16.79991],[73.32864,16.82322],[73.32675,16.82449],[73.32205,16.81209],[73.31528,16.8065],[73.30242,16.80923],[73.29622,16.81471],[73.29373,16.83941],[73.28833,16.84452],[73.29311,16.84842],[73.29252,16.85486],[73.28849,16.8574],[73.29408,16.86002],[73.29377,16.86491],[73.28634,16.87335],[73.28587,16.88004],[73.29716,16.88902],[73.30304,16.88997],[73.31107,16.88888],[73.31606,16.88441],[73.314,16.89109],[73.30753,16.8958],[73.30421,16.8941],[73.30544,16.89076],[73.29147,16.89747],[73.2867,16.89241],[73.27761,16.89156],[73.27978,16.90342],[73.28403,16.90707],[73.28636,16.91558],[73.28276,16.92869],[73.28725,16.93516],[73.28216,16.95083],[73.29095,16.95451],[73.29473,16.98145],[73.3057,16.96622],[73.30657,16.95876],[73.3276,16.95584],[73.32527,16.962],[73.33332,16.97508],[73.34992,16.97392],[73.35443,16.97847],[73.35954,16.97555],[73.36059,16.97774],[73.35469,16.97911],[73.34671,16.97441],[73.33411,16.97663],[73.32561,16.96948],[73.32485,16.96458],[73.31549,16.9636],[73.31172,16.96614],[73.31202,16.96267],[73.30786,16.96418],[73.30782,16.96856],[73.31076,16.9691],[73.31455,16.97917],[73.31081,16.97888],[73.3082,16.97088],[73.30434,16.98346],[73.29766,16.98199],[73.27804,16.99213],[73.27434,16.98605],[73.26842,16.99037],[73.26996,16.9976],[73.27611,16.99739],[73.27741,17.00204],[73.28354,17.00441],[73.28364,17.00853],[73.27561,17.02314],[73.26837,17.0245],[73.26493,17.02047],[73.25689,17.02092],[73.25652,17.04719],[73.26575,17.04701],[73.26944,17.0388],[73.27752,17.03397],[73.27771,17.02767],[73.28536,17.02528],[73.28851,17.01758],[73.28574,17.01293],[73.2901,17.00421],[73.29107,17.0158],[73.29504,17.02021],[73.28758,17.03123],[73.29726,17.04135],[73.29426,17.04751],[73.28956,17.04888],[73.27897,17.03682],[73.27748,17.03835],[73.288,17.05827],[73.28877,17.07708],[73.29495,17.07494],[73.2954,17.06941],[73.30672,17.07645],[73.30375,17.07926],[73.28421,17.07858],[73.28536,17.09842],[73.27746,17.11278],[73.26756,17.11179],[73.27192,17.11891],[73.25211,17.18904],[73.23519,17.19353],[73.23072,17.19864],[73.23781,17.20038],[73.24777,17.19544],[73.25308,17.20025],[73.24771,17.20162],[73.24641,17.19672],[73.24292,17.19823],[73.24617,17.20856],[73.24212,17.22604],[73.23541,17.22662],[73.23055,17.24525],[73.22343,17.24673],[73.22753,17.25192],[73.22266,17.25703],[73.21946,17.26936],[73.21218,17.27406],[73.20553,17.26834],[73.20128,17.27898],[73.20159,17.288],[73.194,17.29669],[73.18943,17.29768],[73.19099,17.30336],[73.19659,17.30611],[73.20471,17.29846],[73.21029,17.30314],[73.22129,17.30221],[73.22386,17.30004],[73.2215,17.29462],[73.22605,17.28101],[73.23539,17.28598],[73.24938,17.28018],[73.25796,17.28],[73.25923,17.28774],[73.26858,17.29052],[73.27322,17.28168],[73.28207,17.28098],[73.28496,17.28719],[73.29072,17.28749],[73.29723,17.2654],[73.28764,17.25862],[73.30366,17.26558],[73.30906,17.26138],[73.3286,17.26399],[73.33453,17.25979],[73.33671,17.24075],[73.33291,17.23222],[73.33777,17.22801],[73.35041,17.22232],[73.35252,17.22697],[73.36398,17.23402],[73.36835,17.22453],[73.36843,17.21551],[73.3791,17.20556],[73.38533,17.2132],[73.3998,17.21306],[73.41163,17.208],[73.41538,17.20803],[73.41536,17.21125],[73.40191,17.21656],[73.37458,17.21685],[73.36991,17.22969],[73.37187,17.23486],[73.36863,17.23818],[73.36206,17.23851],[73.35301,17.23187],[73.34284,17.23024],[73.33997,17.23614],[73.34036,17.25237],[73.34552,17.25962],[73.3399,17.2588],[73.33257,17.26904],[73.31356,17.26695],[73.30949,17.2722],[73.29986,17.27032],[73.29401,17.29409],[73.27932,17.28842],[73.27202,17.29506],[73.25404,17.29748],[73.23506,17.29177],[73.24135,17.30689],[73.24196,17.31788],[73.22998,17.31851],[73.21998,17.32705],[73.2202,17.3322],[73.22555,17.33276],[73.22417,17.33764],[73.21498,17.34477],[73.21934,17.35151],[73.21889,17.35691],[73.21401,17.36176],[73.21676,17.36925],[73.20883,17.37073],[73.20998,17.37615],[73.20655,17.3841],[73.20009,17.38713],[73.19016,17.38755],[73.19046,17.38421],[73.17756,17.38705],[73.16815,17.40306],[73.16932,17.40706],[73.1779,17.40714],[73.18349,17.41157],[73.18813,17.43041],[73.19719,17.4368],[73.195,17.44142],[73.18614,17.44134],[73.18479,17.45575],[73.19237,17.46277],[73.19218,17.46817],[73.17548,17.51566],[73.16191,17.52996],[73.15576,17.52822],[73.15136,17.53887],[73.14407,17.54318],[73.1375,17.55548],[73.1406,17.56722],[73.14433,17.57009],[73.1537,17.57262],[73.15563,17.56749],[73.15939,17.5674],[73.16227,17.57451],[73.16789,17.57649],[73.17112,17.57588],[73.17047,17.57278],[73.17517,17.57308],[73.17886,17.57955],[73.18815,17.57732],[73.2043,17.58635],[73.22018,17.58289],[73.23187,17.56819],[73.22948,17.56533],[73.23968,17.56465],[73.24052,17.56157],[73.24515,17.56882],[73.25075,17.57299],[73.25478,17.57225],[73.25706,17.58592],[73.26105,17.59008],[73.27052,17.59724],[73.28448,17.59711],[73.28713,17.60099],[73.29601,17.59888],[73.30304,17.57937],[73.30831,17.57594],[73.32736,17.57713],[73.33095,17.56583],[73.33602,17.56948],[73.346,17.56415],[73.36048,17.56633],[73.36542,17.55389],[73.37053,17.5529],[73.36962,17.56538],[73.37391,17.56516],[73.40411,17.58188],[73.45839,17.57613],[73.48049,17.56626],[73.47733,17.55954],[73.4845,17.55251],[73.48712,17.56],[73.48507,17.56462],[73.46257,17.57981],[73.44921,17.58263],[73.44433,17.58787],[73.43964,17.58719],[73.43349,17.60002],[73.40707,17.61191],[73.4038,17.61626],[73.39466,17.61799],[73.38944,17.63108],[73.37923,17.631],[73.38097,17.64698],[73.39186,17.66098],[73.39017,17.67023],[73.38371,17.6707],[73.38966,17.66701],[73.39038,17.66122],[73.37724,17.64386],[73.37749,17.63124],[73.38919,17.62915],[73.39386,17.61683],[73.43149,17.59794],[73.43402,17.58431],[73.43096,17.58184],[73.39897,17.58545],[73.38827,17.58137],[73.38744,17.58368],[73.38342,17.58262],[73.37172,17.57042],[73.3438,17.57057],[73.32408,17.58328],[73.30694,17.57889],[73.30179,17.59842],[73.31023,17.59965],[73.31101,17.60261],[73.29893,17.60212],[73.28842,17.60667],[73.27398,17.60036],[73.26304,17.60683],[73.26118,17.60527],[73.26524,17.60145],[73.26435,17.5968],[73.25261,17.58897],[73.25056,17.57866],[73.23611,17.57312],[73.22227,17.5887],[73.21311,17.5921],[73.20183,17.59174],[73.19936,17.59699],[73.19728,17.59054],[73.16864,17.5819],[73.16482,17.58818],[73.15214,17.59398],[73.15236,17.59836],[73.14428,17.60112],[73.13788,17.61007],[73.1334,17.62805],[73.12781,17.63598],[73.12857,17.64063],[73.13498,17.64403],[73.13454,17.64738],[73.13082,17.65687],[73.12187,17.66477],[73.11455,17.68401],[73.11445,17.69405],[73.13472,17.70763],[73.13437,17.71638],[73.10904,17.78721],[73.09997,17.80618],[73.09104,17.81137],[73.08979,17.81535],[73.09426,17.82492],[73.08753,17.83824],[73.08992,17.84071],[73.10015,17.83978],[73.10585,17.8343],[73.11877,17.83275],[73.12211,17.83497],[73.11174,17.83667],[73.09712,17.84696],[73.09098,17.84201],[73.07072,17.88829],[73.07215,17.89332],[73.08019,17.89623],[73.07395,17.90119],[73.06895,17.89059],[73.06331,17.8904],[73.05187,17.90355],[73.05214,17.92801],[73.06937,17.92651],[73.07607,17.92915],[73.08083,17.93602],[73.05907,17.93374],[73.05695,17.93089],[73.0416,17.93241],[73.0321,17.93991],[73.02926,17.95327],[73.03257,17.95845],[73.03086,17.96693],[73.04002,17.97784],[73.065,17.98157],[73.06926,17.98573],[73.07491,17.9863],[73.07603,17.98258],[73.0837,17.98188],[73.08891,17.98567],[73.0941,17.97786],[73.1089,17.97788],[73.12052,17.9731],[73.12634,17.98281],[73.12407,17.99386],[73.1324,18.00811],[73.13695,18.00969],[73.13837,18.0155],[73.15436,18.01836],[73.15234,18.0307],[73.1631,18.04496],[73.16889,18.04399],[73.16965,18.04889],[73.1783,18.05862],[73.19207,18.05399],[73.19473,18.05775],[73.1977,18.057],[73.20151,18.06541],[73.20704,18.0643],[73.21091,18.0552],[73.21564,18.05318],[73.23352,18.05476],[73.24505,18.05976],[73.25423,18.05727],[73.26692,18.06704],[73.28645,18.06554],[73.2958,18.07335],[73.29984,18.07325],[73.3038,18.06685],[73.30278,18.06118],[73.30968,18.05802],[73.33244,18.07083],[73.33747,18.07989],[73.34959,18.07935],[73.36163,18.08756],[73.37432,18.08329],[73.38805,18.08405],[73.39253,18.07997],[73.39477,18.07046],[73.394,18.08127],[73.38831,18.08534],[73.37484,18.0851],[73.36592,18.08914],[73.35464,18.08635],[73.35324,18.09148],[73.33595,18.09816],[73.33264,18.10676],[73.33284,18.09981],[73.34596,18.09348],[73.34655,18.08756],[73.31152,18.06215],[73.30571,18.06403],[73.30656,18.07408],[73.29792,18.07697],[73.27539,18.06776],[73.27019,18.07608],[73.26616,18.07604],[73.25811,18.07262],[73.25562,18.06565],[73.23802,18.06317],[73.23603,18.0598],[73.22811,18.0578],[73.21596,18.06117],[73.21442,18.06707],[73.20534,18.07343],[73.19094,18.05952],[73.18391,18.06306],[73.1694,18.06021],[73.16799,18.05273],[73.16304,18.05063],[73.15109,18.03481],[73.14301,18.03499],[73.14919,18.02346],[73.13028,18.0171],[73.11781,17.98762],[73.11314,17.98397],[73.10128,17.98643],[73.09932,17.99285],[73.04661,17.99052],[73.04524,17.99308],[73.04018,17.98814],[73.03527,17.99388],[73.02963,17.99331],[73.02672,17.98839],[73.01944,17.99025],[73.0152,18.00771],[73.00764,18.01072],[73.00402,18.02086],[73.01851,18.02512],[73.0234,18.02131],[73.03885,18.03486],[73.05233,18.03319],[73.05386,18.0408],[73.04712,18.04177],[73.04596,18.04922],[73.04875,18.05311],[73.04723,18.05644],[73.04197,18.05716],[73.03651,18.05196],[73.02337,18.04796],[73.01737,18.03091],[73.01221,18.03523],[73.00584,18.05061],[73.00231,18.05315],[72.99374,18.04972],[72.99032,18.05483],[72.99423,18.06568],[73.00273,18.07581],[73.00136,18.09022],[72.99396,18.08963],[72.99975,18.07759],[72.99733,18.0773],[72.99009,18.09834],[72.97948,18.10776],[72.97153,18.13226],[72.98172,18.1361],[72.98569,18.14206],[72.98778,18.15934],[72.97798,18.19167],[72.98457,18.19252],[72.99331,18.18231],[72.99459,18.18773],[72.98983,18.19154],[72.991,18.19542],[72.97861,18.1958],[72.95625,18.21899],[72.94543,18.22261],[72.93553,18.21645],[72.932,18.21873],[72.93141,18.22285],[72.94164,18.23506],[72.94245,18.24665],[72.93545,18.28004],[72.93824,18.28355],[72.94739,18.28442],[72.95367,18.27754],[72.96498,18.27907],[72.9706,18.27038],[72.97,18.26394],[72.97407,18.26166],[72.96949,18.26161],[72.96755,18.24331],[72.97239,18.24362],[72.97568,18.23902],[72.99259,18.24499],[72.99799,18.24376],[72.99795,18.24724],[73.00118,18.2474],[73.00283,18.24433],[73.01092,18.24377],[73.01747,18.23701],[73.01986,18.24013],[73.03426,18.22933],[73.04208,18.22851],[73.04511,18.22249],[73.06488,18.2133],[73.06857,18.20883],[73.06645,18.20597],[73.05049,18.19989],[73.05069,18.18187],[73.05432,18.18191],[73.06467,18.15961],[73.06818,18.15862],[73.07004,18.14834],[73.07692,18.14789],[73.07671,18.15407],[73.08122,18.14858],[73.09801,18.14037],[73.10206,18.15097],[73.09014,18.17042],[73.08179,18.17034],[73.08263,18.17936],[73.07869,18.18292],[73.0763,18.20401],[73.08383,18.22125],[73.07988,18.2213],[73.07863,18.22464],[73.07849,18.23751],[73.06943,18.24076],[73.06151,18.24995],[73.06185,18.25639],[73.06903,18.26522],[73.06739,18.27885],[73.05795,18.27965],[73.05166,18.28757],[73.05086,18.29876],[73.0542,18.30163],[73.06218,18.29965],[73.0624,18.30403],[73.05333,18.3069],[73.04989,18.31395],[73.0441,18.31337],[73.04767,18.30749],[73.03935,18.3038],[73.03725,18.29888],[73.03639,18.29166],[73.04235,18.28915],[73.05413,18.27202],[73.05322,18.26866],[73.04115,18.26404],[73.03115,18.26664],[73.02903,18.26352],[73.02061,18.26897],[73.02044,18.27168],[73.02395,18.27171],[73.02087,18.28146],[73.00909,18.28662],[72.99833,18.28509],[72.99539,18.28249],[72.99601,18.2758],[72.99185,18.27421],[72.99178,18.27962],[72.98173,18.29805],[72.9685,18.30074],[72.96772,18.30923],[72.95485,18.31553],[72.95911,18.3193],[72.94838,18.33786],[72.94157,18.34383],[72.93565,18.34338],[72.93448,18.35032],[72.9221,18.3489],[72.92079,18.34592],[72.91395,18.35396],[72.91163,18.36732],[72.92423,18.37364],[72.92554,18.38807],[72.92212,18.39215],[72.91213,18.39333],[72.91194,18.39796],[72.90609,18.40202],[72.90841,18.42212],[72.90416,18.428],[72.90639,18.43291],[72.89374,18.46418],[72.89539,18.47218],[72.90157,18.47482],[72.90007,18.48717],[72.90487,18.50292],[72.91108,18.50235],[72.914,18.50598],[72.90975,18.51225],[72.90929,18.52769],[72.90416,18.53844],[72.90683,18.54105],[72.90993,18.53001],[72.91643,18.52867],[72.93132,18.53617],[72.9295,18.5413],[72.92519,18.54073],[72.91695,18.5633],[72.91923,18.56513],[72.91544,18.57641],[72.91672,18.58209],[72.92107,18.57982],[72.92196,18.58447],[72.91482,18.5831],[72.91095,18.59104],[72.91331,18.59621],[72.9086,18.59552],[72.91015,18.57919],[72.90729,18.58096],[72.88184,18.63062],[72.88217,18.63654],[72.88593,18.63787],[72.88598,18.63452],[72.89819,18.62951],[72.89647,18.6264],[72.89964,18.62103],[72.91128,18.61885],[72.91788,18.60901],[72.92083,18.61071],[72.92039,18.6168],[72.91934,18.62254],[72.91456,18.62686],[72.90931,18.62577],[72.90682,18.63077],[72.90883,18.63169],[72.90295,18.6378],[72.89669,18.64134],[72.89402,18.63873],[72.88908,18.64589],[72.88043,18.64592],[72.88136,18.63679],[72.86998,18.63949],[72.86456,18.65153],[72.85979,18.68778],[72.8556,18.6988],[72.86346,18.7182],[72.86204,18.74521],[72.86647,18.75762],[72.86199,18.77044],[72.86282,18.79053],[72.86887,18.80347],[72.87551,18.80213],[72.8824,18.80603],[72.88685,18.80354],[72.88731,18.79904],[72.89954,18.80407],[72.90541,18.80002],[72.90548,18.79384],[72.91029,18.78746],[72.91488,18.7879],[72.9151,18.79215],[72.92113,18.79634],[72.93041,18.81137],[72.93518,18.80808],[72.94096,18.8102],[72.9405,18.80376],[72.92753,18.79229],[72.93353,18.78849],[72.93292,18.79415],[72.94555,18.7997],[72.94652,18.78709],[72.93949,18.77569],[72.95077,18.77066],[72.95103,18.76062],[72.96339,18.75509],[72.96768,18.75823],[72.96828,18.76416],[72.98415,18.75918],[72.98043,18.75386],[72.97436,18.75315],[72.96784,18.74433],[72.96102,18.74966],[72.9608,18.74606],[72.96909,18.74151],[72.96418,18.72318],[72.96548,18.71624],[72.976,18.71713],[72.98077,18.71409],[72.9749,18.7193],[72.96951,18.71809],[72.96644,18.72604],[72.97039,18.74616],[72.98329,18.75222],[72.98275,18.74076],[72.98599,18.74092],[72.99647,18.72301],[73.01225,18.7134],[73.01684,18.71396],[73.02687,18.69939],[73.03349,18.69946],[73.02223,18.71492],[73.00184,18.7259],[72.99153,18.74072],[72.99311,18.7446],[72.99018,18.75178],[72.99588,18.75017],[73.00773,18.7539],[73.01563,18.74793],[73.02811,18.74446],[73.0286,18.74858],[73.01805,18.74899],[73.00446,18.75567],[72.99396,18.75272],[72.99203,18.75566],[72.99452,18.76238],[73.00274,18.77534],[73.00085,18.78665],[72.99398,18.79636],[73.00584,18.79971],[73.01194,18.79758],[73.01815,18.78671],[73.02681,18.78654],[73.0284,18.78862],[73.01867,18.78864],[73.01745,18.80022],[73.02972,18.79121],[73.04242,18.79211],[73.04425,18.79741],[73.05899,18.79653],[73.06062,18.80801],[73.05628,18.80912],[73.05461,18.81322],[73.04544,18.8112],[73.01565,18.81564],[73.01533,18.82002],[73.00535,18.81811],[73.00527,18.81322],[72.99487,18.81285],[72.994,18.81721],[72.98754,18.81521],[72.9927,18.82492],[72.98911,18.84239],[72.98585,18.84339],[72.98955,18.85102],[72.98439,18.85264],[72.98959,18.85887],[72.98883,18.8662],[73.00515,18.88054],[73.01045,18.87866],[73.0175,18.88839],[73.02858,18.8889],[73.03087,18.87888],[73.03495,18.87648],[73.04329,18.88004],[73.03841,18.88102],[73.03781,18.88616],[73.03079,18.88532],[73.02963,18.892],[73.01667,18.8898],[73.01241,18.88461],[73.00901,18.88612],[73.01007,18.89951],[73.00146,18.89505],[73.00319,18.88605],[72.99549,18.87413],[72.98208,18.8651],[72.97407,18.86377],[72.96007,18.8516],[72.94258,18.84407],[72.93901,18.84854],[72.93415,18.84797],[72.92191,18.85401],[72.92285,18.86561],[72.90609,18.88679],[72.9085,18.89969],[72.91523,18.90208],[72.92335,18.91221],[72.93057,18.90869],[72.93309,18.89056],[72.94267,18.88127],[72.94671,18.89316],[72.94502,18.91039],[72.95166,18.90892],[72.95545,18.89776],[72.96134,18.90233],[72.96641,18.91964],[72.95674,18.92494],[72.93891,18.94546],[72.9421,18.94936],[72.94564,18.94799],[72.95008,18.96078],[72.95688,18.95815],[72.95748,18.95339],[72.96562,18.95155],[72.96704,18.94577],[72.97326,18.94571],[72.97878,18.93676],[72.98231,18.93603],[72.98009,18.94038],[72.9828,18.9399],[73.00197,18.93212],[73.00999,18.9631],[73.0054,18.974],[73.01511,18.9759],[73.02307,18.98963],[73.02459,18.98669],[73.03205,18.98574],[73.03238,18.98059],[73.03728,18.97794],[73.03744,18.98734],[73.02986,18.98803],[73.03157,19.0035],[73.01264,19.00162],[73.00856,19.00377],[73.00915,19.01072],[73.00441,19.01093],[73.00151,19.00498],[73.00044,19.01501],[73.0054,19.01866],[73.00369,19.02585],[73.00651,19.02794],[73.00792,19.04598],[72.99935,19.04949],[72.99713,19.05436],[73.00109,19.06251],[72.99137,19.05996],[72.98106,19.06229],[72.95621,19.05726],[72.95435,19.05466],[72.9603,19.05499],[72.95916,19.04828],[72.95113,19.02966],[72.94841,19.0313],[72.94548,19.0274],[72.93266,19.02404],[72.92404,19.01004],[72.91584,19.00558],[72.91362,18.99912],[72.90956,18.99907],[72.90705,18.99441],[72.90336,18.9972],[72.89498,18.99633],[72.89177,19.00402],[72.88867,19.00321],[72.88602,19.01965],[72.88192,19.0227],[72.87778,19.01904],[72.88159,19.01703],[72.87935,19.01211],[72.8707,19.0115],[72.86912,19.00762],[72.86159,19.00444],[72.86075,18.99542],[72.85647,18.99203],[72.86092,18.9823],[72.85388,18.97192],[72.85063,18.97252],[72.84416,18.92881],[72.83793,18.929],[72.84019,18.92143],[72.83343,18.92148],[72.8255,18.90723],[72.82033,18.90923],[72.81214,18.89471],[72.80823,18.8939],[72.80353,18.90156],[72.80756,18.91384],[72.8122,18.91055],[72.81556,18.912],[72.81724,18.9182],[72.82187,18.91632],[72.82531,18.92216],[72.81769,18.92516],[72.82314,18.93294],[72.82246,18.94375],[72.8179,18.95064],[72.80785,18.95426],[72.79181,18.93927],[72.79155,18.94853],[72.79953,18.95892],[72.80539,18.97675],[72.81425,18.98175],[72.81094,18.98686],[72.81116,19.00076],[72.81642,19.01267],[72.81575,19.02218],[72.8238,19.01752],[72.83425,19.02549],[72.83835,19.03764],[72.83628,19.04637],[72.84194,19.04974],[72.8334,19.04903],[72.82214,19.04105],[72.81726,19.04177],[72.82343,19.056],[72.82041,19.05905],[72.82057,19.0678],[72.82618,19.09464],[72.81908,19.11927],[72.80282,19.14096],[72.80466,19.14536],[72.81854,19.13986],[72.81918,19.14308],[72.81265,19.14494],[72.80988,19.14941],[72.82018,19.14915],[72.81868,19.16033],[72.82673,19.16621],[72.82907,19.16367],[72.83066,19.16574],[72.82823,19.18605],[72.83037,19.18839],[72.82952,19.19122],[72.82536,19.18808],[72.82502,19.18267],[72.82055,19.18261],[72.81688,19.17382],[72.81359,19.17635],[72.81023,19.17133],[72.80807,19.16393],[72.81046,19.15701],[72.80412,19.15513],[72.79747,19.16625],[72.79725,19.16277],[72.79264,19.1631],[72.78877,19.15829],[72.79158,19.15061],[72.79902,19.15172],[72.79865,19.14863],[72.80287,19.14714],[72.7958,19.13882],[72.7947,19.13031],[72.78686,19.12905],[72.78574,19.132],[72.78893,19.14671],[72.78437,19.15348],[72.78119,19.16824],[72.78609,19.16689],[72.7936,19.172],[72.79664,19.19855],[72.79974,19.19923],[72.79884,19.19274],[72.80407,19.18963],[72.80755,19.20305],[72.81293,19.20569],[72.81205,19.21096],[72.81732,19.21218],[72.8185,19.2149],[72.81173,19.21482],[72.81126,19.21983],[72.82316,19.22152],[72.82416,19.21754],[72.82805,19.22054],[72.82731,19.22491],[72.81915,19.22713],[72.82579,19.23738],[72.83344,19.23297],[72.83636,19.23789],[72.83496,19.24148],[72.84464,19.247],[72.8448,19.25588],[72.84993,19.25684],[72.85012,19.26302],[72.85815,19.26054],[72.85232,19.28184],[72.85048,19.27693],[72.84563,19.27507],[72.84515,19.27043],[72.83343,19.27492],[72.83126,19.2749],[72.83254,19.27028],[72.82481,19.27109],[72.82298,19.27609],[72.81919,19.27553],[72.81829,19.2723],[72.80832,19.26729],[72.80871,19.25841],[72.80321,19.25736],[72.80071,19.26131],[72.80059,19.25754],[72.80523,19.25523],[72.80421,19.25038],[72.8003,19.24879],[72.80473,19.24215],[72.80355,19.23866],[72.81441,19.23763],[72.81459,19.23377],[72.80779,19.22545],[72.80346,19.2254],[72.80247,19.23877],[72.78916,19.24093],[72.7921,19.23402],[72.79093,19.23014],[72.78538,19.22982],[72.78509,19.22106],[72.79895,19.21814],[72.79583,19.20832],[72.78677,19.20667],[72.79382,19.1962],[72.79143,19.19308],[72.78195,19.19271],[72.7821,19.2012],[72.78546,19.20356],[72.77973,19.20684],[72.78125,19.21432],[72.776,19.22198],[72.78049,19.23053],[72.78267,19.2496],[72.77969,19.25986],[72.78436,19.26558],[72.77862,19.27877],[72.78357,19.28385],[72.7844,19.30239],[72.79379,19.31023],[72.79649,19.301],[72.80626,19.2997],[72.80849,19.29561],[72.8185,19.29701],[72.81735,19.30176],[72.82459,19.30841],[72.83054,19.30951],[72.8379,19.31642],[72.85157,19.31851],[72.8506,19.33022],[72.83522,19.33441],[72.83966,19.33768],[72.84969,19.33728],[72.84936,19.34179],[72.83364,19.34134],[72.81379,19.32502],[72.79801,19.32933],[72.78201,19.34896],[72.77818,19.35174],[72.77522,19.34965],[72.76975,19.36348],[72.75765,19.37543],[72.75729,19.38212],[72.7619,19.39183],[72.77166,19.39233],[72.77444,19.397],[72.77321,19.40831],[72.76753,19.40644],[72.76845,19.39873],[72.76415,19.39585],[72.76676,19.3933],[72.76065,19.39426],[72.75666,19.42793],[72.744,19.4602],[72.75438,19.47552],[72.76602,19.47772],[72.76757,19.48289],[72.77501,19.48504],[72.77831,19.49178],[72.79877,19.49421],[72.82054,19.48997],[72.83014,19.50296],[72.83582,19.50483],[72.83252,19.49732],[72.83808,19.48787],[72.83637,19.50406],[72.84,19.50316],[72.8442,19.5075],[72.83813,19.51464],[72.83944,19.51826],[72.85051,19.52277],[72.85046,19.52663],[72.84315,19.52499],[72.84561,19.53378],[72.85126,19.53745],[72.85105,19.54337],[72.84589,19.54382],[72.8416,19.53913],[72.84289,19.53452],[72.83918,19.52752],[72.8273,19.51245],[72.80293,19.50765],[72.78163,19.50675],[72.77996,19.51007],[72.78637,19.51736],[72.78611,19.52688],[72.77916,19.52885],[72.78437,19.52531],[72.78221,19.51448],[72.77574,19.51118],[72.77149,19.50418],[72.7639,19.50357],[72.73954,19.51781],[72.73764,19.52731],[72.7321,19.52608],[72.72961,19.52901],[72.72266,19.5405],[72.71479,19.5888],[72.71569,19.5919],[72.74981,19.59966],[72.74087,19.59775],[72.72766,19.60054],[72.73051,19.61036],[72.7146,19.64027],[72.70649,19.67595],[72.71049,19.70019],[72.70903,19.70712],[72.69351,19.72855],[72.71137,19.72414],[72.71511,19.70952],[72.71741,19.71058],[72.71722,19.71418],[72.72184,19.71437],[72.71362,19.7288],[72.71706,19.73503],[72.7131,19.73626],[72.71614,19.75226],[72.72676,19.75059],[72.73191,19.74216],[72.7346,19.74426],[72.73298,19.75299],[72.73812,19.75473],[72.73753,19.75819],[72.72556,19.75856],[72.72627,19.76629],[72.72255,19.76032],[72.71518,19.76229],[72.71537,19.75843],[72.70535,19.74594],[72.70999,19.74459],[72.70915,19.73724],[72.69408,19.73602],[72.68439,19.75777],[72.68777,19.76811],[72.68651,19.78972],[72.69067,19.79337],[72.68918,19.8021],[72.69353,19.80268],[72.6929,19.78954],[72.69478,19.80037],[72.70892,19.80069],[72.71137,19.81011],[72.71933,19.81446],[72.71846,19.81792],[72.70683,19.81379],[72.7061,19.80747],[72.6882,19.80467],[72.68892,19.79206],[72.679,19.81072],[72.66895,19.81883],[72.66049,19.82103],[72.65257,19.83251],[72.65684,19.84724],[72.66609,19.84723],[72.67283,19.85118],[72.66706,19.85522],[72.67862,19.8649],[72.68147,19.8836],[72.67754,19.9013],[72.67508,19.9023],[72.67553,19.91775],[72.66488,19.92945],[72.66453,19.93485],[72.68169,19.94357],[72.68951,19.9577],[72.71113,19.96905],[72.72094,19.96789],[72.73103,19.95759],[72.73309,19.94329],[72.74162,19.94022],[72.75098,19.94227],[72.75389,19.93832],[72.75493,19.94168],[72.74986,19.94457],[72.73871,19.94379],[72.73526,19.94735],[72.73355,19.96161],[72.72836,19.96348],[72.72266,19.97113],[72.71707,19.97183],[72.72149,19.99582],[72.71432,20.02147],[72.71399,20.04411],[72.7076,20.07131],[72.71022,20.0783],[72.72693,20.08134],[72.73383,20.10357],[72.7465,20.19896],[72.74863,20.20195],[72.76283,20.20072],[72.76389,20.20292],[72.75677,20.20476],[72.75859,20.21121],[72.76344,20.21501],[72.77029,20.21265],[72.76752,20.21596],[72.76015,20.21677],[72.75401,20.20742],[72.7486,20.20465],[72.74079,20.2447],[72.75305,20.26494],[72.75512,20.29122],[72.76222,20.3007],[72.76877,20.30001],[72.77294,20.30432],[72.77592,20.33421],[72.78771,20.34955],[72.80922,20.35303],[72.82102,20.36785],[72.82706,20.36639],[72.83382,20.37127],[72.82704,20.36677],[72.82128,20.36901],[72.8308,20.41044],[72.85378,20.40687],[72.8627,20.39347],[72.86137,20.38135],[72.87926,20.37063],[72.88372,20.34379],[72.89046,20.33975],[72.90435,20.34172],[72.88962,20.34141],[72.88437,20.34611],[72.88158,20.37173],[72.86534,20.38063],[72.86374,20.39708],[72.8554,20.40856],[72.83022,20.41263],[72.82923,20.41544],[72.82815,20.43371],[72.83247,20.44689],[72.84201,20.45833],[72.85513,20.46712],[72.85615,20.46262],[72.88552,20.46183],[72.88783,20.45117],[72.8877,20.46224],[72.85842,20.466],[72.86566,20.48591],[72.87223,20.49448],[72.88284,20.49757],[72.88604,20.50366],[72.88702,20.5316],[72.92564,20.52499],[72.91408,20.53064],[72.89302,20.53244],[72.88597,20.53866],[72.88684,20.55463],[72.89646,20.57045],[72.89763,20.58462],[72.88646,20.63146],[72.89547,20.6326],[72.88612,20.63648],[72.88679,20.64781],[72.8789,20.64462],[72.87539,20.65102],[72.85789,20.70923],[72.85254,20.73979],[72.85609,20.74061],[72.86539,20.73107],[72.88143,20.73796],[72.89592,20.73891],[72.91484,20.7457],[72.92064,20.75195],[72.92718,20.7537],[72.93078,20.76108],[72.93638,20.76154],[72.94,20.75708],[72.94548,20.75624],[72.95132,20.75953],[72.95473,20.77038],[72.95451,20.77655],[72.95249,20.77473],[72.95036,20.76003],[72.93252,20.76406],[72.92626,20.76129],[72.9239,20.75405],[72.91238,20.75571],[72.91018,20.74642],[72.90128,20.74683],[72.89506,20.7519],[72.90015,20.74926],[72.89653,20.75436],[72.8868,20.74536],[72.8676,20.74899],[72.86452,20.76336],[72.86078,20.76666],[72.84789,20.76843],[72.83554,20.7805],[72.8365,20.79982],[72.85709,20.79557],[72.84977,20.8005],[72.84938,20.80821],[72.85351,20.8165],[72.85104,20.81699],[72.84583,20.80766],[72.84661,20.80136],[72.82881,20.81104],[72.79055,20.90038],[72.79034,20.91479],[72.78569,20.92374],[72.80384,20.91882],[72.80499,20.9245],[72.81514,20.93287],[72.81099,20.93603],[72.81656,20.93932],[72.82148,20.94968],[72.82884,20.95209],[72.82741,20.95593],[72.83583,20.95192],[72.83855,20.94333],[72.84761,20.94216],[72.86672,20.94703],[72.87779,20.95875],[72.88413,20.95587],[72.88546,20.95898],[72.87531,20.95975],[72.8678,20.94821],[72.856,20.94973],[72.84727,20.94692],[72.8404,20.95816],[72.82572,20.95926],[72.82647,20.96441],[72.82079,20.95894],[72.79925,20.95197],[72.79822,20.94706],[72.77669,20.93996],[72.77242,20.94132],[72.76997,20.92147],[72.77185,20.91519],[72.75374,20.94442],[72.73804,20.98643],[72.72413,21.03643],[72.72425,21.05547],[72.73397,21.04775],[72.75723,21.05063],[72.76906,21.0477],[72.77481,21.04829],[72.76625,21.05191],[72.76495,21.05627],[72.76739,21.0581],[72.78859,21.0616],[72.78937,21.0463],[72.80888,21.04282],[72.81561,21.03235],[72.82495,21.0317],[72.83148,21.04426],[72.83654,21.04471],[72.83947,21.03201],[72.84278,21.0309],[72.84768,21.03289],[72.84785,21.0401],[72.85666,21.03776],[72.85702,21.04444],[72.86642,21.04535],[72.86561,21.05145],[72.86339,21.0466],[72.8569,21.04534],[72.85473,21.03851],[72.84939,21.04127],[72.84621,21.03956],[72.84697,21.03442],[72.84249,21.03192],[72.8368,21.04613],[72.83187,21.04594],[72.82464,21.03362],[72.82152,21.04079],[72.81521,21.04148],[72.81157,21.04633],[72.79897,21.04603],[72.79585,21.06208],[72.80024,21.07153],[72.80472,21.07429],[72.80166,21.08648],[72.80435,21.09011],[72.79835,21.08785],[72.79745,21.08398],[72.80074,21.0745],[72.79127,21.06614],[72.77228,21.07039],[72.75623,21.06246],[72.73968,21.06855],[72.7396,21.07421],[72.73516,21.07724],[72.7272,21.0779],[72.72369,21.07464],[72.70509,21.08018],[72.70123,21.09969],[72.70708,21.11135],[72.70803,21.13015],[72.71857,21.14045],[72.72984,21.1388],[72.74241,21.14193],[72.74634,21.14533],[72.74229,21.15017],[72.73689,21.14417],[72.72264,21.14308],[72.69034,21.15654],[72.68152,21.15874],[72.66839,21.15663],[72.66153,21.14804],[72.6596,21.13952],[72.65731,21.11993],[72.65996,21.10787],[72.65308,21.09182],[72.65723,21.08956],[72.6507,21.07763],[72.63608,21.08309],[72.63041,21.07799],[72.62205,21.08611],[72.62498,21.09143],[72.62005,21.09985],[72.62107,21.13898],[72.62855,21.1342],[72.62854,21.12673],[72.63346,21.1277],[72.64162,21.14056],[72.63097,21.12883],[72.62859,21.14063],[72.62502,21.1411],[72.61807,21.15515],[72.62011,21.18195],[72.62159,21.1839],[72.62836,21.18078],[72.62968,21.17565],[72.63399,21.18909],[72.6254,21.18601],[72.62221,21.18789],[72.62024,21.20794],[72.62371,21.21416],[72.6288,21.20497],[72.62693,21.2016],[72.63435,21.20068],[72.6385,21.2073],[72.65149,21.21044],[72.65594,21.21564],[72.6565,21.22312],[72.66428,21.22631],[72.67308,21.2164],[72.67378,21.20663],[72.67566,21.21798],[72.68116,21.21754],[72.68138,21.21214],[72.6865,21.20925],[72.68608,21.21863],[72.67505,21.22157],[72.66395,21.22978],[72.64794,21.23535],[72.64365,21.22886],[72.63954,21.22867],[72.63592,21.23171],[72.63442,21.23992],[72.62532,21.24224],[72.63106,21.2521],[72.61509,21.24673],[72.61123,21.23097],[72.59847,21.24752],[72.59622,21.26756],[72.60197,21.26056],[72.60797,21.26284],[72.61266,21.26162],[72.61232,21.25672],[72.61888,21.25887],[72.61623,21.26965],[72.61893,21.27226],[72.61883,21.28744],[72.6284,21.28976],[72.61815,21.29541],[72.61574,21.2919],[72.60748,21.2932],[72.60596,21.28507],[72.60182,21.28617],[72.59879,21.29565],[72.60145,21.31782],[72.60428,21.32133],[72.60667,21.31738],[72.60869,21.31998],[72.62207,21.31605],[72.6221,21.33123],[72.61576,21.33294],[72.61667,21.33579],[72.62723,21.34585],[72.64359,21.34466],[72.63618,21.35279],[72.64277,21.35288],[72.6487,21.3428],[72.65442,21.34571],[72.65302,21.34762],[72.64812,21.34472],[72.64514,21.35086],[72.64873,21.37561],[72.63635,21.37608],[72.63069,21.36983],[72.62655,21.37067],[72.62578,21.37581],[72.64358,21.3969],[72.65608,21.39695],[72.67054,21.4207],[72.6707,21.4279],[72.68912,21.43614],[72.69247,21.44185],[72.69412,21.45911],[72.69815,21.46509],[72.70417,21.4671],[72.73095,21.46],[72.73798,21.46717],[72.74585,21.45621],[72.75315,21.45502],[72.75,21.44546],[72.75973,21.44726],[72.76344,21.45182],[72.76887,21.44312],[72.78262,21.44281],[72.78624,21.42111],[72.80242,21.42421],[72.78738,21.42138],[72.78345,21.4333],[72.78564,21.4412],[72.76747,21.44466],[72.76649,21.45469],[72.75287,21.4464],[72.75534,21.45583],[72.753,21.4598],[72.74549,21.46161],[72.74495,21.4701],[72.73701,21.47707],[72.73237,21.47456],[72.73055,21.46759],[72.72591,21.46585],[72.71457,21.46994],[72.69754,21.46907],[72.68115,21.45061],[72.66731,21.45076],[72.65614,21.44456],[72.64611,21.44455],[72.65004,21.4482],[72.65212,21.46393],[72.6609,21.47345],[72.66288,21.47051],[72.66616,21.47146],[72.67069,21.48915],[72.6798,21.50395],[72.67888,21.51037],[72.70595,21.52889],[72.73715,21.53858],[72.72966,21.54298],[72.72835,21.53884],[72.70943,21.53524],[72.70279,21.53746],[72.69954,21.5342],[72.69649,21.53583],[72.69856,21.5441],[72.69603,21.54766],[72.68671,21.54509],[72.68364,21.54826],[72.66695,21.54224],[72.65858,21.54122],[72.6551,21.54401],[72.65297,21.53934],[72.6356,21.54219],[72.63357,21.54833],[72.62567,21.54359],[72.61872,21.54838],[72.61376,21.55706],[72.61622,21.56674],[72.60977,21.58248],[72.62344,21.59631],[72.62998,21.61673],[72.636,21.61926],[72.6498,21.6165],[72.65273,21.62272],[72.65954,21.62706],[72.67301,21.62789],[72.69158,21.63742],[72.70079,21.64642],[72.71129,21.64438],[72.71578,21.63852],[72.72542,21.63801],[72.74629,21.64138],[72.75473,21.64742],[72.78672,21.64399],[72.80616,21.65042],[72.83564,21.66754],[72.85501,21.6611],[72.88671,21.65816],[72.91196,21.66388],[72.91795,21.66807],[72.92489,21.66482],[72.93478,21.66571],[72.97541,21.67471],[72.99241,21.68006],[73.00386,21.68831],[73.00182,21.696],[72.98978,21.69058],[72.99025,21.6866],[72.98548,21.68281],[72.9748,21.67856],[72.96073,21.68045],[72.93737,21.67733],[72.86808,21.68932],[72.85244,21.68551],[72.83444,21.67395],[72.79937,21.66243],[72.7657,21.66803],[72.75319,21.67583],[72.74529,21.68834],[72.7403,21.6902],[72.70881,21.67922],[72.69527,21.68212],[72.68539,21.67992],[72.67101,21.68422],[72.65594,21.67925],[72.60688,21.68292],[72.59454,21.67966],[72.56128,21.66051],[72.54313,21.65935],[72.52734,21.6758],[72.52773,21.71457],[72.53827,21.73441],[72.54709,21.73403],[72.54829,21.73649],[72.55301,21.7749],[72.56031,21.78286],[72.55786,21.78964],[72.5651,21.79335],[72.56012,21.79456],[72.56003,21.79958],[72.56617,21.80289],[72.56441,21.80929],[72.57267,21.81778],[72.58172,21.82048],[72.58535,21.82581],[72.58338,21.82836],[72.59089,21.83246],[72.59001,21.83592],[72.60134,21.85049],[72.61002,21.85036],[72.60957,21.85293],[72.60628,21.85159],[72.6081,21.85844],[72.61647,21.86075],[72.62725,21.89204],[72.62569,21.90283],[72.63448,21.91337],[72.63472,21.92406],[72.64294,21.94373],[72.63695,21.94751],[72.63351,21.93871],[72.63046,21.94793],[72.63495,21.95185],[72.68151,21.95522],[72.69218,21.95241],[72.69287,21.94393],[72.69779,21.9382],[72.70803,21.93577],[72.71737,21.93822],[72.72629,21.94967],[72.73759,21.95059],[72.74194,21.95413],[72.74612,21.96937],[72.75152,21.96816],[72.74912,21.97147],[72.7436,21.97165],[72.7428,21.96109],[72.73619,21.9516],[72.71855,21.95085],[72.71373,21.94139],[72.70542,21.94397],[72.70145,21.95923],[72.69599,21.96391],[72.63758,21.95948],[72.61491,21.9459],[72.58772,21.9226],[72.58634,21.89839],[72.5795,21.88671],[72.56827,21.8823],[72.55059,21.88435],[72.5463,21.87747],[72.51729,21.88141],[72.51718,21.89556],[72.50961,21.90291],[72.51052,21.92171],[72.50762,21.9299],[72.51006,21.93238],[72.50618,21.9412],[72.50977,21.95695],[72.50726,21.9582],[72.50742,21.96515],[72.51433,21.97246],[72.51783,22.02474],[72.52278,22.04926],[72.5512,22.15416],[72.56753,22.18425],[72.58763,22.20462],[72.61589,22.21649],[72.64657,22.21642],[72.65768,22.21272],[72.70071,22.18413],[72.71395,22.18521],[72.74174,22.17531],[72.7562,22.19571],[72.76845,22.19832],[72.78315,22.21268],[72.79493,22.21914],[72.7938,22.22131],[72.78395,22.21488],[72.78157,22.21664],[72.787,22.22289],[72.78982,22.23683],[72.79516,22.23986],[72.81008,22.24083],[72.85079,22.23533],[72.86064,22.22401],[72.87312,22.22134],[72.88927,22.2321],[72.90277,22.23498],[72.9165,22.25034],[72.92012,22.26712],[72.92933,22.28362],[72.92546,22.28983],[72.92357,22.27745],[72.9173,22.2712],[72.90908,22.28461],[72.90962,22.29452],[72.92852,22.30855],[72.94297,22.29314],[72.94896,22.26131],[72.95505,22.2516],[72.97249,22.24989],[72.9975,22.26075],[72.99746,22.26307],[72.97438,22.25326],[72.95631,22.25357],[72.95112,22.26494],[72.95114,22.28244],[72.94745,22.29359],[72.93124,22.31049],[72.92599,22.31004],[72.90929,22.29837],[72.9083,22.28112],[72.91288,22.27088],[72.90609,22.25304],[72.8771,22.23246],[72.86549,22.23256],[72.83737,22.26372],[72.82516,22.26626],[72.82347,22.26842],[72.82619,22.27142],[72.79547,22.25556],[72.76512,22.23418],[72.75188,22.23232],[72.70252,22.25968],[72.6724,22.25874],[72.66736,22.26239],[72.66812,22.26665],[72.68148,22.26118],[72.68535,22.26124],[72.68776,22.2659],[72.67142,22.26747],[72.65194,22.27542],[72.66209,22.28007],[72.65875,22.28144],[72.63322,22.28725],[72.61198,22.2841],[72.59029,22.2915],[72.57098,22.28851],[72.57009,22.2921],[72.55721,22.28535],[72.55237,22.27743],[72.54988,22.27765],[72.54952,22.28253],[72.5374,22.2799],[72.53459,22.28282],[72.53081,22.27762],[72.51982,22.27359],[72.50928,22.26005],[72.49709,22.26127],[72.49342,22.26572],[72.48885,22.2587],[72.48441,22.25941],[72.48182,22.26528],[72.47276,22.26193],[72.46887,22.26302],[72.46919,22.26818],[72.45319,22.27397],[72.44907,22.27262],[72.44205,22.2783],[72.4398,22.2955],[72.43388,22.30184],[72.41079,22.30971],[72.39506,22.30804],[72.38919,22.31142],[72.39155,22.3184],[72.40685,22.33589],[72.41365,22.35684],[72.39946,22.3687],[72.38713,22.39963],[72.38219,22.40457],[72.37583,22.40421],[72.37616,22.40177],[72.36768,22.40686],[72.37136,22.42163],[72.3783,22.42779],[72.37026,22.42805],[72.36428,22.40775],[72.36098,22.40718],[72.36229,22.41801],[72.35852,22.42001],[72.35794,22.40688],[72.36447,22.40441],[72.36921,22.39625],[72.37944,22.39616],[72.38954,22.38912],[72.38529,22.38661],[72.37804,22.38997],[72.36307,22.37686],[72.35725,22.37741],[72.3485,22.38665],[72.35036,22.39801],[72.34332,22.41899],[72.34082,22.4192],[72.34476,22.39405],[72.3379,22.39111],[72.3313,22.39641],[72.33495,22.40779],[72.32808,22.41976],[72.32092,22.42531],[72.28609,22.42357],[72.27048,22.4435],[72.24795,22.44942],[72.23391,22.44532],[72.22844,22.44921],[72.22893,22.44549],[72.23451,22.44301],[72.24828,22.44659],[72.26691,22.44228],[72.28557,22.42176],[72.30028,22.41969],[72.31956,22.42438],[72.32487,22.42151],[72.33328,22.40853],[72.33216,22.40208],[72.32955,22.40323],[72.32658,22.3971],[72.32803,22.39352],[72.34399,22.3884],[72.34346,22.38252],[72.34923,22.3772],[72.34678,22.37531],[72.35658,22.36891],[72.37249,22.37611],[72.38349,22.37326],[72.39151,22.36484],[72.39857,22.34939],[72.38491,22.34814],[72.36906,22.33772],[72.3488,22.34138],[72.3442,22.33616],[72.36242,22.33774],[72.36035,22.3305],[72.35416,22.32886],[72.36127,22.32563],[72.35206,22.31545],[72.35321,22.31315],[72.343,22.31221],[72.33658,22.31506],[72.33622,22.3121],[72.34716,22.31151],[72.34888,22.30819],[72.34739,22.29916],[72.34965,22.29637],[72.3469,22.29581],[72.3502,22.28223],[72.34285,22.28339],[72.339,22.28976],[72.33239,22.28811],[72.33804,22.28203],[72.3341,22.2781],[72.35259,22.26503],[72.34804,22.26444],[72.35169,22.2618],[72.35306,22.24754],[72.35116,22.24571],[72.34812,22.25312],[72.3421,22.24247],[72.33271,22.24206],[72.32872,22.23428],[72.33172,22.22893],[72.32722,22.22576],[72.32732,22.22036],[72.31849,22.21996],[72.31562,22.21078],[72.30564,22.2128],[72.30515,22.2164],[72.3115,22.22409],[72.31915,22.22126],[72.32085,22.23389],[72.29543,22.2408],[72.30614,22.22979],[72.29287,22.23034],[72.29127,22.22736],[72.2971,22.22591],[72.29828,22.22207],[72.29384,22.22264],[72.29153,22.21385],[72.28824,22.21226],[72.29229,22.21001],[72.29286,22.20178],[72.28953,22.2025],[72.29001,22.19916],[72.28498,22.19496],[72.2841,22.19752],[72.2722,22.19887],[72.27228,22.19449],[72.27863,22.19486],[72.2866,22.18238],[72.29329,22.17967],[72.29157,22.17526],[72.2889,22.17805],[72.28703,22.17467],[72.28147,22.17638],[72.28156,22.17162],[72.28736,22.17159],[72.28178,22.16018],[72.283,22.15454],[72.29015,22.14848],[72.28953,22.14513],[72.28527,22.14403],[72.28158,22.14937],[72.27255,22.15205],[72.26924,22.14479],[72.24697,22.14647],[72.24827,22.14392],[72.24188,22.13841],[72.23411,22.14034],[72.23284,22.13504],[72.24213,22.13276],[72.23654,22.12906],[72.23634,22.12546],[72.24135,22.12348],[72.24091,22.1173],[72.26171,22.11251],[72.2743,22.08982],[72.26989,22.08923],[72.26763,22.08482],[72.27554,22.08289],[72.27503,22.08031],[72.26352,22.07626],[72.25632,22.0773],[72.25793,22.07282],[72.25153,22.06808],[72.24665,22.07083],[72.25015,22.07552],[72.24685,22.0819],[72.24666,22.07726],[72.24027,22.07227],[72.23978,22.06223],[72.23704,22.06115],[72.2344,22.06882],[72.22583,22.06984],[72.2347,22.06085],[72.22961,22.06],[72.22525,22.04294],[72.21764,22.05117],[72.2227,22.0393],[72.21859,22.01659],[72.20641,22.0187],[72.20357,22.02302],[72.20302,22.0369],[72.1975,22.03681],[72.19715,22.03346],[72.19105,22.0349],[72.18955,22.06883],[72.19706,22.08002],[72.1972,22.08671],[72.19065,22.07631],[72.18727,22.07985],[72.18241,22.07437],[72.17687,22.04752],[72.17116,22.05719],[72.16257,22.05859],[72.16171,22.06732],[72.14586,22.08017],[72.13851,22.09521],[72.13308,22.09795],[72.13517,22.10733],[72.13139,22.10286],[72.12299,22.10549],[72.11697,22.10245],[72.12827,22.10339],[72.14284,22.07239],[72.1509,22.06945],[72.15417,22.06475],[72.16109,22.06397],[72.15727,22.05464],[72.14527,22.06138],[72.1487,22.05526],[72.14396,22.05093],[72.15204,22.04696],[72.16167,22.04841],[72.16653,22.03988],[72.16091,22.04518],[72.15903,22.04232],[72.14238,22.04718],[72.13886,22.04377],[72.13974,22.04147],[72.14994,22.04178],[72.15279,22.03707],[72.15773,22.0387],[72.16648,22.03576],[72.16528,22.03355],[72.15283,22.03501],[72.15592,22.0186],[72.15088,22.01647],[72.16141,22.01304],[72.16467,21.99483],[72.1567,21.99353],[72.15522,21.99852],[72.15054,21.99818],[72.15131,21.98688],[72.14692,21.98603],[72.14212,21.99135],[72.14183,21.9988],[72.13364,22.01551],[72.12743,22.01527],[72.125,22.0196],[72.11626,22.01508],[72.11446,22.02225],[72.10213,22.01804],[72.10001,22.02045],[72.10241,22.02486],[72.09644,22.03325],[72.09726,22.02683],[72.09426,22.02536],[72.08945,22.03132],[72.07919,22.03384],[72.07583,22.04266],[72.07337,22.04158],[72.07425,22.03234],[72.07952,22.03102],[72.07438,22.02604],[72.06941,22.02646],[72.07359,22.02448],[72.08258,22.03004],[72.08728,22.02948],[72.08885,22.02668],[72.08393,22.02454],[72.08226,22.01846],[72.09,22.01796],[72.08757,22.01534],[72.09284,22.01376],[72.09545,22.00751],[72.10847,22.00491],[72.09451,21.99964],[72.09403,21.99603],[72.11073,21.99543],[72.11121,21.99235],[72.10154,21.99295],[72.09886,21.9893],[72.11507,21.98521],[72.12116,21.97735],[72.11739,21.97316],[72.11855,21.9701],[72.09996,21.97594],[72.09766,21.98028],[72.08835,21.9769],[72.07183,21.98239],[72.06327,21.97606],[72.07073,21.97555],[72.07471,21.96984],[72.09922,21.9713],[72.09729,21.96458],[72.08754,21.9626],[72.08981,21.95969],[72.0994,21.96269],[72.09921,21.95818],[72.10395,21.95582],[72.11582,21.95539],[72.11451,21.95176],[72.10461,21.95043],[72.1055,21.94723],[72.10028,21.94649],[72.09585,21.94732],[72.09432,21.95475],[72.08879,21.95555],[72.08784,21.94808],[72.09057,21.94928],[72.09286,21.94521],[72.06147,21.9431],[72.05989,21.93935],[72.07527,21.93563],[72.07973,21.93996],[72.08636,21.93956],[72.08985,21.93718],[72.08969,21.93152],[72.09585,21.92018],[72.10581,21.91842],[72.10874,21.92349],[72.11596,21.92092],[72.11683,21.91887],[72.11164,21.91647],[72.10363,21.91697],[72.10456,21.91197],[72.10157,21.90973],[72.11069,21.90886],[72.11998,21.91314],[72.12584,21.90926],[72.11734,21.90731],[72.12401,21.90447],[72.12437,21.90048],[72.12986,21.90148],[72.14186,21.92176],[72.1481,21.91993],[72.14822,21.92791],[72.15579,21.94232],[72.17515,21.93905],[72.17864,21.93693],[72.17615,21.93045],[72.18306,21.92954],[72.18462,21.93458],[72.21038,21.92859],[72.21871,21.93246],[72.21933,21.92913],[72.21564,21.92727],[72.20743,21.90989],[72.22483,21.90851],[72.23194,21.90413],[72.24122,21.88062],[72.24613,21.85446],[72.24426,21.83693],[72.24994,21.83548],[72.24553,21.82821],[72.24986,21.82545],[72.24106,21.80987],[72.22224,21.81457],[72.21043,21.82659],[72.19133,21.83128],[72.17876,21.82579],[72.17567,21.81468],[72.15998,21.81402],[72.1537,21.82523],[72.14869,21.82798],[72.14429,21.82751],[72.1479,21.81214],[72.13518,21.81436],[72.13065,21.82059],[72.14222,21.82066],[72.14379,21.82468],[72.13627,21.82892],[72.13197,21.83733],[72.12816,21.83495],[72.12287,21.83743],[72.11597,21.84503],[72.11,21.84029],[72.11036,21.82924],[72.1011,21.82419],[72.10201,21.8197],[72.09538,21.82061],[72.09585,21.81818],[72.10599,21.81373],[72.11292,21.81848],[72.11949,21.81396],[72.11639,21.81056],[72.12091,21.80473],[72.11838,21.80057],[72.12694,21.79956],[72.13608,21.81065],[72.13385,21.80495],[72.14369,21.80216],[72.14637,21.80594],[72.15551,21.80365],[72.15436,21.79193],[72.16419,21.79608],[72.1659,21.79328],[72.17358,21.79522],[72.18126,21.78982],[72.17816,21.80057],[72.19026,21.80142],[72.21426,21.78549],[72.20896,21.77459],[72.21482,21.77096],[72.21754,21.77255],[72.22328,21.76789],[72.22208,21.76542],[72.23697,21.76465],[72.22957,21.76259],[72.22854,21.75923],[72.23844,21.75991],[72.23308,21.75236],[72.22563,21.75301],[72.23319,21.74644],[72.22723,21.74133],[72.23377,21.74491],[72.23469,21.73978],[72.23937,21.74012],[72.24211,21.72627],[72.23874,21.71515],[72.21472,21.71861],[72.21646,21.71452],[72.23964,21.71143],[72.24401,21.70598],[72.23272,21.6991],[72.24893,21.70053],[72.26408,21.69319],[72.26544,21.68639],[72.27191,21.68663],[72.27026,21.69367],[72.27927,21.69035],[72.28538,21.6727],[72.28426,21.6665],[72.27786,21.66305],[72.27999,21.65923],[72.28855,21.65783],[72.28836,21.65319],[72.29509,21.65382],[72.30242,21.64467],[72.30598,21.63084],[72.30128,21.61738],[72.27027,21.57597],[72.26391,21.55605],[72.26387,21.53624],[72.24987,21.49073],[72.23659,21.46658],[72.23526,21.45678],[72.22624,21.44712],[72.21267,21.42348],[72.16689,21.38232],[72.16606,21.37536],[72.12733,21.33354],[72.11093,21.30856],[72.10499,21.31051],[72.09681,21.32169],[72.08752,21.32616],[72.09467,21.31882],[72.09444,21.31638],[72.08921,21.31719],[72.08822,21.31177],[72.09565,21.31048],[72.103,21.29993],[72.11231,21.29417],[72.10557,21.28094],[72.10175,21.27946],[72.09185,21.28739],[72.09666,21.28001],[72.09686,21.26304],[72.09276,21.26219],[72.08169,21.24605],[72.08257,21.24324],[72.08556,21.24432],[72.09071,21.22691],[72.1076,21.21203],[72.11046,21.19883],[72.08538,21.19081],[72.07405,21.18135],[72.04824,21.16855],[72.04506,21.16309],[72.01808,21.15464],[72.0089,21.14754],[72.00744,21.13825],[71.99766,21.14279],[72,21.1533],[72.0128,21.16484],[72.012,21.17074],[72.00624,21.17064],[72.00494,21.16702],[71.99699,21.16364],[71.99746,21.16003],[71.99365,21.16138],[71.9948,21.15725],[71.98615,21.15663],[71.9874,21.1503],[71.9907,21.15114],[71.99173,21.14778],[71.99045,21.13829],[71.97526,21.13289],[71.97141,21.12576],[71.94047,21.12064],[71.93926,21.11513],[71.93023,21.11619],[71.92439,21.11204],[71.89501,21.10933],[71.87873,21.0898],[71.86031,21.08741],[71.8511,21.07869],[71.8401,21.07669],[71.84158,21.08271],[71.84573,21.08444],[71.84308,21.08937],[71.83763,21.09101],[71.83774,21.09667],[71.8287,21.0972],[71.82052,21.08512],[71.81222,21.08088],[71.81656,21.07875],[71.82128,21.08189],[71.8262,21.08091],[71.82477,21.07759],[71.83668,21.07713],[71.8354,21.07445],[71.82818,21.06981],[71.82,21.07188],[71.7953,21.05595],[71.79283,21.05573],[71.79184,21.06115],[71.79545,21.06392],[71.79136,21.06515],[71.78491,21.05728],[71.78516,21.06332],[71.77648,21.06063],[71.78032,21.05336],[71.779,21.04875],[71.78342,21.05087],[71.80184,21.04658],[71.80459,21.03971],[71.79417,21.03924],[71.78603,21.04362],[71.77716,21.03823],[71.77194,21.05234],[71.76483,21.0459],[71.76601,21.04266],[71.77083,21.03679],[71.78214,21.03327],[71.78057,21.0302],[71.76517,21.02698],[71.7615,21.02112],[71.75331,21.0228],[71.73856,21.01802],[71.73657,21.02191],[71.73158,21.01878],[71.71846,21.0204],[71.69991,21.00963],[71.68226,21.00374],[71.67734,20.99667],[71.66766,20.99895],[71.65063,20.99651],[71.63346,20.98636],[71.62715,20.98594],[71.62543,20.98147],[71.6302,20.98011],[71.63418,20.9731],[71.62718,20.97192],[71.62824,20.96984],[71.62301,20.96825],[71.62353,20.97506],[71.61965,20.98027],[71.6065,20.97996],[71.60712,20.98406],[71.6107,20.98542],[71.60815,20.98842],[71.60976,20.99432],[71.61668,20.9982],[71.62446,20.9964],[71.62906,21.00097],[71.63617,21.00021],[71.64197,21.00308],[71.64368,21.00666],[71.64123,21.00772],[71.63426,21.00063],[71.6313,21.00389],[71.62498,21.00257],[71.62493,21.00772],[71.62152,21.00854],[71.60645,21.00878],[71.60171,21.00422],[71.59258,21.00719],[71.58934,21.00209],[71.58634,21.00291],[71.58757,21.01022],[71.60082,21.00809],[71.58652,21.0132],[71.58483,21.01039],[71.56422,21.00684],[71.56431,21.00427],[71.56991,21.00328],[71.56727,20.99342],[71.56425,20.99295],[71.56272,20.9994],[71.55505,20.99978],[71.55544,21.00659],[71.54481,21.00984],[71.54419,21.00586],[71.54871,21.00579],[71.54933,21.00166],[71.54217,20.99971],[71.53922,21.0031],[71.53591,21.00212],[71.53667,20.99838],[71.53169,20.99588],[71.52767,21.00122],[71.52245,21.00039],[71.51786,21.00445],[71.49864,21.00216],[71.50004,20.99545],[71.50877,20.99352],[71.5154,20.98814],[71.52635,20.98747],[71.53026,20.99178],[71.53206,20.9852],[71.52381,20.98352],[71.52575,20.97654],[71.52996,20.97429],[71.5366,20.97779],[71.54047,20.97195],[71.55206,20.96894],[71.55202,20.96663],[71.52274,20.95201],[71.51514,20.95663],[71.51318,20.96206],[71.50967,20.95696],[71.49701,20.95368],[71.49584,20.94919],[71.51241,20.95692],[71.51559,20.9507],[71.50504,20.93361],[71.51431,20.92293],[71.50517,20.91689],[71.50083,20.91939],[71.47886,20.91598],[71.47989,20.91185],[71.47478,20.90935],[71.47791,20.90789],[71.48296,20.91528],[71.48676,20.91355],[71.48009,20.9076],[71.4788,20.90389],[71.48218,20.90127],[71.47721,20.89079],[71.46324,20.88173],[71.44872,20.88168],[71.44088,20.87098],[71.43043,20.86817],[71.40443,20.86854],[71.39946,20.86578],[71.39223,20.86781],[71.39493,20.87395],[71.38784,20.87598],[71.37131,20.86926],[71.36077,20.87828],[71.35842,20.88552],[71.36553,20.89366],[71.37867,20.89322],[71.37867,20.90184],[71.38492,20.89879],[71.38555,20.90393],[71.37896,20.90312],[71.37818,20.90583],[71.38333,20.91091],[71.3802,20.91211],[71.38028,20.91687],[71.38888,20.91572],[71.38948,20.9188],[71.37786,20.91999],[71.37683,20.92413],[71.37256,20.92238],[71.37881,20.9111],[71.37501,20.89558],[71.36515,20.89546],[71.36722,20.90547],[71.35923,20.90249],[71.35865,20.89993],[71.36301,20.8991],[71.36254,20.89499],[71.35653,20.88735],[71.35322,20.89434],[71.34922,20.8926],[71.34708,20.89597],[71.3364,20.89573],[71.34998,20.88847],[71.35155,20.88381],[71.34463,20.87928],[71.33815,20.8849],[71.32965,20.8845],[71.31065,20.87729],[71.3055,20.88084],[71.30063,20.87601],[71.3183,20.87667],[71.32826,20.88323],[71.33785,20.88336],[71.33422,20.87877],[71.33533,20.87091],[71.3367,20.87977],[71.34488,20.87786],[71.35042,20.8819],[71.36882,20.86775],[71.38081,20.86398],[71.38234,20.85688],[71.32031,20.84667],[71.29494,20.83478],[71.29242,20.83083],[71.28007,20.82906],[71.25881,20.81699],[71.23848,20.81224],[71.2329,20.8051],[71.20847,20.80027],[71.20403,20.79501],[71.20809,20.80283],[71.21662,20.80557],[71.22252,20.81543],[71.21326,20.80948],[71.21127,20.8041],[71.19844,20.80658],[71.2059,20.80236],[71.20256,20.78915],[71.15809,20.77942],[71.15017,20.77141],[71.14876,20.75856],[71.1274,20.75754],[71.12133,20.75414],[71.11317,20.75772],[71.0932,20.75783],[71.07776,20.7494],[71.07686,20.74323],[71.08066,20.74113],[71.08007,20.7383],[71.0598,20.73674],[71.05015,20.73132],[71.02672,20.73855],[71.0069,20.73786],[70.99406,20.73108],[70.98901,20.72162],[70.98276,20.72478],[70.98172,20.72161],[70.99726,20.71406],[70.97923,20.70577],[70.97727,20.70219],[70.96886,20.70769],[70.95431,20.70387],[70.92568,20.71166],[70.91661,20.70828],[70.91597,20.70082],[70.89736,20.69974],[70.89769,20.70463],[70.89035,20.70857],[70.87311,20.7085],[70.8742,20.71879],[70.88522,20.72536],[70.8854,20.72858],[70.90623,20.73131],[70.90573,20.73466],[70.92813,20.73196],[70.93375,20.74387],[70.91135,20.74657],[70.91461,20.7446],[70.91321,20.74204],[70.90302,20.73752],[70.88522,20.73592],[70.88134,20.73197],[70.87284,20.73052],[70.86366,20.74104],[70.86469,20.75776],[70.85562,20.75464],[70.85182,20.75713],[70.84874,20.76257],[70.84863,20.77621],[70.84522,20.77702],[70.84488,20.77188],[70.8407,20.77681],[70.8342,20.75989],[70.83495,20.75422],[70.81901,20.73689],[70.82281,20.73427],[70.82341,20.73916],[70.83421,20.73801],[70.83484,20.7447],[70.85137,20.75379],[70.85694,20.7509],[70.85571,20.73958],[70.86894,20.72502],[70.86862,20.72142],[70.85794,20.72025],[70.86836,20.71087],[70.86896,20.70404],[70.84793,20.70762],[70.83804,20.70373],[70.83358,20.69709],[70.83625,20.6914],[70.82393,20.69114],[70.78589,20.71265],[70.76355,20.72137],[70.74357,20.72042],[70.7158,20.73293],[70.6818,20.75218],[70.67343,20.76179],[70.65643,20.75899],[70.63382,20.76899],[70.61495,20.77085],[70.60954,20.7772],[70.58605,20.78206],[70.57601,20.79103],[70.56018,20.79555],[70.55288,20.80412],[70.53645,20.80413],[70.5324,20.80945],[70.52121,20.81302],[70.50952,20.82162],[70.48906,20.82927],[70.48692,20.83508],[70.47519,20.83982],[70.46888,20.83871],[70.44137,20.85452],[70.4389,20.85338],[70.41335,20.87484],[70.41259,20.88128],[70.4178,20.88162],[70.41604,20.88434],[70.40905,20.8835],[70.37717,20.90242],[70.37197,20.90311],[70.36865,20.89902],[70.35637,20.90542],[70.34742,20.91528],[70.32149,20.92681],[70.30845,20.93952],[70.2553,20.97468],[70.23682,20.9949],[70.22153,21.00286],[70.15451,21.05779],[70.10521,21.10549],[70.09372,21.11046],[70.07901,21.1242],[70.00761,21.19776],[69.71076,21.53195],[69.67513,21.56197],[69.61347,21.62709],[69.60222,21.63743],[69.5912,21.63721],[69.59229,21.6336],[69.57004,21.64784],[69.51238,21.69876],[69.47393,21.73775],[69.43186,21.76722],[69.36807,21.832],[69.36835,21.83509],[69.3729,21.8325],[69.38197,21.82373],[69.38051,21.84228],[69.37307,21.8459],[69.3707,21.83741],[69.36587,21.83433],[69.35347,21.83796],[69.28518,21.89345],[69.21713,21.95793],[69.19922,21.97983],[69.18654,21.98989],[69.11261,22.06875],[69.09039,22.09709],[69.05227,22.13186],[68.99354,22.19779],[68.96588,22.2355],[68.96948,22.23653],[68.97142,22.23229],[68.98054,22.22572],[68.98165,22.22752],[68.97473,22.23126],[68.97058,22.23834],[68.96561,22.23576],[68.95731,22.23795],[68.95302,22.25185],[68.95841,22.25623],[68.95772,22.25957],[68.94277,22.28866],[68.93639,22.31029],[68.94289,22.33231],[68.95313,22.33282],[68.95659,22.33862],[68.95782,22.36823],[68.98522,22.41432],[69.01403,22.44483],[69.05503,22.46568],[69.06708,22.47893],[69.07914,22.47906],[69.08329,22.47481],[69.07747,22.46786],[69.07358,22.45318],[69.06638,22.4528],[69.04283,22.43543],[69.05376,22.40968],[69.04531,22.40608],[69.04448,22.40028],[69.06455,22.39088],[69.07992,22.38765],[69.09487,22.39614],[69.10041,22.39601],[69.10373,22.39807],[69.10263,22.40373],[69.09903,22.40374],[69.10208,22.40953],[69.11039,22.40978],[69.1126,22.40488],[69.12962,22.39625],[69.13765,22.40036],[69.13835,22.40396],[69.15136,22.40421],[69.15996,22.41308],[69.17104,22.41333],[69.17326,22.42157],[69.19265,22.42206],[69.19249,22.40829],[69.20009,22.4012],[69.19704,22.39515],[69.19966,22.39154],[69.17556,22.37638],[69.17403,22.372],[69.18123,22.37303],[69.18178,22.37019],[69.17319,22.36325],[69.17097,22.3563],[69.17747,22.35552],[69.17386,22.34986],[69.16542,22.34755],[69.16887,22.34394],[69.16955,22.33287],[69.15777,22.31409],[69.17211,22.27674],[69.1869,22.2672],[69.18482,22.26488],[69.19021,22.2587],[69.18784,22.24583],[69.19033,22.24402],[69.19712,22.2583],[69.20818,22.25481],[69.2104,22.25713],[69.23446,22.25362],[69.2368,22.24988],[69.24194,22.26146],[69.2544,22.26723],[69.27321,22.26592],[69.2837,22.25444],[69.28206,22.26835],[69.29314,22.27605],[69.29898,22.28724],[69.3081,22.28594],[69.32001,22.29029],[69.32599,22.30174],[69.3336,22.30262],[69.33929,22.31046],[69.34069,22.31793],[69.33849,22.32205],[69.33281,22.32206],[69.33283,22.3276],[69.35399,22.32588],[69.35316,22.32305],[69.34402,22.32333],[69.34954,22.3143],[69.35355,22.31339],[69.36489,22.31157],[69.36863,22.31323],[69.36656,22.3162],[69.37736,22.31978],[69.38191,22.31346],[69.38203,22.30522],[69.38868,22.30894],[69.40555,22.30761],[69.41303,22.31042],[69.41662,22.30758],[69.41885,22.31272],[69.42994,22.31887],[69.44391,22.31922],[69.44418,22.31587],[69.44695,22.31612],[69.44692,22.30763],[69.43749,22.30199],[69.43263,22.29441],[69.45051,22.30607],[69.4491,22.29861],[69.45227,22.29397],[69.44659,22.29167],[69.44755,22.28767],[69.46276,22.28583],[69.46388,22.29033],[69.45696,22.28983],[69.45505,22.29911],[69.46003,22.29832],[69.46157,22.30424],[69.46805,22.29624],[69.47482,22.29493],[69.47525,22.29815],[69.47968,22.29955],[69.47194,22.30035],[69.46531,22.30616],[69.45898,22.31558],[69.4601,22.32021],[69.46175,22.31634],[69.46618,22.3171],[69.46425,22.31994],[69.4701,22.33086],[69.49295,22.3353],[69.48939,22.34741],[69.49358,22.35796],[69.499,22.36425],[69.50745,22.36564],[69.51453,22.37089],[69.52697,22.3657],[69.54026,22.36836],[69.53973,22.37326],[69.54416,22.37337],[69.55226,22.35674],[69.54849,22.34903],[69.53977,22.34751],[69.53907,22.34494],[69.55843,22.34307],[69.56717,22.34896],[69.57066,22.35551],[69.5762,22.35562],[69.58115,22.3484],[69.57006,22.34406],[69.56644,22.33867],[69.57133,22.31548],[69.56758,22.31266],[69.57033,22.30904],[69.57463,22.31134],[69.5771,22.30503],[69.58236,22.30668],[69.57949,22.3157],[69.59705,22.31281],[69.60968,22.32177],[69.61931,22.3395],[69.6197,22.36602],[69.65118,22.34916],[69.65155,22.34092],[69.665,22.34601],[69.65839,22.35222],[69.65763,22.3669],[69.66005,22.38208],[69.66549,22.39055],[69.68017,22.39294],[69.68223,22.38894],[69.69454,22.3858],[69.70074,22.38036],[69.70119,22.38731],[69.70537,22.39231],[69.70558,22.4066],[69.71127,22.41031],[69.70492,22.4133],[69.70412,22.41897],[69.71826,22.4238],[69.71791,22.43616],[69.71199,22.44313],[69.68014,22.4434],[69.67514,22.4393],[69.67395,22.44166],[69.68153,22.44417],[69.71144,22.44391],[69.70593,22.44882],[69.70691,22.45217],[69.72625,22.46856],[69.7255,22.45775],[69.73145,22.43069],[69.73934,22.42885],[69.7426,22.41867],[69.75036,22.4185],[69.75079,22.42107],[69.75646,22.42015],[69.75925,22.42361],[69.75722,22.4334],[69.75985,22.43313],[69.77073,22.42175],[69.77864,22.40009],[69.77449,22.37565],[69.77753,22.37473],[69.78434,22.38024],[69.78721,22.3743],[69.79527,22.37915],[69.79127,22.38226],[69.79648,22.39666],[69.80092,22.39882],[69.81032,22.39581],[69.80952,22.40251],[69.81707,22.41535],[69.80269,22.41877],[69.80329,22.42546],[69.81685,22.42423],[69.8207,22.42061],[69.82613,22.42586],[69.83432,22.4513],[69.8483,22.44994],[69.84384,22.44507],[69.85102,22.4422],[69.85519,22.44476],[69.86971,22.44236],[69.86741,22.42796],[69.87168,22.42407],[69.87171,22.42948],[69.87671,22.43151],[69.87591,22.43602],[69.87867,22.43498],[69.87623,22.44361],[69.88738,22.45552],[69.89433,22.45832],[69.90428,22.45504],[69.91362,22.44379],[69.91784,22.45419],[69.92355,22.43794],[69.92543,22.44952],[69.92662,22.44166],[69.92857,22.44332],[69.93226,22.45579],[69.93434,22.47804],[69.94073,22.48045],[69.94929,22.47667],[69.95209,22.48103],[69.96481,22.47748],[69.96663,22.48043],[69.97851,22.47546],[69.97744,22.48088],[69.97288,22.48193],[69.96546,22.49099],[69.97695,22.49015],[69.97587,22.49402],[69.98319,22.51019],[69.98998,22.51053],[69.99389,22.5154],[70.00221,22.51574],[70.00161,22.5102],[70.00704,22.5139],[70.00334,22.5183],[70.00944,22.51994],[70.01281,22.5252],[70.01696,22.5244],[70.01659,22.53109],[70.02033,22.53107],[70.02084,22.5254],[70.02376,22.5259],[70.02448,22.53027],[70.02982,22.52071],[70.02982,22.53976],[70.03397,22.53948],[70.03058,22.54954],[70.04254,22.55538],[70.05842,22.54743],[70.06129,22.54265],[70.05972,22.53609],[70.06537,22.53206],[70.06362,22.52075],[70.05857,22.5128],[70.06119,22.51034],[70.06866,22.50874],[70.07117,22.51092],[70.06983,22.5171],[70.07592,22.51603],[70.08343,22.5201],[70.08046,22.53016],[70.09434,22.53316],[70.0955,22.54049],[70.11379,22.53997],[70.11848,22.53711],[70.11064,22.52764],[70.11159,22.52454],[70.11605,22.52786],[70.11806,22.51961],[70.12836,22.52507],[70.13055,22.52209],[70.13582,22.52322],[70.13529,22.52605],[70.1223,22.52923],[70.13092,22.53368],[70.12518,22.5435],[70.14085,22.54493],[70.14331,22.52393],[70.14662,22.52211],[70.14872,22.52506],[70.14386,22.53976],[70.14599,22.54618],[70.1654,22.54759],[70.17325,22.54135],[70.17191,22.54728],[70.17598,22.55343],[70.1769,22.56347],[70.19244,22.58163],[70.19094,22.58421],[70.19372,22.586],[70.2019,22.6176],[70.21051,22.61959],[70.21335,22.62755],[70.22069,22.62659],[70.23133,22.65367],[70.23751,22.64616],[70.24291,22.6456],[70.24274,22.64226],[70.25644,22.65425],[70.25045,22.66665],[70.25852,22.66929],[70.25292,22.67925],[70.25671,22.68372],[70.26443,22.67928],[70.27167,22.68193],[70.26607,22.6915],[70.27263,22.69608],[70.26794,22.69882],[70.27462,22.70108],[70.26491,22.70078],[70.26538,22.70669],[70.27941,22.70903],[70.2877,22.7051],[70.27847,22.71225],[70.27846,22.72615],[70.29293,22.72977],[70.32299,22.75359],[70.32839,22.75252],[70.32724,22.74892],[70.31245,22.7399],[70.31381,22.73706],[70.31661,22.73987],[70.32409,22.73826],[70.32826,22.7103],[70.33992,22.71072],[70.34501,22.70707],[70.34798,22.7122],[70.36319,22.7073],[70.37265,22.71057],[70.37464,22.71519],[70.37964,22.7154],[70.38093,22.71938],[70.37665,22.72135],[70.37988,22.72582],[70.37683,22.72636],[70.3796,22.73895],[70.3757,22.73809],[70.37685,22.74181],[70.37327,22.74441],[70.37524,22.74684],[70.37923,22.74385],[70.37844,22.74823],[70.38347,22.75179],[70.38055,22.7652],[70.38489,22.76838],[70.39097,22.76601],[70.38795,22.76951],[70.39326,22.77268],[70.38743,22.77299],[70.38944,22.77889],[70.38059,22.7827],[70.39681,22.79453],[70.40125,22.79436],[70.40617,22.79973],[70.40552,22.80398],[70.40786,22.80203],[70.41115,22.8123],[70.41946,22.80952],[70.42493,22.80188],[70.42964,22.80081],[70.42738,22.81112],[70.43172,22.81391],[70.43007,22.81599],[70.43402,22.82187],[70.44851,22.8265],[70.45334,22.82401],[70.45934,22.82666],[70.46569,22.82313],[70.46716,22.83045],[70.47404,22.83798],[70.47438,22.84313],[70.464,22.83344],[70.47395,22.85497],[70.47138,22.86169],[70.47941,22.87165],[70.47822,22.8772],[70.48161,22.88296],[70.48494,22.88241],[70.4836,22.8868],[70.48805,22.88727],[70.48739,22.89114],[70.49047,22.89291],[70.48313,22.90791],[70.48718,22.90967],[70.49542,22.90059],[70.50035,22.90723],[70.49554,22.91152],[70.48968,22.90926],[70.4859,22.91998],[70.48982,22.92265],[70.49396,22.92016],[70.50515,22.90178],[70.49897,22.9205],[70.50811,22.91797],[70.51369,22.90736],[70.52135,22.90909],[70.5203,22.91502],[70.52596,22.92372],[70.52707,22.93606],[70.51862,22.93885],[70.51769,22.94207],[70.53259,22.94528],[70.4709,22.94625],[70.46014,22.95304],[70.45623,22.95179],[70.44826,22.95984],[70.47046,22.95642],[70.47071,22.95358],[70.49945,22.96374],[70.54284,22.95444],[70.54322,22.95084],[70.54764,22.94899],[70.54754,22.9526],[70.55216,22.95551],[70.52833,22.96128],[70.52836,22.96462],[70.51611,22.96294],[70.51671,22.96653],[70.53121,22.97077],[70.54026,22.98407],[70.54148,22.99409],[70.53119,22.99368],[70.53178,22.99676],[70.52845,22.99705],[70.52754,22.99063],[70.51339,22.99269],[70.51343,22.99668],[70.51871,22.99637],[70.51988,23.00151],[70.51211,23.00236],[70.51354,23.0062],[70.51937,23.00563],[70.52027,23.01103],[70.52832,23.00992],[70.53197,23.01298],[70.5329,23.02223],[70.53624,23.02169],[70.53557,23.01165],[70.54723,23.01],[70.54704,23.00562],[70.55051,23.00507],[70.55394,23.01328],[70.54783,23.01462],[70.54843,23.01796],[70.55481,23.01713],[70.56022,23.02814],[70.57287,23.03973],[70.57675,23.03866],[70.57198,23.03433],[70.58034,23.03579],[70.58773,23.02581],[70.59148,23.02551],[70.59437,23.03501],[70.6004,23.03919],[70.60454,23.04855],[70.59444,23.05277],[70.58577,23.04886],[70.58264,23.05443],[70.58978,23.05886],[70.59616,23.05713],[70.60071,23.06519],[70.60992,23.0678],[70.59461,23.06718],[70.59221,23.07583],[70.60001,23.07729],[70.61435,23.08976],[70.61429,23.085],[70.61803,23.08341],[70.62522,23.09119],[70.63293,23.08468],[70.64379,23.0973],[70.64778,23.09366],[70.65025,23.10238],[70.64575,23.10938],[70.67888,23.1219],[70.6763,23.12707],[70.68329,23.1297],[70.68781,23.12463],[70.70379,23.13347],[70.70067,23.13994],[70.69037,23.13941],[70.6885,23.14573],[70.71081,23.14948],[70.71912,23.15724],[70.7171,23.16267],[70.70561,23.15623],[70.69868,23.17007],[70.69787,23.18295],[70.71161,23.19039],[70.71919,23.18452],[70.71775,23.19174],[70.72222,23.19311],[70.72624,23.19191],[70.72768,23.18481],[70.73089,23.18542],[70.72633,23.19374],[70.72907,23.19496],[70.73742,23.17351],[70.74902,23.15588],[70.74161,23.17449],[70.75241,23.18094],[70.76045,23.16811],[70.75303,23.16433],[70.7658,23.16174],[70.76627,23.15504],[70.7699,23.15642],[70.76862,23.16454],[70.78449,23.16526],[70.79696,23.1713],[70.79994,23.16509],[70.79549,23.1551],[70.80669,23.16012],[70.80774,23.15496],[70.81136,23.15569],[70.81253,23.1598],[70.81545,23.15976],[70.81645,23.151],[70.81236,23.14719],[70.81227,23.1405],[70.83501,23.12402],[70.83399,23.12043],[70.82761,23.12218],[70.83118,23.11853],[70.83001,23.1143],[70.82666,23.11369],[70.83317,23.10139],[70.83554,23.10162],[70.83778,23.11305],[70.8408,23.1098],[70.84336,23.1144],[70.84865,23.11447],[70.84912,23.11819],[70.85755,23.12401],[70.85817,23.12915],[70.84764,23.14189],[70.8288,23.14828],[70.82623,23.15423],[70.83061,23.15868],[70.83421,23.15774],[70.83389,23.1544],[70.84388,23.15197],[70.84426,23.15994],[70.83454,23.16134],[70.83552,23.1715],[70.86091,23.17583],[70.87202,23.17467],[70.88211,23.17931],[70.91832,23.18106],[70.92259,23.18783],[70.93821,23.18878],[70.93901,23.17785],[70.93532,23.16271],[70.94086,23.16097],[70.9493,23.14787],[70.94315,23.14614],[70.94352,23.14305],[70.9525,23.13843],[70.95075,23.14296],[70.95423,23.14292],[70.9542,23.15012],[70.94986,23.1579],[70.95013,23.1669],[70.95295,23.16983],[70.9636,23.17433],[70.99197,23.17294],[71.00122,23.17745],[71.0257,23.17676],[71.0349,23.19594],[71.02097,23.19547],[71.01549,23.20095],[71.01447,23.20752],[71.00155,23.21837],[70.96167,23.21411],[70.91308,23.20428],[70.90789,23.21117],[70.90288,23.21097],[70.90159,23.21819],[70.92616,23.23256],[70.92333,23.23955],[70.90653,23.23254],[70.90172,23.2272],[70.89003,23.22785],[70.88983,23.23378],[70.8784,23.23237],[70.87964,23.24136],[70.86129,23.24364],[70.85974,23.25266],[70.85306,23.253],[70.85062,23.2574],[70.8524,23.26562],[70.83174,23.26226],[70.80343,23.2492],[70.81114,23.23239],[70.80565,23.22756],[70.77934,23.21731],[70.78994,23.1984],[70.8013,23.20419],[70.80458,23.19952],[70.79182,23.19323],[70.78911,23.19854],[70.77598,23.19483],[70.76296,23.2211],[70.75773,23.22579],[70.7482,23.22075],[70.74702,23.21638],[70.73352,23.20547],[70.7235,23.20583],[70.71634,23.20102],[70.71239,23.21934],[70.71053,23.21473],[70.7055,23.21349],[70.71273,23.20209],[70.70282,23.19988],[70.68591,23.20573],[70.68846,23.20956],[70.68315,23.20794],[70.66848,23.21479],[70.66137,23.21422],[70.66557,23.20466],[70.65521,23.20013],[70.65459,23.19525],[70.65016,23.19697],[70.64867,23.18862],[70.63191,23.18416],[70.631,23.17812],[70.57975,23.17594],[70.56029,23.17794],[70.55967,23.1728],[70.54991,23.17109],[70.54775,23.17755],[70.54712,23.1706],[70.53044,23.17283],[70.52206,23.17046],[70.49759,23.17289],[70.49541,23.17677],[70.49824,23.18086],[70.48815,23.18739],[70.47693,23.16755],[70.46972,23.17006],[70.47599,23.18364],[70.46792,23.18398],[70.458,23.19282],[70.45678,23.18356],[70.44147,23.18332],[70.43964,23.19505],[70.43381,23.19587],[70.43653,23.20357],[70.43251,23.20464],[70.43135,23.20104],[70.42667,23.20546],[70.41921,23.18455],[70.41173,23.18809],[70.41309,23.19838],[70.40851,23.1997],[70.40653,23.18376],[70.40109,23.18278],[70.40003,23.20081],[70.4026,23.20696],[70.40053,23.20866],[70.39834,23.18641],[70.39055,23.18699],[70.38815,23.19654],[70.3902,23.20682],[70.38686,23.20685],[70.38401,23.20018],[70.37593,23.19961],[70.35984,23.2058],[70.35552,23.19142],[70.34827,23.19045],[70.34565,23.1933],[70.3484,23.20396],[70.35647,23.20338],[70.35664,23.20582],[70.34897,23.20512],[70.34986,23.21026],[70.33732,23.20933],[70.33248,23.21298],[70.33835,23.20122],[70.34577,23.20086],[70.3438,23.18907],[70.32413,23.18474],[70.32212,23.20689],[70.31961,23.20717],[70.32314,23.19761],[70.31641,23.19329],[70.31758,23.19895],[70.30891,23.2088],[70.31396,23.19821],[70.31212,23.19565],[70.30617,23.1993],[70.31264,23.19204],[70.30929,23.19129],[70.30781,23.18153],[70.27485,23.17021],[70.27576,23.16429],[70.2664,23.15986],[70.25945,23.16133],[70.26203,23.16954],[70.25563,23.16908],[70.25581,23.15853],[70.24219,23.16147],[70.2416,23.15787],[70.2558,23.1575],[70.25852,23.15052],[70.25184,23.13591],[70.23765,23.12173],[70.23294,23.12408],[70.23437,23.12858],[70.22617,23.14473],[70.22713,23.12722],[70.22282,23.1279],[70.21918,23.11042],[70.2017,23.10103],[70.20915,23.09325],[70.20427,23.09239],[70.19445,23.08268],[70.19112,23.08425],[70.18776,23.08132],[70.19066,23.07923],[70.1888,23.0732],[70.20031,23.08521],[70.20757,23.08773],[70.21017,23.08346],[70.20885,23.07523],[70.18852,23.07269],[70.16697,23.05817],[70.16022,23.04934],[70.16186,23.04676],[70.15657,23.04577],[70.13834,23.01115],[70.12851,23.00015],[70.12504,22.99992],[70.12428,22.99297],[70.10874,22.97892],[70.10871,22.97532],[70.0931,22.97092],[70.09278,22.96539],[70.06963,22.95512],[70.06742,22.95758],[70.05931,22.95081],[70.06361,22.94937],[70.0685,22.95281],[70.0796,22.95029],[70.07955,22.94489],[70.09153,22.94751],[70.09284,22.93785],[70.08682,22.93248],[70.08325,22.92041],[70.06574,22.92014],[70.05474,22.91674],[70.05485,22.91365],[70.03927,22.91066],[70.03247,22.91251],[70.03007,22.90686],[70.01799,22.90874],[70.01033,22.90531],[69.98198,22.90459],[69.96304,22.89788],[69.93275,22.89794],[69.93216,22.89279],[69.92325,22.89027],[69.92265,22.88306],[69.89977,22.86852],[69.88975,22.866],[69.89158,22.8696],[69.8876,22.87683],[69.88798,22.87168],[69.87534,22.87097],[69.87503,22.86711],[69.87006,22.87075],[69.85281,22.86801],[69.8127,22.84929],[69.79992,22.8482],[69.77731,22.82952],[69.75197,22.81831],[69.73725,22.79109],[69.7346,22.78956],[69.7238,22.79476],[69.7187,22.80096],[69.72167,22.78524],[69.7132,22.78451],[69.71261,22.77911],[69.72915,22.78186],[69.71462,22.76442],[69.71418,22.75928],[69.70962,22.7647],[69.70954,22.77487],[69.70648,22.77347],[69.70546,22.76421],[69.70005,22.76629],[69.70271,22.76962],[69.70181,22.78327],[69.68486,22.78206],[69.68217,22.77023],[69.68906,22.76093],[69.71644,22.74099],[69.70656,22.73665],[69.68055,22.75118],[69.67907,22.76226],[69.67162,22.77053],[69.67206,22.77593],[69.68206,22.77692],[69.68085,22.78414],[69.67277,22.77851],[69.68133,22.79649],[69.66689,22.79745],[69.66243,22.79271],[69.65104,22.79134],[69.64383,22.79356],[69.64137,22.80335],[69.64555,22.80617],[69.64669,22.8117],[69.63471,22.80415],[69.62,22.80588],[69.61308,22.80964],[69.61296,22.8135],[69.60838,22.81429],[69.60389,22.80427],[69.59587,22.81151],[69.58838,22.81321],[69.56365,22.81137],[69.56308,22.80777],[69.5328,22.80427],[69.53307,22.80143],[69.51905,22.80277],[69.51749,22.79428],[69.50919,22.80228],[69.50572,22.80204],[69.50819,22.79379],[69.50361,22.7938],[69.50775,22.78929],[69.51275,22.78966],[69.51219,22.78683],[69.49165,22.78895],[69.49224,22.79899],[69.48475,22.80081],[69.48502,22.79759],[69.47807,22.79543],[69.46753,22.79984],[69.46141,22.79651],[69.45698,22.79935],[69.45252,22.79589],[69.4571,22.79394],[69.45902,22.78828],[69.48303,22.78679],[69.48663,22.7833],[69.48384,22.77855],[69.49273,22.78109],[69.49244,22.77826],[69.47244,22.77343],[69.44386,22.77892],[69.41366,22.80179],[69.39647,22.81097],[69.35429,22.8215],[69.35751,22.83024],[69.34859,22.82022],[69.32098,22.83148],[69.30515,22.83177],[69.2657,22.82463],[69.22961,22.83498],[69.22945,22.8461],[69.226,22.83563],[69.19656,22.83786],[69.16325,22.85875],[69.13021,22.87371],[69.10272,22.89498],[69.04521,22.92886],[68.97154,22.96413],[68.82157,23.0535],[68.78481,23.07315],[68.75837,23.08135],[68.73021,23.1064],[68.65774,23.15145],[68.62872,23.17442],[68.62857,23.1788],[68.63273,23.1819],[68.6368,23.17251],[68.64516,23.16764],[68.65508,23.15414],[68.69676,23.13106],[68.70094,23.12926],[68.70662,23.13983],[68.70396,23.14549],[68.68891,23.15408],[68.68265,23.15446],[68.67566,23.16474],[68.6384,23.19813],[68.64507,23.20471],[68.64897,23.20163],[68.64952,23.20485],[68.64729,23.20703],[68.64172,23.20509],[68.64171,23.20946],[68.63084,23.21176],[68.62832,23.21767],[68.63805,23.22336],[68.61506,23.22819],[68.60332,23.24207],[68.63606,23.24021],[68.66223,23.24439],[68.6688,23.23733],[68.66867,23.23282],[68.67787,23.22885],[68.67786,23.23567],[68.68343,23.23504],[68.68315,23.23787],[68.6706,23.24287],[68.67211,23.24995],[68.66721,23.26165],[68.6729,23.26797],[68.66366,23.28803],[68.69664,23.30869],[68.71394,23.29727],[68.72147,23.29677],[68.69914,23.30999],[68.69941,23.31269],[68.6777,23.30299],[68.66431,23.30528],[68.66275,23.31712],[68.67179,23.32435],[68.66008,23.32407],[68.65898,23.31891],[68.65425,23.3171],[68.65787,23.31647],[68.6572,23.30578],[68.65247,23.30345],[68.64282,23.31759],[68.63417,23.31783],[68.63469,23.33379],[68.6252,23.33686],[68.62449,23.34098],[68.62574,23.34484],[68.63481,23.33946],[68.63476,23.34349],[68.62404,23.35333],[68.62822,23.35527],[68.62793,23.35823],[68.62486,23.35797],[68.62261,23.36491],[68.61927,23.36375],[68.6204,23.35744],[68.61426,23.35897],[68.61397,23.36553],[68.60838,23.36925],[68.60304,23.3816],[68.59145,23.38852],[68.59678,23.37849],[68.60166,23.37773],[68.59959,23.37206],[68.60616,23.36384],[68.60004,23.36074],[68.59988,23.36692],[68.58967,23.37641],[68.58728,23.3849],[68.57569,23.38886],[68.57344,23.39413],[68.56675,23.39206],[68.5691,23.39876],[68.5645,23.39849],[68.56369,23.38999],[68.5704,23.38743],[68.57321,23.38075],[68.56456,23.38085],[68.55868,23.38637],[68.55657,23.39434],[68.55893,23.39628],[68.56327,23.3905],[68.56463,23.40106],[68.56025,23.41907],[68.55217,23.41493],[68.5438,23.41773],[68.53045,23.44473],[68.53614,23.45195],[68.52999,23.45554],[68.53114,23.44833],[68.52554,23.45243],[68.51429,23.47685],[68.51209,23.46694],[68.50048,23.47578],[68.50029,23.48917],[68.50697,23.49344],[68.49832,23.49431],[68.49968,23.50178],[68.49589,23.50898],[68.49387,23.52647],[68.48471,23.54884],[68.49365,23.5472],[68.49032,23.57795],[68.49182,23.58568],[68.49517,23.5871],[68.49301,23.60421],[68.49929,23.60629],[68.50149,23.61377],[68.50419,23.61412],[68.5095,23.64056],[68.52097,23.63609],[68.52078,23.64987],[68.53041,23.65363],[68.5374,23.65249],[68.54045,23.65816],[68.54604,23.65831],[68.55494,23.67108],[68.53929,23.67013],[68.52922,23.67332],[68.52923,23.66933],[68.53511,23.66613],[68.52479,23.65992],[68.52426,23.65348],[68.52147,23.65322],[68.52763,23.68696],[68.53979,23.68622],[68.54428,23.68289],[68.54627,23.67311],[68.55522,23.67146],[68.56019,23.68757],[68.55656,23.6891],[68.55695,23.69502],[68.55317,23.69784],[68.54704,23.69319],[68.54661,23.6968],[68.55869,23.72038],[68.5707,23.72377],[68.57338,23.71721],[68.572,23.70948],[68.57941,23.70925],[68.5811,23.70526],[68.58754,23.70412],[68.59549,23.70903],[68.5959,23.71289],[68.59099,23.71648],[68.5953,23.72422],[68.61433,23.72041],[68.61823,23.72376],[68.61208,23.7249],[68.61427,23.73817],[68.62657,23.74077],[68.62852,23.74554],[68.63329,23.73924],[68.64055,23.74312],[68.64444,23.75163],[68.638,23.75444],[68.63476,23.76242],[68.65676,23.79902],[68.65998,23.79684],[68.67004,23.80252],[68.67369,23.79713],[68.68796,23.79651],[68.68403,23.80165],[68.69577,23.80644],[68.69478,23.81017],[68.69828,23.81172],[68.70015,23.80769],[68.70443,23.81186],[68.70808,23.80865],[68.70918,23.81625],[68.71813,23.81523],[68.71505,23.81935],[68.72078,23.81974],[68.72119,23.82657],[68.73349,23.83251],[68.75001,23.82803],[68.75029,23.82546],[68.77267,23.83218],[68.78471,23.82821],[68.79786,23.82862],[68.8071,23.82232],[68.81382,23.82207],[68.82836,23.82827],[68.83815,23.82879],[68.86153,23.82328],[68.86335,23.82058],[68.87286,23.82136],[68.87902,23.81583],[68.88154,23.81918],[68.86419,23.82122],[68.8625,23.82727],[68.85719,23.82649],[68.85018,23.83369],[68.84206,23.83703],[68.83479,23.83587],[68.82274,23.84383],[68.83198,23.84436],[68.8457,23.83794],[68.84751,23.84463],[68.84401,23.84617],[68.83699,23.86457],[68.8423,23.86857],[68.83893,23.8768],[68.83473,23.88053],[68.82605,23.88013],[68.82661,23.88361],[68.83262,23.88709],[68.83333,23.88259],[68.84397,23.88273],[68.84705,23.87604],[68.85601,23.87708],[68.84817,23.87784],[68.8448,23.88968],[68.83472,23.89199],[68.83457,23.89765],[68.85038,23.90809],[68.85738,23.90861],[68.86549,23.91724],[68.85653,23.91582],[68.85036,23.92161],[68.8442,23.9216],[68.83722,23.90434],[68.82799,23.89996],[68.82267,23.90072],[68.8235,23.90587],[68.8151,23.90329],[68.81341,23.90947],[68.82125,23.91488],[68.82544,23.92312],[68.81423,23.92414],[68.81256,23.92028],[68.80682,23.91898],[68.80838,23.90534],[68.79914,23.90572],[68.78568,23.91947],[68.80596,23.93185],[68.80722,23.93481],[68.79966,23.93236],[68.79741,23.93519],[68.80749,23.93636],[68.81141,23.93984],[68.81112,23.94615],[68.80663,23.94987],[68.80886,23.9585],[68.78953,23.96066],[68.79176,23.97019],[68.79707,23.97303],[68.80434,23.98424],[68.84077,23.98067],[68.85646,23.97516],[68.86795,23.97825],[68.87802,23.98843],[68.88587,23.98818],[68.89792,23.9851],[68.89652,23.98137],[68.901,23.97802],[68.91445,23.97752],[68.93114,23.94843],[68.9261,23.94612],[68.92862,23.93839],[68.9401,23.93737],[68.95341,23.93004],[68.96111,23.92013],[68.96042,23.91601],[68.96518,23.91318],[68.95972,23.89953],[68.9607,23.89349],[68.96658,23.89156],[68.96449,23.8828],[68.96911,23.8774],[68.97191,23.86273],[68.99794,23.86955],[69.01082,23.86659],[69.02537,23.86942],[69.02453,23.87199],[69.02915,23.87096],[69.03349,23.87714],[69.04889,23.87134],[69.05925,23.87366],[69.06541,23.87855],[69.07856,23.87751],[69.08416,23.88163],[69.09508,23.88239],[69.10349,23.88818],[69.10433,23.89796],[69.10951,23.89847],[69.11428,23.90465],[69.10546,23.90774],[69.11275,23.91353],[69.1157,23.92524],[69.11948,23.92601],[69.12412,23.94608],[69.13183,23.95573],[69.13058,23.96204],[69.13899,23.96847],[69.13901,23.98571],[69.14979,23.98467],[69.14757,24.00064],[69.14393,24.00218],[69.1441,24.02998],[69.15521,24.06138],[69.17107,24.0817],[69.18191,24.11103],[69.23241,24.1219],[69.24727,24.11815],[69.26015,24.10783],[69.26239,24.10937],[69.23775,24.12769],[69.22177,24.13376],[69.20157,24.12812],[69.17969,24.12815],[69.13144,24.11713],[69.08713,24.12411],[69.04226,24.14537],[69.03356,24.15322],[68.99934,24.17125],[68.98363,24.17472],[68.97857,24.18218],[68.96033,24.19222],[68.94138,24.21075],[68.9258,24.21627],[68.9099,24.23553],[68.90672,24.25334],[68.8975,24.26376],[68.90678,24.27983],[68.94538,24.30253],[68.96732,24.27214],[68.98485,24.22767],[69.00342,24.22306],[69.02105,24.22833],[69.03406,24.23965],[69.09382,24.27125],[69.09482,24.27444],[69.19416,24.23639],[69.31276,24.28143],[69.38088,24.2693],[69.40483,24.27111],[69.44448,24.28048],[69.46982,24.27111],[69.48933,24.26775],[69.51294,24.27],[69.55874,24.28041],[69.59429,24.29238],[69.73152,24.17104],[70.02502,24.17103],[70.03863,24.1762],[70.05091,24.18953],[70.06654,24.19897],[70.10992,24.295],[70.13934,24.30286],[70.16598,24.30347],[70.21436,24.3213],[70.25388,24.32541],[70.25888,24.33072],[70.2849,24.3408],[70.32687,24.35208],[70.35403,24.35421],[70.36865,24.35091],[70.39205,24.3606],[70.41166,24.3754],[70.46732,24.38768],[70.51537,24.40415],[70.54822,24.41132],[70.55801,24.41985],[70.56578,24.42165],[70.57314,24.42234],[70.6025,24.40815],[70.59896,24.40596],[70.58046,24.36315],[70.56245,24.35506],[70.58201,24.30421],[70.57938,24.29542],[70.58466,24.29041],[70.58504,24.27799],[70.5745,24.26421],[70.57134,24.25175],[70.58184,24.24799],[70.583,24.24417],[70.58619,24.24687],[70.64438,24.2248],[70.66818,24.21949],[70.69521,24.21986],[70.714,24.21571],[70.80537,24.22083],[70.8362,24.23158],[70.85156,24.2449],[70.87658,24.24583],[70.90668,24.2594],[70.90866,24.26326],[70.88233,24.27325],[70.87519,24.28069],[70.87394,24.29485],[70.88199,24.30027],[70.87825,24.3018],[70.91663,24.32106],[70.94692,24.34852],[70.95487,24.34919],[70.986,24.36528],[71.0034,24.35087],[71.02019,24.34726],[71.0494,24.35607],[71.05775,24.36214],[71.06608,24.37624],[71.08428,24.39452],[71.10679,24.39642],[71.1219,24.40572],[71.12577,24.42009],[71.10315,24.43572],[71.06651,24.43693],[71.03738,24.43209],[71.00873,24.44485],[70.9985,24.44437],[70.99635,24.46587],[70.99862,24.47246],[70.99612,24.47494],[71.00498,24.52321],[71.00279,24.53014],[70.98746,24.54352],[70.99265,24.56399],[70.98629,24.59557],[70.99916,24.62252],[71.00723,24.62897],[71.00888,24.63541],[71.04973,24.64863],[71.0746,24.66205],[71.08571,24.67232],[71.09602,24.6888],[71.06607,24.71693],[71.02773,24.80771],[70.98865,24.86936],[70.9444,24.92519],[70.93783,24.93883],[70.91899,24.99956],[70.88872,25.14803],[70.75148,25.27778],[70.73681,25.33226],[70.66461,25.39678],[70.67192,25.42045],[70.67109,25.46142],[70.6783,25.52316],[70.66773,25.53026],[70.67152,25.60953],[70.67001,25.63259],[70.67358,25.64652],[70.67399,25.67553],[70.65999,25.70207],[70.64791,25.71208],[70.60833,25.71455],[70.52978,25.68311],[70.45328,25.68203],[70.38719,25.67385],[70.35929,25.67975],[70.26897,25.71323],[70.26235,25.7205],[70.2514,25.75573],[70.22224,25.79288],[70.19758,25.81495],[70.17456,25.82774],[70.09879,25.93988],[70.0835,26.08364],[70.142,26.15847],[70.16805,26.21752],[70.17533,26.25079],[70.16343,26.2944],[70.17955,26.34406],[70.18562,26.3735],[70.17721,26.42396],[70.18507,26.47957],[70.17409,26.55167],[70.13969,26.57066],[70.11784,26.58681],[70.05594,26.60074],[69.93504,26.58145],[69.89513,26.57858],[69.82417,26.58863],[69.78832,26.60037],[69.72568,26.65182],[69.51015,26.74337],[69.48441,26.80499],[69.49767,26.86763],[69.51373,27.01004],[69.5858,27.18136],[69.64153,27.22227],[69.70262,27.2842],[69.76128,27.32168],[69.78388,27.34323],[69.86279,27.40263],[69.89223,27.43509],[69.93347,27.49809],[69.96689,27.52457],[70.02595,27.56326],[70.04842,27.60888],[70.13239,27.8061],[70.19724,27.86676],[70.22754,27.90224],[70.29662,27.93646],[70.37245,28.01201],[70.43685,28.01981],[70.50605,28.03713],[70.55447,28.02631],[70.5894,28.01044],[70.59852,27.99309],[70.67724,27.92182],[70.67866,27.86944],[70.68434,27.82811],[70.73255,27.76039],[70.73975,27.74229],[70.75066,27.73368],[70.75947,27.72127],[70.87168,27.70563],[70.90589,27.70946],[70.95138,27.72883],[70.96315,27.7293],[70.98287,27.74234],[71.2034,27.83515],[71.38303,27.87247],[71.66565,27.87781],[71.89846,27.96124],[71.92745,28.12237],[72.0043,28.21858],[72.13247,28.3132],[72.20583,28.39403],[72.27993,28.60668],[72.29896,28.66977],[72.35396,28.73257],[72.40387,28.78293],[72.47966,28.812],[72.73305,28.94803],[72.94588,29.02754],[73.0044,29.15299],[73.08441,29.23631],[73.28223,29.57193],[73.39699,29.94593],[73.59747,30.01904],[73.80666,30.06792],[73.82758,30.09202],[73.97258,30.19821],[73.96422,30.25603],[73.95636,30.2755],[73.92956,30.32138],[73.90235,30.34919],[73.88057,30.35941],[73.8837,30.3658],[73.90433,30.37534],[73.9163,30.38579],[73.92316,30.39879],[73.93687,30.40231],[73.95059,30.41852],[73.96454,30.42451],[73.97374,30.444],[73.96797,30.43992],[73.9599,30.44076],[73.94979,30.43684],[73.92631,30.43889],[73.9371,30.44486],[73.93753,30.45211],[73.92929,30.46386],[73.93199,30.46463],[73.93097,30.47549],[73.93453,30.49014],[73.94771,30.48384],[73.9469,30.46383],[73.95066,30.45986],[73.96415,30.45642],[73.96985,30.47539],[73.96361,30.48473],[73.97586,30.49396],[73.98176,30.50376],[73.99265,30.51423],[74.01986,30.51412],[74.01087,30.52103],[74.01184,30.53364],[74.02376,30.52607],[74.03106,30.52691],[74.03796,30.53166],[74.03918,30.54259],[74.05007,30.53717],[74.05174,30.5272],[74.05737,30.51863],[74.07225,30.5229],[74.09087,30.54946],[74.07996,30.54837],[74.07351,30.55467],[74.10188,30.57918],[74.09623,30.58736],[74.09856,30.59057],[74.09527,30.60116],[74.10141,30.60325],[74.10201,30.61095],[74.09586,30.61142],[74.105,30.61922],[74.11794,30.60793],[74.12106,30.62252],[74.12664,30.62414],[74.12742,30.63484],[74.13783,30.6274],[74.14872,30.63138],[74.1632,30.6484],[74.16937,30.64874],[74.18144,30.66128],[74.19414,30.66572],[74.21915,30.69356],[74.22739,30.71887],[74.23251,30.72444],[74.24522,30.72286],[74.24539,30.72576],[74.24847,30.72585],[74.26085,30.72303],[74.27457,30.73558],[74.28145,30.731],[74.28663,30.73558],[74.27434,30.74416],[74.27363,30.75323],[74.26044,30.77007],[74.26204,30.77714],[74.274,30.7735],[74.28973,30.77509],[74.30341,30.78168],[74.30674,30.78908],[74.30113,30.78967],[74.29471,30.79847],[74.3198,30.82742],[74.3222,30.83873],[74.32043,30.84665],[74.33445,30.85113],[74.33921,30.84922],[74.33882,30.85263],[74.34818,30.85501],[74.35422,30.85272],[74.35508,30.84861],[74.36341,30.84725],[74.36852,30.85184],[74.36477,30.85734],[74.38209,30.86041],[74.36086,30.87371],[74.36693,30.88642],[74.36591,30.89298],[74.38297,30.89543],[74.39729,30.90942],[74.42278,30.90781],[74.42422,30.91602],[74.41109,30.91951],[74.41029,30.92342],[74.42354,30.92077],[74.42877,30.9312],[74.41371,30.9296],[74.41894,30.94077],[74.4395,30.94209],[74.44196,30.95164],[74.45505,30.95133],[74.45157,30.95582],[74.4664,30.95681],[74.45888,30.96571],[74.47974,30.97417],[74.48147,30.97052],[74.49202,30.9745],[74.49828,30.96403],[74.50266,30.96447],[74.50831,30.96693],[74.51607,30.97943],[74.54701,30.99244],[74.5397,31.00872],[74.54793,31.0326],[74.55929,31.03923],[74.56157,31.04878],[74.56824,31.05484],[74.57049,31.05297],[74.57442,31.05687],[74.59038,31.04999],[74.5969,31.03766],[74.6132,31.04484],[74.67123,31.05362],[74.69603,31.07422],[74.69076,31.08144],[74.70241,31.09168],[74.69816,31.11237],[74.68977,31.11806],[74.68935,31.12799],[74.66644,31.12445],[74.65912,31.13402],[74.63639,31.11824],[74.63225,31.12151],[74.63099,31.13276],[74.60095,31.13197],[74.59703,31.12594],[74.60995,31.11176],[74.61063,31.09908],[74.60426,31.09311],[74.59943,31.09299],[74.60082,31.08794],[74.59141,31.08851],[74.59087,31.09237],[74.58664,31.09119],[74.58882,31.08763],[74.57383,31.08575],[74.57169,31.08165],[74.55154,31.08643],[74.5485,31.122],[74.54383,31.12105],[74.51031,31.13201],[74.51517,31.15201],[74.51071,31.15776],[74.51292,31.16413],[74.51061,31.18094],[74.5192,31.18351],[74.52139,31.20267],[74.52504,31.20368],[74.52605,31.21197],[74.52272,31.22301],[74.51701,31.2284],[74.51898,31.23335],[74.52793,31.23967],[74.53262,31.24934],[74.5206,31.26898],[74.54172,31.30336],[74.53432,31.30487],[74.52634,31.31175],[74.53481,31.31349],[74.53676,31.33026],[74.54864,31.33504],[74.54641,31.33877],[74.55388,31.3665],[74.5716,31.37161],[74.58456,31.38018],[74.58722,31.39801],[74.59652,31.41628],[74.60264,31.41558],[74.60291,31.42058],[74.609,31.42367],[74.6194,31.41981],[74.62233,31.43012],[74.63138,31.42555],[74.63359,31.41867],[74.64345,31.41609],[74.6541,31.42773],[74.63946,31.44059],[74.64022,31.44801],[74.65319,31.45443],[74.64768,31.46562],[74.63611,31.47706],[74.62961,31.47721],[74.62796,31.48008],[74.63516,31.48463],[74.61881,31.48506],[74.61076,31.49901],[74.59486,31.5015],[74.59417,31.49683],[74.58014,31.49846],[74.5873,31.50419],[74.58123,31.50677],[74.58423,31.52082],[74.59607,31.52603],[74.60385,31.52402],[74.6129,31.52732],[74.61443,31.55112],[74.61842,31.55119],[74.61609,31.55752],[74.60667,31.56249],[74.6096,31.56872],[74.59209,31.57407],[74.5853,31.58141],[74.58699,31.5834],[74.58095,31.58728],[74.58095,31.59426],[74.57486,31.59778],[74.57528,31.60422],[74.55539,31.60784],[74.55647,31.61136],[74.55118,31.61784],[74.54755,31.63203],[74.54776,31.64274],[74.54489,31.64828],[74.53926,31.64825],[74.53749,31.65317],[74.54031,31.6599],[74.5296,31.66929],[74.53514,31.67759],[74.52437,31.68686],[74.50202,31.69553],[74.50337,31.70252],[74.49924,31.70943],[74.4866,31.71506],[74.49368,31.72532],[74.50285,31.72853],[74.50397,31.74042],[74.5138,31.74014],[74.53292,31.74836],[74.54782,31.74957],[74.56002,31.75745],[74.56252,31.76361],[74.55619,31.76685],[74.55693,31.77065],[74.55124,31.7787],[74.55626,31.79261],[74.56713,31.79621],[74.55792,31.80483],[74.57311,31.81612],[74.57061,31.8367],[74.57592,31.84389],[74.58345,31.85192],[74.59067,31.84863],[74.59764,31.86797],[74.60665,31.8686],[74.60987,31.87837],[74.60735,31.89016],[74.61719,31.88932],[74.62933,31.88218],[74.63633,31.88424],[74.651,31.90228],[74.65437,31.89958],[74.6576,31.9019],[74.65836,31.91032],[74.66774,31.91649],[74.66675,31.92264],[74.67555,31.92046],[74.67705,31.92625],[74.69164,31.9266],[74.70084,31.92584],[74.70657,31.9212],[74.71905,31.92377],[74.7139,31.9321],[74.72244,31.94289],[74.73095,31.94112],[74.7344,31.9454],[74.74301,31.93994],[74.75386,31.94293],[74.75645,31.94537],[74.75546,31.95456],[74.7685,31.94776],[74.78173,31.95589],[74.80247,31.95769],[74.80584,31.96302],[74.81903,31.95867],[74.83121,31.98078],[74.82873,31.99835],[74.83616,32.00808],[74.84645,32.009],[74.8531,32.01323],[74.84829,32.0205],[74.86304,32.02211],[74.86262,32.02661],[74.86642,32.02973],[74.86929,32.02771],[74.86879,32.02203],[74.87993,32.03188],[74.87028,32.04547],[74.87266,32.04408],[74.87943,32.05378],[74.89279,32.05482],[74.90473,32.05033],[74.91273,32.05387],[74.92547,32.06654],[74.93365,32.06563],[74.97397,32.05344],[74.97808,32.04693],[74.97221,32.04087],[74.97852,32.03888],[75.00134,32.04113],[75.00295,32.04377],[75.00491,32.03754],[75.01235,32.03566],[75.02168,32.04867],[75.03248,32.05124],[75.04079,32.04272],[75.05371,32.05441],[75.05873,32.05286],[75.068,32.06235],[75.06418,32.06557],[75.07025,32.06705],[75.06895,32.06355],[75.07523,32.05895],[75.09809,32.06546],[75.10487,32.05867],[75.1091,32.06512],[75.10765,32.07062],[75.12251,32.07731],[75.12305,32.08145],[75.1576,32.08181],[75.16604,32.07174],[75.17437,32.06736],[75.17942,32.07652],[75.19593,32.08354],[75.19788,32.09861],[75.20407,32.09668],[75.20548,32.1091],[75.20257,32.12011],[75.21587,32.12114],[75.2203,32.10752],[75.2177,32.10325],[75.22375,32.09816],[75.2232,32.10234],[75.22787,32.10786],[75.23525,32.10216],[75.22953,32.09338],[75.23129,32.09144],[75.24027,32.09101],[75.24403,32.09793],[75.26145,32.10101],[75.26806,32.11227],[75.27946,32.11784],[75.28336,32.13171],[75.27741,32.13684],[75.28535,32.15158],[75.29946,32.15337],[75.30666,32.16848],[75.32115,32.17962],[75.31612,32.18095],[75.3183,32.18752],[75.31018,32.1947],[75.31198,32.19957],[75.32012,32.20411],[75.3161,32.20808],[75.3241,32.21106],[75.33121,32.21922],[75.34203,32.217],[75.36548,32.2197],[75.36585,32.2238],[75.36864,32.22621],[75.37255,32.22428],[75.375,32.22908],[75.37027,32.24228],[75.37046,32.2578],[75.37285,32.26648],[75.3814,32.26884],[75.37262,32.27902],[75.34505,32.27837],[75.35026,32.29041],[75.32127,32.29714],[75.33374,32.31167],[75.33,32.31256],[75.33638,32.31668],[75.3375,32.32179],[75.32706,32.32785],[75.32196,32.34376],[75.33921,32.34197],[75.37853,32.3288],[75.41499,32.32427],[75.43258,32.32669],[75.47224,32.34005],[75.46776,32.31756],[75.47993,32.31035],[75.49023,32.31021],[75.49002,32.28798],[75.49472,32.27691],[75.49895,32.27533],[75.51582,32.29799],[75.52427,32.34005],[75.54258,32.33726],[75.56924,32.36366],[75.59043,32.37786],[75.61416,32.37715],[75.6291,32.38713],[75.64096,32.38812],[75.64638,32.39331],[75.66408,32.39678],[75.68853,32.39216],[75.71632,32.41585],[75.72847,32.41781],[75.73239,32.42318],[75.72802,32.43148],[75.73015,32.43352],[75.7369,32.42995],[75.74424,32.4314],[75.72862,32.4452],[75.7297,32.45428],[75.73866,32.46326],[75.75081,32.46],[75.76494,32.46169],[75.82396,32.49541],[75.82709,32.50404],[75.83343,32.50338],[75.83133,32.51137],[75.83335,32.51437],[75.83772,32.51347],[75.83655,32.51986],[75.85212,32.5295],[75.8563,32.53801],[75.87554,32.54948],[75.87193,32.55685],[75.86334,32.56017],[75.86764,32.56651],[75.87752,32.56624],[75.88,32.57733],[75.87805,32.5855],[75.88504,32.59081],[75.89188,32.58847],[75.90636,32.60043],[75.90523,32.60729],[75.91556,32.61385],[75.91889,32.62089],[75.91569,32.62634],[75.91942,32.6301],[75.91817,32.63385],[75.92385,32.63685],[75.92866,32.63081],[75.93153,32.63203],[75.92904,32.63782],[75.9344,32.64594],[75.92362,32.6437],[75.92406,32.65822],[75.89886,32.68062],[75.89658,32.69106],[75.90984,32.72094],[75.91405,32.74202],[75.91291,32.75621],[75.89796,32.76749],[75.89584,32.77451],[75.88387,32.78514],[75.88453,32.80074],[75.88131,32.80981],[75.86562,32.81368],[75.86606,32.82054],[75.85475,32.83258],[75.81905,32.85349],[75.81612,32.85949],[75.8112,32.86124],[75.80597,32.87699],[75.7944,32.88647],[75.7829,32.88985],[75.78238,32.89558],[75.78997,32.90121],[75.80122,32.91833],[75.7991,32.92153],[75.81094,32.9316],[75.83264,32.93433],[75.83669,32.92807],[75.87315,32.92396],[75.88938,32.91438],[75.91739,32.90653],[75.92834,32.8895],[75.94926,32.8732],[75.97708,32.88722],[75.98198,32.89523],[76.0273,32.91484],[76.03347,32.91993],[76.03209,32.92491],[76.0384,32.93348],[76.06109,32.94111],[76.06813,32.9518],[76.08205,32.95484],[76.08205,32.96141],[76.09318,32.96363],[76.10553,32.9854],[76.10501,33.00962],[76.11083,33.01527],[76.15561,33.03397],[76.16802,33.02535],[76.17276,33.02693],[76.18094,33.02092],[76.19479,33.01677],[76.20579,33.01602],[76.22484,33.02228],[76.24374,33.02045],[76.25516,33.03256],[76.27354,33.03746],[76.27625,33.05158],[76.28955,33.05907],[76.2887,33.06751],[76.28096,33.07062],[76.28051,33.08494],[76.28164,33.09175],[76.28757,33.09799],[76.28369,33.10977],[76.29207,33.12035],[76.29991,33.12507],[76.32943,33.13238],[76.36125,33.15457],[76.37061,33.15602],[76.37725,33.16767],[76.39111,33.1747],[76.39796,33.18277],[76.41637,33.18468],[76.42074,33.18769],[76.42867,33.18175],[76.43653,33.18044],[76.45199,33.17914],[76.46747,33.18344],[76.47861,33.17946],[76.50183,33.18843],[76.50829,33.19426],[76.52052,33.1937],[76.53892,33.19984],[76.54779,33.19871],[76.5601,33.20972],[76.57244,33.2058],[76.59514,33.20617],[76.59885,33.20268],[76.59741,33.19161],[76.61186,33.18568],[76.61246,33.1734],[76.62051,33.16711],[76.6419,33.1616],[76.65379,33.16354],[76.66447,33.17181],[76.70288,33.17482],[76.70914,33.18139],[76.72092,33.18249],[76.72801,33.17798],[76.74706,33.17923],[76.75062,33.19182],[76.75901,33.19648],[76.76708,33.21114],[76.77127,33.21306],[76.77135,33.21963],[76.776,33.22168],[76.78015,33.23609],[76.77967,33.23944],[76.77368,33.24204],[76.77223,33.25096],[76.79405,33.25636],[76.80158,33.25516],[76.80858,33.24497],[76.83178,33.24888],[76.84319,33.24643],[76.84494,33.2425],[76.82784,33.2221],[76.82633,33.21475],[76.83161,33.21263],[76.83493,33.20551],[76.82093,33.19743],[76.8221,33.18352],[76.81072,33.17579],[76.79784,33.17304],[76.79766,33.15345],[76.8145,33.14318],[76.81979,33.14301],[76.82649,33.14775],[76.83127,33.14183],[76.83968,33.14105],[76.84503,33.13753],[76.84377,33.13088],[76.85338,33.12645],[76.84942,33.11897],[76.86262,33.11392],[76.87567,33.11567],[76.8833,33.09843],[76.89056,33.09521],[76.90158,33.0989],[76.91057,33.09381],[76.9053,33.07886],[76.91087,33.07646],[76.91348,33.06314],[76.92317,33.05235],[76.92649,33.03632],[76.93307,33.02825],[76.94174,33.02866],[76.95103,33.0187],[76.96037,33.01487],[76.96047,33.00908],[76.97199,33.00081],[76.99334,33.00202],[77.00912,32.9891],[77.03154,32.98964],[77.03914,32.99745],[77.04893,32.99866],[77.0567,32.99196],[77.08037,32.9827],[77.08225,32.97499],[77.08674,32.97265],[77.09593,32.97075],[77.1118,32.97496],[77.11153,32.97928],[77.11639,32.98443],[77.13667,32.97965],[77.14192,32.98154],[77.15025,32.97723],[77.14749,32.96552],[77.14972,32.95727],[77.14511,32.95118],[77.15408,32.95119],[77.1589,32.94276],[77.163,32.92461],[77.15839,32.91713],[77.15973,32.9121],[77.16901,32.91068],[77.17436,32.91354],[77.18004,32.92485],[77.1881,32.92795],[77.19576,32.91051],[77.20877,32.90471],[77.21859,32.90401],[77.23905,32.89109],[77.23718,32.87962],[77.24385,32.87229],[77.25461,32.86891],[77.25812,32.8633],[77.26285,32.86396],[77.27529,32.87471],[77.28367,32.87373],[77.28853,32.86679],[77.28896,32.85884],[77.30111,32.84949],[77.32329,32.85077],[77.3294,32.84269],[77.32563,32.83549],[77.3324,32.82585],[77.33629,32.825],[77.33783,32.81695],[77.35004,32.81543],[77.37389,32.82306],[77.38019,32.84607],[77.37573,32.85016],[77.37515,32.85586],[77.38191,32.86226],[77.38854,32.86337],[77.39663,32.8774],[77.4049,32.88482],[77.41444,32.8832],[77.42704,32.87498],[77.44451,32.87985],[77.45232,32.86366],[77.46157,32.85936],[77.47162,32.85911],[77.48991,32.87887],[77.50039,32.88506],[77.50545,32.88382],[77.5164,32.88767],[77.52653,32.90109],[77.56965,32.92166],[77.59532,32.94021],[77.61333,32.94221],[77.62957,32.95708],[77.64356,32.94897],[77.65598,32.95888],[77.67341,32.9605],[77.67549,32.96828],[77.68195,32.97456],[77.68318,32.98868],[77.70306,32.97921],[77.71359,32.98215],[77.71943,32.96865],[77.72501,32.96874],[77.73084,32.97394],[77.7402,32.96915],[77.75091,32.95437],[77.76422,32.94824],[77.76539,32.94162],[77.81201,32.90491],[77.8077,32.89604],[77.78956,32.89045],[77.78429,32.88273],[77.78082,32.86568],[77.78486,32.86077],[77.81522,32.84821],[77.82433,32.8368],[77.8294,32.83547],[77.83879,32.84197],[77.86876,32.82713],[77.87793,32.81859],[77.88152,32.80401],[77.88755,32.79858],[77.88403,32.78876],[77.89334,32.77861],[77.90318,32.77171],[77.92596,32.77162],[77.93418,32.75519],[77.92936,32.743],[77.93037,32.73767],[77.92636,32.73434],[77.93216,32.73134],[77.93433,32.72616],[77.92477,32.71781],[77.92242,32.6999],[77.91817,32.69156],[77.93469,32.68138],[77.9412,32.67282],[77.94213,32.66574],[77.95092,32.65795],[77.94433,32.64952],[77.95252,32.64053],[77.95466,32.63223],[77.97227,32.6138],[77.97215,32.60869],[77.98016,32.60021],[77.98436,32.58666],[78.0228,32.58769],[78.03806,32.59382],[78.04189,32.60355],[78.03375,32.61766],[78.03245,32.62973],[78.03347,32.63671],[78.0405,32.63753],[78.04459,32.64437],[78.04799,32.64432],[78.05224,32.63572],[78.06048,32.62897],[78.06666,32.62658],[78.07462,32.63096],[78.08453,32.62388],[78.09683,32.62946],[78.0988,32.63484],[78.09337,32.64619],[78.11088,32.66203],[78.12041,32.66077],[78.12664,32.65194],[78.14759,32.65396],[78.14832,32.66899],[78.1423,32.67996],[78.14479,32.68198],[78.15736,32.68361],[78.17588,32.68074],[78.18746,32.67416],[78.1915,32.66263],[78.20336,32.6677],[78.21886,32.66401],[78.23285,32.67179],[78.24583,32.67162],[78.25491,32.69001],[78.25445,32.69573],[78.26015,32.7029],[78.29276,32.70072],[78.2946,32.70411],[78.30644,32.70763],[78.31486,32.71799],[78.30505,32.73339],[78.31229,32.73955],[78.31001,32.75069],[78.31409,32.75468],[78.35308,32.75761],[78.36387,32.75349],[78.37727,32.75354],[78.3871,32.75668],[78.38599,32.74932],[78.38982,32.74023],[78.38413,32.72649],[78.38511,32.72033],[78.39761,32.70783],[78.39686,32.69893],[78.40062,32.6938],[78.39255,32.68669],[78.38109,32.65364],[78.39258,32.6321],[78.40908,32.62645],[78.40941,32.62276],[78.38322,32.60815],[78.37982,32.605],[78.37952,32.59827],[78.36561,32.59341],[78.36319,32.58981],[78.34947,32.58891],[78.34932,32.58493],[78.34225,32.5782],[78.31222,32.56843],[78.3096,32.56105],[78.31476,32.55005],[78.30659,32.53705],[78.30801,32.52431],[78.3036,32.51718],[78.30663,32.51138],[78.29189,32.49619],[78.29255,32.49024],[78.28652,32.48318],[78.29056,32.47498],[78.28432,32.4692],[78.2882,32.46357],[78.29834,32.46141],[78.298,32.45714],[78.3106,32.44667],[78.32897,32.44331],[78.33385,32.45057],[78.32593,32.45715],[78.32791,32.46468],[78.34845,32.46416],[78.35292,32.46917],[78.3486,32.47437],[78.3495,32.4777],[78.3643,32.48239],[78.36703,32.48621],[78.36644,32.50065],[78.39228,32.51436],[78.39898,32.51994],[78.39944,32.52777],[78.40713,32.52589],[78.41277,32.51706],[78.4281,32.50447],[78.42665,32.49889],[78.43923,32.48539],[78.44026,32.47984],[78.45553,32.46983],[78.45071,32.46024],[78.46184,32.45551],[78.4628,32.44851],[78.47222,32.44241],[78.4699,32.41854],[78.47413,32.41244],[78.47095,32.39727],[78.45758,32.39174],[78.45494,32.38477],[78.46921,32.3651],[78.4809,32.36652],[78.48409,32.36187],[78.47672,32.32817],[78.48194,32.32427],[78.49785,32.32404],[78.50239,32.31914],[78.50316,32.30996],[78.51088,32.30212],[78.49965,32.29553],[78.49687,32.28596],[78.48862,32.27746],[78.49271,32.27223],[78.4881,32.26673],[78.48947,32.26015],[78.48312,32.25546],[78.48377,32.2475],[78.4739,32.24342],[78.47297,32.23593],[78.4527,32.22901],[78.44345,32.21766],[78.43061,32.21226],[78.42829,32.20827],[78.43296,32.19769],[78.44089,32.19546],[78.44528,32.18404],[78.44056,32.17705],[78.44498,32.17375],[78.4493,32.16042],[78.44479,32.15542],[78.4464,32.1509],[78.45592,32.14693],[78.45363,32.14214],[78.45615,32.13566],[78.46773,32.12921],[78.47193,32.13524],[78.49128,32.14049],[78.49656,32.14707],[78.50884,32.14981],[78.51882,32.12548],[78.52557,32.1181],[78.55979,32.09977],[78.56547,32.09412],[78.56815,32.07964],[78.5885,32.06605],[78.59603,32.0678],[78.60349,32.06349],[78.6062,32.05296],[78.59406,32.04201],[78.59848,32.02823],[78.60424,32.02767],[78.61022,32.02173],[78.6254,32.01997],[78.64036,32.01386],[78.65598,32.00375],[78.70384,31.99078],[78.71673,31.97702],[78.7354,31.96843],[78.73799,31.95588],[78.7669,31.94663],[78.76889,31.93064],[78.7656,31.9261],[78.75997,31.92549],[78.75595,31.91679],[78.74962,31.91307],[78.74759,31.90449],[78.74261,31.90179],[78.74732,31.89027],[78.73555,31.88391],[78.72012,31.88554],[78.71373,31.87741],[78.70475,31.88286],[78.69323,31.87257],[78.67169,31.86227],[78.65134,31.83589],[78.64989,31.82361],[78.65447,31.81186],[78.66779,31.79966],[78.68718,31.78595],[78.69557,31.78628],[78.70521,31.78168],[78.70517,31.7737],[78.725,31.75911],[78.72436,31.75155],[78.7294,31.74553],[78.72727,31.74329],[78.73,31.73323],[78.73425,31.7239],[78.74281,31.71893],[78.74507,31.70551],[78.75374,31.6947],[78.7537,31.68931],[78.74888,31.68485],[78.75116,31.68015],[78.76765,31.67461],[78.79889,31.6814],[78.80084,31.67753],[78.79825,31.65868],[78.80189,31.64757],[78.80854,31.63904],[78.81908,31.63718],[78.82827,31.62524],[78.84166,31.62186],[78.84667,31.60731],[78.8407,31.59744],[78.8332,31.59807],[78.82324,31.58504],[78.82262,31.57889],[78.80645,31.57723],[78.80345,31.5656],[78.78004,31.5558],[78.77487,31.5435],[78.76218,31.54852],[78.75809,31.54243],[78.74377,31.54189],[78.73517,31.53638],[78.7309,31.53254],[78.72672,31.51728],[78.72191,31.51291],[78.72034,31.50763],[78.7272,31.48972],[78.72669,31.4831],[78.75738,31.48293],[78.76788,31.47297],[78.77556,31.45392],[78.79675,31.44404],[78.79611,31.43757],[78.78272,31.42873],[78.76884,31.40619],[78.76145,31.40056],[78.75303,31.38497],[78.75727,31.37316],[78.74949,31.36752],[78.75544,31.35852],[78.76849,31.35072],[78.76928,31.34653],[78.76335,31.34101],[78.77418,31.33195],[78.76844,31.32647],[78.77774,31.32027],[78.77829,31.31222],[78.79199,31.30417],[78.81117,31.30705],[78.81482,31.30495],[78.81446,31.30141],[78.82444,31.29638],[78.85345,31.29442],[78.85669,31.29951],[78.85187,31.30391],[78.85139,31.30897],[78.86268,31.31486],[78.86841,31.30737],[78.87573,31.30391],[78.88817,31.27455],[78.88827,31.26816],[78.91912,31.24884],[78.92382,31.2265],[78.92761,31.22148],[78.93182,31.21724],[78.94904,31.21757],[78.95049,31.21434],[78.94579,31.20788],[78.9488,31.19999],[78.95961,31.19176],[78.95884,31.18702],[78.98759,31.17425],[78.99229,31.16497],[78.99019,31.15409],[78.9923,31.14943],[78.98289,31.14268],[78.97061,31.11991],[78.97329,31.10819],[78.99131,31.09258],[78.9929,31.08258],[78.99024,31.07111],[78.99428,31.06592],[78.99238,31.05968],[78.99835,31.05746],[79.00448,31.04575],[79.00907,31.04193],[79.02471,31.04451],[79.03012,31.03909],[79.05207,31.0354],[79.0703,31.01968],[79.0713,31.0138],[79.08933,31.00364],[79.09412,30.99484],[79.11704,30.99762],[79.1304,31.0073],[79.15141,31.00187],[79.16861,31.0175],[79.18012,31.01754],[79.20554,31.00215],[79.20489,30.9917],[79.21332,30.98142],[79.20913,30.97167],[79.21186,30.96554],[79.21718,30.96344],[79.22017,30.95511],[79.22584,30.952],[79.2315,30.95479],[79.24193,30.94935],[79.28023,30.96168],[79.29056,30.96845],[79.30102,30.9679],[79.31124,30.95956],[79.32347,30.96224],[79.32913,30.96845],[79.32899,30.97424],[79.32299,30.9828],[79.33093,30.99448],[79.32866,30.99847],[79.30799,31.00512],[79.30784,31.0129],[79.32372,31.02597],[79.34376,31.03171],[79.35293,31.0307],[79.36676,31.03857],[79.37636,31.05368],[79.38457,31.05541],[79.3847,31.06319],[79.38941,31.06814],[79.40226,31.06837],[79.41238,31.07234],[79.41949,31.06519],[79.41946,31.04289],[79.42711,31.02328],[79.43868,31.02367],[79.45556,31.03156],[79.4732,31.03452],[79.49087,31.03109],[79.50861,31.03205],[79.51057,31.02697],[79.50822,31.01547],[79.51925,31.00616],[79.51604,30.99758],[79.52786,30.98934],[79.52935,30.98392],[79.53828,30.98031],[79.53984,30.97343],[79.54992,30.96524],[79.55315,30.95715],[79.56594,30.95455],[79.56818,30.94976],[79.59551,30.9431],[79.59942,30.93276],[79.60249,30.93332],[79.60466,30.94058],[79.61374,30.94348],[79.62028,30.95083],[79.63474,30.95295],[79.64787,30.96011],[79.66132,30.96302],[79.66577,30.96644],[79.66314,30.97681],[79.66604,30.98294],[79.67473,30.98227],[79.70073,30.97073],[79.70267,30.96098],[79.71019,30.95358],[79.73408,30.94254],[79.74427,30.94231],[79.75192,30.94693],[79.76299,30.9351],[79.77039,30.93383],[79.76922,30.9289],[79.7824,30.91089],[79.79713,30.89976],[79.80523,30.87909],[79.81183,30.8711],[79.81728,30.86923],[79.82108,30.85509],[79.82571,30.85071],[79.83638,30.85043],[79.86284,30.86062],[79.88027,30.86276],[79.88863,30.85894],[79.89228,30.84653],[79.90995,30.83681],[79.90642,30.81738],[79.89326,30.81769],[79.88923,30.81352],[79.89447,30.80279],[79.9106,30.80114],[79.92864,30.79143],[79.93814,30.7916],[79.94534,30.78743],[79.94516,30.7809],[79.95845,30.77782],[79.95044,30.77179],[79.95872,30.75805],[79.94983,30.7513],[79.9509,30.74294],[79.96548,30.72959],[79.97309,30.71561],[79.97274,30.70521],[79.96337,30.70421],[79.96085,30.69355],[79.96846,30.68425],[79.98961,30.68084],[80.00136,30.67599],[80.00796,30.66681],[80.01308,30.66592],[80.01597,30.65888],[80.01498,30.64837],[80.02188,30.63978],[80.03194,30.63711],[80.03375,30.63383],[80.02997,30.62909],[80.03563,30.62034],[80.02918,30.61617],[80.03896,30.6091],[80.04265,30.59766],[80.07403,30.59502],[80.08403,30.57491],[80.08933,30.5702],[80.10187,30.57118],[80.10965,30.56366],[80.13364,30.5569],[80.15374,30.57449],[80.17109,30.57534],[80.19967,30.58859],[80.20835,30.58812],[80.21974,30.57942],[80.2361,30.57925],[80.25419,30.56434],[80.2626,30.56868],[80.27225,30.56687],[80.2818,30.56987],[80.31602,30.56379],[80.32035,30.54669],[80.33512,30.53525],[80.33937,30.5238],[80.34609,30.52036],[80.36405,30.52738],[80.38573,30.51757],[80.39845,30.51842],[80.41036,30.52446],[80.41789,30.52376],[80.41644,30.51709],[80.42759,30.51332],[80.43077,30.50827],[80.44282,30.50228],[80.44464,30.49753],[80.45407,30.49663],[80.46478,30.49092],[80.48331,30.49019],[80.4882,30.48494],[80.49694,30.48789],[80.50334,30.48359],[80.50775,30.47525],[80.51939,30.47209],[80.5275,30.45896],[80.54124,30.44928],[80.53913,30.44411],[80.52881,30.43663],[80.52529,30.42504],[80.53507,30.41695],[80.55633,30.42708],[80.5742,30.44333],[80.59839,30.44756],[80.61215,30.44431],[80.62224,30.43229],[80.62286,30.42418],[80.62761,30.41748],[80.62675,30.40982],[80.63459,30.40178],[80.6385,30.38939],[80.6546,30.37882],[80.66039,30.35343],[80.66603,30.34378],[80.68326,30.33386],[80.69917,30.33392],[80.71552,30.32899],[80.73358,30.31719],[80.73625,30.30883],[80.7424,30.30639],[80.75306,30.30817],[80.75814,30.30352],[80.761,30.29424],[80.76133,30.27984],[80.77103,30.27427],[80.79573,30.23876],[80.81879,30.22454],[80.83917,30.19427],[80.87159,30.16064],[80.87191,30.1499],[80.87877,30.13292],[80.87731,30.1285],[80.84413,30.11556],[80.84174,30.11085],[80.84604,30.10662],[80.84519,30.10246],[80.84052,30.09944],[80.83002,30.09727],[80.82183,30.09994],[80.81555,30.09659],[80.78962,30.0731],[80.77895,30.05635],[80.76117,30.04964],[80.75568,30.04015],[80.7577,30.02372],[80.74715,30.00629],[80.7373,29.99884],[80.71896,29.99996],[80.71193,29.98966],[80.69024,29.97451],[80.67465,29.95713],[80.64827,29.9558],[80.6322,29.96504],[80.62225,29.96433],[80.60353,29.95885],[80.59065,29.94884],[80.57122,29.91652],[80.57191,29.89387],[80.56641,29.88045],[80.55687,29.86977],[80.56088,29.86496],[80.55399,29.86166],[80.55165,29.85721],[80.55357,29.85185],[80.53745,29.84585],[80.53489,29.83839],[80.5238,29.83234],[80.52394,29.82888],[80.50714,29.82308],[80.50037,29.8176],[80.50014,29.80833],[80.49592,29.80521],[80.49372,29.79568],[80.47966,29.79567],[80.46373,29.80231],[80.44293,29.79915],[80.43366,29.80537],[80.42915,29.79813],[80.41608,29.7959],[80.41322,29.79175],[80.40855,29.79481],[80.40505,29.77864],[80.3963,29.76557],[80.3979,29.76003],[80.38636,29.75952],[80.38633,29.75171],[80.36606,29.74853],[80.36415,29.73981],[80.36962,29.73458],[80.36514,29.72885],[80.36586,29.72495],[80.37659,29.71948],[80.37187,29.71598],[80.37974,29.70127],[80.38036,29.68862],[80.385,29.68555],[80.38384,29.67588],[80.38919,29.67197],[80.39043,29.66428],[80.3973,29.66316],[80.3996,29.6585],[80.40475,29.66074],[80.40974,29.6537],[80.41391,29.6541],[80.41647,29.6503],[80.41418,29.6436],[80.42015,29.63929],[80.42105,29.63023],[80.4098,29.62383],[80.40598,29.61361],[80.40877,29.59906],[80.40373,29.59033],[80.39131,29.58168],[80.38686,29.57123],[80.37882,29.57114],[80.37892,29.56109],[80.3629,29.5641],[80.36402,29.55681],[80.34228,29.55283],[80.34567,29.54777],[80.3414,29.53982],[80.34871,29.54106],[80.3578,29.53083],[80.34919,29.52521],[80.34983,29.52002],[80.34103,29.5098],[80.33278,29.51333],[80.32934,29.50603],[80.31386,29.49924],[80.31309,29.48421],[80.29832,29.49044],[80.29326,29.47931],[80.28668,29.47684],[80.30066,29.45669],[80.29973,29.45106],[80.29394,29.45357],[80.28849,29.45026],[80.27974,29.45099],[80.27859,29.45876],[80.269,29.45405],[80.27391,29.45283],[80.27363,29.44961],[80.26666,29.44853],[80.25756,29.45181],[80.25552,29.44814],[80.24292,29.4437],[80.24748,29.43248],[80.24405,29.42359],[80.2461,29.41656],[80.24198,29.41239],[80.27503,29.39256],[80.27299,29.38601],[80.27877,29.37854],[80.2711,29.37337],[80.27144,29.36356],[80.27947,29.35966],[80.28017,29.34626],[80.29108,29.33583],[80.29568,29.3244],[80.30794,29.32296],[80.31691,29.31476],[80.31574,29.3084],[80.3186,29.30432],[80.31069,29.2909],[80.30545,29.28799],[80.29916,29.26109],[80.30059,29.24224],[80.2906,29.23166],[80.29622,29.22193],[80.29374,29.21244],[80.2983,29.20596],[80.28977,29.19465],[80.28392,29.19673],[80.27471,29.20811],[80.26123,29.20597],[80.25373,29.22177],[80.24991,29.22165],[80.24362,29.21273],[80.24093,29.20239],[80.25197,29.19546],[80.25874,29.1845],[80.25818,29.16473],[80.27335,29.14299],[80.27225,29.13852],[80.25537,29.13955],[80.25096,29.13453],[80.25013,29.12625],[80.24236,29.12613],[80.23379,29.11545],[80.22459,29.12087],[80.21026,29.12175],[80.2034,29.12949],[80.1826,29.13684],[80.17884,29.12902],[80.16641,29.12525],[80.16358,29.11548],[80.14428,29.10284],[80.12846,29.06122],[80.13645,29.05904],[80.12641,29.03186],[80.13131,29.03048],[80.12478,29.01296],[80.13627,29.00963],[80.13542,29.00736],[80.12672,29.00606],[80.1181,28.98192],[80.10023,28.98665],[80.09657,28.97593],[80.05847,28.91658],[80.0648,28.8376],[80.07522,28.82445],[80.1181,28.82895],[80.17092,28.78249],[80.21609,28.75555],[80.23477,28.75883],[80.24429,28.75528],[80.25049,28.7579],[80.25865,28.75224],[80.26533,28.74102],[80.26225,28.73325],[80.25649,28.72923],[80.27912,28.70898],[80.29169,28.71175],[80.31615,28.7006],[80.3228,28.68706],[80.321,28.68104],[80.32577,28.66645],[80.36059,28.64567],[80.35678,28.6409],[80.36053,28.63473],[80.36997,28.63426],[80.3765,28.62867],[80.41763,28.63933],[80.43185,28.63722],[80.43781,28.63511],[80.44184,28.6289],[80.45355,28.62713],[80.46305,28.61685],[80.46001,28.61414],[80.47185,28.59159],[80.47193,28.58354],[80.47982,28.58776],[80.48409,28.58184],[80.50579,28.56923],[80.51842,28.55163],[80.52274,28.55273],[80.53073,28.57242],[80.52167,28.57673],[80.50353,28.66493],[80.50629,28.67115],[80.53972,28.69066],[80.56855,28.68804],[80.59038,28.67995],[80.5802,28.6614],[80.59756,28.65602],[80.58984,28.64815],[80.60622,28.65246],[80.61227,28.63935],[80.63309,28.63735],[80.6415,28.64336],[80.65128,28.63414],[80.66759,28.6421],[80.67083,28.62806],[80.67954,28.6206],[80.6775,28.60443],[80.69583,28.60345],[80.69044,28.5877],[80.71458,28.56838],[80.72441,28.57524],[80.73852,28.56638],[80.73835,28.57484],[80.76794,28.56615],[80.7694,28.54996],[80.78929,28.54352],[80.78446,28.52939],[80.78861,28.52477],[80.81535,28.52075],[80.82975,28.51204],[80.84389,28.49977],[80.84473,28.49562],[80.85566,28.49751],[80.86602,28.48957],[80.86161,28.50439],[80.87552,28.5107],[80.89613,28.50696],[80.90011,28.50106],[80.90865,28.49792],[80.90708,28.49034],[80.90169,28.48646],[80.90297,28.47767],[80.90559,28.46619],[80.91565,28.45797],[80.91421,28.46835],[80.91955,28.46418],[80.91743,28.4602],[80.9307,28.45803],[80.9324,28.46351],[80.94263,28.46879],[80.94538,28.46643],[80.9321,28.45883],[80.95146,28.45573],[80.95173,28.44756],[80.96403,28.44968],[80.96702,28.45708],[80.98017,28.45512],[80.9646,28.44469],[80.96786,28.44293],[80.96496,28.43775],[80.97881,28.43404],[80.97765,28.44231],[80.98909,28.4415],[80.99982,28.45372],[81.01768,28.45181],[81.01289,28.43817],[81.01905,28.43171],[81.02945,28.43871],[81.03372,28.42802],[81.01664,28.41586],[81.03355,28.39749],[81.03567,28.41379],[81.04745,28.41001],[81.07978,28.38503],[81.21059,28.36078],[81.23435,28.32473],[81.23255,28.28907],[81.28601,28.22857],[81.29944,28.22003],[81.32087,28.19749],[81.31833,28.18245],[81.32464,28.17527],[81.32116,28.16874],[81.30259,28.1681],[81.30191,28.16407],[81.31006,28.1601],[81.3113,28.15558],[81.32038,28.1603],[81.32805,28.1481],[81.31835,28.14525],[81.31538,28.13698],[81.31795,28.13366],[81.33448,28.14023],[81.36961,28.1426],[81.37825,28.1559],[81.3671,28.1624],[81.3746,28.17699],[81.41832,28.17351],[81.44659,28.16105],[81.44994,28.1408],[81.48403,28.11857],[81.47985,28.11033],[81.47825,28.08277],[81.54742,28.04936],[81.58453,28.02559],[81.61802,28.0095],[81.62409,28.00173],[81.6438,27.99367],[81.69845,27.98819],[81.80477,27.90406],[81.82029,27.90339],[81.83376,27.89741],[81.87758,27.8661],[81.88493,27.85697],[81.9,27.85364],[81.92584,27.85961],[81.92528,27.87564],[81.93808,27.88794],[81.93833,27.89385],[81.96814,27.92915],[82.06213,27.92164],[82.06993,27.92365],[82.08986,27.89972],[82.0909,27.89456],[82.11445,27.87705],[82.12111,27.86586],[82.15009,27.85819],[82.15407,27.86661],[82.20899,27.84292],[82.2304,27.82094],[82.25267,27.81028],[82.30343,27.77272],[82.33651,27.75463],[82.36797,27.7425],[82.38272,27.72066],[82.40187,27.70353],[82.44871,27.67933],[82.47316,27.67645],[82.48218,27.68291],[82.49007,27.68139],[82.49242,27.68438],[82.5166,27.69061],[82.54138,27.68574],[82.585,27.69876],[82.59375,27.69682],[82.60521,27.70605],[82.61897,27.70221],[82.62732,27.71146],[82.6381,27.70915],[82.65524,27.71347],[82.66434,27.72269],[82.66583,27.71602],[82.671,27.71444],[82.68901,27.71515],[82.69916,27.72237],[82.70205,27.71623],[82.70824,27.7186],[82.70434,27.70404],[82.70838,27.69516],[82.71892,27.68957],[82.71945,27.68663],[82.71934,27.67851],[82.71304,27.67514],[82.7129,27.66938],[82.71813,27.6685],[82.71237,27.66297],[82.7224,27.66099],[82.7183,27.65659],[82.72122,27.65504],[82.72444,27.65904],[82.7319,27.65225],[82.73254,27.64527],[82.73608,27.64597],[82.73843,27.63772],[82.73095,27.6326],[82.73628,27.63296],[82.73836,27.63014],[82.73283,27.62846],[82.73717,27.62249],[82.73799,27.61422],[82.73492,27.61132],[82.73909,27.60443],[82.74649,27.60235],[82.74774,27.59962],[82.74364,27.59643],[82.74688,27.59358],[82.75528,27.59389],[82.75778,27.58678],[82.74762,27.57339],[82.74811,27.56528],[82.74269,27.56121],[82.74843,27.55585],[82.73871,27.55193],[82.73784,27.54633],[82.74886,27.52196],[82.73687,27.51797],[82.73529,27.50267],[82.78499,27.50005],[82.80139,27.49643],[82.83252,27.50199],[82.86587,27.49858],[82.92931,27.50121],[82.93959,27.49106],[82.94462,27.47698],[82.95409,27.4679],[83.03457,27.44879],[83.16572,27.45753],[83.18792,27.45437],[83.21889,27.41626],[83.24001,27.40647],[83.2722,27.38343],[83.26538,27.36543],[83.27244,27.35268],[83.29166,27.33497],[83.30473,27.33137],[83.32447,27.33669],[83.33179,27.3326],[83.33829,27.33297],[83.35186,27.33962],[83.35115,27.3425],[83.35928,27.34331],[83.35802,27.35083],[83.37036,27.35799],[83.37337,27.35682],[83.37292,27.36791],[83.38488,27.37245],[83.38786,27.37679],[83.38562,27.39116],[83.39602,27.39569],[83.40525,27.40528],[83.40597,27.41161],[83.40911,27.41233],[83.40496,27.41892],[83.39286,27.42472],[83.3842,27.43683],[83.38609,27.43963],[83.38371,27.4427],[83.39599,27.44688],[83.40158,27.45664],[83.39537,27.46971],[83.38824,27.47085],[83.39249,27.47949],[83.61434,27.46945],[83.83069,27.3698],[83.86373,27.34585],[83.88169,27.36617],[83.88444,27.37728],[83.87856,27.38604],[83.85935,27.39725],[83.85689,27.40513],[83.83317,27.42572],[83.84895,27.44619],[83.85429,27.44631],[83.8723,27.43593],[83.88274,27.43445],[83.89999,27.43708],[83.93407,27.44986],[83.94239,27.44818],[83.94353,27.44248],[83.95741,27.44192],[83.96666,27.4466],[83.9707,27.44286],[83.97776,27.44275],[83.97814,27.43907],[83.98338,27.44369],[83.99615,27.44647],[84.00036,27.44096],[84.00504,27.44267],[84.0084,27.43805],[84.02391,27.43258],[84.02753,27.43557],[84.02565,27.43874],[84.03139,27.44162],[84.05196,27.44289],[84.06135,27.45657],[84.05875,27.46131],[84.06258,27.46704],[84.067,27.46779],[84.06938,27.47948],[84.09488,27.48894],[84.10093,27.50649],[84.09768,27.51714],[84.10847,27.52183],[84.11699,27.51914],[84.11781,27.51197],[84.13289,27.51263],[84.1394,27.51768],[84.15096,27.5165],[84.14591,27.50389],[84.14919,27.50059],[84.14471,27.49794],[84.14852,27.48615],[84.16212,27.48425],[84.17272,27.47581],[84.18187,27.47464],[84.18694,27.4704],[84.1987,27.47332],[84.206,27.46987],[84.2086,27.46634],[84.20332,27.45785],[84.20702,27.45559],[84.20847,27.44243],[84.22091,27.44164],[84.22066,27.44839],[84.23119,27.45625],[84.23719,27.45296],[84.25467,27.45331],[84.25916,27.44644],[84.25863,27.4388],[84.27227,27.42919],[84.27352,27.42121],[84.27803,27.41592],[84.27681,27.39576],[84.28432,27.3947],[84.29092,27.38559],[84.30016,27.39089],[84.33179,27.37796],[84.36602,27.37345],[84.37339,27.37685],[84.39232,27.36837],[84.42473,27.37208],[84.4408,27.37052],[84.4451,27.36441],[84.46625,27.35816],[84.47821,27.362],[84.51253,27.35285],[84.56522,27.34748],[84.60602,27.33607],[84.61887,27.33794],[84.64337,27.30562],[84.68901,27.22065],[84.68528,27.22056],[84.68712,27.21016],[84.68126,27.20041],[84.68359,27.19594],[84.68039,27.1885],[84.68509,27.18199],[84.6752,27.17164],[84.67962,27.16644],[84.67689,27.16113],[84.68318,27.15626],[84.68049,27.15269],[84.68333,27.14916],[84.67551,27.12378],[84.67679,27.11526],[84.6722,27.1147],[84.66949,27.10832],[84.67303,27.10772],[84.67505,27.09709],[84.67072,27.09794],[84.66146,27.08537],[84.65513,27.08435],[84.65408,27.0795],[84.64707,27.07588],[84.64331,27.06537],[84.64607,27.05129],[84.64326,27.05099],[84.6433,27.04618],[84.70148,27.02707],[84.71347,27.02172],[84.7215,27.01406],[84.72965,27.01524],[84.7567,27.00291],[84.76443,27.01315],[84.77328,27.01779],[84.78251,27.0143],[84.78474,27.00741],[84.78828,27.00587],[84.78617,26.99856],[84.79372,26.9961],[84.80995,27.01166],[84.8107,27.01401],[84.80662,27.01394],[84.80883,27.01838],[84.82532,27.021],[84.85435,27.00828],[84.85034,26.99854],[84.85726,26.99864],[84.85541,26.99141],[84.86562,26.9837],[84.90995,26.96797],[84.92918,26.96882],[84.95342,26.96012],[84.96261,26.96047],[84.97814,26.94073],[84.97508,26.93931],[84.97764,26.9369],[84.97627,26.93214],[84.9701,26.92849],[84.97038,26.91586],[84.99989,26.91196],[85.00239,26.90346],[84.99618,26.9067],[84.99263,26.90304],[85.00471,26.89478],[85.0535,26.88953],[85.05956,26.88425],[85.05618,26.88115],[85.03725,26.87831],[85.03435,26.8736],[85.02976,26.87534],[85.0303,26.86559],[85.02653,26.86386],[85.0327,26.85966],[85.02874,26.85613],[85.02525,26.85789],[85.02402,26.85444],[85.05737,26.8492],[85.05736,26.85546],[85.0603,26.85366],[85.06146,26.85715],[85.06477,26.85593],[85.06177,26.85393],[85.06379,26.84952],[85.0665,26.85373],[85.07372,26.85598],[85.08545,26.85578],[85.08955,26.85953],[85.0865,26.86725],[85.11105,26.87236],[85.13531,26.86787],[85.13981,26.87121],[85.1897,26.87016],[85.19313,26.86361],[85.19105,26.83091],[85.17693,26.81506],[85.17653,26.80981],[85.18255,26.80058],[85.17926,26.79854],[85.18026,26.7959],[85.18677,26.79464],[85.18693,26.79086],[85.19131,26.79138],[85.19457,26.78474],[85.19139,26.78214],[85.19766,26.76953],[85.21149,26.75827],[85.23988,26.76204],[85.25968,26.75571],[85.30682,26.75208],[85.33397,26.7416],[85.35456,26.75995],[85.36158,26.76297],[85.37048,26.75846],[85.37706,26.76278],[85.38427,26.77436],[85.39654,26.77783],[85.40753,26.79143],[85.42629,26.78612],[85.43228,26.79025],[85.45431,26.78197],[85.46391,26.7887],[85.4759,26.79166],[85.47965,26.80243],[85.49535,26.79717],[85.49791,26.81235],[85.5074,26.81685],[85.51965,26.81446],[85.54313,26.83836],[85.55347,26.83452],[85.55764,26.84428],[85.56578,26.84109],[85.57543,26.86101],[85.58396,26.85724],[85.58677,26.84821],[85.60613,26.85673],[85.62381,26.87382],[85.63439,26.87226],[85.64232,26.85317],[85.68005,26.84369],[85.70412,26.83229],[85.72091,26.82039],[85.73433,26.79591],[85.73498,26.77802],[85.72863,26.74985],[85.73386,26.73733],[85.73045,26.73599],[85.7294,26.72518],[85.72619,26.72244],[85.72795,26.71746],[85.72467,26.70991],[85.72337,26.68802],[85.72546,26.67064],[85.73666,26.66429],[85.73207,26.65414],[85.74829,26.63904],[85.76971,26.62995],[85.80155,26.62433],[85.80337,26.61501],[85.8175,26.60285],[85.83033,26.60167],[85.83102,26.61148],[85.85117,26.60857],[85.85791,26.58992],[85.84839,26.57703],[85.84925,26.56878],[85.86238,26.57199],[85.88223,26.58422],[85.88825,26.58356],[85.89085,26.59415],[85.89957,26.59421],[85.90054,26.60044],[85.91298,26.60872],[85.92662,26.60972],[85.92709,26.61374],[85.93805,26.61653],[85.94697,26.61291],[85.94875,26.61455],[85.94539,26.62048],[85.95561,26.62995],[85.95311,26.64328],[85.96946,26.65492],[85.97927,26.65821],[86.01016,26.65443],[86.01314,26.66052],[86.02846,26.66652],[86.06937,26.65757],[86.07356,26.65005],[86.11935,26.6301],[86.13867,26.62886],[86.14084,26.61684],[86.13619,26.60644],[86.14241,26.60519],[86.14539,26.60879],[86.17201,26.61706],[86.17424,26.61402],[86.19131,26.61507],[86.19425,26.61285],[86.19559,26.59539],[86.19782,26.59323],[86.20073,26.59724],[86.20315,26.59492],[86.20566,26.59663],[86.21761,26.58856],[86.23425,26.59387],[86.23517,26.5986],[86.24912,26.6096],[86.25072,26.61442],[86.27567,26.61736],[86.29285,26.61317],[86.30756,26.62008],[86.3294,26.61962],[86.34352,26.61678],[86.33871,26.60725],[86.39756,26.59308],[86.39475,26.58518],[86.42973,26.57315],[86.45572,26.56799],[86.49755,26.54239],[86.51541,26.53929],[86.52113,26.54341],[86.52821,26.54281],[86.54218,26.53832],[86.55544,26.52137],[86.55484,26.51564],[86.56149,26.50972],[86.56468,26.50083],[86.57001,26.4965],[86.62124,26.48271],[86.62795,26.47603],[86.62562,26.46791],[86.6316,26.46882],[86.63361,26.46369],[86.63676,26.46636],[86.63869,26.46347],[86.69254,26.45142],[86.70238,26.43674],[86.71992,26.43499],[86.72462,26.42663],[86.73588,26.4236],[86.74635,26.42841],[86.74842,26.43277],[86.74428,26.43545],[86.74823,26.437],[86.7532,26.44762],[86.75973,26.449],[86.76542,26.45922],[86.82734,26.44064],[86.83127,26.43525],[86.84086,26.437],[86.85885,26.45127],[86.88058,26.45308],[86.8843,26.45604],[86.88531,26.46741],[86.89497,26.47455],[86.90254,26.48843],[86.92959,26.48976],[86.93137,26.5148],[86.94129,26.5206],[86.95944,26.52057],[86.96105,26.52389],[86.97514,26.52012],[86.9792,26.52522],[86.99072,26.52317],[87.01515,26.53216],[87.04231,26.56843],[87.04451,26.58733],[87.07157,26.58583],[87.07265,26.54209],[87.08023,26.52187],[87.09148,26.45038],[87.13937,26.41468],[87.16238,26.40398],[87.18883,26.40554],[87.18566,26.4143],[87.21251,26.41323],[87.21223,26.40908],[87.21997,26.40338],[87.2291,26.41372],[87.24757,26.41398],[87.24789,26.41125],[87.26058,26.40946],[87.26606,26.4057],[87.26578,26.37393],[87.28928,26.37378],[87.30139,26.36618],[87.31228,26.37145],[87.32186,26.36014],[87.34088,26.34752],[87.35818,26.36116],[87.35332,26.37209],[87.35562,26.38572],[87.36868,26.4081],[87.37598,26.40705],[87.38839,26.41918],[87.42767,26.42245],[87.44321,26.43317],[87.46663,26.44032],[87.51633,26.43088],[87.5475,26.41846],[87.55295,26.40582],[87.58625,26.39096],[87.58619,26.38206],[87.60469,26.38076],[87.6121,26.39021],[87.6274,26.39395],[87.65129,26.39365],[87.65,26.40603],[87.67795,26.41594],[87.67745,26.43563],[87.69209,26.43579],[87.69812,26.42847],[87.7104,26.4276],[87.7205,26.42068],[87.72289,26.4126],[87.73372,26.40769],[87.7391,26.41768],[87.74808,26.41799],[87.75365,26.40808],[87.76428,26.41004],[87.77282,26.4229],[87.77268,26.43004],[87.77853,26.43469],[87.77541,26.43841],[87.77685,26.44774],[87.77334,26.44747],[87.77285,26.45019],[87.77931,26.45025],[87.77738,26.45369],[87.78187,26.45368],[87.78198,26.4573],[87.7891,26.46242],[87.7868,26.46729],[87.7911,26.46598],[87.79276,26.46886],[87.81611,26.45997],[87.82953,26.45008],[87.82811,26.4401],[87.84865,26.43653],[87.85085,26.44537],[87.86144,26.449],[87.85799,26.46362],[87.88578,26.47662],[87.88808,26.48688],[87.90001,26.47743],[87.90944,26.45837],[87.89857,26.44885],[87.92503,26.44472],[87.92482,26.4392],[87.91671,26.43486],[87.91679,26.43017],[87.92575,26.42775],[87.92692,26.41762],[87.93208,26.41812],[87.96571,26.39734],[87.99168,26.39274],[87.99188,26.37132],[87.99833,26.36506],[88.00249,26.36597],[88.00842,26.36126],[88.03015,26.36491],[88.02602,26.37116],[88.03105,26.37858],[88.02826,26.37865],[88.02716,26.38303],[88.0302,26.38349],[88.03137,26.38863],[88.0477,26.40162],[88.05464,26.40078],[88.07152,26.42019],[88.07967,26.42039],[88.09051,26.42609],[88.09312,26.44888],[88.09797,26.45256],[88.10551,26.46929],[88.09618,26.47805],[88.09659,26.4872],[88.08855,26.50009],[88.09327,26.50999],[88.10417,26.51864],[88.09906,26.53129],[88.10336,26.54116],[88.10064,26.54963],[88.10873,26.56835],[88.11694,26.56736],[88.11911,26.5771],[88.12652,26.58369],[88.12259,26.58693],[88.12483,26.59644],[88.13294,26.60247],[88.13414,26.60927],[88.13898,26.61079],[88.14015,26.6188],[88.15236,26.62332],[88.16363,26.64004],[88.16269,26.66806],[88.17817,26.70547],[88.18877,26.7493],[88.18743,26.77303],[88.18007,26.79526],[88.17983,26.81455],[88.17201,26.82804],[88.17404,26.8342],[88.16738,26.83776],[88.17056,26.84529],[88.16768,26.85064],[88.17394,26.85227],[88.17162,26.86939],[88.16423,26.8733],[88.15685,26.88536],[88.14692,26.88831],[88.13612,26.89894],[88.14559,26.92037],[88.13765,26.9334],[88.12033,26.95039],[88.12658,26.97494],[88.1353,26.98509],[88.11595,26.9882],[88.10142,27.00208],[88.09215,27.00471],[88.08835,27.00828],[88.08878,27.01512],[88.08121,27.03236],[88.07637,27.03575],[88.05961,27.02946],[88.04552,27.03686],[88.03728,27.03679],[88.02576,27.05453],[88.02354,27.06519],[88.01557,27.07396],[88.0206,27.0872],[88.01544,27.08861],[88.01111,27.0975],[88.00193,27.10496],[87.99184,27.10537],[87.9884,27.11903],[87.99113,27.1306],[87.99847,27.13367],[88.00063,27.14037],[88.00772,27.14465],[88.0124,27.16722],[88.0192,27.17117],[88.01226,27.17789],[88.01585,27.19272],[88.01179,27.20423],[88.01527,27.2094],[88.01224,27.21596],[88.01872,27.22505],[88.0193,27.23606],[88.02474,27.23846],[88.02777,27.24975],[88.03064,27.25011],[88.03152,27.28586],[88.0447,27.29396],[88.04138,27.30413],[88.05259,27.32475],[88.06632,27.33663],[88.05794,27.35592],[88.05032,27.35873],[88.04178,27.37301],[88.05057,27.41275],[88.06722,27.42545],[88.07385,27.42643],[88.07434,27.43339],[88.06773,27.43874],[88.07202,27.44572],[88.06726,27.44957],[88.06678,27.45802],[88.06042,27.46071],[88.0442,27.47813],[88.04333,27.49585],[88.06124,27.51242],[88.05665,27.51927],[88.0655,27.52958],[88.05877,27.53288],[88.06114,27.54062],[88.0688,27.54647],[88.06883,27.55506],[88.07834,27.56043],[88.08082,27.56532],[88.07499,27.5722],[88.08311,27.58756],[88.08948,27.5954],[88.10601,27.60216],[88.11386,27.61089],[88.11896,27.62729],[88.11994,27.64542],[88.14349,27.66315],[88.14663,27.67883],[88.15408,27.69159],[88.14769,27.70255],[88.15578,27.71993],[88.15566,27.73524],[88.15823,27.74027],[88.16981,27.74152],[88.17797,27.74659],[88.17655,27.75855],[88.18241,27.76388],[88.18135,27.77583],[88.19529,27.78661],[88.19702,27.79112],[88.18664,27.80179],[88.18506,27.81049],[88.17299,27.82054],[88.18768,27.82559],[88.19157,27.83274],[88.20052,27.83693],[88.20124,27.84343],[88.19788,27.84564],[88.19616,27.85398],[88.17854,27.85679],[88.16282,27.8692],[88.15394,27.87082],[88.14936,27.87632],[88.13532,27.88188],[88.13853,27.89094],[88.1247,27.90373],[88.11772,27.91764],[88.12089,27.92293],[88.13024,27.92678],[88.13266,27.93528],[88.13678,27.93736],[88.13009,27.95013],[88.13414,27.95182],[88.14212,27.96504],[88.15442,27.9584],[88.16311,27.95861],[88.17269,27.94914],[88.17792,27.94952],[88.18773,27.94263],[88.20648,27.94161],[88.20629,27.95993],[88.2131,27.96405],[88.22378,27.96111],[88.23772,27.96948],[88.2487,27.94447],[88.25245,27.94196],[88.26014,27.94581],[88.2627,27.95518],[88.27853,27.95528],[88.28417,27.96516],[88.29357,27.96753],[88.3028,27.96519],[88.32186,27.98],[88.33209,27.97603],[88.33415,27.98365],[88.34033,27.98575],[88.37345,27.98975],[88.37775,27.98893],[88.38919,27.97671],[88.41278,27.98176],[88.41509,27.99701],[88.41836,28.00047],[88.42374,28.00145],[88.43203,28.00899],[88.44382,28.00902],[88.45679,28.01588],[88.46801,28.01685],[88.47622,28.03725],[88.49051,28.04656],[88.49508,28.05512],[88.51113,28.04217],[88.51998,28.04324],[88.52436,28.03534],[88.52824,28.03774],[88.5345,28.03398],[88.54611,28.03408],[88.55359,28.0395],[88.55044,28.04941],[88.55727,28.07565],[88.55478,28.08259],[88.56934,28.09094],[88.58341,28.08416],[88.58887,28.08824],[88.60243,28.08974],[88.60436,28.09764],[88.61568,28.09866],[88.62291,28.11099],[88.63834,28.1171],[88.64736,28.10001],[88.66488,28.08827],[88.66696,28.0768],[88.67197,28.07369],[88.67983,28.07198],[88.68076,28.07611],[88.6859,28.07899],[88.71617,28.07771],[88.72854,28.07269],[88.75451,28.08034],[88.7776,28.05406],[88.79248,28.04867],[88.80409,28.03016],[88.81681,28.02145],[88.83534,28.01589],[88.84412,27.98868],[88.8395,27.96917],[88.84256,27.95581],[88.84127,27.9446],[88.83815,27.94222],[88.83636,27.92821],[88.84871,27.92557],[88.86102,27.92701],[88.86736,27.92017],[88.87059,27.90117],[88.88155,27.89109],[88.87803,27.87681],[88.88123,27.86558],[88.88811,27.85636],[88.88199,27.8516],[88.88048,27.84218],[88.88292,27.83475],[88.87853,27.82829],[88.85747,27.81538],[88.86078,27.80437],[88.86014,27.79233],[88.85539,27.78229],[88.85419,27.76484],[88.85653,27.75366],[88.86177,27.75379],[88.86675,27.74293],[88.8615,27.74013],[88.85744,27.73182],[88.85673,27.71718],[88.84076,27.71202],[88.83847,27.70511],[88.84313,27.70375],[88.84793,27.69616],[88.8424,27.68272],[88.84844,27.67613],[88.84855,27.66906],[88.83212,27.64739],[88.8223,27.64381],[88.81828,27.64807],[88.81431,27.64592],[88.80424,27.6244],[88.81123,27.6192],[88.80628,27.60898],[88.80874,27.60309],[88.80453,27.59487],[88.78791,27.58533],[88.79192,27.57497],[88.78119,27.56938],[88.77161,27.57141],[88.76397,27.56648],[88.7714,27.55811],[88.77707,27.53262],[88.78366,27.52942],[88.79019,27.53164],[88.79345,27.52641],[88.78825,27.52191],[88.79042,27.51532],[88.7822,27.4963],[88.78446,27.49439],[88.78109,27.48232],[88.78299,27.47502],[88.7769,27.46897],[88.7828,27.45353],[88.79288,27.44698],[88.7916,27.43706],[88.79454,27.42938],[88.79972,27.42771],[88.8013,27.42274],[88.8073,27.42134],[88.80569,27.40737],[88.8074,27.40464],[88.82115,27.40454],[88.82174,27.39361],[88.83119,27.38929],[88.83798,27.37961],[88.84556,27.38495],[88.86123,27.38622],[88.86455,27.37958],[88.86293,27.36994],[88.88128,27.36055],[88.88562,27.34249],[88.893,27.33959],[88.89535,27.33291],[88.90971,27.32901],[88.91608,27.33105],[88.92067,27.32731],[88.91964,27.31982],[88.90876,27.30497],[88.91427,27.28976],[88.90358,27.27285],[88.88604,27.27051],[88.87731,27.26428],[88.86565,27.26771],[88.83359,27.26434],[88.80254,27.24744],[88.8033,27.21973],[88.80017,27.20951],[88.78916,27.1941],[88.78959,27.18563],[88.78675,27.18269],[88.78073,27.18463],[88.77261,27.18244],[88.76478,27.17786],[88.7575,27.16518],[88.75985,27.1531],[88.7518,27.15041],[88.74647,27.14185],[88.78482,27.13459],[88.80358,27.13892],[88.81136,27.12702],[88.83454,27.11471],[88.83874,27.11612],[88.8498,27.10834],[88.87166,27.1088],[88.87108,27.10167],[88.87578,27.08992],[88.87524,27.06993],[88.88121,27.06163],[88.87677,27.04713],[88.87965,27.03572],[88.86933,26.99454],[88.87406,26.98464],[88.87129,26.96275],[88.87416,26.95394],[88.88391,26.95396],[88.88471,26.95776],[88.89248,26.96139],[88.92198,26.99318],[88.95234,26.96878],[88.95406,26.94915],[88.94524,26.93283],[88.97932,26.91855],[88.99724,26.92545],[89.01591,26.93822],[89.02663,26.92474],[89.04185,26.9264],[89.0458,26.9118],[89.04447,26.89413],[89.07233,26.90156],[89.0757,26.89779],[89.0956,26.89095],[89.09266,26.87158],[89.10423,26.86369],[89.1021,26.83576],[89.10998,26.82787],[89.12462,26.82224],[89.1311,26.8121],[89.14124,26.81182],[89.17672,26.82111],[89.19249,26.81351],[89.2215,26.82168],[89.26321,26.81553],[89.27254,26.82757],[89.31899,26.85161],[89.32443,26.85032],[89.32653,26.84533],[89.37919,26.8623],[89.38382,26.85912],[89.39014,26.84191],[89.41401,26.84038],[89.42366,26.8356],[89.44041,26.84124],[89.45053,26.83094],[89.45009,26.81845],[89.46864,26.80437],[89.49669,26.80171],[89.5144,26.8139],[89.51888,26.81116],[89.53288,26.81477],[89.5488,26.80981],[89.55982,26.81263],[89.5659,26.79974],[89.59215,26.7928],[89.60061,26.78746],[89.61406,26.7862],[89.62154,26.77833],[89.63181,26.78318],[89.64011,26.78205],[89.64427,26.77739],[89.6501,26.77642],[89.65259,26.76882],[89.64448,26.76052],[89.63872,26.74772],[89.62229,26.73875],[89.61702,26.72888],[89.62301,26.72534],[89.63461,26.72581],[89.6558,26.71804],[89.66038,26.7197],[89.66997,26.73249],[89.67069,26.73952],[89.67684,26.7398],[89.68904,26.73306],[89.70041,26.73807],[89.71055,26.73072],[89.71661,26.73028],[89.72338,26.72343],[89.75126,26.73419],[89.76023,26.72598],[89.75898,26.71899],[89.76878,26.71163],[89.77169,26.7022],[89.81071,26.71115],[89.86257,26.70211],[89.8662,26.72125],[89.85926,26.73482],[89.86496,26.73566],[89.90212,26.72284],[89.96857,26.72199],[90.01644,26.73213],[90.04495,26.72981],[90.19013,26.76792],[90.19513,26.78121],[90.18626,26.78855],[90.18391,26.79936],[90.20042,26.83501],[90.21976,26.84955],[90.24787,26.85977],[90.30217,26.84989],[90.34489,26.8736],[90.34741,26.88605],[90.35536,26.90106],[90.41755,26.90485],[90.54656,26.81659],[90.58576,26.8035],[90.63383,26.79486],[90.64624,26.77818],[90.67869,26.78585],[90.6997,26.76936],[90.72527,26.76866],[90.74236,26.7744],[90.82217,26.77636],[90.962,26.78761],[90.95707,26.78285],[90.99553,26.79069],[91.0556,26.78126],[91.10151,26.82411],[91.14921,26.8125],[91.23951,26.81403],[91.283,26.8009],[91.30494,26.78904],[91.34141,26.78228],[91.38022,26.79436],[91.41436,26.84056],[91.46806,26.80498],[91.50298,26.7927],[91.59279,26.80574],[91.62927,26.82283],[91.69533,26.80906],[91.71077,26.81531],[91.72428,26.8139],[91.82479,26.8639],[91.85935,26.91339],[91.89378,26.91964],[91.9712,26.88418],[91.97375,26.87283],[91.98706,26.86082],[92.01877,26.85332],[92.05652,26.84962],[92.10365,26.86927],[92.10461,26.88724],[92.1157,26.89374],[92.10997,26.87244],[92.11452,26.8572],[92.1639,26.85581],[92.21417,26.86453],[92.28825,26.88364],[92.4661,26.91604],[92.496,26.92621],[92.51157,26.93496],[92.52063,26.93269],[92.5549,26.94399],[92.59121,26.94913],[92.63923,26.96071],[92.65911,26.96093],[92.67257,26.95662],[92.6799,26.9476],[92.70136,26.93475],[92.72918,26.92929],[92.76697,26.90733],[92.79081,26.89739],[92.80711,26.89722],[92.86866,26.91992],[92.89436,26.92277],[92.97061,26.91602],[93.04326,26.89102],[93.06792,26.88778],[93.34641,26.9287],[93.43487,26.92811],[93.49003,26.93153],[93.59247,26.94431],[93.67061,26.97207],[93.7289,27.0014],[93.80092,27.01193],[93.81984,27.01729],[93.83079,27.02554],[93.83941,27.03865],[93.84654,27.0595],[93.85037,27.09376],[93.85062,27.14856],[93.85474,27.17452],[93.86016,27.18558],[93.89549,27.21742],[93.89479,27.22721],[93.90476,27.23783],[93.91847,27.24603],[93.97262,27.2982],[94.02197,27.35696],[94.04232,27.37372],[94.05344,27.39055],[94.11038,27.43917],[94.13807,27.45754],[94.15316,27.47772],[94.17434,27.49061],[94.19327,27.50694],[94.19719,27.51813],[94.24045,27.54264],[94.26359,27.56175],[94.27482,27.57952],[94.27345,27.58663],[94.27638,27.58884],[94.30765,27.591],[94.33386,27.58529],[94.33666,27.57912],[94.34331,27.58168],[94.35234,27.5764],[94.36933,27.57597],[94.39166,27.5885],[94.40681,27.58957],[94.41919,27.60019],[94.44926,27.59734],[94.45881,27.60362],[94.46393,27.6036],[94.47212,27.59855],[94.48998,27.59879],[94.50927,27.60449],[94.52162,27.60032],[94.5378,27.61023],[94.56691,27.61611],[94.5842,27.62837],[94.60241,27.63615],[94.61931,27.63785],[94.62545,27.64268],[94.63599,27.64431],[94.6472,27.65519],[94.67618,27.66289],[94.68218,27.67028],[94.72894,27.69059],[94.74133,27.70016],[94.77392,27.70123],[94.79037,27.72235],[94.80308,27.72347],[94.83168,27.73644],[94.84269,27.73495],[94.86471,27.74191],[94.89971,27.76614],[94.9102,27.77736],[94.92128,27.78234],[94.92663,27.79066],[94.93284,27.79038],[94.95323,27.80619],[94.9746,27.80988],[95.01085,27.83067],[95.03222,27.83055],[95.07288,27.84671],[95.08141,27.84645],[95.09535,27.85958],[95.13102,27.87152],[95.13248,27.87711],[95.15773,27.88879],[95.16546,27.89587],[95.24002,27.91662],[95.27752,27.93679],[95.29368,27.95215],[95.31139,27.98946],[95.35138,28.04099],[95.35554,28.0594],[95.34242,28.09119],[95.34845,28.10265],[95.37251,28.13103],[95.3966,28.13807],[95.42305,28.15125],[95.43265,28.16199],[95.5422,28.19095],[95.63829,28.23859],[95.66922,28.24443],[95.70844,28.25785],[95.72071,28.26833],[95.73333,28.27151],[95.74208,28.27747],[95.77717,28.2809],[95.79948,28.29084],[95.81446,28.30169],[95.82185,28.29977],[95.82968,28.2843],[95.8389,28.28329],[95.85795,28.29552],[95.86569,28.30516],[95.87265,28.30412],[95.87455,28.29903],[95.88392,28.29647],[95.88764,28.28893],[95.89837,28.28047],[95.90097,28.26351],[95.89718,28.25496],[95.90281,28.24561],[95.91263,28.24193],[95.93471,28.24249],[95.95881,28.22607],[95.96586,28.21045],[95.97376,28.20227],[96.01246,28.19367],[96.04922,28.19913],[96.05997,28.19482],[96.09812,28.21725],[96.12296,28.20491],[96.14623,28.21325],[96.1646,28.2095],[96.17763,28.21632],[96.2058,28.21474],[96.2253,28.23912],[96.23571,28.24062],[96.24103,28.24705],[96.25332,28.2508],[96.26672,28.2381],[96.28582,28.20023],[96.27906,28.1925],[96.27944,28.18399],[96.28619,28.17657],[96.28854,28.16449],[96.28473,28.15717],[96.29441,28.14012],[96.30645,28.14182],[96.32721,28.13294],[96.3461,28.13083],[96.37103,28.12182],[96.38758,28.12835],[96.387,28.13375],[96.39281,28.13858],[96.38831,28.15186],[96.39566,28.15346],[96.40719,28.16266],[96.42117,28.16533],[96.43716,28.15865],[96.44743,28.15321],[96.45291,28.14353],[96.4798,28.12006],[96.48362,28.10973],[96.48207,28.0987],[96.49343,28.06956],[96.49709,28.06816],[96.50902,28.08009],[96.51689,28.08116],[96.52375,28.07585],[96.53886,28.07867],[96.54009,28.06994],[96.54479,28.06587],[96.57289,28.06326],[96.57937,28.05378],[96.58057,28.0421],[96.60379,28.04234],[96.61268,28.03757],[96.62078,28.02811],[96.6215,28.01749],[96.62697,28.01526],[96.62855,28.00797],[96.63471,28.00304],[96.63522,27.99443],[96.64687,27.98258],[96.65206,27.97254],[96.67409,27.95556],[96.68901,27.95519],[96.70458,27.95982],[96.72116,27.95167],[96.74362,27.94805],[96.76599,27.93514],[96.78518,27.93387],[96.79002,27.93053],[96.79305,27.91515],[96.80309,27.89934],[96.80966,27.89403],[96.82251,27.89472],[96.83631,27.89107],[96.84927,27.87773],[96.85963,27.87568],[96.87773,27.87869],[96.88047,27.87631],[96.89226,27.8845],[96.90364,27.88503],[96.90727,27.88798],[96.92392,27.88439],[96.9297,27.87937],[96.93678,27.88016],[96.94377,27.87263],[96.97235,27.86375],[96.98453,27.85233],[96.99088,27.83898],[97.00366,27.82483],[97.00884,27.81004],[97.02269,27.81079],[97.02514,27.8168],[97.04208,27.81613],[97.04934,27.80483],[97.05719,27.80021],[97.05557,27.79077],[97.06378,27.75498],[97.0617,27.74969]],[[88.92722,26.3357],[88.92132,26.33533],[88.92332,26.32677],[88.91813,26.32567],[88.92505,26.3187],[88.92607,26.31609],[88.92266,26.31501],[88.93051,26.3049],[88.92488,26.30076],[88.925,26.29415],[88.94385,26.28616],[88.95355,26.27484],[88.97283,26.27828],[88.97517,26.28417],[88.98144,26.28312],[88.98477,26.29576],[88.98253,26.30122],[88.97745,26.29971],[88.97573,26.29541],[88.96097,26.29592],[88.96386,26.30416],[88.95337,26.30367],[88.9518,26.3173],[88.93753,26.31301],[88.93546,26.32137],[88.94215,26.32327],[88.93837,26.33508],[88.92774,26.33181],[88.92722,26.3357]],[[86.6148,20.80449],[86.62224,20.80403],[86.62393,20.81022],[86.62046,20.81074],[86.62342,20.80952],[86.62226,20.80538],[86.6148,20.80449]],[[86.46562,20.1169],[86.46319,20.11551],[86.46335,20.10804],[86.46562,20.1169]],[[84.73801,19.05585],[84.73046,19.05449],[84.72463,19.04579],[84.73059,19.04535],[84.73801,19.05585]],[[81.38545,16.44408],[81.38675,16.44694],[81.38168,16.44759],[81.38301,16.44296],[81.39608,16.43701],[81.40032,16.42579],[81.41206,16.41855],[81.42523,16.4184],[81.41119,16.42087],[81.40114,16.42873],[81.39887,16.43442],[81.40128,16.43732],[81.38545,16.44408]],[[76.69275,8.79133],[76.68922,8.79714],[76.67623,8.79011],[76.67565,8.80532],[76.67071,8.79967],[76.67354,8.79554],[76.67039,8.78756],[76.67483,8.78006],[76.67768,8.78908],[76.68279,8.77952],[76.71167,8.77913],[76.71272,8.78119],[76.706,8.78457],[76.68307,8.78442],[76.68322,8.78776],[76.69275,8.79133]],[[76.47698,9.11857],[76.48305,9.09656],[76.48889,9.09015],[76.47698,9.11857]],[[73.5351,15.93854],[73.55881,15.94432],[73.55132,15.94813],[73.5471,15.94334],[73.53539,15.94262],[73.5351,15.93854]],[[73.41363,16.28037],[73.42194,16.28425],[73.41802,16.29053],[73.41074,16.28455],[73.41363,16.28037]],[[72.81457,21.42227],[72.80541,21.42625],[72.80412,21.42533],[72.81457,21.42227]]],[[[94.26353,13.42919],[94.25512,13.43078],[94.24914,13.44576],[94.26371,13.4632],[94.27293,13.46444],[94.27725,13.46082],[94.27473,13.45696],[94.27558,13.44253],[94.26353,13.42919]]],[[[93.8193,7.23681],[93.82601,7.23848],[93.82962,7.23589],[93.83867,7.24258],[93.84834,7.24088],[93.84872,7.23392],[93.84252,7.22929],[93.84572,7.21949],[93.85152,7.21497],[93.86857,7.21842],[93.87654,7.20423],[93.88248,7.20473],[93.88026,7.19417],[93.88334,7.18565],[93.87971,7.17715],[93.8869,7.15678],[93.88542,7.12636],[93.89097,7.12248],[93.88564,7.10651],[93.89076,7.08047],[93.89953,7.07916],[93.90416,7.07425],[93.90569,7.06317],[93.91611,7.04897],[93.9121,7.0415],[93.91748,7.02422],[93.92833,7.02781],[93.93604,7.01439],[93.94506,7.00999],[93.9475,7.00328],[93.94477,6.994],[93.93305,7.00279],[93.93062,7.01156],[93.92675,7.01286],[93.91421,7.0018],[93.91471,6.99406],[93.92722,6.98863],[93.92848,6.97419],[93.94508,6.95714],[93.94353,6.95276],[93.93746,6.952],[93.93051,6.95678],[93.92044,6.95165],[93.91591,6.94611],[93.91615,6.93426],[93.90982,6.93375],[93.90788,6.92912],[93.908,6.92203],[93.91302,6.92034],[93.91611,6.91415],[93.90977,6.90707],[93.90204,6.90863],[93.8961,6.90413],[93.90021,6.89846],[93.8962,6.89124],[93.90006,6.8866],[93.90158,6.87345],[93.8928,6.8665],[93.89327,6.83944],[93.90758,6.84018],[93.9099,6.8376],[93.91002,6.83348],[93.90097,6.8206],[93.90238,6.81416],[93.89643,6.80682],[93.88869,6.80542],[93.88726,6.79923],[93.88132,6.79538],[93.8803,6.80286],[93.86898,6.81783],[93.85932,6.82429],[93.86269,6.8315],[93.85741,6.83538],[93.85549,6.84183],[93.84633,6.84442],[93.84696,6.83282],[93.85805,6.83306],[93.85933,6.82828],[93.85237,6.82817],[93.84901,6.82392],[93.85093,6.81863],[93.84653,6.8091],[93.84869,6.79054],[93.8457,6.77869],[93.83834,6.77019],[93.83639,6.7604],[93.828,6.75693],[93.81743,6.75914],[93.8177,6.76314],[93.80817,6.76947],[93.8145,6.77977],[93.80949,6.78725],[93.8113,6.79112],[93.81775,6.79188],[93.81492,6.80013],[93.81105,6.79937],[93.81106,6.80246],[93.81906,6.80361],[93.81819,6.82307],[93.808,6.8236],[93.80747,6.81677],[93.80309,6.81807],[93.79064,6.83128],[93.79565,6.83987],[93.79951,6.83909],[93.80185,6.8472],[93.80856,6.84912],[93.80869,6.85273],[93.80341,6.85635],[93.79954,6.85288],[93.79541,6.8543],[93.78692,6.86411],[93.7784,6.86387],[93.7774,6.87998],[93.78591,6.8801],[93.79209,6.87261],[93.79429,6.87518],[93.79597,6.88266],[93.7925,6.88756],[93.77999,6.88604],[93.7889,6.89247],[93.79046,6.90406],[93.78673,6.90471],[93.78622,6.90884],[93.78001,6.89712],[93.77485,6.89635],[93.77306,6.90693],[93.77589,6.90589],[93.77745,6.9095],[93.77061,6.91157],[93.76553,6.93177],[93.75839,6.93118],[93.76392,6.92138],[93.75966,6.91803],[93.75364,6.91968],[93.75271,6.92604],[93.74781,6.92501],[93.75376,6.93686],[93.75095,6.95362],[93.7534,6.95826],[93.74452,6.96742],[93.73807,6.96627],[93.73446,6.97002],[93.73745,6.98587],[93.72805,6.99439],[93.72005,6.99633],[93.70586,6.99249],[93.70509,6.99674],[93.70961,7.00164],[93.70666,7.00937],[93.71518,7.01245],[93.70913,7.02535],[93.7041,7.02536],[93.70255,7.02111],[93.70666,7.01401],[93.6819,7.01959],[93.67726,7.0187],[93.67506,7.01406],[93.67711,7.00787],[93.67181,7.00285],[93.66369,7.00737],[93.67183,7.01071],[93.67623,7.0254],[93.67069,7.02799],[93.6729,7.03933],[93.66607,7.04398],[93.66997,7.06537],[93.66378,7.07131],[93.67154,7.08083],[93.67,7.08625],[93.66148,7.08729],[93.65917,7.09348],[93.65982,7.09915],[93.6637,7.10069],[93.66963,7.09605],[93.66912,7.10223],[93.67531,7.103],[93.67764,7.10635],[93.68357,7.10324],[93.68513,7.10775],[93.68822,7.10788],[93.68785,7.11793],[93.68075,7.11369],[93.68127,7.1182],[93.67172,7.11821],[93.67702,7.12465],[93.67768,7.13187],[93.67252,7.13265],[93.67175,7.13587],[93.6844,7.1365],[93.69084,7.12824],[93.69523,7.13313],[93.69253,7.13932],[93.69977,7.1504],[93.69681,7.15324],[93.69927,7.15993],[93.69051,7.16897],[93.68496,7.17065],[93.68133,7.15893],[93.67643,7.15829],[93.67463,7.16487],[93.67696,7.1726],[93.68058,7.17208],[93.67982,7.18059],[93.68524,7.18316],[93.68628,7.18986],[93.69454,7.18933],[93.69582,7.18469],[93.69892,7.18571],[93.70523,7.1772],[93.70616,7.19112],[93.71777,7.19058],[93.71621,7.18002],[93.71892,7.18078],[93.71932,7.18646],[93.73248,7.18618],[93.74851,7.20084],[93.7503,7.19285],[93.75727,7.1909],[93.76632,7.20159],[93.77148,7.20158],[93.77201,7.20699],[93.77846,7.20917],[93.78748,7.19923],[93.79201,7.2049],[93.78517,7.20465],[93.77769,7.21214],[93.79757,7.20978],[93.80387,7.20152],[93.80492,7.20848],[93.81371,7.21388],[93.80739,7.21595],[93.81114,7.2211],[93.80922,7.22961],[93.8193,7.23681]]],[[[93.85709,12.26458],[93.84611,12.27338],[93.85193,12.28908],[93.86715,12.29496],[93.87745,12.28024],[93.87637,12.27174],[93.85709,12.26458]]],[[[93.85313,6.81953],[93.85623,6.82275],[93.85751,6.82094],[93.85313,6.81953]]],[[[93.76975,7.39428],[93.76291,7.39777],[93.76433,7.40086],[93.77208,7.39981],[93.76975,7.39428]]],[[[93.7565,7.19297],[93.75018,7.19775],[93.75702,7.19851],[93.75265,7.20831],[93.76169,7.21487],[93.76453,7.21397],[93.76503,7.20365],[93.75986,7.20083],[93.7565,7.19297]]],[[[93.68271,7.38449],[93.7057,7.39387],[93.71216,7.39205],[93.7137,7.38676],[93.7168,7.38753],[93.71669,7.4012],[93.70546,7.4016],[93.71026,7.41796],[93.70539,7.44169],[93.71224,7.44425],[93.71532,7.43368],[93.72035,7.42929],[93.72082,7.40325],[93.7243,7.39667],[93.75628,7.37432],[93.75626,7.36092],[93.74877,7.35758],[93.74876,7.35191],[93.74022,7.34419],[93.72545,7.30993],[93.70582,7.30325],[93.7062,7.30016],[93.69651,7.29309],[93.68669,7.29104],[93.6779,7.28371],[93.66935,7.25974],[93.64816,7.24366],[93.63952,7.25283],[93.63824,7.2585],[93.62998,7.26367],[93.62922,7.26753],[93.63465,7.27397],[93.63194,7.27939],[93.63543,7.28325],[93.63467,7.28918],[93.63249,7.30104],[93.6232,7.30673],[93.62243,7.3106],[93.63509,7.31702],[93.63847,7.33068],[93.64325,7.33119],[93.64571,7.33737],[93.64339,7.34099],[93.64106,7.33364],[93.63344,7.33713],[93.63349,7.37142],[93.64215,7.37269],[93.65014,7.36327],[93.6579,7.37525],[93.66617,7.38014],[93.67002,7.36569],[93.68243,7.37676],[93.68271,7.38449]]],[[[93.71961,7.20656],[93.71251,7.20967],[93.70854,7.22952],[93.71524,7.22126],[93.71961,7.20656]]],[[[93.70796,7.01968],[93.70539,7.02433],[93.70771,7.02484],[93.70796,7.01968]]],[[[93.68815,7.39712],[93.68377,7.40743],[93.69152,7.40948],[93.68868,7.40601],[93.6928,7.39866],[93.68815,7.39712]]],[[[93.67748,7.17389],[93.67555,7.17544],[93.67891,7.17878],[93.67981,7.17466],[93.67748,7.17389]]],[[[93.66087,7.1123],[93.65702,7.12545],[93.66244,7.12648],[93.66669,7.11951],[93.66087,7.1123]]],[[[93.65303,8.38938],[93.64812,8.3908],[93.64735,8.39441],[93.65278,8.39428],[93.65524,8.39118],[93.65303,8.38938]]],[[[93.65159,7.47025],[93.64474,7.47091],[93.64514,7.47632],[93.6503,7.47593],[93.65159,7.47025]]],[[[93.62783,8.4906],[93.62434,8.49769],[93.62643,8.50671],[93.62219,8.52592],[93.6116,8.54308],[93.61216,8.57221],[93.61502,8.57375],[93.61941,8.56756],[93.61937,8.54255],[93.62246,8.53095],[93.63552,8.52216],[93.63357,8.52062],[93.63719,8.51339],[93.63161,8.50541],[93.6369,8.49741],[93.63509,8.49561],[93.64216,8.46699],[93.63246,8.47125],[93.62779,8.46907],[93.62271,8.45052],[93.62683,8.4317],[93.62215,8.42345],[93.61842,8.43558],[93.62377,8.4647],[93.61953,8.48094],[93.62899,8.4866],[93.62783,8.4906]]],[[[93.59531,8.04146],[93.59247,8.04701],[93.58613,8.04844],[93.58756,8.05217],[93.58265,8.05308],[93.58266,8.05914],[93.57607,8.06392],[93.57828,8.06855],[93.58706,8.06004],[93.59249,8.06389],[93.5974,8.05847],[93.59802,8.04352],[93.59531,8.04146]]],[[[93.59122,8.07459],[93.58243,8.07886],[93.58269,8.08273],[93.57171,8.09254],[93.57341,8.10336],[93.57937,8.10928],[93.57627,8.11341],[93.58093,8.11341],[93.57977,8.12269],[93.58688,8.11417],[93.58996,8.10179],[93.58685,8.09432],[93.59047,8.09303],[93.5902,8.08375],[93.58761,8.08298],[93.59148,8.07962],[93.59122,8.07459]]],[[[93.53061,8.01474],[93.52855,8.01861],[93.53088,8.02467],[93.53502,8.02427],[93.5364,8.01929],[93.54328,8.01447],[93.54082,8.00674],[93.54753,8.00131],[93.55256,7.99048],[93.55129,8.00466],[93.55659,8.00594],[93.54897,8.01446],[93.54485,8.02761],[93.5627,8.02501],[93.58231,7.99276],[93.57996,7.97704],[93.58292,7.97136],[93.57955,7.9657],[93.58132,7.93914],[93.5773,7.93038],[93.54333,7.95363],[93.53572,7.96459],[93.52176,7.97041],[93.5166,7.9788],[93.50782,7.98461],[93.50667,7.99698],[93.51378,7.99865],[93.51481,7.99517],[93.52619,7.99129],[93.52503,7.99696],[93.52672,8.00469],[93.53125,8.00701],[93.53061,8.01474]]],[[[93.4822,8.19306],[93.48454,8.19577],[93.49799,8.19523],[93.5046,8.2094],[93.50215,8.21108],[93.49801,8.20761],[93.50059,8.20348],[93.49205,8.2004],[93.49075,8.20272],[93.49451,8.20916],[93.49246,8.21973],[93.49906,8.22475],[93.52107,8.23349],[93.53969,8.22818],[93.54498,8.21889],[93.54495,8.19852],[93.52151,8.17329],[93.51388,8.17536],[93.51038,8.17176],[93.50701,8.1639],[93.50712,8.14934],[93.50414,8.1496],[93.50362,8.14393],[93.52377,8.12044],[93.53124,8.09594],[93.54494,8.08922],[93.54932,8.082],[93.54825,8.05004],[93.54437,8.05004],[93.54966,8.04307],[93.5503,8.03611],[93.54008,8.03922],[93.53893,8.04927],[93.53169,8.05122],[93.5282,8.04903],[93.52909,8.0373],[93.52611,8.03357],[93.51978,8.03796],[93.51797,8.03499],[93.50736,8.03436],[93.50605,8.02328],[93.51187,8.01709],[93.50734,8.01426],[93.50551,7.99918],[93.49335,8.00022],[93.48652,8.01583],[93.4859,8.03568],[93.48939,8.03851],[93.48565,8.0447],[93.49211,8.04495],[93.49987,8.03811],[93.50245,8.0403],[93.50943,8.03797],[93.50672,8.0421],[93.5079,8.05447],[93.50377,8.05679],[93.50946,8.0573],[93.51025,8.06813],[93.51258,8.06838],[93.51528,8.05884],[93.51165,8.04879],[93.51953,8.04646],[93.52135,8.05084],[93.52626,8.05058],[93.52473,8.06296],[93.53275,8.06707],[93.53146,8.06978],[93.52577,8.06708],[93.5241,8.07533],[93.53096,8.08073],[93.52397,8.07868],[93.52449,8.08384],[93.5126,8.0854],[93.51258,8.07406],[93.49317,8.06312],[93.49406,8.05346],[93.49134,8.05024],[93.48475,8.05527],[93.48117,8.08595],[93.48673,8.08595],[93.48932,8.09007],[93.49424,8.0898],[93.49217,8.08723],[93.49579,8.08619],[93.50058,8.09108],[93.49813,8.10295],[93.50228,8.10758],[93.49762,8.10862],[93.49593,8.09728],[93.48752,8.09445],[93.48118,8.09678],[93.4782,8.09356],[93.47433,8.0955],[93.46697,8.10685],[93.47163,8.11432],[93.46788,8.11136],[93.46439,8.11459],[93.46996,8.1178],[93.46142,8.11897],[93.45948,8.12361],[93.46311,8.13005],[93.4679,8.12644],[93.46571,8.13624],[93.46946,8.13623],[93.47089,8.14113],[93.45744,8.14321],[93.45602,8.1494],[93.46172,8.15094],[93.4559,8.15429],[93.45734,8.17517],[93.46356,8.18019],[93.47805,8.18417],[93.4822,8.19306]]],[[[93.54367,7.51087],[93.54084,7.519],[93.54421,7.52441],[93.54975,7.51615],[93.54367,7.51087]]],[[[93.31267,7.95335],[93.311,7.96263],[93.32562,7.97757],[93.32357,7.99175],[93.33315,8.00825],[93.33742,8.01146],[93.34285,8.01056],[93.34673,8.01597],[93.35164,8.00836],[93.36095,8.00977],[93.37079,8.02162],[93.37959,8.02432],[93.39742,8.01798],[93.40931,8.00547],[93.40374,7.99839],[93.40411,7.98137],[93.39636,7.98434],[93.39532,7.97803],[93.39945,7.97261],[93.41069,7.96719],[93.41469,7.9579],[93.42348,7.95789],[93.43099,7.96768],[93.43641,7.95517],[93.44081,7.95452],[93.45811,7.93955],[93.46573,7.92872],[93.46572,7.91557],[93.47448,7.89288],[93.46244,7.87304],[93.45274,7.8764],[93.45198,7.88517],[93.4423,7.89936],[93.42111,7.90775],[93.39783,7.90211],[93.39149,7.89219],[93.3792,7.88279],[93.37428,7.88344],[93.3717,7.88757],[93.36472,7.88667],[93.35154,7.89274],[93.34457,7.90667],[93.35285,7.90898],[93.35221,7.91439],[93.35776,7.91284],[93.36631,7.92624],[93.36606,7.94325],[93.36142,7.95305],[93.36181,7.95976],[93.35393,7.9626],[93.3481,7.95719],[93.34487,7.95938],[93.34383,7.95281],[93.32133,7.94896],[93.32727,7.93401],[93.33231,7.93245],[93.3314,7.92395],[93.32016,7.93169],[93.31965,7.94097],[93.31267,7.95335]]],[[[93.46118,8.13186],[93.45911,8.13444],[93.46403,8.13676],[93.46118,8.13186]]],[[[93.34742,7.91491],[93.34536,7.91852],[93.35804,7.9314],[93.36579,7.92933],[93.35299,7.92238],[93.34742,7.91491]]],[[[93.23952,8.22176],[93.22026,8.24678],[93.22505,8.26018],[93.2367,8.2643],[93.24898,8.24109],[93.25104,8.22949],[93.23952,8.22176]]],[[[93.10096,8.25353],[93.09061,8.26617],[93.08467,8.28241],[93.08415,8.29581],[93.09503,8.32391],[93.0962,8.33989],[93.10578,8.34943],[93.11432,8.34698],[93.12817,8.35484],[93.13088,8.34865],[93.14227,8.34684],[93.1411,8.33137],[93.131,8.30946],[93.13203,8.30096],[93.12607,8.28549],[93.12607,8.27621],[93.13331,8.26409],[93.15285,8.24372],[93.19476,8.22411],[93.202,8.21792],[93.2042,8.21534],[93.2007,8.19613],[93.18776,8.19498],[93.17353,8.20182],[93.16111,8.20273],[93.14171,8.21588],[93.12153,8.22336],[93.11584,8.23329],[93.10497,8.24193],[93.10096,8.25353]]],[[[93.11568,12.13007],[93.10992,12.1427],[93.12014,12.14785],[93.12263,12.13857],[93.11568,12.13007]]],[[[93.07982,12.22493],[93.06397,12.2288],[93.06345,12.2337],[93.07472,12.25766],[93.08141,12.25998],[93.08416,12.2556],[93.08297,12.2391],[93.08795,12.23652],[93.09398,12.23781],[93.09988,12.24941],[93.10054,12.25972],[93.10525,12.25997],[93.10485,12.23884],[93.10066,12.2324],[93.10196,12.20662],[93.09934,12.20482],[93.09502,12.21049],[93.09463,12.22364],[93.09057,12.23111],[93.10053,12.23381],[93.1021,12.24348],[93.07982,12.22493]]],[[[93.10337,13.43015],[93.0964,13.43415],[93.10232,13.43518],[93.10337,13.43015]]],[[[93.04274,12.15638],[93.05492,12.18834],[93.06751,12.21114],[93.07615,12.20998],[93.07536,12.20328],[93.07091,12.19929],[93.08506,12.19529],[93.0844,12.18988],[93.0806,12.18717],[93.08505,12.18549],[93.08453,12.18227],[93.07169,12.17931],[93.06697,12.17364],[93.08086,12.17995],[93.08715,12.17879],[93.08714,12.1739],[93.08976,12.17518],[93.08386,12.15689],[93.08478,12.14877],[93.08714,12.15044],[93.09395,12.14735],[93.09473,12.14168],[93.08871,12.14219],[93.0887,12.13833],[93.08556,12.13807],[93.08399,12.13124],[93.08752,12.12879],[93.08687,12.12338],[93.08163,12.12299],[93.08477,12.11642],[93.08582,12.11977],[93.09197,12.12029],[93.09263,12.11655],[93.08765,12.11681],[93.08608,12.10895],[93.0921,12.10585],[93.09039,12.09838],[93.08463,12.09297],[93.08541,12.08962],[93.07546,12.08472],[93.06931,12.0873],[93.05975,12.10535],[93.05844,12.11102],[93.06486,12.1221],[93.06696,12.11668],[93.07141,12.11643],[93.06788,12.13086],[93.05989,12.12364],[93.05622,12.1239],[93.05308,12.12919],[93.04993,12.12648],[93.04653,12.12958],[93.03933,12.12777],[93.0371,12.13396],[93.04274,12.15638]]],[[[93.09152,13.40735],[93.08757,13.41585],[93.09389,13.41946],[93.09152,13.40735]]],[[[93.04254,13.32103],[93.04017,13.32644],[93.04136,13.33778],[93.04609,13.34602],[93.04518,13.35582],[93.04873,13.35685],[93.04781,13.36046],[93.05663,13.36097],[93.05031,13.3669],[93.04939,13.37257],[93.05466,13.38223],[93.06189,13.36148],[93.07123,13.34705],[93.07544,13.34576],[93.07781,13.34061],[93.08307,13.33996],[93.08728,13.34318],[93.09017,13.33545],[93.07675,13.3303],[93.07149,13.32257],[93.07069,13.30659],[93.06595,13.30376],[93.06161,13.31458],[93.06162,13.32876],[93.0528,13.32901],[93.04991,13.3236],[93.04254,13.32103]]],[[[93.07865,11.77956],[93.081,11.78948],[93.08545,11.78987],[93.08322,11.78033],[93.07865,11.77956]]],[[[93.0749,13.29821],[93.07095,13.3004],[93.07885,13.30169],[93.0749,13.29821]]],[[[93.06308,12.31578],[93.07199,12.31875],[93.07304,12.31604],[93.06308,12.31578]]],[[[93.07046,13.41289],[93.06743,13.42127],[93.07152,13.43055],[93.07046,13.41289]]],[[[93.05092,11.81269],[93.03052,11.82313],[93.03052,11.82648],[93.01443,11.83189],[93.01377,11.84993],[93.02032,11.84349],[93.03601,11.83614],[93.05381,11.84387],[93.06977,11.84194],[93.07134,11.83343],[93.06204,11.82209],[93.06309,11.819],[93.05092,11.81269]]],[[[93.04781,13.37463],[93.04492,13.38056],[93.04702,13.3852],[93.04071,13.38236],[93.03478,13.387],[93.02965,13.38481],[93.02597,13.387],[93.02518,13.38211],[93.01833,13.38146],[93.01122,13.38726],[93.01122,13.38134],[93.00425,13.38855],[93.00807,13.39757],[92.99596,13.40595],[92.99438,13.4035],[92.99833,13.39371],[92.9899,13.38984],[92.99464,13.38237],[92.98438,13.37863],[92.98109,13.3736],[92.98385,13.37257],[92.98753,13.3776],[92.9928,13.37309],[93.00043,13.37786],[93.00833,13.37631],[93.01478,13.37154],[93.01162,13.36484],[93.01543,13.36149],[93.02123,13.37231],[93.03294,13.37309],[93.03202,13.36316],[93.01622,13.35672],[93.01596,13.35402],[93.00464,13.35544],[92.99767,13.35144],[92.98806,13.34345],[92.98885,13.32979],[92.98438,13.32941],[92.97938,13.33624],[92.97727,13.35659],[92.97977,13.35994],[92.97411,13.36458],[92.96161,13.36613],[92.95924,13.362],[92.95648,13.36175],[92.95634,13.36535],[92.94805,13.36278],[92.94569,13.35414],[92.93885,13.35092],[92.94437,13.34525],[92.94806,13.32876],[92.94438,13.31613],[92.95254,13.31819],[92.96306,13.3151],[92.9678,13.32412],[92.97833,13.32412],[92.98754,13.31433],[92.9878,13.30608],[92.97964,13.29887],[92.97793,13.28856],[92.96886,13.28624],[92.96807,13.27864],[92.98754,13.27851],[92.99333,13.26691],[93.00306,13.26253],[93.00464,13.26562],[93.00938,13.26421],[93.00464,13.26872],[93.00175,13.27928],[93.00412,13.29165],[93.00517,13.28289],[93.01188,13.27593],[93.01148,13.26691],[93.01727,13.2767],[93.02385,13.27825],[93.02516,13.28263],[93.03464,13.27619],[93.04648,13.28211],[93.04621,13.27644],[93.04003,13.27155],[93.0416,13.25505],[93.04476,13.25196],[93.04292,13.24835],[93.04779,13.2432],[93.04858,13.26072],[93.06581,13.27206],[93.06463,13.26355],[93.06147,13.26381],[93.05713,13.2566],[93.05607,13.23289],[93.04265,13.2231],[93.04502,13.20995],[93.03686,13.19552],[93.03199,13.17774],[93.03686,13.17181],[93.0337,13.15996],[93.03685,13.14089],[93.03054,13.12646],[93.03514,13.09141],[93.03474,13.08239],[93.02633,13.0762],[93.02541,13.07105],[93.02974,13.0695],[93.02961,13.06667],[93.02028,13.05146],[93.01436,13.05004],[93.00911,13.04373],[93.00805,13.03368],[93.00411,13.02969],[92.99452,13.03652],[92.98965,13.03162],[92.98992,13.02621],[92.98624,13.02595],[92.96968,13.03368],[92.966,13.04218],[92.96297,13.03857],[92.9639,13.02827],[92.97073,13.01564],[92.96653,13.01383],[92.95864,13.01667],[92.95351,13.03058],[92.93945,13.03677],[92.94287,13.04372],[92.93472,13.04269],[92.93366,13.04785],[92.93774,13.05094],[92.94681,13.05043],[92.95469,13.04527],[92.9497,13.06473],[92.95811,13.06357],[92.96126,13.06873],[92.96126,13.07414],[92.95784,13.07568],[92.95219,13.0713],[92.94654,13.08393],[92.94956,13.09553],[92.94837,13.10493],[92.94522,13.1048],[92.94508,13.10764],[92.95021,13.12826],[92.94521,13.13289],[92.94508,13.14552],[92.93784,13.14655],[92.94456,13.1213],[92.94285,13.11047],[92.94088,13.10661],[92.93233,13.11601],[92.92997,13.1097],[92.93602,13.10351],[92.93155,13.09449],[92.93549,13.08496],[92.92866,13.08212],[92.92866,13.07529],[92.92157,13.06691],[92.91446,13.0767],[92.9213,13.08573],[92.90644,13.08469],[92.90684,13.0901],[92.89868,13.09616],[92.89237,13.09564],[92.89106,13.09886],[92.89802,13.10788],[92.89933,13.1151],[92.89473,13.10737],[92.89066,13.1102],[92.89079,13.11883],[92.8846,13.1254],[92.88552,13.13777],[92.88236,13.14099],[92.87842,13.13906],[92.87868,13.1464],[92.88236,13.14679],[92.88222,13.15504],[92.86724,13.1473],[92.8725,13.14524],[92.86909,13.13158],[92.87316,13.13107],[92.87526,13.13545],[92.87724,13.13313],[92.87487,13.13158],[92.88145,13.12772],[92.88027,13.12218],[92.88395,13.12154],[92.8875,13.11432],[92.88948,13.10762],[92.88527,13.10633],[92.89079,13.1053],[92.88514,13.09344],[92.8787,13.09422],[92.88528,13.08893],[92.88843,13.08881],[92.89001,13.09254],[92.89395,13.09113],[92.89764,13.08507],[92.89396,13.08546],[92.89317,13.08056],[92.8887,13.07773],[92.89659,13.07541],[92.89685,13.07876],[92.90263,13.07928],[92.90237,13.0767],[92.90816,13.07606],[92.90921,13.07258],[92.90658,13.07077],[92.91079,13.06536],[92.90645,13.06562],[92.90501,13.06008],[92.89581,13.0584],[92.8853,13.04577],[92.8891,13.05865],[92.88148,13.05839],[92.88161,13.06123],[92.87714,13.06174],[92.86926,13.05774],[92.86584,13.0589],[92.86754,13.06431],[92.86137,13.06612],[92.85926,13.07926],[92.86135,13.08647],[92.85347,13.08144],[92.85597,13.07256],[92.85058,13.07423],[92.849,13.08003],[92.84545,13.08002],[92.84111,13.08775],[92.84059,13.08041],[92.8469,13.07616],[92.84585,13.07306],[92.85926,13.06972],[92.86018,13.0656],[92.85585,13.06341],[92.84927,13.06559],[92.84888,13.05992],[92.84599,13.05941],[92.84638,13.06314],[92.83837,13.06172],[92.84008,13.05811],[92.83693,13.04987],[92.84376,13.05683],[92.84337,13.04703],[92.84745,13.04317],[92.85034,13.04601],[92.84639,13.04936],[92.8477,13.05296],[92.85217,13.04987],[92.85532,13.05915],[92.86347,13.06431],[92.86426,13.0589],[92.87083,13.05658],[92.85757,13.04034],[92.86444,13.03992],[92.86834,13.04318],[92.86796,13.0321],[92.87452,13.04344],[92.88241,13.0477],[92.8874,13.04371],[92.89055,13.04976],[92.90054,13.05054],[92.90185,13.05454],[92.91434,13.05119],[92.90502,13.03096],[92.89976,13.02928],[92.90121,13.02593],[92.89635,13.02361],[92.89503,13.01884],[92.87914,13.00994],[92.88242,13.00711],[92.8819,13.0035],[92.87875,13.00298],[92.88177,12.99783],[92.87901,12.99654],[92.88191,12.9852],[92.87508,12.98224],[92.87613,12.97283],[92.87929,12.96974],[92.87075,12.96819],[92.86918,12.95994],[92.87299,12.95878],[92.87392,12.94139],[92.87011,12.93687],[92.85973,12.93648],[92.85697,12.94267],[92.85906,12.9589],[92.8496,12.96637],[92.84802,12.96006],[92.83778,12.95979],[92.83896,12.94807],[92.84475,12.93725],[92.84279,12.92951],[92.84936,12.92875],[92.85317,12.91767],[92.85094,12.91393],[92.847,12.9165],[92.84214,12.91251],[92.84438,12.90928],[92.85121,12.91045],[92.85805,12.89499],[92.86067,12.8937],[92.86268,12.89954],[92.86855,12.89809],[92.86987,12.89345],[92.8662,12.8834],[92.85805,12.88442],[92.8595,12.88056],[92.85122,12.8839],[92.84256,12.879],[92.84426,12.88751],[92.84189,12.89601],[92.83283,12.88866],[92.82902,12.89085],[92.83098,12.89897],[92.81864,12.89844],[92.81101,12.90462],[92.81337,12.91352],[92.8093,12.91558],[92.80405,12.9032],[92.80064,12.90449],[92.79629,12.91428],[92.79589,12.92639],[92.79917,12.92742],[92.79943,12.93258],[92.80443,12.93078],[92.80206,12.9367],[92.80626,12.93851],[92.8048,12.94985],[92.80349,12.95371],[92.79876,12.95448],[92.79574,12.95152],[92.79298,12.95422],[92.79678,12.95989],[92.80335,12.96041],[92.80361,12.96686],[92.79309,12.97922],[92.79492,12.98747],[92.8007,12.9916],[92.80281,12.98077],[92.81122,12.98439],[92.81267,12.97949],[92.80965,12.97124],[92.81346,12.9679],[92.81463,12.98284],[92.82068,12.98027],[92.822,12.97396],[92.82463,12.97538],[92.82501,12.98491],[92.81213,12.99676],[92.81909,13.00011],[92.8204,13.00527],[92.82408,13.0063],[92.82106,12.99702],[92.83223,12.99806],[92.84564,12.9857],[92.84327,12.99575],[92.83433,12.99884],[92.84011,13.00167],[92.84129,13.00631],[92.8342,13.00811],[92.83039,13.00257],[92.82749,13.00734],[92.83353,13.0143],[92.84116,13.01095],[92.8447,13.02152],[92.84299,13.02809],[92.83247,13.03131],[92.82735,13.02821],[92.82762,13.01971],[92.81974,13.01326],[92.82039,13.01816],[92.81566,13.01841],[92.81329,13.02459],[92.8167,13.03104],[92.81118,13.03335],[92.81105,13.02614],[92.80646,13.02046],[92.81395,13.01789],[92.81251,13.01377],[92.8158,13.00939],[92.81146,13.00951],[92.80738,13.01428],[92.79858,13.01015],[92.7924,13.01581],[92.79882,13.04211],[92.80671,13.04057],[92.80433,13.05126],[92.80066,13.04533],[92.79526,13.06014],[92.79959,13.06324],[92.8009,13.07329],[92.80405,13.07226],[92.80406,13.06762],[92.81299,13.06647],[92.81642,13.06119],[92.82495,13.07511],[92.82533,13.08877],[92.82914,13.09135],[92.82506,13.09882],[92.82927,13.0996],[92.82927,13.10256],[92.82151,13.10784],[92.82479,13.11094],[92.83268,13.10759],[92.83728,13.1112],[92.8119,13.12678],[92.8161,13.12665],[92.81532,13.12356],[92.8211,13.12433],[92.82057,13.13258],[92.82451,13.13361],[92.82268,13.12562],[92.82978,13.12125],[92.83846,13.12177],[92.83872,13.1179],[92.84595,13.11817],[92.84872,13.1125],[92.85003,13.11791],[92.85476,13.11817],[92.85318,13.12242],[92.84845,13.12319],[92.85357,13.1277],[92.85292,13.1308],[92.84792,13.1326],[92.85448,13.15528],[92.84843,13.15283],[92.84475,13.14522],[92.84251,13.15218],[92.83437,13.14779],[92.83331,13.15166],[92.82424,13.15037],[92.82227,13.14727],[92.80964,13.15293],[92.81266,13.16762],[92.8162,13.17046],[92.82567,13.17047],[92.82292,13.16364],[92.81634,13.16556],[92.81516,13.16067],[92.8174,13.15887],[92.8216,13.16145],[92.82161,13.15487],[92.83501,13.16584],[92.83778,13.16043],[92.84396,13.16172],[92.84475,13.15708],[92.85754,13.15924],[92.85816,13.16198],[92.85316,13.16688],[92.85027,13.16288],[92.84513,13.16739],[92.84014,13.16326],[92.83684,13.17808],[92.83158,13.17782],[92.82803,13.18129],[92.82184,13.19933],[92.81737,13.1992],[92.81657,13.20474],[92.82367,13.20423],[92.82893,13.20758],[92.83576,13.21854],[92.83063,13.21995],[92.83287,13.22717],[92.82747,13.22845],[92.8276,13.23696],[92.83101,13.24212],[92.83838,13.24212],[92.83733,13.23284],[92.84233,13.23272],[92.84773,13.22795],[92.84735,13.20656],[92.85616,13.19677],[92.85301,13.19316],[92.8538,13.18311],[92.86064,13.18595],[92.86446,13.18106],[92.86971,13.18725],[92.86327,13.18698],[92.86156,13.19446],[92.8659,13.19497],[92.86339,13.20322],[92.86629,13.2009],[92.86984,13.20374],[92.87036,13.21224],[92.86023,13.21353],[92.86246,13.2192],[92.85509,13.22538],[92.8568,13.23079],[92.86456,13.23544],[92.85509,13.23595],[92.85416,13.24239],[92.84943,13.24032],[92.85376,13.25914],[92.83797,13.26325],[92.83442,13.26879],[92.82823,13.26814],[92.82468,13.27149],[92.82467,13.28721],[92.8344,13.28451],[92.84966,13.28774],[92.85071,13.29032],[92.8469,13.29186],[92.8373,13.29018],[92.83545,13.29495],[92.84229,13.30062],[92.84123,13.30513],[92.84439,13.30552],[92.84571,13.30011],[92.84874,13.29934],[92.8532,13.31274],[92.84991,13.31545],[92.84649,13.31106],[92.84096,13.31776],[92.83412,13.31647],[92.83385,13.3233],[92.82964,13.32432],[92.82886,13.31801],[92.82649,13.31814],[92.82372,13.32329],[92.827,13.3354],[92.83397,13.3385],[92.83095,13.33992],[92.83528,13.3452],[92.83199,13.34997],[92.82936,13.34932],[92.83291,13.35551],[92.83329,13.3693],[92.8379,13.36917],[92.84013,13.37562],[92.8425,13.37201],[92.84698,13.37227],[92.85186,13.35062],[92.85489,13.3514],[92.85488,13.3581],[92.85752,13.35733],[92.85791,13.36197],[92.85422,13.36506],[92.85724,13.37949],[92.8654,13.3795],[92.87224,13.38156],[92.87553,13.38646],[92.8804,13.38595],[92.88225,13.37332],[92.88567,13.37384],[92.8908,13.37873],[92.89132,13.3875],[92.88816,13.39162],[92.89567,13.38466],[92.90672,13.38312],[92.9062,13.37874],[92.90936,13.37874],[92.91067,13.38261],[92.91765,13.38313],[92.91699,13.38622],[92.90843,13.3857],[92.90646,13.39678],[92.90251,13.39111],[92.89501,13.3942],[92.89487,13.39729],[92.90435,13.40528],[92.90145,13.40567],[92.90434,13.41302],[92.89776,13.41507],[92.89079,13.40502],[92.87828,13.41919],[92.88328,13.42873],[92.88881,13.42693],[92.89065,13.42139],[92.89539,13.42177],[92.89671,13.41572],[92.90136,13.41645],[92.90434,13.42216],[92.89776,13.42216],[92.90802,13.43544],[92.90736,13.43956],[92.89946,13.43595],[92.8996,13.43183],[92.89183,13.42693],[92.89144,13.43208],[92.88683,13.43311],[92.88142,13.44406],[92.87616,13.44341],[92.883,13.44599],[92.88221,13.44818],[92.87615,13.45372],[92.87484,13.4465],[92.87208,13.44702],[92.87536,13.46029],[92.87128,13.46274],[92.8718,13.47227],[92.88826,13.47666],[92.88905,13.47061],[92.88457,13.47202],[92.88457,13.46713],[92.88905,13.46842],[92.90169,13.46082],[92.9038,13.46816],[92.89537,13.47357],[92.89958,13.47461],[92.90234,13.48466],[92.90365,13.49136],[92.90036,13.49677],[92.91853,13.50129],[92.92709,13.49755],[92.92709,13.49034],[92.91854,13.48453],[92.92012,13.47655],[92.91485,13.46662],[92.9142,13.45683],[92.92105,13.45735],[92.92302,13.4692],[92.93329,13.46766],[92.94171,13.47784],[92.93697,13.48441],[92.93696,13.49974],[92.94013,13.4982],[92.93986,13.49137],[92.94671,13.49575],[92.94065,13.51108],[92.93644,13.50838],[92.93644,13.51083],[92.93143,13.51005],[92.93024,13.51533],[92.93577,13.52101],[92.94591,13.51792],[92.9525,13.52449],[92.94973,13.52668],[92.94881,13.52346],[92.94407,13.52345],[92.94723,13.52977],[92.94249,13.53621],[92.94907,13.53802],[92.95118,13.54266],[92.95407,13.54343],[92.95276,13.53802],[92.96698,13.53235],[92.96172,13.52771],[92.96461,13.52385],[92.97067,13.52733],[92.97989,13.52617],[92.98331,13.51869],[92.99042,13.51406],[93.00254,13.5205],[93.00412,13.51586],[93.01347,13.51869],[93.01255,13.52436],[93.00754,13.51998],[93.00307,13.52514],[92.99148,13.52694],[92.99055,13.53313],[93.00004,13.5388],[92.99859,13.54099],[92.98832,13.53957],[92.98318,13.54962],[92.98621,13.55426],[92.98568,13.56276],[92.99306,13.56521],[93.00175,13.56122],[93.0115,13.53854],[93.0161,13.54292],[93.01637,13.57023],[93.01993,13.5741],[93.02045,13.57152],[93.0252,13.57307],[93.0273,13.57925],[93.04455,13.52926],[93.03954,13.48622],[93.02861,13.48351],[93.02703,13.48029],[93.03756,13.48107],[93.0344,13.46663],[93.01939,13.46754],[93.0157,13.46019],[93.00504,13.46947],[93.0003,13.46071],[93.00833,13.45414],[93.00557,13.44576],[93.00228,13.44022],[92.99964,13.44757],[92.99266,13.44808],[92.99372,13.4388],[92.99043,13.44486],[92.98648,13.4455],[92.98779,13.43429],[92.98253,13.42154],[92.99069,13.42025],[92.99293,13.42901],[93.0028,13.4303],[93.00333,13.42025],[93.00728,13.41664],[93.01346,13.4169],[93.01478,13.42463],[93.02044,13.43094],[93.03492,13.42386],[93.03703,13.41509],[93.04216,13.41226],[93.04216,13.4071],[93.04861,13.40311],[93.05782,13.41174],[93.06177,13.42102],[93.05835,13.39963],[93.06071,13.39679],[93.06387,13.40349],[93.07032,13.40632],[93.06729,13.39524],[93.05321,13.39241],[93.04676,13.39499],[93.0465,13.38803],[93.05045,13.38855],[93.04781,13.37463]]],[[[93.0476,13.62126],[93.04259,13.63801],[93.05353,13.64806],[93.05577,13.65527],[93.06658,13.65398],[93.06526,13.64689],[93.05788,13.64651],[93.05603,13.63594],[93.0476,13.62126]]],[[[93.0579,8.43993],[93.04522,8.4416],[93.03706,8.44869],[93.03551,8.45385],[93.04159,8.47009],[93.04522,8.47035],[93.05674,8.46029],[93.0579,8.43993]]],[[[93.05443,13.55928],[93.05259,13.56611],[93.0576,13.56752],[93.05443,13.55928]]],[[[93.05491,12.11089],[93.05032,12.11463],[93.05556,12.11591],[93.05491,12.11089]]],[[[92.98394,11.94556],[92.97504,11.94839],[92.96915,11.95586],[92.95828,11.98254],[92.94074,11.98666],[92.9342,11.98537],[92.92529,11.99812],[92.93157,12.00624],[92.93943,12.00676],[92.95095,12.01334],[92.96063,12.02829],[92.9639,12.04066],[92.96888,12.03396],[92.96927,12.02494],[92.97503,12.0252],[92.97372,12.0105],[92.97935,12.01334],[92.98118,12.027],[92.98315,12.0221],[92.99022,12.02004],[92.98865,12.02545],[92.99153,12.02919],[92.98524,12.0279],[92.98629,12.03215],[92.9783,12.03087],[92.97948,12.04156],[92.9821,12.04259],[93.00357,12.02906],[93.0092,12.01978],[93.00763,12.0002],[93.02569,11.96514],[93.02844,11.95148],[93.03694,11.94813],[93.04558,11.92468],[93.04675,11.91282],[93.0533,11.90509],[93.05342,11.89581],[93.0457,11.88447],[93.03628,11.88228],[93.02581,11.88872],[93.02254,11.90174],[93.00776,11.92468],[93.00671,11.93241],[92.99742,11.94221],[93.00566,11.94117],[93.00501,11.93705],[93.00828,11.9355],[93.00881,11.93808],[93.01875,11.93421],[93.01352,11.94659],[93.01561,11.95303],[93.01077,11.9636],[93.00056,11.96257],[92.99637,11.97288],[92.9897,11.97043],[92.99101,11.96527],[92.99637,11.9636],[92.99493,11.95934],[92.98944,11.95999],[92.98996,11.95483],[92.99362,11.95677],[92.99506,11.95355],[92.98394,11.94556]]],[[[93.00881,12.07687],[93.0092,12.10613],[93.0041,12.12674],[93.0058,12.14143],[93.00855,12.14762],[93.01851,12.15355],[93.02846,12.16566],[93.02793,12.14259],[93.02558,12.14311],[93.035,12.12352],[93.02977,12.12081],[93.03395,12.09633],[93.04469,12.0828],[93.05137,12.07957],[93.05293,12.06566],[93.05097,12.06115],[93.04835,12.06437],[93.04739,12.05938],[93.05149,12.05715],[93.04652,12.04736],[93.04128,12.04646],[93.03486,12.06128],[93.02688,12.07056],[93.01667,12.07636],[93.00881,12.07687]]],[[[93.03228,13.34525],[93.01833,13.35312],[93.02807,13.35646],[93.03465,13.35221],[93.03583,13.35711],[93.03925,13.35298],[93.03228,13.34525]]],[[[93.0186,13.43185],[93.02044,13.44035],[93.01597,13.44499],[93.01755,13.46122],[93.0294,13.45993],[93.03295,13.45246],[93.03176,13.43416],[93.02887,13.43648],[93.0186,13.43185]]],[[[93.02652,13.62732],[93.01967,13.63234],[93.01664,13.64213],[93.01018,13.64896],[92.99832,13.65296],[92.99912,13.65721],[92.99358,13.65837],[92.99095,13.65528],[92.99793,13.65012],[92.99477,13.64497],[92.99121,13.64549],[92.98765,13.6545],[92.98884,13.66017],[93.0057,13.66352],[93.01519,13.65889],[93.01862,13.66636],[93.00808,13.66713],[93.01414,13.67216],[93.02059,13.67074],[93.02586,13.64677],[93.03192,13.6344],[93.03113,13.62925],[93.02652,13.62732]]],[[[93.02585,12.27378],[93.02192,12.27481],[93.02769,12.27971],[93.03005,12.27803],[93.02585,12.27378]]],[[[93.02254,13.30376],[93.01569,13.31433],[93.01727,13.32876],[93.02438,13.3285],[93.01951,13.31716],[93.02254,13.30376]]],[[[93.01885,13.33727],[93.01635,13.34242],[93.01807,13.34474],[93.01885,13.33727]]],[[[93.01148,13.28341],[93.00898,13.28598],[93.01096,13.29101],[93.01622,13.29165],[93.01148,13.28341]]],[[[92.95537,12.95997],[92.95445,12.96667],[92.95655,12.96332],[92.96364,12.96306],[92.96496,12.96912],[92.96101,12.97569],[92.95471,12.97646],[92.95273,12.97981],[92.9597,12.98806],[92.96653,12.98175],[92.96219,12.97981],[92.96758,12.96976],[92.97337,12.96616],[92.97704,12.97415],[92.98125,12.97466],[92.9802,12.97956],[92.98913,12.9842],[92.98598,12.99348],[92.99281,12.99129],[93.00464,12.99708],[93.00345,12.99167],[92.99242,12.98523],[92.97849,12.96564],[92.98177,12.95727],[92.98782,12.95688],[92.98808,12.95405],[92.98086,12.94992],[92.98125,12.93304],[92.97389,12.93523],[92.96943,12.94477],[92.9534,12.94025],[92.96023,12.94953],[92.97416,12.94322],[92.97639,12.94528],[92.9735,12.95533],[92.9597,12.95572],[92.95537,12.95997]]],[[[92.97293,12.0837],[92.97594,12.08551],[92.9711,12.09272],[92.97625,12.09444],[92.96612,12.09401],[92.96167,12.10509],[92.97162,12.10303],[92.97188,12.09942],[92.98354,12.10252],[92.98419,12.10767],[92.98812,12.10922],[92.98786,12.10535],[93.00069,12.10445],[93.00095,12.09942],[92.99572,12.0971],[92.99755,12.0904],[92.99257,12.08989],[92.99506,12.0837],[92.99179,12.08422],[92.99035,12.07674],[92.99414,12.07571],[92.99257,12.06746],[92.99925,12.0569],[92.99637,12.04504],[92.98092,12.05174],[92.98131,12.05715],[92.97804,12.05844],[92.97608,12.06592],[92.98079,12.06901],[92.97437,12.06875],[92.97241,12.07262],[92.9711,12.06862],[92.96534,12.07017],[92.9618,12.07494],[92.96089,12.08241],[92.97293,12.0837]]],[[[92.99022,12.11347],[92.98616,12.11695],[92.98341,12.1136],[92.97921,12.11643],[92.98026,12.12133],[92.96638,12.1203],[92.95655,12.13782],[92.95695,12.14865],[92.97057,12.14813],[92.97712,12.13808],[92.98236,12.14504],[92.98759,12.14272],[92.99257,12.12649],[92.99807,12.12185],[92.99781,12.11643],[92.99218,12.11643],[92.99022,12.11347]]],[[[92.80623,12.85819],[92.80684,12.863],[92.80054,12.8639],[92.80014,12.86634],[92.79423,12.86531],[92.79502,12.86776],[92.8008,12.86699],[92.7962,12.8715],[92.7983,12.87614],[92.79501,12.8791],[92.80053,12.87691],[92.80079,12.88129],[92.79816,12.88645],[92.79356,12.88773],[92.79526,12.89018],[92.80236,12.89122],[92.80499,12.88645],[92.80945,12.88645],[92.81023,12.89573],[92.81575,12.89174],[92.82311,12.89445],[92.82784,12.88544],[92.83204,12.88454],[92.84229,12.8906],[92.83862,12.87178],[92.8356,12.86972],[92.83705,12.85735],[92.84178,12.86122],[92.84387,12.87101],[92.85189,12.86612],[92.84624,12.86277],[92.8406,12.85297],[92.84573,12.8504],[92.84652,12.84756],[92.84153,12.84653],[92.84783,12.84164],[92.85479,12.84602],[92.85137,12.85478],[92.85976,12.87592],[92.86252,12.87541],[92.86042,12.87077],[92.86331,12.86974],[92.86528,12.87463],[92.87277,12.87541],[92.87552,12.87954],[92.87302,12.88984],[92.87985,12.89474],[92.88445,12.89114],[92.88406,12.88753],[92.8922,12.88702],[92.89128,12.8914],[92.89666,12.89578],[92.8985,12.90351],[92.90244,12.90274],[92.90559,12.89681],[92.90468,12.88547],[92.90796,12.88045],[92.91637,12.87878],[92.91952,12.8878],[92.92478,12.88445],[92.93056,12.85765],[92.93477,12.85456],[92.94107,12.85559],[92.93884,12.8391],[92.92991,12.83677],[92.92991,12.82853],[92.93372,12.82131],[92.93793,12.8208],[92.94029,12.82389],[92.93372,12.83317],[92.94265,12.83523],[92.95369,12.80353],[92.94988,12.80018],[92.94936,12.79348],[92.9336,12.78059],[92.93387,12.77389],[92.93741,12.76771],[92.94936,12.76719],[92.95159,12.75766],[92.96105,12.75495],[92.9621,12.74658],[92.96853,12.74014],[92.96407,12.72776],[92.96657,12.72055],[92.97628,12.71823],[92.98009,12.70844],[92.97024,12.71101],[92.96276,12.69787],[92.965,12.67545],[92.95805,12.64323],[92.95792,12.6239],[92.94375,12.63318],[92.93981,12.62673],[92.94165,12.62184],[92.95582,12.61127],[92.95634,12.62029],[92.95831,12.61797],[92.95714,12.59297],[92.97538,12.54323],[92.96515,12.50612],[92.96856,12.4971],[92.96358,12.49246],[92.96371,12.48769],[92.96004,12.48705],[92.95138,12.49658],[92.95309,12.49968],[92.94718,12.50264],[92.94207,12.4989],[92.93932,12.48331],[92.93643,12.48253],[92.9304,12.49091],[92.92423,12.49297],[92.90995,12.47776],[92.90365,12.47879],[92.90549,12.4735],[92.89946,12.46629],[92.90916,12.46178],[92.91323,12.46307],[92.91073,12.46925],[92.91729,12.47183],[92.91729,12.45959],[92.93749,12.46771],[92.94352,12.4672],[92.94902,12.47545],[92.95768,12.47377],[92.95689,12.46656],[92.93487,12.46063],[92.93933,12.45496],[92.93854,12.45083],[92.91756,12.44554],[92.91362,12.45405],[92.90681,12.45018],[92.90943,12.44786],[92.90498,12.43858],[92.90786,12.43407],[92.91809,12.43524],[92.92071,12.42673],[92.91534,12.40663],[92.91102,12.40598],[92.90656,12.40688],[92.91075,12.42338],[92.90183,12.42776],[92.90262,12.43072],[92.8979,12.42995],[92.88609,12.44244],[92.89055,12.44734],[92.89737,12.44786],[92.89684,12.45494],[92.89343,12.45597],[92.89553,12.46255],[92.89041,12.46255],[92.88031,12.47607],[92.87624,12.47336],[92.87887,12.46615],[92.87114,12.45983],[92.84569,12.48056],[92.84375,12.49078],[92.83925,12.49139],[92.83938,12.49602],[92.85197,12.50093],[92.85341,12.51072],[92.84423,12.50195],[92.84397,12.50531],[92.83151,12.50401],[92.82691,12.50865],[92.81865,12.50632],[92.82811,12.49138],[92.81028,12.48157],[92.8344,12.48494],[92.83598,12.48133],[92.83178,12.48056],[92.82978,12.47394],[92.8234,12.47372],[92.82183,12.47037],[92.831,12.47012],[92.83337,12.46561],[92.83703,12.47695],[92.84346,12.4669],[92.83639,12.46252],[92.84412,12.46149],[92.844,12.45582],[92.84649,12.45672],[92.84937,12.45273],[92.85882,12.45171],[92.85515,12.43328],[92.84991,12.43443],[92.84624,12.42722],[92.84205,12.42747],[92.84008,12.43262],[92.84387,12.4392],[92.83443,12.44241],[92.83351,12.44757],[92.82709,12.44795],[92.8284,12.43932],[92.82224,12.43725],[92.82053,12.44215],[92.81686,12.44266],[92.82485,12.45375],[92.81672,12.45297],[92.81383,12.45915],[92.80951,12.45838],[92.81384,12.45142],[92.80846,12.4509],[92.80742,12.44807],[92.81241,12.43931],[92.80821,12.43789],[92.80585,12.44368],[92.79982,12.44136],[92.79837,12.45038],[92.8023,12.45786],[92.79954,12.46082],[92.80452,12.46391],[92.79599,12.46919],[92.79874,12.47486],[92.79428,12.47383],[92.7906,12.48336],[92.79388,12.48285],[92.79414,12.48543],[92.78129,12.48722],[92.78142,12.484],[92.78772,12.4831],[92.78733,12.47769],[92.78313,12.47691],[92.78786,12.47176],[92.78065,12.47021],[92.77737,12.47562],[92.77776,12.47201],[92.77304,12.47033],[92.77672,12.4684],[92.77778,12.45681],[92.78144,12.46042],[92.78144,12.46686],[92.79468,12.46481],[92.78826,12.46029],[92.78604,12.45295],[92.78919,12.44728],[92.78539,12.44058],[92.7905,12.44419],[92.79024,12.44805],[92.79313,12.44625],[92.78619,12.43336],[92.79537,12.43285],[92.79799,12.43633],[92.81123,12.43003],[92.8119,12.41624],[92.80443,12.41533],[92.80509,12.40296],[92.80613,12.40966],[92.80902,12.40657],[92.81505,12.41096],[92.81531,12.40812],[92.83393,12.40891],[92.83157,12.40105],[92.8203,12.40272],[92.81741,12.40581],[92.81637,12.40078],[92.82056,12.39859],[92.81978,12.38906],[92.8363,12.38894],[92.83552,12.38597],[92.82896,12.38584],[92.82739,12.37798],[92.82241,12.37617],[92.82609,12.37308],[92.83211,12.3785],[92.83001,12.38107],[92.83237,12.38262],[92.8405,12.38082],[92.84364,12.38443],[92.84339,12.3785],[92.84784,12.37941],[92.85964,12.37155],[92.85886,12.36782],[92.84785,12.36961],[92.84837,12.36652],[92.84051,12.3651],[92.84086,12.36184],[92.84523,12.36227],[92.84877,12.35608],[92.85074,12.36304],[92.86175,12.3597],[92.86751,12.36163],[92.86647,12.35596],[92.86962,12.35609],[92.87014,12.35274],[92.87801,12.35326],[92.87866,12.35661],[92.89007,12.34992],[92.88928,12.34682],[92.87696,12.34617],[92.87932,12.34373],[92.87828,12.33587],[92.86726,12.33921],[92.86543,12.34269],[92.86255,12.33702],[92.85704,12.34952],[92.84498,12.34487],[92.85612,12.33882],[92.85364,12.33006],[92.84263,12.33134],[92.83581,12.337],[92.83188,12.3352],[92.84132,12.33082],[92.84525,12.32399],[92.85705,12.32645],[92.85679,12.32168],[92.85259,12.32103],[92.84788,12.3093],[92.83923,12.30724],[92.8315,12.31097],[92.8319,12.30659],[92.82849,12.30594],[92.82403,12.30813],[92.82403,12.31406],[92.82088,12.31444],[92.81984,12.31032],[92.81145,12.31469],[92.81131,12.31843],[92.80594,12.31405],[92.80122,12.3143],[92.799,12.30889],[92.79441,12.30708],[92.79362,12.32009],[92.78838,12.31545],[92.78589,12.3179],[92.78889,12.32679],[92.78024,12.32962],[92.77631,12.32743],[92.77632,12.32227],[92.77265,12.32175],[92.77526,12.32768],[92.76935,12.34005],[92.76491,12.33102],[92.76204,12.31169],[92.75288,12.29777],[92.74553,12.30498],[92.75011,12.31696],[92.74708,12.33178],[92.75216,12.36606],[92.75635,12.36633],[92.7646,12.38102],[92.76406,12.39571],[92.76144,12.39494],[92.76407,12.38283],[92.75661,12.37264],[92.75294,12.37006],[92.74508,12.37302],[92.74744,12.36786],[92.7464,12.36335],[92.74142,12.36206],[92.74286,12.3542],[92.73764,12.33461],[92.73961,12.3301],[92.73608,12.32687],[92.72889,12.3029],[92.72601,12.30418],[92.71946,12.30005],[92.71473,12.31242],[92.71054,12.30971],[92.70686,12.31834],[92.70855,12.32839],[92.7037,12.33019],[92.70305,12.3271],[92.69899,12.32684],[92.6992,12.36524],[92.70077,12.36962],[92.70549,12.36963],[92.70312,12.37851],[92.69919,12.37864],[92.69746,12.39977],[92.7006,12.40854],[92.69795,12.42606],[92.70214,12.4338],[92.7016,12.449],[92.70697,12.45107],[92.69922,12.46704],[92.70863,12.4936],[92.70115,12.50029],[92.70179,12.51008],[92.69457,12.51368],[92.69378,12.5178],[92.69744,12.52863],[92.70046,12.52786],[92.69952,12.54642],[92.70503,12.54398],[92.71093,12.54592],[92.71198,12.54952],[92.70319,12.54926],[92.70856,12.55906],[92.70553,12.56988],[92.70986,12.57014],[92.71064,12.5753],[92.70839,12.59205],[92.71364,12.59269],[92.7135,12.59592],[92.70405,12.59874],[92.70549,12.60725],[92.71126,12.60648],[92.70981,12.61292],[92.71515,12.6436],[92.71948,12.6436],[92.72084,12.6052],[92.72503,12.61139],[92.72711,12.63072],[92.7304,12.62299],[92.73827,12.62352],[92.74641,12.61347],[92.74798,12.6176],[92.76242,12.61658],[92.76268,12.61297],[92.76544,12.61323],[92.76571,12.60009],[92.76991,12.59881],[92.77489,12.60835],[92.77174,12.60963],[92.77226,12.61839],[92.76727,12.62174],[92.7712,12.62587],[92.77514,12.6184],[92.7778,12.57974],[92.78135,12.5724],[92.78409,12.59212],[92.78868,12.58632],[92.79367,12.58903],[92.79117,12.59625],[92.79366,12.6005],[92.79865,12.59986],[92.79628,12.60372],[92.79982,12.60553],[92.80243,12.61919],[92.8023,12.62241],[92.79456,12.62434],[92.79679,12.62872],[92.7855,12.63529],[92.78352,12.64753],[92.78443,12.65036],[92.79073,12.65063],[92.79873,12.66017],[92.79781,12.66326],[92.78744,12.6648],[92.79019,12.67163],[92.79596,12.67099],[92.79557,12.67666],[92.78861,12.67962],[92.79215,12.68439],[92.78688,12.69985],[92.79003,12.7099],[92.78595,12.71583],[92.79303,12.72356],[92.79383,12.72021],[92.80078,12.71764],[92.8017,12.72692],[92.79763,12.72563],[92.79382,12.73181],[92.78489,12.72961],[92.78094,12.74301],[92.7774,12.73618],[92.77215,12.73746],[92.76626,12.72341],[92.76206,12.72495],[92.76022,12.72263],[92.77177,12.72123],[92.77413,12.72947],[92.77715,12.72845],[92.7794,12.69933],[92.76985,12.67303],[92.76643,12.6738],[92.77063,12.67896],[92.76944,12.68617],[92.76813,12.6805],[92.76105,12.67418],[92.75554,12.67353],[92.75541,12.67843],[92.74347,12.67159],[92.73349,12.67441],[92.73624,12.68331],[92.7298,12.69219],[92.73399,12.69645],[92.73767,12.69439],[92.73898,12.698],[92.7466,12.69492],[92.74763,12.70909],[92.74028,12.70895],[92.73988,12.71398],[92.74185,12.71914],[92.74723,12.71888],[92.7484,12.72687],[92.74118,12.72661],[92.73894,12.7364],[92.74577,12.73873],[92.74366,12.74362],[92.73684,12.7391],[92.7308,12.74335],[92.73053,12.74954],[92.73446,12.75289],[92.72933,12.75855],[92.72287,12.78716],[92.72747,12.78845],[92.72641,12.79412],[92.72956,12.79515],[92.7389,12.77248],[92.74153,12.77661],[92.73573,12.79078],[92.74361,12.79156],[92.7444,12.79568],[92.73901,12.80186],[92.73845,12.82789],[92.74134,12.82918],[92.74122,12.8163],[92.74477,12.81398],[92.74475,12.83743],[92.7479,12.83821],[92.74882,12.83099],[92.75105,12.83254],[92.75013,12.84285],[92.75669,12.84363],[92.76116,12.8408],[92.76327,12.82663],[92.7571,12.82559],[92.7537,12.81476],[92.76065,12.82392],[92.76433,12.82353],[92.76513,12.80962],[92.76775,12.80962],[92.76668,12.83977],[92.77285,12.83617],[92.78023,12.80783],[92.778,12.80473],[92.78313,12.79365],[92.78262,12.78025],[92.77776,12.77406],[92.77829,12.76994],[92.7821,12.7684],[92.77988,12.76247],[92.78578,12.76428],[92.78499,12.7733],[92.79404,12.77433],[92.79535,12.77769],[92.78931,12.77794],[92.78774,12.78206],[92.79102,12.78284],[92.79193,12.79186],[92.79784,12.79315],[92.79757,12.79856],[92.80216,12.79998],[92.80386,12.80707],[92.78875,12.82845],[92.78836,12.82046],[92.78573,12.82226],[92.78361,12.84597],[92.7861,12.85757],[92.7911,12.84392],[92.79412,12.84418],[92.79503,12.85603],[92.80055,12.84624],[92.80623,12.85819]]],[[[92.93148,12.35882],[92.92912,12.3623],[92.9189,12.36513],[92.91968,12.37776],[92.92977,12.38782],[92.92453,12.39168],[92.92675,12.4056],[92.93199,12.41643],[92.93828,12.42016],[92.94169,12.42042],[92.94641,12.41385],[92.94943,12.41514],[92.94956,12.42932],[92.95624,12.43396],[92.96018,12.41901],[92.95245,12.40844],[92.94353,12.40328],[92.94249,12.38215],[92.93803,12.37906],[92.93148,12.35882]]],[[[92.95438,13.34525],[92.95069,13.35427],[92.95779,13.35711],[92.95951,13.35273],[92.95438,13.34525]]],[[[92.95224,12.08473],[92.95001,12.11128],[92.95315,12.11102],[92.95735,12.10226],[92.95709,12.0971],[92.95106,12.09091],[92.95224,12.08473]]],[[[92.94785,13.07156],[92.94102,13.07658],[92.94654,13.07517],[92.94785,13.07156]]],[[[92.94182,12.99566],[92.93709,12.99566],[92.92934,13.0097],[92.92447,13.01176],[92.92895,12.99952],[92.92093,13.00094],[92.91672,13.01511],[92.92947,13.01924],[92.93761,13.02555],[92.93998,13.02362],[92.93709,13.01847],[92.94051,13.01847],[92.93932,13.00919],[92.94406,12.99708],[92.94182,12.99566]]],[[[92.92417,12.26294],[92.92286,12.27519],[92.91657,12.27261],[92.90844,12.2766],[92.90084,12.27209],[92.90477,12.28137],[92.90254,12.28858],[92.91368,12.29271],[92.91289,12.2891],[92.91827,12.28292],[92.91394,12.27957],[92.92338,12.28421],[92.9243,12.27802],[92.93072,12.27596],[92.92992,12.3056],[92.93464,12.30818],[92.9332,12.28885],[92.94015,12.28112],[92.94107,12.27468],[92.92666,12.25096],[92.9285,12.23859],[92.92392,12.23124],[92.92064,12.23343],[92.91907,12.24245],[92.92483,12.25586],[92.92417,12.26294]]],[[[92.93257,12.19607],[92.93231,12.20406],[92.92536,12.21024],[92.92733,12.2221],[92.93519,12.22455],[92.93977,12.21591],[92.93309,12.2154],[92.93532,12.20122],[92.93257,12.19607]]],[[[92.90977,12.96369],[92.90714,12.97568],[92.91134,12.97877],[92.9074,12.98006],[92.90963,12.98624],[92.89952,12.98624],[92.90017,12.99655],[92.89294,12.99706],[92.88821,13.00995],[92.89425,13.01021],[92.9024,12.99823],[92.91186,12.99578],[92.91475,12.99784],[92.91476,12.98367],[92.92317,12.98393],[92.92921,12.98818],[92.92659,12.97543],[92.93,12.97362],[92.93342,12.97852],[92.93815,12.97569],[92.935,12.96744],[92.92869,12.96795],[92.93158,12.96228],[92.92712,12.95803],[92.92449,12.96241],[92.91858,12.96048],[92.91306,12.94707],[92.90846,12.95042],[92.90977,12.96369]]],[[[92.93528,12.91345],[92.9316,12.91873],[92.93606,12.91796],[92.93528,12.91345]]],[[[92.91931,13.52603],[92.91918,13.5344],[92.93011,13.53131],[92.92985,13.52822],[92.91931,13.52603]]],[[[92.92909,12.47944],[92.92424,12.48034],[92.92647,12.48717],[92.92948,12.48627],[92.92909,12.47944]]],[[[92.92316,13.0231],[92.92263,13.02774],[92.92447,13.02774],[92.92316,13.0231]]],[[[92.90848,12.89991],[92.9048,12.9012],[92.90559,12.9039],[92.89915,12.9048],[92.89508,12.91769],[92.89823,12.92684],[92.90125,12.92259],[92.89849,12.91408],[92.90217,12.91163],[92.90296,12.91472],[92.90585,12.91382],[92.91163,12.90854],[92.92175,12.91177],[92.90993,12.90429],[92.90848,12.89991]]],[[[92.91589,13.50695],[92.91537,13.51327],[92.918,13.5152],[92.91589,13.50695]]],[[[92.9113,12.33794],[92.90868,12.34103],[92.91012,12.35044],[92.91602,12.35521],[92.91798,12.3489],[92.9113,12.33794]]],[[[92.87807,12.211],[92.8698,12.24037],[92.87177,12.24656],[92.87766,12.24759],[92.87806,12.23574],[92.88068,12.23432],[92.88618,12.23651],[92.88552,12.24785],[92.88801,12.25146],[92.89338,12.24863],[92.89207,12.24373],[92.8998,12.24528],[92.90452,12.23987],[92.90164,12.25173],[92.90426,12.25018],[92.91435,12.23163],[92.91331,12.22725],[92.90715,12.23433],[92.90164,12.23059],[92.89116,12.23433],[92.87977,12.22466],[92.87807,12.211]]],[[[92.90798,13.5304],[92.90522,13.5344],[92.90745,13.53788],[92.91259,13.53698],[92.91272,13.53363],[92.90798,13.5304]]],[[[92.88821,13.57317],[92.88189,13.57639],[92.88333,13.59237],[92.89004,13.60101],[92.90216,13.60372],[92.90427,13.5965],[92.89453,13.58593],[92.88821,13.57317]]],[[[92.89793,13.01356],[92.89924,13.01807],[92.90147,13.01614],[92.89793,13.01356]]],[[[92.89532,12.32234],[92.89165,12.32363],[92.89584,12.3266],[92.89532,12.32234]]],[[[92.89008,12.93392],[92.89192,12.93843],[92.89323,12.9365],[92.89008,12.93392]]],[[[92.88232,12.37723],[92.88074,12.38471],[92.87484,12.38445],[92.87458,12.38883],[92.86724,12.37916],[92.862,12.38096],[92.8599,12.38418],[92.86409,12.38779],[92.86278,12.39411],[92.85465,12.38959],[92.8481,12.39577],[92.84521,12.39513],[92.84468,12.40299],[92.84862,12.40235],[92.84809,12.4066],[92.86304,12.40532],[92.86776,12.39836],[92.87352,12.40558],[92.87353,12.39862],[92.87851,12.3954],[92.88454,12.39708],[92.88585,12.40636],[92.88834,12.40481],[92.88782,12.40043],[92.89267,12.39992],[92.89214,12.39579],[92.88113,12.38999],[92.88232,12.37723]]],[[[92.87588,12.41473],[92.87404,12.42375],[92.8625,12.42877],[92.86328,12.43405],[92.87718,12.42955],[92.88531,12.43406],[92.88125,12.42723],[92.88597,12.42466],[92.88348,12.42143],[92.87902,12.42221],[92.87588,12.41473]]],[[[92.88485,12.28291],[92.87777,12.28651],[92.88577,12.28755],[92.88485,12.28291]]],[[[92.86099,12.31498],[92.85863,12.3173],[92.86727,12.32323],[92.86242,12.32465],[92.86491,12.32955],[92.87015,12.32517],[92.87408,12.32903],[92.88457,12.32904],[92.88562,12.32427],[92.88248,12.32118],[92.87828,12.31886],[92.87016,12.32066],[92.86099,12.31498]]],[[[92.88378,12.92245],[92.87642,12.92953],[92.8822,12.92825],[92.88378,12.92245]]],[[[92.78657,12.28285],[92.78369,12.28491],[92.78604,12.28968],[92.77962,12.29341],[92.77895,12.30436],[92.7741,12.30449],[92.77423,12.30706],[92.78957,12.3063],[92.79442,12.29651],[92.79809,12.30373],[92.80202,12.30348],[92.80306,12.31108],[92.81053,12.31147],[92.81171,12.30709],[92.8125,12.31186],[92.81669,12.31045],[92.83151,12.29783],[92.82876,12.2888],[92.8382,12.28881],[92.83413,12.29113],[92.83649,12.30041],[92.83937,12.29989],[92.84186,12.29255],[92.84632,12.29191],[92.84908,12.28598],[92.84397,12.28404],[92.84397,12.27825],[92.8521,12.27593],[92.85262,12.27258],[92.85602,12.28186],[92.85536,12.29501],[92.86073,12.30184],[92.8644,12.30158],[92.86794,12.29888],[92.86729,12.29501],[92.86126,12.28315],[92.86585,12.28161],[92.86794,12.28883],[92.87371,12.28574],[92.86717,12.27465],[92.8783,12.28148],[92.87778,12.27594],[92.88197,12.27414],[92.88185,12.26126],[92.87949,12.25249],[92.87386,12.2512],[92.85734,12.27117],[92.85813,12.25532],[92.85434,12.24681],[92.8605,12.24063],[92.85946,12.22774],[92.86549,12.2231],[92.87073,12.22543],[92.87165,12.21847],[92.86995,12.2128],[92.86235,12.21357],[92.86104,12.20171],[92.85371,12.20441],[92.84716,12.19822],[92.84454,12.20582],[92.83458,12.20311],[92.83562,12.21097],[92.84204,12.2133],[92.84427,12.2218],[92.85082,12.22103],[92.85055,12.22516],[92.84138,12.22786],[92.83693,12.22438],[92.83666,12.2294],[92.83142,12.22979],[92.83274,12.22283],[92.82933,12.21844],[92.83274,12.21716],[92.82672,12.20349],[92.82987,12.20247],[92.83,12.19525],[92.83851,12.19964],[92.84009,12.19525],[92.84507,12.19719],[92.84782,12.19474],[92.84193,12.18843],[92.83197,12.18842],[92.83407,12.18301],[92.83983,12.18469],[92.84298,12.17889],[92.84271,12.18469],[92.84795,12.18495],[92.85124,12.17207],[92.84587,12.16137],[92.8367,12.1678],[92.83067,12.16703],[92.82858,12.16368],[92.82557,12.16741],[92.82542,12.18571],[92.82254,12.18687],[92.82124,12.17578],[92.81783,12.17308],[92.82019,12.16908],[92.82308,12.16973],[92.82164,12.16303],[92.81784,12.1656],[92.80867,12.16405],[92.80788,12.16843],[92.81561,12.1723],[92.81416,12.18093],[92.81076,12.18106],[92.81168,12.17385],[92.79871,12.17216],[92.79898,12.16817],[92.80369,12.16843],[92.80278,12.16353],[92.79689,12.16095],[92.7982,12.15773],[92.81182,12.15967],[92.82492,12.15233],[92.81105,12.13402],[92.80882,12.13621],[92.80162,12.13234],[92.80372,12.12513],[92.80765,12.12487],[92.81172,12.11689],[92.81159,12.10761],[92.80112,12.10876],[92.80373,12.11972],[92.79508,12.12022],[92.79666,12.11198],[92.78986,12.10643],[92.78226,12.10733],[92.7938,12.09058],[92.79131,12.08801],[92.79275,12.08466],[92.78699,12.08117],[92.77547,12.08258],[92.77901,12.07614],[92.76749,12.06917],[92.76159,12.08644],[92.7693,12.09701],[92.77021,12.1068],[92.75085,12.08565],[92.74168,12.08551],[92.74141,12.10214],[92.74715,12.12405],[92.75643,12.13823],[92.758,12.14468],[92.75512,12.147],[92.75864,12.15628],[92.76598,12.15293],[92.76087,12.15757],[92.76086,12.16195],[92.7623,12.17071],[92.77198,12.18516],[92.76647,12.19211],[92.77273,12.22098],[92.76997,12.23515],[92.77665,12.24109],[92.77179,12.24985],[92.76917,12.24933],[92.76499,12.23927],[92.75176,12.23488],[92.75057,12.24467],[92.74572,12.24647],[92.74428,12.25111],[92.75133,12.27199],[92.75605,12.26865],[92.75553,12.26298],[92.7596,12.26066],[92.76287,12.26298],[92.76641,12.25706],[92.7668,12.26479],[92.77047,12.26402],[92.77269,12.27304],[92.7803,12.26583],[92.78212,12.27189],[92.78632,12.26867],[92.79051,12.27048],[92.7892,12.27911],[92.79483,12.28156],[92.7905,12.28568],[92.78657,12.28285]]],[[[92.87546,12.19334],[92.86471,12.20403],[92.86707,12.20764],[92.87336,12.20867],[92.87388,12.20455],[92.88187,12.19863],[92.87546,12.19334]]],[[[92.87585,13.53477],[92.87453,13.54108],[92.87888,13.53696],[92.87585,13.53477]]],[[[92.86934,12.90015],[92.86828,12.90685],[92.87512,12.90737],[92.86934,12.90015]]],[[[92.86612,13.50049],[92.86612,13.51247],[92.87402,13.51402],[92.87494,13.50578],[92.87218,13.50127],[92.86612,13.50049]]],[[[92.87381,13.41352],[92.87143,13.41841],[92.87367,13.41996],[92.87381,13.41352]]],[[[92.87353,12.916],[92.86486,12.91793],[92.86026,12.92695],[92.86197,12.9321],[92.8709,12.9303],[92.87353,12.916]]],[[[92.86565,13.4005],[92.86854,13.41094],[92.86855,13.40153],[92.86565,13.4005]]],[[[92.86679,12.23612],[92.86194,12.24269],[92.86469,12.25042],[92.86941,12.24785],[92.86679,12.23612]]],[[[92.86329,12.41279],[92.85936,12.41717],[92.86565,12.41898],[92.86683,12.4164],[92.86329,12.41279]]],[[[92.86312,12.25081],[92.86128,12.25377],[92.86442,12.25429],[92.86312,12.25081]]],[[[92.85659,8.81989],[92.85257,8.82298],[92.85308,8.83097],[92.86021,8.83742],[92.86229,8.8235],[92.85659,8.81989]]],[[[92.85778,12.42297],[92.85359,12.424],[92.85515,12.43186],[92.85778,12.43186],[92.85988,12.42361],[92.85778,12.42297]]],[[[92.85592,13.39418],[92.85025,13.40088],[92.85275,13.40371],[92.85644,13.40165],[92.85592,13.39418]]],[[[92.84944,13.23027],[92.84772,13.23568],[92.85088,13.23517],[92.84944,13.23027]]],[[[92.84884,12.46665],[92.84622,12.46742],[92.84648,12.47206],[92.84989,12.47129],[92.84884,12.46665]]],[[[92.83142,13.41852],[92.82141,13.42096],[92.82206,13.43539],[92.82666,13.43965],[92.83851,13.43914],[92.84311,13.44623],[92.84602,13.4318],[92.8426,13.4251],[92.83142,13.41852]]],[[[92.83282,12.49692],[92.82469,12.50001],[92.82443,12.50297],[92.83177,12.50169],[92.83282,12.49692]]],[[[92.7205,9.18844],[92.72049,9.20983],[92.72385,9.21783],[92.72878,9.21976],[92.73735,9.21564],[92.7415,9.21694],[92.74617,9.21243],[92.76731,9.21579],[92.77185,9.2207],[92.77184,9.22894],[92.77625,9.23462],[92.77469,9.23952],[92.77832,9.24081],[92.77884,9.24545],[92.77442,9.25653],[92.77805,9.25653],[92.78273,9.24854],[92.81648,9.21814],[92.82128,9.20758],[92.82609,9.17845],[92.83181,9.16324],[92.82779,9.15087],[92.82923,9.13953],[92.81678,9.13565],[92.81211,9.13153],[92.81056,9.12469],[92.80252,9.12005],[92.788,9.11875],[92.77347,9.12506],[92.77969,9.13048],[92.79408,9.12817],[92.77916,9.13937],[92.76879,9.13601],[92.7675,9.13073],[92.77113,9.13047],[92.76828,9.12647],[92.73093,9.12477],[92.71832,9.15441],[92.7205,9.18844]]],[[[92.82791,13.16944],[92.82633,13.17356],[92.82856,13.1733],[92.82791,13.16944]]],[[[92.81535,13.07498],[92.81364,13.07794],[92.81719,13.08748],[92.82271,13.08671],[92.81535,13.07498]]],[[[92.8195,12.41663],[92.81871,12.4205],[92.82133,12.42166],[92.8195,12.41663]]],[[[92.81142,13.39943],[92.80602,13.40394],[92.81076,13.40935],[92.81009,13.41966],[92.81404,13.42044],[92.81905,13.41658],[92.81669,13.40201],[92.81142,13.39943]]],[[[92.81468,13.26865],[92.81257,13.2738],[92.81573,13.2738],[92.81468,13.26865]]],[[[92.81377,13.0858],[92.80562,13.08605],[92.80771,13.09984],[92.81218,13.1001],[92.81442,13.09572],[92.81377,13.0858]]],[[[92.80799,13.41824],[92.80745,13.42894],[92.80969,13.42739],[92.80799,13.41824]]],[[[92.7951,13.08592],[92.79536,13.09017],[92.80088,13.09236],[92.80115,13.08901],[92.7951,13.08592]]],[[[92.79425,13.16671],[92.79135,13.17173],[92.79424,13.17341],[92.7974,13.16787],[92.79425,13.16671]]],[[[92.78826,12.78696],[92.7851,12.79391],[92.78679,12.81041],[92.78929,12.81196],[92.79284,12.79985],[92.79061,12.79985],[92.78826,12.78696]]],[[[92.79158,12.89391],[92.78843,12.89456],[92.78922,12.89688],[92.79158,12.89391]]],[[[92.78502,12.88386],[92.7862,12.88669],[92.78265,12.89056],[92.78817,12.89236],[92.78922,12.88695],[92.78502,12.88386]]],[[[92.74048,12.11697],[92.7363,12.10059],[92.73041,12.09788],[92.72334,12.09929],[92.73055,12.09388],[92.73068,12.08821],[92.7171,12.05212],[92.71187,12.05056],[92.71199,12.05443],[92.70937,12.05443],[92.70925,12.05005],[92.70558,12.05133],[92.70389,12.04282],[92.70873,12.04102],[92.71383,12.04876],[92.71436,12.0418],[92.71175,12.03613],[92.70808,12.03716],[92.70561,12.02401],[92.71267,12.02969],[92.71397,12.03923],[92.7302,12.04852],[92.73086,12.04491],[92.72367,12.03537],[92.73204,12.03589],[92.73283,12.03267],[92.72839,12.02674],[92.71609,12.02183],[92.72984,12.01836],[92.72997,12.01231],[92.7373,12.01399],[92.73862,12.00884],[92.74529,12.01477],[92.7483,12.01245],[92.74438,12.00807],[92.75066,12.00266],[92.75067,11.99957],[92.74098,12.00252],[92.7347,11.99917],[92.72946,12.0038],[92.7258,11.99658],[92.71703,11.99464],[92.72018,11.9882],[92.71599,11.98613],[92.71534,11.98124],[92.72202,11.98382],[92.72045,11.97609],[92.72491,11.97223],[92.73079,11.97558],[92.73303,11.96863],[92.72661,11.96952],[92.72295,11.96462],[92.71902,11.97029],[92.71117,11.9717],[92.71916,11.95727],[92.71472,11.95185],[92.71471,11.95752],[92.71013,11.95662],[92.71656,11.94206],[92.71041,11.94064],[92.70911,11.93857],[92.71264,11.93793],[92.71068,11.93471],[92.70623,11.93599],[92.70257,11.92942],[92.71069,11.92891],[92.70965,11.92169],[92.7137,11.92144],[92.71477,11.90185],[92.71124,11.89914],[92.70468,11.91305],[92.70141,11.91292],[92.70037,11.90467],[92.69711,11.90325],[92.70235,11.8923],[92.70811,11.88973],[92.70603,11.88251],[92.71754,11.88382],[92.72199,11.87712],[92.71087,11.87453],[92.70455,11.87624],[92.70302,11.87401],[92.70669,11.86963],[92.70225,11.86859],[92.7016,11.86447],[92.7054,11.86009],[92.70331,11.85133],[92.7105,11.85675],[92.7105,11.86113],[92.71834,11.86925],[92.72266,11.86552],[92.72425,11.85006],[92.71497,11.83948],[92.70557,11.81563],[92.6989,11.81653],[92.69876,11.82271],[92.70581,11.83805],[92.69797,11.83341],[92.69641,11.82606],[92.68895,11.82399],[92.68961,11.81987],[92.68569,11.81857],[92.66946,11.82371],[92.66369,11.83324],[92.65807,11.8304],[92.65821,11.82627],[92.66528,11.81945],[92.68464,11.81651],[92.68557,11.81007],[92.68125,11.80929],[92.67943,11.79975],[92.67158,11.79936],[92.67683,11.78983],[92.66794,11.78196],[92.66978,11.77886],[92.67514,11.77939],[92.67986,11.77011],[92.68247,11.7714],[92.67972,11.77785],[92.68035,11.79383],[92.68596,11.80504],[92.70087,11.81241],[92.70035,11.80725],[92.70664,11.8003],[92.70952,11.79102],[92.70846,11.81009],[92.71591,11.81036],[92.71629,11.82247],[92.72309,11.82635],[92.72243,11.83201],[92.71981,11.83253],[92.72765,11.84207],[92.72856,11.85212],[92.73275,11.85367],[92.73129,11.86862],[92.74266,11.88075],[92.74056,11.8877],[92.73664,11.88847],[92.73494,11.88229],[92.73154,11.88177],[92.73284,11.89208],[92.74212,11.89866],[92.73466,11.90007],[92.73792,11.91708],[92.7442,11.91915],[92.74538,11.91348],[92.74773,11.91555],[92.75126,11.92367],[92.74445,11.92521],[92.74654,11.93204],[92.75413,11.93101],[92.76276,11.93927],[92.78475,11.93645],[92.78266,11.92975],[92.78712,11.9264],[92.7836,11.90449],[92.78583,11.90179],[92.7802,11.89702],[92.77903,11.89134],[92.7882,11.88465],[92.78363,11.85939],[92.78599,11.85501],[92.78495,11.85166],[92.78116,11.85153],[92.77633,11.83232],[92.7779,11.82717],[92.76955,11.79984],[92.76866,11.772],[92.76474,11.76788],[92.76593,11.75216],[92.76123,11.74622],[92.75889,11.72921],[92.75602,11.72663],[92.75577,11.70266],[92.74622,11.71438],[92.74295,11.71296],[92.74506,11.69183],[92.7397,11.69066],[92.73159,11.69903],[92.72191,11.69825],[92.71916,11.70598],[92.71406,11.70417],[92.71342,11.69618],[92.71054,11.69695],[92.70922,11.70365],[92.69875,11.71627],[92.69482,11.71755],[92.69052,11.71213],[92.6951,11.70621],[92.69419,11.7008],[92.68646,11.70955],[92.68632,11.71935],[92.68031,11.71728],[92.67638,11.72307],[92.67037,11.71804],[92.67404,11.7134],[92.68581,11.7129],[92.68582,11.70259],[92.68164,11.70014],[92.68217,11.69511],[92.69211,11.69177],[92.69576,11.69938],[92.69942,11.699],[92.70402,11.68251],[92.70101,11.67864],[92.7018,11.67323],[92.70664,11.67169],[92.69815,11.66614],[92.69292,11.66935],[92.6924,11.66471],[92.6856,11.66316],[92.68378,11.65104],[92.67646,11.65542],[92.666,11.65502],[92.66417,11.65205],[92.66916,11.63273],[92.67466,11.62461],[92.68172,11.62759],[92.68053,11.6348],[92.68433,11.63532],[92.68434,11.62398],[92.688,11.62218],[92.6812,11.62088],[92.6786,11.61379],[92.68095,11.61289],[92.68225,11.61702],[92.69219,11.61432],[92.69037,11.60814],[92.70003,11.61575],[92.69584,11.62296],[92.69832,11.62941],[92.69308,11.63713],[92.70105,11.64127],[92.69476,11.65337],[92.70182,11.65493],[92.70654,11.64308],[92.71282,11.64334],[92.70993,11.65184],[92.71987,11.65301],[92.72993,11.65856],[92.72979,11.66191],[92.71645,11.66525],[92.71553,11.67737],[92.72166,11.6851],[92.7303,11.68073],[92.73135,11.67377],[92.73867,11.67803],[92.74625,11.67688],[92.74978,11.67534],[92.74835,11.66837],[92.75672,11.66555],[92.75438,11.6573],[92.75751,11.65678],[92.75687,11.64905],[92.75282,11.6448],[92.74785,11.64492],[92.74707,11.64131],[92.75244,11.63281],[92.75272,11.61013],[92.74097,11.59182],[92.74463,11.58873],[92.74216,11.57945],[92.73824,11.58048],[92.73916,11.57043],[92.73028,11.55985],[92.73094,11.55521],[92.7346,11.55393],[92.73082,11.54748],[92.73187,11.54258],[92.7243,11.53278],[92.72745,11.51629],[92.71805,11.50313],[92.71141,11.47993],[92.70697,11.48637],[92.70944,11.49075],[92.705,11.49307],[92.70067,11.50673],[92.68839,11.50813],[92.68577,11.51186],[92.67715,11.51095],[92.67454,11.50515],[92.66696,11.50424],[92.66094,11.51493],[92.6544,11.5157],[92.64629,11.52355],[92.64496,11.54094],[92.6481,11.54069],[92.65423,11.55539],[92.65044,11.55396],[92.64351,11.55769],[92.6495,11.56956],[92.6474,11.57523],[92.63459,11.58036],[92.63445,11.58874],[92.62779,11.58345],[92.62598,11.57004],[92.62115,11.56256],[92.61775,11.56256],[92.62021,11.58421],[92.60752,11.59373],[92.60894,11.60121],[92.60566,11.60894],[92.60905,11.62105],[92.61793,11.62171],[92.62344,11.61102],[92.62997,11.61528],[92.63415,11.61464],[92.6352,11.61078],[92.64069,11.61182],[92.64578,11.62342],[92.64471,11.64043],[92.64823,11.64598],[92.64287,11.64661],[92.63909,11.64107],[92.63409,11.66104],[92.62978,11.65562],[92.63294,11.64067],[92.63178,11.62869],[92.62577,11.62868],[92.61922,11.63408],[92.60824,11.6342],[92.60601,11.64399],[92.59959,11.65016],[92.59893,11.65867],[92.59133,11.66871],[92.59837,11.67877],[92.59993,11.69089],[92.59311,11.70325],[92.59454,11.70892],[92.5982,11.70893],[92.60553,11.70236],[92.60554,11.69695],[92.60972,11.69863],[92.61114,11.71513],[92.61021,11.72209],[92.6025,11.71873],[92.60147,11.71074],[92.59637,11.71034],[92.59035,11.71459],[92.59413,11.72052],[92.59644,11.75197],[92.59511,11.76872],[92.58882,11.77309],[92.58975,11.76523],[92.59276,11.76433],[92.58885,11.75273],[92.58824,11.72206],[92.58537,11.72038],[92.58183,11.72694],[92.58443,11.73262],[92.58194,11.73983],[92.57828,11.74086],[92.57842,11.73313],[92.57242,11.72023],[92.57452,11.71637],[92.57272,11.69935],[92.56318,11.69328],[92.56095,11.69573],[92.55203,11.71891],[92.55339,11.76453],[92.55953,11.76995],[92.55205,11.78412],[92.5511,11.80808],[92.55672,11.80809],[92.55697,11.81325],[92.55463,11.80989],[92.55017,11.81221],[92.54688,11.82844],[92.547,11.83334],[92.55145,11.83283],[92.54958,11.85499],[92.54696,11.85576],[92.54357,11.85034],[92.53623,11.85948],[92.53651,11.85033],[92.5441,11.84854],[92.54346,11.83926],[92.53443,11.84118],[92.53404,11.83666],[92.52529,11.82724],[92.51993,11.82968],[92.51755,11.8436],[92.51388,11.8472],[92.5269,11.88176],[92.52635,11.89645],[92.5359,11.89981],[92.53785,11.90368],[92.53785,11.90729],[92.53406,11.90677],[92.53351,11.91682],[92.5411,11.91683],[92.54292,11.92405],[92.5547,11.92716],[92.56018,11.93464],[92.55886,11.94083],[92.56304,11.94676],[92.5654,11.94393],[92.56332,11.9362],[92.56829,11.93517],[92.57328,11.92745],[92.5793,11.9272],[92.57826,11.91934],[92.57041,11.92049],[92.56884,11.91816],[92.57082,11.91301],[92.58063,11.9156],[92.58196,11.90117],[92.57569,11.89317],[92.58223,11.89499],[92.58292,11.87025],[92.58594,11.86394],[92.59431,11.86691],[92.59063,11.87722],[92.59416,11.87903],[92.59296,11.89268],[92.60054,11.89708],[92.5977,11.87388],[92.60335,11.85713],[92.60271,11.84811],[92.60639,11.83652],[92.61175,11.83652],[92.61346,11.82957],[92.61529,11.83112],[92.61461,11.85096],[92.6104,11.86616],[92.61249,11.87055],[92.61113,11.90817],[92.61453,11.90792],[92.61464,11.91978],[92.62171,11.92339],[92.62209,11.9319],[92.61961,11.92468],[92.61621,11.92442],[92.61893,11.94401],[92.61657,11.94323],[92.61555,11.9288],[92.60967,11.92183],[92.60744,11.92569],[92.61238,11.94812],[92.61194,11.98369],[92.61729,11.9922],[92.61401,11.99709],[92.61399,12.00972],[92.61698,12.02519],[92.623,12.02907],[92.62037,12.0386],[92.6273,12.04273],[92.62257,12.0551],[92.62557,12.06206],[92.62046,12.06489],[92.61966,12.0721],[92.62512,12.10665],[92.6361,12.11929],[92.63609,12.12277],[92.63177,12.12392],[92.64623,12.17909],[92.66295,12.21674],[92.66544,12.21623],[92.66284,12.20618],[92.65357,12.1822],[92.65802,12.18117],[92.67422,12.21805],[92.67671,12.21625],[92.67569,12.19253],[92.67805,12.18944],[92.68051,12.21316],[92.68405,12.21161],[92.68288,12.20156],[92.68798,12.21445],[92.68678,12.2276],[92.69385,12.23895],[92.69856,12.23895],[92.70473,12.23019],[92.69727,12.22194],[92.70068,12.21795],[92.70356,12.22452],[92.70631,12.22349],[92.70934,12.207],[92.70606,12.21061],[92.70306,12.2039],[92.70502,12.19978],[92.70111,12.18792],[92.69849,12.18586],[92.69704,12.19501],[92.69521,12.1941],[92.69156,12.17322],[92.69288,12.17013],[92.6968,12.1798],[92.70413,12.18122],[92.70101,12.15725],[92.71161,12.17118],[92.70742,12.1619],[92.70522,12.13999],[92.71215,12.14824],[92.71776,12.17454],[92.72745,12.17429],[92.73112,12.17829],[92.73439,12.17636],[92.73321,12.18074],[92.73575,12.18229],[92.73924,12.17482],[92.74371,12.18008],[92.74736,12.17457],[92.75172,12.18024],[92.75745,12.17715],[92.75459,12.15267],[92.7423,12.1274],[92.74388,12.12199],[92.74048,12.11697]]],[[[92.77403,12.84416],[92.77021,12.85343],[92.77231,12.85704],[92.77494,12.85215],[92.7769,12.86298],[92.78045,12.85705],[92.77927,12.8497],[92.77363,12.84751],[92.77403,12.84416]]],[[[92.7784,12.02434],[92.7653,12.02871],[92.76504,12.03399],[92.76334,12.02561],[92.75929,12.02458],[92.7547,12.03024],[92.75639,12.03707],[92.74971,12.04081],[92.74461,12.03951],[92.74277,12.0475],[92.73596,12.04595],[92.73689,12.03822],[92.73256,12.03873],[92.7315,12.05342],[92.74145,12.05343],[92.74853,12.04519],[92.75311,12.04931],[92.75219,12.05344],[92.76135,12.05473],[92.76267,12.04571],[92.77131,12.04418],[92.7784,12.02434]]],[[[92.76084,12.62251],[92.76096,12.63179],[92.75781,12.6305],[92.75651,12.62405],[92.74798,12.62134],[92.74102,12.62429],[92.73826,12.62867],[92.73957,12.6346],[92.7338,12.63563],[92.73668,12.6413],[92.73286,12.65341],[92.74452,12.66747],[92.75109,12.66502],[92.75213,12.66889],[92.75607,12.66812],[92.7629,12.66233],[92.76605,12.66517],[92.76946,12.66324],[92.77182,12.66788],[92.77405,12.66633],[92.76829,12.6537],[92.77013,12.65087],[92.77288,12.65989],[92.77787,12.65448],[92.77355,12.63541],[92.77224,12.63231],[92.76988,12.64081],[92.76725,12.64081],[92.76084,12.62251]]],[[[92.77474,12.01299],[92.77107,12.01789],[92.77644,12.01737],[92.77474,12.01299]]],[[[92.77057,12.29778],[92.76834,12.30113],[92.77109,12.30268],[92.77057,12.29778]]],[[[92.76506,12.30383],[92.76688,12.32278],[92.76938,12.31608],[92.76506,12.30383]]],[[[92.76559,11.99816],[92.75931,11.99983],[92.76139,12.0104],[92.76663,12.01144],[92.76834,11.99881],[92.76559,11.99816]]],[[[92.74683,12.18049],[92.74276,12.18771],[92.74679,12.22946],[92.75478,12.22586],[92.75361,12.21929],[92.7561,12.21968],[92.75792,12.22767],[92.76185,12.22819],[92.76214,12.20241],[92.76306,12.19971],[92.76751,12.20165],[92.76791,12.19804],[92.76569,12.18438],[92.76045,12.18205],[92.75966,12.19056],[92.75691,12.18566],[92.75442,12.18746],[92.7539,12.1823],[92.75128,12.18372],[92.74683,12.18049]]],[[[92.76457,12.26878],[92.76129,12.27587],[92.7588,12.27406],[92.75368,12.27766],[92.76271,12.29378],[92.7656,12.29159],[92.76298,12.28798],[92.76757,12.28541],[92.76457,12.26878]]],[[[92.74731,11.94557],[92.74365,11.94711],[92.74312,11.95291],[92.73684,11.95226],[92.73893,11.95832],[92.75463,11.96594],[92.76588,11.96582],[92.76707,11.95525],[92.76171,11.94932],[92.74731,11.94557]]],[[[92.76221,11.67032],[92.76011,11.67766],[92.76665,11.67947],[92.76221,11.67032]]],[[[92.76292,12.92636],[92.76186,12.93255],[92.76501,12.93152],[92.76292,12.92636]]],[[[92.76247,12.8457],[92.76063,12.84582],[92.76009,12.85574],[92.76247,12.8457]]],[[[92.75863,12.16659],[92.75942,12.17148],[92.76177,12.17174],[92.75863,12.16659]]],[[[92.75664,12.90084],[92.75427,12.90677],[92.75781,12.90703],[92.75664,12.90084]]],[[[92.75559,12.89208],[92.7548,12.8962],[92.75677,12.89646],[92.75559,12.89208]]],[[[92.74912,11.9783],[92.74649,11.98719],[92.75539,11.98849],[92.75526,11.98308],[92.74912,11.9783]]],[[[92.73524,12.24827],[92.73679,12.2645],[92.74647,12.28745],[92.74961,12.28758],[92.74126,12.25459],[92.73524,12.24827]]],[[[92.74338,12.22469],[92.73893,12.22765],[92.73905,12.23152],[92.74233,12.23255],[92.74338,12.22469]]],[[[92.73629,11.97726],[92.73393,11.98074],[92.73811,11.98564],[92.74387,11.98487],[92.73629,11.97726]]],[[[92.73845,12.18435],[92.73333,12.18847],[92.73346,12.19543],[92.7235,12.19233],[92.72245,12.19516],[92.72546,12.20109],[92.72335,12.21501],[92.72596,12.22171],[92.72241,12.23356],[92.73131,12.2413],[92.73472,12.2395],[92.72988,12.23202],[92.73161,12.20986],[92.73592,12.21631],[92.73894,12.2158],[92.73998,12.22172],[92.74287,12.21889],[92.74249,12.1975],[92.73845,12.18435]]],[[[92.73731,12.79451],[92.73442,12.79516],[92.73389,12.80005],[92.73796,12.79954],[92.73731,12.79451]]],[[[92.72443,12.79953],[92.72481,12.81344],[92.72218,12.81525],[92.73163,12.82711],[92.73546,12.80547],[92.72443,12.79953]]],[[[92.73028,11.14204],[92.72728,11.14513],[92.73263,11.14952],[92.73472,11.14566],[92.73028,11.14204]]],[[[92.73055,11.95329],[92.72649,11.95547],[92.73029,11.95741],[92.73055,11.95329]]],[[[92.72832,13.08933],[92.72753,13.09281],[92.73173,13.09642],[92.72832,13.08933]]],[[[92.72766,12.72672],[92.72529,12.73381],[92.72963,12.73021],[92.72766,12.72672]]],[[[92.71494,12.83276],[92.71402,12.83714],[92.70968,12.83714],[92.71231,12.84152],[92.71572,12.83843],[92.71887,12.83998],[92.71913,12.84359],[92.71572,12.84191],[92.71427,12.84462],[92.71728,12.85699],[92.72568,12.85726],[92.71979,12.83818],[92.71494,12.83276]]],[[[92.72066,11.9025],[92.71659,11.91294],[92.71827,11.93459],[92.72167,11.93434],[92.72521,11.92764],[92.72549,11.90985],[92.72066,11.9025]]],[[[92.71283,12.72581],[92.70989,12.77245],[92.6949,12.79537],[92.69607,12.80104],[92.70329,12.80208],[92.70826,12.82296],[92.71403,12.82555],[92.71199,12.77606],[92.72119,12.76241],[92.72528,12.74747],[92.72265,12.74515],[92.7212,12.75339],[92.71752,12.76086],[92.71608,12.7588],[92.71637,12.72684],[92.71283,12.72581]]],[[[92.71524,11.30892],[92.7125,11.31034],[92.71471,11.31988],[92.7194,11.33148],[92.72332,11.33329],[92.72411,11.31782],[92.71746,11.31627],[92.71524,11.30892]]],[[[92.72289,12.76744],[92.71908,12.77195],[92.72223,12.77581],[92.72289,12.76744]]],[[[92.71115,12.23046],[92.70511,12.2436],[92.70207,12.2655],[92.70583,12.29772],[92.7234,12.29568],[92.72379,12.29078],[92.71856,12.28253],[92.71115,12.23046]]],[[[92.6825,12.93968],[92.68433,12.94947],[92.67171,12.95513],[92.67537,12.97034],[92.68455,12.98478],[92.7082,12.98313],[92.70558,12.9745],[92.71268,12.97528],[92.71819,12.98095],[92.72017,12.9758],[92.71439,12.96884],[92.71677,12.96059],[92.71219,12.94384],[92.71837,12.94127],[92.72074,12.9289],[92.71957,12.92452],[92.71155,12.92399],[92.71918,12.92039],[92.72288,12.90261],[92.71909,12.88122],[92.70621,12.88584],[92.69769,12.87398],[92.69756,12.87011],[92.70797,12.87923],[92.71043,12.87515],[92.71831,12.87812],[92.71949,12.87478],[92.71176,12.86098],[92.70048,12.85001],[92.70088,12.84306],[92.69183,12.83699],[92.68421,12.83775],[92.67868,12.84355],[92.67264,12.8447],[92.66766,12.83941],[92.67096,12.8291],[92.67385,12.82808],[92.67241,12.81802],[92.67819,12.81842],[92.68186,12.82345],[92.68515,12.81881],[92.68319,12.80927],[92.67519,12.80746],[92.66905,12.78297],[92.66785,12.79018],[92.66168,12.79443],[92.66652,12.80333],[92.66546,12.81234],[92.65361,12.83862],[92.64924,12.86077],[92.66537,12.88373],[92.6656,12.90383],[92.67046,12.90487],[92.67031,12.92136],[92.67818,12.93065],[92.67909,12.94045],[92.6825,12.93968]]],[[[92.70468,13.07024],[92.70008,13.07216],[92.69519,13.09587],[92.70149,13.09832],[92.70439,13.09511],[92.71175,13.09537],[92.71964,13.09821],[92.72003,13.09486],[92.709,13.08815],[92.70362,13.08016],[92.70468,13.07024]]],[[[92.71556,12.9825],[92.71069,12.9861],[92.71214,12.99035],[92.71793,12.98263],[92.71556,12.9825]]],[[[92.71003,11.3017],[92.70401,11.30801],[92.69853,11.30903],[92.70088,11.31161],[92.70245,11.30904],[92.7112,11.30853],[92.71003,11.3017]]],[[[92.68815,11.24252],[92.69636,11.26058],[92.69348,11.27088],[92.69464,11.2848],[92.70625,11.28945],[92.70576,11.26368],[92.69454,11.25207],[92.69311,11.2433],[92.68815,11.24252]]],[[[92.69781,13.1009],[92.69492,13.10347],[92.70149,13.10489],[92.70175,13.10142],[92.69781,13.1009]]],[[[92.70077,11.65995],[92.69279,11.66136],[92.70155,11.66395],[92.70077,11.65995]]],[[[92.69934,12.24462],[92.6958,12.24745],[92.69698,12.25055],[92.69934,12.24462]]],[[[92.69263,12.60156],[92.68476,12.60336],[92.68606,12.61212],[92.69446,12.60659],[92.69263,12.60156]]],[[[92.6242,11.42893],[92.62341,11.43988],[92.61149,11.4592],[92.61681,11.48601],[92.63219,11.51464],[92.63716,11.5149],[92.63273,11.50227],[92.63561,11.50175],[92.64539,11.51156],[92.64319,11.49764],[92.66359,11.48632],[92.66436,11.49148],[92.66907,11.48994],[92.66921,11.48195],[92.67732,11.47139],[92.6759,11.46185],[92.68559,11.43454],[92.68168,11.42887],[92.67228,11.42731],[92.67477,11.42139],[92.67255,11.41649],[92.65192,11.40963],[92.64617,11.41349],[92.64645,11.39841],[92.6488,11.39816],[92.64801,11.40602],[92.6548,11.40783],[92.66474,11.39495],[92.67558,11.3987],[92.67754,11.39329],[92.6914,11.38558],[92.69076,11.37063],[92.67875,11.3634],[92.66843,11.36223],[92.66427,11.3541],[92.65825,11.35693],[92.64807,11.35602],[92.63868,11.3466],[92.6264,11.34955],[92.61021,11.34669],[92.59453,11.34925],[92.58132,11.36766],[92.59227,11.38056],[92.58688,11.40091],[92.61954,11.40225],[92.62462,11.4087],[92.6242,11.42893]]],[[[92.6872,11.63455],[92.68693,11.64074],[92.68995,11.6361],[92.6872,11.63455]]],[[[92.68222,12.53467],[92.67985,12.53841],[92.68247,12.54124],[92.68222,12.53467]]],[[[92.68261,12.21496],[92.68024,12.21857],[92.68142,12.22244],[92.68261,12.21496]]],[[[92.67778,11.1773],[92.67373,11.18503],[92.6749,11.18993],[92.67647,11.18349],[92.68091,11.18195],[92.67778,11.1773]]],[[[92.67804,12.52191],[92.66845,12.53375],[92.67198,12.54149],[92.67487,12.53866],[92.67317,12.53402],[92.67908,12.53042],[92.67804,12.52191]]],[[[92.66174,12.947],[92.65897,12.9515],[92.66263,12.96439],[92.67352,12.97704],[92.66081,12.95434],[92.66174,12.947]]],[[[92.66287,10.9823],[92.65934,10.98938],[92.66677,10.99261],[92.66886,10.9854],[92.66287,10.9823]]],[[[92.66148,12.93901],[92.6599,12.94364],[92.66358,12.94378],[92.66148,12.93901]]],[[[92.6284,11.61438],[92.62539,11.62082],[92.62917,11.62572],[92.6284,11.61438]]],[[[92.61702,10.92812],[92.60972,10.93069],[92.60632,10.93777],[92.61727,10.93572],[92.6208,10.9298],[92.61702,10.92812]]],[[[92.611,11.53136],[92.60549,11.5463],[92.60731,11.55095],[92.61268,11.54477],[92.61006,11.5494],[92.61109,11.55894],[92.61724,11.5556],[92.61998,11.55792],[92.61766,11.53653],[92.61073,11.53497],[92.611,11.53136]]],[[[92.61514,11.5623],[92.60846,11.5726],[92.60271,11.57259],[92.60494,11.56898],[92.60062,11.56898],[92.60125,11.58573],[92.61144,11.58858],[92.61642,11.58318],[92.61918,11.57364],[92.61514,11.5623]]],[[[92.59919,11.92774],[92.59657,11.9298],[92.59639,11.96073],[92.59429,11.96794],[92.58892,11.97206],[92.58865,11.97618],[92.59283,11.97735],[92.59598,11.97697],[92.60345,11.96564],[92.60466,11.94296],[92.60741,11.94193],[92.59919,11.92774]]],[[[92.60605,11.52156],[92.60186,11.52413],[92.60094,11.52955],[92.60354,11.53728],[92.60669,11.5329],[92.60605,11.52156]]],[[[92.59713,11.90558],[92.59685,11.91692],[92.6,11.9128],[92.59713,11.90558]]],[[[92.45766,10.85687],[92.4544,10.85789],[92.45243,10.86537],[92.45986,10.86899],[92.46352,10.86564],[92.46951,10.86759],[92.47003,10.87081],[92.47993,10.87263],[92.48122,10.88191],[92.488,10.88166],[92.48773,10.8894],[92.49815,10.89676],[92.50546,10.88943],[92.50468,10.8853],[92.49739,10.88168],[92.50757,10.87332],[92.50027,10.87589],[92.49506,10.87253],[92.48541,10.87431],[92.48529,10.86774],[92.4892,10.8662],[92.48973,10.86182],[92.48178,10.85975],[92.48229,10.86336],[92.47499,10.86605],[92.47448,10.8587],[92.48517,10.85859],[92.48726,10.85563],[92.51229,10.85645],[92.5227,10.86806],[92.51983,10.87244],[92.54228,10.85391],[92.54867,10.85779],[92.54357,10.86216],[92.55035,10.86243],[92.551,10.86527],[92.54252,10.87208],[92.5373,10.87053],[92.53782,10.87491],[92.53443,10.87143],[92.53365,10.87375],[92.53834,10.87607],[92.53259,10.8838],[92.54016,10.87994],[92.54224,10.88162],[92.53911,10.88522],[92.55987,10.85961],[92.55598,10.85007],[92.56305,10.82714],[92.56059,10.81399],[92.56451,10.80729],[92.56226,10.80488],[92.5593,10.81038],[92.55382,10.80934],[92.54495,10.81461],[92.54209,10.80881],[92.54783,10.8083],[92.54289,10.80004],[92.55358,10.79723],[92.5567,10.8011],[92.55463,10.79388],[92.56089,10.78718],[92.56897,10.78835],[92.56597,10.79003],[92.57079,10.79184],[92.57263,10.78565],[92.58202,10.77845],[92.58423,10.78618],[92.57758,10.78734],[92.56478,10.80265],[92.57156,10.80202],[92.57731,10.79313],[92.58722,10.79005],[92.5884,10.78155],[92.58246,10.747],[92.59019,10.7166],[92.59789,10.70166],[92.59623,10.67717],[92.58476,10.67896],[92.57747,10.67418],[92.57605,10.66761],[92.57984,10.65601],[92.57698,10.65176],[92.56526,10.64916],[92.54575,10.62787],[92.54017,10.61266],[92.54097,10.60028],[92.54476,10.59166],[92.56614,10.58382],[92.5694,10.5797],[92.56836,10.57584],[92.55289,10.55455],[92.54638,10.55312],[92.53146,10.51831],[92.51362,10.51171],[92.49878,10.51052],[92.49278,10.51528],[92.48392,10.51681],[92.45758,10.53842],[92.43047,10.54739],[92.41953,10.5466],[92.40836,10.5315],[92.39821,10.52852],[92.38519,10.5294],[92.37983,10.53583],[92.38411,10.54666],[92.39035,10.55183],[92.39812,10.57298],[92.40918,10.58228],[92.41213,10.60626],[92.41954,10.61246],[92.41455,10.63178],[92.40122,10.65701],[92.39299,10.66511],[92.381,10.66625],[92.38268,10.67502],[92.37715,10.70156],[92.3818,10.7209],[92.37679,10.75053],[92.38068,10.76316],[92.3774,10.76999],[92.37232,10.77242],[92.37346,10.78454],[92.38517,10.79475],[92.3865,10.78534],[92.39497,10.7833],[92.39563,10.77853],[92.39186,10.77556],[92.3927,10.74514],[92.39728,10.73768],[92.40406,10.73666],[92.40785,10.73074],[92.40669,10.72584],[92.4119,10.72662],[92.41358,10.73178],[92.4064,10.74105],[92.41173,10.74621],[92.41002,10.75111],[92.41498,10.75189],[92.41707,10.74596],[92.41967,10.75138],[92.4215,10.74958],[92.42435,10.75925],[92.42827,10.75191],[92.4319,10.75914],[92.42838,10.76042],[92.43005,10.77331],[92.42379,10.77536],[92.423,10.78373],[92.41804,10.7863],[92.40267,10.77828],[92.39771,10.78098],[92.40449,10.78241],[92.4175,10.79339],[92.42645,10.81764],[92.42448,10.82485],[92.43674,10.82436],[92.44493,10.83571],[92.44427,10.83983],[92.456,10.83857],[92.45924,10.84888],[92.45766,10.85687]]],[[[92.59505,11.53315],[92.58655,11.54164],[92.5851,11.54847],[92.58939,11.56175],[92.58807,11.57025],[92.59316,11.57799],[92.59292,11.56484],[92.59658,11.56485],[92.59751,11.5499],[92.59505,11.53315]]],[[[92.58408,11.53493],[92.58367,11.5406],[92.58589,11.54164],[92.58408,11.53493]]],[[[92.58289,11.9763],[92.58419,11.98262],[92.58524,11.97695],[92.58289,11.9763]]],[[[92.57436,11.56263],[92.57266,11.5643],[92.57592,11.56765],[92.57436,11.56263]]],[[[92.56854,11.94484],[92.56408,11.95011],[92.56788,11.9496],[92.56854,11.94484]]],[[[92.53072,11.5547],[92.5358,11.56476],[92.53266,11.57094],[92.53525,11.5846],[92.53236,11.59517],[92.53639,11.60574],[92.54738,11.6006],[92.54099,11.58874],[92.54088,11.58075],[92.54976,11.58385],[92.54831,11.58797],[92.55472,11.58708],[92.56438,11.59251],[92.56909,11.5902],[92.56283,11.58593],[92.56546,11.57344],[92.55671,11.56866],[92.55424,11.56208],[92.54064,11.56309],[92.53072,11.5547]]],[[[92.56163,11.51712],[92.56188,11.52201],[92.56697,11.52254],[92.56396,11.5264],[92.56083,11.52188],[92.55743,11.52355],[92.55206,11.53618],[92.55441,11.53824],[92.55481,11.53334],[92.55742,11.53412],[92.55924,11.5416],[92.5616,11.53155],[92.56906,11.52666],[92.56711,11.51764],[92.56163,11.51712]]],[[[92.5566,11.39056],[92.55841,11.39713],[92.56312,11.39753],[92.56364,11.39495],[92.5566,11.39056]]],[[[92.54849,11.39351],[92.54718,11.39712],[92.55058,11.39764],[92.54849,11.39351]]],[[[92.54153,11.81992],[92.54335,11.82534],[92.54493,11.82096],[92.54153,11.81992]]],[[[92.52739,10.87116],[92.52334,10.87528],[92.5236,10.88043],[92.52073,10.88069],[92.52411,10.88585],[92.52188,10.89229],[92.51406,10.89447],[92.50729,10.88762],[92.50336,10.89767],[92.51848,10.9004],[92.52945,10.89178],[92.53232,10.88612],[92.5279,10.88353],[92.53195,10.87529],[92.52739,10.87116]]],[[[92.50942,10.86172],[92.50472,10.86545],[92.51227,10.87062],[92.51801,10.86857],[92.50942,10.86172]]],[[[92.50774,11.84397],[92.50642,11.85054],[92.50825,11.8508],[92.50774,11.84397]]],[[[92.46898,10.87158],[92.46585,10.87518],[92.47028,10.87687],[92.46898,10.87158]]],[[[92.20483,11.54136],[92.20362,11.55347],[92.21325,11.57051],[92.21284,11.57617],[92.19807,11.57691],[92.2,11.58799],[92.20365,11.59148],[92.21528,11.59087],[92.21096,11.59524],[92.21566,11.59667],[92.22586,11.59451],[92.23189,11.58808],[92.23004,11.59478],[92.24519,11.59675],[92.25017,11.59393],[92.24756,11.59173],[92.26037,11.59228],[92.27215,11.58586],[92.27077,11.56112],[92.27711,11.53743],[92.27191,11.52504],[92.27584,11.52247],[92.27598,11.51771],[92.26971,11.51589],[92.26383,11.51806],[92.2654,11.51549],[92.26293,11.51329],[92.25117,11.51313],[92.2522,11.51777],[92.25677,11.51908],[92.25375,11.52435],[92.2318,11.52584],[92.23024,11.52171],[92.24174,11.51916],[92.24568,11.51428],[92.23025,11.5163],[92.20839,11.53158],[92.20445,11.53698],[92.21059,11.53751],[92.21111,11.5406],[92.20209,11.54084],[92.19892,11.55474],[92.20166,11.55424],[92.20483,11.54136]]],[[[92.22022,10.97041],[92.21526,10.97207],[92.2129,10.97954],[92.22019,10.98381],[92.22906,10.98267],[92.22842,10.97623],[92.22022,10.97041]]],[[[92.20111,11.56454],[92.19862,11.56531],[92.19926,11.57072],[92.20501,11.57023],[92.20111,11.56454]]],[[[89.09385,21.66008],[89.08364,21.67771],[89.08559,21.67948],[89.09385,21.66008]]],[[[89.07846,21.68125],[89.0717,21.69034],[89.07584,21.69042],[89.07846,21.68125]]],[[[89.00267,22.29775],[88.99491,22.29495],[88.99368,22.28621],[89.00754,22.27325],[89.0179,22.26811],[89.01165,22.25973],[89.01225,22.25306],[89.01922,22.25079],[89.03229,22.25715],[89.03575,22.22742],[89.06841,22.1948],[89.06885,22.1889],[89.06345,22.17977],[89.05347,22.18647],[89.05401,22.19162],[89.06121,22.19077],[89.06182,22.19387],[89.05367,22.19907],[89.05355,22.20318],[89.04668,22.20198],[89.04475,22.20708],[89.03539,22.20595],[89.03128,22.21472],[89.01751,22.21361],[89.01546,22.20803],[88.99967,22.21112],[88.9866,22.20549],[88.97475,22.2082],[88.96862,22.21446],[88.96127,22.24285],[88.9482,22.25691],[88.95344,22.27615],[88.95169,22.32919],[88.95832,22.34841],[88.95393,22.36107],[88.96425,22.36661],[88.96733,22.38922],[88.9729,22.39173],[88.97421,22.39609],[88.96633,22.40648],[88.97148,22.40873],[88.98936,22.39101],[88.98246,22.37282],[88.98869,22.36374],[88.98526,22.35606],[88.98736,22.3478],[88.98317,22.32546],[88.98906,22.32114],[89.00033,22.32268],[89.02274,22.29727],[89.02072,22.29529],[89.01179,22.29867],[89.00267,22.29775]]],[[[88.93231,22.17718],[88.92324,22.18077],[88.90811,22.19587],[88.91744,22.21121],[88.91838,22.22973],[88.95393,22.2221],[88.96122,22.1991],[88.95821,22.19155],[88.94219,22.19251],[88.94037,22.1906],[88.94484,22.1836],[88.93764,22.18253],[88.93231,22.17718]]],[[[88.88911,22.26298],[88.88972,22.25683],[88.89395,22.25318],[88.88544,22.2368],[88.89922,22.22326],[88.91392,22.21691],[88.91298,22.20894],[88.90453,22.19669],[88.92049,22.17128],[88.91916,22.16537],[88.912,22.16713],[88.90356,22.17637],[88.8964,22.17786],[88.89,22.17498],[88.88604,22.16769],[88.87253,22.17029],[88.86872,22.1953],[88.8823,22.19875],[88.88584,22.20488],[88.87928,22.2002],[88.86683,22.1988],[88.85725,22.20637],[88.85337,22.20564],[88.84863,22.19141],[88.84543,22.18977],[88.83981,22.19383],[88.83627,22.20802],[88.8266,22.20839],[88.82578,22.19836],[88.81843,22.19638],[88.81716,22.20541],[88.80602,22.20965],[88.80615,22.21943],[88.80002,22.2267],[88.81164,22.22747],[88.82027,22.2324],[88.82828,22.24183],[88.82953,22.25314],[88.82783,22.26477],[88.81765,22.26447],[88.81607,22.2816],[88.80712,22.28461],[88.80461,22.29357],[88.81178,22.31357],[88.81131,22.31973],[88.80453,22.33003],[88.81832,22.35931],[88.83297,22.35799],[88.84992,22.36294],[88.86422,22.35686],[88.8695,22.35808],[88.89089,22.34381],[88.90054,22.3316],[88.90534,22.31816],[88.91311,22.31009],[88.93635,22.30055],[88.93644,22.28665],[88.92858,22.25817],[88.93194,22.25118],[88.95064,22.24401],[88.95258,22.2243],[88.92886,22.22767],[88.91953,22.23293],[88.91676,22.23258],[88.91465,22.21947],[88.90308,22.22296],[88.88885,22.23316],[88.88602,22.23885],[88.89504,22.25376],[88.88911,22.26298]]],[[[88.87749,22.0862],[88.85244,22.10257],[88.84593,22.12221],[88.83079,22.12675],[88.83278,22.13072],[88.85999,22.14161],[88.85618,22.15632],[88.84814,22.16491],[88.85125,22.17015],[88.88628,22.16498],[88.89987,22.1481],[88.90801,22.12715],[88.92322,22.10819],[88.92342,22.10252],[88.91733,22.09153],[88.90816,22.08713],[88.89523,22.09076],[88.87749,22.0862]]],[[[88.91631,22.42213],[88.91273,22.42385],[88.91613,22.42973],[88.91845,22.42713],[88.91631,22.42213]]],[[[88.89882,22.33689],[88.89326,22.34558],[88.88065,22.35396],[88.87756,22.36095],[88.86121,22.36937],[88.85548,22.38643],[88.85561,22.39569],[88.86105,22.40978],[88.86633,22.41088],[88.88103,22.40312],[88.87526,22.38517],[88.88324,22.37195],[88.89289,22.36888],[88.89847,22.36251],[88.9032,22.34366],[88.89882,22.33689]]],[[[88.79879,22.14075],[88.79545,22.16112],[88.79847,22.16984],[88.80826,22.17938],[88.81213,22.1796],[88.82935,22.16499],[88.83906,22.16758],[88.83987,22.17684],[88.82634,22.19913],[88.82742,22.20812],[88.83611,22.20648],[88.83764,22.19668],[88.84404,22.18928],[88.84931,22.19063],[88.85124,22.20116],[88.85558,22.20484],[88.85929,22.20364],[88.86825,22.1706],[88.8488,22.17326],[88.84434,22.1701],[88.84357,22.16393],[88.8508,22.15664],[88.85104,22.15368],[88.84548,22.15155],[88.84704,22.14368],[88.82029,22.12648],[88.81013,22.13097],[88.80293,22.12976],[88.79472,22.1139],[88.7795,22.11226],[88.77442,22.1145],[88.77517,22.11913],[88.7835,22.12213],[88.79075,22.13878],[88.79779,22.13819],[88.79879,22.14075]]],[[[88.81517,22.2641],[88.82596,22.26554],[88.82633,22.24134],[88.81444,22.22976],[88.80031,22.22786],[88.79862,22.22517],[88.80396,22.22151],[88.80586,22.20759],[88.81495,22.20569],[88.81814,22.19549],[88.82698,22.19552],[88.8363,22.17868],[88.83465,22.16879],[88.80803,22.18324],[88.80192,22.18061],[88.7935,22.17015],[88.78931,22.17792],[88.77046,22.18404],[88.76782,22.19398],[88.74673,22.1982],[88.74716,22.21055],[88.75168,22.21848],[88.75365,22.23236],[88.76233,22.2414],[88.76895,22.24017],[88.77239,22.25017],[88.79157,22.25794],[88.79457,22.27631],[88.80288,22.27763],[88.80655,22.28326],[88.8143,22.28343],[88.81517,22.2641]]],[[[88.83129,21.5821],[88.83038,21.59678],[88.83216,21.59651],[88.83129,21.5821]]],[[[88.70643,22.06529],[88.70426,22.07999],[88.73536,22.10514],[88.74634,22.13308],[88.77128,22.13963],[88.78142,22.1551],[88.79464,22.16242],[88.79684,22.13948],[88.7898,22.14008],[88.78323,22.1229],[88.77463,22.12017],[88.76931,22.09204],[88.74985,22.08169],[88.74339,22.0734],[88.73905,22.05671],[88.71945,22.05731],[88.71202,22.05944],[88.70643,22.06529]]],[[[88.79677,21.59432],[88.79078,21.59979],[88.79437,21.60091],[88.79677,21.59432]]],[[[88.64537,22.13465],[88.65246,22.16134],[88.67438,22.16923],[88.68708,22.18004],[88.69066,22.19055],[88.68451,22.20761],[88.7055,22.20636],[88.71894,22.19785],[88.73217,22.19411],[88.73884,22.19712],[88.76587,22.19259],[88.76698,22.18202],[88.78865,22.16969],[88.78375,22.16395],[88.77654,22.16184],[88.76668,22.14676],[88.757,22.14597],[88.75592,22.14868],[88.73318,22.14146],[88.72757,22.13483],[88.72387,22.11453],[88.70646,22.10274],[88.69597,22.1026],[88.70423,22.1011],[88.68429,22.08457],[88.6825,22.07378],[88.68552,22.06036],[88.70056,22.04811],[88.7319,22.03671],[88.73902,22.02068],[88.73381,22.01185],[88.72131,22.00594],[88.71584,22.00973],[88.70448,22.00675],[88.67706,22.02222],[88.66493,22.02364],[88.66421,22.04411],[88.65383,22.07767],[88.6356,22.1018],[88.63693,22.12109],[88.64537,22.13465]]],[[[88.71711,21.63094],[88.71903,21.64199],[88.72082,21.64197],[88.71711,21.63094]]],[[[88.70959,21.60013],[88.70861,21.61069],[88.71051,21.60861],[88.70959,21.60013]]],[[[88.58765,21.60056],[88.58804,21.61086],[88.59084,21.60259],[88.58765,21.60056]]],[[[88.52337,21.93942],[88.51943,21.94512],[88.49942,21.95792],[88.49604,21.96413],[88.49679,21.9703],[88.51861,21.98451],[88.52262,21.98538],[88.53773,21.97854],[88.54189,21.98018],[88.55512,22.00412],[88.57685,21.99696],[88.58364,21.9875],[88.57511,21.97703],[88.57561,21.95952],[88.56842,21.95895],[88.55589,21.97374],[88.54275,21.9709],[88.54146,21.95341],[88.54874,21.93815],[88.5495,21.9191],[88.56842,21.90811],[88.57016,21.90346],[88.56362,21.8985],[88.54605,21.90562],[88.53953,21.90272],[88.5399,21.89782],[88.54592,21.89339],[88.54731,21.88179],[88.53754,21.87107],[88.5374,21.85769],[88.52866,21.85326],[88.49609,21.87686],[88.49605,21.88587],[88.50685,21.90302],[88.52365,21.91316],[88.5255,21.93219],[88.52337,21.93942]]],[[[88.52959,21.54988],[88.52712,21.56354],[88.53035,21.56995],[88.52959,21.54988]]],[[[88.47268,21.79946],[88.46168,21.80149],[88.45106,21.81419],[88.46821,21.82048],[88.47551,21.83303],[88.48848,21.8342],[88.49691,21.82305],[88.49871,21.81042],[88.48537,21.80011],[88.47268,21.79946]]],[[[88.39668,21.82213],[88.39317,21.82937],[88.40251,21.854],[88.39965,21.87153],[88.41871,21.88836],[88.41856,21.90097],[88.4315,21.89867],[88.43956,21.90465],[88.45197,21.9048],[88.45766,21.89432],[88.47719,21.88913],[88.48263,21.88187],[88.48985,21.84706],[88.48494,21.83796],[88.47279,21.83652],[88.46734,21.84301],[88.4704,21.83256],[88.46579,21.82616],[88.45915,21.8239],[88.44927,21.82798],[88.45474,21.82446],[88.44728,21.80908],[88.45121,21.80209],[88.46107,21.79531],[88.46048,21.79197],[88.44516,21.8033],[88.43079,21.80008],[88.42457,21.81223],[88.41822,21.81152],[88.4032,21.79774],[88.39668,21.82213]]],[[[88.43204,21.70392],[88.42626,21.71787],[88.42912,21.72892],[88.42345,21.74106],[88.42686,21.75082],[88.42317,21.7681],[88.43998,21.78134],[88.44427,21.79675],[88.44869,21.79774],[88.45934,21.78825],[88.46959,21.79331],[88.47094,21.79085],[88.46156,21.77652],[88.45444,21.75367],[88.45306,21.71172],[88.44064,21.70938],[88.43204,21.70392]]],[[[88.41671,21.72748],[88.41058,21.73487],[88.40399,21.7375],[88.40088,21.74306],[88.40234,21.75128],[88.39632,21.75571],[88.39256,21.76604],[88.38275,21.77771],[88.42125,21.81136],[88.42483,21.81082],[88.42804,21.80049],[88.44127,21.80038],[88.43293,21.77908],[88.42125,21.76863],[88.42114,21.75807],[88.42495,21.75341],[88.42095,21.73877],[88.4252,21.72277],[88.42421,21.71995],[88.42133,21.721],[88.41671,21.72748]]],[[[88.38862,21.6425],[88.38137,21.66213],[88.38266,21.6822],[88.40311,21.70339],[88.40612,21.71521],[88.40329,21.72154],[88.3904,21.72757],[88.3719,21.72399],[88.37056,21.72787],[88.39005,21.73491],[88.39424,21.75418],[88.40041,21.7513],[88.40151,21.73739],[88.40865,21.73476],[88.41492,21.72749],[88.42804,21.70292],[88.41421,21.69712],[88.41079,21.65776],[88.41266,21.65105],[88.42656,21.63703],[88.42978,21.62851],[88.42891,21.62414],[88.42435,21.62199],[88.41277,21.62055],[88.39788,21.60407],[88.39092,21.60979],[88.39445,21.61903],[88.38548,21.63146],[88.3868,21.63917],[88.3908,21.64017],[88.38862,21.6425]]],[[[88.36384,21.68686],[88.35723,21.68717],[88.35026,21.69251],[88.34053,21.71292],[88.34649,21.71725],[88.34917,21.72392],[88.3444,21.74404],[88.34771,21.75946],[88.37062,21.76339],[88.35956,21.74418],[88.35946,21.73414],[88.36355,21.72973],[88.36431,21.72277],[88.37652,21.71713],[88.39195,21.71765],[88.39398,21.71325],[88.38352,21.70034],[88.36638,21.6934],[88.36384,21.68686]]],[[[88.36454,21.73165],[88.36083,21.73361],[88.36068,21.74623],[88.37227,21.76286],[88.38085,21.76678],[88.39014,21.75834],[88.38608,21.75116],[88.38627,21.74292],[88.38168,21.73769],[88.37424,21.73749],[88.36454,21.73165]]],[[[88.29554,21.7806],[88.28625,21.7893],[88.26506,21.7932],[88.26301,21.79592],[88.26582,21.80233],[88.29604,21.82037],[88.29427,21.82373],[88.30673,21.82904],[88.31501,21.84468],[88.3136,21.85653],[88.33377,21.86062],[88.34089,21.85554],[88.35246,21.85442],[88.35011,21.8238],[88.35959,21.80648],[88.35687,21.79569],[88.37913,21.78881],[88.37924,21.78495],[88.37589,21.76695],[88.35522,21.76648],[88.3422,21.75925],[88.3397,21.74228],[88.34448,21.72345],[88.34239,21.72076],[88.33391,21.72739],[88.32566,21.72888],[88.32037,21.72313],[88.30882,21.72502],[88.30959,21.73428],[88.30002,21.77323],[88.30217,21.78235],[88.30026,21.78443],[88.29554,21.7806]]],[[[88.33707,21.62156],[88.34211,21.63079],[88.34347,21.62923],[88.33707,21.62156]]],[[[88.31766,21.60691],[88.31686,21.60975],[88.32407,21.61458],[88.3286,21.61416],[88.31766,21.60691]]],[[[88.23179,21.6579],[88.23298,21.66845],[88.23066,21.67142],[88.22683,21.67454],[88.21113,21.6744],[88.19996,21.68929],[88.21073,21.69217],[88.22085,21.70046],[88.22063,21.70613],[88.21139,21.72138],[88.21737,21.7615],[88.27243,21.75439],[88.26106,21.73028],[88.27494,21.72683],[88.2822,21.70618],[88.30129,21.68414],[88.30349,21.66868],[88.2992,21.65069],[88.28873,21.65],[88.29655,21.64711],[88.29707,21.64427],[88.28429,21.61554],[88.2831,21.60602],[88.2855,21.59674],[88.28495,21.61219],[88.28832,21.60418],[88.28508,21.58052],[88.28864,21.57792],[88.29101,21.58202],[88.29569,21.58198],[88.29689,21.57708],[88.28484,21.56906],[88.27645,21.56977],[88.26814,21.56263],[88.2677,21.5598],[88.27982,21.56061],[88.27759,21.55831],[88.2652,21.55724],[88.24532,21.5664],[88.23854,21.57778],[88.24554,21.57593],[88.25052,21.57872],[88.25822,21.59411],[88.2442,21.61185],[88.23562,21.60677],[88.2189,21.615],[88.2202,21.62271],[88.23519,21.63651],[88.23637,21.64628],[88.23179,21.6579]]],[[[88.29113,21.56451],[88.29419,21.56783],[88.29624,21.56653],[88.29113,21.56451]]],[[[88.20116,21.61719],[88.18149,21.6871],[88.20162,21.70601],[88.1963,21.71248],[88.2027,21.7199],[88.21185,21.71057],[88.21354,21.69884],[88.20002,21.69624],[88.19432,21.68958],[88.19455,21.68392],[88.20258,21.67253],[88.22624,21.67004],[88.226,21.65743],[88.23151,21.64168],[88.21139,21.62304],[88.20705,21.61406],[88.21097,21.60528],[88.20398,21.60893],[88.20116,21.61719]]],[[[88.22784,21.49972],[88.21867,21.50533],[88.2164,21.51345],[88.22784,21.49972]]],[[[88.19751,21.7592],[88.19492,21.7627],[88.19729,21.76628],[88.20073,21.76574],[88.20167,21.76265],[88.19751,21.7592]]],[[[88.18815,21.69285],[88.18402,21.69403],[88.18611,21.69685],[88.18815,21.69285]]],[[[88.18489,21.56375],[88.17721,21.56741],[88.17383,21.57413],[88.18566,21.57431],[88.18489,21.56375]]],[[[88.18065,21.78674],[88.18181,21.79368],[88.18439,21.78929],[88.18065,21.78674]]],[[[88.1507,22.039],[88.14948,22.04261],[88.15409,22.04914],[88.18161,22.06993],[88.18157,22.06555],[88.16664,22.04738],[88.15789,22.0401],[88.1507,22.039]]],[[[88.16684,21.91981],[88.16064,21.93723],[88.17165,21.93329],[88.16684,21.91981]]],[[[88.06504,21.73526],[88.07467,21.75142],[88.07511,21.7733],[88.07791,21.77972],[88.08442,21.78328],[88.08644,21.79511],[88.10327,21.83336],[88.12255,21.86593],[88.13505,21.87704],[88.15224,21.83612],[88.17148,21.81229],[88.16353,21.80077],[88.16913,21.77653],[88.16809,21.73354],[88.14633,21.6822],[88.14011,21.67979],[88.14036,21.67606],[88.14775,21.67086],[88.14306,21.63498],[88.13755,21.63476],[88.13339,21.63054],[88.09895,21.62807],[88.08603,21.63021],[88.09229,21.63905],[88.08139,21.63668],[88.08303,21.63396],[88.08026,21.63282],[88.06568,21.63433],[88.04527,21.64965],[88.0399,21.66874],[88.04013,21.6811],[88.04917,21.71193],[88.05258,21.71337],[88.06504,21.73526]]],[[[88.04985,21.93746],[88.06269,21.97652],[88.0778,22.00293],[88.09361,22.01326],[88.14617,22.02538],[88.13099,22.0085],[88.11195,21.97464],[88.09035,21.94698],[88.07999,21.92787],[88.05616,21.91438],[88.04719,21.9138],[88.04985,21.93746]]],[[[88.13137,21.89998],[88.12615,21.90246],[88.11689,21.91771],[88.12439,21.92474],[88.13297,21.92713],[88.14321,21.91496],[88.13137,21.89998]]],[[[88.02664,21.56506],[88.01868,21.56872],[88.01501,21.57492],[88.01575,21.58238],[88.01906,21.5839],[88.01984,21.57695],[88.02859,21.56814],[88.02664,21.56506]]],[[[87.94468,22.2858],[87.94126,22.29161],[87.94127,22.31401],[87.94561,22.32119],[87.94468,22.2858]]],[[[87.87648,21.76907],[87.88289,21.77959],[87.88245,21.77496],[87.87648,21.76907]]],[[[87.4164,21.56835],[87.41613,21.57118],[87.41944,21.57104],[87.42165,21.57593],[87.44456,21.59377],[87.46441,21.60285],[87.43033,21.57926],[87.42825,21.57424],[87.4164,21.56835]]],[[[87.12318,21.51501],[87.12002,21.51642],[87.12044,21.52042],[87.12346,21.52054],[87.12318,21.51501]]],[[[87.08833,20.747],[87.08751,20.75279],[87.07437,20.75254],[87.07273,20.75576],[87.07875,20.75731],[87.07958,20.76246],[87.0856,20.76451],[87.09189,20.7564],[87.09682,20.75858],[87.09738,20.76631],[87.10258,20.76888],[87.0997,20.76013],[87.08833,20.747]]],[[[87.07518,20.72821],[87.07217,20.73246],[87.07587,20.73748],[87.07601,20.74546],[87.07847,20.74469],[87.07518,20.72821]]],[[[87.07445,21.45542],[87.07445,21.46212],[87.07582,21.46212],[87.07445,21.45542]]],[[[87.0719,20.7331],[87.06506,20.73903],[87.0693,20.73902],[87.07163,20.74855],[87.0719,20.7331]]],[[[87.0593,20.71637],[87.06341,20.72358],[87.0656,20.72177],[87.0593,20.71637]]],[[[87.04918,20.74264],[87.05246,20.74508],[87.05356,20.74302],[87.04918,20.74264]]],[[[87.01387,20.7935],[87.0199,20.81578],[87.02003,20.80728],[87.01387,20.7935]]],[[[87.01579,20.82466],[87.00839,20.83136],[87.00018,20.83007],[86.99963,20.83278],[87.00812,20.83239],[87.01579,20.82466]]],[[[86.80722,20.7061],[86.81734,20.71345],[86.82306,20.73998],[86.83398,20.76394],[86.85916,20.77516],[86.89887,20.76643],[86.91803,20.76876],[86.96267,20.76492],[86.97444,20.76788],[86.9769,20.76041],[86.98347,20.75938],[86.98553,20.75088],[86.99224,20.74779],[86.9973,20.72694],[86.9958,20.71406],[86.99251,20.71316],[86.97144,20.71753],[86.93613,20.71675],[86.91533,20.70812],[86.91314,20.70979],[86.88742,20.69175],[86.862,20.66546],[86.85762,20.66533],[86.86541,20.67692],[86.86472,20.68104],[86.85719,20.68413],[86.88331,20.70372],[86.88508,20.70887],[86.88043,20.71402],[86.88111,20.7184],[86.88905,20.71595],[86.903,20.72446],[86.90643,20.72124],[86.91313,20.72357],[86.9175,20.74739],[86.92681,20.74829],[86.93105,20.75242],[86.92927,20.75757],[86.91722,20.75923],[86.86685,20.75276],[86.86206,20.74903],[86.85562,20.7507],[86.85043,20.74335],[86.8392,20.74811],[86.83674,20.74231],[86.83168,20.74076],[86.82827,20.72608],[86.83307,20.72402],[86.8302,20.7181],[86.82473,20.71719],[86.82364,20.70959],[86.82802,20.70857],[86.82775,20.70341],[86.83254,20.7011],[86.83241,20.69724],[86.83679,20.69647],[86.83734,20.69081],[86.86363,20.6795],[86.8557,20.66893],[86.85872,20.66314],[86.84614,20.65334],[86.84217,20.65424],[86.83367,20.66994],[86.82204,20.67598],[86.80206,20.67622],[86.79728,20.67299],[86.79551,20.66501],[86.80837,20.66644],[86.82138,20.64856],[86.81893,20.63877],[86.81524,20.63748],[86.80703,20.64519],[86.78596,20.64504],[86.77542,20.64953],[86.8015,20.68304],[86.80722,20.7061]]],[[[86.9222,20.64605],[86.92713,20.65095],[86.92959,20.65018],[86.9222,20.64605]]],[[[86.91015,20.66935],[86.90796,20.67335],[86.91343,20.68004],[86.92013,20.67824],[86.92055,20.67297],[86.91015,20.66935]]],[[[86.71002,20.29727],[86.70647,20.29545],[86.70591,20.29867],[86.69417,20.30084],[86.69102,20.30483],[86.68294,20.31936],[86.67391,20.32823],[86.678,20.33494],[86.67771,20.34112],[86.68917,20.34242],[86.68888,20.35118],[86.70391,20.34953],[86.70991,20.3525],[86.72135,20.36669],[86.73582,20.36851],[86.73378,20.36181],[86.72669,20.35665],[86.72425,20.34815],[86.72901,20.35717],[86.73747,20.36426],[86.75085,20.36338],[86.74896,20.34973],[86.75511,20.34665],[86.74884,20.33994],[86.75103,20.33763],[86.76057,20.34846],[86.76859,20.36907],[86.77392,20.36779],[86.77106,20.36212],[86.77352,20.36058],[86.77978,20.37231],[86.78388,20.37167],[86.77326,20.34848],[86.76971,20.34899],[86.76808,20.34461],[86.7745,20.34178],[86.77247,20.33315],[86.78665,20.3436],[86.80451,20.36577],[86.80507,20.38886],[86.80257,20.3856],[86.8001,20.39847],[86.80321,20.41599],[86.79911,20.42332],[86.80252,20.42345],[86.80347,20.42964],[86.81058,20.4263],[86.81702,20.40673],[86.81132,20.37711],[86.79838,20.35353],[86.77874,20.33522],[86.74111,20.31122],[86.71002,20.29727]]],[[[86.78842,20.44468],[86.80206,20.46749],[86.80054,20.47393],[86.80491,20.48063],[86.80283,20.5002],[86.80488,20.50303],[86.80872,20.49171],[86.80792,20.47857],[86.78842,20.44468]]],[[[86.78975,20.6753],[86.79001,20.6838],[86.79847,20.69875],[86.79807,20.69179],[86.78975,20.6753]]],[[[86.79126,20.36421],[86.79071,20.36833],[86.79426,20.36808],[86.79126,20.36421]]],[[[86.77819,20.34295],[86.78268,20.35055],[86.77572,20.34745],[86.78445,20.3521],[86.77819,20.34295]]],[[[86.76995,20.37577],[86.76762,20.38195],[86.76529,20.38246],[86.76421,20.37589],[86.75356,20.37884],[86.75423,20.38348],[86.75709,20.3867],[86.76666,20.38504],[86.76938,20.39251],[86.77457,20.39174],[86.78018,20.38222],[86.76995,20.37577]]],[[[86.74935,20.61666],[86.74346,20.62013],[86.74249,20.62888],[86.74935,20.61666]]],[[[86.73514,20.60608],[86.72843,20.61135],[86.72787,20.6183],[86.73344,20.64097],[86.74109,20.64511],[86.73743,20.62759],[86.73799,20.62012],[86.74292,20.6124],[86.73514,20.60608]]],[[[86.7405,20.67163],[86.706,20.68291],[86.72707,20.68217],[86.73775,20.67652],[86.7405,20.67163]]],[[[86.6882,20.28512],[86.68519,20.28615],[86.68134,20.30249],[86.67504,20.31227],[86.68296,20.30816],[86.692,20.29466],[86.70292,20.2912],[86.6882,20.28512]]],[[[86.66676,20.60571],[86.66074,20.60866],[86.6707,20.61872],[86.67099,20.61254],[86.66676,20.60571]]],[[[86.65042,20.69478],[86.64987,20.69748],[86.65698,20.70071],[86.65042,20.69478]]],[[[86.61923,20.58295],[86.61907,20.59106],[86.62127,20.58617],[86.61923,20.58295]]],[[[86.59219,20.33992],[86.60372,20.33916],[86.59745,20.33644],[86.59144,20.33746],[86.59219,20.33992]]],[[[86.5009,20.3895],[86.4942,20.39244],[86.49514,20.39631],[86.51474,20.41607],[86.52732,20.41224],[86.54999,20.41307],[86.57282,20.40605],[86.56316,20.39353],[86.52547,20.39137],[86.51534,20.40036],[86.5009,20.3895]]],[[[86.51051,20.19999],[86.50038,20.20859],[86.50147,20.21155],[86.51225,20.20862],[86.51051,20.19999]]],[[[86.49699,20.16183],[86.49371,20.16247],[86.49425,20.16556],[86.49832,20.17253],[86.50295,20.1728],[86.49699,20.16183]]],[[[86.41785,20.02832],[86.42461,20.04225],[86.4272,20.04148],[86.41785,20.02832]]],[[[86.39791,19.96889],[86.42031,19.98918],[86.4236,20.01932],[86.42599,19.99898],[86.42168,19.98661],[86.39791,19.96889]]],[[[86.38508,19.9767],[86.39361,19.98858],[86.3815,19.98622],[86.38148,19.99034],[86.38992,19.99165],[86.39725,19.9985],[86.40515,19.99814],[86.4161,20.02059],[86.41595,20.02599],[86.41867,20.026],[86.40979,19.99571],[86.38508,19.9767]]],[[[86.40056,19.98731],[86.4098,19.99404],[86.40899,19.99133],[86.40056,19.98731]]],[[[86.38501,19.99382],[86.38282,19.99729],[86.38636,19.99679],[86.38501,19.99382]]],[[[86.37312,19.96945],[86.36793,19.97316],[86.37338,19.97254],[86.37312,19.96945]]],[[[86.35135,19.96344],[86.34371,19.96702],[86.34534,19.96832],[86.35135,19.96344]]],[[[86.32812,19.99762],[86.32792,20.00477],[86.32992,20.00869],[86.3321,20.00728],[86.33886,19.98606],[86.32812,19.99762]]],[[[86.32798,20.01641],[86.32292,20.02051],[86.3218,20.02643],[86.32798,20.01641]]],[[[86.32773,20.0101],[86.30436,20.02636],[86.3072,20.03152],[86.3181,20.03079],[86.32773,20.0101]]],[[[86.26289,20.0186],[86.24508,20.03024],[86.25101,20.04391],[86.24879,20.05189],[86.25885,20.05824],[86.27793,20.05664],[86.27932,20.05021],[86.28971,20.04394],[86.30197,20.04309],[86.30787,20.03436],[86.26289,20.0186]]],[[[86.25139,20.02164],[86.24784,20.02304],[86.24755,20.02664],[86.25139,20.02164]]],[[[85.64085,19.73116],[85.63836,19.73539],[85.64462,19.73556],[85.64085,19.73116]]],[[[85.62973,19.72695],[85.62968,19.73378],[85.63158,19.73379],[85.62973,19.72695]]],[[[85.60588,19.71827],[85.6041,19.71993],[85.60855,19.72396],[85.61455,19.72194],[85.60588,19.71827]]],[[[85.57365,19.70424],[85.57524,19.70902],[85.58259,19.70727],[85.57365,19.70424]]],[[[85.56365,19.69747],[85.56145,19.70054],[85.56769,19.70175],[85.56962,19.69893],[85.56365,19.69747]]],[[[85.54497,19.68895],[85.53626,19.68914],[85.53597,19.69132],[85.54028,19.69612],[85.54368,19.6955],[85.54497,19.68895]]],[[[85.52116,19.67614],[85.5157,19.67828],[85.51921,19.68076],[85.52292,19.67731],[85.52116,19.67614]]],[[[85.50455,19.70831],[85.5026,19.71371],[85.50803,19.71478],[85.50455,19.70831]]],[[[85.47158,19.65924],[85.4675,19.65959],[85.46719,19.66294],[85.47424,19.66519],[85.47158,19.65924]]],[[[85.42589,19.63336],[85.41989,19.63652],[85.41777,19.64475],[85.4238,19.65329],[85.43035,19.65001],[85.45075,19.64889],[85.461,19.65684],[85.46211,19.65466],[85.45212,19.64749],[85.42734,19.63813],[85.42589,19.63336]]],[[[85.41977,19.67579],[85.411,19.68356],[85.4142,19.68939],[85.41964,19.68905],[85.42608,19.6837],[85.41977,19.67579]]],[[[85.40448,19.68248],[85.40364,19.68582],[85.40717,19.68585],[85.40828,19.68341],[85.40448,19.68248]]],[[[85.39554,19.62485],[85.39131,19.62649],[85.39844,19.63402],[85.39959,19.62733],[85.39554,19.62485]]],[[[85.23177,19.64276],[85.23549,19.65026],[85.23863,19.649],[85.23177,19.64276]]],[[[85.22385,19.59736],[85.22381,19.60097],[85.23086,19.60155],[85.22385,19.59736]]],[[[85.14802,19.55219],[85.14395,19.55266],[85.14877,19.55851],[85.14802,19.55219]]],[[[85.13559,19.59428],[85.12863,19.59717],[85.12791,19.60064],[85.13223,19.60262],[85.13661,19.59983],[85.13559,19.59428]]],[[[85.13282,19.55178],[85.12739,19.55185],[85.12627,19.55467],[85.13468,19.55501],[85.13282,19.55178]]],[[[82.36597,16.71833],[82.36334,16.72556],[82.35615,16.72818],[82.36071,16.73111],[82.34842,16.73132],[82.35191,16.734],[82.36339,16.732],[82.36828,16.72501],[82.36597,16.71833]]],[[[82.36183,16.88809],[82.36319,16.90921],[82.35707,16.95226],[82.34819,16.96339],[82.34045,16.96654],[82.33411,16.97868],[82.32413,16.98725],[82.32886,16.99353],[82.34938,16.98013],[82.36006,16.95894],[82.36457,16.91641],[82.36183,16.88809]]],[[[82.32631,16.68536],[82.33933,16.71206],[82.34155,16.70522],[82.33402,16.69844],[82.33717,16.68992],[82.35224,16.70451],[82.35509,16.71119],[82.34653,16.71571],[82.36257,16.71036],[82.32954,16.66911],[82.32181,16.65242],[82.31739,16.63158],[82.31575,16.64524],[82.31126,16.65274],[82.31198,16.66124],[82.30984,16.66048],[82.31023,16.63884],[82.31419,16.63237],[82.30881,16.627],[82.30699,16.63448],[82.30471,16.63269],[82.29792,16.61625],[82.29475,16.62194],[82.29941,16.63916],[82.30507,16.6466],[82.31,16.66408],[82.32631,16.68536]]],[[[82.31769,16.73319],[82.30446,16.75298],[82.31774,16.74028],[82.3205,16.73459],[82.31769,16.73319]]],[[[82.31585,16.62051],[82.31404,16.6298],[82.31817,16.62848],[82.31585,16.62051]]],[[[82.30641,16.56816],[82.30605,16.57395],[82.31179,16.57366],[82.31315,16.57739],[82.31063,16.58011],[82.31665,16.58084],[82.31218,16.57211],[82.30641,16.56816]]],[[[82.30768,16.59854],[82.30851,16.60279],[82.31064,16.60123],[82.30768,16.59854]]],[[[82.30456,16.61054],[82.30166,16.61623],[82.30757,16.62057],[82.30859,16.61386],[82.30456,16.61054]]],[[[82.25741,16.65179],[82.25638,16.6572],[82.26664,16.67388],[82.25873,16.69093],[82.2584,16.70098],[82.26803,16.70208],[82.29071,16.6964],[82.30168,16.69826],[82.29688,16.68014],[82.2923,16.67527],[82.29401,16.67062],[82.29051,16.66678],[82.2793,16.66878],[82.27554,16.66571],[82.28459,16.66051],[82.28003,16.6586],[82.26884,16.66318],[82.26694,16.6592],[82.26092,16.65743],[82.26128,16.65151],[82.25741,16.65179]]],[[[82.26623,16.59043],[82.26626,16.59532],[82.27239,16.59413],[82.26623,16.59043]]],[[[82.22937,16.71648],[82.2243,16.71818],[82.22805,16.71958],[82.22937,16.71648]]],[[[82.22209,16.71621],[82.21868,16.71747],[82.22057,16.72001],[82.22209,16.71621]]],[[[82.18471,16.71442],[82.1735,16.71642],[82.17192,16.72029],[82.18235,16.72088],[82.19649,16.71654],[82.18471,16.71442]]],[[[82.16892,16.71013],[82.16064,16.71198],[82.17028,16.7145],[82.16892,16.71013]]],[[[82.16248,16.70682],[82.15795,16.70878],[82.15957,16.71147],[82.16357,16.71003],[82.16248,16.70682]]],[[[82.15225,16.694],[82.15202,16.6998],[82.15606,16.70493],[82.16073,16.70438],[82.16017,16.69949],[82.15225,16.694]]],[[[82.13885,16.68738],[82.1135,16.69589],[82.11352,16.69898],[82.12076,16.70267],[82.13947,16.70308],[82.15635,16.70943],[82.14649,16.69133],[82.13885,16.68738]]],[[[82.14382,16.71414],[82.14116,16.71634],[82.14651,16.71837],[82.14382,16.71414]]],[[[82.11191,16.69731],[82.10231,16.70058],[82.11252,16.71044],[82.11849,16.70256],[82.11191,16.69731]]],[[[82.07884,16.66297],[82.0658,16.67205],[82.05056,16.67123],[82.04844,16.67459],[82.07626,16.6796],[82.0822,16.6909],[82.09026,16.69743],[82.10337,16.6989],[82.11244,16.69641],[82.11279,16.68816],[82.1051,16.67571],[82.07884,16.66297]]],[[[82.08277,16.69618],[82.08145,16.6994],[82.0879,16.70555],[82.09834,16.70756],[82.09621,16.71027],[82.09918,16.71515],[82.10586,16.71473],[82.10287,16.70534],[82.08788,16.70207],[82.08277,16.69618]]],[[[82.08845,16.708],[82.08578,16.70814],[82.08717,16.71766],[82.09749,16.72276],[82.09556,16.71272],[82.08845,16.708]]],[[[82.05539,16.6752],[82.04725,16.67743],[82.04981,16.68115],[82.05914,16.67737],[82.05539,16.6752]]],[[[82.01815,16.70887],[82.00218,16.7208],[82.01366,16.71855],[82.02084,16.71079],[82.01815,16.70887]]],[[[82.01118,16.70401],[82.00638,16.70725],[82.00721,16.7124],[82.01348,16.70954],[82.01118,16.70401]]],[[[81.97253,16.5137],[81.96724,16.52351],[81.97296,16.52039],[81.97253,16.5137]]],[[[81.9687,16.49491],[81.96646,16.50084],[81.9685,16.5083],[81.97075,16.50572],[81.9687,16.49491]]],[[[81.96225,16.48669],[81.96311,16.49777],[81.96565,16.49956],[81.96615,16.49157],[81.96225,16.48669]]],[[[81.94808,16.53699],[81.94437,16.54422],[81.94638,16.54473],[81.94808,16.53699]]],[[[81.9148,16.55968],[81.91509,16.56393],[81.91749,16.56405],[81.9148,16.55968]]],[[[81.89282,16.54265],[81.88965,16.55039],[81.89502,16.55552],[81.89282,16.54265]]],[[[81.55702,16.34983],[81.53948,16.35901],[81.5264,16.3544],[81.5192,16.35906],[81.51385,16.35379],[81.52172,16.35351],[81.52345,16.34977],[81.4909,16.35127],[81.47739,16.39123],[81.48418,16.38607],[81.48443,16.38014],[81.49282,16.37072],[81.51203,16.37041],[81.5222,16.38172],[81.54488,16.37961],[81.55219,16.36864],[81.55702,16.34983]]],[[[81.39883,16.34567],[81.39216,16.34735],[81.39243,16.35122],[81.39563,16.34799],[81.40163,16.34837],[81.39883,16.34567]]],[[[81.18757,16.14358],[81.19157,16.14564],[81.19183,16.14371],[81.18757,16.14358]]],[[[81.18995,16.12503],[81.18729,16.13302],[81.19022,16.13095],[81.18995,16.12503]]],[[[81.18248,16.12349],[81.18089,16.13225],[81.18356,16.13173],[81.18248,16.12349]]],[[[81.12219,16.02279],[81.1086,16.02795],[81.1086,16.03182],[81.12113,16.04044],[81.13205,16.03593],[81.12752,16.02962],[81.11739,16.02769],[81.12219,16.02279]]],[[[81.11658,16.00708],[81.11658,16.01172],[81.11099,16.00992],[81.1086,16.02048],[81.111,16.02202],[81.11512,16.02151],[81.11952,16.01455],[81.11925,16.0072],[81.11658,16.00708]]],[[[81.11072,16.00502],[81.10779,16.00592],[81.10832,16.00914],[81.11232,16.00708],[81.11072,16.00502]]],[[[81.01135,15.77329],[81.00775,15.78398],[81.01294,15.77509],[81.01135,15.77329]]],[[[80.9999,15.835],[81.00177,15.83963],[81.0039,15.83654],[80.9999,15.835]]],[[[80.99405,15.84479],[80.99538,15.85071],[81.00203,15.85174],[81.00203,15.84762],[80.99405,15.84479]]],[[[80.99618,15.8216],[80.99445,15.82392],[80.99764,15.8301],[80.99618,15.8216]]],[[[80.99804,15.77161],[80.99432,15.77496],[80.99857,15.77471],[80.99804,15.77161]]],[[[80.98474,15.81374],[80.98074,15.81413],[80.98367,15.81696],[80.98474,15.81374]]],[[[80.98407,15.77007],[80.97569,15.77135],[80.96917,15.78063],[80.96212,15.77792],[80.96239,15.78166],[80.95414,15.77831],[80.9548,15.78861],[80.9403,15.7899],[80.94189,15.79415],[80.9383,15.79634],[80.93551,15.78758],[80.93511,15.79093],[80.93019,15.79157],[80.93178,15.79982],[80.92433,15.8002],[80.91914,15.78835],[80.92513,15.78281],[80.92114,15.77804],[80.91795,15.77907],[80.91928,15.78216],[80.90877,15.78319],[80.91063,15.79504],[80.9065,15.79349],[80.90451,15.78525],[80.89839,15.78756],[80.90252,15.77404],[80.90013,15.77391],[80.90093,15.76232],[80.90918,15.75614],[80.91091,15.75047],[80.90705,15.75111],[80.8747,15.79296],[80.86937,15.80713],[80.86963,15.82491],[80.87693,15.84656],[80.88705,15.8494],[80.89011,15.84064],[80.90516,15.82338],[80.95467,15.79931],[80.96265,15.7881],[80.98407,15.77007]]],[[[80.95195,16.04163],[80.95488,16.0464],[80.95994,16.04575],[80.95195,16.04163]]],[[[80.9411,15.7756],[80.93977,15.77792],[80.94802,15.78178],[80.94948,15.77856],[80.9411,15.7756]]],[[[80.91637,15.7287],[80.90493,15.73204],[80.9044,15.74029],[80.91478,15.73656],[80.9181,15.7314],[80.91637,15.7287]]],[[[80.91104,15.76902],[80.91715,15.77649],[80.91449,15.77082],[80.91104,15.76902]]],[[[80.91234,15.8257],[80.90462,15.82931],[80.90116,15.83497],[80.91207,15.83137],[80.91527,15.82738],[80.91234,15.8257]]],[[[80.90431,15.9182],[80.9083,15.93366],[80.9095,15.9267],[80.90431,15.9182]]],[[[80.90722,15.97772],[80.90096,15.98055],[80.90122,15.99137],[80.90668,15.98931],[80.90722,15.97772]]],[[[80.89807,15.95365],[80.89564,15.95169],[80.89675,15.96344],[80.89029,15.98776],[80.90336,15.97179],[80.90416,15.95221],[80.89807,15.95365]]],[[[80.9006,15.89887],[80.90166,15.90944],[80.90339,15.90738],[80.9006,15.89887]]],[[[80.85813,15.71153],[80.86371,15.71849],[80.86664,15.7163],[80.88711,15.72495],[80.90308,15.71929],[80.85813,15.71153]]],[[[80.90125,15.91817],[80.89939,15.91382],[80.89699,15.91639],[80.89898,15.93237],[80.90164,15.93237],[80.90125,15.91817]]],[[[80.89735,16.00477],[80.89348,16.01198],[80.8956,16.02795],[80.90067,16.01868],[80.89735,16.00477]]],[[[80.89061,16.00461],[80.89642,15.99987],[80.89749,15.99111],[80.89376,15.99008],[80.89061,16.00461]]],[[[80.85012,15.7467],[80.83695,15.75042],[80.86125,15.81614],[80.87298,15.78291],[80.88163,15.77519],[80.89508,15.7502],[80.88843,15.75265],[80.88524,15.75084],[80.87379,15.75753],[80.86262,15.75727],[80.85091,15.75533],[80.84347,15.75004],[80.85012,15.7467]]],[[[80.88631,15.73873],[80.877,15.74272],[80.87753,15.74594],[80.89242,15.74737],[80.89429,15.74415],[80.88923,15.74389],[80.8911,15.73989],[80.88631,15.73873]]],[[[80.89404,15.96323],[80.89311,15.95903],[80.89048,15.96088],[80.88938,15.96972],[80.89404,15.96323]]],[[[80.88039,15.84914],[80.88371,15.85996],[80.88877,15.86331],[80.88744,15.85249],[80.88039,15.84914]]],[[[80.85465,15.74322],[80.85212,15.74631],[80.85677,15.74632],[80.85465,15.74322]]],[[[80.80984,15.86042],[80.79839,15.86325],[80.80106,15.86492],[80.79865,15.8742],[80.8101,15.87202],[80.81063,15.86841],[80.81649,15.86661],[80.8165,15.86326],[80.81263,15.86455],[80.80984,15.86042]]],[[[80.80134,15.84779],[80.78908,15.85821],[80.78961,15.85989],[80.80134,15.84779]]],[[[80.63919,15.87618],[80.63997,15.88314],[80.65674,15.88741],[80.67884,15.88629],[80.6831,15.88166],[80.69002,15.8827],[80.68444,15.87947],[80.63919,15.87618]]],[[[80.67857,15.88977],[80.66605,15.89155],[80.67829,15.89376],[80.68069,15.8917],[80.67857,15.88977]]],[[[80.54554,15.85268],[80.54234,15.85306],[80.54313,15.85526],[80.55231,15.85798],[80.5551,15.86185],[80.5817,15.87079],[80.59235,15.87107],[80.6075,15.87909],[80.63279,15.88261],[80.63571,15.88725],[80.63839,15.87566],[80.57958,15.86422],[80.54554,15.85268]]],[[[80.53196,15.85175],[80.53249,15.85536],[80.53622,15.85473],[80.53196,15.85175]]],[[[80.32496,13.40208],[80.31679,13.40528],[80.31625,13.41005],[80.32125,13.41186],[80.32496,13.40208]]],[[[80.32171,13.43377],[80.3217,13.43738],[80.32487,13.43507],[80.32171,13.43377]]],[[[80.31034,13.45126],[80.3081,13.45357],[80.31059,13.45641],[80.31034,13.45126]]],[[[80.26937,15.67055],[80.2728,15.67906],[80.27414,15.67611],[80.26937,15.67055]]],[[[80.2638,15.66628],[80.263,15.6686],[80.26832,15.6681],[80.2638,15.66628]]],[[[80.20619,15.50287],[80.20406,15.50634],[80.21042,15.51035],[80.20619,15.50287]]],[[[80.18607,14.57679],[80.19134,14.58312],[80.19069,14.579],[80.18607,14.57679]]],[[[80.16651,14.57028],[80.17206,14.57339],[80.1718,14.57082],[80.16651,14.57028]]],[[[80.14283,13.54415],[80.13739,13.55431],[80.1413,13.56541],[80.13429,13.57453],[80.13427,13.58033],[80.12756,13.57928],[80.12649,13.58236],[80.13055,13.58818],[80.14793,13.59081],[80.14449,13.59544],[80.12616,13.60117],[80.12628,13.60349],[80.15129,13.61028],[80.16079,13.60567],[80.16598,13.58894],[80.15969,13.58093],[80.15425,13.5554],[80.14283,13.54415]]],[[[80.14162,13.7329],[80.14184,13.74527],[80.15737,13.75099],[80.14162,13.7329]]],[[[80.12546,13.61354],[80.11897,13.62099],[80.11455,13.64107],[80.12679,13.64575],[80.12637,13.65142],[80.12227,13.6545],[80.12802,13.66972],[80.12589,13.67306],[80.13598,13.69101],[80.14101,13.68317],[80.14547,13.65278],[80.14318,13.63035],[80.13692,13.61358],[80.12546,13.61354]]],[[[80.12896,13.59075],[80.12633,13.591],[80.12101,13.60528],[80.12815,13.59835],[80.12896,13.59075]]],[[[80.11375,13.64519],[80.1087,13.65703],[80.11529,13.65525],[80.11808,13.64882],[80.11375,13.64519]]],[[[80.10613,13.77761],[80.10373,13.78404],[80.1069,13.78225],[80.10613,13.77761]]],[[[80.10432,14.24297],[80.0998,14.25247],[80.10257,14.25377],[80.10432,14.24297]]],[[[80.10046,13.74332],[80.09358,13.75025],[80.09857,13.75491],[80.10293,13.75363],[80.10046,13.74332]]],[[[80.09114,14.23942],[80.08037,14.25523],[80.0782,14.26862],[80.08254,14.27418],[80.09286,14.27048],[80.099,14.2544],[80.09228,14.24909],[80.09244,14.24407],[80.09692,14.24731],[80.10009,14.24577],[80.09114,14.23942]]],[[[80.09807,13.67992],[80.09634,13.68378],[80.09832,13.68353],[80.09807,13.67992]]],[[[80.09171,13.68918],[80.09011,13.69458],[80.09315,13.6915],[80.09171,13.68918]]],[[[80.08721,14.81089],[80.0823,14.81409],[80.0824,14.82002],[80.08558,14.82158],[80.08837,14.8185],[80.08721,14.81089]]],[[[80.08466,13.73978],[80.08123,13.74016],[80.07989,13.74608],[80.08516,13.74661],[80.08466,13.73978]]],[[[80.08163,14.23887],[80.07355,14.24412],[80.08105,14.25098],[80.08515,14.24984],[80.08583,14.24572],[80.08163,14.23887]]],[[[79.98558,12.2442],[79.98661,12.24807],[79.99107,12.24822],[79.98558,12.2442]]],[[[79.87761,10.29838],[79.87838,10.30302],[79.88124,10.3038],[79.87761,10.29838]]],[[[79.83237,11.36461],[79.82765,11.37039],[79.83,11.37027],[79.83237,11.36461]]],[[[79.82375,11.36483],[79.81075,11.3823],[79.81191,11.38566],[79.81819,11.38465],[79.81399,11.38902],[79.8133,11.39855],[79.80964,11.39879],[79.81494,11.41196],[79.8253,11.36948],[79.82375,11.36483]]],[[[79.81122,11.42611],[79.79924,11.44797],[79.80032,11.4509],[79.81122,11.42611]]],[[[79.80915,11.42121],[79.80509,11.42506],[79.80639,11.42584],[79.80915,11.42121]]],[[[79.79191,11.42114],[79.78248,11.4278],[79.79086,11.42371],[79.79191,11.42114]]],[[[79.75329,10.28053],[79.75169,10.2898],[79.76004,10.28326],[79.75329,10.28053]]],[[[79.75097,10.27382],[79.74056,10.27507],[79.74211,10.27804],[79.75097,10.27382]]],[[[79.66975,10.2838],[79.52783,10.30612],[79.52509,10.30804],[79.52571,10.315],[79.53769,10.3121],[79.54848,10.31562],[79.54889,10.31176],[79.55775,10.30755],[79.66348,10.2897],[79.66255,10.29447],[79.66762,10.29539],[79.67176,10.30134],[79.67644,10.30071],[79.67594,10.29736],[79.68871,10.29135],[79.68246,10.29236],[79.68169,10.29017],[79.70904,10.28293],[79.70981,10.2868],[79.73483,10.27749],[79.72339,10.275],[79.66975,10.2838]]],[[[79.71439,10.3113],[79.70605,10.3141],[79.69826,10.31175],[79.68951,10.31777],[79.6951,10.32076],[79.70475,10.31539],[79.7162,10.31453],[79.71439,10.3113]]],[[[79.69048,10.30438],[79.68903,10.30978],[79.69295,10.30567],[79.69048,10.30438]]],[[[79.68007,10.30472],[79.67303,10.30675],[79.68188,10.30808],[79.68319,10.30589],[79.68007,10.30472]]],[[[79.62702,10.29703],[79.62207,10.29726],[79.62206,10.29945],[79.62702,10.29703]]],[[[79.621,10.30473],[79.61266,10.30624],[79.61161,10.30946],[79.62385,10.30822],[79.621,10.30473]]],[[[79.51752,9.10407],[79.51414,9.10663],[79.51854,9.10742],[79.51752,9.10407]]],[[[79.51736,10.32089],[79.50745,10.32497],[79.50848,10.32691],[79.51736,10.32089]]],[[[79.49966,10.32068],[79.49535,10.32363],[79.49765,10.33266],[79.50496,10.32779],[79.5042,10.32341],[79.49966,10.32068]]],[[[79.49444,10.32362],[79.48715,10.32462],[79.48792,10.32746],[79.49078,10.32863],[79.49444,10.32362]]],[[[79.40276,9.19661],[79.38714,9.20942],[79.38195,9.21004],[79.38272,9.21314],[79.40276,9.19661]]],[[[79.23528,9.2395],[79.23345,9.24336],[79.23811,9.24377],[79.23865,9.24068],[79.23528,9.2395]]],[[[79.20389,9.24154],[79.2013,9.24165],[79.20361,9.2454],[79.20904,9.24916],[79.21915,9.25063],[79.22124,9.24716],[79.20389,9.24154]]],[[[79.19901,9.23288],[79.18445,9.23925],[79.18574,9.2417],[79.19901,9.23288]]],[[[79.18107,9.24065],[79.17911,9.24399],[79.18235,9.24375],[79.18107,9.24065]]],[[[79.12961,9.21346],[79.12519,9.21472],[79.12699,9.21731],[79.13478,9.21581],[79.12961,9.21346]]],[[[79.0859,9.1921],[79.06043,9.20214],[79.0687,9.20773],[79.0721,9.20221],[79.08561,9.19713],[79.0859,9.1921]]],[[[78.96797,9.1836],[78.96613,9.18874],[78.96951,9.18722],[78.96797,9.1836]]],[[[78.96141,9.64059],[78.95777,9.64173],[78.95983,9.64419],[78.96141,9.64059]]],[[[78.90138,9.17768],[78.90007,9.18025],[78.90601,9.18376],[78.90861,9.18133],[78.9296,9.18441],[78.93143,9.18146],[78.9182,9.18216],[78.90138,9.17768]]],[[[78.82369,9.16396],[78.82778,9.17274],[78.82757,9.16527],[78.82369,9.16396]]],[[[78.57708,9.1007],[78.5706,9.10104],[78.57033,9.10362],[78.5765,9.11036],[78.57985,9.1127],[78.5874,9.10888],[78.57708,9.1007]]],[[[78.49218,9.08751],[78.49268,9.0897],[78.48853,9.08993],[78.49188,9.09278],[78.49501,9.09075],[78.49218,9.08751]]],[[[78.22596,8.86581],[78.22347,8.87017],[78.22528,8.87044],[78.22596,8.86581]]],[[[76.26853,9.99573],[76.26521,10.01018],[76.26987,10.00655],[76.26701,10.00605],[76.26853,9.99573]]],[[[76.24187,10.02586],[76.24409,10.02907],[76.24421,10.02624],[76.24187,10.02586]]],[[[76.24118,10.05086],[76.23368,10.06004],[76.24018,10.06182],[76.24366,10.05253],[76.24118,10.05086]]],[[[76.23063,10.0786],[76.23324,10.08156],[76.23453,10.07962],[76.23063,10.0786]]],[[[76.17878,10.18739],[76.19619,10.19006],[76.18681,10.18533],[76.17926,10.18471],[76.17878,10.18739]]],[[[75.93141,10.7933],[75.93481,10.79819],[75.95073,10.80536],[75.9455,10.79751],[75.93141,10.7933]]],[[[75.90708,10.85098],[75.90435,10.85318],[75.90657,10.85588],[75.90708,10.85098]]],[[[75.31749,12.00523],[75.31357,12.01104],[75.3243,12.00999],[75.31749,12.00523]]],[[[75.13851,12.2216],[75.13524,12.22663],[75.13852,12.2274],[75.13851,12.2216]]],[[[74.79118,13.09698],[74.79339,13.10957],[74.79484,13.10622],[74.79118,13.09698]]],[[[74.78053,13.07876],[74.7821,13.08817],[74.78474,13.07966],[74.78053,13.07876]]],[[[74.78168,13.10426],[74.784,13.10063],[74.77907,13.10002],[74.77841,13.10363],[74.78168,13.10426]]],[[[74.77869,13.08571],[74.77395,13.08945],[74.77828,13.09203],[74.77869,13.08571]]],[[[74.72042,13.63683],[74.71475,13.6394],[74.71567,13.64056],[74.72042,13.63683]]],[[[74.70128,13.64116],[74.69627,13.64373],[74.69943,13.6467],[74.70865,13.6449],[74.70944,13.64246],[74.70128,13.64116]]],[[[74.67662,13.66484],[74.67608,13.67321],[74.67871,13.67657],[74.67662,13.66484]]],[[[74.50763,14.03811],[74.50552,14.04094],[74.50816,14.04081],[74.50763,14.03811]]],[[[74.48263,14.00546],[74.47919,14.0088],[74.48289,14.00932],[74.48263,14.00546]]],[[[74.40328,14.47696],[74.39535,14.47706],[74.38502,14.48232],[74.37966,14.50537],[74.38362,14.50821],[74.3859,14.49843],[74.38814,14.49998],[74.41041,14.48071],[74.40328,14.47696]]],[[[74.39007,14.4737],[74.38317,14.48167],[74.39111,14.47705],[74.39007,14.4737]]],[[[74.32506,14.01254],[74.32478,14.01873],[74.32927,14.01719],[74.32994,14.01487],[74.32506,14.01254]]],[[[74.31798,14.60942],[74.3148,14.61212],[74.31744,14.61316],[74.31798,14.60942]]],[[[74.15715,14.73657],[74.1529,14.73964],[74.15528,14.7412],[74.15715,14.73657]]],[[[74.11976,14.75163],[74.11101,14.75404],[74.10821,14.75854],[74.11019,14.76074],[74.11976,14.75163]]],[[[74.10086,14.8407],[74.09754,14.84146],[74.09766,14.84507],[74.10086,14.8407]]],[[[73.95623,15.17013],[73.95409,15.17372],[73.9578,15.17374],[73.95623,15.17013]]],[[[73.9507,15.16237],[73.94563,15.16776],[73.94814,15.16932],[73.9507,15.16237]]],[[[73.79672,15.37234],[73.79326,15.37386],[73.79376,15.37773],[73.79828,15.37776],[73.79672,15.37234]]],[[[73.78252,15.3483],[73.77189,15.34992],[73.78115,15.35461],[73.78395,15.35217],[73.78252,15.3483]]],[[[73.76499,15.34949],[73.76153,15.35089],[73.76231,15.35347],[73.76499,15.34949]]],[[[73.67455,10.80489],[73.66241,10.80806],[73.6612,10.81733],[73.70238,10.81725],[73.70136,10.81299],[73.67455,10.80489]]],[[[73.66052,10.1267],[73.66292,10.1432],[73.6582,10.15297],[73.66157,10.15556],[73.66541,10.13934],[73.66052,10.1267]]],[[[73.64469,10.05667],[73.6413,10.05704],[73.63579,10.07016],[73.64072,10.07121],[73.64551,10.07793],[73.65319,10.10657],[73.6478,10.05835],[73.64469,10.05667]]],[[[73.5056,16.01015],[73.51436,16.01498],[73.51703,16.01345],[73.5056,16.01015]]],[[[73.49393,16.00441],[73.49736,16.00894],[73.49818,16.00637],[73.49393,16.00441]]],[[[73.48354,17.55534],[73.47961,17.55892],[73.48265,17.56486],[73.48354,17.55534]]],[[[73.46288,16.12846],[73.46602,16.13634],[73.46699,16.13146],[73.46288,16.12846]]],[[[73.46065,16.03856],[73.45795,16.04279],[73.46193,16.04423],[73.46065,16.03856]]],[[[73.45972,17.57833],[73.45085,17.57955],[73.45244,17.58124],[73.45972,17.57833]]],[[[73.44073,16.20081],[73.43963,16.20518],[73.44204,16.20468],[73.44073,16.20081]]],[[[73.43605,17.58317],[73.43569,17.5936],[73.43776,17.58743],[73.43605,17.58317]]],[[[73.3845,16.62007],[73.38181,16.6225],[73.38594,16.62305],[73.3845,16.62007]]],[[[73.34931,18.08051],[73.34176,18.08147],[73.34793,18.08449],[73.3519,18.09096],[73.35453,18.08403],[73.34931,18.08051]]],[[[73.04587,8.26578],[73.02413,8.26903],[73.01959,8.27158],[73.01917,8.27763],[73.02333,8.2725],[73.02851,8.27227],[73.04943,8.27765],[73.06127,8.29034],[73.07304,8.31719],[73.06728,8.30351],[73.06685,8.2865],[73.04587,8.26578]]],[[[73.05603,18.80732],[73.04788,18.81071],[73.05354,18.81244],[73.05603,18.80732]]],[[[73.05154,18.798],[73.04667,18.79898],[73.04621,18.80361],[73.04863,18.80466],[73.05154,18.798]]],[[[73.04118,18.80587],[73.03739,18.80609],[73.03625,18.81136],[73.04546,18.80965],[73.04118,18.80587]]],[[[73.02764,18.99264],[73.02593,18.99932],[73.02811,18.99883],[73.02764,18.99264]]],[[[73.00783,11.46774],[73.00231,11.49127],[72.9977,11.49639],[73.00372,11.49566],[73.0094,11.48565],[73.01159,11.47176],[73.00783,11.46774]]],[[[72.98334,18.96256],[72.986,18.96684],[72.98909,18.96477],[72.98334,18.96256]]],[[[72.96985,18.95971],[72.95465,18.9634],[72.95376,18.97022],[72.95696,18.9736],[72.97032,18.96551],[72.96985,18.95971]]],[[[72.94411,20.75674],[72.93871,20.76144],[72.9413,20.76237],[72.94628,20.75779],[72.94411,20.75674]]],[[[72.92872,21.66641],[72.92069,21.66953],[72.92615,21.6723],[72.94573,21.67022],[72.92872,21.66641]]],[[[72.93457,18.81373],[72.93686,18.8256],[72.9434,18.82143],[72.93457,18.81373]]],[[[72.93477,18.95211],[72.92523,18.9578],[72.92449,18.96294],[72.93885,18.97211],[72.94216,18.96725],[72.93477,18.95211]]],[[[72.91423,18.57666],[72.91107,18.58074],[72.9135,18.58077],[72.91423,18.57666]]],[[[72.90373,22.24477],[72.90008,22.2482],[72.91008,22.25438],[72.90988,22.24948],[72.90373,22.24477]]],[[[72.90324,21.67664],[72.90072,21.67957],[72.90886,21.67787],[72.90324,21.67664]]],[[[72.88826,21.66538],[72.86506,21.66985],[72.84968,21.67711],[72.85197,21.68049],[72.86814,21.68507],[72.8955,21.6786],[72.89996,21.6748],[72.90703,21.67433],[72.88826,21.66538]]],[[[72.8992,18.94051],[72.90208,18.95882],[72.90026,18.96344],[72.9027,18.96347],[72.90608,18.96007],[72.90182,18.95436],[72.8992,18.94051]]],[[[72.88672,22.23561],[72.88891,22.23763],[72.89574,22.23765],[72.88672,22.23561]]],[[[72.85003,20.75314],[72.84807,20.75621],[72.85052,20.75701],[72.85003,20.75314]]],[[[72.81695,19.49469],[72.80847,19.49948],[72.82441,19.50482],[72.81695,19.49469]]],[[[72.82246,21.03321],[72.81449,21.03401],[72.81467,21.04096],[72.82098,21.04027],[72.82246,21.03321]]],[[[72.82135,19.2659],[72.81674,19.26649],[72.82021,19.27],[72.82135,19.2659]]],[[[72.79168,20.92639],[72.78914,20.9315],[72.79627,20.93082],[72.79168,20.92639]]],[[[72.7932,21.0466],[72.79017,21.04734],[72.79226,21.05457],[72.7932,21.0466]]],[[[72.76069,11.17902],[72.77924,11.24291],[72.78644,11.25713],[72.79022,11.25793],[72.77736,11.21636],[72.76885,11.20368],[72.76069,11.17902]]],[[[72.72477,21.64444],[72.7198,21.64578],[72.71319,21.6547],[72.71375,21.66269],[72.72251,21.66551],[72.74909,21.65622],[72.74429,21.64612],[72.72477,21.64444]]],[[[72.7333,19.4593],[72.72857,19.46722],[72.73619,19.46577],[72.7333,19.4593]]],[[[72.71999,11.11239],[72.71671,11.11494],[72.71664,11.12447],[72.72168,11.1303],[72.73286,11.13515],[72.73111,11.12484],[72.71999,11.11239]]],[[[72.70683,11.68084],[72.71579,11.70345],[72.71667,11.69264],[72.70683,11.68084]]],[[[72.68886,21.09244],[72.67533,21.10731],[72.67442,21.12145],[72.6811,21.13312],[72.69031,21.14033],[72.70563,21.14324],[72.70826,21.14173],[72.70708,21.13837],[72.69624,21.12098],[72.6974,21.10761],[72.68886,21.09244]]],[[[72.70197,21.11359],[72.69995,21.12051],[72.70242,21.12055],[72.70197,21.11359]]],[[[72.67191,21.12425],[72.6666,21.13936],[72.66737,21.15147],[72.67664,21.15532],[72.69901,21.14598],[72.68737,21.14136],[72.67191,21.12425]]],[[[72.67195,21.10418],[72.66993,21.11058],[72.67193,21.11447],[72.67195,21.10418]]],[[[72.65388,21.06725],[72.64488,21.07318],[72.64677,21.075],[72.65388,21.06725]]],[[[72.6176,10.54074],[72.61549,10.54343],[72.62301,10.54709],[72.6388,10.57605],[72.64543,10.57726],[72.6503,10.57022],[72.64905,10.56248],[72.63,10.55229],[72.6176,10.54074]]],[[[72.36174,22.32976],[72.36603,22.3369],[72.36627,22.33163],[72.36174,22.32976]]],[[[72.358,21.59244],[72.34995,21.60401],[72.35197,21.60636],[72.35841,21.60003],[72.358,21.59244]]],[[[72.33094,10.12349],[72.3304,10.12657],[72.32584,10.12756],[72.3259,10.13619],[72.33076,10.12992],[72.33094,10.12349]]],[[[72.31476,10.94206],[72.3147,10.9485],[72.32472,10.95052],[72.31476,10.94206]]],[[[72.28695,10.93461],[72.28393,10.93703],[72.28569,10.94425],[72.28856,10.94376],[72.29097,10.93606],[72.28695,10.93461]]],[[[72.28254,10.03773],[72.28533,10.04586],[72.28807,10.04537],[72.28254,10.03773]]],[[[72.26595,22.13625],[72.26028,22.13666],[72.26093,22.13873],[72.26595,22.13625]]],[[[72.22376,21.99198],[72.22287,21.99505],[72.22674,21.9946],[72.22376,21.99198]]],[[[72.17186,10.8168],[72.18735,10.84527],[72.1939,10.86901],[72.19943,10.87653],[72.20645,10.87762],[72.17186,10.8168]]],[[[72.18935,11.59553],[72.18435,11.59921],[72.18616,11.60052],[72.18935,11.59553]]],[[[72.18285,22.06576],[72.18196,22.06896],[72.18811,22.07189],[72.18285,22.06576]]],[[[72.18379,21.99053],[72.1837,21.99515],[72.18756,21.99496],[72.18379,21.99053]]],[[[72.17495,21.99101],[72.17173,21.98672],[72.17096,21.99776],[72.18109,21.99434],[72.17495,21.99101]]],[[[72.16356,22.0505],[72.15904,22.05596],[72.17042,22.05242],[72.16356,22.0505]]],[[[72.16669,21.96283],[72.16424,21.96806],[72.16755,21.96786],[72.16669,21.96283]]],[[[72.16555,22.01992],[72.159,22.02997],[72.16444,22.02698],[72.16555,22.01992]]],[[[72.14509,21.96709],[72.14103,21.97023],[72.14163,21.97436],[72.15605,21.9705],[72.15693,21.96794],[72.14509,21.96709]]],[[[72.13643,21.9452],[72.14135,21.94734],[72.14083,21.94541],[72.13643,21.9452]]],[[[72.13071,21.96877],[72.12706,21.97205],[72.13693,21.97505],[72.13071,21.96877]]],[[[72.12995,21.97917],[72.12647,21.98078],[72.13192,21.98422],[72.12995,21.97917]]],[[[72.11727,21.92416],[72.11368,21.92474],[72.11638,21.92736],[72.11727,21.92416]]],[[[72.10806,21.95718],[72.10488,21.9642],[72.11035,21.96635],[72.11214,21.95995],[72.10806,21.95718]]],[[[72.10359,21.93292],[72.09279,21.93492],[72.09381,21.93931],[72.09772,21.93655],[72.10484,21.93899],[72.10359,21.93292]]],[[[71.83286,21.0853],[71.83075,21.08958],[71.83377,21.09004],[71.83286,21.0853]]],[[[71.79545,21.04913],[71.79308,21.05418],[71.79583,21.05465],[71.79545,21.04913]]],[[[71.53715,20.94588],[71.53722,20.94987],[71.56111,20.96932],[71.57394,20.97479],[71.58027,20.98421],[71.59294,20.9884],[71.59494,20.99274],[71.60433,20.99697],[71.60587,20.99129],[71.59926,20.97338],[71.60956,20.96717],[71.60267,20.9647],[71.59669,20.9675],[71.59359,20.96227],[71.57956,20.95914],[71.57866,20.95452],[71.56715,20.95379],[71.5638,20.95011],[71.54877,20.95252],[71.53715,20.94588]]],[[[71.58255,20.9892],[71.5733,21.00156],[71.57379,21.00606],[71.58256,21.00592],[71.59012,20.9995],[71.59125,20.99331],[71.58255,20.9892]]],[[[71.55018,20.9709],[71.54269,20.97372],[71.53467,20.99339],[71.55181,21.0024],[71.5542,20.99799],[71.56023,20.9979],[71.56285,20.99104],[71.56943,20.99158],[71.57312,20.99848],[71.57857,20.98913],[71.57138,20.97702],[71.55018,20.9709]]],[[[71.51618,20.90399],[71.50934,20.90422],[71.51661,20.9135],[71.52086,20.90546],[71.51618,20.90399]]],[[[71.01144,23.19004],[71.01328,23.19013],[71.0115,23.19004],[71.01144,23.19004]]],[[[70.99555,20.71948],[70.99037,20.72057],[70.99258,20.72235],[70.99555,20.71948]]],[[[70.94807,23.15921],[70.93955,23.16703],[70.94595,23.16695],[70.94807,23.15921]]],[[[70.86529,20.71747],[70.86149,20.71996],[70.86533,20.72069],[70.86529,20.71747]]],[[[70.82676,23.1622],[70.82388,23.16558],[70.82602,23.16916],[70.82676,23.1622]]],[[[70.80201,23.1639],[70.79388,23.18034],[70.80842,23.18532],[70.81515,23.16774],[70.80201,23.1639]]],[[[70.40626,23.17102],[70.40185,23.17531],[70.40274,23.18109],[70.40746,23.17989],[70.40437,23.17683],[70.40626,23.17102]]],[[[70.40046,23.17584],[70.39804,23.18435],[70.40013,23.18382],[70.40046,23.17584]]],[[[70.39592,23.1679],[70.39064,23.16872],[70.39667,23.17253],[70.39592,23.1679]]],[[[70.34445,22.83398],[70.34604,22.85379],[70.34938,22.85453],[70.35454,22.8707],[70.38366,22.90726],[70.38614,22.90595],[70.38233,22.88565],[70.3765,22.87309],[70.37234,22.87364],[70.37684,22.89291],[70.3594,22.87066],[70.36147,22.86962],[70.36374,22.87449],[70.37205,22.87236],[70.37116,22.8667],[70.38169,22.86404],[70.36877,22.82219],[70.34273,22.82859],[70.34445,22.83398]]],[[[70.36777,23.16467],[70.36697,23.16725],[70.37172,23.16966],[70.36777,23.16467]]],[[[70.35915,22.74775],[70.35697,22.75202],[70.36086,22.7525],[70.35915,22.74775]]],[[[70.34771,22.76986],[70.35231,22.78642],[70.3562,22.7869],[70.35516,22.77932],[70.34771,22.76986]]],[[[70.34447,22.75084],[70.34312,22.75458],[70.34617,22.75443],[70.34447,22.75084]]],[[[70.26695,22.71106],[70.26159,22.71702],[70.26484,22.72317],[70.27813,22.72075],[70.27723,22.71252],[70.26695,22.71106]]],[[[70.13411,22.98711],[70.13432,22.99573],[70.15924,23.03236],[70.19228,23.0262],[70.16286,23.03336],[70.16403,23.03928],[70.17044,23.0418],[70.17392,23.05825],[70.17841,23.06182],[70.18918,23.05273],[70.18774,23.04708],[70.19745,23.04495],[70.19971,23.04815],[70.21667,23.04815],[70.22143,23.03601],[70.22065,23.02598],[70.21731,23.02575],[70.21473,23.01804],[70.22287,23.01],[70.22543,22.98604],[70.21832,22.98327],[70.2178,22.98777],[70.21224,22.98756],[70.20847,23.00162],[70.21181,23.00185],[70.21142,23.00494],[70.19139,23.02002],[70.18708,23.00397],[70.17,23.00628],[70.16526,22.9883],[70.16178,22.98807],[70.16076,22.98293],[70.19352,22.97702],[70.19059,22.96057],[70.14591,22.96939],[70.14852,22.98224],[70.13411,22.98711]]],[[[70.09187,22.92048],[70.08604,22.92116],[70.08772,22.92346],[70.09661,22.92289],[70.11055,22.92794],[70.11164,22.92549],[70.09187,22.92048]]],[[[70.00405,22.57906],[70.0008,22.58886],[70.0033,22.59026],[70.00702,22.58676],[70.00405,22.57906]]],[[[69.9606,22.54894],[69.95693,22.55978],[69.9638,22.57055],[69.96377,22.56643],[69.95861,22.56208],[69.9606,22.54894]]],[[[69.95509,22.59454],[69.94933,22.60384],[69.95267,22.60485],[69.95735,22.60045],[69.95319,22.60022],[69.95345,22.59764],[69.95788,22.59723],[69.95509,22.59454]]],[[[69.9423,22.54866],[69.94841,22.55043],[69.9484,22.54876],[69.9423,22.54866]]],[[[69.92474,22.45042],[69.92103,22.45521],[69.92373,22.46523],[69.93087,22.45515],[69.92474,22.45042]]],[[[69.92207,22.46563],[69.9185,22.46964],[69.92224,22.46987],[69.92207,22.46563]]],[[[69.91897,22.45663],[69.91345,22.45937],[69.91349,22.4658],[69.91874,22.46346],[69.91897,22.45663]]],[[[69.90716,22.5154],[69.90107,22.51543],[69.89831,22.51802],[69.90716,22.5154]]],[[[69.67082,22.74814],[69.63922,22.75715],[69.63535,22.76077],[69.66487,22.75305],[69.67082,22.74814]]],[[[69.62462,22.78359],[69.59771,22.78846],[69.60356,22.79191],[69.60581,22.7977],[69.59333,22.80199],[69.58503,22.80897],[69.61939,22.79327],[69.62879,22.78512],[69.62462,22.78359]]],[[[69.62185,22.41351],[69.61798,22.41507],[69.62298,22.4184],[69.62185,22.41351]]],[[[69.6145,22.7548],[69.57817,22.76369],[69.561,22.77443],[69.55245,22.78849],[69.55772,22.78616],[69.56064,22.78821],[69.55936,22.78075],[69.57516,22.77271],[69.57542,22.76859],[69.58263,22.76779],[69.58123,22.76471],[69.61786,22.76148],[69.6145,22.7548]]],[[[69.60888,22.42399],[69.60779,22.42811],[69.61111,22.4281],[69.61165,22.42424],[69.60888,22.42399]]],[[[69.54935,22.77718],[69.5452,22.78054],[69.54716,22.78323],[69.55187,22.78026],[69.54935,22.77718]]],[[[69.54328,22.78466],[69.51942,22.79002],[69.54385,22.78891],[69.55022,22.78541],[69.54328,22.78466]]],[[[69.45145,22.29693],[69.45313,22.30452],[69.45438,22.30323],[69.45145,22.29693]]],[[[69.33294,22.37356],[69.32742,22.38168],[69.33144,22.38386],[69.33294,22.37356]]],[[[69.29685,22.45808],[69.29283,22.45886],[69.29617,22.46451],[69.29685,22.45808]]],[[[69.08547,22.42125],[69.08548,22.43232],[69.09657,22.4439],[69.09311,22.44828],[69.09381,22.46141],[69.12706,22.47568],[69.1423,22.47721],[69.14756,22.47399],[69.15047,22.46961],[69.1427,22.46163],[69.12262,22.46847],[69.1089,22.46192],[69.10736,22.43707],[69.0949,22.43116],[69.08547,22.42125]]],[[[68.95584,24.18861],[68.95753,24.19209],[68.95865,24.18887],[68.95584,24.18861]]],[[[68.94321,24.19916],[68.94602,24.202],[68.9463,24.19968],[68.94321,24.19916]]],[[[68.9452,24.15116],[68.94183,24.15424],[68.94519,24.15438],[68.9452,24.15116]]],[[[68.93398,24.14253],[68.92275,24.15166],[68.92906,24.15073],[68.93229,24.15437],[68.93341,24.1509],[68.9379,24.15025],[68.93903,24.14742],[68.93398,24.14253]]],[[[68.92751,24.17766],[68.9261,24.18101],[68.92975,24.18114],[68.92751,24.17766]]],[[[68.92388,24.14085],[68.9264,24.14613],[68.92795,24.1433],[68.92388,24.14085]]],[[[68.90775,24.14277],[68.89976,24.14328],[68.89764,24.151],[68.90031,24.15564],[68.91068,24.15899],[68.91125,24.14548],[68.90775,24.14277]]],[[[68.88969,24.09939],[68.86669,24.10619],[68.8657,24.11391],[68.86976,24.12447],[68.8821,24.12422],[68.88126,24.12667],[68.86807,24.1264],[68.86667,24.13116],[68.87143,24.13554],[68.89387,24.13491],[68.90748,24.12784],[68.88969,24.09939]]],[[[68.89552,24.17829],[68.89327,24.17919],[68.89607,24.18524],[68.90533,24.18846],[68.90085,24.17932],[68.89552,24.17829]]],[[[68.89667,24.14264],[68.8926,24.14534],[68.89274,24.15074],[68.89666,24.15152],[68.89667,24.14264]]],[[[68.87001,24.14905],[68.86735,24.14995],[68.87001,24.15279],[68.8745,24.15176],[68.87001,24.14905]]],[[[68.86136,24.10979],[68.85575,24.11043],[68.8535,24.11519],[68.85602,24.12343],[68.8647,24.13039],[68.86654,24.12138],[68.86136,24.10979]]],[[[68.85588,23.99806],[68.85027,23.99883],[68.85503,24.00682],[68.85277,24.01569],[68.8438,24.01813],[68.84492,24.02521],[68.85249,24.02162],[68.86061,24.02227],[68.86314,24.01918],[68.86174,24.01609],[68.86539,24.00966],[68.86204,24.00219],[68.85588,23.99806]]],[[[68.84533,23.91722],[68.84588,23.92109],[68.8491,23.92109],[68.84938,23.91852],[68.84533,23.91722]]],[[[68.84591,24.13552],[68.83805,24.1368],[68.84366,24.13912],[68.84591,24.13552]]],[[[68.83499,24.11787],[68.82951,24.12211],[68.83413,24.12778],[68.83188,24.13318],[68.83749,24.13409],[68.84269,24.12959],[68.84213,24.12213],[68.83499,24.11787]]],[[[68.82231,24.16303],[68.81949,24.17088],[68.8265,24.17102],[68.82651,24.16471],[68.82231,24.16303]]],[[[68.81471,24.17422],[68.80713,24.18078],[68.81723,24.17796],[68.81471,24.17422]]],[[[68.79543,23.95063],[68.79122,23.95667],[68.7957,23.95707],[68.79543,23.95063]]],[[[68.78887,24.19246],[68.7869,24.19517],[68.79027,24.19568],[68.78887,24.19246]]],[[[68.78409,24.19761],[68.77271,24.20338],[68.77229,24.20814],[68.78942,24.20135],[68.78409,24.19761]]],[[[68.7845,23.95332],[68.78225,23.95705],[68.78491,23.95834],[68.7845,23.95332]]],[[[68.77421,23.90941],[68.77071,23.91121],[68.77337,23.9134],[68.77421,23.90941]]],[[[68.74482,23.90358],[68.73781,23.91077],[68.74173,23.91142],[68.74482,23.90358]]],[[[68.70526,23.81688],[68.70749,23.81959],[68.70918,23.81715],[68.70526,23.81688]]],[[[68.65268,23.27552],[68.64542,23.28027],[68.64458,23.28439],[68.64876,23.28517],[68.65268,23.27552]]],[[[68.64212,23.26662],[68.63583,23.27304],[68.62978,23.29516],[68.63954,23.29364],[68.63927,23.28914],[68.63439,23.28977],[68.64212,23.26662]]],[[[68.61609,23.19201],[68.58416,23.22194],[68.58247,23.22734],[68.58898,23.23804],[68.59152,23.22762],[68.59766,23.22532],[68.59391,23.22093],[68.59629,23.2163],[68.60076,23.21271],[68.60828,23.21247],[68.60857,23.20784],[68.61694,23.20374],[68.62226,23.19178],[68.62728,23.18909],[68.63452,23.19143],[68.63718,23.18706],[68.63844,23.18307],[68.62339,23.18818],[68.61906,23.19345],[68.61609,23.19201]]],[[[68.63412,23.7413],[68.63355,23.74491],[68.63649,23.74414],[68.63412,23.7413]]],[[[68.6161,23.30131],[68.60491,23.31647],[68.60714,23.31738],[68.6161,23.30131]]],[[[68.60988,23.33141],[68.58922,23.34359],[68.57576,23.36531],[68.5875,23.35633],[68.58456,23.3625],[68.58803,23.36547],[68.59814,23.34348],[68.60121,23.34349],[68.60988,23.33141]]],[[[68.59976,23.72925],[68.60141,23.73839],[68.60533,23.7366],[68.59976,23.72925]]],[[[68.58162,23.71749],[68.58537,23.72548],[68.57727,23.72443],[68.58019,23.72855],[68.59193,23.73013],[68.58902,23.71983],[68.58162,23.71749]]],[[[68.57865,23.24625],[68.56722,23.24879],[68.54754,23.26097],[68.54166,23.26841],[68.53937,23.28463],[68.54248,23.27408],[68.54735,23.27564],[68.55351,23.26562],[68.56496,23.25754],[68.58336,23.25566],[68.58309,23.25218],[68.57445,23.25113],[68.57865,23.24625]]],[[[68.57554,23.26143],[68.56634,23.26282],[68.56465,23.269],[68.57107,23.26412],[68.58111,23.26247],[68.57554,23.26143]]],[[[68.57464,23.27906],[68.57032,23.28111],[68.57296,23.2824],[68.57464,23.27906]]],[[[68.56236,23.28585],[68.55355,23.29625],[68.55586,23.31274],[68.56236,23.28585]]],[[[68.54309,23.3786],[68.53806,23.38283],[68.54225,23.38169],[68.54309,23.3786]]],[[[68.53531,23.3715],[68.52998,23.38114],[68.5322,23.3832],[68.53471,23.38244],[68.53306,23.37729],[68.53836,23.37601],[68.53531,23.3715]]],[[[68.53355,23.31666],[68.53104,23.31665],[68.53325,23.32297],[68.53632,23.3222],[68.53355,23.31666]]],[[[68.52594,23.65271],[68.53207,23.65737],[68.53264,23.65505],[68.52594,23.65271]]],[[[68.52657,23.31857],[68.5228,23.32088],[68.52487,23.32616],[68.53227,23.32348],[68.52657,23.31857]]],[[[68.53198,23.3657],[68.52654,23.36826],[68.5233,23.37571],[68.53198,23.3657]]],[[[68.52745,23.38615],[68.52073,23.39218],[68.52084,23.40248],[68.52855,23.38989],[68.52745,23.38615]]],[[[68.51639,23.43593],[68.5154,23.44108],[68.51735,23.44108],[68.51639,23.43593]]],[[[68.51793,23.31932],[68.50231,23.32326],[68.50044,23.33754],[68.50363,23.34257],[68.50808,23.34374],[68.50727,23.33705],[68.51034,23.33654],[68.5098,23.33242],[68.51398,23.33166],[68.51052,23.3265],[68.51178,23.3229],[68.51793,23.31932]]],[[[68.51223,23.43103],[68.50593,23.43538],[68.50729,23.44594],[68.50938,23.44621],[68.51223,23.43103]]],[[[68.47608,23.4004],[68.46603,23.40281],[68.46937,23.40398],[68.47608,23.4004]]],[[[68.43676,23.39782],[68.41135,23.4039],[68.40966,23.40905],[68.41327,23.41086],[68.42252,23.40266],[68.43676,23.39782]]],[[[68.43043,23.50798],[68.42776,23.51234],[68.42912,23.52084],[68.43043,23.50798]]],[[[68.40853,23.41252],[68.39915,23.41956],[68.39869,23.42857],[68.4018,23.41906],[68.40853,23.41252]]],[[[68.40339,23.4376],[68.40017,23.44093],[68.40153,23.44918],[68.40339,23.4376]]],[[[68.2455,23.67966],[68.22585,23.69347],[68.23534,23.69647],[68.23482,23.68823],[68.2407,23.68762],[68.24073,23.68247],[68.2455,23.67966]]],[[[68.23768,23.58142],[68.22622,23.58239],[68.22453,23.58509],[68.23768,23.58142]]],[[[68.23226,23.69749],[68.23,23.70095],[68.23392,23.70046],[68.23226,23.69749]]],[[[68.22667,23.6972],[68.21082,23.70549],[68.19475,23.72806],[68.20021,23.7268],[68.20955,23.70857],[68.2188,23.70424],[68.22773,23.70583],[68.22667,23.6972]]],[[[68.21051,23.64087],[68.21551,23.64553],[68.21721,23.64232],[68.21051,23.64087]]],[[[68.20073,23.59578],[68.19611,23.59678],[68.19425,23.60424],[68.20073,23.59578]]],[[[68.19011,23.59611],[68.1859,23.59956],[68.18503,23.60522],[68.19011,23.59611]]]]}},{"type":"Feature","properties":{"ISO_A3":"","WB_A3":"","WB_NAME":"Aksai Chin","WB_REGION":"","STATUS":"non-determined","AREA_ID":"aksai-chin","CLAIMANTS":"IND,CHN"},"geometry":{"type":"MultiPolygon","coordinates":[[[[80.32496,35.47225],[80.30805,35.46232],[80.2853,35.45474],[80.28014,35.44401],[80.28489,35.39726],[80.28357,35.38244],[80.2724,35.36217],[80.27227,35.35366],[80.28273,35.34451],[80.28078,35.33385],[80.27576,35.32903],[80.27699,35.3158],[80.2726,35.30681],[80.27393,35.3029],[80.26515,35.2954],[80.29247,35.27246],[80.29429,35.26789],[80.28549,35.23291],[80.27739,35.22697],[80.27382,35.21651],[80.28497,35.21063],[80.28263,35.20341],[80.25632,35.20478],[80.24373,35.18312],[80.22153,35.17312],[80.22231,35.16332],[80.23406,35.15626],[80.23619,35.15118],[80.21745,35.13941],[80.20845,35.12312],[80.19548,35.12072],[80.19483,35.11799],[80.21737,35.00259],[80.21608,34.9927],[80.23294,34.99027],[80.23294,34.98617],[80.22473,34.97939],[80.22701,34.97065],[80.21271,34.96449],[80.21081,34.96101],[80.19789,34.9606],[80.19246,34.95744],[80.19207,34.95216],[80.18634,34.9466],[80.19739,34.9282],[80.20217,34.92676],[80.20604,34.91173],[80.203,34.90564],[80.21061,34.89505],[80.19744,34.88729],[80.16884,34.88044],[80.169,34.8744],[80.16203,34.86883],[80.13631,34.86851],[80.13572,34.85427],[80.12087,34.83873],[80.12292,34.83596],[80.12087,34.832],[80.11191,34.82686],[80.11076,34.80556],[80.10004,34.78388],[80.09865,34.77409],[80.0911,34.7684],[80.07837,34.77165],[80.07307,34.76971],[80.06645,34.75882],[80.07292,34.7458],[80.07833,34.74394],[80.07692,34.7358],[80.0795,34.73494],[80.07782,34.72391],[80.08101,34.71797],[80.07197,34.70438],[79.99383,34.69196],[79.97244,34.69972],[79.95265,34.6738],[79.94393,34.67603],[79.93021,34.69256],[79.91801,34.68825],[79.90677,34.69533],[79.8975,34.6959],[79.84921,34.67253],[79.83022,34.64653],[79.81628,34.64184],[79.8009,34.62935],[79.78655,34.62735],[79.78716,34.60576],[79.80181,34.58926],[79.80057,34.58359],[79.78881,34.57435],[79.7885,34.56356],[79.81095,34.53945],[79.80898,34.51764],[79.79376,34.4806],[79.77862,34.47911],[79.7632,34.47006],[79.75531,34.47244],[79.75215,34.47788],[79.72297,34.47176],[79.70378,34.48577],[79.6827,34.47844],[79.68634,34.47105],[79.68089,34.46002],[79.67365,34.45421],[79.66903,34.4557],[79.6546,34.45191],[79.64644,34.45551],[79.626,34.44984],[79.6135,34.45405],[79.60339,34.46582],[79.59274,34.46669],[79.58742,34.46115],[79.56194,34.45683],[79.54525,34.47808],[79.53819,34.48033],[79.53358,34.46899],[79.52199,34.45884],[79.51306,34.46235],[79.51267,34.45643],[79.50844,34.45248],[79.52417,34.44332],[79.53158,34.44308],[79.5272,34.42509],[79.53684,34.4123],[79.53049,34.40204],[79.54143,34.39589],[79.54172,34.38554],[79.55068,34.3799],[79.55387,34.37368],[79.55923,34.37215],[79.56344,34.34295],[79.56637,34.33359],[79.57344,34.3303],[79.57334,34.32106],[79.58489,34.31667],[79.58465,34.31099],[79.60303,34.30728],[79.60933,34.286],[79.61318,34.28276],[79.60717,34.27252],[79.60773,34.26215],[79.61243,34.25318],[79.60625,34.23736],[79.59076,34.24124],[79.57427,34.22862],[79.56138,34.21157],[79.54893,34.20703],[79.54673,34.20332],[79.53773,34.20383],[79.5247,34.19805],[79.51202,34.19953],[79.49019,34.19061],[79.49833,34.17149],[79.49371,34.16119],[79.49598,34.14976],[79.49037,34.1451],[79.49165,34.13304],[79.48851,34.12715],[79.46891,34.11565],[79.43913,34.11651],[79.42566,34.11291],[79.42331,34.10549],[79.4147,34.10071],[79.41789,34.09646],[79.41573,34.08954],[79.42018,34.08477],[79.41933,34.07942],[79.42733,34.07567],[79.42693,34.06629],[79.43039,34.06445],[79.42962,34.05993],[79.41907,34.05461],[79.42476,34.04553],[79.41,34.03645],[79.40614,34.03073],[79.40982,34.00963],[79.40389,34.00283],[79.3903,33.996],[79.37995,33.99928],[79.36408,33.99444],[79.35705,33.99542],[79.35286,34.00006],[79.34282,34.00073],[79.33874,34.00489],[79.33328,34.00369],[79.31664,34.01543],[79.30966,34.01054],[79.29872,34.00893],[79.29037,34.01689],[79.27816,34.01152],[79.2684,34.01842],[79.2487,34.02333],[79.23306,34.0118],[79.22497,34.01078],[79.19365,34.02497],[79.18222,34.02467],[79.1753,34.02405],[79.1696,34.02075],[79.16908,34.01675],[79.15069,34.00915],[79.14632,34.00585],[79.14739,33.99888],[79.14176,33.9954],[79.1284,33.9961],[79.10636,33.98956],[79.09351,33.99055],[79.03173,34.00964],[78.99958,34.03013],[78.9952,34.03683],[78.93645,34.02065],[78.9038,34.00325],[78.89796,33.98747],[78.88718,33.97274],[78.88844,33.96782],[78.93843,33.91036],[78.94227,33.89284],[78.94921,33.88142],[78.94999,33.86337],[78.96797,33.8172],[78.99207,33.79637],[79.00055,33.77337],[79.01087,33.76957],[79.01061,33.76405],[79.01377,33.76111],[79.02849,33.75407],[79.02701,33.7453],[79.00965,33.70959],[79.00782,33.69446],[79.00995,33.68742],[79.0355,33.66824],[79.06417,33.66631],[79.0681,33.659],[79.08201,33.6491],[79.0912,33.63533],[79.08298,33.62382],[79.08505,33.61948],[79.06122,33.62203],[79.0294,33.61984],[79.00345,33.60685],[78.98888,33.60984],[78.97716,33.60847],[78.95227,33.61748],[78.937,33.61326],[78.92989,33.61918],[78.90868,33.62117],[78.90463,33.60389],[78.89094,33.58993],[78.88886,33.57908],[78.88543,33.57619],[78.89195,33.57075],[78.90862,33.56551],[78.91388,33.55829],[78.93207,33.5508],[78.94253,33.52086],[78.94389,33.5079],[78.93144,33.48694],[78.92714,33.45805],[78.92761,33.43868],[78.9336,33.42881],[78.93056,33.42551],[78.93582,33.41891],[78.9315,33.41287],[78.93205,33.40721],[78.93808,33.40374],[78.93961,33.38984],[78.93677,33.38697],[78.92813,33.38916],[78.92329,33.39472],[78.9103,33.39976],[78.9024,33.41036],[78.89226,33.4138],[78.84485,33.41929],[78.84168,33.42603],[78.83555,33.42639],[78.83315,33.4342],[78.83705,33.43859],[78.81617,33.4594],[78.81053,33.47397],[78.8148,33.48308],[78.78389,33.50602],[78.76945,33.52727],[78.7584,33.53149],[78.75865,33.53841],[78.73263,33.56797],[78.74145,33.57704],[78.741,33.59918],[78.75338,33.61139],[78.75351,33.61792],[78.75792,33.62355],[78.75058,33.62786],[78.71767,33.62281],[78.72081,33.6351],[78.72972,33.64763],[78.76504,33.72717],[78.77508,33.73761],[78.77656,33.74497],[78.76327,33.759],[78.76253,33.77744],[78.75422,33.78413],[78.7654,33.83542],[78.75167,33.88515],[78.76228,33.88767],[78.76044,33.90036],[78.76444,33.90856],[78.76318,33.91472],[78.75117,33.9141],[78.74613,33.9197],[78.73083,33.9207],[78.72829,33.92471],[78.73586,33.94367],[78.73533,33.96062],[78.74282,33.97665],[78.7401,33.9791],[78.74199,33.98509],[78.73951,33.99127],[78.74231,33.99984],[78.73019,34.00763],[78.72586,34.01608],[78.70666,34.01812],[78.70155,34.02815],[78.69405,34.02459],[78.67734,34.02424],[78.66894,34.03215],[78.65614,34.03227],[78.65444,34.05435],[78.65919,34.05695],[78.66592,34.06836],[78.65747,34.07574],[78.6614,34.08542],[78.66945,34.09185],[78.6751,34.0903],[78.68463,34.07981],[78.69495,34.08304],[78.69246,34.08866],[78.70135,34.09412],[78.72897,34.08923],[78.74698,34.09133],[78.75155,34.09859],[78.75989,34.09948],[78.76033,34.10647],[78.76869,34.10809],[78.7763,34.11635],[78.78539,34.12006],[78.78616,34.12844],[78.79432,34.13791],[78.8295,34.12537],[78.83454,34.12816],[78.83545,34.13509],[78.84168,34.14218],[78.85721,34.14366],[78.85915,34.16082],[78.86253,34.16561],[78.87172,34.16583],[78.88292,34.15248],[78.89122,34.1475],[78.89929,34.14789],[78.90514,34.14079],[78.90865,34.14274],[78.90801,34.14897],[78.91221,34.15196],[78.92584,34.15426],[78.92557,34.16385],[78.92836,34.16693],[78.92359,34.17167],[78.93314,34.18729],[78.93207,34.19247],[78.93634,34.19597],[78.93532,34.20372],[78.94369,34.22519],[78.95051,34.2262],[78.96149,34.23627],[78.95909,34.24362],[78.96389,34.25075],[78.96485,34.26675],[78.96973,34.28044],[78.98542,34.29878],[78.9808,34.30471],[78.98032,34.31322],[78.99211,34.30992],[78.99609,34.31576],[79.00203,34.31735],[79.00791,34.31425],[79.02812,34.31668],[79.03803,34.32005],[79.04484,34.32643],[79.03977,34.33205],[79.03489,34.3318],[79.03532,34.33528],[79.00838,34.34536],[78.99789,34.35387],[78.98672,34.35473],[78.97198,34.36217],[78.96252,34.37517],[78.96448,34.38746],[78.9451,34.38867],[78.94252,34.38432],[78.93123,34.37955],[78.92652,34.36655],[78.90603,34.36551],[78.90422,34.35497],[78.88854,34.35851],[78.86755,34.37779],[78.87869,34.39113],[78.87831,34.39511],[78.8681,34.40322],[78.8618,34.40451],[78.85106,34.41531],[78.82463,34.41826],[78.81625,34.42221],[78.81337,34.42913],[78.80749,34.4298],[78.80438,34.43647],[78.78224,34.44264],[78.77634,34.43839],[78.76372,34.43997],[78.75745,34.44786],[78.74244,34.45278],[78.73889,34.45935],[78.75698,34.46578],[78.75471,34.47362],[78.76218,34.48056],[78.74874,34.48929],[78.71811,34.50068],[78.71429,34.5079],[78.71548,34.51574],[78.71233,34.51662],[78.71027,34.52544],[78.70453,34.52773],[78.68526,34.52736],[78.6831,34.53067],[78.66264,34.5342],[78.64547,34.54213],[78.63536,34.54266],[78.62257,34.53769],[78.61401,34.5398],[78.59179,34.52702],[78.59304,34.51602],[78.58741,34.50994],[78.58827,34.50711],[78.57974,34.50444],[78.57105,34.50985],[78.55945,34.51181],[78.56018,34.5159],[78.55541,34.52111],[78.56133,34.52665],[78.55654,34.53426],[78.56033,34.53935],[78.56064,34.55608],[78.55627,34.55637],[78.55134,34.56337],[78.55221,34.57165],[78.54039,34.57229],[78.53333,34.57719],[78.51374,34.57356],[78.50416,34.57757],[78.49857,34.58406],[78.49103,34.57941],[78.48301,34.58033],[78.47782,34.57429],[78.47868,34.57034],[78.47265,34.56761],[78.45862,34.56858],[78.451,34.55813],[78.45188,34.55138],[78.44584,34.54332],[78.43536,34.54196],[78.42615,34.56046],[78.43195,34.57404],[78.4303,34.58726],[78.42177,34.59466],[78.40841,34.59598],[78.38446,34.60701],[78.37077,34.60612],[78.36525,34.60887],[78.3573,34.60352],[78.33496,34.60405],[78.32991,34.61124],[78.31795,34.61435],[78.29554,34.61739],[78.28901,34.61564],[78.27349,34.62929],[78.26894,34.63673],[78.26658,34.65728],[78.2622,34.66019],[78.26248,34.66347],[78.27226,34.66788],[78.27284,34.67271],[78.27861,34.67703],[78.27487,34.68584],[78.27589,34.69553],[78.27119,34.7016],[78.26399,34.70252],[78.25933,34.70801],[78.24785,34.70895],[78.24117,34.71438],[78.21563,34.7166],[78.20943,34.71985],[78.20201,34.73538],[78.20391,34.75337],[78.20972,34.75862],[78.21295,34.76793],[78.22762,34.77356],[78.22649,34.78352],[78.23211,34.79999],[78.22552,34.81164],[78.23462,34.83933],[78.22893,34.85542],[78.23709,34.86772],[78.23618,34.88037],[78.22597,34.88917],[78.2049,34.89126],[78.20351,34.89635],[78.20779,34.90221],[78.206,34.90495],[78.19844,34.90837],[78.1962,34.91487],[78.17581,34.93012],[78.17227,34.93697],[78.17329,34.94085],[78.18535,34.94226],[78.20246,34.9561],[78.20154,34.97403],[78.1925,34.9761],[78.17594,34.98682],[78.15812,34.98832],[78.14494,35.00217],[78.14248,35.01065],[78.12921,35.01728],[78.12528,35.02591],[78.11719,35.03147],[78.11457,35.03693],[78.12748,35.04893],[78.13718,35.05197],[78.13357,35.05724],[78.13442,35.06217],[78.14639,35.07034],[78.13256,35.08805],[78.13531,35.09488],[78.13198,35.09954],[78.11316,35.10621],[78.11194,35.11647],[78.10248,35.12052],[78.10168,35.12875],[78.09827,35.13171],[78.10424,35.14325],[78.1018,35.15388],[78.10605,35.1641],[78.10245,35.16818],[78.08812,35.16652],[78.08963,35.17466],[78.08357,35.17684],[78.06506,35.17377],[78.05515,35.17821],[78.03833,35.201],[78.02872,35.20392],[78.02552,35.21298],[78.0145,35.21576],[78.01171,35.22789],[78.00688,35.23331],[78.00778,35.23895],[78.0024,35.24043],[78.0053,35.26538],[78.01128,35.27427],[78.014,35.36316],[78.04077,35.37723],[78.0544,35.39935],[78.10005,35.42999],[78.10788,35.43893],[78.1049,35.44735],[78.11066,35.46404],[78.10954,35.46851],[78.13757,35.49214],[78.11699,35.49264],[78.09616,35.49833],[78.08148,35.49253],[78.07682,35.49394],[78.06609,35.48677],[78.04687,35.49057],[78.03544,35.48321],[78.03634,35.47287],[78.02496,35.46888],[77.99908,35.49528],[77.99501,35.49123],[77.98732,35.4906],[77.98546,35.49584],[77.97149,35.49721],[77.96763,35.49434],[77.9687,35.48322],[77.96569,35.48039],[77.95537,35.48312],[77.95103,35.50243],[77.94228,35.50166],[77.93033,35.51364],[77.93396,35.52304],[77.9555,35.54816],[77.9555,35.55322],[77.96698,35.56817],[77.96909,35.58474],[77.95288,35.59637],[77.953,35.60027],[77.95749,35.59967],[77.96395,35.6047],[77.98096,35.59982],[78.00642,35.58438],[78.02064,35.5862],[78.0284,35.58316],[78.04035,35.58718],[78.05695,35.5727],[78.06563,35.57232],[78.07695,35.5591],[78.08108,35.54759],[78.09043,35.5427],[78.1041,35.55563],[78.1129,35.5492],[78.11972,35.55152],[78.1299,35.54553],[78.13776,35.5494],[78.14773,35.54803],[78.15619,35.55067],[78.16222,35.57392],[78.15774,35.58115],[78.16222,35.58716],[78.16077,35.59079],[78.16895,35.59811],[78.17608,35.59722],[78.18113,35.60049],[78.1807,35.60646],[78.17284,35.61263],[78.17267,35.61599],[78.1775,35.62417],[78.18401,35.62643],[78.18075,35.63469],[78.19708,35.64123],[78.19222,35.64651],[78.19613,35.64961],[78.19481,35.65751],[78.18145,35.66808],[78.187,35.67493],[78.21359,35.66533],[78.21815,35.65979],[78.25858,35.6462],[78.26686,35.65641],[78.2563,35.6684],[78.25468,35.68085],[78.26967,35.6951],[78.26934,35.71128],[78.27675,35.72468],[78.28295,35.72335],[78.28774,35.72728],[78.2941,35.7242],[78.30232,35.7271],[78.34064,35.71968],[78.36619,35.72476],[78.37225,35.72911],[78.38897,35.72726],[78.39516,35.73125],[78.40788,35.73076],[78.41745,35.73929],[78.42072,35.75146],[78.41705,35.76349],[78.41982,35.76861],[78.43164,35.7718],[78.4285,35.77473],[78.43079,35.77726],[78.43697,35.77732],[78.44013,35.781],[78.46052,35.77561],[78.46444,35.76377],[78.5045,35.77153],[78.51479,35.77039],[78.52104,35.76262],[78.53339,35.7623],[78.54748,35.77227],[78.55744,35.77292],[78.55905,35.7782],[78.57435,35.78726],[78.57711,35.79694],[78.58484,35.80176],[78.60969,35.81147],[78.62814,35.80727],[78.63018,35.81341],[78.65598,35.82225],[78.65984,35.82983],[78.65779,35.83268],[78.66578,35.83683],[78.66534,35.8427],[78.67244,35.85111],[78.69293,35.85052],[78.71471,35.85675],[78.72168,35.86329],[78.74975,35.85872],[78.75765,35.86322],[78.76602,35.86144],[78.79912,35.87035],[78.82232,35.86036],[78.82903,35.85868],[78.8386,35.86122],[78.84549,35.8559],[78.85955,35.85233],[78.8891,35.87025],[78.90352,35.86268],[78.92929,35.86978],[78.93147,35.87856],[78.9698,35.88584],[78.97576,35.88235],[78.99386,35.8453],[79.00392,35.84972],[79.01388,35.84769],[79.03305,35.83427],[79.05082,35.82831],[79.05871,35.8302],[79.07948,35.8251],[79.08184,35.82049],[79.09133,35.81971],[79.09933,35.81382],[79.10718,35.81649],[79.13473,35.81207],[79.15679,35.81425],[79.1681,35.80854],[79.17653,35.81043],[79.20926,35.8242],[79.20248,35.83452],[79.20597,35.8464],[79.19223,35.85775],[79.18945,35.88295],[79.17474,35.89552],[79.17399,35.91051],[79.18013,35.91972],[79.19048,35.92603],[79.19705,35.94723],[79.21804,35.97536],[79.25733,35.98553],[79.26351,35.99156],[79.27614,35.99246],[79.29899,35.98068],[79.31251,35.98318],[79.33736,35.97782],[79.34449,35.98739],[79.36613,35.98607],[79.40062,35.97385],[79.43641,35.97244],[79.44511,35.9642],[79.43773,35.93435],[79.45633,35.92491],[79.4645,35.91433],[79.46651,35.90317],[79.48064,35.89634],[79.48476,35.89108],[79.51305,35.88168],[79.54325,35.88285],[79.54515,35.87852],[79.53787,35.87224],[79.54065,35.86905],[79.64983,35.83384],[79.70312,35.82408],[79.70911,35.82079],[79.71568,35.80005],[79.72935,35.80684],[79.7483,35.81083],[79.77946,35.80573],[79.79238,35.80052],[79.80802,35.80705],[79.81333,35.79188],[79.82461,35.79056],[79.82472,35.78742],[79.83279,35.78135],[79.83057,35.77664],[79.83282,35.77293],[79.83768,35.77118],[79.86066,35.77782],[79.87319,35.77785],[79.88276,35.78485],[79.89817,35.78588],[79.91441,35.79306],[79.91902,35.80659],[79.94254,35.81872],[79.95021,35.81572],[79.95981,35.82154],[79.9888,35.82664],[80.02148,35.81943],[80.03298,35.79649],[80.04912,35.78888],[80.05547,35.77971],[80.05604,35.77125],[80.06607,35.76172],[80.06925,35.74363],[80.08699,35.73691],[80.09539,35.73062],[80.09641,35.72586],[80.10324,35.72314],[80.10853,35.7134],[80.11193,35.68833],[80.12352,35.67467],[80.12929,35.65962],[80.13333,35.6631],[80.16374,35.67063],[80.17135,35.66139],[80.17335,35.6524],[80.20034,35.66145],[80.21279,35.65655],[80.23393,35.65445],[80.24083,35.64498],[80.254,35.64048],[80.25931,35.62586],[80.2729,35.6181],[80.28404,35.59811],[80.28661,35.58715],[80.29586,35.58332],[80.29688,35.57127],[80.29363,35.56585],[80.2994,35.56065],[80.29813,35.5562],[80.30327,35.54995],[80.30471,35.54104],[80.30092,35.53594],[80.31118,35.53098],[80.32108,35.51432],[80.32622,35.4928],[80.32183,35.48238],[80.32496,35.47225]]]]}},{"type":"Feature","properties":{"ISO_A3":"","WB_A3":"","WB_NAME":"Chumar East","WB_REGION":"","STATUS":"non-determined","AREA_ID":"chumar-east","CLAIMANTS":"IND,CHN"},"geometry":{"type":"MultiPolygon","coordinates":[[[[78.73976,32.69549],[78.7224,32.67386],[78.68754,32.6635],[78.68051,32.65862],[78.66413,32.65731],[78.67696,32.66799],[78.68569,32.68197],[78.71037,32.69002],[78.7145,32.69505],[78.71441,32.7036],[78.72467,32.70415],[78.73072,32.70968],[78.74213,32.70906],[78.74602,32.70553],[78.73976,32.69549]]]]}},{"type":"Feature","properties":{"ISO_A3":"","WB_A3":"","WB_NAME":"Chumar West","WB_REGION":"","STATUS":"non-determined","AREA_ID":"chumar-west","CLAIMANTS":"IND,CHN"},"geometry":{"type":"MultiPolygon","coordinates":[[[[78.63173,32.63466],[78.64092,32.62094],[78.64111,32.61027],[78.63304,32.60492],[78.6004,32.60048],[78.58136,32.60562],[78.578,32.6131],[78.56938,32.61572],[78.57065,32.62358],[78.58043,32.62248],[78.57853,32.63641],[78.58389,32.64097],[78.60643,32.63777],[78.61967,32.63197],[78.63173,32.63466]]]]}},{"type":"Feature","properties":{"ISO_A3":"","WB_A3":"","WB_NAME":"Demchok","WB_REGION":"","STATUS":"non-determined","AREA_ID":"demchok","CLAIMANTS":"IND,CHN"},"geometry":{"type":"MultiPolygon","coordinates":[[[[79.276,32.55567],[79.26602,32.56208],[79.27227,32.56615],[79.28262,32.5828],[79.29003,32.58759],[79.29014,32.59943],[79.30589,32.60335],[79.29791,32.62032],[79.29094,32.62733],[79.29595,32.64019],[79.27897,32.65664],[79.27837,32.6644],[79.26961,32.67636],[79.26857,32.68364],[79.28408,32.69422],[79.28479,32.70248],[79.27906,32.70872],[79.28145,32.71423],[79.28734,32.71432],[79.29548,32.72213],[79.29639,32.72913],[79.29017,32.73193],[79.28998,32.74077],[79.28189,32.7509],[79.28279,32.75999],[79.27764,32.76365],[79.27412,32.78002],[79.25737,32.78902],[79.24362,32.79088],[79.23194,32.78433],[79.22378,32.78725],[79.22611,32.80289],[79.22341,32.80888],[79.22947,32.81476],[79.22826,32.82087],[79.23255,32.82387],[79.22503,32.83213],[79.23571,32.84849],[79.22799,32.85711],[79.2345,32.88016],[79.22549,32.89236],[79.23036,32.89819],[79.23194,32.90795],[79.21815,32.91918],[79.24199,32.94314],[79.23651,32.95028],[79.22563,32.95449],[79.2208,32.96257],[79.21494,32.96168],[79.2107,32.96576],[79.20325,32.96678],[79.20182,32.97962],[79.18965,32.98684],[79.17739,32.9836],[79.17473,32.98663],[79.176,32.99457],[79.16988,32.99816],[79.16628,33.0118],[79.16194,33.01378],[79.15646,33.00787],[79.15297,33.00964],[79.15295,33.02232],[79.14896,33.02548],[79.14002,33.02353],[79.13921,33.02735],[79.1436,33.02938],[79.14145,33.03271],[79.14418,33.10977],[79.15982,33.13663],[79.15365,33.16119],[79.16522,33.1707],[79.15219,33.18219],[79.17366,33.20212],[79.17465,33.21039],[79.18191,33.2111],[79.18318,33.21982],[79.1933,33.21809],[79.20071,33.20918],[79.20802,33.21123],[79.21707,33.23785],[79.22977,33.2329],[79.23854,33.23322],[79.24456,33.22486],[79.25121,33.22168],[79.25297,33.21631],[79.25866,33.21518],[79.2724,33.22094],[79.27255,33.21327],[79.27899,33.20721],[79.29573,33.20263],[79.30542,33.18887],[79.32189,33.18981],[79.33751,33.20424],[79.36204,33.19728],[79.37642,33.1975],[79.38576,33.20179],[79.40873,33.18879],[79.41295,33.17745],[79.41168,33.17172],[79.40565,33.16806],[79.39698,33.16939],[79.39227,33.15508],[79.39874,33.15115],[79.40021,33.14319],[79.39633,33.13742],[79.38999,33.13738],[79.36432,33.10587],[79.36827,33.08661],[79.36697,33.07948],[79.35814,33.06913],[79.35908,33.06302],[79.33767,33.05474],[79.32836,33.03446],[79.33767,33.02847],[79.34184,33.0147],[79.33859,33.00259],[79.33172,33.00082],[79.33917,32.98737],[79.34497,32.9827],[79.35103,32.98273],[79.35984,32.96967],[79.35815,32.96725],[79.36345,32.96342],[79.36122,32.9585],[79.35255,32.95446],[79.36432,32.93811],[79.38183,32.94581],[79.39894,32.94199],[79.39833,32.93154],[79.38947,32.91811],[79.43127,32.89122],[79.44631,32.89101],[79.45215,32.88863],[79.4557,32.87951],[79.46224,32.88205],[79.47132,32.87846],[79.46823,32.86006],[79.47193,32.84364],[79.46199,32.83852],[79.46045,32.83374],[79.46793,32.82905],[79.47018,32.82017],[79.47996,32.81232],[79.48119,32.80038],[79.48843,32.79459],[79.51893,32.77853],[79.545,32.7729],[79.54082,32.76437],[79.54923,32.76543],[79.55769,32.76043],[79.55399,32.75211],[79.54676,32.74846],[79.54742,32.73944],[79.54405,32.73113],[79.54873,32.72199],[79.55518,32.72057],[79.56199,32.7135],[79.55121,32.70598],[79.54508,32.70738],[79.54063,32.7033],[79.53856,32.68285],[79.54836,32.67659],[79.5389,32.67119],[79.53728,32.66547],[79.52464,32.65155],[79.50277,32.64284],[79.47831,32.61878],[79.46895,32.61646],[79.46374,32.60678],[79.45352,32.60397],[79.45324,32.59647],[79.44573,32.58793],[79.44515,32.58201],[79.43967,32.57981],[79.43634,32.56878],[79.42771,32.56107],[79.42828,32.55472],[79.43558,32.55078],[79.43356,32.54234],[79.41384,32.54018],[79.41823,32.52737],[79.41313,32.51982],[79.40666,32.51897],[79.39825,32.52567],[79.38418,32.52608],[79.36589,32.5325],[79.35536,32.52643],[79.34996,32.52896],[79.33515,32.54041],[79.33477,32.54998],[79.33942,32.55225],[79.33108,32.56541],[79.32426,32.55985],[79.31104,32.55987],[79.30767,32.55621],[79.30814,32.5511],[79.29252,32.53995],[79.2848,32.54452],[79.28299,32.55132],[79.276,32.55567]]]]}},{"type":"Feature","properties":{"ISO_A3":"","WB_A3":"","WB_NAME":"Jadh Ganga Valley","WB_REGION":"","STATUS":"non-determined","AREA_ID":"jadh-ganga-valley","CLAIMANTS":"IND,CHN"},"geometry":{"type":"MultiPolygon","coordinates":[[[[79.41238,31.07234],[79.40226,31.06837],[79.38941,31.06814],[79.3847,31.06319],[79.38457,31.05541],[79.37636,31.05368],[79.36676,31.03857],[79.35293,31.0307],[79.34376,31.03171],[79.32372,31.02597],[79.30946,31.01485],[79.30799,31.00512],[79.32866,30.99847],[79.33093,30.99448],[79.32299,30.9828],[79.32899,30.97424],[79.32913,30.96845],[79.31673,30.95877],[79.31124,30.95956],[79.30102,30.9679],[79.29056,30.96845],[79.25338,30.9516],[79.23907,30.94958],[79.2315,30.95479],[79.22584,30.952],[79.22017,30.95511],[79.21718,30.96344],[79.21186,30.96554],[79.20913,30.97167],[79.21332,30.98142],[79.20489,30.9917],[79.20554,31.00215],[79.18012,31.01754],[79.16861,31.0175],[79.15141,31.00187],[79.1304,31.0073],[79.11704,30.99762],[79.09412,30.99484],[79.08933,31.00364],[79.0713,31.0138],[79.0703,31.01968],[79.05207,31.0354],[79.03012,31.03909],[79.02471,31.04451],[79.00907,31.04193],[78.99835,31.05746],[78.99238,31.05968],[78.99428,31.06592],[78.99024,31.07111],[78.9929,31.08258],[78.99131,31.09258],[78.97329,31.10819],[78.97061,31.11991],[78.98289,31.14268],[78.9923,31.14943],[78.99019,31.15409],[78.99229,31.16497],[78.98759,31.17425],[78.95884,31.18702],[78.95961,31.19176],[78.9488,31.19999],[78.94579,31.20788],[78.95049,31.21434],[78.94904,31.21757],[78.93182,31.21724],[78.92761,31.22148],[78.92382,31.2265],[78.91912,31.24884],[78.88827,31.26816],[78.88339,31.28619],[78.89959,31.28977],[78.90182,31.29439],[78.89745,31.30253],[78.90591,31.30924],[78.91273,31.30989],[78.91757,31.31561],[78.91768,31.32184],[78.9251,31.32715],[78.93225,31.34204],[78.93863,31.34538],[78.94513,31.36627],[78.96876,31.35696],[78.97976,31.36366],[78.98914,31.35629],[78.98665,31.35008],[78.99028,31.34616],[79.00047,31.34185],[79.01741,31.3476],[79.01742,31.35668],[79.0208,31.35928],[79.01568,31.36288],[79.00953,31.37988],[79.01802,31.39093],[79.01596,31.41071],[79.01898,31.42676],[79.04067,31.43336],[79.04464,31.43329],[79.0499,31.42565],[79.05381,31.42946],[79.06123,31.42994],[79.06979,31.44198],[79.0694,31.45119],[79.07529,31.45885],[79.08627,31.44935],[79.09868,31.45465],[79.10613,31.44981],[79.10802,31.44479],[79.14173,31.43583],[79.14554,31.42162],[79.16273,31.40032],[79.17029,31.39893],[79.17719,31.386],[79.16871,31.37431],[79.171,31.36297],[79.19191,31.35463],[79.21355,31.35389],[79.21739,31.34705],[79.22525,31.34554],[79.23638,31.33435],[79.22572,31.32729],[79.22027,31.31619],[79.22934,31.30318],[79.25027,31.2929],[79.2492,31.2846],[79.242,31.27212],[79.23153,31.26837],[79.22654,31.26042],[79.26656,31.23757],[79.28256,31.2389],[79.28623,31.23621],[79.28887,31.22637],[79.30089,31.21902],[79.30922,31.17322],[79.30495,31.16788],[79.30869,31.16434],[79.31281,31.14807],[79.32579,31.13542],[79.33904,31.13267],[79.34241,31.12682],[79.35216,31.12242],[79.36489,31.12386],[79.36778,31.11813],[79.37725,31.11342],[79.39358,31.11738],[79.40767,31.11343],[79.41634,31.09951],[79.4167,31.08163],[79.41238,31.07234]]]]}},{"type":"Feature","properties":{"ISO_A3":"","WB_A3":"","WB_NAME":"Karakoram Range","WB_REGION":"","STATUS":"non-determined","AREA_ID":"karakoram-range","CLAIMANTS":"IND,CHN"},"geometry":{"type":"MultiPolygon","coordinates":[[[[77.33846,35.52237],[77.32838,35.53399],[77.31951,35.53871],[77.3144,35.53704],[77.30418,35.54562],[77.29798,35.54057],[77.29362,35.54394],[77.2831,35.53751],[77.27357,35.53599],[77.26371,35.53983],[77.2504,35.53101],[77.23181,35.5297],[77.20696,35.51954],[77.19031,35.52194],[77.1707,35.53522],[77.14793,35.53898],[77.13752,35.55106],[77.12851,35.55597],[77.12167,35.55539],[77.10988,35.56459],[77.09151,35.56796],[77.06935,35.59392],[77.05835,35.5992],[77.03106,35.59949],[77.01063,35.60999],[77.00191,35.60853],[76.99333,35.61129],[76.98331,35.59788],[76.97233,35.60088],[76.96527,35.59429],[76.93108,35.61074],[76.90977,35.6146],[76.89981,35.61906],[76.89907,35.625],[76.8815,35.63983],[76.8618,35.6507],[76.85387,35.66859],[76.84467,35.6755],[76.83795,35.66822],[76.82237,35.66594],[76.81312,35.66964],[76.80356,35.66345],[76.79285,35.66386],[76.78947,35.65985],[76.76556,35.65998],[76.75628,35.66791],[76.7583,35.68052],[76.74565,35.68648],[76.7434,35.6942],[76.7333,35.69791],[76.72534,35.71068],[76.70441,35.72427],[76.69608,35.72493],[76.6922,35.7424],[76.69398,35.74588],[76.6898,35.75021],[76.67782,35.75557],[76.66968,35.75397],[76.64627,35.75741],[76.6492,35.76378],[76.6405,35.77031],[76.62689,35.76943],[76.61638,35.76256],[76.60171,35.77194],[76.58694,35.77475],[76.58545,35.77889],[76.59244,35.78314],[76.57858,35.79709],[76.57499,35.80524],[76.56392,35.81377],[76.56567,35.81809],[76.56003,35.82235],[76.58697,35.84543],[76.58325,35.86288],[76.57275,35.87041],[76.58703,35.88326],[76.59958,35.90133],[76.58676,35.90992],[76.58331,35.92127],[76.56716,35.92533],[76.56085,35.92196],[76.54927,35.92819],[76.54402,35.92452],[76.54264,35.90982],[76.5468,35.90255],[76.53067,35.89611],[76.51833,35.88431],[76.51325,35.88178],[76.50988,35.88547],[76.48994,35.89007],[76.48444,35.88824],[76.46989,35.89098],[76.45626,35.88421],[76.4479,35.87412],[76.44558,35.86536],[76.42805,35.85368],[76.42337,35.85576],[76.40433,35.85332],[76.39138,35.85975],[76.36281,35.86356],[76.36277,35.86092],[76.35148,35.85524],[76.3565,35.84645],[76.35434,35.83657],[76.35837,35.82847],[76.33827,35.83039],[76.32448,35.83645],[76.30867,35.83169],[76.30134,35.84223],[76.29574,35.84368],[76.26542,35.83921],[76.22501,35.84253],[76.22308,35.83329],[76.21774,35.8271],[76.19261,35.82268],[76.17685,35.82372],[76.16997,35.82048],[76.14586,35.83585],[76.14121,35.84857],[76.15464,35.86609],[76.1491,35.87488],[76.1533,35.88129],[76.14792,35.89166],[76.15895,35.90853],[76.16027,35.91936],[76.14762,35.93116],[76.14389,35.94132],[76.13781,35.94758],[76.13729,35.95364],[76.10681,35.97583],[76.10292,35.99407],[76.09745,35.99665],[76.0997,36.00856],[76.10363,36.01223],[76.09954,36.01762],[76.08024,36.02373],[76.04403,36.02512],[76.03827,36.02284],[76.03054,36.02609],[76.02158,36.02084],[76.00219,36.01953],[75.98566,36.02962],[75.97642,36.03161],[75.9769,36.03492],[75.95767,36.04596],[75.94947,36.05943],[75.9521,36.06606],[75.94259,36.07005],[75.94464,36.07566],[75.95387,36.07869],[75.945,36.08806],[75.94275,36.10029],[75.93847,36.10393],[75.94994,36.11245],[75.94833,36.11755],[75.9338,36.12604],[75.93326,36.13627],[75.95098,36.14072],[75.96852,36.14963],[75.96373,36.15733],[75.9677,36.16236],[75.98225,36.16458],[75.98607,36.16196],[75.99576,36.16614],[76.00411,36.16437],[76.01121,36.17117],[76.02421,36.17142],[76.01466,36.17727],[76.01054,36.17607],[76.00412,36.1868],[76.01142,36.19245],[76.00668,36.19914],[76.01002,36.21351],[76.00653,36.21628],[76.00777,36.22527],[76.00396,36.23172],[76.028,36.23567],[76.03912,36.22614],[76.05918,36.22369],[76.06235,36.23515],[76.05804,36.24474],[76.04785,36.2508],[76.03924,36.26393],[76.02551,36.27096],[76.01777,36.29996],[75.99477,36.30776],[75.99596,36.32379],[75.99274,36.33395],[75.98591,36.3397],[75.98501,36.35083],[75.99434,36.3548],[75.99787,36.36057],[76.00509,36.38586],[76.0262,36.39119],[76.03595,36.40801],[76.0312,36.41359],[76.02715,36.43128],[76.02119,36.43744],[76.00871,36.47087],[75.98946,36.49012],[75.98784,36.50577],[75.9851,36.50946],[75.97603,36.50773],[75.96904,36.51139],[75.96248,36.52182],[75.96379,36.5331],[75.94978,36.53962],[75.94154,36.5543],[75.93598,36.55931],[75.92652,36.56068],[75.92312,36.56545],[75.92483,36.57263],[75.94163,36.58671],[75.94575,36.59515],[75.94551,36.60275],[75.95306,36.59734],[75.96584,36.57998],[75.96616,36.57081],[75.97747,36.56581],[75.99061,36.55234],[75.99255,36.54492],[76.00328,36.53775],[76.01614,36.53731],[76.02303,36.52602],[76.04541,36.5238],[76.05624,36.5179],[76.06841,36.49963],[76.07778,36.49659],[76.08479,36.48948],[76.08873,36.47624],[76.10955,36.46637],[76.11395,36.45178],[76.12072,36.44675],[76.14452,36.44289],[76.14987,36.43935],[76.14944,36.43521],[76.15661,36.42409],[76.16985,36.41732],[76.17088,36.40939],[76.17593,36.40467],[76.18438,36.40254],[76.18773,36.39231],[76.19826,36.38925],[76.19799,36.37768],[76.2022,36.37513],[76.21397,36.37637],[76.2215,36.35888],[76.22782,36.35744],[76.23141,36.35071],[76.24517,36.35414],[76.26036,36.34827],[76.26325,36.35705],[76.27391,36.35786],[76.29239,36.36784],[76.2962,36.36251],[76.30434,36.36012],[76.36121,36.34985],[76.39406,36.32497],[76.42819,36.31611],[76.43888,36.30689],[76.44454,36.28623],[76.45258,36.27898],[76.45032,36.26932],[76.45278,36.2552],[76.47301,36.24727],[76.4819,36.23739],[76.48333,36.22747],[76.5526,36.20719],[76.57021,36.20649],[76.57337,36.20352],[76.5659,36.1907],[76.59347,36.18288],[76.60032,36.17609],[76.62463,36.18359],[76.63523,36.19421],[76.64702,36.19896],[76.65118,36.19663],[76.65133,36.18879],[76.6549,36.18446],[76.66261,36.18164],[76.66355,36.17178],[76.66874,36.16441],[76.68524,36.16114],[76.68868,36.15527],[76.69548,36.15293],[76.69643,36.14171],[76.71002,36.13222],[76.70964,36.12266],[76.7385,36.10668],[76.75533,36.10573],[76.76833,36.09068],[76.78174,36.08798],[76.78549,36.0745],[76.79121,36.06872],[76.78569,36.06121],[76.7883,36.05626],[76.78467,36.04136],[76.8028,36.02614],[76.80539,36.01883],[76.80127,36.01248],[76.80733,36.00565],[76.80137,35.99801],[76.79236,35.99898],[76.79017,35.99403],[76.76863,35.99436],[76.75935,35.98224],[76.7398,35.97501],[76.73401,35.96829],[76.7583,35.94731],[76.76705,35.92998],[76.79917,35.89565],[76.80852,35.87551],[76.80695,35.85788],[76.8127,35.85296],[76.83689,35.84579],[76.84043,35.84052],[76.8508,35.83632],[76.8616,35.83821],[76.87506,35.82981],[76.8878,35.82657],[76.90554,35.80784],[76.91973,35.80937],[76.93829,35.80009],[76.97084,35.79136],[77.00552,35.77761],[77.04652,35.77038],[77.0625,35.78756],[77.072,35.79299],[77.10291,35.79239],[77.11934,35.78138],[77.1308,35.78153],[77.15311,35.77158],[77.17015,35.76827],[77.17573,35.74761],[77.20206,35.73513],[77.21371,35.73878],[77.22574,35.73713],[77.24119,35.72011],[77.25597,35.71074],[77.26491,35.71239],[77.2845,35.70673],[77.28512,35.72436],[77.2922,35.72334],[77.29457,35.71601],[77.32177,35.70059],[77.34239,35.7219],[77.35017,35.72281],[77.36231,35.72048],[77.36808,35.70813],[77.37628,35.70825],[77.38666,35.70326],[77.40245,35.70963],[77.40606,35.70286],[77.40503,35.69588],[77.41727,35.68687],[77.40912,35.68107],[77.41418,35.67081],[77.41294,35.66426],[77.44369,35.64948],[77.44902,35.6319],[77.45406,35.62827],[77.45433,35.62315],[77.45075,35.61934],[77.43337,35.62275],[77.42313,35.61674],[77.4273,35.61178],[77.43374,35.61097],[77.44074,35.60276],[77.45249,35.60282],[77.4531,35.59987],[77.46067,35.59806],[77.46204,35.58484],[77.45692,35.57752],[77.46607,35.56855],[77.47917,35.56604],[77.47655,35.55953],[77.48174,35.55324],[77.48157,35.54867],[77.47375,35.54005],[77.47834,35.53423],[77.46827,35.51804],[77.45039,35.52561],[77.43758,35.52044],[77.43383,35.51458],[77.42994,35.51519],[77.42352,35.52365],[77.41527,35.52672],[77.40542,35.52543],[77.4011,35.5285],[77.40456,35.53785],[77.39803,35.54292],[77.39111,35.54235],[77.37929,35.5533],[77.36348,35.55836],[77.35427,35.55511],[77.35101,35.54947],[77.35558,35.54029],[77.36175,35.53675],[77.34672,35.52278],[77.33846,35.52237]]]]}},{"type":"Feature","properties":{"ISO_A3":"","WB_A3":"","WB_NAME":"Kauirik","WB_REGION":"","STATUS":"non-determined","AREA_ID":"kauirik","CLAIMANTS":"IND,CHN"},"geometry":{"type":"MultiPolygon","coordinates":[[[[78.7634,31.94769],[78.73799,31.95588],[78.7354,31.96843],[78.71673,31.97702],[78.70384,31.99078],[78.65598,32.00375],[78.64036,32.01386],[78.6254,32.01997],[78.61022,32.02173],[78.60424,32.02767],[78.59848,32.02823],[78.59406,32.04201],[78.6062,32.05296],[78.60349,32.06349],[78.59603,32.0678],[78.5885,32.06605],[78.56815,32.07964],[78.56547,32.09412],[78.55979,32.09977],[78.52557,32.1181],[78.51882,32.12548],[78.50884,32.14981],[78.49656,32.14707],[78.49128,32.14049],[78.47193,32.13524],[78.46773,32.12921],[78.45615,32.13566],[78.45363,32.14214],[78.45592,32.14693],[78.4464,32.1509],[78.44479,32.15542],[78.4493,32.16042],[78.44498,32.17375],[78.44056,32.17705],[78.44528,32.18404],[78.44089,32.19546],[78.43296,32.19769],[78.4284,32.20503],[78.43061,32.21226],[78.44345,32.21766],[78.4527,32.22901],[78.47297,32.23593],[78.4739,32.24342],[78.48377,32.2475],[78.48312,32.25546],[78.48947,32.26015],[78.4881,32.26673],[78.49438,32.27599],[78.52031,32.26219],[78.5253,32.24648],[78.53828,32.23703],[78.54319,32.22258],[78.55278,32.21502],[78.55795,32.20382],[78.58013,32.20379],[78.59677,32.19772],[78.60047,32.17564],[78.59085,32.16894],[78.59688,32.15804],[78.62686,32.13789],[78.63079,32.126],[78.64056,32.12456],[78.65658,32.11609],[78.67346,32.11713],[78.67467,32.114],[78.68261,32.11444],[78.69389,32.09372],[78.68451,32.07897],[78.69151,32.07037],[78.70575,32.06464],[78.71051,32.04948],[78.72202,32.0396],[78.72105,32.0294],[78.72752,32.01701],[78.73334,32.01377],[78.73461,32.0043],[78.73807,32.00193],[78.76325,32.00285],[78.77963,31.99362],[78.77389,31.98523],[78.7761,31.97597],[78.77369,31.97364],[78.7789,31.96589],[78.76487,31.95894],[78.7634,31.94769]]]]}},{"type":"Feature","properties":{"ISO_A3":"","WB_A3":"","WB_NAME":"Lapthal","WB_REGION":"","STATUS":"non-determined","AREA_ID":"lapthal","CLAIMANTS":"IND,CHN"},"geometry":{"type":"MultiPolygon","coordinates":[[[[80.20835,30.58812],[80.19967,30.58859],[80.17109,30.57534],[80.15374,30.57449],[80.13364,30.5569],[80.10965,30.56366],[80.10187,30.57118],[80.08933,30.5702],[80.08403,30.57491],[80.07403,30.59502],[80.04265,30.59766],[80.03896,30.6091],[80.02918,30.61617],[80.03563,30.62034],[80.02997,30.62909],[80.03375,30.63383],[80.03194,30.63711],[80.02188,30.63978],[80.01498,30.64837],[80.01597,30.65888],[80.01308,30.66592],[80.00796,30.66681],[80.00136,30.67599],[79.98961,30.68084],[79.96846,30.68425],[79.96085,30.69355],[79.96337,30.70421],[79.97274,30.70521],[79.97309,30.71561],[79.96548,30.72959],[79.9509,30.74294],[79.94983,30.7513],[79.95872,30.75805],[79.95044,30.77179],[79.95845,30.77782],[79.94516,30.7809],[79.94534,30.78743],[79.93814,30.7916],[79.92864,30.79143],[79.9106,30.80114],[79.89447,30.80279],[79.88923,30.81352],[79.89326,30.81769],[79.90642,30.81738],[79.90995,30.83681],[79.89228,30.84653],[79.88863,30.85894],[79.88027,30.86276],[79.86284,30.86062],[79.83638,30.85043],[79.82571,30.85071],[79.82108,30.85509],[79.81728,30.86923],[79.81183,30.8711],[79.80523,30.87909],[79.79873,30.89122],[79.79941,30.89667],[79.7824,30.91089],[79.76922,30.9289],[79.77039,30.93383],[79.76299,30.9351],[79.75192,30.94693],[79.74427,30.94231],[79.73408,30.94254],[79.71019,30.95358],[79.70267,30.96098],[79.70073,30.97073],[79.7108,30.97677],[79.71659,30.97483],[79.73551,30.97962],[79.74766,31.00199],[79.75285,31.00571],[79.77609,30.98628],[79.79222,30.98669],[79.7977,30.97842],[79.80762,30.97985],[79.81467,30.97255],[79.83781,30.97113],[79.85756,30.97542],[79.87511,30.96619],[79.88074,30.95672],[79.88375,30.93987],[79.88858,30.93717],[79.88825,30.91854],[79.90827,30.91476],[79.927,30.88994],[79.92979,30.88088],[79.93399,30.87921],[79.94164,30.88417],[79.95003,30.88282],[79.96159,30.88849],[79.9694,30.88043],[79.98889,30.87683],[79.99656,30.86588],[80.00935,30.8638],[80.03296,30.84044],[80.04229,30.83695],[80.04955,30.84322],[80.0546,30.84245],[80.057,30.83318],[80.07421,30.82043],[80.08768,30.79625],[80.10127,30.79025],[80.11251,30.77969],[80.127,30.78003],[80.13118,30.7869],[80.14016,30.78826],[80.14451,30.79228],[80.15479,30.79027],[80.15637,30.80438],[80.16059,30.80802],[80.17652,30.8074],[80.18694,30.79005],[80.20162,30.77811],[80.19699,30.76672],[80.20806,30.76067],[80.21279,30.75296],[80.21839,30.75226],[80.2221,30.75631],[80.23906,30.76199],[80.24118,30.74897],[80.2482,30.74337],[80.24877,30.72035],[80.23324,30.70891],[80.23295,30.69046],[80.19778,30.68613],[80.196,30.67713],[80.19812,30.67419],[80.19318,30.66529],[80.20602,30.65102],[80.21964,30.64181],[80.21965,30.63421],[80.2118,30.62654],[80.21723,30.61073],[80.20835,30.58812]]]]}},{"type":"Feature","properties":{"ISO_A3":"","WB_A3":"","WB_NAME":"Shipki Pass","WB_REGION":"","STATUS":"non-determined","AREA_ID":"shipki-pass","CLAIMANTS":"IND,CHN"},"geometry":{"type":"MultiPolygon","coordinates":[[[[78.74079,31.88521],[78.74866,31.87703],[78.74056,31.85913],[78.74441,31.85518],[78.74341,31.83811],[78.7223,31.82676],[78.70385,31.81013],[78.70521,31.78168],[78.69557,31.78628],[78.68718,31.78595],[78.65447,31.81186],[78.64989,31.82361],[78.65134,31.83589],[78.66735,31.8587],[78.69323,31.87257],[78.70475,31.88286],[78.71373,31.87741],[78.72012,31.88554],[78.74079,31.88521]]]]}},{"type":"Feature","properties":{"ISO_A3":"","WB_A3":"","WB_NAME":"Jammu and Kashmir","WB_REGION":"","STATUS":"non-determined","AREA_ID":"jammu-and-kashmir-ind","CLAIMANTS":"IND,PAK","ADMIN":"IND"},"geometry":{"type":"MultiPolygon","coordinates":[[[[77.95537,35.48312],[77.96569,35.48039],[77.9687,35.48322],[77.96763,35.49434],[77.97149,35.49721],[77.98546,35.49584],[77.98732,35.4906],[77.99501,35.49123],[77.99908,35.49528],[78.02496,35.46888],[78.03634,35.47287],[78.03544,35.48321],[78.04687,35.49057],[78.06609,35.48677],[78.07682,35.49394],[78.08148,35.49253],[78.09616,35.49833],[78.11699,35.49264],[78.13757,35.49214],[78.10954,35.46851],[78.11066,35.46404],[78.1049,35.44735],[78.10788,35.43893],[78.10005,35.42999],[78.0544,35.39935],[78.04077,35.37723],[78.014,35.36316],[78.01128,35.27427],[78.0053,35.26538],[78.0024,35.24043],[78.00778,35.23895],[78.00688,35.23331],[78.01171,35.22789],[78.0145,35.21576],[78.02552,35.21298],[78.02872,35.20392],[78.03833,35.201],[78.05515,35.17821],[78.06506,35.17377],[78.08357,35.17684],[78.08963,35.17466],[78.08812,35.16652],[78.10245,35.16818],[78.10605,35.1641],[78.1018,35.15388],[78.10424,35.14325],[78.09827,35.13171],[78.10168,35.12875],[78.10248,35.12052],[78.11194,35.11647],[78.11316,35.10621],[78.13198,35.09954],[78.13531,35.09488],[78.13256,35.08805],[78.14639,35.07034],[78.13442,35.06217],[78.13357,35.05724],[78.13718,35.05197],[78.12748,35.04893],[78.11457,35.03693],[78.11719,35.03147],[78.12528,35.02591],[78.12921,35.01728],[78.14248,35.01065],[78.14494,35.00217],[78.15812,34.98832],[78.17594,34.98682],[78.1925,34.9761],[78.20154,34.97403],[78.20246,34.9561],[78.18535,34.94226],[78.17329,34.94085],[78.17227,34.93697],[78.17581,34.93012],[78.1962,34.91487],[78.19844,34.90837],[78.206,34.90495],[78.20779,34.90221],[78.20351,34.89635],[78.2049,34.89126],[78.22597,34.88917],[78.23618,34.88037],[78.23709,34.86772],[78.22893,34.85542],[78.23462,34.83933],[78.22552,34.81164],[78.23211,34.79999],[78.22649,34.78352],[78.22762,34.77356],[78.21295,34.76793],[78.20972,34.75862],[78.20391,34.75337],[78.20201,34.73538],[78.20943,34.71985],[78.21563,34.7166],[78.24117,34.71438],[78.24785,34.70895],[78.25933,34.70801],[78.26399,34.70252],[78.27119,34.7016],[78.27589,34.69553],[78.27487,34.68584],[78.27861,34.67703],[78.27284,34.67271],[78.27226,34.66788],[78.26248,34.66347],[78.2622,34.66019],[78.26658,34.65728],[78.26894,34.63673],[78.27349,34.62929],[78.28901,34.61564],[78.29554,34.61739],[78.31795,34.61435],[78.32991,34.61124],[78.33496,34.60405],[78.3573,34.60352],[78.36525,34.60887],[78.37077,34.60612],[78.38446,34.60701],[78.40841,34.59598],[78.42177,34.59466],[78.4303,34.58726],[78.43195,34.57404],[78.42615,34.56046],[78.43536,34.54196],[78.44584,34.54332],[78.45188,34.55138],[78.451,34.55813],[78.45862,34.56858],[78.47265,34.56761],[78.47868,34.57034],[78.47782,34.57429],[78.48301,34.58033],[78.49103,34.57941],[78.49857,34.58406],[78.50416,34.57757],[78.51374,34.57356],[78.53333,34.57719],[78.54039,34.57229],[78.55221,34.57165],[78.55134,34.56337],[78.55627,34.55637],[78.56064,34.55608],[78.56033,34.53935],[78.55654,34.53426],[78.56133,34.52665],[78.55541,34.52111],[78.56018,34.5159],[78.55945,34.51181],[78.57105,34.50985],[78.57974,34.50444],[78.58827,34.50711],[78.58741,34.50994],[78.59304,34.51602],[78.59179,34.52702],[78.61401,34.5398],[78.62257,34.53769],[78.63536,34.54266],[78.64547,34.54213],[78.66264,34.5342],[78.6831,34.53067],[78.68526,34.52736],[78.70453,34.52773],[78.71027,34.52544],[78.71233,34.51662],[78.71548,34.51574],[78.71429,34.5079],[78.71811,34.50068],[78.74874,34.48929],[78.76218,34.48056],[78.75471,34.47362],[78.75698,34.46578],[78.73889,34.45935],[78.74244,34.45278],[78.75745,34.44786],[78.76372,34.43997],[78.77634,34.43839],[78.78224,34.44264],[78.80438,34.43647],[78.80749,34.4298],[78.81337,34.42913],[78.81625,34.42221],[78.82463,34.41826],[78.85106,34.41531],[78.8618,34.40451],[78.8681,34.40322],[78.87831,34.39511],[78.87869,34.39113],[78.86755,34.37779],[78.88854,34.35851],[78.90422,34.35497],[78.90603,34.36551],[78.92652,34.36655],[78.93123,34.37955],[78.94252,34.38432],[78.9451,34.38867],[78.96448,34.38746],[78.96252,34.37517],[78.97198,34.36217],[78.98672,34.35473],[78.99789,34.35387],[79.00838,34.34536],[79.03532,34.33528],[79.03489,34.3318],[79.03977,34.33205],[79.04484,34.32643],[79.03803,34.32005],[79.02812,34.31668],[79.00791,34.31425],[79.00203,34.31735],[78.99609,34.31576],[78.99211,34.30992],[78.98032,34.31322],[78.9808,34.30471],[78.98542,34.29878],[78.96973,34.28044],[78.96485,34.26675],[78.96389,34.25075],[78.95909,34.24362],[78.96149,34.23627],[78.95051,34.2262],[78.94369,34.22519],[78.94108,34.21895],[78.93532,34.20372],[78.93634,34.19597],[78.93207,34.19247],[78.93314,34.18729],[78.92359,34.17167],[78.92836,34.16693],[78.92557,34.16385],[78.92584,34.15426],[78.91221,34.15196],[78.90514,34.14079],[78.89929,34.14789],[78.89122,34.1475],[78.88292,34.15248],[78.87172,34.16583],[78.86253,34.16561],[78.85915,34.16082],[78.85721,34.14366],[78.84168,34.14218],[78.83545,34.13509],[78.83454,34.12816],[78.82578,34.12496],[78.79432,34.13791],[78.78616,34.12844],[78.78539,34.12006],[78.7763,34.11635],[78.76869,34.10809],[78.76033,34.10647],[78.75989,34.09948],[78.75155,34.09859],[78.74698,34.09133],[78.72897,34.08923],[78.70135,34.09412],[78.69246,34.08866],[78.69495,34.08304],[78.68463,34.07981],[78.6751,34.0903],[78.66945,34.09185],[78.6614,34.08542],[78.65747,34.07574],[78.66592,34.06836],[78.65919,34.05695],[78.65444,34.05435],[78.65689,34.04417],[78.65474,34.0388],[78.65614,34.03227],[78.66894,34.03215],[78.67734,34.02424],[78.69405,34.02459],[78.70155,34.02815],[78.70666,34.01812],[78.72586,34.01608],[78.73019,34.00763],[78.74231,33.99984],[78.73951,33.99127],[78.74199,33.98509],[78.7401,33.9791],[78.74282,33.97665],[78.73533,33.96062],[78.73586,33.94367],[78.72829,33.92471],[78.73083,33.9207],[78.74613,33.9197],[78.75117,33.9141],[78.76318,33.91472],[78.76444,33.90856],[78.76044,33.90036],[78.76228,33.88767],[78.75167,33.88515],[78.7654,33.83542],[78.75422,33.78413],[78.76253,33.77744],[78.76327,33.759],[78.77656,33.74497],[78.77508,33.73761],[78.76504,33.72717],[78.72972,33.64763],[78.72081,33.6351],[78.71767,33.62281],[78.75058,33.62786],[78.75792,33.62355],[78.75351,33.61792],[78.75338,33.61139],[78.741,33.59918],[78.74145,33.57704],[78.73263,33.56797],[78.75865,33.53841],[78.7584,33.53149],[78.76945,33.52727],[78.78389,33.50602],[78.8148,33.48308],[78.81053,33.47397],[78.82244,33.45084],[78.83705,33.43859],[78.83315,33.4342],[78.83555,33.42639],[78.84168,33.42603],[78.84485,33.41929],[78.85503,33.41639],[78.86654,33.41793],[78.8694,33.41482],[78.88864,33.41475],[78.9024,33.41036],[78.9103,33.39976],[78.93677,33.38697],[78.93997,33.37971],[78.94564,33.37972],[78.95397,33.37118],[78.95044,33.36395],[78.95672,33.35801],[78.95425,33.35409],[78.96368,33.33862],[78.97651,33.33475],[78.98028,33.32729],[78.99554,33.32475],[79.00567,33.32678],[79.01425,33.32309],[79.02032,33.32478],[79.02666,33.32078],[79.02504,33.3135],[79.02932,33.30771],[79.0377,33.30506],[79.03227,33.29454],[79.03847,33.29131],[79.03933,33.28563],[79.03377,33.27825],[79.03526,33.27212],[79.04498,33.26107],[79.05196,33.2621],[79.07987,33.24498],[79.06768,33.23793],[79.06724,33.23152],[79.07153,33.22452],[79.08498,33.21954],[79.10301,33.20723],[79.10693,33.19999],[79.12949,33.20142],[79.1342,33.1944],[79.1438,33.18976],[79.14461,33.18581],[79.16271,33.17415],[79.16522,33.1707],[79.15365,33.16119],[79.15314,33.15608],[79.15982,33.13663],[79.14418,33.10977],[79.14145,33.03271],[79.1436,33.02938],[79.13921,33.02735],[79.14002,33.02353],[79.14896,33.02548],[79.15295,33.02232],[79.15297,33.00964],[79.15646,33.00787],[79.16194,33.01378],[79.16628,33.0118],[79.16988,32.99816],[79.176,32.99457],[79.17473,32.98663],[79.17739,32.9836],[79.18965,32.98684],[79.20182,32.97962],[79.20325,32.96678],[79.2107,32.96576],[79.21494,32.96168],[79.2208,32.96257],[79.22563,32.95449],[79.23651,32.95028],[79.24199,32.94314],[79.21815,32.91918],[79.23194,32.90795],[79.23036,32.89819],[79.22549,32.89236],[79.2345,32.88016],[79.22799,32.85711],[79.23571,32.84849],[79.22503,32.83213],[79.23255,32.82387],[79.22826,32.82087],[79.22947,32.81476],[79.22341,32.80888],[79.22611,32.80289],[79.22378,32.78725],[79.23194,32.78433],[79.24362,32.79088],[79.25737,32.78902],[79.27412,32.78002],[79.27764,32.76365],[79.28279,32.75999],[79.28189,32.7509],[79.28998,32.74077],[79.29017,32.73193],[79.29639,32.72913],[79.29548,32.72213],[79.28734,32.71432],[79.28145,32.71423],[79.27906,32.70872],[79.28479,32.70248],[79.28408,32.69422],[79.26934,32.68473],[79.26961,32.67636],[79.27837,32.6644],[79.27897,32.65664],[79.29595,32.64019],[79.29094,32.62733],[79.29791,32.62032],[79.30589,32.60335],[79.29014,32.59943],[79.29003,32.58759],[79.28262,32.5828],[79.27227,32.56615],[79.26602,32.56208],[79.27025,32.55733],[79.27549,32.55678],[79.27317,32.54802],[79.26528,32.53692],[79.25726,32.53745],[79.25098,32.52557],[79.25293,32.52153],[79.24855,32.51702],[79.23349,32.51871],[79.224,32.5242],[79.2214,32.50965],[79.20635,32.50981],[79.18907,32.51577],[79.18369,32.51233],[79.18184,32.50179],[79.18398,32.49795],[79.16418,32.49458],[79.15944,32.49667],[79.15183,32.48881],[79.15099,32.48175],[79.14626,32.47902],[79.13141,32.48079],[79.13047,32.4629],[79.11753,32.45448],[79.12145,32.44697],[79.11717,32.43759],[79.12197,32.43515],[79.12654,32.42174],[79.12516,32.41881],[79.11427,32.41816],[79.11298,32.4113],[79.10547,32.40751],[79.10349,32.3989],[79.10011,32.39698],[79.1048,32.39138],[79.10132,32.38593],[79.10441,32.37393],[79.09897,32.36992],[79.08704,32.37235],[79.08184,32.37909],[79.05859,32.38733],[79.02984,32.38014],[79.02343,32.38354],[79.01176,32.38084],[79.00623,32.37458],[78.99009,32.37103],[78.97572,32.34266],[78.9683,32.33574],[78.93635,32.35979],[78.90766,32.3724],[78.90608,32.37861],[78.90196,32.38111],[78.90547,32.38946],[78.90099,32.39482],[78.89636,32.39439],[78.89148,32.40021],[78.88149,32.39852],[78.8682,32.41352],[78.85642,32.41464],[78.84416,32.41061],[78.83868,32.41267],[78.8327,32.42013],[78.83178,32.42791],[78.81658,32.4317],[78.80935,32.43691],[78.80209,32.45954],[78.79748,32.46459],[78.79629,32.47423],[78.78125,32.4805],[78.77792,32.49814],[78.78082,32.51567],[78.77014,32.52477],[78.76717,32.53644],[78.77246,32.53976],[78.76306,32.54856],[78.75773,32.56455],[78.7615,32.57931],[78.77067,32.58136],[78.77462,32.58611],[78.78087,32.61444],[78.77377,32.61885],[78.76953,32.63072],[78.75425,32.63905],[78.7519,32.64604],[78.74209,32.65531],[78.74052,32.66208],[78.74981,32.68725],[78.73976,32.69549],[78.74602,32.70553],[78.74213,32.70906],[78.73072,32.70968],[78.72467,32.70415],[78.71441,32.7036],[78.7145,32.69505],[78.71037,32.69002],[78.68569,32.68197],[78.67696,32.66799],[78.66413,32.65731],[78.64917,32.65174],[78.6438,32.64545],[78.63408,32.64488],[78.63173,32.63466],[78.61967,32.63197],[78.60643,32.63777],[78.58389,32.64097],[78.57853,32.63641],[78.58043,32.62248],[78.57065,32.62358],[78.56938,32.61572],[78.55825,32.62201],[78.55475,32.61638],[78.54655,32.61627],[78.54082,32.61213],[78.51706,32.61447],[78.51504,32.61291],[78.51805,32.60584],[78.50121,32.58359],[78.49177,32.58469],[78.47848,32.57628],[78.45361,32.58129],[78.44878,32.57403],[78.41482,32.56677],[78.40481,32.54704],[78.39337,32.53942],[78.39522,32.52904],[78.39944,32.52777],[78.39898,32.51994],[78.36644,32.50065],[78.36703,32.48621],[78.3643,32.48239],[78.3495,32.4777],[78.3486,32.47437],[78.35292,32.46917],[78.34845,32.46416],[78.32791,32.46468],[78.32593,32.45715],[78.33385,32.45057],[78.32897,32.44331],[78.3106,32.44667],[78.298,32.45714],[78.29834,32.46141],[78.2882,32.46357],[78.28432,32.4692],[78.29056,32.47498],[78.28652,32.48318],[78.29255,32.49024],[78.29482,32.50109],[78.30663,32.51138],[78.3036,32.51718],[78.30801,32.52431],[78.30659,32.53705],[78.31476,32.55005],[78.3096,32.56105],[78.31222,32.56843],[78.34225,32.5782],[78.34932,32.58493],[78.34947,32.58891],[78.36319,32.58981],[78.36561,32.59341],[78.37952,32.59827],[78.37982,32.605],[78.38322,32.60815],[78.40941,32.62276],[78.40908,32.62645],[78.39258,32.6321],[78.38109,32.65364],[78.39255,32.68669],[78.40062,32.6938],[78.39686,32.69893],[78.39761,32.70783],[78.38511,32.72033],[78.38413,32.72649],[78.38982,32.74023],[78.38599,32.74932],[78.3871,32.75668],[78.37727,32.75354],[78.36387,32.75349],[78.35308,32.75761],[78.31409,32.75468],[78.31001,32.75069],[78.31229,32.73955],[78.30505,32.73339],[78.31486,32.71799],[78.30644,32.70763],[78.2946,32.70411],[78.29276,32.70072],[78.26015,32.7029],[78.25445,32.69573],[78.25491,32.69001],[78.24583,32.67162],[78.23285,32.67179],[78.21886,32.66401],[78.20336,32.6677],[78.1915,32.66263],[78.18746,32.67416],[78.17588,32.68074],[78.15736,32.68361],[78.14479,32.68198],[78.1423,32.67996],[78.14832,32.66899],[78.14759,32.65396],[78.12664,32.65194],[78.12041,32.66077],[78.11088,32.66203],[78.09337,32.64619],[78.0988,32.63484],[78.09683,32.62946],[78.08453,32.62388],[78.07462,32.63096],[78.06666,32.62658],[78.06048,32.62897],[78.05224,32.63572],[78.04799,32.64432],[78.04459,32.64437],[78.0405,32.63753],[78.03347,32.63671],[78.03245,32.62973],[78.03375,32.61766],[78.04189,32.60355],[78.03806,32.59382],[78.0228,32.58769],[77.98436,32.58666],[77.98016,32.60021],[77.97215,32.60869],[77.97227,32.6138],[77.95466,32.63223],[77.95252,32.64053],[77.94433,32.64952],[77.95092,32.65795],[77.94213,32.66574],[77.9412,32.67282],[77.93469,32.68138],[77.91817,32.69156],[77.92242,32.6999],[77.92477,32.71781],[77.93433,32.72616],[77.93216,32.73134],[77.92636,32.73434],[77.93037,32.73767],[77.92936,32.743],[77.93418,32.75519],[77.92596,32.77162],[77.90318,32.77171],[77.89334,32.77861],[77.88403,32.78876],[77.88755,32.79858],[77.88152,32.80401],[77.87793,32.81859],[77.86876,32.82713],[77.83879,32.84197],[77.8294,32.83547],[77.82433,32.8368],[77.81522,32.84821],[77.78486,32.86077],[77.78082,32.86568],[77.78429,32.88273],[77.78956,32.89045],[77.8077,32.89604],[77.81102,32.90008],[77.81074,32.90728],[77.8002,32.91224],[77.79562,32.9197],[77.76539,32.94162],[77.76422,32.94824],[77.75091,32.95437],[77.7402,32.96915],[77.73084,32.97394],[77.72501,32.96874],[77.71943,32.96865],[77.71359,32.98215],[77.70306,32.97921],[77.68318,32.98868],[77.68195,32.97456],[77.67549,32.96828],[77.67341,32.9605],[77.65598,32.95888],[77.64356,32.94897],[77.62957,32.95708],[77.61333,32.94221],[77.59532,32.94021],[77.56965,32.92166],[77.52653,32.90109],[77.5164,32.88767],[77.50545,32.88382],[77.50039,32.88506],[77.48991,32.87887],[77.47162,32.85911],[77.46157,32.85936],[77.45232,32.86366],[77.44451,32.87985],[77.42704,32.87498],[77.41444,32.8832],[77.4049,32.88482],[77.39663,32.8774],[77.38854,32.86337],[77.38191,32.86226],[77.37515,32.85586],[77.37573,32.85016],[77.38019,32.84607],[77.37389,32.82306],[77.35004,32.81543],[77.33783,32.81695],[77.33629,32.825],[77.3324,32.82585],[77.32563,32.83549],[77.3294,32.84269],[77.32329,32.85077],[77.30111,32.84949],[77.28896,32.85884],[77.28853,32.86679],[77.28367,32.87373],[77.27529,32.87471],[77.26285,32.86396],[77.25812,32.8633],[77.25461,32.86891],[77.24385,32.87229],[77.23718,32.87962],[77.23905,32.89109],[77.21859,32.90401],[77.20877,32.90471],[77.19576,32.91051],[77.1881,32.92795],[77.18004,32.92485],[77.17436,32.91354],[77.16901,32.91068],[77.15973,32.9121],[77.15839,32.91713],[77.163,32.92461],[77.1589,32.94276],[77.15408,32.95119],[77.14511,32.95118],[77.14972,32.95727],[77.14749,32.96552],[77.15025,32.97723],[77.14192,32.98154],[77.13667,32.97965],[77.11639,32.98443],[77.11153,32.97928],[77.1118,32.97496],[77.09593,32.97075],[77.08674,32.97265],[77.08225,32.97499],[77.08037,32.9827],[77.0567,32.99196],[77.04893,32.99866],[77.03914,32.99745],[77.03154,32.98964],[77.00912,32.9891],[76.99334,33.00202],[76.97199,33.00081],[76.96047,33.00908],[76.96037,33.01487],[76.95103,33.0187],[76.94174,33.02866],[76.93307,33.02825],[76.92649,33.03632],[76.92317,33.05235],[76.91348,33.06314],[76.91087,33.07646],[76.9053,33.07886],[76.91057,33.09381],[76.90158,33.0989],[76.89056,33.09521],[76.8833,33.09843],[76.87567,33.11567],[76.86262,33.11392],[76.84942,33.11897],[76.85338,33.12645],[76.84377,33.13088],[76.84503,33.13753],[76.83968,33.14105],[76.83127,33.14183],[76.82649,33.14775],[76.81979,33.14301],[76.8145,33.14318],[76.79766,33.15345],[76.79784,33.17304],[76.81072,33.17579],[76.8221,33.18352],[76.82093,33.19743],[76.83493,33.20551],[76.83161,33.21263],[76.82633,33.21475],[76.82784,33.2221],[76.84494,33.2425],[76.84319,33.24643],[76.83178,33.24888],[76.80858,33.24497],[76.80158,33.25516],[76.79405,33.25636],[76.77223,33.25096],[76.77368,33.24204],[76.77967,33.23944],[76.78015,33.23609],[76.776,33.22168],[76.77135,33.21963],[76.77127,33.21306],[76.76708,33.21114],[76.75901,33.19648],[76.75062,33.19182],[76.74706,33.17923],[76.72801,33.17798],[76.72092,33.18249],[76.70914,33.18139],[76.70288,33.17482],[76.66447,33.17181],[76.65379,33.16354],[76.6419,33.1616],[76.62051,33.16711],[76.61246,33.1734],[76.61186,33.18568],[76.59741,33.19161],[76.59885,33.20268],[76.59514,33.20617],[76.57244,33.2058],[76.5601,33.20972],[76.54779,33.19871],[76.53892,33.19984],[76.52052,33.1937],[76.50829,33.19426],[76.50183,33.18843],[76.47861,33.17946],[76.46747,33.18344],[76.45199,33.17914],[76.43653,33.18044],[76.42867,33.18175],[76.42074,33.18769],[76.41637,33.18468],[76.39796,33.18277],[76.39111,33.1747],[76.37725,33.16767],[76.37061,33.15602],[76.36125,33.15457],[76.32943,33.13238],[76.29991,33.12507],[76.29207,33.12035],[76.28369,33.10977],[76.28757,33.09799],[76.28164,33.09175],[76.28051,33.08494],[76.28096,33.07062],[76.2887,33.06751],[76.28955,33.05907],[76.27625,33.05158],[76.27354,33.03746],[76.25516,33.03256],[76.24374,33.02045],[76.22484,33.02228],[76.20579,33.01602],[76.19479,33.01677],[76.18094,33.02092],[76.17276,33.02693],[76.16802,33.02535],[76.15561,33.03397],[76.11083,33.01527],[76.10501,33.00962],[76.10553,32.9854],[76.09318,32.96363],[76.08205,32.96141],[76.08205,32.95484],[76.06813,32.9518],[76.06109,32.94111],[76.0384,32.93348],[76.03209,32.92491],[76.03347,32.91993],[76.0273,32.91484],[75.98198,32.89523],[75.97708,32.88722],[75.94926,32.8732],[75.92834,32.8895],[75.91739,32.90653],[75.88938,32.91438],[75.87315,32.92396],[75.83669,32.92807],[75.83264,32.93433],[75.81094,32.9316],[75.7991,32.92153],[75.80122,32.91833],[75.78997,32.90121],[75.78238,32.89558],[75.7829,32.88985],[75.7944,32.88647],[75.80597,32.87699],[75.8112,32.86124],[75.81612,32.85949],[75.81905,32.85349],[75.85475,32.83258],[75.86606,32.82054],[75.86562,32.81368],[75.87956,32.81186],[75.88453,32.80074],[75.88387,32.78514],[75.89584,32.77451],[75.89796,32.76749],[75.91291,32.75621],[75.91405,32.74202],[75.90984,32.72094],[75.89658,32.69106],[75.89886,32.68062],[75.9054,32.67225],[75.92406,32.65822],[75.92362,32.6437],[75.93371,32.6473],[75.92904,32.63782],[75.93153,32.63203],[75.92866,32.63081],[75.92385,32.63685],[75.91817,32.63385],[75.91942,32.6301],[75.91569,32.62634],[75.91889,32.62089],[75.91556,32.61385],[75.90523,32.60729],[75.90636,32.60043],[75.89188,32.58847],[75.88504,32.59081],[75.87805,32.5855],[75.88,32.57733],[75.87752,32.56624],[75.86764,32.56651],[75.86334,32.56017],[75.87193,32.55685],[75.87554,32.54948],[75.8563,32.53801],[75.85212,32.5295],[75.83655,32.51986],[75.83772,32.51347],[75.83335,32.51437],[75.83133,32.51137],[75.83343,32.50338],[75.82709,32.50404],[75.82396,32.49541],[75.76028,32.45979],[75.73866,32.46326],[75.7297,32.45428],[75.72862,32.4452],[75.74424,32.4314],[75.7369,32.42995],[75.73015,32.43352],[75.72802,32.43148],[75.73239,32.42318],[75.72847,32.41781],[75.71632,32.41585],[75.68853,32.39216],[75.66408,32.39678],[75.64638,32.39331],[75.64096,32.38812],[75.6291,32.38713],[75.61416,32.37715],[75.59043,32.37786],[75.56924,32.36366],[75.54258,32.33726],[75.52427,32.34005],[75.51582,32.29799],[75.49895,32.27533],[75.49472,32.27691],[75.49002,32.28798],[75.49023,32.31021],[75.47993,32.31035],[75.46776,32.31756],[75.47224,32.34005],[75.43258,32.32669],[75.41499,32.32427],[75.37853,32.3288],[75.33921,32.34197],[75.29889,32.34664],[75.29946,32.35323],[75.28927,32.35581],[75.28704,32.3627],[75.29004,32.36988],[75.2728,32.37631],[75.2704,32.37347],[75.25827,32.37239],[75.2543,32.37885],[75.2569,32.38942],[75.25116,32.39099],[75.24535,32.38484],[75.2132,32.40271],[75.20914,32.39471],[75.19754,32.39842],[75.19279,32.401],[75.19222,32.41132],[75.19856,32.40943],[75.20128,32.42068],[75.19279,32.42235],[75.19168,32.42614],[75.17971,32.42527],[75.17608,32.42113],[75.16828,32.42284],[75.16201,32.41922],[75.15345,32.42124],[75.13293,32.40892],[75.13275,32.41555],[75.12761,32.41749],[75.12756,32.42391],[75.1345,32.42833],[75.11925,32.44364],[75.12083,32.45522],[75.10887,32.46032],[75.11099,32.46516],[75.10891,32.47446],[75.10013,32.47826],[75.09119,32.46924],[75.07,32.4801],[75.06876,32.4778],[75.05607,32.4813],[75.0268,32.49689],[75.01548,32.47771],[75.01557,32.47257],[75.0199,32.46811],[75.01548,32.46447],[74.99126,32.45246],[74.98355,32.45165],[74.97028,32.45943],[74.95441,32.45154],[74.95194,32.44656],[74.9431,32.45234],[74.94144,32.46379],[74.93635,32.46809],[74.93949,32.47145],[74.92927,32.47135],[74.92005,32.46518],[74.90541,32.47309],[74.90045,32.46703],[74.87717,32.47842],[74.88464,32.49055],[74.87707,32.49397],[74.86761,32.48513],[74.8589,32.49356],[74.84584,32.49194],[74.83562,32.49676],[74.83485,32.4945],[74.81893,32.49822],[74.8126,32.48008],[74.80142,32.48275],[74.79628,32.47691],[74.7553,32.48297],[74.75269,32.47858],[74.72947,32.48123],[74.72713,32.47593],[74.72151,32.4764],[74.71203,32.47875],[74.71437,32.48769],[74.7105,32.49289],[74.70231,32.49312],[74.69418,32.48677],[74.68879,32.48688],[74.68162,32.49285],[74.68618,32.50774],[74.68241,32.51008],[74.69037,32.52351],[74.69027,32.53429],[74.6627,32.54511],[74.66121,32.55408],[74.67254,32.55245],[74.67263,32.56892],[74.66361,32.56424],[74.65175,32.56308],[74.65508,32.5809],[74.64852,32.58551],[74.65907,32.59672],[74.64119,32.59991],[74.63855,32.61462],[74.65433,32.61536],[74.65683,32.63074],[74.65449,32.6373],[74.66344,32.63576],[74.66966,32.63839],[74.67165,32.64598],[74.6807,32.65248],[74.68854,32.65149],[74.69501,32.66052],[74.69615,32.66595],[74.66643,32.67616],[74.65305,32.69773],[74.65753,32.71593],[74.66391,32.7257],[74.65446,32.72908],[74.66037,32.73464],[74.66556,32.74792],[74.67442,32.75654],[74.68511,32.78792],[74.69624,32.80419],[74.69588,32.81124],[74.70475,32.81717],[74.70534,32.84192],[74.68256,32.83667],[74.66777,32.82476],[74.66391,32.82454],[74.65861,32.82986],[74.65314,32.82824],[74.63291,32.80888],[74.63956,32.79833],[74.65837,32.78649],[74.65398,32.78066],[74.63955,32.78228],[74.63243,32.7765],[74.63051,32.76935],[74.63913,32.75754],[74.63752,32.75144],[74.61745,32.7614],[74.61314,32.75788],[74.59341,32.75578],[74.58869,32.75062],[74.58216,32.75349],[74.57957,32.74951],[74.57583,32.7504],[74.5756,32.75606],[74.56547,32.76003],[74.55554,32.75864],[74.54715,32.74577],[74.53873,32.74954],[74.53255,32.74514],[74.5186,32.74838],[74.51217,32.74539],[74.50882,32.7473],[74.50341,32.76548],[74.48281,32.76518],[74.48402,32.76915],[74.47268,32.77738],[74.46353,32.77668],[74.45738,32.78834],[74.44798,32.79397],[74.44615,32.80226],[74.43839,32.81204],[74.43751,32.82288],[74.42172,32.83653],[74.41909,32.84276],[74.42013,32.8546],[74.41403,32.86761],[74.41942,32.8854],[74.41588,32.89666],[74.39814,32.9032],[74.38691,32.91102],[74.37309,32.91392],[74.37594,32.9155],[74.37331,32.91742],[74.34862,32.92223],[74.32777,32.9192],[74.31358,32.92837],[74.31046,32.93553],[74.33937,32.95182],[74.32142,33.00672],[74.31935,33.02161],[74.32452,33.03111],[74.30235,33.0314],[74.27674,33.03781],[74.26671,33.04448],[74.25634,33.0438],[74.23593,33.05098],[74.23096,33.05744],[74.21393,33.06173],[74.20897,33.06809],[74.20237,33.06661],[74.19251,33.07294],[74.18959,33.07026],[74.17298,33.07402],[74.16986,33.0763],[74.17041,33.08097],[74.18257,33.08931],[74.17723,33.09918],[74.16775,33.10312],[74.16111,33.11064],[74.16498,33.1224],[74.1572,33.12509],[74.15405,33.13624],[74.13365,33.15067],[74.12797,33.16023],[74.12072,33.16201],[74.11698,33.15894],[74.10722,33.16769],[74.10036,33.1666],[74.09278,33.17007],[74.07488,33.18546],[74.06893,33.19576],[74.06121,33.19761],[74.05378,33.19407],[74.0501,33.20144],[74.04462,33.20175],[74.03629,33.19712],[74.01716,33.2061],[74.0163,33.21366],[74.00757,33.21724],[74.00519,33.22235],[74.00705,33.23132],[74.00114,33.23732],[74.00221,33.24328],[74.01365,33.25408],[74.01551,33.26112],[74.01239,33.26357],[74.01754,33.26955],[74.02615,33.26725],[74.02634,33.27082],[74.0438,33.27877],[74.04638,33.28241],[74.0446,33.28553],[74.04829,33.28693],[74.05386,33.27984],[74.07813,33.28568],[74.09006,33.2841],[74.10733,33.30016],[74.12464,33.30371],[74.13304,33.30923],[74.14354,33.32191],[74.15592,33.32669],[74.15557,33.33445],[74.16418,33.33749],[74.1721,33.36974],[74.17452,33.37282],[74.18054,33.37216],[74.18688,33.38616],[74.18812,33.40731],[74.17831,33.41248],[74.17869,33.4311],[74.17613,33.43283],[74.17727,33.43986],[74.18373,33.44611],[74.18114,33.45078],[74.18415,33.46554],[74.18151,33.47111],[74.18912,33.46907],[74.19244,33.47494],[74.19175,33.47936],[74.1645,33.50045],[74.15763,33.51065],[74.15796,33.5341],[74.13946,33.557],[74.12706,33.56015],[74.11365,33.57176],[74.10589,33.57455],[74.09392,33.57137],[74.08025,33.58437],[74.06427,33.58352],[74.05541,33.57763],[74.0566,33.57566],[74.03511,33.5765],[74.03067,33.58055],[74.02451,33.59618],[74.01654,33.60251],[74.01207,33.61095],[73.9987,33.61822],[73.99883,33.62329],[73.98337,33.63703],[73.98087,33.64255],[73.98356,33.65477],[73.99287,33.6543],[73.98334,33.67585],[73.98939,33.68321],[73.97862,33.69788],[73.98238,33.70277],[73.98139,33.70644],[73.96602,33.70787],[73.96064,33.71698],[73.96204,33.72359],[73.97307,33.73171],[73.98107,33.7336],[73.98455,33.74044],[74.00064,33.74181],[74.01148,33.76206],[74.00764,33.77317],[74.01063,33.77748],[74.03255,33.79618],[74.03544,33.80522],[74.0442,33.80492],[74.04744,33.8147],[74.05819,33.82343],[74.09311,33.82746],[74.11032,33.82561],[74.11155,33.82319],[74.13238,33.82938],[74.14778,33.83031],[74.16539,33.83784],[74.19375,33.84165],[74.19517,33.8478],[74.20601,33.84978],[74.20655,33.85835],[74.21297,33.85545],[74.24535,33.88125],[74.27635,33.89547],[74.27582,33.89867],[74.28142,33.90293],[74.27568,33.90811],[74.27774,33.91127],[74.27579,33.92178],[74.28216,33.93492],[74.27567,33.94931],[74.26713,33.95349],[74.27698,33.96858],[74.26004,33.97787],[74.2637,33.98499],[74.25536,33.99649],[74.25451,34.00434],[74.23901,34.0123],[74.23357,34.02386],[74.21834,34.02651],[74.21351,34.02346],[74.21739,34.02016],[74.21558,34.01719],[74.19805,34.01632],[74.18132,34.02237],[74.17592,34.03351],[74.17347,34.02912],[74.16304,34.02719],[74.14372,34.04514],[74.12957,34.0465],[74.10615,34.03735],[74.08369,34.03857],[74.08487,34.03599],[74.06826,34.03642],[74.05522,34.0308],[74.04946,34.0306],[74.04163,34.0366],[74.01811,34.03815],[74.01263,34.03549],[74.00518,34.0214],[73.98623,34.01247],[73.97091,34.01361],[73.96919,34.01092],[73.92554,34.02438],[73.92153,34.037],[73.89997,34.04979],[73.89607,34.05989],[73.8996,34.07278],[73.90735,34.08237],[73.90235,34.08645],[73.905,34.10608],[73.92678,34.10349],[73.92919,34.11637],[73.92668,34.12753],[73.94666,34.13611],[73.94887,34.13861],[73.94633,34.14308],[73.95281,34.14729],[73.95252,34.15238],[73.96556,34.15282],[73.96731,34.15788],[73.95883,34.16026],[73.95987,34.16834],[73.98094,34.17587],[73.99019,34.1759],[74.00003,34.18348],[74.00051,34.18873],[74.00866,34.19131],[74.01124,34.1957],[73.99935,34.19825],[73.99832,34.20891],[74.009,34.22222],[73.98981,34.26117],[73.99114,34.27353],[73.94669,34.27804],[73.94287,34.28504],[73.93715,34.28549],[73.93738,34.29766],[73.94275,34.30122],[73.94146,34.31331],[73.93078,34.31286],[73.93077,34.30681],[73.91861,34.30688],[73.91831,34.31061],[73.93719,34.3356],[73.92514,34.33976],[73.91393,34.34775],[73.91341,34.35217],[73.90408,34.35223],[73.90184,34.34518],[73.886,34.33378],[73.86593,34.33549],[73.85454,34.32206],[73.84562,34.32918],[73.81478,34.33367],[73.81058,34.33968],[73.81489,34.3461],[73.80073,34.34532],[73.79856,34.33813],[73.77563,34.33269],[73.75823,34.34489],[73.7506,34.34464],[73.75296,34.35729],[73.7509,34.37094],[73.75737,34.37794],[73.75595,34.38095],[73.76705,34.38555],[73.77565,34.39868],[73.80163,34.41848],[73.80547,34.42768],[73.84096,34.42726],[73.83944,34.43354],[73.84175,34.43514],[73.84702,34.4315],[73.87856,34.45321],[73.88748,34.45301],[73.88774,34.46547],[73.88094,34.47557],[73.88206,34.48384],[73.89104,34.49187],[73.88819,34.49983],[73.89504,34.51196],[73.91103,34.51859],[73.90472,34.52774],[73.93847,34.55346],[73.9408,34.55164],[73.94557,34.55417],[73.95632,34.56548],[73.95144,34.569],[73.95941,34.57989],[73.95298,34.58168],[73.9523,34.59768],[73.92837,34.60315],[73.92872,34.60966],[73.93347,34.61637],[73.93207,34.64089],[73.93494,34.64603],[73.95359,34.65094],[73.94745,34.65548],[73.95522,34.66422],[73.95329,34.67129],[73.96864,34.6855],[73.98752,34.68168],[74.02387,34.68335],[74.04645,34.67352],[74.07132,34.66947],[74.09262,34.66984],[74.10347,34.68004],[74.10806,34.67994],[74.11478,34.66422],[74.12627,34.65895],[74.14596,34.65869],[74.14474,34.67067],[74.15493,34.68009],[74.15855,34.68982],[74.21171,34.71877],[74.24108,34.72666],[74.30893,34.78145],[74.31758,34.77759],[74.32327,34.78435],[74.34416,34.7871],[74.39559,34.78547],[74.43527,34.77375],[74.44199,34.77972],[74.45996,34.78064],[74.46624,34.77189],[74.47307,34.77094],[74.4776,34.77949],[74.50546,34.76932],[74.56505,34.76458],[74.57801,34.76039],[74.58776,34.74947],[74.65182,34.70575],[74.73076,34.68084],[74.73391,34.68289],[74.74135,34.67928],[74.84003,34.67364],[74.85141,34.68408],[74.86045,34.68063],[74.86404,34.67376],[74.92918,34.67337],[74.97671,34.65346],[74.98477,34.64573],[74.99766,34.65069],[75.00182,34.64316],[75.0094,34.64104],[75.02547,34.62915],[75.03347,34.63744],[75.05278,34.63568],[75.07874,34.6472],[75.08704,34.65489],[75.09861,34.64934],[75.10826,34.65112],[75.12062,34.64773],[75.12642,34.65373],[75.13777,34.65109],[75.14572,34.6553],[75.1623,34.6565],[75.17432,34.65057],[75.17612,34.64588],[75.19089,34.6513],[75.22026,34.64215],[75.23626,34.64203],[75.25404,34.63702],[75.26581,34.63832],[75.26979,34.62802],[75.2681,34.62134],[75.25369,34.6171],[75.24757,34.60293],[75.25266,34.59927],[75.26609,34.60205],[75.27637,34.59515],[75.28642,34.59539],[75.29054,34.58867],[75.29846,34.58747],[75.31145,34.57726],[75.31961,34.56517],[75.32774,34.56846],[75.34458,34.56222],[75.36538,34.53763],[75.46878,34.53965],[75.66044,34.53295],[75.69703,34.52206],[75.77952,34.51061],[75.83836,34.55931],[75.90311,34.58776],[75.96494,34.63585],[75.97232,34.6383],[75.99129,34.63603],[75.99688,34.64971],[76.00975,34.66536],[76.0341,34.68634],[76.05812,34.68945],[76.06364,34.68716],[76.08122,34.67389],[76.08809,34.67315],[76.08897,34.66501],[76.10073,34.66186],[76.10193,34.64761],[76.11703,34.6398],[76.13083,34.6393],[76.13787,34.63427],[76.14482,34.63703],[76.1609,34.63316],[76.16889,34.64619],[76.19342,34.66127],[76.20323,34.66118],[76.24003,34.67413],[76.25466,34.67277],[76.25006,34.67958],[76.25087,34.68512],[76.25839,34.69262],[76.27188,34.69664],[76.25965,34.71514],[76.29571,34.71788],[76.42892,34.75105],[76.43317,34.75411],[76.4305,34.76974],[76.43265,34.77249],[76.46416,34.79672],[76.4726,34.7987],[76.50198,34.79695],[76.52389,34.77762],[76.54217,34.76665],[76.60189,34.74924],[76.61911,34.74971],[76.63896,34.75533],[76.68117,34.74975],[76.71185,34.80939],[76.74766,34.83075],[76.75786,34.89483],[76.74885,34.90711],[76.74858,34.9144],[76.75628,34.93929],[76.77248,34.93168],[76.78361,34.94018],[76.81209,34.95327],[76.85779,34.96367],[76.86876,34.9836],[76.99557,34.93247],[77.0083,34.97456],[77.00686,34.99235],[77.01033,35.00029],[77.00561,35.00859],[77.00615,35.02414],[77.01199,35.0251],[77.01639,35.03571],[77.03631,35.0376],[77.04899,35.0515],[77.06738,35.05293],[77.08861,35.04305],[77.11659,35.05233],[77.12035,35.06481],[77.11336,35.07573],[77.11148,35.08939],[77.08539,35.09594],[77.07905,35.10185],[77.08139,35.11642],[77.07037,35.1226],[77.06912,35.13519],[77.0827,35.14255],[77.08467,35.14774],[77.08586,35.16836],[77.04068,35.18341],[77.01556,35.18342],[77.00803,35.18922],[77.00342,35.20383],[76.99119,35.20981],[76.99061,35.21398],[77.00374,35.23082],[76.9966,35.24188],[76.98352,35.24451],[76.9751,35.25135],[76.9767,35.25997],[76.98211,35.26597],[76.994,35.26815],[76.99226,35.27805],[76.99939,35.28033],[76.99591,35.2886],[77.00784,35.29433],[77.02063,35.29566],[76.99896,35.31121],[76.98912,35.31213],[76.98349,35.31731],[76.98347,35.32042],[76.9878,35.32072],[76.98941,35.32931],[76.97791,35.34421],[76.98574,35.35179],[76.98583,35.35618],[76.98248,35.35996],[76.96919,35.35978],[76.9538,35.36701],[76.94946,35.3762],[76.95505,35.38317],[76.94768,35.39317],[76.94018,35.39683],[76.91927,35.40138],[76.90756,35.38965],[76.89601,35.38618],[76.85802,35.39124],[76.84995,35.39651],[76.83327,35.42238],[76.84158,35.42965],[76.8375,35.44342],[76.82825,35.4552],[76.82143,35.45496],[76.81568,35.46097],[76.80968,35.47371],[76.80363,35.47903],[76.80424,35.48338],[76.79094,35.49599],[76.79167,35.50625],[76.79843,35.51734],[76.7873,35.51875],[76.77665,35.51489],[76.76539,35.51525],[76.74747,35.53844],[76.74955,35.55474],[76.76418,35.56151],[76.7762,35.57983],[76.78562,35.57684],[76.79157,35.57887],[76.78961,35.59323],[76.75648,35.62768],[76.75923,35.63803],[76.77207,35.63868],[76.78246,35.64294],[76.77721,35.65813],[76.78191,35.66095],[76.80356,35.66345],[76.81312,35.66964],[76.82237,35.66594],[76.83795,35.66822],[76.84467,35.6755],[76.85387,35.66859],[76.8618,35.6507],[76.8815,35.63983],[76.89907,35.625],[76.89981,35.61906],[76.90977,35.6146],[76.93108,35.61074],[76.96527,35.59429],[76.97233,35.60088],[76.98331,35.59788],[76.99333,35.61129],[77.00191,35.60853],[77.01063,35.60999],[77.03106,35.59949],[77.05835,35.5992],[77.06935,35.59392],[77.09151,35.56796],[77.10988,35.56459],[77.12167,35.55539],[77.12851,35.55597],[77.13752,35.55106],[77.14793,35.53898],[77.1707,35.53522],[77.19031,35.52194],[77.20696,35.51954],[77.23181,35.5297],[77.2504,35.53101],[77.26371,35.53983],[77.27357,35.53599],[77.2831,35.53751],[77.29362,35.54394],[77.29798,35.54057],[77.30418,35.54562],[77.3144,35.53704],[77.31951,35.53871],[77.32838,35.53399],[77.33722,35.52523],[77.33922,35.51764],[77.33644,35.51337],[77.34006,35.51032],[77.34015,35.50495],[77.35098,35.49559],[77.35547,35.49416],[77.3627,35.50001],[77.37249,35.49731],[77.37028,35.49161],[77.37769,35.48183],[77.37911,35.47482],[77.39344,35.46967],[77.40553,35.47288],[77.42376,35.47085],[77.42863,35.46573],[77.43303,35.46655],[77.44159,35.46166],[77.47715,35.47871],[77.48216,35.4918],[77.48796,35.49477],[77.49232,35.49139],[77.50945,35.4904],[77.51195,35.48581],[77.5207,35.48664],[77.52469,35.48369],[77.5339,35.48847],[77.54023,35.48803],[77.54299,35.48385],[77.55856,35.48751],[77.58222,35.47967],[77.58081,35.46907],[77.58556,35.46721],[77.59249,35.4654],[77.60475,35.47272],[77.62928,35.46209],[77.64155,35.46672],[77.638,35.47564],[77.639,35.48388],[77.6481,35.48422],[77.65088,35.48734],[77.68838,35.45344],[77.696,35.46279],[77.71635,35.46192],[77.7276,35.47011],[77.74228,35.49532],[77.75373,35.4969],[77.75981,35.50257],[77.78004,35.49778],[77.78643,35.50573],[77.79893,35.50963],[77.80347,35.51927],[77.81465,35.52269],[77.82788,35.50444],[77.83988,35.50332],[77.85296,35.49127],[77.86382,35.49998],[77.87677,35.49059],[77.87608,35.48671],[77.88155,35.47988],[77.88894,35.47945],[77.89905,35.47163],[77.90171,35.46571],[77.91102,35.46213],[77.92191,35.48279],[77.91759,35.48964],[77.92455,35.4966],[77.93582,35.49092],[77.94727,35.47879],[77.95537,35.48312]]]]}},{"type":"Feature","properties":{"ISO_A3":"","WB_A3":"","WB_NAME":"Arunachal Pradesh","WB_REGION":"","STATUS":"non-determined","AREA_ID":"arunachal-pradesh","CLAIMANTS":"IND,CHN"},"geometry":{"type":"MultiPolygon","coordinates":[[[[91.56317,27.63614],[91.57233,27.65975],[91.59426,27.67011],[91.59734,27.68086],[91.60501,27.68427],[91.60757,27.6909],[91.62372,27.69557],[91.62972,27.70074],[91.6271,27.7161],[91.63241,27.71726],[91.63458,27.72209],[91.63919,27.73661],[91.63496,27.74674],[91.64155,27.75195],[91.64458,27.76258],[91.64469,27.76988],[91.6373,27.78033],[91.63432,27.80415],[91.61467,27.8217],[91.60533,27.82334],[91.59882,27.81806],[91.58711,27.81754],[91.57835,27.81136],[91.56913,27.81811],[91.55338,27.84939],[91.55373,27.85406],[91.5572,27.85581],[91.5699,27.84766],[91.57553,27.86412],[91.58536,27.86203],[91.59392,27.85603],[91.6015,27.86459],[91.61179,27.85879],[91.61225,27.85322],[91.61855,27.85569],[91.6356,27.85271],[91.64339,27.85607],[91.6601,27.84932],[91.66805,27.8495],[91.68381,27.84165],[91.70231,27.81253],[91.71971,27.80557],[91.722,27.80911],[91.73958,27.81063],[91.75109,27.80268],[91.76926,27.79671],[91.77649,27.80045],[91.7952,27.80105],[91.80843,27.81173],[91.82354,27.80851],[91.83041,27.80206],[91.82812,27.79293],[91.8305,27.78624],[91.83925,27.77945],[91.8396,27.76759],[91.85212,27.75839],[91.86222,27.73597],[91.87251,27.72924],[91.87143,27.72353],[91.88667,27.7213],[91.89678,27.72371],[91.90184,27.72872],[91.92424,27.71651],[91.94223,27.72624],[91.95293,27.73657],[91.96541,27.7391],[91.96719,27.74972],[91.97499,27.75609],[91.98192,27.77675],[92.00235,27.78231],[92.0112,27.78152],[92.01739,27.77653],[92.03297,27.77835],[92.03681,27.77554],[92.04777,27.78078],[92.0568,27.77996],[92.06067,27.78798],[92.08819,27.79406],[92.11334,27.80493],[92.14246,27.83469],[92.15537,27.83045],[92.16598,27.83338],[92.17414,27.84736],[92.18664,27.84691],[92.1915,27.85519],[92.21231,27.8626],[92.21331,27.87341],[92.2202,27.87367],[92.24321,27.88816],[92.25433,27.88186],[92.26607,27.88697],[92.29353,27.87204],[92.29848,27.85629],[92.30325,27.85156],[92.29771,27.83282],[92.31713,27.81648],[92.32079,27.8096],[92.31913,27.79882],[92.33837,27.79641],[92.35462,27.8054],[92.36525,27.8048],[92.39596,27.82111],[92.40701,27.82229],[92.41213,27.83051],[92.42179,27.83507],[92.42639,27.83151],[92.42298,27.822],[92.42645,27.8037],[92.43581,27.80391],[92.45557,27.7934],[92.45846,27.80164],[92.46844,27.81031],[92.4768,27.826],[92.47573,27.83483],[92.49293,27.8425],[92.50087,27.85174],[92.51089,27.84739],[92.52614,27.85355],[92.533,27.86789],[92.54671,27.86912],[92.56166,27.87486],[92.56881,27.88286],[92.58087,27.88233],[92.58142,27.88923],[92.59113,27.90084],[92.59337,27.9104],[92.60034,27.91531],[92.60635,27.91682],[92.62875,27.91012],[92.65056,27.91508],[92.65703,27.92598],[92.66489,27.93163],[92.67211,27.94536],[92.68729,27.95152],[92.69973,27.9626],[92.7088,27.96368],[92.7295,27.97815],[92.73225,27.98617],[92.72198,27.99378],[92.72084,28.00207],[92.72718,28.02399],[92.73777,28.03838],[92.73152,28.05447],[92.71366,28.06595],[92.6728,28.06799],[92.66507,28.07069],[92.65635,28.08059],[92.6661,28.09985],[92.66835,28.12774],[92.67898,28.15176],[92.69441,28.1511],[92.71581,28.16753],[92.71963,28.16717],[92.72376,28.16051],[92.73938,28.15384],[92.74956,28.1625],[92.76294,28.16066],[92.77387,28.17023],[92.77066,28.17816],[92.77333,28.18143],[92.78739,28.18752],[92.83277,28.17371],[92.84102,28.18206],[92.84661,28.18108],[92.85008,28.18453],[92.8646,28.18785],[92.88271,28.20062],[92.92266,28.20029],[92.93245,28.20692],[92.93695,28.21803],[92.92811,28.22628],[92.93227,28.24876],[92.94694,28.26072],[92.95418,28.25955],[92.97204,28.26924],[92.99157,28.27143],[93.00536,28.29494],[93.02847,28.30069],[93.05147,28.31187],[93.0614,28.30518],[93.06604,28.30702],[93.07828,28.3264],[93.08562,28.32596],[93.10255,28.34076],[93.12411,28.35],[93.13641,28.3613],[93.14912,28.36678],[93.14611,28.37979],[93.16333,28.40043],[93.17116,28.43925],[93.18216,28.44362],[93.18744,28.43684],[93.19114,28.43699],[93.19985,28.44184],[93.22072,28.44541],[93.22258,28.47179],[93.23158,28.47825],[93.24293,28.474],[93.25488,28.48556],[93.2594,28.4845],[93.26423,28.48896],[93.26984,28.50384],[93.28972,28.50273],[93.30778,28.52757],[93.32099,28.52935],[93.32681,28.52125],[93.35129,28.52682],[93.35939,28.53225],[93.36699,28.53142],[93.37085,28.5346],[93.38224,28.53185],[93.38802,28.53517],[93.39416,28.55295],[93.4094,28.57772],[93.41557,28.57622],[93.41921,28.58543],[93.43313,28.58328],[93.4457,28.59099],[93.45612,28.61419],[93.46151,28.61869],[93.50255,28.62915],[93.50823,28.64021],[93.50594,28.64318],[93.51242,28.66754],[93.52254,28.6737],[93.53791,28.67191],[93.56652,28.67524],[93.62506,28.6857],[93.6378,28.65423],[93.65801,28.66629],[93.67063,28.66924],[93.68791,28.67852],[93.70832,28.66376],[93.71553,28.66462],[93.7236,28.66739],[93.73135,28.68244],[93.75198,28.69314],[93.75709,28.69941],[93.78565,28.71205],[93.78909,28.72219],[93.78862,28.73342],[93.79171,28.73722],[93.79996,28.73323],[93.81204,28.74],[93.8351,28.7421],[93.84428,28.74806],[93.86285,28.74113],[93.89818,28.75633],[93.91064,28.74106],[93.91588,28.74154],[93.91948,28.74996],[93.91207,28.77253],[93.93976,28.78755],[93.94742,28.79558],[93.94762,28.8029],[93.95638,28.80466],[93.97488,28.82091],[93.98595,28.81145],[93.9894,28.80035],[93.98684,28.7958],[93.99474,28.79075],[94.02123,28.79328],[94.01873,28.82532],[94.02324,28.84291],[94.03878,28.85814],[94.05854,28.8579],[94.05978,28.87358],[94.07967,28.88399],[94.08468,28.8815],[94.11709,28.89017],[94.138,28.89153],[94.14186,28.898],[94.17469,28.912],[94.16725,28.91953],[94.1682,28.92631],[94.1796,28.93684],[94.20231,28.93269],[94.21441,28.93368],[94.22998,28.92825],[94.26198,28.93319],[94.26681,28.94715],[94.27469,28.95293],[94.27684,28.97027],[94.30308,28.98392],[94.30694,28.99601],[94.32167,28.99441],[94.33991,29.00121],[94.34922,29.01263],[94.36518,29.02455],[94.35702,29.03555],[94.34012,29.03563],[94.32633,29.04094],[94.32276,29.05663],[94.31374,29.06543],[94.31661,29.07546],[94.31467,29.07796],[94.29228,29.0822],[94.27642,29.09162],[94.27323,29.09893],[94.27682,29.11297],[94.2929,29.12446],[94.2941,29.15071],[94.31752,29.15485],[94.32383,29.15165],[94.33577,29.1547],[94.35019,29.15073],[94.37973,29.15306],[94.38755,29.16171],[94.39064,29.18344],[94.39796,29.18475],[94.41734,29.17775],[94.4301,29.18667],[94.44588,29.18198],[94.45164,29.18653],[94.45461,29.19427],[94.45231,29.20386],[94.45598,29.21245],[94.48982,29.20617],[94.50226,29.21538],[94.50589,29.2266],[94.5112,29.22982],[94.54196,29.22],[94.55203,29.22906],[94.55697,29.22821],[94.57391,29.25019],[94.57272,29.25473],[94.5851,29.26259],[94.59138,29.27316],[94.59738,29.27583],[94.60274,29.27421],[94.61834,29.28279],[94.62609,29.29417],[94.63122,29.29666],[94.64632,29.29623],[94.65391,29.3045],[94.65958,29.30643],[94.66538,29.30341],[94.6936,29.31776],[94.70265,29.31287],[94.71597,29.29001],[94.72356,29.29111],[94.73537,29.28671],[94.73672,29.2739],[94.74573,29.26237],[94.74907,29.25005],[94.74551,29.24299],[94.7517,29.22968],[94.77528,29.21568],[94.78954,29.21944],[94.80008,29.21219],[94.80278,29.20823],[94.79549,29.18777],[94.80438,29.16551],[94.84846,29.18329],[94.88189,29.17925],[94.90155,29.17166],[94.90055,29.16856],[94.90896,29.15927],[94.9228,29.15704],[94.93814,29.16229],[94.95474,29.15889],[94.96107,29.16114],[94.99093,29.14816],[94.99479,29.13812],[95.01592,29.12683],[95.02227,29.12831],[95.01463,29.13784],[95.01286,29.14975],[94.99562,29.16924],[94.9865,29.17323],[94.99349,29.17372],[95.04229,29.15066],[95.05237,29.15357],[95.06598,29.14694],[95.09788,29.14168],[95.10184,29.12686],[95.11936,29.11256],[95.10072,29.10097],[95.10402,29.09716],[95.12373,29.10069],[95.12981,29.09851],[95.13157,29.0914],[95.13501,29.08955],[95.15064,29.09099],[95.16043,29.09918],[95.1694,29.09983],[95.17612,29.10646],[95.19311,29.10162],[95.20721,29.10868],[95.21347,29.10857],[95.22935,29.10399],[95.23968,29.08449],[95.25288,29.08232],[95.2594,29.07314],[95.26526,29.07135],[95.27085,29.07379],[95.27235,29.08259],[95.27301,29.09761],[95.27028,29.10352],[95.2822,29.10984],[95.27797,29.11764],[95.28036,29.12099],[95.29012,29.12323],[95.29917,29.13729],[95.30622,29.14059],[95.34429,29.13507],[95.38155,29.13901],[95.39164,29.1358],[95.39636,29.12751],[95.41149,29.12577],[95.41415,29.12858],[95.41097,29.14833],[95.41637,29.15066],[95.41607,29.16317],[95.42063,29.17124],[95.41837,29.1827],[95.42512,29.18391],[95.43662,29.19216],[95.44952,29.17912],[95.45526,29.1774],[95.45285,29.17101],[95.45511,29.16654],[95.45038,29.16118],[95.45497,29.1541],[95.4527,29.14813],[95.45981,29.13712],[95.46673,29.13647],[95.48051,29.14356],[95.50716,29.12613],[95.51639,29.14338],[95.51404,29.14805],[95.51611,29.15525],[95.51318,29.15735],[95.51519,29.16389],[95.50654,29.17212],[95.50721,29.17726],[95.5018,29.18669],[95.50555,29.19441],[95.52742,29.18881],[95.53307,29.19475],[95.54862,29.19687],[95.56198,29.1864],[95.57579,29.18035],[95.58816,29.18806],[95.59817,29.18898],[95.60383,29.19403],[95.59524,29.20738],[95.59847,29.21595],[95.59624,29.22349],[95.60687,29.236],[95.62824,29.22909],[95.63594,29.22344],[95.63787,29.21708],[95.64828,29.21074],[95.66452,29.22395],[95.69867,29.22484],[95.7064,29.21417],[95.70397,29.20572],[95.7099,29.20434],[95.72313,29.21616],[95.73782,29.21865],[95.74308,29.22585],[95.73543,29.22812],[95.73028,29.23605],[95.73589,29.25513],[95.75304,29.27547],[95.74762,29.28954],[95.73773,29.29806],[95.74073,29.30375],[95.75891,29.32171],[95.77632,29.32289],[95.81479,29.34794],[95.84076,29.35259],[95.84398,29.34082],[95.83734,29.33417],[95.83945,29.32317],[95.85049,29.31678],[95.86921,29.31781],[95.87755,29.31459],[95.88515,29.32535],[95.89372,29.33102],[95.89982,29.33092],[95.93937,29.3488],[95.94287,29.36563],[95.95842,29.36834],[95.9668,29.37481],[95.9753,29.37076],[95.98095,29.36198],[95.99342,29.36876],[96.00574,29.36727],[96.01368,29.36165],[96.0537,29.38275],[96.0653,29.37237],[96.0948,29.3642],[96.13187,29.3479],[96.14229,29.33987],[96.14154,29.33442],[96.14521,29.3333],[96.14302,29.3149],[96.14916,29.31118],[96.15248,29.29621],[96.16985,29.29501],[96.17261,29.28754],[96.19501,29.26567],[96.21474,29.26572],[96.22271,29.26151],[96.2248,29.25634],[96.24569,29.24867],[96.26349,29.24639],[96.26175,29.23136],[96.26531,29.22236],[96.26151,29.21645],[96.27451,29.20982],[96.28681,29.20903],[96.28447,29.20302],[96.29807,29.19602],[96.30514,29.18391],[96.30382,29.18022],[96.31704,29.17413],[96.32062,29.16892],[96.31957,29.15989],[96.32496,29.15268],[96.32237,29.14617],[96.31111,29.1394],[96.31082,29.12163],[96.31612,29.11685],[96.33025,29.11311],[96.33328,29.10378],[96.33839,29.10233],[96.34936,29.08777],[96.35004,29.08255],[96.36525,29.08082],[96.3677,29.07357],[96.36255,29.04423],[96.37975,29.03175],[96.39022,29.03312],[96.41539,29.02122],[96.43368,29.00928],[96.44412,28.99507],[96.44358,28.98958],[96.43881,28.98737],[96.43591,28.9735],[96.43845,28.96034],[96.44765,28.94835],[96.44855,28.94022],[96.46698,28.93304],[96.48161,28.94192],[96.49198,28.94162],[96.50376,28.94861],[96.52186,28.93836],[96.52751,28.91825],[96.51669,28.90765],[96.51957,28.88812],[96.52644,28.88004],[96.52128,28.86906],[96.52366,28.86193],[96.53071,28.86011],[96.53488,28.8515],[96.54011,28.849],[96.55012,28.84959],[96.55663,28.83517],[96.57165,28.82261],[96.58956,28.8185],[96.57697,28.80344],[96.57814,28.79986],[96.57238,28.79026],[96.5735,28.78319],[96.58028,28.77912],[96.60279,28.78091],[96.6036,28.76002],[96.61396,28.74224],[96.63182,28.73335],[96.63014,28.70034],[96.64674,28.69144],[96.64016,28.67918],[96.64065,28.67328],[96.64656,28.66757],[96.64344,28.6634],[96.6447,28.65584],[96.63677,28.65072],[96.64815,28.62811],[96.64644,28.61915],[96.65057,28.61346],[96.65877,28.60952],[96.66361,28.60223],[96.68692,28.58978],[96.70343,28.59775],[96.71154,28.61145],[96.71817,28.6067],[96.71775,28.59051],[96.72245,28.57877],[96.75013,28.56824],[96.75242,28.55967],[96.76211,28.55288],[96.7509,28.54176],[96.75176,28.53202],[96.75958,28.5199],[96.76978,28.51442],[96.78983,28.51057],[96.79251,28.50642],[96.80087,28.50396],[96.8072,28.50618],[96.8121,28.50295],[96.8198,28.50387],[96.8501,28.48596],[96.86039,28.48324],[96.85966,28.47199],[96.86436,28.45639],[96.86196,28.45308],[96.88599,28.43007],[96.89318,28.41873],[96.892,28.41294],[96.88366,28.4034],[96.88802,28.38758],[96.90735,28.37703],[96.91292,28.36731],[96.92265,28.36357],[96.92141,28.35853],[96.92513,28.35261],[96.95458,28.34622],[96.97292,28.33104],[97.00049,28.32505],[97.02434,28.32986],[97.03968,28.33904],[97.05458,28.35837],[97.06787,28.36243],[97.07773,28.37077],[97.09818,28.36493],[97.1264,28.36189],[97.13696,28.35159],[97.1468,28.3512],[97.15354,28.33765],[97.16651,28.32964],[97.17827,28.33363],[97.20691,28.30234],[97.21393,28.30469],[97.23726,28.29404],[97.23522,28.28549],[97.24341,28.26483],[97.26354,28.26626],[97.26848,28.25807],[97.27026,28.24476],[97.2809,28.24556],[97.28437,28.23147],[97.2982,28.23336],[97.29804,28.2294],[97.32322,28.21965],[97.32635,28.21579],[97.34498,28.2152],[97.34742,28.20758],[97.36093,28.20338],[97.36019,28.1917],[97.35314,28.17583],[97.35849,28.16502],[97.35245,28.15814],[97.35302,28.15349],[97.34076,28.14988],[97.33321,28.14189],[97.32599,28.14123],[97.32471,28.13303],[97.32897,28.12632],[97.32317,28.11677],[97.32509,28.11058],[97.33103,28.10803],[97.32223,28.10197],[97.32622,28.09736],[97.32817,28.0843],[97.32344,28.08265],[97.31249,28.06258],[97.31917,28.05932],[97.33787,28.058],[97.34796,28.06539],[97.35305,28.06376],[97.35909,28.05062],[97.36597,28.04701],[97.37361,28.03574],[97.37761,28.0226],[97.38987,28.02269],[97.38864,28.01602],[97.39524,28.01206],[97.38364,27.99971],[97.38617,27.99503],[97.38355,27.98554],[97.37885,27.9843],[97.37178,27.97595],[97.36631,27.97698],[97.36193,27.96451],[97.37626,27.95064],[97.3666,27.9388],[97.37359,27.92241],[97.36986,27.90724],[97.3802,27.89175],[97.36911,27.88498],[97.3621,27.8729],[97.34469,27.88093],[97.34111,27.88552],[97.33297,27.88426],[97.3224,27.88751],[97.31926,27.88981],[97.32137,27.89516],[97.31417,27.90453],[97.30839,27.90475],[97.30448,27.91386],[97.29859,27.91619],[97.28171,27.9079],[97.28016,27.91011],[97.27259,27.90743],[97.2675,27.90932],[97.26207,27.90097],[97.24825,27.90017],[97.22587,27.87338],[97.21496,27.86913],[97.20731,27.85886],[97.19895,27.85459],[97.19754,27.84967],[97.18131,27.84017],[97.18463,27.83226],[97.16518,27.82817],[97.16478,27.81491],[97.14776,27.8043],[97.13709,27.80448],[97.12058,27.78473],[97.11326,27.7843],[97.11071,27.77636],[97.09646,27.76632],[97.09229,27.7572],[97.09818,27.75307],[97.09746,27.75033],[97.08528,27.73407],[97.06222,27.74709],[97.06378,27.75498],[97.05557,27.79077],[97.05809,27.79826],[97.04934,27.80483],[97.04496,27.81431],[97.02514,27.8168],[97.02269,27.81079],[97.00884,27.81004],[97.00366,27.82483],[96.99088,27.83898],[96.98453,27.85233],[96.97235,27.86375],[96.94377,27.87263],[96.93678,27.88016],[96.9297,27.87937],[96.92392,27.88439],[96.90727,27.88798],[96.90364,27.88503],[96.89226,27.8845],[96.88047,27.87631],[96.87773,27.87869],[96.85963,27.87568],[96.84927,27.87773],[96.83631,27.89107],[96.82251,27.89472],[96.80966,27.89403],[96.80309,27.89934],[96.79305,27.91515],[96.79002,27.93053],[96.78518,27.93387],[96.76599,27.93514],[96.74362,27.94805],[96.72116,27.95167],[96.70458,27.95982],[96.68901,27.95519],[96.67409,27.95556],[96.65206,27.97254],[96.64687,27.98258],[96.63522,27.99443],[96.63471,28.00304],[96.62855,28.00797],[96.62697,28.01526],[96.6215,28.01749],[96.62078,28.02811],[96.61268,28.03757],[96.60379,28.04234],[96.58057,28.0421],[96.57937,28.05378],[96.57289,28.06326],[96.54479,28.06587],[96.54009,28.06994],[96.53886,28.07867],[96.52375,28.07585],[96.51689,28.08116],[96.50902,28.08009],[96.49709,28.06816],[96.49343,28.06956],[96.48207,28.0987],[96.48362,28.10973],[96.4798,28.12006],[96.45291,28.14353],[96.44743,28.15321],[96.43716,28.15865],[96.42117,28.16533],[96.40719,28.16266],[96.39566,28.15346],[96.38831,28.15186],[96.39281,28.13858],[96.387,28.13375],[96.38758,28.12835],[96.37103,28.12182],[96.3461,28.13083],[96.32721,28.13294],[96.30645,28.14182],[96.29441,28.14012],[96.28473,28.15717],[96.28854,28.16449],[96.28619,28.17657],[96.27944,28.18399],[96.27906,28.1925],[96.28582,28.20023],[96.26672,28.2381],[96.25332,28.2508],[96.24103,28.24705],[96.23571,28.24062],[96.2253,28.23912],[96.2058,28.21474],[96.17763,28.21632],[96.1646,28.2095],[96.14623,28.21325],[96.12296,28.20491],[96.09812,28.21725],[96.05997,28.19482],[96.04922,28.19913],[96.01246,28.19367],[95.97376,28.20227],[95.96586,28.21045],[95.95881,28.22607],[95.93471,28.24249],[95.91263,28.24193],[95.90281,28.24561],[95.89718,28.25496],[95.90097,28.26351],[95.89837,28.28047],[95.88764,28.28893],[95.88392,28.29647],[95.87455,28.29903],[95.87265,28.30412],[95.86569,28.30516],[95.85795,28.29552],[95.8389,28.28329],[95.82968,28.2843],[95.82185,28.29977],[95.81446,28.30169],[95.79948,28.29084],[95.77717,28.2809],[95.74208,28.27747],[95.73333,28.27151],[95.72071,28.26833],[95.70844,28.25785],[95.66922,28.24443],[95.63829,28.23859],[95.5422,28.19095],[95.43265,28.16199],[95.42305,28.15125],[95.3966,28.13807],[95.37251,28.13103],[95.34845,28.10265],[95.34242,28.09119],[95.35554,28.0594],[95.35138,28.04099],[95.31139,27.98946],[95.29368,27.95215],[95.27752,27.93679],[95.24002,27.91662],[95.16546,27.89587],[95.15773,27.88879],[95.13248,27.87711],[95.13102,27.87152],[95.09535,27.85958],[95.08141,27.84645],[95.07288,27.84671],[95.03222,27.83055],[95.01085,27.83067],[94.9746,27.80988],[94.95323,27.80619],[94.93284,27.79038],[94.92663,27.79066],[94.92128,27.78234],[94.9102,27.77736],[94.89971,27.76614],[94.86471,27.74191],[94.84269,27.73495],[94.83168,27.73644],[94.80308,27.72347],[94.79037,27.72235],[94.77392,27.70123],[94.74133,27.70016],[94.72894,27.69059],[94.68218,27.67028],[94.67618,27.66289],[94.6472,27.65519],[94.63599,27.64431],[94.62545,27.64268],[94.61931,27.63785],[94.60241,27.63615],[94.5842,27.62837],[94.56691,27.61611],[94.5378,27.61023],[94.52162,27.60032],[94.50927,27.60449],[94.48998,27.59879],[94.47212,27.59855],[94.46393,27.6036],[94.45881,27.60362],[94.44926,27.59734],[94.41919,27.60019],[94.40681,27.58957],[94.39166,27.5885],[94.36933,27.57597],[94.35234,27.5764],[94.34331,27.58168],[94.33666,27.57912],[94.33386,27.58529],[94.30765,27.591],[94.27638,27.58884],[94.27345,27.58663],[94.27482,27.57952],[94.26359,27.56175],[94.24045,27.54264],[94.19719,27.51813],[94.19327,27.50694],[94.17434,27.49061],[94.15316,27.47772],[94.13807,27.45754],[94.11038,27.43917],[94.05344,27.39055],[94.04232,27.37372],[94.02197,27.35696],[93.97262,27.2982],[93.91847,27.24603],[93.90476,27.23783],[93.89479,27.22721],[93.89549,27.21742],[93.86016,27.18558],[93.85474,27.17452],[93.85062,27.14856],[93.85037,27.09376],[93.84517,27.05378],[93.8348,27.03077],[93.81984,27.01729],[93.80092,27.01193],[93.7289,27.0014],[93.67061,26.97207],[93.58155,26.94192],[93.43487,26.92811],[93.34641,26.9287],[93.07435,26.88774],[93.04326,26.89102],[92.97061,26.91602],[92.89436,26.92277],[92.86866,26.91992],[92.80711,26.89722],[92.79081,26.89739],[92.76697,26.90733],[92.72918,26.92929],[92.70136,26.93475],[92.6799,26.9476],[92.67257,26.95662],[92.65529,26.96137],[92.6118,26.95614],[92.59121,26.94913],[92.5549,26.94399],[92.52063,26.93269],[92.51157,26.93496],[92.496,26.92621],[92.4661,26.91604],[92.28825,26.88364],[92.21417,26.86453],[92.1639,26.85581],[92.11452,26.8572],[92.10997,26.87244],[92.11718,26.89758],[92.11671,26.90712],[92.11378,26.9103],[92.11694,26.92693],[92.11475,26.93377],[92.11811,26.94289],[92.11276,26.95105],[92.12132,26.96102],[92.12081,26.97075],[92.10523,26.97974],[92.10432,26.9868],[92.10766,26.98923],[92.10339,27.00401],[92.09539,27.01141],[92.07765,27.01817],[92.08192,27.04024],[92.05168,27.05201],[92.04511,27.05165],[92.03847,27.06054],[92.03864,27.06941],[92.03122,27.07999],[92.02999,27.10014],[92.02317,27.10941],[92.03607,27.13739],[92.02672,27.16803],[92.03622,27.18026],[92.05192,27.1841],[92.05707,27.18856],[92.06209,27.21059],[92.06925,27.21584],[92.07196,27.23297],[92.05934,27.25226],[92.03857,27.25485],[92.03767,27.25799],[92.04674,27.26927],[92.07282,27.27808],[92.08839,27.26986],[92.11394,27.2696],[92.12045,27.27153],[92.12435,27.27706],[92.12375,27.28284],[92.12134,27.28861],[92.11292,27.29495],[92.09948,27.30295],[92.0882,27.30468],[92.0649,27.32734],[92.06179,27.34312],[92.05211,27.35242],[92.04774,27.36245],[92.04856,27.37632],[92.0549,27.38556],[92.05436,27.40357],[92.03739,27.41796],[92.03916,27.42426],[92.04391,27.42654],[92.04151,27.43674],[92.02702,27.44047],[92.02233,27.44624],[92.02325,27.45813],[92.01946,27.47753],[92.01594,27.48001],[92.00717,27.47602],[91.99401,27.47911],[91.98761,27.46643],[91.97952,27.46342],[91.97201,27.4664],[91.96109,27.46005],[91.95134,27.45974],[91.93094,27.4652],[91.92278,27.47388],[91.89676,27.4709],[91.88597,27.47493],[91.8721,27.47073],[91.86335,27.48316],[91.85554,27.48165],[91.84856,27.48663],[91.84353,27.4779],[91.83006,27.46865],[91.82508,27.46794],[91.80662,27.47615],[91.77871,27.46541],[91.76773,27.46528],[91.76605,27.4743],[91.75118,27.47558],[91.74819,27.4722],[91.72908,27.46932],[91.71338,27.47547],[91.71711,27.49843],[91.70981,27.49773],[91.6928,27.50548],[91.68514,27.50047],[91.68345,27.49475],[91.66965,27.49204],[91.6613,27.48551],[91.6519,27.48328],[91.64664,27.5006],[91.62383,27.51388],[91.61195,27.54151],[91.59508,27.54204],[91.582,27.55752],[91.584,27.56418],[91.58036,27.57014],[91.5732,27.57305],[91.57258,27.57955],[91.56609,27.58357],[91.57173,27.59674],[91.5839,27.60895],[91.56493,27.62595],[91.56317,27.63614]]]]}},{"type":"Feature","properties":{"ISO_A3":"","WB_A3":"","WB_NAME":"Kalapani","WB_REGION":"","STATUS":"non-determined","AREA_ID":"kalapani","CLAIMANTS":"NPL,IND"},"geometry":{"type":"MultiPolygon","coordinates":[[[[80.54124,30.44928],[80.55129,30.44978],[80.55884,30.45378],[80.56604,30.46404],[80.57624,30.46394],[80.58452,30.46869],[80.59658,30.46748],[80.59831,30.47086],[80.60631,30.47154],[80.61327,30.45929],[80.62397,30.46184],[80.63688,30.4504],[80.65865,30.44221],[80.6775,30.42925],[80.67741,30.424],[80.68652,30.42006],[80.68754,30.41612],[80.69752,30.41318],[80.70812,30.41707],[80.73071,30.40068],[80.73456,30.40127],[80.74937,30.3871],[80.75097,30.37957],[80.76446,30.37256],[80.77555,30.36265],[80.77924,30.35501],[80.78633,30.35359],[80.78534,30.3439],[80.80221,30.33327],[80.80146,30.32466],[80.81797,30.32247],[80.82567,30.31473],[80.83379,30.3129],[80.84474,30.31712],[80.86221,30.31403],[80.87227,30.30666],[80.87383,30.30083],[80.90652,30.30374],[80.90904,30.30166],[80.9086,30.29448],[80.91458,30.28685],[80.92712,30.28312],[80.93021,30.279],[80.93059,30.27616],[80.9261,30.27347],[80.92679,30.26708],[80.93593,30.26337],[80.95291,30.27053],[80.98227,30.27126],[81.00415,30.26393],[81.01157,30.25413],[81.03087,30.24689],[81.02642,30.22627],[81.02958,30.22553],[81.02901,30.21942],[81.04494,30.21107],[81.04496,30.2062],[81.03389,30.20117],[81.03479,30.19733],[81.02939,30.19495],[81.00934,30.19372],[80.99681,30.18608],[80.97425,30.1915],[80.96977,30.18897],[80.97036,30.18614],[80.95245,30.18449],[80.9407,30.17729],[80.92798,30.1752],[80.92051,30.18115],[80.91616,30.18977],[80.92282,30.20814],[80.91908,30.21601],[80.90806,30.22139],[80.89692,30.21241],[80.88384,30.1946],[80.88544,30.18834],[80.87941,30.18045],[80.86624,30.17433],[80.86274,30.16921],[80.82727,30.20871],[80.81879,30.22454],[80.79573,30.23876],[80.77103,30.27427],[80.76133,30.27984],[80.761,30.29424],[80.75814,30.30352],[80.75306,30.30817],[80.7424,30.30639],[80.73625,30.30883],[80.73358,30.31719],[80.71552,30.32899],[80.69917,30.33392],[80.68326,30.33386],[80.66603,30.34378],[80.66039,30.35343],[80.6546,30.37882],[80.6385,30.38939],[80.63459,30.40178],[80.62675,30.40982],[80.62761,30.41748],[80.62286,30.42418],[80.62224,30.43229],[80.61215,30.44431],[80.59839,30.44756],[80.5742,30.44333],[80.55633,30.42708],[80.53507,30.41695],[80.52529,30.42504],[80.52881,30.43663],[80.53913,30.44411],[80.54124,30.44928]]]]}},{"type":"Feature","properties":{"ISO_A3":"","WB_A3":"","WB_NAME":"Jammu and Kashmir","WB_REGION":"","STATUS":"non-determined","AREA_ID":"jammu-and-kashmir-pak","CLAIMANTS":"IND,PAK","ADMIN":"PAK"},"geometry":{"type":"MultiPolygon","coordinates":[[[[75.94551,36.60275],[75.94575,36.59515],[75.94163,36.58671],[75.92483,36.57263],[75.92312,36.56545],[75.92652,36.56068],[75.93598,36.55931],[75.94154,36.5543],[75.94978,36.53962],[75.96379,36.5331],[75.96248,36.52182],[75.96904,36.51139],[75.97603,36.50773],[75.9851,36.50946],[75.98784,36.50577],[75.98946,36.49012],[76.00871,36.47087],[76.02119,36.43744],[76.02715,36.43128],[76.0312,36.41359],[76.03595,36.40801],[76.0262,36.39119],[76.00509,36.38586],[75.99787,36.36057],[75.99434,36.3548],[75.98501,36.35083],[75.98591,36.3397],[75.99274,36.33395],[75.99596,36.32379],[75.99477,36.30776],[76.01777,36.29996],[76.02551,36.27096],[76.03924,36.26393],[76.04785,36.2508],[76.05804,36.24474],[76.06235,36.23515],[76.05918,36.22369],[76.03912,36.22614],[76.028,36.23567],[76.00396,36.23172],[76.00777,36.22527],[76.00653,36.21628],[76.01002,36.21351],[76.00668,36.19914],[76.01142,36.19245],[76.00412,36.1868],[76.01054,36.17607],[76.01466,36.17727],[76.02421,36.17142],[76.01121,36.17117],[76.00411,36.16437],[75.99576,36.16614],[75.98607,36.16196],[75.98225,36.16458],[75.9677,36.16236],[75.96373,36.15733],[75.96852,36.14963],[75.95098,36.14072],[75.93326,36.13627],[75.9338,36.12604],[75.94833,36.11755],[75.94994,36.11245],[75.93847,36.10393],[75.94275,36.10029],[75.945,36.08806],[75.95387,36.07869],[75.9428,36.07348],[75.94259,36.07005],[75.9521,36.06606],[75.94947,36.05943],[75.95117,36.05442],[75.9575,36.04959],[75.95767,36.04596],[75.9769,36.03492],[75.97642,36.03161],[75.98566,36.02962],[76.00219,36.01953],[76.02158,36.02084],[76.03054,36.02609],[76.03827,36.02284],[76.04403,36.02512],[76.08024,36.02373],[76.09954,36.01762],[76.10363,36.01223],[76.0997,36.00856],[76.09745,35.99665],[76.10292,35.99407],[76.10681,35.97583],[76.13729,35.95364],[76.13781,35.94758],[76.14389,35.94132],[76.14762,35.93116],[76.16027,35.91936],[76.15895,35.90853],[76.14792,35.89166],[76.1533,35.88129],[76.1491,35.87488],[76.15464,35.86609],[76.14121,35.84857],[76.14586,35.83585],[76.16997,35.82048],[76.17685,35.82372],[76.19261,35.82268],[76.21774,35.8271],[76.22308,35.83329],[76.22501,35.84253],[76.26542,35.83921],[76.29574,35.84368],[76.30134,35.84223],[76.30867,35.83169],[76.32448,35.83645],[76.33827,35.83039],[76.35837,35.82847],[76.35434,35.83657],[76.3565,35.84645],[76.35148,35.85524],[76.36277,35.86092],[76.36281,35.86356],[76.39138,35.85975],[76.40433,35.85332],[76.42337,35.85576],[76.42805,35.85368],[76.44558,35.86536],[76.4479,35.87412],[76.45626,35.88421],[76.46989,35.89098],[76.48444,35.88824],[76.48994,35.89007],[76.50988,35.88547],[76.51325,35.88178],[76.51833,35.88431],[76.53067,35.89611],[76.5468,35.90255],[76.54264,35.90982],[76.54402,35.92452],[76.54927,35.92819],[76.56085,35.92196],[76.56716,35.92533],[76.58331,35.92127],[76.58676,35.90992],[76.59958,35.90133],[76.58703,35.88326],[76.57275,35.87041],[76.58325,35.86288],[76.58697,35.84543],[76.56003,35.82235],[76.56567,35.81809],[76.56392,35.81377],[76.57499,35.80524],[76.57858,35.79709],[76.59244,35.78314],[76.58545,35.77889],[76.58694,35.77475],[76.60171,35.77194],[76.61638,35.76256],[76.62689,35.76943],[76.6405,35.77031],[76.6492,35.76378],[76.64627,35.75741],[76.66968,35.75397],[76.67782,35.75557],[76.6898,35.75021],[76.69398,35.74588],[76.6922,35.7424],[76.69608,35.72493],[76.70441,35.72427],[76.72534,35.71068],[76.7333,35.69791],[76.7434,35.6942],[76.74565,35.68648],[76.7583,35.68052],[76.75511,35.67126],[76.75972,35.66325],[76.77721,35.65813],[76.78246,35.64294],[76.77207,35.63868],[76.75923,35.63803],[76.75648,35.62768],[76.78961,35.59323],[76.79157,35.57887],[76.78562,35.57684],[76.7762,35.57983],[76.76418,35.56151],[76.74955,35.55474],[76.74747,35.53844],[76.76539,35.51525],[76.77665,35.51489],[76.7873,35.51875],[76.79843,35.51734],[76.79167,35.50625],[76.79094,35.49599],[76.80424,35.48338],[76.80363,35.47903],[76.80968,35.47371],[76.81568,35.46097],[76.82143,35.45496],[76.82825,35.4552],[76.8375,35.44342],[76.84158,35.42965],[76.83327,35.42238],[76.84995,35.39651],[76.85802,35.39124],[76.89601,35.38618],[76.90756,35.38965],[76.91927,35.40138],[76.94018,35.39683],[76.94768,35.39317],[76.95505,35.38317],[76.94946,35.3762],[76.9538,35.36701],[76.96919,35.35978],[76.98248,35.35996],[76.98583,35.35618],[76.98574,35.35179],[76.97791,35.34421],[76.98941,35.32931],[76.9878,35.32072],[76.98347,35.32042],[76.98349,35.31731],[76.98912,35.31213],[76.99896,35.31121],[77.02063,35.29566],[77.00784,35.29433],[76.99591,35.2886],[76.99939,35.28033],[76.99226,35.27805],[76.994,35.26815],[76.98211,35.26597],[76.9767,35.25997],[76.9751,35.25135],[76.98352,35.24451],[76.9966,35.24188],[77.00374,35.23082],[76.99061,35.21398],[76.99119,35.20981],[77.00342,35.20383],[77.00803,35.18922],[77.01556,35.18342],[77.04068,35.18341],[77.08586,35.16836],[77.08467,35.14774],[77.0827,35.14255],[77.06912,35.13519],[77.07037,35.1226],[77.08139,35.11642],[77.07905,35.10185],[77.08539,35.09594],[77.11148,35.08939],[77.11336,35.07573],[77.12035,35.06481],[77.11659,35.05233],[77.08861,35.04305],[77.06738,35.05293],[77.04899,35.0515],[77.03631,35.0376],[77.01639,35.03571],[77.01199,35.0251],[77.00615,35.02414],[77.00561,35.00859],[77.01033,35.00029],[77.00686,34.99235],[77.0083,34.97456],[76.99557,34.93247],[76.86876,34.9836],[76.85779,34.96367],[76.81209,34.95327],[76.78361,34.94018],[76.77248,34.93168],[76.75628,34.93929],[76.74858,34.9144],[76.74885,34.90711],[76.75786,34.89483],[76.74766,34.83075],[76.71185,34.80939],[76.68117,34.74975],[76.63896,34.75533],[76.61911,34.74971],[76.60189,34.74924],[76.54217,34.76665],[76.52389,34.77762],[76.50198,34.79695],[76.4726,34.7987],[76.46416,34.79672],[76.43265,34.77249],[76.4305,34.76974],[76.43317,34.75411],[76.42892,34.75105],[76.29571,34.71788],[76.25965,34.71514],[76.27188,34.69664],[76.25839,34.69262],[76.25087,34.68512],[76.25006,34.67958],[76.25466,34.67277],[76.24003,34.67413],[76.20323,34.66118],[76.19342,34.66127],[76.16889,34.64619],[76.1609,34.63316],[76.14482,34.63703],[76.13787,34.63427],[76.13083,34.6393],[76.11703,34.6398],[76.10193,34.64761],[76.10073,34.66186],[76.08897,34.66501],[76.08809,34.67315],[76.08122,34.67389],[76.06364,34.68716],[76.05812,34.68945],[76.0341,34.68634],[76.00975,34.66536],[75.99688,34.64971],[75.99129,34.63603],[75.97232,34.6383],[75.96494,34.63585],[75.90311,34.58776],[75.83836,34.55931],[75.77952,34.51061],[75.69703,34.52206],[75.66044,34.53295],[75.46878,34.53965],[75.36538,34.53763],[75.34458,34.56222],[75.32774,34.56846],[75.31961,34.56517],[75.31145,34.57726],[75.29846,34.58747],[75.29054,34.58867],[75.28642,34.59539],[75.27637,34.59515],[75.26609,34.60205],[75.25266,34.59927],[75.24757,34.60293],[75.25369,34.6171],[75.2681,34.62134],[75.26979,34.62802],[75.26581,34.63832],[75.25404,34.63702],[75.23626,34.64203],[75.22026,34.64215],[75.19089,34.6513],[75.17612,34.64588],[75.17432,34.65057],[75.1623,34.6565],[75.14572,34.6553],[75.13777,34.65109],[75.12642,34.65373],[75.12062,34.64773],[75.10826,34.65112],[75.09861,34.64934],[75.08704,34.65489],[75.07874,34.6472],[75.05278,34.63568],[75.03347,34.63744],[75.02547,34.62915],[75.0094,34.64104],[75.00182,34.64316],[74.99766,34.65069],[74.98477,34.64573],[74.97671,34.65346],[74.92918,34.67337],[74.86404,34.67376],[74.86045,34.68063],[74.85141,34.68408],[74.84003,34.67364],[74.74135,34.67928],[74.73391,34.68289],[74.73076,34.68084],[74.65182,34.70575],[74.58776,34.74947],[74.57801,34.76039],[74.56505,34.76458],[74.50546,34.76932],[74.4776,34.77949],[74.47307,34.77094],[74.46624,34.77189],[74.45996,34.78064],[74.44199,34.77972],[74.43527,34.77375],[74.39559,34.78547],[74.34416,34.7871],[74.32327,34.78435],[74.31758,34.77759],[74.30893,34.78145],[74.24108,34.72666],[74.21171,34.71877],[74.15855,34.68982],[74.15493,34.68009],[74.14474,34.67067],[74.14596,34.65869],[74.12627,34.65895],[74.11478,34.66422],[74.10806,34.67994],[74.10347,34.68004],[74.09262,34.66984],[74.07132,34.66947],[74.04645,34.67352],[74.02387,34.68335],[73.98752,34.68168],[73.96864,34.6855],[73.95329,34.67129],[73.95522,34.66422],[73.94745,34.65548],[73.95359,34.65094],[73.93494,34.64603],[73.93207,34.64089],[73.93347,34.61637],[73.92872,34.60966],[73.92837,34.60315],[73.9523,34.59768],[73.95298,34.58168],[73.95941,34.57989],[73.95144,34.569],[73.95632,34.56548],[73.94557,34.55417],[73.9408,34.55164],[73.93847,34.55346],[73.90472,34.52774],[73.91103,34.51859],[73.89504,34.51196],[73.88819,34.49983],[73.89104,34.49187],[73.88206,34.48384],[73.88094,34.47557],[73.88774,34.46547],[73.88748,34.45301],[73.87856,34.45321],[73.84702,34.4315],[73.84175,34.43514],[73.83944,34.43354],[73.84096,34.42726],[73.80547,34.42768],[73.80163,34.41848],[73.77565,34.39868],[73.76705,34.38555],[73.75595,34.38095],[73.75737,34.37794],[73.7509,34.37094],[73.75296,34.35729],[73.7506,34.34464],[73.75823,34.34489],[73.77563,34.33269],[73.79856,34.33813],[73.80073,34.34532],[73.81489,34.3461],[73.81058,34.33968],[73.81478,34.33367],[73.84562,34.32918],[73.85454,34.32206],[73.86593,34.33549],[73.886,34.33378],[73.90184,34.34518],[73.90408,34.35223],[73.91341,34.35217],[73.91393,34.34775],[73.92514,34.33976],[73.93719,34.3356],[73.91831,34.31061],[73.91861,34.30688],[73.93077,34.30681],[73.93078,34.31286],[73.94146,34.31331],[73.94275,34.30122],[73.93738,34.29766],[73.93715,34.28549],[73.94287,34.28504],[73.94669,34.27804],[73.99114,34.27353],[73.98981,34.26117],[74.009,34.22222],[73.99832,34.20891],[73.99935,34.19825],[74.01124,34.1957],[74.00866,34.19131],[74.00051,34.18873],[74.00003,34.18348],[73.99019,34.1759],[73.98094,34.17587],[73.95987,34.16834],[73.95883,34.16026],[73.96731,34.15788],[73.96556,34.15282],[73.95252,34.15238],[73.95281,34.14729],[73.94633,34.14308],[73.94887,34.13861],[73.94666,34.13611],[73.92668,34.12753],[73.92919,34.11637],[73.92678,34.10349],[73.905,34.10608],[73.90235,34.08645],[73.90735,34.08237],[73.8996,34.07278],[73.89607,34.05989],[73.89997,34.04979],[73.92153,34.037],[73.92554,34.02438],[73.96919,34.01092],[73.97091,34.01361],[73.98623,34.01247],[74.00518,34.0214],[74.01263,34.03549],[74.01811,34.03815],[74.04163,34.0366],[74.04946,34.0306],[74.05522,34.0308],[74.06826,34.03642],[74.08487,34.03599],[74.08369,34.03857],[74.10615,34.03735],[74.12957,34.0465],[74.14372,34.04514],[74.16304,34.02719],[74.17347,34.02912],[74.17592,34.03351],[74.18132,34.02237],[74.19805,34.01632],[74.21558,34.01719],[74.21739,34.02016],[74.21351,34.02346],[74.21834,34.02651],[74.23357,34.02386],[74.23901,34.0123],[74.25451,34.00434],[74.25536,33.99649],[74.2637,33.98499],[74.26004,33.97787],[74.27698,33.96858],[74.26713,33.95349],[74.27567,33.94931],[74.28216,33.93492],[74.27579,33.92178],[74.27774,33.91127],[74.27568,33.90811],[74.28142,33.90293],[74.27582,33.89867],[74.27635,33.89547],[74.24535,33.88125],[74.21297,33.85545],[74.20655,33.85835],[74.20601,33.84978],[74.19517,33.8478],[74.19375,33.84165],[74.16539,33.83784],[74.14778,33.83031],[74.13238,33.82938],[74.11155,33.82319],[74.11032,33.82561],[74.09311,33.82746],[74.05819,33.82343],[74.04744,33.8147],[74.0442,33.80492],[74.03544,33.80522],[74.03255,33.79618],[74.01063,33.77748],[74.00764,33.77317],[74.01148,33.76206],[74.00064,33.74181],[73.98455,33.74044],[73.98107,33.7336],[73.97307,33.73171],[73.96204,33.72359],[73.96064,33.71698],[73.96602,33.70787],[73.98139,33.70644],[73.98238,33.70277],[73.97862,33.69788],[73.98939,33.68321],[73.98334,33.67585],[73.99287,33.6543],[73.98356,33.65477],[73.98087,33.64255],[73.98337,33.63703],[73.99883,33.62329],[73.9987,33.61822],[74.01207,33.61095],[74.01654,33.60251],[74.02451,33.59618],[74.03067,33.58055],[74.03511,33.5765],[74.0566,33.57566],[74.05541,33.57763],[74.06427,33.58352],[74.08025,33.58437],[74.09392,33.57137],[74.10589,33.57455],[74.11365,33.57176],[74.12706,33.56015],[74.13946,33.557],[74.15796,33.5341],[74.15763,33.51065],[74.1645,33.50045],[74.19175,33.47936],[74.19244,33.47494],[74.18912,33.46907],[74.18151,33.47111],[74.18415,33.46554],[74.18114,33.45078],[74.18373,33.44611],[74.17727,33.43986],[74.17613,33.43283],[74.17869,33.4311],[74.17831,33.41248],[74.18812,33.40731],[74.18688,33.38616],[74.18054,33.37216],[74.17452,33.37282],[74.1721,33.36974],[74.16521,33.34584],[74.16758,33.34492],[74.16418,33.33749],[74.15557,33.33445],[74.15592,33.32669],[74.14354,33.32191],[74.12464,33.30371],[74.10733,33.30016],[74.09006,33.2841],[74.07813,33.28568],[74.05386,33.27984],[74.04829,33.28693],[74.0446,33.28553],[74.04638,33.28241],[74.0438,33.27877],[74.02634,33.27082],[74.02615,33.26725],[74.01754,33.26955],[74.01239,33.26357],[74.01551,33.26112],[74.01365,33.25408],[74.00677,33.25003],[74.00114,33.23732],[74.00705,33.23132],[74.00519,33.22235],[74.00757,33.21724],[74.0163,33.21366],[74.01716,33.2061],[74.03629,33.19712],[74.04462,33.20175],[74.0501,33.20144],[74.05378,33.19407],[74.06121,33.19761],[74.06893,33.19576],[74.08481,33.17536],[74.10036,33.1666],[74.11045,33.16611],[74.11698,33.15894],[74.12072,33.16201],[74.12797,33.16023],[74.13365,33.15067],[74.14763,33.1425],[74.15405,33.13624],[74.1572,33.12509],[74.16498,33.1224],[74.16111,33.11064],[74.16416,33.10583],[74.17723,33.09918],[74.18257,33.08931],[74.17041,33.08097],[74.16986,33.0763],[74.17298,33.07402],[74.18959,33.07026],[74.19251,33.07294],[74.20237,33.06661],[74.20897,33.06809],[74.21393,33.06173],[74.23096,33.05744],[74.23593,33.05098],[74.25634,33.0438],[74.26671,33.04448],[74.27674,33.03781],[74.30235,33.0314],[74.32452,33.03111],[74.31935,33.02161],[74.32142,33.00672],[74.33937,32.95182],[74.31046,32.93553],[74.31358,32.92837],[74.32777,32.9192],[74.34862,32.92223],[74.37331,32.91742],[74.37594,32.9155],[74.37309,32.91392],[74.38691,32.91102],[74.39814,32.9032],[74.41588,32.89666],[74.41942,32.8854],[74.41403,32.86761],[74.42013,32.8546],[74.41909,32.84276],[74.42172,32.83653],[74.43751,32.82288],[74.43839,32.81204],[74.44615,32.80226],[74.44798,32.79397],[74.45738,32.78834],[74.44836,32.78522],[74.43719,32.79074],[74.38804,32.80345],[74.35362,32.78949],[74.31154,32.78596],[74.27519,32.81275],[74.26606,32.83123],[74.2534,32.84628],[74.18349,32.8657],[74.167,32.87477],[74.15358,32.89331],[74.14403,32.90019],[74.03057,32.92794],[74.00646,32.94828],[73.96382,32.94337],[73.95346,32.9498],[73.95319,32.97046],[73.926,33.00151],[73.89191,32.99554],[73.84988,33.01638],[73.83035,33.01785],[73.78159,33.00691],[73.77735,33.03067],[73.76555,33.04624],[73.75403,33.0474],[73.73445,33.06785],[73.71864,33.07141],[73.70077,33.08936],[73.66101,33.08331],[73.6488,33.08705],[73.63857,33.08632],[73.6343,33.09032],[73.63186,33.10516],[73.63119,33.11304],[73.63521,33.12127],[73.63272,33.13918],[73.63736,33.15351],[73.66042,33.1568],[73.66986,33.1645],[73.67226,33.17224],[73.67163,33.20745],[73.65348,33.21291],[73.64923,33.2196],[73.64501,33.22017],[73.63936,33.20698],[73.63243,33.20977],[73.63114,33.22298],[73.63682,33.22517],[73.63811,33.23006],[73.621,33.23649],[73.61938,33.24446],[73.61337,33.24769],[73.61668,33.25725],[73.60699,33.2738],[73.60392,33.2952],[73.59558,33.30404],[73.58905,33.3217],[73.59062,33.32528],[73.59846,33.32477],[73.60142,33.32886],[73.60062,33.33466],[73.59351,33.34041],[73.58371,33.32804],[73.57811,33.32751],[73.57693,33.33385],[73.56978,33.33984],[73.58257,33.35315],[73.58029,33.35607],[73.57083,33.35565],[73.56536,33.37036],[73.57295,33.3796],[73.56997,33.38323],[73.57232,33.3922],[73.5812,33.39753],[73.58171,33.40542],[73.58899,33.40836],[73.5916,33.41526],[73.60002,33.41807],[73.60208,33.42369],[73.5933,33.42174],[73.58652,33.42499],[73.59361,33.42837],[73.59517,33.43899],[73.61082,33.43973],[73.61948,33.45],[73.62985,33.44876],[73.63172,33.46196],[73.62001,33.46399],[73.62039,33.47596],[73.61688,33.47775],[73.61395,33.47194],[73.60896,33.47299],[73.61064,33.48219],[73.60477,33.48518],[73.60294,33.49778],[73.60495,33.5019],[73.61778,33.49869],[73.61063,33.51252],[73.61209,33.51497],[73.61918,33.51481],[73.63023,33.5258],[73.63983,33.52534],[73.63823,33.53415],[73.62675,33.53579],[73.62262,33.54126],[73.62692,33.55004],[73.62584,33.56423],[73.62881,33.56983],[73.62134,33.57928],[73.60526,33.58781],[73.61087,33.60067],[73.60952,33.60401],[73.60127,33.59973],[73.59626,33.60091],[73.58487,33.6164],[73.5683,33.61721],[73.56731,33.6201],[73.57781,33.64166],[73.56665,33.66515],[73.57235,33.67589],[73.59875,33.69998],[73.60517,33.71408],[73.60581,33.72717],[73.60129,33.73318],[73.59825,33.74882],[73.57319,33.7646],[73.5603,33.77912],[73.55987,33.78358],[73.57637,33.83048],[73.57783,33.84245],[73.58964,33.86147],[73.58696,33.87469],[73.59297,33.8779],[73.59367,33.88986],[73.58482,33.90479],[73.56793,33.91638],[73.55992,33.92873],[73.54746,33.93858],[73.53702,33.95747],[73.5376,33.96553],[73.53182,33.97169],[73.53301,33.97839],[73.52613,33.99151],[73.51357,34.00272],[73.51474,34.02197],[73.51044,34.0264],[73.50519,34.06398],[73.49861,34.07014],[73.49962,34.09428],[73.49522,34.10062],[73.4957,34.11385],[73.49033,34.12666],[73.49632,34.13315],[73.49056,34.14038],[73.49365,34.14458],[73.48973,34.16515],[73.48984,34.1838],[73.49475,34.1953],[73.49157,34.20244],[73.49602,34.2084],[73.47821,34.23609],[73.47228,34.25315],[73.47469,34.26461],[73.4837,34.27102],[73.48519,34.27599],[73.48119,34.28024],[73.48179,34.2862],[73.47744,34.29004],[73.47263,34.28884],[73.47146,34.28146],[73.45783,34.27357],[73.45382,34.27704],[73.45866,34.28881],[73.44231,34.3016],[73.44742,34.30651],[73.44284,34.32118],[73.42582,34.33069],[73.42585,34.33536],[73.42224,34.33671],[73.42796,34.34188],[73.4255,34.34427],[73.41948,34.34439],[73.41138,34.35022],[73.40775,34.34601],[73.40316,34.35283],[73.40353,34.35956],[73.41234,34.36446],[73.41554,34.37112],[73.42293,34.37297],[73.42054,34.38154],[73.42472,34.38411],[73.42284,34.38744],[73.42522,34.39269],[73.41894,34.40805],[73.42018,34.41538],[73.42531,34.41971],[73.42492,34.42535],[73.43333,34.43539],[73.43284,34.43952],[73.42582,34.44123],[73.42331,34.44574],[73.42592,34.4555],[73.42337,34.46456],[73.43452,34.48319],[73.43679,34.49378],[73.43704,34.50368],[73.4291,34.51943],[73.44545,34.53277],[73.44164,34.55534],[73.44611,34.56682],[73.46185,34.57125],[73.46861,34.56683],[73.49616,34.57489],[73.5106,34.56919],[73.53255,34.57051],[73.54427,34.57737],[73.55361,34.58899],[73.56474,34.58684],[73.57161,34.58194],[73.58249,34.58439],[73.61151,34.58144],[73.62653,34.5731],[73.63191,34.56173],[73.64946,34.5587],[73.66105,34.57896],[73.65365,34.59792],[73.69403,34.64572],[73.69396,34.6502],[73.68978,34.6527],[73.66568,34.66047],[73.65927,34.66548],[73.66061,34.67507],[73.66958,34.68728],[73.6815,34.69457],[73.68331,34.70445],[73.70784,34.72468],[73.71439,34.74425],[73.72061,34.74911],[73.7246,34.76685],[73.72993,34.77267],[73.7384,34.77296],[73.76057,34.79078],[73.77353,34.79567],[73.78058,34.79101],[73.8026,34.79478],[73.80967,34.79033],[73.82451,34.79242],[73.83246,34.80693],[73.84387,34.8131],[73.86189,34.80861],[73.87203,34.81431],[73.88775,34.81341],[73.89507,34.81856],[73.90686,34.81067],[73.92068,34.80978],[73.93346,34.83189],[73.94488,34.83074],[73.95856,34.83427],[73.96271,34.83872],[73.968,34.86206],[73.99435,34.86374],[73.9995,34.867],[74.00186,34.87518],[74.0256,34.87236],[74.03249,34.88445],[74.04315,34.89152],[74.03575,34.89867],[74.03468,34.90388],[74.03926,34.92094],[74.05254,34.92343],[74.06083,34.93377],[74.06967,34.93624],[74.06652,34.95356],[74.06372,34.95483],[74.06497,34.96258],[74.06015,34.96447],[74.06205,34.97441],[74.05948,34.9765],[74.06326,34.98326],[74.05815,34.98686],[74.05761,34.99681],[74.0852,34.99842],[74.10812,35.01562],[74.09963,35.03058],[74.07959,35.03521],[74.07463,35.04503],[74.06955,35.04526],[74.07446,35.05184],[74.06988,35.05575],[74.07805,35.06485],[74.08209,35.07942],[74.08911,35.08317],[74.09563,35.09272],[74.11493,35.10102],[74.11606,35.10458],[74.13462,35.10126],[74.13536,35.108],[74.13268,35.11232],[74.11675,35.11706],[74.10524,35.12504],[74.11307,35.14227],[74.10727,35.1478],[74.09744,35.13763],[74.07346,35.15182],[74.06065,35.14486],[74.03946,35.14796],[74.02952,35.14593],[74.01863,35.16133],[74.00598,35.16502],[74.00325,35.18035],[73.99318,35.17882],[73.97995,35.18159],[73.96233,35.17288],[73.95784,35.16588],[73.95237,35.16651],[73.94093,35.18922],[73.9242,35.20102],[73.92218,35.21013],[73.9183,35.2116],[73.90153,35.209],[73.8937,35.21172],[73.86576,35.20271],[73.85759,35.20611],[73.8451,35.22377],[73.83186,35.22432],[73.80816,35.239],[73.79921,35.23847],[73.79189,35.23377],[73.78432,35.23514],[73.77328,35.22138],[73.74821,35.21726],[73.74551,35.22862],[73.74197,35.22929],[73.74317,35.23218],[73.72779,35.23804],[73.73627,35.24473],[73.72829,35.26709],[73.70314,35.28581],[73.70711,35.29639],[73.70576,35.30269],[73.68462,35.3275],[73.69264,35.33758],[73.69112,35.3474],[73.69917,35.35004],[73.69522,35.36488],[73.70896,35.38349],[73.70596,35.38716],[73.7061,35.39501],[73.71427,35.39927],[73.7204,35.41758],[73.73308,35.41957],[73.74829,35.43437],[73.75286,35.44376],[73.77674,35.44361],[73.78875,35.44748],[73.80144,35.46007],[73.79671,35.46789],[73.79014,35.51769],[73.78104,35.51923],[73.77137,35.51638],[73.7581,35.52004],[73.74028,35.51818],[73.73734,35.52715],[73.72761,35.53198],[73.71082,35.53231],[73.66709,35.52512],[73.65035,35.5327],[73.63814,35.5345],[73.62459,35.54587],[73.61738,35.54755],[73.60414,35.54154],[73.57241,35.53634],[73.5552,35.52647],[73.52411,35.54341],[73.51776,35.53537],[73.504,35.53098],[73.49302,35.53203],[73.48316,35.54128],[73.47515,35.54054],[73.46635,35.53423],[73.43401,35.5292],[73.41274,35.52124],[73.40363,35.53066],[73.39763,35.54468],[73.40026,35.55647],[73.39566,35.57453],[73.39986,35.58169],[73.39687,35.58521],[73.36104,35.59688],[73.3549,35.6066],[73.34597,35.63415],[73.33687,35.63843],[73.33044,35.65084],[73.33098,35.65771],[73.32456,35.66129],[73.31055,35.6559],[73.29384,35.66028],[73.28304,35.67084],[73.23741,35.65731],[73.22513,35.66875],[73.21519,35.66656],[73.19318,35.67368],[73.18071,35.68864],[73.15286,35.70407],[73.14325,35.71441],[73.12954,35.71457],[73.12114,35.72293],[73.12111,35.72853],[73.11035,35.7486],[73.11929,35.75371],[73.12015,35.75732],[73.13135,35.76111],[73.16385,35.76053],[73.16758,35.77049],[73.16681,35.79126],[73.16475,35.79943],[73.16027,35.80274],[73.14031,35.81058],[73.15466,35.82133],[73.1483,35.8372],[73.11686,35.8463],[73.11669,35.84964],[73.08784,35.87259],[73.07353,35.86174],[73.07234,35.85729],[73.05013,35.85848],[73.0471,35.85404],[73.04831,35.84954],[73.04374,35.84624],[73.02607,35.83923],[73.01369,35.83924],[73.01193,35.82969],[73.00687,35.82464],[72.99213,35.82604],[72.98653,35.83308],[72.96414,35.83653],[72.92875,35.8277],[72.91217,35.81355],[72.90109,35.81338],[72.89349,35.81809],[72.88922,35.83602],[72.88248,35.84304],[72.88249,35.85456],[72.86276,35.85795],[72.84897,35.86773],[72.84342,35.86722],[72.83968,35.87417],[72.82746,35.88141],[72.82449,35.88044],[72.81871,35.86426],[72.82248,35.85567],[72.81154,35.84881],[72.81133,35.83934],[72.80345,35.83662],[72.80281,35.8263],[72.79434,35.82754],[72.78401,35.82385],[72.77396,35.82685],[72.76027,35.81742],[72.74349,35.81348],[72.73854,35.81471],[72.72928,35.82645],[72.73237,35.83604],[72.72196,35.84114],[72.727,35.85203],[72.72295,35.85392],[72.70275,35.85262],[72.69712,35.85827],[72.68389,35.8496],[72.67822,35.83939],[72.66437,35.83812],[72.62854,35.84535],[72.63026,35.85158],[72.60712,35.86071],[72.59175,35.86048],[72.58158,35.85622],[72.574,35.86638],[72.57326,35.87432],[72.52593,35.88037],[72.52257,35.89225],[72.51065,35.89583],[72.50622,35.91942],[72.51931,35.92631],[72.51995,35.93589],[72.53033,35.94598],[72.53524,35.94633],[72.53684,35.95577],[72.54224,35.9613],[72.55208,35.96449],[72.54922,35.96979],[72.54305,35.9726],[72.54367,35.97614],[72.56473,35.98406],[72.56853,35.9883],[72.56266,35.99189],[72.57141,36.00155],[72.57065,36.00903],[72.58361,36.01651],[72.58533,36.02588],[72.58048,36.03526],[72.56356,36.04697],[72.54423,36.04682],[72.53658,36.05274],[72.52221,36.07158],[72.51962,36.08274],[72.51863,36.0967],[72.52447,36.10974],[72.53406,36.12297],[72.54204,36.12476],[72.55766,36.13552],[72.55419,36.14591],[72.5482,36.14953],[72.55097,36.15303],[72.54804,36.16627],[72.53572,36.17342],[72.5406,36.17701],[72.54538,36.19131],[72.54918,36.19251],[72.55049,36.19699],[72.54508,36.20398],[72.56325,36.21265],[72.56971,36.22076],[72.57218,36.23858],[72.58324,36.2565],[72.60195,36.26045],[72.60904,36.26911],[72.6192,36.26894],[72.64272,36.25925],[72.66412,36.25646],[72.67501,36.25135],[72.68076,36.2554],[72.67506,36.26289],[72.68185,36.26905],[72.69542,36.27478],[72.70868,36.27373],[72.71466,36.28383],[72.73271,36.29862],[72.75024,36.30013],[72.75651,36.29732],[72.76056,36.30485],[72.77016,36.30938],[72.77311,36.3154],[72.7907,36.32655],[72.80102,36.32877],[72.80444,36.34191],[72.82103,36.35916],[72.83487,36.36454],[72.85371,36.3643],[72.85565,36.37366],[72.86557,36.38461],[72.876,36.3894],[72.86988,36.39709],[72.86729,36.40762],[72.86711,36.41097],[72.87427,36.41803],[72.86086,36.42961],[72.86128,36.43834],[72.87647,36.43833],[72.90518,36.45962],[72.92386,36.45274],[72.93732,36.45661],[72.94386,36.4654],[72.9489,36.46041],[72.96966,36.45478],[72.9826,36.46088],[72.98141,36.4648],[72.98612,36.47001],[72.98336,36.47473],[72.98533,36.48009],[72.97457,36.48761],[72.97233,36.49291],[72.97841,36.49872],[72.98634,36.50012],[72.97889,36.51261],[72.99388,36.51409],[73.0325,36.52954],[73.04856,36.52889],[73.05265,36.55813],[73.05681,36.55979],[73.05577,36.56525],[73.07554,36.57076],[73.07695,36.58949],[73.09097,36.59814],[73.09695,36.60703],[73.09065,36.61563],[73.07545,36.6217],[73.07003,36.62836],[73.07452,36.64253],[73.07067,36.6446],[73.07043,36.65081],[73.07421,36.65932],[73.07328,36.67072],[73.06813,36.68172],[73.07669,36.68403],[73.09226,36.68081],[73.11185,36.68648],[73.1242,36.69681],[73.15885,36.70922],[73.17533,36.72089],[73.17668,36.71525],[73.1852,36.71023],[73.18057,36.69491],[73.18423,36.69018],[73.19635,36.69235],[73.2112,36.70128],[73.23359,36.70845],[73.23849,36.70567],[73.24263,36.70868],[73.25992,36.70509],[73.27057,36.70623],[73.29144,36.69992],[73.30104,36.70347],[73.3077,36.70221],[73.31411,36.71151],[73.3266,36.712],[73.33374,36.71732],[73.34343,36.71648],[73.34826,36.72134],[73.35031,36.7367],[73.35822,36.73822],[73.37055,36.73325],[73.38121,36.73466],[73.38698,36.73171],[73.40123,36.73634],[73.41006,36.73398],[73.41865,36.74427],[73.42818,36.7451],[73.4514,36.72992],[73.46388,36.7399],[73.4715,36.73416],[73.47157,36.72983],[73.48172,36.72509],[73.48356,36.71977],[73.4989,36.71448],[73.51274,36.72251],[73.52453,36.71252],[73.54869,36.71978],[73.55644,36.71563],[73.58045,36.72478],[73.58271,36.71281],[73.59415,36.69438],[73.59836,36.69379],[73.6125,36.69809],[73.61643,36.69364],[73.63542,36.6989],[73.64821,36.69244],[73.68512,36.68888],[73.68985,36.69005],[73.69541,36.70064],[73.71508,36.71466],[73.76527,36.70471],[73.78463,36.70808],[73.7978,36.69939],[73.80184,36.69954],[73.80826,36.70888],[73.82365,36.71084],[73.84064,36.70756],[73.8584,36.69912],[73.87673,36.70037],[73.88296,36.7027],[73.88256,36.70913],[73.89144,36.72701],[73.87284,36.73644],[73.88005,36.74113],[73.8838,36.75325],[73.87312,36.75972],[73.87132,36.76536],[73.86484,36.76676],[73.86172,36.77647],[73.84436,36.78358],[73.84236,36.79032],[73.83875,36.79193],[73.82949,36.79174],[73.82103,36.7859],[73.79946,36.79587],[73.79607,36.80234],[73.79683,36.81806],[73.79426,36.82052],[73.76811,36.81449],[73.75123,36.82006],[73.74773,36.82743],[73.73689,36.82643],[73.73519,36.82913],[73.72729,36.82973],[73.72297,36.83567],[73.70398,36.8365],[73.70223,36.83843],[73.70685,36.85021],[73.70335,36.85251],[73.7042,36.85786],[73.68584,36.86644],[73.68161,36.87004],[73.68028,36.87759],[73.6701,36.88163],[73.67067,36.89041],[73.66681,36.89683],[73.67186,36.90376],[73.6724,36.91184],[73.69016,36.91567],[73.71617,36.90488],[73.73528,36.90308],[73.75314,36.91212],[73.76038,36.905],[73.77128,36.90542],[73.77272,36.89875],[73.78124,36.8975],[73.79011,36.9009],[73.79919,36.89678],[73.79987,36.89063],[73.8152,36.89086],[73.82731,36.89929],[73.82578,36.91285],[73.83247,36.92338],[73.84365,36.92618],[73.8525,36.91775],[73.89062,36.91296],[73.90736,36.89854],[73.90449,36.88647],[73.89247,36.87832],[73.91017,36.87356],[73.91327,36.8691],[73.9323,36.87469],[73.9461,36.86691],[73.94773,36.86116],[73.9577,36.85668],[73.95413,36.85229],[73.95748,36.8425],[73.96673,36.84233],[73.96674,36.83917],[73.98725,36.83147],[73.99436,36.83023],[74.00652,36.83717],[74.02676,36.8275],[74.04811,36.82641],[74.06514,36.84104],[74.08746,36.83812],[74.09677,36.84229],[74.10956,36.83796],[74.12076,36.8382],[74.12521,36.84554],[74.12415,36.8489],[74.13361,36.85052],[74.1349,36.85372],[74.12906,36.85943],[74.13717,36.87367],[74.15159,36.88496],[74.15622,36.8829],[74.15995,36.8859],[74.15248,36.89326],[74.15331,36.89815],[74.17206,36.90336],[74.1721,36.91159],[74.17615,36.91653],[74.19131,36.90958],[74.19898,36.9112],[74.20397,36.90426],[74.21422,36.90734],[74.22354,36.89685],[74.24058,36.89482],[74.24501,36.89863],[74.26332,36.90282],[74.2713,36.91245],[74.29454,36.91234],[74.31006,36.91899],[74.3167,36.93776],[74.33293,36.945],[74.33323,36.94993],[74.34601,36.96046],[74.36882,36.96485],[74.38808,36.96387],[74.39385,36.96801],[74.39528,36.97339],[74.41527,36.97593],[74.42092,36.98846],[74.4143,36.99352],[74.41824,36.99937],[74.41679,37.0034],[74.42639,37.01106],[74.4287,37.00768],[74.44658,37.00178],[74.45514,37.00402],[74.47152,36.99054],[74.49417,36.98645],[74.49983,36.98102],[74.49937,36.97615],[74.50592,36.97062],[74.50627,36.96602],[74.53447,36.95737],[74.54354,36.96712],[74.54392,36.97273],[74.53555,36.97969],[74.53908,36.98683],[74.53682,36.99111],[74.52724,36.99689],[74.52551,37.00423],[74.51711,37.01119],[74.51893,37.01737],[74.52977,37.02026],[74.53551,37.02548],[74.5493,37.02539],[74.55556,37.03053],[74.58273,37.03141],[74.59458,37.03716],[74.60545,37.03772],[74.62489,37.04787],[74.62198,37.05937],[74.64411,37.06924],[74.65028,37.06958],[74.65758,37.06496],[74.67383,37.06987],[74.67144,37.07635],[74.67966,37.08579],[74.69551,37.09077],[74.70295,37.08609],[74.70754,37.07601],[74.70589,37.06622],[74.72328,37.05662],[74.71847,37.05039],[74.71851,37.03709],[74.72491,37.03598],[74.72552,37.02862],[74.73805,37.02051],[74.76454,37.02636],[74.77465,37.02272],[74.78052,37.02738],[74.78935,37.02812],[74.79495,37.03245],[74.78996,37.04272],[74.8053,37.05308],[74.82793,37.04984],[74.84311,37.05413],[74.83931,37.04441],[74.8465,37.03061],[74.84645,37.02486],[74.84015,37.02091],[74.83878,37.01569],[74.85523,37.00615],[74.85375,36.99886],[74.87485,36.96962],[74.87544,36.96356],[74.88092,36.96091],[74.88142,36.95143],[74.88623,36.94251],[74.88307,36.93607],[74.89769,36.93447],[74.90686,36.93009],[74.92068,36.93359],[74.92052,36.94558],[74.93255,36.94573],[74.93063,36.95638],[74.92473,36.95853],[74.91994,36.97881],[74.92804,36.97904],[74.94531,36.98796],[74.9641,36.98853],[74.97623,36.99728],[74.97945,36.99255],[74.98873,36.98993],[75.00501,37.00172],[75.01533,37.00211],[75.01887,37.01028],[75.03015,37.01634],[75.04262,37.01352],[75.04401,37.0077],[75.0524,37.0026],[75.07534,37.00229],[75.07992,37.00801],[75.08791,37.00755],[75.09702,37.01172],[75.11438,37.00752],[75.11878,37.01188],[75.12596,37.0126],[75.13519,37.0254],[75.142,37.02767],[75.14829,37.02512],[75.15244,37.0162],[75.16373,37.01549],[75.16867,37.01063],[75.16714,37.00474],[75.16086,37.00262],[75.15842,36.99757],[75.16054,36.98956],[75.17396,36.9858],[75.17995,36.97801],[75.18672,36.97575],[75.19623,36.97368],[75.199,36.9765],[75.21639,36.97242],[75.21546,36.9667],[75.23578,36.95817],[75.25179,36.96418],[75.25911,36.96349],[75.26802,36.96805],[75.26992,36.97248],[75.29319,36.97592],[75.30821,36.96533],[75.31477,36.9698],[75.32642,36.95804],[75.35604,36.95827],[75.37511,36.94662],[75.38649,36.94745],[75.39337,36.94996],[75.39386,36.9543],[75.39998,36.95538],[75.40975,36.94638],[75.40712,36.93783],[75.38867,36.93023],[75.39109,36.91479],[75.38699,36.90445],[75.4233,36.88663],[75.42004,36.87852],[75.43189,36.83062],[75.42503,36.82144],[75.42436,36.80743],[75.42046,36.7985],[75.42713,36.79287],[75.42049,36.77157],[75.42734,36.76777],[75.42883,36.76205],[75.4361,36.75922],[75.43496,36.75234],[75.44567,36.74402],[75.45274,36.72223],[75.46846,36.71554],[75.47569,36.72406],[75.48569,36.72589],[75.49153,36.73464],[75.49949,36.73881],[75.51124,36.72653],[75.53089,36.72025],[75.53456,36.72177],[75.53891,36.73352],[75.53831,36.74288],[75.52765,36.75515],[75.53449,36.76303],[75.53458,36.77176],[75.54596,36.76982],[75.56865,36.77442],[75.56973,36.76827],[75.5763,36.76621],[75.58802,36.76957],[75.63184,36.76717],[75.63819,36.77055],[75.6656,36.76371],[75.67502,36.76518],[75.67596,36.76237],[75.69159,36.75762],[75.69959,36.74665],[75.71058,36.74663],[75.7199,36.75229],[75.73149,36.74875],[75.76831,36.72359],[75.80332,36.70984],[75.80815,36.69999],[75.82648,36.69357],[75.83202,36.68396],[75.84501,36.67558],[75.85927,36.6727],[75.8688,36.66702],[75.8874,36.63925],[75.90992,36.63036],[75.93507,36.60206],[75.94551,36.60275]]]]}}]}