{"type":"FeatureCollection","features":[{"type":"Feature","properties":{"ISO_A3":"MDG","WB_A3":"MDG","WB_NAME":"Madagascar","WB_REGION":"AFE,SSF"},"geometry":{"type":"MultiPolygon","coordinates":[[[[49.69998,-15.89909],[49.7138,-15.89533],[49.71963,-15.89922],[49.72709,-15.89927],[49.7313,-15.90599],[49.68981,-15.98225],[49.67488,-16.04578],[49.68017,-16.05174],[49.68525,-16.06955],[49.69601,-16.07373],[49.70006,-16.10621],[49.68153,-16.10752],[49.67119,-16.1005],[49.68178,-16.11035],[49.69699,-16.10735],[49.7043,-16.1101],[49.70503,-16.12093],[49.72131,-16.13777],[49.72498,-16.14642],[49.75103,-16.15804],[49.73761,-16.17225],[49.73229,-16.17081],[49.72625,-16.15712],[49.71958,-16.15746],[49.71169,-16.16244],[49.70844,-16.16938],[49.70831,-16.19075],[49.67938,-16.19174],[49.67802,-16.1952],[49.70843,-16.19256],[49.70938,-16.16938],[49.71315,-16.16296],[49.72197,-16.15877],[49.72517,-16.15891],[49.73095,-16.17157],[49.73733,-16.17419],[49.75393,-16.16346],[49.75301,-16.16037],[49.76326,-16.16313],[49.78114,-16.15937],[49.79125,-16.16175],[49.78505,-16.17446],[49.78795,-16.17886],[49.79715,-16.17865],[49.80078,-16.17339],[49.82819,-16.18063],[49.85794,-16.22175],[49.85261,-16.24594],[49.84075,-16.24458],[49.84453,-16.25903],[49.83954,-16.26802],[49.84082,-16.27704],[49.8298,-16.29192],[49.82566,-16.29332],[49.82655,-16.3004],[49.81515,-16.33254],[49.81278,-16.35004],[49.81728,-16.35599],[49.81748,-16.36733],[49.8302,-16.38234],[49.82628,-16.39005],[49.82927,-16.42561],[49.84003,-16.43353],[49.84671,-16.43356],[49.85502,-16.4264],[49.86062,-16.42759],[49.85401,-16.44043],[49.86019,-16.45592],[49.86593,-16.45518],[49.85695,-16.46234],[49.85223,-16.46927],[49.85125,-16.47854],[49.84655,-16.48264],[49.84756,-16.49243],[49.84038,-16.50939],[49.84256,-16.52538],[49.83954,-16.53798],[49.83566,-16.53976],[49.841,-16.54095],[49.83981,-16.56039],[49.8317,-16.57735],[49.80323,-16.60269],[49.80129,-16.61534],[49.78192,-16.61409],[49.7738,-16.60921],[49.76071,-16.60952],[49.7545,-16.61979],[49.74984,-16.6168],[49.75069,-16.60959],[49.74714,-16.60133],[49.73722,-16.60565],[49.73183,-16.61321],[49.72076,-16.61439],[49.73102,-16.61424],[49.74124,-16.60425],[49.74659,-16.60287],[49.75102,-16.62028],[49.75689,-16.62071],[49.76497,-16.61058],[49.78709,-16.61998],[49.80163,-16.62226],[49.7978,-16.63769],[49.78867,-16.64511],[49.78363,-16.65976],[49.77587,-16.6619],[49.77013,-16.6826],[49.76504,-16.68335],[49.76355,-16.68669],[49.76725,-16.69392],[49.74941,-16.70425],[49.75505,-16.69926],[49.75521,-16.69488],[49.73987,-16.69079],[49.73582,-16.69682],[49.72404,-16.70113],[49.72059,-16.71656],[49.72239,-16.72713],[49.72663,-16.73231],[49.72509,-16.74402],[49.71707,-16.74294],[49.72694,-16.747],[49.72409,-16.75368],[49.73384,-16.77434],[49.75225,-16.80099],[49.76899,-16.81757],[49.80255,-16.83876],[49.81832,-16.84143],[49.83921,-16.83717],[49.84027,-16.83911],[49.80918,-16.8491],[49.68867,-16.87001],[49.67102,-16.86899],[49.66939,-16.87259],[49.66485,-16.87114],[49.672,-16.86179],[49.66307,-16.85825],[49.64379,-16.84177],[49.64315,-16.83764],[49.64746,-16.83342],[49.65174,-16.83319],[49.65413,-16.83668],[49.65748,-16.83516],[49.65503,-16.82175],[49.63389,-16.82432],[49.62577,-16.8374],[49.60308,-16.83222],[49.59021,-16.83638],[49.58175,-16.82216],[49.56061,-16.82485],[49.58281,-16.82436],[49.58753,-16.83624],[49.59127,-16.83794],[49.60307,-16.83312],[49.62175,-16.83892],[49.62737,-16.83831],[49.63522,-16.82471],[49.65529,-16.82278],[49.65642,-16.83387],[49.64586,-16.8329],[49.64194,-16.83944],[49.65852,-16.85783],[49.66893,-16.86125],[49.66151,-16.87047],[49.66429,-16.87436],[49.61869,-16.89144],[49.59152,-16.91134],[49.58376,-16.91168],[49.57807,-16.92155],[49.57325,-16.92152],[49.5727,-16.92358],[49.57994,-16.92195],[49.58747,-16.91737],[49.58953,-16.92743],[49.58524,-16.94646],[49.57729,-16.95465],[49.56948,-16.97829],[49.55667,-16.9903],[49.54389,-17.017],[49.53335,-17.03006],[49.52937,-17.04265],[49.53051,-17.0509],[49.52141,-17.06732],[49.52458,-17.07249],[49.515,-17.09921],[49.51188,-17.10382],[49.49853,-17.09895],[49.48672,-17.10183],[49.48073,-17.09792],[49.48724,-17.10325],[49.50012,-17.10077],[49.50357,-17.1053],[49.51119,-17.10613],[49.49859,-17.14132],[49.46754,-17.20342],[49.46581,-17.20211],[49.47098,-17.19237],[49.46343,-17.19823],[49.4527,-17.1997],[49.45238,-17.20613],[49.43622,-17.21631],[49.40886,-17.2188],[49.40512,-17.21761],[49.40671,-17.20423],[49.40232,-17.20008],[49.36846,-17.21217],[49.3527,-17.20612],[49.35083,-17.22104],[49.33871,-17.22763],[49.33609,-17.23559],[49.33237,-17.23247],[49.31977,-17.23224],[49.31975,-17.22026],[49.31591,-17.21457],[49.30682,-17.21307],[49.29546,-17.22457],[49.28543,-17.22178],[49.27883,-17.2261],[49.27864,-17.23254],[49.28444,-17.24289],[49.27918,-17.2601],[49.28233,-17.28201],[49.27382,-17.28915],[49.27516,-17.30358],[49.27052,-17.3123],[49.25897,-17.31529],[49.24573,-17.33938],[49.24441,-17.35147],[49.23556,-17.35152],[49.22761,-17.3557],[49.21961,-17.39323],[49.20972,-17.39301],[49.20195,-17.38882],[49.19106,-17.39117],[49.18561,-17.38671],[49.18567,-17.3803],[49.17773,-17.3801],[49.18406,-17.38093],[49.18453,-17.38642],[49.18994,-17.3921],[49.20194,-17.39011],[49.20806,-17.39505],[49.22013,-17.39491],[49.22922,-17.35597],[49.2467,-17.35098],[49.24871,-17.33709],[49.26057,-17.31582],[49.26997,-17.31397],[49.27553,-17.30693],[49.27751,-17.29639],[49.27543,-17.28916],[49.28285,-17.28433],[49.28439,-17.27662],[49.2805,-17.2632],[49.28579,-17.24135],[49.27999,-17.23049],[49.28152,-17.22522],[49.29011,-17.22375],[49.29571,-17.22637],[49.30868,-17.21412],[49.3184,-17.22154],[49.31616,-17.23182],[49.33473,-17.23764],[49.33796,-17.23638],[49.33991,-17.22816],[49.34741,-17.22848],[49.3516,-17.22439],[49.35295,-17.20818],[49.36388,-17.21432],[49.373,-17.21362],[49.38404,-17.20675],[49.39989,-17.20276],[49.4048,-17.20834],[49.40228,-17.22016],[49.40535,-17.22212],[49.43458,-17.21977],[49.45717,-17.20965],[49.46359,-17.21111],[49.45381,-17.22701],[49.44659,-17.22618],[49.44613,-17.23261],[49.44087,-17.23695],[49.4419,-17.24198],[49.43648,-17.24876],[49.43343,-17.24462],[49.43055,-17.25309],[49.42191,-17.2605],[49.40779,-17.28099],[49.4049,-17.28998],[49.40554,-17.29359],[49.41251,-17.2939],[49.41105,-17.30805],[49.41346,-17.3082],[49.41245,-17.30085],[49.41586,-17.29393],[49.42112,-17.28933],[49.42419,-17.29168],[49.42057,-17.30186],[49.42298,-17.30738],[49.41163,-17.34875],[49.4109,-17.37141],[49.41457,-17.38096],[49.41954,-17.38075],[49.42429,-17.38967],[49.43286,-17.3909],[49.43804,-17.39686],[49.43968,-17.40975],[49.445,-17.41443],[49.45279,-17.41397],[49.44697,-17.45178],[49.45467,-17.46086],[49.45593,-17.47091],[49.47568,-17.48343],[49.46932,-17.48982],[49.466,-17.5176],[49.47109,-17.53477],[49.48223,-17.53473],[49.47532,-17.59107],[49.47781,-17.59779],[49.48689,-17.60378],[49.48899,-17.64191],[49.46281,-17.65716],[49.45105,-17.64986],[49.43789,-17.6495],[49.43528,-17.65669],[49.43711,-17.66289],[49.43266,-17.66452],[49.4285,-17.64891],[49.40918,-17.64579],[49.39425,-17.63357],[49.37168,-17.63519],[49.3566,-17.63905],[49.35291,-17.64623],[49.34441,-17.65093],[49.34057,-17.65888],[49.33413,-17.65895],[49.33368,-17.66333],[49.33685,-17.66979],[49.33505,-17.66102],[49.34448,-17.65724],[49.34506,-17.65286],[49.35493,-17.64573],[49.35713,-17.64034],[49.39558,-17.635],[49.40837,-17.64707],[49.42742,-17.64967],[49.43078,-17.66477],[49.43668,-17.66559],[49.43923,-17.65054],[49.45051,-17.65063],[49.46065,-17.65882],[49.48947,-17.64964],[49.50072,-17.66879],[49.50673,-17.6736],[49.51639,-17.6747],[49.51988,-17.69108],[49.51075,-17.72372],[49.50021,-17.74733],[49.49754,-17.76019],[49.50182,-17.76306],[49.50084,-17.76743],[49.49016,-17.79104],[49.43122,-17.96724],[49.41879,-18.03332],[49.40654,-18.06412],[49.38554,-18.06382],[49.40489,-18.0672],[49.40279,-18.10658],[49.40801,-18.12439],[49.41919,-18.13968],[49.41746,-18.15177],[49.42159,-18.15682],[49.429,-18.15727],[49.42842,-18.16138],[49.42691,-18.16472],[49.41938,-18.16273],[49.40478,-18.16866],[49.38437,-18.19166],[49.37017,-18.22579],[49.3661,-18.2582],[49.36044,-18.24373],[49.35479,-18.2424],[49.3553,-18.23618],[49.3496,-18.24969],[49.34181,-18.24744],[49.34297,-18.23921],[49.33954,-18.23119],[49.34845,-18.22882],[49.3541,-18.23055],[49.35533,-18.23575],[49.35384,-18.22951],[49.34954,-18.22832],[49.33928,-18.22965],[49.33465,-18.23566],[49.31421,-18.23059],[49.30121,-18.23794],[49.28161,-18.23055],[49.27032,-18.25453],[49.25066,-18.25306],[49.24649,-18.22547],[49.24723,-18.20539],[49.23701,-18.2035],[49.23775,-18.19707],[49.24996,-18.17555],[49.23633,-18.16461],[49.24887,-18.17657],[49.23568,-18.20168],[49.2374,-18.20569],[49.24442,-18.20421],[49.24746,-18.20952],[49.24436,-18.22339],[49.25012,-18.2537],[49.27139,-18.25557],[49.28403,-18.23135],[49.30037,-18.24051],[49.30933,-18.23428],[49.32389,-18.23312],[49.33005,-18.23729],[49.34162,-18.23894],[49.34047,-18.24639],[49.3442,-18.25093],[49.35312,-18.24882],[49.3541,-18.24419],[49.35827,-18.24513],[49.35979,-18.25609],[49.3533,-18.25822],[49.35217,-18.26349],[49.33573,-18.26361],[49.33611,-18.26593],[49.35297,-18.26427],[49.35437,-18.25926],[49.36085,-18.25764],[49.35533,-18.28541],[49.36011,-18.2785],[49.36031,-18.27206],[49.36543,-18.2721],[49.36537,-18.27803],[49.34732,-18.32062],[49.34199,-18.34194],[49.33455,-18.41501],[49.30417,-18.45929],[49.27086,-18.55168],[49.22838,-18.63961],[49.18266,-18.77229],[49.11985,-18.92743],[49.1036,-18.97696],[49.09859,-18.96532],[49.08786,-18.95672],[49.07711,-18.93884],[49.05287,-18.92906],[49.05058,-18.91642],[49.05345,-18.90229],[49.05042,-18.88372],[49.06021,-18.8555],[49.05488,-18.84875],[49.05863,-18.83991],[49.06692,-18.83626],[49.07657,-18.82014],[49.07568,-18.81524],[49.04855,-18.79951],[49.01355,-18.78769],[49.00739,-18.78247],[49.0001,-18.78227],[48.99758,-18.77812],[48.98889,-18.7358],[48.98143,-18.72646],[48.98761,-18.66061],[48.9824,-18.65644],[48.98208,-18.64897],[48.97142,-18.64795],[48.96863,-18.65552],[48.95833,-18.6585],[48.95242,-18.65586],[48.94156,-18.66063],[48.94056,-18.66551],[48.9306,-18.67325],[48.92357,-18.6742],[48.89367,-18.66769],[48.88954,-18.67344],[48.88118,-18.67244],[48.87318,-18.6645],[48.86099,-18.66719],[48.85864,-18.66047],[48.85245,-18.65937],[48.85782,-18.66137],[48.86231,-18.6694],[48.86965,-18.66588],[48.88683,-18.67444],[48.89446,-18.66899],[48.92842,-18.67503],[48.94039,-18.66821],[48.94236,-18.66141],[48.95592,-18.65744],[48.95804,-18.66042],[48.96889,-18.65655],[48.97086,-18.65001],[48.98126,-18.64999],[48.98119,-18.65591],[48.98652,-18.66189],[48.97993,-18.72798],[48.96908,-18.73096],[48.96356,-18.74132],[48.95055,-18.7444],[48.94843,-18.7521],[48.94259,-18.75435],[48.93872,-18.76126],[48.91595,-18.7668],[48.9031,-18.75687],[48.89721,-18.77444],[48.87322,-18.76902],[48.86314,-18.77573],[48.85372,-18.77279],[48.85207,-18.7747],[48.86528,-18.77704],[48.87051,-18.77002],[48.8824,-18.77016],[48.89637,-18.77636],[48.90131,-18.75981],[48.9047,-18.75921],[48.91567,-18.76808],[48.93952,-18.76243],[48.95271,-18.74455],[48.96381,-18.74235],[48.96961,-18.73199],[48.98018,-18.72914],[48.98673,-18.73578],[48.98891,-18.75692],[48.99685,-18.78249],[49.04555,-18.80193],[49.07307,-18.81882],[49.05415,-18.84128],[49.05245,-18.84796],[49.05638,-18.85907],[49.048,-18.87057],[49.0455,-18.88779],[49.04881,-18.90559],[49.04715,-18.92063],[49.04602,-18.92435],[49.04196,-18.92508],[49.03786,-18.93972],[49.0306,-18.94736],[49.03812,-18.94126],[49.04066,-18.93202],[49.04709,-18.92565],[49.05828,-18.94096],[49.07926,-18.95135],[49.0908,-18.97142],[49.10087,-18.97873],[49.09998,-18.98542],[49.08816,-19.00152],[49.0729,-19.0338],[49.01157,-19.18792],[48.98931,-19.26409],[48.98305,-19.31011],[48.98499,-19.32892],[48.93984,-19.43628],[48.93458,-19.4442],[48.93284,-19.44289],[48.94002,-19.43319],[48.94038,-19.42599],[48.94663,-19.41447],[48.93782,-19.42136],[48.94138,-19.42188],[48.9378,-19.42583],[48.93662,-19.4226],[48.93688,-19.4347],[48.92969,-19.4341],[48.93134,-19.44365],[48.89847,-19.44572],[48.8777,-19.43595],[48.85641,-19.44574],[48.86728,-19.44432],[48.86896,-19.44035],[48.87823,-19.43711],[48.90085,-19.45063],[48.906,-19.45121],[48.91094,-19.44689],[48.92668,-19.44681],[48.9307,-19.45111],[48.93606,-19.44576],[48.88718,-19.55254],[48.87181,-19.59587],[48.87289,-19.58636],[48.87031,-19.58632],[48.86297,-19.60747],[48.85387,-19.59694],[48.84832,-19.59533],[48.85323,-19.60427],[48.85932,-19.60576],[48.86234,-19.61352],[48.84238,-19.62332],[48.83488,-19.63558],[48.83427,-19.65076],[48.8289,-19.65636],[48.82353,-19.65823],[48.81537,-19.65234],[48.81464,-19.65593],[48.8204,-19.66166],[48.83271,-19.65602],[48.83731,-19.64745],[48.83718,-19.63638],[48.85685,-19.61847],[48.86681,-19.6146],[48.81575,-19.83381],[48.81156,-19.90172],[48.82047,-19.9062],[48.82215,-19.91343],[48.80018,-19.95666],[48.78722,-19.9982],[48.7866,-19.99356],[48.753,-19.97254],[48.70665,-19.95831],[48.67974,-19.93698],[48.6683,-19.93786],[48.64525,-19.93202],[48.63451,-19.94076],[48.61465,-19.94024],[48.60952,-19.93695],[48.60765,-19.9256],[48.61025,-19.9071],[48.59638,-19.90602],[48.57941,-19.91261],[48.56041,-19.90952],[48.55383,-19.9129],[48.53661,-19.93518],[48.50751,-19.93413],[48.4992,-19.92591],[48.50026,-19.91949],[48.49615,-19.91248],[48.47001,-19.89641],[48.46509,-19.88116],[48.45113,-19.87762],[48.45001,-19.87117],[48.43604,-19.86041],[48.42601,-19.85847],[48.41909,-19.86583],[48.41339,-19.86523],[48.40812,-19.85461],[48.39752,-19.8457],[48.38296,-19.84613],[48.37296,-19.84251],[48.37694,-19.84836],[48.39682,-19.84685],[48.40982,-19.85849],[48.41001,-19.8639],[48.41471,-19.86744],[48.4295,-19.86096],[48.44582,-19.86956],[48.45069,-19.87993],[48.46263,-19.88151],[48.47132,-19.90004],[48.4945,-19.91362],[48.4985,-19.91869],[48.49838,-19.92641],[48.49376,-19.92635],[48.49865,-19.9268],[48.50449,-19.93576],[48.53834,-19.93778],[48.54589,-19.92476],[48.55927,-19.91323],[48.58347,-19.91459],[48.58763,-19.90899],[48.59556,-19.90678],[48.60149,-19.9102],[48.6067,-19.90744],[48.61001,-19.91354],[48.60372,-19.91551],[48.60477,-19.93611],[48.61239,-19.94535],[48.62785,-19.94916],[48.64651,-19.9386],[48.6538,-19.94269],[48.68343,-19.94552],[48.6982,-19.95923],[48.74391,-19.98028],[48.76786,-20.00001],[48.77303,-20.00986],[48.77383,-20.02094],[48.78186,-20.00122],[48.78537,-20.00358],[48.75783,-20.0542],[48.73098,-20.12206],[48.69432,-20.18722],[48.64737,-20.29109],[48.6418,-20.2896],[48.63557,-20.27806],[48.64885,-20.27477],[48.658,-20.26472],[48.67674,-20.22379],[48.67828,-20.21223],[48.6852,-20.20486],[48.68534,-20.19559],[48.68918,-20.19436],[48.69502,-20.17706],[48.713,-20.14963],[48.7121,-20.14575],[48.70802,-20.14544],[48.70027,-20.15332],[48.67799,-20.18546],[48.6871,-20.17786],[48.70204,-20.15386],[48.70909,-20.14662],[48.71192,-20.14884],[48.68088,-20.19322],[48.66021,-20.25369],[48.6497,-20.27208],[48.62808,-20.27719],[48.61483,-20.26955],[48.59718,-20.26467],[48.63377,-20.27971],[48.63933,-20.29047],[48.64585,-20.29261],[48.64539,-20.2957],[48.6043,-20.39577],[48.54762,-20.56998],[48.54675,-20.56456],[48.55201,-20.55177],[48.54957,-20.5507],[48.57424,-20.48491],[48.57352,-20.47821],[48.5771,-20.4762],[48.5751,-20.4736],[48.5546,-20.52607],[48.55515,-20.53457],[48.55115,-20.53709],[48.54813,-20.55506],[48.54043,-20.5583],[48.54395,-20.5689],[48.54149,-20.5771],[48.53106,-20.57991],[48.51394,-20.57387],[48.51458,-20.55973],[48.50978,-20.53598],[48.52553,-20.53299],[48.52768,-20.52697],[48.51395,-20.52266],[48.52684,-20.52799],[48.52555,-20.53209],[48.50855,-20.53571],[48.51271,-20.57385],[48.52803,-20.58167],[48.54265,-20.58175],[48.50325,-20.70162],[48.47434,-20.84453],[48.47679,-20.82913],[48.46995,-20.83739],[48.45584,-20.8301],[48.45553,-20.82418],[48.468,-20.82282],[48.46848,-20.81871],[48.45968,-20.81343],[48.4596,-20.80957],[48.46158,-20.80574],[48.47269,-20.80436],[48.47372,-20.80026],[48.46758,-20.79091],[48.47846,-20.77846],[48.4773,-20.77432],[48.46986,-20.77717],[48.46496,-20.77568],[48.46,-20.76969],[48.46563,-20.76025],[48.46222,-20.7512],[48.46812,-20.75038],[48.4699,-20.74217],[48.477,-20.73443],[48.47919,-20.72597],[48.47266,-20.72407],[48.46247,-20.72804],[48.46661,-20.73402],[48.4646,-20.73991],[48.46862,-20.74486],[48.46827,-20.74923],[48.46212,-20.74939],[48.46379,-20.76409],[48.45949,-20.76737],[48.46359,-20.77566],[48.47122,-20.77771],[48.4751,-20.77493],[48.47761,-20.78025],[48.46693,-20.78909],[48.4729,-20.80025],[48.47132,-20.80434],[48.46063,-20.80547],[48.45851,-20.80956],[48.45965,-20.81498],[48.46712,-20.81843],[48.46609,-20.82279],[48.45569,-20.82238],[48.45413,-20.8257],[48.45434,-20.82957],[48.46479,-20.83513],[48.47109,-20.84294],[48.45696,-20.86126],[48.45147,-20.86195],[48.44307,-20.85668],[48.44157,-20.84842],[48.4269,-20.84525],[48.42027,-20.82906],[48.40663,-20.82654],[48.40983,-20.81721],[48.40756,-20.81389],[48.38624,-20.80294],[48.3799,-20.80554],[48.37553,-20.81243],[48.3661,-20.81202],[48.35341,-20.82307],[48.34317,-20.82453],[48.33841,-20.83064],[48.33482,-20.8301],[48.33812,-20.83127],[48.34611,-20.82401],[48.35303,-20.82404],[48.36719,-20.81268],[48.37566,-20.81333],[48.37946,-20.80708],[48.38786,-20.80425],[48.40684,-20.81419],[48.40911,-20.81782],[48.40553,-20.82678],[48.41998,-20.83034],[48.42333,-20.83425],[48.42329,-20.84506],[48.44085,-20.85047],[48.4421,-20.85769],[48.44925,-20.86346],[48.46208,-20.86584],[48.46474,-20.86214],[48.46289,-20.85852],[48.47431,-20.84659],[48.45582,-20.90447],[48.44347,-20.97016],[48.43371,-20.97246],[48.42605,-20.96398],[48.43029,-20.97228],[48.42522,-20.9722],[48.42516,-20.97606],[48.41319,-20.98695],[48.417,-21.00424],[48.41592,-21.01143],[48.40999,-21.01314],[48.40463,-21.0303],[48.40701,-21.03497],[48.39384,-21.0439],[48.39626,-21.04677],[48.39505,-21.05319],[48.39724,-21.05335],[48.39304,-21.0583],[48.38625,-21.05485],[48.38302,-21.05905],[48.38372,-21.06601],[48.39869,-21.05672],[48.39675,-21.04987],[48.40256,-21.03902],[48.40796,-21.0355],[48.40548,-21.02877],[48.41166,-21.01214],[48.41713,-21.01261],[48.42226,-21.00124],[48.43045,-21.00265],[48.44179,-20.98841],[48.44026,-20.99791],[48.38563,-21.14503],[48.36104,-21.20126],[48.34849,-21.24351],[48.34721,-21.24607],[48.33436,-21.24291],[48.32801,-21.24499],[48.31097,-21.26183],[48.30252,-21.25822],[48.29522,-21.23727],[48.28953,-21.23357],[48.28322,-21.23308],[48.26247,-21.24227],[48.23916,-21.2415],[48.23303,-21.22442],[48.2335,-21.21388],[48.22249,-21.20083],[48.21528,-21.19801],[48.20651,-21.1971],[48.1994,-21.20354],[48.19988,-21.22902],[48.18951,-21.2403],[48.17728,-21.23405],[48.17186,-21.21595],[48.167,-21.21213],[48.14501,-21.21408],[48.13697,-21.21819],[48.13113,-21.23687],[48.10526,-21.24041],[48.09219,-21.24932],[48.08752,-21.2567],[48.08751,-21.27111],[48.08026,-21.29774],[48.06771,-21.29379],[48.04693,-21.3032],[48.04244,-21.3084],[48.02951,-21.30984],[48.02096,-21.31856],[48.01687,-21.33727],[48.01326,-21.33939],[48.00286,-21.33792],[47.99453,-21.34041],[47.98954,-21.33793],[47.9721,-21.3174],[47.9503,-21.312],[47.9358,-21.31469],[47.92609,-21.30959],[47.91512,-21.31017],[47.9118,-21.31563],[47.91611,-21.33202],[47.91942,-21.33286],[47.92316,-21.32778],[47.927,-21.32771],[47.92574,-21.33326],[47.8944,-21.34538],[47.87584,-21.33014],[47.87808,-21.31826],[47.87458,-21.31485],[47.83145,-21.29912],[47.81977,-21.29095],[47.81761,-21.28584],[47.82094,-21.28038],[47.82723,-21.27951],[47.82704,-21.27642],[47.82111,-21.27498],[47.81567,-21.2851],[47.81618,-21.28998],[47.82323,-21.2927],[47.82428,-21.29757],[47.87465,-21.31807],[47.87338,-21.33044],[47.89168,-21.34672],[47.9043,-21.34598],[47.92956,-21.33204],[47.92947,-21.32728],[47.92449,-21.32557],[47.91909,-21.33016],[47.91646,-21.32892],[47.914,-21.31584],[47.92036,-21.31097],[47.9375,-21.31711],[47.95143,-21.31378],[47.97214,-21.31971],[47.97729,-21.32991],[47.99124,-21.34098],[48.01376,-21.34197],[48.02123,-21.33194],[48.02584,-21.31479],[48.03029,-21.31191],[48.04322,-21.31034],[48.06297,-21.29718],[48.07315,-21.29646],[48.07745,-21.30078],[48.08438,-21.29729],[48.08556,-21.27931],[48.09283,-21.2519],[48.11599,-21.23918],[48.1305,-21.24072],[48.13626,-21.23361],[48.14111,-21.2171],[48.1609,-21.21512],[48.16993,-21.21643],[48.17226,-21.23087],[48.18101,-21.24015],[48.19001,-21.24262],[48.20217,-21.23112],[48.20185,-21.20461],[48.20922,-21.19894],[48.2208,-21.20338],[48.22751,-21.21121],[48.23176,-21.219],[48.236,-21.24171],[48.26653,-21.24516],[48.27598,-21.23914],[48.29109,-21.23823],[48.29419,-21.24137],[48.29767,-21.26123],[48.30594,-21.26638],[48.32418,-21.25998],[48.33061,-21.25352],[48.33801,-21.25377],[48.34301,-21.25809],[48.34584,-21.25351],[48.34275,-21.27276],[48.30823,-21.41166],[48.23895,-21.61044],[48.23677,-21.60912],[48.25132,-21.56983],[48.24999,-21.56509],[48.25359,-21.5636],[48.25836,-21.54413],[48.26355,-21.53829],[48.25454,-21.5348],[48.25283,-21.53825],[48.24731,-21.53906],[48.24254,-21.54438],[48.24282,-21.55107],[48.23937,-21.55179],[48.24067,-21.55593],[48.23407,-21.55595],[48.23302,-21.56789],[48.23081,-21.56837],[48.23231,-21.57624],[48.24753,-21.57148],[48.23891,-21.59089],[48.22068,-21.65233],[48.20475,-21.65078],[48.18574,-21.63733],[48.15413,-21.63577],[48.19337,-21.64158],[48.20118,-21.65007],[48.21594,-21.65521],[48.21876,-21.65899],[48.21362,-21.66893],[48.21968,-21.66132],[48.23779,-21.61351],[48.18735,-21.75287],[48.1673,-21.79935],[48.17387,-21.7803],[48.17302,-21.7745],[48.16236,-21.79155],[48.15149,-21.7978],[48.15476,-21.79965],[48.15195,-21.80243],[48.13791,-21.80193],[48.12203,-21.79703],[48.11803,-21.78358],[48.11329,-21.77938],[48.08911,-21.7769],[48.09181,-21.76589],[48.08215,-21.76662],[48.07562,-21.75582],[48.05591,-21.74364],[48.04819,-21.74402],[48.04758,-21.74684],[48.04211,-21.74532],[48.0435,-21.75139],[48.04086,-21.75225],[48.03734,-21.7428],[48.02593,-21.74208],[48.02289,-21.74922],[48.02,-21.7493],[47.99617,-21.74168],[47.99329,-21.73556],[47.99803,-21.73187],[47.99751,-21.72686],[47.99285,-21.72785],[47.98304,-21.73908],[47.97187,-21.76488],[47.96106,-21.76147],[47.95722,-21.76887],[47.96358,-21.78368],[47.96044,-21.78515],[47.9446,-21.78479],[47.9436,-21.77632],[47.93667,-21.76744],[47.91766,-21.76713],[47.91718,-21.75003],[47.91658,-21.76792],[47.93614,-21.76874],[47.94281,-21.77813],[47.94365,-21.78584],[47.95992,-21.78645],[47.96429,-21.7847],[47.95834,-21.77014],[47.96137,-21.76314],[47.97217,-21.76603],[47.98482,-21.73854],[47.99698,-21.72777],[47.99181,-21.73738],[47.99368,-21.74121],[48.00627,-21.74725],[48.02244,-21.75089],[48.02812,-21.7425],[48.035,-21.74288],[48.0403,-21.75301],[48.04443,-21.7527],[48.04248,-21.747],[48.0548,-21.74401],[48.05937,-21.74923],[48.07451,-21.75632],[48.08158,-21.76789],[48.08985,-21.76727],[48.08785,-21.77791],[48.11433,-21.78236],[48.12255,-21.79871],[48.14499,-21.80579],[48.16644,-21.80088],[48.12856,-21.90442],[48.10093,-21.96181],[48.0993,-21.97413],[48.07323,-22.02846],[48.06756,-22.03556],[48.06035,-22.03762],[48.0696,-22.03714],[48.02398,-22.13355],[48.02465,-22.14102],[48.01784,-22.14322],[48.01797,-22.15016],[48.01214,-22.1516],[48.00559,-22.16125],[48.00838,-22.17314],[48.00117,-22.17455],[47.99617,-22.18206],[47.99627,-22.18669],[48,-22.18768],[47.99774,-22.1972],[47.98782,-22.21141],[47.98382,-22.21186],[47.98725,-22.2172],[48,-22.1915],[47.99713,-22.18178],[48.00199,-22.17456],[48.0092,-22.17315],[48.00641,-22.16153],[48.01435,-22.15177],[48.02034,-22.14918],[48.02007,-22.14223],[48.02487,-22.14386],[47.99689,-22.20262],[47.95498,-22.30525],[47.94133,-22.32659],[47.94301,-22.33428],[47.9398,-22.33734],[47.9254,-22.3382],[47.92478,-22.34156],[47.93853,-22.33796],[47.93735,-22.34133],[47.93985,-22.34154],[47.94436,-22.33271],[47.94337,-22.32501],[47.95257,-22.31559],[47.91429,-22.42869],[47.91577,-22.41349],[47.90409,-22.40392],[47.90124,-22.39317],[47.88451,-22.37353],[47.90289,-22.39931],[47.90298,-22.40394],[47.88403,-22.4039],[47.85891,-22.37952],[47.84919,-22.37776],[47.83924,-22.37112],[47.83632,-22.35008],[47.84002,-22.34152],[47.84095,-22.32581],[47.82527,-22.32326],[47.82691,-22.30857],[47.81632,-22.2973],[47.80276,-22.29651],[47.793,-22.29217],[47.78062,-22.29547],[47.77891,-22.29267],[47.78422,-22.28898],[47.78387,-22.28487],[47.76253,-22.27507],[47.74785,-22.27352],[47.70608,-22.28619],[47.69653,-22.27117],[47.68274,-22.26586],[47.67312,-22.2686],[47.69501,-22.27145],[47.70528,-22.28813],[47.74873,-22.27608],[47.7634,-22.27725],[47.7693,-22.28229],[47.78264,-22.28592],[47.78245,-22.2903],[47.77765,-22.29218],[47.78066,-22.29766],[47.79137,-22.29375],[47.80254,-22.29934],[47.81831,-22.29997],[47.82472,-22.30938],[47.82294,-22.32407],[47.84032,-22.32917],[47.83365,-22.35475],[47.83667,-22.37425],[47.86324,-22.38819],[47.87184,-22.40321],[47.88687,-22.40745],[47.89652,-22.40599],[47.908,-22.4126],[47.90783,-22.43074],[47.89251,-22.42587],[47.89983,-22.43217],[47.90817,-22.43369],[47.90995,-22.43957],[47.89304,-22.48489],[47.87883,-22.57389],[47.86094,-22.65962],[47.85591,-22.75128],[47.84079,-22.79117],[47.83741,-22.80872],[47.83777,-22.78608],[47.82273,-22.76937],[47.8186,-22.74423],[47.80555,-22.72285],[47.79637,-22.72147],[47.78465,-22.73183],[47.75154,-22.74012],[47.74457,-22.73806],[47.74432,-22.73266],[47.73637,-22.73035],[47.73457,-22.72369],[47.73126,-22.72427],[47.72711,-22.73193],[47.72614,-22.725],[47.7204,-22.72188],[47.71153,-22.72229],[47.70729,-22.71143],[47.69235,-22.69856],[47.68719,-22.68321],[47.6833,-22.68263],[47.67847,-22.69094],[47.67248,-22.6823],[47.66887,-22.68197],[47.66196,-22.69032],[47.66195,-22.69701],[47.64459,-22.70231],[47.63488,-22.70929],[47.63003,-22.71657],[47.63401,-22.72191],[47.63316,-22.72836],[47.62623,-22.72834],[47.61583,-22.72118],[47.60863,-22.72168],[47.57763,-22.73943],[47.56347,-22.73888],[47.57959,-22.74081],[47.58915,-22.73294],[47.61446,-22.7221],[47.62736,-22.72961],[47.63291,-22.72939],[47.63525,-22.72163],[47.63085,-22.7163],[47.63776,-22.70796],[47.66198,-22.69829],[47.66374,-22.689],[47.66861,-22.68288],[47.67221,-22.68269],[47.67654,-22.69111],[47.68044,-22.69233],[47.6825,-22.68406],[47.68637,-22.68348],[47.69153,-22.6996],[47.70378,-22.70917],[47.70888,-22.72143],[47.72488,-22.7245],[47.72448,-22.73197],[47.72809,-22.73242],[47.7346,-22.72485],[47.73371,-22.72898],[47.74196,-22.73257],[47.74319,-22.7386],[47.75101,-22.74116],[47.78552,-22.73323],[47.79778,-22.72286],[47.80671,-22.7254],[47.81724,-22.74554],[47.81938,-22.7684],[47.8328,-22.78719],[47.83436,-22.7954],[47.83057,-22.81347],[47.83521,-22.81648],[47.83974,-22.82746],[47.80677,-22.97853],[47.77152,-23.06841],[47.75774,-23.1219],[47.75135,-23.16291],[47.75311,-23.18089],[47.74696,-23.19309],[47.74194,-23.21993],[47.73359,-23.22676],[47.73332,-23.22209],[47.73691,-23.21951],[47.73147,-23.22526],[47.73558,-23.22879],[47.74096,-23.22144],[47.74201,-23.22327],[47.73105,-23.26591],[47.72242,-23.28689],[47.71289,-23.32487],[47.70301,-23.33881],[47.69768,-23.33736],[47.67352,-23.35501],[47.65808,-23.34935],[47.62854,-23.34882],[47.61324,-23.34303],[47.60878,-23.3359],[47.60903,-23.3269],[47.60509,-23.3177],[47.59752,-23.31538],[47.55515,-23.32843],[47.53902,-23.33011],[47.5253,-23.32621],[47.51702,-23.3158],[47.50496,-23.3111],[47.49746,-23.29012],[47.49413,-23.29069],[47.48423,-23.27516],[47.47469,-23.23363],[47.46239,-23.2153],[47.45645,-23.19532],[47.42611,-23.17958],[47.42801,-23.18444],[47.43693,-23.18508],[47.4424,-23.19515],[47.45411,-23.19626],[47.45667,-23.19969],[47.47957,-23.25619],[47.48049,-23.27599],[47.49157,-23.29536],[47.49634,-23.29735],[47.49678,-23.29065],[47.50342,-23.31061],[47.51038,-23.31796],[47.51806,-23.31912],[47.52196,-23.32614],[47.52929,-23.33091],[47.54936,-23.33135],[47.56848,-23.32641],[47.57131,-23.32829],[47.59145,-23.31831],[47.59871,-23.31922],[47.60603,-23.32334],[47.60397,-23.33907],[47.60614,-23.34289],[47.60975,-23.34245],[47.61883,-23.35092],[47.6632,-23.35441],[47.66804,-23.35947],[47.69596,-23.34858],[47.69695,-23.35628],[47.70025,-23.34053],[47.70226,-23.34332],[47.69838,-23.35111],[47.69792,-23.36269],[47.67672,-23.40344],[47.649,-23.47389],[47.63065,-23.54674],[47.62841,-23.58871],[47.62268,-23.59498],[47.61103,-23.59878],[47.61555,-23.56655],[47.60952,-23.56485],[47.61275,-23.55168],[47.60883,-23.55123],[47.60728,-23.55717],[47.60337,-23.55698],[47.60154,-23.5637],[47.59795,-23.5653],[47.59515,-23.56483],[47.59606,-23.55453],[47.5904,-23.55051],[47.58757,-23.56264],[47.58347,-23.56709],[47.58544,-23.57503],[47.58322,-23.57584],[47.58779,-23.58091],[47.58401,-23.58032],[47.57991,-23.58502],[47.57238,-23.58502],[47.56719,-23.57674],[47.5583,-23.57856],[47.55723,-23.58128],[47.54766,-23.57694],[47.53593,-23.57687],[47.53945,-23.58556],[47.54133,-23.58142],[47.55023,-23.58011],[47.55674,-23.58451],[47.56871,-23.58277],[47.56908,-23.5879],[47.57747,-23.58828],[47.57921,-23.59185],[47.57514,-23.59758],[47.57125,-23.59893],[47.56613,-23.59374],[47.56167,-23.60115],[47.5662,-23.59721],[47.57267,-23.59994],[47.56919,-23.60745],[47.57569,-23.60477],[47.57525,-23.61044],[47.58663,-23.60022],[47.5875,-23.60869],[47.59125,-23.60812],[47.59342,-23.61168],[47.59949,-23.60824],[47.60062,-23.61593],[47.60436,-23.60738],[47.60787,-23.60861],[47.61293,-23.60325],[47.62087,-23.60222],[47.61329,-23.65637],[47.60637,-23.67372],[47.59628,-23.72817],[47.59767,-23.74924],[47.59215,-23.78792],[47.5879,-23.79905],[47.58241,-23.80429],[47.57651,-23.79577],[47.56812,-23.7954],[47.56099,-23.80979],[47.54806,-23.81335],[47.54175,-23.80548],[47.54377,-23.80133],[47.53517,-23.79761],[47.53251,-23.78994],[47.5229,-23.78495],[47.50216,-23.7822],[47.49443,-23.76509],[47.48608,-23.75982],[47.48455,-23.75277],[47.47879,-23.75094],[47.48951,-23.7415],[47.47634,-23.72525],[47.47745,-23.71726],[47.45269,-23.72318],[47.44503,-23.71661],[47.43506,-23.72166],[47.42802,-23.71135],[47.42708,-23.71342],[47.43452,-23.7227],[47.44533,-23.71777],[47.45187,-23.72422],[47.47635,-23.71817],[47.47479,-23.7245],[47.48771,-23.74243],[47.48159,-23.7442],[47.47755,-23.75224],[47.48289,-23.75344],[47.48358,-23.76051],[47.49219,-23.76487],[47.5005,-23.783],[47.52379,-23.78751],[47.53086,-23.79177],[47.53193,-23.79638],[47.54045,-23.80319],[47.54189,-23.81255],[47.55426,-23.81569],[47.56134,-23.81339],[47.56361,-23.80769],[47.5789,-23.80898],[47.57405,-23.81986],[47.57406,-23.83453],[47.52589,-23.9318],[47.47902,-24.04215],[47.47503,-24.04556],[47.46689,-24.04479],[47.46312,-24.03829],[47.45687,-24.04097],[47.45436,-24.04885],[47.44825,-24.05152],[47.44135,-24.0497],[47.4349,-24.04209],[47.431,-24.02054],[47.42643,-24.01624],[47.40579,-24.01296],[47.39995,-24.00006],[47.38966,-23.99649],[47.38522,-23.9837],[47.37082,-23.98444],[47.35383,-23.97389],[47.35065,-23.96854],[47.34168,-23.96829],[47.32952,-23.97709],[47.31416,-23.97926],[47.30556,-23.97729],[47.31474,-23.98028],[47.32982,-23.97799],[47.34618,-23.96925],[47.36915,-23.98498],[47.38369,-23.98424],[47.38769,-23.99601],[47.3997,-24.00174],[47.40413,-24.01402],[47.42748,-24.01982],[47.42716,-24.03243],[47.43791,-24.05285],[47.44469,-24.05608],[47.45611,-24.05255],[47.45923,-24.0543],[47.45067,-24.061],[47.46244,-24.05374],[47.4647,-24.04753],[47.4686,-24.04644],[47.46907,-24.049],[47.45757,-24.06308],[47.43845,-24.10352],[47.41743,-24.13344],[47.4,-24.1759],[47.39751,-24.17749],[47.39398,-24.16879],[47.38764,-24.16735],[47.39087,-24.15984],[47.39679,-24.1618],[47.39655,-24.1564],[47.39219,-24.1557],[47.38583,-24.16043],[47.38407,-24.1638],[47.38652,-24.16711],[47.35535,-24.16464],[47.38432,-24.16972],[47.39169,-24.17398],[47.39166,-24.17989],[47.40103,-24.18592],[47.39019,-24.21362],[47.38133,-24.24977],[47.36792,-24.26851],[47.35421,-24.27078],[47.34927,-24.27677],[47.33156,-24.27511],[47.31995,-24.26925],[47.31156,-24.25548],[47.30503,-24.25108],[47.29795,-24.24784],[47.28476,-24.24778],[47.2782,-24.25727],[47.25486,-24.26276],[47.25328,-24.26845],[47.24506,-24.27166],[47.23939,-24.28435],[47.22833,-24.29429],[47.21589,-24.31351],[47.20342,-24.31446],[47.21717,-24.314],[47.22948,-24.29556],[47.24108,-24.28458],[47.24509,-24.2732],[47.25457,-24.26971],[47.25614,-24.26365],[47.27769,-24.26037],[47.28789,-24.24979],[47.29658,-24.24966],[47.30537,-24.25455],[47.33018,-24.28401],[47.33055,-24.28117],[47.34296,-24.28459],[47.35107,-24.29038],[47.34444,-24.31158],[47.34088,-24.3088],[47.34585,-24.30435],[47.3459,-24.2992],[47.3435,-24.29873],[47.34004,-24.30907],[47.34588,-24.32107],[47.33913,-24.32838],[47.31971,-24.37936],[47.31718,-24.3794],[47.32195,-24.36376],[47.31553,-24.36605],[47.31538,-24.38071],[47.31905,-24.38966],[47.30604,-24.42356],[47.30243,-24.45655],[47.30537,-24.46345],[47.28317,-24.53376],[47.28115,-24.52325],[47.28252,-24.53686],[47.26106,-24.58709],[47.25716,-24.58921],[47.24273,-24.61618],[47.2251,-24.66918],[47.21953,-24.67313],[47.19534,-24.71465],[47.18959,-24.71589],[47.18963,-24.7182],[47.19371,-24.71776],[47.18897,-24.73661],[47.18921,-24.7505],[47.20115,-24.77245],[47.19962,-24.78173],[47.19526,-24.78218],[47.19008,-24.79203],[47.17827,-24.79349],[47.16463,-24.80308],[47.1305,-24.85091],[47.12632,-24.86255],[47.1214,-24.87985],[47.12187,-24.89888],[47.12837,-24.90754],[47.13783,-24.90818],[47.13792,-24.92207],[47.13435,-24.92726],[47.12647,-24.92866],[47.11617,-24.93666],[47.11274,-24.934],[47.11318,-24.92679],[47.11795,-24.92518],[47.12272,-24.91585],[47.11453,-24.90696],[47.10904,-24.90756],[47.10748,-24.89883],[47.10105,-24.90201],[47.10794,-24.90937],[47.10249,-24.91202],[47.1037,-24.9084],[47.09843,-24.90539],[47.09714,-24.91261],[47.09997,-24.91322],[47.1027,-24.92437],[47.10808,-24.92558],[47.10921,-24.9338],[47.11308,-24.9376],[47.10474,-24.94518],[47.10424,-24.94853],[47.10734,-24.94849],[47.1091,-24.95258],[47.09814,-24.98849],[47.09368,-24.99177],[47.09151,-24.98833],[47.09357,-24.97698],[47.09118,-24.97727],[47.08849,-24.96831],[47.08306,-24.96452],[47.06949,-24.96304],[47.06224,-24.96829],[47.05688,-24.96836],[47.04938,-24.95882],[47.03892,-24.95754],[47.0349,-24.9621],[47.04111,-24.97102],[47.06226,-24.96957],[47.07149,-24.96481],[47.07799,-24.96511],[47.08602,-24.97284],[47.06737,-24.9713],[47.044,-24.97497],[47.02325,-24.98297],[47.00231,-24.99728],[46.99552,-25.00534],[46.99122,-25.01904],[46.99544,-25.02631],[47.00135,-25.02508],[46.99944,-25.03822],[46.99485,-25.0424],[46.99305,-25.03574],[46.97976,-25.03476],[46.96689,-25.04239],[46.95769,-25.05885],[46.95806,-25.06425],[46.96434,-25.06879],[46.96063,-25.07502],[46.95036,-25.06885],[46.93424,-25.06752],[46.93953,-25.06243],[46.9418,-25.05417],[46.9399,-25.05033],[46.92406,-25.04861],[46.91876,-25.05267],[46.91244,-25.04632],[46.91285,-25.03602],[46.91537,-25.03444],[46.91372,-25.0288],[46.90693,-25.02786],[46.90435,-25.0342],[46.90942,-25.03375],[46.90894,-25.03916],[46.89987,-25.03696],[46.89229,-25.0395],[46.88937,-25.0425],[46.89069,-25.04582],[46.89408,-25.04617],[46.8985,-25.03942],[46.90727,-25.04047],[46.90934,-25.04687],[46.89943,-25.0452],[46.89863,-25.04804],[46.90358,-25.06701],[46.90884,-25.06913],[46.92314,-25.062],[46.92996,-25.065],[46.9269,-25.06787],[46.88524,-25.07741],[46.84427,-25.09594],[46.83478,-25.10339],[46.82812,-25.12148],[46.81128,-25.11976],[46.79921,-25.12531],[46.7934,-25.13413],[46.7823,-25.13825],[46.77892,-25.14884],[46.76718,-25.15811],[46.75671,-25.15721],[46.75627,-25.14679],[46.74468,-25.1468],[46.73789,-25.15602],[46.73866,-25.16064],[46.74531,-25.16107],[46.71942,-25.17926],[46.69143,-25.17958],[46.68189,-25.18548],[46.65705,-25.18846],[46.65358,-25.19352],[46.63796,-25.19897],[46.63088,-25.1984],[46.6256,-25.18392],[46.6168,-25.18132],[46.57185,-25.18219],[46.51819,-25.16499],[46.48483,-25.16507],[46.43997,-25.17349],[46.4364,-25.15822],[46.41617,-25.14529],[46.4289,-25.15803],[46.43301,-25.17086],[46.43122,-25.17538],[46.38995,-25.17603],[46.35013,-25.18155],[46.23226,-25.21474],[46.09296,-25.26473],[45.95925,-25.32087],[45.90765,-25.34899],[45.87291,-25.36348],[45.77814,-25.42578],[45.72023,-25.4567],[45.67933,-25.49305],[45.67906,-25.49614],[45.61433,-25.53619],[45.56564,-25.5571],[45.55373,-25.55831],[45.53306,-25.56791],[45.50443,-25.5747],[45.42358,-25.5801],[45.38639,-25.57737],[45.33079,-25.5824],[45.3078,-25.58039],[45.2729,-25.58394],[45.18893,-25.60427],[45.16168,-25.60405],[45.13925,-25.59622],[45.12944,-25.57641],[45.1331,-25.55427],[45.12415,-25.54116],[45.10826,-25.52856],[44.97353,-25.47751],[44.9612,-25.4676],[44.95327,-25.45112],[44.94108,-25.43799],[44.93854,-25.41972],[44.88799,-25.38417],[44.82259,-25.35309],[44.81127,-25.34613],[44.8076,-25.34021],[44.70741,-25.31199],[44.60609,-25.29708],[44.52062,-25.28924],[44.51697,-25.28022],[44.51047,-25.27775],[44.51213,-25.28856],[44.44483,-25.27108],[44.34949,-25.26387],[44.35617,-25.25695],[44.35934,-25.24693],[44.35632,-25.22813],[44.34036,-25.19743],[44.31267,-25.16732],[44.2645,-25.13543],[44.23442,-25.10762],[44.19222,-25.07779],[44.16148,-25.06797],[44.14736,-25.06763],[44.11125,-25.07888],[44.1096,-25.07269],[44.09807,-25.0649],[44.07748,-25.04174],[44.06904,-25.03718],[44.06576,-25.04025],[44.06473,-25.02815],[44.06926,-25.0256],[44.06917,-25.01981],[44.06099,-25.01796],[44.05343,-25.00916],[44.03875,-25.00816],[44.04421,-24.99636],[44.05436,-24.999],[44.06219,-25.00819],[44.06952,-25.01029],[44.07631,-25.00892],[44.07833,-25.00378],[44.07215,-24.99834],[44.07191,-24.99293],[44.06682,-24.99393],[44.06628,-24.9911],[44.05248,-24.98548],[44.05244,-24.99088],[44.04654,-24.98672],[44.03863,-24.98809],[44.04038,-24.99814],[44.02408,-24.98799],[44.02145,-24.98232],[44.0328,-24.97467],[44.03672,-24.96105],[44.03181,-24.93863],[44.02206,-24.92313],[44.01995,-24.90407],[44.02319,-24.88685],[44.01825,-24.86957],[44.00272,-24.85351],[43.97244,-24.83143],[43.95777,-24.81511],[43.94878,-24.77773],[43.91983,-24.7348],[43.91904,-24.71215],[43.92702,-24.70165],[43.93862,-24.69633],[43.9429,-24.68993],[43.94172,-24.67911],[43.93505,-24.668],[43.93771,-24.6536],[43.93504,-24.63634],[43.92645,-24.62058],[43.91619,-24.60249],[43.88776,-24.57011],[43.86189,-24.5519],[43.84998,-24.53135],[43.83508,-24.51515],[43.80563,-24.49124],[43.76187,-24.46516],[43.73623,-24.44229],[43.7357,-24.43843],[43.71411,-24.4192],[43.69732,-24.39873],[43.68296,-24.3739],[43.67902,-24.34761],[43.67075,-24.33261],[43.66784,-24.31483],[43.66962,-24.29271],[43.66246,-24.2386],[43.66726,-24.20956],[43.66382,-24.18894],[43.66817,-24.17585],[43.66645,-24.15216],[43.67269,-24.1185],[43.66985,-24.0948],[43.67568,-24.07297],[43.67366,-24.05134],[43.67715,-24.03901],[43.66367,-24.00132],[43.66901,-23.98566],[43.66166,-23.96553],[43.66479,-23.93364],[43.66051,-23.91404],[43.6685,-23.91282],[43.67303,-23.90746],[43.67525,-23.89589],[43.6661,-23.86004],[43.65449,-23.84656],[43.65204,-23.83907],[43.65252,-23.83393],[43.66208,-23.82938],[43.66378,-23.81369],[43.6455,-23.78213],[43.64477,-23.77157],[43.63436,-23.75141],[43.64221,-23.74916],[43.64329,-23.75264],[43.6399,-23.75635],[43.64516,-23.76102],[43.64552,-23.75318],[43.64971,-23.7536],[43.65206,-23.77022],[43.65543,-23.76806],[43.65253,-23.75144],[43.6481,-23.74715],[43.64779,-23.73608],[43.64009,-23.72443],[43.6478,-23.70803],[43.64138,-23.69369],[43.65129,-23.68129],[43.64414,-23.6708],[43.6359,-23.67034],[43.6502,-23.6522],[43.65265,-23.64475],[43.6514,-23.63033],[43.65758,-23.61262],[43.66181,-23.60957],[43.68874,-23.59757],[43.72788,-23.5934],[43.73747,-23.58408],[43.74811,-23.58121],[43.74915,-23.57452],[43.75463,-23.57058],[43.76798,-23.57634],[43.78311,-23.57106],[43.79875,-23.57028],[43.8202,-23.56015],[43.82139,-23.55269],[43.82886,-23.54438],[43.85403,-23.53955],[43.85168,-23.5524],[43.84635,-23.55584],[43.85279,-23.5537],[43.85916,-23.52698],[43.85497,-23.51099],[43.86191,-23.49971],[43.86389,-23.48016],[43.86367,-23.47321],[43.85535,-23.468],[43.85344,-23.46233],[43.86035,-23.45375],[43.89324,-23.45811],[43.90353,-23.4623],[43.9315,-23.45284],[43.95121,-23.46662],[43.95747,-23.48571],[43.95919,-23.48006],[43.95586,-23.47798],[43.9551,-23.46819],[43.93527,-23.45287],[43.9131,-23.45194],[43.90579,-23.45884],[43.86121,-23.4517],[43.85176,-23.46283],[43.85476,-23.4716],[43.86222,-23.47989],[43.86184,-23.49173],[43.85888,-23.49493],[43.86066,-23.49842],[43.85167,-23.50633],[43.85616,-23.53519],[43.83113,-23.54054],[43.8217,-23.54909],[43.81727,-23.56025],[43.79009,-23.5706],[43.77698,-23.56921],[43.77694,-23.5732],[43.75884,-23.56778],[43.75891,-23.56044],[43.76201,-23.55777],[43.75713,-23.55708],[43.75495,-23.5514],[43.74635,-23.54567],[43.74629,-23.53743],[43.73455,-23.52447],[43.73159,-23.51209],[43.73793,-23.50661],[43.74056,-23.50856],[43.73706,-23.50995],[43.73889,-23.52245],[43.744,-23.52789],[43.74353,-23.53407],[43.74746,-23.53178],[43.7659,-23.48457],[43.76668,-23.46038],[43.7601,-23.44797],[43.75115,-23.43632],[43.72742,-23.423],[43.71338,-23.40435],[43.71547,-23.39021],[43.71126,-23.37846],[43.70735,-23.37908],[43.71246,-23.38427],[43.71186,-23.38864],[43.70451,-23.3842],[43.69668,-23.3871],[43.68832,-23.38587],[43.6878,-23.382],[43.67259,-23.36965],[43.6725,-23.36488],[43.66424,-23.35426],[43.66104,-23.35398],[43.66163,-23.35064],[43.65714,-23.35343],[43.64167,-23.35355],[43.64233,-23.35639],[43.65123,-23.35853],[43.6442,-23.36438],[43.63742,-23.36021],[43.63486,-23.35143],[43.63139,-23.34986],[43.62673,-23.32846],[43.61614,-23.31507],[43.62142,-23.31621],[43.62331,-23.30925],[43.63053,-23.31163],[43.64347,-23.30502],[43.6481,-23.30959],[43.65844,-23.30711],[43.65595,-23.30541],[43.64867,-23.30895],[43.6443,-23.30458],[43.63165,-23.31074],[43.62332,-23.3077],[43.61395,-23.31084],[43.61858,-23.30779],[43.61944,-23.29236],[43.61059,-23.25907],[43.61224,-23.23438],[43.61548,-23.23029],[43.61924,-23.23058],[43.61727,-23.24562],[43.62213,-23.24785],[43.62383,-23.27206],[43.62642,-23.27698],[43.62619,-23.2726],[43.62938,-23.27417],[43.62975,-23.27868],[43.62675,-23.27726],[43.63183,-23.29349],[43.63517,-23.29378],[43.63844,-23.28712],[43.6394,-23.27529],[43.6334,-23.26211],[43.62549,-23.25972],[43.62061,-23.23265],[43.62198,-23.20744],[43.61885,-23.18682],[43.60742,-23.16124],[43.61251,-23.15433],[43.61177,-23.1448],[43.6055,-23.13239],[43.6095,-23.12187],[43.61051,-23.10489],[43.59337,-23.06742],[43.56373,-23.04231],[43.53607,-23.02803],[43.53116,-23.01988],[43.5223,-23.01594],[43.51847,-23.01011],[43.49406,-23.00486],[43.48953,-23.00006],[43.48485,-22.97118],[43.4802,-22.96419],[43.47783,-22.96429],[43.47789,-22.97189],[43.48239,-22.97914],[43.47864,-22.9791],[43.47843,-22.98592],[43.47155,-22.97903],[43.46486,-22.98064],[43.46483,-22.97125],[43.45954,-22.97197],[43.45806,-22.96758],[43.46157,-22.96478],[43.45672,-22.96319],[43.45525,-22.95828],[43.44781,-22.95255],[43.45154,-22.94255],[43.4437,-22.93501],[43.43639,-22.9182],[43.40327,-22.88776],[43.38909,-22.86497],[43.37127,-22.84574],[43.36431,-22.82405],[43.35668,-22.81162],[43.34945,-22.77808],[43.35279,-22.77734],[43.35038,-22.75879],[43.3401,-22.73603],[43.33663,-22.70228],[43.32992,-22.68316],[43.31858,-22.6694],[43.3207,-22.66659],[43.31695,-22.65497],[43.30795,-22.64278],[43.30112,-22.61182],[43.29163,-22.59499],[43.29307,-22.59011],[43.28738,-22.58001],[43.28701,-22.56508],[43.28312,-22.55475],[43.28744,-22.55222],[43.28921,-22.54374],[43.2846,-22.51306],[43.28897,-22.49612],[43.2737,-22.47614],[43.26543,-22.40656],[43.26641,-22.39473],[43.26048,-22.38128],[43.26088,-22.37202],[43.22797,-22.32611],[43.23096,-22.30838],[43.22898,-22.30141],[43.23663,-22.29763],[43.23944,-22.28325],[43.23566,-22.27548],[43.2248,-22.27073],[43.22574,-22.26148],[43.22021,-22.25086],[43.23075,-22.24866],[43.23627,-22.23765],[43.23672,-22.22402],[43.24239,-22.22434],[43.25768,-22.21704],[43.26363,-22.22804],[43.26943,-22.22849],[43.27502,-22.2234],[43.28053,-22.22449],[43.28283,-22.22889],[43.28034,-22.22912],[43.28012,-22.24713],[43.2829,-22.24913],[43.28389,-22.24408],[43.29024,-22.24441],[43.29229,-22.26965],[43.28902,-22.27683],[43.29646,-22.27896],[43.29829,-22.27615],[43.29558,-22.27175],[43.29967,-22.26484],[43.29724,-22.26018],[43.30278,-22.25921],[43.30522,-22.26335],[43.3109,-22.25132],[43.31598,-22.20787],[43.30916,-22.17717],[43.30495,-22.17095],[43.30763,-22.16608],[43.29573,-22.1446],[43.29513,-22.13738],[43.2914,-22.13786],[43.28675,-22.14527],[43.28165,-22.14393],[43.27622,-22.15855],[43.278,-22.17144],[43.27287,-22.17293],[43.27043,-22.18011],[43.27721,-22.17992],[43.26632,-22.18856],[43.26629,-22.19165],[43.26296,-22.19251],[43.25849,-22.18487],[43.26414,-22.18622],[43.26628,-22.18109],[43.26425,-22.17734],[43.25621,-22.1797],[43.24875,-22.15722],[43.25246,-22.15881],[43.25484,-22.156],[43.25836,-22.15038],[43.25891,-22.13957],[43.26251,-22.1391],[43.26313,-22.1337],[43.26921,-22.13325],[43.26927,-22.12836],[43.27399,-22.12661],[43.2725,-22.12427],[43.25868,-22.13597],[43.25324,-22.15135],[43.24219,-22.16204],[43.23514,-22.16223],[43.23344,-22.14342],[43.24393,-22.12217],[43.24416,-22.11445],[43.2358,-22.09814],[43.23796,-22.09173],[43.24515,-22.09104],[43.24871,-22.08181],[43.2403,-22.0812],[43.23347,-22.07469],[43.2392,-22.06935],[43.23942,-22.05134],[43.24362,-22.03594],[43.26185,-22.00138],[43.26369,-21.98622],[43.25629,-21.97018],[43.26145,-21.95453],[43.26803,-21.95795],[43.27154,-21.96442],[43.26582,-21.96951],[43.26843,-21.97056],[43.2693,-21.97804],[43.26446,-22.00192],[43.26751,-22.00118],[43.26529,-22.01352],[43.26758,-22.01792],[43.27728,-22.00283],[43.28279,-22.02709],[43.28032,-22.03723],[43.28608,-22.04076],[43.29148,-22.03876],[43.29305,-22.0344],[43.2994,-22.03447],[43.2999,-22.0391],[43.31134,-22.02893],[43.32211,-22.02865],[43.32576,-22.02341],[43.33106,-21.99515],[43.32893,-21.98869],[43.33619,-21.98182],[43.34175,-21.96617],[43.33839,-21.95842],[43.34079,-21.95381],[43.33256,-21.94961],[43.33675,-21.94553],[43.33397,-21.93521],[43.33787,-21.93216],[43.34621,-21.93868],[43.34466,-21.92965],[43.34838,-21.91759],[43.34447,-21.91034],[43.35065,-21.90011],[43.35403,-21.90581],[43.35521,-21.89938],[43.35432,-21.8811],[43.34571,-21.86222],[43.34426,-21.84419],[43.35068,-21.8252],[43.35821,-21.81833],[43.36155,-21.80343],[43.35849,-21.78178],[43.35048,-21.77089],[43.34781,-21.7513],[43.34993,-21.74694],[43.37403,-21.73508],[43.38849,-21.72364],[43.42708,-21.67046],[43.43141,-21.65223],[43.43623,-21.65227],[43.43577,-21.6569],[43.44292,-21.6571],[43.45736,-21.64604],[43.45923,-21.65146],[43.45435,-21.65708],[43.45784,-21.6656],[43.4555,-21.6782],[43.46845,-21.69093],[43.48523,-21.69314],[43.49281,-21.70583],[43.49458,-21.72077],[43.49812,-21.71205],[43.49546,-21.70302],[43.49842,-21.69635],[43.50729,-21.69129],[43.5033,-21.67683],[43.49923,-21.67113],[43.49593,-21.6711],[43.49098,-21.65716],[43.48018,-21.66272],[43.48037,-21.6707],[43.47611,-21.66989],[43.47684,-21.66578],[43.47409,-21.66601],[43.47223,-21.6593],[43.49026,-21.6466],[43.48742,-21.64181],[43.47971,-21.64174],[43.47966,-21.64624],[43.47361,-21.64619],[43.47392,-21.64233],[43.4759,-21.63745],[43.48115,-21.63596],[43.47881,-21.62281],[43.48372,-21.61384],[43.48185,-21.60868],[43.48766,-21.59251],[43.48525,-21.58605],[43.48977,-21.57425],[43.48662,-21.57345],[43.48639,-21.56907],[43.49177,-21.55368],[43.49452,-21.55396],[43.49392,-21.55884],[43.50596,-21.55252],[43.51532,-21.55196],[43.51888,-21.55418],[43.51731,-21.5588],[43.52012,-21.56667],[43.52344,-21.56542],[43.52703,-21.55511],[43.52109,-21.55252],[43.52538,-21.55089],[43.52443,-21.54895],[43.50543,-21.55058],[43.50934,-21.54431],[43.50093,-21.54629],[43.49656,-21.54368],[43.50016,-21.54088],[43.504,-21.51491],[43.50197,-21.51206],[43.49234,-21.51249],[43.49063,-21.50475],[43.49706,-21.50816],[43.49407,-21.50478],[43.49604,-21.49991],[43.48537,-21.48128],[43.48609,-21.47794],[43.49653,-21.47958],[43.49782,-21.48809],[43.51006,-21.50081],[43.5263,-21.50057],[43.53024,-21.49121],[43.53769,-21.48895],[43.55061,-21.49022],[43.55955,-21.50408],[43.56384,-21.50154],[43.55891,-21.49944],[43.55595,-21.4922],[43.5391,-21.486],[43.52819,-21.48964],[43.51889,-21.49844],[43.51449,-21.4984],[43.5059,-21.49073],[43.50421,-21.48119],[43.49919,-21.47445],[43.5002,-21.47034],[43.50433,-21.46922],[43.49666,-21.46684],[43.48535,-21.47047],[43.48501,-21.46695],[43.47902,-21.47067],[43.47721,-21.45919],[43.51165,-21.45333],[43.5251,-21.45525],[43.53503,-21.45224],[43.56556,-21.45225],[43.60018,-21.48434],[43.61295,-21.50092],[43.6294,-21.50698],[43.64003,-21.51698],[43.65649,-21.52239],[43.65892,-21.52782],[43.66113,-21.52655],[43.65826,-21.52395],[43.65955,-21.51868],[43.66724,-21.52067],[43.68615,-21.54348],[43.6882,-21.56074],[43.69338,-21.56593],[43.70309,-21.58789],[43.70385,-21.59588],[43.71036,-21.60649],[43.71016,-21.61395],[43.7236,-21.61998],[43.73775,-21.63914],[43.73748,-21.65432],[43.74397,-21.6675],[43.75055,-21.70359],[43.77349,-21.70756],[43.7773,-21.71589],[43.78528,-21.71698],[43.78793,-21.73013],[43.79612,-21.7392],[43.8112,-21.74794],[43.81254,-21.75245],[43.80924,-21.75204],[43.80922,-21.755],[43.84149,-21.78561],[43.84898,-21.79673],[43.85151,-21.80769],[43.86343,-21.81692],[43.87072,-21.83679],[43.87195,-21.85636],[43.87947,-21.86362],[43.88216,-21.87265],[43.90523,-21.88594],[43.91294,-21.88818],[43.91048,-21.88481],[43.92372,-21.88426],[43.94628,-21.89316],[43.95747,-21.90919],[43.96571,-21.91478],[43.98145,-21.9132],[43.98887,-21.91672],[44.00681,-21.91683],[44.04415,-21.90315],[44.06633,-21.88577],[44.06448,-21.87379],[44.06794,-21.87175],[44.06574,-21.86993],[44.06296,-21.87404],[44.06287,-21.86618],[44.06736,-21.85527],[44.07786,-21.85147],[44.07788,-21.84812],[44.08975,-21.84664],[44.09336,-21.84228],[44.11213,-21.84084],[44.12512,-21.83575],[44.13734,-21.82192],[44.15949,-21.80594],[44.19175,-21.8061],[44.2223,-21.81488],[44.23605,-21.84893],[44.24632,-21.86108],[44.25238,-21.86303],[44.26426,-21.85884],[44.27009,-21.8514],[44.27526,-21.83855],[44.27432,-21.82155],[44.27688,-21.8186],[44.2846,-21.81928],[44.29448,-21.82859],[44.29204,-21.81879],[44.28296,-21.81476],[44.27275,-21.81807],[44.26665,-21.85113],[44.26148,-21.8577],[44.25433,-21.86047],[44.24492,-21.85668],[44.23977,-21.84946],[44.22944,-21.81944],[44.22314,-21.81346],[44.18538,-21.80161],[44.16171,-21.80261],[44.13488,-21.81805],[44.12267,-21.83047],[44.07392,-21.84192],[44.06685,-21.84818],[44.06355,-21.84752],[44.05842,-21.87298],[44.04148,-21.89839],[44.0168,-21.90814],[43.98896,-21.90385],[43.96356,-21.90627],[43.95165,-21.89422],[43.95168,-21.88959],[43.94351,-21.8833],[43.92434,-21.87538],[43.8987,-21.87431],[43.88183,-21.86184],[43.87482,-21.84145],[43.87379,-21.79768],[43.86025,-21.78368],[43.8388,-21.77761],[43.84174,-21.77197],[43.83825,-21.76061],[43.82884,-21.74768],[43.79756,-21.73188],[43.79542,-21.72349],[43.81274,-21.72799],[43.79653,-21.72299],[43.77302,-21.70067],[43.75409,-21.69139],[43.75077,-21.67785],[43.75534,-21.67454],[43.75984,-21.66402],[43.76181,-21.64816],[43.76128,-21.6406],[43.75638,-21.63413],[43.75536,-21.62382],[43.75899,-21.61793],[43.75634,-21.60658],[43.7441,-21.59553],[43.74191,-21.58768],[43.73576,-21.58235],[43.71192,-21.5702],[43.71089,-21.56234],[43.71588,-21.55813],[43.71031,-21.55036],[43.69194,-21.54249],[43.68861,-21.52998],[43.68072,-21.52091],[43.66896,-21.51283],[43.63409,-21.50483],[43.63014,-21.50132],[43.62763,-21.48984],[43.61695,-21.48512],[43.60869,-21.48557],[43.60188,-21.47908],[43.59141,-21.46573],[43.58651,-21.44728],[43.57991,-21.44632],[43.57941,-21.4413],[43.56516,-21.43654],[43.56081,-21.43162],[43.54044,-21.43427],[43.53018,-21.44216],[43.51307,-21.4487],[43.49271,-21.44929],[43.48393,-21.4478],[43.48259,-21.44483],[43.49227,-21.43912],[43.49995,-21.44099],[43.4989,-21.43558],[43.51267,-21.43364],[43.51243,-21.43081],[43.50254,-21.42905],[43.49894,-21.43197],[43.49435,-21.42344],[43.50022,-21.41474],[43.50461,-21.41529],[43.50916,-21.39989],[43.51358,-21.39812],[43.51333,-21.39555],[43.5051,-21.39431],[43.50793,-21.38584],[43.50378,-21.38915],[43.50243,-21.3867],[43.51124,-21.38471],[43.511,-21.38188],[43.52026,-21.38969],[43.52987,-21.3908],[43.53848,-21.38251],[43.54653,-21.38811],[43.55168,-21.38198],[43.55754,-21.38666],[43.55708,-21.39129],[43.56229,-21.39237],[43.56646,-21.38777],[43.56008,-21.37999],[43.55986,-21.36017],[43.56609,-21.35533],[43.56389,-21.34102],[43.55633,-21.34212],[43.56039,-21.33598],[43.5667,-21.33483],[43.57024,-21.33812],[43.57001,-21.34815],[43.57449,-21.3536],[43.58494,-21.35389],[43.57164,-21.34971],[43.57127,-21.33798],[43.5626,-21.33264],[43.57278,-21.33119],[43.58206,-21.33757],[43.58839,-21.32205],[43.58806,-21.32848],[43.59205,-21.32774],[43.59442,-21.33819],[43.59964,-21.33888],[43.60672,-21.3307],[43.61241,-21.33976],[43.61,-21.34746],[43.61488,-21.35445],[43.6222,-21.35039],[43.62159,-21.34241],[43.62875,-21.34092],[43.63381,-21.34354],[43.63047,-21.34789],[43.63304,-21.35151],[43.6376,-21.34872],[43.63439,-21.33968],[43.63542,-21.33222],[43.64258,-21.33035],[43.64941,-21.33517],[43.65275,-21.33017],[43.66497,-21.33143],[43.66667,-21.34045],[43.67299,-21.34076],[43.6735,-21.34488],[43.67696,-21.34285],[43.67527,-21.33177],[43.68212,-21.33362],[43.6815,-21.34147],[43.69113,-21.34039],[43.68805,-21.33187],[43.69788,-21.32255],[43.69968,-21.33659],[43.7052,-21.33419],[43.70872,-21.33975],[43.71148,-21.33874],[43.71155,-21.33076],[43.71978,-21.33289],[43.72577,-21.33859],[43.725,-21.34863],[43.73044,-21.33876],[43.73312,-21.34689],[43.73775,-21.3513],[43.74147,-21.35081],[43.7403,-21.34257],[43.74307,-21.33963],[43.74829,-21.34031],[43.75031,-21.34496],[43.75165,-21.33338],[43.75562,-21.33418],[43.7579,-21.34141],[43.76478,-21.34017],[43.76502,-21.32833],[43.75846,-21.32365],[43.76934,-21.3039],[43.7743,-21.28566],[43.77102,-21.28371],[43.76317,-21.28635],[43.74973,-21.29964],[43.75158,-21.29219],[43.75653,-21.29145],[43.7657,-21.27916],[43.76533,-21.2744],[43.76378,-21.27863],[43.75652,-21.27639],[43.74963,-21.27891],[43.73112,-21.29126],[43.73129,-21.28792],[43.7276,-21.28622],[43.72346,-21.28812],[43.72929,-21.28082],[43.74364,-21.27269],[43.76184,-21.26523],[43.77282,-21.26531],[43.77315,-21.25862],[43.76739,-21.25832],[43.7776,-21.2526],[43.79699,-21.23201],[43.80547,-21.21817],[43.82121,-21.17245],[43.83819,-21.14245],[43.8385,-21.12056],[43.84878,-21.1039],[43.85713,-21.05297],[43.86123,-21.05429],[43.86008,-21.062],[43.86254,-21.06305],[43.86618,-21.05278],[43.87113,-21.05126],[43.8717,-21.04792],[43.8849,-21.04363],[43.88129,-21.01245],[43.87555,-21.011],[43.86621,-21.03141],[43.86706,-21.04557],[43.86291,-21.04979],[43.8577,-21.04989],[43.86567,-21.02986],[43.87223,-20.99617],[43.8738,-20.96915],[43.87133,-20.95214],[43.8801,-20.9334],[43.885,-20.90073],[43.89737,-20.87661],[43.90307,-20.84678],[43.90636,-20.84602],[43.90702,-20.84886],[43.90343,-20.8527],[43.90436,-20.85657],[43.91312,-20.85817],[43.90882,-20.86535],[43.91416,-20.86616],[43.91639,-20.85999],[43.93264,-20.84748],[43.93797,-20.83052],[43.95198,-20.82442],[43.95118,-20.82107],[43.95612,-20.81981],[43.95806,-20.81545],[43.96519,-20.81472],[43.9732,-20.80447],[43.9792,-20.80759],[43.98006,-20.80296],[43.98828,-20.80121],[43.98944,-20.79246],[43.99875,-20.79187],[44.00964,-20.80185],[44.01961,-20.78491],[44.02814,-20.77724],[44.06766,-20.76226],[44.07058,-20.75507],[44.06332,-20.7558],[44.06679,-20.74861],[44.06475,-20.74525],[44.06969,-20.74399],[44.07113,-20.7319],[44.06472,-20.728],[44.07547,-20.71621],[44.07331,-20.71054],[44.08005,-20.70568],[44.07567,-20.68377],[44.07088,-20.6831],[44.06331,-20.69091],[44.06437,-20.69658],[44.05954,-20.70389],[44.0458,-20.71244],[44.04087,-20.71332],[44.04172,-20.70804],[44.06025,-20.67673],[44.07008,-20.63533],[44.07391,-20.63483],[44.0846,-20.60888],[44.08785,-20.56821],[44.10195,-20.54176],[44.11347,-20.48646],[44.1218,-20.48792],[44.11658,-20.49291],[44.1175,-20.4991],[44.11101,-20.51014],[44.11354,-20.522],[44.10578,-20.5409],[44.11083,-20.54401],[44.10682,-20.54634],[44.10871,-20.55339],[44.10322,-20.55774],[44.10304,-20.56469],[44.1143,-20.55702],[44.12366,-20.54484],[44.14091,-20.54016],[44.13519,-20.53756],[44.13729,-20.53274],[44.13316,-20.5324],[44.13619,-20.52373],[44.13964,-20.52295],[44.14369,-20.50773],[44.13431,-20.49944],[44.14845,-20.48715],[44.13934,-20.47899],[44.14554,-20.4759],[44.14954,-20.46243],[44.16539,-20.4637],[44.16381,-20.45117],[44.17009,-20.4512],[44.17725,-20.44197],[44.18872,-20.44228],[44.18871,-20.4446],[44.20131,-20.43719],[44.21387,-20.43995],[44.23394,-20.41338],[44.23912,-20.41559],[44.24214,-20.412],[44.25171,-20.41089],[44.25693,-20.40524],[44.26028,-20.38903],[44.26784,-20.37928],[44.26566,-20.3785],[44.24434,-20.41021],[44.23969,-20.41006],[44.24835,-20.40031],[44.2499,-20.38976],[44.25993,-20.37616],[44.25805,-20.36971],[44.25064,-20.37689],[44.25039,-20.372],[44.24641,-20.37764],[44.24191,-20.37634],[44.24686,-20.36786],[44.25384,-20.33621],[44.26704,-20.34631],[44.26346,-20.35325],[44.26549,-20.35558],[44.27301,-20.35342],[44.27087,-20.34504],[44.28031,-20.33967],[44.26442,-20.32248],[44.25963,-20.32439],[44.25962,-20.32774],[44.25445,-20.32334],[44.26176,-20.30676],[44.26586,-20.30742],[44.26594,-20.31875],[44.26907,-20.32006],[44.27211,-20.31234],[44.27538,-20.31287],[44.27641,-20.32665],[44.28354,-20.31921],[44.29379,-20.31681],[44.28605,-20.30892],[44.27514,-20.30682],[44.27325,-20.30333],[44.28417,-20.30261],[44.28638,-20.29656],[44.29047,-20.29697],[44.28695,-20.2918],[44.28833,-20.28743],[44.30061,-20.28902],[44.29478,-20.27921],[44.29819,-20.27974],[44.29739,-20.27575],[44.29139,-20.27405],[44.30017,-20.2643],[44.29984,-20.2473],[44.3019,-20.24486],[44.30542,-20.25041],[44.31063,-20.2449],[44.31065,-20.24039],[44.30709,-20.24282],[44.30028,-20.23984],[44.29265,-20.26788],[44.28357,-20.2838],[44.2816,-20.29745],[44.27954,-20.29963],[44.27547,-20.29369],[44.27056,-20.29444],[44.26875,-20.30177],[44.26573,-20.30511],[44.26562,-20.30047],[44.2692,-20.29327],[44.28674,-20.27789],[44.29892,-20.23957],[44.31397,-20.2283],[44.32899,-20.19334],[44.3316,-20.19026],[44.33376,-20.19593],[44.32774,-20.199],[44.3123,-20.23563],[44.32703,-20.23685],[44.33196,-20.23301],[44.32897,-20.22965],[44.33988,-20.23085],[44.34005,-20.22377],[44.34469,-20.22327],[44.34321,-20.21811],[44.34902,-20.21414],[44.35229,-20.19986],[44.35666,-20.19835],[44.35813,-20.20426],[44.36409,-20.18214],[44.37504,-20.17316],[44.38322,-20.17216],[44.38845,-20.15969],[44.40507,-20.16374],[44.40391,-20.14674],[44.41201,-20.13118],[44.42047,-20.12876],[44.42104,-20.12464],[44.42952,-20.11707],[44.4411,-20.11853],[44.43927,-20.09689],[44.45009,-20.07993],[44.45446,-20.07801],[44.46099,-20.08202],[44.46046,-20.07841],[44.46648,-20.07199],[44.46308,-20.06915],[44.4702,-20.05784],[44.46763,-20.05397],[44.47801,-20.04692],[44.48536,-20.04874],[44.4851,-20.04449],[44.49246,-20.0422],[44.49003,-20.03601],[44.50011,-20.03655],[44.50513,-20.043],[44.50236,-20.0298],[44.52278,-20.0209],[44.51451,-20.00852],[44.50097,-20.01178],[44.49683,-20.0101],[44.4983,-20.00629],[44.51575,-20.00376],[44.50827,-19.99691],[44.50989,-19.99312],[44.52422,-19.99425],[44.52818,-19.99182],[44.52548,-19.98228],[44.5174,-19.97726],[44.52836,-19.97727],[44.52483,-19.97404],[44.52627,-19.97181],[44.51976,-19.9681],[44.52513,-19.96503],[44.52077,-19.96282],[44.51729,-19.96872],[44.50741,-19.96845],[44.51383,-19.96087],[44.50959,-19.95743],[44.51319,-19.95889],[44.51369,-19.9553],[44.51959,-19.9526],[44.51375,-19.95176],[44.51534,-19.94475],[44.50989,-19.94742],[44.51526,-19.9395],[44.51653,-19.92547],[44.51189,-19.93009],[44.50999,-19.92777],[44.5063,-19.92969],[44.51007,-19.94387],[44.50378,-19.95508],[44.49874,-19.95414],[44.50216,-19.94848],[44.49877,-19.94512],[44.49866,-19.93456],[44.49213,-19.93506],[44.49005,-19.93088],[44.48745,-19.94895],[44.4831,-19.94765],[44.48235,-19.92653],[44.46748,-19.89404],[44.47309,-19.88684],[44.47229,-19.88092],[44.47789,-19.88012],[44.48315,-19.89074],[44.48589,-19.88508],[44.48613,-19.89564],[44.49321,-19.89308],[44.49015,-19.91445],[44.49393,-19.92476],[44.49679,-19.92323],[44.4949,-19.91987],[44.50827,-19.90935],[44.50515,-19.90664],[44.50681,-19.89866],[44.50147,-19.90701],[44.49712,-19.90571],[44.49716,-19.8949],[44.49274,-19.89191],[44.49745,-19.88923],[44.4944,-19.86141],[44.5034,-19.85628],[44.50192,-19.85242],[44.50617,-19.84225],[44.52389,-19.8329],[44.49965,-19.83786],[44.48633,-19.83293],[44.47385,-19.82169],[44.47466,-19.81909],[44.49371,-19.82329],[44.49886,-19.82987],[44.50731,-19.82539],[44.51142,-19.81639],[44.51973,-19.81074],[44.51465,-19.7824],[44.51126,-19.77878],[44.51944,-19.77469],[44.52418,-19.78011],[44.52474,-19.77393],[44.50971,-19.7529],[44.50508,-19.75327],[44.50602,-19.75868],[44.50234,-19.76125],[44.50233,-19.7646],[44.50938,-19.77067],[44.50014,-19.76884],[44.49496,-19.7714],[44.49513,-19.76148],[44.48574,-19.76313],[44.48301,-19.76647],[44.48056,-19.76608],[44.48044,-19.76015],[44.47623,-19.75834],[44.47282,-19.76168],[44.47286,-19.74983],[44.47764,-19.74212],[44.49099,-19.73688],[44.48146,-19.73814],[44.47177,-19.74854],[44.47135,-19.75343],[44.46563,-19.75638],[44.46278,-19.75444],[44.4647,-19.74903],[44.47082,-19.74828],[44.4733,-19.73837],[44.46515,-19.73642],[44.46513,-19.74131],[44.46269,-19.7413],[44.463,-19.72907],[44.47335,-19.72446],[44.48123,-19.7259],[44.48739,-19.71485],[44.48454,-19.71072],[44.47435,-19.70811],[44.47656,-19.69859],[44.47562,-19.69472],[44.47168,-19.6942],[44.4721,-19.68982],[44.45878,-19.69081],[44.45216,-19.67714],[44.44977,-19.65962],[44.45698,-19.65964],[44.46048,-19.66892],[44.46794,-19.67436],[44.46669,-19.68285],[44.47402,-19.68661],[44.48081,-19.68843],[44.50461,-19.6845],[44.51274,-19.69612],[44.51758,-19.71235],[44.53129,-19.71973],[44.53972,-19.72104],[44.55768,-19.71671],[44.55307,-19.71155],[44.58517,-19.71008],[44.5993,-19.71243],[44.61156,-19.7046],[44.61781,-19.70526],[44.63657,-19.71083],[44.66507,-19.73394],[44.67704,-19.73345],[44.68467,-19.72844],[44.69258,-19.71609],[44.70361,-19.70838],[44.71384,-19.68882],[44.72813,-19.68318],[44.75954,-19.67962],[44.78059,-19.69227],[44.78644,-19.69304],[44.78699,-19.69073],[44.78427,-19.68725],[44.77693,-19.68647],[44.7677,-19.67667],[44.75628,-19.67356],[44.73426,-19.6743],[44.70433,-19.68662],[44.69095,-19.71531],[44.68278,-19.72174],[44.68004,-19.7283],[44.66563,-19.72905],[44.64038,-19.70917],[44.62,-19.70011],[44.6094,-19.70034],[44.59062,-19.70726],[44.55935,-19.70564],[44.53702,-19.71408],[44.5218,-19.71095],[44.52738,-19.70929],[44.52141,-19.70644],[44.51929,-19.6866],[44.5121,-19.6804],[44.50151,-19.6778],[44.49555,-19.66954],[44.49774,-19.66453],[44.50482,-19.66081],[44.50132,-19.64947],[44.50908,-19.64666],[44.50909,-19.64254],[44.50328,-19.63119],[44.49785,-19.6304],[44.5029,-19.62192],[44.49586,-19.61365],[44.49455,-19.59974],[44.48315,-19.59533],[44.49577,-19.55725],[44.48579,-19.53379],[44.48972,-19.53508],[44.49558,-19.52943],[44.48892,-19.53019],[44.48514,-19.52438],[44.48011,-19.52579],[44.47656,-19.53118],[44.46711,-19.51338],[44.46635,-19.49819],[44.45899,-19.5046],[44.46797,-19.4593],[44.47172,-19.47554],[44.47591,-19.47838],[44.47655,-19.49191],[44.48132,-19.48793],[44.47138,-19.45313],[44.47129,-19.43935],[44.46707,-19.44153],[44.46813,-19.45132],[44.46514,-19.4526],[44.44685,-19.40129],[44.42214,-19.36541],[44.40875,-19.35249],[44.40863,-19.34811],[44.4127,-19.34735],[44.42336,-19.36439],[44.43082,-19.36467],[44.44052,-19.38633],[44.44376,-19.39059],[44.44756,-19.38996],[44.45083,-19.38714],[44.44694,-19.37373],[44.4535,-19.36113],[44.45727,-19.32663],[44.44642,-19.32776],[44.43289,-19.31561],[44.42895,-19.31907],[44.42258,-19.31725],[44.42206,-19.31107],[44.41404,-19.31413],[44.41129,-19.32468],[44.42492,-19.34507],[44.42953,-19.34663],[44.43302,-19.35669],[44.43031,-19.35707],[44.40735,-19.32622],[44.40166,-19.32504],[44.40016,-19.32877],[44.40839,-19.34039],[44.40459,-19.34076],[44.40212,-19.34719],[44.37859,-19.32882],[44.37305,-19.32147],[44.37753,-19.32174],[44.39986,-19.33443],[44.39053,-19.32693],[44.3861,-19.31327],[44.37746,-19.30474],[44.37654,-19.29611],[44.38088,-19.29664],[44.38022,-19.29187],[44.36734,-19.29015],[44.3576,-19.28407],[44.35744,-19.29076],[44.35337,-19.29126],[44.34993,-19.2691],[44.34491,-19.26805],[44.33591,-19.24767],[44.33904,-19.24485],[44.34306,-19.25826],[44.35164,-19.26523],[44.34118,-19.25143],[44.33866,-19.23841],[44.34043,-19.23559],[44.34626,-19.23664],[44.34317,-19.22916],[44.35536,-19.23332],[44.35669,-19.23848],[44.35981,-19.23772],[44.35458,-19.2243],[44.35852,-19.22071],[44.35623,-19.21787],[44.35762,-19.20925],[44.33616,-19.21909],[44.33432,-19.20607],[44.32443,-19.20282],[44.32555,-19.19484],[44.31856,-19.18013],[44.31926,-19.17588],[44.32753,-19.17296],[44.32226,-19.1701],[44.32611,-19.15646],[44.32015,-19.15619],[44.32093,-19.13224],[44.31755,-19.13003],[44.31153,-19.14405],[44.30774,-19.14416],[44.30412,-19.1332],[44.29819,-19.12674],[44.31437,-19.11161],[44.32359,-19.11177],[44.32523,-19.1074],[44.31658,-19.10247],[44.31005,-19.10773],[44.30845,-19.10373],[44.30344,-19.10229],[44.29843,-19.10176],[44.29638,-19.10664],[44.2907,-19.10431],[44.29465,-19.09775],[44.29926,-19.09713],[44.3023,-19.084],[44.30362,-19.09045],[44.30284,-19.08259],[44.29441,-19.09041],[44.29307,-19.0886],[44.29674,-19.0845],[44.29831,-19.06673],[44.29491,-19.06904],[44.29593,-19.08424],[44.29227,-19.08435],[44.29083,-19.07237],[44.28449,-19.06771],[44.28459,-19.07518],[44.27891,-19.07206],[44.28114,-19.05842],[44.27655,-19.05557],[44.27903,-19.04476],[44.27088,-19.04224],[44.27592,-19.04424],[44.27523,-19.04707],[44.27049,-19.04743],[44.26333,-19.04238],[44.26568,-19.03261],[44.27382,-19.02826],[44.27914,-19.02107],[44.27761,-18.99866],[44.27993,-18.99403],[44.28871,-18.99767],[44.28908,-19.00797],[44.29358,-18.99846],[44.28804,-18.99612],[44.28904,-18.98505],[44.29121,-18.98429],[44.29187,-18.98789],[44.29554,-18.98456],[44.29313,-18.97657],[44.29043,-18.97656],[44.29243,-18.98223],[44.28973,-18.9817],[44.27318,-18.9582],[44.26252,-18.9503],[44.26234,-18.93086],[44.26869,-18.93269],[44.27132,-18.94892],[44.27796,-18.94895],[44.282,-18.95309],[44.29177,-18.9481],[44.3023,-18.95368],[44.30056,-18.94775],[44.29585,-18.94245],[44.28638,-18.94061],[44.28475,-18.94331],[44.27608,-18.94418],[44.27298,-18.94198],[44.27019,-18.93037],[44.27388,-18.92215],[44.27199,-18.92085],[44.26709,-18.92753],[44.25138,-18.89888],[44.23898,-18.88801],[44.2363,-18.91298],[44.23816,-18.91969],[44.23625,-18.92457],[44.23437,-18.92096],[44.23987,-18.87127],[44.25942,-18.85461],[44.25857,-18.86465],[44.24555,-18.87207],[44.25258,-18.87313],[44.2606,-18.8644],[44.26334,-18.85591],[44.26024,-18.85384],[44.24875,-18.79146],[44.21264,-18.70529],[44.21282,-18.69499],[44.21673,-18.69732],[44.21559,-18.70917],[44.22178,-18.71537],[44.22014,-18.71923],[44.22296,-18.72516],[44.23345,-18.73654],[44.23045,-18.74168],[44.24287,-18.74546],[44.24845,-18.73763],[44.24501,-18.75101],[44.26199,-18.76293],[44.26354,-18.77839],[44.27299,-18.78151],[44.28888,-18.76664],[44.28362,-18.76275],[44.25329,-18.71241],[44.24466,-18.70838],[44.23735,-18.70913],[44.22214,-18.6958],[44.21921,-18.68626],[44.21019,-18.68004],[44.2064,-18.68054],[44.20773,-18.68647],[44.20287,-18.684],[44.17973,-18.63612],[44.15695,-18.59764],[44.16141,-18.59638],[44.1635,-18.58402],[44.13992,-18.54734],[44.13926,-18.54386],[44.14251,-18.54246],[44.14411,-18.54582],[44.151,-18.54533],[44.1505,-18.53631],[44.15955,-18.53661],[44.16708,-18.5418],[44.16499,-18.52839],[44.16959,-18.52661],[44.16931,-18.51729],[44.16316,-18.51435],[44.15178,-18.52434],[44.14678,-18.52445],[44.14734,-18.52136],[44.14048,-18.51528],[44.13401,-18.51383],[44.1372,-18.52312],[44.13342,-18.52439],[44.13204,-18.52902],[44.1409,-18.54013],[44.1363,-18.54063],[44.11834,-18.51595],[44.12013,-18.50836],[44.1129,-18.49725],[44.07343,-18.45843],[44.05816,-18.43723],[44.05793,-18.42847],[44.06717,-18.44217],[44.07096,-18.43948],[44.09275,-18.45247],[44.09845,-18.44747],[44.0932,-18.44461],[44.09121,-18.43907],[44.10428,-18.44235],[44.09206,-18.43057],[44.08845,-18.42347],[44.08969,-18.41961],[44.07905,-18.41518],[44.08285,-18.4116],[44.08149,-18.38764],[44.07342,-18.38451],[44.07263,-18.3809],[44.07628,-18.37911],[44.07793,-18.37294],[44.07348,-18.37279],[44.06422,-18.36334],[44.06439,-18.33218],[44.05877,-18.32365],[44.0517,-18.33546],[44.05329,-18.34088],[44.0496,-18.34988],[44.04757,-18.35012],[44.05032,-18.33983],[44.04845,-18.33776],[44.04527,-18.35114],[44.04125,-18.34752],[44.04902,-18.3321],[44.05031,-18.29244],[44.04543,-18.24915],[44.04039,-18.23393],[44.04565,-18.23344],[44.04453,-18.24039],[44.04938,-18.24144],[44.05056,-18.24634],[44.05506,-18.31256],[44.05728,-18.3002],[44.0551,-18.28062],[44.0574,-18.27883],[44.05423,-18.26722],[44.05719,-18.26672],[44.05882,-18.28939],[44.06206,-18.28864],[44.06927,-18.27785],[44.06689,-18.26754],[44.06977,-18.2597],[44.08537,-18.26686],[44.08891,-18.25902],[44.08407,-18.25681],[44.08841,-18.25129],[44.07469,-18.24671],[44.0776,-18.23127],[44.07139,-18.23279],[44.076,-18.22818],[44.0771,-18.22303],[44.07269,-18.2167],[44.07706,-18.20655],[44.07034,-18.20265],[44.07346,-18.19932],[44.07254,-18.19365],[44.06664,-18.18821],[44.0618,-18.18793],[44.0602,-18.18302],[44.07704,-18.18491],[44.07801,-18.17873],[44.08707,-18.17234],[44.08468,-18.16511],[44.08079,-18.16329],[44.07615,-18.14807],[44.06957,-18.14495],[44.06812,-18.13773],[44.05622,-18.12145],[44.06057,-18.11477],[44.06591,-18.12381],[44.07237,-18.12539],[44.0697,-18.11971],[44.07511,-18.11536],[44.07188,-18.11508],[44.07163,-18.11096],[44.06171,-18.10203],[44.05619,-18.10187],[44.05367,-18.09452],[44.0432,-18.08957],[44.05036,-18.08459],[44.04409,-18.07399],[44.02608,-18.0685],[44.01715,-18.07618],[44.0149,-18.04423],[44.01752,-18.05763],[44.02008,-18.03241],[44.01697,-18.01127],[44.019,-18.0087],[44.02092,-18.02803],[44.02328,-18.01491],[44.02075,-18.00897],[44.02534,-18.00719],[44.02158,-17.97987],[44.02458,-17.97422],[44.019,-17.96002],[44.02096,-17.94664],[44.01546,-17.91931],[44.01615,-17.91596],[44.01964,-17.91753],[44.0263,-17.92979],[44.02699,-17.90185],[44.04665,-17.8986],[44.05038,-17.90506],[44.06004,-17.90923],[44.06385,-17.90074],[44.07074,-17.89666],[44.06273,-17.88451],[44.0618,-17.85617],[44.05897,-17.85693],[44.05402,-17.87777],[44.0497,-17.88097],[44.03681,-17.87704],[44.03302,-17.88179],[44.04539,-17.88314],[44.04456,-17.8861],[44.03381,-17.88527],[44.02528,-17.89566],[44.01357,-17.89637],[44.01831,-17.86652],[44.0253,-17.86707],[44.02922,-17.86323],[44.03393,-17.83826],[44.03518,-17.80556],[44.02488,-17.77125],[44.02677,-17.76946],[44.03119,-17.77205],[44.036,-17.77813],[44.04193,-17.7752],[44.04316,-17.77005],[44.03852,-17.75792],[44.04121,-17.75768],[44.04138,-17.75176],[44.03471,-17.74245],[44.0376,-17.72907],[44.03552,-17.7167],[44.02661,-17.72425],[44.01288,-17.72779],[44.01062,-17.72327],[44.01453,-17.72084],[44.01024,-17.7194],[44.01148,-17.71477],[44.00298,-17.72014],[44.00167,-17.71447],[43.99064,-17.71673],[43.99393,-17.70438],[44.01948,-17.70129],[44.04338,-17.70347],[44.06693,-17.72277],[44.08894,-17.72996],[44.09473,-17.72625],[44.0998,-17.70683],[44.12721,-17.70747],[44.13905,-17.70468],[44.15199,-17.6956],[44.16282,-17.67851],[44.17195,-17.67945],[44.1762,-17.69029],[44.18533,-17.69329],[44.19098,-17.69138],[44.19505,-17.68135],[44.20797,-17.6769],[44.21575,-17.68015],[44.21729,-17.69715],[44.22319,-17.69898],[44.22934,-17.70609],[44.23392,-17.70559],[44.24146,-17.70163],[44.24796,-17.68826],[44.24928,-17.66199],[44.25374,-17.65582],[44.26585,-17.65175],[44.25719,-17.63317],[44.26662,-17.62548],[44.28205,-17.59565],[44.31745,-17.57543],[44.34854,-17.59266],[44.3573,-17.58612],[44.36217,-17.57352],[44.36608,-17.57134],[44.37168,-17.5823],[44.38214,-17.58685],[44.4055,-17.58705],[44.40889,-17.5783],[44.40703,-17.57263],[44.39578,-17.56409],[44.39944,-17.55212],[44.42227,-17.55129],[44.42399,-17.55773],[44.4143,-17.56724],[44.41401,-17.57213],[44.41815,-17.57871],[44.42568,-17.57822],[44.43294,-17.57347],[44.43686,-17.56498],[44.43595,-17.55648],[44.4432,-17.55547],[44.44457,-17.548],[44.45881,-17.54328],[44.46545,-17.53973],[44.46636,-17.53441],[44.48034,-17.52891],[44.51119,-17.538],[44.52006,-17.53326],[44.51951,-17.53893],[44.53212,-17.54346],[44.54932,-17.53797],[44.54887,-17.55754],[44.54428,-17.56784],[44.54813,-17.58407],[44.55323,-17.58473],[44.56641,-17.57652],[44.57138,-17.57769],[44.5715,-17.58258],[44.57878,-17.58455],[44.58376,-17.5938],[44.57508,-17.6032],[44.57413,-17.60886],[44.58352,-17.61391],[44.59399,-17.61406],[44.59627,-17.61715],[44.58901,-17.62203],[44.59021,-17.62427],[44.59814,-17.61947],[44.59722,-17.61496],[44.57464,-17.60752],[44.58504,-17.59214],[44.58117,-17.58453],[44.57312,-17.58181],[44.57232,-17.57614],[44.56239,-17.57599],[44.55404,-17.58267],[44.54908,-17.58202],[44.54589,-17.56861],[44.55075,-17.55729],[44.55134,-17.53746],[44.53858,-17.53704],[44.5281,-17.54165],[44.52153,-17.53764],[44.52154,-17.53249],[44.51617,-17.53299],[44.51415,-17.53737],[44.48007,-17.52736],[44.46771,-17.53222],[44.45909,-17.54173],[44.44834,-17.54299],[44.43327,-17.55583],[44.432,-17.5727],[44.42488,-17.57667],[44.4187,-17.57665],[44.41589,-17.57291],[44.41644,-17.5675],[44.42749,-17.55749],[44.42469,-17.55117],[44.40724,-17.54751],[44.39891,-17.54955],[44.39283,-17.56228],[44.39509,-17.56847],[44.40528,-17.57391],[44.40592,-17.5819],[44.40175,-17.58639],[44.37356,-17.58141],[44.36743,-17.56787],[44.36138,-17.57094],[44.34936,-17.59009],[44.34104,-17.58826],[44.31692,-17.57298],[44.28463,-17.59012],[44.26556,-17.62264],[44.25424,-17.63161],[44.26008,-17.64889],[44.25039,-17.65427],[44.24632,-17.66275],[44.24195,-17.67948],[44.24274,-17.68489],[44.24677,-17.6831],[44.24621,-17.68928],[44.24079,-17.70034],[44.235,-17.70431],[44.22814,-17.7039],[44.21908,-17.68763],[44.21698,-17.67552],[44.21363,-17.67331],[44.20289,-17.67147],[44.18615,-17.68917],[44.17862,-17.69017],[44.17372,-17.67405],[44.16703,-17.66887],[44.16045,-17.66833],[44.15433,-17.6853],[44.14202,-17.70109],[44.12965,-17.70387],[44.09955,-17.70348],[44.08949,-17.72661],[44.0817,-17.7258],[44.05198,-17.70403],[44.04125,-17.69985],[44.01361,-17.69379],[44.00447,-17.69426],[43.99071,-17.70346],[43.98509,-17.69944],[43.98245,-17.69041],[43.99562,-17.69125],[44.00127,-17.68948],[44.00075,-17.68536],[43.99124,-17.68119],[43.98603,-17.67485],[43.98053,-17.67469],[43.96278,-17.65322],[43.96322,-17.6473],[43.96632,-17.6459],[43.97435,-17.64993],[43.97566,-17.65689],[43.98608,-17.66738],[43.99383,-17.67373],[44.00244,-17.67197],[44.00807,-17.67432],[44.01098,-17.68257],[44.0146,-17.68388],[44.00382,-17.66554],[43.98133,-17.651],[43.98751,-17.65193],[43.98645,-17.64832],[43.97882,-17.64377],[43.98811,-17.63996],[43.98185,-17.63014],[43.98889,-17.62039],[43.98499,-17.6214],[43.9857,-17.6147],[43.97781,-17.60848],[43.99046,-17.60442],[43.98887,-17.59978],[43.99159,-17.59387],[43.98417,-17.59924],[43.98326,-17.59537],[43.98569,-17.59178],[43.99751,-17.59158],[44.00406,-17.5978],[44.00401,-17.60578],[44.00646,-17.59961],[43.99672,-17.58913],[43.98625,-17.58895],[43.98219,-17.59305],[43.97199,-17.59351],[43.97388,-17.59017],[43.98974,-17.58768],[43.99258,-17.58486],[43.99034,-17.57763],[44.00161,-17.57937],[44.0123,-17.58908],[44.02088,-17.5917],[44.01931,-17.58332],[44.02455,-17.58296],[44.01827,-17.57765],[44.01738,-17.5685],[44.01808,-17.56283],[44.02185,-17.56092],[44.01044,-17.56022],[44.0034,-17.54679],[43.99375,-17.54262],[43.98414,-17.53291],[43.96861,-17.52639],[43.95944,-17.5324],[43.95048,-17.50299],[43.94472,-17.50167],[43.94985,-17.49603],[43.94854,-17.49113],[43.94237,-17.49032],[43.94296,-17.48157],[43.9478,-17.47902],[43.95611,-17.45768],[43.95659,-17.44506],[43.96539,-17.43043],[43.97171,-17.40444],[43.97681,-17.40421],[43.978,-17.40731],[43.97111,-17.415],[43.9767,-17.4225],[43.96714,-17.42941],[43.96996,-17.42916],[43.96732,-17.4446],[43.9609,-17.46595],[43.96895,-17.46625],[43.98665,-17.44367],[43.98801,-17.4393],[43.98282,-17.43193],[43.98701,-17.42642],[43.9861,-17.42216],[43.99515,-17.41075],[43.98719,-17.41856],[43.98562,-17.41096],[43.98951,-17.41226],[43.99315,-17.40868],[44.00186,-17.38592],[44.00386,-17.38709],[44.00034,-17.39403],[44.0091,-17.38557],[44.00651,-17.39303],[44.00878,-17.39523],[44.01659,-17.3896],[44.01952,-17.39412],[44.02944,-17.39469],[44.02987,-17.38928],[44.03512,-17.3857],[44.03233,-17.38053],[44.02925,-17.38052],[44.02953,-17.37717],[44.04106,-17.3789],[44.04351,-17.37299],[44.04058,-17.36847],[44.05135,-17.36002],[44.05707,-17.34408],[44.06749,-17.35134],[44.07222,-17.34492],[44.07379,-17.32458],[44.08134,-17.31688],[44.09276,-17.31204],[44.0936,-17.30612],[44.09132,-17.30585],[44.08647,-17.3106],[44.083,-17.3071],[44.07492,-17.31376],[44.07157,-17.31272],[44.07108,-17.30473],[44.07895,-17.28622],[44.10388,-17.25864],[44.11194,-17.2552],[44.123,-17.24082],[44.13616,-17.23444],[44.13834,-17.22878],[44.13485,-17.22902],[44.13975,-17.21385],[44.14512,-17.21026],[44.14679,-17.19816],[44.15242,-17.19638],[44.15648,-17.18842],[44.15696,-17.18009],[44.14933,-17.16997],[44.15549,-17.16999],[44.15511,-17.16523],[44.1479,-17.15927],[44.16569,-17.16604],[44.17102,-17.17302],[44.193,-17.17208],[44.19174,-17.18289],[44.17667,-17.19751],[44.18076,-17.21144],[44.18853,-17.21379],[44.18051,-17.20938],[44.17815,-17.19598],[44.192,-17.1865],[44.19527,-17.17338],[44.1914,-17.1704],[44.17771,-17.17395],[44.17183,-17.17186],[44.16623,-17.16489],[44.15206,-17.15787],[44.15129,-17.1513],[44.15479,-17.14784],[44.16497,-17.14839],[44.16791,-17.14957],[44.16789,-17.1542],[44.17726,-17.1563],[44.18342,-17.15633],[44.18933,-17.15158],[44.18851,-17.1566],[44.18382,-17.15684],[44.18474,-17.16071],[44.20162,-17.16155],[44.19434,-17.13937],[44.19673,-17.11491],[44.20022,-17.11106],[44.1989,-17.10706],[44.19542,-17.10691],[44.20543,-17.0848],[44.21241,-17.07968],[44.21339,-17.06963],[44.21782,-17.06656],[44.22217,-17.05138],[44.22645,-17.05371],[44.22691,-17.04968],[44.22139,-17.04532],[44.23024,-17.04291],[44.23322,-17.03416],[44.22907,-17.03466],[44.22909,-17.03028],[44.23756,-17.02039],[44.24157,-17.02131],[44.25744,-17.00282],[44.27144,-16.98432],[44.27496,-16.97377],[44.27802,-16.97919],[44.2715,-17.00313],[44.28047,-17.00213],[44.28219,-17.00832],[44.28176,-17.01579],[44.2764,-17.01564],[44.27478,-17.0204],[44.2899,-17.02148],[44.28845,-17.01633],[44.29142,-17.01093],[44.29866,-17.00825],[44.29425,-17.00527],[44.30015,-17.00194],[44.30111,-16.99576],[44.29254,-16.99715],[44.28934,-16.99314],[44.28794,-16.97433],[44.2964,-16.96792],[44.29775,-16.96484],[44.294,-16.96457],[44.29669,-16.95994],[44.30313,-16.95764],[44.30102,-16.94707],[44.31146,-16.94711],[44.31042,-16.94002],[44.30415,-16.93266],[44.30511,-16.92725],[44.30913,-16.92623],[44.31209,-16.92058],[44.30487,-16.91952],[44.30356,-16.91359],[44.31346,-16.91259],[44.32049,-16.89381],[44.32825,-16.89358],[44.32947,-16.88895],[44.33846,-16.88189],[44.3429,-16.87353],[44.34184,-16.86915],[44.35342,-16.84884],[44.3597,-16.84963],[44.36252,-16.84655],[44.36968,-16.82609],[44.36809,-16.82235],[44.3855,-16.81351],[44.39806,-16.816],[44.39724,-16.82321],[44.403,-16.81859],[44.41571,-16.81991],[44.42187,-16.81632],[44.41253,-16.80921],[44.39756,-16.80646],[44.38741,-16.80089],[44.37618,-16.80099],[44.37711,-16.80408],[44.37242,-16.80587],[44.36446,-16.7864],[44.35573,-16.79655],[44.35551,-16.78289],[44.35724,-16.78728],[44.37493,-16.77419],[44.3849,-16.74949],[44.40798,-16.72251],[44.41254,-16.71956],[44.42189,-16.72074],[44.43405,-16.67672],[44.43631,-16.67931],[44.42685,-16.71483],[44.43739,-16.72311],[44.43291,-16.7468],[44.4338,-16.76019],[44.43727,-16.76278],[44.43889,-16.75944],[44.44879,-16.75714],[44.44439,-16.75249],[44.44561,-16.74477],[44.45365,-16.74118],[44.45768,-16.73411],[44.4681,-16.73645],[44.4772,-16.73287],[44.48949,-16.73561],[44.48684,-16.72581],[44.47909,-16.7254],[44.47883,-16.7209],[44.48365,-16.72026],[44.48033,-16.71163],[44.47366,-16.70723],[44.47703,-16.69667],[44.4753,-16.69435],[44.48322,-16.67994],[44.48643,-16.67789],[44.4871,-16.68021],[44.48507,-16.68665],[44.48775,-16.68743],[44.48829,-16.68472],[44.50272,-16.68721],[44.50808,-16.68155],[44.5065,-16.6697],[44.52333,-16.67502],[44.51479,-16.6692],[44.50543,-16.66982],[44.4977,-16.66169],[44.50735,-16.65244],[44.50484,-16.64084],[44.51807,-16.63984],[44.52369,-16.63509],[44.51837,-16.62515],[44.52481,-16.61744],[44.5235,-16.60687],[44.52057,-16.60159],[44.50053,-16.60128],[44.50615,-16.59898],[44.50937,-16.5919],[44.51658,-16.5932],[44.51659,-16.59101],[44.50857,-16.59087],[44.50589,-16.59704],[44.50448,-16.57385],[44.49623,-16.55992],[44.49223,-16.55914],[44.4882,-16.5648],[44.48715,-16.55913],[44.4818,-16.56324],[44.48264,-16.54752],[44.47787,-16.5354],[44.47897,-16.52252],[44.47554,-16.50809],[44.4736,-16.53075],[44.4693,-16.54131],[44.47152,-16.51271],[44.46903,-16.49339],[44.45409,-16.44028],[44.44705,-16.42866],[44.45391,-16.41219],[44.45804,-16.41246],[44.46867,-16.42962],[44.47201,-16.42821],[44.47323,-16.42049],[44.48045,-16.41844],[44.48126,-16.41278],[44.47805,-16.41702],[44.4687,-16.41841],[44.46659,-16.41016],[44.45967,-16.4028],[44.44979,-16.40355],[44.4434,-16.39954],[44.43889,-16.39051],[44.44023,-16.38678],[44.43677,-16.38561],[44.43694,-16.36964],[44.44702,-16.34725],[44.45743,-16.34393],[44.45919,-16.33621],[44.45692,-16.33427],[44.4612,-16.33041],[44.45827,-16.32822],[44.46601,-16.32927],[44.45694,-16.32705],[44.45509,-16.32202],[44.45883,-16.3192],[44.46283,-16.3205],[44.46392,-16.31277],[44.46712,-16.31149],[44.46424,-16.29216],[44.46825,-16.29037],[44.46746,-16.28521],[44.47027,-16.2829],[44.4722,-16.25766],[44.48249,-16.24957],[44.47945,-16.24649],[44.47985,-16.23887],[44.47346,-16.23705],[44.47082,-16.22622],[44.46775,-16.22622],[44.47371,-16.24169],[44.47275,-16.25122],[44.46022,-16.20134],[44.46238,-16.19348],[44.45424,-16.19527],[44.44607,-16.21045],[44.44582,-16.20117],[44.4513,-16.19835],[44.45172,-16.19217],[44.46319,-16.18885],[44.46827,-16.18319],[44.48586,-16.18736],[44.49304,-16.19291],[44.48051,-16.19366],[44.4829,-16.19753],[44.49436,-16.2],[44.50354,-16.20647],[44.49831,-16.21599],[44.4983,-16.22294],[44.50544,-16.24692],[44.49291,-16.24225],[44.49131,-16.24431],[44.4957,-16.24844],[44.49527,-16.25978],[44.50366,-16.26469],[44.50802,-16.28016],[44.50521,-16.28221],[44.50759,-16.29124],[44.50558,-16.29484],[44.51092,-16.29537],[44.51264,-16.3013],[44.51195,-16.3098],[44.5074,-16.31365],[44.51246,-16.31817],[44.51647,-16.31599],[44.52282,-16.28019],[44.5159,-16.27606],[44.51551,-16.27219],[44.52445,-16.26886],[44.52651,-16.24413],[44.5301,-16.24904],[44.53265,-16.24286],[44.53799,-16.2421],[44.53407,-16.24535],[44.53876,-16.25318],[44.54599,-16.24186],[44.54079,-16.24185],[44.53201,-16.23229],[44.54043,-16.22123],[44.54577,-16.21893],[44.54071,-16.21595],[44.55182,-16.19781],[44.54877,-16.19124],[44.54024,-16.1889],[44.5309,-16.1939],[44.52238,-16.1886],[44.51411,-16.19064],[44.51545,-16.18537],[44.50132,-16.18804],[44.50773,-16.18367],[44.60076,-16.1934],[44.60022,-16.19611],[44.59569,-16.19455],[44.601,-16.20641],[44.59282,-16.22624],[44.59213,-16.24066],[44.59588,-16.23217],[44.59483,-16.22341],[44.60311,-16.21685],[44.61084,-16.21609],[44.60592,-16.21209],[44.6066,-16.20449],[44.6146,-16.20399],[44.66258,-16.21618],[44.69409,-16.21715],[44.72203,-16.22722],[44.73228,-16.23496],[44.72601,-16.23676],[44.7216,-16.2468],[44.71613,-16.24911],[44.71371,-16.25864],[44.74386,-16.25597],[44.75399,-16.25779],[44.75717,-16.27119],[44.75984,-16.27158],[44.75678,-16.26565],[44.76012,-16.26127],[44.75639,-16.25405],[44.75013,-16.25147],[44.74973,-16.24761],[44.76519,-16.25432],[44.77053,-16.24943],[44.77293,-16.25304],[44.79213,-16.25989],[44.79719,-16.2644],[44.79944,-16.28579],[44.7961,-16.28553],[44.78809,-16.29531],[44.78688,-16.30562],[44.77993,-16.31617],[44.78472,-16.32339],[44.78405,-16.32944],[44.77898,-16.33137],[44.77951,-16.3355],[44.79512,-16.33345],[44.79485,-16.33757],[44.7851,-16.34362],[44.7903,-16.35148],[44.78936,-16.35483],[44.776,-16.37208],[44.77653,-16.37491],[44.7808,-16.37131],[44.79361,-16.37313],[44.7977,-16.37734],[44.79841,-16.37094],[44.80936,-16.36399],[44.81004,-16.35485],[44.80631,-16.34815],[44.81084,-16.35098],[44.81551,-16.3497],[44.81846,-16.34275],[44.81461,-16.32265],[44.80955,-16.31285],[44.81795,-16.31608],[44.82009,-16.3126],[44.80742,-16.30718],[44.81022,-16.30396],[44.83023,-16.30102],[44.83558,-16.29188],[44.84305,-16.29214],[44.84757,-16.29949],[44.85398,-16.30052],[44.85451,-16.30619],[44.84757,-16.3049],[44.8537,-16.31804],[44.86063,-16.31895],[44.86584,-16.31573],[44.86491,-16.31148],[44.86117,-16.3116],[44.86625,-16.29988],[44.87746,-16.29538],[44.87986,-16.29899],[44.87905,-16.30195],[44.87318,-16.30182],[44.87532,-16.30543],[44.87719,-16.30221],[44.88225,-16.30208],[44.87772,-16.2977],[44.88239,-16.29075],[44.87519,-16.28842],[44.87853,-16.28559],[44.87507,-16.27915],[44.88707,-16.2722],[44.90468,-16.27247],[44.90775,-16.26989],[44.90201,-16.26808],[44.90095,-16.25829],[44.90415,-16.25417],[44.89802,-16.25533],[44.90149,-16.25147],[44.89163,-16.24012],[44.89562,-16.23568],[44.91523,-16.23872],[44.90977,-16.22983],[44.90163,-16.23021],[44.90177,-16.22171],[44.89137,-16.21269],[44.89405,-16.20212],[44.89831,-16.19981],[44.91058,-16.2087],[44.90764,-16.21527],[44.91044,-16.21811],[44.91164,-16.21424],[44.92097,-16.21476],[44.91857,-16.20986],[44.92471,-16.20458],[44.93831,-16.20356],[44.93511,-16.20188],[44.93818,-16.19879],[44.93671,-16.1939],[44.95138,-16.18939],[44.96791,-16.18978],[44.97057,-16.20601],[44.98844,-16.21143],[44.99164,-16.2216],[44.99537,-16.22405],[45.00044,-16.22418],[44.9975,-16.21542],[45.01777,-16.21026],[45.02177,-16.2158],[45.0303,-16.21864],[45.03284,-16.22327],[45.03151,-16.23358],[45.03511,-16.23397],[45.03817,-16.22971],[45.03804,-16.21967],[45.04484,-16.22327],[45.04417,-16.22688],[45.04871,-16.22739],[45.0467,-16.21528],[45.04377,-16.21297],[45.04497,-16.20846],[45.05217,-16.21193],[45.0507,-16.20292],[45.0535,-16.19802],[45.06057,-16.19957],[45.05963,-16.19622],[45.05043,-16.1957],[45.0423,-16.18566],[45.0383,-16.18617],[45.0407,-16.19158],[45.03723,-16.19416],[45.02817,-16.19236],[45.02737,-16.19777],[45.01977,-16.18798],[45.0171,-16.19674],[45.01297,-16.19597],[45.00684,-16.18489],[44.9979,-16.18257],[44.98871,-16.17046],[44.99537,-16.15577],[45.01097,-16.14238],[45.0159,-16.13117],[45.01403,-16.12846],[45.02549,-16.12357],[45.03056,-16.12653],[45.02509,-16.13825],[45.02683,-16.14289],[45.03269,-16.12872],[45.03589,-16.12666],[45.03882,-16.13026],[45.04362,-16.12897],[45.04295,-16.12485],[45.03935,-16.12356],[45.03855,-16.1264],[45.02669,-16.12202],[45.03002,-16.11377],[45.03962,-16.10733],[45.04441,-16.09909],[45.03242,-16.10785],[45.03015,-16.10759],[45.03215,-16.10373],[45.06599,-16.07795],[45.08277,-16.05373],[45.13123,-16.0063],[45.13532,-16.00509],[45.13576,-16.0081],[45.13137,-16.01119],[45.12858,-16.0242],[45.13258,-16.02536],[45.13312,-16.03373],[45.12886,-16.0416],[45.13339,-16.04597],[45.13379,-16.05422],[45.12967,-16.05615],[45.13313,-16.06336],[45.13154,-16.06762],[45.1485,-16.07267],[45.14939,-16.07018],[45.14539,-16.06761],[45.139,-16.06774],[45.13433,-16.05963],[45.13765,-16.03901],[45.14564,-16.04287],[45.15017,-16.04016],[45.15604,-16.04415],[45.1611,-16.04364],[45.16856,-16.052],[45.16963,-16.05007],[45.15136,-16.03411],[45.14111,-16.03386],[45.14368,-16.03093],[45.14084,-16.02613],[45.14323,-16.0202],[45.14882,-16.01556],[45.14562,-16.0117],[45.13817,-16.01905],[45.13816,-16.00526],[45.14348,-15.99895],[45.16319,-15.9921],[45.18342,-15.97766],[45.20949,-15.9511],[45.22893,-15.9494],[45.25049,-15.93701],[45.26087,-15.93674],[45.267,-15.93712],[45.26358,-15.96882],[45.2688,-15.99329],[45.26601,-15.99767],[45.26776,-16.00926],[45.27376,-16.01853],[45.2871,-16.02727],[45.29431,-16.03911],[45.29259,-16.05148],[45.28887,-16.05561],[45.28739,-16.0493],[45.29151,-16.03706],[45.2863,-16.02727],[45.2711,-16.02085],[45.27153,-16.04017],[45.2682,-16.04134],[45.27527,-16.05073],[45.27935,-16.07864],[45.27039,-16.08114],[45.27319,-16.06825],[45.26692,-16.06457],[45.26929,-16.06855],[45.26265,-16.07368],[45.26478,-16.07677],[45.25892,-16.07794],[45.25414,-16.08683],[45.2584,-16.08683],[45.25668,-16.09997],[45.24937,-16.10809],[45.24791,-16.11776],[45.25207,-16.13707],[45.245,-16.13682],[45.24381,-16.14172],[45.24741,-16.14584],[45.24488,-16.14739],[45.24275,-16.1443],[45.24089,-16.14765],[45.25102,-16.14931],[45.25581,-16.14325],[45.28275,-16.15468],[45.30434,-16.15453],[45.31128,-16.16044],[45.30702,-16.16199],[45.30572,-16.1857],[45.30653,-16.19059],[45.31188,-16.19334],[45.31187,-16.19934],[45.30475,-16.20238],[45.32177,-16.21633],[45.32257,-16.21994],[45.32737,-16.2198],[45.30975,-16.20592],[45.30921,-16.20244],[45.31613,-16.19483],[45.30946,-16.18711],[45.30931,-16.17771],[45.31262,-16.16559],[45.31981,-16.16223],[45.32435,-16.16764],[45.32341,-16.16145],[45.31794,-16.15992],[45.319,-16.15579],[45.31313,-16.15297],[45.31259,-16.14833],[45.32005,-16.14458],[45.32752,-16.14702],[45.33658,-16.1443],[45.34111,-16.14687],[45.34137,-16.14288],[45.32831,-16.14071],[45.32163,-16.13118],[45.31363,-16.13016],[45.31296,-16.12695],[45.33066,-16.11069],[45.33786,-16.11171],[45.34306,-16.11814],[45.34214,-16.12316],[45.35494,-16.12585],[45.35495,-16.13023],[45.36467,-16.12892],[45.36642,-16.13407],[45.37201,-16.13329],[45.37655,-16.13689],[45.37574,-16.13303],[45.38907,-16.13146],[45.39014,-16.13648],[45.4032,-16.13658],[45.4091,-16.15036],[45.41403,-16.15048],[45.41468,-16.14455],[45.42107,-16.13977],[45.43506,-16.13858],[45.42425,-16.13023],[45.41545,-16.13025],[45.41198,-16.12562],[45.39878,-16.12139],[45.4005,-16.11765],[45.37568,-16.10224],[45.36103,-16.1051],[45.33597,-16.09767],[45.32985,-16.10476],[45.32572,-16.104],[45.33795,-16.08929],[45.33727,-16.08195],[45.35246,-16.07857],[45.35859,-16.08024],[45.36578,-16.07636],[45.36712,-16.08087],[45.35939,-16.0823],[45.36179,-16.08487],[45.36686,-16.08731],[45.37432,-16.08433],[45.37511,-16.08137],[45.36845,-16.07945],[45.3775,-16.07505],[45.38641,-16.06525],[45.39529,-16.0432],[45.41034,-16.04433],[45.41208,-16.04691],[45.41898,-16.03324],[45.42696,-16.02936],[45.42961,-16.01853],[45.42227,-16.01597],[45.42692,-16.0081],[45.42319,-16.00721],[45.42211,-16.00309],[45.42903,-15.99844],[45.43438,-16.00796],[45.43489,-16.00074],[45.43062,-15.99611],[45.44207,-15.99506],[45.4406,-15.99043],[45.43647,-15.98953],[45.42636,-15.99458],[45.42502,-15.98968],[45.42104,-15.99923],[45.41341,-16.00087],[45.40425,-15.99514],[45.39934,-16.00236],[45.39174,-15.99838],[45.39014,-16.00083],[45.38482,-15.99994],[45.38001,-15.99595],[45.37842,-15.99918],[45.37176,-16.00035],[45.37297,-16.00653],[45.36355,-16.022],[45.37822,-16.03331],[45.38541,-16.03253],[45.38755,-16.03742],[45.38516,-16.03807],[45.37263,-16.03474],[45.36728,-16.02535],[45.36248,-16.02304],[45.36299,-16.01015],[45.35685,-16.0014],[45.34939,-15.99935],[45.35124,-15.99214],[45.34856,-15.98596],[45.35735,-15.98504],[45.36002,-15.98774],[45.39251,-15.98189],[45.41835,-15.98699],[45.46307,-15.97389],[45.46441,-15.97852],[45.47958,-15.9736],[45.48331,-15.9741],[45.48359,-15.97887],[45.48882,-15.97812],[45.49449,-15.9706],[45.50647,-15.96941],[45.50595,-15.97534],[45.49692,-15.98541],[45.49641,-15.99456],[45.49972,-15.98695],[45.50545,-15.9859],[45.5057,-15.98191],[45.51156,-15.9828],[45.51645,-15.96733],[45.53522,-15.9629],[45.5375,-15.97011],[45.53285,-15.97437],[45.54324,-15.97435],[45.54163,-15.97036],[45.54522,-15.96829],[45.54883,-15.97433],[45.55216,-15.97394],[45.55777,-15.98114],[45.55848,-15.99582],[45.56381,-15.99684],[45.56702,-16.00391],[45.57476,-16.00673],[45.57397,-16.00995],[45.56103,-16.00354],[45.5553,-16.0042],[45.54838,-16.00615],[45.55107,-16.01516],[45.5459,-16.02368],[45.52976,-16.01676],[45.52339,-16.02489],[45.517,-16.02388],[45.51541,-16.02981],[45.5081,-16.03459],[45.51651,-16.04037],[45.51118,-16.0418],[45.51199,-16.0445],[45.51625,-16.04539],[45.52315,-16.03559],[45.52928,-16.03364],[45.53432,-16.02718],[45.5462,-16.0345],[45.53359,-16.0545],[45.52773,-16.05361],[45.52747,-16.05735],[45.52335,-16.05877],[45.5251,-16.06624],[45.51578,-16.0691],[45.51523,-16.06201],[45.51148,-16.05623],[45.50469,-16.0565],[45.50454,-16.05122],[45.49763,-16.05471],[45.49684,-16.06012],[45.49204,-16.05872],[45.4902,-16.06735],[45.48061,-16.06841],[45.47848,-16.07253],[45.48063,-16.07897],[45.49582,-16.07752],[45.50622,-16.08046],[45.51061,-16.07761],[45.51582,-16.08559],[45.51995,-16.08506],[45.51956,-16.08828],[45.52436,-16.09059],[45.53156,-16.08941],[45.5278,-16.07963],[45.53328,-16.08786],[45.54048,-16.08913],[45.53765,-16.07652],[45.54351,-16.0747],[45.54751,-16.07533],[45.54619,-16.08036],[45.5518,-16.08459],[45.55899,-16.08496],[45.56273,-16.08882],[45.56673,-16.08855],[45.57523,-16.07925],[45.58402,-16.07742],[45.58376,-16.08026],[45.59016,-16.08153],[45.59284,-16.08616],[45.59709,-16.08383],[45.59868,-16.07803],[45.60507,-16.0784],[45.60695,-16.08251],[45.6023,-16.08742],[45.60564,-16.09025],[45.60897,-16.08921],[45.60909,-16.08534],[45.61629,-16.0879],[45.62004,-16.09304],[45.61895,-16.08634],[45.62667,-16.08349],[45.62799,-16.07988],[45.62453,-16.07989],[45.62397,-16.07319],[45.62796,-16.06983],[45.63038,-16.076],[45.63729,-16.07083],[45.63997,-16.07469],[45.63731,-16.07805],[45.64132,-16.07997],[45.65197,-16.07774],[45.65826,-16.087],[45.65622,-16.07567],[45.64821,-16.07015],[45.64846,-16.06397],[45.64127,-16.06476],[45.63644,-16.05615],[45.62831,-16.0536],[45.62895,-16.04664],[45.62709,-16.04767],[45.62602,-16.04407],[45.63071,-16.04165],[45.62319,-16.03661],[45.62358,-16.03068],[45.61489,-16.02169],[45.61076,-16.02196],[45.60888,-16.01733],[45.6029,-16.02018],[45.60102,-16.01709],[45.605,-16.01141],[45.60007,-16.00833],[45.61279,-15.98949],[45.63776,-15.96855],[45.6411,-15.97008],[45.64031,-15.97421],[45.62582,-15.98121],[45.6249,-15.98456],[45.62823,-15.987],[45.63781,-15.98246],[45.64882,-15.9698],[45.65615,-15.97145],[45.65185,-15.96],[45.65821,-15.94955],[45.65022,-15.9506],[45.6493,-15.95486],[45.63828,-15.96429],[45.62812,-15.95157],[45.63285,-15.92953],[45.64323,-15.92769],[45.65198,-15.91672],[45.66143,-15.91592],[45.65756,-15.91271],[45.65483,-15.89288],[45.64555,-15.90527],[45.64196,-15.90541],[45.64278,-15.91391],[45.63933,-15.91676],[45.63815,-15.87966],[45.64479,-15.87397],[45.64186,-15.87424],[45.63569,-15.85828],[45.63767,-15.85364],[45.64166,-15.85466],[45.64221,-15.85801],[45.64673,-15.85696],[45.65971,-15.83734],[45.66142,-15.83244],[45.6578,-15.82408],[45.66599,-15.80563],[45.66293,-15.80487],[45.65616,-15.81133],[45.6527,-15.80915],[45.65586,-15.79922],[45.67022,-15.79557],[45.67472,-15.79066],[45.67564,-15.78551],[45.66949,-15.77651],[45.67201,-15.77418],[45.69201,-15.78893],[45.708,-15.79481],[45.72928,-15.79397],[45.76628,-15.79835],[45.76657,-15.80466],[45.73088,-15.79525],[45.70614,-15.79494],[45.70375,-15.79779],[45.71152,-15.81193],[45.71262,-15.82275],[45.72143,-15.83122],[45.71665,-15.83459],[45.72584,-15.83559],[45.73626,-15.84792],[45.73494,-15.85024],[45.74226,-15.84996],[45.74251,-15.84493],[45.74504,-15.84634],[45.75648,-15.88057],[45.75994,-15.88133],[45.76424,-15.89188],[45.78106,-15.90341],[45.78988,-15.91394],[45.79507,-15.91289],[45.79849,-15.90128],[45.79793,-15.89639],[45.7934,-15.89409],[45.79495,-15.88326],[45.79254,-15.8776],[45.80429,-15.88838],[45.81252,-15.88268],[45.80637,-15.87549],[45.80711,-15.86132],[45.80217,-15.85619],[45.80322,-15.8518],[45.79418,-15.85441],[45.80195,-15.8445],[45.81545,-15.84841],[45.82323,-15.86512],[45.85244,-15.88021],[45.85393,-15.8851],[45.86756,-15.89818],[45.87877,-15.90458],[45.88533,-15.91434],[45.89694,-15.94985],[45.89437,-15.97227],[45.89739,-15.99132],[45.88371,-15.99911],[45.88027,-16.00531],[45.88807,-16.02253],[45.89463,-16.02921],[45.89385,-16.03359],[45.9007,-16.04721],[45.9138,-16.05669],[45.91845,-16.06423],[45.91483,-16.07781],[45.92088,-16.08912],[45.93263,-16.09641],[45.96302,-16.09821],[45.97838,-16.13189],[45.98879,-16.13648],[45.99256,-16.14419],[46.01797,-16.16068],[46.02836,-16.16102],[46.04014,-16.17024],[46.04894,-16.17006],[46.0623,-16.1767],[46.08358,-16.16783],[46.09917,-16.16814],[46.10506,-16.173],[46.10491,-16.19335],[46.10048,-16.21115],[46.10266,-16.21938],[46.11295,-16.22384],[46.12227,-16.22276],[46.13586,-16.23248],[46.13828,-16.24805],[46.13687,-16.28025],[46.14793,-16.30235],[46.13356,-16.32183],[46.12834,-16.35127],[46.11202,-16.34363],[46.09282,-16.34502],[46.09181,-16.35597],[46.09947,-16.36572],[46.09873,-16.37105],[46.09584,-16.37385],[46.06604,-16.37645],[46.063,-16.38095],[46.06611,-16.3883],[46.07909,-16.39622],[46.08579,-16.42504],[46.07831,-16.42674],[46.066,-16.41754],[46.05269,-16.4234],[46.05232,-16.42933],[46.05771,-16.43961],[46.05819,-16.45403],[46.06529,-16.45837],[46.05693,-16.46743],[46.05354,-16.49491],[46.05984,-16.51095],[46.07185,-16.51474],[46.07346,-16.51217],[46.07581,-16.51499],[46.07156,-16.51034],[46.06491,-16.51144],[46.05995,-16.50838],[46.05454,-16.49475],[46.0584,-16.46846],[46.06664,-16.46094],[46.05911,-16.45197],[46.05402,-16.42365],[46.06552,-16.41909],[46.077,-16.4283],[46.08554,-16.42736],[46.08725,-16.42245],[46.08231,-16.3993],[46.06488,-16.38419],[46.06552,-16.37903],[46.06978,-16.37682],[46.09859,-16.37422],[46.10108,-16.36648],[46.09166,-16.35288],[46.09336,-16.34592],[46.11149,-16.34402],[46.12194,-16.3522],[46.12782,-16.35307],[46.13113,-16.34958],[46.13418,-16.32277],[46.14544,-16.30983],[46.14898,-16.29977],[46.13815,-16.27999],[46.14522,-16.24904],[46.14236,-16.23759],[46.12867,-16.22208],[46.11241,-16.22281],[46.10371,-16.21732],[46.10234,-16.21063],[46.1078,-16.18561],[46.1068,-16.17325],[46.10117,-16.16684],[46.07798,-16.16812],[46.06496,-16.17514],[46.05,-16.16903],[46.04147,-16.16959],[46.03103,-16.16139],[46.00245,-16.14942],[46.00121,-16.14183],[45.97649,-16.1288],[45.97124,-16.11698],[45.96888,-16.09651],[45.94861,-16.09402],[45.94089,-16.09612],[45.92073,-16.08706],[45.91643,-16.07832],[45.9201,-16.06439],[45.90028,-16.04232],[45.88253,-16.0053],[45.88371,-16.00065],[45.89913,-15.99338],[45.89571,-15.97355],[45.89774,-15.94959],[45.88719,-15.91382],[45.85016,-15.87661],[45.82455,-15.86177],[45.81544,-15.84635],[45.80878,-15.84573],[45.8065,-15.84123],[45.81219,-15.83373],[45.82741,-15.84553],[45.83418,-15.84189],[45.83404,-15.83842],[45.83776,-15.83853],[45.84209,-15.85475],[45.84901,-15.85549],[45.85107,-15.83874],[45.86197,-15.83573],[45.86497,-15.85388],[45.87725,-15.86053],[45.87945,-15.85786],[45.88885,-15.86641],[45.88977,-15.86306],[45.89269,-15.8633],[45.88954,-15.87182],[45.89326,-15.87129],[45.89866,-15.85916],[45.89343,-15.84823],[45.89796,-15.84988],[45.9048,-15.86222],[45.90971,-15.85988],[45.91063,-15.85627],[45.90704,-15.85616],[45.90859,-15.84701],[45.92221,-15.82711],[45.92361,-15.81371],[45.93,-15.81394],[45.93264,-15.80916],[45.93023,-15.80531],[45.92264,-15.80521],[45.92687,-15.79953],[45.92999,-15.78251],[45.91758,-15.77496],[45.9533,-15.78872],[45.94958,-15.79093],[45.9512,-15.7962],[45.95373,-15.79606],[45.95099,-15.80844],[45.955,-15.81151],[45.95316,-15.81564],[45.94568,-15.80975],[45.94745,-15.81824],[45.93841,-15.82009],[45.9476,-15.82236],[45.95131,-15.81951],[45.95606,-15.8383],[45.96398,-15.85359],[45.95279,-15.85068],[45.95196,-15.84334],[45.94825,-15.84709],[45.94854,-15.85224],[45.95414,-15.85583],[45.95123,-15.85932],[45.9483,-15.8583],[45.9486,-15.86513],[45.94488,-15.86695],[45.94385,-15.87326],[45.94758,-15.87415],[45.94947,-15.87981],[45.95344,-15.87644],[45.95102,-15.8713],[45.95312,-15.86485],[45.95766,-15.86663],[45.95931,-15.87951],[45.96251,-15.88001],[45.96594,-15.87458],[45.97075,-15.87752],[45.96886,-15.87148],[45.97205,-15.87198],[45.9683,-15.86607],[45.97305,-15.85871],[45.99326,-15.85501],[46.00232,-15.85677],[46.01386,-15.84937],[46.022,-15.8523],[46.0289,-15.84879],[46.03645,-15.86769],[46.04351,-15.86958],[46.04637,-15.88271],[46.05144,-15.885],[46.05695,-15.89554],[46.05793,-15.90519],[46.06138,-15.90221],[46.06592,-15.90425],[46.06908,-15.89883],[46.08106,-15.89903],[46.08036,-15.89285],[46.07547,-15.89815],[46.07292,-15.89417],[46.07275,-15.88722],[46.07712,-15.88385],[46.07723,-15.87934],[46.0908,-15.87914],[46.08918,-15.87425],[46.0929,-15.87269],[46.10545,-15.88035],[46.10806,-15.87004],[46.11151,-15.86899],[46.10161,-15.86002],[46.10011,-15.85282],[46.09465,-15.85104],[46.09756,-15.84897],[46.09433,-15.84241],[46.06746,-15.84435],[46.05468,-15.84171],[46.05416,-15.84519],[46.05017,-15.84443],[46.0452,-15.83712],[46.04955,-15.82782],[46.05406,-15.82625],[46.05676,-15.83345],[46.05916,-15.83331],[46.06659,-15.83006],[46.06484,-15.82569],[46.0684,-15.82052],[46.07479,-15.82023],[46.0792,-15.8251],[46.07958,-15.82123],[46.08596,-15.8203],[46.08733,-15.82763],[46.09426,-15.8294],[46.095,-15.81884],[46.10688,-15.82547],[46.10549,-15.83785],[46.11188,-15.8391],[46.1131,-15.8427],[46.10831,-15.8435],[46.11033,-15.848],[46.12414,-15.84342],[46.13037,-15.83849],[46.13007,-15.83257],[46.12274,-15.83003],[46.13284,-15.82869],[46.13919,-15.82222],[46.12164,-15.82308],[46.11231,-15.81978],[46.10934,-15.81219],[46.10561,-15.81144],[46.10243,-15.81494],[46.09842,-15.81019],[46.0855,-15.80858],[46.08588,-15.80497],[46.09626,-15.80415],[46.09915,-15.79898],[46.10844,-15.79468],[46.11503,-15.79881],[46.11349,-15.79272],[46.12772,-15.79162],[46.12263,-15.78649],[46.12514,-15.78236],[46.13205,-15.78168],[46.13067,-15.77331],[46.10846,-15.77291],[46.1017,-15.77823],[46.08283,-15.78038],[46.08178,-15.78425],[46.07899,-15.78414],[46.07803,-15.77951],[46.0832,-15.77665],[46.08146,-15.77344],[46.08492,-15.7738],[46.0833,-15.7693],[46.07771,-15.76869],[46.08461,-15.76505],[46.08392,-15.76067],[46.07847,-15.76147],[46.07252,-15.76768],[46.07403,-15.77734],[46.06911,-15.77852],[46.07112,-15.78147],[46.06491,-15.78962],[46.04782,-15.80181],[46.04043,-15.8137],[46.03724,-15.815],[46.03934,-15.80958],[46.04254,-15.80956],[46.04172,-15.80686],[46.03548,-15.80857],[46.03644,-15.81449],[46.033,-15.81875],[46.03007,-15.81671],[46.01307,-15.82323],[46.00854,-15.82196],[46.0114,-15.80997],[46.02121,-15.80258],[46.00793,-15.80612],[46.03313,-15.79209],[46.03418,-15.78771],[46.03976,-15.78794],[46.04305,-15.78045],[46.03017,-15.78438],[46.04394,-15.77272],[46.06668,-15.74453],[46.07835,-15.73829],[46.09449,-15.72339],[46.10804,-15.71997],[46.11015,-15.71713],[46.0909,-15.72302],[46.09075,-15.72071],[46.12023,-15.71193],[46.15983,-15.70734],[46.19014,-15.70589],[46.20797,-15.70863],[46.23089,-15.717],[46.23558,-15.72303],[46.23537,-15.73101],[46.24299,-15.73793],[46.2472,-15.75181],[46.24555,-15.76522],[46.23549,-15.77377],[46.23435,-15.78357],[46.23818,-15.80055],[46.23102,-15.80471],[46.23296,-15.81758],[46.22927,-15.8225],[46.2262,-15.8202],[46.22505,-15.80707],[46.21814,-15.80865],[46.21334,-15.80623],[46.20983,-15.81952],[46.2052,-15.82469],[46.20473,-15.83564],[46.21111,-15.83419],[46.21408,-15.84139],[46.21277,-15.8441],[46.20704,-15.84272],[46.21252,-15.84809],[46.21215,-15.85222],[46.23379,-15.84463],[46.2387,-15.86392],[46.24856,-15.86592],[46.25027,-15.86179],[46.24585,-15.8586],[46.24663,-15.85563],[46.25319,-15.861],[46.25255,-15.86487],[46.25814,-15.86509],[46.26255,-15.86919],[46.26172,-15.88439],[46.25139,-15.91408],[46.2519,-15.93314],[46.24762,-15.95016],[46.24946,-15.96909],[46.25365,-15.97769],[46.25952,-15.97998],[46.26101,-15.98383],[46.26764,-15.97967],[46.27431,-15.98143],[46.26719,-15.99307],[46.26722,-15.99835],[46.27797,-15.99249],[46.27787,-15.99661],[46.27656,-16.00087],[46.26991,-16.00155],[46.2686,-16.00542],[46.27395,-16.00874],[46.28136,-16.00174],[46.28633,-16.00893],[46.28277,-16.01461],[46.30892,-16.0209],[46.31226,-16.02345],[46.30955,-16.03609],[46.31622,-16.03772],[46.33802,-16.03179],[46.35057,-16.03609],[46.35152,-16.0196],[46.35471,-16.01881],[46.37815,-16.05756],[46.38215,-16.0583],[46.38238,-16.05238],[46.38836,-16.05079],[46.39135,-16.07808],[46.39009,-16.06933],[46.39283,-16.06132],[46.39736,-16.06232],[46.40026,-16.05741],[46.39701,-16.04971],[46.39885,-16.04647],[46.39406,-16.04741],[46.39018,-16.04434],[46.39852,-16.03759],[46.39936,-16.04248],[46.41271,-16.04703],[46.41587,-16.04301],[46.42521,-16.04424],[46.42679,-16.04217],[46.41985,-16.04041],[46.42662,-16.03663],[46.43374,-16.04521],[46.44654,-16.04732],[46.45457,-16.0528],[46.45803,-16.05291],[46.45862,-16.04869],[46.46681,-16.05156],[46.4714,-16.05912],[46.47854,-16.05212],[46.48758,-16.0509],[46.53831,-16.06612],[46.57153,-16.05597],[46.58446,-16.07442],[46.60816,-16.12369],[46.60449,-16.13016],[46.57705,-16.14826],[46.55881,-16.16681],[46.54719,-16.18106],[46.5442,-16.19062],[46.54363,-16.25372],[46.56357,-16.28011],[46.56362,-16.28732],[46.55998,-16.29894],[46.54488,-16.31167],[46.54335,-16.32095],[46.56822,-16.34549],[46.57113,-16.35886],[46.56468,-16.37012],[46.53538,-16.376],[46.52304,-16.38394],[46.51703,-16.40021],[46.52032,-16.41178],[46.52423,-16.41716],[46.53145,-16.41917],[46.54612,-16.41855],[46.55261,-16.42906],[46.5769,-16.43004],[46.59067,-16.4159],[46.61072,-16.42089],[46.61943,-16.40885],[46.62983,-16.4089],[46.63684,-16.41709],[46.64756,-16.42254],[46.65583,-16.42209],[46.65869,-16.42876],[46.65688,-16.43599],[46.66406,-16.44855],[46.67767,-16.4487],[46.68297,-16.44467],[46.69713,-16.44623],[46.70387,-16.45415],[46.70993,-16.47471],[46.68865,-16.49961],[46.68659,-16.50812],[46.69214,-16.51658],[46.70416,-16.51764],[46.7086,-16.52185],[46.70192,-16.53646],[46.69131,-16.54401],[46.69377,-16.55056],[46.68977,-16.55162],[46.68933,-16.56193],[46.69351,-16.56653],[46.68941,-16.57055],[46.68861,-16.58614],[46.69882,-16.60898],[46.71148,-16.62098],[46.74352,-16.61968],[46.75189,-16.62953],[46.7563,-16.62962],[46.76012,-16.65328],[46.75764,-16.65948],[46.76386,-16.66716],[46.76202,-16.67078],[46.76867,-16.68231],[46.77553,-16.68714],[46.77491,-16.69204],[46.79582,-16.69959],[46.79857,-16.70806],[46.80395,-16.71188],[46.80592,-16.72216],[46.8223,-16.73026],[46.8241,-16.7372],[46.81661,-16.74988],[46.81778,-16.76043],[46.83226,-16.76545],[46.83256,-16.76931],[46.83795,-16.77338],[46.83559,-16.7783],[46.84012,-16.77748],[46.84424,-16.78813],[46.84934,-16.79028],[46.85291,-16.80067],[46.84892,-16.80187],[46.86017,-16.8046],[46.86347,-16.81358],[46.87045,-16.81687],[46.85906,-16.80088],[46.86225,-16.7984],[46.88875,-16.80202],[46.89749,-16.79332],[46.90523,-16.79234],[46.9113,-16.79744],[46.91174,-16.80155],[46.93637,-16.80544],[46.93649,-16.81729],[46.94462,-16.82725],[46.93821,-16.81521],[46.94179,-16.81183],[46.9417,-16.80307],[46.93713,-16.80093],[46.9144,-16.79985],[46.90656,-16.79156],[46.8956,-16.79217],[46.88178,-16.7999],[46.87372,-16.79637],[46.8681,-16.79564],[46.86626,-16.79837],[46.85634,-16.79536],[46.85761,-16.78917],[46.84618,-16.78602],[46.84243,-16.78055],[46.83852,-16.76359],[46.83006,-16.75968],[46.82581,-16.76255],[46.81951,-16.76016],[46.81811,-16.75399],[46.82627,-16.74052],[46.82577,-16.73023],[46.81314,-16.72261],[46.79848,-16.69789],[46.77403,-16.68407],[46.77049,-16.67624],[46.7662,-16.67435],[46.76723,-16.65657],[46.7629,-16.65017],[46.76031,-16.62959],[46.74377,-16.61723],[46.71975,-16.61924],[46.71918,-16.61564],[46.70635,-16.61407],[46.70264,-16.60251],[46.69401,-16.59279],[46.69369,-16.58713],[46.70579,-16.56566],[46.70308,-16.56207],[46.705,-16.55227],[46.69573,-16.54539],[46.69663,-16.54178],[46.70646,-16.53552],[46.71046,-16.52003],[46.70627,-16.51466],[46.69426,-16.51488],[46.68848,-16.51017],[46.6941,-16.49621],[46.71169,-16.47856],[46.7072,-16.45284],[46.70327,-16.44579],[46.69362,-16.44123],[46.68668,-16.44167],[46.68264,-16.43643],[46.67729,-16.43544],[46.67068,-16.44245],[46.65955,-16.43648],[46.66188,-16.42796],[46.65661,-16.41989],[46.64353,-16.41897],[46.63397,-16.40887],[46.62528,-16.40623],[46.61541,-16.40721],[46.60884,-16.41923],[46.59518,-16.41341],[46.58773,-16.41527],[46.57262,-16.42852],[46.55579,-16.42594],[46.54504,-16.41662],[46.52929,-16.41622],[46.52136,-16.40817],[46.5215,-16.3922],[46.5293,-16.38287],[46.55059,-16.3764],[46.57087,-16.37702],[46.57841,-16.36911],[46.57728,-16.35378],[46.5538,-16.32603],[46.54891,-16.3155],[46.55458,-16.30709],[46.57155,-16.29447],[46.56622,-16.2788],[46.55937,-16.27164],[46.54894,-16.25059],[46.55196,-16.21116],[46.59036,-16.14675],[46.61398,-16.13395],[46.60526,-16.14393],[46.6114,-16.14504],[46.60528,-16.14625],[46.60477,-16.14921],[46.61286,-16.14374],[46.61728,-16.13058],[46.60978,-16.10977],[46.61731,-16.10173],[46.62916,-16.06816],[46.63763,-16.06114],[46.64725,-16.06518],[46.64106,-16.05751],[46.64381,-16.05208],[46.64257,-16.04616],[46.64799,-16.04174],[46.64223,-16.03818],[46.64166,-16.03329],[46.65875,-16.0226],[46.65672,-16.01914],[46.64059,-16.03278],[46.63445,-16.03103],[46.62546,-16.02234],[46.61331,-16.01857],[46.6023,-16.00667],[46.58578,-16.00512],[46.56408,-15.98879],[46.55382,-15.98835],[46.55187,-15.98253],[46.54712,-15.98248],[46.54374,-15.97619],[46.53843,-15.97752],[46.53057,-15.95954],[46.5204,-15.95292],[46.50453,-15.94852],[46.50447,-15.94002],[46.49724,-15.93466],[46.49329,-15.92207],[46.48797,-15.92301],[46.48156,-15.92022],[46.47751,-15.91303],[46.47099,-15.91269],[46.47173,-15.8868],[46.45623,-15.87686],[46.44182,-15.87258],[46.41961,-15.85418],[46.38948,-15.84665],[46.37528,-15.83141],[46.36145,-15.83291],[46.35556,-15.82703],[46.3489,-15.82681],[46.34755,-15.82295],[46.32848,-15.83621],[46.32553,-15.83365],[46.31784,-15.83743],[46.3077,-15.83337],[46.30712,-15.82513],[46.31267,-15.81918],[46.3097,-15.81391],[46.34441,-15.79193],[46.3473,-15.78573],[46.35781,-15.78541],[46.35845,-15.7818],[46.3547,-15.77899],[46.35621,-15.76481],[46.36605,-15.76462],[46.37673,-15.77138],[46.38043,-15.76801],[46.37986,-15.76183],[46.38653,-15.76436],[46.38436,-15.7582],[46.3878,-15.75663],[46.39262,-15.7602],[46.39684,-15.75541],[46.39547,-15.74898],[46.4069,-15.74865],[46.40741,-15.74594],[46.42046,-15.74766],[46.42496,-15.74454],[46.4248,-15.74093],[46.40234,-15.7425],[46.39897,-15.73672],[46.38927,-15.73807],[46.38844,-15.73293],[46.3961,-15.72425],[46.40464,-15.72947],[46.40213,-15.71159],[46.39641,-15.71253],[46.39226,-15.72015],[46.37952,-15.7107],[46.37583,-15.71613],[46.35939,-15.72281],[46.34369,-15.72277],[46.3389,-15.72139],[46.33861,-15.71739],[46.33382,-15.71755],[46.33384,-15.72103],[46.31978,-15.72665],[46.30477,-15.72803],[46.30512,-15.72082],[46.29951,-15.71725],[46.30305,-15.70872],[46.32143,-15.69393],[46.32703,-15.69596],[46.33178,-15.68987],[46.33656,-15.68984],[46.33599,-15.68328],[46.33122,-15.68524],[46.3292,-15.68178],[46.3267,-15.68604],[46.32375,-15.68271],[46.31467,-15.69655],[46.32668,-15.66299],[46.33567,-15.65469],[46.35316,-15.62624],[46.37006,-15.60811],[46.42079,-15.56477],[46.43411,-15.57009],[46.43633,-15.58347],[46.43967,-15.58577],[46.4301,-15.60386],[46.42441,-15.62734],[46.43118,-15.62626],[46.4308,-15.62936],[46.43799,-15.63047],[46.44115,-15.62568],[46.45126,-15.62742],[46.4648,-15.6245],[46.45893,-15.6217],[46.45836,-15.61668],[46.44852,-15.61572],[46.43609,-15.60588],[46.4442,-15.5878],[46.44017,-15.58113],[46.43753,-15.56492],[46.42649,-15.56293],[46.42872,-15.55905],[46.44682,-15.54425],[46.4614,-15.51968],[46.46826,-15.51371],[46.49001,-15.50854],[46.49349,-15.51238],[46.47226,-15.51575],[46.46923,-15.51886],[46.46747,-15.53355],[46.47965,-15.54532],[46.47608,-15.54818],[46.46371,-15.54658],[46.46137,-15.55433],[46.47281,-15.55567],[46.47792,-15.56491],[46.48071,-15.56386],[46.48028,-15.55948],[46.48415,-15.56229],[46.4812,-15.57763],[46.47348,-15.57447],[46.48112,-15.58446],[46.47944,-15.59066],[46.48844,-15.58634],[46.50199,-15.58509],[46.50911,-15.57757],[46.51174,-15.55643],[46.50704,-15.54938],[46.50835,-15.54615],[46.49743,-15.54314],[46.49514,-15.53877],[46.49733,-15.52858],[46.4927,-15.53158],[46.49027,-15.54435],[46.48748,-15.54501],[46.48649,-15.5369],[46.48158,-15.53706],[46.47915,-15.53193],[46.48322,-15.52559],[46.50439,-15.51334],[46.51176,-15.50337],[46.55351,-15.47449],[46.55695,-15.47279],[46.55859,-15.47909],[46.56501,-15.48446],[46.55957,-15.46801],[46.56589,-15.46075],[46.58973,-15.45247],[46.61928,-15.42675],[46.63782,-15.42147],[46.66294,-15.40814],[46.66959,-15.40977],[46.66751,-15.41506],[46.66166,-15.41382],[46.65584,-15.41683],[46.65795,-15.43201],[46.64892,-15.43156],[46.64549,-15.43416],[46.64488,-15.44035],[46.65256,-15.43874],[46.65246,-15.44184],[46.65817,-15.44282],[46.66015,-15.44075],[46.66667,-15.4595],[46.66608,-15.46801],[46.67063,-15.47312],[46.6799,-15.46945],[46.68488,-15.46194],[46.68298,-15.45603],[46.69779,-15.44832],[46.70219,-15.4515],[46.70131,-15.45718],[46.71018,-15.46986],[46.73718,-15.4596],[46.74437,-15.46225],[46.73928,-15.45611],[46.74494,-15.45066],[46.74371,-15.44616],[46.71698,-15.45719],[46.71418,-15.45553],[46.7149,-15.44626],[46.70927,-15.44012],[46.69795,-15.43583],[46.69804,-15.43042],[46.69449,-15.43495],[46.68957,-15.43409],[46.70157,-15.39098],[46.70564,-15.38606],[46.69941,-15.38726],[46.69587,-15.39257],[46.69382,-15.4016],[46.6871,-15.40809],[46.6877,-15.41646],[46.68558,-15.41699],[46.68311,-15.40658],[46.68431,-15.39034],[46.68058,-15.38908],[46.67806,-15.38987],[46.67707,-15.39812],[46.66789,-15.39587],[46.66219,-15.3972],[46.66209,-15.40094],[46.65623,-15.39841],[46.64212,-15.41126],[46.63406,-15.41531],[46.6311,-15.41108],[46.653,-15.39302],[46.68631,-15.375],[46.73036,-15.34156],[46.73421,-15.34153],[46.73384,-15.34501],[46.72564,-15.34843],[46.71803,-15.3584],[46.72493,-15.35886],[46.73207,-15.35507],[46.72886,-15.35239],[46.73148,-15.34877],[46.74061,-15.34561],[46.73597,-15.34525],[46.73645,-15.33946],[46.73378,-15.33806],[46.75039,-15.32467],[46.75537,-15.31664],[46.80709,-15.28223],[46.81576,-15.27238],[46.81343,-15.27961],[46.82171,-15.28598],[46.82555,-15.28414],[46.82484,-15.27926],[46.82868,-15.27819],[46.82783,-15.27202],[46.83166,-15.27044],[46.83293,-15.26386],[46.87137,-15.23032],[46.91046,-15.21171],[46.94721,-15.19877],[46.95783,-15.20036],[46.96776,-15.22705],[46.96237,-15.23238],[46.9589,-15.24387],[46.96821,-15.27547],[46.9649,-15.27601],[46.96604,-15.27085],[46.9631,-15.26856],[46.96049,-15.27219],[46.96244,-15.28221],[46.95241,-15.27367],[46.95084,-15.27639],[46.96585,-15.29248],[46.96154,-15.30025],[46.9652,-15.30871],[46.96813,-15.30946],[46.96615,-15.29686],[46.97592,-15.29175],[46.99695,-15.29865],[47.01217,-15.3092],[47.04754,-15.31725],[47.05256,-15.32827],[47.05156,-15.33472],[47.03867,-15.34591],[47.03936,-15.34887],[47.04226,-15.34743],[47.04216,-15.35077],[47.04731,-15.34815],[47.05319,-15.35196],[47.06744,-15.3441],[47.06869,-15.33637],[47.072,-15.33556],[47.07204,-15.33942],[47.06394,-15.35238],[47.04355,-15.37046],[47.02941,-15.39016],[47.00751,-15.40401],[46.99159,-15.40441],[46.97473,-15.41834],[46.95857,-15.42183],[46.94226,-15.43846],[46.94441,-15.44101],[46.94071,-15.44349],[46.94344,-15.45132],[46.93715,-15.46039],[46.93382,-15.47278],[46.96681,-15.47996],[46.9674,-15.48614],[46.95429,-15.50402],[46.95137,-15.50431],[46.9492,-15.51334],[46.94086,-15.51637],[46.94208,-15.53272],[46.92935,-15.54931],[46.92796,-15.55743],[46.91922,-15.56022],[46.91529,-15.56592],[46.91132,-15.58192],[46.89635,-15.58681],[46.88313,-15.57984],[46.88508,-15.58961],[46.88278,-15.59942],[46.87841,-15.60113],[46.87845,-15.60474],[46.87233,-15.60466],[46.87057,-15.61498],[46.8658,-15.61682],[46.86609,-15.61952],[46.87115,-15.62038],[46.86855,-15.6271],[46.87943,-15.62572],[46.88001,-15.63035],[46.88276,-15.6262],[46.88584,-15.62862],[46.89273,-15.62638],[46.89956,-15.61756],[46.90381,-15.61804],[46.90482,-15.61159],[46.92342,-15.61117],[46.92623,-15.61346],[46.92119,-15.62922],[46.92465,-15.62932],[46.9351,-15.61042],[46.93003,-15.60777],[46.93933,-15.60846],[46.93823,-15.60435],[46.94589,-15.59964],[46.95219,-15.59057],[46.95762,-15.58898],[46.95757,-15.58434],[46.97044,-15.58191],[46.9798,-15.58852],[46.98187,-15.58271],[46.99273,-15.57888],[47.00393,-15.58315],[47.00432,-15.59615],[46.99846,-15.62209],[46.98923,-15.62964],[46.98604,-15.64332],[46.97102,-15.6571],[46.96607,-15.66694],[46.95852,-15.67035],[46.95832,-15.67666],[46.95409,-15.67915],[46.95548,-15.68609],[46.9514,-15.68999],[46.95461,-15.70618],[46.94865,-15.72246],[46.93968,-15.72924],[46.94123,-15.75253],[46.94707,-15.75158],[46.94557,-15.7615],[46.94985,-15.7643],[46.9551,-15.75678],[46.96628,-15.75887],[46.96641,-15.74471],[46.99166,-15.74293],[46.99024,-15.73393],[46.99809,-15.73489],[46.99256,-15.72644],[46.99278,-15.72129],[46.99754,-15.71867],[46.9975,-15.71481],[47.00548,-15.71499],[47.00332,-15.71192],[47.00642,-15.70262],[47.01704,-15.70098],[47.02931,-15.7055],[47.02936,-15.71065],[47.03548,-15.71059],[47.03844,-15.71417],[47.04161,-15.71234],[47.03864,-15.70825],[47.04272,-15.70409],[47.05268,-15.70322],[47.04146,-15.69792],[47.03916,-15.69331],[47.04237,-15.68169],[47.04502,-15.68141],[47.04559,-15.68475],[47.0493,-15.68368],[47.04873,-15.6806],[47.05965,-15.68281],[47.04853,-15.67339],[47.05283,-15.66511],[47.05735,-15.66481],[47.05572,-15.66199],[47.05849,-15.65939],[47.06101,-15.65911],[47.06429,-15.66758],[47.07262,-15.66415],[47.07404,-15.67315],[47.07109,-15.68348],[47.07784,-15.6811],[47.0775,-15.67286],[47.08153,-15.66432],[47.07508,-15.6573],[47.06712,-15.65905],[47.06783,-15.65016],[47.06517,-15.6498],[47.06361,-15.64003],[47.07115,-15.63661],[47.07176,-15.6442],[47.07495,-15.64404],[47.07714,-15.63758],[47.07555,-15.62511],[47.06783,-15.62338],[47.06989,-15.61679],[47.07206,-15.62166],[47.09201,-15.62354],[47.09189,-15.61156],[47.10496,-15.61672],[47.11202,-15.5927],[47.10862,-15.58475],[47.11261,-15.58471],[47.11518,-15.58057],[47.12327,-15.5591],[47.11288,-15.5981],[47.11268,-15.63106],[47.10887,-15.63458],[47.0948,-15.63613],[47.09209,-15.64465],[47.0992,-15.65115],[47.11491,-15.65396],[47.11966,-15.6636],[47.11538,-15.65369],[47.09733,-15.64975],[47.09286,-15.64175],[47.09824,-15.63545],[47.10914,-15.6356],[47.11322,-15.63157],[47.11393,-15.5968],[47.12458,-15.56039],[47.14222,-15.54516],[47.15071,-15.54417],[47.15435,-15.54929],[47.15673,-15.54901],[47.15576,-15.54477],[47.1644,-15.54533],[47.16183,-15.54072],[47.16978,-15.52622],[47.16893,-15.52185],[47.1612,-15.51832],[47.16161,-15.50724],[47.15513,-15.50911],[47.15976,-15.4949],[47.16453,-15.4946],[47.18377,-15.50586],[47.21245,-15.50545],[47.22636,-15.51535],[47.25818,-15.5104],[47.28246,-15.52057],[47.28882,-15.51961],[47.29283,-15.52163],[47.29503,-15.52855],[47.3025,-15.53208],[47.30012,-15.52052],[47.30261,-15.51805],[47.3145,-15.52423],[47.31466,-15.52706],[47.31984,-15.52727],[47.30983,-15.51038],[47.28909,-15.50776],[47.28282,-15.49341],[47.27166,-15.49223],[47.2703,-15.47731],[47.28137,-15.4696],[47.26865,-15.47205],[47.26386,-15.47158],[47.26436,-15.46823],[47.25693,-15.46844],[47.25845,-15.46224],[47.28012,-15.45314],[47.28728,-15.45229],[47.29156,-15.45521],[47.29443,-15.45041],[47.31407,-15.45021],[47.33712,-15.44546],[47.34273,-15.44901],[47.34361,-15.44167],[47.34873,-15.4398],[47.35538,-15.44038],[47.3738,-15.45022],[47.38281,-15.44819],[47.405,-15.43479],[47.41318,-15.43499],[47.44102,-15.45464],[47.44847,-15.45597],[47.48726,-15.43726],[47.50799,-15.43883],[47.54105,-15.42919],[47.54635,-15.43041],[47.5601,-15.44583],[47.56973,-15.4416],[47.58232,-15.41854],[47.59472,-15.41286],[47.60763,-15.42355],[47.6197,-15.43931],[47.62557,-15.46051],[47.6357,-15.46387],[47.65233,-15.45659],[47.65596,-15.47045],[47.66332,-15.47551],[47.66302,-15.49327],[47.6695,-15.50195],[47.68213,-15.50321],[47.69747,-15.49916],[47.70458,-15.49457],[47.70715,-15.4881],[47.71192,-15.48688],[47.72739,-15.49313],[47.73801,-15.49326],[47.72419,-15.49137],[47.71375,-15.48519],[47.70662,-15.48759],[47.69904,-15.49734],[47.68291,-15.5023],[47.67042,-15.50078],[47.66381,-15.49275],[47.66452,-15.47523],[47.65514,-15.4684],[47.6542,-15.45734],[47.66633,-15.45089],[47.67778,-15.45435],[47.68273,-15.44657],[47.68886,-15.44894],[47.69178,-15.45586],[47.68871,-15.44765],[47.68228,-15.44617],[47.6791,-15.45318],[47.66432,-15.45087],[47.65737,-15.45614],[47.65019,-15.45494],[47.63542,-15.46258],[47.62396,-15.45873],[47.62065,-15.43817],[47.5963,-15.41169],[47.58439,-15.41453],[47.56444,-15.44347],[47.55931,-15.44371],[47.54609,-15.42913],[47.53546,-15.42822],[47.50638,-15.43756],[47.48593,-15.43625],[47.47032,-15.44106],[47.4474,-15.45439],[47.44075,-15.45304],[47.43321,-15.44494],[47.41316,-15.43332],[47.39699,-15.43517],[47.3751,-15.44776],[47.34951,-15.43851],[47.33412,-15.43893],[47.31088,-15.42514],[47.30787,-15.41719],[47.29985,-15.41225],[47.27085,-15.40598],[47.26862,-15.39596],[47.27352,-15.39488],[47.27121,-15.3904],[47.26142,-15.39269],[47.25514,-15.40099],[47.25363,-15.40938],[47.23954,-15.40707],[47.2277,-15.41752],[47.21104,-15.42294],[47.18714,-15.42176],[47.18059,-15.41719],[47.1778,-15.40408],[47.17836,-15.39429],[47.18207,-15.394],[47.18752,-15.38248],[47.18578,-15.38057],[47.18107,-15.38757],[47.16736,-15.38294],[47.16144,-15.3754],[47.1426,-15.36245],[47.14215,-15.35756],[47.15274,-15.316],[47.15514,-15.31726],[47.15592,-15.32859],[47.16123,-15.31669],[47.15904,-15.29688],[47.16756,-15.29963],[47.16561,-15.30403],[47.17136,-15.30771],[47.17932,-15.28278],[47.17322,-15.28233],[47.17037,-15.28918],[47.16412,-15.28808],[47.16263,-15.28423],[47.15463,-15.28045],[47.15492,-15.28327],[47.14776,-15.2836],[47.13938,-15.29424],[47.13302,-15.29456],[47.11197,-15.3124],[47.09475,-15.31501],[47.08808,-15.31108],[47.10124,-15.30027],[47.09349,-15.2948],[47.08792,-15.29485],[47.08896,-15.29266],[47.10933,-15.2868],[47.1082,-15.28037],[47.10354,-15.2781],[47.10156,-15.26576],[47.10427,-15.258],[47.10747,-15.26016],[47.10904,-15.25822],[47.10608,-15.25335],[47.0885,-15.27296],[47.0861,-15.27182],[47.0883,-15.26691],[47.08578,-15.26616],[47.08398,-15.27236],[47.07034,-15.27454],[47.06735,-15.2671],[47.0682,-15.24598],[47.04474,-15.23358],[47.04182,-15.21918],[47.04797,-15.21063],[47.04751,-15.20393],[47.04365,-15.20242],[47.04782,-15.18178],[47.06996,-15.15454],[47.08052,-15.13616],[47.08554,-15.1338],[47.08745,-15.13919],[47.09676,-15.14296],[47.09847,-15.14115],[47.1009,-15.13211],[47.10434,-15.13156],[47.10138,-15.12786],[47.09501,-15.12624],[47.08961,-15.13015],[47.10463,-15.10787],[47.11176,-15.10497],[47.11684,-15.10917],[47.13799,-15.10382],[47.15484,-15.09194],[47.14147,-15.10713],[47.15904,-15.10117],[47.16538,-15.08592],[47.16854,-15.08435],[47.17387,-15.08725],[47.1798,-15.08372],[47.17948,-15.07857],[47.17325,-15.07799],[47.17375,-15.0749],[47.18795,-15.06382],[47.1988,-15.06268],[47.20232,-15.07011],[47.20868,-15.07031],[47.2114,-15.07724],[47.21471,-15.07695],[47.21612,-15.07152],[47.22695,-15.06859],[47.22699,-15.06009],[47.21684,-15.06495],[47.20597,-15.06416],[47.20565,-15.05875],[47.20219,-15.05788],[47.20597,-15.05128],[47.2016,-15.05119],[47.19823,-15.05908],[47.19622,-15.05678],[47.21816,-15.02618],[47.2199,-15.00196],[47.22621,-15.0104],[47.22804,-15.02016],[47.23223,-15.016],[47.23807,-15.01698],[47.2375,-15.0126],[47.23406,-15.01354],[47.23083,-15.00803],[47.22752,-14.99545],[47.22254,-15.00065],[47.21696,-14.99941],[47.21356,-15.00344],[47.21375,-14.99661],[47.23644,-14.98738],[47.23932,-14.99714],[47.23552,-15.00116],[47.23101,-14.99979],[47.23372,-15.00646],[47.24058,-15.00356],[47.24828,-15.00477],[47.25709,-15.01177],[47.26213,-15.0121],[47.26535,-15.01568],[47.26114,-15.01829],[47.26068,-15.02525],[47.27132,-15.02926],[47.26886,-15.02182],[47.28158,-15.01036],[47.28057,-15.00213],[47.26626,-15.00137],[47.25986,-14.99783],[47.2523,-14.98426],[47.24602,-14.99128],[47.24308,-14.98912],[47.25254,-14.98181],[47.26967,-14.98602],[47.26998,-14.99065],[47.27836,-14.99366],[47.28213,-14.99929],[47.28568,-14.99667],[47.27029,-14.98202],[47.26154,-14.98095],[47.26373,-14.97526],[47.2567,-14.97405],[47.2628,-14.9624],[47.26103,-14.95778],[47.28594,-14.93436],[47.29294,-14.93223],[47.29589,-14.93606],[47.29677,-14.93129],[47.30313,-14.93148],[47.31809,-14.91884],[47.32154,-14.91984],[47.31828,-14.92425],[47.32223,-14.93476],[47.33125,-14.93596],[47.32919,-14.94139],[47.33878,-14.94721],[47.33802,-14.94992],[47.34172,-14.94924],[47.34431,-14.94355],[47.33577,-14.93784],[47.33595,-14.92973],[47.33273,-14.92616],[47.34229,-14.92838],[47.34238,-14.92452],[47.33392,-14.91353],[47.34076,-14.90934],[47.34456,-14.91256],[47.34489,-14.92423],[47.35677,-14.92128],[47.35736,-14.92629],[47.36279,-14.92611],[47.36563,-14.93174],[47.37357,-14.93115],[47.38024,-14.92361],[47.37993,-14.92001],[47.37237,-14.91906],[47.37384,-14.90797],[47.38592,-14.89896],[47.39545,-14.89873],[47.39167,-14.89234],[47.38464,-14.89112],[47.3937,-14.88382],[47.38497,-14.88494],[47.38227,-14.87969],[47.38908,-14.87279],[47.39201,-14.87469],[47.41048,-14.86897],[47.41757,-14.864],[47.41423,-14.86095],[47.40805,-14.86487],[47.39878,-14.8642],[47.40006,-14.86058],[47.39195,-14.86465],[47.38989,-14.86249],[47.39193,-14.8546],[47.38075,-14.86207],[47.37566,-14.85684],[47.37526,-14.86792],[47.36782,-14.86581],[47.36479,-14.85935],[47.35657,-14.8533],[47.34837,-14.85468],[47.3375,-14.86483],[47.34155,-14.87226],[47.34207,-14.88371],[47.33817,-14.89031],[47.33417,-14.88739],[47.32769,-14.8881],[47.33341,-14.87826],[47.33054,-14.87056],[47.31835,-14.86901],[47.31495,-14.87355],[47.3266,-14.87305],[47.33061,-14.87726],[47.31629,-14.8747],[47.31081,-14.88235],[47.31658,-14.87689],[47.3191,-14.87763],[47.31664,-14.88229],[47.31983,-14.88368],[47.30242,-14.88977],[47.29215,-14.88305],[47.28801,-14.86713],[47.27965,-14.86477],[47.28275,-14.85714],[47.30041,-14.83791],[47.31197,-14.81668],[47.33262,-14.79278],[47.33799,-14.78758],[47.34596,-14.79033],[47.3402,-14.78395],[47.35376,-14.76527],[47.3627,-14.75977],[47.40927,-14.71179],[47.41282,-14.70982],[47.41063,-14.71512],[47.41912,-14.71761],[47.42094,-14.73857],[47.42398,-14.73803],[47.43125,-14.714],[47.4283,-14.70991],[47.41714,-14.70604],[47.46016,-14.67315],[47.46543,-14.67142],[47.46364,-14.6892],[47.47374,-14.70531],[47.49984,-14.72074],[47.48355,-14.74229],[47.48009,-14.75172],[47.47692,-14.7524],[47.47564,-14.74417],[47.4819,-14.73638],[47.48094,-14.73369],[47.47016,-14.7396],[47.47217,-14.75348],[47.4767,-14.75575],[47.48565,-14.75179],[47.48111,-14.75982],[47.47986,-14.77863],[47.48331,-14.77911],[47.48524,-14.78578],[47.49094,-14.78701],[47.49384,-14.79727],[47.49874,-14.79773],[47.4883,-14.81098],[47.48855,-14.8205],[47.5017,-14.81354],[47.50835,-14.81668],[47.51148,-14.81253],[47.5162,-14.81994],[47.50076,-14.84727],[47.49785,-14.84743],[47.49743,-14.85697],[47.48551,-14.86765],[47.47739,-14.88653],[47.44002,-14.92968],[47.40023,-14.98365],[47.40027,-14.99859],[47.40805,-15.00726],[47.41231,-15.02086],[47.40842,-15.02914],[47.41273,-15.03476],[47.40812,-15.03738],[47.41033,-15.0456],[47.40438,-15.04643],[47.39927,-15.06297],[47.40008,-15.07609],[47.39228,-15.08982],[47.39574,-15.09081],[47.39387,-15.10139],[47.4054,-15.12495],[47.40386,-15.13012],[47.40017,-15.13144],[47.40472,-15.13552],[47.40944,-15.13135],[47.41668,-15.13796],[47.41794,-15.14413],[47.41369,-15.15499],[47.42059,-15.15543],[47.43579,-15.14098],[47.44635,-15.13687],[47.44437,-15.12582],[47.44673,-15.12399],[47.4528,-15.12135],[47.45421,-15.12855],[47.45682,-15.12581],[47.46214,-15.12666],[47.46191,-15.13001],[47.46796,-15.12582],[47.4709,-15.10532],[47.47691,-15.09792],[47.49093,-15.09596],[47.48875,-15.09032],[47.49446,-15.08086],[47.50053,-15.07835],[47.50457,-15.08423],[47.50958,-15.08211],[47.50637,-15.09038],[47.49968,-15.09612],[47.50162,-15.10331],[47.51827,-15.10004],[47.51699,-15.09207],[47.5184,-15.08858],[47.52186,-15.0897],[47.5254,-15.07524],[47.52378,-15.07243],[47.51691,-15.07431],[47.51686,-15.07031],[47.49968,-15.07334],[47.50128,-15.06289],[47.51025,-15.04889],[47.50964,-15.04195],[47.51579,-15.03493],[47.53033,-15.04352],[47.53433,-15.03472],[47.54372,-15.0341],[47.54683,-15.02814],[47.5524,-15.0286],[47.55761,-15.02107],[47.55507,-15.00797],[47.56568,-14.99807],[47.56339,-14.99575],[47.57184,-14.99311],[47.57313,-14.99026],[47.56828,-14.98285],[47.5751,-14.97737],[47.57843,-14.96806],[47.5752,-14.96346],[47.57164,-14.96479],[47.5651,-14.96074],[47.56331,-14.95484],[47.56996,-14.94602],[47.57848,-14.95017],[47.5854,-14.94198],[47.58943,-14.92494],[47.58691,-14.91313],[47.58414,-14.91393],[47.58705,-14.90309],[47.58462,-14.89848],[47.59791,-14.88108],[47.60835,-14.87955],[47.60439,-14.86942],[47.64134,-14.81725],[47.64445,-14.801],[47.63364,-14.8046],[47.63079,-14.79858],[47.6335,-14.79289],[47.65443,-14.76253],[47.67107,-14.74946],[47.67861,-14.73856],[47.6853,-14.72304],[47.67905,-14.72002],[47.69262,-14.69489],[47.70064,-14.70137],[47.71481,-14.70339],[47.71821,-14.68919],[47.72637,-14.67571],[47.72713,-14.66231],[47.73289,-14.64731],[47.74663,-14.63531],[47.75356,-14.61875],[47.76824,-14.60918],[47.77405,-14.60886],[47.77784,-14.61563],[47.78179,-14.61482],[47.78128,-14.60555],[47.79027,-14.59541],[47.79498,-14.57038],[47.79805,-14.59351],[47.80798,-14.5952],[47.81025,-14.60727],[47.81483,-14.61377],[47.82446,-14.62305],[47.82947,-14.62171],[47.83294,-14.63531],[47.84545,-14.65188],[47.84957,-14.65312],[47.85435,-14.6649],[47.86184,-14.66172],[47.86722,-14.66912],[47.86843,-14.68069],[47.86551,-14.69012],[47.86926,-14.69316],[47.87499,-14.68678],[47.88165,-14.69043],[47.89062,-14.68865],[47.89359,-14.69376],[47.8904,-14.70204],[47.89166,-14.70768],[47.88298,-14.71088],[47.88573,-14.71921],[47.87798,-14.73334],[47.8887,-14.72394],[47.89354,-14.70972],[47.91409,-14.7038],[47.90228,-14.7109],[47.9034,-14.71526],[47.89824,-14.7251],[47.90328,-14.72659],[47.90556,-14.73853],[47.9099,-14.73731],[47.91274,-14.74204],[47.92004,-14.74413],[47.92302,-14.73946],[47.92685,-14.73916],[47.92955,-14.72342],[47.92672,-14.71908],[47.9329,-14.71695],[47.9415,-14.67771],[47.94252,-14.66458],[47.9392,-14.66397],[47.93858,-14.65665],[47.94064,-14.65302],[47.94474,-14.65322],[47.94853,-14.62975],[47.95266,-14.62224],[47.96266,-14.61928],[47.97541,-14.62401],[47.97033,-14.64904],[47.97863,-14.66643],[47.98631,-14.66762],[47.98373,-14.67203],[47.99165,-14.67154],[47.98561,-14.68436],[47.98805,-14.6887],[47.98397,-14.68965],[47.97971,-14.70683],[47.98444,-14.71449],[47.98494,-14.72194],[47.98132,-14.72817],[47.984,-14.73058],[47.983,-14.73509],[47.97493,-14.74472],[47.9683,-14.74326],[47.96648,-14.74547],[47.96652,-14.74818],[47.97473,-14.74961],[47.97431,-14.75747],[47.97883,-14.75883],[47.97623,-14.78189],[47.96877,-14.77774],[47.9703,-14.77386],[47.96315,-14.77331],[47.95477,-14.77934],[47.94855,-14.77878],[47.94083,-14.76549],[47.93609,-14.76684],[47.93539,-14.77444],[47.9309,-14.77424],[47.92779,-14.77904],[47.92928,-14.78237],[47.93438,-14.7778],[47.94264,-14.78246],[47.94398,-14.80277],[47.9295,-14.80823],[47.92297,-14.80458],[47.92236,-14.79867],[47.91498,-14.79091],[47.89694,-14.79668],[47.89888,-14.80334],[47.90312,-14.80406],[47.89818,-14.81056],[47.89691,-14.82447],[47.90595,-14.82771],[47.91239,-14.82454],[47.91796,-14.82601],[47.91725,-14.8219],[47.92218,-14.81489],[47.93036,-14.8135],[47.93496,-14.83094],[47.927,-14.84855],[47.92436,-14.84884],[47.9172,-14.83786],[47.89237,-14.83148],[47.89111,-14.82583],[47.8867,-14.82306],[47.8837,-14.82567],[47.88812,-14.83025],[47.88465,-14.83064],[47.88518,-14.83775],[47.89025,-14.8409],[47.88204,-14.84062],[47.88396,-14.84549],[47.89245,-14.84744],[47.89517,-14.85255],[47.87969,-14.86304],[47.87462,-14.87958],[47.87121,-14.8822],[47.8745,-14.89065],[47.87755,-14.89087],[47.87776,-14.89678],[47.87097,-14.90356],[47.87003,-14.91233],[47.87555,-14.90994],[47.87813,-14.91454],[47.8744,-14.93312],[47.88563,-14.95074],[47.88573,-14.9582],[47.89153,-14.95684],[47.88736,-14.95149],[47.88878,-14.94877],[47.90016,-14.94901],[47.90287,-14.95309],[47.90379,-14.93301],[47.90973,-14.93203],[47.90633,-14.91547],[47.91144,-14.91155],[47.91489,-14.89271],[47.92296,-14.87305],[47.92828,-14.87478],[47.93035,-14.87167],[47.9318,-14.86135],[47.9402,-14.85623],[47.94831,-14.86861],[47.9561,-14.86722],[47.95271,-14.86134],[47.95638,-14.85872],[47.95862,-14.86796],[47.96181,-14.86895],[47.95544,-14.88679],[47.95931,-14.88983],[47.9621,-14.89056],[47.96507,-14.87534],[47.97456,-14.87264],[47.97062,-14.89431],[47.97462,-14.89606],[47.97586,-14.88987],[47.98666,-14.88664],[47.98153,-14.87937],[47.98062,-14.87076],[47.98615,-14.86863],[47.98154,-14.86071],[47.98358,-14.85515],[47.98656,-14.85975],[47.99474,-14.85809],[47.99981,-14.86125],[48.00773,-14.85697],[48.00752,-14.85323],[48.00332,-14.85125],[47.99814,-14.85522],[47.99175,-14.85247],[47.98954,-14.84542],[47.97605,-14.84573],[47.97053,-14.84876],[47.97074,-14.84489],[47.96286,-14.84873],[47.95899,-14.84659],[47.95915,-14.83912],[47.95567,-14.83608],[47.95751,-14.82525],[47.94587,-14.82552],[47.94192,-14.81721],[47.95181,-14.8149],[47.95714,-14.81766],[47.96538,-14.80773],[47.97057,-14.81272],[47.97215,-14.80267],[47.9785,-14.81237],[47.9749,-14.82039],[47.98231,-14.82029],[47.97678,-14.82204],[47.97739,-14.82782],[47.98264,-14.82467],[47.98259,-14.83084],[47.98909,-14.83205],[47.99179,-14.82686],[47.99564,-14.82733],[47.99709,-14.8174],[47.99415,-14.81525],[48.0015,-14.80052],[48.00457,-14.79825],[48.01059,-14.80322],[48.01458,-14.80172],[48.00616,-14.79827],[48.00441,-14.79104],[48.00867,-14.78904],[48.00956,-14.78184],[48.02076,-14.77504],[48.00564,-14.76866],[48.00745,-14.76251],[48.0153,-14.76827],[48.01704,-14.76649],[48.0141,-14.75951],[48.00883,-14.7579],[48.01711,-14.73252],[48.02459,-14.72696],[48.01546,-14.71612],[48.01445,-14.71031],[48.02973,-14.70901],[48.03087,-14.71237],[48.03695,-14.71244],[48.03951,-14.71852],[48.04258,-14.71689],[48.04057,-14.70863],[48.03165,-14.70337],[48.03321,-14.69592],[48.03005,-14.69524],[48.04456,-14.68783],[48.05046,-14.67182],[48.04678,-14.67023],[48.04787,-14.6678],[48.03807,-14.66857],[48.03256,-14.67558],[48.01911,-14.683],[48.01358,-14.68087],[48.02131,-14.65716],[48.01506,-14.65001],[48.00757,-14.6482],[48.00971,-14.64466],[48.00676,-14.62841],[48.00967,-14.62793],[48.01206,-14.61793],[48.01934,-14.61699],[48.02084,-14.61315],[48.01288,-14.60584],[48.01296,-14.60018],[48.00706,-14.59688],[48.00436,-14.60097],[47.99992,-14.59873],[48.01294,-14.59194],[48.01552,-14.58683],[48.0155,-14.57833],[48.007,-14.57128],[48.00266,-14.56015],[48.00955,-14.54892],[48.0271,-14.54116],[48.03655,-14.5261],[48.04505,-14.5226],[48.05657,-14.55003],[48.06787,-14.55467],[48.07925,-14.55391],[48.08199,-14.54597],[48.09758,-14.53587],[48.09791,-14.5315],[48.08938,-14.51698],[48.09277,-14.5102],[48.1059,-14.51628],[48.11893,-14.50975],[48.1285,-14.52582],[48.1446,-14.52718],[48.1482,-14.5352],[48.15188,-14.53641],[48.16943,-14.52812],[48.1847,-14.53191],[48.18932,-14.52206],[48.17418,-14.51801],[48.17411,-14.51312],[48.18206,-14.51077],[48.209,-14.52229],[48.20813,-14.52846],[48.21785,-14.54134],[48.22461,-14.57396],[48.22215,-14.59066],[48.22491,-14.62353],[48.2389,-14.62381],[48.24271,-14.62721],[48.25701,-14.62544],[48.27605,-14.61447],[48.27935,-14.60395],[48.2778,-14.59855],[48.27473,-14.6142],[48.25649,-14.62466],[48.24392,-14.62596],[48.23511,-14.62184],[48.22689,-14.6238],[48.22366,-14.61823],[48.22488,-14.56315],[48.22089,-14.54354],[48.21024,-14.52926],[48.20996,-14.51999],[48.1827,-14.50957],[48.17706,-14.50994],[48.1732,-14.51182],[48.17286,-14.51774],[48.17875,-14.52232],[48.18845,-14.523],[48.18525,-14.5305],[48.17288,-14.52636],[48.15507,-14.5349],[48.1498,-14.53381],[48.14568,-14.52526],[48.12774,-14.52311],[48.12379,-14.51174],[48.1171,-14.50792],[48.10778,-14.51373],[48.0978,-14.5091],[48.08928,-14.51102],[48.08855,-14.5198],[48.09681,-14.53431],[48.08068,-14.54518],[48.07739,-14.55325],[48.06684,-14.55312],[48.05738,-14.54875],[48.04871,-14.52522],[48.04257,-14.52089],[48.03844,-14.52264],[48.02694,-14.53856],[48.00826,-14.54697],[48.00056,-14.55961],[48.00307,-14.56917],[48.01298,-14.57949],[48.01117,-14.58881],[48.01002,-14.5829],[48.00742,-14.58968],[48.00643,-14.58427],[47.99952,-14.58934],[47.99856,-14.58665],[47.99078,-14.5879],[47.97465,-14.60664],[47.96065,-14.60733],[47.9533,-14.60112],[47.95495,-14.59582],[47.94817,-14.59321],[47.95286,-14.57771],[47.94454,-14.56855],[47.95186,-14.55275],[47.94954,-14.54686],[47.95186,-14.54233],[47.96345,-14.54025],[47.96786,-14.53415],[47.99594,-14.53945],[47.99981,-14.53232],[47.99496,-14.52544],[47.99079,-14.52987],[47.97869,-14.53349],[47.97073,-14.53089],[47.97048,-14.51249],[47.96882,-14.50698],[47.96526,-14.50728],[47.97083,-14.49898],[47.971,-14.49164],[47.96857,-14.49798],[47.95858,-14.50171],[47.95737,-14.49966],[47.96157,-14.49819],[47.96043,-14.49139],[47.95358,-14.49315],[47.94837,-14.48871],[47.94473,-14.50342],[47.95053,-14.50181],[47.95296,-14.50641],[47.9499,-14.51417],[47.95525,-14.51964],[47.92596,-14.52206],[47.91728,-14.52526],[47.91234,-14.53111],[47.9081,-14.53052],[47.91079,-14.53383],[47.91912,-14.53437],[47.91876,-14.55703],[47.89429,-14.5657],[47.88739,-14.57363],[47.88041,-14.57514],[47.87704,-14.58045],[47.87603,-14.59385],[47.86369,-14.61061],[47.86025,-14.61039],[47.86754,-14.60219],[47.85503,-14.59527],[47.84763,-14.59523],[47.83031,-14.60509],[47.8237,-14.60453],[47.80859,-14.58077],[47.81036,-14.56402],[47.79729,-14.54423],[47.7909,-14.55035],[47.78722,-14.57331],[47.78082,-14.57905],[47.78454,-14.58055],[47.7841,-14.58827],[47.78067,-14.58806],[47.77574,-14.59597],[47.77071,-14.59487],[47.7722,-14.59845],[47.76894,-14.60171],[47.74767,-14.61265],[47.73604,-14.61304],[47.73242,-14.60922],[47.72642,-14.58329],[47.73114,-14.58015],[47.715,-14.56849],[47.71606,-14.55793],[47.73018,-14.54541],[47.73272,-14.53662],[47.73562,-14.53607],[47.73474,-14.52939],[47.74,-14.52701],[47.73465,-14.52218],[47.73553,-14.50776],[47.72969,-14.50538],[47.72233,-14.50881],[47.71335,-14.49798],[47.71317,-14.49437],[47.72319,-14.4922],[47.72367,-14.48833],[47.71816,-14.49174],[47.70407,-14.48483],[47.71144,-14.47174],[47.70536,-14.46048],[47.70556,-14.45456],[47.69244,-14.45111],[47.69809,-14.42684],[47.69555,-14.4243],[47.69511,-14.40937],[47.70473,-14.38596],[47.70803,-14.36417],[47.71786,-14.34707],[47.71663,-14.34322],[47.73474,-14.33478],[47.74435,-14.32141],[47.76215,-14.30923],[47.77084,-14.30707],[47.77551,-14.30096],[47.77403,-14.30909],[47.77758,-14.31883],[47.78127,-14.31802],[47.78009,-14.30773],[47.78411,-14.30228],[47.77466,-14.29608],[47.77421,-14.29158],[47.78003,-14.28186],[47.7771,-14.27971],[47.77348,-14.28593],[47.76852,-14.27981],[47.76974,-14.2713],[47.76266,-14.25362],[47.76379,-14.24872],[47.77079,-14.24941],[47.76812,-14.25793],[47.77394,-14.25851],[47.7744,-14.25297],[47.7828,-14.24978],[47.78087,-14.24234],[47.7757,-14.2406],[47.77737,-14.23723],[47.78341,-14.23433],[47.78877,-14.24147],[47.77936,-14.23772],[47.77901,-14.24146],[47.793,-14.24168],[47.79691,-14.23803],[47.79409,-14.2342],[47.80124,-14.22537],[47.79614,-14.21848],[47.80484,-14.21786],[47.8211,-14.23106],[47.82291,-14.23876],[47.8328,-14.24842],[47.83703,-14.25944],[47.84174,-14.25668],[47.87773,-14.26371],[47.89247,-14.2607],[47.89766,-14.25433],[47.89162,-14.25621],[47.89314,-14.25156],[47.90243,-14.24552],[47.90226,-14.25248],[47.91247,-14.26702],[47.92366,-14.26483],[47.92715,-14.26929],[47.93041,-14.26655],[47.92761,-14.26426],[47.93028,-14.25625],[47.92849,-14.25035],[47.93545,-14.24769],[47.93924,-14.23478],[47.93406,-14.23175],[47.93688,-14.2258],[47.93953,-14.22628],[47.94373,-14.2149],[47.94665,-14.18578],[47.95353,-14.17695],[47.95302,-14.16794],[47.95833,-14.17045],[47.96144,-14.1663],[47.95454,-14.16342],[47.94638,-14.16442],[47.93556,-14.15426],[47.93574,-14.14731],[47.92137,-14.12766],[47.91716,-14.12771],[47.91033,-14.12008],[47.91147,-14.11646],[47.90921,-14.11494],[47.90941,-14.12009],[47.90292,-14.11785],[47.90327,-14.1145],[47.91296,-14.10872],[47.91068,-14.10617],[47.91306,-14.09585],[47.90786,-14.09153],[47.90457,-14.09235],[47.90503,-14.09697],[47.89809,-14.10105],[47.88774,-14.09564],[47.90822,-14.08857],[47.9427,-14.10411],[47.96044,-14.11972],[47.9597,-14.12411],[47.95397,-14.11941],[47.93995,-14.11611],[47.93685,-14.11049],[47.93731,-14.11589],[47.92765,-14.11317],[47.9407,-14.13335],[47.94605,-14.13894],[47.94973,-14.13787],[47.95086,-14.14403],[47.94428,-14.14501],[47.94362,-14.15506],[47.96018,-14.15035],[47.96315,-14.15611],[47.96801,-14.15412],[47.96557,-14.149],[47.97117,-14.14353],[47.96402,-14.14181],[47.96368,-14.1359],[47.96435,-14.12675],[47.96774,-14.12323],[47.97462,-14.12495],[47.97683,-14.13265],[47.98342,-14.13269],[47.98231,-14.12859],[47.98758,-14.12801],[47.99862,-14.13546],[47.99447,-14.14066],[48.00154,-14.14911],[48.00152,-14.16069],[47.99869,-14.16069],[48.00316,-14.16611],[47.99199,-14.17261],[47.98694,-14.18014],[47.98808,-14.18604],[47.98308,-14.18726],[47.97926,-14.19748],[47.98119,-14.20389],[47.97777,-14.20496],[47.97978,-14.20751],[47.97473,-14.21478],[47.97584,-14.21888],[47.97222,-14.22433],[47.97467,-14.23048],[47.96932,-14.2447],[47.96901,-14.25114],[47.97166,-14.25214],[47.96784,-14.25547],[47.97032,-14.26065],[47.96531,-14.26122],[47.96774,-14.26505],[47.9641,-14.26922],[47.95957,-14.26606],[47.95538,-14.2683],[47.95953,-14.27339],[47.96746,-14.27407],[47.96717,-14.28231],[47.96114,-14.28483],[47.96315,-14.2875],[47.95773,-14.2868],[47.96121,-14.29062],[47.96582,-14.28979],[47.96479,-14.30164],[47.96201,-14.30116],[47.9622,-14.30592],[47.95693,-14.30663],[47.95603,-14.2984],[47.95128,-14.29795],[47.95383,-14.30178],[47.94913,-14.3057],[47.95435,-14.31116],[47.95697,-14.30972],[47.95808,-14.31382],[47.9526,-14.31852],[47.95343,-14.32096],[47.95605,-14.31977],[47.95584,-14.32414],[47.96242,-14.32226],[47.96626,-14.33302],[47.98078,-14.33361],[47.97958,-14.35242],[47.97556,-14.35787],[47.97916,-14.36066],[47.9664,-14.36416],[47.96201,-14.37168],[47.96262,-14.37785],[47.96444,-14.37577],[47.97032,-14.38072],[47.96722,-14.38629],[47.96886,-14.39039],[47.97119,-14.38701],[47.98096,-14.38727],[47.97969,-14.39051],[47.97545,-14.38966],[47.97385,-14.39856],[47.98319,-14.39587],[47.98351,-14.39998],[47.98987,-14.40196],[47.98997,-14.40917],[47.98581,-14.41398],[48.00925,-14.41379],[48.00061,-14.4084],[47.99803,-14.40006],[47.99488,-14.40138],[47.9908,-14.39204],[47.99419,-14.38904],[47.98918,-14.38936],[47.98749,-14.38166],[47.98391,-14.38016],[47.98475,-14.37397],[47.99218,-14.37671],[47.9937,-14.3718],[48.0011,-14.37173],[48.00197,-14.36608],[47.99461,-14.36072],[47.99682,-14.3486],[48.0001,-14.34727],[48.00308,-14.36172],[48.0097,-14.36026],[48.00621,-14.3449],[47.99593,-14.3414],[47.99588,-14.33754],[47.99863,-14.33596],[48.00442,-14.3405],[48.01023,-14.33993],[48.01117,-14.32939],[48.00369,-14.32595],[48.00211,-14.33546],[48.00052,-14.32591],[47.99092,-14.31161],[47.99768,-14.31384],[47.99878,-14.31743],[48.00171,-14.31615],[48.00085,-14.31073],[48.00611,-14.3126],[48.00419,-14.31798],[48.01159,-14.31756],[48.0141,-14.32737],[48.01832,-14.32729],[48.02113,-14.33441],[48.02614,-14.33473],[48.02469,-14.32493],[48.01783,-14.32459],[48.01761,-14.32111],[48.02973,-14.32268],[48.03169,-14.31447],[48.02355,-14.31102],[48.02334,-14.30702],[48.01464,-14.30627],[48.01839,-14.3022],[48.02704,-14.30643],[48.03315,-14.30393],[48.03695,-14.28596],[48.04769,-14.26113],[48.03971,-14.2564],[48.04249,-14.25514],[48.04043,-14.25139],[48.03428,-14.258],[48.02735,-14.25264],[48.03223,-14.25296],[48.03746,-14.23655],[48.03005,-14.23787],[48.03036,-14.23479],[48.02564,-14.23215],[48.04069,-14.23183],[48.04574,-14.22854],[48.03386,-14.22955],[48.02868,-14.22203],[48.03802,-14.2242],[48.03444,-14.21515],[48.03592,-14.21324],[48.04195,-14.21601],[48.03603,-14.20474],[48.04221,-14.19607],[48.04494,-14.19932],[48.04561,-14.18775],[48.07226,-14.17765],[48.06518,-14.17409],[48.06235,-14.16852],[48.05852,-14.16886],[48.05481,-14.18078],[48.0482,-14.18134],[48.04511,-14.17564],[48.04313,-14.1558],[48.0366,-14.15083],[48.03554,-14.14103],[48.04371,-14.14088],[48.05116,-14.13659],[48.05029,-14.13195],[48.04338,-14.13624],[48.0413,-14.1339],[48.04175,-14.12953],[48.04782,-14.12909],[48.04998,-14.11547],[48.04612,-14.1077],[48.04964,-14.10054],[48.04823,-14.09743],[48.03849,-14.09603],[48.03594,-14.08943],[48.04216,-14.07703],[48.03519,-14.07565],[48.03381,-14.07075],[48.02597,-14.0655],[48.03312,-14.06289],[48.04509,-14.06496],[48.05106,-14.06195],[48.05348,-14.05799],[48.04664,-14.05726],[48.04641,-14.05417],[48.05464,-14.05041],[48.04805,-14.04981],[48.04677,-14.04697],[48.06389,-14.03791],[48.0477,-14.03591],[48.04266,-14.03829],[48.04195,-14.03224],[48.03725,-14.02858],[48.05153,-14.02528],[48.05122,-14.02875],[48.05439,-14.02827],[48.0587,-14.0215],[48.08204,-14.01007],[48.07443,-14.00728],[48.07514,-14.01334],[48.06954,-14.01516],[48.05464,-14.00858],[48.04956,-14.02131],[48.03039,-14.02577],[48.01423,-14.01517],[48.01483,-14.00925],[48.02643,-14.00927],[48.02368,-13.99727],[48.00751,-13.99398],[48.00798,-13.98884],[48.01195,-13.98708],[48.01452,-13.99265],[48.01775,-13.98741],[48.03147,-13.98642],[48.03081,-13.97573],[48.03605,-13.97811],[48.03745,-13.98251],[48.04383,-13.97821],[48.03582,-13.96524],[48.03798,-13.96115],[48.02709,-13.95793],[48.02649,-13.96358],[48.02169,-13.96777],[48.01739,-13.96399],[48.01851,-13.95911],[48.02392,-13.95853],[48.02584,-13.95263],[48.04213,-13.95605],[48.04638,-13.95353],[48.05572,-13.94438],[48.05317,-13.93791],[48.04868,-13.93863],[48.04807,-13.94531],[48.04089,-13.94999],[48.03358,-13.94514],[48.03176,-13.93225],[48.02797,-13.94018],[48.02599,-13.9408],[48.02592,-13.93552],[48.02081,-13.93378],[48.00803,-13.94367],[47.99963,-13.93945],[47.99648,-13.94039],[47.99616,-13.94632],[47.98996,-13.94562],[47.98803,-13.9387],[47.99345,-13.94069],[47.99485,-13.93655],[48.00038,-13.93418],[47.99743,-13.9324],[48.00167,-13.92596],[48.00789,-13.92372],[48.00707,-13.92628],[48.01244,-13.92918],[48.01496,-13.92741],[48.01162,-13.92067],[48.01999,-13.91537],[48.00598,-13.91919],[48.00081,-13.91102],[47.99212,-13.9084],[47.98517,-13.91145],[47.9872,-13.91528],[47.99748,-13.91541],[47.99858,-13.91913],[47.98646,-13.91928],[47.98047,-13.92463],[47.97492,-13.92393],[47.96593,-13.92095],[47.96913,-13.91422],[47.96634,-13.91219],[47.96113,-13.91689],[47.96092,-13.92114],[47.95802,-13.92104],[47.94453,-13.9167],[47.94143,-13.91146],[47.94412,-13.90525],[47.94091,-13.90182],[47.93753,-13.90533],[47.93409,-13.90357],[47.93497,-13.91103],[47.92997,-13.91134],[47.93552,-13.91308],[47.93746,-13.92026],[47.91606,-13.91563],[47.9123,-13.9104],[47.89226,-13.89841],[47.88759,-13.87298],[47.88416,-13.87199],[47.88262,-13.86532],[47.88013,-13.8445],[47.87242,-13.82837],[47.87602,-13.81057],[47.88755,-13.82691],[47.89334,-13.82632],[47.8902,-13.81709],[47.89054,-13.81297],[47.89461,-13.81215],[47.89224,-13.80162],[47.89433,-13.80006],[47.89311,-13.79672],[47.89012,-13.80036],[47.88484,-13.79927],[47.8832,-13.80482],[47.88734,-13.8094],[47.88579,-13.81251],[47.87648,-13.8049],[47.87174,-13.80508],[47.86313,-13.78961],[47.85822,-13.76496],[47.86831,-13.75042],[47.87729,-13.72046],[47.88118,-13.71578],[47.88516,-13.71818],[47.90412,-13.71783],[47.90793,-13.72834],[47.91669,-13.7339],[47.91845,-13.72693],[47.92871,-13.72629],[47.92787,-13.72282],[47.92379,-13.723],[47.92355,-13.71399],[47.93061,-13.71018],[47.92809,-13.70828],[47.93115,-13.68997],[47.93861,-13.68679],[47.93164,-13.68649],[47.9272,-13.68976],[47.93011,-13.66964],[47.93585,-13.66546],[47.93172,-13.66113],[47.9324,-13.65237],[47.92788,-13.64908],[47.92635,-13.67406],[47.92252,-13.67321],[47.92248,-13.6808],[47.91894,-13.68162],[47.91725,-13.69399],[47.92014,-13.6937],[47.92062,-13.7009],[47.91549,-13.70045],[47.91558,-13.70843],[47.91007,-13.70926],[47.9026,-13.70176],[47.89857,-13.70554],[47.90034,-13.71092],[47.88428,-13.71085],[47.87863,-13.70062],[47.89262,-13.59595],[47.89416,-13.59207],[47.90702,-13.58935],[47.93055,-13.59885],[47.94156,-13.59486],[47.93923,-13.59798],[47.94976,-13.59863],[47.95167,-13.60375],[47.95736,-13.60652],[47.95815,-13.61706],[47.96243,-13.62293],[47.97242,-13.62178],[47.97865,-13.62608],[47.97791,-13.61914],[47.98199,-13.61909],[47.98182,-13.61626],[47.97736,-13.61683],[47.97493,-13.61235],[47.96811,-13.61398],[47.96364,-13.60387],[47.96448,-13.59716],[47.97025,-13.59607],[47.97149,-13.58987],[47.9531,-13.59228],[47.95294,-13.57877],[47.95815,-13.57497],[47.96134,-13.57725],[47.96181,-13.56245],[47.95853,-13.56287],[47.95027,-13.57584],[47.94446,-13.57436],[47.95719,-13.55066],[47.95728,-13.54731],[47.95066,-13.54405],[47.96309,-13.52794],[47.97031,-13.50495],[47.97332,-13.5044],[47.9774,-13.51464],[48.00067,-13.52854],[48.00246,-13.53255],[47.99447,-13.53349],[47.98641,-13.54156],[47.9785,-13.54024],[47.96635,-13.5575],[47.97597,-13.55842],[47.97644,-13.56472],[47.98235,-13.56426],[47.97972,-13.57459],[47.98553,-13.57658],[47.98363,-13.5712],[47.98786,-13.57308],[47.9899,-13.56829],[47.98647,-13.56756],[47.99011,-13.56365],[47.99543,-13.56835],[47.99397,-13.55717],[47.99896,-13.55621],[48.00277,-13.56048],[47.99788,-13.56408],[47.99728,-13.56897],[47.99308,-13.57005],[47.99274,-13.57418],[47.99709,-13.57464],[47.99713,-13.57811],[47.98752,-13.58788],[47.99035,-13.59325],[47.98867,-13.5961],[47.99903,-13.60318],[47.99986,-13.60678],[48.00655,-13.60531],[48.00017,-13.60009],[48.00325,-13.59523],[47.99943,-13.59378],[47.99908,-13.58697],[48.00888,-13.58758],[48.00746,-13.59528],[48.01875,-13.59722],[48.01959,-13.59363],[48.01487,-13.59203],[48.01445,-13.58391],[48.01815,-13.5828],[48.02399,-13.58879],[48.02501,-13.58095],[48.02844,-13.58009],[48.03351,-13.58479],[48.03239,-13.57962],[48.03518,-13.57786],[48.02486,-13.57155],[48.03198,-13.57087],[48.03388,-13.56626],[48.04233,-13.56353],[48.05192,-13.57496],[48.05833,-13.56758],[48.04952,-13.55627],[48.04428,-13.55454],[48.04438,-13.5463],[48.03211,-13.53882],[48.01675,-13.53671],[48.01512,-13.52974],[48.03572,-13.52342],[48.05116,-13.52978],[48.06227,-13.52554],[48.06215,-13.53493],[48.06903,-13.54222],[48.06848,-13.55483],[48.07345,-13.55784],[48.07648,-13.5683],[48.08773,-13.57281],[48.08836,-13.57565],[48.07897,-13.57979],[48.07273,-13.57328],[48.06986,-13.58161],[48.07903,-13.58507],[48.07569,-13.58966],[48.07819,-13.58969],[48.07955,-13.59691],[48.08299,-13.59515],[48.08473,-13.58179],[48.08895,-13.58132],[48.09205,-13.58586],[48.08854,-13.59316],[48.08485,-13.59337],[48.08824,-13.6068],[48.08166,-13.60698],[48.06859,-13.62072],[48.06399,-13.6208],[48.06669,-13.62559],[48.06441,-13.62904],[48.07122,-13.63156],[48.07032,-13.64082],[48.06945,-13.64763],[48.0597,-13.64816],[48.06019,-13.65112],[48.06759,-13.64902],[48.0699,-13.65343],[48.07233,-13.64857],[48.07055,-13.64365],[48.0769,-13.6409],[48.07406,-13.62593],[48.07773,-13.6162],[48.08458,-13.61563],[48.08985,-13.62535],[48.09212,-13.62331],[48.08802,-13.61374],[48.09569,-13.61087],[48.09406,-13.60429],[48.10404,-13.5954],[48.10383,-13.5905],[48.112,-13.58983],[48.1089,-13.59545],[48.11279,-13.6009],[48.10969,-13.60679],[48.12447,-13.6031],[48.12741,-13.59914],[48.14425,-13.59998],[48.14672,-13.60207],[48.1432,-13.61052],[48.13621,-13.61186],[48.1367,-13.61495],[48.14181,-13.61617],[48.13721,-13.638],[48.14169,-13.63779],[48.14281,-13.63188],[48.1481,-13.62988],[48.15189,-13.63173],[48.15207,-13.6392],[48.14656,-13.65947],[48.13949,-13.6675],[48.15273,-13.67164],[48.15658,-13.66885],[48.16444,-13.68284],[48.1614,-13.69516],[48.1649,-13.71065],[48.16313,-13.71526],[48.15603,-13.71454],[48.15586,-13.72882],[48.16108,-13.73261],[48.16323,-13.72916],[48.16677,-13.72972],[48.16748,-13.72612],[48.17323,-13.72967],[48.17616,-13.72622],[48.17954,-13.73038],[48.1856,-13.73019],[48.18109,-13.74353],[48.17688,-13.74374],[48.17421,-13.73547],[48.16963,-13.74391],[48.16864,-13.73927],[48.16307,-13.74203],[48.16376,-13.75054],[48.16874,-13.75265],[48.16449,-13.75556],[48.15966,-13.75229],[48.16118,-13.7572],[48.15812,-13.75974],[48.16572,-13.76279],[48.1676,-13.75985],[48.17392,-13.75941],[48.19303,-13.76966],[48.20332,-13.77853],[48.20339,-13.78394],[48.20971,-13.78401],[48.22545,-13.81212],[48.22397,-13.82588],[48.21949,-13.82596],[48.2213,-13.82855],[48.2287,-13.8267],[48.22959,-13.81822],[48.23332,-13.81491],[48.24412,-13.81465],[48.24948,-13.80699],[48.25277,-13.80715],[48.25226,-13.81667],[48.25543,-13.81619],[48.25771,-13.82368],[48.26311,-13.82426],[48.26319,-13.82812],[48.26634,-13.82919],[48.26612,-13.82571],[48.2709,-13.82254],[48.27491,-13.82825],[48.2721,-13.82101],[48.27545,-13.81616],[48.28629,-13.81254],[48.2906,-13.81607],[48.29766,-13.80881],[48.31274,-13.8037],[48.32284,-13.79583],[48.32644,-13.80359],[48.33253,-13.80031],[48.33667,-13.78362],[48.3413,-13.79409],[48.34206,-13.78471],[48.33753,-13.77745],[48.34308,-13.76489],[48.34987,-13.7584],[48.35644,-13.75976],[48.36466,-13.75405],[48.36324,-13.75147],[48.35174,-13.75559],[48.36277,-13.74291],[48.35533,-13.74082],[48.35028,-13.74515],[48.35091,-13.73614],[48.34263,-13.73477],[48.34599,-13.72837],[48.33972,-13.72392],[48.3446,-13.71162],[48.342,-13.7085],[48.3459,-13.70108],[48.34173,-13.69768],[48.34402,-13.69307],[48.36624,-13.6834],[48.33958,-13.68994],[48.34264,-13.68637],[48.33712,-13.67446],[48.33399,-13.6716],[48.32318,-13.6729],[48.32322,-13.66942],[48.32882,-13.66343],[48.33774,-13.6661],[48.34277,-13.66345],[48.34346,-13.66063],[48.331,-13.65663],[48.33273,-13.64352],[48.33854,-13.64191],[48.35456,-13.64504],[48.3563,-13.64223],[48.35444,-13.63217],[48.35156,-13.63111],[48.35423,-13.62727],[48.35298,-13.62108],[48.37108,-13.62681],[48.37219,-13.62206],[48.36403,-13.62236],[48.3617,-13.61886],[48.37053,-13.61715],[48.36965,-13.61379],[48.37401,-13.61229],[48.37107,-13.60454],[48.38236,-13.60685],[48.38514,-13.60494],[48.38373,-13.60184],[48.39494,-13.59964],[48.39434,-13.59474],[48.39787,-13.59658],[48.39882,-13.59402],[48.40779,-13.59257],[48.40903,-13.58717],[48.40306,-13.57913],[48.40488,-13.56911],[48.41446,-13.57126],[48.41344,-13.58078],[48.41711,-13.58198],[48.42563,-13.57344],[48.42607,-13.56907],[48.42151,-13.56464],[48.42211,-13.55744],[48.43024,-13.56087],[48.42993,-13.56473],[48.43333,-13.56657],[48.43365,-13.58588],[48.4376,-13.58592],[48.43854,-13.59649],[48.44407,-13.59603],[48.44768,-13.59117],[48.44851,-13.57445],[48.45719,-13.57557],[48.46472,-13.57255],[48.4628,-13.56777],[48.46562,-13.56252],[48.46199,-13.55733],[48.46846,-13.55508],[48.47226,-13.54456],[48.47593,-13.54589],[48.47661,-13.55594],[48.48507,-13.5519],[48.47758,-13.56341],[48.47975,-13.57039],[48.47691,-13.57705],[48.48151,-13.57813],[48.47915,-13.58918],[48.48373,-13.59206],[48.48208,-13.58663],[48.49318,-13.58211],[48.49191,-13.57772],[48.49833,-13.56723],[48.50266,-13.56933],[48.49943,-13.57548],[48.50849,-13.57814],[48.51053,-13.58383],[48.51274,-13.57381],[48.5162,-13.57075],[48.52327,-13.57366],[48.52495,-13.5644],[48.53924,-13.55656],[48.54199,-13.545],[48.54704,-13.54054],[48.54792,-13.53193],[48.55293,-13.53017],[48.55378,-13.52478],[48.56192,-13.5264],[48.55424,-13.5186],[48.55838,-13.5122],[48.56444,-13.51175],[48.56605,-13.50867],[48.57076,-13.51155],[48.58906,-13.49718],[48.6012,-13.49382],[48.60945,-13.48386],[48.61882,-13.48137],[48.61298,-13.47282],[48.62166,-13.47303],[48.6212,-13.46697],[48.616,-13.4601],[48.60863,-13.46041],[48.60446,-13.45664],[48.60075,-13.45892],[48.59843,-13.45452],[48.60581,-13.45331],[48.62161,-13.45217],[48.62893,-13.4561],[48.62652,-13.46123],[48.63165,-13.46089],[48.63265,-13.46605],[48.63856,-13.46752],[48.64135,-13.46459],[48.64328,-13.46924],[48.64083,-13.47771],[48.65239,-13.47937],[48.67472,-13.49631],[48.67454,-13.50442],[48.68391,-13.51237],[48.68253,-13.51853],[48.6883,-13.52065],[48.68822,-13.52889],[48.69244,-13.52841],[48.69039,-13.52273],[48.69471,-13.51143],[48.67865,-13.48438],[48.67376,-13.48652],[48.6694,-13.47489],[48.66284,-13.47354],[48.66046,-13.46142],[48.66809,-13.46136],[48.6696,-13.46845],[48.67551,-13.46954],[48.67376,-13.45974],[48.68208,-13.45672],[48.6911,-13.44882],[48.69166,-13.44484],[48.69931,-13.44246],[48.69617,-13.45531],[48.69313,-13.45644],[48.69317,-13.46558],[48.69799,-13.47129],[48.69883,-13.47903],[48.70448,-13.48062],[48.71361,-13.46088],[48.71881,-13.46762],[48.72277,-13.46637],[48.71938,-13.46299],[48.72022,-13.45733],[48.72443,-13.45801],[48.72463,-13.46381],[48.73169,-13.46928],[48.73369,-13.46569],[48.73166,-13.46216],[48.73715,-13.4616],[48.74049,-13.45674],[48.74969,-13.45708],[48.75006,-13.44575],[48.75652,-13.44452],[48.75405,-13.44115],[48.76592,-13.43843],[48.76879,-13.44128],[48.76918,-13.42712],[48.78366,-13.42571],[48.78204,-13.43033],[48.78728,-13.43243],[48.79444,-13.42683],[48.79716,-13.41668],[48.79041,-13.40748],[48.7846,-13.40962],[48.78121,-13.40573],[48.777,-13.4062],[48.77116,-13.41156],[48.76671,-13.40985],[48.77334,-13.40347],[48.78036,-13.39812],[48.78468,-13.40112],[48.79284,-13.39978],[48.79407,-13.40957],[48.80246,-13.41299],[48.80887,-13.40236],[48.8173,-13.40076],[48.82089,-13.39616],[48.81792,-13.39072],[48.82937,-13.39005],[48.8298,-13.38619],[48.83389,-13.38468],[48.83407,-13.37914],[48.8262,-13.37663],[48.82525,-13.36503],[48.82195,-13.36629],[48.81951,-13.37503],[48.80983,-13.3685],[48.82105,-13.34954],[48.80988,-13.33425],[48.80592,-13.32082],[48.81294,-13.31548],[48.81126,-13.31173],[48.81499,-13.30674],[48.81496,-13.29566],[48.82275,-13.29161],[48.82691,-13.29744],[48.83748,-13.29096],[48.84799,-13.29182],[48.85065,-13.28901],[48.8494,-13.28128],[48.85648,-13.28417],[48.86004,-13.27767],[48.86255,-13.28061],[48.8778,-13.28177],[48.87994,-13.27754],[48.87574,-13.2766],[48.87498,-13.27325],[48.88535,-13.27514],[48.88729,-13.27902],[48.89365,-13.27315],[48.9039,-13.27323],[48.90669,-13.26965],[48.90013,-13.26882],[48.89615,-13.25694],[48.88956,-13.25946],[48.88748,-13.257],[48.86748,-13.25902],[48.86646,-13.25451],[48.85655,-13.24567],[48.84861,-13.25139],[48.85113,-13.24858],[48.84987,-13.24239],[48.84727,-13.23954],[48.84316,-13.24324],[48.84056,-13.24025],[48.84567,-13.22677],[48.85058,-13.22231],[48.84622,-13.20939],[48.8403,-13.2105],[48.82759,-13.22044],[48.82577,-13.21823],[48.83181,-13.20438],[48.82144,-13.20236],[48.82028,-13.19964],[48.82098,-13.19502],[48.82839,-13.18967],[48.82963,-13.18324],[48.82455,-13.17818],[48.83374,-13.1789],[48.8425,-13.16918],[48.84174,-13.16609],[48.83348,-13.16319],[48.83208,-13.15802],[48.82578,-13.15771],[48.83002,-13.15324],[48.83632,-13.15419],[48.83837,-13.16065],[48.84065,-13.15475],[48.83654,-13.14441],[48.83857,-13.13773],[48.83253,-13.13742],[48.82443,-13.13156],[48.84206,-13.129],[48.84113,-13.11586],[48.84566,-13.10791],[48.8414,-13.09912],[48.84313,-13.09733],[48.84808,-13.10175],[48.84788,-13.09441],[48.84513,-13.09349],[48.84798,-13.08321],[48.84567,-13.07701],[48.85278,-13.07475],[48.85552,-13.06164],[48.86503,-13.05631],[48.88023,-13.05965],[48.88382,-13.05543],[48.8774,-13.03735],[48.87808,-13.03452],[48.88202,-13.03507],[48.88246,-13.02966],[48.87474,-13.02574],[48.88394,-13.0253],[48.88541,-13.02222],[48.88839,-13.02727],[48.90083,-13.01642],[48.92449,-13.01378],[48.92928,-13.00635],[48.94139,-13.00361],[48.94826,-12.99851],[48.96085,-12.98419],[48.9699,-12.98529],[48.96526,-12.97444],[48.9616,-12.97338],[48.96453,-12.96825],[48.96436,-12.95666],[48.95298,-12.95064],[48.96196,-12.94505],[48.95712,-12.94243],[48.95829,-12.92789],[48.95069,-12.92616],[48.95254,-12.92411],[48.9489,-12.92047],[48.94469,-12.92134],[48.945,-12.91465],[48.9305,-12.92291],[48.92994,-12.92676],[48.92458,-12.92363],[48.9381,-12.89206],[48.94702,-12.8929],[48.95041,-12.89615],[48.94688,-12.91016],[48.95867,-12.91373],[48.96001,-12.90974],[48.96537,-12.90807],[48.96908,-12.92475],[48.97629,-12.92636],[48.97593,-12.92223],[48.98069,-12.91763],[48.99304,-12.91721],[48.99624,-12.91054],[48.99283,-12.90974],[48.99195,-12.90561],[48.99341,-12.90331],[48.99995,-12.90619],[49.00183,-12.90054],[48.99082,-12.89904],[48.98537,-12.89088],[48.98602,-12.8753],[48.97945,-12.87564],[48.96876,-12.88251],[48.96458,-12.88093],[48.96278,-12.87602],[48.95762,-12.88075],[48.94353,-12.86995],[48.9485,-12.85634],[48.94831,-12.86406],[48.95163,-12.85894],[48.95697,-12.83193],[48.95972,-12.83247],[48.95989,-12.84355],[48.96024,-12.83247],[48.96602,-12.83175],[48.96612,-12.83613],[48.96912,-12.8225],[48.96181,-12.81768],[48.956,-12.82149],[48.95441,-12.80719],[48.95022,-12.80612],[48.94465,-12.79745],[48.93666,-12.7952],[48.93866,-12.79122],[48.94703,-12.79515],[48.94889,-12.79182],[48.94236,-12.78803],[48.93471,-12.79325],[48.92723,-12.79281],[48.92469,-12.78274],[48.92758,-12.78225],[48.92656,-12.77812],[48.90755,-12.7763],[48.90014,-12.76787],[48.90241,-12.74805],[48.90021,-12.72743],[48.89591,-12.72431],[48.89811,-12.71247],[48.88719,-12.70041],[48.88827,-12.69617],[48.89695,-12.69392],[48.89753,-12.68749],[48.89553,-12.67498],[48.88641,-12.66795],[48.88881,-12.66243],[48.88433,-12.66523],[48.86862,-12.66163],[48.85522,-12.66448],[48.85253,-12.64077],[48.85989,-12.63928],[48.86506,-12.63237],[48.86502,-12.62155],[48.87242,-12.6144],[48.8861,-12.61],[48.88435,-12.59955],[48.87719,-12.59331],[48.87342,-12.60462],[48.86164,-12.61817],[48.85428,-12.61992],[48.85558,-12.60576],[48.86235,-12.59603],[48.863,-12.58007],[48.88398,-12.56478],[48.88487,-12.55165],[48.89144,-12.54913],[48.89084,-12.5432],[48.88551,-12.53775],[48.87219,-12.54666],[48.87161,-12.55348],[48.86742,-12.5528],[48.86877,-12.54817],[48.86593,-12.543],[48.86041,-12.54514],[48.85272,-12.55513],[48.8414,-12.56045],[48.83934,-12.55669],[48.83419,-12.56052],[48.83516,-12.5698],[48.82481,-12.56933],[48.82064,-12.56633],[48.81991,-12.56027],[48.82306,-12.55965],[48.82561,-12.55195],[48.82121,-12.5295],[48.81689,-12.52921],[48.81629,-12.52328],[48.80746,-12.51342],[48.80336,-12.50129],[48.78349,-12.4961],[48.78475,-12.48645],[48.77916,-12.48113],[48.7747,-12.48135],[48.77861,-12.46889],[48.77537,-12.46448],[48.77277,-12.43175],[48.76329,-12.43708],[48.75995,-12.45946],[48.76267,-12.46258],[48.75962,-12.46783],[48.75341,-12.45773],[48.74296,-12.45469],[48.73961,-12.44809],[48.72809,-12.44619],[48.72283,-12.44911],[48.72052,-12.44265],[48.7437,-12.42868],[48.74051,-12.41938],[48.74286,-12.40562],[48.76076,-12.39598],[48.78499,-12.41215],[48.80205,-12.40817],[48.81955,-12.41501],[48.83058,-12.41252],[48.84232,-12.41828],[48.85176,-12.41745],[48.85171,-12.42338],[48.86278,-12.43171],[48.86375,-12.4415],[48.86096,-12.44689],[48.87138,-12.45444],[48.88669,-12.47336],[48.88865,-12.48935],[48.89829,-12.49663],[48.89754,-12.50848],[48.8825,-12.50424],[48.88348,-12.51275],[48.87849,-12.51425],[48.88242,-12.5148],[48.88602,-12.52307],[48.89713,-12.51079],[48.9042,-12.51136],[48.90803,-12.5083],[48.91007,-12.49853],[48.91562,-12.49329],[48.9253,-12.49633],[48.93976,-12.49103],[48.94001,-12.47532],[48.94967,-12.44706],[48.94955,-12.42877],[48.95406,-12.40537],[48.95828,-12.40166],[48.96169,-12.40156],[48.96323,-12.40544],[48.9732,-12.40384],[48.97453,-12.40088],[48.97167,-12.3988],[48.9647,-12.40107],[48.9651,-12.38381],[48.97093,-12.393],[48.98138,-12.3793],[48.96304,-12.36268],[48.97379,-12.3616],[48.98346,-12.36515],[48.97042,-12.35642],[48.97618,-12.35788],[48.9779,-12.35506],[48.97651,-12.34887],[48.96905,-12.34752],[48.97157,-12.34316],[48.98182,-12.33912],[48.98282,-12.34531],[48.98676,-12.34379],[48.99665,-12.33511],[48.99813,-12.33022],[49.00101,-12.33102],[49.002,-12.33901],[49.00905,-12.34215],[49.01246,-12.34063],[49.01764,-12.33191],[49.013,-12.32106],[49.01423,-12.31411],[49.01898,-12.31054],[49.02103,-12.31687],[49.02444,-12.31496],[49.02623,-12.32154],[49.03084,-12.31835],[49.03224,-12.323],[49.02907,-12.32723],[49.03353,-12.32571],[49.03508,-12.32869],[49.0445,-12.33043],[49.04678,-12.32285],[49.04432,-12.32012],[49.03776,-12.32149],[49.03848,-12.31223],[49.04237,-12.29963],[49.0547,-12.29792],[49.05631,-12.29187],[49.05866,-12.29369],[49.05556,-12.30565],[49.05795,-12.31803],[49.06186,-12.32192],[49.06525,-12.32311],[49.06791,-12.31785],[49.08361,-12.3204],[49.0911,-12.31724],[49.09473,-12.28635],[49.08823,-12.27961],[49.08675,-12.26672],[49.09085,-12.26069],[49.09729,-12.27619],[49.10044,-12.27557],[49.10808,-12.26944],[49.10824,-12.26584],[49.10549,-12.26543],[49.11423,-12.25222],[49.11571,-12.26434],[49.13075,-12.28582],[49.13863,-12.28356],[49.14417,-12.27767],[49.15552,-12.24684],[49.15798,-12.23114],[49.14497,-12.21869],[49.14334,-12.2094],[49.14753,-12.20866],[49.14836,-12.20261],[49.15953,-12.19689],[49.16165,-12.19252],[49.15782,-12.1791],[49.1661,-12.17452],[49.16984,-12.16295],[49.17352,-12.16194],[49.17474,-12.17509],[49.18286,-12.17476],[49.18781,-12.17801],[49.18996,-12.16978],[49.19389,-12.16981],[49.18845,-12.16024],[49.19232,-12.15048],[49.20108,-12.15131],[49.20098,-12.1477],[49.1993,-12.14305],[49.18334,-12.1423],[49.17194,-12.12445],[49.16101,-12.1343],[49.15926,-12.14137],[49.15243,-12.1439],[49.14893,-12.13988],[49.1499,-12.13139],[49.16144,-12.12902],[49.16684,-12.12403],[49.16608,-12.12016],[49.16162,-12.12168],[49.161,-12.11614],[49.15627,-12.11868],[49.13862,-12.09718],[49.13612,-12.09884],[49.13673,-12.10477],[49.11757,-12.11211],[49.10788,-12.11269],[49.10503,-12.10906],[49.08616,-12.11215],[49.08648,-12.10314],[49.11853,-12.08777],[49.13817,-12.08558],[49.14418,-12.08833],[49.14425,-12.07828],[49.13953,-12.07851],[49.14416,-12.07159],[49.14435,-12.06283],[49.15014,-12.059],[49.14507,-12.07288],[49.16133,-12.06861],[49.16116,-12.07324],[49.16783,-12.07458],[49.1672,-12.08977],[49.17032,-12.09301],[49.17665,-12.08648],[49.17328,-12.09986],[49.18365,-12.09606],[49.18741,-12.10124],[49.19107,-12.12161],[49.19552,-12.12216],[49.19351,-12.10952],[49.20301,-12.09838],[49.20588,-12.09878],[49.20634,-12.10858],[49.21013,-12.10937],[49.20993,-12.12019],[49.22409,-12.11616],[49.22387,-12.1101],[49.22714,-12.11025],[49.21764,-12.10324],[49.21844,-12.10067],[49.21334,-12.0996],[49.21381,-12.08853],[49.21684,-12.08443],[49.21333,-12.0808],[49.20569,-12.08809],[49.20179,-12.08407],[49.20523,-12.07946],[49.19727,-12.07503],[49.19418,-12.06805],[49.19987,-12.05907],[49.19704,-12.05055],[49.20227,-12.05162],[49.20102,-12.04285],[49.19149,-12.04021],[49.18895,-12.04741],[49.18161,-12.04968],[49.18267,-12.04685],[49.17353,-12.04447],[49.17878,-12.04245],[49.18936,-12.02525],[49.18973,-12.02938],[49.19688,-12.03612],[49.19756,-12.03149],[49.20583,-12.02768],[49.20844,-12.02898],[49.20671,-12.03413],[49.21022,-12.0366],[49.21705,-12.03303],[49.20973,-12.03208],[49.2137,-12.02618],[49.21056,-12.02578],[49.21242,-12.02051],[49.20696,-12.01506],[49.19961,-12.01952],[49.19691,-12.01242],[49.19284,-12.01433],[49.18959,-12.01031],[49.1908,-12.00543],[49.20133,-11.99622],[49.20431,-12.00036],[49.19942,-12.00754],[49.2099,-12.00632],[49.21375,-12.0182],[49.21971,-12.02751],[49.22232,-12.02727],[49.22185,-12.02031],[49.22847,-12.00863],[49.2311,-12.00569],[49.23423,-12.00802],[49.23662,-12.00198],[49.23063,-11.99718],[49.22487,-11.99817],[49.22964,-11.98867],[49.21912,-11.99685],[49.21415,-11.99708],[49.21469,-11.99412],[49.20564,-11.99702],[49.20635,-11.98981],[49.22609,-11.97126],[49.23287,-11.97478],[49.23394,-11.97131],[49.22885,-11.97012],[49.23557,-11.96269],[49.2421,-11.9635],[49.24058,-11.95731],[49.24636,-11.95258],[49.24947,-11.95762],[49.2542,-11.9543],[49.26389,-11.95359],[49.26831,-11.95723],[49.27277,-11.95493],[49.27833,-11.96553],[49.27477,-11.9695],[49.26587,-11.97074],[49.26296,-11.97626],[49.26793,-11.97552],[49.27189,-11.97064],[49.27555,-11.97067],[49.27539,-11.97608],[49.27774,-11.97583],[49.27725,-11.97171],[49.28512,-11.96738],[49.28783,-11.97358],[49.29556,-11.97182],[49.29668,-11.98136],[49.30536,-11.99558],[49.29524,-12.00299],[49.30205,-12.00175],[49.31117,-12.00721],[49.3148,-12.03454],[49.3034,-12.03731],[49.29969,-12.04347],[49.30731,-12.03836],[49.32068,-12.03535],[49.3222,-12.04463],[49.32738,-12.05201],[49.3174,-12.05877],[49.31482,-12.05129],[49.28758,-12.05473],[49.2873,-12.05782],[49.30562,-12.05819],[49.30689,-12.06489],[49.31003,-12.06517],[49.30906,-12.05306],[49.31455,-12.05309],[49.31582,-12.06031],[49.32419,-12.06062],[49.32783,-12.06515],[49.33975,-12.06277],[49.3372,-12.07358],[49.34331,-12.0798],[49.34299,-12.08984],[49.35224,-12.09737],[49.3587,-12.10978],[49.35345,-12.11335],[49.34717,-12.11203],[49.34594,-12.12104],[49.33928,-12.11829],[49.33332,-12.10846],[49.32547,-12.10803],[49.3333,-12.11066],[49.33549,-12.11711],[49.34306,-12.12076],[49.34159,-12.146],[49.34482,-12.15375],[49.35201,-12.15611],[49.35678,-12.18809],[49.36444,-12.19973],[49.36294,-12.20925],[49.36869,-12.2116],[49.36671,-12.21378],[49.35678,-12.2105],[49.35303,-12.20249],[49.3365,-12.18539],[49.33383,-12.17378],[49.33005,-12.17002],[49.31763,-12.16827],[49.31674,-12.16363],[49.3136,-12.16296],[49.29714,-12.17793],[49.30039,-12.18079],[49.30396,-12.1973],[49.29892,-12.20603],[49.30175,-12.21416],[49.29654,-12.21091],[49.29572,-12.19519],[49.27888,-12.18697],[49.27569,-12.19493],[49.27249,-12.18268],[49.26084,-12.18183],[49.26209,-12.17102],[49.25355,-12.15654],[49.25794,-12.14574],[49.24482,-12.14953],[49.22222,-12.1821],[49.22619,-12.19526],[49.23208,-12.19556],[49.23722,-12.19018],[49.241,-12.19355],[49.242,-12.20052],[49.23868,-12.20758],[49.22791,-12.21241],[49.22379,-12.22127],[49.21564,-12.22637],[49.21608,-12.2377],[49.20989,-12.24359],[49.21616,-12.24762],[49.22308,-12.23725],[49.23444,-12.23422],[49.23294,-12.24297],[49.24189,-12.23736],[49.24244,-12.23298],[49.24925,-12.23302],[49.24973,-12.23947],[49.25626,-12.24221],[49.26676,-12.23867],[49.28193,-12.2416],[49.28329,-12.25436],[49.2792,-12.25859],[49.2787,-12.25575],[49.27252,-12.25893],[49.27034,-12.27232],[49.26466,-12.27911],[49.26048,-12.27779],[49.25443,-12.28188],[49.2537,-12.29334],[49.2499,-12.2937],[49.23402,-12.27852],[49.22978,-12.26613],[49.23177,-12.26151],[49.22486,-12.25734],[49.22397,-12.25257],[49.21535,-12.25045],[49.20825,-12.25324],[49.20841,-12.26934],[49.20531,-12.26172],[49.19981,-12.26156],[49.19702,-12.26798],[49.19971,-12.27701],[49.20586,-12.27808],[49.20176,-12.28334],[49.196,-12.28253],[49.19099,-12.28778],[49.19121,-12.29344],[49.18729,-12.29316],[49.19051,-12.3004],[49.18681,-12.30475],[49.18874,-12.30966],[49.19135,-12.31174],[49.19584,-12.30597],[49.211,-12.31122],[49.22737,-12.31249],[49.22963,-12.30709],[49.23593,-12.30559],[49.23696,-12.30869],[49.2473,-12.30901],[49.2495,-12.31379],[49.25765,-12.30882],[49.26342,-12.30911],[49.27265,-12.29925],[49.27574,-12.30752],[49.27876,-12.30638],[49.27856,-12.29633],[49.27364,-12.28754],[49.27604,-12.28163],[49.28012,-12.27882],[49.28508,-12.28194],[49.28339,-12.27884],[49.28831,-12.26779],[49.29879,-12.2676],[49.29664,-12.27609],[49.30949,-12.27436],[49.30827,-12.28131],[49.31425,-12.2883],[49.30438,-12.2952],[49.30159,-12.30085],[49.30091,-12.30548],[49.30895,-12.31764],[49.321,-12.31772],[49.34305,-12.3118],[49.3516,-12.30528],[49.35772,-12.2914],[49.35649,-12.27774],[49.34357,-12.27019],[49.34262,-12.2555],[49.3387,-12.25367],[49.34981,-12.23571],[49.35953,-12.23048],[49.36686,-12.23246],[49.37648,-12.24308],[49.38876,-12.24856],[49.39276,-12.25812],[49.39139,-12.26893],[49.39331,-12.27616],[49.39619,-12.27695],[49.39648,-12.29266],[49.41172,-12.30847],[49.41221,-12.31337],[49.4068,-12.31926],[49.40821,-12.32571],[49.41084,-12.32366],[49.41487,-12.3291],[49.41419,-12.33347],[49.40553,-12.33548],[49.41299,-12.3363],[49.41569,-12.3443],[49.42248,-12.34808],[49.42813,-12.34669],[49.42868,-12.3418],[49.43154,-12.34568],[49.44087,-12.36326],[49.43659,-12.37715],[49.44088,-12.38361],[49.44953,-12.38289],[49.45917,-12.37083],[49.46507,-12.36996],[49.46729,-12.37139],[49.46607,-12.37873],[49.47474,-12.37517],[49.48258,-12.37921],[49.48356,-12.36736],[49.47587,-12.36023],[49.47694,-12.3565],[49.49135,-12.358],[49.49918,-12.3632],[49.50416,-12.36284],[49.50735,-12.35616],[49.51259,-12.3567],[49.51334,-12.36237],[49.52404,-12.37016],[49.52752,-12.38152],[49.5382,-12.39291],[49.52933,-12.40819],[49.53189,-12.4189],[49.53438,-12.41943],[49.53437,-12.42175],[49.53031,-12.42005],[49.53421,-12.42574],[49.52908,-12.43048],[49.52568,-12.4284],[49.52256,-12.42297],[49.52665,-12.41823],[49.52484,-12.41487],[49.52064,-12.41485],[49.51904,-12.42076],[49.51433,-12.41829],[49.51296,-12.40643],[49.50842,-12.39842],[49.50422,-12.39943],[49.4912,-12.4076],[49.48128,-12.42261],[49.47709,-12.42169],[49.46131,-12.43088],[49.45295,-12.44861],[49.45934,-12.45341],[49.46518,-12.44069],[49.4749,-12.43791],[49.47828,-12.44179],[49.47133,-12.4433],[49.4717,-12.44691],[49.47954,-12.45133],[49.48381,-12.43847],[49.48998,-12.43696],[49.49567,-12.42708],[49.50723,-12.42327],[49.51482,-12.42525],[49.51636,-12.43093],[49.52145,-12.4343],[49.52037,-12.43997],[49.5155,-12.44406],[49.51639,-12.47189],[49.51845,-12.4786],[49.52317,-12.47811],[49.53294,-12.48925],[49.53394,-12.4975],[49.52988,-12.49747],[49.52934,-12.5003],[49.54062,-12.49882],[49.54505,-12.50322],[49.54633,-12.53235],[49.54201,-12.53245],[49.54356,-12.53594],[49.54724,-12.53467],[49.54748,-12.53892],[49.5425,-12.53774],[49.54162,-12.55525],[49.55576,-12.55868],[49.55963,-12.56939],[49.54627,-12.56661],[49.54675,-12.57538],[49.55225,-12.57618],[49.55358,-12.57309],[49.56153,-12.58164],[49.55876,-12.58575],[49.55656,-12.58007],[49.54594,-12.57911],[49.54121,-12.57973],[49.53962,-12.58371],[49.54251,-12.58334],[49.54062,-12.59157],[49.54302,-12.58489],[49.5476,-12.58723],[49.54174,-12.59156],[49.54888,-12.59213],[49.54477,-12.6001],[49.54579,-12.60552],[49.55365,-12.60659],[49.55317,-12.60027],[49.55905,-12.60301],[49.55769,-12.61254],[49.54884,-12.62228],[49.54392,-12.63436],[49.54145,-12.65419],[49.54484,-12.65704],[49.54519,-12.66503],[49.53926,-12.66963],[49.53838,-12.6637],[49.53235,-12.66187],[49.5331,-12.66908],[49.54147,-12.67325],[49.54858,-12.66956],[49.55694,-12.67475],[49.56955,-12.67379],[49.57325,-12.66801],[49.57559,-12.67176],[49.58456,-12.66382],[49.57747,-12.66366],[49.57462,-12.65823],[49.57869,-12.65696],[49.58692,-12.66371],[49.59114,-12.65922],[49.60202,-12.6607],[49.60642,-12.6718],[49.63267,-12.69487],[49.63982,-12.70753],[49.64405,-12.72687],[49.64693,-12.72766],[49.64699,-12.74235],[49.65768,-12.75606],[49.66597,-12.7762],[49.66172,-12.78545],[49.64919,-12.79776],[49.64744,-12.80445],[49.63519,-12.81211],[49.6295,-12.82033],[49.63053,-12.8242],[49.64126,-12.83095],[49.64136,-12.83765],[49.64766,-12.8382],[49.65322,-12.82869],[49.65768,-12.82898],[49.65695,-12.8197],[49.66487,-12.81085],[49.67325,-12.81385],[49.67662,-12.82237],[49.67886,-12.8211],[49.67368,-12.80819],[49.67335,-12.79595],[49.67939,-12.7952],[49.69047,-12.78431],[49.7012,-12.79209],[49.69614,-12.77996],[49.68921,-12.77451],[49.69082,-12.76885],[49.70602,-12.77266],[49.71549,-12.76987],[49.68979,-12.76446],[49.69475,-12.74362],[49.70275,-12.74495],[49.70277,-12.74134],[49.71197,-12.73881],[49.70851,-12.74884],[49.71297,-12.74783],[49.71386,-12.7535],[49.70352,-12.74946],[49.70271,-12.75203],[49.71714,-12.75403],[49.72005,-12.74941],[49.72267,-12.7502],[49.72047,-12.744],[49.72283,-12.74453],[49.72633,-12.75485],[49.71852,-12.76667],[49.71993,-12.77415],[49.73171,-12.78],[49.74432,-12.77903],[49.75107,-12.7676],[49.75181,-12.77713],[49.74032,-12.79202],[49.7416,-12.79821],[49.75234,-12.80264],[49.76193,-12.80192],[49.76209,-12.79599],[49.76628,-12.79678],[49.78619,-12.8077],[49.7868,-12.81569],[49.77809,-12.82621],[49.78434,-12.83732],[49.78214,-12.85792],[49.7901,-12.86775],[49.79501,-12.88349],[49.80039,-12.88558],[49.8044,-12.89874],[49.8162,-12.90201],[49.8291,-12.89666],[49.83143,-12.90324],[49.8432,-12.91321],[49.82807,-12.8906],[49.84293,-12.88757],[49.84801,-12.89636],[49.85798,-12.89924],[49.8595,-12.9111],[49.8558,-12.91649],[49.85342,-12.91893],[49.84714,-12.91452],[49.83698,-12.92388],[49.84316,-12.95148],[49.84878,-12.95794],[49.86033,-12.95928],[49.86705,-12.95571],[49.8667,-12.9454],[49.87104,-12.9431],[49.87189,-12.96011],[49.87753,-12.96116],[49.88106,-12.96607],[49.88812,-13.00166],[49.90303,-13.01719],[49.90614,-13.02828],[49.91098,-13.03294],[49.92122,-13.03478],[49.93103,-13.04513],[49.92543,-13.0634],[49.93216,-13.08946],[49.92411,-13.12601],[49.92747,-13.1384],[49.91831,-13.1886],[49.92089,-13.2015],[49.90647,-13.22179],[49.89829,-13.22755],[49.87725,-13.22759],[49.87201,-13.2228],[49.86596,-13.22213],[49.85938,-13.22365],[49.85501,-13.22878],[49.85522,-13.24141],[49.84902,-13.24589],[49.8348,-13.24789],[49.82241,-13.25492],[49.81689,-13.25437],[49.80747,-13.24441],[49.79983,-13.24592],[49.8093,-13.24661],[49.81872,-13.25644],[49.83296,-13.24942],[49.85033,-13.24718],[49.85587,-13.24347],[49.85647,-13.2275],[49.86122,-13.22391],[49.87332,-13.22423],[49.87698,-13.22888],[49.88356,-13.22672],[49.89433,-13.22986],[49.91174,-13.21795],[49.9239,-13.20357],[49.93205,-13.20464],[49.93162,-13.2134],[49.94117,-13.2258],[49.95012,-13.25444],[49.95435,-13.27894],[49.97023,-13.28725],[49.96124,-13.29958],[49.9641,-13.30707],[49.96101,-13.32251],[49.9636,-13.33012],[49.97279,-13.33648],[49.97663,-13.362],[49.98188,-13.36331],[49.98319,-13.36692],[49.99686,-13.36955],[49.99398,-13.3649],[50.00983,-13.35144],[50.01535,-13.35288],[50.02224,-13.37275],[50.02297,-13.38769],[50.00806,-13.43015],[50.00982,-13.45052],[50.01308,-13.458],[50.01887,-13.45854],[50.02292,-13.46628],[50.01936,-13.49822],[50.01552,-13.50555],[50.00205,-13.51426],[49.99682,-13.5373],[50.00627,-13.51234],[50.0221,-13.50493],[50.02663,-13.52428],[50.04225,-13.53748],[50.05403,-13.55427],[50.0551,-13.58288],[50.06002,-13.60609],[50.06749,-13.61423],[50.07947,-13.61621],[50.0847,-13.62808],[50.08657,-13.68916],[50.09873,-13.71368],[50.10597,-13.71603],[50.11323,-13.74646],[50.11599,-13.74956],[50.12521,-13.75036],[50.1339,-13.78827],[50.13941,-13.79628],[50.14263,-13.85272],[50.13751,-13.8844],[50.14191,-13.90657],[50.13757,-13.93928],[50.13914,-14.01324],[50.12754,-14.01011],[50.13636,-14.01619],[50.13317,-14.02121],[50.13712,-14.02277],[50.14426,-14.01867],[50.15064,-14.04317],[50.15682,-14.05041],[50.16617,-14.05353],[50.15904,-14.12875],[50.1548,-14.13311],[50.15384,-14.14277],[50.11287,-14.15267],[50.08959,-14.16315],[50.06625,-14.18728],[50.05474,-14.19278],[50.05233,-14.2023],[50.03422,-14.20648],[50.017,-14.21826],[50.01224,-14.2185],[50.00816,-14.21578],[50.00739,-14.2101],[50.0146,-14.19236],[50.01159,-14.18642],[50.00316,-14.18084],[49.99021,-14.18324],[49.96343,-14.20747],[49.94706,-14.2074],[49.92256,-14.19312],[49.89061,-14.1922],[49.88218,-14.18752],[49.87696,-14.17603],[49.85377,-14.16652],[49.84162,-14.16672],[49.82634,-14.15917],[49.8224,-14.15516],[49.82744,-14.15081],[49.82706,-14.1472],[49.81717,-14.14586],[49.81273,-14.13721],[49.80535,-14.13382],[49.78027,-14.13395],[49.80561,-14.13485],[49.81245,-14.13914],[49.81611,-14.14637],[49.8264,-14.14822],[49.82109,-14.15438],[49.8237,-14.1598],[49.84161,-14.1693],[49.85482,-14.1682],[49.86086,-14.17325],[49.87431,-14.17692],[49.87678,-14.18505],[49.89099,-14.19517],[49.88225,-14.20028],[49.88315,-14.20647],[49.88986,-14.21113],[49.88504,-14.22322],[49.88922,-14.23303],[49.88733,-14.24127],[49.88056,-14.24806],[49.85279,-14.25618],[49.84958,-14.26428],[49.8369,-14.26331],[49.84825,-14.26594],[49.85278,-14.25785],[49.87923,-14.24986],[49.88971,-14.24154],[49.89134,-14.23253],[49.88703,-14.22194],[49.89141,-14.2181],[49.89144,-14.21217],[49.88435,-14.20415],[49.88503,-14.19952],[49.8935,-14.19479],[49.92149,-14.19646],[49.94044,-14.21008],[49.95971,-14.21286],[49.97215,-14.20725],[49.98887,-14.18929],[50.00103,-14.18573],[50.00985,-14.19131],[50.00302,-14.21266],[50.0059,-14.21963],[50.0154,-14.22186],[50.05218,-14.20591],[50.05593,-14.19407],[50.07763,-14.1823],[50.09857,-14.16215],[50.15606,-14.14729],[50.14643,-14.18024],[50.14343,-14.20573],[50.14412,-14.23434],[50.15026,-14.25111],[50.14263,-14.24387],[50.14999,-14.25433],[50.15897,-14.2532],[50.17318,-14.2682],[50.17925,-14.27092],[50.18428,-14.26836],[50.19712,-14.29739],[50.20199,-14.30205],[50.2011,-14.33065],[50.19435,-14.36953],[50.18221,-14.40118],[50.18044,-14.41715],[50.17728,-14.41379],[50.17657,-14.42603],[50.16729,-14.43269],[50.15698,-14.43291],[50.14828,-14.42528],[50.15019,-14.4106],[50.14334,-14.4053],[50.11027,-14.41187],[50.10049,-14.41003],[50.10098,-14.4197],[50.10851,-14.42101],[50.11401,-14.43598],[50.1099,-14.43841],[50.1004,-14.43451],[50.09245,-14.43899],[50.09084,-14.44439],[50.10257,-14.45191],[50.09396,-14.45793],[50.08182,-14.45067],[50.07719,-14.4605],[50.0834,-14.45171],[50.09236,-14.45934],[50.10323,-14.45372],[50.10351,-14.44908],[50.09295,-14.44479],[50.09165,-14.44079],[50.10039,-14.43605],[50.11439,-14.43804],[50.11089,-14.42205],[50.10152,-14.41815],[50.10181,-14.41055],[50.10973,-14.4129],[50.14386,-14.40697],[50.14952,-14.41266],[50.14631,-14.42218],[50.15117,-14.43264],[50.16067,-14.4355],[50.17497,-14.43092],[50.17534,-14.43646],[50.17762,-14.42745],[50.1796,-14.42849],[50.17654,-14.4697],[50.18048,-14.47693],[50.18045,-14.48672],[50.18492,-14.49189],[50.18852,-14.51973],[50.18502,-14.5375],[50.18353,-14.58335],[50.18998,-14.59085],[50.19449,-14.62488],[50.19647,-14.62759],[50.20097,-14.6267],[50.20729,-14.63548],[50.21064,-14.66023],[50.21723,-14.66592],[50.21912,-14.69401],[50.22567,-14.71156],[50.22561,-14.76695],[50.23115,-14.7747],[50.24066,-14.77937],[50.24551,-14.79485],[50.25263,-14.80389],[50.26407,-14.86473],[50.25014,-14.8728],[50.21734,-14.85917],[50.2139,-14.85606],[50.20817,-14.83182],[50.20288,-14.82884],[50.18405,-14.8347],[50.17585,-14.83313],[50.16582,-14.8233],[50.16277,-14.82496],[50.16484,-14.8376],[50.15303,-14.84283],[50.1382,-14.84149],[50.13242,-14.83013],[50.1226,-14.83448],[50.11985,-14.82815],[50.12094,-14.82017],[50.11326,-14.81911],[50.10208,-14.83427],[50.10706,-14.84485],[50.10428,-14.84639],[50.0973,-14.83683],[50.09952,-14.84482],[50.10612,-14.84807],[50.10865,-14.8446],[50.10287,-14.83401],[50.1171,-14.81977],[50.12013,-14.82249],[50.12048,-14.83485],[50.12418,-14.83654],[50.13109,-14.83219],[50.13661,-14.842],[50.14376,-14.8437],[50.15488,-14.84503],[50.16363,-14.84197],[50.16643,-14.83734],[50.16422,-14.82523],[50.16806,-14.82576],[50.17637,-14.83596],[50.20446,-14.8313],[50.20881,-14.83543],[50.21034,-14.85167],[50.21521,-14.86045],[50.22554,-14.86216],[50.24365,-14.87317],[50.24297,-14.8778],[50.23632,-14.88358],[50.22797,-14.88626],[50.23125,-14.8958],[50.22903,-14.88703],[50.23102,-14.88511],[50.24004,-14.88295],[50.24828,-14.87525],[50.25994,-14.87425],[50.26021,-14.87065],[50.26512,-14.86809],[50.28157,-14.90009],[50.29306,-14.91275],[50.29444,-14.9362],[50.30077,-14.94601],[50.31269,-14.94759],[50.31678,-14.95224],[50.32053,-14.98085],[50.32845,-14.99144],[50.33132,-15.0082],[50.32787,-15.00909],[50.33038,-15.01129],[50.32917,-15.01579],[50.33301,-15.01671],[50.33535,-15.03269],[50.3405,-15.04004],[50.34566,-15.0407],[50.35952,-15.0611],[50.36518,-15.07683],[50.38304,-15.08873],[50.39254,-15.10602],[50.4018,-15.11326],[50.40681,-15.12642],[50.42309,-15.13548],[50.43247,-15.14993],[50.43376,-15.16256],[50.43641,-15.16385],[50.43321,-15.1708],[50.43635,-15.18936],[50.45674,-15.20191],[50.46338,-15.19973],[50.47171,-15.21109],[50.47196,-15.21676],[50.46864,-15.221],[50.46572,-15.21971],[50.45639,-15.23527],[50.46316,-15.23349],[50.46579,-15.24638],[50.47121,-15.2527],[50.4789,-15.25517],[50.48578,-15.26549],[50.473,-15.27808],[50.47233,-15.28375],[50.47542,-15.3188],[50.48309,-15.33247],[50.47657,-15.33993],[50.47325,-15.33915],[50.47748,-15.34534],[50.47466,-15.36028],[50.46562,-15.36528],[50.45075,-15.36563],[50.44994,-15.37079],[50.45526,-15.36719],[50.46189,-15.36798],[50.46334,-15.37211],[50.46093,-15.3806],[50.46368,-15.39504],[50.46818,-15.40085],[50.45646,-15.41538],[50.45698,-15.42002],[50.46135,-15.42234],[50.44446,-15.43338],[50.4362,-15.44341],[50.42823,-15.44313],[50.42822,-15.447],[50.4338,-15.44624],[50.43671,-15.4505],[50.44388,-15.45116],[50.45052,-15.45118],[50.4508,-15.44705],[50.45505,-15.44526],[50.46234,-15.45172],[50.4626,-15.45584],[50.4558,-15.46356],[50.44503,-15.46817],[50.4442,-15.47899],[50.43638,-15.47549],[50.43431,-15.50267],[50.43083,-15.51064],[50.43242,-15.51451],[50.43562,-15.50937],[50.43265,-15.52791],[50.42319,-15.53459],[50.42781,-15.54825],[50.42124,-15.56833],[50.40896,-15.58646],[50.40577,-15.58478],[50.40124,-15.58902],[50.39275,-15.5859],[50.38781,-15.59066],[50.387,-15.59555],[50.39673,-15.58604],[50.4031,-15.59109],[50.39587,-15.61],[50.3977,-15.61851],[50.39264,-15.6221],[50.38566,-15.64398],[50.37796,-15.64152],[50.36863,-15.6487],[50.36119,-15.64829],[50.36357,-15.65075],[50.38061,-15.64526],[50.38045,-15.65144],[50.37067,-15.67563],[50.35919,-15.69183],[50.35927,-15.70781],[50.35207,-15.71551],[50.35218,-15.72299],[50.34456,-15.73456],[50.33248,-15.76801],[50.32208,-15.77545],[50.3194,-15.78111],[50.3231,-15.78757],[50.32103,-15.81049],[50.33565,-15.81646],[50.33182,-15.80769],[50.33727,-15.80693],[50.34058,-15.81364],[50.33883,-15.81802],[50.33349,-15.82444],[50.32497,-15.82557],[50.3199,-15.82968],[50.30873,-15.8281],[50.29617,-15.84236],[50.29467,-15.85395],[50.30117,-15.86015],[50.29646,-15.87456],[50.28939,-15.87737],[50.28751,-15.88329],[50.28084,-15.88765],[50.28608,-15.87401],[50.27559,-15.86676],[50.27587,-15.86187],[50.26934,-15.86571],[50.2599,-15.86182],[50.25776,-15.86606],[50.2527,-15.8663],[50.24579,-15.86254],[50.24685,-15.86564],[50.24045,-15.86716],[50.24708,-15.87362],[50.2503,-15.86874],[50.27452,-15.86702],[50.28315,-15.87452],[50.27753,-15.88326],[50.26152,-15.89197],[50.25523,-15.90302],[50.24361,-15.9138],[50.25248,-15.92594],[50.24528,-15.92785],[50.23617,-15.94276],[50.2207,-15.95005],[50.22359,-15.95959],[50.23211,-15.96194],[50.23087,-15.97327],[50.23325,-15.97611],[50.22965,-15.97662],[50.22189,-15.98831],[50.21149,-15.99008],[50.20325,-15.98721],[50.19951,-15.98952],[50.1918,-15.98498],[50.18832,-15.98922],[50.17609,-15.98582],[50.16408,-15.9917],[50.16059,-15.99735],[50.16075,-15.98975],[50.15295,-15.97633],[50.1539,-15.97298],[50.14593,-15.96909],[50.14782,-15.96291],[50.14491,-15.95852],[50.14367,-15.93662],[50.14245,-15.94151],[50.11531,-15.93586],[50.11104,-15.93855],[50.10242,-15.93155],[50.085,-15.92762],[50.08554,-15.92556],[50.08009,-15.92476],[50.076,-15.91521],[50.06961,-15.91634],[50.06553,-15.90512],[50.06248,-15.9042],[50.06153,-15.90742],[50.05661,-15.90572],[50.04441,-15.8973],[50.04376,-15.89189],[50.03635,-15.88309],[50.02503,-15.88446],[50.0183,-15.87425],[50.01848,-15.86421],[50.02301,-15.86242],[50.02239,-15.85392],[50.01978,-15.8418],[50.01369,-15.83585],[50.01055,-15.82398],[50.02097,-15.78976],[50.00691,-15.77978],[50.00283,-15.77088],[49.99553,-15.76724],[49.99409,-15.76285],[49.97538,-15.75374],[49.9758,-15.75014],[49.97115,-15.74883],[49.96772,-15.74263],[49.95737,-15.73872],[49.96324,-15.70912],[49.95825,-15.69673],[49.95599,-15.67096],[49.96733,-15.63623],[49.96643,-15.62953],[49.95807,-15.62614],[49.95822,-15.62356],[49.96834,-15.61936],[49.95597,-15.62149],[49.95136,-15.61439],[49.92456,-15.60447],[49.92315,-15.59377],[49.89801,-15.57278],[49.89143,-15.56089],[49.89345,-15.5305],[49.90663,-15.50069],[49.89324,-15.47022],[49.90478,-15.44812],[49.90204,-15.44012],[49.87474,-15.42813],[49.8745,-15.42453],[49.86493,-15.42538],[49.86749,-15.41831],[49.86154,-15.41403],[49.85538,-15.42314],[49.8521,-15.44077],[49.84785,-15.44126],[49.84203,-15.43672],[49.79659,-15.44048],[49.79394,-15.43982],[49.7949,-15.43441],[49.78867,-15.43219],[49.79317,-15.4344],[49.79181,-15.43942],[49.78464,-15.43977],[49.78436,-15.44298],[49.76505,-15.45125],[49.76414,-15.44893],[49.76959,-15.44767],[49.77228,-15.44227],[49.77126,-15.43428],[49.76843,-15.44122],[49.76392,-15.44081],[49.76117,-15.43371],[49.76258,-15.42058],[49.75929,-15.41541],[49.74921,-15.41304],[49.73786,-15.40228],[49.6926,-15.4207],[49.67482,-15.41917],[49.6688,-15.4051],[49.64013,-15.3838],[49.63719,-15.36524],[49.64402,-15.35703],[49.64258,-15.35355],[49.6325,-15.35245],[49.61848,-15.34438],[49.60913,-15.35295],[49.60462,-15.35331],[49.59536,-15.34862],[49.5854,-15.34868],[49.58383,-15.34584],[49.58124,-15.33604],[49.58395,-15.32807],[49.59346,-15.31473],[49.60115,-15.31555],[49.60441,-15.30462],[49.61587,-15.29813],[49.61875,-15.28269],[49.61546,-15.2788],[49.61644,-15.27108],[49.62607,-15.25903],[49.62029,-15.25101],[49.62526,-15.26161],[49.6151,-15.27262],[49.61454,-15.27828],[49.61783,-15.28114],[49.6144,-15.29838],[49.60468,-15.30334],[49.60078,-15.31143],[49.59333,-15.31396],[49.58517,-15.32395],[49.58045,-15.33448],[49.58314,-15.34944],[49.59588,-15.35017],[49.60514,-15.35512],[49.62192,-15.34608],[49.62772,-15.35307],[49.63912,-15.35469],[49.64189,-15.35728],[49.63547,-15.36548],[49.63839,-15.38534],[49.64868,-15.39545],[49.66799,-15.40664],[49.66993,-15.41541],[49.68142,-15.42411],[49.70057,-15.42036],[49.72321,-15.40889],[49.7405,-15.4041],[49.7492,-15.41522],[49.7553,-15.41629],[49.7615,-15.42238],[49.75832,-15.44361],[49.74719,-15.43943],[49.73073,-15.43934],[49.72597,-15.43557],[49.72648,-15.43983],[49.74214,-15.44017],[49.73933,-15.44492],[49.74076,-15.44944],[49.72777,-15.44473],[49.71394,-15.448],[49.67954,-15.47059],[49.63204,-15.52389],[49.6163,-15.55367],[49.61583,-15.56346],[49.60638,-15.56584],[49.61648,-15.56578],[49.62168,-15.60316],[49.62815,-15.609],[49.64306,-15.60587],[49.64543,-15.60846],[49.6427,-15.62055],[49.6472,-15.62213],[49.65028,-15.63966],[49.64523,-15.65998],[49.65156,-15.66672],[49.63995,-15.69369],[49.63239,-15.69171],[49.63742,-15.69445],[49.63951,-15.70077],[49.65011,-15.70586],[49.65874,-15.72781],[49.66193,-15.7286],[49.66262,-15.74484],[49.67038,-15.75828],[49.66954,-15.76523],[49.6715,-15.76936],[49.67576,-15.77016],[49.67634,-15.78305],[49.68294,-15.7903],[49.68408,-15.79932],[49.68869,-15.80553],[49.6878,-15.82098],[49.6952,-15.82772],[49.69605,-15.84087],[49.70322,-15.84297],[49.70382,-15.87414],[49.71558,-15.89418],[49.70716,-15.89361],[49.69998,-15.89909]],[[50.07713,-14.46081],[50.07857,-14.4705],[50.06748,-14.46659],[50.05569,-14.47131],[50.05963,-14.48059],[50.05674,-14.47312],[50.05847,-14.47016],[50.06694,-14.46787],[50.07989,-14.4714],[50.07713,-14.46081]],[[50.05956,-14.48137],[50.04867,-14.47424],[50.04021,-14.47498],[50.03071,-14.46979],[50.01116,-14.46675],[50.00717,-14.46995],[50.00601,-14.46466],[50.01346,-14.45465],[50.00251,-14.44957],[49.99601,-14.4538],[49.99638,-14.46024],[49.9984,-14.45226],[50.00171,-14.45034],[50.01147,-14.45464],[50.00388,-14.46646],[50.00506,-14.47033],[50.01168,-14.46739],[50.02436,-14.46951],[50.03809,-14.47523],[50.04999,-14.47592],[50.05604,-14.48213],[50.05956,-14.48137]],[[49.71894,-16.61288],[49.7153,-16.6077],[49.71061,-16.60716],[49.71894,-16.61288]],[[49.26135,-17.68512],[49.25113,-17.68604],[49.25196,-17.69738],[49.24805,-17.70699],[49.25205,-17.70227],[49.25123,-17.68991],[49.25517,-17.68492],[49.2592,-17.68521],[49.26006,-17.69333],[49.26577,-17.69995],[49.27917,-17.70354],[49.27729,-17.68988],[49.2799,-17.68359],[49.28903,-17.68393],[49.30334,-17.67633],[49.31727,-17.68031],[49.32571,-17.66905],[49.33534,-17.67106],[49.32545,-17.66776],[49.31728,-17.67941],[49.30308,-17.67555],[49.29716,-17.67627],[49.29119,-17.68253],[49.27856,-17.68319],[49.2762,-17.69116],[49.27892,-17.70225],[49.26498,-17.69853],[49.26114,-17.69308],[49.26135,-17.68512]],[[47.71154,-15.45138],[47.71714,-15.44962],[47.72054,-15.4362],[47.73651,-15.43909],[47.747,-15.43008],[47.76217,-15.43298],[47.77434,-15.43077],[47.78066,-15.42696],[47.7831,-15.42075],[47.77495,-15.42886],[47.76029,-15.4312],[47.74858,-15.42929],[47.73384,-15.43835],[47.72237,-15.43347],[47.71735,-15.44602],[47.71154,-15.45138]],[[47.73691,-23.21943],[47.73705,-23.21684],[47.73678,-23.21735],[47.73691,-23.21943]],[[47.69216,-15.45623],[47.69665,-15.45631],[47.69807,-15.4532],[47.69676,-15.44408],[47.70767,-15.44387],[47.71135,-15.45128],[47.71018,-15.44533],[47.70391,-15.44269],[47.69512,-15.44441],[47.69753,-15.45192],[47.69625,-15.45554],[47.69216,-15.45623]],[[47.30501,-23.97734],[47.30321,-23.97749],[47.30208,-23.98471],[47.30501,-23.97734]],[[46.03968,-16.55528],[46.05019,-16.57952],[46.0364,-16.5984],[46.03381,-16.61309],[46.03558,-16.61978],[46.05405,-16.62536],[46.06364,-16.6454],[46.07049,-16.65155],[46.08677,-16.64695],[46.11695,-16.64461],[46.11902,-16.65619],[46.10823,-16.68458],[46.11176,-16.69512],[46.11166,-16.67735],[46.1201,-16.6585],[46.11895,-16.64485],[46.11614,-16.64294],[46.06754,-16.64821],[46.05874,-16.62817],[46.04681,-16.61998],[46.03557,-16.61798],[46.03919,-16.59426],[46.0526,-16.5808],[46.04258,-16.55456],[46.05673,-16.5528],[46.06428,-16.54223],[46.07712,-16.54017],[46.07906,-16.5343],[46.07424,-16.5325],[46.07518,-16.51912],[46.0719,-16.51485],[46.07331,-16.53381],[46.07748,-16.5351],[46.07777,-16.53819],[46.06028,-16.54328],[46.05619,-16.55193],[46.04003,-16.55227],[46.03968,-16.55528]],[[44.35171,-19.26527],[44.36221,-19.28305],[44.36264,-19.27868],[44.35171,-19.26527]],[[43.58544,-21.35544],[43.58124,-21.36576],[43.59029,-21.36841],[43.59821,-21.38052],[43.59029,-21.36802],[43.58234,-21.36551],[43.58544,-21.35544]]],[[[50.15177,-16.00556],[50.15285,-16.00106],[50.15444,-16.0021],[50.15177,-16.00556]]],[[[49.84944,-17.00247],[49.85058,-16.99166],[49.86192,-16.9742],[49.86198,-16.96519],[49.85404,-16.95046],[49.85698,-16.92884],[49.86876,-16.90482],[49.87644,-16.89572],[49.87715,-16.88838],[49.88337,-16.87747],[49.89516,-16.87496],[49.89678,-16.87213],[49.89971,-16.87473],[49.90594,-16.86111],[49.91656,-16.85215],[49.92692,-16.81717],[49.95173,-16.8039],[49.96654,-16.78569],[49.97209,-16.77309],[49.97298,-16.75687],[49.96465,-16.73854],[49.97725,-16.73371],[49.99315,-16.70828],[50.01189,-16.70399],[50.01775,-16.70647],[50.02095,-16.70867],[50.02065,-16.71434],[50.01106,-16.73439],[50.00056,-16.74799],[49.97771,-16.79759],[49.95153,-16.86469],[49.94723,-16.89185],[49.92986,-16.91275],[49.93115,-16.92126],[49.92451,-16.93513],[49.91779,-16.94128],[49.9127,-16.94241],[49.91138,-16.93944],[49.92032,-16.9203],[49.9273,-16.91583],[49.94018,-16.88524],[49.93523,-16.8847],[49.92413,-16.90924],[49.91822,-16.91192],[49.91613,-16.92607],[49.90695,-16.94019],[49.90282,-16.96026],[49.88752,-16.9916],[49.88215,-16.99415],[49.87749,-17.01164],[49.86431,-17.02239],[49.85278,-17.04705],[49.83918,-17.05959],[49.81908,-17.10507],[49.81468,-17.10118],[49.81511,-17.0968],[49.81003,-17.096],[49.82383,-17.07316],[49.82673,-17.0384],[49.83302,-17.01654],[49.84057,-17.00834],[49.84724,-17.01224],[49.8512,-17.02025],[49.84942,-17.02668],[49.85359,-17.02413],[49.8561,-17.00727],[49.84888,-17.00697],[49.84944,-17.00247]]],[[[49.8707,-12.81542],[49.86678,-12.8105],[49.86967,-12.81039],[49.8707,-12.81542]]],[[[49.85624,-12.8763],[49.85471,-12.86766],[49.85734,-12.86702],[49.85624,-12.8763]]],[[[49.84653,-16.32743],[49.84174,-16.32522],[49.84788,-16.32396],[49.84653,-16.32743]]],[[[49.83959,-12.84324],[49.83224,-12.84089],[49.83305,-12.8378],[49.83959,-12.84324]]],[[[49.83365,-12.82105],[49.83527,-12.81204],[49.82911,-12.80789],[49.82955,-12.79965],[49.8181,-12.80398],[49.8162,-12.79006],[49.8212,-12.78776],[49.82198,-12.79034],[49.83038,-12.78973],[49.83573,-12.79633],[49.83854,-12.81463],[49.83365,-12.82105]]],[[[49.80799,-17.12123],[49.80667,-17.11839],[49.79997,-17.11861],[49.79993,-17.10393],[49.80681,-17.0965],[49.81184,-17.1058],[49.81272,-17.11559],[49.80799,-17.12123]]],[[[49.79265,-16.61593],[49.79727,-16.61607],[49.79539,-16.6172],[49.79265,-16.61593]]],[[[49.77346,-12.77852],[49.7669,-12.77733],[49.76391,-12.77229],[49.76985,-12.76485],[49.76962,-12.75879],[49.7823,-12.76903],[49.78254,-12.77315],[49.77346,-12.77852]]],[[[49.76137,-15.51216],[49.75702,-15.50608],[49.76316,-15.50147],[49.75967,-15.48523],[49.76848,-15.47832],[49.77628,-15.48455],[49.77833,-15.49615],[49.77468,-15.50824],[49.76884,-15.50756],[49.76137,-15.51216]]],[[[49.75591,-15.44849],[49.75195,-15.44435],[49.75646,-15.44463],[49.75591,-15.44849]]],[[[49.75745,-15.457],[49.74949,-15.45503],[49.74818,-15.45257],[49.75745,-15.457]]],[[[49.66278,-12.70816],[49.66155,-12.69347],[49.65855,-12.69036],[49.66146,-12.68471],[49.65716,-12.68005],[49.65667,-12.67296],[49.65405,-12.67153],[49.65193,-12.67538],[49.65134,-12.68788],[49.63824,-12.68459],[49.65328,-12.66959],[49.65694,-12.67154],[49.66329,-12.68549],[49.66278,-12.70816]]],[[[49.66146,-16.85811],[49.65735,-16.85396],[49.65936,-16.8532],[49.66146,-16.85811]]],[[[49.63869,-15.37993],[49.63619,-15.37631],[49.63688,-15.37193],[49.63869,-15.37993]]],[[[49.63301,-15.35465],[49.62785,-15.35204],[49.628,-15.34947],[49.63301,-15.35465]]],[[[49.60134,-12.61715],[49.60164,-12.60994],[49.60335,-12.60994],[49.60134,-12.61715]]],[[[49.58812,-12.63679],[49.57831,-12.63094],[49.57431,-12.61894],[49.5713,-12.61802],[49.57381,-12.61546],[49.58293,-12.6253],[49.59577,-12.62949],[49.59932,-12.62641],[49.58812,-12.63679]]],[[[49.57565,-12.61456],[49.58001,-12.60905],[49.57834,-12.6017],[49.58359,-12.60211],[49.58925,-12.59725],[49.58829,-12.6051],[49.59248,-12.60602],[49.59299,-12.61015],[49.58956,-12.61335],[49.58275,-12.61074],[49.57565,-12.61456]]],[[[49.56728,-12.51532],[49.56099,-12.51465],[49.55665,-12.49259],[49.56189,-12.49442],[49.56087,-12.48772],[49.56783,-12.48686],[49.5653,-12.47035],[49.55572,-12.44737],[49.54789,-12.44218],[49.55387,-12.4261],[49.56415,-12.44072],[49.56173,-12.45127],[49.56403,-12.46287],[49.58471,-12.5158],[49.58284,-12.52223],[49.58719,-12.54338],[49.56946,-12.54806],[49.56212,-12.54712],[49.55834,-12.54272],[49.56372,-12.54171],[49.56295,-12.53836],[49.55797,-12.53769],[49.56245,-12.53527],[49.58509,-12.54337],[49.57797,-12.52685],[49.58022,-12.52274],[49.57761,-12.51963],[49.57693,-12.52388],[49.57405,-12.52348],[49.56728,-12.51532]]],[[[49.58027,-12.53755],[49.57241,-12.53583],[49.57741,-12.53225],[49.58027,-12.53755]]],[[[49.56953,-12.53543],[49.56234,-12.53089],[49.56253,-12.52032],[49.56568,-12.51905],[49.57404,-12.52605],[49.57414,-12.53121],[49.56953,-12.53543]]],[[[49.56454,-12.48838],[49.5532,-12.47596],[49.54907,-12.46408],[49.55107,-12.45817],[49.55382,-12.4587],[49.56454,-12.48838]]],[[[49.55207,-12.42004],[49.53672,-12.40012],[49.54722,-12.3976],[49.55839,-12.41492],[49.55207,-12.42004]]],[[[49.55458,-12.48833],[49.55198,-12.48355],[49.55487,-12.48266],[49.55458,-12.48833]]],[[[49.54144,-12.49264],[49.53725,-12.49236],[49.54147,-12.48697],[49.54144,-12.49264]]],[[[49.53768,-12.46312],[49.53043,-12.44659],[49.53461,-12.44803],[49.54096,-12.46172],[49.53768,-12.46312]]],[[[49.48106,-12.37018],[49.46825,-12.36367],[49.47482,-12.36074],[49.47559,-12.36397],[49.48135,-12.36555],[49.48106,-12.37018]]],[[[49.45346,-17.20524],[49.45269,-17.20073],[49.46583,-17.1998],[49.46473,-17.20288],[49.45346,-17.20524]]],[[[49.4616,-18.04834],[49.46141,-18.05426],[49.45767,-18.05114],[49.45865,-18.04729],[49.4616,-18.04834]]],[[[49.40243,-12.28497],[49.39799,-12.28224],[49.40166,-12.2811],[49.40243,-12.28497]]],[[[49.39512,-12.19321],[49.39124,-12.18571],[49.39424,-12.1865],[49.39512,-12.19321]]],[[[49.38945,-12.17823],[49.37508,-12.17299],[49.38344,-12.17523],[49.38608,-12.1728],[49.38945,-12.17823]]],[[[49.37395,-12.14349],[49.36509,-12.13545],[49.35383,-12.1368],[49.36488,-12.1281],[49.37037,-12.12865],[49.36901,-12.13689],[49.37395,-12.14349]]],[[[49.17837,-12.02544],[49.17958,-12.02081],[49.18324,-12.02058],[49.17837,-12.02544]]],[[[49.16721,-12.05061],[49.16831,-12.04264],[49.16347,-12.04235],[49.16624,-12.03889],[49.17407,-12.0419],[49.16721,-12.05061]]],[[[49.13105,-12.28055],[49.12872,-12.2768],[49.1324,-12.2745],[49.13105,-12.28055]]],[[[49.0774,-18.94824],[49.06179,-18.941],[49.07537,-18.94483],[49.0774,-18.94824]]],[[[49.07664,-18.94373],[49.07151,-18.94277],[49.07289,-18.94073],[49.07664,-18.94373]]],[[[49.05865,-18.83824],[49.06686,-18.8297],[49.06462,-18.8365],[49.05865,-18.83824]]],[[[49.04867,-18.88306],[49.04824,-18.87366],[49.05289,-18.86882],[49.04867,-18.88306]]],[[[49.04547,-12.12784],[49.04847,-12.11099],[49.05225,-12.11269],[49.05142,-12.11861],[49.04835,-12.1276],[49.04547,-12.12784]]],[[[49.00602,-12.25648],[49.0021,-12.25581],[49.00175,-12.25065],[49.00969,-12.23861],[49.00725,-12.23253],[49.01068,-12.22947],[49.02023,-12.23018],[49.015,-12.2474],[49.00602,-12.25648]]],[[[48.98123,-12.14052],[48.98152,-12.13743],[48.98598,-12.13669],[48.98123,-12.14052]]],[[[48.97792,-12.26632],[48.97586,-12.26231],[48.97981,-12.25951],[48.98294,-12.26108],[48.97792,-12.26632]]],[[[48.97663,-12.19573],[48.97429,-12.19301],[48.97744,-12.19252],[48.97663,-12.19573]]],[[[48.97022,-12.38282],[48.9679,-12.37817],[48.97131,-12.37703],[48.97022,-12.38282]]],[[[48.95747,-12.37165],[48.96017,-12.36137],[48.96213,-12.3619],[48.95747,-12.37165]]],[[[48.95691,-12.37602],[48.953,-12.37342],[48.95563,-12.37138],[48.95691,-12.37602]]],[[[48.93774,-12.99985],[48.93275,-12.99968],[48.93517,-12.99313],[48.93774,-12.99985]]],[[[48.90438,-19.45067],[48.90005,-19.44947],[48.90199,-19.44691],[48.90904,-19.44674],[48.90438,-19.45067]]],[[[48.85128,-12.57134],[48.8454,-12.56885],[48.84664,-12.5619],[48.85372,-12.56196],[48.85643,-12.56688],[48.85128,-12.57134]]],[[[48.84255,-12.61119],[48.8376,-12.60794],[48.84026,-12.60371],[48.84378,-12.60515],[48.84255,-12.61119]]],[[[48.83613,-13.1162],[48.83226,-13.10832],[48.83604,-13.11118],[48.8379,-13.10914],[48.84036,-13.11328],[48.83613,-13.1162]]],[[[48.82393,-13.09885],[48.82503,-13.09332],[48.83424,-13.09198],[48.82661,-13.09372],[48.82393,-13.09885]]],[[[48.8256,-13.38486],[48.82431,-13.38176],[48.82853,-13.38103],[48.82929,-13.38438],[48.8256,-13.38486]]],[[[48.79839,-13.33982],[48.79631,-13.33671],[48.80079,-13.33623],[48.79839,-13.33982]]],[[[48.76656,-19.99588],[48.75979,-19.99296],[48.75958,-19.98833],[48.76656,-19.99588]]],[[[48.75529,-13.42146],[48.75348,-13.41797],[48.75702,-13.41852],[48.75529,-13.42146]]],[[[48.75551,-19.9875],[48.74447,-19.97861],[48.7518,-19.98025],[48.75551,-19.9875]]],[[[48.75513,-12.97786],[48.75203,-12.97268],[48.75415,-12.97064],[48.75513,-12.97786]]],[[[48.74443,-13.42871],[48.7404,-13.42378],[48.74402,-13.41711],[48.74777,-13.42307],[48.74443,-13.42871]]],[[[48.73554,-13.45116],[48.73322,-13.44625],[48.73836,-13.44539],[48.73554,-13.45116]]],[[[48.7188,-13.44058],[48.71658,-13.4385],[48.71873,-13.43414],[48.70644,-13.43969],[48.70647,-13.43686],[48.725,-13.42493],[48.7292,-13.42651],[48.7188,-13.44058]]],[[[48.72298,-12.46096],[48.71946,-12.45964],[48.72107,-12.45476],[48.72394,-12.45659],[48.72298,-12.46096]]],[[[48.72314,-13.4553],[48.71869,-13.45204],[48.72291,-13.45182],[48.72314,-13.4553]]],[[[48.70707,-12.39322],[48.70015,-12.3902],[48.69986,-12.37912],[48.70589,-12.37853],[48.71382,-12.38465],[48.70707,-12.39322]]],[[[48.71059,-12.43935],[48.70747,-12.43687],[48.71037,-12.43522],[48.7131,-12.43692],[48.71059,-12.43935]]],[[[48.70788,-13.45516],[48.70989,-13.45054],[48.71224,-13.45262],[48.70788,-13.45516]]],[[[48.7056,-12.47098],[48.70325,-12.47032],[48.7084,-12.46573],[48.7056,-12.47098]]],[[[48.69966,-13.46139],[48.69601,-13.4584],[48.70082,-13.44969],[48.70382,-13.4528],[48.70337,-13.45846],[48.69966,-13.46139]]],[[[48.69051,-20.18691],[48.68907,-20.18277],[48.69235,-20.18256],[48.69051,-20.18691]]],[[[48.67601,-12.75865],[48.67136,-12.75063],[48.66534,-12.74916],[48.67111,-12.74972],[48.67841,-12.74026],[48.67808,-12.73279],[48.68652,-12.72822],[48.69105,-12.73496],[48.68975,-12.74783],[48.68197,-12.75239],[48.68021,-12.75817],[48.67601,-12.75865]]],[[[48.6855,-20.19379],[48.6891,-20.18998],[48.68878,-20.19358],[48.6855,-20.19379]]],[[[48.68134,-20.19914],[48.68169,-20.19349],[48.68417,-20.19198],[48.68134,-20.19914]]],[[[48.67005,-12.46102],[48.66489,-12.45145],[48.666,-12.44412],[48.67437,-12.44689],[48.67525,-12.44999],[48.67005,-12.46102]]],[[[48.66565,-20.24539],[48.66742,-20.23654],[48.66904,-20.23759],[48.66565,-20.24539]]],[[[48.65246,-13.47151],[48.6562,-13.46601],[48.65536,-13.47103],[48.65246,-13.47151]]],[[[48.6393,-12.26619],[48.63515,-12.26242],[48.64038,-12.26246],[48.6393,-12.26619]]],[[[48.63729,-12.88784],[48.63101,-12.88559],[48.63312,-12.88407],[48.63729,-12.88784]]],[[[48.5851,-12.91041],[48.58125,-12.90059],[48.58998,-12.89423],[48.59483,-12.8805],[48.60992,-12.86738],[48.61502,-12.84193],[48.6114,-12.82232],[48.62163,-12.82267],[48.62548,-12.83121],[48.6328,-12.83436],[48.62735,-12.84204],[48.62984,-12.85674],[48.62496,-12.85889],[48.62237,-12.855],[48.61711,-12.85663],[48.61325,-12.86226],[48.61409,-12.87076],[48.60962,-12.87162],[48.60864,-12.87741],[48.60929,-12.89209],[48.61645,-12.89885],[48.6164,-12.90323],[48.61377,-12.90398],[48.61319,-12.91054],[48.60846,-12.91063],[48.59653,-12.92262],[48.59703,-12.92546],[48.60441,-12.92218],[48.60516,-12.92643],[48.59739,-12.92855],[48.59643,-12.93369],[48.58716,-12.9421],[48.58456,-12.93873],[48.58634,-12.9318],[48.5669,-12.91926],[48.56061,-12.90452],[48.55433,-12.9024],[48.55033,-12.89554],[48.53722,-12.89374],[48.53807,-12.88808],[48.55597,-12.88259],[48.56701,-12.89454],[48.57405,-12.91288],[48.57771,-12.91433],[48.5851,-12.91041]]],[[[48.62575,-19.94399],[48.62005,-19.94314],[48.62471,-19.94037],[48.62768,-19.94208],[48.62575,-19.94399]]],[[[48.60666,-13.47314],[48.60201,-13.46473],[48.61227,-13.46547],[48.61303,-13.46818],[48.60666,-13.47314]]],[[[48.605,-12.97098],[48.60185,-12.97031],[48.60323,-12.96298],[48.60754,-12.96598],[48.605,-12.97098]]],[[[48.59844,-13.48027],[48.58967,-13.47568],[48.59062,-13.47286],[48.60204,-13.47503],[48.59844,-13.48027]]],[[[48.59796,-12.9928],[48.59694,-12.98932],[48.60023,-12.98858],[48.59796,-12.9928]]],[[[48.48051,-13.4226],[48.47814,-13.4097],[48.47358,-13.40579],[48.47236,-13.39677],[48.46817,-13.39467],[48.4719,-13.37771],[48.46903,-13.37537],[48.47384,-13.36872],[48.47361,-13.37799],[48.47635,-13.37956],[48.48097,-13.3778],[48.47983,-13.37444],[48.49219,-13.37405],[48.49311,-13.38706],[48.50252,-13.39244],[48.50896,-13.3925],[48.50585,-13.40084],[48.50139,-13.39963],[48.49978,-13.40309],[48.49452,-13.4033],[48.49502,-13.40575],[48.50078,-13.40787],[48.50148,-13.40401],[48.50838,-13.41077],[48.51025,-13.40796],[48.51813,-13.40933],[48.5277,-13.42538],[48.52913,-13.4393],[48.51749,-13.44563],[48.53069,-13.44138],[48.53272,-13.44848],[48.5323,-13.4383],[48.54118,-13.44483],[48.53786,-13.4345],[48.57951,-13.4519],[48.58394,-13.46971],[48.57405,-13.47167],[48.56657,-13.48293],[48.58318,-13.48],[48.58367,-13.48387],[48.58656,-13.48415],[48.58765,-13.48056],[48.5916,-13.48034],[48.59953,-13.48968],[48.5851,-13.4983],[48.58116,-13.49787],[48.58015,-13.49349],[48.57631,-13.49564],[48.57756,-13.50209],[48.57054,-13.50717],[48.56132,-13.50798],[48.55885,-13.50448],[48.55156,-13.51033],[48.54397,-13.50653],[48.54377,-13.51309],[48.54651,-13.51492],[48.54409,-13.51979],[48.53642,-13.52383],[48.54113,-13.51409],[48.5339,-13.51325],[48.53558,-13.5161],[48.53167,-13.52559],[48.5264,-13.52579],[48.52228,-13.51738],[48.51795,-13.51541],[48.52064,-13.49741],[48.50911,-13.49305],[48.51802,-13.48322],[48.51342,-13.48369],[48.51401,-13.47713],[48.51187,-13.4802],[48.50596,-13.47924],[48.50387,-13.4657],[48.49782,-13.46552],[48.48717,-13.43966],[48.47958,-13.43624],[48.47902,-13.4267],[48.48348,-13.42778],[48.48537,-13.42316],[48.48198,-13.42055],[48.48051,-13.4226]]],[[[48.58074,-12.84522],[48.57418,-12.84439],[48.57269,-12.83639],[48.58002,-12.83749],[48.58074,-12.84522]]],[[[48.54742,-13.03212],[48.543,-13.0277],[48.54864,-13.02749],[48.54742,-13.03212]]],[[[48.54388,-20.56452],[48.54096,-20.55908],[48.54509,-20.55746],[48.54791,-20.56046],[48.54388,-20.56452]]],[[[48.54356,-12.99667],[48.53865,-12.9889],[48.54754,-12.99272],[48.54356,-12.99667]]],[[[48.5035,-13.37352],[48.49553,-13.36919],[48.49118,-13.37018],[48.48058,-13.35282],[48.47585,-13.35187],[48.46834,-13.32798],[48.45828,-13.32196],[48.45979,-13.31605],[48.45553,-13.30854],[48.47031,-13.30302],[48.48317,-13.3056],[48.48625,-13.31322],[48.49226,-13.31663],[48.49332,-13.32874],[48.48192,-13.33764],[48.48,-13.34458],[48.48973,-13.35806],[48.50495,-13.3604],[48.51225,-13.36678],[48.50713,-13.37883],[48.5035,-13.37352]]],[[[48.50465,-13.54231],[48.50653,-13.53821],[48.50994,-13.53941],[48.50465,-13.54231]]],[[[48.47266,-13.53079],[48.47006,-13.52832],[48.47324,-13.52616],[48.47266,-13.53079]]],[[[48.45826,-20.86488],[48.46111,-20.85836],[48.46293,-20.86405],[48.45826,-20.86488]]],[[[48.43606,-20.97931],[48.43341,-20.97387],[48.44191,-20.97374],[48.44211,-20.97786],[48.43606,-20.97931]]],[[[48.36289,-13.60574],[48.35635,-13.60245],[48.35586,-13.59871],[48.33584,-13.58897],[48.32461,-13.56903],[48.32719,-13.55078],[48.34475,-13.5453],[48.35184,-13.53443],[48.3677,-13.55224],[48.36935,-13.55766],[48.36454,-13.56379],[48.37046,-13.56385],[48.37298,-13.57418],[48.3756,-13.57498],[48.36735,-13.58339],[48.37004,-13.59011],[48.36279,-13.59106],[48.36032,-13.60031],[48.36289,-13.60574]]],[[[48.34617,-13.49949],[48.33102,-13.49006],[48.32406,-13.46501],[48.32535,-13.45601],[48.33202,-13.44746],[48.34577,-13.44065],[48.3612,-13.44893],[48.37165,-13.46757],[48.3718,-13.47813],[48.36334,-13.49323],[48.34617,-13.49949]]],[[[48.25289,-13.24619],[48.25301,-13.23512],[48.24623,-13.21934],[48.2561,-13.20555],[48.27352,-13.19891],[48.27055,-13.20609],[48.27709,-13.20886],[48.27769,-13.20217],[48.28674,-13.20356],[48.28378,-13.20996],[48.28675,-13.21398],[48.30266,-13.20128],[48.30411,-13.21275],[48.30853,-13.21692],[48.31285,-13.23022],[48.30646,-13.22616],[48.30274,-13.22947],[48.30383,-13.23824],[48.30671,-13.23904],[48.29464,-13.24895],[48.29542,-13.26158],[48.30088,-13.26768],[48.28902,-13.26987],[48.28974,-13.2767],[48.308,-13.27741],[48.30961,-13.28567],[48.31571,-13.28136],[48.31764,-13.27314],[48.32333,-13.26959],[48.323,-13.26393],[48.32588,-13.26447],[48.32509,-13.27631],[48.32942,-13.28974],[48.32328,-13.29817],[48.32192,-13.31438],[48.34113,-13.31278],[48.34686,-13.32957],[48.34391,-13.33443],[48.34441,-13.34924],[48.33915,-13.34932],[48.33906,-13.34494],[48.33383,-13.34308],[48.32868,-13.33247],[48.3217,-13.33446],[48.32161,-13.34244],[48.31605,-13.34547],[48.31635,-13.35448],[48.31067,-13.357],[48.31005,-13.36523],[48.31715,-13.36505],[48.31891,-13.37202],[48.33096,-13.37652],[48.33925,-13.38781],[48.34372,-13.38824],[48.34429,-13.38387],[48.34826,-13.38185],[48.35251,-13.38988],[48.3525,-13.40275],[48.35967,-13.40849],[48.35845,-13.41144],[48.34288,-13.40471],[48.33339,-13.41851],[48.31359,-13.42487],[48.30311,-13.40995],[48.30175,-13.4017],[48.29442,-13.39879],[48.29143,-13.40802],[48.28695,-13.409],[48.28949,-13.40517],[48.28585,-13.40153],[48.28148,-13.40431],[48.27809,-13.40106],[48.28118,-13.40766],[48.27696,-13.408],[48.27146,-13.40626],[48.27019,-13.40239],[48.26636,-13.40389],[48.26031,-13.41541],[48.25663,-13.4155],[48.25192,-13.41313],[48.25308,-13.40375],[48.24857,-13.40692],[48.24759,-13.40086],[48.23119,-13.39784],[48.23305,-13.38448],[48.2128,-13.38477],[48.21063,-13.39054],[48.21533,-13.39381],[48.21378,-13.40229],[48.20773,-13.40248],[48.20482,-13.39292],[48.1929,-13.38893],[48.19383,-13.37658],[48.18794,-13.3742],[48.19043,-13.3526],[48.1817,-13.32367],[48.18406,-13.32395],[48.18477,-13.31959],[48.18259,-13.30309],[48.19063,-13.30086],[48.19887,-13.29297],[48.20209,-13.27601],[48.20003,-13.27264],[48.19092,-13.27563],[48.1837,-13.26371],[48.1739,-13.25897],[48.17331,-13.25291],[48.17991,-13.25041],[48.18592,-13.25382],[48.19384,-13.25031],[48.19881,-13.25281],[48.1995,-13.26105],[48.21152,-13.26685],[48.2079,-13.27325],[48.21034,-13.27894],[48.21976,-13.28226],[48.22406,-13.27407],[48.24344,-13.27994],[48.25902,-13.27354],[48.26217,-13.26199],[48.25788,-13.2465],[48.25289,-13.24619]]],[[[48.33926,-13.6947],[48.33668,-13.68965],[48.34272,-13.69126],[48.33926,-13.6947]]],[[[48.32654,-21.25063],[48.34227,-21.24573],[48.33945,-21.25019],[48.32654,-21.25063]]],[[[48.32419,-21.25895],[48.32187,-21.25853],[48.32592,-21.25461],[48.32419,-21.25895]]],[[[48.31698,-13.6624],[48.31705,-13.65597],[48.32373,-13.65887],[48.31698,-13.6624]]],[[[48.31887,-13.79707],[48.31601,-13.79421],[48.31852,-13.7932],[48.31887,-13.79707]]],[[[48.23431,-13.27392],[48.23038,-13.27323],[48.22967,-13.26589],[48.23675,-13.26764],[48.23431,-13.27392]]],[[[48.19328,-13.72629],[48.18866,-13.71658],[48.19207,-13.7174],[48.19328,-13.72629]]],[[[48.18513,-13.2766],[48.17864,-13.26996],[48.18493,-13.27093],[48.18513,-13.2766]]],[[[48.15123,-13.32101],[48.15305,-13.31151],[48.14887,-13.3094],[48.1483,-13.30245],[48.15578,-13.29223],[48.16442,-13.29465],[48.17445,-13.29115],[48.17676,-13.29607],[48.17511,-13.30249],[48.16606,-13.31166],[48.15474,-13.31307],[48.15123,-13.32101]]],[[[48.17388,-14.52753],[48.17129,-14.52707],[48.17172,-14.52705],[48.17388,-14.52753]]],[[[48.15978,-21.79665],[48.1593,-21.79304],[48.16677,-21.79137],[48.15978,-21.79665]]],[[[48.09617,-13.57162],[48.09214,-13.56746],[48.0963,-13.56107],[48.09617,-13.57162]]],[[[48.02992,-13.56685],[48.03,-13.56081],[48.03422,-13.56008],[48.03522,-13.56383],[48.02992,-13.56685]]],[[[48.02668,-14.0593],[48.01945,-14.05989],[48.01357,-14.06586],[48.00015,-14.06351],[47.99508,-14.05585],[47.98876,-14.05657],[47.97416,-14.04916],[47.94849,-14.0209],[47.92919,-14.01663],[47.92343,-14.00975],[47.9235,-14.00434],[47.93347,-14.00101],[47.95592,-14.00421],[47.95718,-14.01011],[47.96573,-14.00885],[47.97263,-14.01224],[47.9739,-14.00862],[47.98787,-14.00858],[47.99067,-13.99014],[47.98594,-13.9817],[47.98909,-13.98076],[47.99661,-13.99097],[47.99615,-13.99651],[48.00167,-13.99725],[48.00883,-14.00403],[48.00677,-14.01096],[48.00896,-14.01471],[48.00656,-14.01662],[48.00422,-14.01401],[48.00192,-14.02866],[48.02445,-14.04026],[48.02846,-14.04623],[48.02461,-14.04824],[48.02668,-14.0593]]],[[[48.02363,-14.70005],[48.02102,-14.69757],[48.02474,-14.69684],[48.02363,-14.70005]]],[[[48.02396,-14.03691],[48.0182,-14.03375],[48.01984,-14.02913],[48.02396,-14.03691]]],[[[48.02435,-13.57052],[48.01831,-13.5698],[48.01864,-13.5644],[48.01151,-13.56625],[48.01371,-13.55881],[48.02389,-13.56511],[48.02435,-13.57052]]],[[[48.01613,-14.68824],[48.01006,-14.68739],[48.0122,-14.68562],[48.01613,-14.68824]]],[[[47.99364,-14.64282],[47.98844,-14.63928],[47.99114,-14.6341],[47.99364,-14.64282]]],[[[47.98975,-14.82251],[47.9855,-14.82154],[47.98464,-14.8164],[47.98952,-14.81557],[47.98975,-14.82251]]],[[[47.98879,-14.82973],[47.98494,-14.8285],[47.98715,-14.82602],[47.98879,-14.82973]]],[[[47.98634,-14.74702],[47.98521,-14.74202],[47.98814,-14.74326],[47.98634,-14.74702]]],[[[47.94442,-14.79633],[47.94536,-14.78731],[47.94774,-14.78754],[47.95074,-14.79458],[47.94442,-14.79633]]],[[[47.94234,-14.56214],[47.9365,-14.5599],[47.93911,-14.55767],[47.94613,-14.55926],[47.94234,-14.56214]]],[[[47.8807,-22.40357],[47.87299,-22.39856],[47.87474,-22.39622],[47.8807,-22.40357]]],[[[47.86732,-14.64582],[47.86463,-14.64264],[47.86911,-14.6413],[47.86732,-14.64582]]],[[[47.86485,-22.3861],[47.85343,-22.38206],[47.85587,-22.3797],[47.86485,-22.3861]]],[[[47.82237,-14.18406],[47.80003,-14.16978],[47.80153,-14.152],[47.79785,-14.14278],[47.80261,-14.14349],[47.80773,-14.15193],[47.81802,-14.15232],[47.81877,-14.15952],[47.83242,-14.17532],[47.82237,-14.18406]]],[[[47.78837,-13.9699],[47.79542,-13.98603],[47.80209,-13.99291],[47.80179,-14.00089],[47.80626,-14.01036],[47.816,-14.02003],[47.83213,-14.05601],[47.8168,-14.05323],[47.80616,-14.04563],[47.79562,-14.04575],[47.7859,-14.03814],[47.78734,-14.0268],[47.77807,-14.00116],[47.7848,-13.99105],[47.78306,-13.97742],[47.78837,-13.9699]]],[[[47.83101,-13.61545],[47.82732,-13.61485],[47.82621,-13.60984],[47.83101,-13.61545]]],[[[47.82057,-13.60038],[47.81181,-13.59391],[47.80446,-13.59593],[47.81258,-13.59275],[47.81276,-13.58502],[47.82073,-13.59214],[47.82057,-13.60038]]],[[[47.76583,-13.95883],[47.76004,-13.93753],[47.77132,-13.93276],[47.77763,-13.94222],[47.77837,-13.94929],[47.76583,-13.95883]]],[[[47.74023,-14.10943],[47.74344,-14.11056],[47.75545,-14.10465],[47.7563,-14.10979],[47.76135,-14.11295],[47.7467,-14.12316],[47.73409,-14.11622],[47.73456,-14.11107],[47.74023,-14.10943]]],[[[47.67719,-14.64371],[47.67465,-14.64156],[47.6766,-14.63844],[47.68005,-14.63918],[47.67719,-14.64371]]],[[[47.6759,-14.6028],[47.67506,-14.59882],[47.67797,-14.59853],[47.67959,-14.60134],[47.6759,-14.6028]]],[[[47.63531,-14.36654],[47.63389,-14.35831],[47.64707,-14.35662],[47.65057,-14.36173],[47.63531,-14.36654]]],[[[47.58424,-14.51823],[47.58653,-14.51074],[47.5944,-14.50614],[47.6016,-14.5116],[47.60742,-14.51153],[47.60834,-14.52234],[47.60355,-14.53089],[47.60403,-14.53835],[47.61121,-14.54174],[47.61381,-14.53875],[47.61712,-14.54979],[47.62344,-14.54817],[47.62261,-14.54535],[47.63069,-14.5468],[47.6269,-14.56126],[47.63063,-14.56431],[47.62926,-14.57076],[47.61694,-14.57991],[47.60756,-14.58027],[47.60804,-14.56431],[47.5998,-14.57186],[47.59946,-14.57663],[47.57814,-14.58498],[47.57452,-14.55798],[47.57026,-14.55494],[47.58195,-14.54902],[47.58206,-14.5579],[47.59178,-14.55316],[47.59109,-14.53926],[47.58349,-14.5445],[47.58406,-14.54848],[47.57793,-14.5443],[47.5777,-14.52422],[47.58424,-14.51823]]],[[[47.60918,-23.34182],[47.60651,-23.34083],[47.60573,-23.33621],[47.60918,-23.34182]]],[[[47.59189,-23.58367],[47.58814,-23.5773],[47.59367,-23.57463],[47.59495,-23.58297],[47.59189,-23.58367]]],[[[47.59003,-23.60286],[47.59102,-23.59603],[47.58764,-23.5948],[47.58898,-23.59169],[47.59261,-23.59189],[47.59389,-23.59997],[47.59003,-23.60286]]],[[[47.57666,-23.80323],[47.56556,-23.8002],[47.56843,-23.79693],[47.57599,-23.79745],[47.57666,-23.80323]]],[[[47.52317,-15],[47.52499,-14.99543],[47.5479,-14.98437],[47.54659,-15.00807],[47.5256,-15.02439],[47.52058,-15.02625],[47.50837,-15.02368],[47.50489,-15.0317],[47.49752,-15.0359],[47.50202,-15.02427],[47.52317,-15]]],[[[47.44115,-23.18784],[47.45002,-23.19336],[47.44294,-23.1945],[47.44115,-23.18784]]],[[[47.39391,-24.1724],[47.39048,-24.16923],[47.39299,-24.16855],[47.39391,-24.1724]]],[[[47.36404,-14.90769],[47.36192,-14.90706],[47.3645,-14.90163],[47.38041,-14.89168],[47.38204,-14.89527],[47.36404,-14.90769]]],[[[47.35504,-24.2853],[47.35307,-24.28481],[47.35797,-24.27664],[47.36271,-24.27502],[47.35504,-24.2853]]],[[[47.35078,-24.28254],[47.34698,-24.28169],[47.34845,-24.27807],[47.35536,-24.27192],[47.35533,-24.27796],[47.35078,-24.28254]]],[[[47.30878,-15.42981],[47.31353,-15.42914],[47.33574,-15.4411],[47.34263,-15.44142],[47.3422,-15.44876],[47.32993,-15.44361],[47.31353,-15.44944],[47.3039,-15.44272],[47.28232,-15.4356],[47.26298,-15.43941],[47.26335,-15.4367],[47.25601,-15.43317],[47.25624,-15.42956],[47.25969,-15.42979],[47.25882,-15.4222],[47.2894,-15.42781],[47.30035,-15.43362],[47.30878,-15.42981]]],[[[47.32141,-15.43065],[47.31892,-15.43213],[47.31532,-15.42928],[47.32141,-15.43065]]],[[[47.30269,-15.43078],[47.29234,-15.42396],[47.29464,-15.42132],[47.29166,-15.41607],[47.29404,-15.4145],[47.30336,-15.41723],[47.30269,-15.43078]]],[[[47.25127,-15.46116],[47.22891,-15.4552],[47.22968,-15.45262],[47.24109,-15.45225],[47.24425,-15.44964],[47.2401,-15.44698],[47.24578,-15.4446],[47.25749,-15.4468],[47.25985,-15.44395],[47.25935,-15.44704],[47.26254,-15.44739],[47.29435,-15.44269],[47.2994,-15.44354],[47.30264,-15.44904],[47.2825,-15.45182],[47.27715,-15.44802],[47.26529,-15.45612],[47.25708,-15.45788],[47.2536,-15.45521],[47.25127,-15.46116]]],[[[47.28816,-15.41468],[47.28992,-15.42651],[47.27023,-15.4226],[47.2739,-15.41767],[47.28369,-15.41525],[47.28416,-15.40997],[47.28816,-15.41468]]],[[[47.27669,-15.41372],[47.27361,-15.41612],[47.27066,-15.41332],[47.27669,-15.41372]]],[[[47.27118,-15.41203],[47.26927,-15.40729],[47.27485,-15.408],[47.27118,-15.41203]]],[[[47.26614,-15.5098],[47.26109,-15.50946],[47.2608,-15.50676],[47.26449,-15.50454],[47.26614,-15.5098]]],[[[47.12137,-24.94391],[47.1199,-24.94046],[47.12424,-24.93873],[47.12137,-24.94391]]],[[[47.07595,-15.63785],[47.07221,-15.63647],[47.07432,-15.63452],[47.07595,-15.63785]]],[[[47.03875,-15.69254],[47.03182,-15.69054],[47.03219,-15.68796],[47.03882,-15.68636],[47.03875,-15.69254]]],[[[47.03327,-15.70315],[47.03136,-15.69788],[47.03377,-15.69928],[47.03327,-15.70315]]],[[[47.02529,-15.70219],[47.01915,-15.69929],[47.02311,-15.69667],[47.02529,-15.70219]]],[[[46.95545,-15.73875],[46.95621,-15.7345],[46.95861,-15.7355],[46.95545,-15.73875]]],[[[46.95084,-15.75656],[46.94854,-15.75259],[46.95094,-15.75334],[46.95084,-15.75656]]],[[[46.76312,-16.65969],[46.75988,-16.65534],[46.76442,-16.65505],[46.76312,-16.65969]]],[[[46.69745,-16.57396],[46.69512,-16.56806],[46.70081,-16.56132],[46.70499,-16.56618],[46.69745,-16.57396]]],[[[46.69415,-16.56317],[46.69104,-16.55934],[46.69166,-16.55392],[46.69591,-16.55144],[46.70208,-16.5541],[46.70317,-16.55692],[46.69598,-16.5584],[46.69415,-16.56317]]],[[[46.69689,-16.60173],[46.70023,-16.60253],[46.69839,-16.60563],[46.69689,-16.60173]]],[[[46.69375,-16.5785],[46.69119,-16.57659],[46.69355,-16.57091],[46.696,-16.57681],[46.69375,-16.5785]]],[[[46.66994,-16.44928],[46.66512,-16.44816],[46.66293,-16.44161],[46.67176,-16.44424],[46.67587,-16.44125],[46.67571,-16.43738],[46.68133,-16.44017],[46.6766,-16.44845],[46.66994,-16.44928]]],[[[46.55541,-16.02131],[46.55126,-16.01786],[46.52433,-16.01445],[46.52511,-16.01135],[46.51425,-16.00255],[46.51566,-15.99481],[46.52209,-15.99991],[46.54104,-16.0048],[46.54201,-16.00982],[46.54615,-16.01236],[46.55442,-16.01321],[46.55386,-16.01025],[46.55784,-16.00842],[46.57255,-16.01629],[46.60189,-16.02252],[46.60218,-16.02483],[46.60938,-16.02581],[46.6086,-16.02839],[46.61766,-16.02909],[46.61901,-16.03217],[46.62246,-16.0297],[46.63797,-16.03795],[46.63549,-16.04467],[46.63833,-16.04993],[46.62083,-16.07543],[46.61727,-16.09709],[46.61241,-16.10498],[46.60815,-16.10566],[46.60424,-16.09951],[46.59416,-16.07203],[46.58363,-16.05433],[46.5829,-16.04506],[46.56544,-16.02626],[46.55541,-16.02131]]],[[[46.61636,-16.13213],[46.61369,-16.13202],[46.61445,-16.12648],[46.61636,-16.13213]]],[[[46.57584,-16.16373],[46.57207,-16.15847],[46.58161,-16.15132],[46.5822,-16.15866],[46.57584,-16.16373]]],[[[46.5722,-16.37598],[46.56578,-16.37371],[46.57477,-16.36399],[46.57738,-16.35624],[46.57839,-16.36628],[46.5722,-16.37598]]],[[[46.57007,-16.17484],[46.56777,-16.17164],[46.57023,-16.16184],[46.57465,-16.16541],[46.57007,-16.17484]]],[[[46.56641,-16.18414],[46.56611,-16.17977],[46.56797,-16.17962],[46.56641,-16.18414]]],[[[46.45439,-16.02859],[46.43678,-16.02343],[46.43287,-16.01676],[46.4156,-16.00476],[46.43479,-16.00567],[46.45296,-16.01404],[46.46414,-16.01448],[46.46471,-16.0186],[46.47721,-16.01723],[46.47857,-16.02044],[46.5034,-16.02864],[46.51786,-16.03897],[46.51202,-16.04171],[46.54689,-16.0394],[46.55193,-16.03602],[46.55967,-16.03802],[46.56778,-16.0538],[46.5385,-16.05685],[46.51204,-16.04442],[46.48951,-16.0411],[46.48668,-16.03622],[46.47603,-16.03707],[46.47255,-16.03465],[46.46751,-16.03764],[46.46641,-16.03276],[46.4587,-16.03526],[46.45439,-16.02859]]],[[[46.5445,-16.21199],[46.54815,-16.18441],[46.56095,-16.16783],[46.56092,-16.18096],[46.5445,-16.21199]]],[[[46.54777,-16.0327],[46.52245,-16.02953],[46.50357,-16.01563],[46.51209,-16.01518],[46.51985,-16.02028],[46.52095,-16.02491],[46.53986,-16.0249],[46.54788,-16.02884],[46.54777,-16.0327]]],[[[46.49201,-15.96561],[46.48639,-15.96101],[46.4885,-15.95932],[46.49201,-15.96561]]],[[[46.38299,-15.75267],[46.37793,-15.7518],[46.3803,-15.7483],[46.37628,-15.74408],[46.38052,-15.74096],[46.3863,-15.74994],[46.38299,-15.75267]]],[[[46.14118,-16.24136],[46.14468,-16.24827],[46.14093,-16.25725],[46.1382,-16.25758],[46.14118,-16.24136]]],[[[46.07921,-15.80075],[46.06949,-15.79887],[46.072,-15.79641],[46.09269,-15.78523],[46.09696,-15.78585],[46.09831,-15.79074],[46.09528,-15.79617],[46.09302,-15.79669],[46.09246,-15.79128],[46.08476,-15.7939],[46.07921,-15.80075]]],[[[46.09099,-15.86433],[46.08297,-15.85702],[46.08669,-15.85598],[46.08697,-15.85881],[46.09483,-15.86083],[46.09099,-15.86433]]],[[[46.01609,-16.15812],[46.01101,-16.15556],[46.0134,-16.15452],[46.01609,-16.15812]]],[[[46.00057,-16.14711],[45.9955,-16.14469],[45.99467,-16.14018],[45.99975,-16.14184],[46.00057,-16.14711]]],[[[45.97882,-15.84052],[45.97614,-15.83589],[45.9867,-15.83653],[45.97882,-15.84052]]],[[[45.97283,-15.81118],[45.98025,-15.80496],[45.97565,-15.78862],[45.98006,-15.79388],[45.982,-15.80907],[45.97283,-15.81118]]],[[[45.90059,-15.72312],[45.89818,-15.71952],[45.90372,-15.70778],[45.9077,-15.70647],[45.90654,-15.71588],[45.90059,-15.72312]]],[[[45.89983,-15.85271],[45.89369,-15.84758],[45.89418,-15.83779],[45.89737,-15.83804],[45.89474,-15.84449],[45.89954,-15.84524],[45.89983,-15.85271]]],[[[45.78992,-15.8561],[45.79639,-15.84229],[45.80145,-15.84408],[45.78992,-15.8561]]],[[[45.79014,-15.84425],[45.78361,-15.84105],[45.78024,-15.82973],[45.78513,-15.81992],[45.78283,-15.81053],[45.78977,-15.81527],[45.78838,-15.83459],[45.7924,-15.84179],[45.79014,-15.84425]]],[[[45.60917,-15.84599],[45.61074,-15.83903],[45.63359,-15.82699],[45.61632,-15.83657],[45.60917,-15.84599]]],[[[45.61919,-15.85936],[45.62273,-15.84157],[45.6283,-15.83769],[45.62251,-15.85742],[45.61919,-15.85936]]],[[[45.62523,-15.8779],[45.62177,-15.87687],[45.61906,-15.86039],[45.62173,-15.8627],[45.62163,-15.87404],[45.62523,-15.8779]]],[[[45.61373,-15.85783],[45.6113,-15.84805],[45.62058,-15.83772],[45.62113,-15.84055],[45.61634,-15.84185],[45.61489,-15.84598],[45.61677,-15.85112],[45.61211,-15.85294],[45.61373,-15.85783]]],[[[45.6162,-16.0575],[45.61059,-16.05133],[45.61068,-16.04025],[45.61375,-16.0405],[45.6162,-16.0575]]],[[[45.5874,-16.05011],[45.58099,-16.04574],[45.58256,-16.03286],[45.59256,-16.03618],[45.5874,-16.05011]]],[[[45.57564,-16.03494],[45.57509,-16.02979],[45.58813,-16.02666],[45.58885,-16.02958],[45.58428,-16.03182],[45.58255,-16.02912],[45.57802,-16.03003],[45.57564,-16.03494]]],[[[45.56402,-16.07155],[45.55254,-16.06527],[45.54851,-16.05278],[45.55384,-16.052],[45.55598,-16.05457],[45.55916,-16.04967],[45.56983,-16.05453],[45.57171,-16.06084],[45.57518,-16.06122],[45.58182,-16.0545],[45.58131,-16.06223],[45.57359,-16.06341],[45.5728,-16.06766],[45.56721,-16.06948],[45.56188,-16.06821],[45.56402,-16.07155]]],[[[45.56991,-16.08313],[45.56563,-16.0785],[45.5699,-16.07875],[45.56991,-16.08313]]],[[[45.56042,-16.0239],[45.5632,-16.01951],[45.55615,-16.02223],[45.55626,-16.01386],[45.55906,-16.01295],[45.56666,-16.01641],[45.56042,-16.0239]]],[[[45.5266,-15.95886],[45.52889,-15.95536],[45.53613,-15.95543],[45.5266,-15.95886]]],[[[45.2746,-16.04764],[45.27672,-16.03862],[45.27965,-16.03991],[45.2746,-16.04764]]],[[[44.97405,-16.14985],[45.01137,-16.1246],[45.0007,-16.13091],[45.00204,-16.13297],[44.99404,-16.14006],[44.97405,-16.14985]]],[[[44.98871,-16.16917],[44.98604,-16.16273],[44.98911,-16.16299],[44.98871,-16.16917]]],[[[44.97538,-16.16853],[44.97565,-16.15989],[44.97831,-16.16041],[44.97724,-16.16543],[44.98018,-16.16479],[44.98044,-16.16814],[44.97538,-16.16853]]],[[[44.94578,-16.17457],[44.94378,-16.17174],[44.94685,-16.16272],[44.96205,-16.15616],[44.95005,-16.16363],[44.94578,-16.17457]]],[[[44.88621,-16.20679],[44.88471,-16.20366],[44.89139,-16.19104],[44.92765,-16.18217],[44.93032,-16.18616],[44.93591,-16.18668],[44.92232,-16.18552],[44.92058,-16.19776],[44.91565,-16.20085],[44.91712,-16.1908],[44.91271,-16.20252],[44.90405,-16.2011],[44.90365,-16.19337],[44.90765,-16.18963],[44.90018,-16.19105],[44.89938,-16.19517],[44.88621,-16.20679]]],[[[44.90656,-16.23434],[44.90336,-16.23098],[44.90656,-16.2315],[44.90656,-16.23434]]],[[[44.87752,-16.1926],[44.88472,-16.18885],[44.88099,-16.19465],[44.87538,-16.19722],[44.87752,-16.1926]]],[[[44.88162,-16.20366],[44.88125,-16.20362],[44.88178,-16.20362],[44.88162,-16.20366]]],[[[44.79671,-16.2139],[44.76165,-16.20562],[44.75938,-16.20833],[44.74925,-16.20561],[44.69352,-16.20747],[44.68499,-16.20488],[44.76632,-16.20318],[44.79058,-16.20707],[44.79671,-16.2139]]],[[[44.78614,-16.37247],[44.78187,-16.36822],[44.78935,-16.36694],[44.79121,-16.3708],[44.78614,-16.37247]]],[[[44.72636,-19.68009],[44.73915,-19.67405],[44.74704,-19.67497],[44.74459,-19.67805],[44.72636,-19.68009]]],[[[44.7043,-19.69924],[44.70228,-19.69293],[44.70514,-19.68752],[44.70786,-19.68778],[44.7043,-19.69924]]],[[[44.70212,-19.70477],[44.6994,-19.70193],[44.70349,-19.70065],[44.70212,-19.70477]]],[[[44.67353,-16.20267],[44.64447,-16.20018],[44.67513,-16.20036],[44.67353,-16.20267]]],[[[44.6362,-16.20222],[44.61861,-16.19846],[44.61742,-16.19562],[44.6362,-16.20222]]],[[[44.52177,-19.99283],[44.51633,-19.99166],[44.51607,-19.98728],[44.506,-19.98506],[44.5248,-19.98279],[44.52683,-19.98795],[44.52177,-19.99283]]],[[[44.5156,-19.69226],[44.50965,-19.6831],[44.51711,-19.68763],[44.5156,-19.69226]]],[[[44.5078,-19.84149],[44.51163,-19.83673],[44.51407,-19.83854],[44.5078,-19.84149]]],[[[44.50024,-19.64895],[44.49183,-19.6439],[44.49541,-19.62846],[44.50274,-19.63196],[44.50787,-19.64125],[44.50704,-19.64794],[44.50024,-19.64895]]],[[[44.50469,-19.79164],[44.50253,-19.78546],[44.50798,-19.78418],[44.50469,-19.79164]]],[[[44.5039,-19.78379],[44.50118,-19.78365],[44.50364,-19.77876],[44.50745,-19.78058],[44.5039,-19.78379]]],[[[44.49546,-19.95683],[44.50404,-19.95686],[44.50489,-19.95959],[44.49546,-19.95683]]],[[[44.48354,-19.68509],[44.4632,-19.66752],[44.46403,-19.6634],[44.46866,-19.66303],[44.46664,-19.65632],[44.47211,-19.64681],[44.472,-19.63831],[44.48616,-19.63075],[44.49214,-19.6309],[44.49073,-19.64764],[44.49644,-19.64701],[44.50279,-19.65849],[44.49311,-19.66722],[44.49742,-19.6792],[44.48354,-19.68509]]],[[[44.50196,-19.9937],[44.49717,-19.99395],[44.49807,-19.99163],[44.50196,-19.9937]]],[[[44.48646,-19.79069],[44.47696,-19.78641],[44.47453,-19.77997],[44.48348,-19.78875],[44.48717,-19.78207],[44.49628,-19.78338],[44.49613,-19.78724],[44.48703,-19.78348],[44.48646,-19.79069]]],[[[44.4875,-19.84954],[44.4835,-19.8477],[44.49065,-19.8444],[44.49093,-19.84028],[44.49554,-19.8457],[44.49349,-19.8493],[44.4875,-19.84954]]],[[[44.48584,-20.02672],[44.49236,-20.02677],[44.49326,-20.03],[44.48584,-20.02672]]],[[[44.49015,-20.00208],[44.48619,-20.00057],[44.49043,-19.99725],[44.49325,-20.0003],[44.49015,-20.00208]]],[[[44.49187,-19.80217],[44.48754,-19.79481],[44.49189,-19.79676],[44.49187,-19.80217]]],[[[44.47859,-16.61218],[44.46259,-16.60312],[44.45834,-16.59332],[44.46104,-16.58238],[44.49093,-16.59598],[44.49091,-16.60087],[44.48343,-16.60098],[44.48062,-16.60394],[44.47859,-16.61218]]],[[[44.47924,-20.0025],[44.47681,-19.99502],[44.47927,-19.99477],[44.47924,-20.0025]]],[[[44.47838,-19.68263],[44.46968,-19.68131],[44.47676,-19.67979],[44.47838,-19.68263]]],[[[44.47114,-20.03303],[44.47325,-20.03594],[44.46969,-20.03561],[44.47114,-20.03303]]],[[[44.46544,-16.73052],[44.46117,-16.72948],[44.46065,-16.72085],[44.46467,-16.71944],[44.47214,-16.72371],[44.46544,-16.73052]]],[[[44.47083,-16.71392],[44.46696,-16.71339],[44.4663,-16.70824],[44.47165,-16.7098],[44.47083,-16.71392]]],[[[44.44532,-20.04193],[44.44247,-20.03818],[44.45305,-20.01375],[44.46313,-19.97206],[44.47011,-19.96358],[44.46557,-19.9767],[44.46663,-19.98495],[44.46227,-19.98468],[44.46307,-19.98957],[44.45884,-19.99291],[44.45646,-20.0117],[44.44535,-20.03459],[44.44532,-20.04193]]],[[[44.46222,-20.0403],[44.45897,-20.03566],[44.46238,-20.03464],[44.46445,-20.02718],[44.46976,-20.02492],[44.46865,-20.03337],[44.46222,-20.0403]]],[[[44.46125,-16.31418],[44.45873,-16.30915],[44.46408,-16.30195],[44.46125,-16.31418]]],[[[44.45401,-16.70666],[44.45268,-16.70344],[44.46275,-16.68839],[44.45401,-16.70666]]],[[[44.44282,-16.22693],[44.43898,-16.21687],[44.4413,-16.19858],[44.44959,-16.18791],[44.46267,-16.18344],[44.44866,-16.18984],[44.44437,-16.19679],[44.44085,-16.21739],[44.44282,-16.22693]]],[[[44.45807,-19.65823],[44.44531,-19.6533],[44.44614,-19.65034],[44.46162,-19.6527],[44.45807,-19.65823]]],[[[44.46106,-19.73821],[44.45719,-19.73489],[44.45873,-19.73408],[44.46106,-19.73821]]],[[[44.4556,-20.06501],[44.45862,-20.05768],[44.4586,-20.0645],[44.4556,-20.06501]]],[[[44.45135,-19.55493],[44.44854,-19.54166],[44.45141,-19.53768],[44.45764,-19.54401],[44.45135,-19.55493]]],[[[44.45718,-16.33852],[44.45105,-16.33412],[44.44145,-16.33487],[44.44145,-16.33229],[44.45081,-16.32691],[44.45718,-16.33852]]],[[[44.45049,-16.72211],[44.45185,-16.71567],[44.45479,-16.71517],[44.45545,-16.718],[44.45049,-16.72211]]],[[[44.44278,-19.75695],[44.43237,-19.73837],[44.4342,-19.73112],[44.45311,-19.73363],[44.44934,-19.73586],[44.45466,-19.74179],[44.45491,-19.74849],[44.44935,-19.74409],[44.44878,-19.7513],[44.44075,-19.75282],[44.44278,-19.75695]]],[[[44.44408,-16.72132],[44.44195,-16.71874],[44.45361,-16.70795],[44.44408,-16.72132]]],[[[44.42204,-16.31099],[44.43973,-16.28128],[44.44191,-16.26583],[44.44781,-16.25476],[44.45019,-16.26095],[44.44336,-16.27304],[44.44077,-16.29275],[44.43743,-16.2939],[44.43005,-16.30882],[44.42605,-16.30791],[44.42123,-16.31575],[44.42627,-16.32568],[44.41963,-16.31291],[44.42204,-16.31099]]],[[[44.44673,-16.44695],[44.44689,-16.43974],[44.44875,-16.44155],[44.44673,-16.44695]]],[[[44.43952,-19.76006],[44.44749,-19.7701],[44.44598,-19.77331],[44.44191,-19.77266],[44.43952,-19.76006]]],[[[44.44143,-16.71281],[44.44532,-16.70715],[44.44666,-16.70793],[44.44143,-16.71281]]],[[[44.434,-19.70052],[44.44032,-19.67994],[44.44468,-19.67956],[44.446,-19.68884],[44.43726,-19.7004],[44.434,-19.70052]]],[[[44.44255,-19.58671],[44.44106,-19.58439],[44.44571,-19.57668],[44.44255,-19.58671]]],[[[44.44473,-16.30461],[44.44208,-16.29855],[44.44582,-16.2983],[44.44473,-16.30461]]],[[[44.42045,-16.30738],[44.43725,-16.26427],[44.43865,-16.23954],[44.44026,-16.23542],[44.44359,-16.2362],[44.44447,-16.25527],[44.42996,-16.29259],[44.42045,-16.30738]]],[[[44.43905,-19.81231],[44.44072,-19.80098],[44.44381,-19.8113],[44.43905,-19.81231]]],[[[44.43515,-20.06649],[44.43461,-20.06365],[44.44199,-20.05814],[44.43515,-20.06649]]],[[[44.43988,-16.69323],[44.43936,-16.68782],[44.44123,-16.68885],[44.43988,-16.69323]]],[[[44.4386,-19.62817],[44.43633,-19.61786],[44.44002,-19.61194],[44.4386,-19.62817]]],[[[44.43852,-16.70289],[44.43651,-16.70249],[44.43827,-16.69683],[44.43852,-16.70289]]],[[[44.43788,-19.75822],[44.43555,-19.76156],[44.43383,-19.75388],[44.43788,-19.75822]]],[[[44.43752,-19.78282],[44.4363,-19.77959],[44.43263,-19.78036],[44.43094,-19.75946],[44.43594,-19.7662],[44.43752,-19.78282]]],[[[44.43658,-16.35701],[44.43312,-16.35494],[44.43393,-16.35057],[44.43753,-16.35083],[44.43658,-16.35701]]],[[[44.42593,-16.39615],[44.41505,-16.37422],[44.4066,-16.34354],[44.40466,-16.32421],[44.40785,-16.32628],[44.40649,-16.33632],[44.41428,-16.36442],[44.4159,-16.35773],[44.41126,-16.34741],[44.41154,-16.34226],[44.41439,-16.34141],[44.41731,-16.37628],[44.43628,-16.41653],[44.43427,-16.41704],[44.42593,-16.39615]]],[[[44.43051,-20.0675],[44.42766,-20.06569],[44.43246,-20.05695],[44.43463,-20.0585],[44.43051,-20.0675]]],[[[44.43437,-16.38406],[44.43037,-16.38379],[44.42507,-16.36935],[44.42723,-16.36137],[44.43294,-16.36989],[44.43437,-16.38406]]],[[[44.43193,-19.74739],[44.42827,-19.74274],[44.42831,-19.73321],[44.42451,-19.7314],[44.42268,-19.70821],[44.42038,-19.70692],[44.41764,-19.71283],[44.41048,-19.69942],[44.40893,-19.67572],[44.41208,-19.66955],[44.41355,-19.6765],[44.41588,-19.67239],[44.41846,-19.67446],[44.41813,-19.69017],[44.42044,-19.69069],[44.42004,-19.68657],[44.424,-19.68349],[44.42231,-19.69971],[44.4261,-19.70281],[44.42538,-19.71466],[44.43193,-19.74739]]],[[[44.42289,-19.61408],[44.42563,-19.60623],[44.43026,-19.60419],[44.42289,-19.61408]]],[[[44.42723,-16.36047],[44.42617,-16.35699],[44.42884,-16.35648],[44.42723,-16.36047]]],[[[44.42578,-19.33233],[44.42173,-19.32781],[44.42512,-19.32859],[44.42578,-19.33233]]],[[[44.40968,-20.09885],[44.40971,-20.0901],[44.4229,-20.06336],[44.42541,-20.07306],[44.40968,-20.09885]]],[[[44.41984,-19.85564],[44.41049,-19.84544],[44.40361,-19.82945],[44.40581,-19.82147],[44.40894,-19.82277],[44.40753,-19.83436],[44.4101,-19.83926],[44.41524,-19.84726],[44.42231,-19.84973],[44.41984,-19.85564]]],[[[44.4201,-19.32819],[44.41712,-19.32522],[44.42187,-19.32601],[44.4201,-19.32819]]],[[[44.42073,-19.72237],[44.41878,-19.73079],[44.41635,-19.72982],[44.42073,-19.72237]]],[[[44.41591,-20.10943],[44.41538,-20.1048],[44.41906,-20.10584],[44.41591,-20.10943]]],[[[44.41597,-19.79653],[44.41163,-19.79239],[44.41463,-19.79111],[44.41597,-19.79653]]],[[[44.41023,-16.3353],[44.4088,-16.32293],[44.41214,-16.32204],[44.41532,-16.3281],[44.41023,-16.3353]]],[[[44.40891,-19.7929],[44.40552,-19.78928],[44.40757,-19.78697],[44.40891,-19.7929]]],[[[44.38531,-20.12581],[44.37959,-20.1254],[44.37919,-20.1227],[44.39382,-20.11245],[44.39493,-20.10601],[44.40739,-20.09267],[44.40612,-20.10348],[44.40067,-20.10281],[44.4001,-20.10822],[44.39683,-20.10782],[44.39558,-20.11374],[44.38531,-20.12581]]],[[[44.40726,-19.6497],[44.40184,-19.64556],[44.40592,-19.64454],[44.40726,-19.6497]]],[[[44.40456,-19.79288],[44.39914,-19.78565],[44.40106,-19.78154],[44.40456,-19.79288]]],[[[44.39392,-19.76323],[44.40155,-19.72271],[44.39997,-19.74703],[44.39392,-19.76323]]],[[[44.3967,-19.78333],[44.39701,-19.77483],[44.40055,-19.77304],[44.3967,-19.78333]]],[[[44.39612,-19.79376],[44.39165,-19.78846],[44.39397,-19.78795],[44.39612,-19.79376]]],[[[44.36477,-20.14943],[44.37265,-20.12216],[44.37483,-20.12268],[44.37425,-20.13067],[44.36477,-20.14943]]],[[[44.35804,-20.19319],[44.37026,-20.14095],[44.36799,-20.16077],[44.35804,-20.19319]]],[[[44.33648,-20.1971],[44.35686,-20.14915],[44.36205,-20.1471],[44.36134,-20.1538],[44.35684,-20.15545],[44.35257,-20.16381],[44.35117,-20.1741],[44.33648,-20.1971]]],[[[44.33481,-16.85444],[44.33242,-16.84684],[44.33901,-16.83668],[44.3412,-16.82381],[44.34928,-16.8076],[44.35824,-16.80737],[44.35782,-16.81278],[44.35139,-16.81508],[44.34655,-16.8246],[44.33481,-16.85444]]],[[[44.32653,-16.84901],[44.32724,-16.83767],[44.33664,-16.8256],[44.34812,-16.79523],[44.3505,-16.8031],[44.32653,-16.84901]]],[[[44.34709,-20.20777],[44.34427,-20.20969],[44.34081,-20.20548],[44.35012,-20.19676],[44.34709,-20.20777]]],[[[44.34535,-19.29471],[44.3413,-19.28993],[44.33768,-19.28039],[44.34535,-19.29471]]],[[[44.32374,-16.88236],[44.32308,-16.87914],[44.31733,-16.87938],[44.31694,-16.87551],[44.32231,-16.87063],[44.32408,-16.86265],[44.31363,-16.86545],[44.33372,-16.8583],[44.32374,-16.88236]]],[[[44.33174,-19.2389],[44.28133,-19.17149],[44.28783,-19.17152],[44.28983,-19.1808],[44.31386,-19.20304],[44.32447,-19.226],[44.3284,-19.22679],[44.33174,-19.2389]]],[[[44.29805,-16.88163],[44.29807,-16.87725],[44.30909,-16.8626],[44.32364,-16.83341],[44.31864,-16.84847],[44.29805,-16.88163]]],[[[44.31641,-19.14471],[44.31615,-19.1402],[44.31967,-19.14073],[44.31641,-19.14471]]],[[[44.31917,-19.19662],[44.3169,-19.19017],[44.31269,-19.19144],[44.30704,-19.17996],[44.31734,-19.18116],[44.31917,-19.19662]]],[[[44.30876,-16.87948],[44.31362,-16.86829],[44.31615,-16.87061],[44.30876,-16.87948]]],[[[44.30649,-19.11737],[44.29514,-19.11179],[44.30354,-19.11144],[44.30649,-19.11737]]],[[[44.29837,-19.17928],[44.29597,-19.17026],[44.30167,-19.16874],[44.30502,-19.17854],[44.29837,-19.17928]]],[[[44.30009,-19.15817],[44.28401,-19.14781],[44.27753,-19.14031],[44.27903,-19.13839],[44.28874,-19.1504],[44.29294,-19.15093],[44.28661,-19.14112],[44.28691,-19.13494],[44.29124,-19.1365],[44.29376,-19.14913],[44.30009,-19.15817]]],[[[44.29108,-16.95837],[44.28937,-16.95038],[44.29631,-16.95401],[44.29536,-16.95774],[44.29108,-16.95837]]],[[[44.28621,-16.90168],[44.29041,-16.88753],[44.29255,-16.88779],[44.29212,-16.89423],[44.28621,-16.90168]]],[[[44.26436,-16.94643],[44.26276,-16.94307],[44.26629,-16.93149],[44.2811,-16.90759],[44.28512,-16.90683],[44.26436,-16.94643]]],[[[44.28276,-16.96337],[44.28009,-16.96117],[44.28252,-16.95551],[44.28506,-16.95629],[44.28276,-16.96337]]],[[[44.27348,-19.1626],[44.26987,-19.15831],[44.27192,-19.15317],[44.27348,-19.1626]]],[[[44.2706,-19.14634],[44.26452,-19.14206],[44.24255,-19.08686],[44.24409,-19.07592],[44.24923,-19.07813],[44.24582,-19.08223],[44.24605,-19.09073],[44.25048,-19.1008],[44.2586,-19.10173],[44.26127,-19.11063],[44.26627,-19.11425],[44.26814,-19.11941],[44.26516,-19.12043],[44.26997,-19.13513],[44.26414,-19.13717],[44.27171,-19.1408],[44.2706,-19.14634]]],[[[44.26577,-18.76371],[44.262,-18.75958],[44.26552,-18.75985],[44.26577,-18.76371]]],[[[44.26303,-19.01972],[44.26073,-19.01791],[44.26332,-19.01457],[44.26303,-19.01972]]],[[[44.26444,-18.75856],[44.25715,-18.75698],[44.25825,-18.75287],[44.26444,-18.75856]]],[[[44.25875,-19.00734],[44.25725,-18.98003],[44.26049,-18.98056],[44.2626,-18.99319],[44.25875,-19.00734]]],[[[44.26089,-19.01327],[44.25887,-19.01069],[44.25984,-19.0058],[44.26089,-19.01327]]],[[[44.25195,-18.95451],[44.25146,-18.91253],[44.2586,-18.91797],[44.25762,-18.92595],[44.26045,-18.93008],[44.25725,-18.94964],[44.25428,-18.94757],[44.25195,-18.95451]]],[[[44.25032,-16.97755],[44.2579,-16.95452],[44.26017,-16.95595],[44.25744,-16.97088],[44.25032,-16.97755]]],[[[44.25123,-19.05367],[44.24614,-19.04206],[44.24813,-19.0212],[44.25651,-19.02407],[44.25483,-19.03694],[44.25903,-19.0367],[44.25123,-19.05367]]],[[[44.25277,-19.01375],[44.24724,-19.00884],[44.2452,-19.01063],[44.24698,-18.9751],[44.25482,-18.97822],[44.25699,-19.00733],[44.25129,-19.01117],[44.25277,-19.01375]]],[[[44.25437,-19.07944],[44.25278,-19.07145],[44.25617,-19.0694],[44.25437,-19.07944]]],[[[44.25205,-16.97859],[44.25447,-16.97499],[44.2554,-16.97795],[44.25205,-16.97859]]],[[[44.24202,-16.9779],[44.2461,-16.96156],[44.25364,-16.95012],[44.24202,-16.9779]]],[[[44.24348,-17.01243],[44.24767,-17.00304],[44.25114,-17.00615],[44.24348,-17.01243]]],[[[44.24491,-16.99144],[44.24494,-16.98423],[44.2495,-16.98141],[44.24491,-16.99144]]],[[[44.23974,-20.40028],[44.24142,-20.3923],[44.24415,-20.39347],[44.23974,-20.40028]]],[[[44.24362,-19.05956],[44.23937,-19.04203],[44.24262,-19.0423],[44.24362,-19.05956]]],[[[44.23953,-19.00597],[44.23033,-18.94567],[44.23439,-18.9462],[44.23799,-18.95883],[44.23499,-18.96191],[44.23603,-18.97196],[44.24034,-18.97636],[44.24214,-18.99851],[44.23953,-19.00597]]],[[[44.23911,-19.03842],[44.23588,-19.00596],[44.23991,-19.01164],[44.23744,-19.01987],[44.24143,-19.03534],[44.23911,-19.03842]]],[[[44.23655,-17.00467],[44.23537,-17.00016],[44.24059,-16.99915],[44.23655,-17.00467]]],[[[44.22807,-20.38683],[44.23027,-20.38247],[44.23874,-20.38147],[44.22807,-20.38683]]],[[[44.21665,-17.02662],[44.21451,-17.02507],[44.23595,-16.9878],[44.23633,-16.9927],[44.23298,-16.99474],[44.22014,-17.02471],[44.21665,-17.02662]]],[[[44.2218,-25.22632],[44.21558,-25.22565],[44.21786,-25.22347],[44.22723,-25.21812],[44.22948,-25.21954],[44.2218,-25.22632]]],[[[44.21523,-17.04568],[44.22114,-17.04055],[44.22046,-17.0439],[44.21523,-17.04568]]],[[[44.21253,-20.40818],[44.21405,-20.40325],[44.21802,-20.40275],[44.21253,-20.40818]]],[[[44.21247,-17.06641],[44.21035,-17.06138],[44.21465,-17.05766],[44.21247,-17.06641]]],[[[44.19618,-20.42583],[44.20527,-20.41145],[44.208,-20.41172],[44.19618,-20.42583]]],[[[44.20008,-17.08298],[44.20534,-17.07424],[44.20734,-17.07605],[44.20008,-17.08298]]],[[[44.16335,-17.0903],[44.17586,-17.07747],[44.19825,-17.04072],[44.20323,-17.03494],[44.20656,-17.03715],[44.2056,-17.04281],[44.19675,-17.04741],[44.18257,-17.07466],[44.17086,-17.08685],[44.16793,-17.08504],[44.16335,-17.0903]]],[[[44.19654,-17.09455],[44.19763,-17.09069],[44.20004,-17.09148],[44.19654,-17.09455]]],[[[44.19178,-17.14258],[44.1894,-17.13703],[44.19301,-17.13756],[44.19178,-17.14258]]],[[[44.18712,-17.10559],[44.18743,-17.09555],[44.19198,-17.09788],[44.18712,-17.10559]]],[[[44.17779,-17.0959],[44.18266,-17.0851],[44.19043,-17.08371],[44.17779,-17.0959]]],[[[44.1696,-20.44142],[44.1836,-20.42912],[44.17452,-20.44067],[44.1696,-20.44142]]],[[[44.1657,-17.10345],[44.16895,-17.09547],[44.17864,-17.08547],[44.18118,-17.08651],[44.17309,-17.09729],[44.16922,-17.09612],[44.1657,-17.10345]]],[[[44.17371,-17.10992],[44.17026,-17.10243],[44.18101,-17.09462],[44.17387,-17.10425],[44.17371,-17.10992]]],[[[44.15881,-17.67476],[44.1591,-17.67064],[44.16528,-17.67092],[44.15881,-17.67476]]],[[[44.16302,-17.10472],[44.15954,-17.10445],[44.16171,-17.09647],[44.16302,-17.10472]]],[[[44.1583,-17.1409],[44.14746,-17.13763],[44.14978,-17.12914],[44.15542,-17.12684],[44.15464,-17.12117],[44.16081,-17.11914],[44.1583,-17.1409]]],[[[44.14041,-17.12807],[44.14799,-17.1102],[44.15067,-17.10982],[44.15307,-17.11279],[44.14041,-17.12807]]],[[[44.14358,-18.54324],[44.14551,-18.53655],[44.14861,-18.53682],[44.14358,-18.54324]]],[[[44.13498,-17.14324],[44.135,-17.1399],[44.14602,-17.1308],[44.14829,-17.13222],[44.13498,-17.14324]]],[[[44.12758,-20.48061],[44.13008,-20.47367],[44.14133,-20.46523],[44.14185,-20.46909],[44.1324,-20.47317],[44.12758,-20.48061]]],[[[44.13128,-17.13267],[44.13454,-17.12302],[44.14153,-17.11687],[44.13839,-17.12909],[44.13128,-17.13267]]],[[[44.13766,-20.4862],[44.13626,-20.48189],[44.14013,-20.4814],[44.13766,-20.4862]]],[[[44.11618,-17.21001],[44.11498,-17.2073],[44.12929,-17.18495],[44.12736,-17.16949],[44.13513,-17.16797],[44.13011,-17.18238],[44.13237,-17.18522],[44.13921,-17.18448],[44.13568,-17.19399],[44.12854,-17.20311],[44.12734,-17.2004],[44.13111,-17.19681],[44.12777,-17.19576],[44.12371,-17.20437],[44.11618,-17.21001]]],[[[44.13268,-20.48519],[44.12812,-20.48216],[44.1295,-20.4801],[44.13605,-20.48091],[44.13268,-20.48519]]],[[[44.13008,-17.21754],[44.12956,-17.21406],[44.13494,-17.21048],[44.13008,-17.21754]]],[[[44.11406,-17.14728],[44.12583,-17.12311],[44.13108,-17.11811],[44.12187,-17.13907],[44.12547,-17.14295],[44.11703,-17.14368],[44.11406,-17.14728]]],[[[44.12585,-20.52026],[44.1252,-20.5151],[44.12804,-20.51814],[44.12585,-20.52026]]],[[[44.11875,-17.23269],[44.11621,-17.231],[44.11783,-17.22766],[44.12118,-17.22845],[44.11875,-17.23269]]],[[[44.10927,-17.25403],[44.10848,-17.2508],[44.11656,-17.24195],[44.11897,-17.24287],[44.10927,-17.25403]]],[[[44.08627,-17.24246],[44.08267,-17.23729],[44.09199,-17.22394],[44.09939,-17.1892],[44.10532,-17.18253],[44.10381,-17.18973],[44.10984,-17.18976],[44.11181,-17.19878],[44.10454,-17.20597],[44.10206,-17.21832],[44.09424,-17.22833],[44.09407,-17.23631],[44.08845,-17.23552],[44.08627,-17.24246]]],[[[44.07602,-18.40281],[44.07229,-18.39249],[44.07794,-18.39715],[44.07953,-18.40231],[44.07602,-18.40281]]],[[[44.02286,-17.34649],[44.02232,-17.32047],[44.02855,-17.30891],[44.04419,-17.29224],[44.06825,-17.25281],[44.07104,-17.25836],[44.06242,-17.26631],[44.05981,-17.2784],[44.03233,-17.33056],[44.03016,-17.3339],[44.02722,-17.33234],[44.02565,-17.35062],[44.02054,-17.3542],[44.02286,-17.34649]]],[[[44.06694,-18.3846],[44.0629,-18.38278],[44.06858,-18.38126],[44.06694,-18.3846]]],[[[44.06146,-18.1489],[44.05934,-18.14361],[44.06392,-18.14286],[44.06146,-18.1489]]],[[[44.06133,-18.17337],[44.05892,-18.17066],[44.06324,-18.17016],[44.06133,-18.17337]]],[[[44.0586,-21.8874],[44.06001,-21.88162],[44.06374,-21.88099],[44.0586,-21.8874]]],[[[44.06358,-18.40764],[44.06008,-18.40608],[44.06252,-18.40429],[44.06358,-18.40764]]],[[[44.06131,-18.17723],[44.05971,-18.17388],[44.06321,-18.17454],[44.06131,-18.17723]]],[[[44.06308,-20.75116],[44.05536,-20.74907],[44.05642,-20.74315],[44.05234,-20.73797],[44.05709,-20.72358],[44.05291,-20.71364],[44.05999,-20.71845],[44.06255,-20.7249],[44.06237,-20.73288],[44.05908,-20.73389],[44.05684,-20.74083],[44.06177,-20.74111],[44.06308,-20.75116]]],[[[44.05932,-17.32283],[44.0509,-17.31751],[44.04973,-17.31055],[44.05591,-17.30827],[44.05991,-17.31163],[44.06282,-17.32092],[44.05932,-17.32283]]],[[[44.05727,-18.42654],[44.03523,-18.38715],[44.04165,-18.39594],[44.0415,-18.40032],[44.04634,-18.4024],[44.04617,-18.40807],[44.05727,-18.42654]]],[[[44.05357,-18.3638],[44.05456,-18.35479],[44.05686,-18.35352],[44.05357,-18.3638]]],[[[44.05291,-18.23656],[44.04152,-18.22492],[44.04182,-18.21874],[44.0471,-18.21361],[44.05442,-18.23193],[44.05291,-18.23656]]],[[[44.04697,-18.38644],[44.04416,-18.38153],[44.04661,-18.37716],[44.04726,-18.38206],[44.05376,-18.37823],[44.05075,-18.38517],[44.04697,-18.38644]]],[[[43.99259,-20.75051],[43.9955,-20.74473],[43.99531,-20.73263],[44.02385,-20.72095],[44.03636,-20.71214],[44.04304,-20.71565],[44.03948,-20.71679],[44.04271,-20.72556],[44.04876,-20.71967],[44.04692,-20.73022],[44.03548,-20.74316],[44.03473,-20.7405],[44.0315,-20.74138],[44.02724,-20.74646],[44.02731,-20.73839],[44.02422,-20.73866],[44.01847,-20.74847],[44.01272,-20.74869],[44.00968,-20.75331],[44.00341,-20.74928],[43.99996,-20.7539],[44.00082,-20.74798],[43.99754,-20.74667],[43.99259,-20.75051]]],[[[44.04803,-18.1415],[44.0436,-18.13864],[44.04271,-18.1304],[44.04803,-18.1415]]],[[[44.0401,-17.35829],[44.04388,-17.35238],[44.04709,-17.35459],[44.0401,-17.35829]]],[[[44.04577,-18.21141],[44.04216,-18.20637],[44.03416,-18.16538],[44.03474,-18.15817],[44.03771,-18.15716],[44.03618,-18.16591],[44.04033,-18.17108],[44.04577,-18.21141]]],[[[44.04366,-18.15307],[44.04061,-18.14481],[44.04316,-18.14611],[44.04366,-18.15307]]],[[[44.03556,-18.15599],[44.03194,-18.15301],[44.02561,-18.12799],[44.02857,-18.12904],[44.03556,-18.15599]]],[[[44.03068,-17.76703],[44.01582,-17.75627],[44.01518,-17.74982],[44.01788,-17.74752],[44.0267,-17.75683],[44.02694,-17.76353],[44.03204,-17.76485],[44.03068,-17.76703]]],[[[44.02899,-18.12672],[44.02308,-18.12308],[44.01925,-18.1089],[44.02362,-18.12231],[44.02899,-18.12672]]],[[[44.01505,-17.32713],[44.02437,-17.31378],[44.01949,-17.32458],[44.01505,-17.32713]]],[[[44.0184,-17.99543],[44.01561,-17.98988],[44.01794,-17.98165],[44.0184,-17.99543]]],[[[44.00937,-17.3848],[44.01402,-17.36885],[44.01507,-17.37401],[44.00937,-17.3848]]],[[[44.00013,-17.70184],[44.01064,-17.69481],[44.01494,-17.6965],[44.00792,-17.70123],[44.00013,-17.70184]]],[[[44.01356,-17.75059],[44.00352,-17.74487],[43.99229,-17.73399],[43.99297,-17.73142],[44.0005,-17.73043],[44.00746,-17.73587],[44.01356,-17.75059]]],[[[44.01334,-17.98627],[44.0102,-17.94504],[44.01247,-17.94917],[44.01334,-17.98627]]],[[[44.01282,-17.93475],[44.01087,-17.89726],[44.01302,-17.8992],[44.01093,-17.91156],[44.01282,-17.93475]]],[[[43.98812,-17.39629],[43.98265,-17.38982],[43.98281,-17.38518],[44.00266,-17.3366],[44.00562,-17.33494],[44.00936,-17.33663],[44.01042,-17.33999],[44.00626,-17.34125],[44.01064,-17.34926],[43.99962,-17.35281],[44.00373,-17.36211],[43.99235,-17.38188],[43.99273,-17.38601],[43.98897,-17.38753],[43.99064,-17.37646],[43.98536,-17.38623],[43.98812,-17.39629]]],[[[44.00461,-21.91579],[43.98531,-21.91323],[43.99307,-21.90864],[44.00904,-21.9126],[44.00461,-21.91579]]],[[[44.00523,-17.75119],[43.98996,-17.74184],[44.00578,-17.74952],[44.00523,-17.75119]]],[[[43.98757,-17.68902],[43.98395,-17.68681],[43.98544,-17.68502],[43.98757,-17.68902]]],[[[43.98211,-20.76853],[43.97877,-20.77025],[43.9743,-20.76289],[43.97139,-20.76918],[43.9684,-20.7653],[43.97141,-20.74575],[43.97661,-20.74591],[43.97915,-20.76404],[43.98416,-20.76256],[43.98565,-20.7654],[43.98211,-20.76853]]],[[[43.9608,-17.57645],[43.95785,-17.57631],[43.95508,-17.56818],[43.95662,-17.55737],[43.96039,-17.55533],[43.97063,-17.57135],[43.96941,-17.57456],[43.96136,-17.57259],[43.9608,-17.57645]]],[[[43.96144,-17.60569],[43.96014,-17.5986],[43.96428,-17.60249],[43.96144,-17.60569]]],[[[43.91059,-20.84837],[43.91724,-20.83708],[43.91188,-20.84039],[43.93603,-20.79394],[43.94433,-20.78253],[43.95808,-20.7727],[43.96089,-20.76319],[43.96418,-20.76193],[43.96192,-20.77183],[43.94458,-20.78601],[43.94537,-20.78936],[43.93695,-20.80013],[43.91581,-20.84557],[43.91059,-20.84837]]],[[[43.96345,-17.72341],[43.95823,-17.72042],[43.95665,-17.71501],[43.96345,-17.72341]]],[[[43.95941,-17.67844],[43.95447,-17.67275],[43.95214,-17.65909],[43.95394,-17.64957],[43.9604,-17.64651],[43.95742,-17.67509],[43.95941,-17.67844]]],[[[43.95692,-17.64404],[43.95076,-17.64234],[43.9477,-17.6364],[43.94374,-17.62401],[43.94606,-17.61874],[43.95459,-17.63012],[43.94948,-17.63126],[43.95426,-17.63991],[43.95802,-17.63954],[43.95692,-17.64404]]],[[[43.9548,-17.59252],[43.95024,-17.59224],[43.9486,-17.57381],[43.94588,-17.57972],[43.94334,-17.57739],[43.94379,-17.56915],[43.94717,-17.56582],[43.94479,-17.55885],[43.94791,-17.55346],[43.95263,-17.57409],[43.95517,-17.57539],[43.9548,-17.59252]]],[[[43.93645,-17.46917],[43.94097,-17.45348],[43.95105,-17.45044],[43.94107,-17.45966],[43.94145,-17.46404],[43.93645,-17.46917]]],[[[43.94513,-17.54739],[43.94019,-17.54286],[43.93891,-17.53126],[43.94364,-17.52613],[43.94372,-17.53515],[43.94812,-17.54032],[43.94755,-17.54715],[43.94513,-17.54739]]],[[[43.94344,-17.60727],[43.93932,-17.599],[43.94143,-17.58279],[43.94445,-17.5944],[43.94344,-17.60727]]],[[[43.94278,-17.58202],[43.94119,-17.57867],[43.93661,-17.58122],[43.93677,-17.57555],[43.94161,-17.57532],[43.94278,-17.58202]]],[[[43.93438,-17.54836],[43.93026,-17.54074],[43.92856,-17.51008],[43.93943,-17.51156],[43.93549,-17.51965],[43.93728,-17.5346],[43.93201,-17.54101],[43.93438,-17.54836]]],[[[43.93596,-17.55352],[43.93519,-17.54824],[43.93906,-17.55187],[43.93596,-17.55352]]],[[[43.93611,-17.57387],[43.93047,-17.55156],[43.93209,-17.54977],[43.93611,-17.57387]]],[[[43.92996,-18.59186],[43.92309,-18.58847],[43.92867,-18.58245],[43.93254,-18.58904],[43.92996,-18.59186]]],[[[43.92667,-18.42687],[43.92412,-18.42364],[43.92943,-18.41633],[43.93158,-18.41776],[43.92667,-18.42687]]],[[[43.9309,-21.8843],[43.92649,-21.88376],[43.92651,-21.88131],[43.9309,-21.8843]]],[[[43.91615,-23.45428],[43.91501,-23.45749],[43.91083,-23.4563],[43.91615,-23.45428]]],[[[43.89289,-18.56074],[43.8932,-18.5543],[43.89807,-18.55304],[43.89845,-18.55665],[43.89289,-18.56074]]],[[[43.8603,-21.81092],[43.85358,-21.80835],[43.85343,-21.8005],[43.86616,-21.80329],[43.86661,-21.81565],[43.8603,-21.81092]]],[[[43.84959,-21.7934],[43.84683,-21.78982],[43.85252,-21.78556],[43.86401,-21.79607],[43.84959,-21.7934]]],[[[43.85372,-21.80706],[43.85071,-21.80498],[43.85361,-21.80346],[43.85372,-21.80706]]],[[[43.82555,-21.76232],[43.82635,-21.76568],[43.82071,-21.76513],[43.81594,-21.75814],[43.81598,-21.74959],[43.82555,-21.76232]]],[[[43.79963,-18.49681],[43.80238,-18.48884],[43.80343,-18.49374],[43.79963,-18.49681]]],[[[43.76069,-20.83975],[43.75632,-20.83818],[43.75553,-20.83444],[43.76019,-20.83396],[43.76069,-20.83975]]],[[[43.7577,-21.33291],[43.75703,-21.33008],[43.7613,-21.32933],[43.7577,-21.33291]]],[[[43.74599,-21.60702],[43.74579,-21.60006],[43.74085,-21.59848],[43.7428,-21.59592],[43.75508,-21.60889],[43.75153,-21.63769],[43.75875,-21.64624],[43.75648,-21.65447],[43.75834,-21.66195],[43.75059,-21.66652],[43.74691,-21.64667],[43.72635,-21.61974],[43.72643,-21.59502],[43.72194,-21.58868],[43.70755,-21.58201],[43.69399,-21.55925],[43.69775,-21.55425],[43.70932,-21.55293],[43.71108,-21.57186],[43.71899,-21.57978],[43.72533,-21.57931],[43.72774,-21.58654],[43.7365,-21.59278],[43.74108,-21.6044],[43.74599,-21.60702]]],[[[43.74828,-18.31865],[43.74451,-18.31849],[43.74723,-18.31555],[43.74828,-18.31865]]],[[[43.74511,-21.60086],[43.74355,-21.60429],[43.74085,-21.59925],[43.74511,-21.60086]]],[[[43.74474,-21.6585],[43.74015,-21.64791],[43.74509,-21.65026],[43.74474,-21.6585]]],[[[43.73303,-21.58491],[43.73637,-21.58723],[43.73365,-21.58787],[43.73303,-21.58491]]],[[[43.72556,-21.61561],[43.71668,-21.60782],[43.70735,-21.5887],[43.71589,-21.58825],[43.72329,-21.59243],[43.72556,-21.61561]]],[[[43.656,-21.27536],[43.68766,-21.26737],[43.68942,-21.26957],[43.656,-21.27536]]],[[[43.6877,-21.07531],[43.68442,-21.0749],[43.68584,-21.06847],[43.68831,-21.06849],[43.6877,-21.07531]]],[[[43.67668,-21.32817],[43.67947,-21.32279],[43.67957,-21.32665],[43.67668,-21.32817]]],[[[43.67616,-21.32418],[43.67328,-21.31879],[43.67648,-21.31942],[43.67616,-21.32418]]],[[[43.64306,-21.27796],[43.64559,-21.27167],[43.65629,-21.2733],[43.64306,-21.27796]]],[[[43.63094,-23.73001],[43.62554,-23.72533],[43.63187,-23.72191],[43.63094,-23.73001]]],[[[43.62173,-21.50318],[43.61406,-21.49977],[43.61025,-21.49472],[43.62173,-21.50318]]],[[[43.58595,-21.27569],[43.58681,-21.27209],[43.60252,-21.26643],[43.61791,-21.26553],[43.61761,-21.26836],[43.60333,-21.26798],[43.58595,-21.27569]]],[[[43.60661,-23.65245],[43.60066,-23.64661],[43.60762,-23.64925],[43.60661,-23.65245]]],[[[43.58502,-21.45885],[43.57575,-21.45079],[43.57662,-21.44604],[43.58649,-21.44921],[43.58502,-21.45885]]],[[[43.57384,-21.44936],[43.57089,-21.44161],[43.57391,-21.44215],[43.57384,-21.44936]]],[[[43.5419,-21.45321],[43.53559,-21.45135],[43.5456,-21.44088],[43.54012,-21.43852],[43.54756,-21.43639],[43.55195,-21.43733],[43.56324,-21.45004],[43.5419,-21.45321]]],[[[43.53818,-21.32682],[43.54127,-21.308],[43.53181,-21.30715],[43.53897,-21.30528],[43.5484,-21.29635],[43.55333,-21.29704],[43.54131,-21.3044],[43.5457,-21.30495],[43.53818,-21.32682]]],[[[43.55238,-21.3659],[43.54854,-21.36586],[43.54994,-21.3633],[43.55238,-21.3659]]],[[[43.53301,-21.3517],[43.53034,-21.34369],[43.53486,-21.33163],[43.53812,-21.33501],[43.53301,-21.3517]]],[[[43.51098,-21.35678],[43.50826,-21.35354],[43.51082,-21.34481],[43.52132,-21.33949],[43.52529,-21.32666],[43.53462,-21.32854],[43.51098,-21.35678]]],[[[43.52348,-21.37092],[43.52852,-21.36067],[43.52792,-21.36607],[43.53301,-21.36534],[43.52348,-21.37092]]],[[[43.50824,-21.30153],[43.50688,-21.29946],[43.51022,-21.29589],[43.50824,-21.30153]]],[[[43.49109,-21.36677],[43.49022,-21.35724],[43.48749,-21.35567],[43.49478,-21.34183],[43.50131,-21.30688],[43.50549,-21.30151],[43.50039,-21.31717],[43.503,-21.33032],[43.49913,-21.33209],[43.4911,-21.35236],[43.49109,-21.36677]]],[[[43.50002,-21.48759],[43.49731,-21.48396],[43.49938,-21.48321],[43.50002,-21.48759]]],[[[43.49591,-21.5393],[43.49097,-21.53797],[43.48866,-21.52198],[43.49277,-21.52357],[43.49591,-21.5393]]],[[[43.49297,-21.47826],[43.4839,-21.47753],[43.48723,-21.47396],[43.49297,-21.47826]]],[[[43.48979,-21.43961],[43.48823,-21.43111],[43.49175,-21.43577],[43.48979,-21.43961]]],[[[43.48833,-21.42107],[43.48659,-21.41642],[43.4815,-21.41714],[43.48905,-21.40485],[43.48833,-21.42107]]],[[[43.48739,-21.48593],[43.47805,-21.48404],[43.48069,-21.48124],[43.48739,-21.48593]]],[[[43.47196,-21.60653],[43.46502,-21.54674],[43.46838,-21.55398],[43.47264,-21.55505],[43.48165,-21.57444],[43.47348,-21.55274],[43.47664,-21.55354],[43.48421,-21.56699],[43.48417,-21.58373],[43.48108,-21.59013],[43.48379,-21.59351],[43.47838,-21.59783],[43.48272,-21.60431],[43.47828,-21.60736],[43.4754,-21.61943],[43.47193,-21.62236],[43.46963,-21.61809],[43.47196,-21.60653]]],[[[43.47347,-21.39596],[43.47238,-21.38153],[43.47558,-21.36483],[43.47813,-21.37077],[43.47347,-21.39596]]],[[[43.46447,-21.65074],[43.46733,-21.62811],[43.46915,-21.62478],[43.47631,-21.62459],[43.47129,-21.63072],[43.47276,-21.63511],[43.46921,-21.64563],[43.46645,-21.64561],[43.46447,-21.65074]]],[[[43.47619,-21.53062],[43.46468,-21.5264],[43.46366,-21.51867],[43.4696,-21.51666],[43.47619,-21.53062]]],[[[43.47132,-21.44357],[43.46767,-21.43787],[43.46999,-21.42631],[43.46454,-21.43475],[43.46153,-21.43395],[43.4684,-21.42063],[43.46901,-21.41523],[43.46503,-21.41416],[43.47199,-21.40599],[43.47132,-21.44357]]],[[[43.46174,-21.49213],[43.45749,-21.49106],[43.45502,-21.46881],[43.44605,-21.45389],[43.45098,-21.45651],[43.4573,-21.46995],[43.46114,-21.4705],[43.45931,-21.46148],[43.4632,-21.45791],[43.46841,-21.45899],[43.46735,-21.46902],[43.47043,-21.47625],[43.46232,-21.47618],[43.46174,-21.49213]]],[[[43.46351,-21.50682],[43.46152,-21.50037],[43.46386,-21.49936],[43.46351,-21.50682]]],[[[43.46128,-21.53628],[43.45644,-21.51216],[43.46097,-21.51324],[43.46128,-21.53628]]],[[[43.46039,-21.43729],[43.44949,-21.42805],[43.45225,-21.42743],[43.45275,-21.43181],[43.46039,-21.43729]]],[[[43.33046,-21.95242],[43.3261,-21.94774],[43.33145,-21.93801],[43.33046,-21.95242]]],[[[43.32234,-21.98618],[43.31801,-21.97854],[43.32051,-21.97703],[43.32711,-21.97889],[43.32691,-21.9843],[43.32234,-21.98618]]],[[[43.32502,-21.99252],[43.32229,-21.99017],[43.32564,-21.98699],[43.32502,-21.99252]]],[[[43.32236,-21.96044],[43.31525,-21.95522],[43.31638,-21.95292],[43.32602,-21.95469],[43.32513,-21.96008],[43.32236,-21.96044]]],[[[43.30883,-21.93817],[43.30609,-21.93659],[43.30723,-21.93313],[43.31454,-21.93321],[43.30883,-21.93817]]],[[[43.2858,-21.93728],[43.27625,-21.90527],[43.28532,-21.89712],[43.28638,-21.88864],[43.29094,-21.88843],[43.28713,-21.90667],[43.29126,-21.90748],[43.29039,-21.91095],[43.29427,-21.90957],[43.29545,-21.90315],[43.2912,-21.90105],[43.29712,-21.89004],[43.29425,-21.88821],[43.29835,-21.87924],[43.29734,-21.87151],[43.30449,-21.86206],[43.3071,-21.8747],[43.31185,-21.88041],[43.31026,-21.89893],[43.31252,-21.9059],[43.30217,-21.91815],[43.29467,-21.93352],[43.29524,-21.95514],[43.28808,-21.96562],[43.2883,-21.97052],[43.28293,-21.96994],[43.28576,-21.96354],[43.2858,-21.93728]]],[[[43.30926,-22.20342],[43.29924,-22.19766],[43.30189,-22.19588],[43.30926,-22.20342]]],[[[43.30574,-21.9891],[43.29393,-21.98473],[43.29454,-21.97907],[43.29908,-21.98092],[43.30342,-21.97531],[43.30925,-21.98386],[43.30574,-21.9891]]],[[[43.29921,-22.25763],[43.2931,-22.24856],[43.29493,-22.24523],[43.2981,-22.24681],[43.29828,-22.24269],[43.29512,-22.24163],[43.29753,-22.23651],[43.3022,-22.23913],[43.30691,-22.24973],[43.30363,-22.25755],[43.29921,-22.25763]]],[[[43.30205,-22.22844],[43.2985,-22.22468],[43.30128,-22.22329],[43.30486,-22.22474],[43.30205,-22.22844]]],[[[43.29753,-22.16778],[43.29536,-22.16467],[43.29824,-22.15466],[43.30041,-22.15777],[43.29753,-22.16778]]],[[[43.28848,-22.00128],[43.28545,-22.00086],[43.28691,-21.9947],[43.27173,-21.99454],[43.27123,-21.99016],[43.29749,-21.98631],[43.29798,-21.99185],[43.29022,-21.99447],[43.28848,-22.00128]]],[[[43.29627,-21.8343],[43.29213,-21.8228],[43.2938,-21.82153],[43.29627,-21.8343]]],[[[43.29048,-21.74106],[43.28917,-21.73551],[43.29419,-21.73067],[43.29631,-21.73713],[43.29048,-21.74106]]],[[[43.28065,-22.16992],[43.28014,-22.16631],[43.28346,-22.16609],[43.28065,-22.16992]]],[[[43.24967,-22.1943],[43.25056,-22.18916],[43.25387,-22.18945],[43.25494,-22.19307],[43.24967,-22.1943]]],[[[43.24064,-22.20874],[43.23142,-22.2062],[43.22737,-22.19843],[43.24067,-22.18481],[43.24536,-22.18499],[43.24658,-22.17625],[43.2518,-22.17862],[43.25366,-22.1843],[43.24431,-22.19193],[43.24064,-22.20874]]],[[[43.2307,-22.03116],[43.23108,-22.02267],[43.23591,-22.02324],[43.23541,-22.03019],[43.2307,-22.03116]]],[[[43.20288,-21.96046],[43.20298,-21.95262],[43.20711,-21.95318],[43.20288,-21.96046]]],[[[43.18981,-22.09905],[43.18816,-22.08707],[43.19115,-22.08041],[43.19403,-22.08199],[43.18981,-22.09905]]]]}}]}