{"type":"FeatureCollection","features":[{"type":"Feature","properties":{"ISO_A3":"MMR","WB_A3":"MMR","WB_NAME":"Myanmar","WB_REGION":"EAS"},"geometry":{"type":"MultiPolygon","coordinates":[[[[99.1558,22.16277],[99.16906,22.14919],[99.1745,22.14998],[99.1791,22.14771],[99.17845,22.14477],[99.18819,22.1422],[99.20124,22.12926],[99.21344,22.12986],[99.21463,22.12425],[99.21947,22.12452],[99.22486,22.11893],[99.25577,22.11349],[99.27041,22.10204],[99.27536,22.10165],[99.27877,22.10867],[99.29234,22.11354],[99.30497,22.10143],[99.31731,22.10343],[99.32491,22.09566],[99.34207,22.10004],[99.35693,22.0941],[99.36048,22.09513],[99.36349,22.10581],[99.3698,22.10689],[99.38856,22.10064],[99.40864,22.09973],[99.41381,22.10266],[99.4139,22.10799],[99.42538,22.11012],[99.43466,22.10448],[99.43562,22.11103],[99.45633,22.11902],[99.45728,22.12401],[99.47517,22.1365],[99.48185,22.13592],[99.48515,22.12719],[99.49617,22.12679],[99.49455,22.12032],[99.4993,22.11561],[99.52589,22.09742],[99.53316,22.10808],[99.54262,22.11077],[99.55279,22.10848],[99.56177,22.1177],[99.56803,22.10584],[99.57815,22.10171],[99.59461,22.11545],[99.61163,22.09744],[99.62385,22.09667],[99.62965,22.10296],[99.64796,22.1044],[99.65096,22.10285],[99.64904,22.1006],[99.65185,22.09189],[99.66013,22.09074],[99.66886,22.07723],[99.68398,22.07556],[99.68774,22.07821],[99.69676,22.07064],[99.68784,22.0468],[99.69999,22.04172],[99.71206,22.0406],[99.71794,22.04336],[99.72158,22.04892],[99.71819,22.06142],[99.72045,22.0654],[99.74245,22.07409],[99.75556,22.07321],[99.78484,22.05523],[99.80909,22.05409],[99.83504,22.03864],[99.83224,22.02973],[99.85397,22.02583],[99.86524,22.02856],[99.86809,22.03798],[99.87809,22.03895],[99.87786,22.04262],[99.87166,22.04413],[99.86479,22.05135],[99.8624,22.0604],[99.87991,22.07079],[99.90389,22.0692],[99.90811,22.06179],[99.91686,22.05722],[99.93849,22.06137],[99.94222,22.05614],[99.96207,22.05252],[99.97131,22.0595],[99.96768,22.04662],[99.95807,22.04011],[99.95858,22.03242],[99.96399,22.018],[99.96922,22.01582],[99.97657,22.00235],[99.98497,21.99813],[99.99903,21.97527],[99.98833,21.95836],[99.98949,21.95546],[99.98063,21.9385],[99.98067,21.92095],[99.97551,21.9148],[99.95945,21.91039],[99.96292,21.88473],[99.95816,21.87488],[99.94544,21.86514],[99.9471,21.84517],[99.94328,21.82479],[99.94628,21.81446],[99.95802,21.79909],[99.96178,21.77558],[99.97012,21.76616],[99.97095,21.75642],[99.97635,21.74657],[99.97414,21.74231],[99.98177,21.73003],[99.98421,21.71514],[99.9903,21.70626],[100.01483,21.69437],[100.02587,21.69728],[100.0337,21.69456],[100.03203,21.67756],[100.04316,21.67675],[100.05013,21.66697],[100.04843,21.67289],[100.05067,21.6769],[100.07239,21.69397],[100.08541,21.69334],[100.09472,21.70634],[100.10731,21.69922],[100.10985,21.69919],[100.1102,21.70438],[100.1197,21.70552],[100.12326,21.70039],[100.12967,21.70196],[100.13109,21.69812],[100.13823,21.69867],[100.13547,21.69393],[100.14493,21.69035],[100.1449,21.68555],[100.15137,21.68476],[100.16787,21.6666],[100.1734,21.6566],[100.17088,21.64898],[100.15299,21.65017],[100.13837,21.63522],[100.13417,21.61878],[100.1295,21.61279],[100.11017,21.60142],[100.10713,21.588],[100.12144,21.57055],[100.12211,21.55637],[100.11904,21.54619],[100.12343,21.53716],[100.12134,21.52644],[100.12538,21.51147],[100.13324,21.50556],[100.14765,21.501],[100.16843,21.48594],[100.17254,21.49012],[100.17816,21.51552],[100.18363,21.51827],[100.20437,21.51354],[100.2153,21.4916],[100.22598,21.48729],[100.22612,21.48408],[100.23194,21.48087],[100.22883,21.47451],[100.24462,21.46654],[100.25739,21.47249],[100.26968,21.47283],[100.28143,21.48615],[100.29112,21.47984],[100.29818,21.48134],[100.30405,21.48964],[100.31405,21.49242],[100.34855,21.5311],[100.3784,21.5305],[100.39022,21.52348],[100.39722,21.52982],[100.43152,21.5414],[100.44651,21.51377],[100.45835,21.51151],[100.46291,21.49694],[100.4581,21.48694],[100.4659,21.48339],[100.46974,21.47612],[100.46833,21.47327],[100.47433,21.46989],[100.48042,21.45921],[100.50334,21.46248],[100.51325,21.47199],[100.53685,21.47221],[100.55296,21.45602],[100.5613,21.45821],[100.57119,21.45034],[100.58608,21.45287],[100.59551,21.46326],[100.60974,21.46345],[100.6382,21.48214],[100.6474,21.48446],[100.66867,21.47938],[100.67259,21.48147],[100.68256,21.49219],[100.6851,21.50413],[100.69558,21.51217],[100.7225,21.51199],[100.74222,21.53453],[100.74572,21.54603],[100.75259,21.55373],[100.76233,21.55964],[100.76796,21.55716],[100.77194,21.57108],[100.79345,21.57104],[100.79414,21.58494],[100.80034,21.5929],[100.80081,21.60316],[100.80795,21.61073],[100.81105,21.61963],[100.81392,21.61893],[100.83312,21.63654],[100.84382,21.63709],[100.8673,21.67303],[100.87496,21.67524],[100.88421,21.68721],[100.88999,21.68398],[100.9036,21.68784],[100.90929,21.6833],[100.91342,21.68424],[100.91065,21.69034],[100.925,21.68916],[100.93966,21.69959],[100.97505,21.69965],[100.98035,21.70428],[101.01382,21.70974],[101.01322,21.71481],[101.01809,21.7228],[101.03986,21.73388],[101.04097,21.74043],[101.04823,21.74657],[101.052,21.74585],[101.05709,21.75355],[101.06811,21.7612],[101.08171,21.7666],[101.08798,21.77638],[101.09859,21.7754],[101.10078,21.77772],[101.10811,21.77416],[101.11839,21.77718],[101.12173,21.77431],[101.11468,21.76774],[101.11001,21.75094],[101.11866,21.71759],[101.11544,21.69397],[101.11711,21.69015],[101.12612,21.68909],[101.12599,21.68466],[101.13479,21.67411],[101.15176,21.67113],[101.15117,21.65172],[101.15996,21.64631],[101.16259,21.63786],[101.15944,21.63026],[101.1614,21.6187],[101.16997,21.60193],[101.16566,21.59177],[101.14778,21.58947],[101.13811,21.5723],[101.15688,21.55096],[101.15646,21.5428],[101.1636,21.53074],[101.16069,21.52272],[101.14838,21.52019],[101.14385,21.51261],[101.132,21.50583],[101.09131,21.46092],[101.07331,21.45997],[101.0614,21.45592],[101.04859,21.44511],[101.04076,21.43828],[101.03737,21.42739],[101.02549,21.41214],[100.99982,21.38653],[100.97124,21.38717],[100.94636,21.37756],[100.9192,21.35642],[100.90609,21.35601],[100.9022,21.34967],[100.89251,21.35165],[100.88598,21.34901],[100.87318,21.32448],[100.84979,21.30504],[100.83371,21.30273],[100.82916,21.29707],[100.80588,21.29307],[100.7825,21.29701],[100.76108,21.30748],[100.73736,21.31428],[100.72698,21.31426],[100.72284,21.30987],[100.71728,21.28526],[100.7184,21.26787],[100.71112,21.25632],[100.6994,21.21877],[100.6989,21.18066],[100.69687,21.17416],[100.6866,21.16869],[100.68224,21.1603],[100.67938,21.14105],[100.67385,21.12866],[100.66449,21.11661],[100.64552,21.104],[100.64194,21.09206],[100.64341,21.07659],[100.636,21.06028],[100.61508,21.0517],[100.59795,21.02942],[100.58736,21.02762],[100.5732,21.03056],[100.54575,21.02307],[100.55254,21.00606],[100.55073,20.98823],[100.53218,20.97312],[100.52524,20.96221],[100.51574,20.90702],[100.50952,20.89649],[100.50971,20.88763],[100.52174,20.87499],[100.54424,20.8706],[100.55757,20.87119],[100.56437,20.87997],[100.57637,20.88047],[100.58212,20.88499],[100.63642,20.89871],[100.64697,20.8953],[100.64953,20.8908],[100.64786,20.87958],[100.63564,20.87094],[100.62253,20.85322],[100.60764,20.83958],[100.58226,20.83097],[100.57012,20.82303],[100.54277,20.82403],[100.51838,20.81589],[100.49352,20.81536],[100.4575,20.82541],[100.43686,20.82352],[100.42617,20.83105],[100.41873,20.83208],[100.39723,20.83291],[100.38018,20.82808],[100.36079,20.83016],[100.3549,20.80769],[100.34396,20.79572],[100.34002,20.79572],[100.33088,20.78628],[100.29577,20.7795],[100.27897,20.76894],[100.2692,20.75736],[100.25448,20.75014],[100.23848,20.72231],[100.22454,20.71445],[100.20801,20.69139],[100.20449,20.67445],[100.18635,20.65681],[100.17757,20.63995],[100.16894,20.6174],[100.16316,20.58235],[100.13961,20.51694],[100.13847,20.49877],[100.1275,20.48364],[100.12789,20.47033],[100.13064,20.46736],[100.11845,20.43886],[100.11781,20.4305],[100.12553,20.41548],[100.12317,20.40328],[100.09095,20.37193],[100.08465,20.35227],[100.07866,20.36384],[100.08496,20.36911],[100.08117,20.36924],[100.07643,20.37501],[100.07888,20.37898],[100.07655,20.38063],[100.06699,20.3745],[100.06565,20.38064],[100.07156,20.38661],[100.06974,20.39012],[100.06377,20.38511],[100.06383,20.39127],[100.05606,20.39619],[100.05534,20.3878],[100.05234,20.39273],[100.04403,20.39302],[100.04282,20.39855],[100.03739,20.39595],[100.03303,20.40286],[100.03111,20.4],[100.01648,20.40973],[100.01839,20.41299],[100.00524,20.4188],[100.00094,20.4153],[99.99545,20.4218],[99.98849,20.42394],[99.98979,20.42916],[99.98367,20.43744],[99.98487,20.43968],[99.97525,20.44305],[99.97531,20.44917],[99.96872,20.45403],[99.96519,20.46403],[99.95503,20.46481],[99.9409,20.45568],[99.92849,20.45422],[99.92049,20.4458],[99.91601,20.44959],[99.90743,20.44991],[99.89005,20.44487],[99.86535,20.4462],[99.85966,20.44134],[99.86408,20.4333],[99.85927,20.42097],[99.83996,20.40118],[99.83995,20.37371],[99.83336,20.37017],[99.82449,20.35162],[99.81001,20.336],[99.77601,20.33501],[99.77103,20.34159],[99.76283,20.34266],[99.75813,20.33911],[99.73014,20.35012],[99.71754,20.3423],[99.71936,20.32978],[99.70982,20.32358],[99.69774,20.32632],[99.68146,20.31618],[99.65752,20.32753],[99.64335,20.34333],[99.63329,20.34186],[99.63031,20.33632],[99.6153,20.33671],[99.61141,20.33256],[99.59178,20.34424],[99.5864,20.34212],[99.57664,20.34478],[99.57265,20.34966],[99.56109,20.35257],[99.55735,20.35806],[99.54025,20.35593],[99.5229,20.36439],[99.51965,20.36127],[99.50988,20.36871],[99.50057,20.38259],[99.49549,20.38516],[99.48975,20.383],[99.47201,20.39412],[99.45841,20.3928],[99.46002,20.38016],[99.45629,20.36358],[99.4675,20.35884],[99.47619,20.34939],[99.49291,20.34318],[99.5071,20.32577],[99.50931,20.31233],[99.50585,20.30706],[99.50494,20.29412],[99.50934,20.28989],[99.51805,20.26644],[99.51919,20.25966],[99.51577,20.25633],[99.52141,20.25028],[99.52315,20.23274],[99.53374,20.23219],[99.54442,20.21797],[99.5578,20.21497],[99.56239,20.20699],[99.55122,20.17651],[99.54162,20.17312],[99.53802,20.16529],[99.53729,20.14714],[99.51178,20.15194],[99.51307,20.14841],[99.49992,20.1348],[99.49478,20.13349],[99.49874,20.12295],[99.49728,20.11588],[99.4923,20.11585],[99.4834,20.10958],[99.47175,20.10908],[99.45519,20.09795],[99.44448,20.0983],[99.43773,20.09061],[99.4165,20.09357],[99.41253,20.08832],[99.40005,20.08608],[99.3963,20.08928],[99.37708,20.08896],[99.3401,20.07176],[99.32644,20.07533],[99.323,20.06922],[99.31377,20.07051],[99.30555,20.07994],[99.2955,20.08159],[99.28199,20.09493],[99.26834,20.1046],[99.26317,20.10483],[99.25848,20.11413],[99.242,20.11381],[99.23044,20.12483],[99.22241,20.11953],[99.21275,20.13035],[99.1981,20.13063],[99.18091,20.12656],[99.17067,20.13207],[99.16411,20.13007],[99.1592,20.13282],[99.14056,20.1212],[99.12588,20.11734],[99.1316,20.1052],[99.12775,20.1035],[99.10846,20.09794],[99.10028,20.0976],[99.09599,20.10507],[99.09071,20.0975],[99.0832,20.09855],[99.08114,20.10172],[99.07642,20.10072],[99.06665,20.08531],[99.06973,20.0815],[99.06696,20.06841],[99.05773,20.064],[99.0539,20.05048],[99.04472,20.03919],[99.0436,20.01675],[99.04637,20.00874],[99.05415,20.00413],[99.05064,19.99846],[99.04106,19.99508],[99.03662,19.98938],[99.03203,19.97333],[99.03959,19.96493],[99.03946,19.95714],[99.04478,19.94972],[99.04084,19.93696],[99.04263,19.93127],[99.0348,19.93007],[99.03047,19.9247],[99.02502,19.92986],[99.02193,19.92758],[99.02762,19.90897],[99.02198,19.90738],[99.02755,19.88033],[99.02289,19.86661],[99.034,19.85555],[99.02961,19.84178],[99.03071,19.8344],[99.02478,19.82739],[99.02262,19.81419],[99.01628,19.80605],[99.01483,19.79386],[99.00712,19.79179],[99.00397,19.78129],[98.99157,19.78291],[98.98713,19.76356],[98.99148,19.74399],[98.9869,19.73955],[98.97255,19.74274],[98.95621,19.75181],[98.95159,19.76884],[98.93983,19.76879],[98.93155,19.77379],[98.92368,19.76528],[98.91873,19.76514],[98.91933,19.76278],[98.91142,19.76171],[98.89842,19.76583],[98.89491,19.77317],[98.88368,19.78162],[98.87485,19.78284],[98.87123,19.79182],[98.85606,19.79684],[98.85001,19.80252],[98.85001,19.8076],[98.84078,19.81328],[98.83119,19.80904],[98.82807,19.80213],[98.82977,19.79584],[98.82654,19.79224],[98.80587,19.77726],[98.79622,19.77614],[98.77737,19.75225],[98.75303,19.76012],[98.73768,19.7544],[98.72928,19.76094],[98.7178,19.76227],[98.71157,19.76883],[98.70368,19.75794],[98.68392,19.75432],[98.6796,19.74941],[98.67236,19.75188],[98.66622,19.74968],[98.66347,19.74711],[98.66544,19.7425],[98.65923,19.73552],[98.65392,19.74007],[98.63481,19.72914],[98.62599,19.7285],[98.626,19.71527],[98.61539,19.71649],[98.61265,19.71034],[98.6081,19.70914],[98.58996,19.71583],[98.57162,19.70391],[98.56603,19.67208],[98.54868,19.68676],[98.53808,19.68933],[98.53783,19.69424],[98.53285,19.69637],[98.52912,19.70525],[98.51919,19.71488],[98.5097,19.71765],[98.50712,19.71635],[98.50743,19.71113],[98.49693,19.7057],[98.48556,19.7046],[98.46602,19.69227],[98.4599,19.69779],[98.44591,19.69339],[98.43401,19.69674],[98.41901,19.69603],[98.41471,19.69294],[98.4062,19.69526],[98.40202,19.70099],[98.39065,19.70391],[98.38787,19.70016],[98.37692,19.69781],[98.37133,19.6898],[98.35655,19.6961],[98.3499,19.69438],[98.34512,19.69844],[98.33739,19.69395],[98.32373,19.69885],[98.30692,19.68733],[98.30066,19.6872],[98.2964,19.68199],[98.28771,19.68501],[98.27728,19.6819],[98.26678,19.6836],[98.26001,19.67855],[98.24853,19.67638],[98.23128,19.69757],[98.23802,19.70782],[98.22882,19.72772],[98.21664,19.72536],[98.21147,19.73081],[98.20246,19.7322],[98.19865,19.73872],[98.19296,19.73785],[98.18322,19.74994],[98.18398,19.76004],[98.17861,19.76017],[98.16828,19.7708],[98.15084,19.77405],[98.13543,19.78819],[98.12308,19.77975],[98.1146,19.77885],[98.11366,19.7744],[98.10037,19.77222],[98.09043,19.79102],[98.0829,19.79234],[98.0859,19.80522],[98.0837,19.81012],[98.06951,19.81012],[98.05822,19.80341],[98.04868,19.81427],[98.04314,19.80789],[98.03499,19.80576],[98.04037,19.79856],[98.03322,19.78693],[98.03364,19.77235],[98.03779,19.76533],[98.03277,19.75373],[98.03389,19.74194],[98.02912,19.73445],[98.0317,19.72481],[98.02474,19.72211],[98.0255,19.71416],[98.03456,19.7006],[98.02902,19.6884],[98.03404,19.67717],[98.03296,19.67036],[98.04268,19.66525],[98.04482,19.65459],[98.03839,19.64398],[98.02683,19.64049],[98.02589,19.63737],[98.01429,19.63974],[98.01381,19.63609],[97.99992,19.63573],[97.98303,19.64036],[97.97938,19.63406],[97.97351,19.63491],[97.97503,19.60205],[97.96028,19.59692],[97.96044,19.59267],[97.94242,19.59695],[97.90244,19.57759],[97.89162,19.57577],[97.88036,19.58087],[97.86256,19.57635],[97.85935,19.5707],[97.86322,19.56353],[97.85485,19.54709],[97.85529,19.53122],[97.86278,19.52893],[97.86894,19.52249],[97.86922,19.51567],[97.873,19.51555],[97.87623,19.50626],[97.88201,19.50594],[97.88816,19.50061],[97.87288,19.49575],[97.8743,19.48831],[97.87131,19.48476],[97.86268,19.48344],[97.8576,19.46907],[97.8501,19.46666],[97.83842,19.45439],[97.82727,19.43949],[97.82722,19.43108],[97.81208,19.41197],[97.80605,19.41048],[97.8033,19.40483],[97.78768,19.40352],[97.78655,19.39992],[97.78688,19.39519],[97.79181,19.3951],[97.80439,19.38524],[97.80325,19.37823],[97.80615,19.376],[97.80012,19.37183],[97.79879,19.35273],[97.81346,19.34059],[97.81123,19.33419],[97.82205,19.32894],[97.82566,19.32368],[97.82371,19.31544],[97.82846,19.31071],[97.82884,19.30313],[97.8388,19.30019],[97.84288,19.29287],[97.84203,19.2902],[97.83126,19.29095],[97.82566,19.28293],[97.81678,19.28464],[97.81032,19.27929],[97.80164,19.28915],[97.79651,19.28354],[97.79015,19.28258],[97.78863,19.27491],[97.78294,19.26877],[97.78365,19.26387],[97.79224,19.26255],[97.8098,19.25291],[97.81745,19.23817],[97.82663,19.23744],[97.82538,19.23033],[97.84151,19.22514],[97.8453,19.21541],[97.84515,19.20299],[97.83803,19.19678],[97.84389,19.18397],[97.83881,19.17152],[97.84434,19.14789],[97.83794,19.14511],[97.83439,19.13648],[97.84065,19.11736],[97.83704,19.09495],[97.82969,19.09172],[97.81086,19.09079],[97.79698,19.08087],[97.79204,19.07357],[97.78361,19.07272],[97.77968,19.07612],[97.76979,19.07369],[97.76436,19.06627],[97.77123,19.056],[97.77063,19.05048],[97.76429,19.04071],[97.75888,19.03843],[97.75106,19.04148],[97.74683,19.0388],[97.7436,19.04206],[97.73579,19.04069],[97.73918,19.0271],[97.73552,19.01495],[97.73745,18.99147],[97.73505,18.98345],[97.73832,18.97874],[97.72919,18.9716],[97.7266,18.97465],[97.72198,18.96729],[97.70464,18.96766],[97.70727,18.95787],[97.70033,18.95768],[97.69048,18.94848],[97.68414,18.95286],[97.67747,18.94836],[97.66834,18.94802],[97.67018,18.94197],[97.66553,18.93792],[97.67087,18.9296],[97.68909,18.92555],[97.68861,18.91672],[97.69646,18.91039],[97.69694,18.90465],[97.71113,18.89681],[97.71923,18.88672],[97.73689,18.88698],[97.74127,18.88164],[97.73904,18.86817],[97.7447,18.85742],[97.74395,18.84962],[97.749,18.84511],[97.74426,18.83221],[97.73892,18.82842],[97.74506,18.81274],[97.75267,18.80861],[97.74857,18.79887],[97.74921,18.79099],[97.75356,18.78613],[97.7538,18.76776],[97.76239,18.76272],[97.76336,18.75743],[97.75863,18.75507],[97.75754,18.7438],[97.75164,18.73684],[97.75611,18.71628],[97.76519,18.70843],[97.77402,18.68876],[97.77076,18.68169],[97.77239,18.6739],[97.76761,18.66973],[97.77221,18.65205],[97.7716,18.64589],[97.76827,18.64371],[97.77098,18.63792],[97.76693,18.63297],[97.77118,18.6285],[97.76913,18.62221],[97.7734,18.61953],[97.77387,18.61052],[97.77109,18.6055],[97.77206,18.59781],[97.76706,18.58835],[97.76929,18.57928],[97.75307,18.57613],[97.73836,18.57947],[97.73122,18.58651],[97.72574,18.58469],[97.72239,18.57362],[97.70147,18.5696],[97.67534,18.57699],[97.67083,18.57345],[97.65047,18.57685],[97.64909,18.57077],[97.64473,18.57001],[97.63491,18.55857],[97.62731,18.56561],[97.61462,18.56025],[97.61432,18.55534],[97.62262,18.54427],[97.62206,18.5409],[97.6189,18.53953],[97.61346,18.54575],[97.60654,18.54362],[97.60482,18.53702],[97.588,18.53784],[97.58602,18.53348],[97.58178,18.53276],[97.57169,18.53503],[97.56696,18.52461],[97.56235,18.52227],[97.55762,18.52739],[97.54694,18.53008],[97.53481,18.49117],[97.51876,18.4977],[97.51015,18.49278],[97.50006,18.49426],[97.49049,18.51009],[97.4816,18.51031],[97.47162,18.50462],[97.46768,18.49847],[97.4591,18.49962],[97.45446,18.49357],[97.44397,18.49501],[97.44303,18.50264],[97.43683,18.50586],[97.43585,18.52077],[97.42838,18.52552],[97.42722,18.54428],[97.41746,18.55313],[97.40916,18.55521],[97.40405,18.56594],[97.38186,18.55926],[97.36334,18.55969],[97.36212,18.59933],[97.34394,18.57772],[97.34675,18.54433],[97.35784,18.5299],[97.37365,18.52246],[97.38196,18.5124],[97.3862,18.50594],[97.40167,18.45127],[97.41771,18.43584],[97.42508,18.41013],[97.42999,18.40601],[97.44006,18.40489],[97.45218,18.38838],[97.4514,18.3782],[97.44151,18.35912],[97.44721,18.33084],[97.45233,18.32814],[97.46083,18.31038],[97.48475,18.29001],[97.50059,18.26837],[97.5066,18.26638],[97.53235,18.28231],[97.54051,18.2981],[97.55,18.33325],[97.55977,18.33871],[97.5671,18.33645],[97.57575,18.33839],[97.58274,18.33252],[97.59295,18.33171],[97.61778,18.31912],[97.63889,18.2879],[97.63943,18.28159],[97.63322,18.27121],[97.61108,18.25059],[97.60866,18.23935],[97.61405,18.22443],[97.64332,18.19236],[97.65141,18.17792],[97.66845,18.16906],[97.67596,18.16155],[97.67837,18.11264],[97.6905,18.08953],[97.68934,18.08067],[97.68087,18.07326],[97.68193,18.06363],[97.68886,18.06199],[97.69849,18.06642],[97.70831,18.05506],[97.70831,18.04928],[97.72352,18.02261],[97.72169,18.01067],[97.73555,17.98819],[97.73752,17.97465],[97.73339,17.95531],[97.72504,17.94989],[97.70709,17.94617],[97.68643,17.92392],[97.68524,17.908],[97.67602,17.89336],[97.67199,17.8789],[97.67483,17.86887],[97.69307,17.84001],[97.69143,17.83396],[97.69813,17.82096],[97.70297,17.81579],[97.71811,17.81915],[97.71763,17.8074],[97.72359,17.79907],[97.732,17.79758],[97.74209,17.78582],[97.74461,17.77184],[97.74825,17.76866],[97.75689,17.77117],[97.77374,17.75288],[97.76866,17.74592],[97.76216,17.74569],[97.76294,17.72638],[97.77455,17.70722],[97.79139,17.69168],[97.79313,17.68043],[97.81924,17.66097],[97.82183,17.65246],[97.82769,17.64984],[97.84804,17.6269],[97.90635,17.58362],[97.9099,17.56361],[97.91871,17.55802],[97.92266,17.54034],[97.93231,17.53843],[97.94004,17.53141],[97.96214,17.52745],[97.96768,17.52111],[97.96519,17.51675],[97.9705,17.50862],[97.9917,17.51101],[98.0372,17.45152],[98.05541,17.44211],[98.05465,17.4356],[98.04769,17.43443],[98.0453,17.43034],[98.0602,17.42128],[98.07953,17.3908],[98.08696,17.39579],[98.10967,17.38593],[98.10893,17.37689],[98.11947,17.37307],[98.10505,17.35439],[98.10718,17.3501],[98.10444,17.34665],[98.10499,17.33709],[98.11147,17.32031],[98.11556,17.31936],[98.11932,17.32325],[98.12413,17.32142],[98.12883,17.31476],[98.12835,17.30778],[98.13373,17.30685],[98.13751,17.29937],[98.1343,17.293],[98.14568,17.29208],[98.153,17.28333],[98.16072,17.28041],[98.1672,17.27299],[98.16448,17.26646],[98.16733,17.26252],[98.19578,17.2551],[98.20526,17.24922],[98.21317,17.2285],[98.22022,17.22724],[98.22701,17.22116],[98.24107,17.23014],[98.24459,17.22359],[98.23402,17.21769],[98.22733,17.20549],[98.23031,17.203],[98.23822,17.21025],[98.24512,17.21169],[98.24744,17.20966],[98.24379,17.19895],[98.24552,17.19622],[98.25134,17.19743],[98.25046,17.182],[98.26368,17.18716],[98.25882,17.1762],[98.26669,17.17755],[98.27923,17.1736],[98.28031,17.16803],[98.27009,17.16434],[98.26705,17.16019],[98.27195,17.15115],[98.28772,17.15613],[98.29696,17.14901],[98.29787,17.14217],[98.28681,17.14471],[98.28445,17.14241],[98.2867,17.13097],[98.27985,17.1157],[98.28459,17.11181],[98.29332,17.11357],[98.29373,17.12373],[98.29833,17.12741],[98.30139,17.10723],[98.3096,17.11181],[98.32232,17.11148],[98.31677,17.1042],[98.31588,17.09463],[98.30879,17.10118],[98.30503,17.09381],[98.29971,17.0919],[98.30148,17.089],[98.31346,17.08736],[98.31232,17.07826],[98.323,17.06364],[98.33725,17.0512],[98.34709,17.048],[98.3602,17.04882],[98.37139,17.05654],[98.38951,17.06039],[98.39296,17.0581],[98.39068,17.05162],[98.39596,17.04737],[98.39919,17.04734],[98.40415,17.05611],[98.411,17.05394],[98.41528,17.04368],[98.42026,17.04542],[98.42395,17.04359],[98.42486,17.03776],[98.43727,17.03655],[98.43605,17.02656],[98.43024,17.02188],[98.44104,17.02128],[98.44962,17.02446],[98.45575,17.02087],[98.45212,17.01779],[98.45533,17.01182],[98.44762,16.99709],[98.45801,16.99187],[98.46971,16.99721],[98.47317,16.99557],[98.47369,16.98546],[98.48039,16.98107],[98.47768,16.97614],[98.468,16.97456],[98.46835,16.97152],[98.4749,16.96842],[98.48166,16.97211],[98.48975,16.96988],[98.48873,16.95738],[98.49956,16.95765],[98.50851,16.94799],[98.50779,16.94485],[98.50408,16.94473],[98.49776,16.95093],[98.48473,16.94224],[98.48277,16.93612],[98.49155,16.93281],[98.489,16.92439],[98.4909,16.9226],[98.50092,16.92908],[98.50565,16.92773],[98.50118,16.92031],[98.50623,16.9113],[98.50896,16.91089],[98.50884,16.91644],[98.51936,16.91833],[98.52237,16.91585],[98.51299,16.90186],[98.53548,16.89879],[98.53548,16.89368],[98.53032,16.89237],[98.526,16.88611],[98.53974,16.8625],[98.53856,16.85993],[98.53491,16.86101],[98.53231,16.86789],[98.52437,16.87166],[98.52235,16.8764],[98.51022,16.88049],[98.5076,16.8789],[98.51329,16.8688],[98.51501,16.85664],[98.511,16.85647],[98.50942,16.86511],[98.50607,16.86724],[98.49984,16.86342],[98.49204,16.84184],[98.503,16.83229],[98.51216,16.83782],[98.52229,16.83508],[98.52551,16.82722],[98.5375,16.82913],[98.54168,16.81943],[98.54744,16.81556],[98.54651,16.81246],[98.51629,16.80575],[98.51406,16.80348],[98.51659,16.79787],[98.52347,16.79958],[98.52581,16.79736],[98.51965,16.78992],[98.50954,16.79767],[98.50642,16.79619],[98.50654,16.78836],[98.50367,16.78618],[98.49909,16.78562],[98.49499,16.79183],[98.48566,16.79014],[98.48314,16.78153],[98.48962,16.77275],[98.47637,16.76241],[98.47659,16.75184],[98.47997,16.74802],[98.47817,16.74552],[98.47374,16.74605],[98.46974,16.75121],[98.46211,16.74991],[98.46834,16.73638],[98.46312,16.7307],[98.47576,16.72209],[98.47705,16.7171],[98.47245,16.7179],[98.47018,16.71278],[98.48379,16.71664],[98.49232,16.70965],[98.49419,16.71554],[98.50052,16.7162],[98.50293,16.71065],[98.49681,16.70316],[98.49869,16.69504],[98.49499,16.69176],[98.50032,16.69154],[98.5023,16.69775],[98.50948,16.70095],[98.51734,16.7017],[98.51053,16.69491],[98.51647,16.69324],[98.51471,16.68731],[98.51848,16.67573],[98.51424,16.66882],[98.51505,16.65927],[98.511,16.64782],[98.51301,16.64524],[98.51911,16.65059],[98.52391,16.64924],[98.52312,16.64472],[98.53135,16.64073],[98.53305,16.63665],[98.54313,16.63862],[98.55393,16.63373],[98.55938,16.63551],[98.56289,16.62982],[98.5711,16.63175],[98.57375,16.62018],[98.56861,16.61687],[98.57124,16.60631],[98.57732,16.60615],[98.57641,16.59915],[98.58241,16.60102],[98.58308,16.59209],[98.5865,16.58938],[98.58261,16.58672],[98.58288,16.57607],[98.57939,16.575],[98.58675,16.56767],[98.57827,16.56767],[98.57513,16.57354],[98.57282,16.57124],[98.57886,16.5649],[98.57671,16.55816],[98.5849,16.55878],[98.58766,16.5544],[98.58541,16.54615],[98.59765,16.54602],[98.59741,16.53368],[98.60704,16.52356],[98.61791,16.50126],[98.62628,16.49696],[98.63338,16.47925],[98.64249,16.47879],[98.64375,16.4729],[98.64814,16.47425],[98.65207,16.47129],[98.65113,16.46288],[98.65769,16.455],[98.63893,16.43132],[98.63697,16.42543],[98.64098,16.41549],[98.63585,16.41238],[98.64133,16.40995],[98.64262,16.40445],[98.65371,16.3983],[98.64846,16.39449],[98.65803,16.37818],[98.65318,16.37059],[98.65781,16.37086],[98.66443,16.36522],[98.65324,16.35562],[98.65311,16.3516],[98.66645,16.34682],[98.66472,16.31679],[98.67086,16.31826],[98.66958,16.29255],[98.66601,16.29165],[98.67591,16.28053],[98.67334,16.27472],[98.67596,16.27079],[98.68203,16.27657],[98.67879,16.27841],[98.68133,16.2814],[98.69344,16.27516],[98.69235,16.27161],[98.69543,16.26977],[98.7031,16.27071],[98.70681,16.2946],[98.71988,16.29734],[98.71817,16.3103],[98.72027,16.31478],[98.72701,16.31602],[98.7285,16.3194],[98.72481,16.32235],[98.72678,16.32876],[98.73362,16.33271],[98.73545,16.33824],[98.74296,16.33864],[98.7456,16.34741],[98.75316,16.34349],[98.76458,16.34306],[98.77317,16.34736],[98.77637,16.34392],[98.77549,16.34882],[98.78287,16.35511],[98.78153,16.36533],[98.81077,16.38382],[98.81726,16.38507],[98.81319,16.39451],[98.824,16.40543],[98.82981,16.42192],[98.83738,16.4225],[98.84693,16.41793],[98.86573,16.42497],[98.87456,16.42226],[98.87943,16.42525],[98.88873,16.41732],[98.89236,16.4071],[98.89641,16.40736],[98.89994,16.40091],[98.91798,16.38726],[98.91703,16.37642],[98.92004,16.36952],[98.91709,16.35763],[98.90944,16.34822],[98.91094,16.34398],[98.92564,16.34542],[98.93175,16.32889],[98.92415,16.30925],[98.92677,16.30638],[98.91636,16.3063],[98.91066,16.29788],[98.90658,16.27399],[98.91067,16.26793],[98.90334,16.2545],[98.88719,16.24792],[98.87831,16.23034],[98.87152,16.23845],[98.86965,16.23359],[98.85196,16.21957],[98.86127,16.19826],[98.8542,16.19192],[98.85985,16.18735],[98.86143,16.16999],[98.85738,16.167],[98.8581,16.16424],[98.85107,16.16061],[98.854,16.15666],[98.84851,16.12787],[98.83311,16.12674],[98.82845,16.11538],[98.81001,16.10905],[98.80541,16.10457],[98.79647,16.10562],[98.7881,16.11082],[98.78327,16.12361],[98.77886,16.12598],[98.76864,16.12047],[98.74138,16.11966],[98.71991,16.12303],[98.7131,16.1327],[98.70025,16.13596],[98.67881,16.12848],[98.6843,16.11353],[98.68185,16.11097],[98.66616,16.11046],[98.67389,16.0957],[98.6718,16.09039],[98.65867,16.08166],[98.66301,16.0758],[98.64187,16.06652],[98.64019,16.06089],[98.62624,16.06211],[98.63158,16.04866],[98.62875,16.04439],[98.60793,16.0423],[98.60572,16.06355],[98.59953,16.07335],[98.58921,16.07616],[98.58086,16.0709],[98.57747,16.05925],[98.56706,16.05694],[98.56258,16.04488],[98.56061,16.03424],[98.56264,16.0307],[98.5755,16.02498],[98.57674,16.01989],[98.59673,16.00843],[98.60654,15.98456],[98.60865,15.97261],[98.60611,15.96512],[98.59384,15.95938],[98.59216,15.938],[98.58402,15.91862],[98.58916,15.90669],[98.58904,15.89203],[98.59654,15.88483],[98.59568,15.87491],[98.59966,15.87271],[98.61076,15.8768],[98.57646,15.7989],[98.54829,15.68524],[98.56299,15.63975],[98.5529,15.60174],[98.58536,15.47122],[98.58028,15.3756],[98.55962,15.33604],[98.54954,15.33757],[98.54736,15.34201],[98.55115,15.34378],[98.54965,15.34894],[98.54486,15.35355],[98.5477,15.35777],[98.53745,15.371],[98.52435,15.37042],[98.51572,15.37905],[98.50923,15.37726],[98.501,15.38514],[98.50141,15.38842],[98.48974,15.39353],[98.48278,15.39163],[98.48094,15.3768],[98.47444,15.37611],[98.47094,15.37123],[98.46329,15.37514],[98.45812,15.38543],[98.45007,15.38324],[98.45496,15.36812],[98.44435,15.37106],[98.44106,15.36519],[98.43535,15.3626],[98.43046,15.36772],[98.4242,15.36444],[98.41707,15.36536],[98.41203,15.35323],[98.4099,15.33368],[98.41522,15.32352],[98.40022,15.32105],[98.40166,15.30816],[98.38793,15.30348],[98.38962,15.30109],[98.40747,15.30184],[98.41366,15.29129],[98.41726,15.26643],[98.40145,15.25407],[98.39922,15.2609],[98.39419,15.26269],[98.38873,15.27196],[98.38535,15.26952],[98.37982,15.27254],[98.37421,15.28432],[98.36659,15.2826],[98.35294,15.29014],[98.35353,15.29336],[98.33884,15.29378],[98.32699,15.30333],[98.30597,15.3135],[98.30213,15.31109],[98.29771,15.3135],[98.29558,15.30843],[98.30047,15.30371],[98.29441,15.2977],[98.30304,15.27986],[98.29641,15.27322],[98.28232,15.2721],[98.28149,15.26347],[98.25988,15.23534],[98.25861,15.22365],[98.25198,15.22513],[98.24399,15.22087],[98.23418,15.2203],[98.22025,15.22496],[98.21249,15.23654],[98.19903,15.23516],[98.20024,15.21017],[98.2096,15.20048],[98.20814,15.19197],[98.21337,15.18201],[98.20832,15.171],[98.20211,15.16637],[98.19929,15.15591],[98.19132,15.15236],[98.18901,15.14047],[98.19336,15.13588],[98.18371,15.12204],[98.1817,15.10836],[98.18477,15.10316],[98.18368,15.09631],[98.19347,15.08705],[98.19305,15.07684],[98.20935,15.07655],[98.2216,15.05913],[98.22025,15.05511],[98.23135,15.04442],[98.22402,15.02621],[98.21279,15.02036],[98.20853,14.98161],[98.23326,14.96657],[98.22825,14.94828],[98.23114,14.94263],[98.24223,14.94094],[98.24328,14.9225],[98.25097,14.91598],[98.24074,14.89981],[98.23338,14.89628],[98.22977,14.89032],[98.23447,14.88207],[98.25698,14.86355],[98.25944,14.85806],[98.2582,14.84288],[98.24577,14.83121],[98.25086,14.82603],[98.25448,14.81338],[98.2615,14.81107],[98.27055,14.79955],[98.276,14.79749],[98.28288,14.77622],[98.29442,14.76991],[98.29725,14.74959],[98.30641,14.73838],[98.30518,14.73213],[98.31513,14.72688],[98.32333,14.71036],[98.33039,14.70612],[98.33463,14.71153],[98.33789,14.70993],[98.34003,14.70354],[98.34817,14.70053],[98.36223,14.68756],[98.36592,14.66756],[98.37299,14.66415],[98.37896,14.65455],[98.40725,14.63385],[98.41569,14.63108],[98.42073,14.62295],[98.43717,14.61309],[98.43612,14.60834],[98.44412,14.59272],[98.45934,14.57731],[98.45586,14.55661],[98.46212,14.53036],[98.46971,14.5365],[98.48494,14.53464],[98.49157,14.54096],[98.49795,14.51173],[98.50528,14.50816],[98.50427,14.4959],[98.50946,14.49094],[98.51197,14.47639],[98.51978,14.47057],[98.52421,14.45528],[98.53274,14.44748],[98.53302,14.44318],[98.54166,14.44437],[98.54585,14.44071],[98.54933,14.43445],[98.5478,14.42323],[98.55719,14.42035],[98.55672,14.40297],[98.56249,14.39736],[98.56495,14.38492],[98.57345,14.38039],[98.57666,14.36873],[98.59093,14.37053],[98.59194,14.37517],[98.59428,14.3729],[98.59659,14.3667],[98.59305,14.34402],[98.60155,14.32167],[98.61463,14.31253],[98.62389,14.31209],[98.63092,14.31575],[98.64221,14.30095],[98.64578,14.30149],[98.65857,14.29078],[98.66836,14.28774],[98.68124,14.27333],[98.70037,14.27335],[98.70004,14.25994],[98.70528,14.25304],[98.71127,14.25173],[98.72655,14.23826],[98.73215,14.24085],[98.74024,14.23149],[98.74281,14.23335],[98.75575,14.21455],[98.76025,14.21568],[98.7673,14.20857],[98.77607,14.2074],[98.77713,14.19971],[98.78441,14.19526],[98.79791,14.1932],[98.8135,14.17544],[98.81854,14.17343],[98.82229,14.17663],[98.82774,14.17579],[98.83479,14.17203],[98.83963,14.16309],[98.8447,14.16362],[98.85041,14.1597],[98.86267,14.14692],[98.86732,14.14777],[98.87448,14.12835],[98.89858,14.10949],[98.92059,14.10999],[98.93139,14.10221],[98.93606,14.1024],[98.93827,14.09692],[98.94506,14.09287],[98.95919,14.09631],[98.96813,14.08229],[98.96873,14.05565],[98.97346,14.0417],[98.972,14.03305],[98.98985,14.02141],[98.99851,14.01953],[98.99579,14.01395],[99.00638,13.99998],[99.0049,13.9963],[99.00896,13.99445],[99.01477,13.97534],[99.01478,13.96105],[99.02034,13.95326],[99.02078,13.94562],[99.04404,13.94163],[99.05781,13.93002],[99.06577,13.9172],[99.06589,13.90742],[99.0764,13.8994],[99.0768,13.89483],[99.09444,13.88947],[99.10487,13.89506],[99.10773,13.89324],[99.11091,13.86826],[99.10099,13.85495],[99.0995,13.83773],[99.10845,13.83053],[99.11441,13.83073],[99.11455,13.81981],[99.12162,13.81255],[99.12189,13.80184],[99.11748,13.79534],[99.12136,13.77329],[99.12725,13.76749],[99.13251,13.76733],[99.14173,13.75747],[99.15347,13.75576],[99.15413,13.73604],[99.16053,13.72663],[99.16817,13.72412],[99.16695,13.69567],[99.17127,13.68943],[99.16984,13.68307],[99.16552,13.68151],[99.16709,13.67287],[99.17116,13.67163],[99.16717,13.65385],[99.17166,13.64767],[99.16909,13.64046],[99.17224,13.62956],[99.16764,13.62185],[99.16663,13.61188],[99.17855,13.58446],[99.1672,13.57887],[99.1642,13.5735],[99.17252,13.56301],[99.17766,13.56306],[99.18285,13.5509],[99.18634,13.5513],[99.19245,13.54502],[99.18942,13.52829],[99.19193,13.51686],[99.18754,13.49602],[99.19774,13.48251],[99.20329,13.48001],[99.20751,13.45834],[99.19727,13.45123],[99.20409,13.43511],[99.20064,13.42745],[99.20769,13.42208],[99.20647,13.41854],[99.21022,13.41534],[99.21028,13.41094],[99.20399,13.40289],[99.20692,13.38052],[99.2015,13.37194],[99.20582,13.36637],[99.20269,13.35476],[99.20684,13.34006],[99.19721,13.3251],[99.1924,13.32314],[99.19135,13.30707],[99.19382,13.30505],[99.19052,13.3029],[99.1881,13.29215],[99.19423,13.28066],[99.21132,13.26272],[99.21076,13.2602],[99.20294,13.26177],[99.19632,13.25466],[99.20879,13.23133],[99.20924,13.22561],[99.20437,13.21913],[99.2104,13.20747],[99.20397,13.20377],[99.19996,13.19552],[99.19704,13.19396],[99.19291,13.19678],[99.19082,13.19337],[99.18161,13.19304],[99.17513,13.2021],[99.16414,13.20788],[99.15615,13.2084],[99.13178,13.20308],[99.12314,13.19438],[99.12348,13.18218],[99.11659,13.17482],[99.13374,13.16463],[99.13721,13.14987],[99.13014,13.14272],[99.13121,13.13755],[99.13687,13.13307],[99.13377,13.1184],[99.12812,13.11615],[99.12732,13.10318],[99.13109,13.09708],[99.11977,13.0961],[99.11452,13.08827],[99.10226,13.083],[99.09951,13.07273],[99.1036,13.0639],[99.11021,13.06347],[99.11448,13.05837],[99.11377,13.05396],[99.12576,13.0382],[99.13426,13.03344],[99.1461,13.03298],[99.14771,13.02696],[99.15434,13.02697],[99.15801,13.01964],[99.16959,13.01639],[99.16866,13.01032],[99.18014,12.99325],[99.19485,12.99057],[99.18698,12.97805],[99.19506,12.95997],[99.19356,12.95252],[99.18984,12.95246],[99.18469,12.9451],[99.17261,12.94308],[99.16738,12.92901],[99.16264,12.9287],[99.16541,12.92444],[99.17521,12.92079],[99.18253,12.91117],[99.18065,12.88711],[99.18833,12.88052],[99.18598,12.85017],[99.20436,12.83823],[99.21181,12.82617],[99.21805,12.82864],[99.22214,12.82215],[99.22567,12.79895],[99.22936,12.79586],[99.22783,12.79023],[99.23435,12.77804],[99.23408,12.75132],[99.22853,12.74267],[99.23863,12.72656],[99.24684,12.71951],[99.27051,12.72817],[99.27876,12.71605],[99.2895,12.71505],[99.29182,12.69714],[99.30079,12.68951],[99.29458,12.67778],[99.30957,12.66748],[99.32308,12.66829],[99.3387,12.66183],[99.34487,12.64097],[99.35448,12.64057],[99.35664,12.636],[99.36438,12.63581],[99.36697,12.6334],[99.36525,12.62569],[99.37728,12.62208],[99.37892,12.61595],[99.38664,12.61695],[99.39713,12.6122],[99.41305,12.61508],[99.42107,12.60868],[99.42055,12.60366],[99.42538,12.59493],[99.44004,12.58116],[99.43234,12.58347],[99.4292,12.58026],[99.43054,12.57005],[99.43552,12.56614],[99.4303,12.55563],[99.42342,12.55658],[99.42142,12.55103],[99.42347,12.5362],[99.42194,12.5278],[99.41749,12.52378],[99.42499,12.491],[99.41699,12.48936],[99.40613,12.48091],[99.40662,12.47283],[99.40099,12.45991],[99.41366,12.4501],[99.42499,12.44843],[99.4241,12.43135],[99.42676,12.42427],[99.44589,12.40643],[99.44181,12.40054],[99.4425,12.3827],[99.43223,12.3641],[99.44365,12.35565],[99.44355,12.35073],[99.43723,12.34915],[99.43384,12.3428],[99.44632,12.33174],[99.44342,12.32751],[99.445,12.31694],[99.4474,12.31317],[99.45306,12.31259],[99.45767,12.29959],[99.46182,12.29789],[99.46175,12.28622],[99.46603,12.28254],[99.47469,12.28303],[99.48259,12.2788],[99.4845,12.27324],[99.48042,12.26683],[99.48229,12.25261],[99.47636,12.2426],[99.47199,12.24075],[99.47143,12.23439],[99.48744,12.21805],[99.48698,12.21187],[99.49632,12.19711],[99.49524,12.18988],[99.48858,12.18244],[99.49018,12.1741],[99.48692,12.16566],[99.47739,12.1636],[99.47281,12.15769],[99.47355,12.13131],[99.47886,12.13404],[99.48493,12.12921],[99.49556,12.13026],[99.50033,12.14337],[99.50748,12.14317],[99.51522,12.14767],[99.52636,12.14502],[99.52967,12.14798],[99.53957,12.14423],[99.54959,12.15056],[99.5707,12.14513],[99.56951,12.13667],[99.56228,12.13107],[99.55677,12.11461],[99.55621,12.0946],[99.55044,12.08979],[99.5475,12.07924],[99.5341,12.06601],[99.5325,12.05336],[99.53555,12.04164],[99.54017,12.03985],[99.54129,12.03421],[99.53648,12.01875],[99.53801,12.01424],[99.57412,12.00788],[99.59225,11.99251],[99.58995,11.98491],[99.5934,11.97786],[99.59105,11.96539],[99.59319,11.95531],[99.59141,11.95119],[99.57951,11.94403],[99.5862,11.92938],[99.58628,11.91832],[99.57941,11.90342],[99.5885,11.88675],[99.58789,11.87246],[99.59512,11.87261],[99.59894,11.87857],[99.60341,11.87085],[99.61018,11.86825],[99.61337,11.85886],[99.62522,11.84851],[99.62183,11.83325],[99.63564,11.83176],[99.64104,11.82732],[99.65909,11.82876],[99.6649,11.82315],[99.66086,11.82089],[99.65938,11.81089],[99.65374,11.8133],[99.65053,11.81111],[99.64571,11.79053],[99.64109,11.78892],[99.64318,11.78422],[99.64119,11.77786],[99.64425,11.77438],[99.63688,11.75606],[99.63991,11.74992],[99.63709,11.74551],[99.63946,11.74285],[99.63626,11.72717],[99.63058,11.72283],[99.61904,11.72236],[99.6199,11.71798],[99.61518,11.71062],[99.60271,11.70752],[99.59792,11.70037],[99.59965,11.69722],[99.58754,11.68762],[99.58842,11.684],[99.58333,11.67955],[99.58315,11.67519],[99.5865,11.66114],[99.56991,11.64265],[99.57244,11.637],[99.56546,11.62668],[99.55601,11.62428],[99.55015,11.62856],[99.53125,11.6209],[99.52289,11.62554],[99.51626,11.6369],[99.5078,11.63655],[99.49865,11.63283],[99.4931,11.62534],[99.48385,11.62712],[99.47549,11.62413],[99.46764,11.61476],[99.4687,11.60957],[99.46222,11.59926],[99.46372,11.58923],[99.45839,11.58371],[99.46838,11.56731],[99.46303,11.54981],[99.47127,11.54705],[99.46965,11.54417],[99.4744,11.53317],[99.44857,11.50459],[99.44777,11.4933],[99.44227,11.48783],[99.44364,11.47987],[99.42213,11.48173],[99.41913,11.4756],[99.41097,11.4732],[99.40949,11.4644],[99.40345,11.46592],[99.39373,11.46122],[99.3957,11.45166],[99.4002,11.44671],[99.39492,11.43832],[99.40275,11.42378],[99.40157,11.41126],[99.40379,11.40802],[99.39882,11.40086],[99.40202,11.38872],[99.39542,11.38281],[99.38606,11.38214],[99.38123,11.37705],[99.36725,11.37226],[99.35755,11.35882],[99.34437,11.34831],[99.34194,11.33297],[99.32778,11.33617],[99.32609,11.32858],[99.31235,11.31627],[99.32373,11.29798],[99.32587,11.28573],[99.311,11.26705],[99.30741,11.25545],[99.29848,11.25275],[99.29618,11.24807],[99.30992,11.23384],[99.30272,11.21039],[99.29376,11.20391],[99.29148,11.194],[99.28635,11.19067],[99.27043,11.20335],[99.26337,11.19903],[99.25302,11.17464],[99.25478,11.17008],[99.23258,11.14305],[99.22539,11.14113],[99.22451,11.13539],[99.23013,11.13059],[99.23047,11.12032],[99.22648,11.10915],[99.21778,11.10615],[99.21273,11.0989],[99.20479,11.09909],[99.20103,11.09145],[99.19013,11.08415],[99.17886,11.08215],[99.179,11.05926],[99.17118,11.05467],[99.17055,11.04335],[99.16548,11.04285],[99.15837,11.03384],[99.14924,11.03381],[99.14684,11.02952],[99.12907,11.03004],[99.1118,11.01553],[99.10381,11.0131],[99.1,10.99263],[99.09258,10.97963],[99.09376,10.97277],[99.08359,10.96358],[99.08108,10.95647],[99.05441,10.94829],[99.04993,10.96194],[99.03977,10.9616],[99.02385,10.97073],[99.01598,10.95895],[99.01189,10.9423],[99.00295,10.93507],[98.99774,10.91118],[99.00423,10.90427],[99.00583,10.89336],[99.0018,10.8807],[99.01193,10.87215],[99.01149,10.8567],[99.00189,10.84779],[98.99018,10.84415],[98.9854,10.83317],[98.97241,10.83133],[98.95881,10.81199],[98.93586,10.81506],[98.93633,10.81892],[98.92493,10.82636],[98.92225,10.82525],[98.92152,10.82042],[98.91466,10.81453],[98.90434,10.78138],[98.88977,10.7749],[98.88549,10.78406],[98.87605,10.78785],[98.8751,10.78343],[98.87066,10.78285],[98.86661,10.77661],[98.86165,10.77864],[98.84475,10.75356],[98.83857,10.75215],[98.83208,10.73753],[98.82358,10.7321],[98.82378,10.72614],[98.81936,10.72478],[98.81764,10.71852],[98.81037,10.71655],[98.80946,10.71441],[98.81274,10.71349],[98.80784,10.70763],[98.80293,10.70668],[98.8025,10.6999],[98.79653,10.69754],[98.79065,10.68825],[98.79117,10.68348],[98.78609,10.68079],[98.78225,10.68353],[98.77961,10.67862],[98.78465,10.65261],[98.77657,10.64026],[98.77477,10.62448],[98.77093,10.62009],[98.7807,10.61597],[98.7817,10.60139],[98.78685,10.60629],[98.80082,10.60375],[98.79764,10.59438],[98.80124,10.59341],[98.80162,10.58708],[98.80947,10.59343],[98.80976,10.58205],[98.80488,10.56452],[98.7987,10.55842],[98.81277,10.55418],[98.81739,10.54755],[98.80967,10.5403],[98.81422,10.53957],[98.81397,10.5297],[98.82178,10.52926],[98.81796,10.52659],[98.81655,10.49849],[98.81134,10.50171],[98.80899,10.49926],[98.8142,10.49669],[98.81434,10.49359],[98.8103,10.48908],[98.79259,10.48662],[98.80771,10.47374],[98.80667,10.4673],[98.80342,10.46343],[98.79756,10.46291],[98.79522,10.45389],[98.78845,10.45362],[98.78858,10.4495],[98.77505,10.43506],[98.77401,10.42913],[98.77076,10.42539],[98.76646,10.42577],[98.7666,10.41314],[98.7614,10.40257],[98.75594,10.3987],[98.75359,10.40269],[98.75151,10.40153],[98.7493,10.40333],[98.75202,10.41184],[98.74656,10.41325],[98.74526,10.40462],[98.75099,10.39844],[98.75048,10.39509],[98.74397,10.39637],[98.74448,10.40024],[98.74188,10.40075],[98.72536,10.38862],[98.72523,10.38579],[98.72978,10.38708],[98.73095,10.39159],[98.73642,10.38915],[98.74527,10.39328],[98.74515,10.38374],[98.74215,10.38142],[98.74112,10.37278],[98.73747,10.37342],[98.73645,10.35551],[98.73931,10.35538],[98.73255,10.34326],[98.7336,10.33836],[98.72397,10.33655],[98.72242,10.32224],[98.72776,10.31284],[98.72608,10.30768],[98.72009,10.30407],[98.71905,10.30871],[98.71488,10.30845],[98.71463,10.29968],[98.70799,10.30715],[98.71007,10.302],[98.70604,10.29955],[98.70005,10.30534],[98.69758,10.29941],[98.69524,10.30044],[98.69276,10.30817],[98.69692,10.31036],[98.6921,10.31178],[98.69249,10.31668],[98.69743,10.31848],[98.69184,10.31822],[98.69118,10.32518],[98.68754,10.32389],[98.68573,10.31164],[98.67714,10.30674],[98.67415,10.303],[98.6752,10.2963],[98.67247,10.29771],[98.67052,10.29474],[98.66622,10.30093],[98.66516,10.31459],[98.64875,10.32179],[98.64354,10.32745],[98.64171,10.33286],[98.64614,10.33454],[98.64864,10.34593],[98.64794,10.34962],[98.64078,10.35297],[98.64077,10.3625],[98.64428,10.36663],[98.63972,10.36585],[98.63844,10.35271],[98.64327,10.34163],[98.64145,10.33505],[98.63442,10.3384],[98.63703,10.33157],[98.62923,10.32731],[98.63729,10.32899],[98.63757,10.31404],[98.64056,10.31508],[98.63887,10.31842],[98.6472,10.31946],[98.65436,10.3169],[98.65892,10.31123],[98.65607,10.30104],[98.6493,10.30014],[98.6422,10.28767],[98.64944,10.2924],[98.65242,10.29872],[98.65282,10.29395],[98.66102,10.29628],[98.66284,10.28958],[98.6687,10.28907],[98.67001,10.28263],[98.66494,10.27322],[98.66912,10.26252],[98.66704,10.25994],[98.67082,10.25685],[98.66679,10.25015],[98.67057,10.24603],[98.66927,10.23829],[98.67514,10.23057],[98.68425,10.228],[98.68608,10.2231],[98.66968,10.22334],[98.6659,10.23107],[98.66239,10.22926],[98.66604,10.22179],[98.66292,10.21586],[98.67177,10.22051],[98.68101,10.21665],[98.68075,10.21176],[98.67438,10.20853],[98.66917,10.21097],[98.66449,10.20903],[98.66397,10.20633],[98.66853,10.20788],[98.67308,10.20505],[98.66281,10.19782],[98.6636,10.18931],[98.65749,10.18995],[98.65306,10.19291],[98.65721,10.20129],[98.64719,10.20296],[98.64992,10.21288],[98.6408,10.22125],[98.646,10.22783],[98.63949,10.23156],[98.63974,10.24019],[98.64572,10.24394],[98.6431,10.25463],[98.63919,10.2594],[98.63373,10.2572],[98.63712,10.25244],[98.63087,10.25217],[98.63023,10.24495],[98.62425,10.24263],[98.61851,10.25525],[98.61839,10.24726],[98.61501,10.24262],[98.61684,10.23695],[98.6132,10.23668],[98.61619,10.23282],[98.61269,10.22831],[98.61399,10.2247],[98.60645,10.22082],[98.60907,10.20858],[98.60647,10.20832],[98.6135,10.19879],[98.61117,10.19183],[98.61455,10.19287],[98.61247,10.1881],[98.61586,10.1832],[98.60949,10.17817],[98.61067,10.17624],[98.61548,10.17946],[98.61561,10.17689],[98.62316,10.17432],[98.6182,10.18643],[98.6208,10.1921],[98.62834,10.1934],[98.62755,10.19933],[98.63367,10.19263],[98.63485,10.18645],[98.6437,10.1889],[98.64643,10.18543],[98.64657,10.18105],[98.6411,10.18491],[98.64006,10.18104],[98.63564,10.18207],[98.63148,10.17407],[98.63565,10.17279],[98.63955,10.17717],[98.64657,10.17563],[98.64737,10.16429],[98.64321,10.1581],[98.63566,10.15887],[98.64387,10.15166],[98.63398,10.15397],[98.63385,10.15049],[98.628,10.14752],[98.63048,10.14082],[98.63542,10.14508],[98.64101,10.14495],[98.63868,10.13876],[98.62789,10.13192],[98.62086,10.13436],[98.62476,10.13798],[98.61981,10.14274],[98.62631,10.14623],[98.62265,10.16169],[98.61836,10.15859],[98.61746,10.15266],[98.61135,10.15162],[98.61044,10.14569],[98.60525,10.1404],[98.60134,10.1422],[98.60238,10.14568],[98.59471,10.14206],[98.59823,10.13537],[98.5972,10.12892],[98.60045,10.12661],[98.59864,10.11964],[98.59357,10.11873],[98.59423,10.11113],[98.59098,10.10868],[98.59436,10.10623],[98.60191,10.10727],[98.6058,10.11153],[98.60906,10.10935],[98.60477,10.10431],[98.60829,10.09439],[98.59919,10.09232],[98.59685,10.09515],[98.59595,10.08794],[98.58997,10.0802],[98.59388,10.07659],[98.59389,10.07169],[98.58946,10.07439],[98.58699,10.07143],[98.58817,10.06782],[98.59831,10.06886],[98.5978,10.06487],[98.58844,10.06241],[98.5874,10.05828],[98.59504,10.05588],[98.59118,10.04901],[98.59053,10.05481],[98.58506,10.05686],[98.57805,10.05105],[98.57481,10.04383],[98.57755,10.03378],[98.57378,10.03223],[98.57587,10.02218],[98.57315,10.01599],[98.56639,10.01779],[98.56537,9.99923],[98.55823,9.99509],[98.55214,9.97446],[98.54798,9.97549],[98.53898,9.99687],[98.53261,10.0006],[98.52687,10.01206],[98.52776,10.02315],[98.52489,10.03036],[98.52814,10.03088],[98.52762,10.03449],[98.52202,10.03654],[98.52266,10.04788],[98.52578,10.04712],[98.52863,10.05395],[98.52135,10.04982],[98.51381,10.05174],[98.51484,10.05509],[98.52173,10.05742],[98.52158,10.06902],[98.52483,10.07495],[98.51791,10.08976],[98.50855,10.08833],[98.50854,10.09426],[98.51609,10.09298],[98.51829,10.09763],[98.5124,10.12314],[98.51264,10.13422],[98.51692,10.14402],[98.51651,10.16052],[98.51363,10.1685],[98.50438,10.17622],[98.51311,10.1716],[98.5178,10.16284],[98.52001,10.1649],[98.51831,10.17482],[98.51427,10.17469],[98.51387,10.18358],[98.51075,10.18345],[98.5136,10.18964],[98.50683,10.19195],[98.51514,10.20227],[98.50395,10.20432],[98.50473,10.202],[98.49368,10.19812],[98.49267,10.17801],[98.48994,10.17633],[98.47963,10.20067],[98.48391,10.20609],[98.4947,10.21075],[98.49677,10.21926],[98.49481,10.2257],[98.50807,10.23216],[98.5091,10.23964],[98.51573,10.24326],[98.51594,10.27341],[98.51451,10.27676],[98.50722,10.27881],[98.50952,10.30202],[98.51655,10.30203],[98.51902,10.30512],[98.5281,10.32756],[98.52924,10.34406],[98.53523,10.34381],[98.53966,10.33943],[98.54432,10.35568],[98.5481,10.35569],[98.54928,10.34705],[98.55709,10.35106],[98.56019,10.36485],[98.56878,10.36912],[98.56811,10.37994],[98.57188,10.38562],[98.56381,10.38483],[98.55978,10.37735],[98.55535,10.38018],[98.55223,10.3776],[98.5478,10.38172],[98.54339,10.37089],[98.53806,10.36663],[98.53363,10.36804],[98.53766,10.37655],[98.52877,10.39999],[98.52836,10.41236],[98.52589,10.41159],[98.52119,10.42009],[98.52807,10.43247],[98.52208,10.43078],[98.51856,10.43426],[98.51973,10.43851],[98.5153,10.43773],[98.51204,10.44121],[98.51191,10.44482],[98.51738,10.44379],[98.51932,10.44689],[98.51555,10.44714],[98.51215,10.45268],[98.50332,10.44274],[98.50346,10.43398],[98.49146,10.44994],[98.49313,10.46051],[98.50303,10.46143],[98.5051,10.46697],[98.50981,10.45551],[98.51319,10.45835],[98.51266,10.46363],[98.52307,10.46391],[98.51369,10.46763],[98.51251,10.4724],[98.50835,10.47213],[98.51003,10.47948],[98.51576,10.47807],[98.52044,10.48542],[98.53164,10.48428],[98.53293,10.48828],[98.52851,10.4875],[98.52694,10.49227],[98.51913,10.49032],[98.51429,10.50127],[98.50544,10.50125],[98.50571,10.49352],[98.50297,10.49378],[98.4991,10.47624],[98.49194,10.47391],[98.49129,10.47107],[98.48593,10.4855],[98.48381,10.50586],[98.48602,10.50689],[98.48864,10.49942],[98.49789,10.49506],[98.49709,10.50691],[98.49175,10.51025],[98.49707,10.5216],[98.49328,10.52933],[98.49666,10.53501],[98.50109,10.53475],[98.50446,10.53901],[98.50811,10.53812],[98.5076,10.53219],[98.51385,10.53207],[98.51384,10.53941],[98.5184,10.53994],[98.52088,10.53401],[98.52099,10.54587],[98.51761,10.54432],[98.51643,10.54792],[98.51253,10.54366],[98.50444,10.55306],[98.51067,10.56544],[98.51459,10.56081],[98.52058,10.56185],[98.52319,10.55515],[98.52619,10.5549],[98.52188,10.56456],[98.50858,10.56943],[98.51197,10.57163],[98.51456,10.58233],[98.50843,10.58322],[98.50597,10.57355],[98.50037,10.57213],[98.50491,10.58928],[98.50087,10.58862],[98.49854,10.57883],[98.49607,10.57753],[98.49385,10.58114],[98.48931,10.56605],[98.48124,10.56668],[98.47157,10.57981],[98.46986,10.58986],[98.47754,10.59722],[98.48691,10.59904],[98.48849,10.5935],[98.48562,10.59221],[98.48902,10.58345],[98.49109,10.59325],[98.49617,10.59558],[98.49527,10.58398],[98.49943,10.59146],[98.50724,10.59276],[98.50711,10.59559],[98.50099,10.59481],[98.50449,10.6059],[98.49836,10.61053],[98.50239,10.61621],[98.48691,10.60213],[98.4813,10.6038],[98.47842,10.61204],[98.47776,10.61952],[98.48623,10.61618],[98.49104,10.62263],[98.49769,10.62316],[98.49756,10.61955],[98.50368,10.62214],[98.5059,10.62008],[98.50733,10.62292],[98.50391,10.64327],[98.50066,10.63399],[98.49493,10.63785],[98.49701,10.63836],[98.49361,10.64609],[98.50272,10.65203],[98.49867,10.65589],[98.49633,10.65383],[98.49697,10.66311],[98.49061,10.6448],[98.49441,10.63243],[98.48712,10.63332],[98.48609,10.62572],[98.48257,10.62365],[98.48098,10.64066],[98.48488,10.64814],[98.4815,10.64375],[98.47928,10.64658],[98.47991,10.65586],[98.47471,10.65302],[98.47538,10.64065],[98.47122,10.63742],[98.47125,10.61616],[98.45952,10.62258],[98.45396,10.62214],[98.45182,10.62566],[98.45676,10.63314],[98.45609,10.64603],[98.4626,10.64475],[98.46236,10.63753],[98.4651,10.63187],[98.4664,10.63393],[98.46338,10.6463],[98.46413,10.66615],[98.47163,10.70108],[98.48571,10.69789],[98.48347,10.70845],[98.47839,10.70754],[98.4746,10.7154],[98.47565,10.70973],[98.46939,10.711],[98.46859,10.72544],[98.4634,10.73178],[98.46112,10.74579],[98.46646,10.74708],[98.46687,10.73987],[98.4713,10.7391],[98.47183,10.73446],[98.48407,10.73758],[98.48771,10.74583],[98.49019,10.74455],[98.49046,10.73501],[98.48799,10.73488],[98.49052,10.72487],[98.48618,10.72366],[98.49453,10.71826],[98.49298,10.71323],[98.49702,10.7126],[98.49766,10.72059],[98.50208,10.7224],[98.50417,10.71866],[98.50885,10.72705],[98.51302,10.72834],[98.51538,10.72242],[98.51383,10.71121],[98.51096,10.71507],[98.50535,10.71467],[98.5068,10.70952],[98.50445,10.70694],[98.49325,10.70589],[98.49351,10.70357],[98.50055,10.70435],[98.50005,10.69018],[98.49658,10.68828],[98.49807,10.68227],[98.50682,10.69289],[98.50434,10.69921],[98.50759,10.70308],[98.51202,10.70154],[98.51281,10.69406],[98.52663,10.69048],[98.52557,10.70646],[98.52934,10.70672],[98.53197,10.69384],[98.52976,10.68919],[98.52403,10.68738],[98.52899,10.68043],[98.5217,10.67887],[98.51543,10.68788],[98.51362,10.68105],[98.50867,10.68014],[98.51336,10.68015],[98.51584,10.675],[98.51338,10.66906],[98.51548,10.65412],[98.52108,10.6598],[98.51755,10.6652],[98.5178,10.67294],[98.5238,10.66908],[98.5264,10.67501],[98.53213,10.67425],[98.53342,10.68018],[98.53903,10.67993],[98.53889,10.68586],[98.54462,10.68638],[98.54347,10.67323],[98.53852,10.67323],[98.53344,10.66755],[98.54673,10.67169],[98.54115,10.65235],[98.54376,10.64978],[98.54221,10.63946],[98.54639,10.63535],[98.54648,10.66086],[98.55247,10.6619],[98.55509,10.65289],[98.56552,10.65264],[98.56551,10.65638],[98.55599,10.66139],[98.5556,10.66603],[98.56289,10.66939],[98.56732,10.66553],[98.56536,10.67275],[98.5535,10.67376],[98.55088,10.67994],[98.56183,10.67751],[98.55974,10.68202],[98.56391,10.68254],[98.57174,10.6774],[98.57225,10.68062],[98.57616,10.68075],[98.57616,10.68307],[98.56756,10.68332],[98.56808,10.6859],[98.56221,10.68847],[98.56442,10.69208],[98.56937,10.69131],[98.56963,10.69441],[98.57953,10.69558],[98.5704,10.69892],[98.56624,10.69724],[98.56648,10.70626],[98.57182,10.71116],[98.58238,10.70783],[98.58211,10.71362],[98.57899,10.71207],[98.5769,10.71581],[98.58002,10.71607],[98.57845,10.72535],[98.58157,10.72754],[98.57883,10.73076],[98.57584,10.72818],[98.57624,10.71942],[98.5709,10.71619],[98.56569,10.71708],[98.57063,10.72018],[98.57269,10.73771],[98.56735,10.73719],[98.56956,10.74157],[98.56656,10.74363],[98.57281,10.75111],[98.57737,10.75138],[98.57738,10.74365],[98.58391,10.7336],[98.58964,10.73799],[98.58454,10.7483],[98.58701,10.74997],[98.58557,10.75423],[98.59117,10.75733],[98.59169,10.76261],[98.60159,10.76585],[98.60079,10.77809],[98.61409,10.77617],[98.61373,10.77917],[98.60313,10.78131],[98.59246,10.77357],[98.58566,10.78516],[98.5974,10.78182],[98.59374,10.79006],[98.59711,10.79922],[98.60024,10.8009],[98.60546,10.79678],[98.6085,10.7979],[98.60936,10.80426],[98.61587,10.80813],[98.61493,10.79972],[98.61745,10.80015],[98.62004,10.80917],[98.62708,10.80879],[98.6203,10.81381],[98.6018,10.80451],[98.60074,10.81868],[98.60438,10.8223],[98.61065,10.81406],[98.61299,10.82025],[98.6182,10.82025],[98.62275,10.82979],[98.62784,10.83238],[98.62823,10.82851],[98.63749,10.8244],[98.64636,10.82415],[98.65679,10.81811],[98.66201,10.81927],[98.65992,10.82326],[98.65614,10.82339],[98.65652,10.827],[98.64844,10.82557],[98.63957,10.82904],[98.63878,10.83755],[98.64295,10.83858],[98.64295,10.84142],[98.63486,10.84373],[98.63746,10.84837],[98.63107,10.85506],[98.63001,10.86254],[98.63887,10.8677],[98.6437,10.86281],[98.64109,10.87209],[98.64382,10.87286],[98.64316,10.88085],[98.64551,10.88137],[98.64878,10.87338],[98.66404,10.86979],[98.66535,10.86206],[98.66978,10.86129],[98.66794,10.87238],[98.68046,10.87162],[98.68282,10.86543],[98.68789,10.87111],[98.68999,10.86621],[98.68752,10.85745],[98.67553,10.85254],[98.67684,10.84558],[98.67241,10.84042],[98.67554,10.83939],[98.68074,10.85125],[98.69118,10.85049],[98.68623,10.83914],[98.68989,10.83477],[98.68859,10.83038],[98.69263,10.83193],[98.69561,10.84405],[98.7037,10.84329],[98.69692,10.84663],[98.7003,10.85591],[98.70577,10.86004],[98.7042,10.86623],[98.71266,10.87783],[98.71148,10.88131],[98.72022,10.88377],[98.72061,10.87913],[98.73078,10.88429],[98.73548,10.87927],[98.73861,10.88018],[98.73325,10.88713],[98.73312,10.89267],[98.72126,10.88996],[98.71564,10.89974],[98.7172,10.90464],[98.72372,10.90156],[98.72307,10.89666],[98.72503,10.90027],[98.73194,10.89796],[98.72946,10.90401],[98.73324,10.90672],[98.73023,10.91058],[98.73337,10.9084],[98.74875,10.91163],[98.74992,10.91498],[98.74405,10.91794],[98.73844,10.91549],[98.73048,10.92747],[98.7503,10.92903],[98.75395,10.93535],[98.75251,10.93896],[98.74873,10.93444],[98.74482,10.93508],[98.74365,10.93096],[98.73843,10.93353],[98.72761,10.93262],[98.73073,10.93945],[98.73803,10.93817],[98.7422,10.94243],[98.73412,10.94513],[98.73646,10.95247],[98.74194,10.94926],[98.74285,10.95184],[98.73293,10.95698],[98.73175,10.9642],[98.73488,10.96472],[98.73527,10.96111],[98.74088,10.9624],[98.73892,10.96652],[98.74218,10.97361],[98.74739,10.97246],[98.74452,10.97735],[98.75051,10.98548],[98.75795,10.98278],[98.76277,10.98871],[98.76409,10.97531],[98.75757,10.97504],[98.7607,10.97092],[98.76409,10.97415],[98.77022,10.97222],[98.76801,10.96577],[98.76305,10.96564],[98.76501,10.96319],[98.77897,10.9632],[98.77635,10.96797],[98.77061,10.96951],[98.76996,10.97686],[98.77243,10.98098],[98.78078,10.97944],[98.7826,10.99092],[98.79094,10.99157],[98.7839,10.99388],[98.78416,10.99723],[98.79159,11.00059],[98.79341,11.00729],[98.78845,11.0127],[98.78924,11.00703],[98.77972,10.99749],[98.78506,11.01089],[98.78075,11.01321],[98.77998,11.00883],[98.7758,11.01063],[98.77424,11.00225],[98.75833,10.99296],[98.75338,10.9936],[98.75676,11.00121],[98.7608,11.00288],[98.74632,11.00841],[98.74919,11.01087],[98.75624,11.00675],[98.75323,11.01628],[98.74788,11.01447],[98.75126,11.02633],[98.74891,11.03174],[98.75791,11.03072],[98.75595,11.03433],[98.75021,11.03419],[98.74943,11.03857],[98.75556,11.04],[98.75581,11.04257],[98.7424,11.04093],[98.74356,11.03561],[98.73821,11.03457],[98.73742,11.0414],[98.7423,11.04099],[98.74042,11.04565],[98.74355,11.04592],[98.74263,11.04823],[98.73193,11.05106],[98.73194,11.04719],[98.7258,11.05183],[98.73441,11.05312],[98.74145,11.05725],[98.7408,11.05996],[98.73453,11.0606],[98.73297,11.06395],[98.72932,11.05918],[98.7254,11.06136],[98.73074,11.07091],[98.72721,11.07967],[98.71207,11.08313],[98.7139,11.07605],[98.70947,11.07449],[98.71404,11.06857],[98.71157,11.06651],[98.70452,11.07191],[98.70751,11.07655],[98.70658,11.0924],[98.71102,11.09267],[98.71193,11.08919],[98.71598,11.09074],[98.71388,11.10272],[98.7251,11.09848],[98.73163,11.10274],[98.71779,11.10904],[98.71857,11.11304],[98.72301,11.11072],[98.7277,11.11395],[98.71869,11.12064],[98.72156,11.12399],[98.72011,11.13585],[98.7081,11.13713],[98.71593,11.13881],[98.71684,11.14177],[98.70718,11.14666],[98.71604,11.1611],[98.71917,11.16059],[98.72034,11.16601],[98.72856,11.16808],[98.72699,11.17117],[98.73221,11.17581],[98.73992,11.1677],[98.73835,11.17594],[98.74748,11.17995],[98.73469,11.17994],[98.74055,11.18922],[98.73872,11.19205],[98.74107,11.19747],[98.73571,11.20236],[98.73505,11.21448],[98.73778,11.22221],[98.74457,11.22583],[98.7413,11.23252],[98.74964,11.24181],[98.75407,11.25831],[98.76437,11.27133],[98.76868,11.27147],[98.77678,11.26039],[98.77952,11.26722],[98.7897,11.26633],[98.79585,11.25628],[98.79624,11.2604],[98.80563,11.26428],[98.79858,11.27149],[98.80589,11.27755],[98.80484,11.28077],[98.7957,11.27832],[98.79243,11.2854],[98.78891,11.28488],[98.78943,11.28153],[98.7782,11.27998],[98.78016,11.28333],[98.77689,11.28771],[98.77285,11.28693],[98.77167,11.29003],[98.762,11.29363],[98.76201,11.29002],[98.75705,11.28769],[98.75495,11.29311],[98.75156,11.29233],[98.75523,11.2797],[98.7534,11.27622],[98.73955,11.2882],[98.72621,11.31215],[98.72581,11.31911],[98.72986,11.32156],[98.72723,11.33767],[98.72095,11.34566],[98.72212,11.357],[98.71871,11.37143],[98.72497,11.37659],[98.72367,11.36989],[98.72746,11.36886],[98.73424,11.3775],[98.74966,11.37313],[98.75005,11.37919],[98.75501,11.38203],[98.74678,11.38486],[98.74677,11.38847],[98.73294,11.38033],[98.7217,11.37968],[98.72156,11.38922],[98.72809,11.38948],[98.72822,11.39644],[98.72509,11.39308],[98.71829,11.39359],[98.71646,11.39939],[98.71019,11.40067],[98.69608,11.39847],[98.69086,11.39421],[98.69659,11.41497],[98.7069,11.42348],[98.70898,11.43354],[98.71511,11.44063],[98.72061,11.43419],[98.72857,11.43562],[98.7287,11.43922],[98.7219,11.44476],[98.71641,11.44475],[98.72019,11.45417],[98.72294,11.45443],[98.72321,11.44721],[98.73183,11.44773],[98.73523,11.44116],[98.74751,11.44504],[98.74973,11.43744],[98.75718,11.44196],[98.75823,11.43564],[98.75562,11.43384],[98.76045,11.43049],[98.76033,11.42585],[98.76647,11.42482],[98.76268,11.41941],[98.76347,11.41296],[98.77053,11.41039],[98.7653,11.40781],[98.77079,11.40537],[98.77328,11.39519],[98.77759,11.39339],[98.77707,11.39751],[98.78047,11.397],[98.77824,11.40679],[98.78032,11.40911],[98.79013,11.4028],[98.79927,11.40526],[98.80071,11.40165],[98.80528,11.4014],[98.80437,11.39547],[98.79588,11.39417],[98.79863,11.39082],[98.79536,11.38786],[98.80621,11.38361],[98.80463,11.39006],[98.80973,11.39521],[98.82019,11.37537],[98.81914,11.37151],[98.82463,11.36996],[98.82594,11.36043],[98.83038,11.35992],[98.8343,11.36469],[98.83181,11.37332],[98.82462,11.38053],[98.83002,11.38457],[98.82514,11.38517],[98.82501,11.3929],[98.81207,11.40501],[98.79926,11.42407],[98.79506,11.45152],[98.78891,11.45835],[98.78903,11.46711],[98.78459,11.47304],[98.77832,11.4702],[98.7809,11.50757],[98.77567,11.50989],[98.77763,11.51942],[98.772,11.52973],[98.77905,11.54004],[98.76728,11.54339],[98.7678,11.547],[98.75761,11.55034],[98.75381,11.5609],[98.7589,11.56284],[98.75824,11.56786],[98.75314,11.57405],[98.75785,11.57315],[98.75287,11.58758],[98.75731,11.58706],[98.75783,11.59016],[98.75417,11.59003],[98.75129,11.59737],[98.74633,11.59582],[98.74606,11.60046],[98.74737,11.60317],[98.75508,11.59956],[98.75482,11.60343],[98.75246,11.60704],[98.742,11.60497],[98.74214,11.60161],[98.73586,11.60316],[98.73456,11.59929],[98.73063,11.60444],[98.72802,11.60315],[98.72291,11.61294],[98.72762,11.61397],[98.72919,11.60547],[98.73573,11.60779],[98.73089,11.6141],[98.73559,11.61785],[98.73506,11.6212],[98.72983,11.62016],[98.72983,11.62506],[98.74211,11.62739],[98.74172,11.63074],[98.73767,11.63125],[98.73646,11.6596],[98.74444,11.65742],[98.74378,11.66296],[98.73567,11.66501],[98.73658,11.67172],[98.74495,11.67559],[98.75044,11.66902],[98.74939,11.67701],[98.7541,11.67766],[98.75698,11.67031],[98.75763,11.67766],[98.7626,11.67638],[98.76195,11.66452],[98.75868,11.66529],[98.75621,11.65962],[98.75999,11.66117],[98.75752,11.65537],[98.76366,11.65473],[98.77176,11.66401],[98.76835,11.67793],[98.78038,11.67794],[98.77973,11.67136],[98.78169,11.67613],[98.78783,11.67421],[98.79228,11.66725],[98.79399,11.65398],[98.79804,11.65604],[98.79962,11.64419],[98.80315,11.6429],[98.80157,11.66172],[98.81323,11.62899],[98.80434,11.63079],[98.81022,11.62358],[98.81271,11.62603],[98.81519,11.62229],[98.81297,11.61842],[98.82187,11.6107],[98.82187,11.60503],[98.8152,11.60786],[98.81286,11.59445],[98.82501,11.60219],[98.83024,11.59704],[98.83325,11.6022],[98.82998,11.60606],[98.83115,11.61096],[98.83677,11.61264],[98.83703,11.61831],[98.83415,11.61637],[98.83323,11.62591],[98.83741,11.63055],[98.83165,11.64112],[98.8361,11.63777],[98.83858,11.64138],[98.83544,11.6571],[98.83896,11.6571],[98.83425,11.66431],[98.84301,11.67128],[98.83986,11.69086],[98.84496,11.69138],[98.84719,11.68185],[98.84849,11.70156],[98.85136,11.70376],[98.86928,11.70299],[98.88235,11.69759],[98.88759,11.68831],[98.88628,11.6798],[98.89387,11.66872],[98.89374,11.66163],[98.89819,11.6646],[98.9029,11.65983],[98.90211,11.65687],[98.91257,11.65803],[98.91428,11.64424],[98.90578,11.6396],[98.91375,11.63729],[98.91232,11.63239],[98.91676,11.62827],[98.91101,11.62891],[98.91127,11.62672],[98.91833,11.62685],[98.92173,11.62028],[98.91624,11.61899],[98.91468,11.60739],[98.91102,11.6061],[98.91442,11.60365],[98.91338,11.5945],[98.90828,11.59476],[98.90501,11.60416],[98.89298,11.60519],[98.87886,11.62155],[98.87964,11.61704],[98.89194,11.60403],[98.88383,11.60377],[98.87781,11.61176],[98.87677,11.60892],[98.88252,11.60428],[98.87939,11.59977],[98.87377,11.60119],[98.87416,11.59758],[98.88017,11.59719],[98.88383,11.60274],[98.90082,11.60326],[98.90553,11.59347],[98.902,11.59321],[98.90174,11.59011],[98.90933,11.58625],[98.91416,11.58999],[98.91665,11.58548],[98.91142,11.57465],[98.91678,11.57221],[98.91927,11.56486],[98.92384,11.56538],[98.92959,11.55829],[98.93195,11.5601],[98.919,11.57156],[98.92096,11.58084],[98.91808,11.58754],[98.91939,11.59515],[98.92396,11.59631],[98.92475,11.58883],[98.93272,11.60507],[98.93795,11.60469],[98.94187,11.59734],[98.94945,11.6025],[98.9539,11.59773],[98.962,11.59941],[98.97978,11.59309],[98.99533,11.594],[98.99768,11.58163],[99.002,11.57608],[99.02382,11.569],[99.01729,11.55688],[99.02774,11.54657],[99.01572,11.53781],[99.01546,11.53033],[99.02068,11.52595],[99.02147,11.52054],[99.0067,11.51358],[99.00017,11.50623],[98.98893,11.50456],[98.99063,11.48832],[98.99429,11.4842],[98.98906,11.47492],[98.99716,11.46538],[98.99194,11.45224],[98.99246,11.44451],[98.9986,11.46744],[98.99063,11.47621],[98.99586,11.48523],[98.99181,11.48987],[98.99037,11.50121],[98.99154,11.50417],[98.9986,11.50392],[99.00905,11.51294],[99.01768,11.515],[99.02434,11.52157],[99.01755,11.53678],[99.03023,11.54554],[99.02787,11.55327],[99.01977,11.55714],[99.02631,11.56693],[99.02448,11.5726],[99.00357,11.57905],[99.00513,11.58807],[99.01245,11.58652],[98.99991,11.59606],[98.99442,11.59799],[98.99076,11.59477],[98.98082,11.5949],[98.96095,11.60289],[98.95625,11.60108],[98.94893,11.60611],[98.94344,11.60546],[98.9386,11.61281],[98.92984,11.60997],[98.93376,11.61938],[98.93598,11.61899],[98.93193,11.62724],[98.92932,11.62208],[98.92055,11.63213],[98.92068,11.64309],[98.92656,11.64399],[98.92787,11.65198],[98.92277,11.66358],[98.92289,11.67569],[98.91845,11.6811],[98.92799,11.68368],[98.92655,11.69657],[98.92877,11.69992],[98.92563,11.70121],[98.92433,11.6958],[98.91517,11.69605],[98.91478,11.69889],[98.91151,11.69579],[98.90811,11.69708],[98.90811,11.70095],[98.89974,11.7021],[98.89895,11.71293],[98.90798,11.71615],[98.90784,11.72517],[98.89921,11.72672],[98.89921,11.72955],[98.90339,11.7302],[98.90431,11.73935],[98.90078,11.74192],[98.90326,11.74553],[98.89907,11.74373],[98.89999,11.73084],[98.89398,11.73032],[98.88914,11.73599],[98.8911,11.72388],[98.88234,11.71872],[98.88536,11.71266],[98.88405,11.69952],[98.87202,11.70957],[98.87136,11.72258],[98.86325,11.72954],[98.86717,11.73753],[98.85945,11.73868],[98.85775,11.74165],[98.86036,11.75815],[98.85708,11.76085],[98.85421,11.7593],[98.85526,11.75505],[98.84793,11.7553],[98.84828,11.75256],[98.84166,11.74886],[98.83446,11.7638],[98.82831,11.76586],[98.83118,11.78029],[98.83458,11.78274],[98.83039,11.78493],[98.82724,11.80272],[98.82933,11.81006],[98.83652,11.81148],[98.83665,11.81638],[98.82828,11.81715],[98.82473,11.83364],[98.82616,11.84937],[98.8204,11.85246],[98.82197,11.8571],[98.81831,11.85671],[98.81883,11.8598],[98.82302,11.85929],[98.8204,11.86251],[98.80548,11.8643],[98.80417,11.8692],[98.80836,11.87062],[98.80678,11.87796],[98.80155,11.87126],[98.80116,11.86507],[98.7958,11.86713],[98.80037,11.8795],[98.79579,11.87357],[98.79108,11.87615],[98.79591,11.89703],[98.79014,11.9014],[98.79093,11.89599],[98.78609,11.89728],[98.78831,11.90372],[98.78517,11.90836],[98.78399,11.9032],[98.77981,11.90191],[98.77981,11.89598],[98.77615,11.89624],[98.77614,11.90552],[98.76986,11.90732],[98.76358,11.90628],[98.76253,11.90241],[98.75821,11.90396],[98.76174,11.91633],[98.76592,11.91556],[98.76357,11.91968],[98.76566,11.92303],[98.76788,11.91917],[98.76906,11.9233],[98.77521,11.92175],[98.77337,11.92897],[98.77795,11.93387],[98.78515,11.93413],[98.78816,11.92408],[98.78634,11.91429],[98.79236,11.91352],[98.7892,11.93259],[98.78174,11.94289],[98.78788,11.95566],[98.79338,11.95514],[98.80176,11.94832],[98.79941,11.94213],[98.80778,11.94201],[98.80791,11.94523],[98.79075,11.96352],[98.79625,11.96584],[98.79611,11.97383],[98.79938,11.97873],[98.79479,11.98801],[98.79846,11.97796],[98.79467,11.97538],[98.79441,11.96816],[98.78708,11.97486],[98.78918,11.9679],[98.7829,11.95991],[98.76693,11.96041],[98.76614,11.9684],[98.75802,11.97071],[98.75671,11.97818],[98.77347,11.97162],[98.77713,11.98039],[98.78733,11.98439],[98.78209,11.99006],[98.79085,12.00888],[98.78731,12.00991],[98.78679,12.01377],[98.7911,12.01507],[98.78927,12.01842],[98.7928,12.01958],[98.78939,12.03104],[98.78559,12.03542],[98.78206,12.03233],[98.78652,12.01841],[98.77552,12.01763],[98.76085,12.03025],[98.76399,12.03553],[98.77367,12.03992],[98.77039,12.04649],[98.77209,12.05191],[98.76161,12.05473],[98.76632,12.06195],[98.75951,12.06736],[98.7595,12.07226],[98.74418,12.07843],[98.74784,12.08462],[98.75085,12.08462],[98.74914,12.09132],[98.74128,12.09492],[98.74377,12.0975],[98.73747,12.11116],[98.73013,12.1127],[98.73247,12.12971],[98.72513,12.13666],[98.72434,12.14284],[98.7212,12.13666],[98.72659,12.12352],[98.71938,12.12776],[98.71991,12.12093],[98.71389,12.115],[98.70852,12.11937],[98.70812,12.12298],[98.71179,12.12311],[98.71242,12.1467],[98.71818,12.14825],[98.71411,12.15611],[98.71699,12.16242],[98.71437,12.15804],[98.7107,12.15855],[98.71227,12.16216],[98.70886,12.16499],[98.71174,12.16628],[98.71292,12.16989],[98.71003,12.17092],[98.71475,12.17402],[98.71762,12.18382],[98.71042,12.1784],[98.71226,12.17402],[98.70545,12.17169],[98.70649,12.17607],[98.70072,12.18225],[98.70281,12.18857],[98.70071,12.19282],[98.69783,12.19256],[98.69795,12.19952],[98.70751,12.20262],[98.71223,12.20082],[98.71708,12.19387],[98.72599,12.19027],[98.73741,12.17404],[98.7454,12.1707],[98.74724,12.16529],[98.74489,12.15987],[98.74764,12.16104],[98.74869,12.15678],[98.75314,12.15498],[98.75262,12.15112],[98.75983,12.14803],[98.75931,12.14262],[98.75341,12.14648],[98.74857,12.14493],[98.7521,12.14545],[98.7563,12.13823],[98.76049,12.13811],[98.76137,12.12825],[98.76582,12.12886],[98.76993,12.13515],[98.77346,12.13284],[98.77609,12.12768],[98.77413,12.1148],[98.77714,12.11892],[98.7833,12.11867],[98.78854,12.11326],[98.79142,12.1188],[98.78041,12.1282],[98.77791,12.1398],[98.80188,12.13466],[98.79769,12.14239],[98.79166,12.14058],[98.79087,12.14754],[98.78747,12.14264],[98.78354,12.14341],[98.79361,12.15966],[98.79951,12.15902],[98.8003,12.15386],[98.80737,12.15232],[98.8113,12.1473],[98.81026,12.14408],[98.8058,12.14497],[98.81354,12.13312],[98.81261,12.15232],[98.80947,12.15297],[98.80723,12.16147],[98.81181,12.16701],[98.82177,12.1687],[98.82386,12.17901],[98.84193,12.19113],[98.84375,12.19977],[98.85502,12.19771],[98.86183,12.20055],[98.87744,12.16177],[98.87614,12.14605],[98.88793,12.12801],[98.91426,12.1181],[98.92683,12.11939],[98.93325,12.1154],[98.93351,12.10947],[98.93836,12.10676],[98.97005,12.10612],[98.98183,12.10007],[99.00043,12.08319],[99.00698,12.08499],[99.0075,12.09195],[99.01064,12.09285],[99.01667,12.09027],[99.02557,12.09285],[99.035,12.08873],[99.0388,12.0953],[99.03212,12.10226],[99.03474,12.10548],[99.04338,12.10573],[99.05543,12.1114],[99.06552,12.1306],[99.05715,12.17004],[99.06069,12.17687],[99.06841,12.17854],[99.06972,12.18215],[99.06305,12.18859],[99.08571,12.19658],[99.07812,12.2239],[99.05074,12.23293],[99.04485,12.24092],[99.04105,12.25251],[99.06136,12.26901],[99.06281,12.2837],[99.05783,12.28885],[99.04263,12.28821],[99.05599,12.29439],[99.07146,12.29181],[99.08089,12.29516],[99.08587,12.294],[99.10605,12.27531],[99.11207,12.27556],[99.10789,12.29451],[99.11523,12.29244],[99.12754,12.28071],[99.13724,12.28148],[99.13817,12.30661],[99.12677,12.32079],[99.12298,12.3311],[99.12402,12.32208],[99.13633,12.30635],[99.13593,12.28264],[99.12649,12.28316],[99.1113,12.29657],[99.10684,12.2958],[99.10566,12.29116],[99.10998,12.27646],[99.1029,12.2793],[99.08614,12.29632],[99.06857,12.29362],[99.05468,12.29568],[99.03739,12.29143],[99.03516,12.28808],[99.04001,12.28486],[99.05652,12.28808],[99.06084,12.28163],[99.05809,12.26694],[99.03987,12.25458],[99.04039,12.2453],[99.04812,12.23138],[99.0683,12.22699],[99.07615,12.22222],[99.08322,12.19658],[99.06278,12.1922],[99.06174,12.1873],[99.06671,12.17957],[99.05676,12.17725],[99.05583,12.15947],[99.06395,12.13421],[99.05517,12.11488],[99.04155,12.1078],[99.0316,12.10664],[99.03579,12.09143],[99.02557,12.09517],[99.01955,12.09285],[99.00619,12.09478],[99.00488,12.08731],[99.00043,12.08512],[98.98576,12.10355],[98.96324,12.11115],[98.94019,12.10986],[98.93076,12.12777],[98.91661,12.12093],[98.90404,12.12518],[98.88832,12.1378],[98.86458,12.20377],[98.86576,12.21009],[98.87309,12.21331],[98.87217,12.2195],[98.85946,12.22774],[98.85499,12.25119],[98.84661,12.25183],[98.84155,12.25751],[98.84096,12.27232],[98.84266,12.2785],[98.8458,12.27902],[98.84553,12.29165],[98.8492,12.29178],[98.85707,12.27941],[98.86153,12.27903],[98.86074,12.27516],[98.8631,12.27439],[98.86323,12.28212],[98.85655,12.28263],[98.85444,12.29655],[98.84408,12.30582],[98.84369,12.31201],[98.83923,12.31484],[98.83504,12.31303],[98.83661,12.31793],[98.82638,12.31844],[98.82245,12.32166],[98.82599,12.32463],[98.82376,12.32785],[98.81432,12.32771],[98.81523,12.33416],[98.81064,12.3357],[98.81116,12.34343],[98.7991,12.34767],[98.79673,12.36224],[98.8025,12.36404],[98.8042,12.37049],[98.81179,12.37694],[98.80144,12.37074],[98.80145,12.36585],[98.78625,12.35978],[98.78388,12.37176],[98.77876,12.37201],[98.7823,12.37524],[98.78151,12.38001],[98.76551,12.38979],[98.76656,12.39275],[98.77888,12.3889],[98.79015,12.39251],[98.79329,12.40514],[98.787,12.40669],[98.78857,12.40978],[98.78581,12.413],[98.80258,12.42693],[98.79812,12.42796],[98.79865,12.42486],[98.79537,12.42357],[98.79144,12.42718],[98.79249,12.41842],[98.78331,12.41841],[98.782,12.42382],[98.77833,12.42408],[98.7795,12.43052],[98.77596,12.43077],[98.77465,12.43541],[98.77779,12.44289],[98.77712,12.45706],[98.76621,12.48128],[98.75834,12.48334],[98.76109,12.49339],[98.75819,12.50395],[98.76278,12.50499],[98.77039,12.49971],[98.78403,12.49946],[98.78613,12.49676],[98.78928,12.50024],[98.79308,12.49831],[98.79585,12.48826],[98.80358,12.48827],[98.80424,12.48144],[98.80739,12.48131],[98.80765,12.48595],[98.80057,12.49033],[98.79978,12.49484],[98.80659,12.50232],[98.80986,12.51224],[98.80828,12.51585],[98.8134,12.51959],[98.81458,12.5125],[98.81995,12.52333],[98.82349,12.52256],[98.82389,12.51689],[98.82757,12.5138],[98.83019,12.51561],[98.83412,12.5129],[98.8433,12.5178],[98.84054,12.5236],[98.8336,12.51819],[98.83359,12.52128],[98.8252,12.52166],[98.82598,12.5281],[98.83412,12.5263],[98.82939,12.5303],[98.81391,12.53467],[98.80945,12.53312],[98.80866,12.54008],[98.81233,12.54343],[98.8101,12.54755],[98.80001,12.53775],[98.79779,12.52409],[98.78507,12.51377],[98.78323,12.51879],[98.77551,12.50242],[98.77039,12.50396],[98.76986,12.51273],[98.75649,12.50576],[98.75742,12.49261],[98.75283,12.49312],[98.75453,12.49776],[98.75098,12.50163],[98.75309,12.4966],[98.74443,12.49698],[98.74337,12.51012],[98.72789,12.5123],[98.72998,12.51887],[98.72434,12.51732],[98.72448,12.51358],[98.70175,12.50845],[98.70036,12.4999],[98.72163,12.48266],[98.75428,12.47792],[98.75363,12.47547],[98.76032,12.47071],[98.75783,12.468],[98.76531,12.46685],[98.76663,12.45087],[98.761,12.44391],[98.76599,12.43901],[98.76862,12.42768],[98.76417,12.42716],[98.76391,12.42432],[98.77125,12.42433],[98.77519,12.41905],[98.78163,12.39599],[98.78019,12.39238],[98.77075,12.39675],[98.76341,12.39571],[98.76053,12.38901],[98.77981,12.37923],[98.77733,12.36879],[98.78336,12.36661],[98.7852,12.35759],[98.79333,12.35978],[98.79687,12.35425],[98.78993,12.34548],[98.78429,12.34393],[98.78482,12.34109],[98.79413,12.3371],[98.7957,12.34316],[98.80042,12.34381],[98.80802,12.34008],[98.80344,12.33492],[98.81143,12.3317],[98.80973,12.32848],[98.81275,12.32475],[98.8193,12.32527],[98.8197,12.31947],[98.81014,12.31328],[98.80253,12.31404],[98.79782,12.30837],[98.77868,12.31209],[98.77671,12.32665],[98.76883,12.33696],[98.73803,12.34401],[98.71757,12.35649],[98.71442,12.35417],[98.70891,12.35673],[98.71178,12.36963],[98.71546,12.36641],[98.71912,12.37041],[98.71951,12.37969],[98.73352,12.39002],[98.73903,12.38899],[98.73903,12.39247],[98.73142,12.39117],[98.71387,12.37788],[98.7081,12.38174],[98.70953,12.39566],[98.70731,12.38818],[98.70625,12.39256],[98.69786,12.39165],[98.69812,12.39771],[98.6917,12.39693],[98.68658,12.40002],[98.68946,12.40595],[98.68762,12.40788],[98.68329,12.40749],[98.68631,12.40259],[98.68055,12.40259],[98.68263,12.41341],[98.6787,12.41341],[98.67843,12.42101],[98.68866,12.41703],[98.68891,12.42721],[98.68157,12.42475],[98.67539,12.43377],[98.68208,12.43364],[98.68653,12.44318],[98.69204,12.44049],[98.69308,12.44384],[98.68783,12.44757],[98.68809,12.45092],[98.68284,12.4531],[98.67629,12.44936],[98.66842,12.4518],[98.66686,12.44484],[98.66371,12.44354],[98.66081,12.45759],[98.65583,12.45152],[98.65163,12.45603],[98.64693,12.44533],[98.64352,12.44584],[98.64272,12.45537],[98.6376,12.45408],[98.64076,12.44893],[98.63617,12.44686],[98.63354,12.45626],[98.63251,12.44118],[98.6274,12.43551],[98.62806,12.43203],[98.63108,12.43216],[98.63017,12.42907],[98.62269,12.42932],[98.62166,12.42107],[98.61419,12.41371],[98.61445,12.41055],[98.59426,12.43093],[98.59917,12.46472],[98.60245,12.46356],[98.59759,12.47129],[98.60046,12.48005],[98.62314,12.48447],[98.62287,12.48705],[98.63427,12.49389],[98.63611,12.49016],[98.63245,12.48062],[98.63508,12.48049],[98.63637,12.49351],[98.64082,12.49854],[98.64607,12.49971],[98.6466,12.49326],[98.65067,12.49018],[98.65354,12.50152],[98.67569,12.50876],[98.68435,12.5062],[98.68541,12.50053],[98.69065,12.5026],[98.69984,12.50003],[98.70153,12.50879],[98.69484,12.51162],[98.69641,12.51781],[98.6926,12.52115],[98.68101,12.52182],[98.68656,12.52785],[98.68642,12.53326],[98.69376,12.53829],[98.71147,12.53767],[98.70897,12.54269],[98.7108,12.5454],[98.71618,12.54412],[98.71591,12.54824],[98.72627,12.55573],[98.72626,12.56088],[98.72954,12.56088],[98.73111,12.56784],[98.72757,12.56861],[98.72848,12.57609],[98.7433,12.58087],[98.74697,12.58513],[98.74447,12.58873],[98.75706,12.59467],[98.75719,12.59854],[98.76243,12.59893],[98.76584,12.60447],[98.77201,12.59881],[98.78041,12.60268],[98.77647,12.59623],[98.78199,12.58773],[98.78685,12.58928],[98.78684,12.59289],[98.79406,12.59135],[98.79394,12.57743],[98.79735,12.5728],[98.79709,12.5813],[98.79997,12.58517],[98.80391,12.57873],[98.80916,12.57796],[98.8043,12.58234],[98.80521,12.58801],[98.8018,12.59187],[98.79891,12.59032],[98.79445,12.5996],[98.79786,12.59831],[98.80127,12.60115],[98.80455,12.5978],[98.80914,12.60219],[98.80782,12.60631],[98.80284,12.60566],[98.80441,12.61404],[98.79287,12.60501],[98.79024,12.6063],[98.79286,12.6179],[98.78958,12.6197],[98.79036,12.62691],[98.79573,12.63633],[98.7952,12.64444],[98.79244,12.64393],[98.78969,12.63619],[98.77867,12.63245],[98.77945,12.64727],[98.77211,12.63953],[98.76213,12.64648],[98.76266,12.64055],[98.75649,12.64261],[98.76214,12.62947],[98.75716,12.62714],[98.75388,12.63178],[98.75401,12.62534],[98.75113,12.62289],[98.75559,12.62018],[98.75678,12.61039],[98.74748,12.60214],[98.74355,12.59285],[98.73777,12.59452],[98.74005,12.59897],[98.73226,12.59413],[98.73384,12.58898],[98.72991,12.58794],[98.72361,12.59155],[98.72662,12.59516],[98.72019,12.59592],[98.72808,12.58201],[98.72467,12.58072],[98.72125,12.58381],[98.72481,12.57067],[98.72102,12.56036],[98.70582,12.54578],[98.69375,12.54461],[98.69008,12.54718],[98.68326,12.54344],[98.6754,12.53402],[98.67567,12.53028],[98.67042,12.52989],[98.65677,12.53529],[98.66411,12.54354],[98.6607,12.54457],[98.65126,12.53566],[98.64182,12.53617],[98.6342,12.54118],[98.63159,12.53693],[98.62555,12.5404],[98.62935,12.54092],[98.62922,12.54375],[98.62331,12.54323],[98.62042,12.54915],[98.61974,12.56307],[98.63049,12.5721],[98.6339,12.57159],[98.63259,12.56824],[98.64597,12.57006],[98.64533,12.55847],[98.64874,12.5613],[98.65358,12.5693],[98.64754,12.57161],[98.65016,12.57844],[98.6625,12.56957],[98.65989,12.55771],[98.65701,12.55693],[98.65741,12.54869],[98.66555,12.54741],[98.67067,12.54239],[98.6742,12.55232],[98.6713,12.56004],[98.67219,12.58041],[98.67863,12.5701],[98.67681,12.56366],[98.67931,12.55103],[98.69072,12.55337],[98.69846,12.55866],[98.69977,12.55595],[98.702,12.5575],[98.70343,12.56653],[98.70015,12.56781],[98.69924,12.56472],[98.68219,12.56109],[98.68441,12.5665],[98.68349,12.56869],[98.68047,12.56701],[98.67876,12.57796],[98.6861,12.57888],[98.68976,12.5897],[98.70391,12.60905],[98.70442,12.61987],[98.71071,12.62787],[98.70729,12.63212],[98.70441,12.63044],[98.70427,12.64049],[98.70729,12.63689],[98.7149,12.6396],[98.71559,12.6448],[98.71279,12.64437],[98.71344,12.64798],[98.7099,12.65003],[98.71173,12.6588],[98.70857,12.66601],[98.70411,12.66549],[98.70515,12.66871],[98.71932,12.67169],[98.72338,12.68072],[98.72246,12.68407],[98.71576,12.68664],[98.71551,12.68045],[98.71065,12.68019],[98.7109,12.69411],[98.70434,12.69307],[98.70303,12.68508],[98.697,12.6794],[98.69806,12.67038],[98.69438,12.67862],[98.68808,12.68248],[98.69332,12.68726],[98.69844,12.68636],[98.69672,12.69435],[98.69987,12.69461],[98.70485,12.70325],[98.70853,12.69964],[98.71089,12.70132],[98.70824,12.72219],[98.69892,12.71883],[98.69852,12.72708],[98.71033,12.72993],[98.71467,12.72581],[98.71217,12.73354],[98.71663,12.73277],[98.71295,12.73624],[98.71386,12.74256],[98.72606,12.75211],[98.71477,12.74978],[98.71056,12.75854],[98.70137,12.75698],[98.6973,12.76264],[98.70254,12.7709],[98.70964,12.76034],[98.72041,12.75597],[98.71868,12.77633],[98.72327,12.78097],[98.72261,12.78612],[98.71775,12.78973],[98.72339,12.79179],[98.71786,12.80287],[98.7164,12.82246],[98.71889,12.82452],[98.71521,12.82606],[98.71521,12.83044],[98.71022,12.83121],[98.71115,12.81858],[98.71063,12.81549],[98.70761,12.81652],[98.70683,12.81111],[98.71025,12.80389],[98.70447,12.80363],[98.71065,12.79719],[98.70422,12.78984],[98.69792,12.79254],[98.6962,12.79975],[98.68714,12.80103],[98.6853,12.80515],[98.67795,12.80141],[98.67742,12.80437],[98.68241,12.80567],[98.6887,12.81559],[98.68266,12.8152],[98.6803,12.81185],[98.67819,12.81752],[98.67618,12.81614],[98.67505,12.81055],[98.67951,12.8112],[98.68136,12.80618],[98.67716,12.8054],[98.67558,12.80823],[98.67296,12.80462],[98.66113,12.80873],[98.66401,12.81917],[98.65456,12.81362],[98.65297,12.82496],[98.65008,12.82521],[98.65167,12.81722],[98.63854,12.81463],[98.64049,12.83009],[98.63667,12.83627],[98.63691,12.85444],[98.63428,12.85431],[98.64005,12.8605],[98.64018,12.86566],[98.64897,12.87005],[98.64791,12.87662],[98.65671,12.87573],[98.65421,12.88011],[98.64659,12.88061],[98.6492,12.8899],[98.65368,12.88436],[98.66077,12.88514],[98.66313,12.88682],[98.66207,12.89404],[98.66574,12.89868],[98.66969,12.89688],[98.66942,12.90062],[98.66285,12.90396],[98.66023,12.89558],[98.65576,12.89506],[98.65274,12.89583],[98.65602,12.90279],[98.653,12.90124],[98.64578,12.89402],[98.6454,12.88577],[98.64238,12.88357],[98.64542,12.87417],[98.64057,12.86875],[98.63268,12.8708],[98.62977,12.88575],[98.61979,12.8865],[98.61846,12.89307],[98.62253,12.8945],[98.62554,12.9061],[98.61568,12.91047],[98.61554,12.91317],[98.62001,12.91318],[98.63103,12.92337],[98.6129,12.92386],[98.6213,12.93109],[98.60605,12.93313],[98.60935,12.9254],[98.60187,12.92127],[98.59187,12.9295],[98.59659,12.93943],[98.60132,12.93918],[98.59802,12.94626],[98.60155,12.95606],[98.60918,12.9513],[98.62651,12.9579],[98.62913,12.96383],[98.63281,12.96255],[98.63556,12.9659],[98.63044,12.96487],[98.63305,12.97569],[98.64198,12.98176],[98.64724,12.97829],[98.65328,12.98087],[98.65907,12.97869],[98.66432,12.98282],[98.67562,12.98348],[98.67521,12.99353],[98.6685,12.99687],[98.67073,13.00048],[98.66823,13.00512],[98.67584,13.01157],[98.66874,13.01208],[98.66823,13.00718],[98.66363,13.00331],[98.66692,13.00293],[98.66837,12.99558],[98.67166,12.9943],[98.66931,12.98334],[98.663,12.98462],[98.65775,12.98114],[98.65406,12.9899],[98.65117,12.98886],[98.64934,12.9801],[98.63304,12.98703],[98.63095,12.97621],[98.62151,12.96653],[98.5968,12.97023],[98.60269,12.9857],[98.60016,13.0076],[98.59003,13.01068],[98.58885,13.00733],[98.58596,13.00784],[98.58187,13.02149],[98.58317,13.03025],[98.59091,13.03387],[98.59117,13.03993],[98.59642,13.0429],[98.59667,13.05063],[98.60021,13.05244],[98.60138,13.06378],[98.60585,13.06366],[98.60071,13.07203],[98.60346,13.0777],[98.60807,13.07075],[98.61267,13.0705],[98.61424,13.07514],[98.6153,13.07231],[98.62161,13.07232],[98.62057,13.06497],[98.62662,13.06137],[98.62293,13.06897],[98.62634,13.07001],[98.62898,13.06511],[98.63266,13.06821],[98.62134,13.07335],[98.62712,13.07671],[98.61765,13.08107],[98.61567,13.08829],[98.61318,13.08055],[98.60687,13.08312],[98.6053,13.08003],[98.59779,13.08568],[98.59926,13.07615],[98.59019,13.07639],[98.59242,13.07923],[98.58963,13.09289],[98.5987,13.0947],[98.58634,13.09984],[98.57987,13.11117],[98.58999,13.11569],[98.61076,13.11418],[98.61155,13.11689],[98.6076,13.11817],[98.60865,13.12242],[98.61364,13.12565],[98.6068,13.12642],[98.60261,13.11855],[98.59603,13.11996],[98.59341,13.1175],[98.58499,13.11904],[98.58105,13.11658],[98.5792,13.12251],[98.57396,13.11322],[98.5709,13.12919],[98.57431,13.13564],[98.58784,13.14108],[98.59727,13.16583],[98.60161,13.16378],[98.60017,13.159],[98.60543,13.15901],[98.60871,13.16585],[98.60095,13.16661],[98.59897,13.17124],[98.60278,13.17409],[98.60647,13.17177],[98.60699,13.17461],[98.60251,13.1764],[98.59882,13.18465],[98.61091,13.18544],[98.5929,13.18696],[98.59214,13.16917],[98.58728,13.16195],[98.58333,13.16607],[98.58344,13.17689],[98.57752,13.18049],[98.57541,13.18718],[98.58053,13.189],[98.58039,13.19699],[98.58932,13.20512],[98.59511,13.20255],[98.59799,13.20552],[98.57958,13.20446],[98.57777,13.19028],[98.56724,13.19284],[98.56683,13.20444],[98.57037,13.20754],[98.56943,13.21913],[98.57599,13.23048],[98.57453,13.23898],[98.57846,13.24878],[98.58148,13.24801],[98.58083,13.24376],[98.58556,13.24557],[98.59175,13.24056],[98.60662,13.23736],[98.61109,13.24084],[98.59767,13.24018],[98.58885,13.24442],[98.58398,13.24853],[98.59002,13.25627],[98.58344,13.25987],[98.57397,13.25702],[98.5737,13.26037],[98.56686,13.25907],[98.56935,13.26371],[98.56658,13.26757],[98.56948,13.26913],[98.56658,13.2717],[98.56211,13.2704],[98.56543,13.25185],[98.5732,13.24839],[98.56823,13.22969],[98.56075,13.2186],[98.56235,13.20572],[98.55013,13.20093],[98.54722,13.20969],[98.54038,13.21289],[98.5401,13.22114],[98.53286,13.22448],[98.53706,13.22861],[98.54085,13.24176],[98.53769,13.24394],[98.54386,13.24924],[98.54451,13.25645],[98.54083,13.25207],[98.53242,13.24973],[98.53466,13.24536],[98.53112,13.23762],[98.5248,13.24096],[98.52452,13.25436],[98.51531,13.25357],[98.51321,13.25047],[98.51215,13.25485],[98.50741,13.25639],[98.50637,13.25046],[98.50348,13.25097],[98.49714,13.26023],[98.49372,13.26074],[98.49202,13.2579],[98.49571,13.25456],[98.49585,13.24915],[98.4898,13.25017],[98.4878,13.26253],[98.49145,13.27697],[98.50211,13.27815],[98.5009,13.28962],[98.50971,13.29234],[98.5163,13.28475],[98.51998,13.28566],[98.5168,13.29609],[98.51286,13.2966],[98.51428,13.30742],[98.51178,13.30948],[98.50613,13.30638],[98.50465,13.32003],[98.50149,13.32003],[98.50098,13.31436],[98.4973,13.31383],[98.49468,13.3079],[98.49097,13.32078],[98.48926,13.31846],[98.4857,13.32335],[98.4895,13.32928],[98.48698,13.33933],[98.48198,13.3406],[98.48146,13.33571],[98.47542,13.33183],[98.47845,13.32977],[98.47282,13.31456],[98.47599,13.31199],[98.47204,13.31172],[98.47337,13.30257],[98.47969,13.30091],[98.48299,13.29602],[98.47775,13.2857],[98.4804,13.27849],[98.47474,13.27977],[98.47537,13.29111],[98.47233,13.29832],[98.46917,13.29909],[98.46368,13.34134],[98.45799,13.35627],[98.46075,13.35731],[98.46034,13.3644],[98.46482,13.36556],[98.46412,13.38077],[98.47477,13.38775],[98.47738,13.396],[98.47238,13.39754],[98.48053,13.40168],[98.47788,13.41172],[98.48289,13.40812],[98.48644,13.40942],[98.48734,13.41792],[98.49761,13.41679],[98.5001,13.42259],[98.4926,13.42129],[98.49442,13.43134],[98.49102,13.4218],[98.47892,13.41572],[98.47824,13.42409],[98.47416,13.42408],[98.47471,13.41713],[98.46392,13.41246],[98.46315,13.40602],[98.45933,13.40395],[98.45818,13.39261],[98.45123,13.37868],[98.45427,13.37585],[98.45084,13.37636],[98.44274,13.4083],[98.44944,13.41333],[98.44654,13.41758],[98.44232,13.41757],[98.44207,13.41461],[98.43838,13.41782],[98.44126,13.42195],[98.44495,13.4208],[98.44481,13.42376],[98.43902,13.42478],[98.43675,13.43586],[98.42991,13.43636],[98.43587,13.41885],[98.42859,13.43661],[98.41489,13.44238],[98.41737,13.44947],[98.41181,13.46363],[98.41798,13.47176],[98.42745,13.47165],[98.43273,13.46793],[98.44115,13.46808],[98.44127,13.47349],[98.44904,13.47286],[98.45247,13.46913],[98.4609,13.47044],[98.46035,13.47959],[98.4464,13.47646],[98.44139,13.48058],[98.44517,13.49695],[98.43767,13.49384],[98.43585,13.4861],[98.42398,13.49432],[98.41987,13.50282],[98.41515,13.49817],[98.42016,13.49303],[98.42163,13.48453],[98.41913,13.48272],[98.39429,13.52054],[98.39705,13.52042],[98.39666,13.51694],[98.40697,13.50305],[98.41079,13.50409],[98.40931,13.51516],[98.41508,13.52703],[98.39942,13.51991],[98.39559,13.52621],[98.3986,13.53189],[98.39334,13.53136],[98.3924,13.53625],[98.38965,13.53032],[98.36772,13.55603],[98.36481,13.56324],[98.36795,13.57047],[98.37309,13.56945],[98.37437,13.58234],[98.35598,13.6145],[98.33933,13.63056],[98.3,13.65635],[98.28031,13.67691],[98.28779,13.68518],[98.2841,13.68697],[98.28553,13.6929],[98.2933,13.69486],[98.30056,13.68805],[98.30206,13.67208],[98.31249,13.66438],[98.31867,13.6689],[98.3379,13.67282],[98.34318,13.66858],[98.33543,13.65903],[98.34481,13.65119],[98.35059,13.65726],[98.35928,13.65857],[98.36032,13.66347],[98.37061,13.66208],[98.37402,13.66737],[98.36688,13.67702],[98.36491,13.67379],[98.37059,13.6684],[98.36981,13.66556],[98.34792,13.67117],[98.33734,13.68351],[98.33259,13.68492],[98.32814,13.6773],[98.31259,13.67623],[98.31166,13.68035],[98.31573,13.68577],[98.31124,13.68756],[98.30647,13.69657],[98.312,13.69877],[98.31095,13.69504],[98.31993,13.69171],[98.32346,13.69945],[98.32041,13.70485],[98.3233,13.7095],[98.31854,13.714],[98.32275,13.71697],[98.33252,13.71184],[98.33475,13.71649],[98.3317,13.72112],[98.31748,13.71799],[98.31496,13.72417],[98.32087,13.72934],[98.32536,13.72497],[98.33128,13.72911],[98.32851,13.73232],[98.31664,13.73345],[98.31516,13.74375],[98.32054,13.75304],[98.31685,13.75226],[98.31057,13.73575],[98.30083,13.73289],[98.29394,13.74549],[98.29563,13.75297],[98.29207,13.75296],[98.29507,13.76328],[98.29405,13.76525],[98.28809,13.76055],[98.28044,13.76298],[98.28003,13.76684],[98.28686,13.7764],[98.27801,13.78127],[98.27697,13.77559],[98.27381,13.7743],[98.27734,13.78436],[98.27377,13.7895],[98.26454,13.78844],[98.2581,13.78378],[98.25563,13.77295],[98.2493,13.77319],[98.24905,13.76752],[98.24404,13.76815],[98.24603,13.76442],[98.24142,13.7626],[98.24389,13.77601],[98.25046,13.78041],[98.25059,13.78325],[98.24689,13.78401],[98.244,13.78116],[98.24636,13.78607],[98.2424,13.78657],[98.24343,13.79456],[98.24764,13.79741],[98.24657,13.80359],[98.24999,13.8036],[98.25053,13.79974],[98.25831,13.79925],[98.25926,13.79178],[98.26822,13.79309],[98.26608,13.80223],[98.27216,13.79761],[98.27661,13.80729],[98.2708,13.81088],[98.26963,13.80495],[98.27294,13.80032],[98.26952,13.79979],[98.2666,13.80649],[98.26398,13.79939],[98.24523,13.80745],[98.2448,13.82059],[98.2489,13.81713],[98.24994,13.82009],[98.24912,13.82808],[98.24359,13.82677],[98.24318,13.83141],[98.2466,13.83348],[98.23944,13.8466],[98.24006,13.85743],[98.24823,13.86157],[98.2448,13.86195],[98.24161,13.8689],[98.24049,13.8868],[98.24387,13.90382],[98.24078,13.9203],[98.23775,13.92003],[98.23007,13.92851],[98.22901,13.96819],[98.20952,13.99802],[98.21267,14.00164],[98.21745,13.99315],[98.22193,13.99587],[98.22814,13.99344],[98.21623,14.00216],[98.22045,14.00321],[98.22228,14.01069],[98.21633,14.01402],[98.21933,14.02202],[98.21823,14.03722],[98.21279,14.04609],[98.21713,14.04829],[98.21881,14.06015],[98.21367,14.05653],[98.21528,14.05035],[98.20896,14.04466],[98.21651,14.03824],[98.215,14.01633],[98.19802,14.04101],[98.19011,14.04112],[98.18751,14.06623],[98.17553,14.0935],[98.17565,14.0966],[98.19842,14.11651],[98.19456,14.12423],[98.18796,14.16157],[98.19187,14.1773],[98.19229,14.20771],[98.20469,14.21162],[98.19837,14.27962],[98.20271,14.21109],[98.19109,14.20951],[98.19003,14.17575],[98.18623,14.16595],[98.19262,14.11521],[98.17509,14.10626],[98.1726,14.10045],[98.17111,14.07468],[98.17285,14.06876],[98.18077,14.06737],[98.18305,14.05874],[98.17255,14.04299],[98.17205,14.03526],[98.17688,14.01286],[98.18138,14.00746],[98.18279,13.98376],[98.19365,13.96962],[98.19819,13.95598],[98.20043,13.9547],[98.19801,13.96977],[98.20184,13.9663],[98.20322,13.94878],[98.20773,13.94236],[98.20766,13.92586],[98.21535,13.91198],[98.21542,13.89316],[98.19241,13.90907],[98.18579,13.91806],[98.18449,13.91265],[98.17664,13.93066],[98.17656,13.91777],[98.18028,13.9098],[98.19429,13.8998],[98.19827,13.89246],[98.1864,13.895],[98.17717,13.89304],[98.17725,13.90773],[98.17475,13.90695],[98.17661,13.90206],[98.17387,13.89457],[98.17877,13.88918],[98.17323,13.88839],[98.17693,13.88595],[98.18193,13.88906],[98.20277,13.88797],[98.20111,13.8725],[98.19599,13.86579],[98.19917,13.86193],[98.19287,13.85289],[98.19184,13.84568],[98.18393,13.84462],[98.18923,13.83819],[98.18659,13.83793],[98.18687,13.83329],[98.1808,13.83598],[98.17451,13.82603],[98.18372,13.82916],[98.17772,13.81265],[98.17455,13.81264],[98.17379,13.80593],[98.16232,13.80409],[98.16405,13.80049],[98.16879,13.80154],[98.1696,13.79535],[98.1638,13.79585],[98.1617,13.79249],[98.16991,13.78453],[98.15885,13.78037],[98.16887,13.77912],[98.17074,13.77139],[98.16335,13.77395],[98.1606,13.76904],[98.16918,13.76624],[98.15657,13.75408],[98.15235,13.75381],[98.15621,13.74429],[98.15028,13.74324],[98.15111,13.73268],[98.16219,13.72885],[98.15511,13.7189],[98.1596,13.71827],[98.16542,13.71082],[98.17517,13.71279],[98.17017,13.70826],[98.16839,13.69202],[98.17181,13.69178],[98.17311,13.69719],[98.1768,13.6981],[98.17866,13.6945],[98.17549,13.69411],[98.17485,13.69024],[98.18118,13.68897],[98.18265,13.68369],[98.1858,13.68641],[98.18596,13.67868],[98.18559,13.67172],[98.18294,13.67635],[98.16896,13.67785],[98.16818,13.67553],[98.1724,13.67361],[98.17846,13.67466],[98.18432,13.6578],[98.17932,13.65495],[98.17856,13.64645],[98.17356,13.64578],[98.17278,13.64076],[98.16357,13.63815],[98.16309,13.62475],[98.15625,13.62163],[98.15498,13.60771],[98.15118,13.60306],[98.15333,13.59199],[98.15154,13.57446],[98.14327,13.56928],[98.14224,13.56155],[98.15489,13.56082],[98.14987,13.56492],[98.15483,13.57666],[98.15972,13.57217],[98.15949,13.56315],[98.17387,13.55444],[98.17508,13.54671],[98.16788,13.53612],[98.16156,13.53636],[98.15978,13.55336],[98.15489,13.55824],[98.14093,13.55961],[98.13277,13.55688],[98.1344,13.54503],[98.12172,13.55426],[98.13182,13.56486],[98.1293,13.57207],[98.12666,13.5718],[98.1241,13.58725],[98.11737,13.59238],[98.13761,13.60392],[98.13536,13.60713],[98.13838,13.6083],[98.13783,13.61693],[98.13414,13.6164],[98.13318,13.62542],[98.1283,13.62901],[98.12894,13.63288],[98.13935,13.63227],[98.14606,13.63577],[98.15022,13.6497],[98.14184,13.67286],[98.14906,13.68113],[98.14772,13.68628],[98.13174,13.6955],[98.13173,13.69782],[98.13595,13.69732],[98.1383,13.7048],[98.13408,13.70556],[98.13115,13.71405],[98.12692,13.71546],[98.12405,13.70887],[98.13012,13.70696],[98.12525,13.7045],[98.12779,13.69588],[98.12411,13.6938],[98.1373,13.68857],[98.14154,13.68265],[98.14077,13.67827],[98.11937,13.69224],[98.11147,13.69105],[98.1111,13.68435],[98.10572,13.67815],[98.10528,13.68819],[98.1087,13.69156],[98.10353,13.69875],[98.09615,13.69821],[98.09425,13.71315],[98.08818,13.71557],[98.10188,13.71781],[98.10479,13.7137],[98.11138,13.71488],[98.1115,13.71811],[98.10373,13.71576],[98.10264,13.7258],[98.0813,13.72263],[98.08366,13.72625],[98.08683,13.72523],[98.08744,13.73683],[98.08306,13.74583],[98.07791,13.74607],[98.07734,13.75715],[98.06772,13.75698],[98.06586,13.76174],[98.07166,13.76099],[98.07191,13.76563],[98.06597,13.76715],[98.06872,13.77245],[98.07622,13.77518],[98.07103,13.7883],[98.0668,13.79009],[98.07626,13.79837],[98.07781,13.80533],[98.08996,13.79971],[98.09873,13.78364],[98.10056,13.78609],[98.10229,13.78223],[98.1127,13.78214],[98.114,13.78898],[98.10264,13.79357],[98.09335,13.80951],[98.08794,13.81259],[98.0921,13.8278],[98.08652,13.8368],[98.08701,13.8484],[98.09172,13.85692],[98.08602,13.86489],[98.09457,13.87059],[98.09361,13.8796],[98.09752,13.89198],[98.07356,13.91483],[98.07194,13.92255],[98.07721,13.92592],[98.07689,13.93777],[98.07438,13.94098],[98.06911,13.93877],[98.07171,13.94909],[98.06827,13.95165],[98.06833,13.96737],[98.06315,13.97817],[98.05891,13.98048],[98.05902,13.98718],[98.0614,13.98615],[98.06771,13.99236],[98.06914,13.99726],[98.06359,13.99827],[98.06162,13.99543],[98.05567,14.03148],[98.05748,14.04154],[98.06738,14.04119],[98.07421,14.04779],[98.0776,14.05785],[98.07221,14.08553],[98.07658,14.08361],[98.07447,14.08128],[98.07823,14.06481],[98.09045,14.0789],[98.09967,14.08396],[98.09055,14.08676],[98.08463,14.08403],[98.09483,14.10661],[98.09879,14.10624],[98.10022,14.11179],[98.08073,14.16711],[98.08308,14.17433],[98.08493,14.17305],[98.08363,14.16815],[98.09317,14.1584],[98.09402,14.14423],[98.09543,14.15583],[98.09965,14.15816],[98.10481,14.15329],[98.10278,14.16616],[98.09471,14.17129],[98.09284,14.17695],[98.10009,14.18032],[98.09991,14.19166],[98.0962,14.19371],[98.09711,14.19822],[98.10133,14.19849],[98.10182,14.20919],[98.09231,14.20915],[98.0924,14.2192],[98.08657,14.22562],[98.08932,14.23001],[98.07983,14.2256],[98.07172,14.23819],[98.06994,14.25519],[98.0673,14.25466],[98.06727,14.26162],[98.06276,14.26714],[98.05934,14.26314],[98.05246,14.26465],[98.06187,14.25851],[98.06343,14.23197],[98.07004,14.23007],[98.06834,14.22632],[98.07315,14.21269],[98.08307,14.20809],[98.08286,14.1943],[98.07969,14.19429],[98.07836,14.19854],[98.07573,14.19556],[98.07104,14.21062],[98.06629,14.21111],[98.06376,14.21523],[98.0648,14.2209],[98.06133,14.22887],[98.05513,14.22679],[98.05326,14.23116],[98.05748,14.23272],[98.05602,14.23633],[98.05153,14.23399],[98.04782,14.23835],[98.05004,14.2448],[98.04251,14.24529],[98.04062,14.25275],[98.03375,14.25543],[98.03988,14.24064],[98.0477,14.23552],[98.04813,14.22728],[98.05451,14.21699],[98.06193,14.21084],[98.06394,14.20286],[98.06935,14.20559],[98.06833,14.19541],[98.07151,14.19361],[98.07499,14.18152],[98.03337,14.24938],[97.99765,14.29277],[97.99405,14.301],[97.99531,14.31363],[97.9844,14.33239],[97.98981,14.33358],[97.99286,14.33063],[97.99182,14.32598],[97.99835,14.31416],[98.00098,14.31649],[97.99896,14.32473],[98.00529,14.3281],[98.00804,14.33404],[97.99666,14.33683],[97.99836,14.34096],[97.9899,14.34272],[97.99005,14.3386],[97.98581,14.34116],[97.98394,14.34631],[97.99738,14.35474],[97.99259,14.3618],[97.98677,14.36358],[97.97806,14.36122],[97.97901,14.35453],[97.97585,14.35245],[97.98198,14.34114],[97.98399,14.33497],[97.98187,14.33522],[97.96866,14.36479],[97.97363,14.37538],[97.96896,14.38463],[97.97056,14.4104],[97.96733,14.42353],[97.97083,14.43823],[97.97781,14.44367],[97.977,14.44779],[97.98172,14.4558],[97.98832,14.45763],[97.98897,14.46176],[97.99595,14.46668],[97.99528,14.46964],[97.99924,14.46953],[97.99893,14.48009],[97.99457,14.48033],[97.99878,14.48447],[97.99648,14.4958],[97.99358,14.49501],[97.99362,14.48574],[97.97886,14.47537],[97.98085,14.47254],[97.97721,14.46016],[97.96652,14.45638],[97.96892,14.45136],[97.96378,14.44748],[97.96372,14.43253],[97.95424,14.45284],[97.9563,14.46445],[97.95335,14.47268],[97.95351,14.49638],[97.92886,14.53415],[97.93014,14.54278],[97.92367,14.54159],[97.90231,14.58091],[97.90314,14.60024],[97.90843,14.6013],[97.91072,14.62012],[97.9205,14.62132],[97.9249,14.614],[97.9302,14.61376],[97.92995,14.61016],[97.93483,14.6143],[97.93269,14.61816],[97.92635,14.61658],[97.92235,14.62184],[97.91337,14.61987],[97.9115,14.6236],[97.91599,14.62362],[97.91691,14.62633],[97.91516,14.63225],[97.91196,14.63635],[97.90748,14.6335],[97.89869,14.64376],[97.89866,14.64982],[97.90701,14.64715],[97.90486,14.65539],[97.91054,14.65734],[97.91904,14.67606],[97.91728,14.68585],[97.90829,14.68335],[97.90571,14.69584],[97.9095,14.70694],[97.91427,14.70451],[97.9124,14.70824],[97.9195,14.71896],[97.93351,14.72122],[97.93432,14.71787],[97.94558,14.71663],[97.94827,14.70814],[97.9463,14.70556],[97.95015,14.70145],[97.94818,14.6981],[97.9548,14.69903],[97.967,14.69277],[97.97115,14.68223],[97.96297,14.67704],[97.97373,14.67013],[97.97694,14.66164],[97.98144,14.66179],[97.98307,14.65316],[97.98597,14.65459],[97.99619,14.64833],[98.00433,14.63213],[98.00183,14.62851],[98.00713,14.62802],[98.00835,14.62107],[98.01682,14.62007],[98.02413,14.61289],[98.0229,14.62113],[98.02739,14.6245],[98.02342,14.62422],[98.02353,14.62938],[98.01436,14.63887],[98.01979,14.63657],[98.02599,14.64046],[98.02654,14.63712],[98.04107,14.64233],[98.03417,14.64758],[98.03665,14.65391],[98.03346,14.6575],[98.03382,14.66704],[98.03234,14.64075],[98.02811,14.64047],[98.01752,14.64146],[98.01989,14.64508],[98.01815,14.64868],[98.01062,14.64684],[98.00848,14.65173],[98.00079,14.65556],[97.9997,14.66148],[98.00497,14.66588],[97.99626,14.66262],[97.98856,14.66659],[97.99131,14.67304],[97.99807,14.67062],[98.00308,14.67438],[97.99593,14.67538],[97.99856,14.68041],[97.99591,14.68092],[97.99143,14.67574],[97.98692,14.6774],[97.98717,14.68204],[97.99457,14.68426],[97.99719,14.68955],[98.00528,14.68624],[98.00246,14.69576],[97.99888,14.69626],[97.99349,14.68902],[97.98794,14.68694],[97.98555,14.6895],[97.98895,14.6975],[97.98206,14.69825],[97.97917,14.6945],[97.97438,14.70027],[97.97461,14.70659],[97.98465,14.7105],[97.98302,14.72105],[97.98726,14.71888],[97.98911,14.72095],[97.99073,14.71271],[97.99576,14.71402],[97.99666,14.71841],[97.99015,14.72495],[97.99118,14.73101],[97.98585,14.7382],[97.98006,14.73186],[97.97792,14.73456],[97.98332,14.74076],[97.98185,14.74359],[97.97684,14.74022],[97.97762,14.74383],[97.97338,14.74497],[97.96896,14.72653],[97.96022,14.72791],[97.95436,14.73626],[97.95038,14.73624],[97.95267,14.75737],[97.96588,14.76168],[97.96973,14.76054],[97.97042,14.75411],[97.97267,14.75515],[97.97222,14.76493],[97.97592,14.76804],[97.98018,14.76278],[97.97935,14.76973],[97.98741,14.77222],[97.97932,14.77553],[97.97023,14.79455],[97.96572,14.7966],[97.96503,14.80149],[97.96912,14.80589],[97.9654,14.80716],[97.96225,14.80212],[97.95495,14.80556],[97.95432,14.79938],[97.95088,14.79794],[97.94344,14.80268],[97.95029,14.81173],[97.95131,14.81946],[97.96427,14.82197],[97.96452,14.82583],[97.95949,14.82607],[97.96726,14.83525],[97.95496,14.83107],[97.95203,14.83389],[97.95246,14.82848],[97.94704,14.82601],[97.93285,14.83097],[97.93426,14.84025],[97.9397,14.83821],[97.93609,14.84438],[97.93766,14.84761],[97.9431,14.8457],[97.94493,14.85035],[97.93817,14.85289],[97.93275,14.85081],[97.93299,14.85519],[97.92835,14.85749],[97.93463,14.87194],[97.93037,14.87604],[97.93315,14.87632],[97.93167,14.8821],[97.9404,14.88511],[97.92582,14.8853],[97.91938,14.90227],[97.9157,14.89736],[97.91808,14.8975],[97.91804,14.87934],[97.92391,14.87112],[97.92114,14.86892],[97.91753,14.87521],[97.90982,14.87981],[97.91191,14.88575],[97.90873,14.88573],[97.90388,14.87695],[97.89978,14.87616],[97.90249,14.86303],[97.90051,14.86148],[97.89996,14.86611],[97.89707,14.86043],[97.89072,14.86001],[97.88618,14.86707],[97.88274,14.86654],[97.88572,14.85342],[97.87457,14.85826],[97.8781,14.86755],[97.87518,14.86805],[97.87409,14.87449],[97.87117,14.87473],[97.87084,14.86185],[97.86525,14.868],[97.85493,14.86512],[97.85574,14.86229],[97.86103,14.8645],[97.86929,14.85424],[97.87459,14.85465],[97.87726,14.85028],[97.87542,14.84731],[97.87355,14.8513],[97.86746,14.84972],[97.87824,14.83998],[97.87871,14.82685],[97.88409,14.83512],[97.88392,14.84362],[97.88895,14.84429],[97.89429,14.83594],[97.89005,14.83489],[97.88928,14.83089],[97.89615,14.83466],[97.90135,14.82696],[97.89343,14.82151],[97.89557,14.81843],[97.90575,14.82028],[97.90277,14.80867],[97.89282,14.81068],[97.89909,14.80273],[97.89712,14.79911],[97.88995,14.80346],[97.89045,14.80822],[97.88464,14.80652],[97.87769,14.81757],[97.87348,14.81368],[97.87053,14.82011],[97.86763,14.817],[97.87223,14.79899],[97.86588,14.79793],[97.86671,14.79098],[97.85982,14.79197],[97.85854,14.78424],[97.86741,14.78428],[97.86598,14.77912],[97.87021,14.77901],[97.86639,14.77577],[97.86712,14.76341],[97.87333,14.76525],[97.87238,14.76962],[97.88412,14.77741],[97.8851,14.76659],[97.8955,14.7535],[97.89233,14.75168],[97.89889,14.73677],[97.89348,14.7334],[97.88561,14.71983],[97.88239,14.72883],[97.87338,14.73047],[97.87474,14.72313],[97.87843,14.72585],[97.88083,14.72277],[97.87238,14.71925],[97.87319,14.71604],[97.88058,14.72007],[97.88086,14.71736],[97.87902,14.71439],[97.87055,14.71358],[97.86582,14.70801],[97.84011,14.71394],[97.83231,14.71197],[97.83241,14.71867],[97.84179,14.72078],[97.84222,14.71588],[97.85786,14.71107],[97.84989,14.71541],[97.84562,14.72299],[97.85661,14.72291],[97.85591,14.72909],[97.84796,14.73008],[97.83716,14.71998],[97.83451,14.72151],[97.82121,14.75829],[97.82357,14.76268],[97.81661,14.77681],[97.81863,14.79512],[97.8146,14.80566],[97.82297,14.79913],[97.82535,14.80108],[97.82293,14.80763],[97.83114,14.80703],[97.83109,14.81708],[97.834,14.81658],[97.83701,14.82355],[97.82259,14.82064],[97.81362,14.81415],[97.8118,14.80822],[97.80967,14.81001],[97.80737,14.82005],[97.80945,14.8265],[97.799,14.84809],[97.80055,14.85531],[97.79426,14.86816],[97.78869,14.86916],[97.79045,14.88565],[97.82046,14.88338],[97.82012,14.88581],[97.8119,14.88654],[97.81187,14.89221],[97.80762,14.89437],[97.80128,14.89164],[97.80281,14.88811],[97.79998,14.88674],[97.79612,14.88901],[97.79609,14.89573],[97.78913,14.90909],[97.79315,14.92534],[97.80182,14.93788],[97.80794,14.93379],[97.80938,14.93625],[97.80525,14.9397],[97.80585,14.95143],[97.80955,14.95351],[97.81306,14.96499],[97.82159,14.95692],[97.82368,14.96183],[97.81544,14.96668],[97.81618,14.97583],[97.82256,14.97342],[97.82612,14.97575],[97.81325,14.97955],[97.80785,14.97334],[97.79807,14.99184],[97.80897,14.98674],[97.81769,14.99142],[97.81157,14.99551],[97.81034,15.00221],[97.81455,15.0079],[97.81438,15.01408],[97.8279,15.01376],[97.82948,15.01648],[97.81915,15.01513],[97.81913,15.01823],[97.82337,15.01902],[97.82253,15.027],[97.81869,15.02672],[97.81779,15.02054],[97.80937,15.01019],[97.80435,15.00771],[97.79504,15.01282],[97.78991,15.00545],[97.79568,14.99414],[97.79012,14.99154],[97.78784,14.99642],[97.78995,14.99901],[97.78044,15.01699],[97.76996,15.01848],[97.77932,15.02703],[97.7825,15.02731],[97.78279,15.02267],[97.78757,15.02231],[97.79508,15.02943],[97.79499,15.04566],[97.78853,15.06238],[97.78308,15.0657],[97.7926,15.07],[97.80031,15.06617],[97.80375,15.06787],[97.80214,15.07043],[97.81167,15.07306],[97.81099,15.07718],[97.80741,15.07716],[97.80558,15.07226],[97.80185,15.0752],[97.7955,15.07323],[97.79445,15.09461],[97.80159,15.09774],[97.8038,15.106],[97.79805,15.13791],[97.80216,15.13845],[97.80345,15.14386],[97.79511,15.16597],[97.78495,15.1788],[97.79301,15.18464],[97.80765,15.17532],[97.81002,15.17945],[97.80174,15.18842],[97.80993,15.19452],[97.82086,15.18608],[97.8235,15.18777],[97.82215,15.19162],[97.81712,15.19082],[97.81018,15.19774],[97.8173,15.20525],[97.82313,15.20605],[97.83487,15.1953],[97.83515,15.19156],[97.84032,15.19275],[97.83678,15.18552],[97.84206,15.18941],[97.84084,15.19404],[97.85026,15.19409],[97.85077,15.19718],[97.83406,15.19774],[97.83444,15.2007],[97.82443,15.21134],[97.82679,15.21561],[97.84284,15.21698],[97.84162,15.22096],[97.84692,15.22292],[97.83747,15.22751],[97.83968,15.2368],[97.84792,15.23388],[97.85267,15.23944],[97.85521,15.23533],[97.86065,15.23549],[97.87508,15.24187],[97.8749,15.24934],[97.87916,15.24782],[97.87941,15.2504],[97.87384,15.24998],[97.86302,15.23821],[97.85851,15.23805],[97.85556,15.24358],[97.85185,15.2433],[97.8495,15.23633],[97.83689,15.23756],[97.8334,15.22118],[97.82994,15.22284],[97.8299,15.23018],[97.81692,15.22637],[97.81528,15.23461],[97.80519,15.23533],[97.79912,15.23079],[97.79605,15.23399],[97.79895,15.23658],[97.79639,15.2434],[97.80091,15.24149],[97.80236,15.24433],[97.79439,15.24558],[97.79661,15.22807],[97.79186,15.22418],[97.79204,15.21491],[97.78333,15.20765],[97.78177,15.20133],[97.76901,15.2068],[97.77436,15.1991],[97.79055,15.19764],[97.79031,15.19274],[97.77065,15.19869],[97.76575,15.19647],[97.75599,15.20904],[97.74601,15.23707],[97.74066,15.24502],[97.73483,15.24344],[97.72895,15.27226],[97.73915,15.29834],[97.72637,15.32558],[97.72027,15.32554],[97.71915,15.33429],[97.72685,15.33485],[97.72716,15.34851],[97.72356,15.35209],[97.72539,15.35635],[97.73208,15.34854],[97.74427,15.35144],[97.7445,15.35672],[97.73745,15.36042],[97.74414,15.39446],[97.74947,15.3914],[97.74779,15.38392],[97.7502,15.38084],[97.74702,15.37979],[97.74615,15.36922],[97.74779,15.3615],[97.75535,15.36361],[97.75551,15.35923],[97.76067,15.36106],[97.7584,15.36363],[97.76194,15.37099],[97.77154,15.36434],[97.77548,15.37196],[97.77973,15.37134],[97.78959,15.36521],[97.78752,15.35606],[97.79102,15.34783],[97.7872,15.34189],[97.79226,15.3396],[97.79024,15.34435],[97.7926,15.35016],[97.78939,15.35375],[97.79201,15.3602],[97.79493,15.35983],[97.7933,15.36639],[97.77786,15.37391],[97.77203,15.37091],[97.76883,15.3727],[97.77223,15.38173],[97.76669,15.37578],[97.76134,15.38374],[97.7764,15.3958],[97.79183,15.3915],[97.79827,15.37879],[97.81208,15.37796],[97.81842,15.38353],[97.83248,15.38592],[97.82994,15.389],[97.82864,15.38539],[97.80915,15.38103],[97.79262,15.39267],[97.79153,15.39756],[97.79974,15.40018],[97.80058,15.41564],[97.78609,15.41839],[97.78488,15.42148],[97.78899,15.42343],[97.80548,15.41888],[97.81303,15.42214],[97.8107,15.43527],[97.81491,15.44096],[97.81305,15.44172],[97.8095,15.43475],[97.8113,15.42214],[97.8044,15.42068],[97.78473,15.42431],[97.78264,15.41786],[97.79328,15.41508],[97.79677,15.40943],[97.78709,15.40629],[97.78907,15.40965],[97.78189,15.41013],[97.77667,15.41808],[97.78512,15.40241],[97.7809,15.39853],[97.77729,15.4016],[97.77624,15.42298],[97.77356,15.42657],[97.77695,15.43741],[97.77454,15.44151],[97.77045,15.43711],[97.75352,15.46948],[97.74187,15.4859],[97.73667,15.48844],[97.73836,15.49528],[97.74763,15.49945],[97.75397,15.52693],[97.75992,15.53198],[97.77321,15.5318],[97.77555,15.54083],[97.78193,15.54061],[97.78399,15.5289],[97.78846,15.53588],[97.79754,15.52794],[97.80324,15.53042],[97.81296,15.52725],[97.80647,15.52464],[97.8081,15.51718],[97.81421,15.51798],[97.81339,15.52184],[97.80969,15.51848],[97.80726,15.52439],[97.81258,15.5248],[97.8152,15.5301],[97.79925,15.53181],[97.78885,15.53858],[97.78596,15.53329],[97.78355,15.53585],[97.79014,15.544],[97.78528,15.55698],[97.7699,15.55149],[97.77219,15.54609],[97.77052,15.53784],[97.75938,15.53378],[97.74737,15.5645],[97.7472,15.57145],[97.75384,15.57072],[97.75462,15.57382],[97.74743,15.57712],[97.75099,15.58152],[97.74553,15.58381],[97.74342,15.58071],[97.74613,15.57261],[97.74213,15.57349],[97.72529,15.61126],[97.72859,15.61501],[97.73419,15.61234],[97.7355,15.61544],[97.74836,15.62041],[97.74852,15.61577],[97.7565,15.61453],[97.76534,15.62566],[97.76834,15.63546],[97.77338,15.63704],[97.7723,15.64064],[97.75984,15.63361],[97.75298,15.62507],[97.73704,15.62446],[97.73894,15.61803],[97.73095,15.62031],[97.72657,15.64115],[97.73034,15.63267],[97.73576,15.63811],[97.73215,15.64144],[97.73003,15.63962],[97.72691,15.64965],[97.72755,15.65365],[97.73236,15.65097],[97.73184,15.64839],[97.74021,15.64973],[97.74359,15.66108],[97.73065,15.66925],[97.73848,15.67187],[97.73963,15.67883],[97.73644,15.67933],[97.73632,15.67572],[97.72787,15.66743],[97.7312,15.66539],[97.73298,15.65767],[97.72994,15.65418],[97.72122,15.66791],[97.7121,15.70108],[97.70595,15.70697],[97.7088,15.71807],[97.712,15.7168],[97.7091,15.71279],[97.71362,15.71269],[97.71877,15.71864],[97.73006,15.72206],[97.73027,15.73004],[97.73428,15.72762],[97.74352,15.73759],[97.74349,15.743],[97.7361,15.73368],[97.7276,15.73183],[97.72686,15.72204],[97.71643,15.73125],[97.7177,15.71992],[97.7141,15.72093],[97.71257,15.73174],[97.69723,15.76128],[97.7029,15.76788],[97.70756,15.76803],[97.70855,15.75877],[97.71705,15.76036],[97.71947,15.75651],[97.71629,15.75443],[97.72723,15.74806],[97.72573,15.75449],[97.72998,15.75529],[97.72622,15.76145],[97.7342,15.76149],[97.73163,15.76818],[97.73702,15.77877],[97.743,15.77983],[97.74374,15.78873],[97.74653,15.79016],[97.74636,15.79479],[97.74264,15.79529],[97.74453,15.79015],[97.74081,15.78884],[97.74204,15.78447],[97.73474,15.78082],[97.73478,15.77476],[97.72974,15.77319],[97.72912,15.76533],[97.72607,15.76376],[97.72605,15.76686],[97.72047,15.76708],[97.71864,15.76192],[97.71278,15.76317],[97.71757,15.78329],[97.71417,15.83775],[97.71043,15.84018],[97.71521,15.84162],[97.71528,15.85077],[97.72975,15.85717],[97.74219,15.8678],[97.74485,15.86846],[97.74649,15.86126],[97.75141,15.86129],[97.75206,15.86438],[97.74887,15.86359],[97.74711,15.86796],[97.75002,15.87107],[97.74717,15.87955],[97.74036,15.88415],[97.74185,15.87862],[97.73894,15.87693],[97.74177,15.87102],[97.73779,15.86868],[97.73901,15.86559],[97.72771,15.86295],[97.72948,15.85755],[97.7223,15.85674],[97.72439,15.8628],[97.7124,15.86441],[97.70179,15.8588],[97.71237,15.8693],[97.71141,15.87445],[97.70114,15.87696],[97.70573,15.86668],[97.702,15.86769],[97.69214,15.88953],[97.67071,15.91129],[97.67585,15.91841],[97.66803,15.9333],[97.66928,15.94658],[97.66264,15.94422],[97.66544,15.94269],[97.66472,15.93135],[97.67134,15.91645],[97.65803,15.91624],[97.6386,15.93608],[97.608,15.95314],[97.60198,15.97629],[97.59581,15.98269],[97.58835,15.98393],[97.5839,16.00991],[97.57563,16.01205],[97.57005,16.01008],[97.56637,16.02293],[97.56886,16.02784],[97.57512,16.0284],[97.57495,16.03304],[97.57045,16.04795],[97.56115,16.06334],[97.56299,16.06618],[97.55823,16.07955],[97.56181,16.08227],[97.57487,16.08185],[97.58628,16.08759],[97.59483,16.0852],[97.59486,16.08005],[97.59939,16.07982],[97.60424,16.07199],[97.60266,16.06967],[97.61661,16.05507],[97.64743,16.04767],[97.65395,16.049],[97.65658,16.05417],[97.66083,16.05535],[97.66662,16.04702],[97.66734,16.03852],[97.68285,16.02857],[97.69856,16.02983],[97.70299,16.02457],[97.69922,16.03022],[97.7025,16.03874],[97.71896,16.04657],[97.7231,16.04556],[97.72241,16.04891],[97.70753,16.04328],[97.70169,16.04002],[97.69907,16.03305],[97.69269,16.03057],[97.67776,16.03292],[97.67161,16.03726],[97.66321,16.05782],[97.64542,16.05011],[97.61656,16.06293],[97.5977,16.09398],[97.6115,16.1206],[97.61617,16.11934],[97.61758,16.10879],[97.63491,16.10671],[97.64645,16.11361],[97.64835,16.12805],[97.66513,16.13047],[97.64673,16.13113],[97.64656,16.11825],[97.63676,16.10878],[97.6309,16.10784],[97.62076,16.11113],[97.61779,16.116],[97.61977,16.1191],[97.61401,16.12293],[97.61045,16.13733],[97.6167,16.15837],[97.64199,16.16214],[97.64533,16.16048],[97.64565,16.15327],[97.65005,16.15304],[97.64673,16.1568],[97.64733,16.16178],[97.64385,16.16305],[97.61855,16.16083],[97.62824,16.1851],[97.6377,16.22431],[97.63918,16.26116],[97.63677,16.28227],[97.64063,16.28319],[97.63568,16.29085],[97.63792,16.30855],[97.61062,16.35988],[97.61122,16.3689],[97.62527,16.38149],[97.62935,16.38963],[97.6266,16.4012],[97.61582,16.41607],[97.61144,16.43175],[97.61363,16.44336],[97.62356,16.45502],[97.61773,16.4864],[97.62135,16.50291],[97.6146,16.51926],[97.60398,16.52314],[97.60048,16.52776],[97.58765,16.52762],[97.57023,16.53734],[97.54756,16.53396],[97.5411,16.54164],[97.51461,16.54764],[97.4992,16.538],[97.49039,16.53716],[97.46236,16.53696],[97.44281,16.54364],[97.43056,16.54046],[97.42952,16.53684],[97.41143,16.52782],[97.39144,16.52368],[97.3795,16.51457],[97.37071,16.51218],[97.36516,16.50596],[97.35821,16.50719],[97.34835,16.526],[97.34683,16.54187],[97.35079,16.54757],[97.34859,16.55502],[97.33961,16.57478],[97.33873,16.58379],[97.33459,16.58427],[97.33268,16.58915],[97.324,16.61947],[97.32471,16.63003],[97.32815,16.63392],[97.32719,16.66791],[97.33816,16.6662],[97.33916,16.65822],[97.34843,16.65147],[97.35778,16.65206],[97.34761,16.65365],[97.33867,16.668],[97.32609,16.67073],[97.32511,16.67562],[97.32744,16.68491],[97.32387,16.69518],[97.32468,16.71051],[97.32867,16.71261],[97.33511,16.70982],[97.34392,16.71093],[97.34958,16.72037],[97.34809,16.72319],[97.33605,16.72438],[97.33971,16.73343],[97.33573,16.72979],[97.3358,16.72168],[97.34758,16.71984],[97.34655,16.71571],[97.32838,16.71518],[97.31669,16.70697],[97.31955,16.70056],[97.32007,16.67146],[97.31127,16.65516],[97.30249,16.65058],[97.29498,16.65451],[97.28643,16.65406],[97.27702,16.6608],[97.27751,16.6657],[97.28018,16.66624],[97.27088,16.67543],[97.27401,16.68344],[97.26431,16.70705],[97.2591,16.70727],[97.25539,16.7187],[97.24951,16.71813],[97.24785,16.72443],[97.24291,16.72387],[97.2498,16.7162],[97.2505,16.71209],[97.24612,16.70973],[97.25256,16.69125],[97.25184,16.68248],[97.25584,16.68329],[97.26199,16.66879],[97.26831,16.66382],[97.26846,16.66176],[97.2599,16.66259],[97.25157,16.6678],[97.24459,16.68603],[97.24563,16.6899],[97.24118,16.69372],[97.24148,16.70506],[97.23676,16.70991],[97.23834,16.71289],[97.23512,16.71402],[97.23058,16.7284],[97.23,16.74797],[97.22489,16.75076],[97.2327,16.78842],[97.22762,16.8028],[97.22986,16.80591],[97.2282,16.8265],[97.22384,16.83535],[97.21875,16.83595],[97.21223,16.86164],[97.21677,16.87572],[97.22398,16.87719],[97.23034,16.85497],[97.23842,16.84886],[97.24669,16.85061],[97.24081,16.85081],[97.23246,16.85667],[97.23213,16.86387],[97.23521,16.86313],[97.23112,16.88627],[97.2252,16.8897],[97.21023,16.88931],[97.20225,16.88447],[97.19875,16.88676],[97.19129,16.92558],[97.197,16.92962],[97.18763,16.93108],[97.17928,16.93706],[97.17113,16.96351],[97.1738,16.97744],[97.17303,17.01529],[97.17764,17.02332],[97.17422,17.03101],[97.18451,17.03303],[97.18429,17.02788],[97.18643,17.02803],[97.18637,17.03395],[97.1727,17.03563],[97.17292,17.0686],[97.15681,17.07309],[97.15623,17.07733],[97.14898,17.07932],[97.14383,17.08584],[97.14912,17.10572],[97.16124,17.11265],[97.19222,17.1213],[97.20739,17.1311],[97.20965,17.12824],[97.20839,17.09647],[97.21902,17.09077],[97.23453,17.09374],[97.23765,17.10342],[97.23362,17.10467],[97.24029,17.10795],[97.24455,17.0955],[97.25436,17.0921],[97.25901,17.09562],[97.26118,17.10774],[97.27074,17.11581],[97.25728,17.10926],[97.25645,17.09792],[97.25243,17.09737],[97.24454,17.11146],[97.23675,17.11333],[97.23078,17.10774],[97.23035,17.09692],[97.22059,17.09516],[97.21559,17.09988],[97.22011,17.13159],[97.20998,17.1409],[97.1907,17.13983],[97.17368,17.12796],[97.14741,17.12991],[97.14346,17.12318],[97.1345,17.12232],[97.1287,17.08648],[97.11784,17.07427],[97.12388,17.046],[97.11162,17.0137],[97.10337,17.00886],[97.09205,17.01764],[97.07339,17.02236],[97.09021,17.01389],[97.10412,17.00127],[97.11137,16.98512],[97.11893,16.97875],[97.11623,16.96739],[97.10895,16.96011],[97.10573,16.96111],[97.10067,16.97163],[97.0997,16.96183],[97.10377,16.95569],[97.09253,16.94297],[97.08422,16.94495],[97.07879,16.95211],[97.07397,16.9791],[97.06283,16.99573],[97.04668,17.00433],[97.03768,17.02073],[97.04228,17.05425],[97.0628,17.08921],[97.06799,17.10522],[97.07051,17.12044],[97.06516,17.14562],[97.04031,17.1786],[96.98918,17.20101],[97.01821,17.22937],[97.02459,17.24694],[97.02196,17.25412],[97.01777,17.25756],[97.0127,17.25622],[97.00729,17.26016],[97.00806,17.26377],[97.00323,17.2645],[96.99071,17.25755],[96.98773,17.26048],[96.98727,17.26537],[96.99463,17.26686],[96.99802,17.27526],[96.98459,17.2777],[96.98456,17.29263],[96.98575,17.2947],[96.99224,17.28936],[96.99005,17.2932],[96.99429,17.29801],[97.0045,17.29579],[97.01634,17.27853],[97.01942,17.27856],[97.01298,17.29189],[97.0047,17.3021],[96.99796,17.30513],[96.98134,17.30535],[96.97667,17.3156],[96.97047,17.31914],[96.96437,17.31303],[96.95631,17.31513],[96.95493,17.31847],[96.94182,17.31601],[96.92057,17.32236],[96.93729,17.31352],[96.92463,17.30721],[96.90549,17.30534],[96.89365,17.30895],[96.8955,17.31141],[96.88341,17.31399],[96.8863,17.33024],[96.89784,17.35328],[96.90242,17.3747],[96.8912,17.41809],[96.87726,17.44009],[96.88121,17.45841],[96.8807,17.4911],[96.87655,17.52453],[96.87022,17.53862],[96.88083,17.57246],[96.87715,17.57706],[96.88006,17.59202],[96.87805,17.60613],[96.88141,17.64894],[96.90157,17.67052],[96.90509,17.67983],[96.89955,17.68222],[96.8926,17.67995],[96.8705,17.66285],[96.8643,17.66523],[96.86479,17.6691],[96.88607,17.68683],[96.88553,17.69842],[96.87805,17.70657],[96.86535,17.71261],[96.86272,17.71928],[96.86515,17.72935],[96.88597,17.75223],[96.88822,17.76693],[96.88073,17.78642],[96.88195,17.7975],[96.8782,17.80724],[96.8687,17.81525],[96.85278,17.82035],[96.8527,17.8273],[96.87266,17.84387],[96.87672,17.85305],[96.85057,17.87002],[96.84677,17.88414],[96.85338,17.89374],[96.8555,17.90792],[96.86136,17.91223],[96.86623,17.90945],[96.87582,17.91754],[96.88951,17.91949],[96.86912,17.91553],[96.86649,17.91061],[96.86054,17.91351],[96.85548,17.90895],[96.83704,17.92162],[96.83443,17.92674],[96.8533,17.93377],[96.85575,17.94242],[96.84708,17.95854],[96.84223,17.95939],[96.83505,17.953],[96.84548,17.95788],[96.85441,17.94189],[96.85328,17.9357],[96.83361,17.92776],[96.83651,17.92084],[96.85359,17.90944],[96.84621,17.89778],[96.85223,17.89964],[96.85072,17.89165],[96.84447,17.89329],[96.84553,17.87588],[96.8555,17.86312],[96.87484,17.85303],[96.87344,17.84633],[96.85133,17.82909],[96.84941,17.82109],[96.8512,17.81789],[96.86441,17.81469],[96.87538,17.80747],[96.88642,17.7597],[96.8833,17.75091],[96.86299,17.73061],[96.85945,17.72311],[96.86226,17.7131],[96.87917,17.70247],[96.88396,17.69531],[96.88244,17.6868],[96.86901,17.67609],[96.86096,17.66391],[96.86436,17.66021],[96.87,17.66001],[96.89184,17.67595],[96.89879,17.67886],[96.90308,17.67904],[96.90325,17.67646],[96.87402,17.64937],[96.8792,17.64299],[96.87403,17.62543],[96.87741,17.58916],[96.87449,17.57813],[96.86777,17.5758],[96.86153,17.58088],[96.84732,17.58021],[96.84594,17.57157],[96.83593,17.55601],[96.83627,17.54932],[96.86337,17.53893],[96.87307,17.52398],[96.87298,17.50853],[96.86599,17.48708],[96.86729,17.47937],[96.87564,17.47586],[96.8697,17.43305],[96.88534,17.41443],[96.88646,17.41058],[96.87751,17.407],[96.89004,17.4016],[96.8946,17.37822],[96.89024,17.36092],[96.87128,17.33137],[96.86993,17.30921],[96.88067,17.29581],[96.92917,17.28486],[96.90468,17.24624],[96.89975,17.24361],[96.90078,17.24774],[96.8981,17.24733],[96.89469,17.24124],[96.88508,17.23805],[96.88554,17.23265],[96.88722,17.23808],[96.89446,17.23789],[96.89191,17.22654],[96.8828,17.2146],[96.88508,17.21411],[96.88743,17.19637],[96.8807,17.199],[96.87044,17.19464],[96.87762,17.18751],[96.87938,17.17401],[96.87157,17.17805],[96.86059,17.17729],[96.85505,17.17002],[96.84563,17.17378],[96.85456,17.16602],[96.8579,17.16645],[96.86275,17.17641],[96.87867,17.16538],[96.87845,17.16177],[96.86066,17.14845],[96.85936,17.14458],[96.85348,17.14335],[96.8506,17.13766],[96.88836,17.16149],[96.90338,17.15933],[96.91544,17.14722],[96.91406,17.13871],[96.89716,17.14098],[96.89081,17.13448],[96.89431,17.13245],[96.90085,17.13471],[96.90952,17.12553],[96.9112,17.1186],[96.90305,17.10512],[96.89089,17.1032],[96.88845,17.10626],[96.88556,17.10134],[96.87775,17.10563],[96.88159,17.09743],[96.90877,17.09669],[96.92127,17.08008],[96.92461,17.06853],[96.91916,17.06564],[96.91597,17.07513],[96.90693,17.08122],[96.90541,17.08584],[96.90103,17.08232],[96.90548,17.0794],[96.90568,17.07348],[96.89872,17.07341],[96.88929,17.07936],[96.89337,17.07335],[96.90373,17.06883],[96.90953,17.05241],[96.91042,17.04469],[96.90725,17.04054],[96.9113,17.03749],[96.91149,17.02076],[96.90549,17.01851],[96.89742,17.02267],[96.89078,17.0414],[96.88191,17.04517],[96.88249,17.05264],[96.87365,17.04199],[96.8675,17.0409],[96.86487,17.06095],[96.85752,17.05985],[96.85662,17.05688],[96.84938,17.05731],[96.83897,17.06634],[96.84213,17.05943],[96.85131,17.05296],[96.85747,17.05238],[96.85498,17.03639],[96.8586,17.03514],[96.85979,17.02511],[96.86606,17.01488],[96.86438,17.00971],[96.85185,17.0052],[96.85042,17.0021],[96.8574,17.00011],[96.84919,16.98097],[96.85419,16.97587],[96.85438,16.95966],[96.84924,16.95265],[96.84041,16.95307],[96.83086,16.94589],[96.82604,16.94648],[96.81654,16.95771],[96.80969,16.96073],[96.82283,16.94606],[96.82709,16.93645],[96.81931,16.92684],[96.80881,16.93265],[96.79829,16.92893],[96.79834,16.9243],[96.80089,16.92381],[96.80191,16.9282],[96.80996,16.92546],[96.80854,16.92158],[96.81397,16.91391],[96.8067,16.90714],[96.79972,16.88621],[96.78755,16.87488],[96.7689,16.84648],[96.76418,16.85004],[96.76431,16.83819],[96.76179,16.83662],[96.7537,16.85404],[96.77115,16.77982],[96.76571,16.7535],[96.76145,16.75165],[96.76365,16.74704],[96.75832,16.7457],[96.76079,16.7398],[96.75652,16.73911],[96.75351,16.7338],[96.75399,16.72737],[96.74945,16.72668],[96.74953,16.72037],[96.7367,16.69809],[96.73678,16.69165],[96.73199,16.68993],[96.726,16.67686],[96.72042,16.67448],[96.70212,16.62922],[96.66438,16.58194],[96.65403,16.57642],[96.64061,16.56082],[96.63713,16.56117],[96.61627,16.54291],[96.60987,16.54194],[96.61044,16.53937],[96.58629,16.52841],[96.57121,16.5178],[96.4902,16.48763],[96.4553,16.48412],[96.42508,16.48877],[96.40998,16.48124],[96.39658,16.48545],[96.3925,16.49171],[96.35176,16.52466],[96.28805,16.55833],[96.28287,16.57551],[96.28363,16.59714],[96.29863,16.60351],[96.30546,16.61145],[96.31717,16.61405],[96.32183,16.62389],[96.33083,16.6298],[96.34181,16.62737],[96.3682,16.63041],[96.37793,16.62165],[96.39049,16.62052],[96.40423,16.61181],[96.41382,16.61322],[96.42016,16.61857],[96.42344,16.61256],[96.43174,16.61099],[96.44338,16.61912],[96.46724,16.61169],[96.46995,16.61854],[96.46097,16.62126],[96.46653,16.62468],[96.46353,16.64009],[96.46953,16.65046],[96.46275,16.6581],[96.46473,16.66031],[96.47339,16.65179],[96.47838,16.65764],[96.49403,16.64535],[96.49664,16.66057],[96.49469,16.66621],[96.50754,16.6746],[96.50479,16.68075],[96.52814,16.69223],[96.53139,16.68918],[96.53525,16.69038],[96.52608,16.70726],[96.5202,16.70783],[96.52583,16.70597],[96.53444,16.69114],[96.52653,16.69324],[96.50344,16.6815],[96.50255,16.67815],[96.50606,16.67536],[96.49401,16.66749],[96.49334,16.64714],[96.48293,16.65744],[96.47651,16.65827],[96.4739,16.65309],[96.46498,16.6616],[96.46166,16.66014],[96.46281,16.65398],[96.46754,16.64992],[96.46296,16.6424],[96.46555,16.62853],[96.45961,16.62331],[96.46046,16.61933],[96.46795,16.61813],[96.46562,16.61295],[96.44549,16.62069],[96.43411,16.6136],[96.4269,16.61325],[96.42228,16.61976],[96.41826,16.62035],[96.40741,16.61352],[96.38886,16.62307],[96.38165,16.62298],[96.37353,16.63125],[96.36709,16.63335],[96.34896,16.63132],[96.33158,16.63341],[96.32282,16.63008],[96.3139,16.61838],[96.30069,16.60843],[96.28027,16.59916],[96.27706,16.58033],[96.25942,16.61047],[96.26569,16.63886],[96.26161,16.65399],[96.24076,16.67379],[96.22982,16.69218],[96.22595,16.70989],[96.2275,16.73256],[96.21723,16.74992],[96.21609,16.76354],[96.2181,16.77258],[96.22535,16.77963],[96.23665,16.78338],[96.22939,16.79564],[96.20591,16.78017],[96.20169,16.77107],[96.18298,16.77582],[96.19644,16.76508],[96.16623,16.76608],[96.13058,16.77408],[96.12115,16.77948],[96.12177,16.80652],[96.11772,16.82396],[96.09871,16.85564],[96.09691,16.85378],[96.11151,16.82542],[96.07378,16.83723],[96.0597,16.84964],[96.0387,16.85963],[96.03134,16.85874],[96.02477,16.8453],[96.02127,16.846],[96.01717,16.85173],[96.00672,16.85351],[96.00713,16.86149],[95.99862,16.86807],[95.98133,16.87085],[95.97493,16.87825],[95.96544,16.87978],[95.95258,16.88958],[95.94285,16.88834],[95.91385,16.89712],[95.9131,16.90047],[95.92105,16.90656],[95.91325,16.90176],[95.91214,16.89868],[95.91543,16.89542],[95.92844,16.88996],[95.93488,16.89154],[95.9415,16.88758],[95.9538,16.88779],[95.96223,16.87995],[95.97343,16.87799],[95.97813,16.87097],[95.99943,16.8659],[96.0073,16.85892],[96.00459,16.85322],[96.01756,16.84414],[96.02691,16.84402],[96.03178,16.8576],[96.03873,16.85758],[96.0449,16.85573],[96.07385,16.83312],[96.10041,16.82629],[96.11357,16.81833],[96.11645,16.79872],[96.11376,16.78197],[96.12074,16.77176],[96.1296,16.76879],[96.1241,16.76125],[96.12143,16.76121],[96.11837,16.76889],[96.11412,16.7678],[96.11025,16.75836],[96.0963,16.76253],[96.0802,16.74944],[95.97516,16.71519],[95.93173,16.72135],[95.90376,16.69086],[95.87012,16.67306],[95.85847,16.66215],[95.85242,16.66841],[95.84414,16.66814],[95.82602,16.65552],[95.82424,16.64898],[95.80924,16.63644],[95.78053,16.62705],[95.77759,16.63597],[95.78388,16.66445],[95.78035,16.68818],[95.76817,16.70482],[95.749,16.71794],[95.74635,16.72904],[95.7412,16.73323],[95.72895,16.73584],[95.71884,16.72915],[95.71845,16.72015],[95.71538,16.72032],[95.7115,16.72963],[95.70698,16.73098],[95.66277,16.72165],[95.65901,16.72967],[95.66332,16.74146],[95.66217,16.74559],[95.65489,16.75032],[95.65325,16.74777],[95.65998,16.74176],[95.65553,16.72895],[95.65691,16.72249],[95.66727,16.71811],[95.69776,16.72145],[95.68914,16.70689],[95.69076,16.68859],[95.69614,16.68157],[95.69053,16.67264],[95.69247,16.6582],[95.69069,16.65513],[95.67093,16.65487],[95.66403,16.63849],[95.68264,16.639],[95.66642,16.63807],[95.66499,16.64054],[95.67226,16.65486],[95.69229,16.65485],[95.69178,16.67571],[95.69705,16.68027],[95.69132,16.6909],[95.69022,16.70713],[95.69891,16.71783],[95.69727,16.72403],[95.70745,16.72621],[95.71611,16.71555],[95.72093,16.71651],[95.72338,16.72909],[95.72676,16.73201],[95.73664,16.73162],[95.74337,16.72574],[95.74549,16.71567],[95.76848,16.69812],[95.7773,16.68076],[95.77986,16.66348],[95.77204,16.63939],[95.77306,16.62676],[95.78368,16.62328],[95.80567,16.6298],[95.83322,16.64829],[95.83463,16.64173],[95.83042,16.63697],[95.83532,16.64251],[95.83426,16.64962],[95.84936,16.66009],[95.85372,16.65655],[95.85517,16.63749],[95.88401,16.61998],[95.8862,16.61493],[95.86892,16.59252],[95.8678,16.58044],[95.87284,16.5693],[95.86237,16.56726],[95.8549,16.55687],[95.84886,16.55729],[95.85422,16.55515],[95.86185,16.56585],[95.87336,16.56826],[95.88044,16.54217],[95.86351,16.5334],[95.82797,16.50274],[95.82048,16.48251],[95.81925,16.46219],[95.80404,16.46201],[95.79545,16.46715],[95.79037,16.47558],[95.7741,16.47618],[95.75845,16.48244],[95.73511,16.4727],[95.73239,16.46927],[95.73209,16.44803],[95.72305,16.44944],[95.71355,16.4569],[95.70856,16.47215],[95.70834,16.48502],[95.74255,16.48959],[95.74517,16.49612],[95.73582,16.50423],[95.71643,16.51066],[95.70592,16.52238],[95.71852,16.52659],[95.72932,16.54507],[95.71831,16.54988],[95.70524,16.55018],[95.71179,16.56992],[95.71422,16.59125],[95.70961,16.59504],[95.7024,16.59539],[95.69582,16.60153],[95.6962,16.6198],[95.68592,16.61929],[95.68274,16.63897],[95.68485,16.61917],[95.69512,16.61878],[95.69437,16.60283],[95.69921,16.59608],[95.71198,16.59334],[95.71338,16.58817],[95.70417,16.5502],[95.72703,16.54359],[95.71828,16.52865],[95.70392,16.52266],[95.71403,16.51069],[95.74356,16.49486],[95.74256,16.49075],[95.73133,16.48897],[95.71697,16.49173],[95.71,16.48976],[95.70345,16.47904],[95.70623,16.47733],[95.71101,16.45667],[95.71983,16.44871],[95.73153,16.4456],[95.73255,16.43297],[95.72932,16.42117],[95.73568,16.41852],[95.73373,16.41262],[95.71278,16.40131],[95.71478,16.39228],[95.70366,16.3977],[95.69586,16.39316],[95.68898,16.37742],[95.6654,16.38879],[95.66337,16.40555],[95.65534,16.41363],[95.63116,16.41998],[95.61745,16.41191],[95.61127,16.42821],[95.60765,16.42735],[95.60554,16.41914],[95.60101,16.41907],[95.58197,16.43179],[95.58954,16.4389],[95.58946,16.44328],[95.58563,16.44603],[95.57361,16.44489],[95.5674,16.4393],[95.55776,16.44676],[95.56526,16.43869],[95.57033,16.43863],[95.57601,16.44486],[95.58588,16.44487],[95.58888,16.43994],[95.58095,16.43515],[95.58274,16.42895],[95.60285,16.4175],[95.61098,16.42705],[95.61558,16.41181],[95.62412,16.41222],[95.63087,16.41844],[95.63738,16.41694],[95.63337,16.39614],[95.63426,16.38275],[95.63038,16.38164],[95.61583,16.39044],[95.61156,16.39011],[95.60468,16.37462],[95.58841,16.37366],[95.57951,16.36656],[95.56221,16.36858],[95.5587,16.3654],[95.55527,16.34729],[95.54267,16.34256],[95.53374,16.33237],[95.50973,16.33111],[95.49306,16.31972],[95.47175,16.32126],[95.46439,16.30809],[95.45849,16.3052],[95.44491,16.30651],[95.43102,16.32611],[95.4211,16.32185],[95.40968,16.30318],[95.391,16.30159],[95.3826,16.32001],[95.3778,16.32324],[95.37743,16.33663],[95.38805,16.37693],[95.40465,16.39296],[95.41011,16.4032],[95.39844,16.38686],[95.38374,16.37338],[95.37517,16.33136],[95.37749,16.32016],[95.38264,16.31624],[95.37383,16.31492],[95.31438,16.33824],[95.31107,16.35153],[95.31316,16.35846],[95.30904,16.37138],[95.3142,16.37956],[95.3154,16.3901],[95.31985,16.39482],[95.32571,16.39398],[95.33122,16.38581],[95.33978,16.38829],[95.34544,16.40445],[95.34384,16.41579],[95.35053,16.41726],[95.35513,16.42415],[95.34318,16.4158],[95.34343,16.4037],[95.33242,16.39751],[95.32362,16.39787],[95.31477,16.39346],[95.31779,16.41222],[95.31631,16.44493],[95.29035,16.44947],[95.28072,16.44725],[95.27883,16.45616],[95.2972,16.4987],[95.30847,16.51505],[95.33489,16.52735],[95.33943,16.53685],[95.35462,16.535],[95.36681,16.54476],[95.37378,16.55583],[95.37352,16.56267],[95.36904,16.56869],[95.37371,16.5765],[95.38299,16.58194],[95.41116,16.5852],[95.39354,16.55021],[95.39838,16.55549],[95.41098,16.58186],[95.41548,16.61038],[95.41167,16.64776],[95.40412,16.67359],[95.41219,16.67851],[95.43567,16.67605],[95.43757,16.6786],[95.43778,16.68452],[95.42843,16.70574],[95.42834,16.72016],[95.44191,16.73075],[95.44813,16.7319],[95.46038,16.72892],[95.46976,16.73138],[95.47881,16.72844],[95.48232,16.73136],[95.48978,16.72972],[95.49067,16.73692],[95.51289,16.7503],[95.51211,16.76215],[95.50841,16.76477],[95.49851,16.76399],[95.49122,16.75854],[95.49118,16.74515],[95.4832,16.73701],[95.47354,16.76519],[95.46869,16.77258],[95.46388,16.77264],[95.45648,16.77852],[95.45498,16.78703],[95.48378,16.80239],[95.48682,16.81059],[95.51654,16.83469],[95.51636,16.84138],[95.52123,16.84557],[95.52632,16.84628],[95.5425,16.8372],[95.55452,16.83666],[95.58242,16.89333],[95.58368,16.917],[95.59412,16.91751],[95.59942,16.91448],[95.60187,16.9075],[95.6009,16.87611],[95.6184,16.83599],[95.62741,16.83072],[95.6467,16.83369],[95.6641,16.82639],[95.6646,16.7955],[95.64504,16.78159],[95.64115,16.77109],[95.64092,16.76414],[95.64586,16.7543],[95.65166,16.74882],[95.65476,16.75058],[95.65092,16.7532],[95.64824,16.76224],[95.64802,16.77512],[95.67051,16.79748],[95.66903,16.82504],[95.6663,16.83048],[95.65876,16.83611],[95.62919,16.84344],[95.61428,16.85766],[95.60536,16.90848],[95.60252,16.91624],[95.58583,16.93692],[95.58315,16.93708],[95.58811,16.92788],[95.5921,16.92641],[95.59074,16.92476],[95.54123,16.94211],[95.54019,16.97366],[95.55115,17.01291],[95.54683,17.01991],[95.55728,17.03111],[95.55508,17.03602],[95.5112,17.01636],[95.50509,17.00987],[95.50283,17.00038],[95.50826,16.98667],[95.5273,16.96043],[95.53061,16.94726],[95.5393,16.93712],[95.5534,16.93179],[95.56676,16.92159],[95.56744,16.91231],[95.56431,16.90849],[95.57001,16.89503],[95.56469,16.87695],[95.54049,16.86695],[95.51514,16.86984],[95.48472,16.85438],[95.47044,16.83499],[95.47176,16.82339],[95.48088,16.81607],[95.48024,16.80758],[95.47199,16.8006],[95.4589,16.80076],[95.44961,16.8055],[95.44383,16.81317],[95.42998,16.81732],[95.41637,16.81903],[95.40832,16.81668],[95.40433,16.80746],[95.40862,16.78707],[95.40499,16.77501],[95.40076,16.76785],[95.38463,16.76044],[95.38224,16.76189],[95.38953,16.77446],[95.38157,16.76406],[95.37431,16.76854],[95.34893,16.76909],[95.32875,16.75799],[95.30942,16.75179],[95.30405,16.75969],[95.30303,16.76772],[95.29358,16.77757],[95.29443,16.78175],[95.287,16.78588],[95.28986,16.79074],[95.28976,16.80893],[95.28479,16.8132],[95.28342,16.82171],[95.27689,16.82307],[95.27425,16.83075],[95.27634,16.82179],[95.28233,16.81992],[95.2824,16.81502],[95.28887,16.80826],[95.28922,16.79255],[95.28566,16.78538],[95.29376,16.78143],[95.29277,16.7768],[95.30254,16.76665],[95.30402,16.7566],[95.31088,16.74931],[95.31037,16.74082],[95.32473,16.735],[95.32748,16.73059],[95.32676,16.72609],[95.31736,16.72221],[95.31547,16.7091],[95.33723,16.67538],[95.33305,16.6717],[95.31413,16.67551],[95.30249,16.67371],[95.30155,16.68428],[95.28534,16.70274],[95.26755,16.70087],[95.2505,16.68227],[95.24646,16.66815],[95.23496,16.66673],[95.23057,16.65673],[95.23483,16.65514],[95.23248,16.64873],[95.22617,16.64545],[95.22729,16.63875],[95.22177,16.63469],[95.22037,16.62878],[95.21473,16.62614],[95.19765,16.62722],[95.19511,16.61489],[95.18795,16.60801],[95.15948,16.60535],[95.16087,16.59825],[95.15469,16.58287],[95.15767,16.5746],[95.1526,16.56293],[95.13071,16.5629],[95.12347,16.56001],[95.11301,16.5681],[95.13196,16.58001],[95.13243,16.58593],[95.12753,16.58997],[95.11448,16.59281],[95.11077,16.60778],[95.11798,16.61929],[95.13546,16.63019],[95.14467,16.64245],[95.15588,16.67761],[95.15257,16.69232],[95.15438,16.69874],[95.16807,16.70374],[95.17272,16.69031],[95.17884,16.68792],[95.18591,16.69841],[95.19169,16.72512],[95.18383,16.73911],[95.19347,16.75291],[95.20558,16.76025],[95.21221,16.77872],[95.21531,16.78048],[95.20904,16.79343],[95.21577,16.80906],[95.22327,16.81833],[95.23354,16.81981],[95.24092,16.82965],[95.24539,16.8274],[95.25932,16.83008],[95.27184,16.82572],[95.2739,16.83057],[95.27104,16.82635],[95.2592,16.83091],[95.24571,16.82869],[95.24222,16.83079],[95.2341,16.82212],[95.22323,16.81915],[95.2128,16.80677],[95.20824,16.79369],[95.21411,16.78076],[95.20547,16.76154],[95.19324,16.75549],[95.18223,16.73938],[95.18848,16.72541],[95.18406,16.701],[95.17725,16.6891],[95.17263,16.69365],[95.16994,16.70437],[95.15468,16.70105],[95.15139,16.69413],[95.15374,16.67712],[95.14185,16.64119],[95.13468,16.63225],[95.12367,16.62722],[95.10976,16.6132],[95.10907,16.59827],[95.11234,16.59257],[95.12193,16.5899],[95.13132,16.58234],[95.12095,16.57394],[95.09359,16.56225],[95.09027,16.56344],[95.08813,16.57741],[95.0879,16.56655],[95.09431,16.55439],[95.08472,16.54393],[95.08946,16.53796],[95.09017,16.53022],[95.0771,16.51799],[95.07403,16.50592],[95.06703,16.50046],[95.05554,16.49902],[95.05175,16.49404],[95.04904,16.47681],[95.05207,16.47382],[95.07317,16.47477],[95.07377,16.45649],[95.04054,16.45578],[95.03482,16.44477],[95.03921,16.43056],[95.03763,16.40637],[95.0245,16.38783],[95.00325,16.37439],[95.00171,16.36371],[95.00652,16.35208],[95.01154,16.34662],[95.03888,16.33451],[95.04137,16.33063],[95.02484,16.30504],[95.0071,16.26478],[94.99464,16.25807],[94.98775,16.26213],[94.99276,16.25719],[94.9465,16.21525],[94.90139,16.20922],[94.87087,16.19417],[94.85721,16.17343],[94.85356,16.15363],[94.84206,16.13416],[94.83589,16.11541],[94.83087,16.11932],[94.83104,16.12344],[94.82639,16.12528],[94.82447,16.11912],[94.81694,16.12536],[94.80107,16.12395],[94.8076,16.10947],[94.80635,16.10382],[94.79103,16.08888],[94.78411,16.10426],[94.78863,16.13333],[94.78087,16.14421],[94.79478,16.15079],[94.79395,16.16187],[94.79319,16.1508],[94.78303,16.14703],[94.80304,16.20944],[94.80975,16.21415],[94.82226,16.21249],[94.83376,16.21664],[94.84468,16.24449],[94.85295,16.24468],[94.8629,16.22592],[94.87078,16.2231],[94.87627,16.22966],[94.88122,16.24559],[94.90265,16.25711],[94.91489,16.25456],[94.91882,16.27461],[94.94174,16.27375],[94.96074,16.28066],[94.96131,16.28478],[94.94315,16.29499],[94.94866,16.29919],[94.96168,16.29494],[94.95677,16.31057],[94.96638,16.31177],[94.96285,16.31901],[94.96915,16.32948],[94.94833,16.33331],[94.96327,16.36073],[94.96649,16.38954],[94.96277,16.41764],[94.97079,16.43173],[94.97571,16.45718],[94.98253,16.47153],[94.9818,16.47849],[94.96992,16.49096],[94.97088,16.49417],[95.00379,16.50159],[95.01105,16.50654],[95.01291,16.51888],[95.01573,16.52091],[95.02553,16.51322],[95.0308,16.51545],[95.03464,16.52897],[95.02651,16.52995],[95.02456,16.53499],[95.03398,16.5555],[95.04179,16.56173],[95.08003,16.5674],[95.08778,16.57743],[95.07789,16.56755],[95.0715,16.56865],[95.03805,16.56125],[95.02724,16.54938],[95.02269,16.53527],[95.0241,16.52933],[95.03329,16.52795],[95.02902,16.51538],[95.02102,16.51623],[95.01708,16.52206],[95.01121,16.52224],[95.01096,16.51066],[95.00381,16.50365],[94.96835,16.49407],[94.96765,16.49073],[94.97623,16.48163],[94.97933,16.47208],[94.97059,16.45207],[94.96705,16.43202],[94.95552,16.41307],[94.96235,16.40168],[94.96007,16.36076],[94.9438,16.33412],[94.92395,16.3222],[94.91884,16.30422],[94.90702,16.29544],[94.90088,16.29408],[94.90308,16.30179],[94.90097,16.30322],[94.89626,16.29953],[94.8939,16.28951],[94.87747,16.28605],[94.86769,16.26708],[94.86662,16.25267],[94.85699,16.24953],[94.84528,16.25067],[94.83656,16.24546],[94.8325,16.23855],[94.83075,16.22259],[94.8106,16.2198],[94.7999,16.21513],[94.78483,16.18461],[94.77414,16.15174],[94.75527,16.14236],[94.74989,16.13648],[94.74747,16.11873],[94.75163,16.10685],[94.75008,16.09682],[94.73285,16.09207],[94.71364,16.0729],[94.70946,16.05156],[94.70219,16.04196],[94.69578,16.03957],[94.69533,16.03416],[94.68942,16.02725],[94.69079,16.01694],[94.68546,16.01582],[94.68396,16.01133],[94.68709,16.00383],[94.68449,15.99613],[94.64584,15.97453],[94.64689,15.98895],[94.64517,15.97428],[94.63469,15.96174],[94.60983,15.94995],[94.5933,15.94647],[94.58097,15.93548],[94.57377,15.93463],[94.5539,15.94598],[94.55049,15.95309],[94.55138,15.96493],[94.56821,15.97228],[94.56876,15.97511],[94.5813,15.97759],[94.58,15.98121],[94.58467,15.98349],[94.59525,16.00814],[94.60831,16.02556],[94.61314,16.03016],[94.61706,16.02948],[94.61554,16.0313],[94.62305,16.03755],[94.64962,16.07856],[94.67169,16.12314],[94.69243,16.11596],[94.70205,16.1191],[94.71344,16.11192],[94.69966,16.12041],[94.69057,16.11687],[94.67356,16.12644],[94.67457,16.16284],[94.67886,16.18084],[94.68109,16.18481],[94.69346,16.17415],[94.69933,16.17475],[94.6932,16.17544],[94.68143,16.18681],[94.68178,16.19575],[94.67696,16.20841],[94.69008,16.21565],[94.69994,16.21583],[94.71647,16.20736],[94.72432,16.2137],[94.72432,16.22915],[94.74112,16.23043],[94.75168,16.22701],[94.75581,16.2334],[94.75527,16.24728],[94.75841,16.25643],[94.76161,16.25589],[94.76249,16.26464],[94.75916,16.26544],[94.75499,16.26071],[94.75233,16.26227],[94.75103,16.26525],[94.7571,16.27344],[94.75621,16.27821],[94.75046,16.27658],[94.77106,16.29882],[94.78093,16.29951],[94.77082,16.30139],[94.76653,16.29898],[94.73101,16.26284],[94.73123,16.25794],[94.73599,16.25314],[94.7493,16.25084],[94.75306,16.23896],[94.74967,16.23216],[94.72998,16.23619],[94.72382,16.23353],[94.71961,16.22455],[94.71992,16.21373],[94.70186,16.22148],[94.67251,16.21849],[94.65545,16.2503],[94.66616,16.2555],[94.68122,16.25053],[94.6878,16.26125],[94.69316,16.24859],[94.70773,16.25694],[94.70729,16.26419],[94.69891,16.26593],[94.70695,16.26257],[94.70723,16.25736],[94.69306,16.24936],[94.68754,16.26228],[94.68319,16.25189],[94.66883,16.25651],[94.65669,16.2557],[94.66476,16.27908],[94.68083,16.30393],[94.68888,16.34044],[94.68788,16.34869],[94.69747,16.36175],[94.7055,16.36464],[94.71959,16.35938],[94.73292,16.3585],[94.73828,16.36116],[94.74193,16.36705],[94.74305,16.3879],[94.75027,16.39016],[94.75771,16.38598],[94.77088,16.36758],[94.77831,16.36314],[94.78627,16.35908],[94.80547,16.35763],[94.82993,16.37764],[94.83033,16.39257],[94.83301,16.39396],[94.83782,16.39469],[94.84092,16.38346],[94.84809,16.38018],[94.86171,16.38199],[94.86637,16.39496],[94.87296,16.3864],[94.8839,16.38656],[94.89208,16.39099],[94.89866,16.36827],[94.90348,16.37067],[94.90294,16.37815],[94.91905,16.38032],[94.9268,16.38734],[94.93436,16.38281],[94.92616,16.38772],[94.91715,16.38033],[94.90102,16.37752],[94.90027,16.36856],[94.8909,16.39332],[94.8823,16.38735],[94.87265,16.38734],[94.86851,16.39558],[94.86423,16.39472],[94.85983,16.38265],[94.84464,16.38189],[94.84076,16.3948],[94.85493,16.39802],[94.85556,16.40857],[94.84733,16.41264],[94.8522,16.42019],[94.86043,16.41522],[94.8647,16.41596],[94.86555,16.42033],[94.85916,16.42232],[94.86163,16.42899],[94.87091,16.4235],[94.8635,16.43013],[94.8569,16.4235],[94.86499,16.41776],[94.85885,16.4173],[94.85249,16.42186],[94.84655,16.41535],[94.84571,16.4111],[94.85328,16.40756],[94.85373,16.39829],[94.82874,16.39387],[94.82742,16.38049],[94.8071,16.36174],[94.78792,16.36396],[94.7757,16.36973],[94.76817,16.37765],[94.76373,16.3885],[94.75563,16.39295],[94.75814,16.40477],[94.76162,16.40603],[94.76439,16.41339],[94.77686,16.42036],[94.78126,16.43268],[94.77471,16.41991],[94.76241,16.41362],[94.75251,16.41667],[94.74874,16.42803],[94.74086,16.42895],[94.73998,16.40325],[94.72377,16.40855],[94.71254,16.39457],[94.70927,16.39451],[94.7054,16.39962],[94.70723,16.43106],[94.70422,16.45628],[94.69158,16.48706],[94.7184,16.49795],[94.73029,16.51137],[94.74126,16.54983],[94.74209,16.57496],[94.78228,16.58172],[94.79753,16.59656],[94.80759,16.5863],[94.81148,16.58923],[94.81116,16.59709],[94.82445,16.59053],[94.83652,16.59596],[94.85698,16.58561],[94.86115,16.58879],[94.85656,16.59681],[94.86234,16.60114],[94.86172,16.60604],[94.87376,16.60799],[94.87498,16.59588],[94.88377,16.59451],[94.88758,16.60104],[94.89507,16.60239],[94.89674,16.60933],[94.91008,16.60766],[94.91335,16.61484],[94.92349,16.61385],[94.91417,16.61676],[94.90955,16.6087],[94.89675,16.61074],[94.89414,16.60343],[94.88571,16.60119],[94.88111,16.59492],[94.87566,16.59793],[94.87576,16.60772],[94.86174,16.60771],[94.85978,16.59923],[94.8555,16.59798],[94.85546,16.59399],[94.85919,16.59241],[94.85753,16.58715],[94.8344,16.5974],[94.8274,16.59154],[94.81144,16.59863],[94.8086,16.59518],[94.80988,16.5895],[94.80654,16.5885],[94.80048,16.59731],[94.82088,16.60859],[94.8283,16.61664],[94.82533,16.62722],[94.817,16.63579],[94.82384,16.64635],[94.83212,16.63952],[94.84437,16.63516],[94.85829,16.63852],[94.86224,16.64569],[94.85915,16.65834],[94.8606,16.66646],[94.86485,16.66704],[94.87769,16.64253],[94.88908,16.64558],[94.89304,16.65443],[94.89011,16.66549],[94.90272,16.6873],[94.88579,16.70445],[94.88909,16.7068],[94.90324,16.69953],[94.90898,16.70005],[94.91172,16.70602],[94.90117,16.71555],[94.90272,16.71853],[94.92627,16.73147],[94.92771,16.74179],[94.93866,16.74622],[94.94661,16.74269],[94.94729,16.74895],[94.95254,16.7525],[94.9506,16.75758],[94.95797,16.76095],[94.95428,16.76613],[94.95583,16.77359],[94.96749,16.77656],[94.96762,16.78052],[94.97644,16.7891],[94.98141,16.80275],[94.97747,16.8112],[94.98407,16.81632],[94.98556,16.83072],[94.99422,16.83412],[94.99969,16.8422],[94.98489,16.83073],[94.98347,16.81712],[94.97668,16.81201],[94.9806,16.80391],[94.97564,16.78962],[94.96507,16.77594],[94.95585,16.775],[94.95324,16.7682],[94.95686,16.76113],[94.94832,16.75743],[94.95119,16.7515],[94.94493,16.74369],[94.93712,16.74762],[94.92772,16.74308],[94.92504,16.74143],[94.92642,16.73292],[94.90035,16.71848],[94.90044,16.7141],[94.90814,16.70837],[94.90994,16.70165],[94.90421,16.70075],[94.8889,16.7088],[94.88447,16.70678],[94.90134,16.68371],[94.88916,16.66708],[94.89144,16.65444],[94.8887,16.64803],[94.88506,16.64407],[94.87837,16.64323],[94.87357,16.65744],[94.86673,16.66806],[94.86233,16.66925],[94.85731,16.66093],[94.8609,16.64596],[94.85831,16.64032],[94.84546,16.63696],[94.83242,16.6421],[94.82899,16.64728],[94.82097,16.6467],[94.81679,16.64275],[94.81566,16.6358],[94.82497,16.6227],[94.82467,16.61396],[94.7957,16.60005],[94.77901,16.58603],[94.76913,16.58689],[94.77105,16.60683],[94.76472,16.61513],[94.76542,16.61898],[94.77024,16.62023],[94.7734,16.61505],[94.77899,16.61307],[94.78135,16.62271],[94.79307,16.6342],[94.78029,16.62375],[94.77995,16.61603],[94.77713,16.61412],[94.77159,16.62125],[94.76758,16.62193],[94.76323,16.61346],[94.7579,16.61402],[94.75576,16.62859],[94.73668,16.63043],[94.73175,16.64708],[94.7203,16.6513],[94.71821,16.65646],[94.72475,16.67083],[94.73867,16.67368],[94.75426,16.6841],[94.74757,16.68339],[94.73814,16.67471],[94.7253,16.6725],[94.71758,16.66111],[94.72174,16.67755],[94.71468,16.69538],[94.71886,16.6996],[94.73593,16.69533],[94.74144,16.69902],[94.73653,16.71812],[94.74359,16.73017],[94.74217,16.7361],[94.72044,16.74143],[94.71314,16.7621],[94.71576,16.77057],[94.73013,16.77844],[94.72872,16.7854],[94.72435,16.7893],[94.7256,16.79444],[94.73983,16.81596],[94.73061,16.83174],[94.73599,16.84921],[94.73193,16.85903],[94.73474,16.87446],[94.72869,16.88533],[94.73399,16.89429],[94.7351,16.91334],[94.74343,16.9313],[94.75565,16.92205],[94.76965,16.93172],[94.81055,16.92814],[94.81568,16.9335],[94.81199,16.95285],[94.79287,16.95443],[94.7913,16.95767],[94.80454,16.97146],[94.8081,16.98005],[94.82077,16.96178],[94.84405,16.96132],[94.85033,16.94684],[94.8822,16.95028],[94.88619,16.94754],[94.89061,16.9354],[94.90056,16.93994],[94.90874,16.95596],[94.92328,16.96445],[94.94759,16.98675],[94.9572,16.98447],[94.9678,16.97432],[94.96663,16.97794],[94.95188,16.98748],[94.94572,16.98677],[94.90863,16.95789],[94.8925,16.9368],[94.8849,16.95257],[94.85114,16.94799],[94.85017,16.95869],[94.84541,16.96349],[94.82133,16.96422],[94.81572,16.97908],[94.80973,16.98235],[94.80462,16.97995],[94.80295,16.9734],[94.79242,16.96307],[94.7902,16.95484],[94.81051,16.95235],[94.81097,16.93045],[94.77128,16.93479],[94.75459,16.92386],[94.73253,16.95405],[94.73274,16.96204],[94.747,16.97015],[94.75597,16.98579],[94.77395,16.99052],[94.77954,17.00206],[94.77943,17.01906],[94.79067,17.03274],[94.79217,17.02075],[94.7967,17.01904],[94.8112,17.02432],[94.82027,17.02063],[94.83024,17.02711],[94.83018,17.03483],[94.82635,17.04053],[94.81198,17.035],[94.81168,17.06024],[94.82206,17.0671],[94.8248,17.07377],[94.84327,17.07386],[94.85518,17.08688],[94.85462,17.11135],[94.85925,17.11878],[94.8654,17.11808],[94.87362,17.1095],[94.87726,17.11217],[94.87762,17.12196],[94.86543,17.13443],[94.86615,17.13983],[94.8992,17.14956],[94.90812,17.15824],[94.9157,17.16615],[94.91958,17.1916],[94.92466,17.20288],[94.93225,17.21157],[94.94058,17.2138],[94.94383,17.21789],[94.94124,17.23929],[94.92144,17.2678],[94.91732,17.28355],[94.92179,17.28879],[94.93903,17.2966],[94.94108,17.30058],[94.9316,17.31663],[94.93624,17.3377],[94.95216,17.34669],[94.96397,17.34863],[94.97343,17.35549],[94.98953,17.35598],[94.99013,17.34953],[94.97942,17.33857],[94.98177,17.33249],[94.99515,17.33081],[95.01003,17.34328],[95.0185,17.33264],[95.02278,17.33234],[95.03552,17.34521],[95.0459,17.35026],[95.04723,17.36132],[95.05739,17.35825],[95.0621,17.36013],[95.05753,17.37099],[95.06636,17.36987],[95.06981,17.37833],[95.06248,17.3824],[95.05202,17.38251],[95.05058,17.38523],[95.06333,17.38638],[95.06917,17.40525],[95.0882,17.40402],[95.09135,17.40978],[95.0906,17.41442],[95.07624,17.42513],[95.07522,17.43029],[95.08541,17.45335],[95.08071,17.47632],[95.09254,17.47902],[95.09604,17.49161],[95.10969,17.50047],[95.11628,17.48998],[95.12299,17.49016],[95.13164,17.49586],[95.12896,17.50748],[95.11068,17.51604],[95.11236,17.52259],[95.13143,17.52406],[95.15138,17.53182],[95.16319,17.53208],[95.17152,17.54383],[95.16226,17.55552],[95.1615,17.56995],[95.15077,17.57109],[95.15563,17.59563],[95.1465,17.59521],[95.14123,17.60415],[95.15955,17.60897],[95.17743,17.62319],[95.18764,17.62347],[95.19176,17.63089],[95.19893,17.62476],[95.21795,17.6324],[95.21725,17.64039],[95.20828,17.65362],[95.21151,17.69786],[95.20959,17.71719],[95.21361,17.72667],[95.2228,17.73159],[95.2542,17.72904],[95.26394,17.73472],[95.28867,17.73572],[95.29841,17.7414],[95.30502,17.75368],[95.32118,17.76739],[95.32046,17.78413],[95.33934,17.7897],[95.35074,17.79845],[95.36585,17.80315],[95.36847,17.80827],[95.3608,17.81737],[95.35902,17.82512],[95.36085,17.83127],[95.36819,17.83775],[95.38654,17.82337],[95.41992,17.82695],[95.42489,17.81749],[95.44045,17.81537],[95.44603,17.80088],[95.44559,17.78827],[95.43514,17.78004],[95.39462,17.76406],[95.3922,17.75418],[95.39753,17.74073],[95.40791,17.73339],[95.42557,17.72829],[95.42744,17.71719],[95.43965,17.69671],[95.4545,17.68301],[95.45988,17.68333],[95.45957,17.6805],[95.47822,17.66997],[95.49379,17.65021],[95.50472,17.64415],[95.49473,17.64003],[95.51329,17.64288],[95.53944,17.63135],[95.54564,17.62355],[95.54934,17.60033],[95.54433,17.58804],[95.53525,17.58134],[95.52808,17.58658],[95.51863,17.58245],[95.50975,17.5715],[95.50746,17.56071],[95.51016,17.55244],[95.51709,17.54862],[95.53381,17.5551],[95.54636,17.55069],[95.54416,17.51803],[95.55305,17.4914],[95.5711,17.4783],[95.59249,17.45434],[95.60631,17.44605],[95.67497,17.44669],[95.6827,17.44311],[95.68805,17.43326],[95.68698,17.41525],[95.68345,17.4032],[95.67965,17.39991],[95.65865,17.39363],[95.64743,17.39661],[95.62674,17.39276],[95.61305,17.38226],[95.60864,17.37357],[95.61044,17.34961],[95.60697,17.34064],[95.59468,17.32484],[95.5833,17.31598],[95.5712,17.29387],[95.59341,17.26257],[95.6072,17.21451],[95.63411,17.1668],[95.63626,17.14876],[95.62286,17.11907],[95.62513,17.09948],[95.62172,17.07559],[95.61258,17.06309],[95.59568,17.05057],[95.55565,17.03872],[95.55795,17.03058],[95.59018,17.03957],[95.61476,17.03719],[95.631,17.05011],[95.65273,17.0542],[95.66381,17.06178],[95.68954,17.06479],[95.70236,17.06307],[95.70713,17.05979],[95.71426,17.044],[95.71842,17.01743],[95.71695,17.00844],[95.70817,17.00238],[95.7094,16.99439],[95.73252,16.9843],[95.74174,16.97439],[95.7919,16.94849],[95.79803,16.94686],[95.80696,16.95407],[95.81646,16.94519],[95.83843,16.94849],[95.8402,16.94139],[95.84365,16.93967],[95.85614,16.94348],[95.8531,16.95133],[95.85965,16.95437],[95.87686,16.94358],[95.88195,16.94402],[95.88862,16.95152],[95.883,16.95996],[95.87082,16.95478],[95.86253,16.96784],[95.87132,16.98316],[95.86934,16.99374],[95.88118,16.99872],[95.88515,17.00432],[95.88427,17.0082],[95.87501,17.01476],[95.87307,17.02804],[95.9149,17.0169],[95.92027,17.01824],[95.92627,17.026],[95.95529,17.01696],[95.96387,17.01825],[95.97849,17.02949],[95.98866,17.02998],[95.99949,17.02171],[95.99812,17.01916],[96.01583,16.98797],[96.02956,16.982],[96.04856,16.96426],[96.06091,16.93536],[96.07311,16.92447],[96.07643,16.92593],[96.06282,16.94156],[96.05089,16.96892],[96.03925,16.97776],[96.01601,17.01023],[96.01024,17.01156],[96.00768,17.02928],[95.99757,17.03551],[95.98742,17.03643],[95.97506,17.03249],[95.95239,17.03681],[95.94843,17.04047],[95.95593,17.04963],[95.93726,17.07049],[95.93431,17.08674],[95.95084,17.09165],[95.95223,17.09472],[95.94886,17.10172],[95.93648,17.10576],[95.93956,17.11472],[95.93242,17.12023],[95.93693,17.12595],[95.95591,17.12452],[95.95943,17.1273],[95.95954,17.13424],[95.95405,17.12544],[95.93509,17.12778],[95.93157,17.12564],[95.93095,17.11973],[95.9387,17.11087],[95.93471,17.10398],[95.94591,17.10137],[95.94995,17.09475],[95.94817,17.09156],[95.93261,17.08908],[95.93538,17.06974],[95.94467,17.05648],[95.94786,17.03817],[95.96885,17.02911],[95.96337,17.02083],[95.95105,17.01998],[95.92658,17.02857],[95.91468,17.01999],[95.87525,17.03084],[95.86854,17.02914],[95.86634,17.02518],[95.8715,17.01275],[95.88157,17.00695],[95.87988,17.00118],[95.87313,16.99664],[95.86872,16.99684],[95.86573,17.00267],[95.85089,17.00587],[95.8395,17.01944],[95.82398,17.01882],[95.82093,17.03594],[95.82435,17.04378],[95.83232,17.04908],[95.8303,17.05683],[95.83449,17.06182],[95.83348,17.06755],[95.82631,17.07593],[95.82493,17.09314],[95.81893,17.09224],[95.80829,17.07888],[95.80455,17.08048],[95.80386,17.09554],[95.7978,17.10232],[95.80887,17.11303],[95.80111,17.11784],[95.79439,17.13214],[95.79134,17.13269],[95.79133,17.14119],[95.78461,17.14188],[95.77676,17.15014],[95.78554,17.15036],[95.7872,17.15348],[95.78703,17.16037],[95.77994,17.16274],[95.79297,17.18191],[95.79433,17.19219],[95.80117,17.19286],[95.80443,17.21418],[95.8127,17.21162],[95.82214,17.21625],[95.83231,17.21585],[95.83962,17.22115],[95.83898,17.23197],[95.86884,17.24042],[95.87293,17.24525],[95.89564,17.24197],[95.89665,17.23784],[95.90437,17.23489],[95.90309,17.23002],[95.90855,17.21939],[95.90847,17.21425],[95.90274,17.20738],[95.90659,17.20578],[95.90931,17.19082],[95.92576,17.18144],[95.93556,17.18349],[95.93557,17.17525],[95.93924,17.17082],[95.95211,17.17166],[95.95638,17.15436],[95.96688,17.14983],[95.96127,17.14168],[95.96215,17.13832],[95.96804,17.14673],[95.96799,17.15187],[95.95708,17.15589],[95.95907,17.16359],[95.95,17.17414],[95.94007,17.17236],[95.93599,17.18528],[95.92632,17.18298],[95.91145,17.19104],[95.90767,17.20628],[95.90395,17.20762],[95.91011,17.21654],[95.9044,17.22794],[95.90492,17.23591],[95.89799,17.23807],[95.89513,17.24313],[95.87001,17.24697],[95.86123,17.25945],[95.85266,17.28517],[95.84532,17.28695],[95.84212,17.30578],[95.83341,17.31389],[95.83913,17.32024],[95.84034,17.32923],[95.83685,17.33751],[95.84536,17.34203],[95.84216,17.35159],[95.83295,17.3543],[95.82836,17.36903],[95.83005,17.38342],[95.83788,17.38717],[95.83971,17.39255],[95.8327,17.39882],[95.82036,17.39784],[95.81184,17.40169],[95.80544,17.41311],[95.79921,17.43507],[95.79983,17.44922],[95.79502,17.45893],[95.78827,17.45633],[95.77811,17.44013],[95.76436,17.44431],[95.76509,17.4479],[95.77914,17.45543],[95.78459,17.4695],[95.7817,17.49116],[95.76557,17.49757],[95.75941,17.51567],[95.74755,17.5121],[95.72788,17.51507],[95.73012,17.51247],[95.73926,17.51402],[95.74673,17.51108],[95.75886,17.51516],[95.76137,17.5038],[95.76767,17.49458],[95.78049,17.49118],[95.78302,17.47261],[95.78041,17.45927],[95.77239,17.45192],[95.76512,17.44996],[95.76446,17.44225],[95.77782,17.43859],[95.79015,17.45604],[95.79526,17.45726],[95.79824,17.45027],[95.79773,17.43458],[95.80589,17.40718],[95.81339,17.39781],[95.83693,17.39516],[95.83682,17.38757],[95.82831,17.38344],[95.82787,17.36363],[95.83144,17.36024],[95.83251,17.35173],[95.83948,17.35189],[95.84402,17.34204],[95.83661,17.33932],[95.83864,17.32308],[95.83183,17.31597],[95.83375,17.31028],[95.84078,17.30529],[95.84408,17.28517],[95.85275,17.28247],[95.8599,17.25972],[95.87048,17.24259],[95.83901,17.23351],[95.83964,17.22269],[95.83017,17.21626],[95.82026,17.21614],[95.81539,17.21287],[95.8035,17.21445],[95.79956,17.19301],[95.79314,17.19297],[95.79396,17.18576],[95.78387,17.17328],[95.77873,17.16062],[95.78764,17.15676],[95.78495,17.15164],[95.77551,17.15101],[95.77613,17.14791],[95.78486,17.14071],[95.79021,17.1409],[95.78956,17.1328],[95.79551,17.12834],[95.79712,17.11905],[95.80784,17.11118],[95.79691,17.10542],[95.80251,17.09504],[95.80295,17.07985],[95.80908,17.07822],[95.82361,17.09218],[95.82561,17.07388],[95.83049,17.06918],[95.83224,17.06117],[95.82897,17.05736],[95.8307,17.04807],[95.82302,17.04432],[95.81899,17.03433],[95.82237,17.01859],[95.84187,17.01703],[95.84917,17.00457],[95.86516,17.00049],[95.86875,16.98139],[95.86082,16.96987],[95.85997,16.9581],[95.85133,16.95281],[95.85279,16.94301],[95.84208,16.94188],[95.84164,16.94857],[95.83606,16.95058],[95.82664,16.94685],[95.8173,16.94775],[95.80779,16.95561],[95.8023,16.95504],[95.80049,16.95017],[95.79435,16.95077],[95.7439,16.97578],[95.73125,16.98856],[95.71154,16.99449],[95.71163,17.00079],[95.72128,17.01147],[95.7212,17.02486],[95.714,17.05378],[95.70823,17.06222],[95.69865,17.06544],[95.66869,17.06661],[95.64738,17.05466],[95.63531,17.05212],[95.63252,17.05408],[95.62972,17.06416],[95.63312,17.0775],[95.65689,17.10216],[95.66298,17.11649],[95.66336,17.13373],[95.6582,17.14718],[95.64946,17.1545],[95.64136,17.16851],[95.61942,17.22619],[95.61595,17.24657],[95.58406,17.28405],[95.58342,17.29539],[95.59487,17.31892],[95.62185,17.34173],[95.62788,17.36044],[95.61956,17.35],[95.61898,17.36317],[95.6377,17.3719],[95.6399,17.37612],[95.64877,17.37793],[95.65112,17.37339],[95.6793,17.37585],[95.69365,17.38556],[95.69708,17.39092],[95.69723,17.40096],[95.69087,17.42472],[95.69061,17.44245],[95.68178,17.45367],[95.6292,17.4527],[95.60272,17.45717],[95.59163,17.46928],[95.57104,17.48319],[95.57341,17.49912],[95.56582,17.51312],[95.56322,17.50929],[95.56918,17.50407],[95.57043,17.48809],[95.56798,17.48503],[95.56107,17.48963],[95.55208,17.50866],[95.55434,17.51661],[95.5503,17.5352],[95.55327,17.54571],[95.57651,17.55712],[95.58358,17.56385],[95.59117,17.57868],[95.59104,17.58821],[95.57912,17.61848],[95.57138,17.63094],[95.55413,17.6448],[95.54287,17.64649],[95.53449,17.64197],[95.50564,17.65237],[95.4724,17.68626],[95.46711,17.71181],[95.46644,17.69174],[95.44587,17.69972],[95.43544,17.71323],[95.43453,17.72509],[95.44076,17.74694],[95.4477,17.75556],[95.44818,17.75117],[95.45278,17.75343],[95.47046,17.76956],[95.48587,17.7767],[95.49011,17.78205],[95.49187,17.79309],[95.48967,17.8001],[95.47118,17.83171],[95.4725,17.83942],[95.48307,17.84572],[95.49333,17.85923],[95.49449,17.86539],[95.49121,17.88036],[95.48379,17.88844],[95.48357,17.90131],[95.48217,17.88949],[95.46812,17.89237],[95.46509,17.89717],[95.47118,17.90971],[95.47189,17.9218],[95.46835,17.9378],[95.47117,17.96685],[95.46715,17.96767],[95.46684,17.97437],[95.47199,17.97714],[95.47583,17.99227],[95.4749,18.0031],[95.46837,18.01708],[95.45646,18.03139],[95.45268,18.04971],[95.44135,18.06736],[95.43247,18.10583],[95.42246,18.12217],[95.42124,18.1312],[95.426,18.13474],[95.43572,18.15624],[95.42306,18.13658],[95.41959,18.12864],[95.42136,18.12012],[95.41907,18.12041],[95.40664,18.13665],[95.40988,18.13726],[95.39999,18.15231],[95.3981,18.1616],[95.39299,18.16244],[95.4073,18.11593],[95.44059,18.0509],[95.44664,18.02122],[95.46484,17.98546],[95.45538,17.97271],[95.45416,17.96192],[95.46252,17.92474],[95.46074,17.91267],[95.45747,17.90988],[95.45458,17.91481],[95.45174,17.91356],[95.45528,17.90656],[95.45286,17.89732],[95.44755,17.89224],[95.43298,17.88856],[95.42854,17.87832],[95.43287,17.86077],[95.43909,17.85348],[95.43542,17.8404],[95.41697,17.82788],[95.39115,17.82614],[95.38282,17.82637],[95.37582,17.83598],[95.36712,17.83828],[95.36087,17.83333],[95.35768,17.82565],[95.36574,17.80522],[95.36207,17.80178],[95.35346,17.80137],[95.33854,17.79035],[95.32075,17.78619],[95.31902,17.76639],[95.30641,17.75753],[95.29653,17.74142],[95.28815,17.73702],[95.2653,17.73599],[95.25153,17.73049],[95.23112,17.73098],[95.22551,17.73388],[95.21228,17.72849],[95.208,17.7185],[95.20965,17.7002],[95.20563,17.65674],[95.21635,17.63267],[95.19976,17.62681],[95.19152,17.63308],[95.18415,17.62312],[95.17638,17.62501],[95.15849,17.61066],[95.14004,17.60571],[95.14406,17.59382],[95.15319,17.59372],[95.15463,17.59036],[95.14877,17.57189],[95.16054,17.56815],[95.16091,17.5545],[95.16989,17.54256],[95.16322,17.53401],[95.14657,17.5329],[95.13092,17.52561],[95.11616,17.52628],[95.11157,17.52337],[95.1104,17.51488],[95.12852,17.50388],[95.13004,17.49639],[95.12006,17.49174],[95.11443,17.4927],[95.11452,17.50016],[95.1027,17.499],[95.09388,17.4906],[95.09116,17.47921],[95.07977,17.47684],[95.08437,17.45646],[95.07367,17.4352],[95.07411,17.4267],[95.08945,17.408],[95.07,17.40743],[95.06608,17.40438],[95.06093,17.38731],[95.05505,17.38917],[95.04952,17.38653],[95.05147,17.38123],[95.063,17.38034],[95.06845,17.37655],[95.06342,17.37055],[95.05943,17.37368],[95.05567,17.3723],[95.06049,17.36041],[95.0459,17.3621],[95.04539,17.35284],[95.02065,17.33365],[95.01353,17.34453],[95.00305,17.34232],[94.99436,17.33237],[94.98153,17.33558],[94.98075,17.33804],[94.99335,17.35053],[94.99274,17.35569],[94.98847,17.35766],[94.97291,17.35717],[94.964,17.35095],[94.94869,17.34827],[94.93396,17.33721],[94.92974,17.3182],[94.93743,17.29739],[94.92183,17.29188],[94.91426,17.28564],[94.91888,17.26641],[94.93748,17.23855],[94.9405,17.21947],[94.92282,17.20676],[94.91223,17.16669],[94.89492,17.15025],[94.87373,17.14761],[94.86254,17.14012],[94.86197,17.13652],[94.87333,17.12071],[94.87418,17.11259],[94.8715,17.11223],[94.8677,17.12024],[94.86035,17.12224],[94.85206,17.10932],[94.8531,17.09282],[94.84873,17.08437],[94.8366,17.07534],[94.82563,17.07698],[94.81091,17.06359],[94.80792,17.05873],[94.80783,17.03581],[94.81262,17.03229],[94.82605,17.03745],[94.82734,17.03229],[94.82379,17.02511],[94.80613,17.02565],[94.79432,17.02228],[94.79508,17.03206],[94.78666,17.0329],[94.7768,17.02372],[94.77374,16.99671],[94.75452,16.98837],[94.75057,16.98043],[94.73576,16.97025],[94.72911,16.96026],[94.73666,16.93805],[94.73604,16.92853],[94.72431,16.88871],[94.73177,16.87139],[94.72899,16.85957],[94.73289,16.84743],[94.72767,16.83203],[94.72855,16.82558],[94.73625,16.81985],[94.73714,16.81495],[94.72253,16.79576],[94.72142,16.79113],[94.72802,16.78129],[94.72705,16.77782],[94.7131,16.77214],[94.71095,16.75671],[94.71628,16.73992],[94.72399,16.73535],[94.74014,16.73328],[94.73279,16.71764],[94.73423,16.70011],[94.72888,16.69964],[94.72264,16.7042],[94.71259,16.70004],[94.71667,16.67888],[94.70762,16.65243],[94.71571,16.64605],[94.72903,16.64195],[94.73216,16.63343],[94.71102,16.62935],[94.69038,16.65116],[94.67243,16.64538],[94.67852,16.66967],[94.6882,16.67744],[94.67733,16.67148],[94.66839,16.64232],[94.63485,16.62507],[94.63058,16.62549],[94.62918,16.63349],[94.63757,16.6463],[94.62785,16.63376],[94.62871,16.62525],[94.63564,16.62378],[94.69114,16.64703],[94.69514,16.64584],[94.6997,16.63292],[94.69896,16.62469],[94.69098,16.61368],[94.68787,16.59413],[94.68889,16.55704],[94.68684,16.55164],[94.66317,16.53162],[94.66083,16.52327],[94.66021,16.514],[94.66917,16.50028],[94.67272,16.46239],[94.68072,16.44687],[94.6753,16.39051],[94.66755,16.38903],[94.65003,16.39934],[94.63706,16.39597],[94.62169,16.35951],[94.60552,16.33929],[94.58196,16.36278],[94.58138,16.3727],[94.57515,16.37764],[94.5736,16.38486],[94.56881,16.38593],[94.57117,16.39776],[94.56308,16.40323],[94.56238,16.41598],[94.56056,16.40505],[94.56892,16.39983],[94.56955,16.39545],[94.56639,16.38337],[94.55243,16.37278],[94.53345,16.36841],[94.53106,16.35169],[94.52175,16.35614],[94.52033,16.36104],[94.5091,16.35893],[94.51149,16.35634],[94.51724,16.359],[94.51908,16.35538],[94.53012,16.35067],[94.54448,16.32918],[94.54571,16.31604],[94.54313,16.30975],[94.53005,16.30765],[94.52236,16.29689],[94.51513,16.29282],[94.51289,16.29619],[94.50596,16.29714],[94.48512,16.2911],[94.47526,16.29233],[94.47281,16.3042],[94.47749,16.32374],[94.47552,16.32787],[94.46646,16.32884],[94.47364,16.32583],[94.47113,16.31091],[94.43828,16.32298],[94.44396,16.33479],[94.44203,16.34356],[94.45008,16.36772],[94.4458,16.36697],[94.44365,16.36441],[94.44628,16.36002],[94.44086,16.34769],[94.4421,16.33455],[94.4364,16.32171],[94.46686,16.31094],[94.4707,16.30705],[94.46955,16.29624],[94.47311,16.29106],[94.48588,16.28582],[94.49858,16.27337],[94.50923,16.27123],[94.51436,16.2614],[94.51732,16.24747],[94.50616,16.23519],[94.50705,16.23029],[94.52125,16.22143],[94.52135,16.21757],[94.50721,16.18084],[94.48961,16.17929],[94.50386,16.1788],[94.50291,16.17571],[94.4801,16.15501],[94.45361,16.12197],[94.44188,16.10311],[94.43549,16.085],[94.41939,16.06991],[94.39653,16.05795],[94.38697,16.06162],[94.36483,16.05764],[94.35733,16.05202],[94.33984,16.02483],[94.33053,16.02759],[94.32785,16.02387],[94.32216,16.02957],[94.32543,16.02144],[94.32274,16.01759],[94.31931,16.02148],[94.31105,16.02088],[94.30115,16.01463],[94.2985,16.01658],[94.29232,16.00825],[94.29216,16.00322],[94.27546,15.99508],[94.275,15.98504],[94.2566,15.96029],[94.24444,15.95302],[94.24032,15.95446],[94.23551,15.97264],[94.22157,16.00106],[94.20635,16.01738],[94.20654,16.02716],[94.1998,16.03544],[94.20181,16.03827],[94.19078,16.04219],[94.20114,16.05836],[94.19919,16.06636],[94.20308,16.07149],[94.19983,16.08568],[94.20397,16.08668],[94.20322,16.09545],[94.19914,16.10371],[94.20195,16.10602],[94.20028,16.11556],[94.20349,16.11708],[94.20717,16.13175],[94.20074,16.14814],[94.2021,16.15161],[94.20768,16.15003],[94.21814,16.16053],[94.21914,16.17161],[94.22304,16.17725],[94.22624,16.17723],[94.22781,16.17259],[94.23143,16.17566],[94.22898,16.18907],[94.23089,16.19678],[94.22635,16.19501],[94.2227,16.1873],[94.21915,16.1944],[94.21595,16.19403],[94.2183,16.18552],[94.21131,16.19921],[94.21135,16.20462],[94.21978,16.2105],[94.22478,16.22077],[94.2273,16.23982],[94.22437,16.26199],[94.22757,16.26287],[94.23418,16.25279],[94.23833,16.25573],[94.23582,16.25922],[94.23728,16.27995],[94.24174,16.29023],[94.23802,16.29205],[94.23614,16.28897],[94.22656,16.31466],[94.22735,16.33513],[94.23302,16.34489],[94.23203,16.35674],[94.23722,16.35607],[94.23609,16.34474],[94.24141,16.34303],[94.2436,16.35101],[94.25002,16.35458],[94.25113,16.36152],[94.24365,16.36041],[94.24086,16.38271],[94.24853,16.39271],[94.25221,16.40479],[94.25732,16.39085],[94.26253,16.39185],[94.25949,16.39522],[94.26193,16.40242],[94.25513,16.40258],[94.25183,16.40763],[94.25782,16.4063],[94.26119,16.41041],[94.25545,16.41005],[94.2548,16.41353],[94.25602,16.41636],[94.26215,16.41504],[94.26299,16.42147],[94.25702,16.4264],[94.25203,16.41896],[94.26218,16.4408],[94.26387,16.45341],[94.26132,16.47223],[94.27028,16.49561],[94.26927,16.50515],[94.25809,16.53033],[94.25117,16.53424],[94.24743,16.53452],[94.24658,16.52641],[94.24321,16.52102],[94.23907,16.52053],[94.24363,16.54471],[94.24511,16.54651],[94.24826,16.5376],[94.26,16.53727],[94.28435,16.54447],[94.29046,16.53954],[94.29218,16.53618],[94.28933,16.53014],[94.28051,16.52865],[94.27828,16.53523],[94.27281,16.53539],[94.26219,16.52374],[94.27218,16.49972],[94.27268,16.51569],[94.27616,16.51683],[94.27921,16.51333],[94.27847,16.50252],[94.28231,16.49863],[94.28117,16.48653],[94.29485,16.47601],[94.29636,16.48232],[94.29374,16.49006],[94.29602,16.49185],[94.29919,16.48745],[94.30497,16.49308],[94.30623,16.50222],[94.31558,16.5019],[94.31259,16.51415],[94.3217,16.51951],[94.32026,16.52312],[94.32348,16.52619],[94.32803,16.52642],[94.3321,16.53605],[94.33984,16.53562],[94.33843,16.54387],[94.34441,16.5598],[94.34163,16.56239],[94.34586,16.57602],[94.35202,16.57881],[94.34689,16.58979],[94.34182,16.59111],[94.33645,16.586],[94.33502,16.5918],[94.32186,16.6018],[94.31852,16.60144],[94.31791,16.6102],[94.32564,16.60641],[94.34168,16.62808],[94.34877,16.62945],[94.35943,16.62629],[94.36374,16.62999],[94.36204,16.65525],[94.35844,16.6563],[94.36024,16.68411],[94.35043,16.69473],[94.35075,16.70271],[94.3564,16.70757],[94.35591,16.73204],[94.36353,16.73354],[94.37454,16.72136],[94.38362,16.72001],[94.37297,16.72614],[94.3746,16.72922],[94.36806,16.73068],[94.36598,16.73867],[94.37195,16.75203],[94.37329,16.77057],[94.38021,16.76678],[94.39228,16.77198],[94.39473,16.77789],[94.39981,16.77837],[94.39922,16.77065],[94.3952,16.76939],[94.397,16.75959],[94.40076,16.76085],[94.40081,16.76755],[94.40607,16.77472],[94.39532,16.78484],[94.40085,16.79253],[94.40095,16.80592],[94.3903,16.84849],[94.38173,16.86555],[94.37482,16.87101],[94.37426,16.88724],[94.38132,16.90161],[94.38317,16.9168],[94.39245,16.90411],[94.39938,16.90175],[94.40189,16.8971],[94.39477,16.89251],[94.41187,16.89033],[94.40651,16.88831],[94.40621,16.8847],[94.39792,16.88437],[94.39145,16.87733],[94.41527,16.87949],[94.41323,16.87512],[94.41838,16.86595],[94.43686,16.86904],[94.43817,16.86516],[94.44445,16.8646],[94.44291,16.87311],[94.44062,16.8712],[94.43544,16.87652],[94.43205,16.86959],[94.42898,16.87012],[94.429,16.87321],[94.42592,16.8722],[94.42411,16.88046],[94.42671,16.88945],[94.42384,16.89797],[94.41248,16.90011],[94.4227,16.90751],[94.42452,16.91832],[94.43236,16.91092],[94.43005,16.90643],[94.43311,16.90435],[94.45456,16.91012],[94.45881,16.90597],[94.4623,16.90749],[94.46195,16.89616],[94.46625,16.89922],[94.465,16.91121],[94.45937,16.9097],[94.45129,16.91942],[94.45073,16.91581],[94.44204,16.91652],[94.43805,16.92028],[94.43696,16.9172],[94.43375,16.91761],[94.43793,16.93934],[94.44486,16.93646],[94.44904,16.94029],[94.45049,16.93797],[94.45483,16.94553],[94.47024,16.94813],[94.47283,16.95352],[94.47628,16.95092],[94.48006,16.95475],[94.48086,16.93672],[94.48477,16.9412],[94.48837,16.9395],[94.4967,16.94433],[94.50271,16.94223],[94.50167,16.94687],[94.50571,16.94993],[94.51468,16.95064],[94.50442,16.95548],[94.50118,16.95151],[94.49127,16.95145],[94.49052,16.95764],[94.47704,16.9625],[94.47936,16.96738],[94.4855,16.96605],[94.48633,16.96965],[94.48208,16.97354],[94.48423,16.97404],[94.48375,16.9819],[94.48698,16.98381],[94.48446,16.98717],[94.48704,16.99179],[94.49347,16.99264],[94.48806,17.0026],[94.48163,16.98436],[94.47895,16.98361],[94.47804,16.97074],[94.47429,16.96948],[94.47099,16.95868],[94.47379,16.95737],[94.46799,16.95059],[94.46534,16.9546],[94.45835,16.95079],[94.45439,16.95777],[94.45038,16.95844],[94.44097,16.95207],[94.4355,16.95378],[94.45046,16.96862],[94.45577,16.99691],[94.44858,17.05465],[94.45267,17.06441],[94.4511,17.06829],[94.45611,17.07572],[94.4637,17.07051],[94.46231,17.06409],[94.45467,17.06324],[94.45677,17.05794],[94.45058,17.05361],[94.45212,17.04458],[94.45559,17.04327],[94.46417,17.04553],[94.47033,17.06222],[94.4692,17.07253],[94.47536,17.07172],[94.47436,17.06426],[94.48012,17.06421],[94.48232,17.05467],[94.48332,17.06303],[94.48814,17.06351],[94.49581,17.05071],[94.49644,17.06281],[94.50287,17.06379],[94.4935,17.06347],[94.48753,17.07086],[94.47938,17.07323],[94.47801,17.08535],[94.45851,17.07441],[94.45826,17.07751],[94.47511,17.09104],[94.47937,17.10569],[94.49143,17.12337],[94.49546,17.12463],[94.49253,17.14358],[94.48906,17.14489],[94.49045,17.15106],[94.48159,17.14842],[94.48671,17.13628],[94.48637,17.12624],[94.48084,17.13838],[94.47485,17.14371],[94.46683,17.14608],[94.46226,17.1429],[94.45489,17.14347],[94.45082,17.15302],[94.44681,17.15486],[94.44234,17.18348],[94.4449,17.18513],[94.45394,17.17567],[94.45202,17.17079],[94.45737,17.16869],[94.4589,17.15863],[94.46183,17.15655],[94.468,17.15857],[94.47141,17.16575],[94.47656,17.15593],[94.48212,17.18242],[94.48976,17.18236],[94.48698,17.16976],[94.48838,17.16074],[94.49159,17.15994],[94.491,17.15299],[94.50307,17.15445],[94.4979,17.14521],[94.50342,17.13152],[94.50701,17.12918],[94.5087,17.13921],[94.51098,17.13945],[94.51069,17.1361],[94.51667,17.13142],[94.51796,17.12472],[94.51406,17.12281],[94.51635,17.10799],[94.5204,17.11131],[94.52003,17.11543],[94.52711,17.11357],[94.5238,17.1342],[94.53009,17.13364],[94.52938,17.12952],[94.53503,17.13193],[94.534,17.13747],[94.52717,17.13778],[94.52466,17.14218],[94.53031,17.14445],[94.5298,17.14781],[94.52471,17.14759],[94.52221,17.15301],[94.52457,17.16304],[94.53577,17.17377],[94.52814,17.17357],[94.52459,17.16574],[94.51749,17.16644],[94.51662,17.17418],[94.52234,17.18546],[94.52553,17.18196],[94.53439,17.1846],[94.53005,17.19519],[94.52259,17.2004],[94.53323,17.20702],[94.52495,17.20978],[94.52492,17.20631],[94.5217,17.20556],[94.52067,17.2102],[94.51502,17.20857],[94.51158,17.2131],[94.51604,17.21848],[94.51609,17.2244],[94.50999,17.21556],[94.49607,17.21734],[94.49889,17.25131],[94.48888,17.25628],[94.48465,17.26353],[94.48684,17.26956],[94.49325,17.26655],[94.50099,17.27963],[94.50028,17.30745],[94.51069,17.30171],[94.50797,17.29683],[94.50978,17.28858],[94.51519,17.29498],[94.51825,17.29135],[94.513,17.28907],[94.51699,17.28492],[94.51104,17.27878],[94.51261,17.27413],[94.50869,17.27056],[94.50961,17.26772],[94.51662,17.2732],[94.5225,17.27071],[94.52403,17.26091],[94.52751,17.26089],[94.52613,17.27171],[94.52189,17.27741],[94.5254,17.28151],[94.52343,17.2859],[94.52986,17.28533],[94.52867,17.27118],[94.53503,17.27886],[94.53225,17.28248],[94.53549,17.28516],[94.54989,17.2763],[94.55259,17.27898],[94.53469,17.28607],[94.54144,17.29117],[94.53999,17.29504],[94.54479,17.30763],[94.5488,17.30682],[94.54979,17.29651],[94.55221,17.29753],[94.55117,17.30165],[94.55494,17.30317],[94.55369,17.31412],[94.56495,17.31391],[94.56598,17.30823],[94.55965,17.28974],[94.56449,17.29125],[94.56312,17.28727],[94.56788,17.28041],[94.56571,17.2763],[94.56866,17.27654],[94.57047,17.26905],[94.57324,17.28011],[94.57685,17.27853],[94.5784,17.27182],[94.58766,17.27278],[94.59575,17.24774],[94.59649,17.27168],[94.59253,17.27789],[94.59468,17.27865],[94.59082,17.28229],[94.58903,17.29183],[94.58446,17.29109],[94.5853,17.29469],[94.58155,17.29575],[94.58133,17.3009],[94.58229,17.30399],[94.58605,17.30396],[94.59218,17.30043],[94.59582,17.28714],[94.60186,17.28812],[94.59983,17.30076],[94.60218,17.30898],[94.60702,17.31074],[94.60738,17.29117],[94.61227,17.2986],[94.62167,17.29981],[94.62106,17.29183],[94.628,17.28791],[94.62756,17.28379],[94.62354,17.28408],[94.62786,17.2722],[94.63521,17.27034],[94.63487,17.2621],[94.64067,17.25124],[94.64749,17.24938],[94.65,17.24472],[94.64979,17.25219],[94.64038,17.26334],[94.64015,17.26798],[94.64337,17.26873],[94.64154,17.27286],[94.63409,17.28001],[94.63444,17.2885],[94.64172,17.29424],[94.62863,17.29924],[94.62939,17.30953],[94.63553,17.32184],[94.63252,17.32934],[94.63245,17.32187],[94.62626,17.31934],[94.62637,17.31625],[94.62932,17.31674],[94.62385,17.30378],[94.61447,17.30502],[94.61583,17.32175],[94.61329,17.3228],[94.6065,17.31319],[94.59387,17.30905],[94.5919,17.31473],[94.59597,17.3201],[94.59209,17.32103],[94.58979,17.33354],[94.58351,17.33617],[94.58114,17.3416],[94.58297,17.35201],[94.59285,17.34665],[94.59719,17.35267],[94.59073,17.34989],[94.58681,17.36125],[94.57931,17.36286],[94.56919,17.3556],[94.56957,17.36821],[94.56349,17.37882],[94.56907,17.38805],[94.56487,17.3989],[94.57094,17.40323],[94.5631,17.41166],[94.55966,17.40151],[94.55771,17.40925],[94.56005,17.41542],[94.5545,17.42602],[94.56032,17.43215],[94.55662,17.45433],[94.55878,17.47221],[94.56539,17.46924],[94.55821,17.48342],[94.56396,17.49728],[94.55296,17.52905],[94.53708,17.5557],[94.54102,17.56133],[94.54412,17.57856],[94.55717,17.59752],[94.55976,17.58668],[94.56416,17.58253],[94.56049,17.57715],[94.55542,17.58182],[94.55566,17.57744],[94.56113,17.57354],[94.55935,17.56943],[94.56861,17.57013],[94.57084,17.5629],[94.57729,17.56465],[94.58196,17.56049],[94.58205,17.55611],[94.57856,17.55537],[94.58023,17.54712],[94.58488,17.54219],[94.58378,17.53833],[94.58692,17.54449],[94.58292,17.54761],[94.58391,17.55352],[94.58674,17.55453],[94.58682,17.54912],[94.59312,17.54753],[94.59344,17.55345],[94.59862,17.54787],[94.60004,17.54103],[94.59366,17.53259],[94.59604,17.5287],[94.60251,17.53148],[94.60368,17.52787],[94.59753,17.51453],[94.60021,17.51425],[94.60044,17.4994],[94.60452,17.50134],[94.60855,17.48611],[94.61658,17.48399],[94.61743,17.48887],[94.62147,17.49013],[94.62516,17.48314],[94.63188,17.48438],[94.63002,17.48658],[94.62544,17.48443],[94.62658,17.49176],[94.61731,17.4899],[94.61532,17.49327],[94.61769,17.49857],[94.61512,17.50048],[94.61918,17.50405],[94.61692,17.50664],[94.61058,17.50361],[94.61229,17.51402],[94.60706,17.51548],[94.61022,17.52292],[94.61636,17.51927],[94.62147,17.52077],[94.61887,17.52968],[94.61427,17.52624],[94.60745,17.52887],[94.60762,17.53299],[94.61828,17.53986],[94.61549,17.54271],[94.61185,17.54068],[94.61164,17.54738],[94.61609,17.54927],[94.61687,17.5463],[94.62334,17.5496],[94.62097,17.55477],[94.6241,17.56015],[94.62212,17.563],[94.61291,17.55432],[94.61012,17.55769],[94.60648,17.55579],[94.59845,17.55894],[94.59406,17.57791],[94.5809,17.57853],[94.57668,17.58629],[94.56734,17.59357],[94.57802,17.60199],[94.58235,17.62127],[94.58771,17.60423],[94.59273,17.62556],[94.58562,17.62665],[94.58142,17.62205],[94.57577,17.63626],[94.5865,17.6354],[94.59261,17.62749],[94.59403,17.63598],[94.59835,17.63865],[94.58712,17.64441],[94.58474,17.64906],[94.58985,17.64979],[94.59046,17.65777],[94.59514,17.65593],[94.59424,17.66032],[94.6009,17.66876],[94.58573,17.66978],[94.58264,17.68488],[94.57673,17.68467],[94.57761,17.67848],[94.57364,17.66975],[94.57571,17.66047],[94.56931,17.65073],[94.57398,17.64735],[94.57381,17.64245],[94.57125,17.64144],[94.56504,17.65385],[94.55966,17.6369],[94.55652,17.63177],[94.55236,17.63206],[94.55536,17.65239],[94.55267,17.6676],[94.54709,17.67524],[94.53826,17.67905],[94.53564,17.68705],[94.54029,17.69629],[94.53795,17.70557],[94.52934,17.70474],[94.52965,17.70976],[94.53707,17.71331],[94.53431,17.72054],[94.53917,17.72333],[94.53925,17.73261],[94.54571,17.73384],[94.54915,17.72725],[94.55455,17.73017],[94.56314,17.72907],[94.5608,17.73849],[94.5573,17.73761],[94.55639,17.74071],[94.55898,17.7452],[94.55373,17.74382],[94.55366,17.73558],[94.54694,17.73538],[94.54522,17.73848],[94.53916,17.73698],[94.51852,17.76019],[94.49643,17.76951],[94.49395,17.77828],[94.4988,17.78005],[94.51435,17.77568],[94.51786,17.77758],[94.52008,17.78503],[94.50812,17.78538],[94.51667,17.79472],[94.51372,17.79629],[94.50696,17.79106],[94.50212,17.79084],[94.5004,17.79497],[94.49541,17.79244],[94.49708,17.78367],[94.487,17.7831],[94.48219,17.78674],[94.48585,17.79019],[94.48209,17.80709],[94.486,17.80899],[94.48947,17.82158],[94.48507,17.84299],[94.47747,17.84974],[94.48589,17.86024],[94.47633,17.89147],[94.48763,17.89216],[94.49151,17.90501],[94.49986,17.90675],[94.4875,17.90826],[94.4873,17.91611],[94.48144,17.92388],[94.48417,17.92863],[94.4788,17.92957],[94.4748,17.91827],[94.48131,17.90843],[94.47979,17.90278],[94.43854,17.97494],[94.43872,17.98086],[94.42945,17.99947],[94.42988,18.0023],[94.44362,18.00323],[94.44816,17.99959],[94.44611,17.996],[94.4523,17.9787],[94.45066,17.97627],[94.4465,17.97771],[94.4506,17.96816],[94.45408,17.96658],[94.45521,17.9725],[94.46167,17.97322],[94.4667,17.96263],[94.47018,17.96144],[94.47413,17.96721],[94.48234,17.96714],[94.47778,17.96821],[94.47874,17.97155],[94.484,17.97228],[94.488,17.96839],[94.49178,17.9372],[94.50708,17.93296],[94.49208,17.9408],[94.49068,17.96656],[94.49684,17.96317],[94.50752,17.96978],[94.50391,17.972],[94.50315,17.9778],[94.49754,17.98222],[94.49322,17.98109],[94.49245,18.00106],[94.48852,17.99838],[94.48066,18.0081],[94.48219,18.01324],[94.49295,18.01264],[94.48482,18.02275],[94.48383,18.0328],[94.48774,18.03342],[94.48699,18.04076],[94.48178,18.04441],[94.47255,18.08362],[94.44559,18.12915],[94.44509,18.13379],[94.45428,18.12187],[94.45353,18.12896],[94.45758,18.13009],[94.45942,18.12467],[94.47041,18.11853],[94.47701,18.11861],[94.47744,18.12093],[94.47123,18.11994],[94.46454,18.1254],[94.46539,18.12952],[94.45778,18.13781],[94.46062,18.13985],[94.46124,18.14886],[94.46475,18.15051],[94.47818,18.14564],[94.47433,18.15185],[94.46775,18.15474],[94.46887,18.15949],[94.46481,18.1572],[94.46215,18.16122],[94.46195,18.1692],[94.46519,18.17046],[94.46225,18.17306],[94.46618,18.17587],[94.46405,18.17871],[94.47084,18.18587],[94.46687,18.19389],[94.47615,18.19227],[94.47529,18.20284],[94.4686,18.20752],[94.47437,18.22113],[94.47047,18.22232],[94.47037,18.22579],[94.46083,18.22896],[94.46625,18.23329],[94.46045,18.23179],[94.45927,18.23644],[94.46308,18.24053],[94.45292,18.25052],[94.44868,18.24321],[94.4504,18.23908],[94.45823,18.24031],[94.45884,18.23309],[94.45398,18.23236],[94.45307,18.23648],[94.45036,18.23393],[94.45274,18.22902],[94.44653,18.22726],[94.44885,18.21424],[94.44419,18.22084],[94.42575,18.20733],[94.42254,18.20993],[94.42451,18.22047],[94.41804,18.23623],[94.41458,18.24179],[94.40035,18.2495],[94.3885,18.24971],[94.38091,18.24423],[94.37179,18.25073],[94.35721,18.24697],[94.34591,18.25027],[94.33863,18.24891],[94.33454,18.2434],[94.32057,18.24929],[94.32131,18.25804],[94.31553,18.27765],[94.31771,18.29927],[94.324,18.31005],[94.32723,18.30951],[94.32703,18.30178],[94.33224,18.29544],[94.33816,18.29385],[94.35073,18.29827],[94.3441,18.31171],[94.34882,18.31193],[94.36446,18.29534],[94.35937,18.28173],[94.36937,18.28577],[94.37297,18.2806],[94.38549,18.27871],[94.38475,18.28695],[94.39377,18.2856],[94.38055,18.3014],[94.38516,18.30446],[94.39485,18.30233],[94.40437,18.31282],[94.41083,18.31123],[94.41414,18.32073],[94.40994,18.3187],[94.39985,18.32096],[94.39025,18.33404],[94.39552,18.33529],[94.3956,18.34636],[94.39924,18.34531],[94.40428,18.33574],[94.40848,18.33725],[94.40949,18.346],[94.41642,18.35187],[94.41769,18.35908],[94.41275,18.36504],[94.41225,18.35319],[94.40316,18.34682],[94.40144,18.3507],[94.39523,18.34946],[94.38659,18.36626],[94.36991,18.37076],[94.36927,18.37501],[94.36494,18.37388],[94.36369,18.369],[94.36997,18.362],[94.34495,18.36926],[94.33859,18.36712],[94.33815,18.3621],[94.332,18.36897],[94.33655,18.38207],[94.33588,18.40087],[94.3296,18.40839],[94.32542,18.4079],[94.32683,18.41613],[94.32213,18.41964],[94.31704,18.44169],[94.30592,18.45169],[94.29702,18.45278],[94.27971,18.48341],[94.25334,18.51295],[94.25431,18.51719],[94.26402,18.51545],[94.26855,18.50718],[94.27071,18.50743],[94.26806,18.5144],[94.28128,18.51302],[94.27986,18.50427],[94.29072,18.49493],[94.2919,18.49003],[94.28786,18.49018],[94.28783,18.48696],[94.2924,18.48487],[94.2936,18.48229],[94.29089,18.48128],[94.29519,18.47842],[94.29481,18.48228],[94.30782,18.48863],[94.3033,18.49767],[94.29966,18.49873],[94.30065,18.504],[94.29692,18.51137],[94.30665,18.51285],[94.30865,18.51],[94.31424,18.51704],[94.30426,18.51763],[94.29356,18.51345],[94.29442,18.51988],[94.28584,18.52741],[94.2852,18.53218],[94.28144,18.53517],[94.26956,18.53447],[94.26273,18.5425],[94.26402,18.5528],[94.2697,18.55392],[94.29017,18.54631],[94.29821,18.53866],[94.31354,18.53134],[94.33163,18.53096],[94.34356,18.52109],[94.33784,18.51392],[94.33835,18.51031],[94.34168,18.50487],[94.35605,18.49576],[94.34977,18.48628],[94.35557,18.48649],[94.35182,18.48987],[94.35701,18.49704],[94.34051,18.51029],[94.34517,18.51953],[94.34077,18.5269],[94.33137,18.53276],[94.31168,18.53483],[94.31359,18.53816],[94.30953,18.53639],[94.28562,18.55239],[94.27404,18.55659],[94.27518,18.56508],[94.28114,18.56646],[94.30736,18.57091],[94.31544,18.5679],[94.3152,18.57125],[94.3229,18.57171],[94.32787,18.56858],[94.32173,18.5779],[94.33011,18.57887],[94.33151,18.58581],[94.3361,18.58552],[94.33517,18.58759],[94.33154,18.58903],[94.32825,18.58339],[94.31797,18.5805],[94.3125,18.57127],[94.28711,18.57118],[94.27439,18.56779],[94.2715,18.57747],[94.26771,18.57737],[94.2647,18.57146],[94.25903,18.57189],[94.2603,18.56132],[94.26596,18.55896],[94.24655,18.54441],[94.2519,18.55648],[94.25265,18.56704],[94.25062,18.58456],[94.24181,18.59853],[94.24146,18.60626],[94.2503,18.59602],[94.26218,18.59543],[94.27763,18.60267],[94.28122,18.61372],[94.30232,18.61846],[94.27988,18.61591],[94.27077,18.62525],[94.26235,18.61887],[94.26021,18.62236],[94.25265,18.62266],[94.2502,18.62036],[94.25109,18.61289],[94.24579,18.60752],[94.23469,18.64184],[94.23926,18.63859],[94.24629,18.63919],[94.24654,18.63635],[94.25475,18.63244],[94.25911,18.63782],[94.25237,18.63992],[94.25388,18.64326],[94.24676,18.64846],[94.24907,18.64999],[94.24802,18.65399],[94.24424,18.65427],[94.24151,18.66935],[94.24361,18.6799],[94.24687,18.68194],[94.24391,18.68324],[94.24574,18.69405],[94.26038,18.70013],[94.25882,18.70812],[94.25056,18.70586],[94.25237,18.71255],[94.24661,18.72031],[94.25285,18.72362],[94.24991,18.72801],[94.25318,18.73057],[94.2583,18.72847],[94.26147,18.71957],[94.27283,18.72039],[94.27387,18.7142],[94.27632,18.71728],[94.28219,18.70694],[94.28611,18.70665],[94.28494,18.71361],[94.28927,18.71384],[94.28923,18.70869],[94.29671,18.69795],[94.29988,18.70527],[94.2944,18.71303],[94.30091,18.71582],[94.30177,18.7229],[94.29634,18.7201],[94.29177,18.72284],[94.29342,18.72656],[94.28991,18.72697],[94.29279,18.73262],[94.29051,18.73443],[94.28482,18.73293],[94.28518,18.72778],[94.27506,18.7299],[94.27726,18.73388],[94.28591,18.73421],[94.28635,18.73858],[94.28243,18.73822],[94.2811,18.74171],[94.28812,18.74037],[94.3014,18.74505],[94.29656,18.74907],[94.28492,18.74696],[94.27318,18.74897],[94.27,18.7396],[94.26869,18.74501],[94.26125,18.74468],[94.26197,18.74982],[94.27231,18.75967],[94.28069,18.75897],[94.28235,18.76359],[94.28774,18.76188],[94.29196,18.7661],[94.28968,18.76856],[94.28317,18.76539],[94.27915,18.77057],[94.27748,18.76414],[94.27102,18.7674],[94.27072,18.7629],[94.25966,18.76632],[94.25998,18.77353],[94.26297,18.77583],[94.26028,18.77791],[94.26153,18.78176],[94.25599,18.78231],[94.25386,18.78606],[94.25221,18.78337],[94.2561,18.77922],[94.25646,18.77278],[94.25387,18.76945],[94.24729,18.77568],[94.24857,18.76627],[94.24251,18.7685],[94.2443,18.77415],[94.24147,18.77417],[94.24137,18.78009],[94.24655,18.78534],[94.23567,18.79481],[94.23963,18.80096],[94.24965,18.80206],[94.25134,18.81157],[94.24105,18.80971],[94.23729,18.81283],[94.23199,18.81029],[94.22891,18.81404],[94.21981,18.80856],[94.22085,18.82066],[94.2237,18.82193],[94.22156,18.82529],[94.21703,18.81669],[94.20916,18.81275],[94.2072,18.80324],[94.19703,18.79867],[94.19664,18.81979],[94.19055,18.82021],[94.19493,18.82752],[94.19335,18.83281],[94.18528,18.83943],[94.1836,18.85052],[94.18861,18.85126],[94.18999,18.85588],[94.20026,18.85427],[94.19948,18.85853],[94.19624,18.85893],[94.19846,18.86665],[94.19606,18.87284],[94.20366,18.87498],[94.19352,18.87672],[94.19246,18.8793],[94.19779,18.88674],[94.19239,18.88832],[94.1937,18.88303],[94.1879,18.88448],[94.1878,18.89015],[94.1851,18.89068],[94.1745,18.88444],[94.17061,18.8882],[94.17483,18.89307],[94.16673,18.8944],[94.16136,18.90049],[94.16734,18.90444],[94.16654,18.90715],[94.16058,18.90616],[94.15388,18.91444],[94.14173,18.91864],[94.13758,18.92626],[94.13526,18.92203],[94.13066,18.92334],[94.13288,18.93118],[94.12774,18.93173],[94.1269,18.92761],[94.12189,18.92662],[94.10818,18.94112],[94.11438,18.95705],[94.12093,18.96499],[94.1304,18.96519],[94.1196,18.96925],[94.11522,18.96155],[94.11321,18.96427],[94.11728,18.98588],[94.12135,18.98765],[94.12111,18.99152],[94.11422,18.99465],[94.11094,19.00909],[94.11691,19.01112],[94.12256,19.00645],[94.14643,18.97346],[94.15431,18.97741],[94.15789,18.9864],[94.16654,18.9839],[94.17811,18.97455],[94.18866,18.97359],[94.19428,18.98359],[94.19202,18.9894],[94.1969,18.9904],[94.20459,18.98662],[94.1961,18.99208],[94.19068,18.99083],[94.18353,18.97555],[94.17812,18.97584],[94.17275,18.98219],[94.15979,18.9878],[94.15023,18.97537],[94.14658,18.9754],[94.13692,18.98756],[94.13055,19.00691],[94.12116,19.01933],[94.12377,19.02601],[94.12031,19.03376],[94.12899,19.03705],[94.13447,19.04552],[94.14478,19.04919],[94.15529,19.04153],[94.15552,19.0356],[94.16146,19.03299],[94.16548,19.02601],[94.17225,19.02648],[94.1729,19.02365],[94.17658,19.02568],[94.15728,19.03508],[94.15761,19.04357],[94.15074,19.04877],[94.14019,19.05051],[94.13917,19.06004],[94.13163,19.06614],[94.13292,19.07669],[94.12456,19.08292],[94.12717,19.08703],[94.15534,19.08672],[94.14318,19.09105],[94.1443,19.09722],[94.15109,19.09924],[94.15234,19.10438],[94.15653,19.10217],[94.17105,19.10633],[94.16497,19.10855],[94.15681,19.10397],[94.15168,19.10671],[94.15096,19.10104],[94.14485,19.09889],[94.14182,19.0908],[94.13612,19.08865],[94.11445,19.08981],[94.106,19.10209],[94.09883,19.10329],[94.11187,19.1094],[94.11493,19.12058],[94.11819,19.12223],[94.1312,19.1095],[94.14609,19.12142],[94.16331,19.12311],[94.16554,19.13186],[94.15833,19.1283],[94.14858,19.12849],[94.14472,19.13791],[94.14665,19.14331],[94.14273,19.14462],[94.14403,19.15568],[94.13771,19.16396],[94.1342,19.18433],[94.12948,19.18887],[94.12419,19.18748],[94.12111,19.1933],[94.11946,19.2094],[94.129,19.21758],[94.11288,19.21871],[94.12102,19.22021],[94.12458,19.22508],[94.13026,19.22324],[94.12879,19.22686],[94.1219,19.22922],[94.12133,19.22561],[94.11453,19.22244],[94.10154,19.22573],[94.10238,19.23024],[94.09215,19.24124],[94.09924,19.24622],[94.10791,19.24617],[94.10332,19.24929],[94.08978,19.25169],[94.08488,19.24811],[94.07025,19.25],[94.06865,19.25452],[94.07218,19.25527],[94.0739,19.27019],[94.08586,19.27321],[94.08619,19.28197],[94.09493,19.2784],[94.1,19.27957],[94.09474,19.28423],[94.09795,19.29735],[94.09077,19.29791],[94.09065,19.30061],[94.07363,19.31166],[94.07818,19.32296],[94.07534,19.32349],[94.06877,19.31413],[94.0597,19.31689],[94.06711,19.33024],[94.06064,19.33646],[94.06702,19.33771],[94.06935,19.34207],[94.06058,19.3483],[94.06841,19.36448],[94.07807,19.36764],[94.08561,19.35949],[94.09294,19.36034],[94.10876,19.35188],[94.10395,19.34264],[94.10829,19.34287],[94.1124,19.34902],[94.10893,19.35767],[94.11517,19.35738],[94.12163,19.34871],[94.13491,19.3467],[94.14462,19.33904],[94.14983,19.34647],[94.16882,19.32962],[94.16896,19.32533],[94.15983,19.32016],[94.15884,19.31629],[94.1698,19.31751],[94.16618,19.31946],[94.16182,19.3164],[94.16049,19.31988],[94.17002,19.32497],[94.17019,19.32935],[94.15602,19.33961],[94.15092,19.3475],[94.14752,19.34675],[94.14502,19.34024],[94.13371,19.34834],[94.12397,19.34877],[94.11708,19.35788],[94.09634,19.36174],[94.09746,19.3656],[94.09489,19.36742],[94.09822,19.37873],[94.10897,19.38304],[94.10396,19.38436],[94.09797,19.38105],[94.09854,19.3849],[94.10261,19.38565],[94.101,19.38862],[94.09745,19.38568],[94.08961,19.38985],[94.08909,19.3932],[94.0921,19.39615],[94.09969,19.39597],[94.10177,19.40214],[94.10872,19.40673],[94.11645,19.40566],[94.11738,19.40282],[94.12051,19.4046],[94.11606,19.40733],[94.11692,19.41467],[94.11258,19.41534],[94.1101,19.40904],[94.10129,19.41167],[94.10147,19.41811],[94.1053,19.42259],[94.10074,19.43022],[94.09582,19.42535],[94.10028,19.42249],[94.10012,19.41812],[94.08657,19.4227],[94.08552,19.42799],[94.07223,19.4291],[94.06748,19.42861],[94.0684,19.42474],[94.06108,19.42582],[94.06056,19.42917],[94.06614,19.43197],[94.06412,19.43468],[94.06085,19.43303],[94.06187,19.44255],[94.07067,19.44031],[94.07165,19.44481],[94.05566,19.44851],[94.05653,19.45649],[94.04827,19.46066],[94.06568,19.46519],[94.0622,19.47294],[94.05475,19.47504],[94.05157,19.46682],[94.04262,19.46829],[94.04544,19.46351],[94.04257,19.46095],[94.03512,19.46254],[94.03501,19.46627],[94.03092,19.46488],[94.03205,19.47182],[94.02613,19.47958],[94.02309,19.47072],[94.01682,19.46727],[94.02176,19.4536],[94.01842,19.44126],[94.02395,19.43453],[94.01767,19.42903],[94.01279,19.43099],[94.00572,19.45008],[93.99909,19.45372],[93.99912,19.4581],[94.00565,19.46038],[93.99976,19.45956],[93.99761,19.45554],[93.99613,19.45812],[94.0009,19.46196],[94.00083,19.47277],[94.00575,19.47712],[93.99951,19.47767],[93.99492,19.48272],[94.00001,19.49364],[93.98576,19.49449],[93.98428,19.49759],[93.98528,19.50453],[93.99692,19.49893],[94.00482,19.50211],[94.00457,19.50546],[94.01112,19.51186],[93.99399,19.50873],[93.99185,19.51377],[94.00083,19.51655],[93.9968,19.52301],[93.99873,19.52867],[93.9955,19.53293],[93.99197,19.53244],[93.99146,19.53824],[93.98902,19.53928],[93.98735,19.53298],[93.98275,19.53597],[93.97429,19.52867],[93.97187,19.53345],[93.97596,19.53549],[93.97477,19.54167],[93.97003,19.54402],[93.97059,19.54646],[93.95051,19.55004],[93.94381,19.54338],[93.93624,19.54857],[93.94,19.56555],[93.94737,19.57092],[93.95246,19.58145],[93.94866,19.60491],[93.9538,19.6014],[93.96114,19.60252],[93.96559,19.61963],[93.97007,19.61793],[93.97531,19.6085],[93.97831,19.60939],[93.97916,19.61659],[93.98159,19.61246],[93.99622,19.6062],[93.99949,19.60772],[94.0003,19.62935],[93.9952,19.63839],[94.0084,19.64167],[94.00991,19.64449],[94.00189,19.66643],[94.01434,19.6782],[94.00178,19.67016],[94.00185,19.65896],[94.00841,19.64296],[93.99358,19.64046],[93.99895,19.63039],[93.99705,19.60761],[93.99191,19.6124],[93.98255,19.614],[93.98054,19.61877],[93.97491,19.61043],[93.97076,19.6196],[93.96411,19.62079],[93.9602,19.60382],[93.95543,19.60204],[93.94758,19.6062],[93.95083,19.58172],[93.9467,19.57273],[93.93703,19.5684],[93.93209,19.55864],[93.92631,19.56949],[93.92263,19.56731],[93.92421,19.55919],[93.92857,19.56072],[93.92946,19.55118],[93.94102,19.53001],[93.94153,19.52408],[93.93264,19.51267],[93.93054,19.50148],[93.92523,19.49996],[93.92494,19.49674],[93.91762,19.49858],[93.91406,19.49396],[93.91026,19.4945],[93.91082,19.49733],[93.90663,19.49954],[93.90896,19.50416],[93.89784,19.50718],[93.88371,19.50506],[93.8794,19.51203],[93.87436,19.51],[93.86452,19.52253],[93.8607,19.52023],[93.85624,19.52476],[93.85831,19.52952],[93.85606,19.5415],[93.86381,19.54275],[93.86574,19.54854],[93.85883,19.55102],[93.86296,19.56182],[93.86032,19.56887],[93.86192,19.57083],[93.86796,19.55716],[93.87112,19.56332],[93.86896,19.56565],[93.87471,19.57438],[93.8705,19.57427],[93.86159,19.58577],[93.85804,19.60794],[93.86407,19.61692],[93.88162,19.62057],[93.88691,19.61887],[93.87539,19.62537],[93.88139,19.62843],[93.87465,19.63876],[93.87863,19.64621],[93.87119,19.6523],[93.86045,19.65145],[93.8677,19.66043],[93.85875,19.66356],[93.85647,19.67104],[93.86171,19.68312],[93.85861,19.68906],[93.84559,19.69582],[93.83812,19.69585],[93.83854,19.69894],[93.83337,19.69871],[93.82742,19.70479],[93.81897,19.70122],[93.8164,19.70342],[93.81849,19.71217],[93.82475,19.71458],[93.83915,19.71078],[93.83591,19.71672],[93.8369,19.7229],[93.83418,19.72291],[93.83342,19.73322],[93.83167,19.73696],[93.82718,19.73659],[93.82545,19.7433],[93.81512,19.74463],[93.81459,19.7485],[93.82274,19.74717],[93.82535,19.75231],[93.81977,19.74989],[93.81587,19.75879],[93.80922,19.76127],[93.79831,19.75617],[93.78962,19.76007],[93.78982,19.7723],[93.8014,19.77534],[93.79946,19.76942],[93.8049,19.76837],[93.80358,19.77559],[93.80793,19.77582],[93.80795,19.77917],[93.80375,19.78305],[93.80419,19.79052],[93.79873,19.78527],[93.79926,19.78269],[93.80307,19.78332],[93.8025,19.77739],[93.78796,19.78209],[93.78534,19.80168],[93.78524,19.80863],[93.78987,19.8108],[93.79638,19.80588],[93.79695,19.81141],[93.80513,19.81421],[93.80299,19.82092],[93.80654,19.82399],[93.78545,19.85112],[93.78348,19.8671],[93.7986,19.86806],[93.79984,19.87115],[93.79038,19.88484],[93.79408,19.89113],[93.80089,19.89072],[93.80242,19.89818],[93.78993,19.90364],[93.79626,19.91829],[93.79059,19.92836],[93.78982,19.93789],[93.79835,19.95382],[93.8053,19.98238],[93.79704,19.99271],[93.81094,19.99265],[93.81593,20.0104],[93.82219,20.00934],[93.82254,19.99852],[93.8245,20.00804],[93.82247,20.01062],[93.81703,20.01258],[93.81443,20.0104],[93.80958,19.99394],[93.79978,19.9954],[93.79554,19.99272],[93.80325,19.98084],[93.79982,19.97673],[93.79507,19.95229],[93.7885,19.94614],[93.78841,19.92708],[93.79379,19.91444],[93.7868,19.90391],[93.79657,19.89743],[93.79817,19.89227],[93.79192,19.89307],[93.78822,19.88923],[93.79546,19.87016],[93.78025,19.87484],[93.77866,19.88232],[93.77439,19.87139],[93.7684,19.87154],[93.76311,19.87491],[93.76519,19.88315],[93.77498,19.8822],[93.77827,19.88618],[93.7709,19.91094],[93.76187,19.93003],[93.751,19.93523],[93.74587,19.94349],[93.73676,19.9461],[93.72423,19.97526],[93.71497,19.97529],[93.71308,19.97904],[93.71087,19.97299],[93.70706,19.97327],[93.70761,19.97584],[93.69005,19.97745],[93.6899,19.97333],[93.69939,19.96402],[93.70411,19.95422],[93.69785,19.95527],[93.69416,19.95091],[93.69904,19.94626],[93.69523,19.94627],[93.69315,19.93804],[93.6892,19.93741],[93.68918,19.93458],[93.69816,19.93261],[93.69896,19.92939],[93.69514,19.92721],[93.69814,19.92695],[93.69862,19.91394],[93.6712,19.93104],[93.66117,19.94292],[93.65137,19.9436],[93.64812,19.94748],[93.65139,19.9485],[93.64867,19.95083],[93.65006,19.95623],[93.6404,19.95884],[93.63756,19.96439],[93.63346,19.96144],[93.62933,19.94883],[93.6269,19.95361],[93.62539,19.9522],[93.62876,19.94214],[93.63705,19.93851],[93.65374,19.92351],[93.65521,19.91809],[93.64907,19.91516],[93.64201,19.91904],[93.63918,19.92639],[93.61518,19.9512],[93.61437,19.9552],[93.61765,19.95815],[93.61549,19.96253],[93.60327,19.97236],[93.60087,19.98525],[93.59353,19.98952],[93.5937,19.99995],[93.59934,20.01345],[93.5903,20.00009],[93.58172,20.00102],[93.57956,20.00643],[93.56747,20.01575],[93.56993,20.01831],[93.56178,20.02323],[93.56044,20.03161],[93.55444,20.02853],[93.54548,20.03886],[93.54537,20.04492],[93.53734,20.04983],[93.53949,20.04081],[93.53609,20.04108],[93.53414,20.02847],[93.52062,20.01962],[93.519,20.02517],[93.5042,20.03937],[93.5117,20.04334],[93.5207,20.04345],[93.51813,20.04912],[93.51119,20.05146],[93.50944,20.06048],[93.50468,20.06255],[93.49729,20.05356],[93.48585,20.05591],[93.48344,20.0675],[93.49067,20.0716],[93.48659,20.07393],[93.48756,20.07779],[93.48483,20.07857],[93.48235,20.07008],[93.47826,20.06816],[93.47473,20.07345],[93.47064,20.07294],[93.46858,20.06831],[93.47061,20.062],[93.47742,20.06263],[93.48137,20.05927],[93.48092,20.04832],[93.46865,20.04526],[93.45547,20.05624],[93.45535,20.065],[93.46299,20.0655],[93.46532,20.07116],[93.46304,20.08301],[93.4685,20.08454],[93.47151,20.09007],[93.47477,20.08633],[93.47968,20.08567],[93.47982,20.08837],[93.47098,20.09561],[93.46714,20.08596],[93.46099,20.0825],[93.46314,20.0709],[93.46,20.06769],[93.45659,20.06938],[93.4486,20.08562],[93.46171,20.09306],[93.46459,20.10103],[93.45052,20.08858],[93.44248,20.09233],[93.44481,20.09593],[93.43856,20.10316],[93.4503,20.10957],[93.45032,20.11407],[93.43941,20.1132],[93.44062,20.10676],[93.43693,20.10561],[93.43218,20.1109],[93.43777,20.11282],[93.44326,20.12581],[93.43459,20.14682],[93.42749,20.14362],[93.43459,20.14489],[93.4419,20.12607],[93.43808,20.12544],[93.43669,20.11759],[93.4326,20.11579],[93.42143,20.12071],[93.42038,20.13617],[93.4163,20.13798],[93.41305,20.14829],[93.41471,20.15472],[93.41934,20.15291],[93.41717,20.15832],[93.41416,20.15588],[93.41394,20.17417],[93.40958,20.17701],[93.38829,20.22612],[93.3747,20.24778],[93.35909,20.28194],[93.35036,20.28299],[93.34407,20.27862],[93.33985,20.28108],[93.33305,20.29268],[93.34072,20.30734],[93.33896,20.30992],[93.32722,20.31085],[93.32508,20.33364],[93.29969,20.33073],[93.2874,20.33319],[93.29565,20.36331],[93.31233,20.37281],[93.32589,20.39313],[93.33141,20.42171],[93.35503,20.41677],[93.35994,20.41251],[93.36583,20.42061],[93.36653,20.42794],[93.36158,20.41366],[93.33319,20.4217],[93.33322,20.43767],[93.34389,20.44048],[93.34786,20.44665],[93.33235,20.47398],[93.34207,20.48298],[93.34195,20.48993],[93.33513,20.49741],[93.31642,20.50157],[93.31506,20.50698],[93.32217,20.5098],[93.32588,20.51777],[93.32508,20.52524],[93.32003,20.52886],[93.32701,20.53322],[93.3273,20.54069],[93.32224,20.54237],[93.3143,20.5375],[93.30364,20.53816],[93.31867,20.53504],[93.32251,20.54083],[93.32579,20.54031],[93.32591,20.53426],[93.31852,20.52835],[93.32439,20.52473],[93.32369,20.51443],[93.31356,20.50801],[93.31423,20.50286],[93.32269,20.49782],[93.33308,20.49819],[93.34085,20.49045],[93.3407,20.48143],[93.33235,20.47579],[93.33207,20.47218],[93.34568,20.45104],[93.34676,20.44382],[93.33227,20.43741],[93.32647,20.41064],[93.31393,20.41942],[93.31206,20.44389],[93.2933,20.49079],[93.2824,20.51167],[93.26071,20.52999],[93.2573,20.53849],[93.2563,20.59077],[93.26054,20.59334],[93.26137,20.59875],[93.24841,20.61731],[93.24705,20.62401],[93.25012,20.66263],[93.23633,20.67514],[93.21719,20.68534],[93.21131,20.69513],[93.21228,20.70324],[93.23226,20.70193],[93.23199,20.70425],[93.21366,20.70607],[93.20982,20.70363],[93.20885,20.69436],[93.21418,20.6856],[93.22703,20.67786],[93.24792,20.65568],[93.24157,20.61552],[93.24361,20.6101],[93.25931,20.59669],[93.25247,20.59026],[93.24477,20.56478],[93.25213,20.55163],[93.25633,20.53077],[93.27229,20.51272],[93.28837,20.48617],[93.28877,20.48153],[93.28249,20.48553],[93.27667,20.48467],[93.28249,20.48463],[93.29382,20.47534],[93.30982,20.41685],[93.31869,20.41207],[93.32399,20.39906],[93.31317,20.38478],[93.27707,20.35896],[93.27473,20.34764],[93.28303,20.32908],[93.24889,20.32102],[93.2411,20.31472],[93.22712,20.2774],[93.24837,20.2547],[93.24728,20.25162],[93.21193,20.24419],[93.19988,20.21601],[93.16958,20.19621],[93.16722,20.19831],[93.15839,20.1939],[93.15512,20.19828],[93.1423,20.19791],[93.13466,20.1956],[93.13534,20.19225],[93.12648,20.1956],[93.1202,20.19329],[93.11639,20.19805],[93.12895,20.22007],[93.14327,20.21851],[93.15066,20.23499],[93.16104,20.24476],[93.16637,20.25609],[93.18139,20.26599],[93.19217,20.26894],[93.1896,20.288],[93.21008,20.29017],[93.21513,20.29467],[93.21898,20.31089],[93.21653,20.31836],[93.20835,20.32506],[93.21139,20.34953],[93.22124,20.36548],[93.23128,20.4144],[93.24906,20.42828],[93.25811,20.44668],[93.267,20.45272],[93.26714,20.45929],[93.25964,20.46381],[93.25992,20.46818],[93.26581,20.47757],[93.27319,20.48104],[93.27184,20.48606],[93.27622,20.48496],[93.27047,20.48619],[93.27019,20.48066],[93.25842,20.46896],[93.25827,20.46355],[93.26496,20.45942],[93.26495,20.45182],[93.25784,20.44913],[93.2477,20.4297],[93.23348,20.42032],[93.22019,20.39381],[93.22099,20.37836],[93.20866,20.35262],[93.2033,20.32327],[93.18502,20.33191],[93.16427,20.33322],[93.11988,20.30944],[93.11577,20.29322],[93.1275,20.27466],[93.1193,20.25742],[93.11806,20.24583],[93.12078,20.23964],[93.11723,20.23746],[93.12009,20.23037],[93.11736,20.22162],[93.11286,20.22188],[93.09893,20.2085],[93.09948,20.20347],[93.08065,20.18945],[93.07014,20.17374],[93.05786,20.16319],[93.02445,20.14607],[93.01885,20.13796],[93.00454,20.13834],[93.00045,20.14053],[93.00577,20.15392],[93.00727,20.18689],[93.00208,20.18625],[93.00218,20.1893],[93.0059,20.18869],[93.00399,20.19513],[93.00236,20.19951],[93.00045,20.19449],[92.99717,20.1941],[92.99567,20.20363],[93.00045,20.23016],[93.01423,20.2693],[93.02365,20.27999],[93.05367,20.28256],[93.07251,20.29079],[93.09816,20.28331],[93.07387,20.29182],[93.07456,20.30174],[93.07169,20.29221],[93.05586,20.28539],[93.03293,20.28102],[93.0272,20.28437],[93.03471,20.3051],[93.03485,20.33188],[93.06944,20.34973],[93.08306,20.36457],[93.08784,20.37642],[93.09358,20.37886],[93.12199,20.38103],[93.12239,20.37768],[93.14219,20.37471],[93.15065,20.36504],[93.15747,20.36465],[93.16089,20.36967],[93.15201,20.3653],[93.14424,20.37509],[93.12663,20.37807],[93.12281,20.38232],[93.14495,20.40432],[93.16024,20.39967],[93.16762,20.40082],[93.17022,20.40623],[93.1604,20.42298],[93.16136,20.42993],[93.16957,20.43469],[93.1835,20.43686],[93.18788,20.44407],[93.19171,20.44458],[93.19662,20.43775],[93.19962,20.438],[93.20524,20.44765],[93.2036,20.45152],[93.19908,20.43878],[93.19607,20.43865],[93.19417,20.44406],[93.18816,20.44523],[93.18186,20.43776],[93.17121,20.437],[93.15836,20.42761],[93.16803,20.40855],[93.16598,20.40147],[93.15642,20.40328],[93.14468,20.41102],[93.13812,20.40999],[93.13527,20.42145],[93.13855,20.43201],[93.1372,20.44102],[93.14226,20.44875],[93.14964,20.45106],[93.15019,20.46213],[93.16182,20.47423],[93.15241,20.49213],[93.15925,20.49741],[93.13463,20.47914],[93.12944,20.47876],[93.12248,20.48559],[93.12863,20.48713],[93.13041,20.49099],[93.12932,20.4982],[93.13329,20.51005],[93.14751,20.50965],[93.13056,20.51391],[93.13277,20.534],[93.14426,20.53927],[93.13894,20.55459],[93.13019,20.56284],[93.135,20.58846],[93.12339,20.59839],[93.12463,20.60894],[93.13392,20.60288],[93.13898,20.60636],[93.13339,20.61602],[93.14528,20.61665],[93.14461,20.62386],[93.15131,20.62798],[93.13916,20.64717],[93.15049,20.62849],[93.14434,20.62425],[93.1446,20.6164],[93.13106,20.61666],[93.13762,20.6061],[93.13255,20.6034],[93.12517,20.60984],[93.12229,20.59993],[93.13432,20.58602],[93.12924,20.56233],[93.13812,20.55434],[93.14248,20.54171],[93.14248,20.53888],[93.13126,20.53374],[93.13124,20.50876],[93.12699,20.48803],[93.1136,20.49474],[93.09993,20.4914],[93.09242,20.49514],[93.09694,20.50878],[93.08314,20.5142],[93.08656,20.53197],[93.08536,20.57523],[93.07675,20.58927],[93.06226,20.59108],[93.06075,20.59533],[93.06226,20.6028],[93.06801,20.60653],[93.07731,20.60781],[93.09508,20.6042],[93.10233,20.60844],[93.10357,20.61256],[93.09141,20.62751],[93.08814,20.65532],[93.09031,20.62751],[93.10234,20.61231],[93.10165,20.60844],[93.09591,20.60497],[93.07348,20.60884],[93.06185,20.60383],[93.05857,20.59301],[93.04667,20.59598],[93.03026,20.61156],[93.01249,20.64234],[93.0051,20.6462],[93.01919,20.68676],[93.01263,20.7102],[92.96268,20.72358],[92.96445,20.73981],[92.98826,20.80084],[92.99073,20.82376],[92.98894,20.83406],[92.98525,20.83329],[92.98196,20.79878],[92.96226,20.75938],[92.95679,20.72744],[92.95925,20.72333],[92.97773,20.71535],[93.01249,20.70556],[93.00962,20.67775],[93.00059,20.652],[93.00236,20.64581],[93.01809,20.61749],[93.03737,20.59662],[93.05515,20.58825],[93.07866,20.5827],[93.08043,20.5621],[93.0744,20.53223],[93.05306,20.4797],[93.0234,20.43181],[93.02135,20.44391],[93.01233,20.45859],[93.01206,20.46451],[93.01739,20.46876],[93.03953,20.46721],[93.04363,20.46992],[93.04349,20.48022],[93.0342,20.49541],[93.04391,20.51395],[93.06209,20.52657],[93.06073,20.53146],[93.03818,20.54447],[93.02068,20.53726],[93.00223,20.56856],[92.98322,20.56791],[92.98896,20.5795],[92.97693,20.58207],[92.96271,20.57975],[92.95574,20.58452],[92.95587,20.58722],[92.97146,20.58967],[92.97037,20.59289],[92.96079,20.59327],[92.96065,20.60126],[92.95067,20.60653],[92.95997,20.601],[92.95997,20.59327],[92.97037,20.59225],[92.96927,20.58877],[92.9556,20.58825],[92.9556,20.58323],[92.96052,20.57963],[92.98896,20.5786],[92.98144,20.57036],[92.98295,20.56714],[92.9999,20.56907],[93.01822,20.53791],[93.02287,20.53649],[93.03654,20.54319],[93.06127,20.52837],[93.04118,20.51293],[93.0327,20.49644],[93.04294,20.4712],[93.01548,20.46953],[93.01015,20.4622],[93.02135,20.43696],[93.01807,20.40966],[93.02052,20.36742],[93.01068,20.30072],[92.97862,20.25436],[92.95352,20.22822],[92.94819,20.23504],[92.9501,20.25513],[92.94327,20.26182],[92.94614,20.27445],[92.93917,20.27625],[92.94013,20.2814],[92.95187,20.27857],[92.95541,20.28333],[92.96114,20.28295],[92.94763,20.2917],[92.94735,20.29968],[92.94422,20.2984],[92.94258,20.30174],[92.93248,20.2926],[92.93152,20.29865],[92.92292,20.30534],[92.92347,20.30779],[92.91923,20.30869],[92.91459,20.30482],[92.91487,20.30791],[92.91855,20.31113],[92.92783,20.31152],[92.93766,20.31938],[92.95076,20.32209],[92.95376,20.32905],[92.95922,20.33008],[92.95758,20.34012],[92.9685,20.33806],[92.9715,20.34527],[92.96495,20.35184],[92.96386,20.34862],[92.97041,20.34399],[92.96755,20.34012],[92.95703,20.34141],[92.95731,20.33085],[92.95294,20.32956],[92.94967,20.32325],[92.92919,20.32015],[92.92605,20.32492],[92.93083,20.33264],[92.93478,20.33161],[92.93547,20.33625],[92.93983,20.33574],[92.93983,20.33883],[92.94693,20.34166],[92.94857,20.34836],[92.96932,20.37],[92.97491,20.37026],[92.97778,20.35892],[92.98106,20.35725],[92.99157,20.36305],[92.99321,20.37129],[92.98474,20.3785],[92.98174,20.39163],[92.99321,20.39447],[92.99294,20.40039],[92.98201,20.41326],[92.98638,20.42022],[92.97914,20.44417],[92.97135,20.44468],[92.97026,20.44236],[92.97968,20.43515],[92.98296,20.4246],[92.98037,20.41352],[92.99048,20.40296],[92.99075,20.39627],[92.97969,20.39524],[92.97955,20.39292],[92.98406,20.37566],[92.99239,20.37206],[92.99089,20.36382],[92.98461,20.36008],[92.97942,20.36086],[92.97505,20.37283],[92.96959,20.3745],[92.96167,20.36575],[92.95443,20.36896],[92.95088,20.37901],[92.93476,20.39523],[92.93872,20.40141],[92.95456,20.40965],[92.95264,20.41326],[92.93899,20.41145],[92.94008,20.40875],[92.94472,20.41042],[92.94445,20.40811],[92.93489,20.40347],[92.92547,20.40681],[92.92397,20.40217],[92.92766,20.39703],[92.92616,20.39303],[92.92137,20.3947],[92.91276,20.41208],[92.91932,20.41093],[92.92478,20.41248],[92.92396,20.41441],[92.91139,20.41582],[92.92614,20.41814],[92.91986,20.41801],[92.9174,20.42097],[92.92177,20.4202],[92.93283,20.42587],[92.93515,20.43476],[92.92162,20.45188],[92.92435,20.45626],[92.91806,20.45728],[92.90043,20.47479],[92.90275,20.48071],[92.89933,20.48612],[92.88729,20.49577],[92.8832,20.49164],[92.87554,20.49615],[92.8732,20.52087],[92.86718,20.52988],[92.86114,20.55434],[92.86471,20.53322],[92.87101,20.52241],[92.875,20.49383],[92.88306,20.48946],[92.88757,20.49512],[92.89331,20.48972],[92.90194,20.46552],[92.90044,20.45805],[92.90618,20.45805],[92.91124,20.4511],[92.90618,20.44749],[92.91356,20.44492],[92.91466,20.43565],[92.90251,20.42637],[92.9084,20.4032],[92.90458,20.39341],[92.89884,20.39019],[92.8901,20.39932],[92.89228,20.40242],[92.88845,20.41555],[92.89609,20.41864],[92.89418,20.42147],[92.88749,20.41761],[92.88818,20.40525],[92.87875,20.40756],[92.87889,20.41065],[92.88394,20.41168],[92.88339,20.41477],[92.87888,20.42262],[92.8756,20.42275],[92.87738,20.41889],[92.87287,20.41914],[92.86877,20.42403],[92.8715,20.42725],[92.86794,20.43124],[92.87053,20.43871],[92.86302,20.4418],[92.86001,20.44682],[92.85263,20.44668],[92.85249,20.45415],[92.84825,20.45775],[92.85193,20.46265],[92.84249,20.48015],[92.82937,20.48014],[92.831,20.48478],[92.82361,20.50151],[92.82688,20.50383],[92.82728,20.51027],[92.82086,20.50807],[92.81867,20.51193],[92.81403,20.51013],[92.82032,20.50537],[92.81459,20.4997],[92.80269,20.50561],[92.80241,20.51024],[92.80978,20.51617],[92.81059,20.53111],[92.8062,20.53883],[92.80605,20.54939],[92.80332,20.54965],[92.80565,20.54527],[92.80306,20.54037],[92.80786,20.52261],[92.80309,20.51552],[92.79516,20.515],[92.77848,20.52283],[92.77969,20.53082],[92.77627,20.53377],[92.76807,20.53582],[92.75618,20.53388],[92.75794,20.54457],[92.76779,20.53917],[92.77189,20.54034],[92.77433,20.55193],[92.78281,20.55374],[92.77526,20.57459],[92.77047,20.57446],[92.78143,20.55657],[92.7798,20.55335],[92.77269,20.55218],[92.77352,20.54549],[92.77025,20.54136],[92.75807,20.54573],[92.75711,20.55242],[92.74042,20.55497],[92.73164,20.57324],[92.73218,20.57826],[92.74776,20.58331],[92.75061,20.59336],[92.74923,20.60288],[92.72788,20.61083],[92.72648,20.62809],[92.71538,20.64017],[92.71838,20.64649],[92.73152,20.64535],[92.73383,20.64896],[92.73177,20.65372],[92.72109,20.65975],[92.70766,20.6757],[92.70119,20.67508],[92.70958,20.67132],[92.72,20.65743],[92.72657,20.65487],[92.72248,20.64855],[92.7136,20.64558],[92.71443,20.64017],[92.72402,20.62989],[92.72418,20.61701],[92.72802,20.60877],[92.74869,20.60108],[92.74803,20.58769],[92.72725,20.5816],[92.71627,20.60335],[92.69189,20.62404],[92.6621,20.67304],[92.64262,20.69721],[92.64473,20.73043],[92.64267,20.73241],[92.63583,20.73363],[92.61342,20.71878],[92.61834,20.71891],[92.63775,20.73145],[92.64022,20.72733],[92.63603,20.70286],[92.62031,20.6969],[92.60912,20.68464],[92.60131,20.68862],[92.5811,20.72385],[92.59655,20.72955],[92.59585,20.73779],[92.59147,20.73894],[92.58381,20.73454],[92.58066,20.73647],[92.59074,20.7522],[92.57785,20.76041],[92.5693,20.78331],[92.57872,20.79556],[92.59296,20.7956],[92.57707,20.79685],[92.56833,20.78704],[92.56367,20.78986],[92.56514,20.80416],[92.54936,20.81416],[92.55624,20.84997],[92.54538,20.86205],[92.555,20.85177],[92.54826,20.81441],[92.56404,20.80287],[92.56502,20.79643],[92.56175,20.78973],[92.56711,20.7851],[92.57335,20.75692],[92.5865,20.75399],[92.58883,20.74988],[92.57914,20.74007],[92.58053,20.73338],[92.59531,20.73418],[92.59313,20.72903],[92.5852,20.72837],[92.57892,20.72359],[92.55862,20.73706],[92.57727,20.7241],[92.59186,20.694],[92.60009,20.68514],[92.6094,20.68258],[92.6288,20.69653],[92.63646,20.69797],[92.64925,20.66967],[92.68109,20.62183],[92.69463,20.60873],[92.69494,20.60383],[92.68769,20.60201],[92.69538,20.5858],[92.71114,20.57012],[92.70923,20.56677],[92.70294,20.56843],[92.6976,20.57035],[92.69759,20.57782],[92.66955,20.58189],[92.65925,20.59964],[92.65636,20.61122],[92.66046,20.61303],[92.65838,20.6241],[92.64905,20.6385],[92.64271,20.65755],[92.64176,20.65368],[92.64877,20.63747],[92.65673,20.62616],[92.66004,20.61406],[92.65567,20.61148],[92.66709,20.5797],[92.67558,20.57585],[92.69472,20.57782],[92.69911,20.56662],[92.71471,20.56266],[92.72771,20.55289],[92.72104,20.53666],[92.71408,20.53407],[92.72243,20.52636],[92.72422,20.51889],[92.72124,20.50318],[92.7236,20.48322],[92.71514,20.47548],[92.70422,20.47019],[92.70284,20.48023],[92.69901,20.48035],[92.69492,20.47378],[92.69,20.47724],[92.68263,20.47066],[92.67935,20.47349],[92.68152,20.48122],[92.66581,20.47913],[92.6673,20.48351],[92.67591,20.48481],[92.66974,20.49536],[92.65867,20.49276],[92.66018,20.48903],[92.66565,20.4875],[92.67248,20.48919],[92.6714,20.48558],[92.66484,20.48582],[92.66444,20.47861],[92.66759,20.47617],[92.67141,20.48004],[92.6807,20.4807],[92.67648,20.474],[92.68045,20.47001],[92.68427,20.47002],[92.68945,20.47686],[92.69574,20.47352],[92.70065,20.48009],[92.70203,20.47095],[92.7075,20.46929],[92.7221,20.48052],[92.7224,20.46532],[92.72637,20.46262],[92.72323,20.46043],[92.72402,20.45537],[92.72857,20.45619],[92.72894,20.45177],[92.73294,20.45362],[92.73678,20.44925],[92.72557,20.45],[92.73017,20.40095],[92.73469,20.40163],[92.73593,20.39858],[92.73107,20.39662],[92.73045,20.39271],[92.73431,20.39096],[92.73047,20.38293],[92.73309,20.37031],[92.73058,20.31803],[92.7328,20.2982],[92.74224,20.28611],[92.74348,20.27967],[92.73845,20.26924],[92.7193,20.29329],[92.71575,20.2938],[92.70808,20.3064],[92.69646,20.31617],[92.65751,20.39851],[92.63846,20.43066],[92.6105,20.46743],[92.62378,20.45638],[92.62787,20.45819],[92.61157,20.47361],[92.61074,20.47786],[92.60664,20.47978],[92.60802,20.47566],[92.60173,20.47693],[92.59488,20.48413],[92.59157,20.49545],[92.58501,20.49492],[92.52895,20.54809],[92.52606,20.55426],[92.5292,20.55787],[92.52503,20.57872],[92.5143,20.60032],[92.51662,20.60123],[92.50044,20.61599],[92.50946,20.61705],[92.50944,20.62271],[92.50015,20.62127],[92.49629,20.62834],[92.4915,20.62936],[92.49988,20.61869],[92.49221,20.62279],[92.45763,20.65552],[92.46804,20.65156],[92.47541,20.65545],[92.47265,20.66123],[92.45771,20.66917],[92.46016,20.67253],[92.4581,20.67548],[92.454,20.67585],[92.45538,20.672],[92.44608,20.66965],[92.45843,20.6617],[92.45159,20.66104],[92.40388,20.68753],[92.40578,20.69166],[92.41784,20.68629],[92.4255,20.68593],[92.42303,20.68953],[92.41645,20.69273],[92.39866,20.69125],[92.38288,20.7042],[92.41366,20.70624],[92.4175,20.70252],[92.42338,20.7046],[92.42818,20.70075],[92.42075,20.71347],[92.41037,20.70764],[92.40801,20.71562],[92.40018,20.72254],[92.40563,20.72848],[92.41439,20.72851],[92.41681,20.7396],[92.4127,20.74022],[92.4111,20.73159],[92.40289,20.72976],[92.40168,20.72435],[92.39826,20.72318],[92.40078,20.71018],[92.39447,20.7139],[92.38778,20.71065],[92.3855,20.73202],[92.37501,20.75258],[92.37208,20.76776],[92.38495,20.76549],[92.38526,20.75854],[92.39376,20.75368],[92.39378,20.74994],[92.40061,20.75164],[92.40199,20.74907],[92.39406,20.7484],[92.39681,20.74519],[92.41323,20.74705],[92.40909,20.75425],[92.40265,20.75654],[92.40466,20.76608],[92.39537,20.7627],[92.39293,20.75767],[92.38908,20.7619],[92.38849,20.77066],[92.38465,20.77296],[92.37865,20.76843],[92.37423,20.77691],[92.36367,20.78009],[92.36801,20.79093],[92.37457,20.79481],[92.375,20.78863],[92.38007,20.78814],[92.37936,20.79457],[92.37579,20.79739],[92.36867,20.79711],[92.36919,20.8038],[92.38503,20.81403],[92.38406,20.81596],[92.35975,20.80171],[92.35686,20.80608],[92.36151,20.80712],[92.35555,20.82358],[92.36428,20.83134],[92.36494,20.83804],[92.36095,20.84214],[92.35838,20.83415],[92.36194,20.83442],[92.36059,20.83004],[92.35128,20.82923],[92.34456,20.83178],[92.33846,20.84798],[92.33748,20.85377],[92.34597,20.85329],[92.3547,20.86182],[92.36346,20.86262],[92.36594,20.86045],[92.36088,20.85837],[92.36025,20.84626],[92.36601,20.84448],[92.36667,20.84834],[92.37338,20.85107],[92.36844,20.85286],[92.36243,20.84833],[92.36321,20.85786],[92.37029,20.86806],[92.37907,20.86775],[92.37084,20.86909],[92.3662,20.86289],[92.35933,20.86776],[92.35166,20.86799],[92.34868,20.86115],[92.33608,20.85969],[92.33113,20.86392],[92.32983,20.87962],[92.33377,20.88582],[92.34853,20.8954],[92.34578,20.89822],[92.32801,20.88747],[92.31935,20.89477],[92.32408,20.90895],[92.34403,20.92088],[92.35418,20.91873],[92.36458,20.9234],[92.37364,20.91867],[92.3811,20.90595],[92.37618,20.90181],[92.37842,20.89113],[92.36885,20.88608],[92.37602,20.87323],[92.36671,20.87191],[92.37932,20.87208],[92.38056,20.86848],[92.37405,20.887],[92.38062,20.88934],[92.38927,20.88448],[92.38967,20.88705],[92.38583,20.88653],[92.3828,20.89154],[92.38663,20.89374],[92.37895,20.89526],[92.37837,20.90143],[92.38523,20.90069],[92.3893,20.9092],[92.38574,20.90996],[92.38585,20.91485],[92.37941,20.91509],[92.37884,20.92049],[92.37117,20.92085],[92.37553,20.92614],[92.38294,20.92411],[92.38128,20.92887],[92.36369,20.93949],[92.36504,20.94336],[92.37476,20.94674],[92.36871,20.95084],[92.36529,20.94877],[92.36144,20.95287],[92.36627,20.95555],[92.36483,20.9601],[92.36003,20.96162],[92.35949,20.95905],[92.3518,20.96391],[92.35122,20.96957],[92.36217,20.97412],[92.36474,20.98173],[92.36157,20.98583],[92.35857,20.98351],[92.35137,20.99983],[92.34561,21.00045],[92.34535,20.99736],[92.35442,20.9925],[92.35418,20.98426],[92.36119,20.97811],[92.3534,20.97396],[92.34928,20.976],[92.34661,20.98964],[92.34374,20.98731],[92.34741,20.96389],[92.35472,20.95439],[92.35419,20.94873],[92.34803,20.94741],[92.33744,20.92446],[92.31719,20.91678],[92.30934,20.9264],[92.30995,20.94366],[92.31677,20.95013],[92.32339,20.93985],[92.32763,20.9427],[92.3184,20.95296],[92.31728,20.95927],[92.32194,20.95839],[92.32275,20.96122],[92.31121,20.96607],[92.3125,20.98358],[92.30317,20.98612],[92.31165,20.99053],[92.30917,20.99245],[92.29399,20.98428],[92.28735,20.96816],[92.28227,20.97058],[92.28191,20.98783],[92.27818,20.99451],[92.27365,20.99501],[92.2735,20.99836],[92.29102,21.00358],[92.2814,21.00818],[92.28056,21.01255],[92.28657,21.01772],[92.28488,21.02634],[92.27993,21.02864],[92.27827,21.0334],[92.28073,21.03366],[92.2796,21.04139],[92.29546,21.05252],[92.29789,21.06077],[92.30989,21.07421],[92.3247,21.07569],[92.33495,21.08436],[92.33465,21.09053],[92.32596,21.10132],[92.32188,21.12344],[92.32278,21.10723],[92.33439,21.08744],[92.33386,21.08358],[92.32634,21.0775],[92.31016,21.0764],[92.28806,21.05082],[92.27657,21.04369],[92.27327,21.04471],[92.27378,21.05346],[92.26526,21.05742],[92.26564,21.06347],[92.25732,21.08223],[92.23529,21.09758],[92.2239,21.1238],[92.22414,21.13049],[92.21981,21.12054],[92.2072,21.11791],[92.20218,21.12249],[92.1978,21.13847],[92.20416,21.14714],[92.19996,21.16179],[92.18897,21.16316],[92.17992,21.1588],[92.17563,21.16035],[92.17205,21.18112],[92.18148,21.18483],[92.18036,21.19038],[92.20119,21.20254],[92.21088,21.22473],[92.21844,21.23159],[92.2114,21.24909],[92.2207,21.25613],[92.21608,21.26715],[92.21795,21.27373],[92.21639,21.28019],[92.20915,21.28564],[92.21025,21.28821],[92.19836,21.30955],[92.20112,21.31837],[92.19775,21.32877],[92.20624,21.33236],[92.21848,21.34713],[92.22596,21.34994],[92.22944,21.34772],[92.2362,21.35403],[92.25108,21.35685],[92.25865,21.36316],[92.25471,21.36718],[92.2569,21.381],[92.25336,21.38595],[92.26569,21.39906],[92.2683,21.39855],[92.26365,21.41097],[92.26906,21.41574],[92.26925,21.42845],[92.28842,21.42801],[92.29159,21.43047],[92.29756,21.41993],[92.30012,21.42323],[92.31123,21.41757],[92.31541,21.42087],[92.32477,21.41939],[92.3256,21.43072],[92.3378,21.43636],[92.33599,21.44889],[92.34032,21.45349],[92.34332,21.46726],[92.35274,21.46969],[92.357,21.46745],[92.36821,21.47901],[92.37322,21.47615],[92.38078,21.47995],[92.40348,21.45664],[92.41183,21.44226],[92.41645,21.44168],[92.42472,21.43382],[92.43197,21.40582],[92.42737,21.3979],[92.4277,21.37546],[92.43729,21.37184],[92.43847,21.3654],[92.45698,21.36926],[92.46992,21.3632],[92.47297,21.35473],[92.49193,21.362],[92.49675,21.3618],[92.50198,21.35577],[92.5106,21.36395],[92.50775,21.37647],[92.514,21.37696],[92.51698,21.38074],[92.51646,21.3881],[92.53022,21.38836],[92.53476,21.37756],[92.54954,21.379],[92.55555,21.38454],[92.56145,21.37961],[92.56788,21.34282],[92.57371,21.33371],[92.5719,21.32486],[92.57646,21.31922],[92.58702,21.28744],[92.58534,21.27749],[92.59703,21.24396],[92.61586,21.2483],[92.61576,21.25109],[92.62272,21.25087],[92.62211,21.26015],[92.63063,21.2641],[92.63019,21.26867],[92.63616,21.27198],[92.68087,21.28719],[92.67993,21.29683],[92.66474,21.31746],[92.65112,21.35987],[92.6503,21.38533],[92.63925,21.42267],[92.64132,21.42861],[92.63145,21.4457],[92.62419,21.47622],[92.62788,21.4852],[92.61984,21.51607],[92.61506,21.57198],[92.60852,21.59022],[92.61135,21.62052],[92.60309,21.65403],[92.60408,21.67177],[92.60862,21.68484],[92.60088,21.70189],[92.60427,21.7062],[92.60266,21.71355],[92.60831,21.73022],[92.60494,21.74179],[92.60746,21.7511],[92.60515,21.7548],[92.61108,21.77079],[92.60783,21.80416],[92.60946,21.81835],[92.61805,21.82243],[92.62045,21.82743],[92.61564,21.83189],[92.61401,21.85164],[92.62072,21.86191],[92.63125,21.86285],[92.6304,21.86805],[92.63386,21.87314],[92.62241,21.91768],[92.61993,21.92344],[92.61222,21.92422],[92.617,21.93993],[92.61015,21.94312],[92.61287,21.95507],[92.60658,21.97431],[92.62308,21.98249],[92.63507,21.9838],[92.63704,21.9914],[92.64182,21.99272],[92.6428,21.99951],[92.65334,22.01608],[92.6588,22.0155],[92.66367,22.0096],[92.67693,22.00938],[92.68117,22.0148],[92.68521,22.03797],[92.68202,22.10285],[92.68813,22.10348],[92.68894,22.07223],[92.69243,22.07601],[92.69217,22.13809],[92.6962,22.13807],[92.69705,22.14266],[92.69455,22.15345],[92.69981,22.15557],[92.70854,22.14506],[92.72676,22.14972],[92.7353,22.1341],[92.74666,22.13129],[92.75451,22.12368],[92.75994,22.12608],[92.77468,22.10689],[92.79051,22.10498],[92.79767,22.09415],[92.81916,22.08112],[92.82166,22.07383],[92.836,22.07225],[92.84029,22.06051],[92.85119,22.06238],[92.85235,22.06674],[92.85952,22.06709],[92.86341,22.06321],[92.86581,22.04603],[92.86385,22.02624],[92.87335,22.02154],[92.87892,22.01423],[92.88933,22.01266],[92.89446,22.00422],[92.90126,21.94657],[92.90621,21.94018],[92.91193,21.95033],[92.91356,21.97415],[92.91948,21.98254],[92.92007,21.99032],[92.92293,21.99436],[92.92997,21.99611],[92.93571,22.0063],[92.93575,22.0091],[92.92887,22.01054],[92.9276,22.01592],[92.93024,22.01788],[92.93947,22.01331],[92.94211,22.02048],[92.94527,22.02073],[92.95189,22.02996],[92.95689,22.02964],[92.96168,22.02438],[92.96289,22.01546],[92.97913,21.99588],[92.98766,21.97882],[92.99623,21.9784],[93.00502,21.98652],[93.00234,22.00715],[93.00453,22.01733],[92.99518,22.03057],[92.99779,22.03531],[92.9947,22.04242],[92.99776,22.05508],[93.00204,22.05822],[93.00205,22.06729],[93.00695,22.0713],[93.00551,22.08027],[93.01212,22.08858],[93.00445,22.10216],[93.04668,22.09848],[93.05895,22.10041],[93.05461,22.12472],[93.04501,22.13394],[93.04514,22.13724],[93.04189,22.13664],[93.04002,22.14581],[93.0378,22.14433],[93.03677,22.14904],[93.0413,22.15019],[93.04423,22.15696],[93.04215,22.16045],[93.04798,22.16326],[93.04796,22.17537],[93.04215,22.18375],[93.04208,22.19083],[93.03768,22.19468],[93.04189,22.19503],[93.04675,22.20284],[93.0573,22.20111],[93.06357,22.2078],[93.089,22.1969],[93.11117,22.20433],[93.11491,22.19016],[93.12367,22.17862],[93.12321,22.17431],[93.15068,22.17654],[93.15468,22.17902],[93.16171,22.19557],[93.15343,22.20935],[93.14948,22.21105],[93.15242,22.21704],[93.14834,22.22761],[93.13959,22.23494],[93.14366,22.23789],[93.14209,22.2458],[93.14902,22.24955],[93.1564,22.24727],[93.16453,22.25011],[93.16667,22.24641],[93.17642,22.24546],[93.1921,22.25474],[93.19913,22.25518],[93.19784,22.26021],[93.20172,22.26224],[93.20127,22.26663],[93.19774,22.2701],[93.19384,22.28753],[93.19553,22.2917],[93.19874,22.29122],[93.19862,22.29562],[93.18935,22.30151],[93.19612,22.30325],[93.19027,22.30873],[93.19563,22.31619],[93.18915,22.32132],[93.19026,22.32524],[93.197,22.32864],[93.18545,22.33995],[93.18836,22.34559],[93.18825,22.36469],[93.18333,22.37355],[93.18606,22.38138],[93.18965,22.3817],[93.18185,22.39594],[93.1878,22.40416],[93.18281,22.41026],[93.18135,22.41867],[93.18575,22.42384],[93.18483,22.42894],[93.17757,22.43473],[93.17687,22.44087],[93.16751,22.44418],[93.16408,22.45094],[93.13873,22.45444],[93.13116,22.4675],[93.13476,22.49254],[93.12511,22.50224],[93.12379,22.50963],[93.12853,22.52406],[93.10788,22.52478],[93.10627,22.52762],[93.11297,22.53237],[93.1091,22.53784],[93.11215,22.55799],[93.125,22.56954],[93.12922,22.5788],[93.13808,22.58252],[93.14096,22.59091],[93.13665,22.59863],[93.13848,22.60248],[93.13424,22.6148],[93.12696,22.61724],[93.12908,22.62158],[93.12681,22.62619],[93.1222,22.62587],[93.11697,22.63226],[93.10791,22.63549],[93.11,22.65589],[93.10114,22.66214],[93.09543,22.67245],[93.09471,22.68128],[93.10046,22.68036],[93.10199,22.68323],[93.10084,22.6866],[93.09654,22.68669],[93.09874,22.69452],[93.09231,22.70166],[93.09162,22.71024],[93.09736,22.716],[93.09792,22.72691],[93.10597,22.74309],[93.1068,22.75474],[93.09966,22.7632],[93.10255,22.76709],[93.09653,22.77986],[93.098,22.79099],[93.09475,22.80676],[93.11065,22.81785],[93.103,22.82267],[93.11364,22.83049],[93.11019,22.83527],[93.11513,22.83591],[93.11762,22.84338],[93.11687,22.8628],[93.12637,22.87049],[93.12589,22.87661],[93.13445,22.89218],[93.13,22.89931],[93.13176,22.90719],[93.1397,22.9139],[93.15093,22.90798],[93.16417,22.90979],[93.16231,22.91644],[93.1537,22.91765],[93.15301,22.92243],[93.14756,22.92575],[93.14427,22.93864],[93.14604,22.9434],[93.1374,22.9507],[93.14092,22.95375],[93.14083,22.95952],[93.13743,22.96134],[93.1354,22.97071],[93.14218,22.97157],[93.14367,22.97644],[93.13888,22.98124],[93.14115,22.98924],[93.13115,22.99122],[93.12638,23.0021],[93.12053,23.00153],[93.11939,23.00425],[93.12311,23.00744],[93.12782,23.02941],[93.12555,23.0386],[93.13564,23.049],[93.13319,23.05407],[93.1351,23.0599],[93.14006,23.0594],[93.13956,23.05366],[93.14332,23.05198],[93.15166,23.0541],[93.15266,23.04363],[93.15928,23.04386],[93.15991,23.04818],[93.16974,23.04731],[93.18264,23.05962],[93.18989,23.05189],[93.19986,23.055],[93.20275,23.04987],[93.20984,23.04829],[93.21111,23.03844],[93.21743,23.03275],[93.2145,23.02805],[93.21798,23.02296],[93.22395,23.02383],[93.22493,23.02001],[93.22991,23.0195],[93.23003,23.0109],[93.25051,23.00656],[93.26974,23.01069],[93.27494,23.00345],[93.28335,23.00814],[93.29265,23.00573],[93.30351,23.01942],[93.30742,23.02128],[93.31269,23.01848],[93.31314,23.02612],[93.32002,23.02849],[93.31993,23.0356],[93.32819,23.04021],[93.32709,23.04737],[93.33396,23.04966],[93.33468,23.05993],[93.34258,23.05752],[93.33994,23.0662],[93.34955,23.07104],[93.34363,23.07568],[93.33891,23.07429],[93.34655,23.08891],[93.34479,23.09245],[93.35449,23.09743],[93.3582,23.10869],[93.35534,23.11612],[93.36332,23.11522],[93.36435,23.11986],[93.37287,23.12678],[93.37705,23.12671],[93.37667,23.13253],[93.38442,23.13353],[93.38695,23.14289],[93.3841,23.14468],[93.37176,23.1412],[93.36809,23.14457],[93.37298,23.17234],[93.36881,23.17635],[93.37556,23.17788],[93.38029,23.18746],[93.37711,23.1913],[93.3807,23.19926],[93.37551,23.20481],[93.38211,23.21704],[93.38894,23.21778],[93.3812,23.22521],[93.38198,23.23288],[93.37879,23.23467],[93.37693,23.24758],[93.36933,23.25114],[93.37332,23.26189],[93.36567,23.26975],[93.3693,23.27573],[93.36233,23.28056],[93.36701,23.28128],[93.36965,23.2865],[93.36564,23.29376],[93.36842,23.30189],[93.36488,23.30582],[93.36865,23.30747],[93.36592,23.31352],[93.3713,23.31324],[93.36666,23.32201],[93.37169,23.32943],[93.35784,23.34316],[93.35607,23.35349],[93.36989,23.35903],[93.38801,23.36037],[93.39015,23.37146],[93.3869,23.37159],[93.38718,23.37473],[93.39452,23.37618],[93.39692,23.38371],[93.40151,23.38377],[93.40184,23.39028],[93.39475,23.39734],[93.38819,23.42088],[93.39113,23.4427],[93.38782,23.44622],[93.39597,23.45378],[93.39392,23.4647],[93.39749,23.46657],[93.39839,23.47512],[93.39241,23.47853],[93.39568,23.48177],[93.39635,23.5075],[93.39803,23.51118],[93.40291,23.51069],[93.40371,23.51747],[93.40852,23.5176],[93.40893,23.52351],[93.41837,23.53943],[93.41003,23.55964],[93.41387,23.5608],[93.4096,23.5639],[93.42254,23.57172],[93.42258,23.58218],[93.42874,23.58804],[93.42147,23.60798],[93.42005,23.62406],[93.42525,23.62991],[93.42372,23.63428],[93.4179,23.6362],[93.41714,23.64115],[93.42435,23.658],[93.42202,23.66049],[93.4366,23.67815],[93.43698,23.68383],[93.42875,23.68753],[93.42017,23.70136],[93.41044,23.70369],[93.4064,23.71274],[93.41174,23.72463],[93.40302,23.74128],[93.40421,23.74513],[93.39579,23.75003],[93.39234,23.75596],[93.39636,23.76826],[93.39588,23.78787],[93.40421,23.7971],[93.40269,23.812],[93.39037,23.81891],[93.39326,23.82361],[93.38889,23.82632],[93.3904,23.83449],[93.38569,23.84759],[93.38635,23.85894],[93.389,23.86126],[93.38523,23.87698],[93.39051,23.89213],[93.39221,23.91489],[93.39479,23.9173],[93.392,23.91829],[93.39489,23.92422],[93.38777,23.93158],[93.38499,23.93034],[93.37992,23.93437],[93.36601,23.93341],[93.35938,23.94174],[93.36152,23.94507],[93.35211,23.94754],[93.35381,23.95244],[93.34985,23.95528],[93.34997,23.96299],[93.34277,23.96753],[93.34423,23.97362],[93.33691,23.9758],[93.33413,23.98545],[93.33027,23.98683],[93.33607,23.98853],[93.33734,23.99262],[93.3342,23.99309],[93.33238,23.9991],[93.33437,24.0048],[93.32934,24.02036],[93.33649,24.02092],[93.33832,24.02572],[93.32593,24.02929],[93.32882,24.03441],[93.33511,24.03541],[93.33188,24.04281],[93.3275,24.0427],[93.32606,24.04852],[93.32669,24.05304],[93.33206,24.05316],[93.33854,24.06153],[93.33604,24.06374],[93.3375,24.06732],[93.33315,24.07077],[93.33468,24.07287],[93.32816,24.07949],[93.33544,24.0906],[93.35193,24.09266],[93.34277,24.09775],[93.34144,24.10265],[93.34931,24.10341],[93.351,24.09816],[93.35963,24.09168],[93.37081,24.09149],[93.38866,24.0833],[93.3992,24.08545],[93.42025,24.06666],[93.43252,24.02475],[93.43782,24.01701],[93.45263,24.00879],[93.45584,23.99185],[93.45097,23.98774],[93.45179,23.9836],[93.46167,23.97727],[93.47508,23.9616],[93.49016,23.95481],[93.49114,23.95067],[93.50515,23.96204],[93.51277,23.95725],[93.51943,23.95803],[93.52571,23.95361],[93.5246,23.95118],[93.54146,23.94851],[93.54497,23.95815],[93.55239,23.96162],[93.55444,23.97656],[93.56012,23.98201],[93.56886,23.97814],[93.57026,23.97136],[93.58039,23.96276],[93.59135,23.96096],[93.59913,23.9728],[93.60735,23.97253],[93.60761,23.98073],[93.6134,23.99279],[93.61142,23.9969],[93.61724,24.00724],[93.623,24.01065],[93.65382,24.00918],[93.65486,24.00273],[93.66389,24.00165],[93.69117,24.00854],[93.69555,24.00373],[93.72339,23.99766],[93.75502,24.00535],[93.76199,23.99943],[93.7624,23.99153],[93.7729,23.96878],[93.79542,23.95029],[93.79943,23.9329],[93.80779,23.92656],[93.82114,23.92352],[93.83989,23.93205],[93.8588,23.93216],[93.87174,23.94069],[93.88274,23.94163],[93.89424,23.95217],[93.93001,23.95044],[93.95018,23.94218],[93.95825,23.9294],[93.97239,23.92498],[93.98026,23.92898],[93.98708,23.92821],[93.99824,23.92176],[94.01674,23.92692],[94.02481,23.91543],[94.04019,23.91085],[94.04048,23.90158],[94.0492,23.89148],[94.0482,23.8877],[94.06844,23.88983],[94.07348,23.88351],[94.0831,23.88243],[94.08524,23.88748],[94.09571,23.88897],[94.09952,23.8789],[94.10476,23.87423],[94.10323,23.86938],[94.1131,23.86317],[94.1129,23.85673],[94.10916,23.85468],[94.11424,23.85362],[94.11088,23.84953],[94.11398,23.84303],[94.11786,23.84216],[94.11605,23.83908],[94.11847,23.83648],[94.13303,23.83276],[94.14224,23.83543],[94.14223,23.84675],[94.14682,23.8493],[94.15628,23.84772],[94.1676,23.9012],[94.16908,23.92756],[94.17782,23.92608],[94.18866,23.93035],[94.20245,23.98204],[94.2382,24.03317],[94.22836,24.05547],[94.22997,24.05889],[94.23352,24.05764],[94.23292,24.05434],[94.23957,24.05242],[94.25528,24.08278],[94.25378,24.123],[94.25916,24.16204],[94.28072,24.1745],[94.29141,24.23343],[94.29852,24.23781],[94.30316,24.2354],[94.32172,24.27693],[94.32092,24.32635],[94.35059,24.33393],[94.37721,24.37534],[94.3608,24.39442],[94.39572,24.40982],[94.40815,24.43963],[94.39856,24.45364],[94.40167,24.45908],[94.39438,24.48271],[94.41285,24.48172],[94.42394,24.48492],[94.43593,24.50513],[94.45555,24.57074],[94.46664,24.57296],[94.476,24.58011],[94.50966,24.59267],[94.54103,24.64268],[94.54916,24.68284],[94.54399,24.69713],[94.54672,24.70697],[94.56247,24.71124],[94.56936,24.70501],[94.57478,24.71881],[94.58069,24.72201],[94.57878,24.71054],[94.58636,24.70477],[94.60522,24.71285],[94.61269,24.74091],[94.62965,24.75911],[94.61892,24.77921],[94.61874,24.78503],[94.62304,24.79239],[94.62085,24.79623],[94.62889,24.80186],[94.63229,24.83977],[94.65081,24.85649],[94.64831,24.86154],[94.65252,24.86305],[94.65541,24.87007],[94.66373,24.87196],[94.66306,24.87821],[94.67528,24.8958],[94.67494,24.90218],[94.69284,24.90885],[94.70192,24.92913],[94.71147,24.92974],[94.7139,24.93479],[94.70496,24.95136],[94.69632,24.96038],[94.69649,24.96796],[94.703,24.98289],[94.72702,24.99977],[94.72886,25.01194],[94.73907,25.02368],[94.73769,25.0276],[94.7431,25.03662],[94.74226,25.04339],[94.73608,25.04955],[94.74425,25.05771],[94.74278,25.06362],[94.73781,25.06571],[94.74505,25.08075],[94.74013,25.09168],[94.74102,25.10364],[94.73602,25.11021],[94.74109,25.12162],[94.73696,25.13536],[94.7151,25.13814],[94.70293,25.14586],[94.69681,25.15537],[94.68906,25.15824],[94.68009,25.14909],[94.67663,25.15494],[94.6631,25.16354],[94.6486,25.1684],[94.63981,25.16657],[94.62032,25.18699],[94.60597,25.18174],[94.60303,25.18705],[94.59153,25.19392],[94.59134,25.19906],[94.58128,25.21195],[94.57596,25.21408],[94.58537,25.22987],[94.58603,25.24782],[94.58951,25.25503],[94.58553,25.266],[94.58815,25.27355],[94.60568,25.30635],[94.60663,25.31617],[94.61807,25.33028],[94.62507,25.34784],[94.63476,25.35813],[94.63237,25.39004],[94.64861,25.40687],[94.65929,25.40633],[94.66993,25.41877],[94.67348,25.4265],[94.67073,25.44251],[94.68124,25.45542],[94.68371,25.46644],[94.69181,25.46517],[94.70945,25.47155],[94.71886,25.47013],[94.72783,25.47656],[94.74481,25.48214],[94.75165,25.49411],[94.75768,25.491],[94.76352,25.48118],[94.78144,25.4801],[94.7883,25.4896],[94.80613,25.4921],[94.81164,25.51073],[94.82526,25.52408],[94.82315,25.53488],[94.83416,25.55329],[94.85407,25.56458],[94.88064,25.56283],[94.88955,25.56708],[94.89827,25.56706],[94.89081,25.57909],[94.88149,25.58555],[94.88207,25.59167],[94.90151,25.59807],[94.91505,25.60806],[94.91762,25.62767],[94.92559,25.63777],[94.92462,25.64974],[94.93244,25.65755],[94.93696,25.66849],[94.95017,25.67366],[94.95243,25.67886],[94.97147,25.68976],[94.9891,25.70734],[94.99226,25.72038],[95.00244,25.72831],[95.02409,25.73204],[95.02821,25.73767],[95.03979,25.74055],[95.04816,25.75826],[95.04349,25.77384],[95.04651,25.77994],[95.04524,25.78528],[95.05022,25.79265],[95.05,25.80071],[95.03338,25.81362],[95.02972,25.83978],[95.02279,25.84495],[95.01825,25.86083],[95.00809,25.86716],[95.01165,25.87622],[95.0196,25.88034],[95.01154,25.89772],[95.02992,25.91708],[95.03275,25.92537],[95.03101,25.92843],[95.0447,25.92765],[95.05122,25.93664],[95.06493,25.94268],[95.07259,25.94167],[95.08132,25.94898],[95.09728,25.95572],[95.10083,25.96543],[95.11366,25.97465],[95.1156,25.98307],[95.11851,25.98612],[95.12494,25.98514],[95.14591,26.01503],[95.15764,26.02333],[95.16531,26.05074],[95.18486,26.07014],[95.17889,26.0805],[95.16573,26.09203],[95.14812,26.08735],[95.13981,26.09468],[95.12368,26.0966],[95.11758,26.10085],[95.11597,26.11381],[95.1263,26.12844],[95.11917,26.14075],[95.12313,26.1463],[95.11933,26.14774],[95.11707,26.15875],[95.12589,26.17887],[95.12161,26.18542],[95.14255,26.2112],[95.13268,26.21579],[95.1145,26.23256],[95.12676,26.25342],[95.12224,26.25623],[95.11957,26.26565],[95.12515,26.27959],[95.12816,26.30123],[95.12318,26.30683],[95.12625,26.32293],[95.12266,26.32498],[95.12263,26.33032],[95.12841,26.34023],[95.12202,26.34788],[95.12216,26.3577],[95.12868,26.36591],[95.13254,26.37776],[95.12861,26.38654],[95.12082,26.38706],[95.10606,26.396],[95.09979,26.39385],[95.09803,26.40283],[95.10346,26.41376],[95.10354,26.42135],[95.08363,26.44758],[95.075,26.44678],[95.07039,26.45056],[95.07095,26.45902],[95.06781,26.46207],[95.07184,26.46463],[95.07252,26.47229],[95.08181,26.47957],[95.08838,26.49002],[95.09592,26.49318],[95.10069,26.50467],[95.1144,26.51796],[95.114,26.53105],[95.11251,26.5363],[95.1071,26.53972],[95.10824,26.54264],[95.12301,26.55204],[95.12585,26.55873],[95.13883,26.55635],[95.14069,26.56771],[95.15254,26.58172],[95.14562,26.59741],[95.14907,26.6158],[95.164,26.6218],[95.16821,26.62577],[95.16685,26.63461],[95.18149,26.64272],[95.19788,26.64269],[95.20909,26.64864],[95.23351,26.68162],[95.24963,26.68411],[95.25761,26.67642],[95.25625,26.6621],[95.25877,26.65564],[95.27334,26.65855],[95.30358,26.65048],[95.31201,26.66091],[95.32581,26.66448],[95.3355,26.67342],[95.34542,26.67538],[95.34904,26.67221],[95.36109,26.67135],[95.37335,26.68407],[95.39381,26.68457],[95.40132,26.68932],[95.4026,26.69454],[95.41674,26.69354],[95.43117,26.70082],[95.43237,26.71632],[95.44558,26.72485],[95.46058,26.74373],[95.47336,26.74062],[95.48321,26.74651],[95.48471,26.76033],[95.50499,26.79293],[95.50796,26.80949],[95.52316,26.81495],[95.52316,26.81945],[95.53138,26.8278],[95.53628,26.82807],[95.54252,26.83565],[95.54836,26.8347],[95.55881,26.82898],[95.56885,26.81719],[95.58541,26.81748],[95.60278,26.81188],[95.60768,26.8139],[95.61253,26.82535],[95.62086,26.83174],[95.62708,26.84399],[95.62942,26.85817],[95.62678,26.86228],[95.63314,26.86848],[95.63215,26.87356],[95.64521,26.87728],[95.64661,26.88494],[95.66684,26.90324],[95.67572,26.90074],[95.6791,26.89628],[95.69512,26.89217],[95.70699,26.88063],[95.71596,26.87873],[95.72207,26.88144],[95.72815,26.89059],[95.74241,26.895],[95.74556,26.9001],[95.75044,26.90929],[95.74549,26.91908],[95.74761,26.92588],[95.75426,26.92985],[95.76191,26.94741],[95.75824,26.9549],[95.76092,26.96536],[95.7675,26.97655],[95.78081,26.97892],[95.78239,26.99019],[95.79516,26.99768],[95.80247,27.00762],[95.80085,27.01472],[95.83117,27.00797],[95.84204,27.01425],[95.86969,27.01343],[95.87517,27.0149],[95.87801,27.02245],[95.89477,27.02665],[95.9031,27.03875],[95.90947,27.03699],[95.94095,27.04913],[95.94649,27.05269],[95.95656,27.07963],[95.96487,27.08746],[95.96327,27.09333],[95.98645,27.11442],[95.99729,27.13483],[96.01067,27.14309],[96.02201,27.17968],[96.03165,27.18621],[96.03973,27.18747],[96.06301,27.20578],[96.07602,27.20787],[96.09003,27.22372],[96.09927,27.22449],[96.11146,27.232],[96.11919,27.23202],[96.15469,27.24825],[96.18563,27.24949],[96.19611,27.26125],[96.20968,27.26152],[96.21043,27.26499],[96.22515,27.27338],[96.22878,27.27881],[96.23382,27.27613],[96.24581,27.27663],[96.24884,27.27251],[96.25516,27.2748],[96.2575,27.27159],[96.26054,27.27403],[96.2715,27.27183],[96.27459,27.28396],[96.30816,27.29455],[96.34239,27.28502],[96.34862,27.28742],[96.35239,27.29532],[96.36601,27.2875],[96.36873,27.29038],[96.37445,27.28529],[96.38644,27.28483],[96.40232,27.29194],[96.40619,27.28854],[96.42275,27.30246],[96.43403,27.30272],[96.44071,27.30651],[96.44632,27.29971],[96.45941,27.30684],[96.48755,27.29641],[96.49733,27.30086],[96.50745,27.29995],[96.51713,27.28744],[96.52423,27.28696],[96.53106,27.29609],[96.54181,27.30087],[96.54359,27.31079],[96.55145,27.31427],[96.55131,27.31802],[96.56397,27.3187],[96.58788,27.33601],[96.5954,27.33449],[96.59511,27.34156],[96.59027,27.34682],[96.60058,27.35449],[96.60672,27.36613],[96.62378,27.36736],[96.64649,27.35957],[96.66122,27.36481],[96.66428,27.3619],[96.69763,27.35828],[96.70104,27.35966],[96.70415,27.37277],[96.72076,27.36403],[96.72977,27.3626],[96.72867,27.36049],[96.74437,27.35927],[96.7515,27.35318],[96.76641,27.35786],[96.78933,27.34606],[96.79857,27.34514],[96.80517,27.32933],[96.81932,27.31257],[96.83817,27.30123],[96.83876,27.29764],[96.84817,27.29062],[96.85058,27.27782],[96.84721,27.27184],[96.8589,27.26204],[96.86856,27.25884],[96.88401,27.26063],[96.88792,27.2482],[96.88108,27.24033],[96.88249,27.23694],[96.88697,27.23666],[96.88529,27.228],[96.85462,27.20989],[96.85774,27.20491],[96.8566,27.19299],[96.87432,27.18108],[96.91291,27.16639],[96.93208,27.16207],[96.95749,27.16373],[96.96562,27.15882],[96.9847,27.15557],[96.99223,27.14112],[97.0086,27.14044],[97.02582,27.12998],[97.03189,27.12946],[97.03528,27.12572],[97.03349,27.12097],[97.04457,27.11324],[97.04597,27.10665],[97.05615,27.10354],[97.06258,27.09266],[97.0731,27.09236],[97.07416,27.09839],[97.08843,27.09533],[97.09713,27.09718],[97.09458,27.1038],[97.09907,27.10851],[97.10746,27.10438],[97.1191,27.10435],[97.12443,27.0961],[97.13854,27.09189],[97.14408,27.10444],[97.15006,27.10925],[97.14942,27.118],[97.16126,27.12311],[97.16097,27.13094],[97.16526,27.13462],[97.16341,27.14262],[97.15136,27.14961],[97.14687,27.16551],[97.13942,27.16437],[97.12318,27.17662],[97.12179,27.19025],[97.09067,27.21373],[97.09235,27.22677],[97.08835,27.23925],[97.07342,27.24805],[97.07346,27.25219],[97.06772,27.25838],[97.05375,27.26666],[97.05618,27.26995],[97.05414,27.27546],[97.04113,27.28222],[97.02937,27.30114],[97.02793,27.30868],[97.02202,27.30764],[97.01444,27.31313],[97.00914,27.31145],[96.99909,27.31884],[96.99124,27.3443],[96.9809,27.34635],[96.97823,27.35759],[96.96193,27.37398],[96.96902,27.38099],[96.96189,27.39441],[96.96379,27.40203],[96.93418,27.41615],[96.93271,27.43129],[96.91644,27.44691],[96.90311,27.45354],[96.90713,27.47875],[96.91607,27.49583],[96.92634,27.50759],[96.92179,27.51006],[96.92662,27.52654],[96.91958,27.53694],[96.90753,27.54379],[96.91102,27.55846],[96.90851,27.56757],[96.90997,27.57845],[96.89212,27.5776],[96.89545,27.5894],[96.89193,27.60356],[96.89427,27.61589],[96.90503,27.61437],[96.91146,27.61922],[96.91323,27.62633],[96.92334,27.63254],[96.92846,27.64279],[96.93233,27.64444],[96.93815,27.66126],[96.95201,27.66424],[96.9674,27.6629],[96.97193,27.66715],[96.9787,27.66404],[96.98419,27.66694],[96.98675,27.68581],[96.99353,27.69686],[97.00761,27.70909],[97.00978,27.71812],[97.01736,27.72805],[97.01564,27.73361],[97.01866,27.74008],[97.02851,27.74197],[97.03258,27.7497],[97.04066,27.74755],[97.04686,27.73996],[97.0617,27.74969],[97.07659,27.73688],[97.08528,27.73407],[97.09746,27.75033],[97.09818,27.75307],[97.09229,27.7572],[97.09646,27.76632],[97.11071,27.77636],[97.11326,27.7843],[97.12058,27.78473],[97.13709,27.80448],[97.14776,27.8043],[97.16478,27.81491],[97.16518,27.82817],[97.18463,27.83226],[97.18131,27.84017],[97.19754,27.84967],[97.19895,27.85459],[97.20731,27.85886],[97.21496,27.86913],[97.22587,27.87338],[97.24825,27.90017],[97.26207,27.90097],[97.2675,27.90932],[97.27259,27.90743],[97.28016,27.91011],[97.28171,27.9079],[97.29859,27.91619],[97.30448,27.91386],[97.30839,27.90475],[97.31417,27.90453],[97.32137,27.89516],[97.31926,27.88981],[97.3224,27.88751],[97.33297,27.88426],[97.34111,27.88552],[97.34469,27.88093],[97.3621,27.8729],[97.36911,27.88498],[97.3802,27.89175],[97.36986,27.90724],[97.37359,27.92241],[97.3666,27.9388],[97.37626,27.95064],[97.36193,27.96451],[97.36631,27.97698],[97.37178,27.97595],[97.37885,27.9843],[97.38355,27.98554],[97.38617,27.99503],[97.38364,27.99971],[97.39524,28.01206],[97.38864,28.01602],[97.38987,28.02269],[97.37761,28.0226],[97.37361,28.03574],[97.36597,28.04701],[97.35909,28.05062],[97.35305,28.06376],[97.34796,28.06539],[97.33787,28.058],[97.31917,28.05932],[97.31249,28.06258],[97.32344,28.08265],[97.32817,28.0843],[97.32622,28.09736],[97.32223,28.10197],[97.33103,28.10803],[97.32509,28.11058],[97.32317,28.11677],[97.32897,28.12632],[97.32471,28.13303],[97.32599,28.14123],[97.33321,28.14189],[97.34076,28.14988],[97.3517,28.15203],[97.35245,28.15814],[97.35849,28.16502],[97.35314,28.17583],[97.36156,28.19854],[97.36093,28.20338],[97.34591,28.21021],[97.34906,28.23921],[97.36916,28.2425],[97.37348,28.23702],[97.37974,28.23786],[97.39742,28.24166],[97.40657,28.24968],[97.41224,28.25057],[97.41452,28.25621],[97.40199,28.27228],[97.4015,28.28189],[97.41606,28.29643],[97.42474,28.29722],[97.45928,28.27134],[97.46822,28.27307],[97.4714,28.28043],[97.47882,28.28342],[97.48042,28.28739],[97.47202,28.29491],[97.46848,28.30591],[97.47895,28.31078],[97.48086,28.31613],[97.50417,28.31492],[97.51798,28.33055],[97.5179,28.33361],[97.50158,28.33877],[97.50274,28.34156],[97.49643,28.35085],[97.49863,28.35881],[97.48743,28.36667],[97.48323,28.3774],[97.47812,28.37998],[97.47803,28.38437],[97.48469,28.39094],[97.50251,28.40084],[97.50122,28.40474],[97.50757,28.41341],[97.50553,28.42018],[97.50023,28.42433],[97.50768,28.43601],[97.52382,28.44431],[97.52089,28.45027],[97.51303,28.45262],[97.50405,28.46593],[97.50514,28.49087],[97.50093,28.49463],[97.50909,28.50024],[97.52012,28.49572],[97.52228,28.49881],[97.52015,28.50176],[97.52383,28.50604],[97.5322,28.50645],[97.539,28.51429],[97.53773,28.52353],[97.55467,28.531],[97.55787,28.53828],[97.56779,28.54661],[97.58067,28.54767],[97.59155,28.53898],[97.5967,28.53135],[97.59145,28.52188],[97.60094,28.51831],[97.62114,28.52004],[97.6317,28.53659],[97.6515,28.53394],[97.65796,28.5401],[97.66494,28.53727],[97.66822,28.52465],[97.68512,28.52463],[97.69038,28.51669],[97.68849,28.50555],[97.71182,28.5007],[97.7231,28.49519],[97.72503,28.48181],[97.73167,28.47968],[97.73044,28.4758],[97.73977,28.46318],[97.73468,28.45995],[97.73693,28.45563],[97.7335,28.44861],[97.73819,28.44405],[97.73776,28.43308],[97.73311,28.42843],[97.73641,28.41722],[97.74489,28.41234],[97.73698,28.40814],[97.73558,28.39776],[97.7433,28.39522],[97.75436,28.38526],[97.75488,28.38113],[97.76616,28.3818],[97.77776,28.37016],[97.78026,28.36256],[97.78772,28.36055],[97.78658,28.35186],[97.79766,28.33052],[97.81939,28.33444],[97.82997,28.33094],[97.83409,28.33277],[97.84269,28.32696],[97.84723,28.33304],[97.84312,28.34444],[97.84517,28.35161],[97.85736,28.3558],[97.86698,28.36567],[97.89633,28.36878],[97.91238,28.36633],[97.91909,28.35246],[97.93829,28.33959],[97.94088,28.32958],[97.95089,28.32426],[97.95835,28.32598],[97.96232,28.32276],[97.95937,28.31969],[97.96104,28.31164],[97.95343,28.30611],[97.95571,28.30024],[97.96877,28.29438],[97.99139,28.29201],[97.99405,28.28442],[98.01447,28.27007],[98.02338,28.24565],[98.01647,28.2455],[98.01138,28.23268],[98.01472,28.22732],[98.00594,28.21937],[98.02034,28.19738],[98.03508,28.18993],[98.05182,28.19047],[98.05019,28.20349],[98.08045,28.20589],[98.08931,28.19856],[98.09466,28.17278],[98.10378,28.16491],[98.12116,28.16565],[98.12947,28.15871],[98.13207,28.15067],[98.13861,28.14658],[98.15121,28.12146],[98.14838,28.11569],[98.16003,28.10631],[98.16189,28.101],[98.15859,28.09147],[98.15974,28.08472],[98.15299,28.07455],[98.15339,28.06534],[98.13808,28.04586],[98.14406,28.01915],[98.13936,28.01238],[98.14122,27.99716],[98.13495,27.99611],[98.13178,27.9864],[98.13616,27.98156],[98.13794,27.96273],[98.14023,27.95591],[98.1542,27.94143],[98.16753,27.93948],[98.18518,27.94286],[98.1886,27.94051],[98.18871,27.9325],[98.19305,27.92787],[98.19654,27.91329],[98.20245,27.9054],[98.20066,27.90068],[98.2062,27.89197],[98.20032,27.88353],[98.2023,27.87742],[98.1995,27.87484],[98.18234,27.87493],[98.18062,27.86725],[98.17451,27.86253],[98.17662,27.85841],[98.1701,27.85347],[98.17321,27.84274],[98.17662,27.8353],[98.20704,27.81654],[98.21266,27.81346],[98.22517,27.81348],[98.22433,27.80113],[98.22682,27.79672],[98.2214,27.79087],[98.21802,27.77868],[98.2185,27.76322],[98.22511,27.7546],[98.24206,27.74961],[98.24641,27.74398],[98.24545,27.73772],[98.22619,27.73003],[98.22255,27.71412],[98.23405,27.70718],[98.23542,27.69193],[98.2649,27.67459],[98.26733,27.66199],[98.27862,27.66528],[98.28554,27.65633],[98.28513,27.64201],[98.28864,27.6358],[98.29716,27.63562],[98.30111,27.63247],[98.30262,27.6287],[98.29818,27.6163],[98.30269,27.59795],[98.31032,27.58543],[98.30714,27.55721],[98.30881,27.54507],[98.31856,27.53184],[98.31723,27.52302],[98.33817,27.51179],[98.3533,27.51645],[98.36591,27.51088],[98.37643,27.51042],[98.39322,27.52306],[98.4029,27.54339],[98.4115,27.5492],[98.43018,27.55338],[98.43417,27.57143],[98.42923,27.59654],[98.4341,27.60408],[98.43315,27.61089],[98.42975,27.61252],[98.43888,27.62716],[98.43902,27.63473],[98.43286,27.6423],[98.43372,27.65228],[98.43013,27.6562],[98.43201,27.6661],[98.44352,27.66917],[98.45877,27.65795],[98.46631,27.64303],[98.4756,27.63753],[98.48523,27.63679],[98.48896,27.63939],[98.50538,27.63575],[98.50795,27.62893],[98.51983,27.62868],[98.5276,27.62274],[98.53642,27.62485],[98.53737,27.63874],[98.54959,27.64291],[98.55039,27.64841],[98.55867,27.64751],[98.56283,27.64334],[98.57311,27.61412],[98.57926,27.60818],[98.58068,27.5987],[98.58689,27.59197],[98.58318,27.57434],[98.59053,27.56847],[98.59819,27.57257],[98.59866,27.57908],[98.60679,27.58177],[98.61058,27.57854],[98.62089,27.57925],[98.632,27.57541],[98.6465,27.56794],[98.65283,27.5737],[98.65382,27.58186],[98.6647,27.58986],[98.67469,27.5858],[98.68036,27.57335],[98.68853,27.56509],[98.70341,27.56444],[98.70741,27.55755],[98.69902,27.54897],[98.69872,27.53881],[98.70502,27.5202],[98.6923,27.51814],[98.68909,27.5127],[98.69341,27.50757],[98.68438,27.48825],[98.70362,27.46671],[98.70271,27.45411],[98.68772,27.44855],[98.69014,27.43768],[98.68599,27.43414],[98.68711,27.42658],[98.70211,27.41522],[98.70052,27.40317],[98.70382,27.38849],[98.69882,27.3837],[98.70381,27.36874],[98.71596,27.35681],[98.7343,27.35374],[98.73237,27.34009],[98.74035,27.33349],[98.73886,27.31694],[98.73224,27.30126],[98.73359,27.28879],[98.72581,27.27771],[98.71726,27.2743],[98.71509,27.25934],[98.73112,27.24687],[98.724,27.24509],[98.71766,27.23476],[98.72371,27.22978],[98.72341,27.22429],[98.709,27.22185],[98.69683,27.215],[98.69181,27.19971],[98.70201,27.19147],[98.70705,27.1752],[98.7057,27.16692],[98.71123,27.15684],[98.70919,27.15086],[98.71343,27.14318],[98.70835,27.13768],[98.71367,27.11809],[98.70961,27.11118],[98.70996,27.10356],[98.71497,27.09507],[98.7123,27.08219],[98.71874,27.07306],[98.72568,27.07037],[98.73987,27.07536],[98.74688,27.07141],[98.75123,27.06449],[98.76478,27.05442],[98.76776,27.04174],[98.76361,27.03398],[98.76298,27.02168],[98.74319,27.01561],[98.73321,27.00483],[98.74332,26.99466],[98.73713,26.96672],[98.74583,26.94734],[98.74368,26.93621],[98.75343,26.9258],[98.75208,26.91127],[98.75772,26.8854],[98.75291,26.8731],[98.74653,26.87177],[98.73099,26.85465],[98.73818,26.83939],[98.75069,26.82684],[98.76228,26.8024],[98.75789,26.78401],[98.75926,26.76882],[98.75591,26.76494],[98.75609,26.74855],[98.75233,26.743],[98.7542,26.73589],[98.74862,26.73066],[98.74287,26.71411],[98.74754,26.6999],[98.75579,26.69456],[98.77065,26.69259],[98.76514,26.67802],[98.76759,26.67176],[98.76168,26.66701],[98.77094,26.63737],[98.77576,26.63431],[98.78183,26.62265],[98.77682,26.61781],[98.78185,26.604],[98.76853,26.57408],[98.75979,26.57364],[98.75353,26.56439],[98.75553,26.54289],[98.75219,26.53611],[98.75449,26.52701],[98.74847,26.50947],[98.75723,26.50026],[98.75041,26.4815],[98.75084,26.46945],[98.74503,26.45656],[98.74628,26.44758],[98.74077,26.43965],[98.74258,26.43382],[98.75082,26.42779],[98.74555,26.41973],[98.74479,26.41487],[98.74802,26.41077],[98.74359,26.40737],[98.74123,26.3873],[98.73164,26.38519],[98.72713,26.37241],[98.73352,26.35421],[98.72288,26.34181],[98.71575,26.34007],[98.70436,26.32458],[98.68138,26.3111],[98.68476,26.2946],[98.67853,26.28777],[98.67676,26.28027],[98.68077,26.27203],[98.67884,26.25501],[98.67308,26.2489],[98.67197,26.24259],[98.68377,26.24051],[98.6908,26.23495],[98.6983,26.24463],[98.70593,26.24232],[98.71349,26.23468],[98.71418,26.22681],[98.72546,26.21235],[98.72403,26.20352],[98.73666,26.18933],[98.72612,26.1625],[98.71162,26.1597],[98.70791,26.15313],[98.70942,26.14525],[98.71485,26.14466],[98.72037,26.13068],[98.70303,26.11937],[98.70052,26.11284],[98.69278,26.11471],[98.68757,26.1049],[98.68029,26.0998],[98.67337,26.09964],[98.66808,26.09138],[98.66053,26.09077],[98.65682,26.10362],[98.66557,26.11499],[98.6664,26.12508],[98.65468,26.14321],[98.64681,26.14741],[98.63152,26.15109],[98.62254,26.14314],[98.61389,26.141],[98.61059,26.13491],[98.60238,26.13271],[98.59063,26.14327],[98.58326,26.1455],[98.58484,26.13957],[98.58188,26.12809],[98.57296,26.1216],[98.57979,26.11026],[98.58057,26.10216],[98.58504,26.09886],[98.58664,26.08497],[98.58116,26.08132],[98.58045,26.07462],[98.59401,26.07447],[98.60093,26.0605],[98.59862,26.05484],[98.60237,26.04395],[98.60121,26.03057],[98.60974,26.01688],[98.60721,26.01324],[98.61097,26.00897],[98.61034,25.99606],[98.61585,25.98718],[98.61724,25.97756],[98.62916,25.97208],[98.64268,25.97688],[98.64898,25.97251],[98.64815,25.96531],[98.65442,25.96123],[98.66088,25.96152],[98.6604,25.95629],[98.68131,25.94202],[98.68651,25.93463],[98.68976,25.91166],[98.70234,25.9007],[98.70526,25.8948],[98.70301,25.89059],[98.70994,25.88272],[98.7052,25.86737],[98.70811,25.86031],[98.70527,25.85491],[98.69257,25.84575],[98.68526,25.84522],[98.68449,25.83711],[98.67381,25.81999],[98.66792,25.8216],[98.65631,25.81834],[98.65163,25.80913],[98.63645,25.79977],[98.62982,25.80229],[98.62355,25.80987],[98.61708,25.80879],[98.61082,25.81423],[98.60369,25.81364],[98.59152,25.82528],[98.57903,25.82717],[98.57413,25.84086],[98.56182,25.84858],[98.55328,25.8486],[98.54891,25.84336],[98.54275,25.8476],[98.53159,25.84631],[98.52919,25.83967],[98.5209,25.83769],[98.51738,25.83346],[98.5202,25.82503],[98.50657,25.81553],[98.49394,25.81268],[98.48961,25.80235],[98.49084,25.79615],[98.48317,25.79387],[98.4745,25.7835],[98.47382,25.77708],[98.48096,25.76036],[98.4589,25.7372],[98.46069,25.72294],[98.46905,25.70764],[98.46264,25.70344],[98.45723,25.68568],[98.43259,25.68228],[98.43307,25.67911],[98.41763,25.67318],[98.4101,25.66355],[98.40518,25.63376],[98.40779,25.63139],[98.40581,25.62727],[98.40908,25.61059],[98.40198,25.60317],[98.40065,25.59632],[98.37868,25.59619],[98.37391,25.58451],[98.36311,25.58272],[98.36221,25.57779],[98.34342,25.57683],[98.32177,25.56142],[98.31427,25.54784],[98.30215,25.55122],[98.30142,25.55679],[98.29654,25.56143],[98.29542,25.57574],[98.28108,25.5818],[98.27526,25.59313],[98.26769,25.59467],[98.26371,25.60176],[98.25594,25.60323],[98.25375,25.60779],[98.24835,25.60593],[98.24243,25.61238],[98.236,25.6083],[98.21885,25.61314],[98.21668,25.61108],[98.21466,25.61664],[98.20511,25.62029],[98.2008,25.61505],[98.1927,25.61603],[98.18597,25.61926],[98.18172,25.62636],[98.16763,25.62668],[98.18071,25.59643],[98.18128,25.58333],[98.1877,25.57462],[98.18337,25.56061],[98.17304,25.54857],[98.16197,25.54669],[98.1575,25.52987],[98.14907,25.52433],[98.13033,25.51966],[98.12475,25.5092],[98.13751,25.4984],[98.13839,25.49085],[98.1452,25.48635],[98.14399,25.48323],[98.15171,25.47377],[98.15702,25.45634],[98.15413,25.44118],[98.14505,25.43045],[98.15398,25.41916],[98.14964,25.41806],[98.14825,25.40785],[98.13755,25.38666],[98.12741,25.38841],[98.12385,25.38598],[98.10226,25.39523],[98.09671,25.35404],[98.09061,25.34654],[98.08906,25.33791],[98.07676,25.33705],[98.07259,25.33137],[98.07013,25.31406],[98.03919,25.30373],[98.02567,25.30778],[98.02507,25.31043],[98.012,25.30693],[98.00412,25.29598],[98.00605,25.28031],[97.99922,25.27772],[97.98963,25.2611],[97.97815,25.25297],[97.96901,25.24018],[97.9638,25.23912],[97.96073,25.24243],[97.95722,25.23406],[97.95309,25.23194],[97.9525,25.22602],[97.94422,25.21796],[97.93246,25.2185],[97.91566,25.2135],[97.90433,25.21737],[97.89557,25.23475],[97.88202,25.2473],[97.87462,25.2619],[97.86855,25.26657],[97.85682,25.26547],[97.83931,25.27344],[97.83281,25.25577],[97.81936,25.23556],[97.81398,25.2157],[97.80704,25.20359],[97.808,25.19628],[97.8009,25.18672],[97.80049,25.1823],[97.80412,25.17881],[97.79962,25.17767],[97.79614,25.17085],[97.8009,25.16876],[97.78194,25.14149],[97.77558,25.12112],[97.75885,25.10278],[97.75642,25.0957],[97.74949,25.09409],[97.744,25.08152],[97.73687,25.07935],[97.73065,25.08158],[97.73005,25.08767],[97.7192,25.08255],[97.72619,25.06582],[97.72799,25.04694],[97.71745,25.01395],[97.72005,25.00427],[97.71612,24.9819],[97.71978,24.97069],[97.72763,24.96403],[97.73076,24.95272],[97.72931,24.91165],[97.73944,24.90654],[97.74313,24.89702],[97.7624,24.88122],[97.77253,24.88726],[97.78074,24.87996],[97.78407,24.88032],[97.78955,24.87092],[97.79085,24.86063],[97.79892,24.85926],[97.7982,24.85006],[97.78097,24.83804],[97.77926,24.83361],[97.76362,24.82705],[97.7622,24.82967],[97.75748,24.82689],[97.74796,24.82744],[97.7442,24.83227],[97.73773,24.83226],[97.7339,24.82824],[97.72941,24.83237],[97.70847,24.83761],[97.70355,24.84213],[97.70038,24.84086],[97.69452,24.83283],[97.67622,24.82634],[97.65152,24.79526],[97.6276,24.78731],[97.61804,24.77895],[97.59879,24.77563],[97.59701,24.77192],[97.58902,24.76895],[97.5844,24.77201],[97.57197,24.77052],[97.56554,24.7644],[97.5637,24.75496],[97.5527,24.74847],[97.54793,24.74106],[97.5527,24.73005],[97.56437,24.72865],[97.56793,24.72239],[97.56855,24.70727],[97.56461,24.70172],[97.56945,24.68658],[97.56977,24.66515],[97.57467,24.66205],[97.56743,24.65548],[97.56594,24.64569],[97.5684,24.64433],[97.56788,24.62094],[97.57114,24.61802],[97.56755,24.6172],[97.57089,24.60324],[97.56311,24.59327],[97.56508,24.58463],[97.56144,24.5734],[97.56422,24.56551],[97.55989,24.54904],[97.55972,24.52841],[97.5558,24.52343],[97.55596,24.49657],[97.5485,24.47693],[97.52812,24.44406],[97.53298,24.43979],[97.53305,24.43564],[97.54682,24.44121],[97.56063,24.44178],[97.56241,24.43929],[97.57654,24.44403],[97.59115,24.4384],[97.59983,24.4471],[97.60329,24.44239],[97.6215,24.44231],[97.6682,24.45591],[97.68058,24.44111],[97.67561,24.43677],[97.67614,24.42929],[97.67907,24.4188],[97.68519,24.41457],[97.67696,24.41012],[97.68,24.40222],[97.69103,24.38812],[97.70295,24.3852],[97.705,24.38047],[97.71434,24.37811],[97.71628,24.36994],[97.72153,24.36844],[97.70242,24.34517],[97.6902,24.34548],[97.68478,24.34138],[97.67883,24.34351],[97.6748,24.34995],[97.66026,24.3397],[97.65928,24.3262],[97.66307,24.31175],[97.66625,24.3096],[97.66634,24.30019],[97.69776,24.29358],[97.70054,24.29667],[97.72198,24.2991],[97.7276,24.29516],[97.72668,24.29232],[97.73419,24.29185],[97.74322,24.28445],[97.74946,24.28538],[97.74913,24.2798],[97.7553,24.27524],[97.75546,24.27154],[97.76164,24.26983],[97.7679,24.26293],[97.74491,24.24885],[97.72947,24.22992],[97.72608,24.20272],[97.72824,24.18827],[97.74461,24.18448],[97.74336,24.18126],[97.74891,24.17782],[97.75272,24.16574],[97.74119,24.16224],[97.74258,24.15633],[97.73351,24.15101],[97.738,24.14265],[97.73596,24.13455],[97.73018,24.13049],[97.73,24.11549],[97.71259,24.10894],[97.70806,24.1035],[97.70839,24.09892],[97.70095,24.09619],[97.69232,24.09828],[97.69161,24.08977],[97.68409,24.08513],[97.678,24.07485],[97.67151,24.0746],[97.66352,24.06687],[97.65583,24.06636],[97.65425,24.06233],[97.65077,24.06385],[97.64875,24.052],[97.64617,24.05262],[97.64303,24.04703],[97.63341,24.04992],[97.63573,24.04393],[97.63095,24.03379],[97.63365,24.03238],[97.63186,24.02178],[97.6242,24.02538],[97.62229,24.01972],[97.62844,24.00706],[97.57432,23.98769],[97.56795,23.97037],[97.56249,23.96423],[97.54377,23.95909],[97.53108,23.9494],[97.52785,23.92974],[97.54104,23.92328],[97.55078,23.9235],[97.56666,23.91194],[97.57232,23.91625],[97.57775,23.91008],[97.58921,23.90764],[97.59495,23.89885],[97.60399,23.89383],[97.6163,23.89359],[97.62236,23.88398],[97.63386,23.88134],[97.63184,23.87737],[97.63917,23.87022],[97.64208,23.84866],[97.64679,23.84264],[97.65003,23.84375],[97.6479,23.85532],[97.65672,23.86422],[97.65727,23.86912],[97.66032,23.87044],[97.66098,23.86025],[97.66443,23.85568],[97.66809,23.85686],[97.6713,23.86404],[97.67924,23.86255],[97.68111,23.87938],[97.68444,23.88308],[97.69127,23.88267],[97.69336,23.88019],[97.68903,23.87464],[97.69765,23.86896],[97.7132,23.87126],[97.71339,23.87746],[97.70438,23.87721],[97.70225,23.88217],[97.70958,23.88638],[97.71689,23.88295],[97.72035,23.88443],[97.71895,23.8886],[97.72586,23.89301],[97.72835,23.90002],[97.74737,23.90461],[97.74666,23.90727],[97.75208,23.91138],[97.75521,23.9092],[97.76522,23.91149],[97.76651,23.91526],[97.76201,23.92002],[97.7665,23.9253],[97.76504,23.93157],[97.77365,23.93913],[97.79411,23.94728],[97.79376,23.95573],[97.80767,23.9539],[97.80651,23.95935],[97.81509,23.96192],[97.8141,23.95442],[97.80949,23.94955],[97.81362,23.94549],[97.81849,23.95536],[97.826,23.95826],[97.82685,23.96156],[97.81931,23.97072],[97.82798,23.9726],[97.83112,23.96279],[97.83592,23.96197],[97.84022,23.96348],[97.83912,23.97478],[97.84799,23.97537],[97.85774,23.98155],[97.86812,23.97599],[97.88614,23.97465],[97.8955,23.97793],[97.89682,23.98412],[97.88758,23.98686],[97.88402,23.9945],[97.88598,24.00454],[97.8977,24.01582],[97.92028,24.0231],[97.939,24.01975],[97.96506,24.03078],[97.97812,24.0322],[97.98572,24.03522],[97.98431,24.0381],[97.98921,24.03968],[97.99567,24.04951],[98.01141,24.05415],[98.03954,24.07363],[98.0468,24.07626],[98.05124,24.07328],[98.06894,24.08195],[98.07568,24.07824],[98.08322,24.08235],[98.08732,24.08109],[98.08946,24.08874],[98.17013,24.10063],[98.16774,24.10542],[98.19726,24.10206],[98.2042,24.10406],[98.20678,24.10989],[98.21603,24.11592],[98.2254,24.11704],[98.24807,24.11],[98.27716,24.1111],[98.29638,24.10198],[98.3267,24.10508],[98.34419,24.10049],[98.35048,24.10519],[98.35936,24.09913],[98.36123,24.11041],[98.37074,24.11501],[98.46042,24.12788],[98.48236,24.12292],[98.48851,24.12338],[98.49273,24.12764],[98.49675,24.12428],[98.54289,24.13114],[98.55044,24.12779],[98.55331,24.11203],[98.56809,24.1063],[98.57014,24.10175],[98.59004,24.09454],[98.59257,24.08367],[98.61766,24.09099],[98.64522,24.10822],[98.65141,24.10937],[98.67823,24.10233],[98.69571,24.10779],[98.71043,24.12675],[98.71677,24.13051],[98.73341,24.12811],[98.74276,24.13061],[98.75752,24.12725],[98.77232,24.13219],[98.81885,24.13624],[98.83867,24.12957],[98.84857,24.13098],[98.86049,24.13728],[98.87692,24.15545],[98.88688,24.14305],[98.8896,24.1308],[98.89417,24.12588],[98.89004,24.11909],[98.89627,24.1182],[98.89832,24.10901],[98.88511,24.09256],[98.8696,24.08788],[98.86597,24.08006],[98.8703,24.07475],[98.86641,24.06871],[98.84679,24.05434],[98.83519,24.05229],[98.82888,24.04676],[98.82366,24.04714],[98.81248,24.04089],[98.80364,24.02475],[98.77416,24.02741],[98.77033,24.02011],[98.76316,24.0152],[98.76366,24.00603],[98.76964,23.9974],[98.759,23.99723],[98.75346,23.98246],[98.74883,23.98025],[98.74016,23.98205],[98.73758,23.97241],[98.72326,23.97037],[98.70103,23.98659],[98.69878,23.98053],[98.69183,23.97887],[98.6852,23.97074],[98.68065,23.96976],[98.68135,23.96503],[98.67632,23.96213],[98.67736,23.95735],[98.69944,23.95366],[98.69894,23.9464],[98.7048,23.93992],[98.7037,23.93736],[98.69605,23.93672],[98.69063,23.92385],[98.68219,23.91677],[98.68112,23.91018],[98.69003,23.90111],[98.68645,23.89292],[98.69154,23.89235],[98.69578,23.88741],[98.69498,23.87437],[98.6989,23.87226],[98.69771,23.8576],[98.69279,23.85518],[98.69338,23.84801],[98.70348,23.84472],[98.70393,23.84132],[98.69732,23.82075],[98.68903,23.81225],[98.68025,23.81545],[98.67703,23.81375],[98.67283,23.80679],[98.68647,23.80357],[98.69719,23.78691],[98.71614,23.79359],[98.73464,23.79054],[98.73931,23.78572],[98.74589,23.78527],[98.75077,23.77676],[98.7864,23.78433],[98.80458,23.77234],[98.80776,23.76756],[98.80667,23.75698],[98.81267,23.75504],[98.8211,23.74276],[98.82263,23.73428],[98.82952,23.72894],[98.82428,23.72612],[98.817,23.71298],[98.81818,23.70173],[98.82704,23.69153],[98.83643,23.69032],[98.8347,23.68495],[98.84036,23.68231],[98.84021,23.67281],[98.84763,23.65347],[98.84619,23.64264],[98.85141,23.63468],[98.89089,23.61746],[98.8891,23.60309],[98.88028,23.5921],[98.86474,23.58758],[98.86131,23.58013],[98.85521,23.57787],[98.84476,23.58015],[98.84113,23.57821],[98.83466,23.56409],[98.81648,23.55596],[98.80976,23.54888],[98.81016,23.54377],[98.80181,23.53959],[98.80813,23.52424],[98.80528,23.52002],[98.81818,23.50481],[98.81689,23.49877],[98.81967,23.4928],[98.81648,23.49049],[98.82233,23.48298],[98.82606,23.48381],[98.82972,23.47802],[98.83587,23.48097],[98.84274,23.47838],[98.84854,23.47928],[98.84832,23.484],[98.853,23.48572],[98.85918,23.48404],[98.87462,23.48855],[98.89451,23.46125],[98.89655,23.44743],[98.92104,23.41955],[98.90999,23.39595],[98.92163,23.37898],[98.91815,23.37349],[98.92255,23.36356],[98.91861,23.35875],[98.92035,23.35681],[98.91531,23.35243],[98.90183,23.35783],[98.87953,23.33104],[98.90884,23.33514],[98.91563,23.32917],[98.92124,23.32937],[98.9273,23.32094],[98.94032,23.31506],[98.94421,23.30893],[98.9377,23.30725],[98.9359,23.29333],[98.92661,23.2958],[98.92342,23.29271],[98.93049,23.26969],[98.9106,23.25247],[98.91163,23.23783],[98.90624,23.22554],[98.88986,23.21415],[98.89541,23.20565],[98.8859,23.1933],[98.88472,23.18271],[98.89102,23.17932],[98.90321,23.17982],[98.90641,23.18816],[98.92273,23.1883],[98.93131,23.18168],[98.93813,23.18384],[98.95109,23.18031],[98.96625,23.17037],[98.97693,23.17248],[99.00331,23.16276],[99.01523,23.16521],[99.03307,23.16123],[99.04348,23.16604],[99.04874,23.16365],[99.06166,23.17238],[99.06269,23.16852],[99.05562,23.15749],[99.05698,23.15368],[99.04967,23.14658],[99.05095,23.13846],[99.048,23.13511],[99.04999,23.13289],[99.0478,23.12594],[99.06583,23.11376],[99.09383,23.10506],[99.10302,23.09271],[99.11322,23.09273],[99.11613,23.1043],[99.13006,23.10177],[99.1491,23.10902],[99.15931,23.10536],[99.16577,23.10835],[99.18927,23.10451],[99.19945,23.11165],[99.20357,23.11124],[99.20841,23.0992],[99.21574,23.09275],[99.23471,23.09346],[99.24217,23.08293],[99.2571,23.08157],[99.26313,23.0851],[99.25978,23.09064],[99.26569,23.10081],[99.27525,23.09776],[99.2793,23.10684],[99.29562,23.11068],[99.30549,23.10262],[99.32199,23.1109],[99.32547,23.11573],[99.32154,23.12037],[99.3285,23.13592],[99.33864,23.13346],[99.3439,23.13718],[99.36409,23.12671],[99.36448,23.12035],[99.37105,23.11212],[99.38285,23.1079],[99.38564,23.10104],[99.41234,23.09746],[99.43393,23.08813],[99.43724,23.08303],[99.44376,23.08715],[99.46226,23.0868],[99.47161,23.08352],[99.48229,23.08727],[99.48933,23.08255],[99.513,23.08409],[99.51428,23.08081],[99.52549,23.07578],[99.52656,23.06395],[99.53257,23.05388],[99.52336,23.04625],[99.52703,23.04244],[99.52489,23.03789],[99.51844,23.0359],[99.52177,23.02589],[99.5168,23.02047],[99.52106,23.01409],[99.52301,22.99036],[99.53645,22.97366],[99.53403,22.96399],[99.54375,22.96433],[99.55458,22.95851],[99.5623,22.9465],[99.56582,22.9329],[99.56088,22.92418],[99.5596,22.9087],[99.55262,22.90521],[99.5448,22.90776],[99.53554,22.90019],[99.48878,22.91471],[99.46876,22.93143],[99.44119,22.9424],[99.44137,22.93453],[99.43696,22.92901],[99.43921,22.92154],[99.43518,22.91648],[99.44,22.90812],[99.44421,22.88731],[99.44996,22.87834],[99.45143,22.86098],[99.46089,22.85221],[99.46185,22.84736],[99.43977,22.84728],[99.42822,22.83706],[99.4238,22.83734],[99.41774,22.82904],[99.39947,22.82871],[99.39583,22.81743],[99.38941,22.81533],[99.39164,22.80834],[99.38576,22.79075],[99.38845,22.77933],[99.38548,22.76477],[99.36682,22.76752],[99.35448,22.75904],[99.3434,22.76039],[99.34082,22.75454],[99.32643,22.75411],[99.32438,22.74408],[99.31421,22.73897],[99.31978,22.72867],[99.32526,22.72592],[99.32936,22.71574],[99.33927,22.71002],[99.34755,22.67456],[99.36043,22.66338],[99.35801,22.65755],[99.36292,22.64481],[99.36385,22.63142],[99.36634,22.63101],[99.36773,22.61479],[99.3733,22.60968],[99.37001,22.60512],[99.38386,22.58671],[99.38471,22.5726],[99.36133,22.54238],[99.35808,22.52818],[99.36722,22.51336],[99.38043,22.50568],[99.38128,22.49609],[99.36587,22.48637],[99.36109,22.47639],[99.34948,22.46967],[99.33316,22.44898],[99.31031,22.43926],[99.30941,22.4309],[99.29648,22.4147],[99.28178,22.4045],[99.25947,22.39942],[99.24909,22.39335],[99.25274,22.38344],[99.27701,22.36402],[99.27764,22.3493],[99.26141,22.34074],[99.25371,22.33249],[99.25066,22.31993],[99.23247,22.29881],[99.23505,22.28256],[99.23031,22.26781],[99.23519,22.25308],[99.23153,22.24682],[99.22236,22.23707],[99.20688,22.23409],[99.20456,22.22181],[99.2004,22.22247],[99.19398,22.21602],[99.19488,22.2076],[99.19095,22.2116],[99.19007,22.20337],[99.17368,22.18913],[99.17825,22.18159],[99.17408,22.17965],[99.18242,22.17545],[99.18632,22.17696],[99.19044,22.17129],[99.19468,22.17424],[99.20056,22.17338],[99.18785,22.16611],[99.15693,22.16868],[99.1558,22.16277]],[[98.74036,12.59915],[98.74038,12.6078],[98.73514,12.60496],[98.74036,12.59915]],[[96.83526,17.95075],[96.83877,17.94558],[96.83656,17.93886],[96.82983,17.9393],[96.82616,17.94312],[96.82678,17.9578],[96.81579,17.97647],[96.82259,17.99251],[96.81026,17.99997],[96.80867,17.99776],[96.82208,17.9907],[96.81635,17.98575],[96.81497,17.97801],[96.82629,17.95394],[96.82589,17.9426],[96.82958,17.93853],[96.83684,17.93835],[96.83958,17.94533],[96.83526,17.95075]],[[96.52077,16.70913],[96.53164,16.71145],[96.52627,16.71344],[96.52657,16.71074],[96.52077,16.70913]],[[95.92106,16.90668],[95.905,16.91268],[95.9015,16.9189],[95.89377,16.91246],[95.88095,16.91341],[95.88023,16.91074],[95.88185,16.90246],[95.88373,16.90367],[95.88079,16.91174],[95.89402,16.91168],[95.89812,16.91741],[95.90294,16.9176],[95.90446,16.91218],[95.92106,16.90668]],[[95.35515,16.42418],[95.35394,16.43499],[95.36577,16.44193],[95.35409,16.43627],[95.35515,16.42418]],[[94.93596,16.3836],[94.93211,16.39254],[94.93286,16.38753],[94.93596,16.3836]],[[92.70087,20.67505],[92.69738,20.67515],[92.69785,20.67472],[92.70087,20.67505]]],[[[98.93285,12.12313],[98.92919,12.1248],[98.93076,12.12751],[98.93285,12.12313]]],[[[98.93128,12.12081],[98.92683,12.12106],[98.92657,12.12377],[98.93128,12.12081]]],[[[98.92408,11.64824],[98.92172,11.6543],[98.92408,11.6561],[98.92408,11.64824]]],[[[98.9207,11.59605],[98.91808,11.59863],[98.92069,11.60056],[98.92279,11.59992],[98.9207,11.59605]]],[[[98.92199,11.65688],[98.91715,11.65945],[98.91858,11.66422],[98.92146,11.66332],[98.92199,11.65688]]],[[[98.91807,11.64747],[98.91623,11.65198],[98.91937,11.65095],[98.91807,11.64747]]],[[[98.91152,11.67414],[98.91021,11.67852],[98.91335,11.67994],[98.91453,11.67569],[98.91152,11.67414]]],[[[98.89949,11.67336],[98.894,11.67439],[98.88968,11.68109],[98.88994,11.68908],[98.88602,11.69553],[98.8885,11.70197],[98.89255,11.69991],[98.89308,11.69347],[98.90067,11.6811],[98.90315,11.67427],[98.89949,11.67336]]],[[[98.90052,11.71589],[98.89228,11.72027],[98.8945,11.7253],[98.90314,11.72311],[98.90052,11.71589]]],[[[98.89347,11.70403],[98.88849,11.71048],[98.89451,11.70738],[98.89582,11.70455],[98.89347,11.70403]]],[[[98.88098,12.14515],[98.87797,12.14837],[98.87993,12.15146],[98.88098,12.14515]]],[[[98.75413,12.27379],[98.75499,12.27792],[98.75067,12.27998],[98.75223,12.28849],[98.7483,12.29209],[98.74855,12.29931],[98.75524,12.29442],[98.75422,12.27376],[98.7567,12.27303],[98.75931,12.28386],[98.75799,12.29713],[98.76507,12.29855],[98.76546,12.30139],[98.76035,12.29984],[98.76061,12.30306],[98.76428,12.30319],[98.76021,12.30628],[98.76008,12.30319],[98.75458,12.30035],[98.75091,12.30575],[98.75929,12.30989],[98.75889,12.31246],[98.75195,12.3149],[98.75104,12.30369],[98.74148,12.29376],[98.72575,12.30032],[98.72456,12.31037],[98.71553,12.30353],[98.71421,12.30701],[98.69822,12.30763],[98.68235,12.31728],[98.683,12.32128],[98.67907,12.32372],[98.68404,12.33223],[98.69949,12.3423],[98.71287,12.33304],[98.72729,12.33266],[98.74039,12.33706],[98.74905,12.32959],[98.76608,12.3327],[98.77278,12.32175],[98.77121,12.31479],[98.77423,12.30835],[98.79494,12.30373],[98.80752,12.30786],[98.81644,12.29215],[98.83676,12.28546],[98.83572,12.26922],[98.84032,12.25067],[98.85264,12.2481],[98.85631,12.22877],[98.8592,12.22439],[98.86863,12.22182],[98.86981,12.2164],[98.86222,12.21073],[98.86117,12.20274],[98.85633,12.19952],[98.84375,12.20131],[98.84061,12.19886],[98.84035,12.19165],[98.82202,12.18133],[98.81495,12.17063],[98.7995,12.16198],[98.78849,12.17679],[98.77696,12.17769],[98.77735,12.18748],[98.7835,12.18826],[98.77904,12.20217],[98.78323,12.20295],[98.78323,12.1996],[98.78664,12.20012],[98.79818,12.18543],[98.80106,12.18672],[98.80378,12.18174],[98.81207,12.17745],[98.8065,12.18298],[98.8038,12.19188],[98.789,12.20037],[98.79083,12.20373],[98.78624,12.20347],[98.7806,12.21274],[98.77051,12.21325],[98.77142,12.22407],[98.77928,12.22459],[98.78007,12.22099],[98.7823,12.22305],[98.77954,12.22666],[98.77089,12.22781],[98.78963,12.23001],[98.78792,12.23311],[98.78032,12.23336],[98.77862,12.23696],[98.78162,12.24831],[98.78857,12.24651],[98.7879,12.2554],[98.78266,12.25604],[98.78082,12.25939],[98.78004,12.25694],[98.77087,12.25835],[98.77715,12.2675],[98.77754,12.27485],[98.78334,12.27649],[98.78474,12.28078],[98.78028,12.2849],[98.77163,12.28245],[98.77557,12.27704],[98.76797,12.27523],[98.76666,12.27213],[98.76054,12.27397],[98.75409,12.27006],[98.74976,12.27508],[98.75413,12.27379]]],[[[98.86757,11.7115],[98.86312,11.72052],[98.86678,11.72052],[98.86757,11.7115]]],[[[98.8181,12.29599],[98.81683,12.30606],[98.8121,12.31225],[98.82324,12.31779],[98.83255,12.3151],[98.8353,12.30608],[98.84448,12.30402],[98.8471,12.29732],[98.853,12.295],[98.85261,12.29217],[98.84449,12.29191],[98.84515,12.28134],[98.84253,12.28108],[98.83977,12.28752],[98.8181,12.29599]]],[[[98.84509,11.69654],[98.84299,11.70169],[98.846,11.7004],[98.84509,11.69654]]],[[[98.83594,11.69151],[98.82364,11.70129],[98.82729,11.71624],[98.84534,11.70865],[98.83907,11.70246],[98.84234,11.69473],[98.83567,11.69602],[98.83594,11.69151]]],[[[98.83829,11.68597],[98.83489,11.68674],[98.83751,11.68932],[98.83829,11.68597]]],[[[98.83569,11.66573],[98.83477,11.6705],[98.82667,11.6723],[98.8302,11.67398],[98.83752,11.6705],[98.83569,11.66573]]],[[[98.82526,11.61972],[98.8263,11.62397],[98.82996,11.62423],[98.8297,11.62088],[98.82526,11.61972]]],[[[98.82183,11.67539],[98.81816,11.68131],[98.8213,11.68106],[98.82183,11.67539]]],[[[98.81051,12.52436],[98.80998,12.53028],[98.81549,12.53402],[98.81982,12.5308],[98.8168,12.52539],[98.81051,12.52436]]],[[[98.78962,11.72975],[98.78621,11.74573],[98.79772,11.74728],[98.79733,11.74316],[98.79001,11.73748],[98.78962,11.72975]]],[[[98.79397,11.86764],[98.7903,11.87073],[98.7937,11.87331],[98.79397,11.86764]]],[[[98.79113,12.15476],[98.78916,12.15811],[98.79282,12.16352],[98.79113,12.15476]]],[[[98.78815,12.59405],[98.78645,12.59676],[98.78946,12.60075],[98.78815,12.59405]]],[[[98.78517,12.39496],[98.78726,12.40269],[98.78949,12.40063],[98.78517,12.39496]]],[[[98.78832,11.72021],[98.78191,11.7233],[98.78701,11.72485],[98.78832,11.72021]]],[[[98.78761,12.61209],[98.78486,12.61583],[98.78709,12.61712],[98.78761,12.61209]]],[[[98.78438,11.74959],[98.78215,11.75397],[98.78633,11.75758],[98.78438,11.74959]]],[[[98.78639,12.50462],[98.78259,12.50552],[98.7835,12.50758],[98.78639,12.50462]]],[[[98.76231,12.15615],[98.761,12.16066],[98.75131,12.15988],[98.75078,12.16581],[98.753,12.16632],[98.74893,12.17921],[98.75311,12.18901],[98.76228,12.19198],[98.76569,12.18811],[98.76124,12.1836],[98.77027,12.1885],[98.76962,12.18103],[98.77486,12.18026],[98.77513,12.17266],[98.7864,12.16442],[98.78261,12.163],[98.78248,12.15656],[98.77698,12.15707],[98.77751,12.15423],[98.78261,12.15321],[98.77869,12.14934],[98.77659,12.15294],[98.76742,12.14984],[98.76231,12.15615]]],[[[98.78417,12.00527],[98.77854,12.01145],[98.77893,12.01583],[98.78233,12.01725],[98.78417,12.00527]]],[[[98.78144,11.82369],[98.77987,11.82717],[98.78261,11.82846],[98.78144,11.82369]]],[[[98.75068,11.98823],[98.74504,11.99544],[98.73953,12.01399],[98.72867,12.0105],[98.7229,12.01191],[98.72853,12.01527],[98.72682,12.02004],[98.73075,12.01811],[98.73219,12.02146],[98.72432,12.03228],[98.71384,12.03665],[98.71423,12.0409],[98.71816,12.04258],[98.7213,12.04001],[98.72523,12.04336],[98.72024,12.05598],[98.72207,12.06011],[98.73098,12.05599],[98.73492,12.04028],[98.74435,12.03732],[98.74696,12.04029],[98.7505,12.03617],[98.74763,12.02946],[98.74999,12.0189],[98.75287,12.02122],[98.75168,12.03256],[98.75404,12.03334],[98.76322,12.01968],[98.76871,12.02111],[98.77644,12.0148],[98.77317,12.01041],[98.78103,12.00217],[98.77843,11.98348],[98.77464,11.97897],[98.76273,11.97703],[98.76312,11.98154],[98.75697,11.98063],[98.75736,11.98488],[98.7529,11.98668],[98.7546,11.99017],[98.75067,11.99364],[98.75068,11.98823]]],[[[98.7758,12.62394],[98.77422,12.62819],[98.77802,12.62536],[98.7758,12.62394]]],[[[98.77613,12.23271],[98.77246,12.23271],[98.77377,12.23619],[98.77613,12.23271]]],[[[98.77385,12.14057],[98.77489,12.14508],[98.7766,12.14366],[98.77385,12.14057]]],[[[98.77434,12.18065],[98.77054,12.1818],[98.77198,12.18851],[98.7763,12.18799],[98.77434,12.18065]]],[[[98.77459,12.18941],[98.7649,12.19365],[98.7669,12.19821],[98.7759,12.19547],[98.77459,12.18941]]],[[[98.77107,12.62535],[98.77053,12.63734],[98.77592,12.63489],[98.77107,12.62535]]],[[[98.77231,11.78618],[98.77153,11.79031],[98.77375,11.79031],[98.77231,11.78618]]],[[[98.77206,11.77948],[98.76931,11.78206],[98.77362,11.78412],[98.77206,11.77948]]],[[[98.7685,12.26505],[98.76837,12.26917],[98.77217,12.27046],[98.7685,12.26505]]],[[[98.76709,11.78154],[98.76473,11.78811],[98.76759,11.80087],[98.77178,11.79752],[98.76709,11.78154]]],[[[98.76657,11.46065],[98.75977,11.46515],[98.75859,11.4725],[98.76447,11.47405],[98.76591,11.47044],[98.77153,11.46942],[98.77023,11.46143],[98.76657,11.46065]]],[[[98.77115,11.28165],[98.76802,11.28513],[98.77089,11.28539],[98.77115,11.28165]]],[[[98.76861,12.13696],[98.76704,12.14121],[98.76992,12.14031],[98.77097,12.13722],[98.76861,12.13696]]],[[[98.74427,11.83706],[98.74846,11.84209],[98.74636,11.84596],[98.73536,11.85277],[98.73823,11.86064],[98.74386,11.86425],[98.74006,11.8667],[98.74189,11.8725],[98.74726,11.86168],[98.74686,11.86967],[98.75445,11.86916],[98.75418,11.87573],[98.75654,11.87457],[98.75458,11.87199],[98.76179,11.85976],[98.75682,11.85421],[98.76546,11.84842],[98.76284,11.84739],[98.76102,11.83772],[98.7673,11.83876],[98.76521,11.83515],[98.76901,11.82871],[98.76037,11.82973],[98.76208,11.82561],[98.76665,11.82664],[98.76784,11.81891],[98.75711,11.82174],[98.75331,11.82818],[98.75135,11.82624],[98.75791,11.80885],[98.76431,11.80963],[98.76785,11.80332],[98.76589,11.80061],[98.75948,11.79751],[98.75987,11.80086],[98.75228,11.80807],[98.74993,11.80575],[98.75242,11.79983],[98.74471,11.79441],[98.74627,11.80008],[98.74117,11.80265],[98.74065,11.79234],[98.73634,11.79234],[98.73659,11.7993],[98.73267,11.79878],[98.73201,11.80213],[98.72953,11.80032],[98.73228,11.79491],[98.73019,11.79452],[98.71867,11.80456],[98.7137,11.80043],[98.71867,11.80108],[98.73229,11.78563],[98.72575,11.78137],[98.71581,11.78665],[98.71385,11.78201],[98.71332,11.78664],[98.70796,11.79025],[98.71083,11.79437],[98.70351,11.79308],[98.70284,11.80004],[98.69474,11.79384],[98.69539,11.80003],[98.69264,11.79848],[98.69213,11.78971],[98.69671,11.79101],[98.69816,11.77426],[98.69542,11.77477],[98.69412,11.76523],[98.69033,11.76007],[98.68758,11.76303],[98.67673,11.76238],[98.67828,11.77398],[98.67356,11.78299],[98.67526,11.7875],[98.67264,11.78879],[98.66922,11.80593],[98.68321,11.81367],[98.66869,11.8134],[98.66502,11.81907],[98.67208,11.82423],[98.67391,11.82114],[98.68019,11.8245],[98.68019,11.81986],[98.68281,11.82038],[98.6896,11.82644],[98.68883,11.81497],[98.69564,11.80956],[98.69982,11.81073],[98.6972,11.81949],[98.70845,11.81576],[98.71198,11.81731],[98.70661,11.82775],[98.71472,11.82453],[98.71408,11.81628],[98.71892,11.8168],[98.71944,11.82041],[98.72676,11.81681],[98.73003,11.81836],[98.72545,11.82738],[98.72884,11.82983],[98.73827,11.82778],[98.73237,11.83331],[98.73355,11.83795],[98.74427,11.83706]]],[[[98.754,11.49415],[98.75333,11.50935],[98.76235,11.50524],[98.76784,11.50795],[98.76314,11.50189],[98.75817,11.50137],[98.754,11.49415]]],[[[98.67807,12.28596],[98.67713,12.2982],[98.66888,12.29871],[98.66887,12.30283],[98.66416,12.30154],[98.65996,12.30501],[98.67332,12.31083],[98.6804,12.30645],[98.68485,12.30736],[98.68827,12.30182],[98.72523,12.29658],[98.72995,12.29285],[98.73676,12.29466],[98.74463,12.29054],[98.74333,12.28526],[98.74005,12.28487],[98.74045,12.27739],[98.74281,12.2792],[98.75409,12.26426],[98.76471,12.26092],[98.76538,12.23889],[98.75097,12.24029],[98.74956,12.24424],[98.74664,12.24055],[98.75779,12.23592],[98.76054,12.23051],[98.75255,12.22779],[98.74757,12.23359],[98.74639,12.23024],[98.74337,12.23565],[98.73669,12.23538],[98.74048,12.24505],[98.73811,12.25587],[98.73497,12.25651],[98.73589,12.25213],[98.72686,12.24452],[98.72922,12.23821],[98.72739,12.2337],[98.72424,12.2373],[98.72162,12.23549],[98.72451,12.2315],[98.73355,12.22919],[98.72819,12.22442],[98.73474,12.21966],[98.73458,12.21227],[98.74051,12.2127],[98.7426,12.21902],[98.74575,12.21593],[98.75374,12.2189],[98.75021,12.20575],[98.75283,12.20782],[98.75415,12.20035],[98.7607,12.19855],[98.76202,12.19404],[98.75376,12.19364],[98.74618,12.18152],[98.73714,12.18474],[98.73424,12.19607],[98.71969,12.20908],[98.71444,12.21835],[98.71064,12.21564],[98.70749,12.2186],[98.70893,12.22298],[98.71771,12.22376],[98.71784,12.22608],[98.71482,12.22724],[98.71482,12.23265],[98.70905,12.23342],[98.7038,12.24514],[98.69212,12.25724],[98.69277,12.25982],[98.69775,12.25957],[98.6988,12.26421],[98.69356,12.2633],[98.69277,12.26639],[98.69931,12.27426],[98.70233,12.26911],[98.71478,12.26964],[98.70442,12.27375],[98.70638,12.27968],[98.70454,12.28457],[98.70166,12.28406],[98.70191,12.29243],[98.69588,12.29101],[98.69273,12.29332],[98.69548,12.29668],[98.69076,12.3008],[98.68513,12.30027],[98.68618,12.29254],[98.67807,12.28596]]],[[[98.76006,12.61336],[98.75796,12.61864],[98.7611,12.62212],[98.76439,12.61504],[98.76006,12.61336]]],[[[98.75952,12.05757],[98.75951,12.06169],[98.76266,12.06144],[98.75952,12.05757]]],[[[98.75967,11.88888],[98.75718,11.89158],[98.76149,11.89984],[98.76254,11.89043],[98.75967,11.88888]]],[[[98.75598,12.20035],[98.75441,12.20421],[98.76082,12.20731],[98.75598,12.20035]]],[[[98.75996,12.15164],[98.7534,12.15782],[98.75655,12.15834],[98.75996,12.15164]]],[[[98.75598,11.91091],[98.74864,11.92843],[98.7523,11.92921],[98.75309,11.92393],[98.75597,11.92535],[98.75977,11.92071],[98.75598,11.91091]]],[[[98.74617,12.05395],[98.7455,12.06606],[98.74851,12.06336],[98.75689,12.06401],[98.75781,12.05782],[98.74983,12.05782],[98.74617,12.05395]]],[[[98.7548,12.06658],[98.75348,12.07096],[98.75636,12.07174],[98.7548,12.06658]]],[[[98.74943,12.48436],[98.73158,12.49233],[98.72057,12.48923],[98.72082,12.49644],[98.71689,12.49489],[98.71268,12.50726],[98.73471,12.5096],[98.74101,12.50729],[98.73905,12.49491],[98.7523,12.49093],[98.75624,12.48668],[98.74943,12.48436]]],[[[98.7535,12.04841],[98.74879,12.0524],[98.75324,12.0537],[98.7535,12.04841]]],[[[98.7506,12.06929],[98.74759,12.07096],[98.75138,12.07444],[98.75453,12.07225],[98.7506,12.06929]]],[[[98.75174,11.97689],[98.75068,11.98526],[98.75356,11.98127],[98.75174,11.97689]]],[[[98.75086,11.79016],[98.74928,11.79441],[98.7519,11.79441],[98.75086,11.79016]]],[[[98.7501,11.76503],[98.74852,11.77147],[98.73989,11.77404],[98.74368,11.77739],[98.7493,11.77508],[98.7501,11.76503]]],[[[98.74391,12.22096],[98.74862,12.22663],[98.74758,12.22225],[98.74391,12.22096]]],[[[98.7459,11.78216],[98.74524,11.78667],[98.7472,11.78719],[98.7459,11.78216]]],[[[98.74394,11.91915],[98.73909,11.9225],[98.74131,11.92508],[98.73006,11.9239],[98.726,11.92687],[98.72508,11.93369],[98.71788,11.93124],[98.71644,11.93433],[98.72848,11.93885],[98.72376,11.94722],[98.73135,11.94465],[98.73344,11.94981],[98.73424,11.93435],[98.7366,11.93139],[98.74392,11.93307],[98.7421,11.92843],[98.74616,11.92121],[98.74394,11.91915]]],[[[98.7457,11.98874],[98.74151,11.98874],[98.7423,11.99093],[98.7457,11.98874]]],[[[98.74406,12.06748],[98.74222,12.0707],[98.74536,12.0707],[98.74406,12.06748]]],[[[98.74168,11.52829],[98.7375,11.53434],[98.74116,11.53305],[98.74168,11.52829]]],[[[98.74072,11.99943],[98.73522,12.00187],[98.73836,12.00458],[98.74072,11.99943]]],[[[98.73628,11.98319],[98.73366,11.98873],[98.73995,11.98616],[98.73628,11.98319]]],[[[98.73436,12.08164],[98.7316,12.08821],[98.7333,12.09234],[98.73827,12.09312],[98.73436,12.08164]]],[[[98.73692,11.02323],[98.73222,11.02451],[98.73756,11.02761],[98.73692,11.02323]]],[[[98.73513,10.9749],[98.73174,10.97786],[98.73617,10.97812],[98.73513,10.9749]]],[[[98.73439,10.32921],[98.73035,10.33089],[98.731,10.33295],[98.73439,10.32921]]],[[[98.73164,11.91875],[98.72928,11.92197],[98.73294,11.92339],[98.73164,11.91875]]],[[[98.73309,10.32406],[98.72788,10.32599],[98.73283,10.32754],[98.73309,10.32406]]],[[[98.72389,11.0053],[98.72114,11.01368],[98.72439,11.02244],[98.72505,11.01523],[98.72884,11.01471],[98.73157,11.01833],[98.73249,11.01549],[98.73119,11.00969],[98.72675,11.01252],[98.72389,11.0053]]],[[[98.73172,11.00234],[98.7291,11.00595],[98.73171,11.0066],[98.73172,11.00234]]],[[[98.72875,11.6556],[98.72561,11.65882],[98.73163,11.65831],[98.72875,11.6556]]],[[[98.7132,11.51847],[98.71097,11.53071],[98.71633,11.53432],[98.71748,11.55133],[98.71997,11.55314],[98.71132,11.57169],[98.71629,11.57118],[98.71786,11.56267],[98.72296,11.56139],[98.72231,11.56564],[98.72583,11.56629],[98.72543,11.57351],[98.72753,11.57351],[98.72781,11.55366],[98.7316,11.54696],[98.72586,11.53484],[98.7209,11.53458],[98.71503,11.5271],[98.7132,11.51847]]],[[[98.72875,12.18988],[98.72612,12.19336],[98.72874,12.19388],[98.72875,12.18988]]],[[[98.72947,11.98782],[98.72371,11.99207],[98.72921,11.99156],[98.72947,11.98782]]],[[[98.72838,10.9468],[98.72342,10.94705],[98.72211,10.95027],[98.72681,10.95105],[98.72838,10.9468]]],[[[98.72414,12.33537],[98.7244,12.33962],[98.72702,12.33898],[98.72414,12.33537]]],[[[98.72232,12.06977],[98.7176,12.07248],[98.71627,12.09722],[98.7202,12.09787],[98.72401,12.08099],[98.72232,12.06977]]],[[[98.72147,11.88189],[98.7043,11.90107],[98.69868,11.90274],[98.68858,11.91987],[98.68424,11.93636],[98.70284,11.9271],[98.70599,11.91654],[98.71372,11.91087],[98.71281,11.90237],[98.72277,11.88743],[98.72147,11.88189]]],[[[98.72202,12.10934],[98.71769,12.11139],[98.71991,12.1199],[98.72279,12.1181],[98.72202,12.10934]]],[[[98.72003,12.01024],[98.71688,12.01165],[98.72028,12.01436],[98.72003,12.01024]]],[[[98.72085,10.90645],[98.71589,10.90645],[98.71615,10.90902],[98.72045,10.90929],[98.72085,10.90645]]],[[[98.71554,11.00581],[98.71371,11.008],[98.71684,11.00903],[98.71789,11.0062],[98.71554,11.00581]]],[[[98.71315,12.07415],[98.71066,12.07556],[98.71367,12.08046],[98.71642,12.0766],[98.71315,12.07415]]],[[[98.71368,12.0677],[98.71027,12.07195],[98.71551,12.0717],[98.71368,12.0677]]],[[[98.71524,12.08227],[98.71026,12.08329],[98.71157,12.08613],[98.71445,12.08613],[98.71524,12.08227]]],[[[98.71378,11.97776],[98.70368,11.99102],[98.70564,11.99295],[98.71469,11.98356],[98.71378,11.97776]]],[[[98.70837,12.13213],[98.70313,12.13354],[98.71151,12.13665],[98.70837,12.13213]]],[[[98.69846,11.37553],[98.6961,11.38068],[98.70171,11.38559],[98.69739,11.39667],[98.71006,11.39745],[98.70797,11.39487],[98.71124,11.39127],[98.70994,11.38714],[98.70524,11.38984],[98.70589,11.3843],[98.69846,11.37553]]],[[[98.63374,11.73307],[98.64118,11.73914],[98.63673,11.74403],[98.63515,11.75228],[98.64508,11.75512],[98.65228,11.75359],[98.66273,11.76752],[98.66521,11.7652],[98.66299,11.76223],[98.66809,11.76314],[98.66354,11.74741],[98.66641,11.74613],[98.6659,11.73994],[98.66812,11.73994],[98.66929,11.75077],[98.67896,11.75503],[98.67843,11.75826],[98.68406,11.75775],[98.68287,11.76161],[98.68797,11.76162],[98.68655,11.74873],[98.691,11.74796],[98.69113,11.74538],[98.68512,11.74203],[98.68317,11.73481],[98.68931,11.73275],[98.6897,11.73997],[98.69362,11.73997],[98.69691,11.72632],[98.69326,11.71136],[98.68568,11.70955],[98.6866,11.70388],[98.6887,11.70234],[98.69471,11.70621],[98.69654,11.70144],[98.70452,11.70132],[98.70438,11.70674],[98.71066,11.70906],[98.71105,11.70288],[98.70047,11.69578],[98.68818,11.69332],[98.68518,11.68919],[98.69121,11.67399],[98.68938,11.67244],[98.67682,11.68222],[98.65524,11.69044],[98.64868,11.70165],[98.64542,11.69816],[98.63953,11.7028],[98.63638,11.71117],[98.62592,11.71167],[98.62905,11.71812],[98.63728,11.72032],[98.63362,11.72315],[98.63871,11.73024],[98.63374,11.73075],[98.63374,11.73307]]],[[[98.70579,10.29117],[98.70865,10.2971],[98.70904,10.29272],[98.70579,10.29117]]],[[[98.70417,12.14179],[98.70102,12.14694],[98.70783,12.14824],[98.70836,12.14412],[98.70417,12.14179]]],[[[98.70582,12.35892],[98.69659,12.36343],[98.68777,12.36356],[98.67717,12.37144],[98.6777,12.37449],[98.66983,12.3768],[98.67505,12.39588],[98.68213,12.3897],[98.68504,12.3727],[98.69237,12.37979],[98.69552,12.37864],[98.70562,12.36808],[98.70576,12.3646],[98.70182,12.36704],[98.7013,12.36369],[98.70786,12.3637],[98.70582,12.35892]]],[[[98.70659,10.27429],[98.70398,10.27905],[98.70619,10.27931],[98.70659,10.27429]]],[[[98.69842,10.90372],[98.69189,10.91184],[98.6958,10.91403],[98.70507,10.91082],[98.69842,10.90372]]],[[[98.69729,12.20312],[98.6931,12.20415],[98.69336,12.20892],[98.70331,12.20854],[98.70397,12.20622],[98.69729,12.20312]]],[[[98.702,12.21047],[98.6978,12.21421],[98.70121,12.2155],[98.702,12.21047]]],[[[98.70195,12.01731],[98.69593,12.0191],[98.69671,12.02207],[98.70195,12.01731]]],[[[98.69743,12.07774],[98.68643,12.08121],[98.68642,12.08791],[98.69742,12.08843],[98.69743,12.07774]]],[[[98.6832,10.23418],[98.68891,10.25481],[98.6811,10.25661],[98.69514,10.27312],[98.69866,10.26539],[98.69685,10.24786],[98.69125,10.25069],[98.68944,10.23857],[98.6832,10.23418]]],[[[98.69309,12.2151],[98.69623,12.21962],[98.69859,12.21575],[98.69309,12.2151]]],[[[98.67357,12.10555],[98.67487,12.11122],[98.67906,12.11109],[98.67277,12.11727],[98.66883,12.12796],[98.67406,12.13248],[98.67511,12.12862],[98.68166,12.12785],[98.68754,12.13791],[98.684,12.1428],[98.68872,12.14435],[98.69187,12.13508],[98.6958,12.13379],[98.69135,12.13173],[98.69319,12.12786],[98.69751,12.1289],[98.69581,12.12477],[98.69162,12.12619],[98.6911,12.12219],[98.68612,12.12283],[98.68311,12.11728],[98.68796,12.11368],[98.69231,12.09333],[98.68131,12.09692],[98.67357,12.10555]]],[[[98.69357,10.27543],[98.68342,10.27903],[98.67938,10.2865],[98.6782,10.29243],[98.6808,10.29192],[98.68171,10.29579],[98.67923,10.30017],[98.68235,10.30197],[98.68261,10.30842],[98.68781,10.30971],[98.69746,10.28678],[98.69357,10.27543]]],[[[98.6849,12.26741],[98.68228,12.27089],[98.69158,12.27502],[98.69144,12.27889],[98.69629,12.27786],[98.69224,12.26858],[98.68621,12.27244],[98.6849,12.26741]]],[[[98.69325,12.07219],[98.68906,12.07245],[98.68906,12.07605],[98.6939,12.07606],[98.69325,12.07219]]],[[[98.6923,12.21768],[98.68521,12.22708],[98.68691,12.23069],[98.69255,12.22348],[98.6923,12.21768]]],[[[98.6862,12.27811],[98.68331,12.28146],[98.68383,12.28803],[98.68868,12.28533],[98.6862,12.27811]]],[[[98.68705,12.66586],[98.68442,12.66933],[98.68704,12.67269],[98.68705,12.66586]]],[[[98.68636,11.92012],[98.68229,11.9263],[98.68779,11.92399],[98.68636,11.92012]]],[[[98.68713,12.3754],[98.68451,12.3794],[98.68686,12.38069],[98.68713,12.3754]]],[[[98.68358,10.88386],[98.67993,10.88631],[98.68018,10.8903],[98.68687,10.88924],[98.68358,10.88386]]],[[[98.67493,12.06508],[98.67753,12.07707],[98.68408,12.07888],[98.68592,12.07322],[98.67493,12.06508]]],[[[98.68526,11.49692],[98.67898,11.5058],[98.67924,11.51289],[98.68512,11.50722],[98.68526,11.49692]]],[[[98.68441,11.08207],[98.67697,11.08606],[98.67813,11.09766],[98.6848,11.08787],[98.68441,11.08207]]],[[[98.68119,12.0803],[98.67752,12.08326],[98.67882,12.09447],[98.6838,12.08997],[98.68381,12.08172],[98.68119,12.0803]]],[[[98.68061,12.35065],[98.67457,12.35722],[98.67982,12.35581],[98.68323,12.35117],[98.68061,12.35065]]],[[[98.68229,10.87252],[98.6742,10.87316],[98.67263,10.87702],[98.67654,10.88063],[98.68229,10.87252]]],[[[98.67941,10.8796],[98.67445,10.88604],[98.67601,10.88772],[98.68202,10.88193],[98.67941,10.8796]]],[[[98.67577,11.10732],[98.67238,11.11054],[98.67994,11.11184],[98.68151,11.10797],[98.67577,11.10732]]],[[[98.67448,11.09882],[98.67382,11.10204],[98.67943,11.10333],[98.68126,11.09985],[98.67448,11.09882]]],[[[98.68093,10.91866],[98.67297,10.92419],[98.67414,10.92638],[98.68093,10.91866]]],[[[98.67313,11.13567],[98.67025,11.14366],[98.67886,11.14625],[98.68004,11.14251],[98.67299,11.14173],[98.67313,11.13567]]],[[[98.65836,12.32498],[98.65312,12.32588],[98.65416,12.32884],[98.66097,12.33117],[98.66267,12.33684],[98.65231,12.34057],[98.66253,12.34509],[98.68062,12.34408],[98.67093,12.3317],[98.66726,12.33311],[98.6674,12.32989],[98.65836,12.32498]]],[[[98.68005,12.15955],[98.67638,12.16367],[98.67978,12.16522],[98.68005,12.15955]]],[[[98.67862,11.12563],[98.67575,11.12936],[98.67914,11.12936],[98.67862,11.12563]]],[[[98.67565,10.24294],[98.6759,10.24758],[98.67812,10.24475],[98.67565,10.24294]]],[[[98.67792,11.05513],[98.66408,11.06053],[98.66825,11.06208],[98.67792,11.05513]]],[[[98.63389,12.57649],[98.63205,12.58138],[98.64147,12.5997],[98.64092,12.61438],[98.64354,12.61928],[98.65168,12.61904],[98.66033,12.62627],[98.67609,12.60876],[98.67742,12.59768],[98.67375,12.59252],[98.66141,12.59689],[98.65787,12.59534],[98.66733,12.58994],[98.66564,12.5755],[98.65987,12.5764],[98.65277,12.58296],[98.64779,12.57999],[98.64608,12.58578],[98.64281,12.58063],[98.63389,12.57649]]],[[[98.67321,12.39768],[98.66928,12.39768],[98.66901,12.40154],[98.67477,12.40464],[98.6774,12.40336],[98.67321,12.39768]]],[[[98.66342,12.66647],[98.66618,12.6688],[98.66433,12.67575],[98.66733,12.69006],[98.67035,12.6889],[98.6705,12.6746],[98.67589,12.66804],[98.66867,12.67009],[98.66342,12.66647]]],[[[98.67298,11.03476],[98.66841,11.04094],[98.67585,11.03979],[98.67298,11.03476]]],[[[98.67138,11.06994],[98.6672,11.07136],[98.66955,11.07304],[98.67529,11.07266],[98.67138,11.06994]]],[[[98.67341,10.8814],[98.67158,10.88784],[98.67471,10.88501],[98.67341,10.8814]]],[[[98.6738,12.34511],[98.66672,12.34896],[98.66999,12.35077],[98.6738,12.34511]]],[[[98.67188,12.62087],[98.67187,12.62538],[98.67397,12.62461],[98.67188,12.62087]]],[[[98.67223,11.0095],[98.66008,11.0198],[98.66204,11.02238],[98.67378,11.01904],[98.67223,11.0095]]],[[[98.67172,10.26678],[98.67028,10.27438],[98.6734,10.27155],[98.67172,10.26678]]],[[[98.67196,12.13544],[98.67091,12.14175],[98.6734,12.13815],[98.67196,12.13544]]],[[[98.67148,10.97793],[98.66639,10.98192],[98.66808,10.98862],[98.67147,10.98862],[98.67148,10.97793]]],[[[98.66786,12.27551],[98.66785,12.28569],[98.6723,12.28686],[98.66786,12.27551]]],[[[98.66833,11.88982],[98.66217,11.89819],[98.66347,11.91108],[98.66766,11.90876],[98.66753,11.90515],[98.67145,11.90683],[98.67198,11.90477],[98.6661,11.89871],[98.6695,11.89613],[98.66833,11.88982]]],[[[98.66991,12.10284],[98.66755,12.10541],[98.67121,12.10619],[98.66991,12.10284]]],[[[98.67021,12.07036],[98.66719,12.07216],[98.6702,12.07449],[98.67021,12.07036]]],[[[98.66977,12.62628],[98.66333,12.63426],[98.66398,12.63993],[98.6699,12.63272],[98.66977,12.62628]]],[[[98.66735,12.26585],[98.6642,12.26842],[98.66681,12.2719],[98.66931,12.26701],[98.66735,12.26585]]],[[[98.66898,10.87547],[98.66168,10.88049],[98.66385,10.88612],[98.66767,10.88423],[98.66898,10.87547]]],[[[98.66588,12.79379],[98.66141,12.79997],[98.66587,12.80152],[98.66588,12.79379]]],[[[98.66703,12.09794],[98.66258,12.09973],[98.66637,12.10154],[98.66703,12.09794]]],[[[98.65192,11.83387],[98.65556,11.85024],[98.66471,11.85386],[98.66695,11.84175],[98.65989,11.83633],[98.65453,11.8407],[98.65192,11.83387]]],[[[98.66109,10.93526],[98.66031,10.93848],[98.66552,10.93836],[98.66109,10.93526]]],[[[98.64914,12.35783],[98.64363,12.36105],[98.64625,12.36698],[98.6646,12.36133],[98.64914,12.35783]]],[[[98.65938,12.14161],[98.65674,12.15514],[98.66329,12.15463],[98.66448,12.15103],[98.66422,12.14407],[98.65938,12.14161]]],[[[98.65747,12.40153],[98.65668,12.40977],[98.66389,12.40978],[98.66415,12.40514],[98.65747,12.40153]]],[[[98.66297,10.17217],[98.65663,10.17444],[98.66192,10.17604],[98.66297,10.17217]]],[[[98.66372,12.64199],[98.65098,12.64558],[98.65111,12.65125],[98.64756,12.65202],[98.64794,12.66169],[98.65451,12.66105],[98.65308,12.64997],[98.66372,12.64199]]],[[[98.6478,12.76941],[98.64542,12.77701],[98.64857,12.77702],[98.65039,12.78913],[98.65801,12.78901],[98.66299,12.7943],[98.66169,12.78876],[98.65499,12.78476],[98.6554,12.77896],[98.64976,12.77599],[98.65147,12.77135],[98.6478,12.76941]]],[[[98.66034,12.41416],[98.65863,12.41828],[98.66164,12.42215],[98.66034,12.41416]]],[[[98.66049,12.09329],[98.65656,12.09767],[98.66127,12.09741],[98.66049,12.09329]]],[[[98.66024,12.88746],[98.65682,12.88913],[98.65708,12.89339],[98.66024,12.88746]]],[[[98.65932,10.18235],[98.65788,10.18544],[98.65307,10.18415],[98.65228,10.18762],[98.65801,10.18879],[98.65932,10.18235]]],[[[98.65875,12.62807],[98.65087,12.6296],[98.65428,12.63618],[98.65875,12.62807]]],[[[98.65865,11.02225],[98.65134,11.02495],[98.64951,11.02997],[98.65865,11.02225]]],[[[98.65841,11.8728],[98.65448,11.87807],[98.65735,11.88143],[98.65841,11.8728]]],[[[98.65749,11.12161],[98.65004,11.12856],[98.65199,11.13152],[98.65749,11.12161]]],[[[98.64958,12.80614],[98.64774,12.81206],[98.65312,12.81465],[98.6572,12.8077],[98.64958,12.80614]]],[[[98.65205,12.14225],[98.63973,12.14635],[98.64443,12.15461],[98.65675,12.14689],[98.6565,12.14341],[98.65205,12.14225]]],[[[98.65492,12.14895],[98.64889,12.15204],[98.6502,12.15423],[98.65492,12.14895]]],[[[98.65433,12.98216],[98.6517,12.98268],[98.6517,12.98706],[98.65485,12.98758],[98.65433,12.98216]]],[[[98.64952,11.8675],[98.64742,11.87394],[98.65383,11.87498],[98.65449,11.87086],[98.64952,11.8675]]],[[[98.62837,12.41595],[98.63292,12.42881],[98.64014,12.42418],[98.65193,12.43206],[98.6522,12.42691],[98.64578,12.42265],[98.64932,12.41904],[98.64566,12.41311],[98.64068,12.41194],[98.64133,12.41542],[98.63543,12.41207],[98.62822,12.41334],[98.62837,12.41595]]],[[[98.65098,12.15655],[98.64652,12.15822],[98.64704,12.1617],[98.65071,12.16106],[98.65098,12.15655]]],[[[98.6466,12.30126],[98.64633,12.30551],[98.6517,12.30384],[98.6466,12.30126]]],[[[98.6464,11.00612],[98.64666,11.01102],[98.65109,11.01128],[98.6464,11.00612]]],[[[98.65071,10.88937],[98.64497,10.89323],[98.65032,10.8922],[98.65071,10.88937]]],[[[98.64672,11.80706],[98.63807,11.81993],[98.64383,11.81852],[98.65036,11.8242],[98.64985,11.81132],[98.64672,11.80706]]],[[[98.64995,12.73321],[98.64338,12.73758],[98.64994,12.73656],[98.64995,12.73321]]],[[[98.6472,11.83863],[98.64667,11.84404],[98.64876,11.8443],[98.6472,11.83863]]],[[[98.64867,11.91724],[98.64631,11.92059],[98.64893,11.92214],[98.64867,11.91724]]],[[[98.64577,12.13064],[98.64655,12.13683],[98.64891,12.134],[98.64577,12.13064]]],[[[98.64579,11.92265],[98.64447,11.9309],[98.64708,11.92961],[98.64579,11.92265]]],[[[98.64731,10.89722],[98.63962,10.90198],[98.64078,10.90611],[98.63686,10.91358],[98.64691,10.90637],[98.64731,10.89722]]],[[[98.64734,10.19136],[98.63797,10.19547],[98.63926,10.20424],[98.64734,10.19136]]],[[[98.6457,12.18528],[98.64334,12.19172],[98.64714,12.18966],[98.6457,12.18528]]],[[[98.64315,10.89348],[98.64262,10.89812],[98.64549,10.89439],[98.64315,10.89348]]],[[[98.64442,12.16621],[98.64154,12.16633],[98.64022,12.1711],[98.64218,12.17651],[98.64442,12.16621]]],[[[98.64377,12.64506],[98.63747,12.64556],[98.6372,12.6484],[98.64402,12.64892],[98.64377,12.64506]]],[[[98.6409,11.02635],[98.63593,11.03318],[98.63933,11.03305],[98.63855,11.02931],[98.64324,11.02919],[98.6409,11.02635]]],[[[98.64111,11.89803],[98.63506,11.91491],[98.6407,11.91027],[98.6432,11.90048],[98.64111,11.89803]]],[[[98.63353,10.86538],[98.62544,10.86923],[98.62804,10.88212],[98.61995,10.87915],[98.62541,10.8932],[98.62986,10.88561],[98.64263,10.88884],[98.64276,10.88575],[98.63403,10.88162],[98.64043,10.87724],[98.63691,10.87518],[98.63353,10.86538]]],[[[98.64036,12.06736],[98.63643,12.07071],[98.64009,12.07264],[98.64036,12.06736]]],[[[98.63855,12.43565],[98.63592,12.4399],[98.63933,12.43836],[98.63855,12.43565]]],[[[98.61551,12.76383],[98.61222,12.76691],[98.6093,12.7865],[98.62073,12.78239],[98.62572,12.78381],[98.63676,12.77816],[98.63781,12.77455],[98.62231,12.77827],[98.62416,12.77118],[98.6151,12.77001],[98.61747,12.76744],[98.61551,12.76383]]],[[[98.63651,12.39209],[98.63349,12.39737],[98.63703,12.39918],[98.63651,12.39209]]],[[[98.63319,10.93097],[98.63345,10.93471],[98.63658,10.9351],[98.63658,10.93124],[98.63319,10.93097]]],[[[98.63312,12.7529],[98.62917,12.75637],[98.63521,12.75612],[98.63312,12.7529]]],[[[98.62998,12.37443],[98.63338,12.3792],[98.62382,12.37777],[98.62158,12.38447],[98.63469,12.37908],[98.63548,12.37676],[98.62998,12.37443]]],[[[98.6315,11.03497],[98.63045,11.03807],[98.63541,11.03884],[98.6315,11.03497]]],[[[98.62896,10.10434],[98.62662,10.10756],[98.63325,10.10654],[98.62896,10.10434]]],[[[98.62952,11.75497],[98.62795,11.75665],[98.63056,11.75884],[98.62952,11.75497]]],[[[98.63138,10.91512],[98.62669,10.91563],[98.6272,10.92104],[98.63138,10.91512]]],[[[98.63083,12.3283],[98.62742,12.32907],[98.62768,12.3319],[98.63083,12.3283]]],[[[98.62999,10.11491],[98.62609,10.11529],[98.62765,10.11762],[98.62999,10.11491]]],[[[98.62659,12.72622],[98.62632,12.73111],[98.62921,12.72905],[98.62659,12.72622]]],[[[98.62497,12.39246],[98.62575,12.39788],[98.62916,12.39737],[98.62812,12.39273],[98.62497,12.39246]]],[[[98.62618,10.90403],[98.62539,10.90867],[98.62905,10.90867],[98.62618,10.90403]]],[[[98.61983,10.12598],[98.61905,10.13127],[98.62802,10.13102],[98.62685,10.12793],[98.61983,10.12598]]],[[[98.62001,12.73651],[98.6179,12.74257],[98.62079,12.74425],[98.62091,12.75043],[98.61631,12.75481],[98.61814,12.75945],[98.62643,12.74348],[98.62001,12.73651]]],[[[98.62418,12.76126],[98.62089,12.76486],[98.62233,12.76925],[98.6264,12.76771],[98.62418,12.76126]]],[[[98.62398,12.71693],[98.62135,12.71848],[98.62397,12.72595],[98.6262,12.72261],[98.62398,12.71693]]],[[[98.62158,10.83263],[98.62157,10.84242],[98.62483,10.83959],[98.62483,10.83469],[98.62158,10.83263]]],[[[98.62401,12.33022],[98.62087,12.33279],[98.62454,12.33267],[98.62401,12.33022]]],[[[98.6143,11.01343],[98.61403,11.02039],[98.59863,11.02913],[98.61298,11.0267],[98.60945,11.03392],[98.6041,11.03352],[98.60553,11.03675],[98.60136,11.03777],[98.59992,11.04138],[98.60382,11.04912],[98.6063,11.04963],[98.60617,11.04525],[98.60905,11.04461],[98.61387,11.04758],[98.60853,11.0392],[98.61323,11.04062],[98.61324,11.03237],[98.6191,11.04089],[98.61583,11.04294],[98.61922,11.04411],[98.62445,11.03754],[98.62407,11.02878],[98.61598,11.02722],[98.62252,11.01872],[98.6143,11.01343]]],[[[98.62152,10.23618],[98.61957,10.23747],[98.62178,10.24082],[98.62152,10.23618]]],[[[98.62176,12.25934],[98.61913,12.26411],[98.6228,12.2636],[98.62176,12.25934]]],[[[98.61926,12.35573],[98.61741,12.36307],[98.62266,12.36244],[98.61926,12.35573]]],[[[98.61398,11.06588],[98.61214,11.0731],[98.62179,11.0744],[98.61398,11.06588]]],[[[98.62006,12.70778],[98.61742,12.71177],[98.62005,12.71203],[98.62006,12.70778]]],[[[98.61758,11.1021],[98.62018,11.10764],[98.61993,11.10275],[98.61758,11.1021]]],[[[98.61898,10.82837],[98.60436,10.83776],[98.60253,10.84601],[98.59614,10.84445],[98.59574,10.84986],[98.60774,10.85117],[98.60723,10.83944],[98.61479,10.83674],[98.61506,10.83275],[98.61975,10.8334],[98.61898,10.82837]]],[[[98.61725,10.11283],[98.61074,10.1136],[98.61646,10.11992],[98.61919,10.11812],[98.61725,10.11283]]],[[[98.61475,10.86974],[98.61501,10.8745],[98.61905,10.87258],[98.61475,10.86974]]],[[[98.61843,12.20509],[98.61724,12.20998],[98.61908,12.20999],[98.61843,12.20509]]],[[[98.61401,10.20601],[98.61063,10.20755],[98.61114,10.21709],[98.6179,10.21813],[98.61792,10.20731],[98.61401,10.20601]]],[[[98.61429,10.82501],[98.61532,10.82978],[98.61794,10.82579],[98.61429,10.82501]]],[[[98.61375,12.35869],[98.61322,12.36332],[98.61689,12.36333],[98.61375,12.35869]]],[[[98.61658,12.21243],[98.61003,12.21255],[98.61632,12.21591],[98.61658,12.21243]]],[[[98.60786,12.26203],[98.60236,12.26357],[98.59973,12.26872],[98.61596,12.27802],[98.60786,12.26203]]],[[[98.61262,11.10738],[98.61078,11.11163],[98.61339,11.11124],[98.61262,11.10738]]],[[[98.61086,12.36281],[98.60849,12.36925],[98.61295,12.36616],[98.61086,12.36281]]],[[[98.60902,11.06136],[98.60615,11.06471],[98.61202,11.06408],[98.60902,11.06136]]],[[[98.60712,12.23304],[98.60449,12.23677],[98.60632,12.24528],[98.61183,12.23768],[98.60712,12.23304]]],[[[98.61108,12.91368],[98.60858,12.91432],[98.60818,12.91999],[98.6108,12.91974],[98.61108,12.91368]]],[[[98.60865,10.12339],[98.60812,10.12945],[98.61098,10.1292],[98.60865,10.12339]]],[[[98.6082,12.21448],[98.60583,12.21847],[98.60871,12.21873],[98.6082,12.21448]]],[[[98.60689,12.38677],[98.59823,12.39346],[98.6015,12.39681],[98.59822,12.40248],[98.60688,12.39708],[98.60689,12.38677]]],[[[98.60308,12.81819],[98.60675,12.82386],[98.60728,12.81871],[98.60308,12.81819]]],[[[98.60639,12.37401],[98.60389,12.37955],[98.60533,12.3811],[98.60639,12.37401]]],[[[98.57043,12.23723],[98.57894,12.23982],[98.56819,12.24625],[98.56739,12.25166],[98.56018,12.25874],[98.56227,12.26106],[98.57014,12.25373],[98.58351,12.25117],[98.58719,12.24435],[98.59216,12.2517],[98.59109,12.26046],[98.58637,12.26754],[98.59816,12.26717],[98.59412,12.2517],[98.60213,12.24192],[98.59821,12.23212],[98.59245,12.23237],[98.59429,12.22889],[98.59756,12.23032],[98.59779,12.22628],[98.6028,12.22903],[98.60622,12.22002],[98.60177,12.21847],[98.59862,12.22207],[98.59405,12.21382],[98.60495,12.1976],[98.60089,12.19553],[98.59695,12.20197],[98.58699,12.20491],[98.577,12.22242],[98.56782,12.23207],[98.56232,12.23168],[98.5623,12.23941],[98.56675,12.24303],[98.5699,12.2429],[98.57043,12.23723]]],[[[98.5973,11.04808],[98.59938,11.0553],[98.60303,11.05427],[98.5973,11.04808]]],[[[98.59875,12.73339],[98.59796,12.7388],[98.6015,12.73829],[98.59875,12.73339]]],[[[98.59447,10.82834],[98.59524,10.83595],[98.60006,10.83466],[98.59447,10.82834]]],[[[98.59087,10.79199],[98.58982,10.79624],[98.59399,10.79651],[98.59087,10.79199]]],[[[98.59083,10.81931],[98.5903,10.82434],[98.59278,10.82357],[98.59083,10.81931]]],[[[98.59009,13.05539],[98.58746,13.05783],[98.58982,13.05926],[98.59206,13.05733],[98.59009,13.05539]]],[[[98.59074,12.40504],[98.58247,12.41147],[98.58352,12.41379],[98.59152,12.40943],[98.59074,12.40504]]],[[[98.58742,12.43145],[98.57468,12.44393],[98.57125,12.45604],[98.57295,12.46171],[98.57767,12.46288],[98.58528,12.45555],[98.58742,12.43145]]],[[[98.58586,10.0441],[98.58222,10.0459],[98.58793,10.05158],[98.58586,10.0441]]],[[[98.58615,10.01858],[98.58303,10.02142],[98.58705,10.02503],[98.58615,10.01858]]],[[[98.58271,13.06466],[98.57929,13.06839],[98.57666,13.06697],[98.57613,13.07044],[98.58283,13.07123],[98.58271,13.06466]]],[[[98.57837,13.1457],[98.5802,13.1533],[98.58257,13.14944],[98.57837,13.1457]]],[[[98.58174,10.01123],[98.57732,10.01136],[98.57797,10.01368],[98.582,10.01446],[98.58174,10.01123]]],[[[98.57803,12.4018],[98.57422,12.40347],[98.57566,12.40618],[98.58169,12.40606],[98.57803,12.4018]]],[[[98.57841,12.32951],[98.575,12.33002],[98.5763,12.33324],[98.57841,12.32951]]],[[[98.57453,12.29781],[98.57137,12.30321],[98.57635,12.30167],[98.57741,12.29871],[98.57453,12.29781]]],[[[98.57586,11.95323],[98.57337,11.95528],[98.57506,11.95786],[98.57586,11.95323]]],[[[98.56048,13.14979],[98.54192,13.16264],[98.54347,13.17837],[98.54004,13.18197],[98.54015,13.19228],[98.54739,13.19203],[98.55279,13.18315],[98.55962,13.18767],[98.56568,13.18614],[98.56345,13.18098],[98.55753,13.18071],[98.5578,13.17736],[98.56424,13.17943],[98.56463,13.18279],[98.57121,13.18228],[98.57294,13.16888],[98.56795,13.16656],[98.56784,13.1547],[98.56048,13.14979]]],[[[98.56732,11.03089],[98.56471,11.03334],[98.56784,11.03412],[98.56732,11.03089]]],[[[98.55799,10.98861],[98.55877,10.99261],[98.56229,10.99106],[98.55799,10.98861]]],[[[98.55805,10.94969],[98.55596,10.95342],[98.55869,10.95523],[98.56026,10.9506],[98.55805,10.94969]]],[[[98.53597,10.72168],[98.53934,10.73174],[98.5366,10.73534],[98.53074,10.73353],[98.5298,10.75028],[98.52836,10.75221],[98.52615,10.75002],[98.52655,10.74447],[98.52029,10.74447],[98.52432,10.75156],[98.52314,10.76058],[98.53434,10.76085],[98.53148,10.75673],[98.53305,10.7526],[98.53774,10.7539],[98.53672,10.74307],[98.53881,10.73895],[98.54454,10.73935],[98.54688,10.74386],[98.55056,10.72544],[98.55902,10.73022],[98.55825,10.72145],[98.55409,10.71835],[98.55369,10.72196],[98.55004,10.72209],[98.55096,10.71448],[98.54563,10.70919],[98.54301,10.71653],[98.53597,10.72168]]],[[[98.55803,12.9029],[98.55184,12.90805],[98.55433,12.91552],[98.55803,12.9029]]],[[[98.55765,12.20049],[98.55398,12.201],[98.55529,12.20332],[98.55765,12.20049]]],[[[98.49918,10.82575],[98.50528,10.83736],[98.50409,10.84767],[98.50735,10.8518],[98.50226,10.85308],[98.50238,10.85798],[98.50004,10.85385],[98.49508,10.85668],[98.50132,10.87151],[98.49007,10.88966],[98.49372,10.89276],[98.50052,10.88259],[98.51094,10.88969],[98.51746,10.88506],[98.52204,10.87631],[98.51722,10.8745],[98.52505,10.87038],[98.51854,10.86419],[98.52741,10.86008],[98.52585,10.85659],[98.52951,10.85235],[98.5329,10.85081],[98.53316,10.85416],[98.52937,10.85621],[98.5295,10.86008],[98.53288,10.86331],[98.53836,10.86241],[98.53704,10.86976],[98.53314,10.86795],[98.53156,10.87297],[98.54252,10.86809],[98.54031,10.8619],[98.54517,10.84142],[98.53956,10.84386],[98.53931,10.84025],[98.54596,10.83381],[98.54023,10.83123],[98.54154,10.82736],[98.55119,10.82789],[98.55628,10.81888],[98.55682,10.81089],[98.55382,10.81166],[98.5482,10.82351],[98.54468,10.81783],[98.55057,10.80624],[98.54589,10.79438],[98.53899,10.79347],[98.54029,10.79592],[98.53546,10.80055],[98.53272,10.79797],[98.53821,10.79011],[98.5377,10.78457],[98.5257,10.78507],[98.52806,10.78146],[98.51593,10.78119],[98.50877,10.77512],[98.50577,10.77705],[98.50642,10.78272],[98.51137,10.78427],[98.51461,10.79278],[98.50835,10.79535],[98.50563,10.78826],[98.49924,10.78838],[98.49336,10.79417],[98.49869,10.80281],[98.50533,10.81094],[98.51705,10.81534],[98.52123,10.81457],[98.5185,10.80671],[98.52254,10.80929],[98.52424,10.80517],[98.52787,10.8191],[98.53113,10.81446],[98.53478,10.81614],[98.53034,10.81884],[98.53163,10.82967],[98.52928,10.83044],[98.52695,10.82128],[98.52121,10.82128],[98.52263,10.83017],[98.51859,10.8321],[98.51964,10.8263],[98.49918,10.82575]]],[[[98.55238,10.36587],[98.54769,10.37038],[98.55393,10.37606],[98.55575,10.37413],[98.55238,10.36587]]],[[[98.54656,10.78317],[98.54538,10.79051],[98.55357,10.80522],[98.55397,10.79619],[98.55045,10.79451],[98.54656,10.78317]]],[[[98.54957,12.01826],[98.54472,12.02147],[98.54799,12.02406],[98.54706,12.03127],[98.55531,12.03025],[98.54957,12.01826]]],[[[98.54609,11.26154],[98.53824,11.2712],[98.53377,11.29284],[98.52237,11.31576],[98.52614,11.32427],[98.53426,11.31372],[98.54314,11.30884],[98.55284,11.28514],[98.55246,11.27637],[98.54609,11.26154]]],[[[98.54749,12.92041],[98.53919,12.93302],[98.54036,12.9365],[98.55036,12.92918],[98.55182,12.92299],[98.54749,12.92041]]],[[[98.54927,10.35749],[98.546,10.36496],[98.54808,10.36548],[98.54927,10.35749]]],[[[98.52205,9.92686],[98.51945,9.92699],[98.51658,9.93833],[98.51537,9.95998],[98.52019,9.95844],[98.52486,9.96231],[98.53242,9.95201],[98.5371,9.95163],[98.54619,9.95796],[98.54763,9.94842],[98.54413,9.94404],[98.53997,9.94429],[98.53946,9.93759],[98.53426,9.93771],[98.53243,9.93938],[98.53516,9.94222],[98.53113,9.94428],[98.52697,9.93989],[98.52229,9.94439],[98.51982,9.94323],[98.52737,9.93499],[98.52829,9.92881],[98.52205,9.92686]]],[[[98.48669,11.76545],[98.47987,11.77265],[98.48562,11.77808],[98.48824,11.77705],[98.489,11.78813],[98.49213,11.79097],[98.49449,11.78814],[98.4997,11.80271],[98.50336,11.80594],[98.50311,11.79808],[98.50834,11.79616],[98.50888,11.78933],[98.5115,11.78843],[98.51319,11.79385],[98.50912,11.8008],[98.51304,11.80222],[98.51514,11.79952],[98.51814,11.80159],[98.51748,11.80945],[98.52219,11.80804],[98.52691,11.80057],[98.52692,11.79245],[98.52327,11.7891],[98.53085,11.78872],[98.53086,11.78589],[98.52576,11.7851],[98.52997,11.77171],[98.52683,11.76887],[98.52683,11.77274],[98.51897,11.77891],[98.52094,11.77388],[98.51623,11.77349],[98.51676,11.77001],[98.51977,11.77092],[98.52252,11.76641],[98.51624,11.76615],[98.51573,11.76292],[98.50632,11.75827],[98.50789,11.75492],[98.51311,11.76099],[98.51652,11.7588],[98.52148,11.76113],[98.51551,11.73638],[98.52244,11.74],[98.52465,11.7485],[98.5304,11.74929],[98.52961,11.75393],[98.53287,11.75445],[98.53773,11.74414],[98.53486,11.74259],[98.53749,11.73164],[98.54206,11.73333],[98.54195,11.72315],[98.53829,11.72069],[98.53776,11.72481],[98.53567,11.72378],[98.53516,11.71476],[98.52524,11.70791],[98.52077,11.71796],[98.51633,11.7155],[98.51436,11.72014],[98.50691,11.72116],[98.50639,11.7178],[98.51136,11.71549],[98.51609,11.70197],[98.52211,11.7034],[98.52211,11.69992],[98.51793,11.70043],[98.51584,11.69617],[98.53441,11.69362],[98.53756,11.68847],[98.53128,11.68962],[98.53011,11.68537],[98.52083,11.68767],[98.52121,11.69051],[98.51703,11.69205],[98.51298,11.69024],[98.51887,11.68741],[98.51887,11.68509],[98.51299,11.68521],[98.51405,11.67645],[98.51953,11.67865],[98.52399,11.67582],[98.5236,11.6717],[98.50961,11.67026],[98.50936,11.66807],[98.5227,11.66087],[98.53616,11.66863],[98.53564,11.66218],[98.53263,11.66759],[98.5312,11.6614],[98.51435,11.653],[98.52847,11.65044],[98.53215,11.6413],[98.52548,11.64206],[98.52104,11.6369],[98.52431,11.63665],[98.52341,11.6302],[98.50773,11.62528],[98.5097,11.62167],[98.52355,11.62196],[98.52485,11.62685],[98.53243,11.62738],[98.53334,11.62996],[98.54174,11.614],[98.54801,11.61452],[98.54789,11.61065],[98.53665,11.60729],[98.53144,11.59748],[98.52555,11.60057],[98.52658,11.60779],[98.52253,11.60907],[98.52424,11.60495],[98.51757,11.60674],[98.51366,11.60055],[98.5215,11.5985],[98.51983,11.5838],[98.52325,11.56809],[98.52095,11.53845],[98.52383,11.53536],[98.52661,11.5159],[98.52165,11.51306],[98.51654,11.51705],[98.51967,11.52453],[98.51482,11.53096],[98.49559,11.54278],[98.50107,11.54872],[98.49988,11.55516],[98.50628,11.5593],[98.50405,11.56187],[98.49308,11.56005],[98.49763,11.5714],[98.48889,11.56223],[98.48209,11.56518],[98.47217,11.56027],[98.46641,11.56451],[98.45804,11.56437],[98.4524,11.57492],[98.44757,11.57556],[98.43947,11.57284],[98.43491,11.56355],[98.43584,11.55543],[98.42341,11.5643],[98.43111,11.56895],[98.43175,11.57566],[98.42874,11.579],[98.42456,11.57667],[98.42076,11.58285],[98.42219,11.58569],[98.42926,11.58184],[98.43265,11.58494],[98.43449,11.57991],[98.43697,11.58185],[98.43539,11.58494],[98.44009,11.58727],[98.43708,11.59216],[98.43577,11.59022],[98.43093,11.59318],[98.43026,11.60143],[98.43602,11.59641],[98.44609,11.5963],[98.44385,11.6039],[98.44946,11.60868],[98.44645,11.61138],[98.44305,11.60996],[98.4437,11.61537],[98.43808,11.61613],[98.43678,11.61136],[98.43376,11.61458],[98.43846,11.62103],[98.43414,11.62386],[98.44406,11.63161],[98.44548,11.63702],[98.44156,11.63676],[98.44077,11.64088],[98.42639,11.63982],[98.42523,11.63376],[98.42144,11.63311],[98.42237,11.62577],[98.4161,11.62549],[98.40993,11.63437],[98.41489,11.6416],[98.42154,11.64561],[98.42704,11.64472],[98.42977,11.65246],[98.42401,11.65373],[98.42336,11.6509],[98.40913,11.64417],[98.41407,11.65552],[98.41158,11.65732],[98.40847,11.64868],[98.40193,11.64943],[98.40334,11.6591],[98.3998,11.66489],[98.40228,11.66761],[98.40173,11.68075],[98.38278,11.67478],[98.38071,11.6673],[98.37849,11.66472],[98.37692,11.66781],[98.38146,11.68148],[98.40603,11.6872],[98.40874,11.70525],[98.41983,11.71725],[98.42636,11.71869],[98.42846,11.7156],[98.43253,11.70633],[98.43019,11.70091],[98.44405,11.70016],[98.44758,11.70352],[98.44561,11.7079],[98.44129,11.70802],[98.43918,11.71652],[98.44754,11.71989],[98.4542,11.72802],[98.44255,11.73044],[98.43289,11.72514],[98.42986,11.73364],[98.41928,11.72795],[98.41496,11.73078],[98.41938,11.74212],[98.41702,11.74496],[98.42316,11.75025],[98.4263,11.75013],[98.42578,11.74703],[98.43179,11.74859],[98.43387,11.75607],[98.43754,11.75195],[98.4387,11.75866],[98.44251,11.75325],[98.43545,11.74886],[98.44017,11.74449],[98.43966,11.74075],[98.43599,11.74113],[98.43652,11.73752],[98.44123,11.73598],[98.4496,11.73999],[98.45823,11.7373],[98.46267,11.74066],[98.46034,11.73164],[98.46439,11.72958],[98.46608,11.73551],[98.47603,11.73064],[98.47627,11.7412],[98.47248,11.74094],[98.4726,11.74622],[98.46855,11.74506],[98.46972,11.74879],[98.4747,11.74468],[98.48176,11.7456],[98.48215,11.74225],[98.4781,11.74224],[98.48256,11.73451],[98.48805,11.73839],[98.48882,11.74303],[98.49144,11.74084],[98.49117,11.746],[98.49431,11.74575],[98.49234,11.75025],[98.48973,11.74896],[98.48945,11.75592],[98.48318,11.75436],[98.48186,11.75848],[98.48643,11.76107],[98.48865,11.76442],[98.48669,11.76545]]],[[[98.54693,10.69432],[98.53848,10.69668],[98.5356,10.70518],[98.54147,10.70519],[98.54695,10.69979],[98.54693,10.69432]]],[[[98.54608,10.75778],[98.54072,10.76396],[98.54776,10.76294],[98.54608,10.75778]]],[[[98.54496,11],[98.54717,10.98357],[98.53949,10.97634],[98.54094,10.96294],[98.53678,10.95649],[98.54161,10.95547],[98.53797,10.94863],[98.53313,10.95391],[98.53728,10.96989],[98.52932,10.96949],[98.52892,10.97503],[98.5237,10.98095],[98.52695,10.98663],[98.51923,11.00054],[98.51689,10.9977],[98.51076,10.99846],[98.51467,10.99537],[98.51822,10.98069],[98.51184,10.97501],[98.51629,10.96419],[98.51081,10.96405],[98.5077,10.9549],[98.50327,10.95309],[98.50564,10.93904],[98.49937,10.94586],[98.49935,10.95437],[98.50443,10.96005],[98.49621,10.9599],[98.48475,10.95177],[98.48096,10.95434],[98.47783,10.95768],[98.48382,10.95924],[98.4859,10.96594],[98.48812,10.96285],[98.49164,10.96235],[98.49151,10.96505],[98.4795,10.97302],[98.47713,10.98487],[98.47296,10.98229],[98.46943,10.98654],[98.47137,10.99479],[98.47828,10.99763],[98.48283,11.00821],[98.48804,11.01208],[98.48932,11.02446],[98.49414,11.02601],[98.49428,11.02137],[98.50185,11.01778],[98.49821,11.0121],[98.51034,11.01238],[98.51309,11.00903],[98.51229,11.0187],[98.50864,11.01521],[98.50081,11.02113],[98.51045,11.02707],[98.51773,11.04203],[98.51888,11.05389],[98.51456,11.0629],[98.52755,11.10004],[98.53056,11.09618],[98.53333,11.07608],[98.53712,11.07325],[98.53257,11.06087],[98.54396,11.03357],[98.54346,11.02274],[98.53942,11.02016],[98.54621,11.01733],[98.54283,11.00856],[98.54496,11]]],[[[98.53677,10.87581],[98.53557,10.89463],[98.54118,10.89283],[98.54171,10.88819],[98.54173,10.87647],[98.53677,10.87581]]],[[[98.53691,13.23801],[98.53428,13.2402],[98.53664,13.24214],[98.53927,13.24098],[98.53691,13.23801]]],[[[98.52608,13.12319],[98.53065,13.13995],[98.52313,13.15591],[98.53312,13.15851],[98.53499,13.13867],[98.53237,13.13815],[98.52608,13.12319]]],[[[98.53073,13.16688],[98.52731,13.16687],[98.52784,13.16919],[98.53125,13.16958],[98.53073,13.16688]]],[[[98.53011,13.21623],[98.52642,13.22021],[98.53011,13.22035],[98.53011,13.21623]]],[[[98.52902,11.63511],[98.52523,11.63588],[98.5264,11.63781],[98.52902,11.63511]]],[[[98.49151,13.18626],[98.49382,13.21126],[98.49014,13.21228],[98.48999,13.21924],[98.48751,13.21305],[98.48828,13.22104],[98.49772,13.2373],[98.50376,13.24066],[98.50851,13.23397],[98.50537,13.22352],[98.50932,13.22521],[98.51879,13.22213],[98.51907,13.21466],[98.51487,13.21104],[98.52276,13.21222],[98.52881,13.20824],[98.52093,13.20332],[98.51963,13.19507],[98.51056,13.19635],[98.51834,13.18348],[98.51123,13.1863],[98.50756,13.18114],[98.49808,13.18627],[98.49495,13.17725],[98.50012,13.17502],[98.49838,13.17145],[98.49259,13.17286],[98.48823,13.18007],[98.49151,13.18626]]],[[[98.52623,11.11215],[98.52621,11.12426],[98.52844,11.11525],[98.52623,11.11215]]],[[[98.52757,12.46705],[98.52349,12.47349],[98.52624,12.47581],[98.52757,12.46705]]],[[[98.4316,12.029],[98.4334,12.04576],[98.43862,12.05298],[98.43281,12.07926],[98.42835,12.08311],[98.42833,12.08956],[98.42099,12.09264],[98.42086,12.09573],[98.43302,12.10348],[98.43641,12.10993],[98.43905,12.10092],[98.43474,12.09627],[98.43619,12.0906],[98.43933,12.09035],[98.44442,12.09732],[98.45074,12.08084],[98.45494,12.07866],[98.45493,12.0842],[98.4654,12.08628],[98.46567,12.07829],[98.46228,12.07339],[98.45599,12.07608],[98.4522,12.07414],[98.45523,12.06178],[98.45368,12.05379],[98.45682,12.05302],[98.4585,12.0623],[98.47932,12.06234],[98.48156,12.05461],[98.49022,12.04586],[98.48538,12.04186],[98.48014,12.04597],[98.48016,12.03708],[98.4854,12.03503],[98.48175,12.02729],[98.48987,12.02164],[98.49588,12.0299],[98.49565,12.01495],[98.48857,12.01584],[98.48858,12.01081],[98.49198,12.01301],[98.49855,12.00207],[98.4962,11.99974],[98.49383,12.0036],[98.49253,11.99845],[98.48494,11.99985],[98.49018,11.99509],[98.49203,11.98608],[98.49596,11.98557],[98.49427,11.98041],[98.50932,11.98301],[98.51064,11.97644],[98.52729,11.9583],[98.51853,11.95648],[98.51788,11.95236],[98.50987,11.96497],[98.50936,11.9584],[98.50569,11.9602],[98.50097,11.96754],[98.50266,11.97269],[98.49782,11.97049],[98.49917,11.95104],[98.49445,11.95129],[98.49185,11.94716],[98.50153,11.94679],[98.50023,11.94215],[98.50363,11.9428],[98.50744,11.93791],[98.50496,11.93352],[98.4984,11.93866],[98.49907,11.93403],[98.49214,11.93118],[98.4924,11.92783],[98.49869,11.92836],[98.50341,11.92334],[98.50538,11.91703],[98.49084,11.92345],[98.49727,11.91701],[98.49349,11.90966],[98.49689,11.91031],[98.50567,11.90053],[98.50477,11.89293],[98.49954,11.89112],[98.49692,11.89395],[98.49575,11.89021],[98.50009,11.8781],[98.49668,11.87758],[98.49641,11.88428],[98.48596,11.87653],[98.47471,11.87548],[98.47482,11.88527],[98.47141,11.8899],[98.46617,11.89273],[98.46369,11.88899],[98.46042,11.89092],[98.4638,11.89994],[98.45959,11.91153],[98.46141,11.91798],[98.46455,11.91824],[98.46744,11.91232],[98.46732,11.9051],[98.47163,11.91259],[98.46835,11.91735],[98.47042,11.92547],[98.47383,11.92548],[98.47488,11.92135],[98.48102,11.92497],[98.47316,11.93089],[98.47118,11.93887],[98.47458,11.94352],[98.4679,11.94273],[98.46344,11.95123],[98.46579,11.95381],[98.46433,11.96309],[98.46773,11.96309],[98.47456,11.95357],[98.47835,11.95667],[98.47741,11.96672],[98.48119,11.97729],[98.47384,11.98527],[98.47566,11.99094],[98.46859,11.99531],[98.46896,12.00446],[98.4746,12.00125],[98.47393,12.00589],[98.46974,12.00717],[98.46535,12.04427],[98.45919,12.04916],[98.45569,12.02982],[98.45125,12.02311],[98.45218,12.01615],[98.45453,12.01899],[98.45768,12.01423],[98.45102,12.01022],[98.45115,12.00739],[98.45849,12.00225],[98.45203,12.00447],[98.45117,11.99734],[98.44475,12.00196],[98.44269,11.98495],[98.44007,11.98727],[98.44081,12.00711],[98.43738,12.02179],[98.4316,12.029]]],[[[98.48761,11.40424],[98.48369,11.40616],[98.48106,11.41621],[98.48602,11.41828],[98.48835,11.42576],[98.50336,11.43223],[98.49926,11.4616],[98.50266,11.46341],[98.50803,11.45234],[98.5087,11.44177],[98.5236,11.43974],[98.52664,11.41835],[98.52233,11.41692],[98.52049,11.42272],[98.50952,11.42438],[98.50301,11.41328],[98.48761,11.40424]]],[[[98.52113,10.7107],[98.51903,10.71727],[98.5232,10.71908],[98.52516,10.71599],[98.52113,10.7107]]],[[[98.52328,11.47208],[98.5204,11.47607],[98.52354,11.47801],[98.52328,11.47208]]],[[[98.51843,11.86422],[98.51083,11.86704],[98.51057,11.87039],[98.51842,11.87066],[98.51843,11.86422]]],[[[98.51,11.89732],[98.51181,11.90441],[98.51861,11.90661],[98.51888,11.90339],[98.51,11.89732]]],[[[98.51568,10.69561],[98.51541,10.7],[98.5188,10.70181],[98.51568,10.69561]]],[[[98.51623,12.78145],[98.51502,12.7933],[98.51817,12.79717],[98.51623,12.78145]]],[[[98.47928,12.48539],[98.47664,12.49118],[98.48031,12.49506],[98.47977,12.50279],[98.48607,12.49893],[98.48921,12.501],[98.49078,12.50397],[98.48697,12.50899],[98.49417,12.51673],[98.49902,12.51622],[98.49811,12.50952],[98.50624,12.51083],[98.51649,12.4995],[98.51755,12.49538],[98.50811,12.49665],[98.50365,12.49278],[98.50141,12.4987],[98.49814,12.49573],[98.50208,12.49458],[98.50196,12.48659],[98.49842,12.48607],[98.49815,12.49135],[98.49448,12.48851],[98.49501,12.48465],[98.49161,12.48477],[98.49107,12.48786],[98.48584,12.48231],[98.47928,12.48539]]],[[[98.51315,10.48103],[98.5121,10.48631],[98.51575,10.48709],[98.51315,10.48103]]],[[[98.50503,10.00842],[98.49839,10.01666],[98.50331,10.02672],[98.50213,10.03342],[98.50942,10.03188],[98.51541,10.02236],[98.5149,10.01617],[98.5058,10.01422],[98.50503,10.00842]]],[[[98.50749,12.40413],[98.50473,12.40696],[98.50643,12.41302],[98.51129,12.40775],[98.50749,12.40413]]],[[[98.50343,12.47332],[98.5008,12.47912],[98.50733,12.49073],[98.50343,12.47332]]],[[[98.50477,10.18009],[98.49748,10.18343],[98.50372,10.18473],[98.50685,10.1819],[98.50477,10.18009]]],[[[98.50676,10.4064],[98.50389,10.40717],[98.50179,10.4167],[98.50557,10.41388],[98.50676,10.4064]]],[[[98.50453,11.88249],[98.50243,11.88506],[98.50426,11.88687],[98.50453,11.88249]]],[[[98.49937,12.40334],[98.4957,12.40347],[98.4953,12.40669],[98.4987,12.41133],[98.49937,12.40334]]],[[[98.49514,12.41983],[98.4925,12.42704],[98.49853,12.42783],[98.49907,12.42267],[98.49592,12.42305],[98.49514,12.41983]]],[[[98.48474,11.82898],[98.47139,11.83295],[98.47361,11.83527],[98.46941,11.84222],[98.47083,11.84892],[98.47476,11.8479],[98.47527,11.85409],[98.48156,11.8492],[98.48129,11.85345],[98.47815,11.85461],[98.48076,11.85925],[98.48286,11.85462],[98.48744,11.85591],[98.49673,11.85232],[98.49884,11.84202],[98.49204,11.84123],[98.48944,11.83594],[98.48551,11.838],[98.49062,11.83144],[98.48474,11.82898]]],[[[98.49848,10.5381],[98.49052,10.54556],[98.49169,10.54608],[98.49848,10.5381]]],[[[98.47439,9.9817],[98.46774,9.99032],[98.46942,9.99702],[98.47358,9.99806],[98.47437,9.9942],[98.47853,9.9942],[98.47982,9.99794],[98.49647,9.99694],[98.49661,9.98882],[98.49414,9.98727],[98.47905,9.99408],[98.47684,9.99188],[98.47919,9.98544],[98.47439,9.9817]]],[[[98.48153,10.54413],[98.47632,10.54812],[98.47969,10.55586],[98.49271,10.55845],[98.49401,10.56258],[98.49688,10.5582],[98.48621,10.5502],[98.49077,10.54891],[98.48153,10.54413]]],[[[98.49676,9.97219],[98.49182,9.97244],[98.48947,9.97824],[98.49623,9.9807],[98.49676,9.97219]]],[[[98.4915,12.26712],[98.48285,12.27007],[98.49201,12.27705],[98.49555,12.27448],[98.4915,12.26712]]],[[[98.49062,12.45216],[98.48012,12.4564],[98.48194,12.46284],[98.47577,12.46592],[98.47771,12.48191],[98.48545,12.47986],[98.4903,12.48348],[98.48874,12.4751],[98.49136,12.47626],[98.49333,12.47214],[98.49229,12.46724],[98.48588,12.46311],[98.49165,12.4626],[98.49062,12.45216]]],[[[98.48754,12.41659],[98.48412,12.42277],[98.47888,12.42186],[98.47835,12.42624],[98.48438,12.42728],[98.48698,12.43566],[98.48252,12.43475],[98.48357,12.43798],[98.47465,12.43654],[98.47465,12.43989],[98.47911,12.43964],[98.47738,12.4515],[98.48117,12.4546],[98.48932,12.44636],[98.49316,12.42885],[98.48976,12.42265],[98.49212,12.41982],[98.48754,12.41659]]],[[[98.48741,12.34778],[98.48714,12.35384],[98.48976,12.35526],[98.48741,12.34778]]],[[[98.47772,12.34776],[98.47088,12.35819],[98.46669,12.35393],[98.46289,12.35714],[98.4693,12.36179],[98.479,12.36207],[98.48214,12.36646],[98.48387,12.35229],[98.47772,12.34776]]],[[[98.48007,10.00529],[98.47369,10.01044],[98.47472,10.01533],[98.48083,10.01689],[98.48007,10.00529]]],[[[98.47575,12.54556],[98.47429,12.54994],[98.47993,12.55407],[98.48125,12.54995],[98.47575,12.54556]]],[[[98.29433,12.64668],[98.2955,12.65055],[98.30231,12.65392],[98.30537,12.68768],[98.32064,12.67059],[98.32667,12.67279],[98.32602,12.6697],[98.3301,12.667],[98.33797,12.66792],[98.33877,12.66329],[98.34783,12.66228],[98.34821,12.66795],[98.35607,12.66977],[98.3571,12.67802],[98.3596,12.67674],[98.36777,12.66465],[98.35847,12.65689],[98.35848,12.65354],[98.36923,12.65486],[98.38129,12.66313],[98.38814,12.64897],[98.40748,12.62943],[98.40277,12.62221],[98.39687,12.6209],[98.39583,12.61497],[98.39164,12.61393],[98.39001,12.57914],[98.38097,12.57474],[98.37967,12.57061],[98.3936,12.56136],[98.40308,12.54515],[98.40639,12.53253],[98.40575,12.52505],[98.40287,12.52402],[98.41089,12.51192],[98.41684,12.49441],[98.42525,12.48631],[98.43035,12.49006],[98.42403,12.50061],[98.42612,12.50654],[98.43254,12.50913],[98.43701,12.50218],[98.44329,12.51019],[98.44848,12.537],[98.44375,12.54163],[98.44952,12.5419],[98.45672,12.54964],[98.45658,12.55531],[98.45383,12.55273],[98.4534,12.56832],[98.45602,12.57039],[98.46534,12.56848],[98.46203,12.57942],[98.44577,12.57978],[98.4442,12.57655],[98.44157,12.57951],[98.44339,12.58467],[98.44681,12.58467],[98.44653,12.5888],[98.43956,12.59754],[98.43784,12.60643],[98.44413,12.61057],[98.46014,12.60583],[98.46527,12.59863],[98.46504,12.58626],[98.47462,12.58447],[98.47922,12.57675],[98.47598,12.56192],[98.46942,12.56153],[98.46484,12.5543],[98.46659,12.53369],[98.46083,12.52569],[98.46494,12.50611],[98.46377,12.50224],[98.45734,12.50403],[98.45564,12.50093],[98.45817,12.48393],[98.46302,12.48523],[98.45713,12.47749],[98.45494,12.46073],[98.45179,12.46059],[98.45023,12.45621],[98.43252,12.45991],[98.43012,12.47691],[98.4271,12.47704],[98.42555,12.46763],[98.42819,12.45784],[98.43895,12.45451],[98.43608,12.44922],[98.42821,12.45101],[98.42089,12.44185],[98.42234,12.43669],[98.41751,12.42869],[98.42292,12.41247],[98.40632,12.3895],[98.39819,12.39064],[98.38798,12.38533],[98.39048,12.38199],[98.38212,12.36573],[98.38566,12.36677],[98.38659,12.36239],[98.38096,12.35903],[98.37993,12.35297],[98.37665,12.35412],[98.37862,12.34962],[98.37287,12.346],[98.37366,12.34149],[98.3674,12.33142],[98.36163,12.33012],[98.36465,12.32755],[98.36139,12.32071],[98.35825,12.32174],[98.34018,12.3128],[98.33231,12.31562],[98.32731,12.32437],[98.31103,12.33618],[98.31487,12.32202],[98.31264,12.32201],[98.30633,12.3296],[98.30405,12.34828],[98.30719,12.35189],[98.30844,12.37303],[98.31507,12.39547],[98.31862,12.39213],[98.31797,12.38774],[98.32662,12.38828],[98.32254,12.39368],[98.32157,12.4143],[98.32576,12.41766],[98.32522,12.42539],[98.3307,12.43442],[98.33029,12.44009],[98.32635,12.44317],[98.32725,12.44884],[98.33197,12.45169],[98.33233,12.4638],[98.32576,12.47023],[98.32588,12.47487],[98.31655,12.48026],[98.31415,12.49468],[98.31637,12.50036],[98.32004,12.49831],[98.33656,12.50221],[98.34386,12.51821],[98.34318,12.52826],[98.34881,12.53343],[98.3488,12.53729],[98.33751,12.54087],[98.33303,12.5473],[98.33328,12.55285],[98.32541,12.55463],[98.32266,12.55192],[98.32151,12.53787],[98.31549,12.53373],[98.31142,12.53488],[98.31258,12.54442],[98.30929,12.54596],[98.30586,12.55626],[98.30395,12.58254],[98.30173,12.57815],[98.29791,12.58381],[98.30261,12.59104],[98.2984,12.59747],[98.30036,12.6016],[98.29608,12.6289],[98.29816,12.63922],[98.29433,12.64668]]],[[[98.47001,10.88022],[98.46712,10.89349],[98.47129,10.89311],[98.47545,10.89891],[98.47885,10.89222],[98.47001,10.88022]]],[[[98.47809,10.42543],[98.47495,10.42981],[98.47834,10.42878],[98.47809,10.42543]]],[[[98.47259,10.44192],[98.46842,10.44384],[98.46867,10.44758],[98.47545,10.44682],[98.47259,10.44192]]],[[[98.46989,11.09208],[98.46624,11.09272],[98.46779,11.09814],[98.47328,11.09441],[98.46989,11.09208]]],[[[98.46822,11.98126],[98.46599,11.98345],[98.46768,11.98925],[98.47188,11.98488],[98.46822,11.98126]]],[[[98.46936,10.19202],[98.46832,10.19627],[98.47066,10.19653],[98.46936,10.19202]]],[[[98.46754,12.32481],[98.4657,12.32648],[98.46989,12.32906],[98.46754,12.32481]]],[[[98.4695,13.02644],[98.46423,13.02952],[98.46554,13.03236],[98.46936,13.03082],[98.4695,13.02644]]],[[[98.45753,11.82944],[98.45451,11.83343],[98.45476,11.84116],[98.45591,11.85147],[98.45958,11.85174],[98.46744,11.84479],[98.46915,11.83758],[98.46353,11.83976],[98.45895,11.83679],[98.45753,11.82944]]],[[[98.46075,11.92094],[98.458,11.92364],[98.46165,11.92777],[98.45994,11.93151],[98.4568,11.93176],[98.45184,11.92569],[98.45545,11.95263],[98.45887,11.94594],[98.45837,11.93447],[98.46437,11.94169],[98.46871,11.93242],[98.46676,11.92456],[98.46075,11.92094]]],[[[98.46774,11.82663],[98.46498,11.82933],[98.46812,11.82907],[98.46774,11.82663]]],[[[98.46616,11.96618],[98.46576,11.97005],[98.46785,11.97082],[98.46616,11.96618]]],[[[98.45764,12.29502],[98.46771,12.30277],[98.46642,12.29607],[98.45764,12.29502]]],[[[98.46409,11],[98.46211,10.99632],[98.46577,10.98988],[98.45939,10.98703],[98.45914,10.98046],[98.45392,10.98084],[98.45301,10.97774],[98.45601,10.97646],[98.45028,10.97452],[98.44781,10.97052],[98.45003,10.96846],[98.44325,10.96561],[98.44196,10.95955],[98.43804,10.96174],[98.43789,10.97514],[98.43342,10.98956],[98.43484,11.00245],[98.43978,11.00736],[98.44996,11.00609],[98.45672,11.01899],[98.46548,11.00509],[98.46409,11]]],[[[98.45676,12.21229],[98.44954,12.21743],[98.4465,12.23392],[98.45462,12.23484],[98.45542,12.2293],[98.4604,12.22583],[98.46407,12.22777],[98.46552,12.2221],[98.46133,12.22055],[98.45676,12.21229]]],[[[98.46327,12.10071],[98.4596,12.10251],[98.46012,12.10599],[98.46392,12.10406],[98.46327,12.10071]]],[[[98.45029,10.67978],[98.44845,10.68932],[98.45783,10.69204],[98.462,10.68921],[98.46344,10.68573],[98.45029,10.67978]]],[[[98.46288,11.76734],[98.45764,11.77068],[98.45816,11.77377],[98.4613,11.77391],[98.46288,11.76734]]],[[[98.46283,10.36496],[98.45918,10.36818],[98.46256,10.36818],[98.46283,10.36496]]],[[[98.4531,12.33792],[98.44575,12.34293],[98.45098,12.34823],[98.46067,12.35069],[98.46265,12.34477],[98.4531,12.33792]]],[[[98.45451,10.65634],[98.45135,10.66999],[98.45709,10.66936],[98.4571,10.6633],[98.46075,10.66253],[98.45451,10.65634]]],[[[98.45544,11.95688],[98.45517,11.96217],[98.45831,11.96204],[98.45544,11.95688]]],[[[98.45112,11.89141],[98.45372,11.90224],[98.45517,11.89709],[98.45112,11.89141]]],[[[98.45423,11.3708],[98.45305,11.37492],[98.45488,11.37518],[98.45423,11.3708]]],[[[98.4485,11.76306],[98.44456,11.77336],[98.44637,11.78187],[98.45187,11.78252],[98.4485,11.76306]]],[[[98.44921,12.56355],[98.44605,12.56908],[98.44999,12.56664],[98.44921,12.56355]]],[[[98.44307,12.24383],[98.43651,12.24975],[98.43729,12.25271],[98.44568,12.24706],[98.44307,12.24383]]],[[[98.43431,11.79602],[98.43143,11.79705],[98.43221,11.80066],[98.4394,11.80428],[98.4403,11.80866],[98.44242,11.79861],[98.43431,11.79602]]],[[[98.44077,12.58479],[98.43473,12.58619],[98.43341,12.59315],[98.43984,12.59059],[98.44077,12.58479]]],[[[98.42196,11.82138],[98.41384,11.82639],[98.41828,11.83001],[98.41525,11.8398],[98.40767,11.83875],[98.40635,11.8421],[98.40643,11.86684],[98.41035,11.86942],[98.41088,11.86504],[98.42266,11.86275],[98.42503,11.85631],[98.43313,11.85942],[98.42831,11.85271],[98.43865,11.85118],[98.44101,11.84784],[98.42898,11.84266],[98.42651,11.83776],[98.42784,11.8241],[98.42196,11.82138]]],[[[98.43524,10.92694],[98.4321,10.93415],[98.43522,10.93518],[98.43836,10.93158],[98.43524,10.92694]]],[[[98.43485,12.41146],[98.43406,12.41378],[98.43747,12.41456],[98.43485,12.41146]]],[[[98.43645,12.51881],[98.43013,12.53],[98.43603,12.53182],[98.43645,12.51881]]],[[[98.42919,12.36339],[98.42669,12.36763],[98.42916,12.37383],[98.41998,12.37741],[98.42966,12.38542],[98.43414,12.37564],[98.42919,12.36339]]],[[[98.42653,11.76276],[98.42443,11.76559],[98.42757,11.76778],[98.43228,11.7656],[98.42653,11.76276]]],[[[98.4286,12.51196],[98.42754,12.51479],[98.432,12.51738],[98.4286,12.51196]]],[[[98.43008,13.47643],[98.43059,13.48223],[98.43191,13.48197],[98.43008,13.47643]]],[[[98.43083,12.21082],[98.42557,12.21893],[98.42819,12.21919],[98.43083,12.21082]]],[[[98.42455,12.32382],[98.42349,12.33155],[98.43017,12.33053],[98.42455,12.32382]]],[[[98.42481,12.20514],[98.42323,12.20913],[98.42638,12.20811],[98.42481,12.20514]]],[[[98.40942,12.17315],[98.39757,12.20057],[98.40084,12.20573],[98.3982,12.21372],[98.40238,12.21939],[98.40855,12.21142],[98.40567,12.2109],[98.40621,12.20497],[98.41917,12.21067],[98.41657,12.20138],[98.42551,12.18697],[98.42617,12.18053],[98.41125,12.17921],[98.40942,12.17315]]],[[[98.42475,11.3527],[98.42122,11.35605],[98.42527,11.3576],[98.42475,11.3527]]],[[[98.41408,11.58683],[98.4142,11.5934],[98.41001,11.597],[98.40972,11.60989],[98.41847,11.61622],[98.42387,11.59755],[98.41408,11.58683]]],[[[98.42163,12.2224],[98.41626,12.22355],[98.41402,12.22896],[98.42292,12.22949],[98.42163,12.2224]]],[[[98.41226,12.5462],[98.40883,12.55418],[98.40986,12.56398],[98.41434,12.55574],[98.41226,12.5462]]],[[[98.39404,12.14],[98.38697,12.14088],[98.37765,12.15104],[98.38376,12.17013],[98.38664,12.17014],[98.39186,12.17955],[98.40524,12.17082],[98.4015,12.14465],[98.39404,12.14]]],[[[98.39449,12.05804],[98.3899,12.06035],[98.38976,12.06422],[98.39448,12.0623],[98.3984,12.06527],[98.40286,12.0627],[98.40195,12.05883],[98.39449,12.05804]]],[[[98.40277,12.33472],[98.39963,12.33536],[98.39978,12.34197],[98.39304,12.34836],[98.39934,12.34567],[98.40277,12.33472]]],[[[98.3908,12.29733],[98.38895,12.30364],[98.39392,12.3088],[98.39526,12.29876],[98.3908,12.29733]]],[[[98.38808,12.11164],[98.38231,12.11858],[98.38072,12.12708],[98.38648,12.12632],[98.39081,12.12118],[98.38808,12.11164]]],[[[98.3859,12.2651],[98.38039,12.26767],[98.37969,12.28558],[98.37075,12.2987],[98.37163,12.31597],[98.37871,12.31212],[98.38085,12.29512],[98.38861,12.28147],[98.3859,12.2651]]],[[[98.38334,12.34873],[98.38125,12.34975],[98.38412,12.35324],[98.38334,12.34873]]],[[[98.37897,12.3138],[98.37504,12.31508],[98.37582,12.31701],[98.37897,12.3138]]],[[[98.37031,12.31648],[98.37319,12.3219],[98.37476,12.31907],[98.37031,12.31648]]],[[[98.35832,12.29107],[98.35108,12.30458],[98.35723,12.31014],[98.363,12.30719],[98.36446,12.30023],[98.35832,12.29107]]],[[[98.34954,10.6332],[98.35888,10.65409],[98.36215,10.64534],[98.35982,10.63811],[98.34954,10.6332]]],[[[98.3586,12.70856],[98.35111,12.71151],[98.33953,12.72462],[98.33896,12.74163],[98.33301,12.75708],[98.33255,12.78388],[98.34037,12.75632],[98.35829,12.72828],[98.36055,12.71643],[98.3586,12.70856]]],[[[98.35677,12.28333],[98.35623,12.28797],[98.35833,12.28682],[98.35677,12.28333]]],[[[98.34507,13.65428],[98.33781,13.658],[98.33846,13.66161],[98.34662,13.66447],[98.34887,13.66087],[98.34507,13.65428]]],[[[98.33667,10.68163],[98.33796,10.68859],[98.34604,10.68951],[98.34656,10.68654],[98.33667,10.68163]]],[[[98.33974,10.58936],[98.34311,10.59658],[98.34571,10.59607],[98.34312,10.59014],[98.33974,10.58936]]],[[[98.3422,10.65664],[98.34218,10.66282],[98.34427,10.66257],[98.3422,10.65664]]],[[[98.33449,12.28367],[98.33395,12.28856],[98.33697,12.28702],[98.33449,12.28367]]],[[[98.33446,10.12785],[98.33003,10.13081],[98.32236,10.13027],[98.31596,10.1398],[98.33054,10.13725],[98.33027,10.14163],[98.33444,10.1388],[98.33446,10.12785]]],[[[98.24473,13.12999],[98.24038,13.13358],[98.24352,13.13668],[98.23852,13.14002],[98.23718,13.14569],[98.24083,13.15626],[98.23988,13.16747],[98.24644,13.17303],[98.24327,13.17534],[98.24416,13.18694],[98.23297,13.19025],[98.23243,13.19334],[98.23794,13.1998],[98.23658,13.21449],[98.24289,13.21283],[98.24973,13.21427],[98.2505,13.21865],[98.25682,13.21764],[98.25991,13.19652],[98.26969,13.17954],[98.27265,13.15532],[98.2798,13.13911],[98.27971,13.12519],[98.29014,13.11079],[98.28993,13.09095],[98.29364,13.08116],[98.2972,13.07744],[98.30232,13.08067],[98.30427,13.08776],[98.30018,13.09201],[98.30661,13.09602],[98.32187,13.09078],[98.33307,13.0805],[98.33033,13.07469],[98.3227,13.07596],[98.3165,13.08355],[98.31401,13.08225],[98.31456,13.0722],[98.32365,13.06553],[98.31013,13.05789],[98.30777,13.05814],[98.30616,13.0687],[98.28502,13.06078],[98.28639,13.0412],[98.29463,13.01082],[98.29229,13.00179],[98.29606,12.96985],[98.3048,12.94564],[98.30209,12.92605],[98.30592,12.9191],[98.30528,12.91253],[98.30001,12.92012],[98.3017,12.92373],[98.29798,12.93893],[98.29019,12.95411],[98.28335,12.95796],[98.28619,12.97368],[98.28895,12.9755],[98.28878,12.98838],[98.28482,12.99378],[98.28266,13.0131],[98.27634,13.01798],[98.2693,13.04528],[98.2529,13.07796],[98.25061,13.09831],[98.24611,13.1086],[98.24912,13.11067],[98.24596,13.11479],[98.24803,13.12407],[98.24473,13.12999]]],[[[98.32387,12.83694],[98.31965,12.8466],[98.32162,12.84622],[98.32387,12.83694]]],[[[98.32073,10.10063],[98.32254,10.10605],[98.32359,10.1027],[98.32073,10.10063]]],[[[98.31525,13.01358],[98.31074,13.03044],[98.31415,13.03174],[98.31941,13.02866],[98.32246,13.01939],[98.32103,13.01617],[98.31498,13.01757],[98.31525,13.01358]]],[[[98.30073,11.0081],[98.29404,11.02458],[98.30561,11.04033],[98.31449,11.03958],[98.31568,11.02979],[98.31999,11.02722],[98.31859,11.01227],[98.31612,11.00865],[98.30073,11.0081]]],[[[98.32038,10.26559],[98.31634,10.26661],[98.31542,10.2706],[98.32011,10.26894],[98.32038,10.26559]]],[[[98.31746,12.68063],[98.31431,12.68204],[98.31456,12.6859],[98.31798,12.68566],[98.31746,12.68063]]],[[[98.31354,12.86874],[98.30518,12.90106],[98.30608,12.90983],[98.31654,12.8779],[98.31354,12.86874]]],[[[98.28668,10.0905],[98.29135,10.09464],[98.28939,10.09773],[98.28407,10.09372],[98.28055,10.09565],[98.27936,10.10647],[98.28703,10.10803],[98.2831,10.11782],[98.27466,10.11522],[98.26906,10.11701],[98.27555,10.12193],[98.26887,10.14537],[98.28566,10.13922],[98.28281,10.13122],[98.28791,10.12144],[98.29506,10.12171],[98.29856,10.12803],[98.30742,10.1198],[98.31275,10.12201],[98.31121,10.11324],[98.31617,10.10526],[98.31162,10.10319],[98.30874,10.10988],[98.30225,10.10652],[98.30188,10.09801],[98.30591,10.09699],[98.30905,10.08913],[98.29813,10.08692],[98.29242,10.08162],[98.29176,10.08562],[98.28656,10.08509],[98.28668,10.0905]]],[[[98.30949,10.12754],[98.30414,10.13436],[98.30581,10.14184],[98.31154,10.14005],[98.31103,10.13566],[98.31611,10.13103],[98.30949,10.12754]]],[[[98.31253,13.0481],[98.30726,13.05311],[98.31172,13.05454],[98.31554,13.05107],[98.31253,13.0481]]],[[[98.31221,11.5589],[98.30958,11.56353],[98.31321,11.57437],[98.31531,11.57283],[98.31089,11.56341],[98.31221,11.5589]]],[[[98.31383,13.70316],[98.30907,13.7074],[98.31224,13.70792],[98.31383,13.70316]]],[[[98.31073,11.51972],[98.30472,11.52254],[98.30419,11.52589],[98.31017,11.5357],[98.31347,11.52385],[98.31073,11.51972]]],[[[98.31179,13.12489],[98.30232,13.12693],[98.30283,13.13221],[98.30755,13.13493],[98.31243,13.13147],[98.31179,13.12489]]],[[[98.31025,13.11226],[98.30259,13.12319],[98.30706,13.12475],[98.31247,13.11549],[98.31025,13.11226]]],[[[98.2859,13.69999],[98.2814,13.70603],[98.28388,13.71609],[98.27814,13.7381],[98.28421,13.73799],[98.28767,13.72538],[98.29216,13.72359],[98.2906,13.71688],[98.29285,13.7138],[98.30247,13.71369],[98.30324,13.72001],[98.30839,13.71461],[98.30458,13.71074],[98.29299,13.71019],[98.2859,13.69999]]],[[[98.30383,13.69695],[98.30435,13.70094],[98.30738,13.69966],[98.30383,13.69695]]],[[[98.30585,10.12612],[98.30194,10.12688],[98.30298,10.12998],[98.30585,10.12612]]],[[[98.22879,10.04205],[98.22643,10.04861],[98.24007,10.05612],[98.23889,10.06089],[98.24175,10.06205],[98.24774,10.05652],[98.2515,10.05975],[98.25136,10.06414],[98.25606,10.05925],[98.26098,10.0657],[98.26334,10.06055],[98.27659,10.06471],[98.28049,10.06343],[98.27921,10.05801],[98.28337,10.05867],[98.28754,10.05365],[98.28883,10.057],[98.29092,10.05134],[98.29743,10.05032],[98.29367,10.04567],[98.28833,10.04965],[98.27793,10.04486],[98.27732,10.04812],[98.2709,10.0491],[98.26207,10.04612],[98.27169,10.04588],[98.27574,10.03842],[98.28302,10.04024],[98.28108,10.0343],[98.29043,10.03974],[98.28888,10.03252],[98.29253,10.0293],[98.29877,10.02944],[98.29786,10.03279],[98.30241,10.03306],[98.3027,10.0185],[98.29269,10.01629],[98.29163,10.02324],[98.28838,10.02491],[98.28697,10.01782],[98.28268,10.01588],[98.27123,10.01766],[98.26578,10.01378],[98.26006,10.01441],[98.25632,10.0028],[98.25906,9.99869],[98.26217,9.99921],[98.25999,9.98864],[98.24857,9.98036],[98.25276,9.96491],[98.25019,9.95098],[98.24629,9.95355],[98.24331,9.94981],[98.24005,9.95225],[98.24095,9.95766],[98.2334,9.96009],[98.22734,9.94062],[98.21967,9.94125],[98.20825,9.93413],[98.20095,9.93978],[98.19551,9.93359],[98.19242,9.91992],[98.18983,9.91875],[98.18565,9.92622],[98.17293,9.91923],[98.16902,9.92244],[98.16579,9.9165],[98.17012,9.90053],[98.15659,9.90308],[98.16364,9.89059],[98.17027,9.88842],[98.15963,9.88272],[98.15471,9.87472],[98.15449,9.86132],[98.14229,9.85536],[98.14218,9.8484],[98.137,9.84065],[98.13206,9.84244],[98.13477,9.84941],[98.13357,9.85817],[98.12681,9.8588],[98.11554,9.84807],[98.11797,9.86277],[98.11471,9.86482],[98.12741,9.87929],[98.12817,9.88831],[98.12815,9.89501],[98.12463,9.89874],[98.12786,9.90584],[98.12046,9.90169],[98.11616,9.9071],[98.12509,9.92233],[98.12624,9.93006],[98.12219,9.93469],[98.12856,9.93522],[98.12556,9.93985],[98.12802,9.94347],[98.1258,9.94913],[98.11838,9.95092],[98.1237,9.95377],[98.12667,9.9628],[98.13148,9.96281],[98.1341,9.95379],[98.13931,9.95213],[98.14658,9.95627],[98.1524,9.96518],[98.15095,9.97291],[98.15822,9.97808],[98.15821,9.98156],[98.16575,9.98326],[98.17117,9.99642],[98.17139,10.01188],[98.17502,10.01795],[98.17892,10.01731],[98.18033,10.02711],[98.18513,10.02867],[98.18798,10.03409],[98.19528,10.02689],[98.21426,10.02822],[98.20855,10.02189],[98.21402,10.02126],[98.22154,10.03004],[98.2184,10.03571],[98.22203,10.04293],[98.22879,10.04205]]],[[[98.12369,10.93393],[98.13343,10.94852],[98.14021,10.94841],[98.14227,10.95924],[98.14618,10.96003],[98.14916,10.96622],[98.14523,10.97085],[98.14455,10.97987],[98.14807,10.98271],[98.14874,10.9773],[98.1537,10.97487],[98.16178,10.97708],[98.16996,10.98819],[98.17557,10.98975],[98.18787,10.97329],[98.19569,10.97498],[98.19912,10.96301],[98.20485,10.96315],[98.20852,10.95697],[98.21739,10.95764],[98.22067,10.95043],[98.2182,10.9472],[98.22238,10.94425],[98.22463,10.93137],[98.22881,10.92726],[98.22702,10.91256],[98.23253,10.90124],[98.2298,10.89711],[98.24278,10.87162],[98.24135,10.86672],[98.24657,10.86751],[98.24801,10.86442],[98.24792,10.84947],[98.25219,10.8603],[98.26418,10.86008],[98.26889,10.85674],[98.26798,10.85261],[98.27965,10.82609],[98.27537,10.81706],[98.27673,10.79387],[98.28077,10.79285],[98.28041,10.7797],[98.29435,10.78411],[98.29395,10.78785],[98.2985,10.79082],[98.30374,10.78233],[98.30271,10.77434],[98.29736,10.77729],[98.28629,10.77327],[98.28748,10.76747],[98.27834,10.77338],[98.27587,10.7699],[98.27916,10.75702],[98.28373,10.756],[98.28218,10.74826],[98.28857,10.74518],[98.2912,10.73733],[98.28625,10.73538],[98.28197,10.72532],[98.28264,10.71914],[98.28981,10.71735],[98.28982,10.71451],[98.27396,10.69798],[98.27371,10.69386],[98.26238,10.69138],[98.26043,10.6879],[98.25273,10.69394],[98.24206,10.68992],[98.23892,10.6948],[98.22771,10.69465],[98.22979,10.69839],[98.2363,10.69815],[98.2394,10.7095],[98.2501,10.70553],[98.26338,10.70724],[98.2652,10.70995],[98.26454,10.71368],[98.25659,10.71585],[98.24982,10.71262],[98.2485,10.71957],[98.24643,10.71493],[98.24278,10.71466],[98.23832,10.72728],[98.24745,10.72292],[98.24691,10.73001],[98.23961,10.73037],[98.23593,10.74119],[98.23435,10.74995],[98.2385,10.75795],[98.24411,10.75693],[98.24686,10.75191],[98.25285,10.75386],[98.2552,10.75077],[98.26015,10.75104],[98.25454,10.7549],[98.25047,10.76494],[98.25255,10.76907],[98.24783,10.7773],[98.23611,10.7747],[98.23688,10.78088],[98.2473,10.784],[98.24529,10.80642],[98.24696,10.81441],[98.25191,10.81546],[98.24811,10.8255],[98.25381,10.83892],[98.24741,10.84418],[98.24625,10.83658],[98.24196,10.83283],[98.23855,10.84004],[98.23256,10.83783],[98.22668,10.84323],[98.21803,10.86151],[98.22425,10.87647],[98.22125,10.87827],[98.21886,10.89437],[98.21416,10.89423],[98.21326,10.88933],[98.21419,10.88573],[98.2181,10.88496],[98.22035,10.87363],[98.2162,10.86511],[98.20609,10.88906],[98.1954,10.88825],[98.19147,10.89752],[98.18182,10.89608],[98.18068,10.88615],[98.17364,10.88407],[98.17624,10.88923],[98.17243,10.89824],[98.17764,10.90032],[98.1698,10.90494],[98.16797,10.90906],[98.17017,10.91319],[98.16519,10.92322],[98.1541,10.92616],[98.14706,10.92446],[98.14656,10.91802],[98.1394,10.91181],[98.13827,10.89763],[98.13488,10.89763],[98.13461,10.90097],[98.12392,10.9021],[98.11052,10.89214],[98.11275,10.88777],[98.10806,10.88363],[98.09634,10.88154],[98.09132,10.87318],[98.08281,10.87119],[98.08656,10.87996],[98.07925,10.88535],[98.08247,10.89696],[98.0934,10.90343],[98.09417,10.90962],[98.10016,10.90938],[98.10403,10.92382],[98.1155,10.92721],[98.11552,10.92077],[98.11839,10.92064],[98.12539,10.93239],[98.12369,10.93393]]],[[[98.29628,13.12395],[98.29453,13.13683],[98.29728,13.13993],[98.30163,13.13659],[98.29915,13.13066],[98.30126,13.12834],[98.29628,13.12395]]],[[[98.29894,13.11378],[98.29669,13.11905],[98.29984,13.12035],[98.3013,13.1152],[98.29894,13.11378]]],[[[98.29997,11.85139],[98.29395,11.85421],[98.29525,11.8564],[98.29997,11.85139]]],[[[98.29935,13.69964],[98.29354,13.70091],[98.29722,13.70376],[98.29935,13.69964]]],[[[98.25591,11.74407],[98.25339,11.75978],[98.25652,11.76288],[98.25994,11.7549],[98.26386,11.75517],[98.27351,11.7655],[98.2668,11.77992],[98.25762,11.78994],[98.25983,11.79588],[98.26689,11.79693],[98.27314,11.80596],[98.27732,11.807],[98.2776,11.8034],[98.28596,11.80445],[98.28805,11.80768],[98.29538,11.80344],[98.2992,11.7934],[98.29463,11.79055],[98.29061,11.77637],[98.29457,11.76504],[98.28648,11.75497],[98.29345,11.74339],[98.29689,11.726],[98.29061,11.72637],[98.29272,11.7189],[98.28383,11.72133],[98.27912,11.71938],[98.27838,11.70263],[98.26911,11.69668],[98.26915,11.68147],[98.28106,11.67661],[98.28398,11.66089],[98.28712,11.65987],[98.28269,11.65367],[98.28059,11.6574],[98.27497,11.65778],[98.27788,11.64258],[98.27123,11.63715],[98.27294,11.632],[98.26421,11.6236],[98.26396,11.61883],[98.26606,11.61549],[98.27312,11.61589],[98.27639,11.61294],[98.2734,11.60533],[98.26661,11.60389],[98.26688,11.59977],[98.26975,11.60158],[98.27109,11.5905],[98.28234,11.58486],[98.27948,11.5797],[98.27978,11.56449],[98.27314,11.55468],[98.27773,11.54928],[98.2712,11.54798],[98.27121,11.5454],[98.28167,11.54104],[98.28142,11.53692],[98.27593,11.53716],[98.27373,11.52891],[98.27124,11.532],[98.25609,11.52925],[98.25845,11.52475],[98.26368,11.5236],[98.27988,11.52635],[98.27038,11.50983],[98.27445,11.50456],[98.26912,11.49436],[98.2735,11.46783],[98.26539,11.46974],[98.26118,11.48352],[98.25818,11.48145],[98.25962,11.47772],[98.25271,11.47242],[98.25887,11.46522],[98.25863,11.45851],[98.2508,11.45579],[98.24094,11.4778],[98.22812,11.48395],[98.22732,11.4891],[98.2208,11.48548],[98.22137,11.46898],[98.21643,11.45763],[98.20873,11.45658],[98.20323,11.46262],[98.19985,11.45411],[98.19489,11.45461],[98.18955,11.44648],[98.19127,11.43914],[98.20538,11.4402],[98.20983,11.43596],[98.21506,11.43624],[98.20855,11.42797],[98.20071,11.42705],[98.18475,11.43654],[98.18238,11.44362],[98.17506,11.44528],[98.16855,11.4383],[98.1615,11.43751],[98.1617,11.45593],[98.16613,11.4611],[98.17451,11.45494],[98.17609,11.44824],[98.18028,11.44735],[98.19057,11.45601],[98.19093,11.46736],[98.20243,11.46816],[98.20359,11.471],[98.20136,11.47602],[98.1951,11.47368],[98.19156,11.47741],[98.19245,11.48334],[98.1884,11.48616],[98.1961,11.48928],[98.19554,11.50165],[98.20168,11.50089],[98.2035,11.50553],[98.19719,11.5184],[98.18724,11.52456],[98.1871,11.52817],[98.19024,11.52818],[98.1876,11.53487],[98.19806,11.53361],[98.1983,11.54083],[98.19385,11.54391],[98.20559,11.55206],[98.2137,11.54976],[98.22009,11.55248],[98.2159,11.55453],[98.21536,11.56175],[98.19405,11.56672],[98.1927,11.57947],[98.19636,11.58103],[98.19556,11.58618],[98.20626,11.59007],[98.20311,11.59612],[98.21173,11.60001],[98.20961,11.6089],[98.21588,11.6102],[98.21679,11.6133],[98.21246,11.61818],[98.22315,11.62762],[98.23334,11.62855],[98.23516,11.63512],[98.24274,11.63385],[98.24443,11.63631],[98.23984,11.64274],[98.23982,11.6497],[98.22885,11.64812],[98.22518,11.65172],[98.2279,11.65894],[98.22253,11.66331],[98.22409,11.66628],[98.2335,11.66592],[98.2382,11.67134],[98.23779,11.67572],[98.23046,11.67751],[98.22954,11.68111],[98.23268,11.68189],[98.23293,11.68628],[98.23528,11.68551],[98.23838,11.69943],[98.24399,11.70254],[98.24425,11.70589],[98.23836,11.70807],[98.23809,11.71103],[98.24332,11.71027],[98.25014,11.7023],[98.2555,11.70334],[98.24121,11.71568],[98.24224,11.72367],[98.25075,11.71828],[98.25063,11.71544],[98.25625,11.71623],[98.25558,11.72216],[98.26759,11.72786],[98.26718,11.73533],[98.2571,11.74059],[98.25591,11.74407]]],[[[98.29056,10.33409],[98.28509,10.33575],[98.28507,10.34541],[98.29574,10.34415],[98.29914,10.34016],[98.29056,10.33409]]],[[[98.29507,10.75512],[98.29141,10.75949],[98.29375,10.76195],[98.29507,10.75512]]],[[[98.25902,11.80412],[98.25456,11.80978],[98.25926,11.81185],[98.26186,11.81985],[98.25292,11.834],[98.26362,11.84447],[98.27277,11.84668],[98.27459,11.8521],[98.28767,11.85149],[98.29464,11.83901],[98.28813,11.82481],[98.28945,11.82069],[98.28422,11.8212],[98.28529,11.81166],[98.27809,11.81358],[98.25902,11.80412]]],[[[98.2551,11.85205],[98.25154,11.86054],[98.25346,11.87653],[98.25005,11.87987],[98.25239,11.88683],[98.24792,11.89301],[98.24945,11.90899],[98.25113,11.91389],[98.26812,11.9227],[98.26813,11.91883],[98.27757,11.91344],[98.27982,11.90469],[98.29305,11.89879],[98.29463,11.89403],[98.28809,11.89234],[98.2898,11.89002],[98.28653,11.88705],[98.28377,11.89207],[98.27802,11.89257],[98.28038,11.88794],[98.27485,11.85287],[98.2717,11.8548],[98.26255,11.85374],[98.25994,11.85064],[98.2551,11.85205]]],[[[98.23655,11.21439],[98.23467,11.23191],[98.22696,11.23473],[98.22603,11.24323],[98.21428,11.2423],[98.21244,11.24719],[98.22916,11.24375],[98.24037,11.25074],[98.24583,11.25823],[98.25365,11.26134],[98.27246,11.25868],[98.27835,11.25135],[98.26281,11.25324],[98.26401,11.24332],[98.27094,11.24154],[98.25869,11.2303],[98.27254,11.22646],[98.28323,11.23216],[98.29237,11.22973],[98.29212,11.22522],[98.2873,11.22225],[98.28863,11.21246],[98.28525,11.20704],[98.26866,11.21331],[98.26606,11.20944],[98.2718,11.20907],[98.27233,11.20623],[98.25929,11.20143],[98.25615,11.20529],[98.24988,11.20476],[98.24689,11.20205],[98.24652,11.19431],[98.24312,11.19469],[98.2439,11.19856],[98.23866,11.2028],[98.24284,11.20281],[98.24465,11.20861],[98.23185,11.2118],[98.23106,11.21412],[98.23655,11.21439]]],[[[98.28624,10.40045],[98.28961,10.40909],[98.29222,10.40394],[98.28624,10.40045]]],[[[98.28612,12.53121],[98.2848,12.53429],[98.28821,12.5343],[98.28612,12.53121]]],[[[98.28792,11.95741],[98.2832,11.95985],[98.2887,11.96063],[98.28792,11.95741]]],[[[98.28459,11.62597],[98.28445,11.62919],[98.27726,11.63059],[98.27516,11.63407],[98.28535,11.63461],[98.28759,11.62997],[98.28459,11.62597]]],[[[98.22283,12.51041],[98.22096,12.52407],[98.22837,12.54677],[98.24016,12.5486],[98.25034,12.56719],[98.25665,12.56411],[98.2632,12.56568],[98.26599,12.55331],[98.26534,12.5497],[98.25879,12.54685],[98.25882,12.53964],[98.26774,12.53644],[98.27487,12.52035],[98.28051,12.51959],[98.28008,12.53531],[98.28284,12.533],[98.28653,12.52528],[98.28299,12.52347],[98.28327,12.51702],[98.28656,12.51574],[98.28722,12.51111],[98.27674,12.51018],[98.27278,12.5188],[98.267,12.52059],[98.26951,12.51312],[98.26494,12.50796],[98.26204,12.51104],[98.26286,12.50215],[98.2525,12.50071],[98.25318,12.4922],[98.23666,12.48971],[98.22707,12.49754],[98.22193,12.50629],[98.22283,12.51041]]],[[[98.21548,11.28263],[98.21963,11.29244],[98.22876,11.29349],[98.22823,11.29826],[98.23241,11.29853],[98.23135,11.30252],[98.25615,11.30516],[98.25951,11.32037],[98.2642,11.32245],[98.26523,11.32786],[98.27045,11.33226],[98.28336,11.32034],[98.28277,11.31167],[98.27964,11.31115],[98.27979,11.30393],[98.27264,11.29012],[98.26086,11.3004],[98.25121,11.29909],[98.24913,11.2929],[98.25723,11.29253],[98.25333,11.28479],[98.25805,11.27875],[98.24566,11.27343],[98.23878,11.25963],[98.23132,11.26438],[98.23432,11.2667],[98.23091,11.2734],[98.21628,11.27568],[98.21316,11.27154],[98.21552,11.26562],[98.20742,11.26805],[98.21026,11.28056],[98.21548,11.28263]]],[[[98.27498,10.43225],[98.28056,10.43845],[98.28342,10.4382],[98.27498,10.43225]]],[[[98.2803,12.55],[98.27006,12.55358],[98.26977,12.56312],[98.27633,12.56082],[98.282,12.55207],[98.2803,12.55]]],[[[98.26743,11.38998],[98.26349,11.3977],[98.26609,11.40261],[98.27366,11.40391],[98.28178,11.3944],[98.26743,11.38998]]],[[[98.28,10.16794],[98.2731,10.17244],[98.28064,10.17374],[98.28,10.16794]]],[[[98.27548,11.19838],[98.276,11.20186],[98.27939,11.20161],[98.28018,11.19955],[98.27548,11.19838]]],[[[98.27699,11.93432],[98.2741,11.94011],[98.27802,11.94128],[98.28012,11.93664],[98.27699,11.93432]]],[[[98.27548,11.40585],[98.27116,11.40984],[98.2752,11.415],[98.27926,11.40986],[98.27548,11.40585]]],[[[98.27865,13.74584],[98.27284,13.7493],[98.27229,13.75574],[98.27861,13.75627],[98.27441,13.75343],[98.27865,13.74584]]],[[[98.27204,11.92619],[98.26549,11.92668],[98.27491,11.92929],[98.27204,11.92619]]],[[[98.26964,11.94139],[98.26622,11.95014],[98.26124,11.95038],[98.26463,11.95452],[98.27355,11.94681],[98.26964,11.94139]]],[[[98.26689,13.71166],[98.26372,13.71268],[98.26371,13.71835],[98.27268,13.71554],[98.26689,13.71166]]],[[[98.2721,11.19476],[98.26635,11.19501],[98.26478,11.19809],[98.27078,11.19798],[98.2721,11.19476]]],[[[98.27173,13.7663],[98.2679,13.76938],[98.27013,13.77325],[98.27173,13.7663]]],[[[98.27098,11.93211],[98.2673,11.93816],[98.26939,11.93868],[98.27098,11.93211]]],[[[98.25415,10.64858],[98.24266,10.65564],[98.23602,10.6533],[98.24016,10.66465],[98.23923,10.67212],[98.24223,10.67316],[98.24429,10.6809],[98.25902,10.68029],[98.26578,10.68469],[98.27048,10.68251],[98.26984,10.67864],[98.26099,10.67218],[98.25659,10.66083],[98.26196,10.65027],[98.25415,10.64858]]],[[[98.26668,13.78033],[98.26693,13.78407],[98.27036,13.78356],[98.26668,13.78033]]],[[[98.24294,11.94247],[98.23797,11.94272],[98.23887,11.94633],[98.2348,11.95186],[98.22747,11.95235],[98.22495,11.96639],[98.22716,11.96975],[98.23058,11.96383],[98.24,11.96669],[98.23724,11.97029],[98.24386,11.99041],[98.25092,11.99198],[98.25342,11.98838],[98.24714,11.98578],[98.24286,11.97237],[98.2528,11.97381],[98.25842,11.97885],[98.26485,11.9732],[98.25688,11.96725],[98.25321,11.96827],[98.25784,11.94973],[98.24817,11.94481],[98.2636,11.94794],[98.26741,11.94305],[98.26415,11.94021],[98.26261,11.92874],[98.25239,11.93361],[98.24925,11.93231],[98.24138,11.93809],[98.24294,11.94247]]],[[[98.26239,13.71912],[98.26171,13.72504],[98.26658,13.72712],[98.26239,13.71912]]],[[[98.2663,12.48979],[98.26026,12.493],[98.2563,12.50046],[98.26313,12.49829],[98.2663,12.48979]]],[[[98.25912,10.63944],[98.25716,10.64227],[98.25936,10.64588],[98.26379,10.64693],[98.25912,10.63944]]],[[[98.25844,12.30306],[98.25973,12.31015],[98.26235,12.31028],[98.25844,12.30306]]],[[[98.24169,11.34108],[98.23736,11.3497],[98.23667,11.36284],[98.24292,11.37059],[98.24894,11.3688],[98.25022,11.37525],[98.25701,11.37578],[98.25831,11.37926],[98.26198,11.37644],[98.25441,11.37191],[98.2509,11.36546],[98.25081,11.35051],[98.24585,11.34843],[98.24665,11.34534],[98.24169,11.34108]]],[[[98.2552,11.16792],[98.25987,11.17759],[98.24903,11.17963],[98.24941,11.18453],[98.25306,11.18621],[98.25959,11.1852],[98.26183,11.17914],[98.26145,11.17206],[98.2552,11.16792]]],[[[98.25658,10.61186],[98.25266,10.61752],[98.24523,10.61724],[98.24614,10.62008],[98.25265,10.61932],[98.25914,10.63068],[98.26099,10.61882],[98.25658,10.61186]]],[[[98.2577,10.89756],[98.25899,10.90388],[98.25992,10.8995],[98.2577,10.89756]]],[[[98.25911,12.89063],[98.25228,12.89228],[98.25752,12.89449],[98.25911,12.89063]]],[[[98.2514,12.28874],[98.25033,12.29556],[98.24666,12.29761],[98.24887,12.30252],[98.24454,12.30457],[98.24399,12.3159],[98.25051,12.3252],[98.2551,12.32341],[98.25605,12.31362],[98.25343,12.31232],[98.25306,12.30536],[98.25819,12.29623],[98.25191,12.29247],[98.2514,12.28874]]],[[[98.25255,13.7473],[98.23883,13.7492],[98.23788,13.75667],[98.24539,13.75798],[98.25065,13.76315],[98.25461,13.76187],[98.25255,13.7473]]],[[[98.24933,10.91081],[98.24839,10.9188],[98.25113,10.92035],[98.25272,10.91134],[98.24933,10.91081]]],[[[98.24395,10.23281],[98.23925,10.23835],[98.23751,10.25741],[98.23348,10.25792],[98.23347,10.26101],[98.24181,10.25742],[98.24909,10.26028],[98.25236,10.25307],[98.24395,10.23281]]],[[[98.24841,12.32687],[98.24196,12.33703],[98.24561,12.34451],[98.25166,12.33577],[98.24841,12.32687]]],[[[98.25112,12.20266],[98.24417,12.20432],[98.24294,12.22364],[98.24648,12.22288],[98.25112,12.20266]]],[[[98.24812,10.44688],[98.2378,10.46284],[98.23948,10.46619],[98.25057,10.45617],[98.24812,10.44688]]],[[[98.24178,13.73452],[98.24308,13.7389],[98.24757,13.73814],[98.24178,13.73452]]],[[[98.24712,13.71418],[98.24211,13.71455],[98.24236,13.71687],[98.24712,13.71418]]],[[[98.24577,13.72165],[98.24155,13.72215],[98.24154,13.72575],[98.24602,13.72603],[98.24577,13.72165]]],[[[98.23956,10.21773],[98.24058,10.22391],[98.24293,10.22186],[98.23956,10.21773]]],[[[98.24017,11.99813],[98.23872,12.002],[98.24146,12.00458],[98.24017,11.99813]]],[[[98.18458,10.14723],[98.18456,10.15213],[98.18118,10.15263],[98.18218,10.1681],[98.1897,10.18023],[98.19906,10.18258],[98.20308,10.18723],[98.18982,10.18384],[98.18346,10.17661],[98.17811,10.18227],[98.17951,10.19387],[98.19332,10.18759],[98.19748,10.19005],[98.1985,10.19559],[98.2067,10.19471],[98.21168,10.1808],[98.20754,10.17023],[98.21313,10.1723],[98.21522,10.16702],[98.22042,10.1718],[98.22744,10.17053],[98.23133,10.17518],[98.23758,10.17468],[98.23916,10.16798],[98.23316,10.17196],[98.22941,10.16177],[98.23568,10.15199],[98.23207,10.13884],[98.22336,10.13817],[98.2261,10.13393],[98.22076,10.13559],[98.21818,10.12669],[98.21165,10.13982],[98.20801,10.13878],[98.19557,10.12006],[98.1901,10.1207],[98.19821,10.10254],[98.19486,10.09158],[98.20058,10.0934],[98.20177,10.08464],[98.19542,10.07689],[98.19661,10.06865],[98.19322,10.0689],[98.19165,10.07508],[98.18775,10.07223],[98.19355,10.04106],[98.18848,10.04131],[98.18589,10.03795],[98.18224,10.04219],[98.18056,10.03794],[98.17586,10.04385],[98.17676,10.04849],[98.18326,10.05135],[98.18648,10.06063],[98.18086,10.07351],[98.188,10.07919],[98.1842,10.08924],[98.19108,10.09621],[98.18127,10.11758],[98.18425,10.12223],[98.18137,10.12866],[98.16898,10.1441],[98.16975,10.14745],[98.1817,10.15199],[98.18458,10.14723]]],[[[98.22939,10.54581],[98.22599,10.55057],[98.21934,10.55249],[98.23116,10.5654],[98.233,10.56128],[98.23912,10.56104],[98.22939,10.54581]]],[[[98.23413,13.89683],[98.2333,13.90765],[98.23541,13.90792],[98.23911,13.90561],[98.23413,13.89683]]],[[[98.2333,13.90868],[98.22903,13.92439],[98.23724,13.91488],[98.23858,13.90921],[98.2333,13.90868]]],[[[98.237,12.00908],[98.2307,12.01383],[98.23305,12.01706],[98.23777,12.01462],[98.237,12.00908]]],[[[98.20767,10.48106],[98.20687,10.48879],[98.19984,10.48916],[98.19387,10.4827],[98.19217,10.48489],[98.19787,10.49418],[98.19811,10.50269],[98.1968,10.50758],[98.19172,10.50731],[98.19041,10.51143],[98.19665,10.51531],[98.19793,10.5246],[98.20495,10.52938],[98.21459,10.52683],[98.2203,10.53316],[98.2263,10.53175],[98.23228,10.53448],[98.23685,10.53165],[98.23725,10.52675],[98.23244,10.52313],[98.23558,10.51773],[98.23041,10.50174],[98.23552,10.49028],[98.20767,10.48106]]],[[[98.23156,10.61643],[98.2275,10.62184],[98.23387,10.62765],[98.23701,10.62341],[98.23156,10.61643]]],[[[98.2145,12.35809],[98.2087,12.37121],[98.21394,12.37174],[98.21734,12.37588],[98.22181,12.37099],[98.22862,12.37256],[98.22965,12.3772],[98.2332,12.37437],[98.23663,12.36588],[98.23442,12.35917],[98.22391,12.36778],[98.21658,12.36698],[98.2145,12.35809]]],[[[98.23268,10.47713],[98.23163,10.48241],[98.23463,10.48164],[98.23268,10.47713]]],[[[98.23427,9.9244],[98.22892,9.92928],[98.22969,9.93418],[98.23427,9.9244]]],[[[98.23024,10.72571],[98.22918,10.73086],[98.23205,10.73113],[98.23024,10.72571]]],[[[98.22827,11.37996],[98.21989,11.38767],[98.21831,11.39243],[98.22183,11.39553],[98.22827,11.37996]]],[[[98.22366,10.12129],[98.22105,10.12399],[98.22181,10.13186],[98.2252,10.13032],[98.22366,10.12129]]],[[[98.20705,13.79303],[98.2023,13.79379],[98.20398,13.80449],[98.20052,13.81324],[98.20312,13.82355],[98.20868,13.83087],[98.21266,13.84909],[98.21925,13.85195],[98.22371,13.8584],[98.21854,13.82644],[98.21246,13.83131],[98.20719,13.82923],[98.20431,13.82356],[98.21118,13.82061],[98.21881,13.82489],[98.21741,13.81071],[98.21148,13.80941],[98.21297,13.7955],[98.20705,13.79303]]],[[[98.21483,10.43314],[98.21447,10.46974],[98.21943,10.46576],[98.22464,10.46641],[98.21905,10.46047],[98.22065,10.4481],[98.21483,10.43314]]],[[[98.21863,12.81385],[98.21561,12.81551],[98.21466,12.82453],[98.22386,12.82095],[98.22257,12.81424],[98.21863,12.81385]]],[[[98.21131,12.63472],[98.21442,12.64543],[98.21074,12.64799],[98.21546,12.65007],[98.21521,12.64466],[98.2202,12.64415],[98.22258,12.63695],[98.21497,12.63834],[98.21131,12.63472]]],[[[98.21396,10.04472],[98.20809,10.05115],[98.209,10.05411],[98.22225,10.05737],[98.22137,10.04706],[98.21369,10.04742],[98.21396,10.04472]]],[[[98.21499,13.94264],[98.22169,13.94987],[98.21986,13.94497],[98.21499,13.94264]]],[[[98.21975,12.44675],[98.21632,12.45318],[98.21788,12.45551],[98.21975,12.44675]]],[[[98.20554,14.00342],[98.19943,14.01499],[98.20285,14.01771],[98.22031,14.00798],[98.20554,14.00342]]],[[[98.21851,13.99393],[98.2144,13.99881],[98.21995,13.99573],[98.21851,13.99393]]],[[[98.21292,10.97155],[98.21342,10.97722],[98.21603,10.97748],[98.21292,10.97155]]],[[[98.21642,11.88042],[98.21014,11.88259],[98.21693,11.88699],[98.21642,11.88042]]],[[[98.20682,11.85243],[98.2042,11.85397],[98.2055,11.85642],[98.21099,11.85786],[98.21164,11.86095],[98.20706,11.86107],[98.2042,11.85655],[98.19922,11.85847],[98.20143,11.86273],[98.18951,11.86836],[98.19133,11.87172],[98.20598,11.87434],[98.20808,11.87035],[98.21383,11.87371],[98.21684,11.87076],[98.21532,11.85606],[98.20682,11.85243]]],[[[98.20862,12.22342],[98.21673,12.22679],[98.21543,12.22395],[98.20862,12.22342]]],[[[98.2118,13.94946],[98.20756,13.95369],[98.20687,13.96245],[98.20936,13.96697],[98.21411,13.96711],[98.21664,13.95991],[98.2118,13.94946]]],[[[98.21622,12.65948],[98.20676,12.6619],[98.20701,12.6655],[98.21042,12.66629],[98.21622,12.65948]]],[[[98.21383,11.78068],[98.21004,11.78131],[98.21224,11.78686],[98.21447,11.78674],[98.21383,11.78068]]],[[[98.21405,11.42309],[98.2096,11.42372],[98.21091,11.42553],[98.21405,11.42309]]],[[[98.21371,12.44918],[98.21028,12.45574],[98.21395,12.4555],[98.21371,12.44918]]],[[[98.21273,11.89227],[98.21062,11.89677],[98.21271,11.89755],[98.21273,11.89227]]],[[[98.20998,14.01657],[98.20364,14.01887],[98.20282,14.02686],[98.20572,14.02738],[98.20998,14.01657]]],[[[98.20704,10.82514],[98.20377,10.83054],[98.20598,10.83454],[98.2099,10.83082],[98.20704,10.82514]]],[[[98.20294,11.83722],[98.19979,11.8412],[98.19378,11.83912],[98.19571,11.85008],[98.18748,11.84645],[98.19033,11.85419],[98.1974,11.85344],[98.20816,11.84419],[98.20987,11.84007],[98.20294,11.83722]]],[[[98.19954,13.59807],[98.20475,13.61355],[98.20686,13.61304],[98.20638,13.60041],[98.19954,13.59807]]],[[[98.20636,11.92279],[98.2011,11.93025],[98.20161,11.93669],[98.20673,11.92975],[98.20636,11.92279]]],[[[98.19997,13.78309],[98.20022,13.78618],[98.20655,13.78543],[98.19997,13.78309]]],[[[98.20478,10.79395],[98.20216,10.79781],[98.2045,10.80039],[98.20478,10.79395]]],[[[98.19712,10.83194],[98.19266,10.84289],[98.20062,10.83878],[98.20204,10.846],[98.20466,10.83828],[98.19712,10.83194]]],[[[98.19826,13.97209],[98.18449,13.98763],[98.18548,14.00541],[98.1883,13.99228],[98.19318,13.99152],[98.20168,13.97687],[98.19825,13.9766],[98.19826,13.97209]]],[[[98.20074,9.81168],[98.1932,9.81502],[98.20151,9.81607],[98.20074,9.81168]]],[[[98.20026,13.77549],[98.19313,13.77727],[98.19233,13.78152],[98.1976,13.78102],[98.20026,13.77549]]],[[[98.20056,10.81121],[98.19599,10.81532],[98.19504,10.83091],[98.19817,10.83001],[98.20056,10.81121]]],[[[98.19821,13.98755],[98.19133,13.99358],[98.19211,13.99603],[98.19581,13.99566],[98.19821,13.98755]]],[[[98.19414,14.01897],[98.18805,14.02397],[98.19039,14.03506],[98.19196,14.03777],[98.19856,14.03767],[98.19414,14.01897]]],[[[98.19706,10.65733],[98.19444,10.66338],[98.19783,10.66068],[98.19706,10.65733]]],[[[98.18869,13.61208],[98.18722,13.61839],[98.18207,13.62198],[98.17939,13.63434],[98.19067,13.64958],[98.19331,13.64804],[98.19005,13.63695],[98.19744,13.63285],[98.19198,13.61299],[98.18869,13.61208]]],[[[98.19259,12.90911],[98.18467,12.92223],[98.17598,12.92697],[98.18148,12.93421],[98.17962,12.93974],[98.18198,12.94271],[98.1896,12.93964],[98.19055,12.93295],[98.19714,12.92446],[98.19664,12.9157],[98.19259,12.90911]]],[[[98.18404,10.45716],[98.17857,10.45895],[98.18141,10.46746],[98.19574,10.46531],[98.19665,10.46299],[98.18404,10.45716]]],[[[98.19489,10.98297],[98.1911,10.98567],[98.18863,10.98347],[98.18444,10.98951],[98.19579,10.98774],[98.19489,10.98297]]],[[[98.18932,10.8238],[98.18521,10.84802],[98.17763,10.85702],[98.18947,10.86324],[98.19574,10.86068],[98.19616,10.8496],[98.19578,10.8465],[98.18835,10.84648],[98.19179,10.8251],[98.18932,10.8238]]],[[[98.18974,13.99383],[98.18707,14.00233],[98.19155,14.00492],[98.19448,13.99681],[98.19131,13.99719],[98.18974,13.99383]]],[[[98.18817,12.65024],[98.18658,12.65423],[98.19418,12.65722],[98.18817,12.65024]]],[[[98.19038,13.65666],[98.18362,13.66759],[98.19403,13.66995],[98.19038,13.65666]]],[[[98.18355,12.1968],[98.18026,12.20001],[98.18221,12.20543],[98.19005,12.21125],[98.18355,12.1968]]],[[[98.18542,9.80842],[98.17996,9.80918],[98.18436,9.81435],[98.1867,9.81423],[98.18542,9.80842]]],[[[98.18275,14.0322],[98.17719,14.03566],[98.17664,14.0412],[98.18295,14.04869],[98.18551,14.03505],[98.18275,14.0322]]],[[[98.18172,12.36392],[98.17463,12.36673],[98.17278,12.3711],[98.18092,12.36829],[98.18172,12.36392]]],[[[98.18016,13.7177],[98.1754,13.72245],[98.17616,13.73096],[98.18016,13.7177]]],[[[98.17573,12.35166],[98.16496,12.35794],[98.1723,12.35873],[98.17254,12.36415],[98.1786,12.35669],[98.17573,12.35166]]],[[[98.17115,12.4747],[98.1706,12.48243],[98.17479,12.48218],[98.17115,12.4747]]],[[[98.16614,13.73131],[98.15726,13.74429],[98.15949,13.74701],[98.16873,13.74562],[98.1727,13.74099],[98.16875,13.73956],[98.17297,13.73765],[98.17378,13.73288],[98.16614,13.73131]]],[[[98.17003,13.75065],[98.16553,13.75385],[98.16843,13.75541],[98.17003,13.75065]]],[[[98.16811,9.76701],[98.16602,9.77203],[98.17057,9.77166],[98.16811,9.76701]]],[[[98.16084,10.4678],[98.16015,10.47965],[98.16941,10.47388],[98.16084,10.4678]]],[[[98.14174,12.40464],[98.1361,12.40733],[98.1345,12.41428],[98.12072,12.41849],[98.12569,12.42327],[98.13277,12.42252],[98.13196,12.43051],[98.13824,12.43285],[98.1477,12.42553],[98.15294,12.42748],[98.16265,12.42403],[98.16358,12.42081],[98.16057,12.41887],[98.16768,12.40923],[98.16388,12.41051],[98.16362,12.40741],[98.15825,12.40611],[98.15115,12.41253],[98.14174,12.40464]]],[[[98.16324,10.44602],[98.16451,10.45763],[98.16686,10.45622],[98.16636,10.44797],[98.16324,10.44602]]],[[[98.1645,12.25692],[98.16108,12.25897],[98.16173,12.26232],[98.16527,12.26181],[98.1645,12.25692]]],[[[98.1578,10.13917],[98.14894,10.14546],[98.14556,10.14558],[98.14427,10.1412],[98.14036,10.14377],[98.13582,10.1563],[98.13929,10.15626],[98.14486,10.16491],[98.14694,10.16492],[98.1454,10.15615],[98.14919,10.14894],[98.14738,10.14636],[98.15389,10.14457],[98.15126,10.15294],[98.15711,10.15644],[98.15877,10.16675],[98.16164,10.1647],[98.1578,10.13917]]],[[[98.1589,12.28563],[98.15444,12.28716],[98.15483,12.28961],[98.16123,12.29479],[98.16165,12.28757],[98.1589,12.28563]]],[[[98.15811,12.20329],[98.15888,12.21012],[98.16202,12.20949],[98.15811,12.20329]]],[[[98.15749,9.75449],[98.14799,9.76104],[98.15018,9.76826],[98.15823,9.76802],[98.15749,9.75449]]],[[[98.10029,12.33608],[98.10093,12.34073],[98.09541,12.34612],[98.09631,12.35076],[98.10757,12.35466],[98.10098,12.36379],[98.11121,12.36266],[98.11304,12.36525],[98.1162,12.36088],[98.12429,12.37031],[98.13058,12.37187],[98.13713,12.37099],[98.14082,12.36585],[98.13663,12.36532],[98.13036,12.3568],[98.13561,12.3545],[98.14334,12.35787],[98.1445,12.36174],[98.15553,12.35714],[98.1554,12.35456],[98.14113,12.35013],[98.13971,12.34446],[98.1506,12.34011],[98.15925,12.34143],[98.1594,12.33447],[98.15166,12.33818],[98.15051,12.32851],[98.14723,12.32786],[98.14159,12.33158],[98.14225,12.32875],[98.13924,12.32848],[98.1391,12.3317],[98.12846,12.33824],[98.12929,12.32639],[98.12548,12.32753],[98.11667,12.33743],[98.11091,12.33457],[98.11232,12.34411],[98.10655,12.34551],[98.10109,12.33248],[98.09597,12.33478],[98.10029,12.33608]]],[[[98.14678,12.46818],[98.14388,12.47203],[98.1482,12.4754],[98.14371,12.48492],[98.14461,12.49046],[98.14801,12.49318],[98.15274,12.49113],[98.15455,12.49861],[98.15692,12.49527],[98.15474,12.47877],[98.15045,12.46883],[98.14678,12.46818]]],[[[98.15514,12.23253],[98.15304,12.23278],[98.15512,12.23769],[98.15514,12.23253]]],[[[98.1496,12.16306],[98.14671,12.1646],[98.14458,12.17465],[98.15372,12.18421],[98.15166,12.17467],[98.15495,12.16901],[98.1496,12.16306]]],[[[98.14215,12.19912],[98.13178,12.20605],[98.13032,12.2112],[98.13764,12.21508],[98.15416,12.21153],[98.15053,12.20056],[98.14215,12.19912]]],[[[98.15354,11.9917],[98.15078,11.99504],[98.15261,11.99608],[98.15354,11.9917]]],[[[98.05863,12.25889],[98.05704,12.2643],[98.06199,12.27153],[98.05921,12.27822],[98.06391,12.28442],[98.06298,12.28854],[98.07449,12.29361],[98.07552,12.29864],[98.08049,12.30226],[98.08156,12.29428],[98.09505,12.29638],[98.10779,12.28727],[98.1125,12.29012],[98.12378,12.28823],[98.12508,12.29133],[98.134,12.28723],[98.13703,12.2808],[98.12538,12.2778],[98.1254,12.27148],[98.13509,12.27319],[98.13864,12.27101],[98.13747,12.2665],[98.12845,12.26247],[98.13103,12.23439],[98.12658,12.23219],[98.12054,12.23745],[98.12095,12.23281],[98.11111,12.23497],[98.12332,12.22664],[98.12165,12.21864],[98.11117,12.21706],[98.11041,12.21126],[98.10726,12.21151],[98.11226,12.20495],[98.09367,12.20309],[98.09369,12.19716],[98.08859,12.19379],[98.09661,12.18454],[98.10589,12.19024],[98.10496,12.19514],[98.11046,12.19541],[98.11205,12.18949],[98.1186,12.18977],[98.11933,12.20575],[98.12523,12.20525],[98.13522,12.19498],[98.13586,12.19807],[98.14556,12.19527],[98.1482,12.19038],[98.1448,12.19024],[98.14403,12.18405],[98.13905,12.18403],[98.13829,12.17759],[98.13372,12.17255],[98.13693,12.15143],[98.14074,12.14809],[98.1499,12.14889],[98.14902,12.13755],[98.13972,12.14036],[98.13431,12.15065],[98.13212,12.13956],[98.12858,12.14032],[98.1287,12.14612],[98.12225,12.15422],[98.12472,12.16208],[98.11028,12.1699],[98.09903,12.16819],[98.09722,12.16097],[98.08005,12.16336],[98.07676,12.16889],[98.07322,12.16849],[98.07399,12.17493],[98.067,12.18883],[98.06842,12.19424],[98.05017,12.20487],[98.0473,12.20319],[98.04804,12.21582],[98.04345,12.21709],[98.04815,12.2202],[98.04526,12.22354],[98.04613,12.23591],[98.05434,12.24934],[98.0508,12.25113],[98.05314,12.25552],[98.05865,12.25322],[98.05863,12.25889]]],[[[98.14282,12.15389],[98.14463,12.1606],[98.14895,12.16049],[98.14282,12.15389]]],[[[98.14305,11.99772],[98.13989,12.00287],[98.14499,12.00456],[98.14671,11.99799],[98.14305,11.99772]]],[[[98.13094,11.43484],[98.12715,11.43547],[98.13093,11.43883],[98.1297,11.45378],[98.12617,11.4557],[98.122,11.4535],[98.12042,11.45813],[98.12222,11.46484],[98.13241,11.46693],[98.13099,11.46177],[98.13713,11.45921],[98.14566,11.44609],[98.13877,11.43615],[98.13094,11.43484]]],[[[98.122,11.3669],[98.11833,11.37256],[98.11935,11.38081],[98.11526,11.39291],[98.10912,11.39289],[98.09446,11.40561],[98.10516,11.40757],[98.1054,11.41363],[98.11743,11.41057],[98.11757,11.40529],[98.12267,11.40556],[98.12396,11.40866],[98.12842,11.40442],[98.13469,11.40483],[98.13806,11.41244],[98.14577,11.41027],[98.14097,11.3984],[98.13911,11.36695],[98.12879,11.36847],[98.12521,11.38521],[98.1234,11.37876],[98.11975,11.37824],[98.12448,11.36949],[98.122,11.3669]]],[[[98.13711,12.37795],[98.13304,12.38052],[98.14152,12.39175],[98.14417,12.3848],[98.13945,12.38543],[98.13711,12.37795]]],[[[98.134,12.12513],[98.13215,12.1326],[98.13475,12.1366],[98.13843,12.13352],[98.134,12.12513]]],[[[98.13501,12.21881],[98.12674,12.22278],[98.12764,12.23026],[98.13406,12.22873],[98.13501,12.21881]]],[[[98.1305,13.52942],[98.12759,13.53418],[98.13233,13.53446],[98.1305,13.52942]]],[[[98.12743,11.47155],[98.1248,11.4767],[98.12611,11.47722],[98.12743,11.47155]]],[[[98.11405,11.81956],[98.11065,11.81955],[98.11481,11.82639],[98.12162,11.82293],[98.11405,11.81956]]],[[[98.10562,11.75639],[98.11893,11.76584],[98.11998,11.76327],[98.10562,11.75639]]],[[[98.11507,9.77964],[98.10973,9.78465],[98.11035,9.79548],[98.1067,9.79817],[98.10616,9.80655],[98.1124,9.80734],[98.11618,9.79987],[98.11507,9.77964]]],[[[98.1121,9.82126],[98.10871,9.82511],[98.11389,9.8326],[98.11559,9.82745],[98.1121,9.82126]]],[[[98.04825,12.37521],[98.04535,12.38061],[98.04876,12.38101],[98.05423,12.3903],[98.066,12.39704],[98.06794,12.40401],[98.07907,12.40869],[98.07931,12.41358],[98.08389,12.41721],[98.08161,12.43189],[98.09378,12.43708],[98.09445,12.43296],[98.0879,12.43332],[98.08869,12.43036],[98.10051,12.42577],[98.09766,12.41622],[98.10003,12.41288],[98.11313,12.41421],[98.10974,12.40853],[98.11527,12.40378],[98.11423,12.40094],[98.1116,12.40222],[98.10809,12.39255],[98.1071,12.37554],[98.09964,12.37203],[98.09822,12.36546],[98.08711,12.35756],[98.08186,12.35999],[98.08342,12.36463],[98.07607,12.36757],[98.06205,12.36611],[98.06164,12.37036],[98.0585,12.3697],[98.05498,12.36299],[98.05645,12.35604],[98.06,12.35296],[98.06483,12.35684],[98.06917,12.35247],[98.06696,12.34796],[98.0582,12.34367],[98.05862,12.33414],[98.05116,12.33205],[98.04817,12.32483],[98.03562,12.31679],[98.03848,12.32286],[98.02301,12.32448],[98.02307,12.30928],[98.01012,12.30279],[98.00709,12.3078],[98.00055,12.30353],[98.00633,12.30123],[98.00775,12.27057],[97.99434,12.28443],[97.99667,12.29011],[97.99087,12.3004],[97.97892,12.30757],[97.9798,12.31762],[97.97351,12.31644],[97.9685,12.32389],[97.95748,12.32694],[97.94298,12.31697],[97.94412,12.32573],[97.94986,12.3331],[97.96241,12.33933],[97.96345,12.34281],[97.97366,12.34466],[97.97601,12.34879],[97.96666,12.35906],[97.97031,12.36397],[97.96806,12.37053],[97.95891,12.3647],[97.95868,12.35632],[97.95083,12.35204],[97.94681,12.34146],[97.93725,12.33898],[97.93901,12.35767],[97.94527,12.36542],[97.95367,12.36223],[97.95602,12.36443],[97.95153,12.37446],[97.95202,12.38297],[97.95934,12.38635],[97.96325,12.39255],[97.97583,12.39363],[97.97077,12.38072],[97.97158,12.37557],[97.97498,12.37559],[97.98213,12.39056],[97.98894,12.3929],[97.99049,12.39858],[97.99324,12.39885],[97.99341,12.38931],[98.00494,12.39167],[98.00831,12.40199],[98.02349,12.40901],[98.02025,12.39869],[98.02448,12.38943],[98.01517,12.389],[98.0123,12.3859],[98.00928,12.38654],[98.00729,12.39246],[98.00455,12.3909],[98.00483,12.38575],[98.00169,12.38419],[98.00316,12.37621],[97.99949,12.37516],[98.00135,12.37104],[98.00264,12.3744],[98.0079,12.36978],[98.01278,12.36207],[98.00426,12.36204],[98.00401,12.35972],[97.99561,12.36226],[97.99669,12.35428],[97.99251,12.35027],[97.99724,12.34784],[97.99228,12.34202],[97.99647,12.34268],[98.00324,12.35585],[98.01948,12.35797],[98.02232,12.36906],[98.02665,12.36856],[98.02471,12.36134],[98.02709,12.35593],[98.0402,12.35624],[98.05025,12.3671],[98.04825,12.37521]]],[[[98.09529,9.69646],[98.09424,9.70059],[98.08593,9.69953],[98.08631,9.70237],[98.07915,9.70544],[98.08695,9.70482],[98.09707,9.70987],[98.1056,9.72639],[98.11105,9.72718],[98.11276,9.71842],[98.1089,9.70552],[98.1067,9.70126],[98.09529,9.69646]]],[[[98.10075,12.35451],[98.09603,12.35566],[98.09628,12.35849],[98.10022,12.35773],[98.10075,12.35451]]],[[[98.09704,10.55603],[98.09313,10.55833],[98.09192,10.5707],[98.08655,10.58022],[98.09818,10.56788],[98.09704,10.55603]]],[[[98.09336,9.63821],[98.09205,9.64465],[98.08633,9.64618],[98.08543,9.64309],[98.07647,9.64306],[98.07294,9.65027],[98.07462,9.65272],[98.08242,9.65094],[98.0889,9.65611],[98.09737,9.64698],[98.09751,9.64002],[98.09336,9.63821]]],[[[98.09255,12.45099],[98.08822,12.45304],[98.08465,12.4605],[98.08833,12.45974],[98.08992,12.45511],[98.09464,12.45538],[98.09255,12.45099]]],[[[98.00977,11.79099],[98.01212,11.79152],[98.01258,11.80956],[98.0055,11.81572],[98.00233,11.8246],[97.99736,11.82252],[97.99237,11.8274],[98.00462,11.84045],[98.00038,11.85616],[98.00613,11.85824],[98.01294,11.85607],[98.01659,11.85879],[98.01778,11.85545],[98.00683,11.84613],[98.00478,11.83221],[98.01018,11.82398],[98.01404,11.80286],[98.02385,11.80419],[98.03171,11.80138],[98.03907,11.79006],[98.04768,11.79525],[98.04639,11.79009],[98.05085,11.78611],[98.03594,11.78748],[98.03465,11.78283],[98.04094,11.7795],[98.0425,11.78196],[98.05951,11.77969],[98.05694,11.76641],[98.04751,11.77038],[98.04582,11.7656],[98.0448,11.7589],[98.05617,11.76023],[98.0554,11.75713],[98.05069,11.75789],[98.04888,11.75054],[98.04418,11.74846],[98.0573,11.7382],[98.05679,11.73291],[98.05117,11.73315],[98.04819,11.72554],[98.06296,11.7252],[98.06025,11.71669],[98.06338,11.71695],[98.07043,11.7211],[98.07144,11.73038],[98.07602,11.73143],[98.08265,11.74163],[98.08762,11.74048],[98.08816,11.73739],[98.07994,11.73221],[98.08231,11.72758],[98.08179,11.72397],[98.07852,11.72486],[98.07884,11.70824],[98.07624,11.70282],[98.0582,11.70289],[98.05011,11.69823],[98.04856,11.69294],[98.05456,11.69708],[98.06005,11.69607],[98.05928,11.69233],[98.07225,11.6858],[98.0736,11.67292],[98.07058,11.67729],[98.066,11.67702],[98.06786,11.668],[98.05892,11.67046],[98.05636,11.66797],[98.06121,11.66257],[98.06539,11.66374],[98.07537,11.64934],[98.07851,11.65051],[98.08139,11.64717],[98.08661,11.6508],[98.09014,11.64952],[98.08964,11.64488],[98.08429,11.64229],[98.09296,11.62762],[98.08251,11.62566],[98.08444,11.63636],[98.07959,11.63969],[98.07202,11.63658],[98.0699,11.6434],[98.05946,11.64066],[98.05943,11.64697],[98.05683,11.64323],[98.0516,11.64476],[98.0517,11.65275],[98.04633,11.65634],[98.0492,11.65867],[98.04403,11.67772],[98.03579,11.6795],[98.03275,11.68825],[98.03161,11.68064],[98.02403,11.67946],[98.0206,11.68705],[98.01248,11.69024],[98.01191,11.70351],[98.01505,11.70313],[98.02209,11.71115],[98.02527,11.69673],[98.03023,11.70061],[98.0272,11.70756],[98.03018,11.71452],[98.0358,11.71557],[98.03472,11.72562],[98.02598,11.71838],[98.02478,11.7261],[98.01708,11.72221],[98.01145,11.72477],[98.01861,11.73149],[98.01808,11.73549],[98.01245,11.73534],[98.01152,11.74023],[98.01568,11.74901],[98.02431,11.74891],[98.02521,11.75291],[98.03123,11.75035],[98.03016,11.7573],[98.02662,11.75948],[98.02686,11.76683],[98.01849,11.7668],[98.01263,11.75853],[98.00727,11.75813],[98.00804,11.76264],[98.01665,11.76782],[98.02107,11.77531],[98.00977,11.79099]]],[[[98.07141,10.84705],[98.06645,10.8491],[98.06591,10.85413],[98.05208,10.85937],[98.04713,10.85909],[98.04648,10.85639],[98.03852,10.85881],[98.0354,10.85596],[98.02939,10.86097],[98.04291,10.87184],[98.07468,10.88534],[98.0717,10.87888],[98.07052,10.88146],[98.06649,10.87784],[98.06898,10.87346],[98.07054,10.87733],[98.07654,10.87529],[98.07995,10.86847],[98.08946,10.86889],[98.08558,10.86011],[98.08899,10.85187],[98.08837,10.84337],[98.08212,10.84013],[98.07862,10.83303],[98.07141,10.84705]]],[[[98.08652,11.18871],[98.08391,11.18948],[98.08336,11.19721],[98.0865,11.19619],[98.08652,11.18871]]],[[[98.08546,12.3046],[98.08073,12.30767],[98.08518,12.30898],[98.08546,12.3046]]],[[[98.07854,12.33524],[98.07682,12.33961],[98.08108,12.3587],[98.08423,12.35794],[98.08387,12.34814],[98.07854,12.33524]]],[[[98.0794,12.31295],[98.07573,12.31487],[98.07782,12.31668],[98.0794,12.31295]]],[[[98.06315,11.78447],[98.05919,11.79503],[98.06246,11.79658],[98.06101,11.8007],[98.05655,11.80352],[98.0495,11.79847],[98.04608,11.80555],[98.05651,11.81486],[98.05855,11.82956],[98.0775,11.83555],[98.07818,11.82679],[98.07034,11.82431],[98.07312,11.8162],[98.07174,11.79687],[98.06886,11.79854],[98.06613,11.79479],[98.06693,11.79016],[98.06392,11.78937],[98.06315,11.78447]]],[[[98.06394,12.31238],[98.06445,12.31767],[98.07501,12.33239],[98.06878,12.31562],[98.06394,12.31238]]],[[[98.06764,12.30325],[98.06788,12.30943],[98.07077,12.30712],[98.06764,12.30325]]],[[[98.06616,12.12788],[98.06103,12.13443],[98.06586,12.14012],[98.06864,12.1293],[98.06616,12.12788]]],[[[98.06588,10.35091],[98.06353,10.35129],[98.06507,10.35825],[98.06742,10.35774],[98.06588,10.35091]]],[[[98.06069,13.80256],[98.05791,13.80526],[98.06065,13.81197],[98.06698,13.81186],[98.06069,13.80256]]],[[[98.05926,12.30154],[98.0586,12.30399],[98.06292,12.30426],[98.05926,12.30154]]],[[[98.03554,9.78535],[98.02981,9.79023],[98.01526,9.7898],[98.01381,9.79598],[98.00744,9.79932],[98.00663,9.8073],[98.00352,9.80729],[98.00922,9.81221],[98.00295,9.82276],[98.00359,9.82662],[98.00812,9.83257],[98.01435,9.83336],[98.01629,9.83774],[98.01199,9.84224],[98.01301,9.84688],[98.02679,9.84448],[98.02811,9.83829],[98.03436,9.8338],[98.04215,9.83666],[98.05152,9.83321],[98.05359,9.83553],[98.05815,9.83013],[98.05792,9.81853],[98.0629,9.8054],[98.0524,9.79751],[98.04982,9.78939],[98.03554,9.78535]]],[[[98.05746,12.292],[98.05431,12.29418],[98.05823,12.29652],[98.05746,12.292]]],[[[98.03872,12.18499],[98.04104,12.19505],[98.04995,12.19534],[98.05612,12.1893],[98.0471,12.18592],[98.04604,12.18991],[98.04263,12.1899],[98.03872,12.18499]]],[[[98.05555,14.22164],[98.05104,14.22548],[98.05129,14.23038],[98.05555,14.22164]]],[[[98.04516,10.57301],[98.03967,10.57699],[98.03783,10.58291],[98.04094,10.58975],[98.0451,10.59067],[98.05151,10.58141],[98.04516,10.57301]]],[[[98.04117,12.30432],[98.03487,12.30648],[98.03512,12.30932],[98.0469,12.31297],[98.04601,12.30755],[98.04117,12.30432]]],[[[98.03825,11.64781],[98.03328,11.65127],[98.03558,11.66403],[98.04305,11.66096],[98.03825,11.64781]]],[[[98.03369,10.15043],[98.03016,10.15506],[98.0338,10.15636],[98.03353,10.16022],[98.02976,10.1597],[98.02738,10.17141],[98.02163,10.17964],[98.02419,10.1955],[98.02718,10.19603],[98.03036,10.17671],[98.03245,10.17182],[98.03805,10.16926],[98.04252,10.156],[98.03588,10.15662],[98.03369,10.15043]]],[[[98.03804,9.63973],[98.03734,9.65713],[98.04204,9.64812],[98.03804,9.63973]]],[[[98.03909,11.63376],[98.03646,11.63646],[98.03828,11.64033],[98.03909,11.63376]]],[[[98.03312,12.06823],[98.02995,12.07376],[98.03415,12.07301],[98.03312,12.06823]]],[[[98.02965,11.6403],[98.02988,11.65087],[98.03238,11.64495],[98.02965,11.6403]]],[[[98.02937,9.76458],[98.01884,9.76584],[98.02154,9.77436],[98.0283,9.77257],[98.02829,9.77721],[98.03193,9.77593],[98.02937,9.76458]]],[[[98.03112,11.6702],[98.02639,11.67663],[98.0311,11.67639],[98.03112,11.6702]]],[[[98.01948,12.42974],[98.01629,12.43939],[98.02126,12.44301],[98.02337,12.4407],[98.03018,12.44305],[98.01948,12.42974]]],[[[97.94337,10.55478],[97.93971,10.56005],[97.95038,10.56253],[97.9569,10.55817],[97.95974,10.56759],[97.97015,10.56955],[97.97144,10.57355],[97.985,10.5696],[97.98762,10.56394],[97.99855,10.56539],[98.0079,10.5756],[98.00109,10.58769],[98.00394,10.59002],[98.01255,10.58786],[98.01761,10.59419],[98.02309,10.59163],[98.02146,10.57049],[98.02876,10.56806],[98.022,10.56366],[98.01626,10.56622],[98.01161,10.55629],[98.00744,10.55447],[97.99871,10.55702],[97.99864,10.5382],[97.99617,10.5382],[97.99393,10.54489],[97.98938,10.54436],[97.98823,10.53701],[97.98418,10.54048],[97.98245,10.55117],[97.97856,10.54497],[97.97673,10.5478],[97.95563,10.55018],[97.94674,10.55891],[97.94337,10.55478]]],[[[98.02623,11.34457],[98.02099,11.3488],[98.02595,11.34779],[98.02623,11.34457]]],[[[98.02194,10.07797],[98.02374,10.08493],[98.02454,10.07901],[98.02194,10.07797]]],[[[98.01849,12.05891],[98.01429,12.06069],[98.01269,12.06958],[98.0077,12.07265],[97.99541,12.06913],[97.99448,12.07183],[97.99945,12.07288],[98.00087,12.07778],[98.00455,12.07458],[98.02183,12.07605],[98.01849,12.05891]]],[[[98.0057,11.31345],[98.00247,11.3143],[98.00202,11.32013],[98.00593,11.32298],[98.02161,11.31943],[98.02267,11.31582],[98.00673,11.31757],[98.0057,11.31345]]],[[[98.0176,10.05077],[98.01681,10.05579],[98.02106,10.05468],[98.0176,10.05077]]],[[[98.02015,9.71597],[98.01858,9.72151],[98.02118,9.72049],[98.02015,9.71597]]],[[[98.02024,10.8688],[98.00902,10.87096],[98.00429,10.88151],[97.99803,10.88175],[98.00075,10.88846],[97.99852,10.89257],[98.01156,10.89171],[98.00349,10.88898],[98.00389,10.88434],[98.01004,10.8774],[98.01526,10.87781],[98.0171,10.8733],[98.02074,10.87434],[98.02024,10.8688]]],[[[98.01421,12.36439],[98.00789,12.37352],[98.00461,12.37363],[98.00708,12.38047],[98.01101,12.37933],[98.01156,12.37392],[98.01799,12.37162],[98.01421,12.36439]]],[[[98.01605,12.07977],[98.01356,12.08118],[98.01604,12.08364],[98.01605,12.07977]]],[[[98.01393,11.42584],[98.01156,11.43227],[98.01665,11.43177],[98.01393,11.42584]]],[[[97.9909,11.43916],[97.98722,11.4434],[97.97966,11.44054],[97.96944,11.44913],[97.98274,11.45562],[97.98562,11.4546],[97.98511,11.45086],[97.98825,11.44997],[97.99058,11.45385],[97.99477,11.45103],[97.99489,11.45592],[98.00156,11.45388],[98.00285,11.45775],[98.00703,11.45738],[98.0112,11.46139],[98.01391,11.46965],[98.0164,11.46888],[98.01031,11.45263],[98.00627,11.44978],[98.0093,11.44257],[98.00187,11.44023],[97.99376,11.44187],[97.9909,11.43916]]],[[[98.01497,11.35252],[98.0058,11.35906],[98.00176,11.35853],[98.00526,11.36447],[98.01494,11.35961],[98.01497,11.35252]]],[[[98.00469,11.38045],[97.99604,11.38866],[97.99304,11.38788],[97.99301,11.39639],[97.98777,11.3992],[97.99829,11.41625],[97.99651,11.40413],[98.00408,11.40441],[98.00188,11.39848],[98.00972,11.39876],[98.007,11.39154],[98.01039,11.39219],[98.01459,11.38692],[98.01238,11.38253],[98.00469,11.38045]]],[[[98.01138,10.12961],[98.00591,10.13282],[98.0072,10.13514],[98.01188,10.13542],[98.01138,10.12961]]],[[[98.01008,12.41901],[98.00457,12.41912],[98.0098,12.42236],[98.00716,12.42776],[98.01135,12.42855],[98.01008,12.41901]]],[[[98.00167,11.93167],[98.00242,11.9425],[97.99294,11.95818],[97.97749,11.96032],[97.97359,11.95309],[97.966,11.95293],[97.96284,11.95936],[97.96596,11.96401],[97.9717,11.96803],[97.98493,11.9664],[97.98242,11.97232],[97.99264,11.96849],[97.99773,11.97263],[97.99868,11.96207],[98.00653,11.96235],[98.0093,11.95876],[98.00167,11.93167]]],[[[98.00096,11.32438],[97.99827,11.34924],[98.00143,11.34165],[98.00861,11.34206],[98.00096,11.32438]]],[[[98.00542,12.1238],[98.002,12.12817],[97.99309,12.12981],[97.99582,12.13446],[97.99279,12.1378],[97.99512,12.14631],[98.00172,12.13306],[98.00748,12.13192],[98.00542,12.1238]]],[[[97.99583,12.09542],[97.9929,12.10855],[97.98425,12.11058],[97.98607,12.11497],[97.99826,12.11179],[97.99869,12.10252],[98.00196,12.10227],[97.99583,12.09542]]],[[[97.99127,10.3204],[97.98878,10.32658],[97.98501,10.32399],[97.98227,10.32707],[97.98289,10.33558],[97.98861,10.33766],[97.9908,10.3436],[97.9951,10.34309],[97.99542,10.36474],[97.99976,10.35213],[97.9989,10.33615],[97.99127,10.3204]]],[[[97.99749,10.16346],[97.99643,10.16836],[97.9993,10.1663],[97.99749,10.16346]]],[[[97.99417,9.71809],[97.99234,9.72182],[97.9952,9.72222],[97.99417,9.71809]]],[[[97.99363,12.46958],[97.99165,12.47306],[97.99427,12.47358],[97.99363,12.46958]]],[[[97.99014,12.00662],[97.9811,12.0102],[97.97989,12.01947],[97.97125,12.01853],[97.97463,12.02589],[97.98444,12.02747],[97.98643,12.02001],[97.99418,12.01205],[97.99328,12.00676],[97.99014,12.00662]]],[[[97.98983,10.03458],[97.9868,10.04591],[97.99157,10.05778],[97.99408,10.0467],[97.98983,10.03458]]],[[[97.98869,10.06434],[97.97775,10.07217],[97.97666,10.08608],[97.98423,10.07644],[97.99254,10.08072],[97.99257,10.07195],[97.98869,10.06434]]],[[[97.9925,9.75481],[97.98704,9.75531],[97.99197,9.75778],[97.9925,9.75481]]],[[[97.95884,10.12958],[97.9624,10.15524],[97.97564,10.1634],[97.97858,10.17964],[97.98391,10.17966],[97.98277,10.16857],[97.98879,10.1588],[97.98389,10.14435],[97.97988,10.13789],[97.97688,10.13943],[97.97946,10.14666],[97.97723,10.1518],[97.97308,10.14818],[97.96853,10.14868],[97.96362,10.13991],[97.96493,10.13604],[97.95884,10.12958]]],[[[97.98385,9.60698],[97.98488,9.61084],[97.98877,9.61214],[97.98385,9.60698]]],[[[97.98059,11.97193],[97.97809,11.97359],[97.98109,11.9785],[97.98319,11.97619],[97.98059,11.97193]]],[[[97.95993,12.03563],[97.95489,12.05197],[97.95881,12.05444],[97.958,12.05933],[97.9496,12.066],[97.95693,12.06577],[97.96803,12.07225],[97.97116,12.06617],[97.9797,12.06766],[97.97972,12.06379],[97.96559,12.06194],[97.96155,12.05702],[97.96746,12.05215],[97.96016,12.04362],[97.96736,12.0439],[97.96946,12.0403],[97.95993,12.03563]]],[[[97.97465,12.08813],[97.97177,12.0885],[97.9707,12.09442],[97.9738,12.10552],[97.97759,12.10708],[97.97947,12.09575],[97.97465,12.08813]]],[[[97.97217,9.60617],[97.97306,9.61236],[97.96768,9.62883],[97.95691,9.62777],[97.95716,9.63138],[97.95104,9.63703],[97.95596,9.64078],[97.96791,9.63966],[97.97011,9.64224],[97.9782,9.62809],[97.97852,9.61005],[97.97217,9.60617]]],[[[97.97698,14.71046],[97.97193,14.71495],[97.97455,14.72089],[97.9784,14.71678],[97.97698,14.71046]]],[[[97.97509,14.77474],[97.97401,14.77937],[97.97745,14.77887],[97.97509,14.77474]]],[[[97.97347,10.19019],[97.9724,10.2005],[97.97619,10.19433],[97.97347,10.19019]]],[[[97.97467,10.22177],[97.9727,10.22602],[97.97439,10.22757],[97.97467,10.22177]]],[[[97.9752,10.53993],[97.96894,10.54159],[97.96762,10.54558],[97.97557,10.5438],[97.9752,10.53993]]],[[[97.97475,12.13],[97.97108,12.13257],[97.97315,12.13902],[97.97551,12.13774],[97.97475,12.13]]],[[[97.96829,12.10794],[97.96514,12.10999],[97.96432,12.11953],[97.96901,12.12405],[97.97296,12.11853],[97.96694,12.11838],[97.97167,12.11504],[97.96829,12.10794]]],[[[97.96819,10.2144],[97.96687,10.21878],[97.97181,10.21983],[97.96819,10.2144]]],[[[97.96511,10.20073],[97.96353,10.2064],[97.96677,10.20924],[97.97109,10.2023],[97.96511,10.20073]]],[[[97.96515,10.3497],[97.96717,10.36801],[97.96993,10.35822],[97.96515,10.3497]]],[[[97.959,14.7614],[97.95766,14.76525],[97.94787,14.76457],[97.94101,14.78566],[97.94217,14.7934],[97.96148,14.79748],[97.96893,14.78862],[97.9671,14.78462],[97.96326,14.78499],[97.96223,14.77906],[97.96768,14.77393],[97.96677,14.77032],[97.96323,14.76309],[97.959,14.7614]]],[[[97.96,10.41154],[97.9571,10.42029],[97.94955,10.42065],[97.94915,10.42542],[97.95706,10.43447],[97.95574,10.43987],[97.95912,10.4404],[97.96348,10.4198],[97.96,10.41154]]],[[[97.94954,12.27976],[97.94373,12.29223],[97.95499,12.29459],[97.95522,12.30233],[97.9602,12.30312],[97.96126,12.29874],[97.95174,12.28865],[97.94954,12.27976]]],[[[97.94998,14.82048],[97.9497,14.82383],[97.95287,14.82565],[97.94998,14.82048]]],[[[97.93728,10.35399],[97.94022,10.37024],[97.94607,10.37154],[97.9497,10.37697],[97.94764,10.37065],[97.94153,10.36844],[97.94234,10.35993],[97.94014,10.35426],[97.93728,10.35399]]],[[[97.89926,10.86981],[97.8961,10.87779],[97.89946,10.8854],[97.88668,10.88742],[97.88483,10.89269],[97.88768,10.89709],[97.89238,10.89659],[97.89025,10.90792],[97.89611,10.90974],[97.89544,10.91412],[97.90509,10.91442],[97.91389,10.93249],[97.92824,10.93073],[97.93008,10.927],[97.9392,10.93026],[97.94912,10.92746],[97.94458,10.91816],[97.94817,10.89988],[97.94296,10.89934],[97.94142,10.89109],[97.93621,10.89043],[97.93196,10.87456],[97.91959,10.87104],[97.91463,10.87296],[97.92039,10.8655],[97.9165,10.86124],[97.90919,10.86302],[97.90036,10.85448],[97.88629,10.85263],[97.88618,10.84605],[97.88241,10.84205],[97.87901,10.84551],[97.88473,10.84966],[97.88626,10.86023],[97.88389,10.86447],[97.89146,10.86398],[97.89966,10.86749],[97.89926,10.86981]]],[[[97.94703,10.39564],[97.94246,10.40066],[97.93994,10.41328],[97.94582,10.40711],[97.94703,10.39564]]],[[[97.90064,10.44974],[97.89812,10.46159],[97.89133,10.46749],[97.89597,10.48142],[97.89334,10.48876],[97.90308,10.49408],[97.90242,10.49845],[97.9071,10.50002],[97.91154,10.49565],[97.90001,10.47963],[97.90461,10.46676],[97.90928,10.47271],[97.92438,10.4716],[97.9358,10.48388],[97.93804,10.47615],[97.93114,10.47445],[97.92769,10.45756],[97.93303,10.45603],[97.93588,10.46171],[97.93719,10.45811],[97.94162,10.45774],[97.94491,10.44577],[97.94236,10.42978],[97.93182,10.42781],[97.92295,10.435],[97.92049,10.42919],[97.91372,10.42994],[97.91321,10.42762],[97.91415,10.42041],[97.91909,10.42094],[97.92458,10.41503],[97.92796,10.41659],[97.92924,10.42252],[97.94032,10.41817],[97.93395,10.41635],[97.93188,10.41119],[97.93708,10.41301],[97.93761,10.40992],[97.9298,10.41092],[97.91214,10.39952],[97.9077,10.40312],[97.89496,10.39895],[97.89868,10.41211],[97.89581,10.41493],[97.89618,10.42112],[97.89045,10.42187],[97.90084,10.42938],[97.89938,10.43685],[97.90288,10.44047],[97.90064,10.44974]]],[[[97.93986,12.21182],[97.93466,12.23525],[97.93961,12.24145],[97.94411,12.22936],[97.93986,12.21182]]],[[[97.93554,14.79465],[97.93328,14.79619],[97.93297,14.80572],[97.93554,14.79465]]],[[[97.90683,14.76476],[97.89887,14.7664],[97.8968,14.78314],[97.90008,14.78934],[97.91475,14.79482],[97.91366,14.80151],[97.90823,14.80251],[97.90848,14.80483],[97.91346,14.81413],[97.9177,14.81415],[97.91768,14.81853],[97.92418,14.81599],[97.92653,14.79513],[97.91791,14.79766],[97.92245,14.79021],[97.92654,14.79307],[97.92869,14.78792],[97.92977,14.7829],[97.92077,14.78273],[97.9237,14.77863],[97.9274,14.77967],[97.92955,14.77479],[97.93024,14.76758],[97.92548,14.76652],[97.92564,14.7624],[97.92961,14.76216],[97.93467,14.756],[97.93286,14.74672],[97.93048,14.7471],[97.92945,14.74129],[97.92336,14.74049],[97.92135,14.74589],[97.91379,14.74779],[97.90447,14.75857],[97.90074,14.7646],[97.90683,14.76476]]],[[[97.92999,14.84551],[97.92256,14.84831],[97.92374,14.8518],[97.9155,14.85614],[97.92063,14.86402],[97.92725,14.86572],[97.92386,14.85334],[97.92678,14.85297],[97.92999,14.84551]]],[[[97.914,10.15779],[97.90904,10.16395],[97.92869,10.16222],[97.914,10.15779]]],[[[97.92715,11.50954],[97.9257,11.51392],[97.9283,11.51547],[97.92715,11.50954]]],[[[97.90962,13.8013],[97.9015,13.81775],[97.9047,13.81914],[97.90054,13.82625],[97.90857,13.8286],[97.90562,13.83967],[97.90951,13.85412],[97.90709,13.86364],[97.90973,13.86288],[97.9135,13.87475],[97.91798,13.87425],[97.91776,13.86549],[97.92422,13.86552],[97.9277,13.85394],[97.92236,13.84129],[97.92687,13.835],[97.92453,13.8279],[97.9268,13.82121],[97.92589,13.8185],[97.91916,13.8186],[97.92129,13.81423],[97.91577,13.81163],[97.91127,13.78752],[97.9081,13.78789],[97.90038,13.80357],[97.90143,13.8059],[97.90962,13.8013]]],[[[97.92359,11.27463],[97.91966,11.27758],[97.92708,11.28302],[97.92359,11.27463]]],[[[97.91302,11.98249],[97.91298,11.99139],[97.91743,11.99166],[97.91846,11.99708],[97.91243,11.9986],[97.92224,11.99967],[97.92018,11.99193],[97.92217,11.98369],[97.91302,11.98249]]],[[[97.91685,13.89022],[97.9125,13.89123],[97.91483,13.89974],[97.91202,13.90823],[97.91555,13.91443],[97.90804,13.91466],[97.90585,13.93049],[97.9079,13.94455],[97.91079,13.94533],[97.91923,13.91857],[97.91685,13.89022]]],[[[97.89564,10.49946],[97.89252,10.49997],[97.89289,10.50486],[97.8891,10.5082],[97.9068,10.51136],[97.90807,10.51986],[97.9177,10.52144],[97.91513,10.511],[97.9072,10.50955],[97.90643,10.50465],[97.90292,10.50387],[97.90004,10.50759],[97.89564,10.49946]]],[[[97.88532,14.64499],[97.8752,14.65885],[97.87183,14.67017],[97.87312,14.67739],[97.87985,14.68077],[97.88929,14.69834],[97.89431,14.70068],[97.89754,14.71564],[97.90204,14.71669],[97.90695,14.71388],[97.90658,14.70834],[97.90235,14.70587],[97.90471,14.68553],[97.90764,14.68039],[97.9165,14.68146],[97.91719,14.67734],[97.90811,14.66699],[97.90461,14.65229],[97.90249,14.65177],[97.90074,14.65807],[97.89386,14.65765],[97.89369,14.66486],[97.88842,14.65994],[97.88937,14.65686],[97.89998,14.65201],[97.89322,14.65301],[97.89713,14.63886],[97.9019,14.63811],[97.9043,14.6331],[97.91091,14.63532],[97.91599,14.62426],[97.91202,14.6254],[97.90583,14.61829],[97.9035,14.60771],[97.89224,14.63729],[97.88532,14.64499]]],[[[97.91288,13.88235],[97.90551,13.89004],[97.90654,13.89558],[97.91288,13.88235]]],[[[97.9097,14.61303],[97.90652,14.61417],[97.90861,14.61779],[97.9097,14.61303]]],[[[97.89238,14.84675],[97.88703,14.85677],[97.89127,14.85602],[97.89238,14.84675]]],[[[97.86778,12.28252],[97.86487,12.28857],[97.86957,12.29116],[97.8719,12.29864],[97.87583,12.30021],[97.87677,12.29377],[97.88268,12.29006],[97.89027,12.29254],[97.88977,12.28738],[97.87929,12.2854],[97.87378,12.28873],[97.87092,12.28279],[97.86778,12.28252]]],[[[97.87524,14.78084],[97.87437,14.79552],[97.88127,14.79259],[97.88235,14.78757],[97.88078,14.78306],[97.87524,14.78084]]],[[[97.87741,12.23631],[97.8779,12.24249],[97.88183,12.24303],[97.87741,12.23631]]],[[[97.86064,12.77363],[97.83568,12.77855],[97.83671,12.78396],[97.83183,12.78729],[97.83522,12.79246],[97.83127,12.79682],[97.8319,12.80172],[97.8395,12.80407],[97.85075,12.81417],[97.83839,12.81837],[97.83916,12.82249],[97.84964,12.82744],[97.8536,12.82217],[97.85124,12.82216],[97.85125,12.8183],[97.861,12.81216],[97.86598,12.81295],[97.86731,12.80935],[97.86313,12.80495],[97.868,12.80265],[97.86526,12.798],[97.87211,12.79404],[97.87498,12.79624],[97.87854,12.79265],[97.87357,12.78928],[97.88083,12.78106],[97.88138,12.77501],[97.8739,12.77407],[97.86953,12.78243],[97.86481,12.78074],[97.86064,12.77363]]],[[[97.86939,10.19436],[97.86701,10.20659],[97.87846,10.20586],[97.87875,10.19736],[97.87185,10.19914],[97.86939,10.19436]]],[[[97.84851,12.55198],[97.83761,12.55541],[97.83298,12.56466],[97.83636,12.57035],[97.82241,12.58085],[97.82809,12.58174],[97.82657,12.59066],[97.83076,12.59171],[97.83156,12.58824],[97.83944,12.58608],[97.84261,12.58133],[97.84628,12.58224],[97.84071,12.59613],[97.84514,12.60221],[97.85039,12.60159],[97.85333,12.58975],[97.86147,12.58875],[97.8694,12.5741],[97.87556,12.57412],[97.87572,12.56897],[97.88019,12.56512],[97.87127,12.5656],[97.86814,12.5625],[97.86409,12.5581],[97.86647,12.55527],[97.86451,12.55307],[97.86162,12.55487],[97.85587,12.54879],[97.85787,12.54184],[97.85341,12.54182],[97.85285,12.54955],[97.84851,12.55198]]],[[[97.85951,12.6167],[97.85739,12.62069],[97.86235,12.62728],[97.87758,12.62335],[97.87287,12.62062],[97.86735,12.62382],[97.85951,12.6167]]],[[[97.85642,12.60161],[97.85091,12.60198],[97.84893,12.60519],[97.85191,12.61474],[97.8582,12.61528],[97.86321,12.60963],[97.85642,12.60161]]],[[[97.83777,12.49138],[97.83618,12.49459],[97.84103,12.49461],[97.83777,12.49138]]],[[[97.83306,12.54753],[97.8312,12.55203],[97.83775,12.55335],[97.83855,12.55103],[97.83435,12.55101],[97.83306,12.54753]]],[[[97.82388,12.42973],[97.821,12.43088],[97.82212,12.44325],[97.81726,12.4449],[97.82066,12.44737],[97.81942,12.45922],[97.82238,12.47366],[97.82647,12.46723],[97.8269,12.45886],[97.83268,12.45618],[97.83322,12.45348],[97.8306,12.45334],[97.83247,12.44458],[97.83655,12.44151],[97.83329,12.43737],[97.82935,12.4389],[97.82833,12.43142],[97.82388,12.42973]]],[[[97.78817,14.1385],[97.78509,14.14699],[97.77701,14.15055],[97.78696,14.16684],[97.78295,14.17583],[97.78899,14.18308],[97.7977,14.18261],[97.79927,14.18545],[97.80325,14.18225],[97.8201,14.19148],[97.82394,14.18918],[97.82121,14.18246],[97.81645,14.18218],[97.80893,14.15625],[97.80234,14.15506],[97.80288,14.15146],[97.79827,14.15066],[97.78817,14.1385]]],[[[97.81795,14.14831],[97.82108,14.1567],[97.82307,14.15362],[97.81795,14.14831]]],[[[97.80153,14.10817],[97.80134,14.11924],[97.79629,14.12437],[97.8027,14.13703],[97.81273,14.13669],[97.81381,14.13193],[97.82042,14.13093],[97.82111,14.12501],[97.81809,14.12126],[97.80977,14.1216],[97.80915,14.11387],[97.80153,14.10817]]],[[[97.81936,14.28345],[97.81459,14.28652],[97.8151,14.28987],[97.8192,14.28809],[97.81936,14.28345]]],[[[97.8141,15.20897],[97.79765,15.20888],[97.79616,15.21338],[97.80126,15.22732],[97.81211,15.23227],[97.8159,15.21941],[97.81909,15.2175],[97.8141,15.20897]]],[[[97.80809,14.266],[97.80333,14.26714],[97.7992,14.27433],[97.79891,14.27897],[97.80455,14.28608],[97.81302,14.28368],[97.81437,14.27724],[97.80809,14.266]]],[[[97.80858,15.1998],[97.80842,15.20392],[97.81068,15.20393],[97.80858,15.1998]]],[[[97.7992,12.49494],[97.79354,12.49904],[97.78983,12.50753],[97.79863,12.50447],[97.7992,12.49494]]],[[[97.77327,12.26485],[97.76906,12.26831],[97.77465,12.2771],[97.77148,12.28301],[97.7896,12.30319],[97.79929,12.30478],[97.79591,12.29716],[97.79753,12.28738],[97.79312,12.27782],[97.77991,12.27197],[97.78072,12.26862],[97.77327,12.26485]]],[[[97.79555,12.4336],[97.79134,12.43629],[97.79264,12.43848],[97.79895,12.43568],[97.79555,12.4336]]],[[[97.79549,15.40144],[97.79255,15.40349],[97.79679,15.40634],[97.79549,15.40144]]],[[[97.78416,14.19722],[97.78504,14.20444],[97.79097,14.20705],[97.79087,14.20215],[97.78416,14.19722]]],[[[97.78954,14.32736],[97.78755,14.32838],[97.79003,14.33406],[97.78954,14.32736]]],[[[97.78723,14.31498],[97.78929,14.32504],[97.78986,14.31615],[97.78723,14.31498]]],[[[97.76384,12.03728],[97.75804,12.04434],[97.76561,12.05069],[97.77583,12.04712],[97.78209,12.05218],[97.7884,12.04782],[97.78109,12.04354],[97.77192,12.04492],[97.77142,12.04015],[97.76384,12.03728]]],[[[97.77968,14.3912],[97.76789,14.39655],[97.76575,14.40066],[97.76689,14.40994],[97.77427,14.4141],[97.77451,14.41861],[97.78523,14.41596],[97.77816,14.4033],[97.77968,14.3912]]],[[[97.78482,15.54565],[97.77857,15.54587],[97.7768,15.55333],[97.7849,15.55492],[97.78482,15.54565]]],[[[97.78163,14.42136],[97.77893,14.43216],[97.78357,14.42909],[97.78163,14.42136]]],[[[97.77009,14.45376],[97.77137,14.46021],[97.77719,14.45946],[97.77009,14.45376]]],[[[97.7649,14.43428],[97.76565,14.44214],[97.77014,14.44461],[97.77532,14.43936],[97.7649,14.43428]]],[[[97.74677,11.99159],[97.73944,11.99285],[97.73672,12.01409],[97.74404,12.01516],[97.7534,12.00129],[97.74677,11.99159]]],[[[97.71822,12.10652],[97.71585,12.1096],[97.72195,12.12122],[97.7164,12.1315],[97.71939,12.13615],[97.71519,12.13768],[97.71646,12.14619],[97.72928,12.14767],[97.74423,12.14271],[97.74608,12.13963],[97.73798,12.13688],[97.73435,12.12927],[97.74129,12.12724],[97.73909,12.12207],[97.72757,12.12215],[97.72054,12.11477],[97.72187,12.1104],[97.71822,12.10652]]],[[[97.73197,15.05588],[97.73153,15.06284],[97.72676,15.06281],[97.72634,15.06564],[97.73741,15.07678],[97.73692,15.09198],[97.74047,15.09792],[97.74123,15.08118],[97.73197,15.05588]]],[[[97.73514,15.19167],[97.72967,15.19627],[97.72976,15.20349],[97.73556,15.20996],[97.73852,15.20289],[97.73496,15.20017],[97.73514,15.19167]]],[[[97.72691,12.68979],[97.72532,12.69249],[97.7282,12.69418],[97.73005,12.692],[97.72691,12.68979]]],[[[97.72705,15.16856],[97.72411,15.17267],[97.72916,15.17089],[97.72705,15.16856]]],[[[97.7085,15.29739],[97.70343,15.30071],[97.701,15.30804],[97.7098,15.30126],[97.7085,15.29739]]],[[[97.70082,10.6344],[97.69638,10.63683],[97.70314,10.64047],[97.70082,10.6344]]],[[[97.65033,12.01653],[97.65396,12.02195],[97.65146,12.02581],[97.65446,12.02711],[97.65229,12.04385],[97.65933,12.04775],[97.67033,12.04819],[97.67289,12.05838],[97.67786,12.05995],[97.69072,12.05279],[97.69257,12.04958],[97.68842,12.04299],[97.67563,12.03391],[97.6683,12.03413],[97.66494,12.0251],[97.6576,12.02803],[97.65594,12.01861],[97.65033,12.01653]]],[[[97.68515,10.45975],[97.67915,10.46165],[97.6773,10.46899],[97.6799,10.47003],[97.68515,10.45975]]],[[[97.65514,11.83618],[97.64859,11.83808],[97.64738,11.84567],[97.63858,11.85233],[97.63906,11.86135],[97.63513,11.86275],[97.63483,11.87112],[97.6434,11.8825],[97.65959,11.88863],[97.66636,11.89691],[97.67629,11.89889],[97.67501,11.89348],[97.68222,11.8899],[97.68384,11.87883],[97.68166,11.87083],[97.67748,11.86991],[97.66512,11.85581],[97.6679,11.84809],[97.67286,11.84992],[97.67419,11.84683],[97.67027,11.84617],[97.6699,11.84063],[97.66612,11.83726],[97.6685,11.83315],[97.67478,11.83318],[97.67493,11.8288],[97.66826,11.82748],[97.66169,11.8344],[97.65514,11.83618]]],[[[97.66002,11.80167],[97.65634,11.80552],[97.65736,11.80991],[97.64873,11.80999],[97.64793,11.81295],[97.63837,11.81497],[97.63954,11.81704],[97.65783,11.82099],[97.66753,11.81717],[97.67043,11.81177],[97.66002,11.80167]]],[[[97.65346,15.49877],[97.65634,15.50472],[97.65232,15.5101],[97.65748,15.51297],[97.65472,15.52892],[97.65697,15.53125],[97.64947,15.53945],[97.64264,15.58861],[97.64811,15.58529],[97.65081,15.57887],[97.64925,15.57422],[97.65244,15.57347],[97.65572,15.57967],[97.66045,15.56811],[97.65572,15.55932],[97.6562,15.54748],[97.66087,15.5439],[97.65799,15.53693],[97.66158,15.53617],[97.66289,15.51918],[97.65842,15.51117],[97.65845,15.50052],[97.65652,15.49725],[97.65346,15.49877]]],[[[97.66002,15.49031],[97.65708,15.49377],[97.6608,15.49315],[97.66002,15.49031]]],[[[97.64915,12.04164],[97.64535,12.04304],[97.64546,12.04768],[97.63787,12.04803],[97.63442,12.05613],[97.64096,12.05693],[97.64249,12.06622],[97.65453,12.06666],[97.65509,12.05932],[97.65053,12.05389],[97.65228,12.04436],[97.64915,12.04164]]],[[[97.62795,16.30346],[97.61881,16.31357],[97.62763,16.31157],[97.62795,16.30346]]],[[[97.62546,16.31671],[97.62012,16.31809],[97.61111,16.32769],[97.60611,16.33667],[97.6082,16.34364],[97.61382,16.34084],[97.62546,16.31671]]],[[[97.61846,16.2882],[97.61417,16.29191],[97.61464,16.30092],[97.61908,16.29426],[97.61846,16.2882]]],[[[97.61804,16.3853],[97.61536,16.38722],[97.61906,16.39214],[97.61804,16.3853]]],[[[97.6124,16.39158],[97.6112,16.4096],[97.61487,16.39958],[97.6124,16.39158]]],[[[97.60886,16.51326],[97.59705,16.52129],[97.60131,16.52313],[97.61284,16.51702],[97.60886,16.51326]]],[[[97.61246,16.3447],[97.60898,16.34648],[97.6103,16.34881],[97.61246,16.3447]]],[[[97.44382,16.45157],[97.44464,16.46561],[97.44088,16.46816],[97.44384,16.48209],[97.45903,16.48581],[97.48022,16.50644],[97.49833,16.51172],[97.50288,16.51137],[97.50643,16.50032],[97.51313,16.49779],[97.52671,16.50162],[97.56364,16.49003],[97.59833,16.49284],[97.60463,16.48812],[97.60604,16.47782],[97.61198,16.46859],[97.59622,16.43371],[97.58615,16.42283],[97.57751,16.39985],[97.57846,16.37925],[97.58762,16.36797],[97.56682,16.3292],[97.55565,16.28842],[97.56597,16.24445],[97.5624,16.23979],[97.56313,16.23232],[97.56019,16.23282],[97.56169,16.22742],[97.55523,16.21836],[97.55724,16.21709],[97.54629,16.20091],[97.54203,16.20088],[97.53879,16.20627],[97.52976,16.20222],[97.5296,16.20531],[97.52359,16.20681],[97.52087,16.21478],[97.52332,16.22458],[97.51972,16.22533],[97.51965,16.21734],[97.51324,16.21884],[97.5121,16.22759],[97.51354,16.23147],[97.51914,16.23228],[97.51961,16.24027],[97.51631,16.23612],[97.50857,16.23684],[97.50944,16.24457],[97.50005,16.25326],[97.49517,16.26366],[97.48955,16.26633],[97.48373,16.27788],[97.48413,16.29462],[97.47357,16.29751],[97.46446,16.30401],[97.46482,16.30916],[97.45721,16.30988],[97.45545,16.31296],[97.45582,16.3176],[97.4647,16.32384],[97.46454,16.32796],[97.47223,16.33265],[97.46967,16.33701],[97.47822,16.35227],[97.47488,16.35328],[97.46854,16.37925],[97.46344,16.41681],[97.45832,16.42347],[97.45708,16.44433],[97.45479,16.4483],[97.44382,16.45157]]],[[[97.61155,16.47348],[97.60819,16.47629],[97.60978,16.47733],[97.61155,16.47348]]],[[[97.60855,16.40701],[97.60702,16.4155],[97.60972,16.41088],[97.60855,16.40701]]],[[[97.59672,16.23216],[97.59164,16.23458],[97.59092,16.24152],[97.6088,16.2589],[97.60746,16.2406],[97.59672,16.23216]]],[[[97.60156,16.37631],[97.60453,16.40981],[97.60934,16.38898],[97.60156,16.37631]]],[[[97.60861,16.5103],[97.59684,16.51357],[97.5893,16.52227],[97.60913,16.51236],[97.60861,16.5103]]],[[[97.58676,16.24497],[97.57611,16.26152],[97.57114,16.28595],[97.57951,16.32671],[97.59063,16.33876],[97.59939,16.32504],[97.59827,16.29541],[97.60866,16.27899],[97.60857,16.27178],[97.60292,16.26041],[97.58676,16.24497]]],[[[97.5996,16.20256],[97.59677,16.22482],[97.59996,16.22587],[97.60099,16.2318],[97.60671,16.2339],[97.60709,16.2169],[97.60476,16.20787],[97.5996,16.20256]]],[[[97.58898,16.52707],[97.60065,16.52642],[97.59518,16.52244],[97.58898,16.52707]]],[[[97.58795,16.50517],[97.58577,16.50816],[97.59287,16.50839],[97.59424,16.50415],[97.58795,16.50517]]],[[[97.58865,16.20493],[97.58274,16.21056],[97.57759,16.22366],[97.57787,16.23938],[97.58013,16.24042],[97.58628,16.23763],[97.59052,16.22246],[97.59191,16.21552],[97.58865,16.20493]]],[[[97.58447,16.50965],[97.58258,16.51181],[97.58938,16.51184],[97.58447,16.50965]]],[[[97.57792,16.51669],[97.56042,16.52903],[97.57135,16.53052],[97.58127,16.52607],[97.58748,16.51659],[97.57792,16.51669]]],[[[97.56993,16.28672],[97.57171,16.29909],[97.57322,16.29292],[97.56993,16.28672]]],[[[97.55717,16.49836],[97.54616,16.50755],[97.55577,16.50697],[97.56116,16.50122],[97.55717,16.49836]]],[[[97.52282,16.52194],[97.534,16.52717],[97.54869,16.52586],[97.54737,16.5234],[97.52282,16.52194]]],[[[97.54178,16.53478],[97.53433,16.54088],[97.5438,16.5369],[97.54178,16.53478]]],[[[97.53198,16.51157],[97.52234,16.51537],[97.53967,16.5182],[97.53744,16.5129],[97.53198,16.51157]]],[[[97.53367,16.53425],[97.52697,16.53807],[97.52882,16.54014],[97.53367,16.53425]]],[[[97.53019,11.67387],[97.52782,11.67631],[97.53121,11.67697],[97.53019,11.67387]]],[[[97.52118,16.52657],[97.51771,16.52654],[97.51927,16.53248],[97.52488,16.53265],[97.52651,16.52879],[97.52118,16.52657]]],[[[97.50828,16.53576],[97.51659,16.54379],[97.52522,16.53986],[97.52458,16.53573],[97.51577,16.53644],[97.5118,16.53191],[97.50828,16.53576]]],[[[97.51287,11.78355],[97.51259,11.78638],[97.49875,11.7836],[97.48434,11.78739],[97.48143,11.79382],[97.48309,11.80078],[97.47586,11.80835],[97.47221,11.80575],[97.47024,11.80767],[97.47295,11.81284],[97.48706,11.81678],[97.48396,11.80839],[97.49074,11.81255],[97.49364,11.8087],[97.50329,11.81274],[97.50722,11.81148],[97.5093,11.81535],[97.51583,11.8168],[97.5216,11.81361],[97.51941,11.80613],[97.52337,11.801],[97.52015,11.79093],[97.52291,11.78863],[97.51785,11.78164],[97.51287,11.78355]]],[[[97.50534,16.52922],[97.50476,16.5296],[97.50546,16.53153],[97.50534,16.52922]]],[[[97.48369,11.76381],[97.47584,11.7639],[97.47698,11.77009],[97.46103,11.77103],[97.46166,11.77387],[97.45511,11.7768],[97.44858,11.77586],[97.44987,11.77845],[97.44083,11.78252],[97.43528,11.79176],[97.4351,11.80168],[97.45524,11.7996],[97.46128,11.79577],[97.46703,11.79735],[97.46341,11.78908],[97.47072,11.79183],[97.48514,11.7843],[97.49121,11.77506],[97.48939,11.7726],[97.47878,11.77577],[97.48369,11.76381]]],[[[97.46588,11.81602],[97.46529,11.82645],[97.46833,11.82157],[97.46588,11.81602]]],[[[97.45102,16.48536],[97.45231,16.49117],[97.45739,16.49069],[97.45102,16.48536]]],[[[97.45563,16.44264],[97.45109,16.44338],[97.44891,16.4489],[97.4552,16.44663],[97.45563,16.44264]]],[[[97.22499,16.76866],[97.2196,16.77363],[97.22161,16.78781],[97.22504,16.79209],[97.23138,16.78558],[97.22499,16.76866]]],[[[97.15056,17.05513],[97.13776,17.06364],[97.14055,17.06547],[97.13972,17.08143],[97.14305,17.08378],[97.15424,17.06225],[97.15908,17.06023],[97.15056,17.05513]]],[[[97.14283,17.05159],[97.13864,17.05567],[97.13873,17.06043],[97.14412,17.05675],[97.14283,17.05159]]],[[[97.0211,17.24716],[97.00684,17.25243],[97.01832,17.25615],[97.02144,17.25335],[97.0211,17.24716]]],[[[97.01297,17.23022],[97.01771,17.23837],[97.0204,17.23711],[97.01297,17.23022]]],[[[96.99081,17.22356],[96.98489,17.23753],[96.98519,17.24758],[97.00468,17.25447],[97.01106,17.24629],[97.01002,17.24293],[96.99777,17.23663],[97.00327,17.23591],[97.00372,17.23154],[96.99533,17.22644],[96.99437,17.22887],[96.99081,17.22356]]],[[[97.00536,17.21598],[97.00651,17.22075],[97.00231,17.2256],[97.00604,17.22719],[97.01026,17.22079],[97.00536,17.21598]]],[[[96.94387,17.10696],[96.93965,17.11297],[96.94349,17.11674],[96.94743,17.11124],[96.94387,17.10696]]],[[[96.93611,17.10598],[96.93585,17.11705],[96.93942,17.1212],[96.93778,17.11269],[96.94012,17.10679],[96.93611,17.10598]]],[[[96.93483,17.10107],[96.92647,17.10614],[96.92221,17.11614],[96.9269,17.13949],[96.9339,17.13608],[96.93924,17.12558],[96.93452,17.11678],[96.93483,17.10107]]],[[[96.92881,17.30532],[96.93199,17.30832],[96.93229,17.30549],[96.92881,17.30532]]],[[[96.92703,17.05529],[96.92936,17.06291],[96.93074,17.0588],[96.92703,17.05529]]],[[[96.91568,16.92025],[96.91064,16.9278],[96.91933,16.95312],[96.92497,16.9385],[96.91966,16.93484],[96.92029,16.92661],[96.91568,16.92025]]],[[[96.90633,16.96689],[96.89499,16.97682],[96.89547,16.98094],[96.90192,16.97869],[96.90633,16.96689]]],[[[96.83036,16.91949],[96.83679,16.94222],[96.85217,16.95345],[96.8578,16.96407],[96.85276,16.98461],[96.85993,17.00091],[96.86685,17.00382],[96.86818,16.99327],[96.87457,16.98381],[96.88589,16.97646],[96.89419,16.97655],[96.89721,16.96911],[96.90301,16.9648],[96.90306,16.96016],[96.8847,16.95173],[96.8846,16.94838],[96.89408,16.95003],[96.89249,16.93624],[96.87831,16.92463],[96.87972,16.91821],[96.87642,16.9147],[96.86947,16.91411],[96.86,16.89985],[96.85449,16.9025],[96.86018,16.91929],[96.85852,16.92468],[96.84635,16.93588],[96.85645,16.91797],[96.84629,16.90653],[96.84055,16.9057],[96.8393,16.89745],[96.82655,16.8901],[96.823,16.90783],[96.83036,16.91949]]],[[[96.88668,17.16778],[96.88318,17.16942],[96.87676,17.19265],[96.88184,17.19296],[96.88269,17.18872],[96.88828,17.192],[96.90036,17.17771],[96.8995,17.17152],[96.89292,17.17299],[96.88668,17.16778]]],[[[96.8948,16.99342],[96.87641,16.99877],[96.87096,17.01905],[96.87625,17.02464],[96.88135,17.02379],[96.89567,17.01107],[96.89278,17.0064],[96.89933,16.99527],[96.8948,16.99342]]],[[[96.86985,16.73645],[96.86579,16.74143],[96.86737,16.75509],[96.87372,16.77344],[96.88616,16.78413],[96.88925,16.79497],[96.89422,16.79271],[96.898,16.77678],[96.89081,16.7386],[96.8754,16.74269],[96.86985,16.73645]]],[[[96.8922,16.84251],[96.88438,16.84822],[96.89743,16.85273],[96.8922,16.84251]]],[[[96.87511,16.84001],[96.87202,16.8414],[96.87291,16.84553],[96.87872,16.8528],[96.89119,16.86078],[96.89577,16.85774],[96.88539,16.85351],[96.87511,16.84001]]],[[[96.86933,16.85515],[96.86262,16.86962],[96.87058,16.88722],[96.87614,16.89178],[96.88985,16.8851],[96.89358,16.87458],[96.88795,16.86384],[96.86933,16.85515]]],[[[96.87522,16.83049],[96.87301,16.83652],[96.88278,16.84769],[96.88733,16.84722],[96.89128,16.84057],[96.88362,16.83225],[96.8788,16.83349],[96.87522,16.83049]]],[[[96.87014,17.02084],[96.8655,17.02878],[96.86553,17.03805],[96.87845,17.04333],[96.88627,17.03801],[96.88844,17.02361],[96.87677,17.02619],[96.87014,17.02084]]],[[[96.8795,16.73411],[96.87515,16.74101],[96.88375,16.73647],[96.8795,16.73411]]],[[[96.87771,16.72675],[96.87236,16.72708],[96.876,16.73626],[96.88273,16.73208],[96.87771,16.72675]]],[[[96.87632,16.82379],[96.88118,16.82373],[96.88176,16.8191],[96.87588,16.8193],[96.87632,16.82379]]],[[[96.87984,17.64532],[96.87633,17.64682],[96.87976,17.65201],[96.87984,17.64532]]],[[[96.87215,16.72167],[96.87292,16.72503],[96.8792,16.72458],[96.87215,16.72167]]],[[[96.87674,17.56327],[96.86683,17.54129],[96.85657,17.54697],[96.8434,17.54837],[96.84054,17.55169],[96.84215,17.56278],[96.84957,17.57084],[96.85163,17.57884],[96.87423,17.57445],[96.87869,17.57115],[96.87674,17.56327]]],[[[96.87343,17.48163],[96.87058,17.48404],[96.87089,17.49254],[96.87724,17.48875],[96.8773,17.4836],[96.87343,17.48163]]],[[[96.85189,16.88445],[96.85421,16.89219],[96.8574,16.89326],[96.85824,16.89043],[96.85189,16.88445]]],[[[96.84463,16.88785],[96.83978,16.89076],[96.84473,16.90214],[96.84741,16.90165],[96.84463,16.88785]]],[[[96.83492,16.87126],[96.83273,16.87601],[96.83938,16.87891],[96.83492,16.87126]]],[[[95.83448,16.50303],[95.84121,16.50462],[95.86359,16.52117],[95.87741,16.53698],[95.88537,16.54159],[95.88007,16.58001],[95.88223,16.59954],[95.88971,16.61797],[95.86573,16.63863],[95.85658,16.65137],[95.85664,16.65574],[95.86791,16.66871],[95.90373,16.68867],[95.93546,16.72065],[95.97647,16.71337],[96.0704,16.74415],[96.11304,16.75093],[96.13417,16.76692],[96.14031,16.76701],[96.19149,16.74725],[96.19115,16.73412],[96.20363,16.70264],[96.20811,16.67876],[96.22573,16.66072],[96.24077,16.65449],[96.24336,16.65066],[96.24491,16.63575],[96.23572,16.61607],[96.23347,16.59597],[96.24166,16.56416],[96.2555,16.52934],[96.27069,16.50199],[96.28346,16.48595],[96.32679,16.45845],[96.32855,16.44637],[96.32603,16.43604],[96.3038,16.40371],[96.30336,16.39714],[96.2791,16.37714],[96.25525,16.36692],[96.20713,16.35741],[96.13828,16.32547],[96.1189,16.3207],[96.10712,16.32401],[96.08015,16.34526],[96.08178,16.36175],[96.07703,16.35039],[96.06439,16.3571],[96.05917,16.36637],[96.01728,16.38736],[96.0095,16.39883],[95.98705,16.4129],[95.95939,16.4169],[95.9305,16.41087],[95.91156,16.41036],[95.89082,16.41406],[95.88342,16.41873],[95.86493,16.44021],[95.86941,16.45456],[95.86502,16.4644],[95.85482,16.46879],[95.84831,16.4689],[95.84169,16.46459],[95.83344,16.46599],[95.82689,16.47393],[95.82786,16.49502],[95.83448,16.50303]]],[[[96.281,16.528],[96.27565,16.52909],[96.26545,16.55212],[96.2807,16.53996],[96.281,16.528]]],[[[96.13613,16.30884],[96.12943,16.31119],[96.12906,16.31865],[96.1497,16.32858],[96.16325,16.33147],[96.14475,16.32079],[96.14128,16.31213],[96.13613,16.30884]]],[[[96.08235,16.74857],[96.09605,16.76124],[96.11135,16.75618],[96.11574,16.76654],[96.12199,16.75916],[96.10689,16.75084],[96.08235,16.74857]]],[[[95.96625,16.29803],[95.9705,16.3322],[95.96486,16.34721],[95.97968,16.3663],[95.98098,16.38146],[95.98909,16.38894],[96.01322,16.38215],[96.04265,16.35799],[96.06897,16.34459],[96.08051,16.33034],[96.07517,16.31276],[96.05244,16.29134],[96.01794,16.24685],[95.99926,16.234],[95.94945,16.21656],[95.92835,16.21299],[95.92169,16.21308],[95.91988,16.21632],[95.94788,16.24527],[95.95354,16.25858],[95.95782,16.28683],[95.96625,16.29803]]],[[[96.05593,16.36075],[96.04837,16.36721],[96.05427,16.36497],[96.05593,16.36075]]],[[[96.01907,17.00294],[96.01243,17.00851],[96.01656,17.00934],[96.01907,17.00294]]],[[[96,16.39535],[96.01077,16.38559],[95.99709,16.38908],[95.989,16.40091],[96,16.39535]]],[[[95.96261,16.34814],[95.95916,16.34909],[95.9564,16.36019],[95.9434,16.38238],[95.9277,16.40203],[95.96115,16.40992],[95.97682,16.40636],[95.99011,16.39471],[95.99231,16.39044],[95.98723,16.38935],[95.97869,16.38047],[95.97958,16.36836],[95.96261,16.34814]]],[[[95.95434,16.29434],[95.95486,16.33757],[95.94766,16.35517],[95.9491,16.36235],[95.95241,16.36128],[95.96286,16.33823],[95.96685,16.31964],[95.96399,16.30707],[95.95434,16.29434]]],[[[95.94957,17.04445],[95.94972,17.05461],[95.95261,17.05071],[95.95252,17.04505],[95.94957,17.04445]]],[[[95.88915,16.22794],[95.89429,16.24267],[95.89625,16.26709],[95.90718,16.304],[95.90631,16.33515],[95.91353,16.35461],[95.93013,16.37729],[95.93228,16.38768],[95.94177,16.37121],[95.94534,16.3516],[95.95144,16.34096],[95.95053,16.29774],[95.94309,16.25486],[95.93166,16.23842],[95.91931,16.23203],[95.89694,16.20506],[95.88683,16.19657],[95.8764,16.19427],[95.86776,16.18602],[95.86235,16.18905],[95.86097,16.19525],[95.84993,16.19617],[95.85179,16.20489],[95.87458,16.21514],[95.88915,16.22794]]],[[[95.94606,16.3642],[95.94371,16.36732],[95.94641,16.3696],[95.94606,16.3642]]],[[[95.7676,16.43148],[95.76605,16.43511],[95.76124,16.43414],[95.76208,16.43722],[95.75267,16.43181],[95.75009,16.43776],[95.73891,16.43932],[95.75239,16.43091],[95.75477,16.42007],[95.75281,16.40401],[95.75662,16.40022],[95.75485,16.39716],[95.74657,16.39624],[95.74533,16.40269],[95.73232,16.40685],[95.73796,16.419],[95.73172,16.4214],[95.73551,16.43473],[95.73384,16.4677],[95.74612,16.47771],[95.75923,16.48062],[95.77034,16.47391],[95.77336,16.46152],[95.76585,16.45879],[95.76536,16.46175],[95.75948,16.45166],[95.76138,16.44405],[95.77249,16.43785],[95.77185,16.44919],[95.76806,16.44486],[95.76486,16.44542],[95.76558,16.44927],[95.76267,16.45085],[95.76691,16.45787],[95.77577,16.462],[95.77194,16.47441],[95.79087,16.47364],[95.79791,16.46235],[95.80427,16.45918],[95.8196,16.4591],[95.82683,16.45192],[95.84567,16.46299],[95.85315,16.46392],[95.8637,16.45619],[95.86457,16.45154],[95.85932,16.43926],[95.862,16.43073],[95.88095,16.41426],[95.92205,16.39876],[95.92995,16.38347],[95.92798,16.37603],[95.91415,16.36052],[95.90528,16.33774],[95.90505,16.30403],[95.89396,16.27433],[95.88816,16.24275],[95.87569,16.237],[95.86637,16.22786],[95.8478,16.20521],[95.84058,16.18523],[95.83068,16.18201],[95.7792,16.13842],[95.75967,16.13173],[95.75624,16.13396],[95.74872,16.12942],[95.74159,16.13402],[95.73382,16.16887],[95.73641,16.17372],[95.73086,16.17663],[95.7296,16.18179],[95.72131,16.23775],[95.72414,16.26886],[95.72115,16.27443],[95.71137,16.27996],[95.69272,16.2802],[95.69147,16.28691],[95.68892,16.28553],[95.68716,16.29327],[95.69484,16.30913],[95.69564,16.31891],[95.69137,16.32797],[95.69408,16.33128],[95.68502,16.34143],[95.70422,16.34196],[95.70841,16.34603],[95.71123,16.3568],[95.70595,16.38956],[95.72141,16.38936],[95.71891,16.40175],[95.72828,16.40433],[95.73546,16.40243],[95.73966,16.39762],[95.75428,16.39446],[95.75739,16.39764],[95.75946,16.41228],[95.75701,16.42725],[95.7588,16.43134],[95.77107,16.43195],[95.77249,16.43785],[95.7676,16.43148]]],[[[95.89301,16.25504],[95.89301,16.26456],[95.89548,16.26916],[95.89301,16.25504]]],[[[95.86632,16.21512],[95.86233,16.21556],[95.86619,16.22478],[95.87729,16.23672],[95.89231,16.24398],[95.89069,16.23294],[95.88431,16.22504],[95.86632,16.21512]]],[[[95.86665,16.9593],[95.86792,16.95361],[95.8824,16.95572],[95.88281,16.94761],[95.87105,16.94842],[95.86129,16.95692],[95.86205,16.9627],[95.86665,16.9593]]],[[[95.87682,16.56745],[95.87158,16.58322],[95.8753,16.59089],[95.87777,16.58699],[95.87682,16.56745]]],[[[95.87137,16.6316],[95.86553,16.63387],[95.86452,16.63788],[95.87137,16.6316]]],[[[95.85446,16.51726],[95.85,16.51386],[95.8499,16.51544],[95.85446,16.51726]]],[[[95.83572,16.50503],[95.83658,16.50643],[95.84005,16.50625],[95.83572,16.50503]]],[[[95.82847,16.45448],[95.82464,16.45672],[95.82489,16.46521],[95.83256,16.46047],[95.82847,16.45448]]],[[[95.37132,16.20566],[95.37321,16.21902],[95.39052,16.2402],[95.3931,16.29938],[95.40509,16.29847],[95.41433,16.2909],[95.41093,16.28605],[95.41262,16.28178],[95.42106,16.28207],[95.41289,16.28229],[95.4116,16.2863],[95.41499,16.29089],[95.40668,16.29755],[95.41583,16.30453],[95.42266,16.31861],[95.42886,16.32408],[95.43933,16.30786],[95.44647,16.30328],[95.45632,16.30239],[95.46624,16.30678],[95.47145,16.31856],[95.48982,16.31667],[95.5129,16.32875],[95.53746,16.33116],[95.55915,16.34892],[95.55956,16.35973],[95.56379,16.36727],[95.57949,16.36463],[95.59105,16.37209],[95.60411,16.3718],[95.61367,16.38867],[95.62822,16.37999],[95.63544,16.38144],[95.63696,16.40536],[95.63938,16.4164],[95.64284,16.41636],[95.66033,16.40751],[95.66355,16.38933],[95.68524,16.37708],[95.69083,16.37598],[95.69476,16.39022],[95.70118,16.39219],[95.69853,16.38322],[95.7047,16.34762],[95.70108,16.34599],[95.68806,16.3495],[95.68012,16.3433],[95.68054,16.33506],[95.69147,16.31613],[95.68306,16.28535],[95.68737,16.27886],[95.69583,16.27424],[95.71286,16.27248],[95.72159,16.26786],[95.71457,16.23166],[95.72347,16.16205],[95.73722,16.11631],[95.71938,16.08694],[95.70865,16.0809],[95.70315,16.0681],[95.70031,16.04497],[95.69494,16.04143],[95.69793,16.03637],[95.69019,16.0348],[95.68825,16.02916],[95.69199,16.03014],[95.69305,16.01983],[95.69019,16.01446],[95.68322,16.01095],[95.68328,15.99576],[95.67303,16.00515],[95.65949,16.00802],[95.65477,16.0131],[95.64491,16.01232],[95.65476,16.01207],[95.66054,16.00634],[95.67116,16.00453],[95.67877,15.99633],[95.68818,15.99364],[95.67331,15.96654],[95.65894,15.9559],[95.65964,15.94843],[95.64053,15.92164],[95.57698,15.86191],[95.55619,15.83667],[95.49232,15.77897],[95.49481,15.77624],[95.49184,15.77267],[95.47036,15.75477],[95.46318,15.75498],[95.46036,15.76337],[95.46989,15.77099],[95.47869,15.78454],[95.50416,15.80123],[95.50462,15.80664],[95.51299,15.81709],[95.50849,15.81843],[95.50336,15.80124],[95.47777,15.78506],[95.45861,15.76133],[95.45825,15.75387],[95.46739,15.75081],[95.4953,15.77237],[95.49645,15.76914],[95.48581,15.75755],[95.46649,15.74309],[95.43921,15.72873],[95.38186,15.71134],[95.42828,15.72615],[95.42891,15.73451],[95.43264,15.73511],[95.43362,15.72827],[95.4427,15.73191],[95.44314,15.73525],[95.45938,15.7482],[95.45163,15.74481],[95.44822,15.74871],[95.4362,15.74395],[95.43463,15.7459],[95.45281,15.75445],[95.44967,15.75912],[95.44192,15.75547],[95.44168,15.75766],[95.45534,15.76601],[95.46961,15.78065],[95.47191,15.78435],[95.46981,15.78618],[95.47452,15.79102],[95.48088,15.7894],[95.4958,15.80236],[95.50055,15.81029],[95.49859,15.8134],[95.50418,15.81411],[95.50143,15.8171],[95.46454,15.8013],[95.46833,15.80718],[95.4395,15.79772],[95.44626,15.80666],[95.45453,15.80952],[95.44924,15.81113],[95.4488,15.81899],[95.45679,15.82005],[95.45393,15.81494],[95.45576,15.81157],[95.46915,15.8091],[95.47241,15.81473],[95.47264,15.81112],[95.48864,15.81493],[95.49295,15.81964],[95.48004,15.81825],[95.48026,15.82571],[95.4906,15.82353],[95.49,15.82817],[95.49575,15.83094],[95.48754,15.83373],[95.46797,15.82134],[95.45577,15.82354],[95.44189,15.81945],[95.43844,15.82],[95.4402,15.82282],[95.42518,15.82299],[95.43985,15.82668],[95.43585,15.83385],[95.43006,15.83117],[95.43322,15.82804],[95.42257,15.82739],[95.42395,15.83175],[95.43481,15.83884],[95.43484,15.84167],[95.45343,15.85034],[95.46247,15.85037],[95.46775,15.84696],[95.47025,15.85543],[95.4756,15.85769],[95.47874,15.85379],[95.48405,15.85334],[95.48466,15.85964],[95.4944,15.86159],[95.49489,15.86892],[95.49756,15.86979],[95.49896,15.86514],[95.50935,15.87725],[95.52104,15.8757],[95.52248,15.88469],[95.52789,15.89184],[95.51961,15.88923],[95.51617,15.8912],[95.52283,15.8919],[95.52287,15.89447],[95.51221,15.89356],[95.51615,15.88953],[95.52467,15.88981],[95.51992,15.88189],[95.52025,15.87648],[95.5051,15.87768],[95.5013,15.87168],[95.49744,15.87134],[95.49149,15.87411],[95.48692,15.87017],[95.4924,15.86187],[95.48496,15.86234],[95.47824,15.85624],[95.4727,15.86016],[95.46806,15.85031],[95.45693,15.85339],[95.4377,15.84692],[95.43175,15.83849],[95.42167,15.84079],[95.42051,15.83334],[95.41176,15.83524],[95.40769,15.8394],[95.40869,15.84505],[95.40419,15.84768],[95.40451,15.85205],[95.40141,15.85174],[95.40283,15.84435],[95.39642,15.8421],[95.39965,15.83434],[95.3945,15.8371],[95.39161,15.83271],[95.38303,15.83491],[95.38271,15.82989],[95.37951,15.82954],[95.37788,15.83818],[95.38581,15.84453],[95.38801,15.85069],[95.38984,15.84809],[95.39411,15.84985],[95.39016,15.8526],[95.39314,15.85745],[95.38729,15.85726],[95.38751,15.85353],[95.37948,15.84937],[95.37688,15.85429],[95.38359,15.85962],[95.37143,15.86606],[95.37164,15.87301],[95.36277,15.8762],[95.36002,15.88035],[95.34736,15.87791],[95.34838,15.87417],[95.34275,15.87011],[95.33638,15.87133],[95.33683,15.86451],[95.33415,15.86286],[95.32761,15.87259],[95.32008,15.86494],[95.31025,15.86647],[95.30513,15.86021],[95.29899,15.8586],[95.29862,15.86144],[95.31326,15.8739],[95.31922,15.88336],[95.33299,15.87768],[95.33807,15.87956],[95.33882,15.88676],[95.3322,15.90125],[95.33595,15.90314],[95.3458,15.90445],[95.34848,15.8824],[95.35406,15.88183],[95.36558,15.88955],[95.37236,15.87764],[95.3859,15.87478],[95.4038,15.88141],[95.4061,15.88473],[95.40406,15.89248],[95.40985,15.89846],[95.40822,15.90633],[95.41104,15.90862],[95.423,15.90784],[95.43161,15.91573],[95.4436,15.91752],[95.45995,15.92673],[95.46916,15.91839],[95.46036,15.92789],[95.44255,15.91843],[95.43216,15.91701],[95.42061,15.90838],[95.40893,15.91006],[95.40827,15.89938],[95.40383,15.89557],[95.40329,15.88322],[95.39338,15.87805],[95.37609,15.87772],[95.36917,15.88874],[95.36055,15.89128],[95.34982,15.88355],[95.3506,15.90465],[95.33972,15.90722],[95.32966,15.90024],[95.33569,15.88061],[95.31954,15.88786],[95.30716,15.87538],[95.29972,15.8761],[95.30745,15.90074],[95.3343,15.92208],[95.34567,15.93843],[95.35348,15.95817],[95.36078,16.00212],[95.35744,16.05725],[95.39772,16.0635],[95.37966,16.11262],[95.40491,16.10809],[95.41672,16.11568],[95.43268,16.11395],[95.45546,16.10391],[95.46536,16.10804],[95.46581,16.1119],[95.45904,16.12459],[95.45043,16.12817],[95.45185,16.13484],[95.46046,16.14221],[95.46964,16.13039],[95.47497,16.13072],[95.46941,16.13335],[95.4637,16.14552],[95.44918,16.13475],[95.44776,16.12781],[95.45889,16.12279],[95.46302,16.11245],[95.46216,16.10731],[95.45547,16.10494],[95.44936,16.10604],[95.44094,16.11424],[95.42394,16.11766],[95.41594,16.11723],[95.40174,16.11018],[95.37648,16.11317],[95.38362,16.09842],[95.38699,16.07907],[95.39617,16.06764],[95.39373,16.0638],[95.37211,16.05954],[95.3555,16.06217],[95.3294,16.10751],[95.34437,16.12305],[95.35958,16.14863],[95.37946,16.16218],[95.39759,16.16391],[95.40017,16.168],[95.39816,16.18913],[95.40219,16.19166],[95.40417,16.18984],[95.40419,16.18031],[95.41422,16.18355],[95.4167,16.19073],[95.41422,16.19449],[95.40491,16.19627],[95.40285,16.20195],[95.40501,16.2045],[95.41195,16.20546],[95.41874,16.19431],[95.42488,16.19527],[95.4264,16.19988],[95.42043,16.21283],[95.42174,16.22156],[95.44132,16.22108],[95.44102,16.22958],[95.43132,16.23149],[95.43199,16.24281],[95.4254,16.24881],[95.42543,16.26155],[95.41628,16.26539],[95.41637,16.27286],[95.42114,16.28201],[95.41557,16.27312],[95.41574,16.26488],[95.42581,16.26013],[95.42447,16.24831],[95.43144,16.24102],[95.42947,16.2328],[95.44009,16.22908],[95.44001,16.2229],[95.43613,16.22127],[95.42068,16.22209],[95.41935,16.21129],[95.4249,16.19681],[95.41889,16.19559],[95.41382,16.20543],[95.40289,16.20504],[95.40077,16.19528],[95.39375,16.18738],[95.39682,16.16598],[95.38244,16.16653],[95.36071,16.15351],[95.36796,16.16939],[95.36547,16.18409],[95.37132,16.20566]]],[[[95.71929,16.39029],[95.71743,16.3907],[95.71775,16.39455],[95.71929,16.39029]]],[[[95.69178,17.38598],[95.69008,17.39822],[95.69551,17.39352],[95.69178,17.38598]]],[[[95.61868,17.37408],[95.61558,17.37193],[95.61619,17.37681],[95.62933,17.38629],[95.6782,17.39195],[95.68875,17.3985],[95.68774,17.38436],[95.67989,17.37919],[95.64078,17.38099],[95.62943,17.37471],[95.61868,17.37408]]],[[[95.63143,17.08112],[95.63069,17.09503],[95.64979,17.11126],[95.64985,17.12541],[95.64408,17.13347],[95.64484,17.14967],[95.64769,17.15221],[95.661,17.13711],[95.661,17.11857],[95.65288,17.10247],[95.63143,17.08112]]],[[[95.63034,17.09864],[95.63035,17.10919],[95.64152,17.13221],[95.64918,17.12465],[95.64948,17.11795],[95.64641,17.10924],[95.63034,17.09864]]],[[[95.62876,16.83186],[95.6237,16.83309],[95.61884,16.83933],[95.63738,16.83626],[95.62876,16.83186]]],[[[95.61373,17.04017],[95.59747,17.04411],[95.62192,17.06091],[95.62095,17.04908],[95.61373,17.04017]]],[[[95.61873,17.367],[95.61851,17.37054],[95.62063,17.36903],[95.61873,17.367]]],[[[95.62023,17.19813],[95.60473,17.22973],[95.59925,17.24962],[95.60484,17.24672],[95.61257,17.23452],[95.62023,17.19813]]],[[[95.60978,16.87046],[95.60598,16.87604],[95.60698,16.89019],[95.61039,16.88551],[95.60978,16.87046]]],[[[95.55523,17.63591],[95.55991,17.63649],[95.56559,17.62947],[95.56778,17.623],[95.56519,17.62021],[95.5831,17.59629],[95.58567,17.58828],[95.58332,17.5739],[95.57359,17.55999],[95.5504,17.55128],[95.54483,17.55612],[95.5352,17.55817],[95.52902,17.55748],[95.52142,17.5514],[95.51525,17.55161],[95.51129,17.56607],[95.5224,17.58369],[95.52672,17.58544],[95.53603,17.57966],[95.53467,17.57787],[95.55204,17.57289],[95.56225,17.57353],[95.57095,17.58178],[95.57136,17.59168],[95.56688,17.59728],[95.55594,17.60205],[95.55229,17.61008],[95.54774,17.61039],[95.54831,17.623],[95.54281,17.63234],[95.54406,17.63541],[95.55523,17.63591]]],[[[95.57725,17.61406],[95.57922,17.6069],[95.57487,17.6121],[95.57725,17.61406]]],[[[95.57101,16.88936],[95.56919,16.90328],[95.56494,16.90539],[95.57057,16.91613],[95.57595,16.90911],[95.57101,16.88936]]],[[[95.55851,17.57486],[95.53846,17.58065],[95.54717,17.58929],[95.55139,17.60314],[95.56864,17.58927],[95.56797,17.58002],[95.55851,17.57486]]],[[[95.56878,17.61836],[95.56588,17.622],[95.56804,17.62249],[95.56878,17.61836]]],[[[95.55363,16.84942],[95.54714,16.86391],[95.55363,16.86988],[95.56356,16.87246],[95.55363,16.84942]]],[[[95.54812,16.83764],[95.50809,16.86233],[95.52578,16.86611],[95.5415,16.86218],[95.55556,16.84399],[95.54812,16.83764]]],[[[95.52823,16.96956],[95.52524,16.97642],[95.52565,17.01683],[95.52757,17.02041],[95.53882,17.0213],[95.54185,16.99783],[95.52823,16.96956]]],[[[95.52785,16.96094],[95.51024,16.98458],[95.50362,16.99985],[95.50929,17.01394],[95.52034,17.01985],[95.52328,17.01969],[95.51885,16.97804],[95.52785,16.96094]]],[[[95.48659,16.81317],[95.47515,16.82772],[95.47591,16.83441],[95.48733,16.84959],[95.5051,16.85902],[95.5099,16.85832],[95.5205,16.85086],[95.51508,16.83548],[95.48659,16.81317]]],[[[95.49124,16.73949],[95.4948,16.75592],[95.50277,16.76265],[95.5081,16.76194],[95.51078,16.75212],[95.49124,16.73949]]],[[[95.48494,17.88156],[95.49027,17.87111],[95.4835,17.85742],[95.46987,17.86326],[95.45698,17.86445],[95.43995,17.85707],[95.4301,17.87419],[95.43411,17.88212],[95.45796,17.89675],[95.46378,17.88946],[95.48494,17.88156]]],[[[95.48321,17.77951],[95.47606,17.77526],[95.47342,17.80903],[95.48337,17.79964],[95.48583,17.78339],[95.48321,17.77951]]],[[[95.47675,15.79988],[95.47495,15.8044],[95.4816,15.8051],[95.48049,15.80086],[95.47675,15.79988]]],[[[95.15479,16.38519],[95.17277,16.38493],[95.17991,16.37945],[95.19167,16.38139],[95.19031,16.39093],[95.1694,16.41767],[95.19209,16.41885],[95.1943,16.42539],[95.21649,16.44164],[95.21353,16.44724],[95.21529,16.44152],[95.19378,16.42668],[95.19078,16.43264],[95.1899,16.44938],[95.19592,16.46297],[95.19554,16.4761],[95.19705,16.48046],[95.19918,16.47152],[95.19828,16.48277],[95.20425,16.49553],[95.2184,16.50328],[95.23499,16.50722],[95.25124,16.5279],[95.26347,16.5257],[95.28873,16.53831],[95.2901,16.53388],[95.29287,16.53389],[95.28874,16.53908],[95.28046,16.5384],[95.26404,16.52699],[95.25233,16.52866],[95.25208,16.54322],[95.24492,16.56955],[95.25028,16.58314],[95.25864,16.59013],[95.2929,16.59774],[95.30663,16.60698],[95.31768,16.62669],[95.31313,16.64759],[95.30583,16.66286],[95.31701,16.67033],[95.33489,16.66962],[95.34485,16.67581],[95.34213,16.68279],[95.31814,16.70932],[95.31947,16.71961],[95.33077,16.72617],[95.33202,16.72976],[95.32559,16.73936],[95.31319,16.74182],[95.31552,16.74669],[95.34914,16.76445],[95.36601,16.76684],[95.37638,16.76324],[95.37924,16.75626],[95.39048,16.7578],[95.40909,16.77187],[95.41228,16.79903],[95.40848,16.80818],[95.41149,16.81355],[95.42087,16.81537],[95.44002,16.80781],[95.45439,16.79322],[95.45147,16.78399],[95.45456,16.77494],[95.47098,16.76367],[95.48009,16.73469],[95.47778,16.73154],[95.46956,16.73627],[95.44579,16.73656],[95.42759,16.72403],[95.42432,16.71866],[95.42491,16.70218],[95.434,16.68148],[95.43238,16.67931],[95.41173,16.68418],[95.40449,16.68169],[95.40199,16.67387],[95.40075,16.63939],[95.40722,16.63339],[95.41133,16.61996],[95.41005,16.60298],[95.40606,16.59401],[95.36808,16.57746],[95.3669,16.5682],[95.37147,16.5594],[95.36275,16.54495],[95.35227,16.53915],[95.33893,16.53981],[95.33024,16.52755],[95.30506,16.51985],[95.27077,16.45135],[95.25369,16.45154],[95.25929,16.42805],[95.25694,16.42061],[95.25196,16.41731],[95.25013,16.39751],[95.24592,16.39086],[95.2544,16.38587],[95.25349,16.37649],[95.2705,16.37128],[95.27322,16.36379],[95.26137,16.31963],[95.22765,16.30814],[95.22742,16.30016],[95.23704,16.28976],[95.24131,16.27839],[95.23428,16.25761],[95.22754,16.25098],[95.21403,16.25104],[95.21184,16.25372],[95.21737,16.25959],[95.21462,16.26399],[95.199,16.27355],[95.19124,16.27119],[95.18585,16.26507],[95.18082,16.24413],[95.16166,16.2469],[95.15374,16.24171],[95.16565,16.21043],[95.1604,16.20494],[95.14145,16.22677],[95.14981,16.23634],[95.15114,16.24791],[95.13617,16.26892],[95.14419,16.28326],[95.15198,16.32515],[95.15887,16.33371],[95.16223,16.32402],[95.16675,16.32268],[95.17114,16.33384],[95.18604,16.33085],[95.17196,16.33589],[95.1641,16.324],[95.16022,16.33498],[95.15674,16.33373],[95.15202,16.3285],[95.14515,16.29741],[95.12548,16.31563],[95.12445,16.31925],[95.13941,16.33352],[95.14315,16.34661],[95.14226,16.3631],[95.13785,16.37396],[95.13937,16.37909],[95.15479,16.38519]]],[[[95.47543,17.67432],[95.46252,17.6802],[95.46256,17.68278],[95.46659,17.68311],[95.47669,17.67591],[95.47543,17.67432]]],[[[95.47378,17.77391],[95.46324,17.77222],[95.44643,17.7611],[95.43133,17.74701],[95.42509,17.73215],[95.40432,17.73627],[95.39304,17.75623],[95.39349,17.7597],[95.40053,17.76425],[95.43862,17.77935],[95.44542,17.78544],[95.44949,17.79852],[95.44664,17.80628],[95.44233,17.81483],[95.42371,17.81969],[95.42371,17.82896],[95.43674,17.83858],[95.44154,17.85577],[95.45697,17.86368],[95.46716,17.86149],[95.47093,17.85256],[95.46717,17.84335],[95.46657,17.82842],[95.47345,17.80182],[95.4715,17.7864],[95.47378,17.77391]]],[[[95.46099,17.95416],[95.46556,17.95997],[95.4693,17.95838],[95.46538,17.9471],[95.46099,17.95416]]],[[[95.46576,17.99878],[95.46582,17.9966],[95.46204,17.99721],[95.45953,18.00046],[95.46214,18.00429],[95.46456,18.00426],[95.46576,17.99878]]],[[[95.46039,16.72995],[95.45532,16.73027],[95.45456,16.73336],[95.46495,16.73105],[95.46039,16.72995]]],[[[95.45567,16.79874],[95.45436,16.80069],[95.46315,16.79878],[95.45567,16.79874]]],[[[95.45225,15.77467],[95.45123,15.77841],[95.45682,15.77886],[95.45225,15.77467]]],[[[95.42474,18.0915],[95.4154,18.10759],[95.41687,18.1101],[95.43232,18.09502],[95.43331,18.07905],[95.42474,18.0915]]],[[[95.40492,15.72846],[95.40392,15.73414],[95.40819,15.73538],[95.40688,15.73732],[95.42292,15.74461],[95.42338,15.73894],[95.41619,15.73774],[95.41373,15.73171],[95.40492,15.72846]]],[[[95.41038,15.78646],[95.40724,15.78997],[95.39152,15.78783],[95.39264,15.79258],[95.42249,15.79817],[95.4203,15.79279],[95.41548,15.79052],[95.42079,15.78944],[95.41038,15.78646]]],[[[95.40687,16.18208],[95.40673,16.19264],[95.41127,16.19323],[95.414,16.18767],[95.40687,16.18208]]],[[[95.41131,15.82005],[95.41006,15.82637],[95.41219,15.82648],[95.41131,15.82005]]],[[[95.40612,15.83015],[95.40509,15.83364],[95.41119,15.83241],[95.40612,15.83015]]],[[[95.40764,16.63441],[95.40276,16.63988],[95.40382,16.65003],[95.40764,16.63441]]],[[[95.39886,15.73355],[95.39292,15.73709],[95.39946,15.73908],[95.39886,15.73355]]],[[[95.398,15.72777],[95.39284,15.73014],[95.39407,15.73283],[95.39805,15.73214],[95.398,15.72777]]],[[[95.38804,15.74036],[95.38543,15.74413],[95.39693,15.74992],[95.39471,15.74235],[95.38804,15.74036]]],[[[95.39674,15.82459],[95.38718,15.82585],[95.38723,15.83036],[95.39674,15.82459]]],[[[95.33158,15.78977],[95.33921,15.7938],[95.33953,15.79882],[95.343,15.79943],[95.34136,15.7961],[95.34693,15.79449],[95.34966,15.80064],[95.36052,15.79718],[95.3644,15.79971],[95.36447,15.80538],[95.36958,15.79914],[95.39026,15.80458],[95.38074,15.79837],[95.35622,15.79298],[95.35483,15.78823],[95.35987,15.78689],[95.37851,15.78952],[95.3875,15.7853],[95.36028,15.77658],[95.35366,15.77923],[95.35929,15.78239],[95.35656,15.78477],[95.34122,15.78387],[95.33652,15.79139],[95.33158,15.78977]]],[[[95.28652,16.23461],[95.28399,16.23496],[95.28419,16.22927],[95.27791,16.23886],[95.27177,16.26159],[95.27903,16.32459],[95.29092,16.33823],[95.30911,16.34331],[95.31436,16.33643],[95.37301,16.313],[95.38261,16.31315],[95.38869,16.29789],[95.38559,16.24051],[95.3601,16.21466],[95.3188,16.19182],[95.30687,16.17418],[95.29959,16.15495],[95.30031,16.14825],[95.32284,16.09291],[95.31759,16.0882],[95.30477,16.08525],[95.27315,16.09112],[95.26978,16.08781],[95.26932,16.08241],[95.27965,16.07715],[95.2829,16.07068],[95.26236,16.05545],[95.26285,16.05132],[95.27782,16.04473],[95.26377,16.02685],[95.26008,15.98338],[95.25553,15.96901],[95.25031,15.96649],[95.24891,15.96006],[95.23787,15.96082],[95.22317,15.96677],[95.22286,15.98686],[95.21398,15.99029],[95.21295,15.99391],[95.21956,16.00208],[95.2205,16.01443],[95.20893,16.03991],[95.21549,16.04255],[95.2173,16.05038],[95.22661,16.04887],[95.22749,16.05633],[95.22475,16.04928],[95.21518,16.05131],[95.21361,16.04154],[95.20815,16.04159],[95.21116,16.04826],[95.20933,16.05201],[95.20374,16.05168],[95.19808,16.04517],[95.1881,16.04618],[95.18155,16.08023],[95.18309,16.08743],[95.20153,16.09342],[95.21455,16.11453],[95.24629,16.14162],[95.26104,16.15047],[95.27196,16.1622],[95.28993,16.20706],[95.28547,16.22488],[95.28652,16.23461]]],[[[95.38445,15.81983],[95.37807,15.82003],[95.37916,15.82208],[95.38445,15.81983]]],[[[95.37555,15.71733],[95.37289,15.71749],[95.36992,15.72473],[95.38443,15.72702],[95.37829,15.72438],[95.37555,15.71733]]],[[[95.37983,15.74303],[95.37615,15.74603],[95.38014,15.74663],[95.38197,15.74365],[95.37983,15.74303]]],[[[95.37586,15.81323],[95.3775,15.81695],[95.37962,15.81564],[95.37586,15.81323]]],[[[95.36935,15.75589],[95.37257,15.75856],[95.3784,15.7572],[95.36935,15.75589]]],[[[95.33714,15.84545],[95.33673,15.85614],[95.33164,15.85259],[95.32903,15.85725],[95.33674,15.85691],[95.33598,15.86027],[95.33891,15.85998],[95.33743,15.87042],[95.34405,15.86765],[95.34215,15.86419],[95.34557,15.86158],[95.35249,15.86189],[95.35932,15.85422],[95.36438,15.85507],[95.35923,15.85821],[95.35966,15.86091],[95.36419,15.86099],[95.36491,15.8548],[95.36912,15.85102],[95.36553,15.85042],[95.36667,15.84552],[95.3768,15.84772],[95.37226,15.8461],[95.37274,15.84159],[95.36816,15.83649],[95.3648,15.84502],[95.35815,15.84484],[95.36324,15.84774],[95.35285,15.84682],[95.35022,15.8493],[95.34647,15.84677],[95.3449,15.84949],[95.33714,15.84545]]],[[[95.36192,15.8036],[95.35879,15.80853],[95.36692,15.82131],[95.36937,15.81511],[95.37454,15.8135],[95.36254,15.81093],[95.36192,15.8036]]],[[[95.37002,15.85913],[95.36876,15.86532],[95.37231,15.86219],[95.37002,15.85913]]],[[[95.36534,15.82313],[95.36457,15.8252],[95.36911,15.82669],[95.36534,15.82313]]],[[[95.36794,15.72617],[95.36532,15.72993],[95.36904,15.72911],[95.36794,15.72617]]],[[[95.36564,15.87153],[95.35954,15.8734],[95.36118,15.8766],[95.3662,15.8741],[95.36564,15.87153]]],[[[95.31998,16.12229],[95.3043,16.14821],[95.31367,16.17514],[95.34394,16.19978],[95.36405,16.2105],[95.36053,16.16072],[95.3238,16.11851],[95.31998,16.12229]]],[[[95.36364,15.83641],[95.36183,15.84093],[95.36422,15.84065],[95.36364,15.83641]]],[[[95.34976,15.80965],[95.33839,15.81544],[95.34854,15.81945],[95.35543,15.8168],[95.36265,15.82033],[95.34982,15.81455],[95.34976,15.80965]]],[[[95.36016,15.78894],[95.35594,15.79169],[95.36152,15.79163],[95.36016,15.78894]]],[[[95.35001,15.73872],[95.35141,15.74501],[95.36001,15.74183],[95.35001,15.73872]]],[[[95.35492,15.86444],[95.34539,15.86866],[95.35549,15.8683],[95.35492,15.86444]]],[[[95.35137,15.83397],[95.34651,15.83904],[95.34882,15.84288],[95.35306,15.8418],[95.35419,15.83613],[95.35137,15.83397]]],[[[95.30791,15.80083],[95.30301,15.80295],[95.30374,15.80809],[95.29795,15.81381],[95.29764,15.8097],[95.2931,15.80846],[95.29114,15.81105],[95.29045,15.8211],[95.28741,15.82242],[95.29197,15.82559],[95.3133,15.80696],[95.31968,15.80663],[95.32861,15.82018],[95.33179,15.81937],[95.33171,15.81268],[95.34445,15.80997],[95.35365,15.8006],[95.33131,15.80058],[95.31248,15.80491],[95.3088,15.80919],[95.30571,15.80601],[95.30791,15.80083]]],[[[95.34371,15.76904],[95.33871,15.77398],[95.34033,15.77538],[95.34589,15.77365],[95.34371,15.76904]]],[[[95.33439,15.81394],[95.33204,15.84151],[95.33685,15.84339],[95.33919,15.83861],[95.34403,15.84344],[95.34125,15.83279],[95.33539,15.83144],[95.33803,15.81828],[95.33439,15.81394]]],[[[95.33308,16.38579],[95.32811,16.39357],[95.32173,16.3957],[95.33027,16.39573],[95.34396,16.40292],[95.3402,16.39009],[95.33308,16.38579]]],[[[95.30453,15.81941],[95.29663,15.82644],[95.30291,15.84105],[95.30384,15.85263],[95.31185,15.86645],[95.32273,15.86479],[95.32493,15.87069],[95.33505,15.86054],[95.32757,15.85727],[95.32709,15.85006],[95.33265,15.84833],[95.32379,15.84044],[95.32842,15.83898],[95.32717,15.82251],[95.31757,15.80846],[95.3134,15.81597],[95.31005,15.81394],[95.30453,15.81941]]],[[[95.33019,15.67958],[95.33422,15.68276],[95.335,15.68159],[95.33019,15.67958]]],[[[95.32988,15.76854],[95.3275,15.76973],[95.33391,15.77198],[95.33441,15.76927],[95.32988,15.76854]]],[[[95.31592,15.73368],[95.30618,15.74202],[95.3334,15.73928],[95.33164,15.73647],[95.32181,15.73722],[95.31592,15.73368]]],[[[95.31245,15.77903],[95.30798,15.78371],[95.30464,15.78207],[95.29072,15.79741],[95.3002,15.80066],[95.31365,15.79112],[95.33169,15.78706],[95.3279,15.78195],[95.312,15.78599],[95.31245,15.77903]]],[[[95.32359,15.70656],[95.29629,15.71354],[95.29049,15.71811],[95.30485,15.71834],[95.3092,15.71534],[95.311,15.7215],[95.32907,15.72079],[95.32891,15.70727],[95.32359,15.70656]]],[[[95.3217,15.77404],[95.31719,15.77473],[95.31881,15.77767],[95.32757,15.77603],[95.3217,15.77404]]],[[[95.32038,15.68085],[95.318,15.68203],[95.32095,15.6847],[95.32038,15.68085]]],[[[95.32012,15.75204],[95.3172,15.75246],[95.31804,15.75644],[95.32012,15.75204]]],[[[95.26968,16.17811],[95.26058,16.15794],[95.20235,16.12005],[95.19006,16.11555],[95.17525,16.12241],[95.18275,16.14125],[95.1859,16.16104],[95.20183,16.16873],[95.19972,16.16991],[95.20485,16.17655],[95.20556,16.19277],[95.22287,16.19104],[95.22436,16.1936],[95.21655,16.22239],[95.23244,16.21347],[95.23717,16.21921],[95.23727,16.2393],[95.24493,16.24565],[95.23731,16.25526],[95.24413,16.26832],[95.24454,16.28119],[95.2396,16.29205],[95.22929,16.3004],[95.23,16.304],[95.25141,16.31085],[95.26389,16.31857],[95.26986,16.32752],[95.27546,16.3617],[95.28517,16.36827],[95.27681,16.36349],[95.27026,16.38467],[95.26946,16.37335],[95.26174,16.37447],[95.25391,16.37816],[95.25495,16.38716],[95.2474,16.39161],[95.2516,16.39698],[95.25343,16.41704],[95.26045,16.42417],[95.25998,16.44117],[95.25484,16.44715],[95.25595,16.45087],[95.2807,16.44571],[95.30364,16.44494],[95.31295,16.4424],[95.31555,16.43645],[95.3082,16.39044],[95.30801,16.35182],[95.2883,16.34225],[95.28943,16.35923],[95.28615,16.36766],[95.28892,16.36104],[95.28697,16.34253],[95.27805,16.33207],[95.2669,16.29022],[95.26496,16.24904],[95.26707,16.22405],[95.26252,16.22152],[95.26543,16.21994],[95.26992,16.19338],[95.26968,16.17811]]],[[[95.31218,15.75509],[95.30318,15.75917],[95.30586,15.76107],[95.31218,15.75509]]],[[[95.18726,16.60583],[95.19697,16.61409],[95.19871,16.62644],[95.21551,16.6242],[95.2217,16.62851],[95.22364,16.63492],[95.22888,16.63718],[95.22722,16.64441],[95.2334,16.64718],[95.23399,16.65181],[95.23789,16.65408],[95.23261,16.66006],[95.23576,16.6662],[95.24791,16.66659],[95.25088,16.6802],[95.26687,16.69947],[95.2717,16.70147],[95.28557,16.70016],[95.30073,16.68326],[95.29981,16.67323],[95.31163,16.63422],[95.31153,16.62572],[95.30343,16.60728],[95.29804,16.60309],[95.25682,16.59466],[95.24096,16.57346],[95.24853,16.5363],[95.24454,16.5254],[95.21738,16.50767],[95.16949,16.49723],[95.16557,16.45736],[95.15907,16.44867],[95.07726,16.40817],[95.04491,16.37591],[95.03209,16.34861],[95.02038,16.3513],[95.01284,16.35717],[95.0146,16.37234],[95.03232,16.3835],[95.0384,16.39143],[95.04487,16.41016],[95.04454,16.43025],[95.03909,16.44472],[95.04009,16.45115],[95.06545,16.45129],[95.07848,16.44794],[95.08561,16.44079],[95.09548,16.43992],[95.10781,16.44533],[95.11419,16.45608],[95.11901,16.48178],[95.11191,16.50374],[95.10924,16.50377],[95.1135,16.51531],[95.108,16.52438],[95.10846,16.5303],[95.11709,16.53871],[95.12805,16.5395],[95.13116,16.54294],[95.12586,16.5587],[95.15632,16.56096],[95.15968,16.57561],[95.15696,16.5831],[95.16221,16.59875],[95.16054,16.60418],[95.17339,16.60726],[95.18726,16.60583]]],[[[95.30517,16.66364],[95.30337,16.66933],[95.30979,16.67003],[95.30517,16.66364]]],[[[95.2865,15.66962],[95.27563,15.67256],[95.26895,15.681],[95.27276,15.67735],[95.3054,15.67251],[95.2865,15.66962]]],[[[95.27878,16.04755],[95.26326,16.05286],[95.28397,16.07092],[95.28336,16.07557],[95.27303,16.08031],[95.26937,16.08627],[95.27687,16.08992],[95.30264,16.08463],[95.28198,16.05962],[95.27878,16.04755]]],[[[95.29692,15.8406],[95.29374,15.84167],[95.2959,15.84435],[95.29692,15.8406]]],[[[95.28796,15.82383],[95.28602,15.82887],[95.28916,15.83605],[95.29213,15.83975],[95.29531,15.83882],[95.29591,15.83366],[95.28796,15.82383]]],[[[95.28236,15.79879],[95.2816,15.81476],[95.27734,15.826],[95.27175,15.82568],[95.27562,15.83825],[95.2796,15.8377],[95.28167,15.83227],[95.28448,15.81061],[95.28731,15.81367],[95.29075,15.81183],[95.29124,15.80809],[95.28725,15.80852],[95.28236,15.79879]]],[[[95.28946,15.83952],[95.28871,15.84378],[95.29084,15.8435],[95.28946,15.83952]]],[[[95.28319,15.77857],[95.27675,15.78468],[95.26914,15.80588],[95.27206,15.80559],[95.27147,15.80032],[95.27646,15.79421],[95.28074,15.79661],[95.28733,15.79127],[95.28668,15.78085],[95.28319,15.77857]]],[[[95.27855,16.19097],[95.27328,16.21934],[95.2834,16.21859],[95.28616,16.21483],[95.28495,16.20223],[95.27855,16.19097]]],[[[95.28474,16.21948],[95.27033,16.22864],[95.26988,16.24745],[95.28474,16.21948]]],[[[95.27795,15.80939],[95.27829,15.81595],[95.28027,15.81426],[95.27795,15.80939]]],[[[95.25351,15.85921],[95.25594,15.86227],[95.25751,15.8602],[95.25351,15.85921]]],[[[95.21402,15.6768],[95.24337,15.68744],[95.24397,15.69336],[95.24609,15.69308],[95.24697,15.68792],[95.23852,15.68093],[95.21402,15.6768]]],[[[95.15084,16.17144],[95.16843,16.2086],[95.18583,16.2155],[95.20209,16.21585],[95.20961,16.22079],[95.20673,16.24914],[95.22322,16.24652],[95.23502,16.25284],[95.24139,16.25058],[95.24265,16.24413],[95.23675,16.24085],[95.23469,16.23546],[95.23274,16.2163],[95.21977,16.2239],[95.21428,16.22203],[95.22262,16.19259],[95.20879,16.19518],[95.20397,16.1933],[95.20029,16.17325],[95.18368,16.16518],[95.18017,16.149],[95.17274,16.13955],[95.16818,16.13702],[95.15143,16.13925],[95.15172,16.14156],[95.16344,16.14183],[95.16935,16.14602],[95.16926,16.14988],[95.16358,16.15419],[95.1456,16.15476],[95.15084,16.17144]]],[[[95.20937,15.89739],[95.20368,15.90079],[95.21149,15.90895],[95.20273,15.91123],[95.20467,15.91765],[95.19844,15.92016],[95.19923,15.93187],[95.20322,15.9317],[95.20354,15.93659],[95.21132,15.94243],[95.21848,15.93991],[95.21917,15.95458],[95.21598,15.95435],[95.213,15.96172],[95.2137,15.96455],[95.21809,15.9645],[95.2156,15.96839],[95.2183,15.97197],[95.22271,15.96188],[95.2336,15.95919],[95.23302,15.95508],[95.24225,15.9479],[95.23415,15.93704],[95.22352,15.89003],[95.21552,15.88818],[95.20937,15.89739]]],[[[95.21309,15.86027],[95.20462,15.86474],[95.20348,15.86964],[95.19371,15.87669],[95.19182,15.88649],[95.19449,15.88724],[95.19519,15.87861],[95.20105,15.87919],[95.20621,15.88892],[95.20153,15.89876],[95.20789,15.89612],[95.21575,15.88483],[95.22158,15.8831],[95.21712,15.87697],[95.22005,15.87694],[95.21309,15.86027]]],[[[95.11134,15.86155],[95.11036,15.89503],[95.11338,15.91663],[95.12643,15.91805],[95.12867,15.92781],[95.13808,15.92437],[95.13956,15.91354],[95.1324,15.90357],[95.1337,15.90072],[95.14503,15.90267],[95.14472,15.89804],[95.13972,15.89088],[95.13332,15.8894],[95.13377,15.88218],[95.14416,15.88298],[95.15026,15.88099],[95.14782,15.87715],[95.1611,15.87534],[95.17125,15.87846],[95.17788,15.87698],[95.18857,15.86902],[95.18957,15.86309],[95.18592,15.85759],[95.20539,15.86241],[95.21421,15.85382],[95.21981,15.79429],[95.21044,15.78807],[95.2062,15.79005],[95.20651,15.79403],[95.20092,15.79358],[95.20095,15.79602],[95.21002,15.79902],[95.21128,15.80441],[95.18875,15.79936],[95.18669,15.80518],[95.18005,15.80576],[95.17974,15.80242],[95.1742,15.80595],[95.17372,15.81072],[95.17771,15.81145],[95.17313,15.81793],[95.17097,15.81564],[95.16585,15.82135],[95.15626,15.82029],[95.15501,15.82777],[95.14957,15.82847],[95.15298,15.83642],[95.14512,15.83598],[95.14067,15.8301],[95.14653,15.83056],[95.15207,15.82587],[95.15278,15.81826],[95.14689,15.82695],[95.13801,15.82987],[95.1359,15.83143],[95.1382,15.83502],[95.13382,15.83635],[95.13298,15.83224],[95.1454,15.82413],[95.14535,15.81988],[95.13135,15.82903],[95.12217,15.8411],[95.13206,15.84538],[95.13614,15.85474],[95.14494,15.85619],[95.15025,15.85524],[95.14787,15.84445],[95.15464,15.84258],[95.15412,15.83749],[95.15583,15.84231],[95.14933,15.84366],[95.1516,15.85677],[95.13749,15.85601],[95.13401,15.85437],[95.13234,15.84692],[95.11846,15.84216],[95.11049,15.8564],[95.11134,15.86155]],[[95.1541,15.83731],[95.16094,15.83453],[95.16078,15.83196],[95.16624,15.83332],[95.15938,15.83802],[95.1541,15.83731]]],[[[95.16741,16.21247],[95.1558,16.23576],[95.15493,16.24144],[95.15763,16.24437],[95.17974,16.24286],[95.18363,16.24526],[95.18579,16.25966],[95.19391,16.27103],[95.19924,16.27149],[95.21461,16.26271],[95.21697,16.25908],[95.20514,16.2507],[95.20269,16.24532],[95.20575,16.22186],[95.20239,16.21842],[95.17626,16.21766],[95.16741,16.21247]]],[[[95.08997,16.03248],[95.09374,16.0497],[95.1015,16.0661],[95.11839,16.08859],[95.16743,16.11707],[95.19187,16.1109],[95.2095,16.11496],[95.20809,16.10777],[95.19971,16.09665],[95.17775,16.08619],[95.1822,16.04186],[95.17818,16.02761],[95.13174,16.04185],[95.12955,16.04883],[95.13027,16.04161],[95.12025,16.03798],[95.11189,16.02814],[95.11184,15.99853],[95.10072,15.97843],[95.09426,16.01029],[95.09635,16.03139],[95.0941,16.02059],[95.08997,16.03248]]],[[[95.18832,15.85782],[95.19068,15.86694],[95.17989,15.87838],[95.18274,15.88324],[95.1819,15.87939],[95.19121,15.87955],[95.20293,15.86861],[95.20303,15.86501],[95.18832,15.85782]]],[[[95.2014,15.88678],[95.19743,15.88888],[95.2,15.89285],[95.2014,15.88678]]],[[[95.17192,16.40863],[95.18052,16.39798],[95.17388,16.3884],[95.148,16.38789],[95.13243,16.37891],[95.12252,16.38776],[95.11789,16.403],[95.11912,16.41818],[95.12628,16.42635],[95.14155,16.43186],[95.15875,16.44353],[95.16918,16.45758],[95.17685,16.48737],[95.19668,16.4945],[95.19157,16.47923],[95.19407,16.46479],[95.18615,16.44813],[95.19203,16.42567],[95.18704,16.42044],[95.17051,16.42165],[95.16822,16.41948],[95.17192,16.40863]]],[[[95.19535,16.47173],[95.19359,16.48101],[95.19706,16.48098],[95.19535,16.47173]]],[[[95.19041,16.02594],[95.18648,16.03177],[95.18709,16.03924],[95.19047,16.03148],[95.19367,16.0317],[95.19041,16.02594]]],[[[95.18632,16.38003],[95.1785,16.38461],[95.18658,16.39148],[95.18866,16.38605],[95.18632,16.38003]]],[[[95.18525,15.69588],[95.18317,15.69964],[95.18665,15.70205],[95.18525,15.69588]]],[[[95.18317,15.79916],[95.18054,15.80202],[95.18426,15.80237],[95.18317,15.79916]]],[[[95.17918,15.77422],[95.17816,15.77823],[95.18041,15.77795],[95.17918,15.77422]]],[[[95.17286,16.48844],[95.17132,16.49412],[95.17828,16.49559],[95.17286,16.48844]]],[[[95.17522,15.77684],[95.17208,15.78241],[95.17795,15.78364],[95.17522,15.77684]]],[[[95.1704,15.79865],[95.16641,15.79894],[95.17016,15.80122],[95.1704,15.79865]]],[[[95.14164,16.12093],[95.13033,16.12221],[95.13037,16.13791],[95.13796,16.1502],[95.14215,16.16831],[95.14452,16.16635],[95.14438,16.15322],[95.16632,16.1494],[95.16562,16.1458],[95.1491,16.14571],[95.14781,16.138],[95.16851,16.13006],[95.16405,16.12406],[95.14164,16.12093]]],[[[95.15502,15.7782],[95.13146,15.7886],[95.137,15.79692],[95.13254,15.80263],[95.1402,15.81028],[95.14417,15.80895],[95.14121,15.80537],[95.14219,15.79764],[95.15423,15.8037],[95.16033,15.80209],[95.15789,15.79838],[95.15998,15.79476],[95.16799,15.79713],[95.16766,15.79159],[95.16129,15.79269],[95.16389,15.78712],[95.16192,15.77659],[95.15502,15.7782]]],[[[95.1467,16.17006],[95.14137,16.17012],[95.12461,16.20981],[95.13692,16.22681],[95.15667,16.20511],[95.16278,16.2035],[95.1467,16.17006]]],[[[95.16006,15.80235],[95.1589,15.80571],[95.15344,15.80461],[95.15109,15.80888],[95.15764,15.81242],[95.16006,15.80235]]],[[[95.12487,15.9966],[95.1211,16.00565],[95.12605,16.03264],[95.129,16.0348],[95.15663,16.02912],[95.14392,16.01083],[95.1296,16.00402],[95.129,15.99733],[95.12487,15.9966]]],[[[94.90746,16.06328],[94.89939,16.08293],[94.92445,16.0854],[94.93304,16.09215],[94.94285,16.11473],[94.95156,16.11965],[94.94327,16.11678],[94.95324,16.14231],[94.96499,16.14478],[95.0086,16.13613],[95.01849,16.13926],[95.0208,16.14465],[95.01611,16.16812],[95.03137,16.17429],[95.04398,16.18357],[95.05039,16.19792],[95.0526,16.21799],[95.06307,16.22484],[95.07155,16.24587],[95.08297,16.25477],[95.0821,16.26019],[95.0932,16.26368],[95.09936,16.27933],[95.10829,16.2916],[95.11954,16.29612],[95.12064,16.29972],[95.11434,16.30854],[95.11297,16.31808],[95.11872,16.31956],[95.11692,16.31289],[95.1204,16.3023],[95.14206,16.29538],[95.13968,16.28536],[95.13168,16.27283],[95.1313,16.26176],[95.14421,16.2485],[95.14666,16.241],[95.13408,16.23572],[95.11989,16.2211],[95.11665,16.21298],[95.1162,16.19625],[95.13038,16.17705],[95.12697,16.1691],[95.1332,16.16672],[95.12431,16.14467],[95.11931,16.15013],[95.09461,16.15797],[95.11847,16.14704],[95.11747,16.128],[95.11173,16.11415],[95.08784,16.097],[95.07961,16.09902],[95.07868,16.11242],[95.07352,16.11556],[95.07081,16.12395],[95.05897,16.12574],[95.06656,16.13803],[95.0606,16.1413],[95.0572,16.13425],[95.06086,16.14027],[95.06485,16.13985],[95.06507,16.13572],[95.0574,16.12807],[95.05771,16.11906],[95.06115,16.11748],[95.06189,16.11129],[95.04961,16.10883],[95.04689,16.10371],[95.03783,16.10315],[95.0279,16.09565],[95.01607,16.09782],[95.01511,16.095],[95.00444,16.09368],[95.00435,16.08428],[94.9964,16.08861],[94.99344,16.08606],[94.98803,16.09036],[94.98144,16.08385],[94.97462,16.09473],[94.96363,16.08814],[94.95063,16.09354],[94.95228,16.11879],[94.9493,16.09355],[94.94097,16.0859],[94.943,16.07519],[94.9326,16.07426],[94.92371,16.06391],[94.91124,16.06878],[94.90746,16.06328]]],[[[95.12309,15.80195],[95.11389,15.81285],[95.11606,15.81605],[95.1115,15.82524],[95.11003,15.85049],[95.11473,15.84246],[95.12296,15.84006],[95.12976,15.82892],[95.13743,15.82511],[95.13753,15.82215],[95.13078,15.82479],[95.13225,15.81344],[95.13624,15.81341],[95.13362,15.81652],[95.13629,15.8183],[95.14424,15.81551],[95.13174,15.80263],[95.1362,15.79693],[95.13204,15.79323],[95.12414,15.80039],[95.13189,15.80444],[95.1266,15.8202],[95.11667,15.82441],[95.12137,15.81587],[95.12309,15.80195]]],[[[95.14109,15.81864],[95.13845,15.82111],[95.14086,15.82224],[95.14297,15.82081],[95.14109,15.81864]]],[[[95.13323,15.95673],[95.12595,15.96054],[95.1255,15.99325],[95.1308,16.00414],[95.13636,16.00112],[95.13703,15.9885],[95.14131,15.97841],[95.13769,15.97613],[95.14069,15.96992],[95.13794,15.96171],[95.13323,15.95673]]],[[[95.12406,15.91974],[95.11809,15.92199],[95.1242,15.95824],[95.13707,15.95528],[95.14056,15.94495],[95.13823,15.93853],[95.13422,15.93728],[95.13427,15.92969],[95.12668,15.9286],[95.12406,15.91974]]],[[[95.13716,16.00124],[95.1348,16.00423],[95.13787,16.00497],[95.13716,16.00124]]],[[[95.06175,16.27118],[95.06449,16.24671],[95.05983,16.24689],[95.04661,16.25732],[95.03965,16.25416],[95.03727,16.24286],[95.04107,16.23716],[95.0501,16.23346],[95.05146,16.22392],[95.04711,16.21572],[95.04163,16.18745],[95.01484,16.17367],[95.00796,16.16588],[95.01413,16.14316],[94.98766,16.14727],[94.98677,16.15115],[94.9717,16.16365],[94.98256,16.16973],[94.97118,16.16494],[94.98623,16.15038],[94.98447,16.14769],[94.96931,16.15092],[94.95063,16.148],[94.93409,16.1179],[94.92534,16.0948],[94.90908,16.09327],[94.89758,16.08848],[94.89432,16.08194],[94.89615,16.06493],[94.912,16.03723],[94.88885,16.01078],[94.87733,16.01668],[94.8745,16.02726],[94.8748,16.05971],[94.86476,16.09714],[94.86942,16.09671],[94.88369,16.08435],[94.89087,16.08326],[94.89588,16.08794],[94.89967,16.09863],[94.90155,16.11458],[94.91916,16.11726],[94.91143,16.1302],[94.92256,16.13809],[94.92218,16.15406],[94.92525,16.15403],[94.92836,16.1455],[94.92565,16.15493],[94.92166,16.15509],[94.92149,16.13732],[94.9101,16.13021],[94.91437,16.11717],[94.90371,16.11752],[94.89982,16.11434],[94.89008,16.0843],[94.86814,16.10187],[94.88048,16.11103],[94.86414,16.10152],[94.85649,16.10957],[94.85511,16.11963],[94.88225,16.18609],[94.89218,16.19308],[94.92018,16.19463],[94.95732,16.20485],[95.02136,16.2649],[95.02909,16.27718],[95.03677,16.31136],[95.04361,16.3149],[95.05118,16.30853],[95.04468,16.31482],[95.04844,16.3299],[95.03899,16.34559],[95.04304,16.36306],[95.05375,16.37892],[95.06371,16.38822],[95.07937,16.3936],[95.0855,16.40538],[95.09949,16.4158],[95.10779,16.41907],[95.11834,16.38317],[95.13345,16.37452],[95.13504,16.36163],[95.12294,16.35098],[95.13542,16.35931],[95.13677,16.34848],[95.12466,16.32659],[95.11475,16.32473],[95.1164,16.33931],[95.1089,16.31168],[95.1157,16.29925],[95.10861,16.29701],[95.08989,16.26565],[95.08108,16.26458],[95.07951,16.25481],[95.07403,16.25332],[95.0674,16.24437],[95.06177,16.22846],[95.054,16.2239],[95.05171,16.23499],[95.04109,16.23896],[95.03886,16.24284],[95.03961,16.25056],[95.04634,16.25642],[95.05981,16.24508],[95.06623,16.2467],[95.06475,16.27143],[95.07084,16.28],[95.09018,16.29358],[95.09953,16.3074],[95.09408,16.31752],[95.10143,16.3236],[95.09861,16.33393],[95.10692,16.33796],[95.10927,16.34567],[95.10088,16.34639],[95.10112,16.34433],[95.10834,16.34593],[95.10856,16.34155],[95.09809,16.33496],[95.10077,16.32438],[95.09351,16.31853],[95.0977,16.31102],[95.09643,16.30701],[95.08565,16.29401],[95.069,16.28221],[95.06175,16.27118]]],[[[95.13296,16.30474],[95.12659,16.30764],[95.12875,16.30968],[95.13296,16.30474]]],[[[95.05262,16.4751],[95.05095,16.48092],[95.05499,16.49684],[95.06164,16.49562],[95.07561,16.50333],[95.08043,16.51745],[95.09137,16.52995],[95.09237,16.53587],[95.08605,16.54391],[95.0865,16.54803],[95.09551,16.55489],[95.09382,16.55903],[95.111,16.56696],[95.11605,16.56498],[95.12306,16.5595],[95.12677,16.54505],[95.12379,16.54108],[95.11551,16.54027],[95.10537,16.52878],[95.11164,16.51585],[95.10723,16.50327],[95.11117,16.49731],[95.11368,16.48209],[95.11263,16.4597],[95.10869,16.45253],[95.09577,16.44275],[95.08804,16.44334],[95.07535,16.45441],[95.08422,16.45999],[95.08835,16.47256],[95.0675,16.47757],[95.05262,16.4751]]],[[[95.10777,15.93973],[95.1008,15.94817],[95.10146,15.96052],[95.1179,15.99229],[95.12432,15.98296],[95.11957,15.96086],[95.11206,15.94317],[95.10777,15.93973]]],[[[95.11992,16.00708],[95.11768,16.00903],[95.11786,16.02603],[95.12364,16.03189],[95.11992,16.00708]]],[[[95.12234,16.383],[95.11858,16.39269],[95.12022,16.39706],[95.12234,16.383]]],[[[95.11456,16.40381],[95.10913,16.41931],[95.11448,16.42054],[95.11456,16.40381]]],[[[95.07565,16.45724],[95.0743,16.46884],[95.0769,16.47435],[95.08622,16.47258],[95.08397,16.46205],[95.07565,16.45724]]],[[[95.05925,16.06239],[95.05307,16.06966],[95.05579,16.0753],[95.05429,16.08484],[95.04244,16.08444],[95.03726,16.09891],[95.04822,16.10344],[95.05147,16.10843],[95.06336,16.11179],[95.05881,16.12291],[95.07027,16.12267],[95.07745,16.10882],[95.07735,16.0993],[95.08448,16.09382],[95.05925,16.06239]]],[[[95.06748,16.39089],[95.07882,16.40416],[95.08175,16.40375],[95.07817,16.39336],[95.06748,16.39089]]],[[[94.95437,15.99899],[94.95069,16.00418],[94.95158,16.02683],[94.95505,16.02757],[94.95532,16.01418],[94.95888,16.01067],[94.99397,16.03185],[94.99616,16.03788],[95.00459,16.02892],[95.0221,16.02257],[95.02402,16.02796],[95.032,16.02711],[95.03045,16.03189],[95.02368,16.03389],[95.03137,16.04386],[95.03118,16.05107],[95.03386,16.05349],[95.0469,16.05195],[95.05256,16.04597],[95.05126,16.02307],[95.06811,15.97861],[95.06744,15.96497],[95.06,15.96659],[95.04973,15.99051],[95.03853,15.98881],[95.02781,15.99496],[95.02694,16.00064],[95.03629,16.00364],[95.03727,16.00852],[95.02867,16.01388],[95.02519,16.01211],[95.02126,16.01872],[95.0125,16.02125],[95.00843,16.02631],[95.00191,16.02688],[94.9976,16.02229],[94.99591,16.01264],[94.97862,16.01461],[94.96647,16.01073],[94.96641,16.00455],[94.95935,16.00397],[94.95437,15.99899]]],[[[95.01525,15.92375],[95.01615,15.93327],[95.02575,15.93498],[95.02339,15.93887],[95.02685,15.93935],[95.02719,15.94578],[95.04557,15.94767],[95.03499,15.95421],[95.03413,15.94855],[95.02612,15.94592],[95.01856,15.94818],[95.02682,15.9624],[95.03348,15.96259],[95.04232,15.96869],[95.06513,15.9601],[95.06666,15.94103],[95.06418,15.9323],[95.02597,15.93047],[95.01525,15.92375]]],[[[95.04559,15.89758],[95.04085,15.90175],[95.04063,15.90652],[95.0477,15.90825],[95.04751,15.91598],[95.0426,15.91757],[95.04165,15.92891],[95.04808,15.93232],[95.05978,15.93144],[95.06308,15.92896],[95.06023,15.91071],[95.05617,15.90354],[95.04645,15.90363],[95.04559,15.89758]]],[[[95.05787,15.90069],[95.05834,15.90764],[95.06032,15.90633],[95.05787,15.90069]]],[[[95.03216,15.96441],[95.02712,15.96613],[95.02757,15.9705],[95.02453,15.97246],[95.01787,15.97252],[95.02771,15.98466],[95.02444,15.9901],[95.01989,15.98821],[95.0202,15.99233],[95.02394,15.9941],[95.04065,15.9875],[95.0452,15.98952],[95.05169,15.98727],[95.05741,15.97357],[95.05855,15.96815],[95.04843,15.96734],[95.03994,15.97051],[95.03216,15.96441]]],[[[95.04022,15.83957],[95.03751,15.84809],[95.04067,15.85733],[95.04852,15.85829],[95.05023,15.88196],[95.04799,15.88481],[95.05088,15.89432],[95.05782,15.89631],[95.05166,15.85311],[95.04542,15.84106],[95.04022,15.83957]]],[[[94.98886,16.04039],[94.98307,16.04714],[94.9842,16.05383],[94.98105,16.05824],[94.98307,16.06092],[94.99484,16.06609],[94.99637,16.05912],[95.01234,16.0582],[95.01097,16.068],[95.0033,16.07271],[95.00443,16.09252],[95.01833,16.09741],[95.02709,16.09463],[95.03564,16.09764],[95.04216,16.08315],[95.05308,16.08382],[95.05474,16.07711],[95.052,16.06941],[95.05722,16.0588],[95.05501,16.05136],[95.05326,16.04893],[95.04744,16.05272],[95.03079,16.05262],[95.02977,16.04374],[95.02263,16.03519],[95.02511,16.03091],[95.02159,16.02438],[95.0058,16.02968],[94.99857,16.03902],[94.99376,16.03739],[94.98886,16.04039]]],[[[95.0501,15.89535],[95.04719,15.8977],[95.04857,15.90232],[95.05628,15.90173],[95.0501,15.89535]]],[[[95.04715,15.70855],[95.03973,15.71068],[95.04985,15.71226],[95.04988,15.71587],[95.05389,15.71763],[95.05291,15.71249],[95.04715,15.70855]]],[[[95.03742,15.8517],[95.0278,15.86131],[95.02974,15.88215],[95.02764,15.88526],[95.03269,15.88444],[95.03528,15.87734],[95.03848,15.87795],[95.04373,15.87069],[95.04732,15.87092],[95.04719,15.85778],[95.04121,15.85874],[95.03742,15.8517]]],[[[95.03662,15.82556],[95.03598,15.82827],[95.02152,15.83202],[95.02212,15.83871],[95.01759,15.83797],[95.01909,15.8283],[95.02706,15.82733],[95.02678,15.82514],[95.01326,15.83068],[95.00739,15.82815],[94.99895,15.83544],[94.99467,15.83381],[94.9997,15.83132],[94.99888,15.82849],[94.9917,15.8292],[94.98887,15.83901],[94.99692,15.84628],[95.00488,15.84363],[95.02568,15.84846],[95.03496,15.8458],[95.0419,15.8344],[95.03662,15.82556]]],[[[95.03015,15.81661],[95.02911,15.81958],[95.03435,15.82443],[95.03619,15.82209],[95.03015,15.81661]]],[[[95.0275,15.73797],[95.03024,15.74541],[95.03222,15.74462],[95.0275,15.73797]]],[[[95.02169,16.27056],[95.02742,16.28338],[95.02776,16.27771],[95.02169,16.27056]]],[[[95.02158,15.8109],[95.02374,15.81448],[95.02479,15.81267],[95.02158,15.8109]]],[[[95.02362,15.90835],[95.02125,15.91133],[95.02445,15.91208],[95.02362,15.90835]]],[[[95.02162,16.00133],[95.01898,16.00329],[95.02326,16.00505],[95.02162,16.00133]]],[[[95.00624,15.84671],[94.98159,15.8562],[94.97149,15.85668],[94.96916,15.86417],[94.96,15.86529],[94.96884,15.87216],[94.96448,15.87477],[94.96558,15.87914],[94.97516,15.87841],[94.97482,15.87159],[94.9884,15.87172],[94.98793,15.87842],[94.9821,15.88105],[94.98718,15.88358],[94.99526,15.88042],[94.99507,15.87424],[95.00331,15.87339],[95.00937,15.86702],[95.02336,15.86985],[95.02037,15.85005],[95.00624,15.84671]]],[[[95.01685,15.87043],[95.01636,15.87481],[95.02141,15.87399],[95.01685,15.87043]]],[[[95.00092,15.92787],[94.99614,15.92895],[94.99648,15.93603],[95.00507,15.94329],[95.00958,15.94209],[95.01364,15.94862],[95.01682,15.94691],[95.02009,15.94199],[95.01831,15.9366],[95.00257,15.93262],[95.00092,15.92787]]],[[[94.99525,15.78449],[94.98916,15.78635],[94.9858,15.79681],[95.00304,15.80515],[95.0046,15.81543],[95.00956,15.81925],[95.0065,15.81928],[95.01332,15.82282],[95.01552,15.81649],[95.01949,15.81452],[95.01907,15.79946],[95.01345,15.79565],[95.00338,15.79896],[94.99961,15.79475],[95.00301,15.78841],[95.00808,15.79042],[95.00912,15.78835],[94.99525,15.78449]]],[[[95.00966,15.78886],[95.01502,15.79358],[95.01594,15.79189],[95.00966,15.78886]]],[[[95.01376,15.98698],[95.01111,15.98817],[95.0122,15.99112],[95.01563,15.98774],[95.01376,15.98698]]],[[[95.01141,15.96563],[95.00467,15.97046],[95.0125,15.96833],[95.01141,15.96563]]],[[[94.94969,16.03766],[94.94344,16.06592],[94.92862,16.0618],[94.92989,16.06926],[94.94555,16.0771],[94.94285,16.08743],[94.95142,16.09224],[94.96176,16.08687],[94.97381,16.09397],[94.97949,16.08915],[94.98037,16.08374],[94.98329,16.08268],[94.98761,16.08882],[95.00473,16.08274],[95.0034,16.06987],[95.00978,16.06827],[95.01223,16.06026],[94.99823,16.05872],[94.99512,16.06712],[94.98041,16.06056],[94.98252,16.04509],[94.99252,16.03392],[94.97421,16.02585],[94.97122,16.02047],[94.95943,16.01272],[94.95916,16.02573],[94.95188,16.03043],[94.94969,16.03766]]],[[[95.01216,16.35511],[95.00701,16.36031],[95.0107,16.36878],[95.01216,16.35511]]],[[[94.98678,16.24527],[94.99623,16.25728],[95.00237,16.25813],[94.98678,16.24527]]],[[[94.99599,15.96732],[94.99523,15.97132],[95.00163,15.97255],[94.99599,15.96732]]],[[[94.99702,15.99023],[94.99119,15.99325],[94.99521,15.99591],[94.99877,15.9924],[94.99702,15.99023]]],[[[94.99086,15.82444],[94.98729,15.82641],[94.98852,15.83013],[94.99567,15.82723],[94.99086,15.82444]]],[[[94.98943,15.8412],[94.98399,15.84292],[94.98418,15.8491],[94.99295,15.84747],[94.98943,15.8412]]],[[[94.98665,15.80195],[94.98615,15.80582],[94.99108,15.8068],[94.99144,15.80281],[94.98665,15.80195]]],[[[94.98056,15.91364],[94.94091,15.92804],[94.95622,15.92931],[94.97242,15.92505],[94.97515,15.93236],[94.98714,15.93328],[94.98014,15.92588],[94.98056,15.91364]]],[[[94.96384,15.75374],[94.96361,15.75735],[94.95457,15.75782],[94.94293,15.76397],[94.95147,15.76699],[94.9562,15.76115],[94.9594,15.76228],[94.95891,15.76589],[94.96558,15.76815],[94.97098,15.77737],[94.96968,15.77996],[94.97679,15.78633],[94.97427,15.78713],[94.97823,15.79816],[94.98142,15.79762],[94.97888,15.78219],[94.9862,15.76976],[94.98535,15.76462],[94.97127,15.75149],[94.95124,15.74317],[94.92733,15.74467],[94.92443,15.74753],[94.92438,15.75641],[94.91604,15.76061],[94.91713,15.76317],[94.92857,15.76436],[94.93084,15.76983],[94.93954,15.77083],[94.93791,15.76737],[94.94344,15.76114],[94.94179,15.75549],[94.95723,15.75741],[94.96384,15.75374]]],[[[94.98113,15.999],[94.98171,16.00389],[94.98273,15.99925],[94.98113,15.999]]],[[[94.97444,15.80451],[94.97397,15.81082],[94.97557,15.81132],[94.97444,15.80451]]],[[[94.97098,15.83184],[94.96812,15.83869],[94.97223,15.83762],[94.97098,15.83184]]],[[[94.9651,15.82957],[94.96355,15.83409],[94.96846,15.83225],[94.9651,15.82957]]],[[[94.87276,16.26704],[94.88052,16.28474],[94.89253,16.28579],[94.92069,16.30215],[94.93129,16.32278],[94.94604,16.33076],[94.96817,16.33055],[94.96261,16.32107],[94.96505,16.31165],[94.95637,16.31057],[94.96102,16.29611],[94.9492,16.29995],[94.94223,16.2968],[94.94511,16.29085],[94.95998,16.28505],[94.95981,16.28093],[94.94149,16.27504],[94.91963,16.27602],[94.91356,16.25495],[94.90293,16.2584],[94.88553,16.25083],[94.87637,16.24074],[94.87359,16.22814],[94.86982,16.22444],[94.86491,16.22642],[94.85695,16.24438],[94.86764,16.24725],[94.8721,16.25417],[94.87276,16.26704]]],[[[94.95853,15.86478],[94.95839,15.87766],[94.96287,15.87337],[94.95853,15.86478]]],[[[94.95735,15.88012],[94.95433,15.88491],[94.96114,15.88704],[94.95735,15.88012]]],[[[94.93746,15.80381],[94.9271,15.80532],[94.92583,15.81177],[94.94356,15.83002],[94.96018,15.82923],[94.95373,15.82234],[94.95404,15.82697],[94.9472,15.82149],[94.94404,15.82423],[94.94293,15.81934],[94.94878,15.81929],[94.94737,15.81119],[94.94525,15.81185],[94.94573,15.80644],[94.93746,15.80381]]],[[[94.94761,15.78067],[94.95087,15.78734],[94.95149,15.7827],[94.94761,15.78067]]],[[[94.95137,15.75604],[94.94393,15.75753],[94.94422,15.75984],[94.95137,15.75604]]],[[[94.8607,15.99004],[94.87201,16.0032],[94.88372,16.00233],[94.8968,16.00646],[94.91618,16.02818],[94.91962,16.03974],[94.90837,16.06121],[94.91016,16.06738],[94.9249,16.06338],[94.92846,16.05936],[94.94263,16.06451],[94.94906,16.02814],[94.94715,16.00936],[94.94309,16.00244],[94.92367,15.99026],[94.91798,15.98026],[94.93869,15.96025],[94.94367,15.9517],[94.94369,15.94063],[94.92011,15.9384],[94.91023,15.93436],[94.87406,15.90918],[94.86169,15.89551],[94.86171,15.88238],[94.87404,15.86321],[94.86723,15.84628],[94.87145,15.84212],[94.87649,15.82688],[94.84681,15.83924],[94.83826,15.84961],[94.84792,15.8588],[94.85077,15.8799],[94.84825,15.89537],[94.8322,15.9156],[94.82886,15.92902],[94.84161,15.93972],[94.84648,15.9487],[94.86012,15.95566],[94.87183,15.95569],[94.87194,15.95286],[94.86525,15.94884],[94.86778,15.94967],[94.87143,15.94114],[94.86496,15.94648],[94.87195,15.94024],[94.86922,15.9467],[94.88059,15.95265],[94.88776,15.95104],[94.88424,15.94476],[94.8965,15.94594],[94.89699,15.94195],[94.89114,15.94264],[94.88978,15.93931],[94.89614,15.9359],[94.89992,15.94205],[94.92122,15.94289],[94.91811,15.95193],[94.92423,15.95085],[94.92027,15.95423],[94.91095,15.95444],[94.90865,15.94996],[94.89826,15.94902],[94.8957,15.94608],[94.89094,15.94998],[94.89508,15.95085],[94.89444,15.95356],[94.88006,15.95317],[94.87603,15.94908],[94.87098,15.94939],[94.87344,15.95632],[94.85667,15.95672],[94.84704,15.95191],[94.8368,15.93835],[94.82555,15.93046],[94.82126,15.94119],[94.82279,15.94864],[94.83735,15.96912],[94.8607,15.99004]]],[[[94.94401,15.76602],[94.94804,15.77011],[94.94868,15.76753],[94.94401,15.76602]]],[[[94.93846,15.90836],[94.93547,15.91598],[94.92867,15.91488],[94.92222,15.92177],[94.92216,15.93001],[94.93895,15.93166],[94.93878,15.92806],[94.9333,15.92527],[94.92641,15.92868],[94.92742,15.92327],[94.93165,15.92027],[94.94468,15.91847],[94.93846,15.90836]]],[[[94.94327,15.96613],[94.94015,15.97337],[94.94323,15.9754],[94.94327,15.96613]]],[[[94.93155,15.79781],[94.93292,15.80218],[94.93944,15.80263],[94.93874,15.79852],[94.93155,15.79781]]],[[[94.92777,15.90408],[94.92538,15.90423],[94.92491,15.9108],[94.91174,15.91104],[94.91195,15.91941],[94.90745,15.92164],[94.91174,15.92495],[94.91812,15.92438],[94.91683,15.92877],[94.9211,15.92976],[94.92168,15.92126],[94.92575,15.91581],[94.93545,15.91366],[94.93299,15.90699],[94.92777,15.90408]]],[[[94.92241,16.20543],[94.91526,16.20974],[94.9342,16.21163],[94.92241,16.20543]]],[[[94.92745,15.81446],[94.92229,15.83163],[94.92851,15.82771],[94.92745,15.81446]]],[[[94.92507,15.84371],[94.9235,15.84694],[94.92816,15.84729],[94.92507,15.84371]]],[[[94.91594,15.8349],[94.91236,15.85],[94.9018,15.85859],[94.90528,15.86127],[94.91353,15.86119],[94.91855,15.85742],[94.91768,15.84996],[94.92081,15.84375],[94.9184,15.84209],[94.92383,15.83908],[94.91594,15.8349]]],[[[94.91986,15.7992],[94.91869,15.8023],[94.92361,15.80174],[94.91986,15.7992]]],[[[94.90968,15.76259],[94.90599,15.7661],[94.90945,15.76659],[94.91217,15.773],[94.9207,15.77563],[94.91956,15.76676],[94.90968,15.76259]]],[[[94.91845,15.81866],[94.91156,15.82117],[94.91797,15.82446],[94.92009,15.82315],[94.91845,15.81866]]],[[[94.91548,16.20523],[94.91309,16.20577],[94.91445,16.20859],[94.91816,16.20688],[94.91548,16.20523]]],[[[94.89908,15.82424],[94.88956,15.83037],[94.88908,15.8363],[94.89311,15.84013],[94.88503,15.84329],[94.8819,15.86443],[94.89277,15.86086],[94.89619,15.85671],[94.8882,15.85575],[94.88548,15.84947],[94.89532,15.84925],[94.90177,15.85615],[94.91141,15.84795],[94.91321,15.8415],[94.90302,15.83309],[94.89908,15.82424]]],[[[94.89968,15.85951],[94.88164,15.86572],[94.87843,15.87786],[94.86924,15.89184],[94.90317,15.91936],[94.90779,15.91623],[94.90256,15.91112],[94.90275,15.9034],[94.88788,15.89297],[94.89431,15.88313],[94.89318,15.87592],[94.89877,15.87613],[94.89738,15.86996],[94.9127,15.8724],[94.91142,15.86379],[94.89968,15.85951]]],[[[94.87745,15.75721],[94.86256,15.75759],[94.85409,15.76179],[94.85835,15.76265],[94.85789,15.77025],[94.86266,15.76815],[94.86694,15.77121],[94.86409,15.77934],[94.88527,15.7686],[94.88524,15.76564],[94.89585,15.76246],[94.89377,15.76775],[94.88597,15.77323],[94.90685,15.77279],[94.90735,15.77008],[94.90122,15.76833],[94.90078,15.76409],[94.90852,15.75217],[94.87745,15.75721]]],[[[94.90347,15.81016],[94.89713,15.8146],[94.89981,15.81663],[94.90347,15.81016]]],[[[94.88342,15.79888],[94.87864,15.79982],[94.87998,15.80148],[94.88823,15.80154],[94.88342,15.79888]]],[[[94.87408,16.16736],[94.87701,16.1815],[94.87969,16.18302],[94.87408,16.16736]]],[[[94.87302,16.1684],[94.87421,16.18152],[94.87606,16.17971],[94.87302,16.1684]]],[[[94.85123,15.76876],[94.84004,15.78187],[94.8405,15.77413],[94.8353,15.7868],[94.83529,15.80122],[94.83988,15.80788],[94.84308,15.80862],[94.84384,15.8045],[94.85571,15.79371],[94.86347,15.79879],[94.86758,15.79734],[94.86018,15.78787],[94.86934,15.78651],[94.86651,15.78254],[94.85999,15.78247],[94.85714,15.77605],[94.86005,15.77448],[94.85552,15.77259],[94.84915,15.77483],[94.85123,15.76876]]],[[[94.85925,15.80308],[94.85553,15.80388],[94.85583,15.80684],[94.85928,15.80668],[94.85925,15.80308]]],[[[94.85824,15.80837],[94.85479,15.80981],[94.85508,15.8129],[94.85893,15.81158],[94.85824,15.80837]]],[[[94.80356,15.98692],[94.80408,16.00005],[94.82387,16.03903],[94.83116,16.04953],[94.84079,16.05459],[94.83548,16.05541],[94.83843,16.07238],[94.84786,16.06947],[94.85634,16.0506],[94.85111,16.01819],[94.82396,15.98945],[94.81592,15.98437],[94.81195,15.9862],[94.81325,15.98323],[94.8095,15.9803],[94.80356,15.98692]]],[[[94.85259,15.80198],[94.84997,15.80625],[94.85344,15.80738],[94.85259,15.80198]]],[[[94.76996,16.05558],[94.76218,16.06478],[94.76732,16.0735],[94.76563,16.07841],[94.75117,16.08496],[94.75874,16.09752],[94.76666,16.10402],[94.78183,16.10274],[94.78809,16.08801],[94.79382,16.08796],[94.80929,16.10508],[94.80792,16.11514],[94.80306,16.12291],[94.81638,16.12318],[94.82379,16.11719],[94.83309,16.11518],[94.8455,16.08803],[94.84739,16.07643],[94.83458,16.07396],[94.83283,16.05698],[94.81091,16.01905],[94.79891,16.01696],[94.78723,16.02131],[94.77906,16.03065],[94.76632,16.03552],[94.76916,16.04052],[94.76665,16.04247],[94.74589,16.04496],[94.74436,16.05283],[94.7461,16.03787],[94.75275,16.03653],[94.75576,16.03161],[94.75452,16.02596],[94.75092,16.02573],[94.74948,16.02896],[94.74994,16.01981],[94.76922,16.00201],[94.77666,16.00054],[94.78551,15.99274],[94.78399,15.98657],[94.77732,15.9843],[94.76675,15.99392],[94.76037,15.99539],[94.75808,15.99219],[94.76863,15.96545],[94.78944,15.95562],[94.77643,15.94413],[94.75839,15.95085],[94.75446,15.95784],[94.75057,15.95516],[94.7473,15.96137],[94.74012,15.9622],[94.73635,15.95772],[94.72809,15.95689],[94.72857,15.96564],[94.7226,15.96801],[94.72187,15.96106],[94.72634,15.95459],[94.70969,15.95253],[94.7054,15.96506],[94.69544,15.96784],[94.69196,15.96568],[94.69491,15.952],[94.6838,15.94475],[94.67474,15.94418],[94.67035,15.96018],[94.72558,16.02053],[94.72863,16.03544],[94.72817,16.05914],[94.73255,16.07301],[94.74916,16.08382],[94.76536,16.07764],[94.76137,16.06376],[94.76996,16.05558]]],[[[94.78299,15.84274],[94.79035,15.84821],[94.79121,15.86958],[94.79573,15.8698],[94.79287,15.87678],[94.79891,15.88343],[94.80152,15.89242],[94.81722,15.89229],[94.81249,15.89825],[94.81703,15.90001],[94.8223,15.89405],[94.81963,15.90849],[94.80911,15.90806],[94.80292,15.89987],[94.80634,15.89585],[94.80126,15.89306],[94.79059,15.87474],[94.78983,15.84925],[94.77739,15.84111],[94.77655,15.83699],[94.81651,15.82713],[94.80944,15.81045],[94.80921,15.79964],[94.79455,15.79602],[94.76055,15.80132],[94.76078,15.79772],[94.79693,15.79472],[94.81241,15.80077],[94.8152,15.79959],[94.81352,15.7911],[94.77911,15.79435],[94.77643,15.79205],[94.74429,15.79772],[94.7313,15.81804],[94.73143,15.8335],[94.7414,15.8329],[94.74688,15.83646],[94.76345,15.85951],[94.77308,15.86535],[94.77594,15.87331],[94.7757,15.89109],[94.79921,15.93107],[94.81419,15.93931],[94.818,15.93426],[94.8262,15.89968],[94.84008,15.87458],[94.83857,15.86957],[94.84311,15.87069],[94.84292,15.86451],[94.8401,15.86183],[94.83429,15.8669],[94.82389,15.86429],[94.81965,15.86638],[94.81397,15.85574],[94.82439,15.86068],[94.82998,15.86102],[94.83022,15.85844],[94.82202,15.84872],[94.81831,15.84978],[94.81867,15.84604],[94.80965,15.84895],[94.82104,15.84358],[94.81454,15.82998],[94.77736,15.8375],[94.78299,15.84274]]],[[[94.83823,15.89043],[94.83441,15.89523],[94.83539,15.89986],[94.83823,15.89043]]],[[[94.81249,15.89902],[94.80801,15.90395],[94.8099,15.90716],[94.81268,15.90546],[94.81249,15.89902]]],[[[94.76977,16.00394],[94.75657,16.01705],[94.75544,16.02466],[94.76295,16.03155],[94.75462,16.03742],[94.75757,16.04023],[94.77161,16.0311],[94.7772,16.03079],[94.78801,16.01963],[94.79784,16.0162],[94.80984,16.01803],[94.79806,15.99675],[94.79747,15.9898],[94.80665,15.97427],[94.803,15.96787],[94.79015,15.95986],[94.77089,15.9653],[94.75954,15.9914],[94.76249,15.99434],[94.77731,15.9834],[94.78586,15.98655],[94.78738,15.99272],[94.77826,16.00104],[94.77917,16.01301],[94.77305,16.01422],[94.76977,16.00394]]],[[[94.78212,16.10544],[94.76271,16.10934],[94.75635,16.1287],[94.77765,16.14231],[94.78767,16.1305],[94.78212,16.10544]]],[[[94.71211,15.89263],[94.71255,15.89829],[94.72706,15.89895],[94.72716,15.91002],[94.73381,15.90971],[94.73597,15.9133],[94.74567,15.91168],[94.74319,15.91698],[94.73059,15.92184],[94.74444,15.93899],[94.74789,15.93806],[94.76155,15.94748],[94.7706,15.94727],[94.77092,15.938],[94.72777,15.87319],[94.71817,15.85408],[94.70855,15.85003],[94.69285,15.84951],[94.69288,15.85286],[94.69688,15.85386],[94.70351,15.85097],[94.70084,15.86619],[94.69674,15.86893],[94.69482,15.86237],[94.68469,15.86052],[94.68555,15.86773],[94.69193,15.86677],[94.68718,15.87106],[94.67577,15.87501],[94.66937,15.8739],[94.66648,15.87882],[94.65769,15.87786],[94.65693,15.88198],[94.67132,15.88471],[94.68603,15.89374],[94.69266,15.88995],[94.70278,15.89116],[94.70702,15.88868],[94.71211,15.89263]]],[[[94.67381,16.51132],[94.67355,16.52857],[94.68998,16.54415],[94.69784,16.55799],[94.70091,16.61849],[94.70348,16.62233],[94.71738,16.62363],[94.73321,16.63123],[94.74333,16.62728],[94.75429,16.62809],[94.75603,16.61391],[94.7684,16.60866],[94.765,16.58731],[94.7472,16.58347],[94.73753,16.57724],[94.72457,16.5158],[94.68768,16.49472],[94.67381,16.51132]]],[[[94.72888,16.36225],[94.70823,16.37286],[94.70835,16.38591],[94.72335,16.40619],[94.74183,16.40296],[94.74015,16.42718],[94.74687,16.42753],[94.75228,16.41579],[94.76221,16.41247],[94.76136,16.40719],[94.75653,16.40376],[94.75457,16.39373],[94.74363,16.39305],[94.73973,16.38922],[94.73564,16.36453],[94.72888,16.36225]]],[[[94.75301,16.03679],[94.7528,16.04284],[94.75626,16.04268],[94.75301,16.03679]]],[[[94.74568,16.264],[94.74304,16.26686],[94.74492,16.268],[94.74568,16.264]]],[[[94.74049,16.93158],[94.7404,16.93648],[94.74253,16.93543],[94.74049,16.93158]]],[[[94.73776,16.26262],[94.73925,16.26045],[94.73581,16.25797],[94.73394,16.26255],[94.73878,16.26715],[94.74141,16.26249],[94.73776,16.26262]]],[[[94.72624,15.95794],[94.72363,15.9644],[94.72735,15.96359],[94.72624,15.95794]]],[[[94.69177,16.00586],[94.68624,16.01388],[94.69265,16.01589],[94.69169,16.02801],[94.69678,16.03209],[94.69763,16.03775],[94.71131,16.05],[94.71633,16.0291],[94.69177,16.00586]]],[[[94.69744,15.92043],[94.69385,15.9211],[94.6919,15.92679],[94.67676,15.93025],[94.67837,15.93243],[94.67467,15.93516],[94.67579,15.94159],[94.68218,15.94167],[94.69475,15.94891],[94.6964,15.95534],[94.70752,15.9483],[94.71354,15.93563],[94.71099,15.93385],[94.70877,15.93824],[94.702,15.94113],[94.69744,15.92043]]],[[[94.70704,15.95397],[94.70292,15.9558],[94.70682,15.95938],[94.70704,15.95397]]],[[[94.68907,15.84246],[94.67287,15.84606],[94.66361,15.85309],[94.66933,15.8533],[94.67275,15.86409],[94.68448,15.86658],[94.68601,15.85922],[94.69455,15.86135],[94.69726,15.86789],[94.70109,15.86387],[94.70378,15.852],[94.69263,15.85453],[94.69284,15.84874],[94.69656,15.84781],[94.68907,15.84246]]],[[[94.69938,15.96124],[94.69889,15.96652],[94.7034,15.96481],[94.69938,15.96124]]],[[[94.69222,16.37183],[94.69364,16.39732],[94.69699,16.39935],[94.69857,16.38105],[94.69542,16.37207],[94.69222,16.37183]]],[[[94.69227,15.90772],[94.6871,15.90957],[94.69018,15.91263],[94.69337,15.91132],[94.69227,15.90772]]],[[[94.68738,15.89514],[94.69008,15.9004],[94.69246,15.89871],[94.68738,15.89514]]],[[[94.67587,15.88815],[94.67215,15.88856],[94.67325,15.89216],[94.66927,15.89348],[94.66903,15.8976],[94.67385,15.90014],[94.6754,15.89485],[94.67993,15.8952],[94.67795,15.89779],[94.6829,15.90033],[94.68445,15.89504],[94.67587,15.88815]]],[[[94.68493,15.92105],[94.67297,15.9232],[94.67966,15.92753],[94.68148,15.9221],[94.68493,15.92105]]],[[[94.67953,15.91207],[94.67482,15.9219],[94.68304,15.91758],[94.67953,15.91207]]],[[[94.68144,16.31656],[94.67547,16.30227],[94.67596,16.31093],[94.68056,16.31913],[94.68144,16.31656]]],[[[94.60761,16.28493],[94.61254,16.30189],[94.60769,16.32845],[94.6487,16.33612],[94.6549,16.3438],[94.66582,16.37333],[94.67952,16.38481],[94.68066,16.37682],[94.67338,16.35267],[94.65026,16.31525],[94.63519,16.28317],[94.60232,16.24131],[94.59026,16.23316],[94.57545,16.23263],[94.56876,16.24504],[94.57178,16.25609],[94.59777,16.27187],[94.60761,16.28493]]],[[[94.61511,15.91115],[94.6133,15.91721],[94.60826,15.91918],[94.61365,15.92842],[94.62619,15.93167],[94.63748,15.94549],[94.66979,15.95658],[94.66897,15.93778],[94.66248,15.92624],[94.66474,15.91498],[94.65563,15.91818],[94.65012,15.91166],[94.64935,15.91501],[94.63896,15.91457],[94.63584,15.907],[94.62956,15.90434],[94.62971,15.88915],[94.62585,15.88905],[94.60386,15.91819],[94.60381,15.92849],[94.60945,15.93463],[94.60994,15.92973],[94.60362,15.92205],[94.60622,15.91456],[94.61511,15.91115]]],[[[94.63965,16.33812],[94.63168,16.34244],[94.61596,16.34384],[94.63329,16.37591],[94.63987,16.39594],[94.64388,16.39772],[94.65214,16.39623],[94.66886,16.38593],[94.65849,16.37391],[94.64756,16.3436],[94.63965,16.33812]]],[[[94.58096,16.17116],[94.57781,16.17646],[94.56477,16.17939],[94.5772,16.20042],[94.60756,16.22981],[94.6252,16.23586],[94.64213,16.25234],[94.64853,16.25139],[94.65036,16.23154],[94.66668,16.20695],[94.66013,16.18871],[94.6578,16.16478],[94.63661,16.09978],[94.62824,16.08542],[94.60004,16.05782],[94.59369,16.0455],[94.58023,16.04547],[94.57202,16.05133],[94.57544,16.06212],[94.57281,16.08377],[94.58221,16.09272],[94.59035,16.11198],[94.60402,16.1223],[94.61335,16.12301],[94.62892,16.13667],[94.61525,16.12608],[94.60324,16.12386],[94.5901,16.1143],[94.58472,16.10738],[94.58305,16.09812],[94.56999,16.0807],[94.5736,16.06548],[94.57015,16.04979],[94.57862,16.04278],[94.59191,16.03985],[94.57445,16.00469],[94.55162,15.99584],[94.54859,16.00101],[94.54815,15.99561],[94.50107,15.98461],[94.4894,15.97194],[94.47965,15.96776],[94.47305,15.95827],[94.47169,15.95416],[94.47721,15.94356],[94.46695,15.92496],[94.45154,15.92828],[94.45936,15.94265],[94.45589,15.95916],[94.45899,15.94626],[94.45023,15.93215],[94.45085,15.92494],[94.44468,15.91905],[94.43482,15.89851],[94.43497,15.88151],[94.42777,15.87924],[94.42171,15.86949],[94.41921,15.85534],[94.41361,15.85254],[94.41291,15.84791],[94.39762,15.83062],[94.39406,15.83438],[94.40531,15.84642],[94.41267,15.86431],[94.40544,15.88428],[94.40002,15.88844],[94.39324,15.90909],[94.38042,15.98129],[94.38351,16.0042],[94.40182,16.01323],[94.41427,15.9852],[94.42473,15.97663],[94.41666,15.98441],[94.40827,16.00327],[94.41087,16.01265],[94.44636,16.02233],[94.46027,16.03151],[94.48075,16.06279],[94.49364,16.07661],[94.4963,16.07711],[94.50156,16.06703],[94.50449,16.06727],[94.51336,16.07815],[94.52566,16.08386],[94.52277,16.08903],[94.51241,16.09387],[94.51218,16.09786],[94.51886,16.10078],[94.52551,16.09867],[94.52912,16.10058],[94.52916,16.10676],[94.53633,16.10361],[94.53384,16.10853],[94.52851,16.10856],[94.52805,16.10007],[94.51487,16.10132],[94.51111,16.09787],[94.51161,16.09349],[94.52486,16.08386],[94.5131,16.07918],[94.50209,16.0678],[94.49686,16.08046],[94.50831,16.11463],[94.51989,16.13065],[94.52682,16.13176],[94.54053,16.14608],[94.56343,16.17824],[94.57674,16.17673],[94.58096,16.17116]]],[[[94.66237,15.89585],[94.65572,15.89719],[94.65682,15.90156],[94.66265,15.89868],[94.6635,15.90473],[94.66617,15.90484],[94.66237,15.89585]]],[[[94.66447,16.13385],[94.6612,16.12567],[94.66085,16.13127],[94.66303,16.13666],[94.66447,16.13385]]],[[[94.66111,15.90462],[94.65846,15.90696],[94.65981,15.90901],[94.66111,15.90462]]],[[[94.6525,15.86051],[94.64638,15.86146],[94.64096,15.86536],[94.6525,15.86051]]],[[[94.63834,15.88715],[94.64163,15.89936],[94.64883,15.90033],[94.64973,15.89621],[94.63834,15.88715]]],[[[94.61182,16.04994],[94.61146,16.05309],[94.62811,16.06997],[94.64552,16.09592],[94.61999,16.05354],[94.61182,16.04994]]],[[[94.60281,17.50496],[94.60029,17.50781],[94.60339,17.50933],[94.60281,17.50496]]],[[[94.53935,16.30411],[94.54524,16.30677],[94.54983,16.31369],[94.54651,16.33213],[94.53371,16.34961],[94.53397,16.36661],[94.55376,16.37148],[94.56826,16.38387],[94.57279,16.38281],[94.57342,16.37816],[94.57991,16.37296],[94.58248,16.36033],[94.5908,16.34996],[94.59731,16.34734],[94.60295,16.33596],[94.59771,16.31385],[94.60135,16.28575],[94.59946,16.28319],[94.58879,16.28301],[94.56544,16.26438],[94.56225,16.26492],[94.5261,16.29738],[94.52894,16.30212],[94.53935,16.30411]]],[[[94.58638,17.55969],[94.58389,17.56717],[94.58837,17.57306],[94.58638,17.55969]]],[[[94.5781,17.31496],[94.57778,17.32514],[94.5727,17.32672],[94.5717,17.33549],[94.56712,17.33243],[94.56873,17.31723],[94.56201,17.33041],[94.56709,17.34531],[94.5633,17.3559],[94.56586,17.35794],[94.56902,17.35096],[94.5749,17.34834],[94.57602,17.35477],[94.58098,17.35447],[94.57799,17.33338],[94.58598,17.32765],[94.58468,17.3171],[94.5781,17.31496]]],[[[94.58383,17.63697],[94.58252,17.64084],[94.58574,17.64004],[94.58383,17.63697]]],[[[94.58073,17.27773],[94.57725,17.27853],[94.57462,17.28486],[94.57655,17.29012],[94.58184,17.2821],[94.58073,17.27773]]],[[[94.58067,17.30194],[94.57685,17.31047],[94.58049,17.31198],[94.58067,17.30194]]],[[[94.57016,17.29623],[94.56913,17.30074],[94.57263,17.30277],[94.57285,17.29633],[94.57016,17.29623]]],[[[94.52792,16.20503],[94.52435,16.2093],[94.52591,16.22088],[94.52328,16.22605],[94.51001,16.23362],[94.51727,16.24104],[94.52121,16.2508],[94.51392,16.27377],[94.51658,16.29075],[94.5243,16.28928],[94.53888,16.27771],[94.55881,16.25207],[94.55678,16.23045],[94.54714,16.20837],[94.52792,16.20503]]],[[[94.53933,17.29556],[94.53426,17.29921],[94.53433,17.30668],[94.52685,17.3106],[94.5297,17.3147],[94.52771,17.31703],[94.53528,17.32495],[94.54467,17.32514],[94.53933,17.29556]]],[[[94.52101,16.13837],[94.51835,16.13929],[94.51815,16.14702],[94.52432,16.15264],[94.52941,16.15659],[94.54168,16.15715],[94.53172,16.14512],[94.52101,16.13837]]],[[[94.51853,17.5691],[94.51639,17.56976],[94.51778,17.57516],[94.51853,17.5691]]],[[[94.51722,17.14932],[94.51134,17.15129],[94.51298,17.15489],[94.51619,17.15409],[94.51722,17.14932]]],[[[94.50648,15.90601],[94.50644,15.91889],[94.50133,15.93],[94.50625,15.92971],[94.5099,15.91964],[94.51572,15.9317],[94.51688,15.92706],[94.50648,15.90601]]],[[[94.51059,16.27392],[94.49701,16.2775],[94.48856,16.28825],[94.51339,16.29232],[94.51059,16.27392]]],[[[94.50207,17.16347],[94.50563,17.17336],[94.50831,17.17295],[94.50827,17.16883],[94.50207,17.16347]]],[[[94.49952,17.31299],[94.49984,17.31943],[94.50307,17.32005],[94.50369,17.31412],[94.49952,17.31299]]],[[[94.48655,17.06481],[94.48311,17.0696],[94.48711,17.06777],[94.48655,17.06481]]],[[[94.48598,17.75722],[94.48249,17.75841],[94.48332,17.76085],[94.48628,17.7616],[94.48598,17.75722]]],[[[94.47489,18.00956],[94.47289,18.01228],[94.47878,18.02383],[94.48119,18.02278],[94.47489,18.00956]]],[[[94.48012,17.06473],[94.47641,17.06991],[94.47936,17.06963],[94.48012,17.06473]]],[[[94.46887,17.16616],[94.46032,17.16918],[94.45823,17.17615],[94.46278,17.17547],[94.46427,17.17817],[94.45122,17.18728],[94.4624,17.19531],[94.46454,17.19516],[94.46458,17.18357],[94.47434,17.1808],[94.47325,17.17772],[94.46869,17.17814],[94.46887,17.16616]]],[[[94.46044,17.98752],[94.45352,17.99685],[94.46304,18.00824],[94.4738,18.0079],[94.47377,18.00494],[94.46516,18.00436],[94.46452,17.9929],[94.46747,17.99095],[94.46044,17.98752]]],[[[94.46181,18.15324],[94.45957,18.15892],[94.4616,18.15993],[94.46181,18.15324]]],[[[94.45883,17.04763],[94.45485,17.05203],[94.45729,17.05511],[94.46074,17.05173],[94.45883,17.04763]]],[[[94.45079,18.15564],[94.44531,18.16083],[94.44646,18.16958],[94.45359,18.16849],[94.45464,18.16565],[94.44951,18.16363],[94.45079,18.15564]]],[[[94.45112,18.13091],[94.44806,18.13531],[94.45278,18.13605],[94.45112,18.13091]]],[[[94.43714,18.13346],[94.4361,18.13862],[94.44494,18.14924],[94.44312,18.15698],[94.44676,18.15696],[94.45009,18.15229],[94.44892,18.14123],[94.44524,18.13636],[94.43714,18.13346]]],[[[94.44435,18.192],[94.43927,18.1968],[94.42959,18.19906],[94.44551,18.2019],[94.44804,18.19815],[94.44435,18.192]]],[[[94.44094,18.17],[94.43395,18.17225],[94.41182,18.20022],[94.41291,18.20215],[94.41587,18.20109],[94.4248,18.20682],[94.42041,18.19643],[94.42472,18.19678],[94.44478,18.17873],[94.44094,18.17]]],[[[94.42595,16.94806],[94.42895,16.95589],[94.43027,16.95343],[94.42595,16.94806]]],[[[94.42117,16.91705],[94.41733,16.92275],[94.42203,16.92516],[94.42117,16.91705]]],[[[94.32515,15.97791],[94.28047,15.98668],[94.27597,15.99173],[94.29012,15.9977],[94.29677,15.9956],[94.31199,16.00246],[94.32025,16.00215],[94.33765,16.01608],[94.34884,16.01627],[94.32515,15.97791]]],[[[94.32446,18.37095],[94.31531,18.37397],[94.31992,18.37716],[94.32664,18.37338],[94.32446,18.37095]]],[[[94.29551,16.61485],[94.29459,16.61756],[94.29767,16.61844],[94.29885,16.61521],[94.29551,16.61485]]],[[[94.27411,18.60179],[94.26688,18.61021],[94.26806,18.62436],[94.28081,18.61372],[94.27411,18.60179]]],[[[94.27539,15.85804],[94.27237,15.8645],[94.27785,15.86833],[94.28008,15.86316],[94.27539,15.85804]]],[[[94.27086,16.84618],[94.26874,16.84928],[94.27223,16.85081],[94.27086,16.84618]]],[[[94.26979,18.60195],[94.26549,18.60481],[94.26901,18.60685],[94.26979,18.60195]]],[[[94.26474,18.75959],[94.26396,18.76294],[94.26693,18.76241],[94.26474,18.75959]]],[[[94.26689,18.72095],[94.26327,18.72458],[94.26557,18.72585],[94.26689,18.72095]]],[[[94.26002,18.59648],[94.25273,18.59704],[94.24872,18.60235],[94.25465,18.60012],[94.2571,18.60332],[94.26359,18.60353],[94.26598,18.59785],[94.26002,18.59648]]],[[[94.25577,18.60577],[94.2516,18.60825],[94.25231,18.61211],[94.25453,18.62085],[94.25939,18.62082],[94.26396,18.61821],[94.25577,18.60577]]],[[[94.25135,18.51773],[94.24333,18.52847],[94.24954,18.52959],[94.25599,18.52555],[94.25135,18.51773]]],[[[94.25026,18.73831],[94.2533,18.74756],[94.25351,18.73919],[94.25026,18.73831]]],[[[94.22799,18.6867],[94.21384,18.69194],[94.21146,18.69891],[94.22298,18.70398],[94.22377,18.70115],[94.23268,18.69954],[94.23447,18.70468],[94.24028,18.70439],[94.24496,18.6974],[94.23995,18.69666],[94.23626,18.6905],[94.22937,18.69119],[94.22799,18.6867]]],[[[94.23521,18.7509],[94.21743,18.75887],[94.21587,18.76764],[94.22343,18.76579],[94.22446,18.75934],[94.23064,18.75467],[94.24104,18.75331],[94.23521,18.7509]]],[[[94.1727,18.70237],[94.14274,18.72793],[94.13849,18.7398],[94.15053,18.74063],[94.15611,18.72681],[94.16983,18.71746],[94.16817,18.71154],[94.17196,18.71281],[94.17144,18.71539],[94.17602,18.71381],[94.18947,18.70471],[94.19239,18.69684],[94.19484,18.69914],[94.19779,18.69552],[94.21128,18.69299],[94.21121,18.68268],[94.23495,18.65935],[94.23944,18.64439],[94.22082,18.66614],[94.1727,18.70237]]],[[[94.23768,18.53147],[94.23729,18.53417],[94.22746,18.53797],[94.23826,18.537],[94.23768,18.53147]]],[[[94.23721,18.76467],[94.22722,18.76692],[94.2254,18.77685],[94.22892,18.77786],[94.22969,18.77206],[94.23721,18.76467]]],[[[94.22564,16.38061],[94.22397,16.39156],[94.22732,16.39386],[94.22564,16.38061]]],[[[94.22652,18.70744],[94.22274,18.70772],[94.22182,18.71146],[94.22657,18.714],[94.22652,18.70744]]],[[[94.22347,18.73424],[94.22024,18.73645],[94.21964,18.7465],[94.2222,18.74571],[94.22347,18.73424]]],[[[94.21954,18.78977],[94.21823,18.79467],[94.22132,18.79284],[94.21954,18.78977]]],[[[94.20783,18.70241],[94.20193,18.70876],[94.19679,18.70776],[94.1939,18.71885],[94.18846,18.71515],[94.18497,18.71813],[94.18688,18.72044],[94.17743,18.72179],[94.17125,18.72775],[94.18968,18.73407],[94.19588,18.73223],[94.19879,18.7232],[94.2015,18.72344],[94.20125,18.72704],[94.20558,18.72727],[94.20933,18.72261],[94.21609,18.7227],[94.21739,18.71612],[94.21996,18.71585],[94.21946,18.70362],[94.21096,18.70483],[94.20783,18.70241]]],[[[94.22013,18.79633],[94.21139,18.80295],[94.21345,18.80732],[94.22013,18.79633]]],[[[94.21481,18.73301],[94.21157,18.73342],[94.21579,18.73828],[94.21481,18.73301]]],[[[94.212,16.37644],[94.21363,16.38029],[94.21536,16.37951],[94.212,16.37644]]],[[[94.213,18.78298],[94.20951,18.78597],[94.21383,18.78504],[94.213,18.78298]]],[[[94.2062,18.73912],[94.20219,18.74442],[94.20491,18.74698],[94.20908,18.74399],[94.2062,18.73912]]],[[[94.20035,18.75229],[94.19606,18.75798],[94.19986,18.7595],[94.19962,18.76414],[94.20586,18.76719],[94.20635,18.75946],[94.20035,18.75229]]],[[[94.20223,18.7882],[94.19605,18.79378],[94.20446,18.79759],[94.20223,18.7882]]],[[[94.19403,18.77577],[94.18989,18.78429],[94.1975,18.78278],[94.19655,18.78863],[94.20061,18.7886],[94.20111,18.7828],[94.19569,18.78181],[94.19403,18.77577]]],[[[94.18983,18.87172],[94.18783,18.87521],[94.19149,18.87661],[94.19539,18.87362],[94.18983,18.87172]]],[[[94.18515,18.97438],[94.18915,18.98594],[94.19321,18.98514],[94.19004,18.97692],[94.18515,18.97438]]],[[[94.18471,18.87459],[94.18161,18.87603],[94.18829,18.88306],[94.19042,18.87751],[94.18471,18.87459]]],[[[94.18654,18.86505],[94.18335,18.87215],[94.1874,18.87238],[94.18657,18.8693],[94.18927,18.86825],[94.18654,18.86505]]],[[[94.17968,18.85067],[94.17535,18.85096],[94.1712,18.85729],[94.18215,18.85542],[94.1819,18.85877],[94.18583,18.85977],[94.18835,18.8528],[94.17968,18.85067]]],[[[94.17794,18.75668],[94.17237,18.77127],[94.18397,18.7681],[94.17759,18.76402],[94.17794,18.75668]]],[[[94.1827,18.7797],[94.1773,18.78179],[94.16433,18.80145],[94.14271,18.82425],[94.14921,18.82524],[94.15426,18.81207],[94.17993,18.79028],[94.17667,18.78824],[94.1827,18.7797]]],[[[94.16049,18.81345],[94.15471,18.81876],[94.15354,18.8265],[94.16168,18.83031],[94.16328,18.82592],[94.16925,18.82872],[94.16998,18.81751],[94.16201,18.81795],[94.16049,18.81345]]],[[[94.16158,18.85426],[94.15229,18.85998],[94.15599,18.86717],[94.15837,18.85995],[94.16594,18.85913],[94.16158,18.85426]]],[[[94.1506,18.83051],[94.14466,18.83222],[94.14851,18.84224],[94.15286,18.84466],[94.15555,18.84284],[94.16195,18.84859],[94.16377,18.83905],[94.15683,18.83201],[94.1506,18.83051]]],[[[94.15123,18.84467],[94.14861,18.85614],[94.16143,18.85169],[94.15654,18.8494],[94.15679,18.84579],[94.15123,18.84467]]],[[[94.15785,18.74483],[94.15396,18.74795],[94.1556,18.75128],[94.15785,18.74483]]],[[[94.14775,18.88937],[94.1475,18.89272],[94.15469,18.89474],[94.14775,18.88937]]],[[[94.08946,19.11983],[94.08636,19.1223],[94.09018,19.12742],[94.08397,19.13029],[94.08399,19.13313],[94.09344,19.14839],[94.12866,19.14728],[94.14216,19.13986],[94.14571,19.12503],[94.13797,19.12224],[94.13772,19.12572],[94.135,19.12419],[94.13822,19.11954],[94.12978,19.11367],[94.12696,19.11613],[94.1282,19.11934],[94.11498,19.12766],[94.11148,19.11159],[94.09561,19.10756],[94.08138,19.08563],[94.06918,19.08505],[94.06243,19.08818],[94.05397,19.07832],[94.04491,19.08004],[94.05217,19.09262],[94.05841,19.09413],[94.0575,19.10083],[94.06174,19.10699],[94.06471,19.10594],[94.07071,19.11209],[94.07169,19.11697],[94.06791,19.11931],[94.07429,19.12031],[94.07404,19.12443],[94.08004,19.13006],[94.08787,19.12615],[94.08555,19.12359],[94.08755,19.11907],[94.0908,19.11841],[94.09326,19.122],[94.10206,19.12117],[94.09821,19.13253],[94.1012,19.13444],[94.1066,19.13067],[94.11068,19.13297],[94.10121,19.13521],[94.09794,19.1333],[94.09723,19.12764],[94.09977,19.12247],[94.09409,19.12341],[94.08946,19.11983]]],[[[94.13787,19.14645],[94.13246,19.1488],[94.13417,19.16064],[94.13927,19.15391],[94.13787,19.14645]]],[[[94.11895,19.03338],[94.11063,19.04476],[94.11361,19.04539],[94.1161,19.0522],[94.10879,19.05314],[94.1056,19.06205],[94.09924,19.06273],[94.09618,19.0715],[94.09051,19.07347],[94.09189,19.07823],[94.10598,19.07776],[94.11629,19.08143],[94.12278,19.0801],[94.1264,19.07441],[94.13628,19.05298],[94.13177,19.04747],[94.13256,19.04347],[94.11895,19.03338]]],[[[94.13541,18.86524],[94.13044,18.87042],[94.13571,18.86962],[94.13541,18.86524]]],[[[94.12507,18.81547],[94.08753,18.82239],[94.08324,18.82937],[94.06045,18.83864],[94.06949,18.83653],[94.07196,18.84166],[94.07872,18.84111],[94.07788,18.83674],[94.09569,18.82968],[94.10031,18.83287],[94.09815,18.83482],[94.10466,18.83722],[94.1058,18.84584],[94.10904,18.8448],[94.11063,18.84041],[94.12332,18.83724],[94.12816,18.83206],[94.12596,18.82757],[94.11757,18.8262],[94.11864,18.82375],[94.13474,18.82532],[94.13131,18.81839],[94.12507,18.81547]]],[[[94.10421,19.15876],[94.10737,19.16454],[94.12606,19.16313],[94.12839,19.16763],[94.10659,19.16995],[94.10155,19.1665],[94.10166,19.16212],[94.09664,19.16112],[94.09428,19.17401],[94.10009,19.17102],[94.10621,19.17446],[94.10503,19.17974],[94.09476,19.18405],[94.09912,19.18866],[94.11234,19.17957],[94.1186,19.1834],[94.13053,19.18332],[94.13391,19.16244],[94.1276,19.15166],[94.10347,19.14962],[94.10421,19.15876]]],[[[94.12687,18.83933],[94.12065,18.84202],[94.12148,18.84524],[94.12744,18.84559],[94.12687,18.83933]]],[[[94.12622,18.86633],[94.12217,18.86686],[94.12437,18.87226],[94.12707,18.87121],[94.12622,18.86633]]],[[[94.09967,19.00401],[94.10189,19.01224],[94.09987,19.01418],[94.09456,19.01074],[94.09283,19.01461],[94.08486,19.01697],[94.08604,19.01207],[94.08388,19.01209],[94.08135,19.01905],[94.08639,19.02289],[94.09096,19.01874],[94.09426,19.02683],[94.10181,19.02189],[94.10697,19.02418],[94.10741,19.02843],[94.10106,19.03027],[94.09948,19.03775],[94.09353,19.03933],[94.09791,19.04535],[94.10953,19.04258],[94.11933,19.0299],[94.11726,19.02348],[94.12461,19.00927],[94.12257,19.00773],[94.12043,19.01225],[94.11,19.01116],[94.11098,18.99622],[94.1084,18.99469],[94.1068,18.99714],[94.09732,18.99707],[94.09598,18.9994],[94.09967,19.00401]]],[[[94.11155,19.18164],[94.10805,19.18655],[94.11212,19.18653],[94.11353,19.19424],[94.11679,19.19577],[94.12204,19.19033],[94.12268,19.18453],[94.11155,19.18164]]],[[[94.07821,18.97272],[94.07232,18.98305],[94.08262,18.98557],[94.08731,18.99777],[94.09541,18.99463],[94.11328,18.99466],[94.12001,18.98921],[94.10964,18.97729],[94.09338,18.97507],[94.09114,18.97796],[94.07821,18.97272]]],[[[94.11904,18.84396],[94.11393,18.8476],[94.11907,18.84757],[94.11904,18.84396]]],[[[94.10709,19.08277],[94.09086,19.0857],[94.09827,19.10085],[94.10369,19.10056],[94.10904,19.091],[94.11796,19.0876],[94.11767,19.08502],[94.10709,19.08277]]],[[[94.11221,18.91599],[94.10992,18.91716],[94.11012,18.92746],[94.11393,18.92975],[94.11754,18.92381],[94.11221,18.91599]]],[[[94.11709,18.87617],[94.11359,18.87915],[94.11684,18.87874],[94.11709,18.87617]]],[[[94.11242,19.19142],[94.10736,19.20368],[94.10077,19.19162],[94.09075,19.19232],[94.09837,19.1982],[94.10197,19.20873],[94.11311,19.21253],[94.11036,19.20637],[94.11658,19.20478],[94.11242,19.19142]]],[[[94.10151,18.85166],[94.09789,18.85645],[94.10993,18.85767],[94.10758,18.87056],[94.11491,18.87296],[94.11233,18.85237],[94.10151,18.85166]]],[[[94.09052,18.95011],[94.08677,18.95644],[94.07214,18.95511],[94.06594,18.95836],[94.06676,18.96068],[94.07711,18.96937],[94.08251,18.96754],[94.08471,18.97242],[94.11178,18.97381],[94.1101,18.96403],[94.10387,18.96381],[94.10112,18.95713],[94.09052,18.95011]]],[[[94.09123,18.93517],[94.08962,18.93672],[94.09655,18.94222],[94.09268,18.94945],[94.10303,18.96021],[94.10791,18.96044],[94.10934,18.95193],[94.10263,18.9409],[94.09123,18.93517]]],[[[94.10788,18.87455],[94.10412,18.87882],[94.10912,18.87724],[94.10788,18.87455]]],[[[94.10338,18.88938],[94.09772,18.89302],[94.10072,18.89622],[94.10801,18.89476],[94.10799,18.89051],[94.10338,18.88938]]],[[[94.1028,19.17152],[94.09847,19.17244],[94.09743,19.17786],[94.10503,19.17936],[94.1028,19.17152]]],[[[94.09969,18.86339],[94.10136,18.86956],[94.10364,18.86723],[94.09969,18.86339]]],[[[94.09005,18.83602],[94.08167,18.83684],[94.08197,18.84225],[94.07251,18.84333],[94.07006,18.84077],[94.06495,18.84479],[94.06973,18.84589],[94.07316,18.86072],[94.08203,18.85062],[94.09931,18.84691],[94.1032,18.84122],[94.09035,18.84117],[94.09005,18.83602]]],[[[94.05834,19.04172],[94.04834,19.04474],[94.05299,19.05193],[94.05759,19.05164],[94.06309,19.06474],[94.07312,19.06469],[94.07993,19.0716],[94.09751,19.06763],[94.09706,19.06094],[94.10071,19.05937],[94.10081,19.05422],[94.09552,19.05335],[94.09645,19.05013],[94.09139,19.0432],[94.08624,19.04207],[94.08031,19.047],[94.07166,19.04834],[94.05834,19.04172]]],[[[94.08916,18.05333],[94.08178,18.05685],[94.07954,18.06459],[94.08335,18.07152],[94.09815,18.07066],[94.09823,18.0619],[94.08916,18.05333]]],[[[94.08717,18.85175],[94.08274,18.85602],[94.08224,18.86221],[94.09594,18.86934],[94.09769,18.86727],[94.08717,18.85175]]],[[[94.09522,18.88222],[94.09185,18.88507],[94.09607,18.88865],[94.09738,18.88285],[94.09522,18.88222]]],[[[94.0812,19.38951],[94.07608,19.39611],[94.07988,19.39532],[94.07763,19.40486],[94.0824,19.40676],[94.06532,19.41034],[94.06685,19.41522],[94.06347,19.41808],[94.07492,19.42483],[94.09253,19.42022],[94.09721,19.41067],[94.09403,19.4009],[94.08815,19.39398],[94.08314,19.39633],[94.0812,19.38951]]],[[[94.08723,19.19311],[94.08103,19.19907],[94.08133,19.20293],[94.08432,19.2042],[94.08647,19.20123],[94.09109,19.20378],[94.09689,19.19975],[94.08723,19.19311]]],[[[94.03804,18.99575],[94.04515,19.01102],[94.04921,19.01048],[94.04898,19.01667],[94.05881,19.03052],[94.06339,19.0256],[94.07043,19.02607],[94.07506,19.03017],[94.07798,19.02126],[94.08479,19.02728],[94.09032,19.02441],[94.08826,19.0203],[94.08395,19.02329],[94.08053,19.017],[94.0836,19.01132],[94.09145,19.01088],[94.09576,19.00712],[94.09328,19.00031],[94.08759,18.9997],[94.0703,19.0065],[94.05866,19.00644],[94.05457,19.0017],[94.04984,19.00327],[94.04641,18.99569],[94.03804,18.99575]]],[[[94.08723,19.36047],[94.07081,19.37863],[94.07355,19.38248],[94.08251,19.38268],[94.09549,19.37591],[94.0941,19.37103],[94.09043,19.37027],[94.09514,19.36484],[94.09413,19.36135],[94.08723,19.36047]]],[[[94.07383,19.21779],[94.0641,19.22171],[94.06251,19.22803],[94.0818,19.23384],[94.08216,19.24774],[94.094,19.23428],[94.08718,19.22685],[94.07495,19.2228],[94.07383,19.21779]]],[[[94.08692,18.93893],[94.08538,18.95181],[94.09105,18.94972],[94.09399,18.94326],[94.0937,18.94043],[94.08692,18.93893]]],[[[94.09271,18.87129],[94.08664,18.87454],[94.08787,18.87647],[94.09271,18.87129]]],[[[94.09083,19.16386],[94.08151,19.16894],[94.08409,19.18326],[94.08121,19.18439],[94.07991,19.19316],[94.0856,19.19338],[94.08855,19.18795],[94.09083,19.16386]]],[[[94.07962,19.02331],[94.07617,19.03415],[94.06805,19.03458],[94.06997,19.03908],[94.08,19.04095],[94.09109,19.03793],[94.07962,19.02331]]],[[[94.08275,19.21336],[94.08226,19.22147],[94.09067,19.22194],[94.08601,19.21359],[94.08275,19.21336]]],[[[94.08114,18.92312],[94.07051,18.93207],[94.0786,18.94941],[94.08212,18.949],[94.0861,18.93687],[94.08281,18.93045],[94.08969,18.92758],[94.08114,18.92312]]],[[[94.08358,18.88216],[94.07683,18.88465],[94.07511,18.88955],[94.07878,18.89352],[94.08582,18.89335],[94.08917,18.88921],[94.08358,18.88216]]],[[[94.07971,19.20384],[94.07919,19.20707],[94.08624,19.20857],[94.08772,19.20573],[94.07971,19.20384]]],[[[94.07245,19.12998],[94.06638,19.13349],[94.06561,19.14096],[94.07293,19.16178],[94.07537,19.16176],[94.07751,19.15789],[94.08563,19.15681],[94.08545,19.14986],[94.07245,19.12998]]],[[[94.05438,18.97144],[94.04994,18.97571],[94.05294,18.97878],[94.05106,18.98137],[94.0605,18.9978],[94.07136,19.00276],[94.08244,18.99896],[94.08457,18.99315],[94.07641,18.98818],[94.07708,18.98586],[94.07016,18.98358],[94.06965,18.98809],[94.06219,18.98723],[94.06022,18.97462],[94.05438,18.97144]]],[[[94.06854,18.94264],[94.06674,18.95707],[94.0778,18.95147],[94.06854,18.94264]]],[[[94.07391,18.89265],[94.06904,18.8928],[94.06839,18.89783],[94.06044,18.90199],[94.06048,18.90818],[94.07294,18.91068],[94.07655,18.90371],[94.07153,18.90142],[94.07391,18.89265]]],[[[94.05772,18.9436],[94.04799,18.94559],[94.04603,18.95668],[94.05918,18.96021],[94.05694,18.96923],[94.06267,18.97615],[94.06313,18.98465],[94.06719,18.98566],[94.07442,18.97222],[94.07167,18.96567],[94.06652,18.9648],[94.06631,18.95398],[94.05772,18.9436]]],[[[94.07216,19.16796],[94.07056,19.17261],[94.07246,19.17311],[94.07216,19.16796]]],[[[94.05491,19.35336],[94.04597,19.3556],[94.04154,19.36258],[94.03931,19.35332],[94.03032,19.34693],[94.03268,19.3567],[94.03784,19.35642],[94.04345,19.36488],[94.04388,19.36797],[94.03846,19.36826],[94.03767,19.37264],[94.04093,19.37288],[94.04177,19.377],[94.04638,19.37697],[94.04343,19.38304],[94.04097,19.37971],[94.03609,19.37986],[94.02745,19.38674],[94.02941,19.39664],[94.04137,19.39915],[94.0456,19.38213],[94.05125,19.37424],[94.05942,19.37947],[94.06164,19.38693],[94.0702,19.38816],[94.07085,19.38352],[94.06582,19.38227],[94.07089,19.36988],[94.05491,19.35336]]],[[[94.06556,18.85535],[94.05657,18.86725],[94.05238,18.8674],[94.05105,18.87217],[94.05674,18.87343],[94.06083,18.87881],[94.0682,18.86795],[94.06556,18.85535]]],[[[94.06062,18.93097],[94.05659,18.93472],[94.06451,18.94627],[94.06676,18.93853],[94.06062,18.93097]]],[[[94.0636,18.88846],[94.0577,18.89712],[94.06539,18.89373],[94.0636,18.88846]]],[[[94.05375,19.38401],[94.04942,19.38494],[94.0449,19.40016],[94.05772,19.41064],[94.06364,19.40237],[94.06022,19.39852],[94.06356,19.39065],[94.05375,19.38401]]],[[[94.04575,18.84619],[94.04115,18.84635],[94.03703,18.85809],[94.03352,18.85939],[94.03236,18.8679],[94.03589,18.87007],[94.03885,18.86773],[94.04941,18.86883],[94.06246,18.85794],[94.06309,18.85034],[94.04575,18.84619]]],[[[94.04614,19.25413],[94.04109,19.2709],[94.04897,19.27214],[94.05362,19.2783],[94.06148,19.27748],[94.05312,19.26413],[94.05361,19.25641],[94.04614,19.25413]]],[[[94.05723,19.41876],[94.05208,19.41892],[94.05196,19.42175],[94.05865,19.42789],[94.0608,19.42402],[94.05685,19.42275],[94.05723,19.41876]]],[[[94.05563,19.46486],[94.05484,19.46796],[94.0581,19.46833],[94.05563,19.46486]]],[[[94.05252,19.14902],[94.0496,19.15779],[94.0548,19.16652],[94.05769,19.15234],[94.05252,19.14902]]],[[[94.0491,19.03521],[94.04995,19.04228],[94.05373,19.04059],[94.0491,19.03521]]],[[[94.04329,19.40261],[94.03297,19.40267],[94.02705,19.41005],[94.03985,19.41641],[94.03933,19.42105],[94.04451,19.42385],[94.04748,19.42178],[94.04632,19.41045],[94.04915,19.40683],[94.04329,19.40261]]],[[[94.04281,18.89591],[94.03878,18.90031],[94.03795,18.89646],[94.03376,18.89777],[94.03366,18.90292],[94.03924,18.90907],[94.03794,18.91783],[94.04054,18.92155],[94.04508,18.91316],[94.04281,18.89591]]],[[[94.04203,18.98838],[94.03987,18.98877],[94.0426,18.99262],[94.04203,18.98838]]],[[[94.03814,19.10274],[94.033,19.10393],[94.03383,19.10612],[94.0417,19.10891],[94.03814,19.10274]]],[[[94.03736,19.02124],[94.03564,19.02704],[94.03934,19.03359],[94.04103,19.02238],[94.03736,19.02124]]],[[[94.03452,19.04314],[94.03198,19.0487],[94.03539,19.05267],[94.04077,19.04684],[94.03452,19.04314]]],[[[94.03667,19.42931],[94.02912,19.43707],[94.03997,19.43547],[94.03667,19.42931]]],[[[94.01898,19.33528],[94.0201,19.34004],[94.02362,19.33976],[94.02691,19.34412],[94.03219,19.34229],[94.02797,19.34128],[94.02728,19.33794],[94.02091,19.33964],[94.01898,19.33528]]],[[[94.02034,19.20341],[94.01413,19.20847],[94.00843,19.20734],[94.00195,19.2106],[94.00632,19.2165],[94.01502,19.22018],[94.03182,19.21893],[94.03107,19.20709],[94.02034,19.20341]]],[[[94.0187,19.37636],[94.0087,19.38414],[94.01251,19.38515],[94.01396,19.40033],[94.02185,19.40286],[94.02451,19.39461],[94.02305,19.37839],[94.0187,19.37636]]],[[[94.01891,19.19183],[94.01894,19.19698],[94.02273,19.19632],[94.01891,19.19183]]],[[[94.00986,19.21892],[94.00717,19.22267],[93.99958,19.22271],[94.00042,19.22683],[94.00776,19.22988],[94.01886,19.22673],[94.01965,19.22441],[94.00986,19.21892]]],[[[94.00696,19.23272],[94.00836,19.23915],[94.01243,19.24016],[94.0162,19.23498],[94.00696,19.23272]]],[[[94.00775,19.3163],[94.00675,19.33032],[94.00892,19.33096],[94.01352,19.32913],[94.00775,19.3163]]],[[[94.00337,18.72473],[93.99556,18.72941],[93.98907,18.72854],[93.97698,18.742],[93.98106,18.7461],[93.99243,18.74913],[93.99617,18.74022],[94.00534,18.73799],[94.00961,18.72766],[94.00393,18.72769],[94.00337,18.72473]]],[[[94.00268,19.42035],[93.99703,19.42824],[94.00575,19.43386],[94.00936,19.42431],[94.00268,19.42035]]],[[[94.00453,19.18985],[93.99602,19.19363],[93.99581,19.20419],[93.99896,19.20997],[94.00802,19.2067],[94.00746,19.20336],[94.00462,19.2035],[94.00743,19.19743],[94.00453,19.18985]]],[[[93.99547,19.30437],[94.00313,19.31541],[94.00711,19.31605],[93.99547,19.30437]]],[[[94.00206,19.22824],[93.99908,19.23018],[94.00073,19.23301],[94.00586,19.22925],[94.00206,19.22824]]],[[[94.0021,19.41418],[94.00104,19.41817],[94.00539,19.41892],[94.0021,19.41418]]],[[[94.00261,19.18522],[94.00046,19.1891],[94.00439,19.18818],[94.00261,19.18522]]],[[[93.99906,19.36063],[93.98934,19.3675],[93.99505,19.37056],[94.004,19.36948],[94.00411,19.36459],[93.99906,19.36063]]],[[[93.94279,19.15309],[93.94173,19.15735],[93.95559,19.1632],[93.96081,19.17515],[93.96784,19.17356],[93.9759,19.17657],[93.97561,19.18009],[93.96735,19.18168],[93.96819,19.18708],[93.97633,19.18794],[93.98051,19.18496],[93.98447,19.18957],[93.99287,19.18824],[93.99919,19.18048],[93.99629,19.17109],[93.99222,19.17125],[93.99301,19.16712],[94.00397,19.16397],[94.00272,19.1596],[93.99164,19.1643],[93.99174,19.15786],[93.98155,19.1534],[93.97934,19.14723],[93.97299,19.14894],[93.97913,19.15638],[93.97523,19.16129],[93.97852,19.16874],[93.9765,19.17043],[93.96918,19.17034],[93.95882,19.15983],[93.95935,19.15687],[93.96613,19.15799],[93.96827,19.15438],[93.96225,19.14359],[93.95277,19.14519],[93.9474,19.15268],[93.94279,19.15309]]],[[[93.99612,19.50074],[93.99246,19.50218],[93.99316,19.50501],[94.00323,19.50984],[93.99612,19.50074]]],[[[93.99894,19.43029],[93.99291,19.44294],[93.99307,19.4468],[93.99825,19.44987],[94.00292,19.43645],[93.99894,19.43029]]],[[[93.99558,19.41318],[93.9907,19.4136],[93.99155,19.41887],[93.99398,19.4168],[93.99698,19.41961],[93.99886,19.41664],[93.99558,19.41318]]],[[[93.9959,19.15101],[93.99323,19.15888],[93.9985,19.15627],[93.9959,19.15101]]],[[[93.92674,19.47832],[93.94193,19.49884],[93.94226,19.51017],[93.94595,19.5135],[93.95025,19.52867],[93.94584,19.54106],[93.9532,19.54604],[93.97137,19.54092],[93.96886,19.52947],[93.97371,19.52237],[93.9805,19.52297],[93.98184,19.51936],[93.97762,19.51874],[93.9776,19.51436],[93.96768,19.51326],[93.96848,19.51055],[93.97878,19.5083],[93.97779,19.50123],[93.98575,19.49243],[93.99499,19.49341],[93.98809,19.4749],[93.98429,19.47673],[93.98461,19.48393],[93.97305,19.48091],[93.96971,19.4902],[93.97368,19.49455],[93.96322,19.49487],[93.96918,19.49174],[93.96303,19.4856],[93.96937,19.47899],[93.98132,19.47932],[93.98481,19.47273],[93.99516,19.47692],[93.99593,19.46932],[93.99221,19.462],[93.98664,19.461],[93.97558,19.47265],[93.9639,19.4722],[93.96656,19.46253],[93.96234,19.4601],[93.96408,19.45675],[93.95888,19.44943],[93.95235,19.44741],[93.93827,19.45353],[93.93614,19.45998],[93.92583,19.46107],[93.92376,19.45593],[93.919,19.45453],[93.90508,19.46503],[93.9055,19.46864],[93.91639,19.47373],[93.92481,19.47395],[93.92674,19.47832]]],[[[93.95893,19.31809],[93.94713,19.3188],[93.94738,19.33811],[93.95581,19.34232],[93.95958,19.33779],[93.96663,19.33608],[93.98025,19.34553],[93.98785,19.34665],[93.98235,19.35621],[93.98822,19.36287],[93.99105,19.35874],[93.99006,19.35205],[93.99557,19.34378],[93.96726,19.3277],[93.96382,19.32064],[93.95893,19.31809]]],[[[93.98036,19.36446],[93.98191,19.37424],[93.97895,19.3776],[93.98184,19.38377],[93.99187,19.38294],[93.99303,19.37289],[93.98036,19.36446]]],[[[93.99152,19.18863],[93.98489,19.19112],[93.98614,19.1969],[93.99102,19.19726],[93.99152,19.18863]]],[[[93.98748,19.41928],[93.98483,19.42985],[93.99225,19.42312],[93.98748,19.41928]]],[[[93.9915,19.4105],[93.98622,19.41413],[93.98908,19.41438],[93.9915,19.4105]]],[[[93.96314,18.7798],[93.95773,18.78022],[93.93984,18.79628],[93.94272,18.80373],[93.93445,18.8236],[93.93958,18.82306],[93.97023,18.83784],[93.9706,18.8314],[93.97907,18.82286],[93.9762,18.81721],[93.97941,18.81127],[93.97818,18.80831],[93.97439,18.80885],[93.97219,18.80229],[93.98273,18.80043],[93.99105,18.78906],[93.98734,18.77955],[93.97506,18.78412],[93.96314,18.7798]]],[[[93.98721,19.14797],[93.98438,19.15043],[93.98697,19.15312],[93.99047,19.14911],[93.98721,19.14797]]],[[[93.98951,19.21517],[93.98327,19.21546],[93.98331,19.22177],[93.98845,19.22046],[93.98951,19.21517]]],[[[93.98739,18.76474],[93.98213,18.76644],[93.97743,18.77265],[93.97934,18.77508],[93.98527,18.77235],[93.98739,18.76474]]],[[[93.47211,19.36829],[93.47742,19.37395],[93.47511,19.37447],[93.476,19.39816],[93.48389,19.40587],[93.48854,19.41615],[93.50078,19.42604],[93.50675,19.42512],[93.51438,19.43347],[93.52061,19.42933],[93.5467,19.43685],[93.54994,19.43066],[93.56727,19.41876],[93.56685,19.4149],[93.55598,19.41158],[93.54323,19.41574],[93.54878,19.41135],[93.5417,19.40467],[93.53249,19.41049],[93.54004,19.39257],[93.5361,19.39258],[93.53301,19.40186],[93.5257,19.40781],[93.53448,19.39594],[93.53242,19.38641],[93.53864,19.38099],[93.52639,19.3702],[93.53236,19.37019],[93.53342,19.36065],[93.54375,19.36655],[93.54509,19.36294],[93.54863,19.36653],[93.55242,19.36137],[93.55961,19.36135],[93.55272,19.36987],[93.55991,19.37036],[93.56089,19.37963],[93.55749,19.37861],[93.54829,19.38508],[93.54522,19.40131],[93.5512,19.4022],[93.55334,19.39511],[93.55755,19.39535],[93.56342,19.40486],[93.56921,19.393],[93.56271,19.39482],[93.55902,19.38762],[93.56525,19.38374],[93.5749,19.38809],[93.57508,19.40264],[93.60119,19.41453],[93.60781,19.40652],[93.60926,19.39493],[93.61399,19.38976],[93.60132,19.37783],[93.59671,19.37784],[93.5975,19.37127],[93.60482,19.36842],[93.60534,19.36275],[93.61037,19.36582],[93.60834,19.3684],[93.61189,19.37226],[93.62164,19.36887],[93.62329,19.37325],[93.6287,19.36962],[93.63583,19.35466],[93.63117,19.34257],[93.62751,19.34142],[93.61453,19.3528],[93.61354,19.34237],[93.60794,19.33325],[93.59606,19.34951],[93.58955,19.35031],[93.59209,19.34013],[93.58303,19.34737],[93.58328,19.3399],[93.5933,19.33703],[93.59356,19.33265],[93.59817,19.33186],[93.59787,19.32517],[93.59461,19.32389],[93.58376,19.32483],[93.57714,19.33142],[93.57651,19.34352],[93.55968,19.34422],[93.56047,19.33688],[93.55612,19.33432],[93.55826,19.32452],[93.56424,19.32747],[93.56667,19.32475],[93.56886,19.32913],[93.57047,19.32345],[93.56787,19.31857],[93.57533,19.31867],[93.57451,19.31546],[93.56487,19.31265],[93.56228,19.30828],[93.56565,19.30518],[93.56608,19.31008],[93.5707,19.31264],[93.57828,19.30849],[93.58483,19.31942],[93.59487,19.32003],[93.59634,19.31255],[93.6,19.31203],[93.5989,19.30791],[93.60242,19.30738],[93.60051,19.30456],[93.60389,19.30017],[93.60034,19.294],[93.60564,19.29668],[93.60859,19.28817],[93.61496,19.28674],[93.60611,19.27711],[93.61884,19.27359],[93.6186,19.28106],[93.62294,19.28104],[93.63254,19.27534],[93.6305,19.27265],[93.62441,19.27563],[93.62479,19.26983],[93.61911,19.27178],[93.62018,19.26895],[93.61122,19.26512],[93.6082,19.25611],[93.63016,19.25423],[93.63243,19.24521],[93.62143,19.24203],[93.61571,19.23484],[93.62141,19.23598],[93.62438,19.23159],[93.61679,19.23174],[93.61894,19.22658],[93.62381,19.22438],[93.62795,19.20711],[93.62183,19.20301],[93.61415,19.21591],[93.61047,19.21116],[93.61373,19.21102],[93.61883,19.19684],[93.62587,19.19707],[93.62803,19.19423],[93.61608,19.18719],[93.61742,19.18345],[93.61226,19.18012],[93.61984,19.17855],[93.62258,19.18549],[93.62556,19.18445],[93.62662,19.17852],[93.62065,19.17726],[93.6201,19.17417],[93.62524,19.17235],[93.62634,19.17672],[93.63148,19.17542],[93.63299,19.18056],[93.63801,19.1817],[93.6329,19.19074],[93.64076,19.19007],[93.63834,19.19535],[93.6416,19.19676],[93.63904,19.20063],[93.64273,19.20886],[93.64812,19.20111],[93.65001,19.20034],[93.6503,19.20471],[93.66163,19.18999],[93.67006,19.19717],[93.6705,19.20541],[93.6824,19.23112],[93.6862,19.23137],[93.68643,19.22106],[93.69063,19.22028],[93.69326,19.23495],[93.68406,19.23962],[93.68026,19.23744],[93.67431,19.24197],[93.66495,19.24149],[93.66595,19.25411],[93.66028,19.25825],[93.658,19.26495],[93.65844,19.275],[93.66684,19.27239],[93.66384,19.26854],[93.66709,19.26775],[93.66928,19.2729],[93.65954,19.27718],[93.66632,19.27754],[93.665,19.28605],[93.67452,19.29194],[93.68046,19.28599],[93.68177,19.2762],[93.67728,19.27235],[93.67904,19.27067],[93.68529,19.27425],[93.68423,19.28057],[93.69213,19.28775],[93.69153,19.27462],[93.6929,19.27719],[93.70347,19.27534],[93.70484,19.2792],[93.72167,19.283],[93.72285,19.27269],[93.71375,19.27015],[93.71183,19.26578],[93.72104,19.26265],[93.72377,19.26676],[93.72714,19.26237],[93.7256,19.25027],[93.72181,19.25209],[93.72422,19.24539],[93.72971,19.26004],[93.73498,19.25693],[93.73308,19.2554],[93.74284,19.2551],[93.7458,19.25071],[93.74036,19.24687],[93.74086,19.23759],[93.73611,19.23658],[93.73473,19.23118],[93.7407,19.23193],[93.7419,19.22754],[93.73241,19.22784],[93.72851,19.23326],[93.72265,19.22762],[93.73174,19.22784],[93.73007,19.21961],[93.73684,19.21726],[93.73807,19.21983],[93.73469,19.22216],[93.74366,19.22676],[93.74613,19.23371],[93.75265,19.23536],[93.75593,19.24191],[93.75891,19.24112],[93.76148,19.2388],[93.75981,19.23159],[93.75204,19.22158],[93.76533,19.22307],[93.76802,19.21675],[93.77181,19.21686],[93.77531,19.21157],[93.77965,19.21219],[93.77963,19.20743],[93.77339,19.20591],[93.77444,19.19959],[93.79235,19.20209],[93.79477,19.19873],[93.8148,19.19285],[93.8124,19.20149],[93.8224,19.19385],[93.81745,19.20791],[93.81352,19.20715],[93.81165,19.21321],[93.80514,19.21182],[93.8049,19.21852],[93.81521,19.22131],[93.81733,19.20997],[93.82084,19.20738],[93.82862,19.21945],[93.82581,19.2259],[93.83128,19.23617],[93.85277,19.24857],[93.85352,19.23736],[93.84943,19.23184],[93.85346,19.22448],[93.84886,19.22618],[93.84709,19.22451],[93.84978,19.22115],[93.83307,19.21389],[93.83187,19.21789],[93.8282,19.21584],[93.8245,19.20813],[93.82706,19.20503],[93.82979,19.20862],[93.83085,19.2045],[93.84384,19.19993],[93.85334,19.20259],[93.85387,19.19963],[93.84652,19.19387],[93.85276,19.19474],[93.85944,19.20128],[93.85845,19.22034],[93.86051,19.22445],[93.86728,19.2239],[93.86643,19.21721],[93.8595,19.21287],[93.86337,19.20074],[93.86181,19.18813],[93.87225,19.18988],[93.87114,19.18474],[93.87411,19.18266],[93.88362,19.18712],[93.88829,19.17307],[93.88113,19.17748],[93.87812,19.17234],[93.87407,19.17507],[93.86403,19.17292],[93.8632,19.16881],[93.86699,19.16879],[93.87009,19.16414],[93.86749,19.1608],[93.87046,19.1586],[93.87278,19.16104],[93.87587,19.1569],[93.87752,19.16024],[93.88149,19.16031],[93.87854,19.14787],[93.8845,19.14862],[93.88753,19.15736],[93.89432,19.15964],[93.8932,19.15244],[93.89616,19.14908],[93.90078,19.15227],[93.90212,19.14905],[93.91674,19.1464],[93.91386,19.13972],[93.91104,19.14565],[93.90264,19.14467],[93.89581,19.13517],[93.89766,19.12692],[93.90472,19.12817],[93.90687,19.12584],[93.90658,19.12198],[93.89126,19.12077],[93.89542,19.11328],[93.89137,19.11446],[93.89067,19.11124],[93.89675,19.10761],[93.89403,19.10517],[93.8978,19.10168],[93.88803,19.09902],[93.8871,19.1025],[93.88223,19.10253],[93.87583,19.09689],[93.8726,19.10013],[93.86972,19.09383],[93.88503,19.09556],[93.88717,19.08963],[93.88909,19.09361],[93.90073,19.09239],[93.90476,19.08632],[93.90069,19.08518],[93.90122,19.0826],[93.9096,19.08037],[93.92161,19.0968],[93.93,19.09457],[93.93738,19.08242],[93.93047,19.08104],[93.92628,19.08351],[93.92653,19.08016],[93.92044,19.08058],[93.92379,19.07374],[93.91846,19.06565],[93.91467,19.06528],[93.91654,19.06141],[93.92307,19.0664],[93.94067,19.06489],[93.94117,19.05704],[93.95177,19.06406],[93.95282,19.05865],[93.95052,19.05944],[93.94858,19.05146],[93.93896,19.04971],[93.93621,19.04354],[93.94271,19.04274],[93.94895,19.04476],[93.95006,19.04862],[93.95276,19.04758],[93.95525,19.03417],[93.93046,19.03095],[93.94096,19.02124],[93.95765,19.02721],[93.96204,19.01328],[93.96011,19.00685],[93.96443,19.00554],[93.96977,18.99289],[93.97437,18.99235],[93.97553,18.98101],[93.98629,18.97014],[93.9857,18.96241],[93.98053,18.95703],[93.9802,18.94673],[93.97017,18.94421],[93.9738,18.94059],[93.97092,18.93287],[93.96018,18.92585],[93.94989,18.92448],[93.94705,18.92501],[93.9506,18.92989],[93.94824,18.94407],[93.9439,18.94254],[93.93757,18.94734],[93.93148,18.94673],[93.93047,18.95961],[93.92616,18.96375],[93.92438,18.96016],[93.92747,18.95679],[93.92354,18.95565],[93.91533,18.96406],[93.91274,18.96008],[93.90518,18.96373],[93.90232,18.96026],[93.90297,18.95524],[93.90893,18.95663],[93.90976,18.95997],[93.91325,18.95532],[93.92893,18.95163],[93.9275,18.93722],[93.94376,18.94074],[93.9468,18.92811],[93.94313,18.92426],[93.94783,18.9178],[93.95582,18.91982],[93.95306,18.90953],[93.95926,18.90615],[93.95951,18.90216],[93.94325,18.89748],[93.93681,18.8836],[93.93584,18.87871],[93.94286,18.87636],[93.94459,18.8712],[93.93904,18.84727],[93.93269,18.84705],[93.92811,18.85184],[93.9123,18.87986],[93.89613,18.89179],[93.8683,18.89797],[93.86589,18.90455],[93.85186,18.91208],[93.84972,18.91776],[93.83301,18.93084],[93.82787,18.93164],[93.80064,18.953],[93.78873,18.95434],[93.77902,18.96108],[93.77392,18.9714],[93.75959,18.97391],[93.73439,18.96886],[93.72953,18.97158],[93.73035,18.97364],[93.73657,18.97181],[93.73685,18.97568],[93.74255,18.97746],[93.74298,18.98312],[93.74096,18.98635],[93.73662,18.98405],[93.73338,18.98651],[93.7358,18.98263],[93.74014,18.98416],[93.73673,18.97903],[93.72948,18.9927],[93.72287,18.99646],[93.72136,18.99299],[93.73038,18.98111],[93.7309,18.97647],[93.72602,18.97443],[93.72162,18.98939],[93.70207,19.00955],[93.70586,19.00954],[93.70882,19.00386],[93.71314,19.00256],[93.7129,19.00758],[93.7083,19.00901],[93.7086,19.01609],[93.6998,19.01626],[93.69266,19.02543],[93.68221,19.01916],[93.68341,19.01542],[93.67948,19.01427],[93.67679,19.01943],[93.67097,19.01907],[93.67636,19.01351],[93.67446,19.01068],[93.66824,19.01354],[93.66247,19.02721],[93.65853,19.05891],[93.66577,19.07227],[93.67528,19.08138],[93.68492,19.08508],[93.69812,19.10151],[93.70028,19.09957],[93.70289,19.10665],[93.70089,19.11438],[93.73586,19.11978],[93.74669,19.11755],[93.74888,19.12218],[93.76105,19.1171],[93.77812,19.11665],[93.78488,19.11327],[93.78071,19.1205],[93.76837,19.1172],[93.76866,19.12081],[93.77926,19.12849],[93.77712,19.13365],[93.78472,19.13671],[93.78432,19.13929],[93.75777,19.13991],[93.75009,19.15063],[93.74169,19.15028],[93.74117,19.15595],[93.73453,19.15417],[93.73844,19.15081],[93.73748,19.14824],[93.74927,19.14819],[93.75167,19.14032],[93.76927,19.13729],[93.77183,19.13264],[93.76758,19.12339],[93.75081,19.12887],[93.74618,19.12412],[93.71121,19.12052],[93.70937,19.13367],[93.71508,19.13751],[93.70953,19.13907],[93.70434,19.13059],[93.70633,19.1199],[93.70118,19.1203],[93.69903,19.12405],[93.69497,19.12368],[93.69473,19.1314],[93.69582,19.13462],[93.70125,19.13576],[93.69455,19.1533],[93.69767,19.15406],[93.69755,19.15869],[93.70257,19.15996],[93.70006,19.17555],[93.70085,19.16873],[93.69675,19.16024],[93.6897,19.16014],[93.68642,19.15513],[93.68925,19.14997],[93.68365,19.13969],[93.67472,19.14358],[93.67109,19.15004],[93.66146,19.14724],[93.65958,19.15175],[93.6566,19.15112],[93.66035,19.1408],[93.66847,19.13846],[93.6717,19.13329],[93.67112,19.12402],[93.6832,19.12913],[93.67976,19.11652],[93.68978,19.11468],[93.69882,19.10666],[93.68973,19.10361],[93.68806,19.09151],[93.68155,19.08999],[93.66224,19.07113],[93.659,19.07255],[93.64686,19.12102],[93.63638,19.14346],[93.63057,19.14902],[93.61513,19.15049],[93.59646,19.15828],[93.59312,19.17194],[93.56888,19.21657],[93.56835,19.22224],[93.55458,19.23774],[93.545,19.25322],[93.54448,19.25902],[93.5419,19.25864],[93.51705,19.29013],[93.4845,19.33684],[93.46885,19.36547],[93.47211,19.36829]]],[[[93.98311,19.50519],[93.98068,19.50816],[93.98342,19.51201],[93.98583,19.50646],[93.98311,19.50519]]],[[[93.97046,19.34172],[93.96833,19.34856],[93.97547,19.36294],[93.9798,19.36189],[93.98136,19.35029],[93.97046,19.34172]]],[[[93.97652,19.44818],[93.9722,19.45181],[93.97952,19.45035],[93.97652,19.44818]]],[[[93.97254,19.14276],[93.97799,19.14711],[93.97851,19.14454],[93.97254,19.14276]]],[[[93.9717,18.99854],[93.969,18.99882],[93.96902,19.00255],[93.9717,18.99854]]],[[[93.95086,19.42372],[93.95729,19.43283],[93.95636,19.43593],[93.96354,19.43357],[93.96421,19.43151],[93.95086,19.42372]]],[[[93.9381,19.0895],[93.93404,19.09094],[93.92518,19.10425],[93.91698,19.09257],[93.90485,19.10229],[93.89889,19.10245],[93.8981,19.1076],[93.90245,19.11067],[93.90126,19.11583],[93.91069,19.12969],[93.91394,19.13045],[93.91581,19.12554],[93.92122,19.12436],[93.92529,19.12498],[93.92721,19.12922],[93.93775,19.12389],[93.93935,19.11937],[93.94341,19.11935],[93.94941,19.12602],[93.96171,19.12042],[93.95187,19.10553],[93.95086,19.09394],[93.9381,19.0895]]],[[[93.95904,19.38453],[93.95227,19.38612],[93.95284,19.39165],[93.96016,19.39032],[93.95904,19.38453]]],[[[93.94928,19.43171],[93.94281,19.43973],[93.93601,19.43874],[93.93441,19.44377],[93.94447,19.44616],[93.95461,19.43954],[93.94928,19.43171]]],[[[93.9477,19.06318],[93.94542,19.06642],[93.93689,19.06672],[93.92879,19.07152],[93.92417,19.06936],[93.92422,19.07889],[93.93561,19.08102],[93.95223,19.07436],[93.95233,19.06664],[93.9477,19.06318]]],[[[93.94065,19.158],[93.93703,19.16458],[93.9494,19.1707],[93.94895,19.16426],[93.94065,19.158]]],[[[93.94485,19.37057],[93.93999,19.37485],[93.94327,19.37882],[93.9503,19.37376],[93.94485,19.37057]]],[[[93.94426,19.12514],[93.94241,19.13404],[93.94944,19.13078],[93.94426,19.12514]]],[[[93.86863,19.42787],[93.86729,19.43097],[93.86009,19.42997],[93.86109,19.43846],[93.85837,19.43745],[93.85786,19.44466],[93.86182,19.44851],[93.85979,19.44993],[93.86253,19.45417],[93.86523,19.45132],[93.87591,19.46853],[93.88757,19.46679],[93.89786,19.46043],[93.89591,19.4513],[93.89862,19.45193],[93.90023,19.4478],[93.94279,19.43754],[93.9461,19.42233],[93.94533,19.40598],[93.93985,19.3979],[93.92926,19.39589],[93.9276,19.39152],[93.92108,19.39078],[93.92174,19.38717],[93.91592,19.38849],[93.91175,19.3965],[93.9122,19.40345],[93.90625,19.40708],[93.8927,19.41088],[93.87855,19.40439],[93.87096,19.40623],[93.87585,19.40749],[93.87397,19.41162],[93.87821,19.41726],[93.87579,19.42191],[93.87158,19.42103],[93.87786,19.42757],[93.8768,19.43195],[93.86863,19.42787]]],[[[93.94372,19.36298],[93.93261,19.366],[93.93318,19.3696],[93.94133,19.37136],[93.94483,19.36684],[93.94372,19.36298]]],[[[93.92535,19.32985],[93.91858,19.33156],[93.91793,19.3362],[93.92678,19.34272],[93.93629,19.34499],[93.93791,19.34254],[93.92535,19.32985]]],[[[93.93783,19.37653],[93.92454,19.37866],[93.927,19.38032],[93.93783,19.37653]]],[[[93.92114,19.15784],[93.91626,19.15825],[93.91682,19.16031],[93.92661,19.16721],[93.92821,19.16205],[93.92114,19.15784]]],[[[93.90931,19.22383],[93.92525,19.23881],[93.92721,19.25039],[93.92481,19.25736],[93.92118,19.26343],[93.9156,19.25921],[93.9053,19.26029],[93.89782,19.25543],[93.8938,19.26369],[93.91311,19.27429],[93.92148,19.26794],[93.92761,19.24807],[93.92579,19.23855],[93.9044,19.21883],[93.90601,19.21522],[93.90002,19.211],[93.89541,19.21141],[93.89706,19.21552],[93.90931,19.22383]]],[[[93.92339,19.17251],[93.91743,19.17318],[93.91692,19.17885],[93.92072,19.17986],[93.92339,19.17251]]],[[[93.91144,19.31524],[93.90752,19.31823],[93.90905,19.32517],[93.92071,19.32357],[93.923,19.32072],[93.91931,19.31533],[93.9177,19.31882],[93.91144,19.31524]]],[[[93.9086,19.19318],[93.90589,19.19358],[93.90645,19.19719],[93.90943,19.19717],[93.9086,19.19318]]],[[[93.90856,18.4307],[93.90399,18.43445],[93.9051,18.43999],[93.90939,18.43533],[93.90856,18.4307]]],[[[93.90166,19.31323],[93.89693,19.31622],[93.90333,19.32043],[93.90671,19.319],[93.9079,19.31385],[93.90166,19.31323]]],[[[93.88001,19.32197],[93.87937,19.32918],[93.88485,19.34049],[93.90457,19.34863],[93.90576,19.34347],[93.90236,19.34233],[93.90583,19.33085],[93.88001,19.32197]]],[[[93.9051,19.49298],[93.89208,19.49626],[93.89355,19.50072],[93.9051,19.49298]]],[[[93.90137,19.3592],[93.89854,19.36308],[93.90467,19.36691],[93.90137,19.3592]]],[[[93.89983,19.22709],[93.89782,19.22994],[93.90121,19.23018],[93.89983,19.22709]]],[[[93.89889,19.35239],[93.89347,19.35281],[93.8985,19.35613],[93.89889,19.35239]]],[[[93.88668,19.30172],[93.88155,19.30573],[93.88159,19.31372],[93.89272,19.31495],[93.88871,19.30844],[93.89048,19.30299],[93.88668,19.30172]]],[[[93.88739,19.23308],[93.88959,19.2377],[93.88998,19.23435],[93.88739,19.23308]]],[[[93.87747,19.25373],[93.88319,19.25898],[93.88685,19.2578],[93.88683,19.2542],[93.87747,19.25373]]],[[[93.88522,19.2327],[93.8813,19.23414],[93.88362,19.23722],[93.88522,19.2327]]],[[[93.77733,19.46563],[93.77764,19.47515],[93.77155,19.47879],[93.77235,19.50467],[93.7954,19.49671],[93.80322,19.48637],[93.81136,19.48402],[93.80698,19.47657],[93.81512,19.47654],[93.82079,19.47007],[93.82081,19.47316],[93.82868,19.47235],[93.82844,19.47854],[93.83305,19.47723],[93.83959,19.4817],[93.84935,19.47921],[93.85182,19.48306],[93.85559,19.47686],[93.86047,19.47581],[93.85894,19.46989],[93.84466,19.46545],[93.83988,19.45814],[93.84037,19.44809],[93.83478,19.44425],[93.83827,19.43703],[93.83594,19.43189],[93.82901,19.42999],[93.82278,19.43388],[93.82223,19.43118],[93.83088,19.42483],[93.83415,19.42777],[93.83548,19.4221],[93.84063,19.41976],[93.84322,19.42284],[93.84415,19.4182],[93.84713,19.41818],[93.84602,19.41342],[93.83882,19.41153],[93.83232,19.41387],[93.82496,19.40798],[93.8263,19.40515],[93.83296,19.4064],[93.83158,19.40164],[93.82262,19.40207],[93.82015,19.39513],[93.82491,19.39743],[93.82733,19.39329],[93.82284,19.391],[93.82269,19.38739],[93.83041,19.3853],[93.82072,19.37452],[93.81787,19.37376],[93.81518,19.37841],[93.81188,19.36967],[93.81731,19.37119],[93.81756,19.36707],[93.81389,19.3658],[93.82162,19.36473],[93.83185,19.37576],[93.83256,19.38142],[93.84371,19.38549],[93.83395,19.36056],[93.83666,19.35977],[93.83777,19.36569],[93.8413,19.36619],[93.84384,19.35819],[93.86557,19.36273],[93.87502,19.35444],[93.88126,19.35415],[93.88327,19.34873],[93.87303,19.33565],[93.85835,19.33095],[93.84017,19.33078],[93.84883,19.32688],[93.87163,19.32767],[93.87282,19.32252],[93.86739,19.32151],[93.8694,19.31635],[93.85033,19.30215],[93.84627,19.30345],[93.85022,19.30691],[93.84793,19.3086],[93.80778,19.30994],[93.80483,19.31639],[93.7948,19.31708],[93.7959,19.31991],[93.78924,19.31775],[93.78553,19.3072],[93.7763,19.30608],[93.77228,19.31602],[93.7541,19.31622],[93.7449,19.32128],[93.74329,19.32592],[93.7492,19.3429],[93.74556,19.34742],[93.74446,19.3442],[93.73687,19.34526],[93.73581,19.35068],[93.75049,19.3568],[93.7579,19.34595],[93.7621,19.34516],[93.76208,19.34027],[93.76779,19.34179],[93.7679,19.33818],[93.76397,19.33859],[93.76559,19.33575],[93.77156,19.33585],[93.77809,19.33968],[93.77839,19.34664],[93.79199,19.35353],[93.79548,19.34618],[93.8062,19.34729],[93.8053,19.35734],[93.81021,19.36247],[93.80727,19.36995],[93.79691,19.36124],[93.7945,19.3673],[93.77931,19.36814],[93.7559,19.35407],[93.7467,19.35952],[93.73609,19.35338],[93.73165,19.36074],[93.72673,19.38291],[93.75738,19.38046],[93.75816,19.37196],[93.76357,19.36975],[93.76441,19.37503],[93.75777,19.3766],[93.76446,19.3852],[93.75549,19.38137],[93.75115,19.38255],[93.75349,19.38975],[93.76695,19.39459],[93.76781,19.40399],[93.75856,19.40081],[93.75853,19.39334],[93.74903,19.39338],[93.74828,19.40819],[93.73414,19.40129],[93.73039,19.41251],[93.72174,19.42104],[93.73804,19.4233],[93.73914,19.4269],[93.74294,19.42688],[93.74624,19.43691],[93.75493,19.43765],[93.75549,19.44112],[93.76038,19.44046],[93.75985,19.44329],[93.77667,19.44091],[93.77881,19.43497],[93.78369,19.43263],[93.79211,19.43389],[93.79069,19.42153],[93.79476,19.42048],[93.79645,19.43464],[93.80162,19.43539],[93.79516,19.44701],[93.79817,19.4524],[93.79491,19.45242],[93.79549,19.45988],[93.80258,19.46487],[93.7977,19.46657],[93.79609,19.4716],[93.79066,19.47175],[93.77839,19.45983],[93.77282,19.46075],[93.77257,19.46359],[93.77733,19.46563]]],[[[93.87657,19.23738],[93.87211,19.24036],[93.87308,19.24422],[93.88202,19.24225],[93.87657,19.23738]]],[[[93.87857,19.20466],[93.87535,19.21112],[93.88034,19.20736],[93.87857,19.20466]]],[[[93.85785,19.39006],[93.86686,19.40135],[93.87604,19.39204],[93.87088,19.39116],[93.86615,19.39595],[93.85785,19.39006]]],[[[93.86123,19.41348],[93.86586,19.41655],[93.86584,19.41359],[93.86123,19.41348]]],[[[93.86343,19.57418],[93.8594,19.58244],[93.86347,19.5801],[93.86343,19.57418]]],[[[93.84176,19.2709],[93.84775,19.27473],[93.85052,19.28502],[93.84552,19.28891],[93.84487,19.29509],[93.85844,19.29631],[93.86311,19.28135],[93.85835,19.27957],[93.85647,19.28229],[93.85167,19.27291],[93.84176,19.2709]]],[[[93.86089,19.24608],[93.85901,19.2497],[93.86281,19.24968],[93.86089,19.24608]]],[[[93.85866,19.23334],[93.8554,19.23336],[93.85868,19.23849],[93.85866,19.23334]]],[[[93.85502,19.57512],[93.84502,19.58688],[93.84994,19.59188],[93.85914,19.58475],[93.85502,19.57512]]],[[[93.85475,19.42021],[93.85305,19.43361],[93.84722,19.43441],[93.8468,19.43132],[93.84191,19.43083],[93.84301,19.43469],[93.83829,19.4396],[93.83749,19.44373],[93.84596,19.4536],[93.85136,19.44778],[93.84833,19.44007],[93.85268,19.44056],[93.85551,19.43643],[93.85829,19.4238],[93.85475,19.42021]]],[[[93.84042,19.48505],[93.82673,19.48859],[93.81591,19.49868],[93.81824,19.50189],[93.84128,19.49419],[93.84541,19.50473],[93.85736,19.5039],[93.85813,19.49565],[93.84042,19.48505]]],[[[93.8558,19.20464],[93.85406,19.21006],[93.85542,19.21057],[93.8558,19.20464]]],[[[93.8205,19.54605],[93.78534,19.57917],[93.77805,19.58899],[93.78176,19.59773],[93.81274,19.59733],[93.81568,19.58779],[93.82706,19.58104],[93.83132,19.56441],[93.82655,19.56096],[93.82776,19.5576],[93.83615,19.55293],[93.83591,19.55911],[93.84026,19.55935],[93.84116,19.54827],[93.85294,19.54229],[93.85463,19.52786],[93.85271,19.52504],[93.84499,19.52842],[93.83744,19.53811],[93.8205,19.54605]]],[[[93.84806,19.64842],[93.84307,19.65462],[93.84743,19.65718],[93.84806,19.64842]]],[[[93.83779,19.60597],[93.83876,19.60957],[93.83012,19.6212],[93.83057,19.62867],[93.84179,19.61754],[93.83779,19.60597]]],[[[93.84135,19.55986],[93.83675,19.5622],[93.8392,19.56373],[93.84135,19.55986]]],[[[93.8326,19.602],[93.82664,19.60474],[93.82719,19.60731],[93.83182,19.60858],[93.8352,19.60418],[93.8326,19.602]]],[[[93.82775,19.50275],[93.82901,19.51021],[93.83225,19.50607],[93.82775,19.50275]]],[[[93.83056,19.68134],[93.82622,19.682],[93.82895,19.6843],[93.83056,19.68134]]],[[[93.81574,19.27256],[93.8177,19.28543],[93.8116,19.28623],[93.8109,19.28095],[93.80819,19.28135],[93.80548,19.28316],[93.80742,19.29088],[93.79875,19.29375],[93.79769,19.29762],[93.81723,19.30088],[93.81802,19.29521],[93.82261,19.29184],[93.82533,19.29209],[93.82264,19.29699],[93.82644,19.29749],[93.82809,19.27456],[93.81574,19.27256]]],[[[93.82057,19.64146],[93.80893,19.65014],[93.80949,19.65323],[93.80324,19.65468],[93.8011,19.66048],[93.79674,19.65986],[93.79922,19.66654],[93.80818,19.6638],[93.80847,19.66637],[93.79951,19.6695],[93.80198,19.67477],[93.81176,19.67344],[93.81985,19.65885],[93.82854,19.65675],[93.82959,19.65082],[93.82057,19.64146]]],[[[93.81359,19.60364],[93.81758,19.61456],[93.80695,19.63483],[93.81048,19.63468],[93.8059,19.64153],[93.80944,19.64409],[93.8162,19.63685],[93.82624,19.63255],[93.82676,19.62791],[93.82404,19.62818],[93.82698,19.61916],[93.81359,19.60364]]],[[[93.82371,19.66952],[93.81801,19.67096],[93.81722,19.67612],[93.82158,19.67919],[93.82522,19.67376],[93.82371,19.66952]]],[[[93.80935,19.6804],[93.80725,19.69548],[93.81067,19.69907],[93.81815,19.69981],[93.81984,19.68435],[93.80935,19.6804]]],[[[93.81194,18.7133],[93.80668,18.71654],[93.80696,18.71937],[93.81525,18.72887],[93.81993,18.71777],[93.81194,18.7133]]],[[[93.80187,19.20862],[93.79677,19.21933],[93.80194,19.22407],[93.80872,19.22417],[93.80285,19.21596],[93.80187,19.20862]]],[[[93.7803,19.74697],[93.79341,19.75503],[93.79583,19.74884],[93.79965,19.7514],[93.79934,19.74522],[93.80478,19.74416],[93.80571,19.74055],[93.80527,19.7336],[93.80009,19.73182],[93.80184,19.72744],[93.7979,19.72848],[93.79665,19.72282],[93.79047,19.73753],[93.77934,19.74324],[93.7781,19.73874],[93.78295,19.73087],[93.78916,19.73546],[93.79178,19.728],[93.78647,19.72712],[93.78836,19.72338],[93.79474,19.7218],[93.79199,19.71615],[93.797,19.71201],[93.79482,19.71008],[93.7875,19.71449],[93.7872,19.70857],[93.78201,19.70499],[93.76436,19.70996],[93.75732,19.71553],[93.75492,19.72558],[93.75954,19.72659],[93.76465,19.71446],[93.76657,19.71626],[93.76279,19.72323],[93.76742,19.72372],[93.75432,19.74387],[93.75696,19.75467],[93.76322,19.75645],[93.77296,19.74508],[93.7803,19.74697]]],[[[93.79368,19.80911],[93.79179,19.81221],[93.78797,19.81055],[93.78677,19.81661],[93.80084,19.82762],[93.80217,19.8213],[93.7959,19.81966],[93.79765,19.81476],[93.79368,19.80911]]],[[[93.79967,19.20335],[93.79752,19.20593],[93.80158,19.20617],[93.79967,19.20335]]],[[[93.79659,19.35107],[93.79308,19.35507],[93.80041,19.35556],[93.79659,19.35107]]],[[[93.78358,18.60099],[93.77151,18.61984],[93.77969,18.63604],[93.78834,18.6378],[93.78987,18.64758],[93.7856,18.6579],[93.79064,18.6669],[93.79469,18.66688],[93.79271,18.64757],[93.80034,18.6326],[93.7989,18.61381],[93.79142,18.60263],[93.78358,18.60099]]],[[[93.79782,19.26839],[93.79269,19.27395],[93.79878,19.27032],[93.79782,19.26839]]],[[[93.79713,19.62805],[93.79309,19.63502],[93.78628,19.63183],[93.78167,19.6352],[93.78095,19.65439],[93.79205,19.64404],[93.79713,19.62805]]],[[[93.79029,19.2813],[93.78677,19.28247],[93.78625,19.2875],[93.79452,19.28707],[93.79029,19.2813]]],[[[93.78006,19.8066],[93.76947,19.81179],[93.77225,19.82285],[93.77606,19.82464],[93.77339,19.83341],[93.77025,19.83239],[93.77329,19.84165],[93.77157,19.85273],[93.77511,19.85323],[93.77856,19.83493],[93.7859,19.83207],[93.79108,19.83513],[93.79296,19.82972],[93.78505,19.82576],[93.78789,19.8233],[93.78119,19.81535],[93.78006,19.8066]]],[[[93.78324,19.45285],[93.77321,19.45573],[93.76239,19.4653],[93.76353,19.47599],[93.76977,19.4757],[93.77423,19.47105],[93.77078,19.45922],[93.77864,19.45635],[93.78545,19.46173],[93.78843,19.4594],[93.78963,19.45579],[93.78324,19.45285]]],[[[93.7818,19.4356],[93.7791,19.43896],[93.78157,19.44346],[93.78809,19.44626],[93.78903,19.44343],[93.7818,19.4356]]],[[[93.78769,19.75454],[93.78472,19.75829],[93.78827,19.76123],[93.78769,19.75454]]],[[[93.77966,19.21451],[93.7816,19.22249],[93.78648,19.22324],[93.78781,19.21654],[93.78456,19.21784],[93.77966,19.21451]]],[[[93.7686,19.60216],[93.76133,19.61558],[93.75306,19.61909],[93.74654,19.61912],[93.74161,19.6127],[93.73076,19.61687],[93.73078,19.62035],[93.74957,19.62903],[93.7507,19.63855],[93.74679,19.64603],[93.75894,19.65564],[93.76356,19.65601],[93.76066,19.64701],[93.76241,19.64236],[93.77802,19.63792],[93.77242,19.63305],[93.77103,19.62584],[93.7604,19.61984],[93.7742,19.60652],[93.78754,19.61251],[93.78726,19.60929],[93.77444,19.60046],[93.7686,19.60216]]],[[[93.77262,19.44543],[93.768,19.44635],[93.76762,19.45047],[93.76315,19.45333],[93.76455,19.46259],[93.76913,19.45536],[93.78716,19.45039],[93.77344,19.448],[93.77262,19.44543]]],[[[93.78606,19.36231],[93.78336,19.3649],[93.78716,19.3654],[93.78606,19.36231]]],[[[93.77977,19.69122],[93.7726,19.69975],[93.77331,19.70413],[93.78713,19.69608],[93.77977,19.69122]]],[[[93.78297,19.8465],[93.77838,19.8527],[93.78328,19.85242],[93.78297,19.8465]]],[[[93.77943,18.58053],[93.78026,18.58426],[93.78295,18.58142],[93.77943,18.58053]]],[[[93.77596,19.85992],[93.77394,19.86431],[93.78035,19.86711],[93.77596,19.85992]]],[[[93.7776,19.29436],[93.77653,19.29745],[93.78006,19.29847],[93.7776,19.29436]]],[[[93.73423,19.78104],[93.74842,19.79076],[93.74495,19.80546],[93.74773,19.81806],[93.74365,19.81911],[93.75102,19.82346],[93.75461,19.83349],[93.75139,19.84277],[93.75764,19.84094],[93.75902,19.84506],[93.76282,19.8435],[93.76664,19.84631],[93.76671,19.83163],[93.77076,19.82544],[93.76581,19.8149],[93.77405,19.80199],[93.78029,19.79887],[93.77878,19.78745],[93.77451,19.78524],[93.77504,19.78215],[93.76334,19.78169],[93.76251,19.77783],[93.76805,19.77188],[93.76355,19.76868],[93.75189,19.77684],[93.75706,19.77682],[93.75629,19.78609],[93.74689,19.78382],[93.747,19.77763],[93.74156,19.7783],[93.73256,19.77306],[93.73893,19.76943],[93.73837,19.76428],[93.73523,19.76287],[93.73142,19.76302],[93.73443,19.7661],[93.73173,19.77062],[93.72681,19.766],[93.72138,19.76731],[93.72058,19.7713],[93.72143,19.77851],[93.72813,19.78544],[93.73068,19.77783],[93.73423,19.78104]]],[[[93.77453,19.21749],[93.77373,19.22072],[93.77861,19.22147],[93.77453,19.21749]]],[[[93.77417,19.75638],[93.773,19.75319],[93.77084,19.75693],[93.77417,19.75638]]],[[[93.74647,19.83957],[93.74066,19.84745],[93.74408,19.85117],[93.75443,19.8528],[93.76265,19.8641],[93.77014,19.86561],[93.77172,19.85582],[93.76696,19.85507],[93.7642,19.84722],[93.75277,19.84779],[93.74647,19.83957]]],[[[93.77148,19.77689],[93.76414,19.77782],[93.76389,19.78194],[93.77148,19.77689]]],[[[93.75351,19.48182],[93.74064,19.48947],[93.73039,19.50368],[93.73682,19.51447],[93.74745,19.52331],[93.75315,19.52213],[93.76518,19.51075],[93.76702,19.49632],[93.76401,19.48388],[93.75351,19.48182]]],[[[93.76207,19.68679],[93.74961,19.69534],[93.74061,19.69074],[93.73997,19.69886],[93.73739,19.69964],[93.73615,19.6963],[93.73226,19.7079],[93.73612,19.71948],[93.74049,19.72229],[93.74549,19.71661],[93.74261,19.71095],[93.75358,19.70086],[93.76691,19.7039],[93.76575,19.68768],[93.76207,19.68679]]],[[[93.76313,19.67945],[93.75865,19.68152],[93.75772,19.68565],[93.76506,19.6851],[93.76612,19.68008],[93.76313,19.67945]]],[[[93.67865,19.50298],[93.66527,19.52093],[93.66691,19.52298],[93.66299,19.5266],[93.65728,19.52611],[93.66273,19.53047],[93.66786,19.55543],[93.67264,19.56147],[93.68173,19.55821],[93.68189,19.56414],[93.6876,19.5654],[93.69762,19.55648],[93.69623,19.55043],[93.7155,19.54688],[93.72746,19.54812],[93.728,19.54593],[93.74322,19.54767],[93.74511,19.54483],[93.74198,19.54381],[93.74209,19.53892],[93.74614,19.53349],[93.73027,19.50793],[93.72292,19.50448],[93.72775,19.4903],[93.74536,19.4807],[93.75239,19.47423],[93.75318,19.46959],[93.73878,19.46836],[93.73826,19.47197],[93.72605,19.47511],[93.71828,19.46922],[93.72614,19.46507],[93.72706,19.4585],[93.73412,19.45911],[93.73714,19.46541],[93.74203,19.46552],[93.74256,19.46242],[93.74745,19.46369],[93.75108,19.45621],[93.74686,19.45275],[93.75935,19.45283],[93.76191,19.44869],[93.75876,19.44407],[93.75061,19.44333],[93.74158,19.42766],[93.731,19.42925],[93.72257,19.4258],[93.71824,19.42878],[93.69409,19.43094],[93.69045,19.43636],[93.69182,19.44048],[93.7008,19.44559],[93.70001,19.45126],[93.69474,19.45515],[93.69881,19.45513],[93.69773,19.45732],[93.69326,19.45824],[93.6975,19.46518],[93.68664,19.46612],[93.67827,19.47916],[93.6704,19.47829],[93.66609,19.48809],[93.65606,19.49135],[93.65311,19.50127],[93.65746,19.5019],[93.65858,19.51091],[93.66916,19.50778],[93.67511,19.50171],[93.67865,19.50298]]],[[[93.75999,19.8775],[93.75078,19.88707],[93.74717,19.90151],[93.75114,19.90613],[93.75999,19.8775]]],[[[93.75336,19.27283],[93.74268,19.28008],[93.74365,19.28458],[93.75909,19.27976],[93.75336,19.27283]]],[[[93.7581,19.5346],[93.7543,19.53539],[93.7531,19.54145],[93.75677,19.54117],[93.7581,19.5346]]],[[[93.75312,19.86337],[93.74674,19.86777],[93.74635,19.87215],[93.75071,19.87213],[93.75504,19.86671],[93.75312,19.86337]]],[[[93.7498,19.73629],[93.74804,19.739],[93.75175,19.74671],[93.75458,19.74103],[93.7498,19.73629]]],[[[93.75274,19.5502],[93.75086,19.55433],[93.75276,19.55523],[93.75274,19.5502]]],[[[93.75034,19.26434],[93.74425,19.26823],[93.74468,19.27132],[93.7536,19.26664],[93.75034,19.26434]]],[[[93.75274,19.72546],[93.74786,19.72831],[93.74486,19.72614],[93.74055,19.73581],[93.74572,19.73592],[93.7533,19.72996],[93.75274,19.72546]]],[[[93.48071,18.86937],[93.48018,18.87452],[93.48398,18.8776],[93.50454,18.8751],[93.51862,18.88124],[93.54811,18.87987],[93.56655,18.89244],[93.5809,18.89355],[93.59256,18.8997],[93.61087,18.91355],[93.61347,18.92075],[93.61941,18.91738],[93.62032,18.90682],[93.62424,18.90397],[93.62798,18.89314],[93.68728,18.86975],[93.69933,18.87048],[93.71912,18.88071],[93.72425,18.87721],[93.74417,18.88627],[93.73876,18.8541],[93.73603,18.84973],[93.72628,18.84758],[93.72462,18.83845],[93.72705,18.83612],[93.73058,18.83945],[93.7317,18.84808],[93.73452,18.84356],[93.7402,18.84457],[93.74095,18.82911],[93.73593,18.82552],[93.73154,18.81228],[93.73807,18.81972],[93.74035,18.81701],[93.73687,18.79384],[93.73996,18.79022],[93.73667,18.77839],[93.74494,18.75285],[93.74741,18.76134],[93.74553,18.76444],[93.7473,18.76624],[93.75038,18.76107],[93.74896,18.74434],[93.75188,18.73222],[93.72914,18.69368],[93.72421,18.67824],[93.71148,18.67185],[93.69173,18.66742],[93.68202,18.67132],[93.6627,18.67177],[93.65046,18.68572],[93.63504,18.68346],[93.63185,18.69686],[93.61354,18.71585],[93.55369,18.76511],[93.54585,18.76655],[93.53038,18.78965],[93.5216,18.79469],[93.5207,18.80899],[93.51613,18.81931],[93.50116,18.833],[93.49404,18.85027],[93.48878,18.85518],[93.48894,18.86342],[93.48071,18.86937]]],[[[93.74708,19.38385],[93.74261,19.38568],[93.74752,19.38926],[93.74708,19.38385]]],[[[93.71518,19.78047],[93.6993,19.78813],[93.69979,19.80744],[93.7228,19.81147],[93.72352,19.81971],[93.73305,19.8207],[93.7377,19.82635],[93.73665,19.83485],[93.73965,19.8351],[93.74098,19.82917],[93.74681,19.82554],[93.74014,19.82338],[93.73889,19.81913],[93.74704,19.81523],[93.74178,19.79594],[93.73018,19.78762],[93.72313,19.79331],[93.71518,19.78047]]],[[[93.73759,19.38505],[93.73298,19.38533],[93.72975,19.39242],[93.72501,19.39425],[93.73357,19.39704],[93.73722,19.39265],[93.74037,19.39946],[93.74675,19.39982],[93.73759,19.38505]]],[[[93.74356,19.74069],[93.73923,19.74496],[93.74577,19.74725],[93.74657,19.74313],[93.74356,19.74069]]],[[[93.74627,19.26461],[93.73868,19.26542],[93.74059,19.26734],[93.74627,19.26461]]],[[[93.73933,19.88403],[93.72429,19.89851],[93.7285,19.89759],[93.73452,19.90349],[93.7409,19.89973],[93.74275,19.88839],[93.7361,19.89293],[93.73568,19.88997],[93.73933,19.88403]]],[[[93.71508,19.81781],[93.70148,19.8198],[93.7007,19.82933],[93.70996,19.82929],[93.71457,19.82567],[93.71759,19.83197],[93.72343,19.83104],[93.72525,19.84018],[93.73766,19.84669],[93.73954,19.84256],[93.73667,19.83897],[93.73068,19.83797],[93.7312,19.83307],[93.73595,19.83022],[93.73525,19.82584],[93.73224,19.82212],[93.71918,19.82346],[93.71508,19.81781]]],[[[93.73838,19.55941],[93.73526,19.56084],[93.73596,19.56379],[93.73838,19.55941]]],[[[93.72793,19.71114],[93.7164,19.71775],[93.71264,19.72987],[93.71772,19.74067],[93.72874,19.74037],[93.72913,19.7365],[93.73374,19.73494],[93.72731,19.72621],[93.7277,19.72157],[93.7334,19.71872],[93.72793,19.71114]]],[[[93.73214,19.68189],[93.7278,19.68243],[93.72781,19.68577],[93.73163,19.68756],[93.73214,19.68189]]],[[[93.7317,19.70391],[93.72164,19.70511],[93.72275,19.70871],[93.73037,19.71074],[93.7317,19.70391]]],[[[93.72472,19.90508],[93.7212,19.90883],[93.71629,19.9055],[93.71548,19.90859],[93.7245,19.91551],[93.72912,19.91472],[93.73031,19.90724],[93.72472,19.90508]]],[[[93.72545,19.40171],[93.71964,19.40611],[93.72033,19.40933],[93.72521,19.40764],[93.72545,19.40171]]],[[[93.71981,19.84174],[93.70757,19.84308],[93.70676,19.84579],[93.71496,19.85361],[93.71959,19.85308],[93.72512,19.84314],[93.71981,19.84174]]],[[[93.71871,19.28752],[93.71343,19.28947],[93.7171,19.29255],[93.71954,19.29151],[93.71871,19.28752]]],[[[93.69426,19.40724],[93.68422,19.4087],[93.68139,19.41219],[93.67887,19.42559],[93.68241,19.42828],[93.69462,19.42785],[93.70639,19.4193],[93.71793,19.419],[93.71913,19.41384],[93.71517,19.41],[93.69426,19.40724]]],[[[93.71784,19.7672],[93.71486,19.76927],[93.71854,19.77106],[93.71784,19.7672]]],[[[93.71458,19.82876],[93.70262,19.83215],[93.70087,19.83731],[93.71355,19.84228],[93.71776,19.84034],[93.71458,19.82876]]],[[[93.71645,19.6987],[93.71293,19.7036],[93.71621,19.70655],[93.71645,19.6987]]],[[[93.71302,19.28844],[93.70883,19.29284],[93.71224,19.29591],[93.71302,19.28844]]],[[[93.70917,19.40165],[93.70755,19.40539],[93.71081,19.40589],[93.71188,19.40228],[93.70917,19.40165]]],[[[93.68396,19.7332],[93.67463,19.74496],[93.67438,19.74985],[93.67941,19.75035],[93.67888,19.75293],[93.6737,19.75114],[93.66721,19.75863],[93.67676,19.76633],[93.68637,19.78766],[93.68393,19.78999],[93.68829,19.79165],[93.69427,19.79021],[93.70272,19.76262],[93.69633,19.76161],[93.69485,19.76574],[93.69117,19.76524],[93.69114,19.757],[93.6854,19.75213],[93.68269,19.75355],[93.68118,19.75111],[93.68497,19.74621],[93.68074,19.74184],[93.68533,19.73539],[93.68396,19.7332]]],[[[93.7003,19.86127],[93.69568,19.86424],[93.69977,19.86487],[93.7003,19.86127]]],[[[93.69448,19.00765],[93.68718,19.01064],[93.69423,19.01241],[93.69652,19.0088],[93.69448,19.00765]]],[[[93.69003,19.87843],[93.69552,19.8882],[93.69575,19.87867],[93.69003,19.87843]]],[[[93.69125,19.01152],[93.68746,19.01218],[93.68775,19.01772],[93.6925,19.01963],[93.69574,19.01653],[93.69125,19.01152]]],[[[93.69184,19.79318],[93.68913,19.79654],[93.68178,19.79425],[93.68152,19.79747],[93.69217,19.80644],[93.69556,19.8054],[93.69184,19.79318]]],[[[93.69192,19.81224],[93.67494,19.81784],[93.68026,19.82284],[93.69018,19.81881],[93.69006,19.82319],[93.69306,19.82318],[93.69536,19.82111],[93.69192,19.81224]]],[[[93.69095,19.71386],[93.66786,19.71884],[93.66923,19.7209],[93.68418,19.71891],[93.6945,19.71655],[93.69095,19.71386]]],[[[93.69261,19.84546],[93.68977,19.84894],[93.69344,19.8497],[93.69261,19.84546]]],[[[93.69081,19.29664],[93.6873,19.30013],[93.69096,19.29986],[93.69081,19.29664]]],[[[93.67568,19.83187],[93.65258,19.84084],[93.65039,19.83699],[93.64128,19.83882],[93.64776,19.86069],[93.65594,19.86272],[93.65931,19.85704],[93.65791,19.84752],[93.67028,19.84348],[93.6809,19.84383],[93.68337,19.84936],[93.69084,19.84611],[93.69055,19.84044],[93.67568,19.83187]]],[[[93.6888,19.65528],[93.68719,19.65966],[93.6899,19.65965],[93.6888,19.65528]]],[[[93.67533,19.42496],[93.66938,19.42961],[93.67402,19.43475],[93.66641,19.43233],[93.64759,19.44579],[93.64807,19.46433],[93.65377,19.46225],[93.65781,19.4558],[93.66015,19.463],[93.65434,19.47049],[93.65843,19.47511],[93.66726,19.47637],[93.68663,19.46419],[93.68891,19.45826],[93.68966,19.44306],[93.68405,19.43123],[93.67533,19.42496]]],[[[93.68957,19.12936],[93.68336,19.13557],[93.68797,19.13555],[93.68957,19.12936]]],[[[93.6817,19.38952],[93.68308,19.39518],[93.68795,19.39194],[93.6817,19.38952]]],[[[93.65438,19.34519],[93.64598,19.34638],[93.64139,19.35219],[93.64049,19.36546],[93.64878,19.36904],[93.64771,19.3729],[93.65098,19.37508],[93.66019,19.37157],[93.67052,19.37733],[93.68406,19.36917],[93.68716,19.36452],[93.68198,19.35939],[93.68278,19.35603],[93.65438,19.34519]]],[[[93.67119,19.86485],[93.66684,19.86642],[93.67067,19.87168],[93.66841,19.88508],[93.66993,19.88894],[93.67918,19.8889],[93.68487,19.88219],[93.67489,19.87244],[93.67718,19.86663],[93.67119,19.86485]]],[[[93.63272,19.77357],[93.63955,19.78088],[93.63333,19.78992],[93.63811,19.79531],[93.63909,19.80278],[93.64263,19.80354],[93.64103,19.81075],[93.64893,19.81382],[93.65032,19.81948],[93.65575,19.81752],[93.66257,19.82213],[93.66747,19.8207],[93.68387,19.8075],[93.68236,19.80287],[93.66625,19.7898],[93.6623,19.79007],[93.66124,19.79703],[93.65023,19.79952],[93.64908,19.78317],[93.64145,19.77933],[93.62461,19.75209],[93.61307,19.7569],[93.61416,19.75908],[93.623,19.75828],[93.62411,19.76394],[93.61909,19.76602],[93.6191,19.7695],[93.62455,19.77257],[93.62616,19.76625],[93.62915,19.7665],[93.63272,19.77357]]],[[[93.68145,19.39532],[93.67848,19.39906],[93.68121,19.4006],[93.68145,19.39532]]],[[[93.67414,19.39921],[93.66061,19.40814],[93.67362,19.4032],[93.67414,19.39921]]],[[[93.67045,19.2264],[93.67182,19.23052],[93.67317,19.22807],[93.67045,19.2264]]],[[[93.67148,19.74046],[93.66796,19.74344],[93.67232,19.74471],[93.67148,19.74046]]],[[[93.64538,19.74133],[93.63749,19.74329],[93.63602,19.74948],[93.63892,19.75925],[93.6545,19.7771],[93.66798,19.7813],[93.66947,19.77897],[93.66048,19.77746],[93.66891,19.7764],[93.67106,19.76957],[93.66389,19.74706],[93.65952,19.74205],[93.64538,19.74133]]],[[[93.65896,19.53821],[93.65572,19.5417],[93.64729,19.5398],[93.64567,19.54251],[93.63859,19.53918],[93.62855,19.54295],[93.62966,19.54862],[93.63592,19.55143],[93.63458,19.55645],[93.63757,19.55709],[93.63827,19.56146],[93.63379,19.56109],[93.63299,19.56457],[93.64305,19.56711],[93.64358,19.56428],[93.6482,19.56375],[93.65039,19.56902],[93.66831,19.56496],[93.66265,19.54257],[93.65896,19.53821]]],[[[93.66252,19.20982],[93.66499,19.21702],[93.66852,19.21701],[93.66252,19.20982]]],[[[93.66713,19.14322],[93.66607,19.14851],[93.66851,19.14876],[93.66713,19.14322]]],[[[93.66751,19.56805],[93.66235,19.57052],[93.65858,19.5771],[93.66751,19.56805]]],[[[93.65658,19.41975],[93.65077,19.42518],[93.65119,19.42955],[93.66557,19.42667],[93.66582,19.42203],[93.65864,19.42412],[93.66039,19.42076],[93.65658,19.41975]]],[[[93.66359,19.87055],[93.65925,19.87378],[93.66144,19.87687],[93.66551,19.87325],[93.66359,19.87055]]],[[[93.66083,19.9258],[93.65988,19.92838],[93.66411,19.93068],[93.66083,19.9258]]],[[[93.65956,19.21447],[93.65498,19.22195],[93.66256,19.22025],[93.66391,19.21728],[93.65956,19.21447]]],[[[93.66289,19.23416],[93.65558,19.23689],[93.66345,19.23789],[93.66289,19.23416]]],[[[93.65796,19.28878],[93.65458,19.29149],[93.65367,19.30103],[93.66304,19.30382],[93.6615,19.29173],[93.65796,19.28878]]],[[[93.65987,19.22438],[93.6554,19.22659],[93.66016,19.22863],[93.65987,19.22438]]],[[[93.63587,19.88198],[93.62228,19.8886],[93.6234,19.89477],[93.61959,19.89543],[93.61879,19.90123],[93.63118,19.90196],[93.63347,19.89525],[93.63485,19.90053],[93.65938,19.9052],[93.6551,19.89131],[93.64829,19.89082],[93.64841,19.88593],[93.63587,19.88198]]],[[[93.64283,19.7161],[93.63876,19.7183],[93.64044,19.73066],[93.65947,19.72982],[93.65916,19.71913],[93.64283,19.7161]]],[[[93.65471,19.62849],[93.65023,19.63147],[93.64986,19.63946],[93.65771,19.63222],[93.65471,19.62849]]],[[[93.65536,19.24835],[93.65483,19.25363],[93.65767,19.25002],[93.65536,19.24835]]],[[[93.6543,19.92814],[93.6505,19.93202],[93.65595,19.93226],[93.6543,19.92814]]],[[[93.65385,19.27862],[93.63747,19.28614],[93.63218,19.28513],[93.62962,19.29184],[93.63518,19.29117],[93.64075,19.29334],[93.64063,19.29669],[93.64755,19.29718],[93.65385,19.27862]]],[[[93.64804,19.52537],[93.64467,19.53156],[93.64863,19.53722],[93.65353,19.53746],[93.65255,19.53025],[93.64804,19.52537]]],[[[93.64564,19.46704],[93.64376,19.47323],[93.63537,19.4806],[93.63661,19.48472],[93.63363,19.48705],[93.63786,19.4918],[93.65252,19.49046],[93.64517,19.48572],[93.64852,19.47438],[93.64564,19.46704]]],[[[93.64376,19.26526],[93.63971,19.27094],[93.6427,19.27248],[93.6454,19.2686],[93.64893,19.26911],[93.64919,19.26601],[93.64376,19.26526]]],[[[93.64042,19.24325],[93.63542,19.24675],[93.63638,19.25138],[93.64318,19.25535],[93.6486,19.2534],[93.64099,19.2493],[93.64042,19.24325]]],[[[93.64473,19.51057],[93.64611,19.51688],[93.64841,19.51455],[93.64473,19.51057]]],[[[93.64246,19.82916],[93.63907,19.83059],[93.64003,19.83419],[93.64683,19.83159],[93.64246,19.82916]]],[[[93.64256,19.44439],[93.6193,19.46636],[93.61114,19.46214],[93.60615,19.47246],[93.60141,19.47415],[93.59949,19.47107],[93.5972,19.47584],[93.59912,19.48124],[93.61082,19.48713],[93.6118,19.49305],[93.61369,19.49072],[93.62266,19.49224],[93.62885,19.47882],[93.63481,19.47468],[93.64582,19.44502],[93.64256,19.44439]]],[[[93.6412,19.30416],[93.63295,19.31114],[93.6402,19.32709],[93.64575,19.32217],[93.6412,19.30416]]],[[[93.61313,14.8352],[93.60905,14.84475],[93.61245,14.87566],[93.62055,14.88466],[93.62523,14.89881],[93.63955,14.90264],[93.64391,14.89747],[93.63793,14.89234],[93.63523,14.87482],[93.62435,14.86738],[93.61529,14.84898],[93.61313,14.8352]]],[[[93.63784,19.27751],[93.63596,19.28216],[93.6407,19.28072],[93.63784,19.27751]]],[[[93.63316,19.40026],[93.63686,19.41003],[93.6327,19.42112],[93.62757,19.42925],[93.62134,19.43146],[93.6303,19.43259],[93.6399,19.42187],[93.6404,19.41105],[93.63316,19.40026]]],[[[93.63679,19.21532],[93.63153,19.22332],[93.63739,19.23038],[93.64035,19.22535],[93.63791,19.22497],[93.63679,19.21532]]],[[[93.63821,19.37242],[93.63537,19.37423],[93.63661,19.37835],[93.63999,19.37679],[93.63821,19.37242]]],[[[93.61172,19.83262],[93.60508,19.83792],[93.60551,19.8441],[93.61713,19.85925],[93.63664,19.87155],[93.62363,19.85125],[93.62306,19.84275],[93.61172,19.83262]]],[[[93.62624,19.78634],[93.62928,19.79766],[93.63528,19.80099],[93.63648,19.79557],[93.62624,19.78634]]],[[[93.63594,19.62508],[93.62796,19.63438],[93.62866,19.63927],[93.63164,19.63798],[93.63594,19.62508]]],[[[93.60108,19.6064],[93.59948,19.61362],[93.60575,19.61952],[93.60605,19.62673],[93.61013,19.62904],[93.6172,19.62953],[93.61936,19.62385],[93.62804,19.62176],[93.63479,19.61002],[93.61554,19.62065],[93.60818,19.61539],[93.60465,19.61734],[93.60108,19.6064]]],[[[93.62464,19.30164],[93.62195,19.3059],[93.6103,19.3098],[93.60977,19.31328],[93.60326,19.31369],[93.60273,19.31768],[93.60707,19.31844],[93.60465,19.32257],[93.61213,19.3277],[93.6172,19.34133],[93.63342,19.32595],[93.63148,19.31591],[93.62417,19.32045],[93.62739,19.31142],[93.63471,19.30882],[93.63198,19.30432],[93.62464,19.30164]]],[[[93.62601,19.79716],[93.62303,19.80052],[93.62468,19.80437],[93.63338,19.80447],[93.62601,19.79716]]],[[[93.62294,19.28194],[93.61916,19.28698],[93.6265,19.29056],[93.62294,19.28194]]],[[[93.62058,19.86993],[93.61529,19.87549],[93.61912,19.88114],[93.61423,19.88296],[93.61686,19.8948],[93.62108,19.89375],[93.62405,19.88679],[93.62239,19.88087],[93.62565,19.87931],[93.62058,19.86993]]],[[[93.62493,19.44857],[93.61981,19.45735],[93.61439,19.46007],[93.6163,19.46431],[93.62281,19.46107],[93.62493,19.44857]]],[[[93.62428,19.56164],[93.6205,19.56693],[93.62457,19.56589],[93.62428,19.56164]]],[[[93.61148,19.76759],[93.61449,19.77376],[93.61775,19.77246],[93.61148,19.76759]]],[[[93.61761,19.45403],[93.6065,19.45791],[93.61275,19.45789],[93.61761,19.45403]]],[[[93.6075,19.43344],[93.6006,19.44054],[93.60089,19.44544],[93.60893,19.45211],[93.61409,19.45247],[93.61298,19.44617],[93.61701,19.43663],[93.6075,19.43344]]],[[[93.6172,19.55832],[93.6145,19.56232],[93.61736,19.56488],[93.6172,19.55832]]],[[[93.61287,19.7766],[93.60362,19.77766],[93.61697,19.78096],[93.61709,19.77787],[93.61287,19.7766]]],[[[93.61214,19.29357],[93.60862,19.2968],[93.61271,19.30104],[93.61595,19.29935],[93.61214,19.29357]]],[[[93.61482,19.78908],[93.60748,19.79027],[93.60804,19.79464],[93.61388,19.79282],[93.61482,19.78908]]],[[[93.61071,19.7099],[93.60828,19.71339],[93.59848,19.71278],[93.59651,19.73133],[93.59151,19.73753],[93.59856,19.73261],[93.61071,19.7099]]],[[[93.60885,19.93423],[93.6041,19.93939],[93.61008,19.93628],[93.60885,19.93423]]],[[[93.60184,19.81102],[93.59872,19.81322],[93.59997,19.81965],[93.6084,19.81756],[93.60184,19.81102]]],[[[93.60075,19.73775],[93.59574,19.74292],[93.59835,19.75089],[93.60542,19.7483],[93.60636,19.74469],[93.60075,19.73775]]],[[[93.60252,19.3343],[93.59737,19.33702],[93.60307,19.33777],[93.60469,19.33493],[93.60252,19.3343]]],[[[93.59664,19.87336],[93.59884,19.87966],[93.60455,19.87964],[93.60454,19.87591],[93.59664,19.87336]]],[[[93.57788,19.88218],[93.57219,19.88954],[93.58337,19.89388],[93.59158,19.90441],[93.59973,19.90104],[93.60081,19.89743],[93.58878,19.88446],[93.57788,19.88218]]],[[[93.59843,19.55065],[93.593,19.55299],[93.59464,19.55414],[93.59843,19.55065]]],[[[93.58511,19.4724],[93.5664,19.4807],[93.55933,19.47763],[93.54929,19.47973],[93.53684,19.49238],[93.52829,19.49666],[93.51439,19.52258],[93.55391,19.48087],[93.56885,19.4825],[93.59271,19.47225],[93.5965,19.46837],[93.59567,19.46451],[93.58511,19.4724]]],[[[93.59409,19.70172],[93.59302,19.70481],[93.59628,19.70429],[93.59409,19.70172]]],[[[93.5855,19.95478],[93.58047,19.9557],[93.576,19.96447],[93.58309,19.96689],[93.58908,19.9652],[93.59015,19.96082],[93.5855,19.95478]]],[[[93.58827,19.74603],[93.58407,19.74965],[93.57985,19.74799],[93.57523,19.75058],[93.57497,19.75329],[93.57851,19.75328],[93.57677,19.76178],[93.57936,19.76358],[93.58599,19.75506],[93.58827,19.74603]]],[[[93.57106,19.64784],[93.56319,19.65134],[93.56187,19.66267],[93.58419,19.66994],[93.58674,19.66028],[93.58008,19.66249],[93.57776,19.66031],[93.57937,19.65206],[93.57106,19.64784]]],[[[93.58078,19.85461],[93.57276,19.85915],[93.57128,19.86276],[93.57687,19.86583],[93.5724,19.87202],[93.58248,19.87238],[93.58572,19.86503],[93.58203,19.86298],[93.58078,19.85461]]],[[[93.58345,19.8407],[93.57857,19.84573],[93.58131,19.85049],[93.58524,19.84571],[93.58345,19.8407]]],[[[93.57072,19.93345],[93.56718,19.93539],[93.56693,19.94055],[93.58084,19.94617],[93.58246,19.94307],[93.57917,19.93767],[93.57072,19.93345]]],[[[93.5796,19.97875],[93.57498,19.98327],[93.58097,19.98274],[93.5796,19.97875]]],[[[93.57494,19.82141],[93.57388,19.82798],[93.57986,19.8268],[93.57494,19.82141]]],[[[93.5727,19.8039],[93.56578,19.8074],[93.5722,19.81472],[93.57966,19.80916],[93.5727,19.8039]]],[[[93.57537,19.71375],[93.57171,19.71518],[93.57079,19.7242],[93.5758,19.718],[93.57537,19.71375]]],[[[93.57241,19.94916],[93.56847,19.95368],[93.57026,19.95779],[93.57462,19.95881],[93.57241,19.94916]]],[[[93.56882,19.78447],[93.56056,19.7948],[93.55842,19.80433],[93.56181,19.80046],[93.56753,19.80199],[93.57037,19.79889],[93.57238,19.79064],[93.56884,19.78911],[93.56882,19.78447]]],[[[93.5621,19.72848],[93.55342,19.73687],[93.54513,19.73716],[93.54281,19.73446],[93.53874,19.7373],[93.54203,19.74464],[93.54802,19.74719],[93.55113,19.741],[93.55697,19.73931],[93.5551,19.74949],[93.55973,19.75115],[93.57218,19.73334],[93.5621,19.72848]]],[[[93.54265,19.84868],[93.54925,19.86798],[93.56995,19.87177],[93.57089,19.86662],[93.56829,19.86418],[93.55714,19.86679],[93.55532,19.85353],[93.54265,19.84868]]],[[[93.56793,19.99128],[93.55572,20.00471],[93.55438,20.01167],[93.56363,20.00777],[93.57025,19.99385],[93.56793,19.99128]]],[[[93.56361,19.84849],[93.55586,19.85044],[93.55779,19.85894],[93.56148,19.86163],[93.56637,19.86045],[93.56675,19.85298],[93.56361,19.84849]]],[[[93.54871,19.94962],[93.54246,19.95131],[93.53975,19.95634],[93.56648,19.96759],[93.56155,19.95949],[93.54871,19.94962]]],[[[93.56638,19.93772],[93.56339,19.9403],[93.56557,19.9421],[93.56638,19.93772]]],[[[93.56555,20.0115],[93.55794,20.01732],[93.55783,20.0253],[93.56555,20.0115]]],[[[93.56119,20.01049],[93.55547,20.01231],[93.55182,20.01914],[93.55319,20.02249],[93.55741,20.02016],[93.56119,20.01049]]],[[[93.55575,19.78129],[93.54407,19.78442],[93.54489,19.78725],[93.55443,19.79108],[93.55957,19.78399],[93.55575,19.78129]]],[[[93.55111,20.01116],[93.54841,20.01967],[93.55383,20.01193],[93.55111,20.01116]]],[[[93.55242,19.68151],[93.54971,19.68486],[93.5421,19.68553],[93.538,19.68039],[93.52087,19.67992],[93.51012,19.71872],[93.52222,19.71817],[93.52084,19.71302],[93.52382,19.70838],[93.52164,19.70632],[93.52665,19.7009],[93.53318,19.70268],[93.55242,19.68151]]],[[[93.54542,19.70342],[93.54545,19.7114],[93.54885,19.71268],[93.55061,19.70804],[93.54542,19.70342]]],[[[93.54994,19.83012],[93.54464,19.83296],[93.54141,19.84508],[93.544,19.84584],[93.54994,19.83012]]],[[[93.54214,19.37196],[93.54543,19.38071],[93.54732,19.37826],[93.54214,19.37196]]],[[[93.53895,19.96214],[93.53434,19.9664],[93.52289,19.96579],[93.52265,19.97378],[93.53368,19.97439],[93.53384,19.9816],[93.53956,19.98132],[93.54728,19.96894],[93.53895,19.96214]]],[[[93.54523,19.64779],[93.5352,19.65529],[93.5382,19.65657],[93.54523,19.64779]]],[[[93.53484,19.46251],[93.52496,19.474],[93.52918,19.47734],[93.54464,19.47098],[93.53323,19.46986],[93.53484,19.46251]]],[[[93.54113,19.72172],[93.54142,19.72712],[93.54331,19.72223],[93.54113,19.72172]]],[[[93.53611,19.76384],[93.53285,19.76681],[93.53639,19.76629],[93.53611,19.76384]]],[[[93.52691,19.94415],[93.52232,19.95588],[93.53457,19.95533],[93.53524,19.95095],[93.52691,19.94415]]],[[[93.52184,19.47337],[93.51729,19.49643],[93.50943,19.49864],[93.50781,19.50212],[93.52002,19.50016],[93.5341,19.48737],[93.52623,19.48804],[93.52119,19.48251],[93.52184,19.47337]]],[[[93.52331,20.00944],[93.52523,20.01433],[93.53205,20.01534],[93.52331,20.00944]]],[[[93.52585,19.87011],[93.51002,19.9008],[93.50416,19.89992],[93.50078,19.90598],[93.51211,19.91534],[93.52274,19.91789],[93.53018,19.90383],[93.52688,19.89637],[93.52986,19.89044],[93.52585,19.87011]]],[[[93.42516,19.88248],[93.41595,19.90182],[93.41065,19.90621],[93.41243,19.90826],[93.40647,19.92167],[93.40348,19.92464],[93.39912,19.92336],[93.39628,19.92839],[93.40446,19.93404],[93.39402,19.95389],[93.39868,19.96521],[93.40847,19.95618],[93.43053,19.95703],[93.43539,19.94118],[93.44502,19.9275],[93.4473,19.91591],[93.46765,19.89113],[93.46696,19.88727],[93.47308,19.88429],[93.47748,19.90115],[93.49667,19.89929],[93.49609,19.88745],[93.48164,19.88105],[93.48939,19.87691],[93.4971,19.8604],[93.49211,19.8326],[93.48884,19.83158],[93.48168,19.84692],[93.47324,19.84708],[93.46505,19.84014],[93.46805,19.83988],[93.4657,19.82932],[93.47368,19.81282],[93.48075,19.80894],[93.47712,19.82466],[93.48109,19.83379],[93.48463,19.8352],[93.48679,19.82901],[93.49372,19.82642],[93.49206,19.81638],[93.51126,19.77718],[93.51027,19.76713],[93.51571,19.76712],[93.52044,19.75603],[93.51442,19.74678],[93.51343,19.73287],[93.50516,19.74114],[93.49638,19.76228],[93.50061,19.76407],[93.50092,19.77849],[93.49453,19.77812],[93.48931,19.76179],[93.48387,19.76141],[93.46539,19.7697],[93.46296,19.77435],[93.4529,19.77798],[93.44354,19.78663],[93.44302,19.79693],[93.43261,19.81962],[93.42818,19.8441],[93.42961,19.87011],[93.42516,19.88248]]],[[[93.50066,19.99805],[93.49291,20.00232],[93.4969,20.0139],[93.51189,20.01772],[93.51269,20.01153],[93.50789,20.00202],[93.50066,19.99805]]],[[[93.51197,19.87324],[93.50492,19.88073],[93.51201,19.88508],[93.50994,19.87762],[93.51197,19.87324]]],[[[93.51165,19.85791],[93.50977,19.86552],[93.51168,19.86551],[93.51165,19.85791]]],[[[93.50435,20.04401],[93.50014,20.04969],[93.50357,20.05689],[93.50675,20.05697],[93.5105,20.04991],[93.50435,20.04401]]],[[[93.50871,19.53135],[93.50168,19.53974],[93.5044,19.54128],[93.50871,19.53135]]],[[[93.48813,19.99886],[93.48065,20.0021],[93.48068,20.01137],[93.47041,20.03947],[93.47192,20.04345],[93.48528,20.04612],[93.49044,20.04121],[93.49508,20.04236],[93.5016,20.03809],[93.50661,20.02803],[93.50537,20.02327],[93.49393,20.02395],[93.49374,20.00618],[93.48813,19.99886]]],[[[93.45147,19.70419],[93.43832,19.71891],[93.43586,19.71363],[93.43151,19.71467],[93.43192,19.71738],[93.4159,19.72514],[93.40983,19.74357],[93.41772,19.7442],[93.42587,19.73993],[93.42534,19.74753],[93.42859,19.74056],[93.43348,19.73939],[93.44152,19.74568],[93.44085,19.74929],[93.44439,19.74851],[93.45481,19.7302],[93.45166,19.72248],[93.4617,19.71511],[93.46442,19.71665],[93.47962,19.70464],[93.48099,19.71043],[93.47245,19.71779],[93.46501,19.73275],[93.47856,19.71533],[93.48672,19.71659],[93.49799,19.71077],[93.50336,19.68912],[93.49778,19.6863],[93.50047,19.67651],[93.48743,19.68131],[93.47224,19.69319],[93.45524,19.69028],[93.45661,19.69645],[93.45078,19.69943],[93.45147,19.70419]]],[[[93.49583,19.93393],[93.48984,19.93472],[93.48402,19.948],[93.48744,19.95083],[93.49231,19.9409],[93.50322,19.94537],[93.49583,19.93393]]],[[[93.50169,19.54374],[93.48708,19.56528],[93.48953,19.56605],[93.49874,19.55598],[93.50169,19.54374]]],[[[93.5025,19.71719],[93.49259,19.72443],[93.48321,19.72536],[93.47957,19.73631],[93.49356,19.72907],[93.5025,19.71719]]],[[[93.49832,19.94809],[93.49424,19.94875],[93.49181,19.95687],[93.50243,19.95529],[93.49832,19.94809]]],[[[93.49961,19.9253],[93.4999,19.92942],[93.50194,19.9289],[93.49961,19.9253]]],[[[93.50076,19.85756],[93.49657,19.86581],[93.50092,19.86348],[93.50076,19.85756]]],[[[93.48828,19.96048],[93.47894,19.97815],[93.47269,19.98383],[93.47042,19.99723],[93.47451,19.99799],[93.48239,19.99308],[93.4832,19.98921],[93.49393,19.98197],[93.48828,19.96048]]],[[[93.46617,19.94148],[93.46209,19.94574],[93.46853,19.95706],[93.46706,19.96633],[93.47985,19.96475],[93.48554,19.95431],[93.48105,19.95393],[93.48035,19.94827],[93.46617,19.94148]]],[[[93.47645,19.82994],[93.47565,19.83458],[93.47905,19.83393],[93.47645,19.82994]]],[[[93.47904,19.9663],[93.4717,19.97018],[93.469,19.97818],[93.472,19.981],[93.47904,19.9663]]],[[[93.47833,19.72975],[93.471,19.73479],[93.47427,19.73581],[93.47833,19.72975]]],[[[93.47215,19.93735],[93.46589,19.94007],[93.4738,19.94314],[93.47215,19.93735]]],[[[93.45978,20.04078],[93.46616,20.03278],[93.47278,20.01242],[93.47097,19.99903],[93.45654,20.00448],[93.45398,20.01272],[93.44948,20.01299],[93.44841,20.01815],[93.43996,20.0183],[93.43493,20.0223],[93.42869,20.03313],[93.42064,20.02903],[93.43486,19.99809],[93.43404,19.99397],[93.4377,19.98753],[93.44151,19.987],[93.44013,19.98082],[93.4492,19.96123],[93.44876,19.95067],[93.4436,19.95558],[93.44349,19.96588],[93.43657,19.97517],[93.43032,19.98008],[93.41764,19.97599],[93.41533,19.97831],[93.40653,19.99636],[93.40736,20.00331],[93.41159,20.00613],[93.41134,20.01309],[93.40498,20.03164],[93.40132,20.03667],[93.39723,20.03655],[93.38541,20.05255],[93.38624,20.05538],[93.38066,20.05951],[93.37837,20.07162],[93.38099,20.08501],[93.384,20.08719],[93.39978,20.07454],[93.41152,20.08288],[93.40991,20.09177],[93.41482,20.09446],[93.40942,20.11533],[93.41951,20.11376],[93.42031,20.10655],[93.42901,20.10099],[93.43284,20.10266],[93.43281,20.09197],[93.43839,20.08874],[93.45032,20.06836],[93.4507,20.05677],[93.45978,20.04078]]],[[[93.46846,19.98062],[93.46141,19.99236],[93.45952,19.99855],[93.46198,19.99983],[93.46946,19.99569],[93.47078,19.98281],[93.46846,19.98062]]],[[[93.45779,19.96481],[93.44558,19.98287],[93.44669,19.98802],[93.44247,19.99061],[93.4418,19.99524],[93.45325,19.9947],[93.46329,19.98308],[93.46422,19.97458],[93.45779,19.96481]]],[[[93.44323,19.42426],[93.44488,19.43224],[93.44732,19.43146],[93.44323,19.42426]]],[[[93.28534,20.24718],[93.2758,20.25685],[93.26489,20.25854],[93.27391,20.27012],[93.27598,20.2799],[93.27519,20.29561],[93.27356,20.29974],[93.26469,20.29936],[93.26497,20.30825],[93.28576,20.32972],[93.31169,20.32749],[93.32317,20.33133],[93.32367,20.31098],[93.33868,20.30683],[93.33033,20.29526],[93.33657,20.28005],[93.34434,20.27605],[93.34954,20.28003],[93.35813,20.27744],[93.39531,20.19649],[93.39147,20.188],[93.39227,20.18079],[93.40167,20.17433],[93.41287,20.12846],[93.4119,20.1228],[93.40452,20.11573],[93.39553,20.12077],[93.39731,20.12335],[93.39301,20.14885],[93.38908,20.15968],[93.38418,20.16072],[93.38962,20.15504],[93.39306,20.11408],[93.39619,20.11176],[93.39166,20.09786],[93.3821,20.08951],[93.37828,20.09119],[93.37253,20.0773],[93.37505,20.04922],[93.38032,20.03299],[93.37921,20.02346],[93.37212,20.0191],[93.3649,20.02143],[93.35573,20.06471],[93.32965,20.10262],[93.3279,20.11422],[93.32163,20.11461],[93.31551,20.12016],[93.31674,20.12583],[93.31947,20.12556],[93.32818,20.11859],[93.32778,20.12426],[93.3138,20.15159],[93.31272,20.1615],[93.30891,20.16447],[93.30963,20.18353],[93.30477,20.20671],[93.29879,20.2196],[93.29035,20.2276],[93.28534,20.24718]]],[[[93.39952,20.08072],[93.3979,20.086],[93.40213,20.08702],[93.39952,20.08072]]],[[[93.4014,20.17716],[93.39529,20.18619],[93.39709,20.19674],[93.40183,20.18463],[93.4014,20.17716]]],[[[93.39901,20.09334],[93.39479,20.09888],[93.39849,20.10596],[93.40135,20.10402],[93.40146,20.09372],[93.39901,20.09334]]],[[[93.39598,20.08291],[93.38864,20.09001],[93.39302,20.09709],[93.39859,20.09063],[93.39598,20.08291]]],[[[93.36236,14.06617],[93.35986,14.07145],[93.35471,14.07301],[93.35314,14.07868],[93.36359,14.09722],[93.35325,14.1498],[93.36435,14.15726],[93.36725,14.15648],[93.36698,14.15158],[93.37332,14.15235],[93.37886,14.14847],[93.37067,14.14462],[93.36974,14.14127],[93.37144,14.13019],[93.37947,14.12038],[93.37576,14.11292],[93.3784,14.11214],[93.3752,14.09204],[93.36538,14.06011],[93.36827,14.05211],[93.36655,14.04683],[93.36352,14.04748],[93.36486,14.0632],[93.36236,14.06617]]],[[[93.37645,20.00737],[93.3736,20.0124],[93.37646,20.01213],[93.37645,20.00737]]],[[[93.36808,14.17954],[93.36097,14.18896],[93.37233,14.19306],[93.37312,14.18868],[93.36808,14.17954]]],[[[93.35938,14.18883],[93.35569,14.19051],[93.35701,14.19244],[93.35992,14.19192],[93.35938,14.18883]]],[[[93.29331,20.06251],[93.29389,20.07822],[93.28383,20.09369],[93.29341,20.11711],[93.29099,20.13231],[93.29442,20.14415],[93.28923,20.14184],[93.2887,20.14596],[93.2936,20.14595],[93.29349,20.15986],[93.29745,20.16295],[93.29487,20.16656],[93.29856,20.17015],[93.31249,20.11193],[93.33166,20.08949],[93.34728,20.06422],[93.33951,20.06024],[93.32888,20.0609],[93.32532,20.05267],[93.3196,20.05345],[93.30704,20.04304],[93.29504,20.04023],[93.28674,20.04346],[93.2907,20.04861],[93.29331,20.06251]]],[[[93.29511,20.36383],[93.31206,20.37629],[93.30741,20.37011],[93.29511,20.36383]]],[[[93.30971,20.42947],[93.30905,20.43849],[93.31123,20.43977],[93.30971,20.42947]]],[[[93.30264,20.16268],[93.30156,20.16912],[93.30416,20.17272],[93.30264,20.16268]]],[[[93.23349,20.24571],[93.24713,20.24788],[93.25273,20.25264],[93.24198,20.26772],[93.22821,20.27662],[93.23683,20.29309],[93.24109,20.31215],[93.24916,20.3187],[93.26937,20.32382],[93.27264,20.32163],[93.25937,20.30362],[93.26168,20.29589],[93.26686,20.29369],[93.2726,20.29871],[93.27215,20.27321],[93.26284,20.25932],[93.28302,20.2477],[93.28554,20.20726],[93.29317,20.20506],[93.3019,20.20749],[93.30353,20.20054],[93.29789,20.17634],[93.28573,20.16374],[93.28435,20.15717],[93.27536,20.16002],[93.27496,20.16504],[93.26034,20.15064],[93.25216,20.1522],[93.2448,20.14912],[93.25173,20.13958],[93.24832,20.13302],[93.22733,20.14167],[93.22626,20.15352],[93.23226,20.15454],[93.23267,20.15738],[93.22192,20.17233],[93.22587,20.17181],[93.2293,20.17914],[93.24103,20.17977],[93.24078,20.1969],[93.2375,20.19523],[93.2409,20.18879],[93.24048,20.18054],[93.22493,20.18172],[93.21879,20.17774],[93.21756,20.17079],[93.2076,20.17363],[93.2072,20.17659],[93.20256,20.1739],[93.20201,20.1699],[93.19478,20.17391],[93.17899,20.19453],[93.2078,20.22205],[93.2122,20.24188],[93.23349,20.24571]]],[[[93.29563,20.20892],[93.2869,20.20945],[93.28692,20.21936],[93.29592,20.21574],[93.29973,20.20917],[93.29563,20.20892]]],[[[93.29837,20.21471],[93.29169,20.21884],[93.29075,20.22477],[93.29837,20.21471]]],[[[93.20756,20.03392],[93.20442,20.03585],[93.20022,20.05389],[93.21986,20.06609],[93.22749,20.06402],[93.2305,20.06879],[93.23431,20.06904],[93.23732,20.07522],[93.23352,20.08243],[93.25151,20.08472],[93.26078,20.08265],[93.27032,20.08701],[93.26692,20.09037],[93.27061,20.09629],[93.27142,20.09216],[93.28287,20.09163],[93.29361,20.07693],[93.28893,20.04964],[93.27379,20.04078],[93.26996,20.0337],[93.24216,20.02949],[93.21246,20.03031],[93.20756,20.03392]]],[[[93.28441,20.33835],[93.27746,20.34712],[93.28199,20.35689],[93.2921,20.36435],[93.29099,20.35044],[93.28441,20.33835]]],[[[93.28509,20.11069],[93.27718,20.1116],[93.26766,20.12166],[93.25866,20.12193],[93.25526,20.12773],[93.25324,20.14511],[93.2658,20.1496],[93.26744,20.15462],[93.27645,20.15847],[93.28271,20.1555],[93.28402,20.12562],[93.29002,20.12484],[93.29041,20.11557],[93.28509,20.11069]]],[[[93.27688,20.09628],[93.27307,20.09705],[93.27526,20.10375],[93.28317,20.10348],[93.27688,20.09628]]],[[[93.25869,19.80347],[93.25434,19.80889],[93.25761,19.80966],[93.26195,19.80463],[93.25869,19.80347]]],[[[93.25481,20.60417],[93.24662,20.60933],[93.2443,20.61551],[93.24663,20.61731],[93.25481,20.60417]]],[[[93.24967,20.12902],[93.24995,20.13147],[93.25404,20.13237],[93.24967,20.12902]]],[[[93.25227,20.55447],[93.24682,20.56323],[93.2486,20.56555],[93.25227,20.55447]]],[[[93.24834,20.65903],[93.23222,20.67244],[93.23496,20.67398],[93.24507,20.66753],[93.24957,20.6616],[93.24834,20.65903]]],[[[93.22048,19.8231],[93.22185,19.83289],[93.21818,19.83572],[93.21887,19.84139],[93.20991,19.85659],[93.21073,19.86071],[93.20488,19.86433],[93.20367,19.87695],[93.18983,19.90581],[93.18289,19.90981],[93.17623,19.9205],[93.1795,19.92694],[93.16808,19.94369],[93.16713,19.94871],[93.16931,19.94884],[93.1723,19.94369],[93.17,19.95013],[93.16659,19.94936],[93.16374,19.95425],[93.15409,19.98233],[93.14225,19.99084],[93.13927,20.01145],[93.12214,20.05112],[93.12282,20.05679],[93.12963,20.05292],[93.12991,20.06309],[93.13495,20.05987],[93.15223,20.02535],[93.15697,19.99624],[93.16704,19.98516],[93.16661,19.96996],[93.17138,19.96712],[93.18062,19.94883],[93.18536,19.92976],[93.18795,19.93053],[93.20357,19.90193],[93.20874,19.89935],[93.21986,19.86585],[93.22611,19.85799],[93.22297,19.85349],[93.23317,19.84498],[93.23248,19.83905],[93.24878,19.82126],[93.24891,19.81752],[93.2451,19.81624],[93.23149,19.81781],[93.227,19.81434],[93.22048,19.8231]]],[[[93.24089,20.09221],[93.22754,20.09583],[93.22346,20.10125],[93.2394,20.09968],[93.24089,20.09221]]],[[[93.22447,13.9715],[93.21787,13.97653],[93.22106,13.99483],[93.21949,14.01493],[93.22293,14.01802],[93.22781,14.01415],[93.22542,14.00307],[93.23253,13.98477],[93.2312,13.97497],[93.22447,13.9715]]],[[[93.2268,20.15442],[93.22491,20.16241],[93.22709,20.16279],[93.23158,20.15764],[93.2268,20.15442]]],[[[93.21796,20.0661],[93.21074,20.06958],[93.20284,20.07912],[93.20149,20.08608],[93.20736,20.09611],[93.21309,20.09662],[93.21472,20.09276],[93.21144,20.08478],[93.23023,20.07471],[93.22954,20.07007],[93.22124,20.07408],[93.21687,20.07215],[93.21796,20.0661]]],[[[93.20713,20.12625],[93.19718,20.12858],[93.19038,20.14249],[93.19135,20.15588],[93.19626,20.15716],[93.19491,20.16412],[93.21673,20.16281],[93.22094,20.15301],[93.21505,20.13345],[93.20713,20.12625]]],[[[93.13142,20.23796],[93.12065,20.25123],[93.12913,20.27106],[93.12777,20.28007],[93.1185,20.29141],[93.12193,20.30944],[93.14487,20.3174],[93.1558,20.32834],[93.16372,20.33116],[93.18037,20.3296],[93.21394,20.31965],[93.21734,20.30754],[93.21199,20.29403],[93.18915,20.29023],[93.18903,20.26856],[93.17812,20.26715],[93.16214,20.25558],[93.16022,20.24837],[93.14725,20.23679],[93.14164,20.22006],[93.13305,20.22393],[93.13142,20.23796]]],[[[93.20901,20.10641],[93.20438,20.1068],[93.19989,20.11364],[93.20194,20.11698],[93.21475,20.11259],[93.20901,20.10641]]],[[[93.1392,20.0806],[93.12693,20.08512],[93.10952,20.12659],[93.14387,20.1285],[93.14824,20.1312],[93.15996,20.12887],[93.16569,20.13389],[93.16719,20.13015],[93.17046,20.13118],[93.16815,20.13569],[93.17115,20.13504],[93.17373,20.12602],[93.16882,20.12345],[93.16963,20.11908],[93.17549,20.11533],[93.18313,20.11752],[93.18721,20.10798],[93.19729,20.1054],[93.19837,20.0996],[93.19319,20.09768],[93.19152,20.07192],[93.17652,20.05983],[93.17078,20.04336],[93.16642,20.04259],[93.14627,20.06166],[93.1321,20.0694],[93.12952,20.07945],[93.13347,20.07687],[93.13511,20.08073],[93.1392,20.0806]]],[[[93.19376,20.11725],[93.1894,20.12034],[93.18968,20.12807],[93.19486,20.12703],[93.19663,20.12291],[93.19376,20.11725]]],[[[93.19657,19.74496],[93.19222,19.74548],[93.18869,19.75154],[93.19372,19.75256],[93.19657,19.74496]]],[[[93.19463,20.15871],[93.19245,20.15974],[93.19246,20.16695],[93.19463,20.15871]]],[[[93.10258,20.14977],[93.09454,20.15274],[93.09167,20.15879],[93.09454,20.16381],[93.08909,20.16214],[93.0865,20.17039],[93.08964,20.18081],[93.09565,20.18493],[93.11992,20.1844],[93.12865,20.18015],[93.13274,20.18697],[93.14011,20.18683],[93.14229,20.18606],[93.14092,20.18207],[93.15047,20.18245],[93.15238,20.18579],[93.16193,20.18579],[93.16221,20.18991],[93.1734,20.19363],[93.18824,20.17417],[93.1859,20.15885],[93.17895,20.16439],[93.18182,20.16568],[93.18114,20.17031],[93.17283,20.17238],[93.16545,20.16492],[93.16709,20.16106],[93.14144,20.14897],[93.13106,20.1325],[93.11061,20.13251],[93.10844,20.14217],[93.10258,20.14977]]],[[[93.11797,20.12671],[93.11034,20.12762],[93.11116,20.13045],[93.13215,20.13134],[93.14516,20.1488],[93.1503,20.14691],[93.15098,20.14021],[93.16324,20.13711],[93.15751,20.13286],[93.14538,20.13352],[93.14278,20.12927],[93.11797,20.12671]]],[[[93.1107,19.86673],[93.10376,19.87755],[93.10336,19.88425],[93.09696,19.89017],[93.07275,19.93397],[93.06323,19.94762],[93.05016,19.95844],[93.04663,20.00094],[93.03246,20.00893],[93.03028,20.01305],[93.02974,20.01742],[93.03315,20.01588],[93.03914,20.0057],[93.042,20.00789],[93.03859,20.01407],[93.0277,20.02901],[93.01707,20.03442],[93.00699,20.04885],[92.99309,20.0576],[92.99186,20.06353],[92.98219,20.06713],[92.97687,20.07537],[92.97619,20.08181],[92.98395,20.09005],[92.98654,20.0983],[92.98164,20.1001],[92.98054,20.11297],[92.97168,20.12121],[92.97018,20.13306],[92.99363,20.12135],[93.00563,20.12147],[93.01872,20.12701],[93.02908,20.12585],[93.04653,20.11464],[93.05034,20.11554],[93.05062,20.11941],[93.05552,20.11838],[93.05689,20.12327],[93.0633,20.12146],[93.09394,20.07161],[93.09394,20.06363],[93.10157,20.06144],[93.10102,20.05745],[93.10443,20.05706],[93.11096,20.04778],[93.10919,20.04508],[93.09747,20.05281],[93.08139,20.05256],[93.09284,20.04805],[93.09447,20.05075],[93.1002,20.05036],[93.1081,20.04392],[93.11927,20.04469],[93.12267,20.03979],[93.11554,20.03481],[93.11585,20.03104],[93.12499,20.0349],[93.12634,20.02962],[93.12225,20.02691],[93.12743,20.02897],[93.13178,20.01313],[93.11925,20.01958],[93.11434,20.01494],[93.12606,20.01326],[93.12851,20.01146],[93.12714,20.00579],[93.13491,20.0081],[93.13286,20.00283],[93.13668,20.00218],[93.13558,19.99535],[93.11514,19.98558],[93.10287,19.97207],[93.10272,19.94142],[93.1106,19.92777],[93.10965,19.92365],[93.11264,19.92339],[93.11795,19.91385],[93.11386,19.90716],[93.11793,19.8984],[93.11589,19.89402],[93.12228,19.88964],[93.12854,19.87779],[93.12622,19.87573],[93.13017,19.8747],[93.13615,19.86336],[93.1326,19.85821],[93.13845,19.84507],[93.16263,19.80745],[93.1504,19.82073],[93.14251,19.82228],[93.13666,19.82808],[93.1364,19.84224],[93.12892,19.84444],[93.1107,19.86673]]],[[[93.09333,20.41311],[93.11163,20.41748],[93.11451,20.42533],[93.11315,20.44104],[93.10075,20.48869],[93.10677,20.49294],[93.11442,20.49177],[93.12944,20.47773],[93.14037,20.48081],[93.15077,20.48853],[93.15281,20.48711],[93.15814,20.48247],[93.16086,20.47204],[93.15622,20.47204],[93.14924,20.46213],[93.14841,20.45157],[93.14253,20.45016],[93.13583,20.44103],[93.13774,20.43433],[93.13335,20.4212],[93.13526,20.41115],[93.14659,20.40741],[93.13539,20.40252],[93.11953,20.38451],[93.08976,20.38414],[93.0869,20.39264],[93.07952,20.39857],[93.07748,20.41067],[93.09333,20.41311]]],[[[93.15671,20.15257],[93.15317,20.15412],[93.15781,20.15591],[93.15671,20.15257]]],[[[93.12501,20.0622],[93.11847,20.06323],[93.11847,20.06709],[93.1242,20.06889],[93.12501,20.0622]]],[[[93.1163,20.07868],[93.10512,20.08049],[93.09695,20.08887],[93.09123,20.09016],[93.07802,20.11837],[93.07093,20.12558],[93.07625,20.13537],[93.08021,20.13536],[93.07817,20.14],[93.0918,20.14476],[93.09644,20.14939],[93.10544,20.14411],[93.10937,20.11964],[93.12353,20.08718],[93.12461,20.08306],[93.1163,20.07868]]],[[[93.03145,20.38416],[93.03583,20.42665],[93.07192,20.49721],[93.083,20.51162],[93.08792,20.51278],[93.09557,20.50878],[93.09078,20.49591],[93.09802,20.4905],[93.0995,20.46037],[93.10823,20.43538],[93.10945,20.41864],[93.08022,20.41814],[93.07516,20.41196],[93.07352,20.39986],[93.08101,20.37204],[93.06571,20.35917],[93.03909,20.35197],[93.03145,20.38416]]],[[[93.08035,20.14515],[93.07736,20.15906],[93.08554,20.16961],[93.08935,20.15261],[93.08703,20.1485],[93.08526,20.153],[93.08267,20.15159],[93.08035,20.14515]]],[[[93.06589,20.13357],[93.06126,20.13898],[93.06821,20.13769],[93.06589,20.13357]]],[[[92.92782,20.03338],[92.93,20.04317],[92.92809,20.04935],[92.91432,20.06029],[92.9218,20.08978],[92.92875,20.09506],[92.93039,20.09313],[92.91949,20.08025],[92.95193,20.0773],[92.95697,20.07099],[92.95766,20.05],[92.96625,20.03983],[92.96666,20.03416],[92.97115,20.0321],[92.97388,20.02309],[92.97279,20.01047],[92.97756,20.00378],[92.97743,19.99605],[92.98819,19.98755],[93.00835,19.94325],[93.01502,19.93656],[93.02454,19.8987],[93.03325,19.87912],[93.02562,19.8168],[93.02277,19.83972],[93.00793,19.88453],[93.01379,19.892],[93.01134,19.90256],[92.97444,19.95021],[92.94991,19.99501],[92.95045,19.99888],[92.93601,20.01613],[92.92782,20.03338]]],[[[92.99254,20.13319],[92.98613,20.1359],[92.98572,20.13912],[92.99254,20.13319]]],[[[92.97033,20.76221],[92.97444,20.77329],[92.97731,20.77406],[92.97033,20.76221]]],[[[92.97591,20.1328],[92.97195,20.13512],[92.97291,20.13744],[92.97591,20.1328]]],[[[92.96881,20.17903],[92.96676,20.18174],[92.95408,20.1798],[92.94562,20.20027],[92.9688,20.20466],[92.97071,20.21444],[92.97385,20.20801],[92.96908,20.20131],[92.97508,20.20002],[92.97481,20.19127],[92.96908,20.19049],[92.96881,20.17903]]],[[[92.97016,20.22822],[92.96825,20.23093],[92.97371,20.23595],[92.97507,20.23402],[92.97016,20.22822]]],[[[92.96486,20.74792],[92.96445,20.755],[92.96636,20.75474],[92.96486,20.74792]]],[[[92.94802,20.35029],[92.94269,20.36304],[92.94391,20.37681],[92.94869,20.37411],[92.95034,20.3669],[92.95758,20.35879],[92.94802,20.35029]]],[[[92.91846,20.2219],[92.91668,20.22859],[92.9235,20.2313],[92.92459,20.23941],[92.92036,20.24121],[92.92022,20.25332],[92.92786,20.25628],[92.93454,20.2541],[92.93045,20.25796],[92.93004,20.26375],[92.93713,20.26646],[92.93631,20.27238],[92.94177,20.27367],[92.94191,20.26208],[92.94901,20.25436],[92.94765,20.23298],[92.95256,20.22654],[92.93934,20.20851],[92.92107,20.19679],[92.91137,20.21211],[92.91778,20.21752],[92.91846,20.2219]]],[[[92.94722,20.28449],[92.94122,20.28552],[92.94231,20.29041],[92.9449,20.29118],[92.94722,20.28449]]],[[[92.93628,20.33947],[92.92673,20.34269],[92.92045,20.34114],[92.92099,20.34925],[92.93273,20.34745],[92.94474,20.35068],[92.94543,20.34321],[92.93628,20.33947]]],[[[92.93822,20.28294],[92.93549,20.28577],[92.93548,20.29453],[92.94067,20.29324],[92.93822,20.28294]]],[[[92.89722,20.36417],[92.90022,20.36791],[92.89312,20.36868],[92.89313,20.36482],[92.87045,20.37961],[92.86225,20.38115],[92.84997,20.37753],[92.84327,20.37997],[92.84149,20.38937],[92.8464,20.39234],[92.85159,20.38886],[92.85869,20.39132],[92.87263,20.38283],[92.88574,20.38361],[92.89735,20.37409],[92.92056,20.38106],[92.92192,20.39058],[92.93244,20.39188],[92.93613,20.38518],[92.93559,20.36612],[92.93996,20.35273],[92.9229,20.3517],[92.89722,20.36417]]],[[[92.93113,20.26517],[92.93085,20.27019],[92.93508,20.26903],[92.93113,20.26517]]],[[[92.92782,20.33393],[92.927,20.33779],[92.93383,20.33831],[92.92782,20.33393]]],[[[92.91303,20.41852],[92.90989,20.42226],[92.91166,20.42509],[92.92696,20.42793],[92.9286,20.42587],[92.9174,20.42393],[92.91303,20.41852]]],[[[92.92154,20.32839],[92.91881,20.32929],[92.91744,20.33908],[92.92495,20.33264],[92.92154,20.32839]]],[[[92.89008,20.22755],[92.88229,20.24274],[92.88993,20.24725],[92.89375,20.24777],[92.89757,20.24352],[92.9063,20.24687],[92.90904,20.24301],[92.90195,20.23438],[92.90331,20.23168],[92.91067,20.24301],[92.91313,20.2425],[92.9104,20.24842],[92.92309,20.23735],[92.92132,20.2313],[92.91518,20.22782],[92.91601,20.21803],[92.9096,20.21223],[92.88832,20.21505],[92.89309,20.22034],[92.89008,20.22755]]],[[[92.81466,20.20894],[92.79937,20.21665],[92.78898,20.23389],[92.79273,20.25289],[92.79059,20.25707],[92.79509,20.25811],[92.79551,20.25373],[92.80041,20.26056],[92.80614,20.26224],[92.80724,20.25761],[92.81105,20.26019],[92.82524,20.2593],[92.85118,20.24915],[92.85078,20.23524],[92.84588,20.22545],[92.83838,20.22699],[92.84084,20.22004],[92.84466,20.21979],[92.8512,20.23215],[92.85298,20.22314],[92.86049,20.21697],[92.85858,20.21375],[92.86922,20.21015],[92.89487,20.21364],[92.91247,20.20824],[92.91383,20.19846],[92.92216,20.19254],[92.89588,20.13046],[92.89752,20.11398],[92.86084,20.12335],[92.84215,20.13557],[92.83096,20.14663],[92.83491,20.14689],[92.85347,20.13069],[92.8633,20.12516],[92.86684,20.12812],[92.85347,20.13584],[92.83244,20.16183],[92.82685,20.16079],[92.82808,20.16376],[92.82179,20.17341],[92.79451,20.18304],[92.79096,20.18715],[92.77977,20.18649],[92.7836,20.18238],[92.78169,20.17993],[92.76353,20.19368],[92.75998,20.19986],[92.77004,20.21945],[92.77019,20.20786],[92.77565,20.21018],[92.77154,20.21803],[92.77235,20.22331],[92.78339,20.23698],[92.78677,20.25758],[92.78991,20.25295],[92.78625,20.23402],[92.78462,20.22899],[92.77645,20.22409],[92.79063,20.22488],[92.79392,20.2169],[92.81466,20.20894]]],[[[92.92046,20.31641],[92.91786,20.31719],[92.91882,20.32053],[92.92046,20.31641]]],[[[92.91908,20.34268],[92.90733,20.35002],[92.90788,20.35233],[92.91962,20.34938],[92.91908,20.34268]]],[[[92.9164,20.24649],[92.91012,20.25048],[92.90957,20.25408],[92.91449,20.25344],[92.91639,20.25821],[92.9194,20.24739],[92.9164,20.24649]]],[[[92.9163,20.43694],[92.91548,20.4426],[92.91875,20.44286],[92.9163,20.43694]]],[[[92.91065,20.2801],[92.90601,20.28885],[92.89509,20.28485],[92.89372,20.28884],[92.897,20.28872],[92.90327,20.29696],[92.91119,20.29349],[92.91256,20.28872],[92.91856,20.28911],[92.91893,20.28611],[92.91065,20.2801]]],[[[92.915,20.31847],[92.91308,20.32633],[92.91677,20.32517],[92.91718,20.31873],[92.915,20.31847]]],[[[92.90871,20.33109],[92.90598,20.33546],[92.91144,20.33869],[92.91431,20.33444],[92.90871,20.33109]]],[[[92.90956,20.2734],[92.90547,20.2752],[92.90629,20.27778],[92.90956,20.2734]]],[[[92.90545,20.29889],[92.9019,20.30095],[92.90272,20.30868],[92.90872,20.30997],[92.90545,20.29889]]],[[[92.90794,20.24507],[92.90467,20.24906],[92.89948,20.24867],[92.90193,20.25331],[92.90494,20.25408],[92.90794,20.24507]]],[[[92.90246,20.27765],[92.89946,20.27764],[92.89782,20.28395],[92.90505,20.28499],[92.90765,20.27984],[92.90246,20.27765]]],[[[92.8915,20.34705],[92.88863,20.35219],[92.89067,20.35722],[92.90487,20.35323],[92.90187,20.35143],[92.89122,20.35438],[92.8915,20.34705]]],[[[92.89912,20.37731],[92.89421,20.38053],[92.90158,20.38053],[92.9024,20.37783],[92.89912,20.37731]]],[[[92.8858,20.303],[92.88047,20.31356],[92.87241,20.31059],[92.8724,20.32488],[92.88196,20.32901],[92.88578,20.32335],[92.88933,20.32348],[92.8937,20.32953],[92.89998,20.32696],[92.8978,20.31177],[92.8858,20.303]]],[[[92.88311,20.24441],[92.88502,20.25201],[92.88938,20.25472],[92.8973,20.2515],[92.89666,20.24678],[92.88966,20.24931],[92.88311,20.24441]]],[[[92.8891,20.26824],[92.88663,20.27931],[92.89509,20.28228],[92.89237,20.27545],[92.89601,20.27202],[92.8895,20.27081],[92.8891,20.26824]]],[[[92.83723,20.2776],[92.84842,20.28417],[92.86396,20.30067],[92.86451,20.29655],[92.86164,20.29603],[92.86889,20.28483],[92.87571,20.29218],[92.87325,20.29501],[92.86875,20.29037],[92.86533,20.29243],[92.86806,20.29977],[92.88853,20.29914],[92.89358,20.29425],[92.88594,20.2891],[92.8854,20.28214],[92.87353,20.28097],[92.86726,20.27595],[92.88118,20.27428],[92.87859,20.27029],[92.87956,20.25432],[92.87669,20.25406],[92.87805,20.25896],[92.87246,20.26024],[92.87259,20.26642],[92.867,20.25895],[92.86263,20.25895],[92.86236,20.2556],[92.85513,20.25611],[92.85363,20.25199],[92.82251,20.26368],[92.82278,20.27127],[92.83723,20.2776]]],[[[92.8885,20.34601],[92.88535,20.3509],[92.88808,20.35116],[92.8885,20.34601]]],[[[92.86922,20.21401],[92.87126,20.22161],[92.86648,20.22341],[92.86839,20.22689],[92.87467,20.22805],[92.87357,20.2305],[92.86443,20.22598],[92.86389,20.22264],[92.8684,20.22135],[92.86049,20.2189],[92.85748,20.21954],[92.85925,20.22263],[92.85434,20.22417],[92.85269,20.23447],[92.85636,20.25482],[92.86291,20.25277],[92.86837,20.25689],[92.86918,20.26243],[92.87628,20.25278],[92.87956,20.25265],[92.87957,20.2381],[92.88831,20.22523],[92.88477,20.21518],[92.87686,20.21183],[92.86922,20.21401]]],[[[92.88791,20.39559],[92.86933,20.40523],[92.8696,20.41013],[92.87384,20.41013],[92.87671,20.40408],[92.88627,20.40215],[92.88791,20.39559]]],[[[92.87443,20.34523],[92.86993,20.34561],[92.85626,20.3635],[92.85612,20.36891],[92.86144,20.37561],[92.87209,20.37356],[92.87756,20.36352],[92.88029,20.36481],[92.88248,20.35966],[92.88685,20.36043],[92.88576,20.35721],[92.87548,20.35467],[92.87347,20.35927],[92.87101,20.35759],[92.87443,20.34523]]],[[[92.88523,20.32721],[92.88427,20.33159],[92.87977,20.3321],[92.87949,20.34034],[92.88659,20.33417],[92.88523,20.32721]]],[[[92.8749,20.27647],[92.87408,20.27956],[92.87845,20.2793],[92.8749,20.27647]]],[[[92.87677,20.32862],[92.8724,20.33029],[92.86966,20.34008],[92.87677,20.32862]]],[[[92.87403,20.33493],[92.87553,20.34472],[92.8769,20.33725],[92.87403,20.33493]]],[[[92.86796,20.41115],[92.86549,20.42094],[92.86932,20.42171],[92.87192,20.41373],[92.86796,20.41115]]],[[[92.86386,20.42004],[92.85743,20.42505],[92.86165,20.43999],[92.86876,20.43717],[92.8644,20.42557],[92.86781,20.423],[92.86386,20.42004]]],[[[92.86195,20.41192],[92.84364,20.41912],[92.84104,20.42452],[92.84169,20.4544],[92.84743,20.45389],[92.85619,20.44141],[92.85072,20.43947],[92.84773,20.42736],[92.86003,20.41939],[92.86195,20.41192]]],[[[92.85182,20.43252],[92.85209,20.43999],[92.85619,20.44038],[92.8566,20.43484],[92.85182,20.43252]]],[[[92.76681,20.37448],[92.76869,20.39302],[92.75892,20.444],[92.77039,20.44209],[92.79553,20.44482],[92.8215,20.43223],[92.8226,20.42476],[92.81168,20.41883],[92.811,20.41368],[92.82181,20.40004],[92.83164,20.40121],[92.83287,20.39645],[92.82947,20.39026],[92.83139,20.38048],[92.85765,20.33311],[92.85616,20.31946],[92.85221,20.31676],[92.85577,20.30633],[92.85004,20.30478],[92.8473,20.31392],[92.8432,20.31327],[92.83912,20.30374],[92.83421,20.30154],[92.83758,20.29541],[92.83367,20.29163],[92.82302,20.29703],[92.82766,20.30064],[92.82547,20.30244],[92.814,20.30719],[92.80309,20.29881],[92.80254,20.30525],[92.80554,20.30628],[92.80307,20.31503],[92.82286,20.31763],[92.81684,20.32432],[92.8133,20.32432],[92.81371,20.32123],[92.80783,20.32457],[92.80932,20.33436],[92.8171,20.33694],[92.81191,20.3408],[92.81149,20.34595],[92.80754,20.34285],[92.81192,20.33693],[92.80782,20.33538],[92.80469,20.32585],[92.80907,20.31916],[92.81317,20.31865],[92.81589,20.32213],[92.8189,20.31801],[92.8017,20.31722],[92.78944,20.30111],[92.78564,20.28681],[92.78045,20.28771],[92.78017,20.29106],[92.77226,20.29053],[92.77428,20.30547],[92.7714,20.31809],[92.76414,20.32966],[92.76681,20.37448]]],[[[92.85352,20.36891],[92.84997,20.37045],[92.85052,20.37354],[92.85352,20.36891]]],[[[92.82259,20.43481],[92.81493,20.44098],[92.79279,20.44611],[92.78021,20.45665],[92.78157,20.46438],[92.79932,20.46968],[92.7959,20.47289],[92.80259,20.47908],[92.80506,20.47187],[92.81914,20.46236],[92.81928,20.45708],[92.82544,20.45155],[92.82504,20.44434],[92.83023,20.4464],[92.83679,20.44358],[92.83804,20.41757],[92.84857,20.41256],[92.85103,20.40805],[92.84024,20.40959],[92.82153,20.40158],[92.81496,20.41574],[92.83039,20.42348],[92.82997,20.42786],[92.82259,20.43481]]],[[[92.8406,20.45826],[92.8324,20.45928],[92.83539,20.47036],[92.82601,20.46941],[92.82582,20.47241],[92.83976,20.47577],[92.84509,20.46805],[92.8406,20.45826]]],[[[92.83487,20.44692],[92.82681,20.44846],[92.82584,20.45786],[92.82106,20.45901],[92.82802,20.46752],[92.83048,20.46778],[92.82884,20.46005],[92.83487,20.44692]]],[[[92.83218,20.15127],[92.82427,20.15294],[92.78988,20.17466],[92.78551,20.18058],[92.78878,20.18354],[92.80898,20.17314],[92.81171,20.16722],[92.8218,20.16465],[92.8229,20.16002],[92.83027,20.15796],[92.83218,20.15127]]],[[[92.81571,20.47201],[92.81216,20.47613],[92.80632,20.47565],[92.80395,20.48423],[92.80845,20.49325],[92.82142,20.4988],[92.82717,20.49095],[92.82062,20.48155],[92.82036,20.47472],[92.81571,20.47201]]],[[[92.81865,20.29986],[92.81605,20.30088],[92.8181,20.30346],[92.82138,20.30102],[92.81865,20.29986]]],[[[92.81347,20.29444],[92.81264,20.29908],[92.81578,20.29728],[92.81347,20.29444]]],[[[92.80528,20.29083],[92.80282,20.29495],[92.80719,20.29405],[92.80528,20.29083]]],[[[92.75959,20.4489],[92.75217,20.47412],[92.75422,20.47863],[92.76297,20.47504],[92.76979,20.47801],[92.76977,20.49346],[92.78234,20.49799],[92.80052,20.49376],[92.78948,20.47392],[92.77828,20.46824],[92.77569,20.46179],[92.77789,20.45562],[92.78814,20.45048],[92.78733,20.44726],[92.76821,20.44414],[92.75959,20.4489]]],[[[92.79354,20.49967],[92.79026,20.50199],[92.79367,20.50714],[92.79818,20.50238],[92.79354,20.49967]]],[[[92.76023,20.47735],[92.75176,20.47966],[92.74915,20.48365],[92.7357,20.51762],[92.7459,20.55189],[92.75629,20.54907],[92.7514,20.53207],[92.75879,20.5277],[92.76452,20.53144],[92.77327,20.53068],[92.77533,20.5218],[92.79202,20.51281],[92.79244,20.50946],[92.78561,20.50159],[92.76841,20.49346],[92.77047,20.48162],[92.76843,20.47865],[92.76023,20.47735]]],[[[92.77807,20.2313],[92.78037,20.24315],[92.78256,20.24367],[92.77807,20.2313]]],[[[92.74781,20.38321],[92.75081,20.38836],[92.74916,20.393],[92.75557,20.39713],[92.75106,20.40227],[92.75296,20.40742],[92.75666,20.40073],[92.75519,20.37685],[92.75057,20.36285],[92.74184,20.3626],[92.74169,20.37213],[92.74781,20.38321]]],[[[92.75389,20.39648],[92.75003,20.39634],[92.75122,20.39986],[92.75389,20.39648]]],[[[92.74289,20.22057],[92.74684,20.22431],[92.75051,20.23693],[92.75147,20.23075],[92.74644,20.22122],[92.74289,20.22057]]],[[[92.74978,20.35154],[92.7443,20.36028],[92.74621,20.36132],[92.74978,20.35154]]],[[[92.73273,20.26073],[92.71277,20.27924],[92.70718,20.2791],[92.7014,20.30562],[92.70535,20.30691],[92.71261,20.29585],[92.71084,20.29327],[92.71548,20.29212],[92.71494,20.28826],[92.72259,20.28376],[92.72232,20.28016],[92.73217,20.26936],[92.73273,20.26073]]],[[[92.73306,20.22699],[92.72555,20.232],[92.71707,20.24487],[92.71378,20.25336],[92.71526,20.2616],[92.71963,20.258],[92.71939,20.24332],[92.72376,20.24088],[92.72677,20.23316],[92.73196,20.23279],[92.73306,20.22699]]],[[[92.71167,20.57926],[92.70291,20.58285],[92.70263,20.58607],[92.70865,20.5866],[92.70672,20.59277],[92.69645,20.59791],[92.69793,20.61143],[92.70861,20.60643],[92.70985,20.59896],[92.71506,20.59253],[92.71809,20.58352],[92.71167,20.57926]]],[[[92.40707,20.70995],[92.40364,20.71328],[92.40582,20.71484],[92.40707,20.70995]]],[[[92.3728,20.92485],[92.37155,20.92742],[92.37578,20.93117],[92.3728,20.92485]]],[[[92.35336,20.92014],[92.34552,20.92603],[92.34914,20.9451],[92.36232,20.93871],[92.3703,20.93089],[92.36523,20.931],[92.36979,20.92316],[92.35991,20.92506],[92.35336,20.92014]]],[[[92.36349,20.79065],[92.36306,20.79683],[92.36607,20.79658],[92.36349,20.79065]]],[[[92.32556,20.88501],[92.32226,20.88809],[92.32472,20.88939],[92.32556,20.88501]]],[[[92.30952,20.97688],[92.30922,20.98293],[92.31281,20.97766],[92.30952,20.97688]]],[[[92.30475,20.94132],[92.29842,20.94554],[92.29659,20.95571],[92.29069,20.95839],[92.29513,20.94682],[92.28676,20.94846],[92.28494,20.95643],[92.28864,20.95774],[92.29062,20.97191],[92.30291,20.98406],[92.30403,20.97788],[92.29911,20.97452],[92.31192,20.96195],[92.30475,20.94132]]],[[[92.30452,20.93179],[92.3045,20.93669],[92.30724,20.93567],[92.30452,20.93179]]],[[[92.29297,20.9396],[92.28953,20.94203],[92.29048,20.94487],[92.29459,20.94411],[92.29297,20.9396]]],[[[92.27802,21.0267],[92.27126,21.02787],[92.27224,21.03144],[92.27802,21.0267]]],[[[92.27114,21.03337],[92.2677,21.03567],[92.27,21.0416],[92.27275,21.0393],[92.27114,21.03337]]]]}}]}