{"type":"FeatureCollection","features":[{"type":"Feature","properties":{"ISO_A3":"PAK","WB_A3":"PAK","WB_NAME":"Pakistan","WB_REGION":"MEA"},"geometry":{"type":"MultiPolygon","coordinates":[[[[71.63712,36.47691],[71.65679,36.48359],[71.66116,36.47668],[71.67447,36.47112],[71.67677,36.46638],[71.69081,36.45807],[71.70561,36.46024],[71.70845,36.45413],[71.73224,36.44676],[71.75095,36.42991],[71.76421,36.42606],[71.77521,36.41252],[71.79281,36.40208],[71.8066,36.39922],[71.81099,36.40903],[71.82182,36.41737],[71.81672,36.42186],[71.81645,36.42802],[71.82901,36.43287],[71.81961,36.43501],[71.81199,36.45592],[71.79815,36.47743],[71.80388,36.50224],[71.80934,36.50678],[71.82595,36.50857],[71.84675,36.50261],[71.87267,36.50102],[71.91664,36.50883],[71.9234,36.52054],[71.92472,36.53317],[71.93254,36.53666],[71.93575,36.54662],[71.96206,36.55577],[72.00157,36.55692],[72.00894,36.56555],[72.02834,36.57564],[72.0302,36.59198],[72.04946,36.58962],[72.06148,36.59315],[72.08261,36.58863],[72.08848,36.59639],[72.08939,36.60418],[72.08552,36.62444],[72.09449,36.63687],[72.09694,36.64709],[72.13045,36.64696],[72.14931,36.65674],[72.16206,36.65952],[72.17884,36.65526],[72.18801,36.65726],[72.20009,36.65511],[72.20752,36.66016],[72.20969,36.66336],[72.205,36.67534],[72.19761,36.6881],[72.18714,36.69689],[72.19554,36.70438],[72.18508,36.71067],[72.19925,36.72309],[72.2107,36.72083],[72.21721,36.72835],[72.23085,36.72842],[72.22813,36.73756],[72.24228,36.74299],[72.24646,36.74694],[72.2465,36.75237],[72.28872,36.74508],[72.29828,36.74002],[72.31688,36.74478],[72.31666,36.74853],[72.32316,36.75265],[72.33132,36.75271],[72.33094,36.76159],[72.33605,36.76654],[72.36221,36.75816],[72.37471,36.75897],[72.39582,36.76419],[72.39548,36.77503],[72.42181,36.78124],[72.43231,36.78049],[72.44636,36.77343],[72.48006,36.7766],[72.49202,36.7811],[72.50119,36.77925],[72.52421,36.8016],[72.52952,36.80156],[72.5373,36.80927],[72.55164,36.81501],[72.55881,36.82793],[72.56735,36.82585],[72.58934,36.83744],[72.59704,36.83531],[72.61011,36.83728],[72.62288,36.84464],[72.63614,36.84283],[72.65073,36.85168],[72.6555,36.85131],[72.65841,36.84721],[72.68827,36.84071],[72.7054,36.84391],[72.71798,36.83628],[72.75292,36.8552],[72.75851,36.85256],[72.76824,36.85388],[72.77525,36.84288],[72.80237,36.85063],[72.82464,36.84073],[72.83872,36.84118],[72.85062,36.84561],[72.86173,36.84119],[72.89297,36.83921],[72.9021,36.84816],[72.90939,36.84884],[72.92991,36.84256],[72.93469,36.84794],[72.93591,36.85732],[72.94376,36.8605],[72.94317,36.86813],[72.95046,36.87064],[72.95398,36.87585],[72.97029,36.8751],[72.98628,36.86222],[72.99547,36.864],[72.99892,36.86029],[73.01763,36.86207],[73.0389,36.85918],[73.03991,36.86691],[73.0556,36.86789],[73.06548,36.87246],[73.06106,36.88219],[73.06263,36.88538],[73.08263,36.88718],[73.12091,36.88174],[73.14779,36.89474],[73.15419,36.89401],[73.16371,36.88956],[73.16598,36.88432],[73.18356,36.87831],[73.20365,36.88015],[73.21766,36.88821],[73.22642,36.88225],[73.23946,36.88506],[73.25452,36.88317],[73.25979,36.88932],[73.2697,36.89159],[73.28203,36.88394],[73.29103,36.88263],[73.30145,36.86867],[73.3093,36.86943],[73.32381,36.88341],[73.32414,36.88726],[73.33231,36.89001],[73.34915,36.88595],[73.35398,36.87871],[73.36152,36.87829],[73.36369,36.88172],[73.37719,36.8798],[73.37594,36.88803],[73.39508,36.89012],[73.40077,36.89913],[73.41447,36.89406],[73.44093,36.89386],[73.43954,36.8916],[73.44888,36.88545],[73.44993,36.89334],[73.46702,36.89192],[73.47953,36.89728],[73.48801,36.89248],[73.49101,36.8947],[73.51187,36.89119],[73.52414,36.87915],[73.54087,36.87259],[73.54395,36.87382],[73.54796,36.89107],[73.57391,36.8893],[73.58664,36.90105],[73.59526,36.90017],[73.60102,36.90869],[73.61814,36.90619],[73.62402,36.89751],[73.64576,36.90386],[73.657,36.91045],[73.6724,36.91184],[73.67186,36.90376],[73.66681,36.89683],[73.67067,36.89041],[73.6701,36.88163],[73.68028,36.87759],[73.68161,36.87004],[73.68584,36.86644],[73.7042,36.85786],[73.70335,36.85251],[73.70685,36.85021],[73.70223,36.83843],[73.70398,36.8365],[73.72297,36.83567],[73.72729,36.82973],[73.73519,36.82913],[73.73689,36.82643],[73.74773,36.82743],[73.75123,36.82006],[73.76811,36.81449],[73.79426,36.82052],[73.79683,36.81806],[73.79607,36.80234],[73.79946,36.79587],[73.82103,36.7859],[73.82949,36.79174],[73.84236,36.79032],[73.84436,36.78358],[73.86172,36.77647],[73.86484,36.76676],[73.87132,36.76536],[73.87312,36.75972],[73.8838,36.75325],[73.88005,36.74113],[73.87284,36.73644],[73.89144,36.72701],[73.88256,36.70913],[73.88296,36.7027],[73.86493,36.69902],[73.82365,36.71084],[73.80826,36.70888],[73.80184,36.69954],[73.7978,36.69939],[73.78463,36.70808],[73.76527,36.70471],[73.71508,36.71466],[73.69541,36.70064],[73.68985,36.69005],[73.68512,36.68888],[73.64821,36.69244],[73.63542,36.6989],[73.61643,36.69364],[73.6125,36.69809],[73.59836,36.69379],[73.59415,36.69438],[73.58271,36.71281],[73.58045,36.72478],[73.55644,36.71563],[73.54869,36.71978],[73.52453,36.71252],[73.51274,36.72251],[73.4989,36.71448],[73.48356,36.71977],[73.48172,36.72509],[73.47157,36.72983],[73.4715,36.73416],[73.46388,36.7399],[73.4514,36.72992],[73.42818,36.7451],[73.41865,36.74427],[73.41006,36.73398],[73.40123,36.73634],[73.38698,36.73171],[73.38121,36.73466],[73.37055,36.73325],[73.35822,36.73822],[73.35031,36.7367],[73.34826,36.72134],[73.34343,36.71648],[73.33374,36.71732],[73.3266,36.712],[73.31411,36.71151],[73.3077,36.70221],[73.30104,36.70347],[73.29144,36.69992],[73.27057,36.70623],[73.25992,36.70509],[73.24263,36.70868],[73.23849,36.70567],[73.23359,36.70845],[73.2112,36.70128],[73.19635,36.69235],[73.18423,36.69018],[73.18057,36.69491],[73.1852,36.71023],[73.17668,36.71525],[73.17533,36.72089],[73.15885,36.70922],[73.1242,36.69681],[73.11185,36.68648],[73.09226,36.68081],[73.07669,36.68403],[73.06813,36.68172],[73.07328,36.67072],[73.07421,36.65932],[73.07043,36.65081],[73.07067,36.6446],[73.07452,36.64253],[73.07003,36.62836],[73.07545,36.6217],[73.09065,36.61563],[73.09695,36.60703],[73.09097,36.59814],[73.07695,36.58949],[73.07554,36.57076],[73.05577,36.56525],[73.05681,36.55979],[73.05265,36.55813],[73.04856,36.52889],[73.0325,36.52954],[72.99388,36.51409],[72.97889,36.51261],[72.98634,36.50012],[72.97841,36.49872],[72.97233,36.49291],[72.97457,36.48761],[72.98533,36.48009],[72.98336,36.47473],[72.98612,36.47001],[72.98141,36.4648],[72.9826,36.46088],[72.96966,36.45478],[72.9489,36.46041],[72.94386,36.4654],[72.93732,36.45661],[72.92386,36.45274],[72.90518,36.45962],[72.87647,36.43833],[72.86128,36.43834],[72.86086,36.42961],[72.87427,36.41803],[72.86711,36.41097],[72.86729,36.40762],[72.86988,36.39709],[72.876,36.3894],[72.86557,36.38461],[72.85565,36.37366],[72.85371,36.3643],[72.83487,36.36454],[72.82103,36.35916],[72.80444,36.34191],[72.80102,36.32877],[72.7907,36.32655],[72.77311,36.3154],[72.77016,36.30938],[72.76056,36.30485],[72.75651,36.29732],[72.75024,36.30013],[72.73271,36.29862],[72.71466,36.28383],[72.70868,36.27373],[72.69542,36.27478],[72.68185,36.26905],[72.67506,36.26289],[72.67981,36.25332],[72.67015,36.25201],[72.66412,36.25646],[72.64272,36.25925],[72.62364,36.2684],[72.60904,36.26911],[72.60195,36.26045],[72.58324,36.2565],[72.57874,36.25195],[72.57218,36.23858],[72.57113,36.2233],[72.56325,36.21265],[72.54508,36.20398],[72.55049,36.19699],[72.54918,36.19251],[72.54538,36.19131],[72.5406,36.17701],[72.53572,36.17342],[72.54804,36.16627],[72.55097,36.15303],[72.5482,36.14953],[72.55419,36.14591],[72.55766,36.13552],[72.54204,36.12476],[72.53406,36.12297],[72.52001,36.10122],[72.51857,36.09098],[72.52221,36.07158],[72.53658,36.05274],[72.54423,36.04682],[72.56356,36.04697],[72.57642,36.03907],[72.58533,36.02588],[72.58487,36.01982],[72.57899,36.01248],[72.57065,36.00903],[72.57141,36.00155],[72.56266,35.99189],[72.56853,35.9883],[72.56473,35.98406],[72.54367,35.97614],[72.54305,35.9726],[72.54922,35.96979],[72.55208,35.96449],[72.54224,35.9613],[72.53684,35.95577],[72.53524,35.94633],[72.53033,35.94598],[72.51995,35.93589],[72.51931,35.92631],[72.50622,35.91942],[72.51065,35.89583],[72.52257,35.89225],[72.52593,35.88037],[72.57326,35.87432],[72.574,35.86638],[72.58158,35.85622],[72.59175,35.86048],[72.60712,35.86071],[72.63026,35.85158],[72.62854,35.84535],[72.63393,35.84407],[72.6728,35.83772],[72.67822,35.83939],[72.68389,35.8496],[72.69712,35.85827],[72.70275,35.85262],[72.72295,35.85392],[72.727,35.85203],[72.72196,35.84114],[72.73237,35.83604],[72.72928,35.82645],[72.73854,35.81471],[72.74349,35.81348],[72.76027,35.81742],[72.77396,35.82685],[72.78401,35.82385],[72.79434,35.82754],[72.80281,35.8263],[72.80345,35.83662],[72.81133,35.83934],[72.81154,35.84881],[72.82248,35.85567],[72.81871,35.86426],[72.82449,35.88044],[72.82746,35.88141],[72.83968,35.87417],[72.84342,35.86722],[72.84897,35.86773],[72.86276,35.85795],[72.88249,35.85456],[72.88248,35.84304],[72.88922,35.83602],[72.89349,35.81809],[72.90109,35.81338],[72.91217,35.81355],[72.92875,35.8277],[72.96414,35.83653],[72.98653,35.83308],[72.99213,35.82604],[73.00687,35.82464],[73.01193,35.82969],[73.01369,35.83924],[73.02607,35.83923],[73.04374,35.84624],[73.04831,35.84954],[73.0471,35.85404],[73.05013,35.85848],[73.07234,35.85729],[73.07353,35.86174],[73.08784,35.87259],[73.11669,35.84964],[73.11686,35.8463],[73.1483,35.8372],[73.15466,35.82133],[73.14031,35.81058],[73.16027,35.80274],[73.16475,35.79943],[73.16681,35.79126],[73.16758,35.77049],[73.16385,35.76053],[73.13135,35.76111],[73.12015,35.75732],[73.11929,35.75371],[73.11035,35.7486],[73.12111,35.72853],[73.12114,35.72293],[73.12954,35.71457],[73.14325,35.71441],[73.15286,35.70407],[73.18071,35.68864],[73.19318,35.67368],[73.21519,35.66656],[73.22513,35.66875],[73.23741,35.65731],[73.28304,35.67084],[73.29384,35.66028],[73.31055,35.6559],[73.32456,35.66129],[73.33098,35.65771],[73.33044,35.65084],[73.33687,35.63843],[73.34597,35.63415],[73.3549,35.6066],[73.36104,35.59688],[73.39687,35.58521],[73.39986,35.58169],[73.39566,35.57453],[73.40026,35.55647],[73.39763,35.54468],[73.40363,35.53066],[73.41274,35.52124],[73.43401,35.5292],[73.46635,35.53423],[73.47515,35.54054],[73.48316,35.54128],[73.49302,35.53203],[73.504,35.53098],[73.51776,35.53537],[73.52411,35.54341],[73.5552,35.52647],[73.57241,35.53634],[73.60414,35.54154],[73.61738,35.54755],[73.62459,35.54587],[73.63814,35.5345],[73.65035,35.5327],[73.66709,35.52512],[73.71082,35.53231],[73.72761,35.53198],[73.73734,35.52715],[73.74028,35.51818],[73.7581,35.52004],[73.77137,35.51638],[73.78104,35.51923],[73.79014,35.51769],[73.79671,35.46789],[73.80144,35.46007],[73.78875,35.44748],[73.77674,35.44361],[73.75286,35.44376],[73.74829,35.43437],[73.73308,35.41957],[73.7204,35.41758],[73.71427,35.39927],[73.7061,35.39501],[73.70596,35.38716],[73.70896,35.38349],[73.69522,35.36488],[73.69917,35.35004],[73.69112,35.3474],[73.69264,35.33758],[73.68462,35.3275],[73.70576,35.30269],[73.70711,35.29639],[73.70314,35.28581],[73.72829,35.26709],[73.73627,35.24473],[73.72779,35.23804],[73.74317,35.23218],[73.74197,35.22929],[73.74551,35.22862],[73.74821,35.21726],[73.77328,35.22138],[73.78432,35.23514],[73.79189,35.23377],[73.79921,35.23847],[73.80816,35.239],[73.83186,35.22432],[73.8451,35.22377],[73.85759,35.20611],[73.86576,35.20271],[73.8937,35.21172],[73.90153,35.209],[73.9183,35.2116],[73.92218,35.21013],[73.9242,35.20102],[73.94093,35.18922],[73.95237,35.16651],[73.95784,35.16588],[73.96233,35.17288],[73.97995,35.18159],[73.99318,35.17882],[74.00325,35.18035],[74.00598,35.16502],[74.01863,35.16133],[74.02952,35.14593],[74.03946,35.14796],[74.06065,35.14486],[74.07346,35.15182],[74.09744,35.13763],[74.10727,35.1478],[74.11307,35.14227],[74.10524,35.12504],[74.11675,35.11706],[74.13268,35.11232],[74.13536,35.108],[74.13462,35.10126],[74.11606,35.10458],[74.11493,35.10102],[74.09563,35.09272],[74.08911,35.08317],[74.08209,35.07942],[74.07805,35.06485],[74.06988,35.05575],[74.07446,35.05184],[74.06955,35.04526],[74.07463,35.04503],[74.07959,35.03521],[74.09963,35.03058],[74.10812,35.01562],[74.0852,34.99842],[74.05761,34.99681],[74.05815,34.98686],[74.06326,34.98326],[74.05948,34.9765],[74.06205,34.97441],[74.06015,34.96447],[74.06497,34.96258],[74.06372,34.95483],[74.06652,34.95356],[74.06967,34.93624],[74.06083,34.93377],[74.05254,34.92343],[74.03926,34.92094],[74.03468,34.90388],[74.03575,34.89867],[74.04315,34.89152],[74.03249,34.88445],[74.0256,34.87236],[74.00186,34.87518],[73.9995,34.867],[73.99435,34.86374],[73.968,34.86206],[73.96271,34.83872],[73.95856,34.83427],[73.94488,34.83074],[73.93346,34.83189],[73.92068,34.80978],[73.90686,34.81067],[73.89507,34.81856],[73.88775,34.81341],[73.87203,34.81431],[73.86189,34.80861],[73.84387,34.8131],[73.83246,34.80693],[73.82451,34.79242],[73.80967,34.79033],[73.8026,34.79478],[73.78058,34.79101],[73.77353,34.79567],[73.76057,34.79078],[73.7384,34.77296],[73.72993,34.77267],[73.7246,34.76685],[73.72061,34.74911],[73.71439,34.74425],[73.70784,34.72468],[73.68331,34.70445],[73.6815,34.69457],[73.66958,34.68728],[73.66061,34.67507],[73.65927,34.66548],[73.66568,34.66047],[73.68978,34.6527],[73.69396,34.6502],[73.69403,34.64572],[73.65365,34.59792],[73.66105,34.57896],[73.64946,34.5587],[73.63191,34.56173],[73.62653,34.5731],[73.61151,34.58144],[73.58249,34.58439],[73.57161,34.58194],[73.56474,34.58684],[73.55361,34.58899],[73.54427,34.57737],[73.53255,34.57051],[73.5106,34.56919],[73.49616,34.57489],[73.46861,34.56683],[73.46185,34.57125],[73.44611,34.56682],[73.44164,34.55534],[73.44545,34.53277],[73.4291,34.51943],[73.43704,34.50368],[73.43679,34.49378],[73.43452,34.48319],[73.42337,34.46456],[73.42592,34.4555],[73.42331,34.44574],[73.42582,34.44123],[73.43284,34.43952],[73.43333,34.43539],[73.42492,34.42535],[73.42531,34.41971],[73.42018,34.41538],[73.41894,34.40805],[73.42522,34.39269],[73.42284,34.38744],[73.42472,34.38411],[73.42054,34.38154],[73.42293,34.37297],[73.41554,34.37112],[73.41234,34.36446],[73.40353,34.35956],[73.40316,34.35283],[73.40775,34.34601],[73.41138,34.35022],[73.41948,34.34439],[73.4255,34.34427],[73.42796,34.34188],[73.42224,34.33671],[73.42585,34.33536],[73.42582,34.33069],[73.44284,34.32118],[73.44742,34.30651],[73.44231,34.3016],[73.45866,34.28881],[73.45382,34.27704],[73.45783,34.27357],[73.47146,34.28146],[73.47263,34.28884],[73.47744,34.29004],[73.48179,34.2862],[73.48119,34.28024],[73.48519,34.27599],[73.4837,34.27102],[73.47469,34.26461],[73.47228,34.25315],[73.47821,34.23609],[73.49602,34.2084],[73.49157,34.20244],[73.49475,34.1953],[73.48984,34.1838],[73.48973,34.16515],[73.49365,34.14458],[73.49056,34.14038],[73.49632,34.13315],[73.49033,34.12666],[73.4957,34.11385],[73.49522,34.10062],[73.49962,34.09428],[73.49861,34.07014],[73.50519,34.06398],[73.51044,34.0264],[73.51474,34.02197],[73.51357,34.00272],[73.52613,33.99151],[73.53301,33.97839],[73.53182,33.97169],[73.5376,33.96553],[73.53702,33.95747],[73.54746,33.93858],[73.55992,33.92873],[73.56793,33.91638],[73.58482,33.90479],[73.59367,33.88986],[73.59297,33.8779],[73.58696,33.87469],[73.58964,33.86147],[73.57783,33.84245],[73.57637,33.83048],[73.55987,33.78358],[73.5603,33.77912],[73.57319,33.7646],[73.59825,33.74882],[73.60129,33.73318],[73.60581,33.72717],[73.60517,33.71408],[73.59875,33.69998],[73.57235,33.67589],[73.56665,33.66515],[73.57781,33.64166],[73.56731,33.6201],[73.5683,33.61721],[73.58487,33.6164],[73.59626,33.60091],[73.60127,33.59973],[73.60952,33.60401],[73.61087,33.60067],[73.60526,33.58781],[73.62134,33.57928],[73.62881,33.56983],[73.62584,33.56423],[73.62692,33.55004],[73.62262,33.54126],[73.62675,33.53579],[73.63823,33.53415],[73.63983,33.52534],[73.63023,33.5258],[73.61918,33.51481],[73.61209,33.51497],[73.61063,33.51252],[73.61778,33.49869],[73.60495,33.5019],[73.60294,33.49778],[73.60477,33.48518],[73.61064,33.48219],[73.60896,33.47299],[73.61395,33.47194],[73.61688,33.47775],[73.62039,33.47596],[73.62001,33.46399],[73.63172,33.46196],[73.62985,33.44876],[73.61948,33.45],[73.61082,33.43973],[73.59517,33.43899],[73.59361,33.42837],[73.58652,33.42499],[73.5933,33.42174],[73.60208,33.42369],[73.60002,33.41807],[73.5916,33.41526],[73.58899,33.40836],[73.58171,33.40542],[73.5812,33.39753],[73.57232,33.3922],[73.56997,33.38323],[73.57295,33.3796],[73.56536,33.37036],[73.57083,33.35565],[73.58029,33.35607],[73.58257,33.35315],[73.56978,33.33984],[73.57693,33.33385],[73.57811,33.32751],[73.58371,33.32804],[73.59351,33.34041],[73.60062,33.33466],[73.60142,33.32886],[73.59846,33.32477],[73.59062,33.32528],[73.58905,33.3217],[73.59558,33.30404],[73.60392,33.2952],[73.60699,33.2738],[73.61668,33.25725],[73.61337,33.24769],[73.61938,33.24446],[73.621,33.23649],[73.63811,33.23006],[73.63682,33.22517],[73.63114,33.22298],[73.63243,33.20977],[73.63936,33.20698],[73.64501,33.22017],[73.64923,33.2196],[73.65348,33.21291],[73.67163,33.20745],[73.67226,33.17224],[73.66986,33.1645],[73.66042,33.1568],[73.63736,33.15351],[73.63272,33.13918],[73.63521,33.12127],[73.63119,33.11304],[73.6343,33.09032],[73.63857,33.08632],[73.6488,33.08705],[73.66101,33.08331],[73.70077,33.08936],[73.71864,33.07141],[73.73445,33.06785],[73.75403,33.0474],[73.76555,33.04624],[73.77735,33.03067],[73.78159,33.00691],[73.83035,33.01785],[73.84988,33.01638],[73.89191,32.99554],[73.926,33.00151],[73.95319,32.97046],[73.95346,32.9498],[73.96382,32.94337],[74.00646,32.94828],[74.03057,32.92794],[74.14403,32.90019],[74.15358,32.89331],[74.167,32.87477],[74.18349,32.8657],[74.2534,32.84628],[74.26606,32.83123],[74.27519,32.81275],[74.31154,32.78596],[74.35362,32.78949],[74.38804,32.80345],[74.43719,32.79074],[74.44836,32.78522],[74.45738,32.78834],[74.46353,32.77668],[74.47268,32.77738],[74.48402,32.76915],[74.48281,32.76518],[74.50341,32.76548],[74.50882,32.7473],[74.51217,32.74539],[74.5186,32.74838],[74.53255,32.74514],[74.53873,32.74954],[74.54715,32.74577],[74.55554,32.75864],[74.56547,32.76003],[74.5756,32.75606],[74.57583,32.7504],[74.57957,32.74951],[74.58216,32.75349],[74.58869,32.75062],[74.59341,32.75578],[74.61314,32.75788],[74.61745,32.7614],[74.63752,32.75144],[74.63913,32.75754],[74.63051,32.76935],[74.63243,32.7765],[74.63955,32.78228],[74.65398,32.78066],[74.65837,32.78649],[74.63956,32.79833],[74.63291,32.80888],[74.65314,32.82824],[74.65861,32.82986],[74.66391,32.82454],[74.66777,32.82476],[74.68256,32.83667],[74.70534,32.84192],[74.70475,32.81717],[74.69588,32.81124],[74.69624,32.80419],[74.68511,32.78792],[74.67442,32.75654],[74.66556,32.74792],[74.66037,32.73464],[74.65446,32.72908],[74.66391,32.7257],[74.65753,32.71593],[74.65305,32.69773],[74.66643,32.67616],[74.69615,32.66595],[74.69501,32.66052],[74.68854,32.65149],[74.6807,32.65248],[74.67165,32.64598],[74.66966,32.63839],[74.66344,32.63576],[74.65449,32.6373],[74.65683,32.63074],[74.65433,32.61536],[74.63855,32.61462],[74.64119,32.59991],[74.65907,32.59672],[74.64852,32.58551],[74.65508,32.5809],[74.65175,32.56308],[74.66361,32.56424],[74.67263,32.56892],[74.67254,32.55245],[74.66121,32.55408],[74.6627,32.54511],[74.69027,32.53429],[74.69037,32.52351],[74.68241,32.51008],[74.68618,32.50774],[74.68162,32.49285],[74.68879,32.48688],[74.69418,32.48677],[74.70231,32.49312],[74.7105,32.49289],[74.71437,32.48769],[74.71203,32.47875],[74.72713,32.47593],[74.72947,32.48123],[74.75269,32.47858],[74.7553,32.48297],[74.79628,32.47691],[74.80142,32.48275],[74.8126,32.48008],[74.81893,32.49822],[74.83485,32.4945],[74.83562,32.49676],[74.84584,32.49194],[74.8589,32.49356],[74.86761,32.48513],[74.87707,32.49397],[74.88464,32.49055],[74.87717,32.47842],[74.90045,32.46703],[74.90541,32.47309],[74.92005,32.46518],[74.92927,32.47135],[74.93949,32.47145],[74.93635,32.46809],[74.94144,32.46379],[74.9431,32.45234],[74.95194,32.44656],[74.95441,32.45154],[74.97028,32.45943],[74.98355,32.45165],[74.99126,32.45246],[75.01548,32.46447],[75.0199,32.46811],[75.01557,32.47257],[75.01548,32.47771],[75.0268,32.49689],[75.05607,32.4813],[75.06876,32.4778],[75.07,32.4801],[75.09119,32.46924],[75.10013,32.47826],[75.10891,32.47446],[75.11099,32.46516],[75.10887,32.46032],[75.12083,32.45522],[75.11925,32.44364],[75.1345,32.42833],[75.12756,32.42391],[75.12761,32.41749],[75.13275,32.41555],[75.13293,32.40892],[75.15345,32.42124],[75.17608,32.42113],[75.18683,32.42697],[75.20128,32.42068],[75.19856,32.40943],[75.19222,32.41132],[75.19279,32.401],[75.19754,32.39842],[75.20914,32.39471],[75.2132,32.40271],[75.24535,32.38484],[75.25116,32.39099],[75.2569,32.38942],[75.2543,32.37885],[75.25827,32.37239],[75.2704,32.37347],[75.2728,32.37631],[75.29004,32.36988],[75.28704,32.3627],[75.28927,32.35581],[75.29946,32.35323],[75.29889,32.34664],[75.30414,32.34457],[75.32196,32.34376],[75.32706,32.32785],[75.3375,32.32179],[75.33638,32.31668],[75.33,32.31256],[75.33374,32.31167],[75.32127,32.29714],[75.35026,32.29041],[75.34505,32.27837],[75.37262,32.27902],[75.3814,32.26884],[75.37285,32.26648],[75.37046,32.2578],[75.37027,32.24228],[75.375,32.22908],[75.37255,32.22428],[75.36864,32.22621],[75.36548,32.2197],[75.35743,32.21802],[75.33121,32.21922],[75.3241,32.21106],[75.3161,32.20808],[75.32012,32.20411],[75.31198,32.19957],[75.31018,32.1947],[75.3183,32.18752],[75.31612,32.18095],[75.32115,32.17962],[75.30666,32.16848],[75.29946,32.15337],[75.28535,32.15158],[75.27741,32.13684],[75.28336,32.13171],[75.27946,32.11784],[75.26806,32.11227],[75.26145,32.10101],[75.24403,32.09793],[75.24027,32.09101],[75.23129,32.09144],[75.22953,32.09338],[75.23525,32.10216],[75.22787,32.10786],[75.2232,32.10234],[75.22375,32.09816],[75.2177,32.10325],[75.2203,32.10752],[75.21587,32.12114],[75.20257,32.12011],[75.20548,32.1091],[75.20407,32.09668],[75.19788,32.09861],[75.19593,32.08354],[75.17942,32.07652],[75.17437,32.06736],[75.16604,32.07174],[75.1576,32.08181],[75.12305,32.08145],[75.12251,32.07731],[75.10765,32.07062],[75.1091,32.06512],[75.10487,32.05867],[75.09809,32.06546],[75.07523,32.05895],[75.06895,32.06355],[75.07025,32.06705],[75.06418,32.06557],[75.068,32.06235],[75.05873,32.05286],[75.05371,32.05441],[75.04079,32.04272],[75.03248,32.05124],[75.02168,32.04867],[75.01235,32.03566],[75.00491,32.03754],[75.00295,32.04377],[75.00134,32.04113],[74.97852,32.03888],[74.97221,32.04087],[74.97808,32.04693],[74.97397,32.05344],[74.93365,32.06563],[74.92547,32.06654],[74.91273,32.05387],[74.90473,32.05033],[74.89279,32.05482],[74.87943,32.05378],[74.87266,32.04408],[74.87028,32.04547],[74.87993,32.03188],[74.86879,32.02203],[74.86929,32.02771],[74.86642,32.02973],[74.86262,32.02661],[74.86304,32.02211],[74.84829,32.0205],[74.8531,32.01323],[74.84645,32.009],[74.83616,32.00808],[74.82873,31.99835],[74.83121,31.98078],[74.81903,31.95867],[74.80584,31.96302],[74.80247,31.95769],[74.78173,31.95589],[74.7685,31.94776],[74.75546,31.95456],[74.75645,31.94537],[74.75386,31.94293],[74.74301,31.93994],[74.7344,31.9454],[74.73095,31.94112],[74.72244,31.94289],[74.7139,31.9321],[74.71905,31.92377],[74.70657,31.9212],[74.70084,31.92584],[74.69164,31.9266],[74.67705,31.92625],[74.67555,31.92046],[74.66675,31.92264],[74.66774,31.91649],[74.65836,31.91032],[74.6576,31.9019],[74.65437,31.89958],[74.651,31.90228],[74.63633,31.88424],[74.62933,31.88218],[74.61719,31.88932],[74.60735,31.89016],[74.60987,31.87837],[74.60665,31.8686],[74.59764,31.86797],[74.59067,31.84863],[74.58345,31.85192],[74.57592,31.84389],[74.57061,31.8367],[74.57311,31.81612],[74.55792,31.80483],[74.56713,31.79621],[74.55626,31.79261],[74.55124,31.7787],[74.55693,31.77065],[74.55619,31.76685],[74.56252,31.76361],[74.56002,31.75745],[74.54782,31.74957],[74.53292,31.74836],[74.5138,31.74014],[74.50397,31.74042],[74.50285,31.72853],[74.49368,31.72532],[74.4866,31.71506],[74.49924,31.70943],[74.50337,31.70252],[74.50202,31.69553],[74.52437,31.68686],[74.53514,31.67759],[74.5296,31.66929],[74.54031,31.6599],[74.53749,31.65317],[74.53926,31.64825],[74.54489,31.64828],[74.54776,31.64274],[74.54755,31.63203],[74.55118,31.61784],[74.55647,31.61136],[74.55539,31.60784],[74.57528,31.60422],[74.57486,31.59778],[74.58095,31.59426],[74.58095,31.58728],[74.58699,31.5834],[74.5853,31.58141],[74.59209,31.57407],[74.6096,31.56872],[74.60667,31.56249],[74.61609,31.55752],[74.61842,31.55119],[74.61443,31.55112],[74.6129,31.52732],[74.60385,31.52402],[74.59607,31.52603],[74.58423,31.52082],[74.58123,31.50677],[74.5873,31.50419],[74.58014,31.49846],[74.59417,31.49683],[74.59486,31.5015],[74.61076,31.49901],[74.61881,31.48506],[74.63516,31.48463],[74.62796,31.48008],[74.62961,31.47721],[74.63611,31.47706],[74.64768,31.46562],[74.65319,31.45443],[74.64022,31.44801],[74.63946,31.44059],[74.6541,31.42773],[74.64345,31.41609],[74.63359,31.41867],[74.63138,31.42555],[74.62233,31.43012],[74.6194,31.41981],[74.609,31.42367],[74.60291,31.42058],[74.60264,31.41558],[74.59652,31.41628],[74.58722,31.39801],[74.58456,31.38018],[74.5716,31.37161],[74.55388,31.3665],[74.54641,31.33877],[74.54864,31.33504],[74.53676,31.33026],[74.53481,31.31349],[74.52634,31.31175],[74.53432,31.30487],[74.54172,31.30336],[74.5206,31.26898],[74.53262,31.24934],[74.52793,31.23967],[74.51898,31.23335],[74.51701,31.2284],[74.52272,31.22301],[74.52605,31.21197],[74.52504,31.20368],[74.52139,31.20267],[74.5192,31.18351],[74.51061,31.18094],[74.51292,31.16413],[74.51071,31.15776],[74.51517,31.15201],[74.51031,31.13201],[74.54383,31.12105],[74.5485,31.122],[74.55154,31.08643],[74.57169,31.08165],[74.57383,31.08575],[74.58882,31.08763],[74.58664,31.09119],[74.59087,31.09237],[74.59141,31.08851],[74.60082,31.08794],[74.59943,31.09299],[74.60426,31.09311],[74.61063,31.09908],[74.60995,31.11176],[74.59703,31.12594],[74.60095,31.13197],[74.63099,31.13276],[74.63225,31.12151],[74.63639,31.11824],[74.65912,31.13402],[74.66644,31.12445],[74.68935,31.12799],[74.68977,31.11806],[74.69816,31.11237],[74.70241,31.09168],[74.69076,31.08144],[74.69603,31.07422],[74.67123,31.05362],[74.6132,31.04484],[74.5969,31.03766],[74.59038,31.04999],[74.57442,31.05687],[74.57049,31.05297],[74.56824,31.05484],[74.56157,31.04878],[74.55929,31.03923],[74.54793,31.0326],[74.5397,31.00872],[74.54701,30.99244],[74.51607,30.97943],[74.50831,30.96693],[74.50266,30.96447],[74.49828,30.96403],[74.49202,30.9745],[74.48147,30.97052],[74.47974,30.97417],[74.45888,30.96571],[74.4664,30.95681],[74.45157,30.95582],[74.45505,30.95133],[74.44196,30.95164],[74.4395,30.94209],[74.41894,30.94077],[74.41371,30.9296],[74.42877,30.9312],[74.42354,30.92077],[74.41029,30.92342],[74.41109,30.91951],[74.42422,30.91602],[74.42278,30.90781],[74.39729,30.90942],[74.38297,30.89543],[74.36591,30.89298],[74.36693,30.88642],[74.36086,30.87371],[74.38209,30.86041],[74.36477,30.85734],[74.36852,30.85184],[74.36341,30.84725],[74.35508,30.84861],[74.35422,30.85272],[74.34818,30.85501],[74.33882,30.85263],[74.33921,30.84922],[74.33445,30.85113],[74.32043,30.84665],[74.3222,30.83873],[74.3198,30.82742],[74.29471,30.79847],[74.30113,30.78967],[74.30674,30.78908],[74.30341,30.78168],[74.28973,30.77509],[74.274,30.7735],[74.26204,30.77714],[74.26044,30.77007],[74.27363,30.75323],[74.27434,30.74416],[74.28663,30.73558],[74.28145,30.731],[74.27457,30.73558],[74.26085,30.72303],[74.24847,30.72585],[74.24539,30.72576],[74.24522,30.72286],[74.23251,30.72444],[74.22739,30.71887],[74.21915,30.69356],[74.19414,30.66572],[74.18144,30.66128],[74.16937,30.64874],[74.1632,30.6484],[74.14872,30.63138],[74.13783,30.6274],[74.12742,30.63484],[74.12664,30.62414],[74.12106,30.62252],[74.11794,30.60793],[74.105,30.61922],[74.09586,30.61142],[74.10201,30.61095],[74.10141,30.60325],[74.09527,30.60116],[74.09856,30.59057],[74.09623,30.58736],[74.10188,30.57918],[74.07351,30.55467],[74.07996,30.54837],[74.09087,30.54946],[74.07225,30.5229],[74.05737,30.51863],[74.05174,30.5272],[74.05007,30.53717],[74.03918,30.54259],[74.03796,30.53166],[74.03106,30.52691],[74.02376,30.52607],[74.01184,30.53364],[74.01087,30.52103],[74.01986,30.51412],[73.99265,30.51423],[73.98176,30.50376],[73.97586,30.49396],[73.96361,30.48473],[73.96985,30.47539],[73.96415,30.45642],[73.95066,30.45986],[73.9469,30.46383],[73.94771,30.48384],[73.93453,30.49014],[73.93097,30.47549],[73.93199,30.46463],[73.92929,30.46386],[73.93753,30.45211],[73.9371,30.44486],[73.92631,30.43889],[73.94979,30.43684],[73.9599,30.44076],[73.96797,30.43992],[73.97374,30.444],[73.96454,30.42451],[73.95059,30.41852],[73.93687,30.40231],[73.92316,30.39879],[73.9163,30.38579],[73.90433,30.37534],[73.8837,30.3658],[73.88057,30.35941],[73.90235,30.34919],[73.92956,30.32138],[73.95636,30.2755],[73.96422,30.25603],[73.97258,30.19821],[73.82758,30.09202],[73.80666,30.06792],[73.59747,30.01904],[73.39699,29.94593],[73.28223,29.57193],[73.08441,29.23631],[73.0044,29.15299],[72.94588,29.02754],[72.73305,28.94803],[72.47966,28.812],[72.40387,28.78293],[72.35396,28.73257],[72.29896,28.66977],[72.27993,28.60668],[72.20583,28.39403],[72.13247,28.3132],[72.0043,28.21858],[71.92745,28.12237],[71.89846,27.96124],[71.66565,27.87781],[71.38303,27.87247],[71.2034,27.83515],[70.98287,27.74234],[70.96315,27.7293],[70.95138,27.72883],[70.90589,27.70946],[70.87168,27.70563],[70.75947,27.72127],[70.75066,27.73368],[70.73975,27.74229],[70.73255,27.76039],[70.68434,27.82811],[70.67866,27.86944],[70.67724,27.92182],[70.59852,27.99309],[70.5894,28.01044],[70.55447,28.02631],[70.50605,28.03713],[70.43685,28.01981],[70.37245,28.01201],[70.29662,27.93646],[70.22754,27.90224],[70.19724,27.86676],[70.13239,27.8061],[70.04842,27.60888],[70.02595,27.56326],[69.96689,27.52457],[69.93347,27.49809],[69.89223,27.43509],[69.86279,27.40263],[69.78388,27.34323],[69.76128,27.32168],[69.70262,27.2842],[69.64153,27.22227],[69.5858,27.18136],[69.51373,27.01004],[69.49767,26.86763],[69.48441,26.80499],[69.51015,26.74337],[69.72568,26.65182],[69.78832,26.60037],[69.82417,26.58863],[69.89513,26.57858],[69.93504,26.58145],[70.05594,26.60074],[70.11784,26.58681],[70.13969,26.57066],[70.17409,26.55167],[70.18507,26.47957],[70.17721,26.42396],[70.18562,26.3735],[70.17955,26.34406],[70.16343,26.2944],[70.17533,26.25079],[70.16805,26.21752],[70.142,26.15847],[70.0835,26.08364],[70.09879,25.93988],[70.17456,25.82774],[70.19758,25.81495],[70.22224,25.79288],[70.2514,25.75573],[70.26235,25.7205],[70.26897,25.71323],[70.35929,25.67975],[70.38719,25.67385],[70.45328,25.68203],[70.52978,25.68311],[70.60833,25.71455],[70.64791,25.71208],[70.65999,25.70207],[70.67399,25.67553],[70.67358,25.64652],[70.67001,25.63259],[70.67152,25.60953],[70.66773,25.53026],[70.6783,25.52316],[70.67109,25.46142],[70.67192,25.42045],[70.66461,25.39678],[70.73681,25.33226],[70.75148,25.27778],[70.88872,25.14803],[70.91899,24.99956],[70.93783,24.93883],[70.9444,24.92519],[70.98865,24.86936],[71.02773,24.80771],[71.06607,24.71693],[71.09602,24.6888],[71.08571,24.67232],[71.0746,24.66205],[71.04973,24.64863],[71.00888,24.63541],[71.00723,24.62897],[70.99916,24.62252],[70.98629,24.59557],[70.99265,24.56399],[70.98746,24.54352],[71.00279,24.53014],[71.00498,24.52321],[70.99612,24.47494],[70.99862,24.47246],[70.99635,24.46587],[70.9985,24.44437],[71.00873,24.44485],[71.03738,24.43209],[71.06651,24.43693],[71.10315,24.43572],[71.12577,24.42009],[71.11965,24.40245],[71.10679,24.39642],[71.08428,24.39452],[71.06608,24.37624],[71.05775,24.36214],[71.0494,24.35607],[71.02019,24.34726],[71.0034,24.35087],[70.986,24.36528],[70.95487,24.34919],[70.94692,24.34852],[70.91663,24.32106],[70.87825,24.3018],[70.88199,24.30027],[70.87394,24.29485],[70.87519,24.28069],[70.88233,24.27325],[70.90866,24.26326],[70.90668,24.2594],[70.87658,24.24583],[70.85156,24.2449],[70.8362,24.23158],[70.80537,24.22083],[70.714,24.21571],[70.69521,24.21986],[70.66818,24.21949],[70.64438,24.2248],[70.58619,24.24687],[70.583,24.24417],[70.58184,24.24799],[70.57134,24.25175],[70.5745,24.26421],[70.58504,24.27799],[70.58466,24.29041],[70.57938,24.29542],[70.58201,24.30421],[70.56245,24.35506],[70.58046,24.36315],[70.59896,24.40596],[70.6025,24.40815],[70.57314,24.42234],[70.56578,24.42165],[70.55801,24.41985],[70.54822,24.41132],[70.51537,24.40415],[70.46732,24.38768],[70.41166,24.3754],[70.39205,24.3606],[70.36865,24.35091],[70.35403,24.35421],[70.32687,24.35208],[70.2849,24.3408],[70.25888,24.33072],[70.25388,24.32541],[70.21436,24.3213],[70.16598,24.30347],[70.13934,24.30286],[70.10992,24.295],[70.06654,24.19897],[70.05091,24.18953],[70.03863,24.1762],[70.02502,24.17103],[69.73152,24.17104],[69.59429,24.29238],[69.55874,24.28041],[69.51294,24.27],[69.48933,24.26775],[69.46982,24.27111],[69.44448,24.28048],[69.40483,24.27111],[69.38088,24.2693],[69.31276,24.28143],[69.19416,24.23639],[69.09482,24.27444],[69.09382,24.27125],[69.03406,24.23965],[69.02105,24.22833],[69.00342,24.22306],[68.98485,24.22767],[68.96732,24.27214],[68.94538,24.30253],[68.90678,24.27983],[68.8975,24.26376],[68.88403,24.26988],[68.87492,24.28026],[68.87301,24.29701],[68.86284,24.30591],[68.86178,24.32266],[68.85542,24.33135],[68.83591,24.32923],[68.79401,24.31037],[68.78109,24.3106],[68.7752,24.30738],[68.77814,24.31202],[68.77293,24.32128],[68.76366,24.31817],[68.76227,24.31122],[68.75103,24.31558],[68.75158,24.31944],[68.75888,24.31945],[68.75972,24.3237],[68.75339,24.32871],[68.74366,24.34543],[68.73328,24.3418],[68.72178,24.33226],[68.70063,24.30751],[68.70713,24.29027],[68.70418,24.28769],[68.70505,24.27843],[68.69718,24.28137],[68.69494,24.27841],[68.66967,24.2781],[68.66641,24.28968],[68.65782,24.29738],[68.6511,24.29106],[68.64239,24.29078],[68.63482,24.28651],[68.63203,24.27981],[68.62529,24.28031],[68.6282,24.29396],[68.63913,24.30223],[68.6373,24.30377],[68.64234,24.31021],[68.64991,24.31319],[68.65806,24.31166],[68.66005,24.30279],[68.67834,24.29137],[68.68494,24.29177],[68.69081,24.30208],[68.69023,24.31083],[68.68402,24.32189],[68.68313,24.33862],[68.68522,24.34583],[68.69532,24.3537],[68.69573,24.35769],[68.67726,24.38314],[68.67164,24.38287],[68.66434,24.38144],[68.65762,24.37087],[68.65284,24.37227],[68.64627,24.35939],[68.64073,24.3326],[68.64568,24.32103],[68.64288,24.31742],[68.63613,24.31831],[68.63195,24.30916],[68.61592,24.31633],[68.61502,24.33306],[68.59958,24.33108],[68.58664,24.33684],[68.58269,24.34185],[68.57118,24.33937],[68.56966,24.33087],[68.5591,24.33844],[68.55786,24.33058],[68.56167,24.32506],[68.55552,24.31848],[68.56044,24.31721],[68.55581,24.31539],[68.55751,24.31063],[68.56677,24.31323],[68.57086,24.309],[68.56117,24.30717],[68.55628,24.30175],[68.57613,24.28752],[68.5823,24.28754],[68.58287,24.28471],[68.57714,24.2771],[68.56015,24.27834],[68.56664,24.26909],[68.55095,24.25797],[68.55013,24.25424],[68.57148,24.24967],[68.57961,24.25265],[68.58103,24.24673],[68.58609,24.24662],[68.57879,24.24505],[68.57685,24.2372],[68.57984,24.22588],[68.57803,24.22047],[68.58971,24.21175],[68.5879,24.20788],[68.575,24.20502],[68.57151,24.19883],[68.5568,24.19068],[68.54755,24.18962],[68.52571,24.17476],[68.50666,24.16865],[68.48652,24.15275],[68.45294,24.13307],[68.4381,24.12619],[68.43249,24.12707],[68.43054,24.12346],[68.42157,24.12266],[68.42236,24.1345],[68.4305,24.13337],[68.43244,24.13891],[68.4296,24.14663],[68.42624,24.14636],[68.42738,24.14044],[68.42191,24.14016],[68.42455,24.14635],[68.41529,24.1476],[68.41666,24.15404],[68.42143,24.15432],[68.42029,24.15766],[68.41187,24.1602],[68.41275,24.15068],[68.40909,24.1535],[68.40517,24.15117],[68.39784,24.16015],[68.39306,24.16116],[68.3886,24.15651],[68.36979,24.15875],[68.36254,24.14996],[68.35522,24.15508],[68.34458,24.15195],[68.34464,24.13908],[68.34072,24.13906],[68.32903,24.12073],[68.33942,24.11756],[68.33988,24.11023],[68.32486,24.11351],[68.32515,24.11145],[68.31898,24.11194],[68.3175,24.12763],[68.31359,24.1235],[68.30263,24.12821],[68.29478,24.12676],[68.29427,24.11852],[68.28951,24.11669],[68.28398,24.12697],[68.28626,24.12054],[68.28394,24.10946],[68.27189,24.10825],[68.28902,24.10305],[68.29202,24.09277],[68.29441,24.09175],[68.29635,24.09703],[68.30056,24.09499],[68.30736,24.08306],[68.30883,24.07058],[68.29168,24.07912],[68.27515,24.07737],[68.26145,24.07036],[68.25219,24.0725],[68.25368,24.081],[68.24961,24.08201],[68.24375,24.07684],[68.23617,24.0786],[68.24104,24.08429],[68.22688,24.08499],[68.22868,24.0886],[68.23247,24.08759],[68.24336,24.09562],[68.24375,24.1],[68.24056,24.09561],[68.23215,24.09428],[68.23114,24.09891],[68.21923,24.09885],[68.21413,24.10706],[68.20965,24.10523],[68.20794,24.11089],[68.21517,24.11993],[68.22412,24.12384],[68.22773,24.13081],[68.22352,24.13105],[68.22132,24.12383],[68.20649,24.11757],[68.20298,24.11807],[68.20196,24.12424],[68.19775,24.12525],[68.19657,24.13451],[68.18789,24.13189],[68.18869,24.13846],[68.19852,24.13748],[68.20718,24.14319],[68.21656,24.15254],[68.21703,24.15984],[68.22784,24.15887],[68.2368,24.16226],[68.23536,24.16856],[68.22426,24.17017],[68.22909,24.18384],[68.24113,24.18892],[68.24679,24.18097],[68.25745,24.18038],[68.26919,24.18764],[68.26438,24.19508],[68.26707,24.19827],[68.26574,24.20358],[68.25727,24.21152],[68.24857,24.21148],[68.24685,24.21713],[68.23813,24.22069],[68.2384,24.22327],[68.23137,24.22478],[68.22991,24.23455],[68.22345,24.23478],[68.22139,24.22679],[68.21469,24.22083],[68.20279,24.21691],[68.20191,24.22347],[68.20723,24.22594],[68.19852,24.22693],[68.19682,24.22975],[68.17721,24.22372],[68.17962,24.22013],[68.17784,24.21214],[68.17476,24.21135],[68.1776,24.20699],[68.17483,24.20029],[68.17951,24.19311],[68.18725,24.18954],[68.18871,24.1808],[68.19208,24.17979],[68.19705,24.16978],[68.19172,24.17026],[68.18847,24.17436],[68.18287,24.17176],[68.18256,24.17716],[68.17385,24.17866],[68.15146,24.17056],[68.15589,24.15746],[68.15052,24.14275],[68.15483,24.14767],[68.15586,24.14034],[68.16252,24.13098],[68.15844,24.13225],[68.16048,24.09854],[68.15698,24.09878],[68.157,24.11602],[68.15454,24.12785],[68.14945,24.13515],[68.14581,24.13308],[68.14641,24.12729],[68.14155,24.12108],[68.13026,24.11098],[68.11903,24.11285],[68.11997,24.1189],[68.11686,24.12223],[68.12697,24.14056],[68.11797,24.14399],[68.10478,24.14468],[68.09921,24.14014],[68.09925,24.13345],[68.08944,24.13339],[68.0892,24.12696],[68.08612,24.12591],[68.07378,24.12712],[68.07327,24.12017],[68.07019,24.11912],[68.06427,24.12346],[68.06762,24.12503],[68.06758,24.13095],[68.05523,24.13216],[68.05911,24.1381],[68.05848,24.14839],[68.03618,24.16717],[68.01599,24.16575],[68.01915,24.15612],[68.01554,24.15082],[68.00597,24.15475],[67.99888,24.14724],[67.99901,24.12974],[68.00344,24.11947],[68.00037,24.11804],[67.99778,24.12561],[67.99133,24.12608],[67.9928,24.13536],[67.9904,24.13689],[67.9625,24.13644],[67.96374,24.13928],[67.95552,24.14952],[67.95217,24.1477],[67.94573,24.16336],[67.9481,24.1819],[67.94039,24.18236],[67.93922,24.18712],[67.95153,24.19248],[67.96224,24.20336],[67.96454,24.21367],[67.97517,24.21876],[67.98304,24.21702],[67.98757,24.21164],[67.9899,24.21848],[67.98414,24.21908],[67.97828,24.23281],[67.96969,24.23687],[67.96631,24.23775],[67.96116,24.2327],[67.95799,24.22534],[67.95347,24.22904],[67.93887,24.2301],[67.93741,24.23614],[67.93096,24.23648],[67.92866,24.24251],[67.92108,24.24297],[67.91971,24.23859],[67.91495,24.23675],[67.91947,24.23434],[67.91866,24.2306],[67.92287,24.22973],[67.91872,24.22314],[67.9117,24.22347],[67.90921,24.21972],[67.91016,24.20647],[67.91452,24.2056],[67.9178,24.19945],[67.90086,24.17887],[67.90619,24.17839],[67.91399,24.18552],[67.9323,24.19312],[67.93847,24.17695],[67.93317,24.17318],[67.92639,24.17892],[67.9205,24.17811],[67.90599,24.16848],[67.90465,24.14556],[67.89962,24.14295],[67.89875,24.16225],[67.88642,24.1776],[67.89084,24.1851],[67.89239,24.20107],[67.88886,24.20336],[67.88923,24.20954],[67.88708,24.21467],[67.87671,24.21305],[67.87567,24.21896],[67.8658,24.2086],[67.85768,24.20673],[67.84988,24.19998],[67.85279,24.18919],[67.85084,24.18712],[67.84355,24.18707],[67.83843,24.19501],[67.8143,24.19482],[67.81034,24.19736],[67.80784,24.19477],[67.80362,24.19654],[67.80463,24.1932],[67.80004,24.18879],[67.78827,24.18805],[67.78655,24.17659],[67.78099,24.18632],[67.77925,24.17678],[67.7704,24.17826],[67.76722,24.17386],[67.76991,24.17105],[67.76869,24.16666],[67.7735,24.16284],[67.76493,24.16406],[67.76813,24.15173],[67.75999,24.15256],[67.76609,24.14554],[67.76251,24.13804],[67.76608,24.13215],[67.76289,24.12801],[67.76628,24.12572],[67.76,24.12297],[67.75532,24.11379],[67.76572,24.11079],[67.76638,24.09998],[67.76218,24.09995],[67.76165,24.09686],[67.74958,24.09766],[67.7448,24.09981],[67.74193,24.10673],[67.73746,24.10476],[67.71833,24.11104],[67.71051,24.10801],[67.71641,24.10639],[67.71863,24.1086],[67.7367,24.09639],[67.73928,24.09101],[67.73661,24.09579],[67.72659,24.09824],[67.72202,24.09215],[67.72729,24.08448],[67.72337,24.08303],[67.72426,24.07853],[67.7181,24.07771],[67.71695,24.08104],[67.70856,24.07892],[67.70948,24.0712],[67.72078,24.06203],[67.69831,24.06622],[67.70377,24.05365],[67.71027,24.04753],[67.69998,24.05336],[67.6871,24.08028],[67.67818,24.08882],[67.66893,24.089],[67.65724,24.08079],[67.65067,24.13195],[67.64452,24.14425],[67.64218,24.14448],[67.64319,24.13703],[67.63557,24.14159],[67.6368,24.14495],[67.64584,24.15211],[67.66072,24.15018],[67.67416,24.15236],[67.69258,24.16165],[67.69936,24.17072],[67.69692,24.17636],[67.69163,24.17245],[67.68835,24.16368],[67.68166,24.15963],[67.68035,24.16438],[67.68985,24.18132],[67.69602,24.18163],[67.71466,24.17008],[67.73151,24.16739],[67.74255,24.17237],[67.74585,24.17831],[67.74514,24.19375],[67.74844,24.20124],[67.74638,24.21075],[67.74503,24.1904],[67.73829,24.19189],[67.73513,24.21349],[67.73969,24.23411],[67.74704,24.24395],[67.74839,24.25829],[67.75277,24.26034],[67.79182,24.25719],[67.79433,24.24459],[67.80455,24.24146],[67.81831,24.24633],[67.8268,24.25386],[67.8286,24.27163],[67.82533,24.27624],[67.81491,24.28027],[67.81583,24.27166],[67.82549,24.25951],[67.82398,24.25512],[67.81967,24.25136],[67.81811,24.25302],[67.81089,24.27432],[67.79241,24.29914],[67.78252,24.31991],[67.77318,24.32704],[67.7748,24.33452],[67.77869,24.33828],[67.78913,24.33932],[67.7791,24.34021],[67.79289,24.35242],[67.81192,24.36004],[67.82772,24.35818],[67.84441,24.34021],[67.85199,24.34027],[67.85786,24.34417],[67.86149,24.3617],[67.84923,24.3815],[67.84614,24.41203],[67.85457,24.42818],[67.87226,24.44646],[67.88334,24.44873],[67.90339,24.43909],[67.93096,24.43736],[67.9307,24.4344],[67.94675,24.43142],[67.9751,24.43651],[67.98209,24.4408],[67.98917,24.45218],[67.98838,24.46401],[67.98308,24.46964],[67.97792,24.48788],[67.96167,24.49716],[67.93803,24.49944],[67.93602,24.50354],[67.94831,24.51444],[67.95341,24.52657],[67.94655,24.54016],[67.94721,24.54454],[67.97697,24.55337],[67.98144,24.55739],[67.99695,24.55523],[67.98199,24.55855],[67.94272,24.544],[67.94204,24.54013],[67.94886,24.53272],[67.95023,24.52037],[67.93485,24.50868],[67.93363,24.50327],[67.93409,24.49864],[67.93974,24.49675],[67.96451,24.49435],[67.97227,24.49093],[67.9866,24.45705],[67.98345,24.44673],[67.97003,24.43815],[67.95149,24.43545],[67.90588,24.44349],[67.88331,24.45259],[67.87181,24.4498],[67.86035,24.44199],[67.84533,24.42438],[67.84255,24.40506],[67.84504,24.37882],[67.85036,24.36548],[67.85816,24.35704],[67.85808,24.3501],[67.85336,24.34465],[67.84548,24.34627],[67.83807,24.35805],[67.82593,24.36426],[67.79898,24.36122],[67.77721,24.34663],[67.77591,24.35074],[67.77975,24.35978],[67.76499,24.3612],[67.76156,24.35243],[67.76627,24.34461],[67.76851,24.34605],[67.76591,24.3531],[67.77152,24.35418],[67.77469,24.3461],[67.76902,24.33679],[67.76731,24.33883],[67.76299,24.33597],[67.76302,24.33236],[67.76981,24.32779],[67.80531,24.27093],[67.80991,24.25861],[67.80651,24.24752],[67.79836,24.24836],[67.79091,24.26438],[67.7788,24.26853],[67.75913,24.26992],[67.746,24.26325],[67.7289,24.21832],[67.72878,24.20237],[67.73401,24.18414],[67.73352,24.1777],[67.72698,24.17172],[67.71032,24.18317],[67.72126,24.18339],[67.72459,24.1865],[67.72743,24.1842],[67.72232,24.18957],[67.6982,24.18834],[67.67976,24.18085],[67.66984,24.163],[67.65925,24.15647],[67.65606,24.16648],[67.6618,24.16731],[67.66074,24.17527],[67.65097,24.1842],[67.65555,24.18848],[67.63977,24.19478],[67.62303,24.18626],[67.62042,24.18161],[67.62317,24.17365],[67.63331,24.1695],[67.64142,24.17137],[67.64202,24.16842],[67.63419,24.16577],[67.62748,24.15104],[67.63084,24.13769],[67.64374,24.12442],[67.64748,24.11571],[67.64534,24.07888],[67.64113,24.06623],[67.62644,24.07768],[67.62223,24.0779],[67.62286,24.08434],[67.62939,24.08942],[67.62942,24.09985],[67.62325,24.08769],[67.62141,24.08871],[67.61928,24.07865],[67.59701,24.07703],[67.55968,24.08106],[67.57086,24.084],[67.57232,24.0916],[67.58839,24.10925],[67.59201,24.12395],[67.58497,24.12685],[67.58058,24.11793],[67.5817,24.14342],[67.55756,24.14564],[67.54799,24.1359],[67.55102,24.12846],[67.51706,24.15542],[67.48426,24.15393],[67.47536,24.1478],[67.461,24.129],[67.45465,24.13241],[67.4493,24.14573],[67.45251,24.14654],[67.45406,24.13497],[67.45903,24.12949],[67.46709,24.13549],[67.47963,24.15402],[67.512,24.1564],[67.51455,24.17804],[67.50162,24.18049],[67.50353,24.18514],[67.5134,24.18099],[67.51855,24.18374],[67.52136,24.19573],[67.51491,24.19554],[67.52218,24.19793],[67.52242,24.2014],[67.51499,24.20069],[67.52457,24.22163],[67.5355,24.23512],[67.53259,24.24384],[67.52806,24.24727],[67.53243,24.25838],[67.5362,24.25983],[67.53599,24.27784],[67.54266,24.27199],[67.54546,24.27214],[67.54556,24.27562],[67.56731,24.27711],[67.56415,24.28326],[67.55855,24.2814],[67.55763,24.28834],[67.55381,24.29165],[67.55814,24.29298],[67.55774,24.30391],[67.56085,24.30188],[67.58016,24.30811],[67.58163,24.32717],[67.57686,24.327],[67.57569,24.33046],[67.59448,24.33385],[67.59976,24.33867],[67.59926,24.34587],[67.60417,24.34655],[67.60553,24.35004],[67.61384,24.34832],[67.61914,24.35171],[67.61559,24.3549],[67.60918,24.35072],[67.60211,24.35516],[67.59734,24.35408],[67.59739,24.34945],[67.59288,24.35083],[67.58226,24.34609],[67.5773,24.34978],[67.58314,24.3555],[67.57982,24.36331],[67.57174,24.35771],[67.56386,24.35866],[67.56849,24.37131],[67.56346,24.36947],[67.56508,24.37489],[67.57012,24.37699],[67.55938,24.38229],[67.55535,24.39075],[67.54722,24.38938],[67.5473,24.39402],[67.55164,24.39612],[67.54549,24.40532],[67.54603,24.41974],[67.54068,24.42059],[67.54599,24.42296],[67.53976,24.42727],[67.53668,24.4257],[67.53353,24.4312],[67.52706,24.43088],[67.52813,24.42369],[67.52406,24.42339],[67.52415,24.42751],[67.51936,24.42875],[67.51378,24.43757],[67.50486,24.43092],[67.50204,24.44376],[67.49269,24.438],[67.48451,24.43985],[67.48204,24.43507],[67.47475,24.43332],[67.46711,24.43801],[67.4648,24.44287],[67.4748,24.44091],[67.4723,24.4499],[67.49035,24.44506],[67.50173,24.4574],[67.50708,24.45719],[67.50561,24.46232],[67.49667,24.45812],[67.48718,24.45172],[67.49964,24.45583],[67.48922,24.44621],[67.48665,24.44965],[67.47707,24.45123],[67.47361,24.4584],[67.46545,24.45858],[67.46372,24.46216],[67.46437,24.46629],[67.4794,24.46798],[67.46731,24.46812],[67.45993,24.47319],[67.46326,24.47734],[67.4758,24.47464],[67.47306,24.48066],[67.47869,24.4802],[67.48762,24.48531],[67.48272,24.49529],[67.48609,24.49597],[67.48798,24.50255],[67.47215,24.5096],[67.46809,24.51934],[67.45845,24.52541],[67.44492,24.52759],[67.43637,24.53677],[67.43855,24.54258],[67.42876,24.54904],[67.41127,24.55323],[67.41189,24.55954],[67.4161,24.56074],[67.41733,24.57491],[67.40101,24.57435],[67.4007,24.57705],[67.41973,24.58497],[67.42316,24.58115],[67.42066,24.56723],[67.42601,24.56299],[67.45016,24.55904],[67.46497,24.54491],[67.4693,24.54688],[67.46853,24.55228],[67.47728,24.55005],[67.48937,24.57411],[67.49514,24.57468],[67.49195,24.58185],[67.496,24.58447],[67.49317,24.5865],[67.49538,24.58999],[67.50087,24.5894],[67.50237,24.59367],[67.49145,24.61221],[67.48308,24.61779],[67.48612,24.62271],[67.48895,24.6212],[67.48995,24.64347],[67.49433,24.64209],[67.49513,24.63387],[67.49864,24.63519],[67.50189,24.64552],[67.49872,24.6514],[67.50344,24.65763],[67.50007,24.66801],[67.4933,24.66898],[67.48406,24.66515],[67.48119,24.6695],[67.47558,24.66751],[67.46927,24.67658],[67.45944,24.67494],[67.46618,24.68762],[67.46528,24.69172],[67.47339,24.6967],[67.47164,24.69063],[67.47446,24.69027],[67.47625,24.68206],[67.48564,24.67417],[67.49607,24.67312],[67.50024,24.67741],[67.50358,24.69237],[67.50978,24.69269],[67.5093,24.69706],[67.50252,24.69853],[67.50259,24.70445],[67.51455,24.7056],[67.51546,24.70072],[67.51849,24.7059],[67.52789,24.70908],[67.51778,24.7185],[67.511,24.72011],[67.50671,24.7256],[67.50895,24.72678],[67.50776,24.73178],[67.50073,24.73068],[67.51662,24.74487],[67.54071,24.74575],[67.54286,24.74242],[67.54693,24.74323],[67.54972,24.73387],[67.57001,24.73406],[67.55167,24.73543],[67.54844,24.74685],[67.53324,24.7458],[67.52697,24.75166],[67.52192,24.74942],[67.51257,24.75409],[67.50162,24.75025],[67.50115,24.75436],[67.48902,24.75527],[67.48863,24.75269],[67.48328,24.75264],[67.47881,24.76109],[67.4791,24.77164],[67.48389,24.7722],[67.48156,24.77835],[67.4657,24.78411],[67.45476,24.77988],[67.44991,24.78498],[67.43362,24.7803],[67.42796,24.78192],[67.42136,24.79137],[67.39856,24.78817],[67.39834,24.78392],[67.37375,24.78854],[67.36898,24.78695],[67.36628,24.77817],[67.34402,24.77728],[67.3275,24.76951],[67.32375,24.77577],[67.33755,24.78712],[67.33032,24.79025],[67.3055,24.81249],[67.30298,24.81092],[67.29588,24.81457],[67.2816,24.80797],[67.26242,24.80839],[67.2601,24.81326],[67.25101,24.81765],[67.24853,24.81389],[67.21891,24.81496],[67.20431,24.81079],[67.20472,24.80205],[67.20107,24.80098],[67.20073,24.80483],[67.1923,24.80319],[67.18774,24.80635],[67.17653,24.80235],[67.17395,24.80502],[67.16762,24.80443],[67.17295,24.79652],[67.18202,24.79316],[67.17982,24.78901],[67.16743,24.78809],[67.15044,24.79341],[67.14263,24.78843],[67.14159,24.78211],[67.12137,24.77748],[67.09747,24.8015],[67.09515,24.79684],[67.09258,24.79886],[67.09698,24.80577],[67.10289,24.80641],[67.09697,24.80664],[67.09596,24.81743],[67.08832,24.81926],[67.08981,24.81401],[67.0839,24.81367],[67.07933,24.79921],[67.08211,24.79204],[67.10239,24.7748],[67.10148,24.76939],[67.10511,24.76248],[67.08124,24.74816],[67.06238,24.76477],[67.0517,24.7811],[67.03396,24.7981],[67.02031,24.80603],[66.99793,24.81268],[66.98892,24.8123],[66.98165,24.80821],[66.97666,24.812],[66.97312,24.82173],[66.98259,24.83756],[66.99066,24.84435],[66.98082,24.84242],[66.96953,24.82554],[66.97481,24.848],[66.97726,24.85331],[66.98148,24.85388],[66.97381,24.866],[66.97771,24.87141],[66.95487,24.85982],[66.93628,24.85854],[66.93128,24.85448],[66.92699,24.85776],[66.91826,24.85726],[66.91478,24.86312],[66.89745,24.86185],[66.89878,24.86676],[66.89574,24.87122],[66.87489,24.87054],[66.8651,24.86551],[66.8653,24.86217],[66.89703,24.84551],[66.91344,24.8586],[66.91791,24.85288],[66.90569,24.84975],[66.90808,24.84219],[66.9203,24.83632],[66.95913,24.80688],[66.96726,24.80956],[66.98151,24.79072],[66.96233,24.80075],[66.91634,24.83729],[66.9041,24.84394],[66.89876,24.8427],[66.87173,24.85724],[66.85305,24.86135],[66.8342,24.85889],[66.82072,24.83953],[66.8134,24.83916],[66.79467,24.84596],[66.77556,24.84246],[66.75113,24.85265],[66.73131,24.84167],[66.72719,24.83582],[66.71953,24.83827],[66.70751,24.83269],[66.66536,24.82586],[66.65413,24.83816],[66.66128,24.84008],[66.65889,24.8547],[66.6852,24.88058],[66.69198,24.87978],[66.7034,24.88768],[66.7066,24.88245],[66.71501,24.8849],[66.7071,24.88555],[66.70535,24.88861],[66.71269,24.89592],[66.72401,24.92051],[66.70798,24.89894],[66.70149,24.8991],[66.69369,24.89383],[66.69299,24.8861],[66.69181,24.89637],[66.67786,24.93346],[66.68038,24.94199],[66.69608,24.94776],[66.70253,24.95699],[66.70178,24.99737],[66.71081,25.0132],[66.71248,25.04487],[66.70251,25.08742],[66.7126,25.09169],[66.71506,25.09585],[66.71583,25.11515],[66.731,25.12002],[66.73543,25.12523],[66.74211,25.15363],[66.74975,25.16841],[66.74459,25.18788],[66.7244,25.21664],[66.69249,25.25165],[66.62651,25.30642],[66.56203,25.34717],[66.54906,25.3584],[66.54304,25.36936],[66.54152,25.38811],[66.55269,25.38186],[66.55239,25.37594],[66.56475,25.38091],[66.56916,25.37957],[66.56743,25.37439],[66.57822,25.37238],[66.58632,25.37805],[66.58274,25.38725],[66.58656,25.39477],[66.58401,25.39473],[66.58244,25.40216],[66.58525,25.40362],[66.58763,25.41897],[66.59409,25.4219],[66.5819,25.43662],[66.55978,25.45195],[66.56459,25.46592],[66.56263,25.48595],[66.55923,25.48589],[66.55211,25.49478],[66.5519,25.50506],[66.55803,25.51056],[66.55361,25.51872],[66.55782,25.52754],[66.55269,25.5362],[66.55617,25.53909],[66.55032,25.54079],[66.55178,25.54583],[66.54897,25.54488],[66.54711,25.56646],[66.54264,25.56784],[66.5423,25.57281],[66.53356,25.57716],[66.53394,25.58655],[66.52458,25.58652],[66.52074,25.5799],[66.51479,25.58674],[66.51925,25.59042],[66.51817,25.59452],[66.50799,25.59319],[66.4985,25.5857],[66.4969,25.58078],[66.50007,25.57852],[66.49478,25.57354],[66.48769,25.57394],[66.4929,25.58226],[66.48353,25.58299],[66.48368,25.58904],[66.47598,25.59135],[66.47452,25.58657],[66.4721,25.58704],[66.47163,25.59578],[66.46597,25.59491],[66.46196,25.59021],[66.45446,25.58969],[66.44274,25.58023],[66.43071,25.57912],[66.43477,25.58845],[66.44497,25.59583],[66.44669,25.60152],[66.43457,25.59127],[66.42987,25.57885],[66.42043,25.57585],[66.42272,25.58811],[66.41727,25.59097],[66.41301,25.58498],[66.40713,25.5877],[66.39928,25.58371],[66.39637,25.58726],[66.39243,25.58551],[66.38552,25.59066],[66.37756,25.59129],[66.3797,25.59725],[66.37212,25.59364],[66.36869,25.59499],[66.36852,25.6027],[66.36482,25.60341],[66.38437,25.62356],[66.3788,25.62565],[66.3641,25.6232],[66.3595,25.61951],[66.36124,25.61132],[66.34392,25.61177],[66.33986,25.61607],[66.3239,25.60678],[66.31447,25.60982],[66.30886,25.60689],[66.3031,25.61077],[66.29921,25.6197],[66.29553,25.61937],[66.23666,25.59513],[66.24696,25.60972],[66.24749,25.61573],[66.26101,25.62799],[66.263,25.64037],[66.25903,25.6403],[66.25605,25.63394],[66.24227,25.62892],[66.22618,25.61293],[66.22836,25.60448],[66.23678,25.60233],[66.2299,25.58702],[66.22668,25.59146],[66.22174,25.59021],[66.2218,25.59381],[66.21613,25.59384],[66.21639,25.60117],[66.21364,25.6033],[66.20296,25.59937],[66.20202,25.60295],[66.19327,25.60111],[66.18461,25.59542],[66.18409,25.58769],[66.15311,25.5606],[66.14738,25.55098],[66.1406,25.55007],[66.12808,25.54018],[66.13202,25.5355],[66.13098,25.53163],[66.13709,25.53097],[66.12788,25.51897],[66.13043,25.51271],[66.12679,25.51097],[66.12864,25.50458],[66.12157,25.50418],[66.11151,25.49833],[66.10304,25.4853],[66.09373,25.48357],[66.08859,25.47344],[66.08466,25.47182],[66.08792,25.4661],[66.09579,25.4687],[66.10202,25.46076],[66.10814,25.46161],[66.1667,25.4769],[66.17004,25.47954],[66.15811,25.47652],[66.16264,25.48094],[66.17612,25.48583],[66.19143,25.48561],[66.20022,25.49156],[66.20688,25.49118],[66.21164,25.48175],[66.21606,25.48646],[66.22439,25.48765],[66.23007,25.48699],[66.23099,25.48392],[66.2339,25.4868],[66.24219,25.48361],[66.26212,25.48553],[66.26527,25.49048],[66.28564,25.49214],[66.29319,25.4964],[66.31276,25.49573],[66.31702,25.50146],[66.32662,25.49701],[66.33702,25.50067],[66.338,25.4949],[66.34516,25.49156],[66.34494,25.4886],[66.35913,25.48744],[66.35949,25.4841],[66.36967,25.48519],[66.37373,25.48101],[66.38103,25.4841],[66.38166,25.4809],[66.38876,25.48013],[66.39425,25.47508],[66.39654,25.48078],[66.40102,25.47687],[66.41024,25.47639],[66.42804,25.46513],[66.42543,25.46161],[66.41716,25.46417],[66.41893,25.46073],[66.43486,25.45779],[66.44465,25.45012],[66.44972,25.45175],[66.45146,25.44959],[66.46015,25.45424],[66.46282,25.46162],[66.43922,25.46558],[66.43906,25.47355],[66.42542,25.47524],[66.41933,25.48195],[66.41393,25.48263],[66.41328,25.48622],[66.38514,25.49048],[66.37621,25.49713],[66.36512,25.49899],[66.35528,25.50833],[66.33827,25.50815],[66.33733,25.51264],[66.3308,25.51303],[66.30521,25.50382],[66.28648,25.50489],[66.27676,25.50895],[66.26736,25.50655],[66.26429,25.50859],[66.26311,25.50458],[66.2532,25.51057],[66.2571,25.5136],[66.26,25.51057],[66.26804,25.51843],[66.27868,25.51799],[66.28353,25.52296],[66.29269,25.51863],[66.29514,25.52331],[66.30736,25.52199],[66.30644,25.52493],[66.31291,25.52698],[66.32093,25.52327],[66.32996,25.52536],[66.33245,25.52824],[66.32848,25.52829],[66.33274,25.5339],[66.33994,25.53532],[66.34213,25.53896],[66.34956,25.53626],[66.34933,25.53394],[66.33974,25.53145],[66.33819,25.525],[66.3408,25.52864],[66.3503,25.52843],[66.36098,25.51962],[66.38359,25.52693],[66.38881,25.52359],[66.39022,25.51757],[66.37532,25.51204],[66.37548,25.50458],[66.38473,25.49626],[66.41454,25.49383],[66.43121,25.48255],[66.45263,25.48819],[66.46413,25.48029],[66.48231,25.47816],[66.48154,25.47455],[66.4861,25.47295],[66.49422,25.47772],[66.49768,25.47508],[66.49779,25.46968],[66.48264,25.46248],[66.48529,25.45751],[66.48115,25.44547],[66.4864,25.43811],[66.49707,25.4361],[66.50002,25.43049],[66.50449,25.4334],[66.50755,25.42895],[66.51947,25.42812],[66.52649,25.41718],[66.52071,25.40216],[66.51452,25.40013],[66.49377,25.40364],[66.4114,25.44182],[66.36831,25.45661],[66.31085,25.46701],[66.28195,25.46725],[66.13589,25.44982],[66.04212,25.42738],[66.03191,25.42821],[66.02728,25.4321],[66.02085,25.42888],[66.02007,25.43735],[66.01849,25.43269],[66.01352,25.4331],[66.01351,25.4277],[66.01915,25.42872],[66.02946,25.4243],[65.97181,25.41502],[65.8192,25.41545],[65.80635,25.41068],[65.7901,25.39376],[65.77899,25.39102],[65.77203,25.38382],[65.71803,25.37441],[65.70914,25.36917],[65.67453,25.36595],[65.65251,25.3558],[65.62586,25.35345],[65.5165,25.37632],[65.51783,25.37913],[65.53155,25.37851],[65.54377,25.38743],[65.54818,25.4087],[65.5421,25.40238],[65.54101,25.40445],[65.54493,25.44245],[65.54163,25.44071],[65.54184,25.43016],[65.53479,25.41151],[65.51141,25.39725],[65.51235,25.39466],[65.48687,25.38815],[65.48694,25.38467],[65.49912,25.38459],[65.49987,25.37982],[65.50868,25.38147],[65.51255,25.37678],[65.45903,25.39054],[65.42676,25.3768],[65.41455,25.37533],[65.36575,25.38461],[65.34749,25.3777],[65.28297,25.37962],[65.26168,25.37673],[65.24826,25.37089],[65.24319,25.36454],[65.23916,25.34557],[65.22683,25.32929],[65.22619,25.31772],[65.22087,25.31304],[65.19561,25.30879],[65.19268,25.30356],[65.11597,25.3025],[65.04064,25.31642],[64.93236,25.32457],[64.88993,25.32641],[64.80805,25.32177],[64.7868,25.33979],[64.79481,25.32605],[64.80098,25.32263],[64.72753,25.31348],[64.6977,25.30533],[64.66689,25.28806],[64.64805,25.26537],[64.64194,25.25309],[64.63735,25.22741],[64.64219,25.20857],[64.65584,25.2034],[64.67452,25.20461],[64.67447,25.20075],[64.67107,25.20027],[64.67168,25.19332],[64.67464,25.19251],[64.67584,25.1979],[64.68755,25.19622],[64.69072,25.18975],[64.69609,25.18995],[64.69231,25.1824],[64.639,25.17117],[64.62365,25.16477],[64.61319,25.16515],[64.58761,25.15449],[64.58057,25.15701],[64.57767,25.16218],[64.5759,25.17816],[64.58992,25.18007],[64.59633,25.19492],[64.61712,25.2055],[64.61791,25.21218],[64.61247,25.2282],[64.60386,25.24038],[64.59029,25.25198],[64.56978,25.26326],[64.53482,25.27341],[64.51445,25.27414],[64.47492,25.25845],[64.47184,25.24896],[64.47562,25.24571],[64.43253,25.23841],[64.39631,25.23799],[64.38023,25.24226],[64.3744,25.25196],[64.33499,25.27085],[64.2608,25.29453],[64.22973,25.30046],[64.23263,25.30751],[64.22729,25.3118],[64.24361,25.32929],[64.23968,25.33319],[64.24461,25.34421],[64.25656,25.35015],[64.26292,25.34894],[64.26444,25.3452],[64.30588,25.35384],[64.3128,25.35237],[64.31244,25.3579],[64.33391,25.35333],[64.33049,25.35169],[64.33125,25.34345],[64.33662,25.34237],[64.33573,25.35113],[64.3574,25.35209],[64.36475,25.35035],[64.36669,25.34686],[64.38095,25.35599],[64.39516,25.35997],[64.40052,25.35812],[64.40139,25.36043],[64.43104,25.35255],[64.42954,25.35746],[64.43198,25.36013],[64.43588,25.35456],[64.43158,25.35074],[64.43893,25.34939],[64.45098,25.3391],[64.4512,25.33383],[64.47895,25.33355],[64.47721,25.33074],[64.46787,25.33044],[64.47513,25.32201],[64.48505,25.32294],[64.48528,25.31856],[64.49088,25.31413],[64.50584,25.31012],[64.51,25.30313],[64.5192,25.30304],[64.52767,25.29021],[64.54492,25.28939],[64.5524,25.2987],[64.56172,25.29706],[64.56614,25.28839],[64.57711,25.28287],[64.57687,25.28686],[64.58565,25.28677],[64.586,25.29217],[64.59363,25.29157],[64.60035,25.29652],[64.60387,25.30574],[64.61798,25.31292],[64.64861,25.31786],[64.65594,25.31546],[64.65835,25.30552],[64.67568,25.31987],[64.67587,25.32347],[64.66342,25.32438],[64.67337,25.33739],[64.6686,25.34079],[64.64664,25.33949],[64.64162,25.34495],[64.63563,25.34154],[64.63027,25.34302],[64.62726,25.35103],[64.62097,25.34621],[64.61433,25.35786],[64.60581,25.35615],[64.60094,25.35972],[64.56193,25.32472],[64.60636,25.36567],[64.60398,25.36788],[64.5868,25.35353],[64.58441,25.35484],[64.59874,25.36755],[64.60187,25.37987],[64.58243,25.36593],[64.58494,25.36281],[64.58148,25.35847],[64.57314,25.35934],[64.59861,25.37965],[64.59809,25.38325],[64.616,25.39875],[64.60661,25.39564],[64.59817,25.39985],[64.62354,25.41192],[64.62723,25.41214],[64.62915,25.40774],[64.63513,25.40999],[64.64256,25.41454],[64.64251,25.4211],[64.63012,25.41674],[64.62761,25.41921],[64.61428,25.41871],[64.60869,25.42379],[64.58658,25.42326],[64.57873,25.41871],[64.58185,25.40839],[64.57831,25.40868],[64.57582,25.40228],[64.5721,25.39949],[64.56304,25.39971],[64.56608,25.39402],[64.57288,25.39408],[64.57363,25.38635],[64.56908,25.38511],[64.56348,25.38954],[64.55629,25.40313],[64.54835,25.40257],[64.55109,25.40666],[64.55003,25.41233],[64.54023,25.41037],[64.54068,25.41269],[64.55418,25.41563],[64.55053,25.41837],[64.54143,25.41577],[64.52734,25.42132],[64.53009,25.41524],[64.51996,25.42036],[64.51669,25.42014],[64.51479,25.41476],[64.49328,25.41691],[64.48853,25.42197],[64.48442,25.42227],[64.4831,25.41868],[64.47691,25.42209],[64.47485,25.42751],[64.47744,25.43083],[64.46742,25.43376],[64.46519,25.43739],[64.46737,25.44123],[64.46559,25.44703],[64.47012,25.44622],[64.46762,25.45074],[64.44862,25.4499],[64.44916,25.44707],[64.45864,25.4462],[64.45614,25.43876],[64.45215,25.43649],[64.45501,25.42694],[64.45239,25.42105],[64.44487,25.42009],[64.4472,25.41389],[64.43892,25.40806],[64.44404,25.39836],[64.44977,25.40383],[64.45116,25.40137],[64.44682,25.39357],[64.45302,25.39106],[64.46302,25.39804],[64.47263,25.39627],[64.46863,25.39361],[64.47143,25.39114],[64.48446,25.39075],[64.48357,25.38728],[64.48923,25.38735],[64.49033,25.38413],[64.47589,25.38492],[64.47215,25.38045],[64.49439,25.38023],[64.49445,25.37354],[64.49023,25.37615],[64.48649,25.37169],[64.47493,25.37579],[64.46416,25.37513],[64.46101,25.37207],[64.45763,25.37378],[64.46023,25.37825],[64.45858,25.38213],[64.45123,25.38349],[64.43419,25.3798],[64.43198,25.38445],[64.4305,25.3788],[64.42597,25.37936],[64.42006,25.3946],[64.42813,25.4061],[64.42265,25.41002],[64.42439,25.41373],[64.42808,25.41382],[64.41799,25.42344],[64.40741,25.41557],[64.40762,25.40913],[64.40388,25.40428],[64.39991,25.40341],[64.3926,25.40902],[64.38975,25.40699],[64.38106,25.3906],[64.37739,25.39115],[64.3763,25.39502],[64.36479,25.39255],[64.36272,25.39695],[64.34991,25.39114],[64.34426,25.39326],[64.34281,25.38979],[64.32692,25.38724],[64.32982,25.38052],[64.32655,25.37926],[64.32461,25.38314],[64.31681,25.38218],[64.31896,25.38499],[64.30532,25.39361],[64.30495,25.39888],[64.30906,25.39898],[64.30542,25.40338],[64.308,25.40645],[64.30224,25.4101],[64.30353,25.41241],[64.30649,25.41084],[64.31267,25.41876],[64.30844,25.43359],[64.34648,25.43942],[64.35337,25.44721],[64.34407,25.4527],[64.33356,25.45022],[64.33153,25.44612],[64.32398,25.45546],[64.32055,25.45291],[64.31663,25.45719],[64.30981,25.45532],[64.31657,25.4514],[64.31369,25.44727],[64.3051,25.45073],[64.30407,25.44869],[64.29715,25.45132],[64.29051,25.45848],[64.28812,25.46864],[64.28249,25.47165],[64.27735,25.46835],[64.2751,25.4703],[64.27294,25.46697],[64.27685,25.46419],[64.26536,25.46035],[64.25819,25.45269],[64.2531,25.45376],[64.25644,25.4473],[64.24201,25.44974],[64.23637,25.45287],[64.23645,25.46034],[64.24344,25.47893],[64.25618,25.47754],[64.26818,25.48631],[64.27092,25.49041],[64.26909,25.49184],[64.25855,25.48665],[64.24014,25.48835],[64.24069,25.50044],[64.22745,25.49541],[64.22979,25.48818],[64.22763,25.48486],[64.22393,25.48399],[64.22087,25.48942],[64.21434,25.4887],[64.21568,25.4811],[64.21112,25.47895],[64.2015,25.48057],[64.18884,25.47617],[64.18831,25.48029],[64.18478,25.48135],[64.18459,25.47595],[64.1674,25.47261],[64.1479,25.47881],[64.16443,25.48756],[64.16872,25.49138],[64.16761,25.49397],[64.1551,25.49059],[64.15628,25.4956],[64.14463,25.49312],[64.12316,25.50139],[64.10701,25.50229],[64.10562,25.50513],[64.09794,25.50274],[64.09228,25.50471],[64.09084,25.50138],[64.08146,25.49874],[64.08054,25.49116],[64.07484,25.48837],[64.07766,25.48616],[64.08902,25.48827],[64.087,25.48506],[64.07564,25.48283],[64.04985,25.48379],[64.04366,25.48885],[64.03173,25.48714],[64.02556,25.49439],[64.01762,25.49431],[64.01595,25.4987],[64.00943,25.499],[63.99904,25.49328],[63.99751,25.49664],[63.97709,25.4969],[63.9657,25.49106],[63.95634,25.49086],[63.95236,25.48845],[63.95319,25.48587],[63.94298,25.48568],[63.9279,25.47882],[63.90706,25.46042],[63.9036,25.45247],[63.90095,25.45188],[63.89824,25.45636],[63.89553,25.4538],[63.89613,25.43939],[63.89301,25.43851],[63.89091,25.44225],[63.88817,25.4348],[63.88221,25.43458],[63.87659,25.42149],[63.87836,25.4117],[63.90019,25.41311],[63.91009,25.41009],[63.91351,25.41329],[63.92919,25.40701],[63.92874,25.40341],[63.93384,25.40338],[63.9372,25.39847],[63.95078,25.39671],[63.94903,25.39003],[63.95978,25.38726],[63.97028,25.39002],[63.96856,25.3872],[63.97281,25.38704],[63.9873,25.3921],[63.99065,25.38718],[63.99462,25.3869],[64.00175,25.39277],[64.01025,25.39271],[64.02051,25.39972],[64.02674,25.39955],[64.03843,25.40796],[64.03839,25.40345],[64.04233,25.40059],[64.04271,25.37897],[63.95167,25.36531],[63.94428,25.36124],[63.98281,25.36279],[64.02368,25.37242],[64.0316,25.37146],[64.04497,25.37857],[64.05063,25.37802],[64.05371,25.37298],[64.0293,25.3671],[64.0159,25.35729],[64.01672,25.35368],[64.02975,25.35397],[64.03732,25.361],[64.03993,25.35249],[64.04475,25.3531],[64.04444,25.34911],[64.03819,25.34735],[64.04064,25.33576],[64.05221,25.33156],[64.05561,25.33166],[64.05669,25.34105],[64.06288,25.33637],[64.06838,25.351],[64.07194,25.3529],[64.07298,25.34221],[64.06551,25.33017],[64.05613,25.32535],[64.04536,25.32478],[63.87787,25.34363],[63.7792,25.37031],[63.76283,25.37953],[63.73312,25.38548],[63.73508,25.38199],[63.76168,25.37697],[63.76251,25.37439],[63.67944,25.38702],[63.68184,25.38431],[63.6569,25.38416],[63.58999,25.37261],[63.57297,25.36727],[63.55903,25.35484],[63.50909,25.33443],[63.4862,25.31135],[63.48136,25.30364],[63.47918,25.29027],[63.47492,25.28603],[63.46247,25.28749],[63.44964,25.30014],[63.44751,25.2986],[63.4516,25.29602],[63.45848,25.28107],[63.47741,25.27045],[63.47605,25.25064],[63.47885,25.24188],[63.48744,25.2313],[63.49988,25.22972],[63.50566,25.22455],[63.49304,25.21584],[63.49146,25.21121],[63.49569,25.2076],[63.49441,25.20541],[63.34312,25.22823],[63.21073,25.24392],[63.20564,25.2456],[63.20608,25.25513],[63.20112,25.25539],[63.20014,25.26157],[63.19053,25.27033],[63.19039,25.2666],[63.19802,25.25977],[63.19941,25.246],[63.12584,25.25792],[63.09443,25.25511],[63.07659,25.24444],[63.07743,25.2326],[63.05791,25.22939],[63.04376,25.22322],[63.01886,25.22155],[63.0081,25.2101],[62.98292,25.2119],[62.90001,25.23194],[62.84001,25.2427],[62.84737,25.24348],[62.85924,25.25314],[62.86277,25.25958],[62.85767,25.26678],[62.85669,25.25597],[62.84764,25.2485],[62.82897,25.24475],[62.79189,25.25165],[62.75454,25.24747],[62.60221,25.27005],[62.53627,25.26805],[62.47546,25.25755],[62.45898,25.23961],[62.4606,25.22675],[62.47362,25.2246],[62.47137,25.22176],[62.4298,25.21698],[62.39703,25.20732],[62.36966,25.19318],[62.36612,25.19471],[62.36628,25.19085],[62.35135,25.17921],[62.33114,25.15158],[62.32714,25.13226],[62.32806,25.12017],[62.33249,25.11105],[62.34719,25.11073],[62.34298,25.10543],[62.3444,25.10325],[62.3554,25.10883],[62.36418,25.10501],[62.38482,25.1042],[62.38231,25.0975],[62.37582,25.09489],[62.37016,25.0968],[62.35379,25.09197],[62.30743,25.09356],[62.26896,25.09878],[62.26724,25.10212],[62.25875,25.10426],[62.26043,25.10685],[62.28755,25.11007],[62.2895,25.11535],[62.29429,25.11679],[62.31605,25.11895],[62.31966,25.13094],[62.31569,25.15717],[62.30983,25.16847],[62.29987,25.18052],[62.27401,25.20034],[62.24338,25.21305],[62.21704,25.21781],[62.17374,25.21989],[62.13304,25.21476],[62.13189,25.21784],[62.12736,25.21782],[62.08588,25.20316],[62.08365,25.19954],[62.0983,25.20683],[62.12485,25.2124],[62.10142,25.20582],[62.0769,25.19409],[62.06383,25.18282],[62.05685,25.17119],[62.05274,25.15392],[62.07361,25.14196],[62.07136,25.1229],[62.07295,25.11802],[62.08314,25.11628],[62.08466,25.10201],[61.96672,25.11101],[61.90767,25.10853],[61.873,25.09797],[61.86485,25.09238],[61.86251,25.08593],[61.87094,25.07647],[61.85967,25.07201],[61.85595,25.0622],[61.8553,25.04058],[61.85013,25.03526],[61.79542,25.02608],[61.77914,25.01552],[61.77176,25.01894],[61.75371,25.01699],[61.73161,25.0231],[61.73044,25.02721],[61.72619,25.02872],[61.73162,25.03623],[61.72999,25.04342],[61.7407,25.04596],[61.74306,25.05022],[61.73703,25.0732],[61.75984,25.0815],[61.76825,25.08801],[61.76827,25.10036],[61.75665,25.13114],[61.76291,25.12656],[61.76302,25.11627],[61.77159,25.10733],[61.77437,25.09719],[61.77648,25.09863],[61.77351,25.11327],[61.77616,25.11612],[61.78026,25.1159],[61.78029,25.11281],[61.78424,25.11413],[61.79053,25.12139],[61.78636,25.12804],[61.79253,25.13298],[61.78863,25.15586],[61.79086,25.17415],[61.80299,25.17707],[61.80034,25.1876],[61.80919,25.19359],[61.79486,25.19875],[61.79517,25.19528],[61.78922,25.19704],[61.78181,25.20264],[61.78018,25.21009],[61.77044,25.20769],[61.76347,25.21201],[61.75089,25.21113],[61.74348,25.21595],[61.74992,25.2088],[61.74216,25.20668],[61.71838,25.20853],[61.72072,25.20161],[61.71484,25.19589],[61.71059,25.19663],[61.71165,25.20333],[61.70375,25.20197],[61.70285,25.2066],[61.69576,25.20834],[61.72927,25.23591],[61.73495,25.24779],[61.73476,25.25216],[61.72345,25.26493],[61.73333,25.26746],[61.73706,25.27612],[61.71949,25.29243],[61.71695,25.29138],[61.73637,25.27457],[61.72879,25.26845],[61.7234,25.26995],[61.72102,25.26749],[61.73365,25.25035],[61.73106,25.24055],[61.69431,25.21193],[61.69,25.20442],[61.67892,25.19596],[61.67968,25.20382],[61.68459,25.20746],[61.6761,25.20447],[61.67311,25.21019],[61.66436,25.20806],[61.66007,25.18717],[61.66279,25.18411],[61.66131,25.17663],[61.66952,25.17619],[61.66729,25.17283],[61.65684,25.17145],[61.61763,25.17681],[61.65256,25.31013],[61.66793,25.52365],[61.6713,25.53428],[61.67013,25.5547],[61.67653,25.64526],[61.67405,25.64978],[61.67955,25.65278],[61.68047,25.66092],[61.69629,25.66801],[61.69117,25.67607],[61.69593,25.6806],[61.69453,25.69078],[61.70346,25.69097],[61.70612,25.69312],[61.70524,25.69768],[61.71396,25.70793],[61.72636,25.71135],[61.7299,25.71532],[61.72714,25.71896],[61.7282,25.7249],[61.72507,25.7263],[61.73331,25.73511],[61.73309,25.73978],[61.7375,25.74147],[61.74666,25.73315],[61.77376,25.73119],[61.77594,25.7242],[61.7812,25.72128],[61.79833,25.71809],[61.80035,25.72229],[61.80512,25.72244],[61.80998,25.73845],[61.84007,25.74484],[61.84325,25.76028],[61.83758,25.76289],[61.84213,25.78204],[61.8377,25.78292],[61.83629,25.78676],[61.83902,25.78835],[61.83603,25.79149],[61.83624,25.7985],[61.84294,25.79836],[61.84657,25.80357],[61.84579,25.81373],[61.85142,25.81632],[61.84895,25.82246],[61.83806,25.82578],[61.84303,25.83967],[61.83601,25.83911],[61.83168,25.8423],[61.82431,25.84054],[61.82041,25.8492],[61.83221,25.85496],[61.82974,25.85772],[61.83248,25.86558],[61.84355,25.86621],[61.83903,25.87321],[61.84216,25.87775],[61.86283,25.88175],[61.8763,25.87976],[61.88869,25.8819],[61.89044,25.89126],[61.88034,25.89094],[61.87159,25.89497],[61.865,25.90949],[61.85883,25.90879],[61.85686,25.91478],[61.83169,25.91154],[61.82502,25.96041],[61.82195,25.96138],[61.81978,25.97383],[61.83351,25.98206],[61.83384,25.98543],[61.83043,25.98713],[61.83371,25.99101],[61.83044,25.99195],[61.83852,26.00251],[61.83758,26.00935],[61.84429,26.01161],[61.84499,26.01913],[61.83984,26.02514],[61.83101,26.02758],[61.82933,26.03187],[61.83747,26.03231],[61.84094,26.0356],[61.83449,26.04439],[61.83812,26.05216],[61.83316,26.05768],[61.83518,26.06437],[61.8414,26.0652],[61.86017,26.17597],[61.89317,26.23346],[61.88928,26.25197],[61.89494,26.25355],[61.89675,26.26186],[61.90664,26.26124],[61.9153,26.25391],[61.93092,26.25635],[61.95251,26.26547],[61.95837,26.26017],[61.97185,26.27221],[61.98293,26.27761],[61.98428,26.28146],[61.99724,26.28065],[62.00972,26.29871],[62.01411,26.30308],[62.02232,26.30454],[62.02109,26.30751],[62.02876,26.31371],[62.02641,26.32591],[62.03,26.32905],[62.02928,26.33279],[62.03332,26.33444],[62.07082,26.32682],[62.08493,26.31885],[62.09766,26.30667],[62.09573,26.29633],[62.09827,26.29495],[62.09841,26.28577],[62.11057,26.28279],[62.12516,26.27416],[62.17806,26.26554],[62.19607,26.26704],[62.19931,26.26986],[62.2149,26.26796],[62.21632,26.2748],[62.22412,26.28232],[62.21854,26.29264],[62.22759,26.2998],[62.22583,26.30926],[62.23581,26.31347],[62.23579,26.31992],[62.22661,26.32599],[62.22879,26.33274],[62.23358,26.33287],[62.24187,26.3203],[62.26895,26.3238],[62.27324,26.32763],[62.26757,26.33428],[62.25563,26.33649],[62.25022,26.34109],[62.25563,26.36655],[62.28557,26.37931],[62.26947,26.40445],[62.25936,26.40847],[62.26506,26.43895],[62.25786,26.44506],[62.26867,26.44623],[62.28453,26.43955],[62.28821,26.44977],[62.29592,26.45066],[62.29829,26.45454],[62.2987,26.46289],[62.30729,26.4628],[62.30473,26.46878],[62.31451,26.47382],[62.31129,26.48167],[62.31517,26.4836],[62.31374,26.48706],[62.3058,26.4851],[62.29921,26.49043],[62.30367,26.50804],[62.31848,26.52018],[62.33298,26.52043],[62.35504,26.52831],[62.35818,26.53524],[62.36953,26.53971],[62.3881,26.53251],[62.39728,26.5337],[62.40004,26.53746],[62.42029,26.5327],[62.42337,26.55007],[62.43277,26.55917],[62.44049,26.56114],[62.43952,26.56454],[62.4447,26.56712],[62.45029,26.56746],[62.45939,26.56224],[62.47485,26.56875],[62.47905,26.56566],[62.49042,26.56752],[62.49612,26.57227],[62.50611,26.57344],[62.50873,26.57857],[62.5268,26.56956],[62.55504,26.5772],[62.6035,26.57587],[62.60712,26.58196],[62.62248,26.58635],[62.62756,26.59149],[62.63357,26.59054],[62.63669,26.5974],[62.64726,26.60075],[62.648,26.60919],[62.66902,26.61307],[62.6857,26.60096],[62.69088,26.60031],[62.69678,26.60966],[62.71014,26.60851],[62.71961,26.61507],[62.72376,26.61342],[62.72783,26.6197],[62.73191,26.6146],[62.7399,26.61367],[62.73167,26.62486],[62.73348,26.63158],[62.74517,26.63495],[62.75519,26.64576],[62.77949,26.63952],[62.78138,26.6438],[62.79329,26.65126],[62.79649,26.64713],[62.80611,26.64991],[62.81414,26.6473],[62.82439,26.63786],[62.8317,26.64539],[62.83683,26.64157],[62.85325,26.64398],[62.86514,26.64086],[62.88779,26.64633],[62.89505,26.64087],[62.90137,26.64048],[62.9171,26.64568],[62.93087,26.63883],[62.93933,26.64481],[62.945,26.64068],[62.95086,26.64762],[62.96049,26.64521],[62.97185,26.64909],[62.97737,26.64547],[62.98876,26.65002],[62.99655,26.64754],[62.9982,26.639],[63.0139,26.64669],[63.03782,26.62863],[63.04877,26.62754],[63.0547,26.6308],[63.05636,26.63802],[63.0647,26.64214],[63.07531,26.63633],[63.0934,26.64038],[63.09914,26.65039],[63.10686,26.65241],[63.11935,26.64847],[63.14008,26.65119],[63.17281,26.64639],[63.19516,26.64788],[63.19053,26.66436],[63.201,26.67422],[63.18848,26.69531],[63.19061,26.7105],[63.19991,26.71069],[63.20403,26.71847],[63.1947,26.73907],[63.2019,26.75473],[63.19943,26.76684],[63.19444,26.77071],[63.20863,26.77268],[63.19828,26.77617],[63.19172,26.78753],[63.19466,26.79248],[63.1895,26.79445],[63.18755,26.79894],[63.19467,26.80124],[63.19145,26.80422],[63.19493,26.81107],[63.18648,26.83388],[63.18693,26.83654],[63.19884,26.83882],[63.24386,26.84171],[63.24948,26.86774],[63.23698,26.88038],[63.2405,26.88704],[63.23915,26.89803],[63.25319,26.9036],[63.25105,27.09173],[63.26135,27.09385],[63.26036,27.10533],[63.27505,27.11255],[63.27797,27.11957],[63.28217,27.12108],[63.29637,27.11577],[63.30284,27.12733],[63.30746,27.1299],[63.31866,27.12748],[63.32802,27.11749],[63.33408,27.11699],[63.28252,27.21276],[63.27691,27.21814],[63.26613,27.22113],[63.26664,27.22358],[63.25039,27.22733],[63.22566,27.22533],[63.2113,27.23645],[63.19942,27.25719],[63.19258,27.25957],[63.17589,27.25843],[63.14502,27.24262],[63.13779,27.24474],[63.12192,27.2369],[63.1061,27.23883],[63.0894,27.23569],[63.08685,27.2447],[63.05283,27.23363],[63.04054,27.23729],[63.03165,27.2299],[63.0226,27.22959],[63.01971,27.22546],[63.00626,27.22351],[62.99334,27.21575],[62.98411,27.21819],[62.97324,27.21638],[62.9676,27.20873],[62.95354,27.20614],[62.94714,27.20189],[62.94138,27.20385],[62.93357,27.20159],[62.91208,27.20995],[62.91051,27.215],[62.89094,27.2131],[62.873,27.22882],[62.85454,27.21678],[62.82194,27.21841],[62.81185,27.22314],[62.79575,27.24371],[62.78876,27.24598],[62.78431,27.25317],[62.77594,27.25294],[62.77617,27.26042],[62.80898,27.2644],[62.80853,27.27048],[62.81728,27.27935],[62.8135,27.28365],[62.81821,27.28863],[62.81729,27.29392],[62.82404,27.29827],[62.8217,27.30172],[62.82598,27.30916],[62.81775,27.31202],[62.81702,27.31659],[62.81118,27.31727],[62.8099,27.32266],[62.80335,27.32618],[62.80834,27.32862],[62.80458,27.33247],[62.79669,27.33332],[62.79609,27.33701],[62.79294,27.33744],[62.79778,27.3475],[62.795,27.35246],[62.79572,27.36124],[62.80236,27.36454],[62.84841,27.46297],[62.82885,27.7645],[62.76088,28.0205],[62.76527,28.03342],[62.76394,28.03994],[62.79442,28.22633],[62.79332,28.27901],[62.59719,28.24842],[62.57812,28.271],[62.5489,28.29276],[62.52472,28.31843],[62.5158,28.32026],[62.51028,28.32507],[62.50752,28.33829],[62.50239,28.34212],[62.50073,28.35556],[62.49286,28.36037],[62.48825,28.37469],[62.47364,28.37354],[62.45719,28.37894],[62.45432,28.38319],[62.4385,28.39088],[62.43202,28.40448],[62.39142,28.4321],[62.35201,28.43548],[62.32796,28.44983],[62.28438,28.45049],[62.24695,28.46341],[62.23064,28.4619],[62.21864,28.46954],[62.20408,28.47152],[62.16008,28.49314],[62.12947,28.49303],[62.08784,28.50741],[62.04856,28.50792],[62.00295,28.53558],[61.98687,28.5417],[61.96293,28.53993],[61.9101,28.56431],[61.89178,28.58004],[61.88789,28.59314],[61.86538,28.60732],[61.85825,28.61756],[61.83729,28.62486],[61.82589,28.63794],[61.81834,28.64171],[61.80185,28.66005],[61.7882,28.68142],[61.77777,28.68719],[61.77226,28.69944],[61.75677,28.71102],[61.7525,28.71839],[61.72243,28.74504],[61.69643,28.75896],[61.67551,28.77516],[61.6455,28.80559],[61.59897,28.87492],[61.60026,28.88353],[61.57634,28.91517],[61.57575,28.928],[61.53345,29.01024],[61.47879,29.02368],[61.49288,29.04407],[61.50685,29.04305],[61.5115,29.04837],[61.50369,29.05577],[61.50778,29.06023],[61.50355,29.06666],[61.48588,29.07247],[61.48064,29.07736],[61.48112,29.08405],[61.47188,29.09207],[61.48012,29.10111],[61.47372,29.10716],[61.47735,29.10974],[61.4743,29.11396],[61.47559,29.1217],[61.47252,29.124],[61.46975,29.12155],[61.45787,29.12338],[61.45004,29.13189],[61.43271,29.12723],[61.42479,29.13063],[61.42496,29.13539],[61.42102,29.1354],[61.41677,29.14155],[61.41239,29.16029],[61.41437,29.16472],[61.4171,29.16221],[61.42091,29.16406],[61.41284,29.1748],[61.41391,29.17929],[61.42126,29.1834],[61.4197,29.19107],[61.42423,29.19222],[61.42274,29.19624],[61.42803,29.20108],[61.39937,29.21594],[61.37581,29.23837],[61.37229,29.24396],[61.37451,29.24762],[61.37252,29.25149],[61.36675,29.25248],[61.36118,29.26157],[61.36053,29.27385],[61.35291,29.276],[61.35487,29.28016],[61.3523,29.28877],[61.36308,29.29052],[61.37035,29.29745],[61.36491,29.30994],[61.36748,29.31336],[61.36622,29.31897],[61.37216,29.32107],[61.36941,29.32908],[61.37305,29.33927],[61.36129,29.35886],[61.3671,29.36178],[61.36107,29.36892],[61.36013,29.37844],[61.3501,29.38797],[61.34944,29.38141],[61.34183,29.38421],[61.33609,29.37941],[61.30834,29.39537],[61.30081,29.40205],[61.29943,29.41318],[61.16458,29.53372],[60.87297,29.85847],[61.65798,29.63047],[62.46917,29.3887],[63.23332,29.45758],[63.24467,29.45386],[63.26739,29.45742],[63.28721,29.45409],[63.30632,29.45893],[63.3271,29.45832],[63.34748,29.45188],[63.34747,29.46748],[63.57667,29.48708],[64.05429,29.4073],[64.09801,29.37989],[64.10672,29.38151],[64.11673,29.37733],[64.12826,29.37845],[64.12851,29.38329],[64.13447,29.38869],[64.15112,29.39325],[64.15957,29.3917],[64.15727,29.40307],[64.17022,29.41063],[64.16629,29.41877],[64.15927,29.42132],[64.16159,29.42468],[64.15849,29.4279],[64.14667,29.43057],[64.14227,29.43334],[64.1428,29.43713],[64.15261,29.45185],[64.16341,29.4553],[64.16554,29.45928],[64.1589,29.46552],[64.16094,29.46903],[64.17949,29.48342],[64.18996,29.47646],[64.21411,29.48108],[64.21743,29.48515],[64.23126,29.48482],[64.23605,29.49618],[64.2412,29.49479],[64.25297,29.50489],[64.25382,29.5096],[64.24905,29.51251],[64.25046,29.5169],[64.26317,29.522],[64.29323,29.52094],[64.30249,29.52629],[64.30636,29.52337],[64.324,29.52314],[64.32953,29.52023],[64.33542,29.52359],[64.33565,29.52753],[64.34748,29.52535],[64.35959,29.53507],[64.3699,29.53368],[64.3772,29.53711],[64.38236,29.54631],[64.39413,29.54381],[64.40555,29.54894],[64.41779,29.54656],[64.41892,29.54382],[64.42568,29.55124],[64.43129,29.54996],[64.43875,29.55962],[64.45051,29.54847],[64.45789,29.55573],[64.46743,29.55664],[64.47286,29.56176],[64.47277,29.5677],[64.49453,29.56522],[64.50257,29.57097],[64.50514,29.56759],[64.50949,29.56888],[64.50879,29.57175],[64.51519,29.56881],[64.5294,29.57615],[64.54058,29.57274],[64.54525,29.5766],[64.54255,29.57849],[64.54306,29.58749],[64.55215,29.58633],[64.55264,29.58929],[64.56599,29.59028],[64.57496,29.58557],[65.06453,29.52958],[66.25158,29.8492],[66.25982,29.8574],[66.26732,29.85783],[66.27358,29.87231],[66.28694,29.88172],[66.29274,29.89303],[66.308,29.90112],[66.31327,29.91018],[66.31953,29.90733],[66.3349,29.92688],[66.33934,29.92871],[66.3417,29.93812],[66.35201,29.953],[66.36168,29.95479],[66.3734,29.97114],[66.23152,30.06357],[66.22891,30.06875],[66.23051,30.07351],[66.24086,30.0769],[66.24357,30.084],[66.25839,30.09387],[66.26326,30.12313],[66.26777,30.12576],[66.26559,30.12876],[66.27251,30.13097],[66.28896,30.15325],[66.286,30.16884],[66.29465,30.18438],[66.30179,30.20908],[66.31247,30.21308],[66.31875,30.22721],[66.3174,30.23328],[66.32085,30.23375],[66.32092,30.24043],[66.32646,30.24742],[66.3235,30.25196],[66.32343,30.26867],[66.32769,30.27453],[66.32506,30.27791],[66.32523,30.28936],[66.34112,30.31711],[66.33725,30.33488],[66.3392,30.35143],[66.33414,30.35724],[66.34598,30.35461],[66.34498,30.36233],[66.34183,30.36334],[66.34433,30.37693],[66.34175,30.3843],[66.3471,30.38898],[66.34779,30.39495],[66.35265,30.39549],[66.3529,30.40547],[66.36699,30.4209],[66.35634,30.43173],[66.34468,30.43791],[66.33906,30.44562],[66.34833,30.46247],[66.35307,30.46459],[66.35582,30.48395],[66.34888,30.48086],[66.3366,30.48633],[66.32679,30.49727],[66.30803,30.50052],[66.30905,30.50991],[66.29334,30.51789],[66.28656,30.52574],[66.29303,30.54663],[66.27804,30.56891],[66.28818,30.57638],[66.39192,30.94061],[66.42708,30.95306],[66.57838,30.97669],[66.67356,31.06808],[66.68203,31.06577],[66.69203,31.07647],[66.68771,31.08396],[66.6881,31.09182],[66.6934,31.09271],[66.69744,31.10207],[66.69081,31.11132],[66.69213,31.11994],[66.7028,31.1294],[66.70247,31.14029],[66.71513,31.15571],[66.71136,31.16108],[66.718,31.16782],[66.71559,31.18598],[66.72086,31.19678],[66.72879,31.2007],[66.73145,31.20924],[66.76935,31.19925],[66.77967,31.20771],[66.78116,31.20579],[66.79086,31.21068],[66.79675,31.21014],[66.8021,31.2177],[66.81288,31.22306],[66.81464,31.23584],[66.82315,31.24314],[66.82698,31.25532],[66.83401,31.26475],[66.84953,31.26998],[66.85549,31.2689],[66.86641,31.27828],[66.88864,31.28939],[66.90133,31.29376],[66.91703,31.29089],[66.9558,31.30797],[66.96401,31.30817],[66.96629,31.30392],[66.98185,31.30901],[66.99979,31.30927],[67.01231,31.30334],[67.02471,31.30943],[67.03819,31.31013],[67.04277,31.30074],[67.04933,31.29811],[67.05875,31.28641],[67.05088,31.27283],[67.02392,31.2563],[67.0239,31.2372],[67.03462,31.24167],[67.03858,31.23738],[67.04353,31.24164],[67.05177,31.23816],[67.0534,31.22195],[67.07004,31.21386],[67.09113,31.22376],[67.10301,31.22475],[67.1045,31.23214],[67.1264,31.23893],[67.14068,31.23674],[67.1473,31.2402],[67.14727,31.24518],[67.15431,31.24828],[67.15897,31.24458],[67.1698,31.24506],[67.18084,31.22356],[67.19737,31.21717],[67.25093,31.21479],[67.25998,31.21205],[67.25823,31.21042],[67.26291,31.20063],[67.27726,31.19845],[67.27983,31.2042],[67.29774,31.20672],[67.30223,31.21271],[67.30557,31.20828],[67.31001,31.20868],[67.31182,31.20292],[67.32438,31.20749],[67.32964,31.20654],[67.32907,31.20375],[67.33452,31.20733],[67.34459,31.20501],[67.34562,31.21045],[67.36132,31.21134],[67.36213,31.20889],[67.37475,31.20795],[67.37935,31.2138],[67.38513,31.2133],[67.38864,31.20813],[67.39463,31.21362],[67.39919,31.2111],[67.4041,31.21327],[67.40186,31.21588],[67.40872,31.22227],[67.41617,31.21798],[67.42137,31.22283],[67.42597,31.22258],[67.42914,31.22946],[67.43661,31.22483],[67.44755,31.22668],[67.4672,31.23754],[67.47489,31.23419],[67.47831,31.23735],[67.48415,31.23157],[67.49321,31.23578],[67.4936,31.24042],[67.51281,31.24429],[67.52012,31.25207],[67.5354,31.2528],[67.54758,31.26271],[67.56558,31.26266],[67.57145,31.26657],[67.5791,31.26476],[67.5974,31.27074],[67.60468,31.26645],[67.62017,31.26991],[67.62376,31.27422],[67.64047,31.27969],[67.64892,31.27765],[67.65352,31.28355],[67.67651,31.29183],[67.68997,31.30722],[67.72305,31.32679],[67.76496,31.32072],[67.77416,31.32269],[67.7869,31.332],[67.79245,31.34483],[67.79608,31.38287],[67.78569,31.39987],[67.7499,31.41649],[67.6511,31.39231],[67.64563,31.39373],[67.6515,31.39848],[67.63692,31.39675],[67.63078,31.411],[67.63338,31.41353],[67.62866,31.41701],[67.61272,31.4126],[67.59952,31.42621],[67.60882,31.44909],[67.58972,31.47574],[67.5925,31.48455],[67.58216,31.49683],[67.5851,31.50611],[67.56754,31.52303],[67.59172,31.52286],[67.59586,31.52344],[67.59671,31.52704],[67.60087,31.52353],[67.60659,31.527],[67.6143,31.52475],[67.62055,31.52889],[67.6253,31.52363],[67.63954,31.53223],[67.64022,31.52897],[67.65189,31.52667],[67.65503,31.51714],[67.66033,31.51465],[67.68221,31.52075],[67.68657,31.51752],[67.69982,31.51654],[67.70198,31.51353],[67.71649,31.51401],[67.71954,31.52009],[67.74687,31.53091],[67.7554,31.54681],[67.76104,31.54782],[67.76582,31.55629],[67.80129,31.57205],[67.82263,31.60264],[67.84646,31.61455],[67.85815,31.62394],[67.89278,31.63153],[67.90216,31.6246],[67.91491,31.6288],[67.91894,31.63508],[67.95517,31.63451],[67.98415,31.6444],[67.99491,31.65517],[68.00629,31.65839],[68.01596,31.66946],[68.03704,31.6771],[68.05026,31.68483],[68.05308,31.69041],[68.07054,31.69585],[68.07156,31.71659],[68.08365,31.72583],[68.08312,31.72971],[68.0938,31.73622],[68.09398,31.74003],[68.11279,31.74849],[68.1465,31.80447],[68.17103,31.83532],[68.17937,31.817],[68.26553,31.80326],[68.25427,31.78402],[68.27946,31.75695],[68.3665,31.7586],[68.42817,31.75596],[68.44335,31.74958],[68.444,31.7457],[68.45325,31.74265],[68.46073,31.73516],[68.46374,31.7385],[68.46993,31.73485],[68.47568,31.73936],[68.48983,31.73846],[68.49234,31.74095],[68.49481,31.73802],[68.50024,31.7407],[68.52382,31.73512],[68.52609,31.72983],[68.53741,31.73058],[68.54565,31.72073],[68.544,31.71315],[68.56543,31.71454],[68.59112,31.7531],[68.51555,31.75709],[68.4683,31.74748],[68.45817,31.75034],[68.44988,31.76187],[68.44153,31.76326],[68.43301,31.76002],[68.43305,31.76312],[68.475,31.77348],[68.57552,31.83424],[68.6429,31.77781],[68.70855,31.77089],[68.72775,31.69526],[68.75878,31.66779],[68.76753,31.66843],[68.769,31.66565],[68.78093,31.66359],[68.78776,31.65362],[68.78742,31.64007],[68.79178,31.6258],[68.78989,31.6223],[68.7983,31.62638],[68.79535,31.62181],[68.79925,31.61754],[68.80456,31.61796],[68.80293,31.61581],[68.80689,31.61132],[68.81248,31.6125],[68.81568,31.60977],[68.81981,31.61512],[68.82849,31.60551],[68.84034,31.60931],[68.84025,31.60479],[68.8449,31.60695],[68.8435,31.60182],[68.84988,31.59996],[68.85361,31.59492],[68.86405,31.59628],[68.86991,31.60771],[68.87972,31.60346],[68.89699,31.60653],[68.90198,31.59911],[68.91153,31.59714],[68.92765,31.6022],[68.92639,31.60667],[68.93425,31.60587],[68.9354,31.60962],[68.93912,31.60909],[68.9388,31.61493],[68.94354,31.61666],[68.94409,31.62478],[68.94923,31.62745],[68.94822,31.63186],[68.95261,31.63211],[68.95471,31.64234],[68.95999,31.64908],[68.96755,31.64868],[68.96943,31.64358],[68.97524,31.64473],[68.97928,31.63366],[68.99392,31.63701],[68.99354,31.6285],[69.00316,31.63272],[69.00442,31.62743],[69.01943,31.62875],[69.0275,31.64749],[69.03705,31.65187],[69.04642,31.66502],[69.06183,31.67161],[69.07317,31.6718],[69.07069,31.67649],[69.0818,31.68235],[69.08947,31.68992],[69.08916,31.69374],[69.09988,31.6957],[69.10131,31.70036],[69.10418,31.69643],[69.11066,31.70165],[69.11514,31.70081],[69.11885,31.70882],[69.11496,31.71502],[69.12812,31.72044],[69.12479,31.72745],[69.13747,31.73664],[69.1365,31.74085],[69.13932,31.74325],[69.13337,31.75136],[69.13635,31.74876],[69.14135,31.75006],[69.14355,31.75501],[69.14937,31.75349],[69.1453,31.76225],[69.15795,31.76127],[69.15585,31.76857],[69.15951,31.77363],[69.1532,31.77592],[69.15339,31.78717],[69.16135,31.7866],[69.16206,31.79218],[69.16925,31.7934],[69.1638,31.79993],[69.17449,31.7999],[69.18032,31.80591],[69.18142,31.82497],[69.19488,31.83137],[69.19106,31.84237],[69.19223,31.84847],[69.20743,31.85975],[69.21341,31.85788],[69.22577,31.86649],[69.23507,31.86763],[69.2354,31.87337],[69.24228,31.87285],[69.23923,31.87873],[69.24115,31.88022],[69.24793,31.87564],[69.25162,31.88165],[69.26407,31.88664],[69.2732,31.89435],[69.26986,31.89713],[69.27589,31.90304],[69.27468,31.90842],[69.28309,31.91084],[69.28839,31.91964],[69.29415,31.91597],[69.30525,31.92217],[69.30385,31.92534],[69.32642,31.92688],[69.32211,31.93369],[69.3277,31.938],[69.32665,31.94129],[69.32129,31.94254],[69.3241,31.94725],[69.31829,31.9532],[69.31909,31.96717],[69.3127,31.98657],[69.31111,31.98907],[69.30254,31.98688],[69.30003,32.00917],[69.29556,32.01032],[69.28708,32.07295],[69.28983,32.07507],[69.28871,32.08496],[69.2962,32.08834],[69.28116,32.12255],[69.27646,32.12592],[69.27026,32.15683],[69.27366,32.18214],[69.27743,32.18943],[69.26973,32.22544],[69.27489,32.23726],[69.27027,32.26089],[69.27309,32.26945],[69.27187,32.28114],[69.28068,32.28627],[69.27647,32.30669],[69.28347,32.31089],[69.28065,32.32274],[69.28338,32.32506],[69.28201,32.34448],[69.27849,32.36234],[69.24817,32.41555],[69.24823,32.42678],[69.23782,32.45782],[69.24521,32.47185],[69.26062,32.48873],[69.27821,32.52923],[69.28293,32.52762],[69.28908,32.53111],[69.29206,32.53526],[69.2903,32.53745],[69.30513,32.54542],[69.31171,32.54047],[69.3499,32.55781],[69.37084,32.56257],[69.38392,32.56069],[69.38365,32.57107],[69.39181,32.57561],[69.39848,32.58787],[69.40486,32.59146],[69.41355,32.60401],[69.40788,32.60745],[69.40905,32.61119],[69.42019,32.61896],[69.42004,32.62401],[69.42989,32.63488],[69.43143,32.63921],[69.42842,32.64343],[69.44449,32.6469],[69.45375,32.65834],[69.45247,32.67159],[69.43603,32.68794],[69.43744,32.69363],[69.43387,32.69943],[69.43422,32.70455],[69.44306,32.70737],[69.44533,32.71183],[69.44197,32.72918],[69.43445,32.73062],[69.42573,32.7275],[69.41978,32.73224],[69.41856,32.73737],[69.40698,32.74149],[69.40744,32.74824],[69.39329,32.75831],[69.38764,32.76785],[69.39117,32.78056],[69.40591,32.79156],[69.40667,32.80035],[69.44094,32.80384],[69.44726,32.81931],[69.45826,32.82701],[69.4572,32.83229],[69.46828,32.83646],[69.4621,32.84312],[69.46338,32.85083],[69.46942,32.85491],[69.54667,32.87505],[69.51896,32.88354],[69.51455,32.88106],[69.50519,32.88217],[69.49636,32.88692],[69.50382,32.88997],[69.50658,32.89618],[69.50379,32.9073],[69.50612,32.90963],[69.49537,32.933],[69.49626,33.0202],[69.51026,33.0314],[69.51947,33.04542],[69.5364,33.05375],[69.55931,33.07196],[69.56307,33.08014],[69.5662,33.08054],[69.56629,33.08529],[69.57185,33.08851],[69.57285,33.09863],[69.58167,33.10265],[69.60161,33.09797],[69.60789,33.10091],[69.62498,33.10114],[69.64187,33.0982],[69.65372,33.08938],[69.65804,33.08972],[69.66383,33.10008],[69.67167,33.1009],[69.67568,33.09641],[69.68602,33.09607],[69.69093,33.09203],[69.70069,33.09354],[69.70526,33.09034],[69.73043,33.09366],[69.73125,33.10541],[69.73729,33.11421],[69.74665,33.1183],[69.76737,33.11763],[69.78369,33.12747],[69.7909,33.12599],[69.79509,33.13238],[69.8192,33.10668],[69.83916,33.09875],[69.85026,33.10023],[69.87275,33.09402],[69.87881,33.09468],[69.88595,33.10314],[69.90864,33.10269],[69.91745,33.10602],[69.92511,33.10328],[69.92876,33.10978],[69.92438,33.11901],[69.93536,33.11945],[69.93929,33.13173],[69.97055,33.13237],[69.98105,33.14161],[69.99239,33.13925],[70.00473,33.14517],[70.02069,33.13844],[70.03983,33.16425],[70.06508,33.20732],[70.06214,33.21252],[70.0715,33.21934],[70.07918,33.21873],[70.09581,33.20487],[70.10458,33.20585],[70.10544,33.20899],[70.11351,33.20883],[70.11952,33.2046],[70.12223,33.2108],[70.12991,33.21568],[70.14479,33.21803],[70.14915,33.2145],[70.15671,33.21966],[70.16428,33.21848],[70.16694,33.22762],[70.16449,33.23155],[70.17138,33.23816],[70.18458,33.23647],[70.18734,33.24263],[70.20305,33.24622],[70.22614,33.26095],[70.24747,33.27922],[70.26421,33.30024],[70.27167,33.29877],[70.27897,33.30503],[70.28528,33.31321],[70.28614,33.32158],[70.29126,33.32293],[70.29426,33.32817],[70.29996,33.32901],[70.30947,33.33835],[70.32693,33.33218],[70.32197,33.33972],[70.32842,33.34322],[70.32509,33.35567],[70.3106,33.36371],[70.31186,33.37043],[70.30915,33.37324],[70.31082,33.37872],[70.32447,33.39009],[70.31776,33.40072],[70.29966,33.40812],[70.29677,33.43024],[70.28378,33.43602],[70.26947,33.42935],[70.25702,33.43449],[70.24485,33.45172],[70.24752,33.46802],[70.24384,33.47185],[70.24016,33.47063],[70.23219,33.47485],[70.2205,33.47254],[70.21755,33.47518],[70.21828,33.48097],[70.2147,33.48352],[70.20917,33.48133],[70.19971,33.4877],[70.20886,33.49629],[70.2072,33.50349],[70.19636,33.50628],[70.18909,33.50464],[70.1834,33.51298],[70.17281,33.51876],[70.17466,33.52343],[70.172,33.5245],[70.17099,33.53855],[70.20035,33.62167],[70.19533,33.62485],[70.19932,33.63305],[70.1953,33.63641],[70.19996,33.64269],[70.19195,33.64638],[70.17658,33.64119],[70.16912,33.64952],[70.1434,33.65824],[70.15232,33.68058],[70.15329,33.69504],[70.14335,33.69959],[70.14647,33.70555],[70.14,33.71188],[70.14262,33.7249],[70.13132,33.72375],[70.12557,33.72828],[70.1123,33.72503],[70.10688,33.71767],[70.09743,33.71967],[70.08846,33.71698],[70.08163,33.72542],[70.0592,33.72684],[70.05341,33.73165],[70.04321,33.73564],[70.03794,33.734],[70.0308,33.73857],[70.01965,33.73722],[70.01457,33.72876],[70.00434,33.73151],[69.99526,33.74126],[69.98976,33.74299],[69.98945,33.74848],[69.97156,33.75854],[69.96434,33.76838],[69.96159,33.78196],[69.96587,33.78858],[69.96605,33.79628],[69.96027,33.80267],[69.95895,33.81459],[69.95535,33.82414],[69.95201,33.82497],[69.94983,33.8356],[69.91754,33.85006],[69.91351,33.859],[69.91701,33.868],[69.9138,33.8809],[69.91541,33.88683],[69.90856,33.89893],[69.89227,33.90687],[69.88715,33.91503],[69.87444,33.92168],[69.85891,33.92464],[69.86113,33.9398],[69.85632,33.94369],[69.85613,33.94901],[69.86197,33.95511],[69.85861,33.95907],[69.86042,33.96478],[69.87402,33.96976],[69.87248,33.9755],[69.87929,33.98009],[69.90164,33.9823],[69.90322,33.98891],[69.8952,33.9971],[69.88866,34.01946],[69.89263,34.02076],[69.90455,34.03967],[69.93698,34.03507],[69.96574,34.04012],[69.97726,34.03517],[69.99394,34.04771],[69.99907,34.04768],[70.01127,34.04001],[70.02699,34.04162],[70.04867,34.03499],[70.06333,34.02705],[70.06905,34.01943],[70.08149,34.01605],[70.08782,34.00856],[70.10096,34.00758],[70.1183,34.01107],[70.12481,34.00865],[70.13094,34.01342],[70.1489,34.01408],[70.15867,34.00151],[70.17535,33.99781],[70.19413,33.98315],[70.2013,33.98086],[70.22404,33.98761],[70.24382,33.97559],[70.25222,33.97768],[70.25448,33.9813],[70.27945,33.98376],[70.2988,33.97751],[70.30525,33.97052],[70.3166,33.96701],[70.33292,33.96893],[70.33972,33.96599],[70.34421,33.96829],[70.35309,33.96667],[70.36131,33.96081],[70.37357,33.96564],[70.37565,33.96936],[70.39565,33.96214],[70.41426,33.96733],[70.42211,33.96622],[70.43716,33.95065],[70.49829,33.94002],[70.50561,33.94181],[70.51354,33.94968],[70.54669,33.94299],[70.55184,33.94989],[70.58414,33.96234],[70.6337,33.95877],[70.6427,33.95235],[70.64822,33.95227],[70.65683,33.95714],[70.67748,33.95834],[70.68546,33.963],[70.70712,33.96079],[70.71497,33.96475],[70.74489,33.96133],[70.75311,33.96602],[70.77919,33.96097],[70.78972,33.96701],[70.81091,33.96711],[70.82211,33.97851],[70.8356,33.97822],[70.84387,33.98296],[70.85478,33.98389],[70.86109,33.98274],[70.86641,33.9724],[70.87224,33.97133],[70.8833,33.97382],[70.8891,33.98064],[70.90106,33.9849],[70.9108,33.99297],[70.91929,33.99442],[70.92056,33.99816],[70.91396,34.01057],[70.93549,34.00689],[70.93741,34.01343],[70.95131,34.01856],[70.95501,34.01701],[70.95732,34.02278],[70.96893,34.03046],[70.97374,34.02654],[70.99158,34.02824],[71.00081,34.02485],[71.02521,34.0429],[71.02435,34.04764],[71.0314,34.0547],[71.03981,34.05087],[71.04191,34.05303],[71.05996,34.05006],[71.07655,34.0564],[71.08149,34.06217],[71.08197,34.07568],[71.07512,34.08018],[71.07994,34.08719],[71.07303,34.09583],[71.07085,34.10929],[71.09369,34.12012],[71.09066,34.13181],[71.13021,34.16459],[71.12228,34.18635],[71.12355,34.20714],[71.13866,34.22549],[71.11891,34.24082],[71.12531,34.2446],[71.12411,34.25866],[71.13087,34.27318],[71.13093,34.28298],[71.15169,34.29465],[71.15208,34.30815],[71.15823,34.3126],[71.1567,34.32558],[71.1653,34.32802],[71.17018,34.33406],[71.16699,34.34046],[71.17616,34.36182],[71.17291,34.36489],[71.14513,34.36501],[71.13605,34.37133],[71.12051,34.37271],[71.11559,34.37722],[71.12187,34.39149],[71.11918,34.39556],[71.12647,34.40661],[71.126,34.41629],[71.11527,34.41979],[71.11563,34.42518],[71.1075,34.43362],[71.09688,34.43717],[71.09324,34.43732],[71.09168,34.43392],[71.07825,34.43778],[71.05853,34.42438],[71.05145,34.43035],[71.05196,34.43438],[71.03794,34.43999],[71.03959,34.4447],[71.02358,34.45126],[71.02249,34.46416],[71.01677,34.47203],[71.01293,34.48902],[71.00432,34.49934],[71.01755,34.50998],[71.0135,34.52109],[71.01504,34.52976],[71.01154,34.53343],[71.01452,34.53977],[71.02346,34.55026],[71.02519,34.55927],[71.04152,34.57497],[71.07012,34.58754],[71.08587,34.58467],[71.09175,34.60197],[71.10319,34.61701],[71.11775,34.62823],[71.10929,34.63605],[71.1084,34.64296],[71.09931,34.64795],[71.09239,34.66115],[71.09422,34.67075],[71.08885,34.67337],[71.09681,34.69007],[71.10554,34.69577],[71.10735,34.70246],[71.15027,34.71422],[71.15242,34.72697],[71.16984,34.72847],[71.17673,34.73192],[71.18682,34.74979],[71.226,34.7528],[71.22462,34.76265],[71.23812,34.77881],[71.24017,34.78714],[71.24996,34.7926],[71.26354,34.79491],[71.26912,34.80008],[71.27736,34.79946],[71.28878,34.81823],[71.28852,34.82495],[71.29389,34.83586],[71.2907,34.84566],[71.29516,34.85126],[71.29319,34.86382],[71.29612,34.87738],[71.30438,34.87856],[71.32923,34.89473],[71.34776,34.9126],[71.38423,34.9165],[71.39376,34.92273],[71.42743,34.93243],[71.43305,34.94432],[71.43869,34.94605],[71.44927,34.94334],[71.46587,34.94945],[71.47508,34.9494],[71.4821,34.96177],[71.48928,34.9634],[71.49942,34.97185],[71.51217,34.9751],[71.50723,34.98507],[71.50779,34.9931],[71.50215,34.99981],[71.5056,35.00582],[71.54247,35.01736],[71.55314,35.02301],[71.55832,35.03258],[71.54256,35.05412],[71.54265,35.07349],[71.53167,35.08113],[71.53227,35.09122],[71.56218,35.11385],[71.5773,35.11876],[71.58957,35.13853],[71.60014,35.14098],[71.60978,35.13753],[71.62498,35.13902],[71.63402,35.16256],[71.64663,35.17419],[71.65616,35.17506],[71.65937,35.18597],[71.68043,35.20461],[71.68138,35.21259],[71.6808,35.21596],[71.65409,35.22626],[71.64322,35.22213],[71.63148,35.2263],[71.62342,35.2394],[71.60027,35.26018],[71.59005,35.26038],[71.58201,35.26687],[71.57763,35.27579],[71.56141,35.28006],[71.55395,35.29066],[71.55355,35.30176],[71.55663,35.30341],[71.54312,35.31028],[71.56175,35.32619],[71.56983,35.34195],[71.57835,35.3461],[71.58719,35.3558],[71.60871,35.39319],[71.61829,35.3975],[71.62057,35.40579],[71.63604,35.40931],[71.64104,35.42426],[71.65536,35.43727],[71.65702,35.44314],[71.64804,35.45779],[71.63344,35.46671],[71.62079,35.47993],[71.60539,35.48237],[71.60074,35.49453],[71.5939,35.50022],[71.59747,35.50585],[71.59691,35.51484],[71.60205,35.52326],[71.59916,35.53732],[71.60481,35.53837],[71.61047,35.5448],[71.60935,35.54732],[71.61628,35.55095],[71.61795,35.56071],[71.6214,35.56384],[71.62041,35.5712],[71.60977,35.58075],[71.585,35.57879],[71.55804,35.5898],[71.54666,35.59975],[71.52111,35.60634],[71.51686,35.61412],[71.5053,35.62128],[71.5062,35.62461],[71.49954,35.62961],[71.51172,35.64486],[71.5066,35.65934],[71.51263,35.66342],[71.52051,35.66165],[71.52686,35.66712],[71.5396,35.67092],[71.53323,35.68379],[71.55205,35.69332],[71.55184,35.69874],[71.54809,35.70129],[71.5506,35.70546],[71.54964,35.71556],[71.5534,35.72183],[71.55084,35.72695],[71.53995,35.72909],[71.52979,35.73622],[71.52136,35.73465],[71.50868,35.7388],[71.50336,35.7472],[71.49431,35.74913],[71.49393,35.75316],[71.4904,35.75444],[71.49006,35.76267],[71.48388,35.76893],[71.49009,35.77792],[71.48942,35.78137],[71.48354,35.78518],[71.48426,35.78843],[71.50346,35.80093],[71.47988,35.80901],[71.47692,35.8129],[71.47806,35.82157],[71.46054,35.83282],[71.46101,35.83763],[71.44991,35.86128],[71.43499,35.87353],[71.43108,35.88803],[71.41866,35.88977],[71.41334,35.89418],[71.40571,35.89077],[71.39599,35.89142],[71.3821,35.90329],[71.39004,35.91634],[71.38585,35.92012],[71.38506,35.92945],[71.37719,35.93376],[71.3877,35.94204],[71.3848,35.9462],[71.38829,35.95104],[71.3859,35.95382],[71.36862,35.9682],[71.34283,35.9612],[71.31929,35.95963],[71.3191,35.9688],[71.31286,35.97145],[71.31338,35.98218],[71.30467,35.98233],[71.29639,35.99028],[71.29324,35.98911],[71.2888,35.99752],[71.25806,35.99863],[71.22915,36.02874],[71.21264,36.0272],[71.20149,36.03949],[71.19502,36.03934],[71.19978,36.04721],[71.1989,36.05333],[71.20884,36.06191],[71.20888,36.06876],[71.21515,36.07406],[71.21441,36.08236],[71.21783,36.08751],[71.2301,36.09525],[71.24479,36.09224],[71.25212,36.09886],[71.25416,36.10253],[71.24304,36.10886],[71.24356,36.11382],[71.24777,36.11819],[71.25138,36.11683],[71.25375,36.12242],[71.25088,36.1297],[71.2636,36.13875],[71.27389,36.13766],[71.28309,36.1429],[71.29297,36.14933],[71.29463,36.15643],[71.3077,36.15904],[71.31044,36.16518],[71.31942,36.16905],[71.34557,36.16713],[71.35743,36.18309],[71.36065,36.20383],[71.37611,36.20329],[71.37945,36.20658],[71.39195,36.20831],[71.43613,36.23273],[71.43992,36.25126],[71.44605,36.25913],[71.44249,36.26551],[71.44498,36.26918],[71.46231,36.27769],[71.47499,36.27911],[71.48244,36.29],[71.48078,36.29531],[71.48298,36.29727],[71.48859,36.29914],[71.49375,36.2953],[71.5063,36.29976],[71.51198,36.30748],[71.52126,36.31001],[71.51945,36.31763],[71.52443,36.3236],[71.51958,36.33044],[71.5227,36.33333],[71.52699,36.33475],[71.5395,36.32745],[71.57446,36.32709],[71.58674,36.34858],[71.58101,36.34989],[71.57424,36.35809],[71.56444,36.36341],[71.55817,36.37195],[71.57664,36.37781],[71.58542,36.38631],[71.59725,36.39089],[71.59661,36.39549],[71.61592,36.40328],[71.6139,36.40889],[71.62571,36.41873],[71.6228,36.4324],[71.62874,36.43461],[71.62803,36.43929],[71.64009,36.44177],[71.63355,36.45285],[71.6393,36.46054],[71.63712,36.47691]],[[67.99739,24.55492],[68.02113,24.55572],[68.0263,24.55975],[68.02933,24.56903],[68.01864,24.58595],[67.98574,24.61713],[67.95661,24.6334],[67.95743,24.6522],[67.96439,24.67213],[67.98291,24.68789],[67.99954,24.68761],[68.00565,24.69782],[67.9981,24.69082],[67.98627,24.691],[67.96249,24.67153],[67.95629,24.65476],[67.9542,24.63467],[67.96767,24.62306],[67.97217,24.62334],[67.98633,24.61417],[68.02165,24.57902],[68.02652,24.5685],[68.02502,24.56154],[67.99739,24.55492]]],[[[68.74405,24.30463],[68.74795,24.30682],[68.74628,24.30064],[68.74319,24.30141],[68.74405,24.30463]]],[[[68.50867,24.15514],[68.50501,24.15899],[68.50865,24.1617],[68.50867,24.15514]]],[[[68.45253,24.09664],[68.44846,24.0983],[68.44814,24.10783],[68.44278,24.11604],[68.44791,24.12842],[68.49773,24.15497],[68.49802,24.15227],[68.48011,24.14282],[68.47539,24.13096],[68.48101,24.12686],[68.47681,24.1271],[68.4631,24.11843],[68.46298,24.11328],[68.45724,24.11043],[68.45253,24.09664]]],[[[68.21928,24.09035],[68.21756,24.09627],[68.22205,24.09552],[68.21928,24.09035]]],[[[68.20732,24.07395],[68.20424,24.07432],[68.20506,24.07741],[68.20829,24.07614],[68.20732,24.07395]]],[[[68.15957,24.08811],[68.15729,24.09466],[68.16008,24.09545],[68.15957,24.08811]]],[[[68.15338,23.70454],[68.14638,23.70656],[68.15588,23.70713],[68.15338,23.70454]]],[[[68.11118,23.70327],[68.08403,23.70826],[68.10305,23.70657],[68.11118,23.70327]]],[[[68.08815,24.11666],[68.0892,24.1267],[68.09479,24.13008],[68.10181,24.12935],[68.10127,24.12587],[68.0951,24.12609],[68.09512,24.12262],[68.09063,24.12375],[68.08815,24.11666]]],[[[68.09825,24.11607],[68.09682,24.12108],[68.10103,24.12059],[68.09825,24.11607]]],[[[68.09096,23.71628],[68.08648,23.71664],[68.08759,23.7191],[68.09096,23.71628]]],[[[68.08397,23.75691],[68.07961,23.76036],[68.07901,23.76602],[68.08165,23.78843],[68.08071,23.76269],[68.08397,23.75691]]],[[[68.07286,23.70588],[68.05994,23.71443],[68.05593,23.72804],[68.0583,23.72832],[68.05876,23.72317],[68.06408,23.7223],[68.06116,23.7201],[68.06359,23.71239],[68.07395,23.70988],[68.07286,23.70588]]],[[[68.07206,24.09236],[68.0698,24.09518],[68.06167,24.09526],[68.06164,24.09873],[68.07399,24.09701],[68.07206,24.09236]]],[[[68.04077,24.11572],[68.04597,24.1321],[68.04978,24.12981],[68.04077,24.11572]]],[[[67.99925,24.68864],[67.99978,24.69276],[68.00344,24.69317],[67.99925,24.68864]]],[[[67.9687,23.76314],[67.96056,23.76617],[67.97595,23.76589],[67.9687,23.76314]]],[[[67.93753,24.18801],[67.93383,24.19467],[67.94444,24.20067],[67.94213,24.20914],[67.94829,24.21086],[67.96207,24.20722],[67.93753,24.18801]]],[[[67.94205,23.77312],[67.93865,23.77851],[67.94172,23.77878],[67.94205,23.77312]]],[[[67.92192,23.84004],[67.9128,23.84293],[67.90033,23.86112],[67.89486,23.86288],[67.87074,23.88484],[67.87227,23.8864],[67.89003,23.87186],[67.92192,23.84004]]],[[[67.89863,24.14385],[67.8958,24.14653],[67.89972,24.14733],[67.89863,24.14385]]],[[[67.88563,24.12329],[67.88633,24.139],[67.89018,24.13182],[67.88563,24.12329]]],[[[67.88999,24.13799],[67.88448,24.14259],[67.88626,24.14775],[67.88935,24.14674],[67.88999,24.13799]]],[[[67.86931,24.19266],[67.86814,24.1978],[67.8754,24.20275],[67.88523,24.20102],[67.8854,24.19742],[67.86931,24.19266]]],[[[67.86911,24.18391],[67.86725,24.18802],[67.86946,24.19189],[67.86911,24.18391]]],[[[67.8415,24.35074],[67.83582,24.35765],[67.83949,24.35613],[67.8415,24.35074]]],[[[67.83069,23.84079],[67.83635,23.84881],[67.83655,23.85808],[67.83792,23.84547],[67.83069,23.84079]]],[[[67.78228,24.16793],[67.77989,24.16855],[67.77913,24.17485],[67.78228,24.16793]]],[[[67.77778,23.81374],[67.76454,23.82328],[67.77155,23.82179],[67.77778,23.81374]]],[[[67.74378,24.17572],[67.73917,24.18727],[67.74411,24.18448],[67.74378,24.17572]]],[[[67.7269,24.06684],[67.72213,24.06706],[67.72069,24.07104],[67.7269,24.06684]]],[[[67.70651,23.80659],[67.70814,23.81175],[67.71598,23.81066],[67.72657,23.81461],[67.72578,23.81023],[67.70651,23.80659]]],[[[67.60993,24.02272],[67.61099,24.04074],[67.59071,24.06333],[67.62212,24.0622],[67.62181,24.0649],[67.62965,24.06497],[67.63587,24.06027],[67.64738,24.05883],[67.65154,24.06272],[67.65364,24.07638],[67.67092,24.08593],[67.67835,24.08561],[67.68094,24.07945],[67.67901,24.07635],[67.69513,24.04869],[67.70191,24.04295],[67.70057,24.03728],[67.69552,24.03724],[67.69446,24.04585],[67.68249,24.05167],[67.68242,24.05823],[67.67205,24.05801],[67.6665,24.0523],[67.65283,24.04691],[67.64926,24.03954],[67.64504,24.04092],[67.637,24.03248],[67.62019,24.03272],[67.61566,24.03654],[67.60993,24.02272]]],[[[67.6528,24.15706],[67.6466,24.15932],[67.64797,24.16268],[67.6528,24.15706]]],[[[67.63776,24.17353],[67.62757,24.18141],[67.63368,24.18765],[67.64076,24.18153],[67.64139,24.17485],[67.63776,24.17353]]],[[[67.5968,24.01899],[67.59382,24.02205],[67.59471,24.03107],[67.5878,24.03487],[67.58218,24.04871],[67.57698,24.05072],[67.57164,24.03935],[67.5599,24.03628],[67.55579,24.041],[67.55389,24.04768],[67.56054,24.05404],[67.55628,24.05902],[67.56072,24.06318],[67.58621,24.06496],[67.59637,24.05837],[67.60861,24.04098],[67.60629,24.03529],[67.61042,24.02864],[67.60688,24.01947],[67.5968,24.01899]]],[[[67.60855,23.99439],[67.60826,24.0088],[67.61038,24.00702],[67.60855,23.99439]]],[[[67.59183,24.34425],[67.58703,24.34653],[67.59206,24.34902],[67.59183,24.34425]]],[[[67.55428,24.03816],[67.54834,24.04273],[67.54137,24.03971],[67.53628,24.04403],[67.52929,24.04255],[67.5287,24.04512],[67.54044,24.04729],[67.54083,24.05013],[67.53978,24.05642],[67.53262,24.05751],[67.53159,24.06188],[67.56153,24.06641],[67.55095,24.06026],[67.55079,24.04893],[67.54549,24.04657],[67.55169,24.04431],[67.55428,24.03816]]],[[[67.55688,24.0809],[67.54649,24.08287],[67.55067,24.08471],[67.55688,24.0809]]],[[[67.55487,23.88464],[67.54614,23.88881],[67.54492,23.89781],[67.55487,23.88464]]],[[[67.5542,24.12026],[67.55024,24.12305],[67.55217,24.12564],[67.5542,24.12026]]],[[[67.53673,24.07827],[67.53146,24.08581],[67.5318,24.09225],[67.53684,24.09307],[67.53552,24.08611],[67.54047,24.08229],[67.53673,24.07827]]],[[[67.51631,24.41353],[67.50015,24.42457],[67.51028,24.42415],[67.51778,24.41972],[67.51631,24.41353]]],[[[67.50657,24.35669],[67.50159,24.36218],[67.50535,24.3653],[67.50657,24.35669]]],[[[67.49534,24.38013],[67.49325,24.3904],[67.4984,24.38299],[67.49534,24.38013]]],[[[67.49504,24.42889],[67.48969,24.43013],[67.48455,24.43677],[67.4961,24.43444],[67.49784,24.43008],[67.49504,24.42889]]],[[[67.48851,24.4112],[67.48621,24.41529],[67.49001,24.41507],[67.48851,24.4112]]],[[[67.48285,24.41462],[67.47834,24.41547],[67.4777,24.4219],[67.48204,24.42374],[67.48619,24.41735],[67.48285,24.41462]]],[[[67.47942,23.96936],[67.47575,23.97216],[67.48107,23.97208],[67.47942,23.96936]]],[[[67.47556,24.55287],[67.47465,24.55813],[67.4797,24.55986],[67.47556,24.55287]]],[[[67.47956,23.93359],[67.46776,23.93695],[67.46942,23.93876],[67.47956,23.93359]]],[[[67.46701,24.56217],[67.45304,24.5655],[67.45204,24.57785],[67.46847,24.58084],[67.473,24.57883],[67.47512,24.5665],[67.46701,24.56217]]],[[[67.46531,24.49332],[67.46414,24.49742],[67.46666,24.49822],[67.4677,24.49385],[67.46531,24.49332]]],[[[67.46635,24.40789],[67.45889,24.41991],[67.46283,24.41995],[67.46635,24.40789]]],[[[67.45322,24.44751],[67.45051,24.4507],[67.45335,24.46],[67.46433,24.45856],[67.46578,24.45485],[67.45322,24.44751]]],[[[67.46422,24.44428],[67.4569,24.44485],[67.45744,24.44717],[67.46164,24.44824],[67.46422,24.44428]]],[[[67.46006,24.55541],[67.45606,24.56013],[67.46337,24.56033],[67.4637,24.55635],[67.46006,24.55541]]],[[[67.45969,24.40087],[67.45849,24.40729],[67.46129,24.40771],[67.46276,24.40206],[67.45969,24.40087]]],[[[67.46156,24.40887],[67.45846,24.40948],[67.45838,24.41604],[67.46156,24.40887]]],[[[67.45793,24.42981],[67.44822,24.44219],[67.45071,24.44556],[67.45991,24.44051],[67.46113,24.43254],[67.45793,24.42981]]],[[[67.45555,24.57865],[67.44763,24.58192],[67.45368,24.59369],[67.45806,24.59206],[67.46039,24.58539],[67.45555,24.57865]]],[[[67.45465,24.46812],[67.44211,24.47095],[67.44782,24.47525],[67.45911,24.47164],[67.45465,24.46812]]],[[[67.45619,24.41087],[67.45265,24.41315],[67.45587,24.41447],[67.45619,24.41087]]],[[[67.45275,23.9754],[67.44858,23.98385],[67.45008,23.98747],[67.45275,23.9754]]],[[[67.44721,24.59298],[67.4441,24.59436],[67.44571,24.60043],[67.44252,24.60811],[67.44505,24.6084],[67.44981,24.59944],[67.44721,24.59298]]],[[[67.44379,24.61906],[67.44219,24.62381],[67.44844,24.63056],[67.44379,24.61906]]],[[[67.44085,24.58391],[67.43747,24.58451],[67.43428,24.59182],[67.44469,24.59192],[67.44532,24.58704],[67.44085,24.58391]]],[[[67.44523,24.48024],[67.43733,24.48183],[67.43531,24.48632],[67.44406,24.48358],[67.44523,24.48024]]],[[[67.438,23.96689],[67.43685,23.97009],[67.44331,23.96823],[67.438,23.96689]]],[[[67.43329,24.60338],[67.42678,24.60641],[67.42357,24.61589],[67.41537,24.61838],[67.41475,24.62301],[67.42291,24.62361],[67.43582,24.61525],[67.43818,24.60678],[67.43329,24.60338]]],[[[67.43228,24.59398],[67.42975,24.59408],[67.42999,24.59769],[67.43377,24.59876],[67.43228,24.59398]]],[[[67.42485,24.60291],[67.42113,24.6084],[67.42553,24.60536],[67.42485,24.60291]]],[[[67.42502,24.76863],[67.39975,24.78368],[67.40481,24.78463],[67.41162,24.78072],[67.42502,24.76863]]],[[[67.41554,23.98311],[67.41832,23.98479],[67.41824,23.9802],[67.42219,23.97753],[67.4173,23.97658],[67.41554,23.98311]]],[[[67.41662,24.54119],[67.40898,24.54471],[67.41626,24.54775],[67.42263,24.54486],[67.41662,24.54119]]],[[[67.40598,24.60387],[67.40047,24.60613],[67.39929,24.61023],[67.40074,24.61771],[67.40382,24.6189],[67.40614,24.61365],[67.41679,24.60656],[67.40598,24.60387]]],[[[67.41109,24.6231],[67.40654,24.62691],[67.41246,24.62607],[67.41109,24.6231]]],[[[67.40985,24.00173],[67.40248,24.0086],[67.40864,24.00892],[67.40985,24.00173]]],[[[67.4075,24.55113],[67.40215,24.56188],[67.40365,24.56576],[67.40703,24.56592],[67.40834,24.56221],[67.4075,24.55113]]],[[[67.40551,24.01313],[67.40194,24.01837],[67.40572,24.01893],[67.40551,24.01313]]],[[[67.40288,24.75952],[67.39748,24.76268],[67.39714,24.76718],[67.40288,24.75952]]],[[[67.40119,24.02274],[67.39778,24.03789],[67.40269,24.02584],[67.40119,24.02274]]],[[[67.40062,24.6271],[67.39752,24.62758],[67.39776,24.63055],[67.40062,24.6271]]],[[[67.39747,24.56492],[67.39573,24.56941],[67.39898,24.56777],[67.39747,24.56492]]],[[[67.39138,24.06742],[67.38658,24.07045],[67.39191,24.06999],[67.39138,24.06742]]],[[[67.37668,24.07742],[67.37323,24.08472],[67.38133,24.08713],[67.37668,24.07742]]],[[[67.37655,24.08823],[67.37091,24.09036],[67.36434,24.11165],[67.36448,24.12246],[67.36874,24.12945],[67.37114,24.12794],[67.37055,24.11944],[67.37724,24.11102],[67.37655,24.08823]]],[[[67.35457,24.29349],[67.34818,24.29959],[67.34953,24.30347],[67.34606,24.31141],[67.3442,24.30289],[67.33821,24.31055],[67.33927,24.31545],[67.33289,24.33056],[67.33724,24.33087],[67.3461,24.31913],[67.35457,24.29349]]],[[[67.35277,24.15038],[67.34643,24.15263],[67.34221,24.16442],[67.34501,24.1642],[67.35277,24.15038]]],[[[67.33605,24.18481],[67.33096,24.18798],[67.33655,24.18984],[67.33605,24.18481]]],[[[67.32755,24.19128],[67.32534,24.19486],[67.32919,24.19491],[67.32755,24.19128]]],[[[67.32711,24.28958],[67.32409,24.29495],[67.32438,24.30525],[67.32842,24.29655],[67.32711,24.28958]]],[[[67.32521,24.19507],[67.31064,24.22918],[67.31319,24.23796],[67.32045,24.24074],[67.32468,24.23963],[67.32375,24.23525],[67.31718,24.23337],[67.31921,24.22876],[67.31605,24.22333],[67.32033,24.21823],[67.31991,24.2069],[67.32521,24.19507]]],[[[67.31052,24.3123],[67.31185,24.31785],[67.31999,24.31858],[67.32031,24.31537],[67.31052,24.3123]]],[[[67.29948,24.36133],[67.30957,24.36337],[67.30555,24.36938],[67.30745,24.37429],[67.31088,24.37021],[67.31863,24.36849],[67.3121,24.36276],[67.29948,24.36133]]],[[[67.3124,24.31888],[67.30982,24.32272],[67.31798,24.32178],[67.3124,24.31888]]],[[[67.31261,24.32416],[67.31117,24.32723],[67.31677,24.32858],[67.31681,24.32562],[67.31261,24.32416]]],[[[67.31524,24.25278],[67.29423,24.2604],[67.28643,24.27652],[67.28772,24.28503],[67.29792,24.28874],[67.29928,24.2813],[67.30455,24.27621],[67.3055,24.26747],[67.31524,24.25278]]],[[[67.31084,24.39465],[67.30877,24.40184],[67.30989,24.4021],[67.31084,24.39465]]],[[[67.31065,24.34524],[67.30683,24.34752],[67.31019,24.34807],[67.31065,24.34524]]],[[[67.29478,24.2927],[67.2914,24.29382],[67.28606,24.30431],[67.28409,24.32539],[67.28456,24.33234],[67.29382,24.34338],[67.29528,24.33902],[67.30005,24.33998],[67.30022,24.33766],[67.29384,24.33116],[67.29365,24.32498],[67.29698,24.31756],[67.30476,24.31301],[67.30387,24.30567],[67.29884,24.30407],[67.29478,24.2927]]],[[[67.2933,24.36165],[67.28399,24.36399],[67.27924,24.37268],[67.27973,24.37783],[67.29226,24.38947],[67.30118,24.38103],[67.2936,24.38056],[67.29087,24.37487],[67.28667,24.37379],[67.2933,24.36165]]],[[[67.27142,24.42123],[67.26431,24.42706],[67.25278,24.45781],[67.25503,24.46839],[67.2584,24.46868],[67.26147,24.46023],[67.27039,24.45518],[67.27004,24.45003],[67.26419,24.44611],[67.263,24.44069],[67.26868,24.43664],[67.27794,24.43726],[67.28871,24.45192],[67.27142,24.42123]]],[[[67.28205,24.38301],[67.28479,24.38793],[67.28649,24.38743],[67.28205,24.38301]]],[[[67.26958,24.7803],[67.26716,24.78194],[67.27064,24.78456],[67.26958,24.7803]]],[[[67.26891,24.41965],[67.25678,24.42273],[67.25805,24.43291],[67.2579,24.42313],[67.26891,24.41965]]],[[[67.25893,24.47126],[67.25169,24.47633],[67.24907,24.48273],[67.24895,24.49148],[67.25543,24.5003],[67.25676,24.49568],[67.25332,24.48998],[67.25703,24.48617],[67.25271,24.48329],[67.25221,24.47891],[67.26086,24.47386],[67.25893,24.47126]]],[[[67.25504,24.58933],[67.24373,24.59344],[67.22701,24.61165],[67.23539,24.60608],[67.244,24.59409],[67.25504,24.58933]]],[[[67.24191,24.5224],[67.23456,24.52489],[67.22402,24.53441],[67.208,24.55327],[67.20036,24.56604],[67.20205,24.57597],[67.21157,24.57891],[67.22567,24.57689],[67.22505,24.56132],[67.21992,24.55572],[67.2203,24.54904],[67.23715,24.541],[67.23745,24.52943],[67.24191,24.5224]]],[[[67.20285,24.77553],[67.19918,24.78552],[67.20297,24.78659],[67.20285,24.77553]]],[[[67.19846,24.76724],[67.19592,24.76747],[67.19671,24.77133],[67.20042,24.76803],[67.19846,24.76724]]],[[[67.17792,24.66805],[67.17774,24.68079],[67.18335,24.68189],[67.18352,24.67983],[67.17844,24.67128],[67.19265,24.68187],[67.18994,24.67399],[67.18544,24.67406],[67.17792,24.66805]]],[[[67.19011,24.70139],[67.17659,24.71114],[67.16978,24.72443],[67.17488,24.72192],[67.17828,24.71142],[67.19011,24.70139]]],[[[67.14856,24.73061],[67.14765,24.73497],[67.15047,24.73449],[67.14856,24.73061]]],[[[67.14058,24.69899],[67.13631,24.70138],[67.139,24.71042],[67.14156,24.70865],[67.14058,24.69899]]],[[[67.13262,24.68487],[67.12781,24.68622],[67.12775,24.69047],[67.13452,24.68952],[67.13444,24.69467],[67.14092,24.69475],[67.13738,24.68673],[67.13262,24.68487]]],[[[67.12549,24.69057],[67.11087,24.70775],[67.12316,24.69594],[67.12739,24.69535],[67.12549,24.69057]]],[[[67.11512,24.72457],[67.11091,24.73297],[67.11021,24.75174],[67.12396,24.75487],[67.11598,24.75181],[67.11331,24.74175],[67.11512,24.72457]]],[[[67.10571,24.732],[67.10649,24.74578],[67.10943,24.7471],[67.10571,24.732]]],[[[67.10744,24.71131],[67.10327,24.71692],[67.10598,24.72364],[67.10744,24.71131]]],[[[67.0916,24.80734],[67.08759,24.81192],[67.09347,24.81405],[67.0916,24.80734]]],[[[66.96001,24.82181],[66.95967,24.82515],[66.96333,24.82559],[66.96001,24.82181]]],[[[66.92685,24.8494],[66.92234,24.84947],[66.92286,24.85192],[66.92652,24.8521],[66.92685,24.8494]]],[[[66.91854,24.84041],[66.9175,24.84361],[66.92434,24.84769],[66.92526,24.84346],[66.91854,24.84041]]],[[[66.60941,24.89147],[66.60112,24.89739],[66.60246,24.90088],[66.60797,24.9002],[66.60941,24.89147]]],[[[66.51993,25.5642],[66.52236,25.57015],[66.52645,25.57151],[66.51993,25.5642]]],[[[66.52063,25.5718],[66.51849,25.5724],[66.52238,25.57633],[66.52063,25.5718]]],[[[66.51422,25.48385],[66.50961,25.4875],[66.49902,25.48565],[66.47968,25.48892],[66.48024,25.49613],[66.49468,25.49689],[66.50418,25.48972],[66.51577,25.49108],[66.51422,25.48385]]],[[[66.50113,25.58214],[66.50528,25.58697],[66.50871,25.58561],[66.50113,25.58214]]],[[[66.50423,25.56907],[66.50038,25.57698],[66.50514,25.57989],[66.50842,25.57223],[66.50423,25.56907]]],[[[66.44343,25.56121],[66.44097,25.56361],[66.44414,25.56816],[66.44566,25.5633],[66.44343,25.56121]]],[[[66.43377,25.5622],[66.42993,25.56933],[66.43702,25.5692],[66.43377,25.5622]]],[[[66.24895,25.49814],[66.24117,25.50366],[66.23244,25.5013],[66.23402,25.50635],[66.24016,25.51058],[66.24137,25.50739],[66.25332,25.50517],[66.25396,25.50209],[66.24895,25.49814]]],[[[66.22419,25.49022],[66.22087,25.49273],[66.22597,25.499],[66.23392,25.49863],[66.22419,25.49022]]],[[[66.16129,25.53813],[66.17379,25.54918],[66.17932,25.54903],[66.16129,25.53813]]],[[[65.52869,25.39065],[65.53194,25.39715],[65.53622,25.39862],[65.52869,25.39065]]],[[[64.59,25.40315],[64.58577,25.40461],[64.58206,25.41353],[64.58738,25.41978],[64.59391,25.42035],[64.59326,25.41444],[64.60999,25.41567],[64.61563,25.41304],[64.60106,25.40432],[64.59652,25.40347],[64.59658,25.40797],[64.58892,25.40728],[64.59,25.40315]]],[[[64.59945,25.38941],[64.59326,25.39295],[64.59443,25.39539],[64.59708,25.39279],[64.60093,25.39454],[64.59945,25.38941]]],[[[64.578,25.35182],[64.5752,25.35442],[64.58456,25.35561],[64.578,25.35182]]],[[[64.57303,25.33965],[64.5722,25.34159],[64.57775,25.34333],[64.57303,25.33965]]],[[[64.56559,25.35556],[64.56707,25.36043],[64.56972,25.35731],[64.56559,25.35556]]],[[[64.55335,25.37318],[64.54122,25.37666],[64.56021,25.37774],[64.55853,25.39037],[64.56373,25.37668],[64.55335,25.37318]]],[[[64.54272,25.36107],[64.5399,25.36226],[64.54027,25.3692],[64.53674,25.3695],[64.53977,25.37397],[64.55727,25.36954],[64.55986,25.3726],[64.55651,25.36543],[64.5557,25.36853],[64.54794,25.37105],[64.54394,25.36788],[64.54272,25.36107]]],[[[64.5565,25.35359],[64.55429,25.35799],[64.55767,25.35641],[64.5565,25.35359]]],[[[64.52594,25.30991],[64.52575,25.31776],[64.53017,25.32068],[64.51497,25.32727],[64.50831,25.32669],[64.49992,25.33488],[64.5178,25.33894],[64.54263,25.33161],[64.5444,25.32619],[64.54075,25.3288],[64.53675,25.3255],[64.53597,25.3201],[64.53987,25.31517],[64.53757,25.31211],[64.52594,25.30991]]],[[[64.50838,25.30971],[64.50672,25.31255],[64.5111,25.31212],[64.50838,25.30971]]],[[[64.40048,25.37974],[64.39884,25.38477],[64.40173,25.38937],[64.40627,25.3901],[64.40632,25.39422],[64.4129,25.40033],[64.41712,25.39772],[64.40907,25.38776],[64.40283,25.38692],[64.40048,25.37974]]],[[[64.33073,25.37318],[64.31943,25.37598],[64.32149,25.38265],[64.33022,25.3782],[64.32891,25.3876],[64.34905,25.39064],[64.34781,25.38126],[64.34385,25.38142],[64.33939,25.38764],[64.334,25.38692],[64.33073,25.37318]]],[[[64.33579,25.36953],[64.33355,25.37225],[64.33908,25.37246],[64.33579,25.36953]]],[[[64.32728,25.36832],[64.32133,25.3685],[64.32248,25.37029],[64.32728,25.36832]]],[[[64.29998,25.35801],[64.30345,25.36467],[64.31152,25.36447],[64.30934,25.3596],[64.29998,25.35801]]],[[[64.29925,25.39623],[64.29875,25.4019],[64.30398,25.40159],[64.29925,25.39623]]],[[[64.29635,25.4162],[64.29669,25.42134],[64.3021,25.42426],[64.29635,25.4162]]],[[[64.29176,25.3577],[64.28668,25.35916],[64.29519,25.36089],[64.29176,25.3577]]],[[[64.24681,25.36516],[64.24684,25.36864],[64.26368,25.3811],[64.27315,25.37871],[64.27364,25.38488],[64.28916,25.40636],[64.28755,25.40097],[64.29298,25.39269],[64.28872,25.39118],[64.29207,25.38703],[64.28716,25.37833],[64.28116,25.37272],[64.27266,25.37266],[64.25953,25.36287],[64.24988,25.36102],[64.24681,25.36516]]],[[[64.29038,25.4407],[64.28685,25.44215],[64.2885,25.45114],[64.29038,25.4407]]],[[[64.28134,25.46336],[64.28019,25.46897],[64.28316,25.46817],[64.28134,25.46336]]],[[[64.28251,25.44682],[64.27977,25.45636],[64.28289,25.45582],[64.28251,25.44682]]],[[[64.27743,25.39539],[64.2756,25.3967],[64.27976,25.40155],[64.28183,25.39664],[64.27743,25.39539]]],[[[64.26671,25.3592],[64.26007,25.36016],[64.26037,25.36209],[64.26671,25.3592]]],[[[64.26121,25.44263],[64.25986,25.44907],[64.26382,25.44878],[64.26121,25.44263]]],[[[64.17927,25.38103],[64.18645,25.39127],[64.1828,25.3949],[64.19008,25.39999],[64.19202,25.41001],[64.18805,25.40978],[64.19006,25.41324],[64.20309,25.41275],[64.20786,25.40769],[64.21524,25.40853],[64.2123,25.39865],[64.20717,25.39522],[64.22556,25.39301],[64.22383,25.38993],[64.23829,25.39058],[64.23824,25.38634],[64.24079,25.38593],[64.23673,25.3767],[64.22172,25.37695],[64.21896,25.38418],[64.2108,25.38965],[64.1986,25.38769],[64.19401,25.38181],[64.21379,25.37715],[64.21404,25.37354],[64.20634,25.36923],[64.19904,25.37534],[64.19211,25.37604],[64.1922,25.37115],[64.20943,25.36638],[64.20939,25.36174],[64.22471,25.36496],[64.22553,25.36187],[64.21986,25.36076],[64.21239,25.35014],[64.21293,25.34782],[64.22537,25.34617],[64.22447,25.34103],[64.22971,25.32735],[64.22712,25.32325],[64.23306,25.32192],[64.22845,25.31449],[64.22191,25.31159],[64.15068,25.324],[64.12181,25.32448],[64.1028,25.32063],[64.0903,25.33128],[64.08527,25.35525],[64.08636,25.35061],[64.09877,25.3446],[64.09505,25.33974],[64.1166,25.34343],[64.12679,25.34297],[64.13299,25.33932],[64.13768,25.34096],[64.13585,25.34264],[64.11579,25.34756],[64.13757,25.3443],[64.14042,25.34634],[64.12913,25.35119],[64.13059,25.35568],[64.12408,25.35637],[64.1168,25.35012],[64.11622,25.363],[64.08324,25.38087],[64.0796,25.38656],[64.08534,25.39411],[64.15687,25.37941],[64.16061,25.38465],[64.16385,25.38373],[64.16431,25.38733],[64.16857,25.38781],[64.17419,25.38313],[64.17763,25.38774],[64.1766,25.38311],[64.17927,25.38103]]],[[[64.23372,25.35923],[64.22139,25.37271],[64.22937,25.37753],[64.23553,25.37079],[64.23339,25.36875],[64.23772,25.36254],[64.23372,25.35923]]],[[[64.21145,25.42619],[64.21404,25.43016],[64.21601,25.42885],[64.21145,25.42619]]],[[[64.14302,25.4728],[64.13965,25.47579],[64.14392,25.47807],[64.14302,25.4728]]],[[[64.13038,25.47367],[64.13087,25.47637],[64.13569,25.47685],[64.13835,25.47348],[64.12682,25.46791],[64.1249,25.47436],[64.13038,25.47367]]],[[[64.11678,25.394],[64.1171,25.39799],[64.1202,25.39578],[64.11678,25.394]]],[[[64.07676,25.38491],[64.07114,25.39099],[64.07482,25.38981],[64.07676,25.38491]]],[[[64.04652,25.36042],[64.04271,25.36276],[64.04656,25.36531],[64.04652,25.36042]]],[[[63.95571,25.41058],[63.95008,25.41576],[63.96613,25.41536],[63.95571,25.41058]]],[[[63.93931,25.45096],[63.92628,25.45233],[63.92602,25.45542],[63.9331,25.45511],[63.93685,25.46307],[63.94834,25.46505],[63.94885,25.45733],[63.94541,25.4522],[63.93931,25.45096]]],[[[63.935,25.44429],[63.94297,25.44887],[63.94323,25.44488],[63.935,25.44429]]],[[[63.94153,25.40848],[63.92371,25.41361],[63.92204,25.4171],[63.93451,25.41702],[63.94153,25.40848]]],[[[63.92074,25.43293],[63.92674,25.43907],[63.93923,25.44131],[63.92074,25.43293]]],[[[63.92989,25.44265],[63.92594,25.44564],[63.92711,25.44949],[63.93136,25.45049],[63.93429,25.44404],[63.92989,25.44265]]],[[[63.91475,25.42679],[63.92528,25.43277],[63.92583,25.43123],[63.91475,25.42679]]],[[[63.90902,25.41859],[63.90649,25.42234],[63.90876,25.42284],[63.90902,25.41859]]],[[[63.90086,25.42739],[63.90203,25.43189],[63.90542,25.43097],[63.90512,25.42775],[63.90086,25.42739]]],[[[63.90193,25.41838],[63.9011,25.42121],[63.90508,25.42235],[63.90193,25.41838]]],[[[63.83017,25.11679],[63.83019,25.11975],[63.84351,25.12559],[63.85285,25.12734],[63.86343,25.12432],[63.85336,25.1191],[63.83017,25.11679]]],[[[63.46923,25.27833],[63.46612,25.27898],[63.46669,25.28168],[63.46923,25.27833]]],[[[61.78617,25.19058],[61.7797,25.20133],[61.78254,25.20033],[61.78617,25.19058]]],[[[61.77265,25.18519],[61.77045,25.19251],[61.77495,25.19537],[61.77724,25.19282],[61.77265,25.18519]]],[[[61.7539,25.13704],[61.74692,25.14264],[61.7504,25.1482],[61.7539,25.13704]]],[[[61.7254,25.14555],[61.67737,25.16906],[61.6716,25.18007],[61.67253,25.18497],[61.67564,25.18577],[61.67769,25.17884],[61.68223,25.17746],[61.68056,25.17475],[61.6848,25.17504],[61.69006,25.1859],[61.69821,25.1906],[61.70041,25.17003],[61.71031,25.16909],[61.72262,25.15479],[61.73683,25.14822],[61.73376,25.14394],[61.74354,25.14184],[61.73323,25.14098],[61.7254,25.14555]]],[[[61.6833,25.18339],[61.68128,25.18685],[61.69438,25.20524],[61.70001,25.19396],[61.69282,25.19184],[61.6833,25.18339]]]]}},{"type":"Feature","properties":{"ISO_A3":"","WB_A3":"","WB_NAME":"Jammu and Kashmir","WB_REGION":"","STATUS":"non-determined","AREA_ID":"jammu-and-kashmir-ind","CLAIMANTS":"IND,PAK","ADMIN":"IND"},"geometry":{"type":"MultiPolygon","coordinates":[[[[77.95537,35.48312],[77.96569,35.48039],[77.9687,35.48322],[77.96763,35.49434],[77.97149,35.49721],[77.98546,35.49584],[77.98732,35.4906],[77.99501,35.49123],[77.99908,35.49528],[78.02496,35.46888],[78.03634,35.47287],[78.03544,35.48321],[78.04687,35.49057],[78.06609,35.48677],[78.07682,35.49394],[78.08148,35.49253],[78.09616,35.49833],[78.11699,35.49264],[78.13757,35.49214],[78.10954,35.46851],[78.11066,35.46404],[78.1049,35.44735],[78.10788,35.43893],[78.10005,35.42999],[78.0544,35.39935],[78.04077,35.37723],[78.014,35.36316],[78.01128,35.27427],[78.0053,35.26538],[78.0024,35.24043],[78.00778,35.23895],[78.00688,35.23331],[78.01171,35.22789],[78.0145,35.21576],[78.02552,35.21298],[78.02872,35.20392],[78.03833,35.201],[78.05515,35.17821],[78.06506,35.17377],[78.08357,35.17684],[78.08963,35.17466],[78.08812,35.16652],[78.10245,35.16818],[78.10605,35.1641],[78.1018,35.15388],[78.10424,35.14325],[78.09827,35.13171],[78.10168,35.12875],[78.10248,35.12052],[78.11194,35.11647],[78.11316,35.10621],[78.13198,35.09954],[78.13531,35.09488],[78.13256,35.08805],[78.14639,35.07034],[78.13442,35.06217],[78.13357,35.05724],[78.13718,35.05197],[78.12748,35.04893],[78.11457,35.03693],[78.11719,35.03147],[78.12528,35.02591],[78.12921,35.01728],[78.14248,35.01065],[78.14494,35.00217],[78.15812,34.98832],[78.17594,34.98682],[78.1925,34.9761],[78.20154,34.97403],[78.20246,34.9561],[78.18535,34.94226],[78.17329,34.94085],[78.17227,34.93697],[78.17581,34.93012],[78.1962,34.91487],[78.19844,34.90837],[78.206,34.90495],[78.20779,34.90221],[78.20351,34.89635],[78.2049,34.89126],[78.22597,34.88917],[78.23618,34.88037],[78.23709,34.86772],[78.22893,34.85542],[78.23462,34.83933],[78.22552,34.81164],[78.23211,34.79999],[78.22649,34.78352],[78.22762,34.77356],[78.21295,34.76793],[78.20972,34.75862],[78.20391,34.75337],[78.20201,34.73538],[78.20943,34.71985],[78.21563,34.7166],[78.24117,34.71438],[78.24785,34.70895],[78.25933,34.70801],[78.26399,34.70252],[78.27119,34.7016],[78.27589,34.69553],[78.27487,34.68584],[78.27861,34.67703],[78.27284,34.67271],[78.27226,34.66788],[78.26248,34.66347],[78.2622,34.66019],[78.26658,34.65728],[78.26894,34.63673],[78.27349,34.62929],[78.28901,34.61564],[78.29554,34.61739],[78.31795,34.61435],[78.32991,34.61124],[78.33496,34.60405],[78.3573,34.60352],[78.36525,34.60887],[78.37077,34.60612],[78.38446,34.60701],[78.40841,34.59598],[78.42177,34.59466],[78.4303,34.58726],[78.43195,34.57404],[78.42615,34.56046],[78.43536,34.54196],[78.44584,34.54332],[78.45188,34.55138],[78.451,34.55813],[78.45862,34.56858],[78.47265,34.56761],[78.47868,34.57034],[78.47782,34.57429],[78.48301,34.58033],[78.49103,34.57941],[78.49857,34.58406],[78.50416,34.57757],[78.51374,34.57356],[78.53333,34.57719],[78.54039,34.57229],[78.55221,34.57165],[78.55134,34.56337],[78.55627,34.55637],[78.56064,34.55608],[78.56033,34.53935],[78.55654,34.53426],[78.56133,34.52665],[78.55541,34.52111],[78.56018,34.5159],[78.55945,34.51181],[78.57105,34.50985],[78.57974,34.50444],[78.58827,34.50711],[78.58741,34.50994],[78.59304,34.51602],[78.59179,34.52702],[78.61401,34.5398],[78.62257,34.53769],[78.63536,34.54266],[78.64547,34.54213],[78.66264,34.5342],[78.6831,34.53067],[78.68526,34.52736],[78.70453,34.52773],[78.71027,34.52544],[78.71233,34.51662],[78.71548,34.51574],[78.71429,34.5079],[78.71811,34.50068],[78.74874,34.48929],[78.76218,34.48056],[78.75471,34.47362],[78.75698,34.46578],[78.73889,34.45935],[78.74244,34.45278],[78.75745,34.44786],[78.76372,34.43997],[78.77634,34.43839],[78.78224,34.44264],[78.80438,34.43647],[78.80749,34.4298],[78.81337,34.42913],[78.81625,34.42221],[78.82463,34.41826],[78.85106,34.41531],[78.8618,34.40451],[78.8681,34.40322],[78.87831,34.39511],[78.87869,34.39113],[78.86755,34.37779],[78.88854,34.35851],[78.90422,34.35497],[78.90603,34.36551],[78.92652,34.36655],[78.93123,34.37955],[78.94252,34.38432],[78.9451,34.38867],[78.96448,34.38746],[78.96252,34.37517],[78.97198,34.36217],[78.98672,34.35473],[78.99789,34.35387],[79.00838,34.34536],[79.03532,34.33528],[79.03489,34.3318],[79.03977,34.33205],[79.04484,34.32643],[79.03803,34.32005],[79.02812,34.31668],[79.00791,34.31425],[79.00203,34.31735],[78.99609,34.31576],[78.99211,34.30992],[78.98032,34.31322],[78.9808,34.30471],[78.98542,34.29878],[78.96973,34.28044],[78.96485,34.26675],[78.96389,34.25075],[78.95909,34.24362],[78.96149,34.23627],[78.95051,34.2262],[78.94369,34.22519],[78.94108,34.21895],[78.93532,34.20372],[78.93634,34.19597],[78.93207,34.19247],[78.93314,34.18729],[78.92359,34.17167],[78.92836,34.16693],[78.92557,34.16385],[78.92584,34.15426],[78.91221,34.15196],[78.90514,34.14079],[78.89929,34.14789],[78.89122,34.1475],[78.88292,34.15248],[78.87172,34.16583],[78.86253,34.16561],[78.85915,34.16082],[78.85721,34.14366],[78.84168,34.14218],[78.83545,34.13509],[78.83454,34.12816],[78.82578,34.12496],[78.79432,34.13791],[78.78616,34.12844],[78.78539,34.12006],[78.7763,34.11635],[78.76869,34.10809],[78.76033,34.10647],[78.75989,34.09948],[78.75155,34.09859],[78.74698,34.09133],[78.72897,34.08923],[78.70135,34.09412],[78.69246,34.08866],[78.69495,34.08304],[78.68463,34.07981],[78.6751,34.0903],[78.66945,34.09185],[78.6614,34.08542],[78.65747,34.07574],[78.66592,34.06836],[78.65919,34.05695],[78.65444,34.05435],[78.65689,34.04417],[78.65474,34.0388],[78.65614,34.03227],[78.66894,34.03215],[78.67734,34.02424],[78.69405,34.02459],[78.70155,34.02815],[78.70666,34.01812],[78.72586,34.01608],[78.73019,34.00763],[78.74231,33.99984],[78.73951,33.99127],[78.74199,33.98509],[78.7401,33.9791],[78.74282,33.97665],[78.73533,33.96062],[78.73586,33.94367],[78.72829,33.92471],[78.73083,33.9207],[78.74613,33.9197],[78.75117,33.9141],[78.76318,33.91472],[78.76444,33.90856],[78.76044,33.90036],[78.76228,33.88767],[78.75167,33.88515],[78.7654,33.83542],[78.75422,33.78413],[78.76253,33.77744],[78.76327,33.759],[78.77656,33.74497],[78.77508,33.73761],[78.76504,33.72717],[78.72972,33.64763],[78.72081,33.6351],[78.71767,33.62281],[78.75058,33.62786],[78.75792,33.62355],[78.75351,33.61792],[78.75338,33.61139],[78.741,33.59918],[78.74145,33.57704],[78.73263,33.56797],[78.75865,33.53841],[78.7584,33.53149],[78.76945,33.52727],[78.78389,33.50602],[78.8148,33.48308],[78.81053,33.47397],[78.82244,33.45084],[78.83705,33.43859],[78.83315,33.4342],[78.83555,33.42639],[78.84168,33.42603],[78.84485,33.41929],[78.85503,33.41639],[78.86654,33.41793],[78.8694,33.41482],[78.88864,33.41475],[78.9024,33.41036],[78.9103,33.39976],[78.93677,33.38697],[78.93997,33.37971],[78.94564,33.37972],[78.95397,33.37118],[78.95044,33.36395],[78.95672,33.35801],[78.95425,33.35409],[78.96368,33.33862],[78.97651,33.33475],[78.98028,33.32729],[78.99554,33.32475],[79.00567,33.32678],[79.01425,33.32309],[79.02032,33.32478],[79.02666,33.32078],[79.02504,33.3135],[79.02932,33.30771],[79.0377,33.30506],[79.03227,33.29454],[79.03847,33.29131],[79.03933,33.28563],[79.03377,33.27825],[79.03526,33.27212],[79.04498,33.26107],[79.05196,33.2621],[79.07987,33.24498],[79.06768,33.23793],[79.06724,33.23152],[79.07153,33.22452],[79.08498,33.21954],[79.10301,33.20723],[79.10693,33.19999],[79.12949,33.20142],[79.1342,33.1944],[79.1438,33.18976],[79.14461,33.18581],[79.16271,33.17415],[79.16522,33.1707],[79.15365,33.16119],[79.15314,33.15608],[79.15982,33.13663],[79.14418,33.10977],[79.14145,33.03271],[79.1436,33.02938],[79.13921,33.02735],[79.14002,33.02353],[79.14896,33.02548],[79.15295,33.02232],[79.15297,33.00964],[79.15646,33.00787],[79.16194,33.01378],[79.16628,33.0118],[79.16988,32.99816],[79.176,32.99457],[79.17473,32.98663],[79.17739,32.9836],[79.18965,32.98684],[79.20182,32.97962],[79.20325,32.96678],[79.2107,32.96576],[79.21494,32.96168],[79.2208,32.96257],[79.22563,32.95449],[79.23651,32.95028],[79.24199,32.94314],[79.21815,32.91918],[79.23194,32.90795],[79.23036,32.89819],[79.22549,32.89236],[79.2345,32.88016],[79.22799,32.85711],[79.23571,32.84849],[79.22503,32.83213],[79.23255,32.82387],[79.22826,32.82087],[79.22947,32.81476],[79.22341,32.80888],[79.22611,32.80289],[79.22378,32.78725],[79.23194,32.78433],[79.24362,32.79088],[79.25737,32.78902],[79.27412,32.78002],[79.27764,32.76365],[79.28279,32.75999],[79.28189,32.7509],[79.28998,32.74077],[79.29017,32.73193],[79.29639,32.72913],[79.29548,32.72213],[79.28734,32.71432],[79.28145,32.71423],[79.27906,32.70872],[79.28479,32.70248],[79.28408,32.69422],[79.26934,32.68473],[79.26961,32.67636],[79.27837,32.6644],[79.27897,32.65664],[79.29595,32.64019],[79.29094,32.62733],[79.29791,32.62032],[79.30589,32.60335],[79.29014,32.59943],[79.29003,32.58759],[79.28262,32.5828],[79.27227,32.56615],[79.26602,32.56208],[79.27025,32.55733],[79.27549,32.55678],[79.27317,32.54802],[79.26528,32.53692],[79.25726,32.53745],[79.25098,32.52557],[79.25293,32.52153],[79.24855,32.51702],[79.23349,32.51871],[79.224,32.5242],[79.2214,32.50965],[79.20635,32.50981],[79.18907,32.51577],[79.18369,32.51233],[79.18184,32.50179],[79.18398,32.49795],[79.16418,32.49458],[79.15944,32.49667],[79.15183,32.48881],[79.15099,32.48175],[79.14626,32.47902],[79.13141,32.48079],[79.13047,32.4629],[79.11753,32.45448],[79.12145,32.44697],[79.11717,32.43759],[79.12197,32.43515],[79.12654,32.42174],[79.12516,32.41881],[79.11427,32.41816],[79.11298,32.4113],[79.10547,32.40751],[79.10349,32.3989],[79.10011,32.39698],[79.1048,32.39138],[79.10132,32.38593],[79.10441,32.37393],[79.09897,32.36992],[79.08704,32.37235],[79.08184,32.37909],[79.05859,32.38733],[79.02984,32.38014],[79.02343,32.38354],[79.01176,32.38084],[79.00623,32.37458],[78.99009,32.37103],[78.97572,32.34266],[78.9683,32.33574],[78.93635,32.35979],[78.90766,32.3724],[78.90608,32.37861],[78.90196,32.38111],[78.90547,32.38946],[78.90099,32.39482],[78.89636,32.39439],[78.89148,32.40021],[78.88149,32.39852],[78.8682,32.41352],[78.85642,32.41464],[78.84416,32.41061],[78.83868,32.41267],[78.8327,32.42013],[78.83178,32.42791],[78.81658,32.4317],[78.80935,32.43691],[78.80209,32.45954],[78.79748,32.46459],[78.79629,32.47423],[78.78125,32.4805],[78.77792,32.49814],[78.78082,32.51567],[78.77014,32.52477],[78.76717,32.53644],[78.77246,32.53976],[78.76306,32.54856],[78.75773,32.56455],[78.7615,32.57931],[78.77067,32.58136],[78.77462,32.58611],[78.78087,32.61444],[78.77377,32.61885],[78.76953,32.63072],[78.75425,32.63905],[78.7519,32.64604],[78.74209,32.65531],[78.74052,32.66208],[78.74981,32.68725],[78.73976,32.69549],[78.74602,32.70553],[78.74213,32.70906],[78.73072,32.70968],[78.72467,32.70415],[78.71441,32.7036],[78.7145,32.69505],[78.71037,32.69002],[78.68569,32.68197],[78.67696,32.66799],[78.66413,32.65731],[78.64917,32.65174],[78.6438,32.64545],[78.63408,32.64488],[78.63173,32.63466],[78.61967,32.63197],[78.60643,32.63777],[78.58389,32.64097],[78.57853,32.63641],[78.58043,32.62248],[78.57065,32.62358],[78.56938,32.61572],[78.55825,32.62201],[78.55475,32.61638],[78.54655,32.61627],[78.54082,32.61213],[78.51706,32.61447],[78.51504,32.61291],[78.51805,32.60584],[78.50121,32.58359],[78.49177,32.58469],[78.47848,32.57628],[78.45361,32.58129],[78.44878,32.57403],[78.41482,32.56677],[78.40481,32.54704],[78.39337,32.53942],[78.39522,32.52904],[78.39944,32.52777],[78.39898,32.51994],[78.36644,32.50065],[78.36703,32.48621],[78.3643,32.48239],[78.3495,32.4777],[78.3486,32.47437],[78.35292,32.46917],[78.34845,32.46416],[78.32791,32.46468],[78.32593,32.45715],[78.33385,32.45057],[78.32897,32.44331],[78.3106,32.44667],[78.298,32.45714],[78.29834,32.46141],[78.2882,32.46357],[78.28432,32.4692],[78.29056,32.47498],[78.28652,32.48318],[78.29255,32.49024],[78.29482,32.50109],[78.30663,32.51138],[78.3036,32.51718],[78.30801,32.52431],[78.30659,32.53705],[78.31476,32.55005],[78.3096,32.56105],[78.31222,32.56843],[78.34225,32.5782],[78.34932,32.58493],[78.34947,32.58891],[78.36319,32.58981],[78.36561,32.59341],[78.37952,32.59827],[78.37982,32.605],[78.38322,32.60815],[78.40941,32.62276],[78.40908,32.62645],[78.39258,32.6321],[78.38109,32.65364],[78.39255,32.68669],[78.40062,32.6938],[78.39686,32.69893],[78.39761,32.70783],[78.38511,32.72033],[78.38413,32.72649],[78.38982,32.74023],[78.38599,32.74932],[78.3871,32.75668],[78.37727,32.75354],[78.36387,32.75349],[78.35308,32.75761],[78.31409,32.75468],[78.31001,32.75069],[78.31229,32.73955],[78.30505,32.73339],[78.31486,32.71799],[78.30644,32.70763],[78.2946,32.70411],[78.29276,32.70072],[78.26015,32.7029],[78.25445,32.69573],[78.25491,32.69001],[78.24583,32.67162],[78.23285,32.67179],[78.21886,32.66401],[78.20336,32.6677],[78.1915,32.66263],[78.18746,32.67416],[78.17588,32.68074],[78.15736,32.68361],[78.14479,32.68198],[78.1423,32.67996],[78.14832,32.66899],[78.14759,32.65396],[78.12664,32.65194],[78.12041,32.66077],[78.11088,32.66203],[78.09337,32.64619],[78.0988,32.63484],[78.09683,32.62946],[78.08453,32.62388],[78.07462,32.63096],[78.06666,32.62658],[78.06048,32.62897],[78.05224,32.63572],[78.04799,32.64432],[78.04459,32.64437],[78.0405,32.63753],[78.03347,32.63671],[78.03245,32.62973],[78.03375,32.61766],[78.04189,32.60355],[78.03806,32.59382],[78.0228,32.58769],[77.98436,32.58666],[77.98016,32.60021],[77.97215,32.60869],[77.97227,32.6138],[77.95466,32.63223],[77.95252,32.64053],[77.94433,32.64952],[77.95092,32.65795],[77.94213,32.66574],[77.9412,32.67282],[77.93469,32.68138],[77.91817,32.69156],[77.92242,32.6999],[77.92477,32.71781],[77.93433,32.72616],[77.93216,32.73134],[77.92636,32.73434],[77.93037,32.73767],[77.92936,32.743],[77.93418,32.75519],[77.92596,32.77162],[77.90318,32.77171],[77.89334,32.77861],[77.88403,32.78876],[77.88755,32.79858],[77.88152,32.80401],[77.87793,32.81859],[77.86876,32.82713],[77.83879,32.84197],[77.8294,32.83547],[77.82433,32.8368],[77.81522,32.84821],[77.78486,32.86077],[77.78082,32.86568],[77.78429,32.88273],[77.78956,32.89045],[77.8077,32.89604],[77.81102,32.90008],[77.81074,32.90728],[77.8002,32.91224],[77.79562,32.9197],[77.76539,32.94162],[77.76422,32.94824],[77.75091,32.95437],[77.7402,32.96915],[77.73084,32.97394],[77.72501,32.96874],[77.71943,32.96865],[77.71359,32.98215],[77.70306,32.97921],[77.68318,32.98868],[77.68195,32.97456],[77.67549,32.96828],[77.67341,32.9605],[77.65598,32.95888],[77.64356,32.94897],[77.62957,32.95708],[77.61333,32.94221],[77.59532,32.94021],[77.56965,32.92166],[77.52653,32.90109],[77.5164,32.88767],[77.50545,32.88382],[77.50039,32.88506],[77.48991,32.87887],[77.47162,32.85911],[77.46157,32.85936],[77.45232,32.86366],[77.44451,32.87985],[77.42704,32.87498],[77.41444,32.8832],[77.4049,32.88482],[77.39663,32.8774],[77.38854,32.86337],[77.38191,32.86226],[77.37515,32.85586],[77.37573,32.85016],[77.38019,32.84607],[77.37389,32.82306],[77.35004,32.81543],[77.33783,32.81695],[77.33629,32.825],[77.3324,32.82585],[77.32563,32.83549],[77.3294,32.84269],[77.32329,32.85077],[77.30111,32.84949],[77.28896,32.85884],[77.28853,32.86679],[77.28367,32.87373],[77.27529,32.87471],[77.26285,32.86396],[77.25812,32.8633],[77.25461,32.86891],[77.24385,32.87229],[77.23718,32.87962],[77.23905,32.89109],[77.21859,32.90401],[77.20877,32.90471],[77.19576,32.91051],[77.1881,32.92795],[77.18004,32.92485],[77.17436,32.91354],[77.16901,32.91068],[77.15973,32.9121],[77.15839,32.91713],[77.163,32.92461],[77.1589,32.94276],[77.15408,32.95119],[77.14511,32.95118],[77.14972,32.95727],[77.14749,32.96552],[77.15025,32.97723],[77.14192,32.98154],[77.13667,32.97965],[77.11639,32.98443],[77.11153,32.97928],[77.1118,32.97496],[77.09593,32.97075],[77.08674,32.97265],[77.08225,32.97499],[77.08037,32.9827],[77.0567,32.99196],[77.04893,32.99866],[77.03914,32.99745],[77.03154,32.98964],[77.00912,32.9891],[76.99334,33.00202],[76.97199,33.00081],[76.96047,33.00908],[76.96037,33.01487],[76.95103,33.0187],[76.94174,33.02866],[76.93307,33.02825],[76.92649,33.03632],[76.92317,33.05235],[76.91348,33.06314],[76.91087,33.07646],[76.9053,33.07886],[76.91057,33.09381],[76.90158,33.0989],[76.89056,33.09521],[76.8833,33.09843],[76.87567,33.11567],[76.86262,33.11392],[76.84942,33.11897],[76.85338,33.12645],[76.84377,33.13088],[76.84503,33.13753],[76.83968,33.14105],[76.83127,33.14183],[76.82649,33.14775],[76.81979,33.14301],[76.8145,33.14318],[76.79766,33.15345],[76.79784,33.17304],[76.81072,33.17579],[76.8221,33.18352],[76.82093,33.19743],[76.83493,33.20551],[76.83161,33.21263],[76.82633,33.21475],[76.82784,33.2221],[76.84494,33.2425],[76.84319,33.24643],[76.83178,33.24888],[76.80858,33.24497],[76.80158,33.25516],[76.79405,33.25636],[76.77223,33.25096],[76.77368,33.24204],[76.77967,33.23944],[76.78015,33.23609],[76.776,33.22168],[76.77135,33.21963],[76.77127,33.21306],[76.76708,33.21114],[76.75901,33.19648],[76.75062,33.19182],[76.74706,33.17923],[76.72801,33.17798],[76.72092,33.18249],[76.70914,33.18139],[76.70288,33.17482],[76.66447,33.17181],[76.65379,33.16354],[76.6419,33.1616],[76.62051,33.16711],[76.61246,33.1734],[76.61186,33.18568],[76.59741,33.19161],[76.59885,33.20268],[76.59514,33.20617],[76.57244,33.2058],[76.5601,33.20972],[76.54779,33.19871],[76.53892,33.19984],[76.52052,33.1937],[76.50829,33.19426],[76.50183,33.18843],[76.47861,33.17946],[76.46747,33.18344],[76.45199,33.17914],[76.43653,33.18044],[76.42867,33.18175],[76.42074,33.18769],[76.41637,33.18468],[76.39796,33.18277],[76.39111,33.1747],[76.37725,33.16767],[76.37061,33.15602],[76.36125,33.15457],[76.32943,33.13238],[76.29991,33.12507],[76.29207,33.12035],[76.28369,33.10977],[76.28757,33.09799],[76.28164,33.09175],[76.28051,33.08494],[76.28096,33.07062],[76.2887,33.06751],[76.28955,33.05907],[76.27625,33.05158],[76.27354,33.03746],[76.25516,33.03256],[76.24374,33.02045],[76.22484,33.02228],[76.20579,33.01602],[76.19479,33.01677],[76.18094,33.02092],[76.17276,33.02693],[76.16802,33.02535],[76.15561,33.03397],[76.11083,33.01527],[76.10501,33.00962],[76.10553,32.9854],[76.09318,32.96363],[76.08205,32.96141],[76.08205,32.95484],[76.06813,32.9518],[76.06109,32.94111],[76.0384,32.93348],[76.03209,32.92491],[76.03347,32.91993],[76.0273,32.91484],[75.98198,32.89523],[75.97708,32.88722],[75.94926,32.8732],[75.92834,32.8895],[75.91739,32.90653],[75.88938,32.91438],[75.87315,32.92396],[75.83669,32.92807],[75.83264,32.93433],[75.81094,32.9316],[75.7991,32.92153],[75.80122,32.91833],[75.78997,32.90121],[75.78238,32.89558],[75.7829,32.88985],[75.7944,32.88647],[75.80597,32.87699],[75.8112,32.86124],[75.81612,32.85949],[75.81905,32.85349],[75.85475,32.83258],[75.86606,32.82054],[75.86562,32.81368],[75.87956,32.81186],[75.88453,32.80074],[75.88387,32.78514],[75.89584,32.77451],[75.89796,32.76749],[75.91291,32.75621],[75.91405,32.74202],[75.90984,32.72094],[75.89658,32.69106],[75.89886,32.68062],[75.9054,32.67225],[75.92406,32.65822],[75.92362,32.6437],[75.93371,32.6473],[75.92904,32.63782],[75.93153,32.63203],[75.92866,32.63081],[75.92385,32.63685],[75.91817,32.63385],[75.91942,32.6301],[75.91569,32.62634],[75.91889,32.62089],[75.91556,32.61385],[75.90523,32.60729],[75.90636,32.60043],[75.89188,32.58847],[75.88504,32.59081],[75.87805,32.5855],[75.88,32.57733],[75.87752,32.56624],[75.86764,32.56651],[75.86334,32.56017],[75.87193,32.55685],[75.87554,32.54948],[75.8563,32.53801],[75.85212,32.5295],[75.83655,32.51986],[75.83772,32.51347],[75.83335,32.51437],[75.83133,32.51137],[75.83343,32.50338],[75.82709,32.50404],[75.82396,32.49541],[75.76028,32.45979],[75.73866,32.46326],[75.7297,32.45428],[75.72862,32.4452],[75.74424,32.4314],[75.7369,32.42995],[75.73015,32.43352],[75.72802,32.43148],[75.73239,32.42318],[75.72847,32.41781],[75.71632,32.41585],[75.68853,32.39216],[75.66408,32.39678],[75.64638,32.39331],[75.64096,32.38812],[75.6291,32.38713],[75.61416,32.37715],[75.59043,32.37786],[75.56924,32.36366],[75.54258,32.33726],[75.52427,32.34005],[75.51582,32.29799],[75.49895,32.27533],[75.49472,32.27691],[75.49002,32.28798],[75.49023,32.31021],[75.47993,32.31035],[75.46776,32.31756],[75.47224,32.34005],[75.43258,32.32669],[75.41499,32.32427],[75.37853,32.3288],[75.33921,32.34197],[75.29889,32.34664],[75.29946,32.35323],[75.28927,32.35581],[75.28704,32.3627],[75.29004,32.36988],[75.2728,32.37631],[75.2704,32.37347],[75.25827,32.37239],[75.2543,32.37885],[75.2569,32.38942],[75.25116,32.39099],[75.24535,32.38484],[75.2132,32.40271],[75.20914,32.39471],[75.19754,32.39842],[75.19279,32.401],[75.19222,32.41132],[75.19856,32.40943],[75.20128,32.42068],[75.19279,32.42235],[75.19168,32.42614],[75.17971,32.42527],[75.17608,32.42113],[75.16828,32.42284],[75.16201,32.41922],[75.15345,32.42124],[75.13293,32.40892],[75.13275,32.41555],[75.12761,32.41749],[75.12756,32.42391],[75.1345,32.42833],[75.11925,32.44364],[75.12083,32.45522],[75.10887,32.46032],[75.11099,32.46516],[75.10891,32.47446],[75.10013,32.47826],[75.09119,32.46924],[75.07,32.4801],[75.06876,32.4778],[75.05607,32.4813],[75.0268,32.49689],[75.01548,32.47771],[75.01557,32.47257],[75.0199,32.46811],[75.01548,32.46447],[74.99126,32.45246],[74.98355,32.45165],[74.97028,32.45943],[74.95441,32.45154],[74.95194,32.44656],[74.9431,32.45234],[74.94144,32.46379],[74.93635,32.46809],[74.93949,32.47145],[74.92927,32.47135],[74.92005,32.46518],[74.90541,32.47309],[74.90045,32.46703],[74.87717,32.47842],[74.88464,32.49055],[74.87707,32.49397],[74.86761,32.48513],[74.8589,32.49356],[74.84584,32.49194],[74.83562,32.49676],[74.83485,32.4945],[74.81893,32.49822],[74.8126,32.48008],[74.80142,32.48275],[74.79628,32.47691],[74.7553,32.48297],[74.75269,32.47858],[74.72947,32.48123],[74.72713,32.47593],[74.72151,32.4764],[74.71203,32.47875],[74.71437,32.48769],[74.7105,32.49289],[74.70231,32.49312],[74.69418,32.48677],[74.68879,32.48688],[74.68162,32.49285],[74.68618,32.50774],[74.68241,32.51008],[74.69037,32.52351],[74.69027,32.53429],[74.6627,32.54511],[74.66121,32.55408],[74.67254,32.55245],[74.67263,32.56892],[74.66361,32.56424],[74.65175,32.56308],[74.65508,32.5809],[74.64852,32.58551],[74.65907,32.59672],[74.64119,32.59991],[74.63855,32.61462],[74.65433,32.61536],[74.65683,32.63074],[74.65449,32.6373],[74.66344,32.63576],[74.66966,32.63839],[74.67165,32.64598],[74.6807,32.65248],[74.68854,32.65149],[74.69501,32.66052],[74.69615,32.66595],[74.66643,32.67616],[74.65305,32.69773],[74.65753,32.71593],[74.66391,32.7257],[74.65446,32.72908],[74.66037,32.73464],[74.66556,32.74792],[74.67442,32.75654],[74.68511,32.78792],[74.69624,32.80419],[74.69588,32.81124],[74.70475,32.81717],[74.70534,32.84192],[74.68256,32.83667],[74.66777,32.82476],[74.66391,32.82454],[74.65861,32.82986],[74.65314,32.82824],[74.63291,32.80888],[74.63956,32.79833],[74.65837,32.78649],[74.65398,32.78066],[74.63955,32.78228],[74.63243,32.7765],[74.63051,32.76935],[74.63913,32.75754],[74.63752,32.75144],[74.61745,32.7614],[74.61314,32.75788],[74.59341,32.75578],[74.58869,32.75062],[74.58216,32.75349],[74.57957,32.74951],[74.57583,32.7504],[74.5756,32.75606],[74.56547,32.76003],[74.55554,32.75864],[74.54715,32.74577],[74.53873,32.74954],[74.53255,32.74514],[74.5186,32.74838],[74.51217,32.74539],[74.50882,32.7473],[74.50341,32.76548],[74.48281,32.76518],[74.48402,32.76915],[74.47268,32.77738],[74.46353,32.77668],[74.45738,32.78834],[74.44798,32.79397],[74.44615,32.80226],[74.43839,32.81204],[74.43751,32.82288],[74.42172,32.83653],[74.41909,32.84276],[74.42013,32.8546],[74.41403,32.86761],[74.41942,32.8854],[74.41588,32.89666],[74.39814,32.9032],[74.38691,32.91102],[74.37309,32.91392],[74.37594,32.9155],[74.37331,32.91742],[74.34862,32.92223],[74.32777,32.9192],[74.31358,32.92837],[74.31046,32.93553],[74.33937,32.95182],[74.32142,33.00672],[74.31935,33.02161],[74.32452,33.03111],[74.30235,33.0314],[74.27674,33.03781],[74.26671,33.04448],[74.25634,33.0438],[74.23593,33.05098],[74.23096,33.05744],[74.21393,33.06173],[74.20897,33.06809],[74.20237,33.06661],[74.19251,33.07294],[74.18959,33.07026],[74.17298,33.07402],[74.16986,33.0763],[74.17041,33.08097],[74.18257,33.08931],[74.17723,33.09918],[74.16775,33.10312],[74.16111,33.11064],[74.16498,33.1224],[74.1572,33.12509],[74.15405,33.13624],[74.13365,33.15067],[74.12797,33.16023],[74.12072,33.16201],[74.11698,33.15894],[74.10722,33.16769],[74.10036,33.1666],[74.09278,33.17007],[74.07488,33.18546],[74.06893,33.19576],[74.06121,33.19761],[74.05378,33.19407],[74.0501,33.20144],[74.04462,33.20175],[74.03629,33.19712],[74.01716,33.2061],[74.0163,33.21366],[74.00757,33.21724],[74.00519,33.22235],[74.00705,33.23132],[74.00114,33.23732],[74.00221,33.24328],[74.01365,33.25408],[74.01551,33.26112],[74.01239,33.26357],[74.01754,33.26955],[74.02615,33.26725],[74.02634,33.27082],[74.0438,33.27877],[74.04638,33.28241],[74.0446,33.28553],[74.04829,33.28693],[74.05386,33.27984],[74.07813,33.28568],[74.09006,33.2841],[74.10733,33.30016],[74.12464,33.30371],[74.13304,33.30923],[74.14354,33.32191],[74.15592,33.32669],[74.15557,33.33445],[74.16418,33.33749],[74.1721,33.36974],[74.17452,33.37282],[74.18054,33.37216],[74.18688,33.38616],[74.18812,33.40731],[74.17831,33.41248],[74.17869,33.4311],[74.17613,33.43283],[74.17727,33.43986],[74.18373,33.44611],[74.18114,33.45078],[74.18415,33.46554],[74.18151,33.47111],[74.18912,33.46907],[74.19244,33.47494],[74.19175,33.47936],[74.1645,33.50045],[74.15763,33.51065],[74.15796,33.5341],[74.13946,33.557],[74.12706,33.56015],[74.11365,33.57176],[74.10589,33.57455],[74.09392,33.57137],[74.08025,33.58437],[74.06427,33.58352],[74.05541,33.57763],[74.0566,33.57566],[74.03511,33.5765],[74.03067,33.58055],[74.02451,33.59618],[74.01654,33.60251],[74.01207,33.61095],[73.9987,33.61822],[73.99883,33.62329],[73.98337,33.63703],[73.98087,33.64255],[73.98356,33.65477],[73.99287,33.6543],[73.98334,33.67585],[73.98939,33.68321],[73.97862,33.69788],[73.98238,33.70277],[73.98139,33.70644],[73.96602,33.70787],[73.96064,33.71698],[73.96204,33.72359],[73.97307,33.73171],[73.98107,33.7336],[73.98455,33.74044],[74.00064,33.74181],[74.01148,33.76206],[74.00764,33.77317],[74.01063,33.77748],[74.03255,33.79618],[74.03544,33.80522],[74.0442,33.80492],[74.04744,33.8147],[74.05819,33.82343],[74.09311,33.82746],[74.11032,33.82561],[74.11155,33.82319],[74.13238,33.82938],[74.14778,33.83031],[74.16539,33.83784],[74.19375,33.84165],[74.19517,33.8478],[74.20601,33.84978],[74.20655,33.85835],[74.21297,33.85545],[74.24535,33.88125],[74.27635,33.89547],[74.27582,33.89867],[74.28142,33.90293],[74.27568,33.90811],[74.27774,33.91127],[74.27579,33.92178],[74.28216,33.93492],[74.27567,33.94931],[74.26713,33.95349],[74.27698,33.96858],[74.26004,33.97787],[74.2637,33.98499],[74.25536,33.99649],[74.25451,34.00434],[74.23901,34.0123],[74.23357,34.02386],[74.21834,34.02651],[74.21351,34.02346],[74.21739,34.02016],[74.21558,34.01719],[74.19805,34.01632],[74.18132,34.02237],[74.17592,34.03351],[74.17347,34.02912],[74.16304,34.02719],[74.14372,34.04514],[74.12957,34.0465],[74.10615,34.03735],[74.08369,34.03857],[74.08487,34.03599],[74.06826,34.03642],[74.05522,34.0308],[74.04946,34.0306],[74.04163,34.0366],[74.01811,34.03815],[74.01263,34.03549],[74.00518,34.0214],[73.98623,34.01247],[73.97091,34.01361],[73.96919,34.01092],[73.92554,34.02438],[73.92153,34.037],[73.89997,34.04979],[73.89607,34.05989],[73.8996,34.07278],[73.90735,34.08237],[73.90235,34.08645],[73.905,34.10608],[73.92678,34.10349],[73.92919,34.11637],[73.92668,34.12753],[73.94666,34.13611],[73.94887,34.13861],[73.94633,34.14308],[73.95281,34.14729],[73.95252,34.15238],[73.96556,34.15282],[73.96731,34.15788],[73.95883,34.16026],[73.95987,34.16834],[73.98094,34.17587],[73.99019,34.1759],[74.00003,34.18348],[74.00051,34.18873],[74.00866,34.19131],[74.01124,34.1957],[73.99935,34.19825],[73.99832,34.20891],[74.009,34.22222],[73.98981,34.26117],[73.99114,34.27353],[73.94669,34.27804],[73.94287,34.28504],[73.93715,34.28549],[73.93738,34.29766],[73.94275,34.30122],[73.94146,34.31331],[73.93078,34.31286],[73.93077,34.30681],[73.91861,34.30688],[73.91831,34.31061],[73.93719,34.3356],[73.92514,34.33976],[73.91393,34.34775],[73.91341,34.35217],[73.90408,34.35223],[73.90184,34.34518],[73.886,34.33378],[73.86593,34.33549],[73.85454,34.32206],[73.84562,34.32918],[73.81478,34.33367],[73.81058,34.33968],[73.81489,34.3461],[73.80073,34.34532],[73.79856,34.33813],[73.77563,34.33269],[73.75823,34.34489],[73.7506,34.34464],[73.75296,34.35729],[73.7509,34.37094],[73.75737,34.37794],[73.75595,34.38095],[73.76705,34.38555],[73.77565,34.39868],[73.80163,34.41848],[73.80547,34.42768],[73.84096,34.42726],[73.83944,34.43354],[73.84175,34.43514],[73.84702,34.4315],[73.87856,34.45321],[73.88748,34.45301],[73.88774,34.46547],[73.88094,34.47557],[73.88206,34.48384],[73.89104,34.49187],[73.88819,34.49983],[73.89504,34.51196],[73.91103,34.51859],[73.90472,34.52774],[73.93847,34.55346],[73.9408,34.55164],[73.94557,34.55417],[73.95632,34.56548],[73.95144,34.569],[73.95941,34.57989],[73.95298,34.58168],[73.9523,34.59768],[73.92837,34.60315],[73.92872,34.60966],[73.93347,34.61637],[73.93207,34.64089],[73.93494,34.64603],[73.95359,34.65094],[73.94745,34.65548],[73.95522,34.66422],[73.95329,34.67129],[73.96864,34.6855],[73.98752,34.68168],[74.02387,34.68335],[74.04645,34.67352],[74.07132,34.66947],[74.09262,34.66984],[74.10347,34.68004],[74.10806,34.67994],[74.11478,34.66422],[74.12627,34.65895],[74.14596,34.65869],[74.14474,34.67067],[74.15493,34.68009],[74.15855,34.68982],[74.21171,34.71877],[74.24108,34.72666],[74.30893,34.78145],[74.31758,34.77759],[74.32327,34.78435],[74.34416,34.7871],[74.39559,34.78547],[74.43527,34.77375],[74.44199,34.77972],[74.45996,34.78064],[74.46624,34.77189],[74.47307,34.77094],[74.4776,34.77949],[74.50546,34.76932],[74.56505,34.76458],[74.57801,34.76039],[74.58776,34.74947],[74.65182,34.70575],[74.73076,34.68084],[74.73391,34.68289],[74.74135,34.67928],[74.84003,34.67364],[74.85141,34.68408],[74.86045,34.68063],[74.86404,34.67376],[74.92918,34.67337],[74.97671,34.65346],[74.98477,34.64573],[74.99766,34.65069],[75.00182,34.64316],[75.0094,34.64104],[75.02547,34.62915],[75.03347,34.63744],[75.05278,34.63568],[75.07874,34.6472],[75.08704,34.65489],[75.09861,34.64934],[75.10826,34.65112],[75.12062,34.64773],[75.12642,34.65373],[75.13777,34.65109],[75.14572,34.6553],[75.1623,34.6565],[75.17432,34.65057],[75.17612,34.64588],[75.19089,34.6513],[75.22026,34.64215],[75.23626,34.64203],[75.25404,34.63702],[75.26581,34.63832],[75.26979,34.62802],[75.2681,34.62134],[75.25369,34.6171],[75.24757,34.60293],[75.25266,34.59927],[75.26609,34.60205],[75.27637,34.59515],[75.28642,34.59539],[75.29054,34.58867],[75.29846,34.58747],[75.31145,34.57726],[75.31961,34.56517],[75.32774,34.56846],[75.34458,34.56222],[75.36538,34.53763],[75.46878,34.53965],[75.66044,34.53295],[75.69703,34.52206],[75.77952,34.51061],[75.83836,34.55931],[75.90311,34.58776],[75.96494,34.63585],[75.97232,34.6383],[75.99129,34.63603],[75.99688,34.64971],[76.00975,34.66536],[76.0341,34.68634],[76.05812,34.68945],[76.06364,34.68716],[76.08122,34.67389],[76.08809,34.67315],[76.08897,34.66501],[76.10073,34.66186],[76.10193,34.64761],[76.11703,34.6398],[76.13083,34.6393],[76.13787,34.63427],[76.14482,34.63703],[76.1609,34.63316],[76.16889,34.64619],[76.19342,34.66127],[76.20323,34.66118],[76.24003,34.67413],[76.25466,34.67277],[76.25006,34.67958],[76.25087,34.68512],[76.25839,34.69262],[76.27188,34.69664],[76.25965,34.71514],[76.29571,34.71788],[76.42892,34.75105],[76.43317,34.75411],[76.4305,34.76974],[76.43265,34.77249],[76.46416,34.79672],[76.4726,34.7987],[76.50198,34.79695],[76.52389,34.77762],[76.54217,34.76665],[76.60189,34.74924],[76.61911,34.74971],[76.63896,34.75533],[76.68117,34.74975],[76.71185,34.80939],[76.74766,34.83075],[76.75786,34.89483],[76.74885,34.90711],[76.74858,34.9144],[76.75628,34.93929],[76.77248,34.93168],[76.78361,34.94018],[76.81209,34.95327],[76.85779,34.96367],[76.86876,34.9836],[76.99557,34.93247],[77.0083,34.97456],[77.00686,34.99235],[77.01033,35.00029],[77.00561,35.00859],[77.00615,35.02414],[77.01199,35.0251],[77.01639,35.03571],[77.03631,35.0376],[77.04899,35.0515],[77.06738,35.05293],[77.08861,35.04305],[77.11659,35.05233],[77.12035,35.06481],[77.11336,35.07573],[77.11148,35.08939],[77.08539,35.09594],[77.07905,35.10185],[77.08139,35.11642],[77.07037,35.1226],[77.06912,35.13519],[77.0827,35.14255],[77.08467,35.14774],[77.08586,35.16836],[77.04068,35.18341],[77.01556,35.18342],[77.00803,35.18922],[77.00342,35.20383],[76.99119,35.20981],[76.99061,35.21398],[77.00374,35.23082],[76.9966,35.24188],[76.98352,35.24451],[76.9751,35.25135],[76.9767,35.25997],[76.98211,35.26597],[76.994,35.26815],[76.99226,35.27805],[76.99939,35.28033],[76.99591,35.2886],[77.00784,35.29433],[77.02063,35.29566],[76.99896,35.31121],[76.98912,35.31213],[76.98349,35.31731],[76.98347,35.32042],[76.9878,35.32072],[76.98941,35.32931],[76.97791,35.34421],[76.98574,35.35179],[76.98583,35.35618],[76.98248,35.35996],[76.96919,35.35978],[76.9538,35.36701],[76.94946,35.3762],[76.95505,35.38317],[76.94768,35.39317],[76.94018,35.39683],[76.91927,35.40138],[76.90756,35.38965],[76.89601,35.38618],[76.85802,35.39124],[76.84995,35.39651],[76.83327,35.42238],[76.84158,35.42965],[76.8375,35.44342],[76.82825,35.4552],[76.82143,35.45496],[76.81568,35.46097],[76.80968,35.47371],[76.80363,35.47903],[76.80424,35.48338],[76.79094,35.49599],[76.79167,35.50625],[76.79843,35.51734],[76.7873,35.51875],[76.77665,35.51489],[76.76539,35.51525],[76.74747,35.53844],[76.74955,35.55474],[76.76418,35.56151],[76.7762,35.57983],[76.78562,35.57684],[76.79157,35.57887],[76.78961,35.59323],[76.75648,35.62768],[76.75923,35.63803],[76.77207,35.63868],[76.78246,35.64294],[76.77721,35.65813],[76.78191,35.66095],[76.80356,35.66345],[76.81312,35.66964],[76.82237,35.66594],[76.83795,35.66822],[76.84467,35.6755],[76.85387,35.66859],[76.8618,35.6507],[76.8815,35.63983],[76.89907,35.625],[76.89981,35.61906],[76.90977,35.6146],[76.93108,35.61074],[76.96527,35.59429],[76.97233,35.60088],[76.98331,35.59788],[76.99333,35.61129],[77.00191,35.60853],[77.01063,35.60999],[77.03106,35.59949],[77.05835,35.5992],[77.06935,35.59392],[77.09151,35.56796],[77.10988,35.56459],[77.12167,35.55539],[77.12851,35.55597],[77.13752,35.55106],[77.14793,35.53898],[77.1707,35.53522],[77.19031,35.52194],[77.20696,35.51954],[77.23181,35.5297],[77.2504,35.53101],[77.26371,35.53983],[77.27357,35.53599],[77.2831,35.53751],[77.29362,35.54394],[77.29798,35.54057],[77.30418,35.54562],[77.3144,35.53704],[77.31951,35.53871],[77.32838,35.53399],[77.33722,35.52523],[77.33922,35.51764],[77.33644,35.51337],[77.34006,35.51032],[77.34015,35.50495],[77.35098,35.49559],[77.35547,35.49416],[77.3627,35.50001],[77.37249,35.49731],[77.37028,35.49161],[77.37769,35.48183],[77.37911,35.47482],[77.39344,35.46967],[77.40553,35.47288],[77.42376,35.47085],[77.42863,35.46573],[77.43303,35.46655],[77.44159,35.46166],[77.47715,35.47871],[77.48216,35.4918],[77.48796,35.49477],[77.49232,35.49139],[77.50945,35.4904],[77.51195,35.48581],[77.5207,35.48664],[77.52469,35.48369],[77.5339,35.48847],[77.54023,35.48803],[77.54299,35.48385],[77.55856,35.48751],[77.58222,35.47967],[77.58081,35.46907],[77.58556,35.46721],[77.59249,35.4654],[77.60475,35.47272],[77.62928,35.46209],[77.64155,35.46672],[77.638,35.47564],[77.639,35.48388],[77.6481,35.48422],[77.65088,35.48734],[77.68838,35.45344],[77.696,35.46279],[77.71635,35.46192],[77.7276,35.47011],[77.74228,35.49532],[77.75373,35.4969],[77.75981,35.50257],[77.78004,35.49778],[77.78643,35.50573],[77.79893,35.50963],[77.80347,35.51927],[77.81465,35.52269],[77.82788,35.50444],[77.83988,35.50332],[77.85296,35.49127],[77.86382,35.49998],[77.87677,35.49059],[77.87608,35.48671],[77.88155,35.47988],[77.88894,35.47945],[77.89905,35.47163],[77.90171,35.46571],[77.91102,35.46213],[77.92191,35.48279],[77.91759,35.48964],[77.92455,35.4966],[77.93582,35.49092],[77.94727,35.47879],[77.95537,35.48312]]]]}},{"type":"Feature","properties":{"ISO_A3":"","WB_A3":"","WB_NAME":"Jammu and Kashmir","WB_REGION":"","STATUS":"non-determined","AREA_ID":"jammu-and-kashmir-pak","CLAIMANTS":"IND,PAK","ADMIN":"PAK"},"geometry":{"type":"MultiPolygon","coordinates":[[[[75.94551,36.60275],[75.94575,36.59515],[75.94163,36.58671],[75.92483,36.57263],[75.92312,36.56545],[75.92652,36.56068],[75.93598,36.55931],[75.94154,36.5543],[75.94978,36.53962],[75.96379,36.5331],[75.96248,36.52182],[75.96904,36.51139],[75.97603,36.50773],[75.9851,36.50946],[75.98784,36.50577],[75.98946,36.49012],[76.00871,36.47087],[76.02119,36.43744],[76.02715,36.43128],[76.0312,36.41359],[76.03595,36.40801],[76.0262,36.39119],[76.00509,36.38586],[75.99787,36.36057],[75.99434,36.3548],[75.98501,36.35083],[75.98591,36.3397],[75.99274,36.33395],[75.99596,36.32379],[75.99477,36.30776],[76.01777,36.29996],[76.02551,36.27096],[76.03924,36.26393],[76.04785,36.2508],[76.05804,36.24474],[76.06235,36.23515],[76.05918,36.22369],[76.03912,36.22614],[76.028,36.23567],[76.00396,36.23172],[76.00777,36.22527],[76.00653,36.21628],[76.01002,36.21351],[76.00668,36.19914],[76.01142,36.19245],[76.00412,36.1868],[76.01054,36.17607],[76.01466,36.17727],[76.02421,36.17142],[76.01121,36.17117],[76.00411,36.16437],[75.99576,36.16614],[75.98607,36.16196],[75.98225,36.16458],[75.9677,36.16236],[75.96373,36.15733],[75.96852,36.14963],[75.95098,36.14072],[75.93326,36.13627],[75.9338,36.12604],[75.94833,36.11755],[75.94994,36.11245],[75.93847,36.10393],[75.94275,36.10029],[75.945,36.08806],[75.95387,36.07869],[75.9428,36.07348],[75.94259,36.07005],[75.9521,36.06606],[75.94947,36.05943],[75.95117,36.05442],[75.9575,36.04959],[75.95767,36.04596],[75.9769,36.03492],[75.97642,36.03161],[75.98566,36.02962],[76.00219,36.01953],[76.02158,36.02084],[76.03054,36.02609],[76.03827,36.02284],[76.04403,36.02512],[76.08024,36.02373],[76.09954,36.01762],[76.10363,36.01223],[76.0997,36.00856],[76.09745,35.99665],[76.10292,35.99407],[76.10681,35.97583],[76.13729,35.95364],[76.13781,35.94758],[76.14389,35.94132],[76.14762,35.93116],[76.16027,35.91936],[76.15895,35.90853],[76.14792,35.89166],[76.1533,35.88129],[76.1491,35.87488],[76.15464,35.86609],[76.14121,35.84857],[76.14586,35.83585],[76.16997,35.82048],[76.17685,35.82372],[76.19261,35.82268],[76.21774,35.8271],[76.22308,35.83329],[76.22501,35.84253],[76.26542,35.83921],[76.29574,35.84368],[76.30134,35.84223],[76.30867,35.83169],[76.32448,35.83645],[76.33827,35.83039],[76.35837,35.82847],[76.35434,35.83657],[76.3565,35.84645],[76.35148,35.85524],[76.36277,35.86092],[76.36281,35.86356],[76.39138,35.85975],[76.40433,35.85332],[76.42337,35.85576],[76.42805,35.85368],[76.44558,35.86536],[76.4479,35.87412],[76.45626,35.88421],[76.46989,35.89098],[76.48444,35.88824],[76.48994,35.89007],[76.50988,35.88547],[76.51325,35.88178],[76.51833,35.88431],[76.53067,35.89611],[76.5468,35.90255],[76.54264,35.90982],[76.54402,35.92452],[76.54927,35.92819],[76.56085,35.92196],[76.56716,35.92533],[76.58331,35.92127],[76.58676,35.90992],[76.59958,35.90133],[76.58703,35.88326],[76.57275,35.87041],[76.58325,35.86288],[76.58697,35.84543],[76.56003,35.82235],[76.56567,35.81809],[76.56392,35.81377],[76.57499,35.80524],[76.57858,35.79709],[76.59244,35.78314],[76.58545,35.77889],[76.58694,35.77475],[76.60171,35.77194],[76.61638,35.76256],[76.62689,35.76943],[76.6405,35.77031],[76.6492,35.76378],[76.64627,35.75741],[76.66968,35.75397],[76.67782,35.75557],[76.6898,35.75021],[76.69398,35.74588],[76.6922,35.7424],[76.69608,35.72493],[76.70441,35.72427],[76.72534,35.71068],[76.7333,35.69791],[76.7434,35.6942],[76.74565,35.68648],[76.7583,35.68052],[76.75511,35.67126],[76.75972,35.66325],[76.77721,35.65813],[76.78246,35.64294],[76.77207,35.63868],[76.75923,35.63803],[76.75648,35.62768],[76.78961,35.59323],[76.79157,35.57887],[76.78562,35.57684],[76.7762,35.57983],[76.76418,35.56151],[76.74955,35.55474],[76.74747,35.53844],[76.76539,35.51525],[76.77665,35.51489],[76.7873,35.51875],[76.79843,35.51734],[76.79167,35.50625],[76.79094,35.49599],[76.80424,35.48338],[76.80363,35.47903],[76.80968,35.47371],[76.81568,35.46097],[76.82143,35.45496],[76.82825,35.4552],[76.8375,35.44342],[76.84158,35.42965],[76.83327,35.42238],[76.84995,35.39651],[76.85802,35.39124],[76.89601,35.38618],[76.90756,35.38965],[76.91927,35.40138],[76.94018,35.39683],[76.94768,35.39317],[76.95505,35.38317],[76.94946,35.3762],[76.9538,35.36701],[76.96919,35.35978],[76.98248,35.35996],[76.98583,35.35618],[76.98574,35.35179],[76.97791,35.34421],[76.98941,35.32931],[76.9878,35.32072],[76.98347,35.32042],[76.98349,35.31731],[76.98912,35.31213],[76.99896,35.31121],[77.02063,35.29566],[77.00784,35.29433],[76.99591,35.2886],[76.99939,35.28033],[76.99226,35.27805],[76.994,35.26815],[76.98211,35.26597],[76.9767,35.25997],[76.9751,35.25135],[76.98352,35.24451],[76.9966,35.24188],[77.00374,35.23082],[76.99061,35.21398],[76.99119,35.20981],[77.00342,35.20383],[77.00803,35.18922],[77.01556,35.18342],[77.04068,35.18341],[77.08586,35.16836],[77.08467,35.14774],[77.0827,35.14255],[77.06912,35.13519],[77.07037,35.1226],[77.08139,35.11642],[77.07905,35.10185],[77.08539,35.09594],[77.11148,35.08939],[77.11336,35.07573],[77.12035,35.06481],[77.11659,35.05233],[77.08861,35.04305],[77.06738,35.05293],[77.04899,35.0515],[77.03631,35.0376],[77.01639,35.03571],[77.01199,35.0251],[77.00615,35.02414],[77.00561,35.00859],[77.01033,35.00029],[77.00686,34.99235],[77.0083,34.97456],[76.99557,34.93247],[76.86876,34.9836],[76.85779,34.96367],[76.81209,34.95327],[76.78361,34.94018],[76.77248,34.93168],[76.75628,34.93929],[76.74858,34.9144],[76.74885,34.90711],[76.75786,34.89483],[76.74766,34.83075],[76.71185,34.80939],[76.68117,34.74975],[76.63896,34.75533],[76.61911,34.74971],[76.60189,34.74924],[76.54217,34.76665],[76.52389,34.77762],[76.50198,34.79695],[76.4726,34.7987],[76.46416,34.79672],[76.43265,34.77249],[76.4305,34.76974],[76.43317,34.75411],[76.42892,34.75105],[76.29571,34.71788],[76.25965,34.71514],[76.27188,34.69664],[76.25839,34.69262],[76.25087,34.68512],[76.25006,34.67958],[76.25466,34.67277],[76.24003,34.67413],[76.20323,34.66118],[76.19342,34.66127],[76.16889,34.64619],[76.1609,34.63316],[76.14482,34.63703],[76.13787,34.63427],[76.13083,34.6393],[76.11703,34.6398],[76.10193,34.64761],[76.10073,34.66186],[76.08897,34.66501],[76.08809,34.67315],[76.08122,34.67389],[76.06364,34.68716],[76.05812,34.68945],[76.0341,34.68634],[76.00975,34.66536],[75.99688,34.64971],[75.99129,34.63603],[75.97232,34.6383],[75.96494,34.63585],[75.90311,34.58776],[75.83836,34.55931],[75.77952,34.51061],[75.69703,34.52206],[75.66044,34.53295],[75.46878,34.53965],[75.36538,34.53763],[75.34458,34.56222],[75.32774,34.56846],[75.31961,34.56517],[75.31145,34.57726],[75.29846,34.58747],[75.29054,34.58867],[75.28642,34.59539],[75.27637,34.59515],[75.26609,34.60205],[75.25266,34.59927],[75.24757,34.60293],[75.25369,34.6171],[75.2681,34.62134],[75.26979,34.62802],[75.26581,34.63832],[75.25404,34.63702],[75.23626,34.64203],[75.22026,34.64215],[75.19089,34.6513],[75.17612,34.64588],[75.17432,34.65057],[75.1623,34.6565],[75.14572,34.6553],[75.13777,34.65109],[75.12642,34.65373],[75.12062,34.64773],[75.10826,34.65112],[75.09861,34.64934],[75.08704,34.65489],[75.07874,34.6472],[75.05278,34.63568],[75.03347,34.63744],[75.02547,34.62915],[75.0094,34.64104],[75.00182,34.64316],[74.99766,34.65069],[74.98477,34.64573],[74.97671,34.65346],[74.92918,34.67337],[74.86404,34.67376],[74.86045,34.68063],[74.85141,34.68408],[74.84003,34.67364],[74.74135,34.67928],[74.73391,34.68289],[74.73076,34.68084],[74.65182,34.70575],[74.58776,34.74947],[74.57801,34.76039],[74.56505,34.76458],[74.50546,34.76932],[74.4776,34.77949],[74.47307,34.77094],[74.46624,34.77189],[74.45996,34.78064],[74.44199,34.77972],[74.43527,34.77375],[74.39559,34.78547],[74.34416,34.7871],[74.32327,34.78435],[74.31758,34.77759],[74.30893,34.78145],[74.24108,34.72666],[74.21171,34.71877],[74.15855,34.68982],[74.15493,34.68009],[74.14474,34.67067],[74.14596,34.65869],[74.12627,34.65895],[74.11478,34.66422],[74.10806,34.67994],[74.10347,34.68004],[74.09262,34.66984],[74.07132,34.66947],[74.04645,34.67352],[74.02387,34.68335],[73.98752,34.68168],[73.96864,34.6855],[73.95329,34.67129],[73.95522,34.66422],[73.94745,34.65548],[73.95359,34.65094],[73.93494,34.64603],[73.93207,34.64089],[73.93347,34.61637],[73.92872,34.60966],[73.92837,34.60315],[73.9523,34.59768],[73.95298,34.58168],[73.95941,34.57989],[73.95144,34.569],[73.95632,34.56548],[73.94557,34.55417],[73.9408,34.55164],[73.93847,34.55346],[73.90472,34.52774],[73.91103,34.51859],[73.89504,34.51196],[73.88819,34.49983],[73.89104,34.49187],[73.88206,34.48384],[73.88094,34.47557],[73.88774,34.46547],[73.88748,34.45301],[73.87856,34.45321],[73.84702,34.4315],[73.84175,34.43514],[73.83944,34.43354],[73.84096,34.42726],[73.80547,34.42768],[73.80163,34.41848],[73.77565,34.39868],[73.76705,34.38555],[73.75595,34.38095],[73.75737,34.37794],[73.7509,34.37094],[73.75296,34.35729],[73.7506,34.34464],[73.75823,34.34489],[73.77563,34.33269],[73.79856,34.33813],[73.80073,34.34532],[73.81489,34.3461],[73.81058,34.33968],[73.81478,34.33367],[73.84562,34.32918],[73.85454,34.32206],[73.86593,34.33549],[73.886,34.33378],[73.90184,34.34518],[73.90408,34.35223],[73.91341,34.35217],[73.91393,34.34775],[73.92514,34.33976],[73.93719,34.3356],[73.91831,34.31061],[73.91861,34.30688],[73.93077,34.30681],[73.93078,34.31286],[73.94146,34.31331],[73.94275,34.30122],[73.93738,34.29766],[73.93715,34.28549],[73.94287,34.28504],[73.94669,34.27804],[73.99114,34.27353],[73.98981,34.26117],[74.009,34.22222],[73.99832,34.20891],[73.99935,34.19825],[74.01124,34.1957],[74.00866,34.19131],[74.00051,34.18873],[74.00003,34.18348],[73.99019,34.1759],[73.98094,34.17587],[73.95987,34.16834],[73.95883,34.16026],[73.96731,34.15788],[73.96556,34.15282],[73.95252,34.15238],[73.95281,34.14729],[73.94633,34.14308],[73.94887,34.13861],[73.94666,34.13611],[73.92668,34.12753],[73.92919,34.11637],[73.92678,34.10349],[73.905,34.10608],[73.90235,34.08645],[73.90735,34.08237],[73.8996,34.07278],[73.89607,34.05989],[73.89997,34.04979],[73.92153,34.037],[73.92554,34.02438],[73.96919,34.01092],[73.97091,34.01361],[73.98623,34.01247],[74.00518,34.0214],[74.01263,34.03549],[74.01811,34.03815],[74.04163,34.0366],[74.04946,34.0306],[74.05522,34.0308],[74.06826,34.03642],[74.08487,34.03599],[74.08369,34.03857],[74.10615,34.03735],[74.12957,34.0465],[74.14372,34.04514],[74.16304,34.02719],[74.17347,34.02912],[74.17592,34.03351],[74.18132,34.02237],[74.19805,34.01632],[74.21558,34.01719],[74.21739,34.02016],[74.21351,34.02346],[74.21834,34.02651],[74.23357,34.02386],[74.23901,34.0123],[74.25451,34.00434],[74.25536,33.99649],[74.2637,33.98499],[74.26004,33.97787],[74.27698,33.96858],[74.26713,33.95349],[74.27567,33.94931],[74.28216,33.93492],[74.27579,33.92178],[74.27774,33.91127],[74.27568,33.90811],[74.28142,33.90293],[74.27582,33.89867],[74.27635,33.89547],[74.24535,33.88125],[74.21297,33.85545],[74.20655,33.85835],[74.20601,33.84978],[74.19517,33.8478],[74.19375,33.84165],[74.16539,33.83784],[74.14778,33.83031],[74.13238,33.82938],[74.11155,33.82319],[74.11032,33.82561],[74.09311,33.82746],[74.05819,33.82343],[74.04744,33.8147],[74.0442,33.80492],[74.03544,33.80522],[74.03255,33.79618],[74.01063,33.77748],[74.00764,33.77317],[74.01148,33.76206],[74.00064,33.74181],[73.98455,33.74044],[73.98107,33.7336],[73.97307,33.73171],[73.96204,33.72359],[73.96064,33.71698],[73.96602,33.70787],[73.98139,33.70644],[73.98238,33.70277],[73.97862,33.69788],[73.98939,33.68321],[73.98334,33.67585],[73.99287,33.6543],[73.98356,33.65477],[73.98087,33.64255],[73.98337,33.63703],[73.99883,33.62329],[73.9987,33.61822],[74.01207,33.61095],[74.01654,33.60251],[74.02451,33.59618],[74.03067,33.58055],[74.03511,33.5765],[74.0566,33.57566],[74.05541,33.57763],[74.06427,33.58352],[74.08025,33.58437],[74.09392,33.57137],[74.10589,33.57455],[74.11365,33.57176],[74.12706,33.56015],[74.13946,33.557],[74.15796,33.5341],[74.15763,33.51065],[74.1645,33.50045],[74.19175,33.47936],[74.19244,33.47494],[74.18912,33.46907],[74.18151,33.47111],[74.18415,33.46554],[74.18114,33.45078],[74.18373,33.44611],[74.17727,33.43986],[74.17613,33.43283],[74.17869,33.4311],[74.17831,33.41248],[74.18812,33.40731],[74.18688,33.38616],[74.18054,33.37216],[74.17452,33.37282],[74.1721,33.36974],[74.16521,33.34584],[74.16758,33.34492],[74.16418,33.33749],[74.15557,33.33445],[74.15592,33.32669],[74.14354,33.32191],[74.12464,33.30371],[74.10733,33.30016],[74.09006,33.2841],[74.07813,33.28568],[74.05386,33.27984],[74.04829,33.28693],[74.0446,33.28553],[74.04638,33.28241],[74.0438,33.27877],[74.02634,33.27082],[74.02615,33.26725],[74.01754,33.26955],[74.01239,33.26357],[74.01551,33.26112],[74.01365,33.25408],[74.00677,33.25003],[74.00114,33.23732],[74.00705,33.23132],[74.00519,33.22235],[74.00757,33.21724],[74.0163,33.21366],[74.01716,33.2061],[74.03629,33.19712],[74.04462,33.20175],[74.0501,33.20144],[74.05378,33.19407],[74.06121,33.19761],[74.06893,33.19576],[74.08481,33.17536],[74.10036,33.1666],[74.11045,33.16611],[74.11698,33.15894],[74.12072,33.16201],[74.12797,33.16023],[74.13365,33.15067],[74.14763,33.1425],[74.15405,33.13624],[74.1572,33.12509],[74.16498,33.1224],[74.16111,33.11064],[74.16416,33.10583],[74.17723,33.09918],[74.18257,33.08931],[74.17041,33.08097],[74.16986,33.0763],[74.17298,33.07402],[74.18959,33.07026],[74.19251,33.07294],[74.20237,33.06661],[74.20897,33.06809],[74.21393,33.06173],[74.23096,33.05744],[74.23593,33.05098],[74.25634,33.0438],[74.26671,33.04448],[74.27674,33.03781],[74.30235,33.0314],[74.32452,33.03111],[74.31935,33.02161],[74.32142,33.00672],[74.33937,32.95182],[74.31046,32.93553],[74.31358,32.92837],[74.32777,32.9192],[74.34862,32.92223],[74.37331,32.91742],[74.37594,32.9155],[74.37309,32.91392],[74.38691,32.91102],[74.39814,32.9032],[74.41588,32.89666],[74.41942,32.8854],[74.41403,32.86761],[74.42013,32.8546],[74.41909,32.84276],[74.42172,32.83653],[74.43751,32.82288],[74.43839,32.81204],[74.44615,32.80226],[74.44798,32.79397],[74.45738,32.78834],[74.44836,32.78522],[74.43719,32.79074],[74.38804,32.80345],[74.35362,32.78949],[74.31154,32.78596],[74.27519,32.81275],[74.26606,32.83123],[74.2534,32.84628],[74.18349,32.8657],[74.167,32.87477],[74.15358,32.89331],[74.14403,32.90019],[74.03057,32.92794],[74.00646,32.94828],[73.96382,32.94337],[73.95346,32.9498],[73.95319,32.97046],[73.926,33.00151],[73.89191,32.99554],[73.84988,33.01638],[73.83035,33.01785],[73.78159,33.00691],[73.77735,33.03067],[73.76555,33.04624],[73.75403,33.0474],[73.73445,33.06785],[73.71864,33.07141],[73.70077,33.08936],[73.66101,33.08331],[73.6488,33.08705],[73.63857,33.08632],[73.6343,33.09032],[73.63186,33.10516],[73.63119,33.11304],[73.63521,33.12127],[73.63272,33.13918],[73.63736,33.15351],[73.66042,33.1568],[73.66986,33.1645],[73.67226,33.17224],[73.67163,33.20745],[73.65348,33.21291],[73.64923,33.2196],[73.64501,33.22017],[73.63936,33.20698],[73.63243,33.20977],[73.63114,33.22298],[73.63682,33.22517],[73.63811,33.23006],[73.621,33.23649],[73.61938,33.24446],[73.61337,33.24769],[73.61668,33.25725],[73.60699,33.2738],[73.60392,33.2952],[73.59558,33.30404],[73.58905,33.3217],[73.59062,33.32528],[73.59846,33.32477],[73.60142,33.32886],[73.60062,33.33466],[73.59351,33.34041],[73.58371,33.32804],[73.57811,33.32751],[73.57693,33.33385],[73.56978,33.33984],[73.58257,33.35315],[73.58029,33.35607],[73.57083,33.35565],[73.56536,33.37036],[73.57295,33.3796],[73.56997,33.38323],[73.57232,33.3922],[73.5812,33.39753],[73.58171,33.40542],[73.58899,33.40836],[73.5916,33.41526],[73.60002,33.41807],[73.60208,33.42369],[73.5933,33.42174],[73.58652,33.42499],[73.59361,33.42837],[73.59517,33.43899],[73.61082,33.43973],[73.61948,33.45],[73.62985,33.44876],[73.63172,33.46196],[73.62001,33.46399],[73.62039,33.47596],[73.61688,33.47775],[73.61395,33.47194],[73.60896,33.47299],[73.61064,33.48219],[73.60477,33.48518],[73.60294,33.49778],[73.60495,33.5019],[73.61778,33.49869],[73.61063,33.51252],[73.61209,33.51497],[73.61918,33.51481],[73.63023,33.5258],[73.63983,33.52534],[73.63823,33.53415],[73.62675,33.53579],[73.62262,33.54126],[73.62692,33.55004],[73.62584,33.56423],[73.62881,33.56983],[73.62134,33.57928],[73.60526,33.58781],[73.61087,33.60067],[73.60952,33.60401],[73.60127,33.59973],[73.59626,33.60091],[73.58487,33.6164],[73.5683,33.61721],[73.56731,33.6201],[73.57781,33.64166],[73.56665,33.66515],[73.57235,33.67589],[73.59875,33.69998],[73.60517,33.71408],[73.60581,33.72717],[73.60129,33.73318],[73.59825,33.74882],[73.57319,33.7646],[73.5603,33.77912],[73.55987,33.78358],[73.57637,33.83048],[73.57783,33.84245],[73.58964,33.86147],[73.58696,33.87469],[73.59297,33.8779],[73.59367,33.88986],[73.58482,33.90479],[73.56793,33.91638],[73.55992,33.92873],[73.54746,33.93858],[73.53702,33.95747],[73.5376,33.96553],[73.53182,33.97169],[73.53301,33.97839],[73.52613,33.99151],[73.51357,34.00272],[73.51474,34.02197],[73.51044,34.0264],[73.50519,34.06398],[73.49861,34.07014],[73.49962,34.09428],[73.49522,34.10062],[73.4957,34.11385],[73.49033,34.12666],[73.49632,34.13315],[73.49056,34.14038],[73.49365,34.14458],[73.48973,34.16515],[73.48984,34.1838],[73.49475,34.1953],[73.49157,34.20244],[73.49602,34.2084],[73.47821,34.23609],[73.47228,34.25315],[73.47469,34.26461],[73.4837,34.27102],[73.48519,34.27599],[73.48119,34.28024],[73.48179,34.2862],[73.47744,34.29004],[73.47263,34.28884],[73.47146,34.28146],[73.45783,34.27357],[73.45382,34.27704],[73.45866,34.28881],[73.44231,34.3016],[73.44742,34.30651],[73.44284,34.32118],[73.42582,34.33069],[73.42585,34.33536],[73.42224,34.33671],[73.42796,34.34188],[73.4255,34.34427],[73.41948,34.34439],[73.41138,34.35022],[73.40775,34.34601],[73.40316,34.35283],[73.40353,34.35956],[73.41234,34.36446],[73.41554,34.37112],[73.42293,34.37297],[73.42054,34.38154],[73.42472,34.38411],[73.42284,34.38744],[73.42522,34.39269],[73.41894,34.40805],[73.42018,34.41538],[73.42531,34.41971],[73.42492,34.42535],[73.43333,34.43539],[73.43284,34.43952],[73.42582,34.44123],[73.42331,34.44574],[73.42592,34.4555],[73.42337,34.46456],[73.43452,34.48319],[73.43679,34.49378],[73.43704,34.50368],[73.4291,34.51943],[73.44545,34.53277],[73.44164,34.55534],[73.44611,34.56682],[73.46185,34.57125],[73.46861,34.56683],[73.49616,34.57489],[73.5106,34.56919],[73.53255,34.57051],[73.54427,34.57737],[73.55361,34.58899],[73.56474,34.58684],[73.57161,34.58194],[73.58249,34.58439],[73.61151,34.58144],[73.62653,34.5731],[73.63191,34.56173],[73.64946,34.5587],[73.66105,34.57896],[73.65365,34.59792],[73.69403,34.64572],[73.69396,34.6502],[73.68978,34.6527],[73.66568,34.66047],[73.65927,34.66548],[73.66061,34.67507],[73.66958,34.68728],[73.6815,34.69457],[73.68331,34.70445],[73.70784,34.72468],[73.71439,34.74425],[73.72061,34.74911],[73.7246,34.76685],[73.72993,34.77267],[73.7384,34.77296],[73.76057,34.79078],[73.77353,34.79567],[73.78058,34.79101],[73.8026,34.79478],[73.80967,34.79033],[73.82451,34.79242],[73.83246,34.80693],[73.84387,34.8131],[73.86189,34.80861],[73.87203,34.81431],[73.88775,34.81341],[73.89507,34.81856],[73.90686,34.81067],[73.92068,34.80978],[73.93346,34.83189],[73.94488,34.83074],[73.95856,34.83427],[73.96271,34.83872],[73.968,34.86206],[73.99435,34.86374],[73.9995,34.867],[74.00186,34.87518],[74.0256,34.87236],[74.03249,34.88445],[74.04315,34.89152],[74.03575,34.89867],[74.03468,34.90388],[74.03926,34.92094],[74.05254,34.92343],[74.06083,34.93377],[74.06967,34.93624],[74.06652,34.95356],[74.06372,34.95483],[74.06497,34.96258],[74.06015,34.96447],[74.06205,34.97441],[74.05948,34.9765],[74.06326,34.98326],[74.05815,34.98686],[74.05761,34.99681],[74.0852,34.99842],[74.10812,35.01562],[74.09963,35.03058],[74.07959,35.03521],[74.07463,35.04503],[74.06955,35.04526],[74.07446,35.05184],[74.06988,35.05575],[74.07805,35.06485],[74.08209,35.07942],[74.08911,35.08317],[74.09563,35.09272],[74.11493,35.10102],[74.11606,35.10458],[74.13462,35.10126],[74.13536,35.108],[74.13268,35.11232],[74.11675,35.11706],[74.10524,35.12504],[74.11307,35.14227],[74.10727,35.1478],[74.09744,35.13763],[74.07346,35.15182],[74.06065,35.14486],[74.03946,35.14796],[74.02952,35.14593],[74.01863,35.16133],[74.00598,35.16502],[74.00325,35.18035],[73.99318,35.17882],[73.97995,35.18159],[73.96233,35.17288],[73.95784,35.16588],[73.95237,35.16651],[73.94093,35.18922],[73.9242,35.20102],[73.92218,35.21013],[73.9183,35.2116],[73.90153,35.209],[73.8937,35.21172],[73.86576,35.20271],[73.85759,35.20611],[73.8451,35.22377],[73.83186,35.22432],[73.80816,35.239],[73.79921,35.23847],[73.79189,35.23377],[73.78432,35.23514],[73.77328,35.22138],[73.74821,35.21726],[73.74551,35.22862],[73.74197,35.22929],[73.74317,35.23218],[73.72779,35.23804],[73.73627,35.24473],[73.72829,35.26709],[73.70314,35.28581],[73.70711,35.29639],[73.70576,35.30269],[73.68462,35.3275],[73.69264,35.33758],[73.69112,35.3474],[73.69917,35.35004],[73.69522,35.36488],[73.70896,35.38349],[73.70596,35.38716],[73.7061,35.39501],[73.71427,35.39927],[73.7204,35.41758],[73.73308,35.41957],[73.74829,35.43437],[73.75286,35.44376],[73.77674,35.44361],[73.78875,35.44748],[73.80144,35.46007],[73.79671,35.46789],[73.79014,35.51769],[73.78104,35.51923],[73.77137,35.51638],[73.7581,35.52004],[73.74028,35.51818],[73.73734,35.52715],[73.72761,35.53198],[73.71082,35.53231],[73.66709,35.52512],[73.65035,35.5327],[73.63814,35.5345],[73.62459,35.54587],[73.61738,35.54755],[73.60414,35.54154],[73.57241,35.53634],[73.5552,35.52647],[73.52411,35.54341],[73.51776,35.53537],[73.504,35.53098],[73.49302,35.53203],[73.48316,35.54128],[73.47515,35.54054],[73.46635,35.53423],[73.43401,35.5292],[73.41274,35.52124],[73.40363,35.53066],[73.39763,35.54468],[73.40026,35.55647],[73.39566,35.57453],[73.39986,35.58169],[73.39687,35.58521],[73.36104,35.59688],[73.3549,35.6066],[73.34597,35.63415],[73.33687,35.63843],[73.33044,35.65084],[73.33098,35.65771],[73.32456,35.66129],[73.31055,35.6559],[73.29384,35.66028],[73.28304,35.67084],[73.23741,35.65731],[73.22513,35.66875],[73.21519,35.66656],[73.19318,35.67368],[73.18071,35.68864],[73.15286,35.70407],[73.14325,35.71441],[73.12954,35.71457],[73.12114,35.72293],[73.12111,35.72853],[73.11035,35.7486],[73.11929,35.75371],[73.12015,35.75732],[73.13135,35.76111],[73.16385,35.76053],[73.16758,35.77049],[73.16681,35.79126],[73.16475,35.79943],[73.16027,35.80274],[73.14031,35.81058],[73.15466,35.82133],[73.1483,35.8372],[73.11686,35.8463],[73.11669,35.84964],[73.08784,35.87259],[73.07353,35.86174],[73.07234,35.85729],[73.05013,35.85848],[73.0471,35.85404],[73.04831,35.84954],[73.04374,35.84624],[73.02607,35.83923],[73.01369,35.83924],[73.01193,35.82969],[73.00687,35.82464],[72.99213,35.82604],[72.98653,35.83308],[72.96414,35.83653],[72.92875,35.8277],[72.91217,35.81355],[72.90109,35.81338],[72.89349,35.81809],[72.88922,35.83602],[72.88248,35.84304],[72.88249,35.85456],[72.86276,35.85795],[72.84897,35.86773],[72.84342,35.86722],[72.83968,35.87417],[72.82746,35.88141],[72.82449,35.88044],[72.81871,35.86426],[72.82248,35.85567],[72.81154,35.84881],[72.81133,35.83934],[72.80345,35.83662],[72.80281,35.8263],[72.79434,35.82754],[72.78401,35.82385],[72.77396,35.82685],[72.76027,35.81742],[72.74349,35.81348],[72.73854,35.81471],[72.72928,35.82645],[72.73237,35.83604],[72.72196,35.84114],[72.727,35.85203],[72.72295,35.85392],[72.70275,35.85262],[72.69712,35.85827],[72.68389,35.8496],[72.67822,35.83939],[72.66437,35.83812],[72.62854,35.84535],[72.63026,35.85158],[72.60712,35.86071],[72.59175,35.86048],[72.58158,35.85622],[72.574,35.86638],[72.57326,35.87432],[72.52593,35.88037],[72.52257,35.89225],[72.51065,35.89583],[72.50622,35.91942],[72.51931,35.92631],[72.51995,35.93589],[72.53033,35.94598],[72.53524,35.94633],[72.53684,35.95577],[72.54224,35.9613],[72.55208,35.96449],[72.54922,35.96979],[72.54305,35.9726],[72.54367,35.97614],[72.56473,35.98406],[72.56853,35.9883],[72.56266,35.99189],[72.57141,36.00155],[72.57065,36.00903],[72.58361,36.01651],[72.58533,36.02588],[72.58048,36.03526],[72.56356,36.04697],[72.54423,36.04682],[72.53658,36.05274],[72.52221,36.07158],[72.51962,36.08274],[72.51863,36.0967],[72.52447,36.10974],[72.53406,36.12297],[72.54204,36.12476],[72.55766,36.13552],[72.55419,36.14591],[72.5482,36.14953],[72.55097,36.15303],[72.54804,36.16627],[72.53572,36.17342],[72.5406,36.17701],[72.54538,36.19131],[72.54918,36.19251],[72.55049,36.19699],[72.54508,36.20398],[72.56325,36.21265],[72.56971,36.22076],[72.57218,36.23858],[72.58324,36.2565],[72.60195,36.26045],[72.60904,36.26911],[72.6192,36.26894],[72.64272,36.25925],[72.66412,36.25646],[72.67501,36.25135],[72.68076,36.2554],[72.67506,36.26289],[72.68185,36.26905],[72.69542,36.27478],[72.70868,36.27373],[72.71466,36.28383],[72.73271,36.29862],[72.75024,36.30013],[72.75651,36.29732],[72.76056,36.30485],[72.77016,36.30938],[72.77311,36.3154],[72.7907,36.32655],[72.80102,36.32877],[72.80444,36.34191],[72.82103,36.35916],[72.83487,36.36454],[72.85371,36.3643],[72.85565,36.37366],[72.86557,36.38461],[72.876,36.3894],[72.86988,36.39709],[72.86729,36.40762],[72.86711,36.41097],[72.87427,36.41803],[72.86086,36.42961],[72.86128,36.43834],[72.87647,36.43833],[72.90518,36.45962],[72.92386,36.45274],[72.93732,36.45661],[72.94386,36.4654],[72.9489,36.46041],[72.96966,36.45478],[72.9826,36.46088],[72.98141,36.4648],[72.98612,36.47001],[72.98336,36.47473],[72.98533,36.48009],[72.97457,36.48761],[72.97233,36.49291],[72.97841,36.49872],[72.98634,36.50012],[72.97889,36.51261],[72.99388,36.51409],[73.0325,36.52954],[73.04856,36.52889],[73.05265,36.55813],[73.05681,36.55979],[73.05577,36.56525],[73.07554,36.57076],[73.07695,36.58949],[73.09097,36.59814],[73.09695,36.60703],[73.09065,36.61563],[73.07545,36.6217],[73.07003,36.62836],[73.07452,36.64253],[73.07067,36.6446],[73.07043,36.65081],[73.07421,36.65932],[73.07328,36.67072],[73.06813,36.68172],[73.07669,36.68403],[73.09226,36.68081],[73.11185,36.68648],[73.1242,36.69681],[73.15885,36.70922],[73.17533,36.72089],[73.17668,36.71525],[73.1852,36.71023],[73.18057,36.69491],[73.18423,36.69018],[73.19635,36.69235],[73.2112,36.70128],[73.23359,36.70845],[73.23849,36.70567],[73.24263,36.70868],[73.25992,36.70509],[73.27057,36.70623],[73.29144,36.69992],[73.30104,36.70347],[73.3077,36.70221],[73.31411,36.71151],[73.3266,36.712],[73.33374,36.71732],[73.34343,36.71648],[73.34826,36.72134],[73.35031,36.7367],[73.35822,36.73822],[73.37055,36.73325],[73.38121,36.73466],[73.38698,36.73171],[73.40123,36.73634],[73.41006,36.73398],[73.41865,36.74427],[73.42818,36.7451],[73.4514,36.72992],[73.46388,36.7399],[73.4715,36.73416],[73.47157,36.72983],[73.48172,36.72509],[73.48356,36.71977],[73.4989,36.71448],[73.51274,36.72251],[73.52453,36.71252],[73.54869,36.71978],[73.55644,36.71563],[73.58045,36.72478],[73.58271,36.71281],[73.59415,36.69438],[73.59836,36.69379],[73.6125,36.69809],[73.61643,36.69364],[73.63542,36.6989],[73.64821,36.69244],[73.68512,36.68888],[73.68985,36.69005],[73.69541,36.70064],[73.71508,36.71466],[73.76527,36.70471],[73.78463,36.70808],[73.7978,36.69939],[73.80184,36.69954],[73.80826,36.70888],[73.82365,36.71084],[73.84064,36.70756],[73.8584,36.69912],[73.87673,36.70037],[73.88296,36.7027],[73.88256,36.70913],[73.89144,36.72701],[73.87284,36.73644],[73.88005,36.74113],[73.8838,36.75325],[73.87312,36.75972],[73.87132,36.76536],[73.86484,36.76676],[73.86172,36.77647],[73.84436,36.78358],[73.84236,36.79032],[73.83875,36.79193],[73.82949,36.79174],[73.82103,36.7859],[73.79946,36.79587],[73.79607,36.80234],[73.79683,36.81806],[73.79426,36.82052],[73.76811,36.81449],[73.75123,36.82006],[73.74773,36.82743],[73.73689,36.82643],[73.73519,36.82913],[73.72729,36.82973],[73.72297,36.83567],[73.70398,36.8365],[73.70223,36.83843],[73.70685,36.85021],[73.70335,36.85251],[73.7042,36.85786],[73.68584,36.86644],[73.68161,36.87004],[73.68028,36.87759],[73.6701,36.88163],[73.67067,36.89041],[73.66681,36.89683],[73.67186,36.90376],[73.6724,36.91184],[73.69016,36.91567],[73.71617,36.90488],[73.73528,36.90308],[73.75314,36.91212],[73.76038,36.905],[73.77128,36.90542],[73.77272,36.89875],[73.78124,36.8975],[73.79011,36.9009],[73.79919,36.89678],[73.79987,36.89063],[73.8152,36.89086],[73.82731,36.89929],[73.82578,36.91285],[73.83247,36.92338],[73.84365,36.92618],[73.8525,36.91775],[73.89062,36.91296],[73.90736,36.89854],[73.90449,36.88647],[73.89247,36.87832],[73.91017,36.87356],[73.91327,36.8691],[73.9323,36.87469],[73.9461,36.86691],[73.94773,36.86116],[73.9577,36.85668],[73.95413,36.85229],[73.95748,36.8425],[73.96673,36.84233],[73.96674,36.83917],[73.98725,36.83147],[73.99436,36.83023],[74.00652,36.83717],[74.02676,36.8275],[74.04811,36.82641],[74.06514,36.84104],[74.08746,36.83812],[74.09677,36.84229],[74.10956,36.83796],[74.12076,36.8382],[74.12521,36.84554],[74.12415,36.8489],[74.13361,36.85052],[74.1349,36.85372],[74.12906,36.85943],[74.13717,36.87367],[74.15159,36.88496],[74.15622,36.8829],[74.15995,36.8859],[74.15248,36.89326],[74.15331,36.89815],[74.17206,36.90336],[74.1721,36.91159],[74.17615,36.91653],[74.19131,36.90958],[74.19898,36.9112],[74.20397,36.90426],[74.21422,36.90734],[74.22354,36.89685],[74.24058,36.89482],[74.24501,36.89863],[74.26332,36.90282],[74.2713,36.91245],[74.29454,36.91234],[74.31006,36.91899],[74.3167,36.93776],[74.33293,36.945],[74.33323,36.94993],[74.34601,36.96046],[74.36882,36.96485],[74.38808,36.96387],[74.39385,36.96801],[74.39528,36.97339],[74.41527,36.97593],[74.42092,36.98846],[74.4143,36.99352],[74.41824,36.99937],[74.41679,37.0034],[74.42639,37.01106],[74.4287,37.00768],[74.44658,37.00178],[74.45514,37.00402],[74.47152,36.99054],[74.49417,36.98645],[74.49983,36.98102],[74.49937,36.97615],[74.50592,36.97062],[74.50627,36.96602],[74.53447,36.95737],[74.54354,36.96712],[74.54392,36.97273],[74.53555,36.97969],[74.53908,36.98683],[74.53682,36.99111],[74.52724,36.99689],[74.52551,37.00423],[74.51711,37.01119],[74.51893,37.01737],[74.52977,37.02026],[74.53551,37.02548],[74.5493,37.02539],[74.55556,37.03053],[74.58273,37.03141],[74.59458,37.03716],[74.60545,37.03772],[74.62489,37.04787],[74.62198,37.05937],[74.64411,37.06924],[74.65028,37.06958],[74.65758,37.06496],[74.67383,37.06987],[74.67144,37.07635],[74.67966,37.08579],[74.69551,37.09077],[74.70295,37.08609],[74.70754,37.07601],[74.70589,37.06622],[74.72328,37.05662],[74.71847,37.05039],[74.71851,37.03709],[74.72491,37.03598],[74.72552,37.02862],[74.73805,37.02051],[74.76454,37.02636],[74.77465,37.02272],[74.78052,37.02738],[74.78935,37.02812],[74.79495,37.03245],[74.78996,37.04272],[74.8053,37.05308],[74.82793,37.04984],[74.84311,37.05413],[74.83931,37.04441],[74.8465,37.03061],[74.84645,37.02486],[74.84015,37.02091],[74.83878,37.01569],[74.85523,37.00615],[74.85375,36.99886],[74.87485,36.96962],[74.87544,36.96356],[74.88092,36.96091],[74.88142,36.95143],[74.88623,36.94251],[74.88307,36.93607],[74.89769,36.93447],[74.90686,36.93009],[74.92068,36.93359],[74.92052,36.94558],[74.93255,36.94573],[74.93063,36.95638],[74.92473,36.95853],[74.91994,36.97881],[74.92804,36.97904],[74.94531,36.98796],[74.9641,36.98853],[74.97623,36.99728],[74.97945,36.99255],[74.98873,36.98993],[75.00501,37.00172],[75.01533,37.00211],[75.01887,37.01028],[75.03015,37.01634],[75.04262,37.01352],[75.04401,37.0077],[75.0524,37.0026],[75.07534,37.00229],[75.07992,37.00801],[75.08791,37.00755],[75.09702,37.01172],[75.11438,37.00752],[75.11878,37.01188],[75.12596,37.0126],[75.13519,37.0254],[75.142,37.02767],[75.14829,37.02512],[75.15244,37.0162],[75.16373,37.01549],[75.16867,37.01063],[75.16714,37.00474],[75.16086,37.00262],[75.15842,36.99757],[75.16054,36.98956],[75.17396,36.9858],[75.17995,36.97801],[75.18672,36.97575],[75.19623,36.97368],[75.199,36.9765],[75.21639,36.97242],[75.21546,36.9667],[75.23578,36.95817],[75.25179,36.96418],[75.25911,36.96349],[75.26802,36.96805],[75.26992,36.97248],[75.29319,36.97592],[75.30821,36.96533],[75.31477,36.9698],[75.32642,36.95804],[75.35604,36.95827],[75.37511,36.94662],[75.38649,36.94745],[75.39337,36.94996],[75.39386,36.9543],[75.39998,36.95538],[75.40975,36.94638],[75.40712,36.93783],[75.38867,36.93023],[75.39109,36.91479],[75.38699,36.90445],[75.4233,36.88663],[75.42004,36.87852],[75.43189,36.83062],[75.42503,36.82144],[75.42436,36.80743],[75.42046,36.7985],[75.42713,36.79287],[75.42049,36.77157],[75.42734,36.76777],[75.42883,36.76205],[75.4361,36.75922],[75.43496,36.75234],[75.44567,36.74402],[75.45274,36.72223],[75.46846,36.71554],[75.47569,36.72406],[75.48569,36.72589],[75.49153,36.73464],[75.49949,36.73881],[75.51124,36.72653],[75.53089,36.72025],[75.53456,36.72177],[75.53891,36.73352],[75.53831,36.74288],[75.52765,36.75515],[75.53449,36.76303],[75.53458,36.77176],[75.54596,36.76982],[75.56865,36.77442],[75.56973,36.76827],[75.5763,36.76621],[75.58802,36.76957],[75.63184,36.76717],[75.63819,36.77055],[75.6656,36.76371],[75.67502,36.76518],[75.67596,36.76237],[75.69159,36.75762],[75.69959,36.74665],[75.71058,36.74663],[75.7199,36.75229],[75.73149,36.74875],[75.76831,36.72359],[75.80332,36.70984],[75.80815,36.69999],[75.82648,36.69357],[75.83202,36.68396],[75.84501,36.67558],[75.85927,36.6727],[75.8688,36.66702],[75.8874,36.63925],[75.90992,36.63036],[75.93507,36.60206],[75.94551,36.60275]]]]}}]}