{"type":"FeatureCollection","features":[{"type":"Feature","properties":{"ISO_A3":"SWE","WB_A3":"SWE","WB_NAME":"Sweden","WB_REGION":"ECS"},"geometry":{"type":"MultiPolygon","coordinates":[[[[24.16667,65.7028],[24.16573,65.69895],[24.15823,65.70879],[24.12522,65.70663],[24.12432,65.70917],[24.13432,65.71424],[24.14385,65.71236],[24.15661,65.7149],[24.16085,65.71319],[24.16667,65.7028]]],[[[24.15505,65.66701],[24.13844,65.67144],[24.13721,65.6741],[24.14143,65.67802],[24.1329,65.67939],[24.13351,65.68235],[24.14219,65.68238],[24.14394,65.67781],[24.15908,65.67272],[24.16192,65.66945],[24.15505,65.66701]]],[[[17.50693,62.14195],[17.49908,62.14174],[17.48768,62.13606],[17.48793,62.13247],[17.47432,62.12657],[17.47632,62.11425],[17.46838,62.10723],[17.47259,62.10536],[17.46717,62.10359],[17.46354,62.0981],[17.47093,62.08824],[17.46867,62.08392],[17.46044,62.08344],[17.458,62.07695],[17.4617,62.07202],[17.46017,62.07],[17.43176,62.06615],[17.43389,62.05857],[17.44483,62.05901],[17.46333,62.04845],[17.46629,62.04455],[17.46181,62.03977],[17.46283,62.03207],[17.45379,62.02814],[17.43329,62.03068],[17.43628,62.0273],[17.42601,62.02837],[17.41515,62.02191],[17.41458,62.01808],[17.44482,62.0114],[17.44503,62.00731],[17.45905,62.00552],[17.46089,62.00139],[17.44427,61.99785],[17.43634,61.99389],[17.43457,61.9888],[17.4094,61.99053],[17.39678,61.99613],[17.39229,61.99441],[17.39502,61.99102],[17.38516,61.99018],[17.38562,61.98569],[17.40078,61.98466],[17.39946,61.98174],[17.39069,61.98087],[17.38299,61.9659],[17.37635,61.96448],[17.38402,61.95129],[17.37557,61.94747],[17.36382,61.95012],[17.36088,61.95425],[17.33923,61.95564],[17.35343,61.94222],[17.35316,61.93877],[17.3434,61.93894],[17.35112,61.93343],[17.33489,61.92718],[17.34491,61.91972],[17.33898,61.91674],[17.34153,61.91107],[17.33963,61.90863],[17.35337,61.89897],[17.34657,61.89537],[17.36491,61.88687],[17.35981,61.88414],[17.36622,61.87584],[17.36539,61.87201],[17.35738,61.87369],[17.35711,61.87011],[17.36231,61.8672],[17.34811,61.86604],[17.34339,61.86087],[17.32263,61.85866],[17.31887,61.8555],[17.32149,61.85075],[17.31774,61.84416],[17.34085,61.84172],[17.33899,61.84572],[17.34437,61.84524],[17.34398,61.84013],[17.35,61.83747],[17.34479,61.83666],[17.34137,61.82725],[17.32471,61.82177],[17.32606,61.81817],[17.33419,61.82187],[17.35247,61.81669],[17.3541,61.81334],[17.36854,61.81462],[17.36873,61.81705],[17.38269,61.81566],[17.38842,61.81978],[17.41917,61.81502],[17.41968,61.80784],[17.41147,61.80313],[17.39523,61.80648],[17.39579,61.79623],[17.40167,61.79536],[17.40302,61.79176],[17.36931,61.79644],[17.3717,61.79243],[17.3855,61.78912],[17.38604,61.78207],[17.35972,61.78073],[17.38636,61.77234],[17.38749,61.7695],[17.38177,61.76884],[17.38436,61.76393],[17.37399,61.75899],[17.37484,61.75257],[17.38493,61.75035],[17.38497,61.74395],[17.37476,61.74105],[17.38017,61.73417],[17.40215,61.7288],[17.38907,61.72366],[17.38115,61.70844],[17.3892,61.71137],[17.40082,61.72217],[17.4562,61.73335],[17.46505,61.72909],[17.46428,61.72642],[17.47179,61.72577],[17.48731,61.71756],[17.48807,61.71358],[17.50132,61.7173],[17.50594,61.7144],[17.50759,61.70157],[17.52415,61.70306],[17.5203,61.69878],[17.51436,61.69863],[17.51687,61.69321],[17.51129,61.6841],[17.51083,61.67515],[17.50812,61.67494],[17.50393,61.653],[17.49243,61.644],[17.4892,61.62051],[17.45017,61.62339],[17.44071,61.61933],[17.42878,61.63183],[17.40716,61.63733],[17.40732,61.63951],[17.41537,61.63923],[17.41346,61.64234],[17.39788,61.64953],[17.37825,61.66728],[17.37256,61.67377],[17.37096,61.68455],[17.35029,61.69975],[17.35572,61.70376],[17.32423,61.7153],[17.31974,61.71998],[17.31556,61.71826],[17.33461,61.70617],[17.3298,61.70318],[17.33342,61.70119],[17.31185,61.70105],[17.30732,61.69818],[17.31595,61.69816],[17.32724,61.68351],[17.33191,61.68471],[17.33504,61.67979],[17.34752,61.67395],[17.34527,61.66554],[17.33069,61.66502],[17.32927,61.66761],[17.31613,61.66476],[17.30192,61.66908],[17.30425,61.67149],[17.31728,61.66935],[17.31646,61.67627],[17.27873,61.67601],[17.27464,61.6826],[17.27324,61.68928],[17.28139,61.69017],[17.28023,61.69275],[17.28439,61.69422],[17.29846,61.69513],[17.30416,61.69913],[17.28157,61.69989],[17.24976,61.7072],[17.2432,61.71332],[17.24804,61.71324],[17.25138,61.71831],[17.24301,61.72561],[17.19151,61.7221],[17.18376,61.71556],[17.16112,61.71951],[17.1438,61.71875],[17.11404,61.72523],[17.1071,61.71831],[17.11055,61.71748],[17.09707,61.71359],[17.09571,61.70952],[17.13607,61.70838],[17.15989,61.70199],[17.17301,61.7046],[17.21013,61.69595],[17.2114,61.69106],[17.22875,61.68873],[17.25059,61.67788],[17.25577,61.6714],[17.25113,61.66687],[17.24944,61.65845],[17.2569,61.6573],[17.21684,61.66167],[17.20214,61.65947],[17.20086,61.65655],[17.21825,61.65883],[17.24642,61.65389],[17.23246,61.64695],[17.23751,61.64226],[17.23664,61.63767],[17.22029,61.64229],[17.20287,61.63182],[17.19808,61.63255],[17.19825,61.63881],[17.19367,61.63862],[17.19393,61.6422],[17.18755,61.64345],[17.19218,61.64786],[17.21577,61.64658],[17.21505,61.65171],[17.1667,61.653],[17.15243,61.64913],[17.17076,61.64206],[17.18362,61.64109],[17.16612,61.63701],[17.1683,61.62968],[17.15452,61.63272],[17.1352,61.6256],[17.13429,61.62792],[17.14407,61.62943],[17.10134,61.63777],[17.11976,61.64747],[17.12355,61.65177],[17.11936,61.65349],[17.10396,61.64848],[17.09829,61.63628],[17.10024,61.63343],[17.12891,61.62787],[17.12799,61.62238],[17.09896,61.62245],[17.12491,61.61654],[17.15006,61.615],[17.14652,61.61812],[17.18393,61.62265],[17.20278,61.61928],[17.21284,61.61336],[17.23646,61.61285],[17.24359,61.60377],[17.2324,61.60127],[17.23911,61.59744],[17.21729,61.59293],[17.20569,61.59594],[17.20423,61.59801],[17.20977,61.60048],[17.20453,61.60236],[17.1656,61.60656],[17.16388,61.60889],[17.16909,61.61035],[17.1263,61.61333],[17.12632,61.60974],[17.12009,61.6092],[17.06146,61.61372],[17.06507,61.60607],[17.13433,61.60514],[17.13477,61.59195],[17.14961,61.59299],[17.15181,61.58989],[17.14015,61.58815],[17.1301,61.59048],[17.12941,61.58819],[17.14144,61.58352],[17.08336,61.58238],[17.04229,61.57839],[17.03829,61.57474],[17.07047,61.57425],[17.06534,61.56998],[17.08385,61.56944],[17.10639,61.57358],[17.13525,61.57146],[17.13476,61.5684],[17.12559,61.56382],[17.1006,61.56727],[17.08483,61.56431],[17.09223,61.56253],[17.11062,61.56468],[17.1112,61.56133],[17.12308,61.55847],[17.13391,61.55997],[17.16416,61.55514],[17.17294,61.55794],[17.18024,61.55476],[17.22207,61.55088],[17.16953,61.5475],[17.09909,61.55283],[17.09603,61.55134],[17.10569,61.54735],[17.08794,61.5466],[17.07852,61.5502],[17.07238,61.54658],[17.05973,61.54997],[17.05073,61.54768],[17.07045,61.54584],[17.08546,61.54165],[17.08791,61.53841],[17.10301,61.53946],[17.10386,61.53612],[17.0979,61.53519],[17.09937,61.53323],[17.12708,61.5309],[17.1344,61.52797],[17.12815,61.52678],[17.14158,61.52337],[17.14028,61.51994],[17.15571,61.51842],[17.14598,61.50935],[17.12904,61.51244],[17.12764,61.5154],[17.11433,61.51663],[17.112,61.51398],[17.14651,61.49374],[17.15881,61.49354],[17.17286,61.48769],[17.17602,61.48303],[17.17439,61.47896],[17.1601,61.47356],[17.15025,61.47422],[17.14147,61.4672],[17.13123,61.46608],[17.13339,61.45849],[17.13929,61.45878],[17.14647,61.45431],[17.14053,61.45352],[17.13974,61.44982],[17.15489,61.44472],[17.1582,61.43839],[17.16196,61.4386],[17.1645,61.43305],[17.16196,61.43091],[17.17148,61.42948],[17.17438,61.43276],[17.18485,61.4335],[17.1643,61.44151],[17.16287,61.44408],[17.1693,61.44807],[17.17647,61.43977],[17.18222,61.44556],[17.19851,61.44901],[17.2009,61.44501],[17.21094,61.44343],[17.21114,61.4387],[17.21712,61.4363],[17.20972,61.43373],[17.20181,61.43526],[17.19745,61.43405],[17.19806,61.43123],[17.22299,61.42494],[17.212,61.42064],[17.16814,61.41994],[17.16708,61.41611],[17.15551,61.41489],[17.14125,61.41729],[17.13334,61.42663],[17.12514,61.42778],[17.12402,61.42319],[17.11917,61.4225],[17.12166,61.41977],[17.12953,61.42157],[17.13012,61.41849],[17.12423,61.41832],[17.12459,61.41576],[17.10735,61.41347],[17.09171,61.41907],[17.085,61.41484],[17.09151,61.40834],[17.09736,61.40799],[17.09001,61.39787],[17.107,61.38455],[17.11339,61.38432],[17.11637,61.38107],[17.10553,61.37856],[17.10422,61.375],[17.11243,61.37807],[17.11944,61.3713],[17.13998,61.37533],[17.14617,61.37216],[17.12938,61.36449],[17.13816,61.35642],[17.13507,61.35417],[17.13648,61.35133],[17.14947,61.35036],[17.14748,61.34834],[17.15567,61.34745],[17.15702,61.34384],[17.17212,61.34641],[17.18089,61.3423],[17.20463,61.3464],[17.21006,61.34401],[17.20638,61.33716],[17.19555,61.33848],[17.19433,61.33249],[17.19076,61.33101],[17.19617,61.32453],[17.22917,61.32424],[17.23737,61.31976],[17.24248,61.31302],[17.24089,61.30946],[17.2549,61.30437],[17.23844,61.29747],[17.2247,61.29872],[17.22007,61.3011],[17.21735,61.3078],[17.19718,61.30851],[17.19706,61.30301],[17.18341,61.30963],[17.16153,61.30883],[17.14861,61.32221],[17.15004,61.32757],[17.14632,61.32763],[17.14182,61.32027],[17.14328,61.3182],[17.13656,61.31729],[17.13576,61.31346],[17.14378,61.31384],[17.14084,61.3098],[17.14727,61.31045],[17.14651,61.30715],[17.16337,61.30458],[17.1698,61.30524],[17.16677,61.30759],[17.17064,61.30971],[17.17508,61.30848],[17.17646,61.30142],[17.19827,61.29378],[17.20534,61.29584],[17.21246,61.29123],[17.2352,61.28933],[17.24748,61.28248],[17.27467,61.27972],[17.24818,61.27734],[17.2347,61.28218],[17.23272,61.27683],[17.21885,61.27629],[17.21645,61.27991],[17.2037,61.28012],[17.20508,61.27703],[17.20075,61.27594],[17.19029,61.27829],[17.17209,61.27679],[17.1517,61.28966],[17.14692,61.28974],[17.13851,61.29908],[17.09684,61.31253],[17.08504,61.31119],[17.11339,61.30535],[17.13038,61.29692],[17.1382,61.28667],[17.16191,61.27568],[17.16943,61.26135],[17.20366,61.24916],[17.20953,61.24957],[17.21009,61.24623],[17.17835,61.24802],[17.19251,61.24165],[17.19064,61.23772],[17.20112,61.23563],[17.19668,61.23288],[17.20071,61.22987],[17.21711,61.22897],[17.21424,61.22594],[17.20328,61.22483],[17.20195,61.22102],[17.19428,61.2214],[17.19252,61.21886],[17.19635,61.21292],[17.18068,61.2165],[17.18595,61.22371],[17.17113,61.22434],[17.15916,61.21745],[17.16093,61.21503],[17.15256,61.20902],[17.14413,61.20966],[17.14288,61.20712],[17.12895,61.20503],[17.13282,61.1996],[17.14506,61.19745],[17.14575,61.19466],[17.17037,61.19019],[17.18026,61.19143],[17.18563,61.18852],[17.19071,61.17769],[17.17646,61.17856],[17.16864,61.16883],[17.17109,61.16598],[17.18656,61.16369],[17.18501,61.16038],[17.18829,61.15802],[17.18114,61.15417],[17.16942,61.15705],[17.16806,61.15272],[17.15368,61.15551],[17.15027,61.1521],[17.17462,61.13649],[17.18095,61.13613],[17.18456,61.13095],[17.18372,61.12276],[17.17842,61.11987],[17.17954,61.11567],[17.15755,61.11129],[17.16774,61.10946],[17.16233,61.1075],[17.17056,61.1043],[17.17952,61.1039],[17.17734,61.09907],[17.19053,61.09859],[17.19885,61.09284],[17.20218,61.08369],[17.19988,61.08104],[17.18184,61.07993],[17.17943,61.07562],[17.18822,61.07279],[17.18086,61.06574],[17.17583,61.06556],[17.17525,61.06097],[17.15636,61.0628],[17.15724,61.0601],[17.16583,61.0583],[17.16059,61.05505],[17.16688,61.05444],[17.15943,61.04698],[17.1677,61.03549],[17.18501,61.0289],[17.18661,61.01881],[17.16857,61.0173],[17.16613,61.01248],[17.15345,61.01217],[17.14017,61.00291],[17.16759,61.00298],[17.1828,61.00939],[17.21071,61.00894],[17.22951,61.01388],[17.23632,61.01313],[17.24546,61.00454],[17.23248,60.99988],[17.23378,60.99576],[17.21891,60.99793],[17.19666,60.98869],[17.17083,60.9886],[17.16588,60.98561],[17.17093,60.98232],[17.17476,60.98443],[17.18515,60.98222],[17.1823,60.97919],[17.15803,60.97856],[17.16427,60.9736],[17.16368,60.96875],[17.15944,60.9683],[17.15147,60.95947],[17.13816,60.95712],[17.13807,60.95201],[17.14022,60.94481],[17.15103,60.94131],[17.1555,60.94123],[17.16193,60.94676],[17.16133,60.94959],[17.1719,60.95019],[17.17055,60.94586],[17.15964,60.94014],[17.15355,60.94092],[17.14719,60.93497],[17.17813,60.94125],[17.15987,60.93195],[17.15768,60.92674],[17.20607,60.92685],[17.20677,60.92172],[17.19125,60.91788],[17.19109,60.91556],[17.19781,60.9138],[17.19548,60.9068],[17.20019,60.90647],[17.20264,60.91155],[17.21019,60.9104],[17.21057,60.90451],[17.21434,60.90201],[17.22577,60.90016],[17.22934,60.89101],[17.24747,60.88738],[17.25733,60.87826],[17.26267,60.87958],[17.26291,60.8829],[17.27943,60.88262],[17.27217,60.88019],[17.28819,60.87659],[17.31506,60.88521],[17.32986,60.88624],[17.33211,60.88453],[17.33013,60.87561],[17.31538,60.86767],[17.27849,60.86574],[17.26322,60.87253],[17.26114,60.8654],[17.27241,60.86508],[17.275,60.86094],[17.27072,60.85243],[17.28071,60.85251],[17.2933,60.84527],[17.28721,60.83718],[17.29421,60.83604],[17.28451,60.83236],[17.25767,60.83102],[17.24888,60.82528],[17.23988,60.81289],[17.2407,60.80955],[17.25166,60.80527],[17.25774,60.80978],[17.27208,60.80506],[17.29375,60.80763],[17.29758,60.80629],[17.29274,60.79357],[17.29742,60.7931],[17.2988,60.8014],[17.30897,60.80801],[17.31564,60.80598],[17.31584,60.80879],[17.32534,60.80977],[17.33251,60.80748],[17.32979,60.79882],[17.35425,60.79673],[17.35554,60.79287],[17.33045,60.78626],[17.31603,60.78719],[17.30568,60.78413],[17.29277,60.78666],[17.28691,60.78164],[17.29446,60.781],[17.29492,60.7728],[17.30742,60.76823],[17.32429,60.77357],[17.32804,60.7712],[17.32525,60.76536],[17.34913,60.76623],[17.34699,60.76191],[17.35115,60.76158],[17.35195,60.75107],[17.31832,60.74168],[17.32019,60.73857],[17.31334,60.73793],[17.3184,60.73196],[17.31058,60.7285],[17.27959,60.72647],[17.24778,60.70499],[17.22021,60.69904],[17.22863,60.69251],[17.19905,60.6875],[17.19517,60.68423],[17.17484,60.68469],[17.17575,60.68263],[17.20357,60.67731],[17.2121,60.67986],[17.21206,60.68306],[17.21891,60.68781],[17.24735,60.69143],[17.26143,60.69119],[17.27092,60.68502],[17.27636,60.68454],[17.27895,60.68808],[17.29815,60.68635],[17.29731,60.68162],[17.30915,60.68321],[17.31698,60.69408],[17.32594,60.69163],[17.32687,60.68624],[17.33209,60.68281],[17.33244,60.67679],[17.30063,60.66979],[17.30348,60.6659],[17.30012,60.65905],[17.33617,60.65639],[17.34265,60.65934],[17.34491,60.65469],[17.36123,60.65645],[17.38084,60.6538],[17.38054,60.64971],[17.40007,60.64589],[17.40282,60.65136],[17.39963,60.65397],[17.4034,60.65557],[17.42562,60.64595],[17.4378,60.64842],[17.43939,60.64531],[17.44734,60.64364],[17.44295,60.63732],[17.44345,60.63014],[17.43558,60.62593],[17.43164,60.61858],[17.44776,60.60446],[17.44629,60.59194],[17.45408,60.58488],[17.44996,60.58189],[17.45447,60.57963],[17.45755,60.58252],[17.44958,60.59419],[17.45188,60.60387],[17.43612,60.61927],[17.43725,60.62385],[17.44723,60.63186],[17.44973,60.64078],[17.47792,60.64128],[17.47895,60.6478],[17.49968,60.65291],[17.50774,60.65942],[17.50817,60.6548],[17.48627,60.64471],[17.52786,60.65315],[17.53918,60.65127],[17.54356,60.65388],[17.54296,60.65952],[17.55143,60.66102],[17.56161,60.65788],[17.54931,60.65402],[17.55061,60.65067],[17.61335,60.64645],[17.61992,60.64099],[17.62642,60.64115],[17.62037,60.63421],[17.62908,60.63072],[17.64177,60.62899],[17.65604,60.63216],[17.65861,60.62749],[17.66886,60.62659],[17.66385,60.61887],[17.67015,60.61664],[17.6607,60.61486],[17.64842,60.62019],[17.64732,60.61568],[17.64094,60.61193],[17.63757,60.61428],[17.64214,60.61542],[17.64187,60.61798],[17.63613,60.61809],[17.63746,60.61531],[17.62927,60.59896],[17.61926,60.595],[17.59886,60.59589],[17.59424,60.58783],[17.58983,60.58772],[17.59124,60.58417],[17.59832,60.58614],[17.59767,60.58241],[17.59369,60.58098],[17.60634,60.57917],[17.60387,60.57296],[17.6238,60.56826],[17.62104,60.56059],[17.63829,60.55975],[17.63968,60.55645],[17.63567,60.55251],[17.62244,60.54962],[17.6219,60.53987],[17.64049,60.54111],[17.64029,60.53803],[17.64446,60.53788],[17.65654,60.54177],[17.65685,60.54882],[17.66028,60.55083],[17.67149,60.54803],[17.6681,60.54308],[17.6409,60.52959],[17.64252,60.52656],[17.6476,60.52771],[17.65767,60.51567],[17.68096,60.50639],[17.68924,60.50673],[17.69118,60.51062],[17.68954,60.51647],[17.68047,60.52136],[17.67316,60.51913],[17.67608,60.51344],[17.67246,60.51335],[17.66824,60.51901],[17.67999,60.52852],[17.67709,60.52896],[17.67491,60.53506],[17.6874,60.53998],[17.69003,60.53453],[17.70088,60.53519],[17.70083,60.54082],[17.68183,60.54355],[17.68991,60.54593],[17.70589,60.54223],[17.70933,60.53898],[17.70972,60.53003],[17.69085,60.53161],[17.6864,60.52945],[17.68878,60.52644],[17.70159,60.52829],[17.70615,60.51918],[17.71224,60.52061],[17.71403,60.51835],[17.70846,60.51181],[17.71107,60.50906],[17.72563,60.50635],[17.72815,60.50193],[17.73285,60.50166],[17.73462,60.5099],[17.72986,60.51593],[17.73561,60.52068],[17.72525,60.52042],[17.71937,60.52975],[17.72137,60.53825],[17.72883,60.54151],[17.72292,60.54341],[17.72234,60.54916],[17.72791,60.55583],[17.74015,60.55562],[17.73685,60.55221],[17.73636,60.54938],[17.74015,60.54793],[17.73765,60.54173],[17.75228,60.54618],[17.75382,60.5516],[17.7499,60.55432],[17.76327,60.55592],[17.76854,60.5604],[17.76577,60.56213],[17.77226,60.56485],[17.76827,60.56834],[17.78777,60.57111],[17.8103,60.56948],[17.82475,60.57866],[17.82422,60.58146],[17.88748,60.58935],[17.88958,60.59452],[17.89316,60.59524],[17.9203,60.59459],[17.92752,60.60078],[17.94393,60.60346],[17.96608,60.60063],[17.98913,60.60474],[17.99308,60.59868],[17.9893,60.59732],[17.9901,60.59426],[17.99816,60.59444],[17.99861,60.59804],[18.01068,60.5914],[18.01079,60.5873],[17.99963,60.58142],[18.01651,60.58461],[18.0137,60.57559],[18.02017,60.57317],[18.01332,60.57123],[18.00238,60.57418],[18.00499,60.56285],[18.01127,60.56247],[18.01132,60.5676],[18.01658,60.56695],[18.01365,60.56202],[18.01526,60.55872],[18.01009,60.55553],[18.01569,60.55399],[18.0158,60.55848],[18.02292,60.55736],[18.01962,60.5537],[18.02103,60.54682],[18.00396,60.53747],[18.01881,60.53985],[18.02254,60.53328],[18.02982,60.53037],[18.02251,60.5279],[18.01839,60.5191],[17.99502,60.51896],[17.99751,60.51454],[17.98471,60.50695],[18.0087,60.51146],[18.01369,60.5108],[18.00988,60.50713],[18.01266,60.50233],[18.02114,60.50329],[18.02481,60.50004],[18.04967,60.49496],[18.05905,60.50029],[18.0596,60.48852],[18.06351,60.48835],[18.06946,60.5],[18.07844,60.50123],[18.07013,60.49259],[18.06941,60.48336],[18.07308,60.48293],[18.07308,60.47717],[18.08351,60.47368],[18.08193,60.47109],[18.10609,60.47059],[18.10267,60.4595],[18.10946,60.45888],[18.10508,60.46442],[18.10923,60.46733],[18.11377,60.46],[18.10083,60.45101],[18.10515,60.44906],[18.10239,60.44516],[18.11398,60.44311],[18.1216,60.42727],[18.13791,60.43031],[18.14724,60.42718],[18.1521,60.41909],[18.15194,60.41204],[18.17076,60.41283],[18.17153,60.40696],[18.20447,60.40919],[18.20293,60.41505],[18.17797,60.42527],[18.18073,60.43225],[18.1938,60.43687],[18.1998,60.43034],[18.19664,60.42797],[18.19921,60.42226],[18.19375,60.41946],[18.20894,60.41146],[18.20677,60.40949],[18.2104,60.4065],[18.18572,60.40751],[18.18374,60.4035],[18.18829,60.39873],[18.21236,60.40167],[18.21583,60.39739],[18.22345,60.39909],[18.227,60.39686],[18.22385,60.39436],[18.23099,60.38952],[18.23469,60.39471],[18.2399,60.39431],[18.24531,60.39148],[18.24029,60.38971],[18.24233,60.38399],[18.24692,60.38473],[18.24724,60.38089],[18.25576,60.38414],[18.25363,60.38794],[18.25685,60.38967],[18.2626,60.38889],[18.26678,60.38232],[18.27852,60.3841],[18.27643,60.37816],[18.28325,60.37702],[18.28251,60.37035],[18.2773,60.37396],[18.26783,60.36979],[18.26978,60.3671],[18.27733,60.36743],[18.2778,60.36488],[18.26847,60.36827],[18.25831,60.36614],[18.25063,60.35907],[18.2413,60.35939],[18.24721,60.35068],[18.25417,60.35082],[18.25852,60.34515],[18.22935,60.34186],[18.22757,60.33849],[18.23142,60.33576],[18.25486,60.32728],[18.25501,60.33164],[18.25963,60.33199],[18.25481,60.33701],[18.26779,60.33625],[18.26644,60.34006],[18.27025,60.34706],[18.27934,60.35262],[18.28608,60.35545],[18.31737,60.35518],[18.31228,60.35739],[18.31468,60.35961],[18.31,60.36937],[18.32668,60.36459],[18.33127,60.35265],[18.33693,60.35302],[18.34471,60.34626],[18.36513,60.34935],[18.38234,60.34086],[18.39008,60.34101],[18.39183,60.33849],[18.38673,60.33762],[18.38706,60.33353],[18.39913,60.33761],[18.42658,60.3366],[18.43802,60.3422],[18.45212,60.3403],[18.46108,60.33804],[18.47515,60.31629],[18.43785,60.32466],[18.43168,60.32429],[18.43685,60.32093],[18.45473,60.31999],[18.46897,60.31617],[18.47217,60.30816],[18.49136,60.30686],[18.50183,60.2981],[18.50101,60.29194],[18.50924,60.28211],[18.51568,60.28795],[18.53425,60.28552],[18.53813,60.28879],[18.56134,60.2818],[18.56212,60.27823],[18.56893,60.27682],[18.57021,60.27338],[18.54657,60.27244],[18.54095,60.27528],[18.52848,60.27312],[18.57422,60.26104],[18.58081,60.25553],[18.59646,60.25287],[18.60313,60.25324],[18.60444,60.25647],[18.60921,60.25463],[18.61184,60.24329],[18.60929,60.2394],[18.61578,60.23517],[18.61664,60.23032],[18.61374,60.22783],[18.60333,60.22931],[18.6053,60.22346],[18.58393,60.22013],[18.54987,60.22142],[18.54089,60.22458],[18.52205,60.2218],[18.54624,60.21495],[18.55878,60.20546],[18.56625,60.20645],[18.56902,60.21307],[18.58843,60.21496],[18.63351,60.1999],[18.62543,60.19425],[18.61707,60.19602],[18.61238,60.18992],[18.60339,60.19334],[18.59542,60.18974],[18.58335,60.19311],[18.57274,60.20204],[18.5517,60.20379],[18.5464,60.20241],[18.54908,60.1976],[18.55478,60.19694],[18.55853,60.18804],[18.54981,60.18775],[18.50368,60.2029],[18.49373,60.2086],[18.47888,60.22444],[18.46287,60.23182],[18.46971,60.23323],[18.4252,60.24927],[18.4141,60.26263],[18.40218,60.26675],[18.39224,60.27513],[18.36434,60.27586],[18.37386,60.26644],[18.38447,60.26589],[18.3848,60.2618],[18.37928,60.25989],[18.38289,60.25664],[18.4006,60.25417],[18.40843,60.24638],[18.43049,60.2376],[18.43601,60.23284],[18.43693,60.22441],[18.46733,60.21731],[18.48288,60.20583],[18.4749,60.19915],[18.46611,60.19975],[18.4648,60.19345],[18.45842,60.19282],[18.44438,60.19485],[18.4473,60.19696],[18.44517,60.20127],[18.44052,60.20476],[18.43499,60.20312],[18.44519,60.19768],[18.43925,60.19475],[18.45078,60.1919],[18.45564,60.1856],[18.45174,60.1795],[18.43549,60.17701],[18.50004,60.16621],[18.50315,60.1591],[18.49904,60.15915],[18.50139,60.15523],[18.51232,60.14781],[18.51684,60.14784],[18.51462,60.15343],[18.50823,60.15638],[18.53167,60.15554],[18.54531,60.13788],[18.56695,60.12983],[18.56927,60.12628],[18.5468,60.12485],[18.5678,60.11832],[18.56596,60.11547],[18.57446,60.10795],[18.58597,60.06284],[18.59142,60.06192],[18.58525,60.09022],[18.58878,60.09105],[18.58482,60.0961],[18.58932,60.09772],[18.5831,60.10913],[18.58611,60.11354],[18.58294,60.11476],[18.58687,60.11713],[18.58651,60.12558],[18.57885,60.13209],[18.57772,60.13694],[18.59464,60.14428],[18.61036,60.13983],[18.63415,60.14461],[18.6367,60.14014],[18.67426,60.13636],[18.68648,60.12685],[18.68088,60.11523],[18.70509,60.11386],[18.7044,60.11641],[18.68764,60.12124],[18.70528,60.12577],[18.72903,60.12362],[18.73811,60.11852],[18.7447,60.11966],[18.75967,60.1107],[18.76125,60.10637],[18.75875,60.08278],[18.76306,60.0721],[18.76309,60.05648],[18.77477,60.03518],[18.7716,60.03282],[18.77371,60.02799],[18.78247,60.01943],[18.79337,59.99786],[18.79819,59.99845],[18.79344,60.01603],[18.78697,60.02105],[18.77858,60.03934],[18.77091,60.04689],[18.76869,60.0722],[18.76423,60.0775],[18.76956,60.08962],[18.76633,60.09187],[18.76586,60.10261],[18.76879,60.10855],[18.77776,60.10857],[18.79843,60.10239],[18.7976,60.10724],[18.78279,60.11006],[18.7916,60.11636],[18.77703,60.11944],[18.78614,60.12138],[18.80508,60.12196],[18.81637,60.11421],[18.82296,60.11534],[18.8227,60.1115],[18.83788,60.11072],[18.834,60.10349],[18.81695,60.09758],[18.82125,60.09074],[18.82785,60.08777],[18.83281,60.07864],[18.82583,60.07571],[18.83131,60.06633],[18.83939,60.06031],[18.83844,60.05134],[18.84512,60.03916],[18.84096,60.03628],[18.85068,60.03234],[18.85671,60.0222],[18.87795,60.00206],[18.87854,59.99285],[18.88239,59.98856],[18.881,59.9824],[18.90235,59.97992],[18.90788,59.97335],[18.9004,59.97042],[18.90227,59.96507],[18.90926,59.95136],[18.92491,59.93778],[18.90567,59.93543],[18.90388,59.93156],[18.92568,59.92551],[18.93647,59.92824],[18.93504,59.93077],[18.92382,59.93085],[18.92516,59.93382],[18.93219,59.93559],[18.94001,59.9329],[18.94351,59.92988],[18.94233,59.91194],[18.95015,59.91744],[18.96641,59.91833],[18.97052,59.91776],[18.96978,59.91314],[18.97341,59.91217],[18.98506,59.91337],[18.98697,59.90713],[19.02011,59.90699],[19.02179,59.90433],[19.03645,59.90212],[19.03432,59.8994],[19.01364,59.89589],[19.01954,59.89086],[19.01981,59.88625],[19.03342,59.88006],[19.02701,59.87663],[19.03518,59.87624],[19.03374,59.87033],[19.03804,59.87091],[19.03821,59.87654],[19.04438,59.87996],[19.03665,59.88574],[19.03261,59.89387],[19.03834,59.89165],[19.03804,59.89676],[19.04605,59.89919],[19.04909,59.89079],[19.06324,59.89279],[19.0644,59.89024],[19.05131,59.88762],[19.05268,59.88162],[19.06408,59.87833],[19.06548,59.88053],[19.05852,59.88632],[19.06458,59.8873],[19.08331,59.87593],[19.08278,59.87195],[19.07419,59.8708],[19.076,59.86584],[19.08211,59.86593],[19.08395,59.85597],[19.07116,59.84836],[19.08076,59.84517],[19.08204,59.84058],[19.08079,59.83583],[19.07342,59.83124],[19.0772,59.82746],[19.07546,59.82231],[19.07148,59.82097],[19.07218,59.81766],[19.06684,59.81758],[19.06776,59.8149],[19.06254,59.81291],[19.06117,59.80888],[19.0532,59.80739],[19.05555,59.81076],[19.05939,59.8103],[19.05952,59.8167],[19.0481,59.81653],[19.05001,59.81861],[19.04784,59.82088],[19.03713,59.82149],[19.03915,59.82613],[19.0356,59.82595],[19.03343,59.83244],[19.03621,59.83709],[19.03191,59.83677],[19.032,59.84804],[19.02926,59.84723],[19.02978,59.83828],[19.02488,59.83526],[19.02507,59.83206],[19.02944,59.8311],[19.03038,59.8196],[19.02283,59.82256],[19.01246,59.83878],[18.99962,59.84089],[18.99486,59.85234],[18.98984,59.85534],[18.99214,59.85947],[18.98706,59.86349],[18.97785,59.86437],[18.97836,59.86847],[18.97317,59.87428],[18.97555,59.877],[18.96484,59.87722],[18.95462,59.88193],[18.95911,59.88763],[18.9516,59.88559],[18.93808,59.89012],[18.93243,59.89489],[18.93602,59.904],[18.93343,59.90745],[18.92546,59.90451],[18.92365,59.90909],[18.91406,59.9156],[18.91478,59.92047],[18.90427,59.92133],[18.89917,59.92534],[18.8917,59.92254],[18.87637,59.93496],[18.86951,59.9346],[18.88659,59.91874],[18.88841,59.91007],[18.89457,59.9094],[18.89275,59.91398],[18.91183,59.90251],[18.91421,59.89704],[18.89735,59.89767],[18.89936,59.89015],[18.91531,59.89578],[18.92133,59.89318],[18.9201,59.8883],[18.91053,59.88264],[18.92887,59.89074],[18.94492,59.87819],[18.93607,59.865],[18.94729,59.86466],[18.94387,59.85821],[18.94553,59.85593],[18.92379,59.82513],[18.89027,59.80437],[18.88884,59.79897],[18.86911,59.78969],[18.87136,59.7823],[18.86416,59.77963],[18.82358,59.77909],[18.80875,59.77295],[18.77818,59.77078],[18.75612,59.76285],[18.7351,59.76595],[18.7146,59.75766],[18.73524,59.75635],[18.73546,59.75315],[18.71485,59.75036],[18.72563,59.7485],[18.74454,59.75395],[18.76679,59.7551],[18.78056,59.7616],[18.83364,59.77273],[18.83436,59.76941],[18.84149,59.76902],[18.84236,59.77134],[18.87616,59.7747],[18.87956,59.76503],[18.88462,59.76127],[18.88075,59.7543],[18.88437,59.74923],[18.85473,59.74466],[18.88147,59.74688],[18.88249,59.7428],[18.89051,59.74844],[18.88597,59.75592],[18.88904,59.76365],[18.88157,59.76532],[18.88121,59.77504],[18.95475,59.77633],[18.9925,59.7732],[18.99423,59.76977],[19.00829,59.77229],[19.02122,59.76826],[19.07581,59.76344],[19.08469,59.75896],[19.08278,59.75254],[19.07809,59.75029],[19.0844,59.74641],[19.07813,59.74069],[19.08461,59.73387],[19.08302,59.73052],[19.07341,59.73013],[19.06714,59.72466],[19.07105,59.71832],[19.05276,59.71472],[19.05221,59.71113],[19.03633,59.70987],[19.02804,59.70424],[19.01116,59.70705],[18.99188,59.70331],[18.96878,59.7041],[18.96437,59.71415],[18.95527,59.70965],[18.95371,59.71449],[18.94552,59.71168],[18.92825,59.7164],[18.92633,59.71338],[18.91601,59.71364],[18.91367,59.71041],[18.90167,59.71188],[18.90527,59.70298],[18.90253,59.70229],[18.87807,59.70446],[18.86615,59.70081],[18.86345,59.70345],[18.83642,59.69443],[18.83942,59.69103],[18.80309,59.68914],[18.78068,59.68339],[18.76533,59.68582],[18.7651,59.67788],[18.83112,59.68628],[18.83823,59.68602],[18.83902,59.68155],[18.85362,59.68294],[18.84837,59.67389],[18.83897,59.66657],[18.82658,59.66253],[18.82827,59.6678],[18.81278,59.66733],[18.82203,59.67807],[18.83311,59.67902],[18.83344,59.68171],[18.81679,59.6808],[18.81656,59.6767],[18.80873,59.68028],[18.79882,59.67691],[18.79855,59.67332],[18.78027,59.6743],[18.77537,59.67178],[18.7582,59.67879],[18.75126,59.67662],[18.75061,59.67123],[18.7545,59.66976],[18.74588,59.66628],[18.74185,59.65854],[18.74449,59.65679],[18.74017,59.65339],[18.73265,59.65607],[18.73317,59.65967],[18.72343,59.66154],[18.72681,59.65635],[18.71752,59.65171],[18.71139,59.65263],[18.70551,59.64241],[18.69183,59.64269],[18.68165,59.63636],[18.71924,59.64125],[18.71757,59.6361],[18.72586,59.63675],[18.72627,59.64201],[18.74906,59.64151],[18.73593,59.63001],[18.73906,59.62469],[18.74368,59.62375],[18.74131,59.6214],[18.74938,59.62154],[18.74915,59.61744],[18.72251,59.61544],[18.71996,59.6195],[18.73185,59.61919],[18.72473,59.62368],[18.72888,59.6258],[18.7144,59.63067],[18.70371,59.62433],[18.71553,59.62147],[18.69694,59.60501],[18.66609,59.62008],[18.66627,59.62482],[18.66116,59.62563],[18.66237,59.63],[18.66916,59.63422],[18.65862,59.63314],[18.64508,59.63865],[18.63917,59.6365],[18.64966,59.63106],[18.6596,59.61894],[18.67038,59.61658],[18.68549,59.60635],[18.68709,59.59767],[18.66647,59.58553],[18.66919,59.58276],[18.66742,59.57914],[18.64862,59.57369],[18.6292,59.56271],[18.57549,59.55187],[18.57641,59.54958],[18.57,59.54409],[18.5431,59.53616],[18.54016,59.5315],[18.51697,59.52466],[18.51425,59.52742],[18.50403,59.51903],[18.48882,59.51695],[18.48209,59.50914],[18.45798,59.5015],[18.45953,59.49769],[18.44676,59.49002],[18.44951,59.487],[18.43106,59.48139],[18.43082,59.47793],[18.40943,59.48122],[18.41108,59.476],[18.40538,59.46833],[18.39979,59.46912],[18.39892,59.46398],[18.38795,59.45301],[18.32764,59.45563],[18.32303,59.45989],[18.31753,59.45939],[18.31781,59.45594],[18.30878,59.45562],[18.28632,59.47219],[18.28584,59.46885],[18.291,59.46716],[18.29965,59.45659],[18.28812,59.45917],[18.2853,59.46295],[18.26626,59.46511],[18.27065,59.46059],[18.28279,59.45982],[18.28124,59.45723],[18.28422,59.45448],[18.30886,59.44833],[18.30816,59.44447],[18.28951,59.43871],[18.2922,59.43339],[18.25072,59.43354],[18.24599,59.43908],[18.24849,59.44233],[18.22788,59.43921],[18.22083,59.43096],[18.27762,59.43027],[18.29273,59.42354],[18.30127,59.42359],[18.30103,59.42038],[18.31242,59.42241],[18.29696,59.42721],[18.30782,59.42974],[18.30898,59.43412],[18.30291,59.43463],[18.31696,59.4444],[18.34759,59.43529],[18.35699,59.43087],[18.35839,59.42578],[18.34328,59.42624],[18.31678,59.41815],[18.31444,59.41592],[18.31953,59.41193],[18.31737,59.41073],[18.30591,59.40947],[18.29356,59.41319],[18.29164,59.4184],[18.30034,59.41947],[18.29844,59.42135],[18.28293,59.42052],[18.27128,59.42168],[18.2623,59.427],[18.25944,59.42515],[18.29199,59.41085],[18.29026,59.40416],[18.27235,59.40212],[18.30411,59.4006],[18.3,59.39539],[18.30868,59.39365],[18.30993,59.39688],[18.32925,59.39702],[18.32783,59.39264],[18.33836,59.39285],[18.33778,59.38747],[18.33436,59.38624],[18.31141,59.39077],[18.30351,59.38919],[18.32735,59.38597],[18.32872,59.38353],[18.31708,59.38256],[18.28603,59.38806],[18.24859,59.38549],[18.23833,59.38821],[18.2057,59.38816],[18.20679,59.3901],[18.18467,59.3936],[18.16358,59.39352],[18.15149,59.40005],[18.15476,59.40293],[18.15422,59.41534],[18.16547,59.41303],[18.15881,59.42056],[18.16326,59.42143],[18.16895,59.43756],[18.16238,59.43793],[18.15633,59.43216],[18.1501,59.43446],[18.15369,59.43659],[18.14745,59.44208],[18.15382,59.44402],[18.15229,59.44731],[18.14298,59.44736],[18.14022,59.45319],[18.13588,59.45105],[18.13651,59.44364],[18.12933,59.44233],[18.12676,59.43702],[18.11117,59.43706],[18.10783,59.43199],[18.10907,59.42639],[18.10557,59.42618],[18.09877,59.41745],[18.08409,59.42455],[18.08181,59.42194],[18.09436,59.41326],[18.10171,59.40074],[18.09405,59.39635],[18.09361,59.39275],[18.08357,59.38971],[18.08584,59.38669],[18.08142,59.38556],[18.0827,59.37945],[18.05896,59.37827],[18.04182,59.38283],[18.05121,59.37703],[18.05022,59.37487],[18.06432,59.37431],[18.09409,59.36664],[18.09969,59.35972],[18.10612,59.3588],[18.11497,59.36288],[18.11595,59.36917],[18.09321,59.38274],[18.09779,59.38785],[18.11655,59.3916],[18.14495,59.38825],[18.15661,59.38082],[18.16786,59.37838],[18.16776,59.3826],[18.17337,59.38452],[18.19417,59.38189],[18.19248,59.37802],[18.2001,59.3769],[18.21344,59.37949],[18.2162,59.37648],[18.25191,59.37544],[18.25652,59.37118],[18.25655,59.36453],[18.24587,59.36328],[18.21892,59.3677],[18.19366,59.36566],[18.2228,59.36317],[18.23529,59.35768],[18.23143,59.34966],[18.22346,59.34896],[18.2249,59.3467],[18.20525,59.33873],[18.17116,59.33876],[18.1492,59.34366],[18.11651,59.36253],[18.10648,59.35863],[18.11648,59.351],[18.11809,59.34388],[18.12835,59.34704],[18.14344,59.33751],[18.14395,59.33445],[18.15061,59.33281],[18.1546,59.327],[18.14912,59.32663],[18.1501,59.32088],[18.12689,59.32281],[18.11212,59.31966],[18.11293,59.32199],[18.10536,59.32259],[18.09908,59.31989],[18.08816,59.3304],[18.07941,59.3302],[18.0742,59.32087],[18.08421,59.31802],[18.107,59.3152],[18.14435,59.3178],[18.14796,59.31617],[18.1361,59.31456],[18.1315,59.31079],[18.18189,59.32427],[18.19768,59.32409],[18.19503,59.3289],[18.20908,59.33485],[18.21783,59.32888],[18.22538,59.33467],[18.22465,59.34055],[18.24208,59.34822],[18.2633,59.34623],[18.26491,59.35113],[18.2583,59.35227],[18.2748,59.35915],[18.30157,59.36303],[18.31785,59.35377],[18.34728,59.35898],[18.34116,59.36346],[18.35268,59.3637],[18.35882,59.36015],[18.39203,59.35425],[18.39005,59.36048],[18.40423,59.35872],[18.42108,59.3515],[18.41492,59.3501],[18.42741,59.34394],[18.45213,59.33534],[18.452,59.33034],[18.44526,59.33328],[18.44158,59.33219],[18.44093,59.32757],[18.42931,59.32554],[18.45142,59.3247],[18.45844,59.32125],[18.45488,59.31849],[18.4624,59.31851],[18.47599,59.32441],[18.47369,59.33178],[18.48214,59.33605],[18.46854,59.34372],[18.45896,59.35455],[18.45892,59.35839],[18.45239,59.36184],[18.45875,59.36735],[18.45631,59.37319],[18.46192,59.37534],[18.45103,59.38333],[18.45126,59.39024],[18.48156,59.38443],[18.48327,59.39189],[18.47995,59.39259],[18.47589,59.3865],[18.46084,59.38966],[18.43659,59.40174],[18.4336,59.41141],[18.41819,59.41917],[18.41611,59.42335],[18.44359,59.4221],[18.44408,59.41571],[18.45046,59.4143],[18.44894,59.41785],[18.48236,59.42106],[18.493,59.41307],[18.50511,59.41228],[18.52377,59.40444],[18.52345,59.39855],[18.51882,59.39308],[18.53544,59.39583],[18.53771,59.38883],[18.52889,59.38585],[18.5284,59.38225],[18.53788,59.38295],[18.55607,59.37433],[18.57853,59.37603],[18.58836,59.37186],[18.5752,59.36636],[18.57444,59.36302],[18.59802,59.36294],[18.59763,59.36844],[18.60202,59.37019],[18.62717,59.36924],[18.6389,59.35921],[18.63559,59.35633],[18.64918,59.35197],[18.64909,59.34967],[18.62171,59.35403],[18.59636,59.35088],[18.585,59.35553],[18.57007,59.35398],[18.53054,59.35976],[18.52669,59.35751],[18.5275,59.3533],[18.53601,59.35347],[18.53873,59.35749],[18.54908,59.35294],[18.55856,59.35363],[18.56431,59.35041],[18.56391,59.34196],[18.58291,59.34615],[18.58192,59.34946],[18.58488,59.35016],[18.60506,59.34835],[18.62491,59.34052],[18.62699,59.33595],[18.6329,59.33734],[18.63138,59.34486],[18.64109,59.3421],[18.65054,59.33228],[18.6482,59.32993],[18.65102,59.32538],[18.64683,59.32069],[18.65154,59.31054],[18.65533,59.31009],[18.6565,59.31485],[18.66602,59.31489],[18.6666,59.31004],[18.65432,59.29574],[18.63199,59.2929],[18.62884,59.29502],[18.61068,59.28969],[18.55845,59.28539],[18.57858,59.28372],[18.63285,59.28766],[18.63529,59.28489],[18.65008,59.29182],[18.68705,59.29286],[18.68877,59.29699],[18.69629,59.29687],[18.70013,59.29553],[18.69961,59.29206],[18.70665,59.2918],[18.7057,59.28718],[18.69723,59.28293],[18.69743,59.27999],[18.70513,59.28077],[18.70378,59.27486],[18.673,59.26381],[18.66606,59.26317],[18.66771,59.26832],[18.67868,59.27236],[18.6768,59.27438],[18.66128,59.26718],[18.65331,59.26678],[18.65252,59.2637],[18.63909,59.26269],[18.6349,59.25813],[18.65271,59.26088],[18.65749,59.25687],[18.65056,59.24856],[18.63374,59.24607],[18.62308,59.24844],[18.6221,59.25162],[18.61261,59.25516],[18.5951,59.25535],[18.55903,59.26326],[18.55217,59.26825],[18.57502,59.26343],[18.58143,59.2647],[18.58291,59.26857],[18.53748,59.27079],[18.53784,59.27617],[18.53432,59.27994],[18.54474,59.28117],[18.5324,59.28567],[18.54345,59.28511],[18.54079,59.28738],[18.49659,59.28947],[18.48412,59.29576],[18.45777,59.29998],[18.44901,59.3034],[18.45169,59.30767],[18.46318,59.3079],[18.46403,59.31008],[18.45603,59.30995],[18.45784,59.31253],[18.43304,59.3091],[18.42874,59.30658],[18.42716,59.30091],[18.42033,59.29861],[18.42172,59.29339],[18.42985,59.29841],[18.43941,59.29783],[18.43577,59.29302],[18.48309,59.28934],[18.50087,59.28571],[18.50699,59.28071],[18.51151,59.28399],[18.52326,59.28409],[18.53098,59.28116],[18.52388,59.2722],[18.54013,59.26879],[18.55362,59.262],[18.57538,59.25844],[18.57115,59.25465],[18.58863,59.25485],[18.59577,59.25293],[18.59653,59.24922],[18.61392,59.25071],[18.61812,59.24797],[18.61879,59.24542],[18.61046,59.24297],[18.60213,59.2478],[18.59485,59.24472],[18.59114,59.2476],[18.58305,59.24195],[18.57492,59.24383],[18.57722,59.23953],[18.56787,59.23744],[18.54961,59.24132],[18.54887,59.23759],[18.56844,59.23655],[18.58228,59.2281],[18.57602,59.2212],[18.56853,59.22119],[18.56464,59.22675],[18.55886,59.22741],[18.56085,59.22386],[18.53809,59.22074],[18.52437,59.21369],[18.51597,59.21251],[18.50322,59.21944],[18.4973,59.21856],[18.49556,59.21507],[18.47772,59.2233],[18.47628,59.22916],[18.45766,59.24109],[18.4486,59.24193],[18.45046,59.23711],[18.4419,59.23796],[18.44069,59.24076],[18.42226,59.24654],[18.41341,59.25788],[18.40105,59.26583],[18.39529,59.26598],[18.39328,59.27259],[18.36855,59.27555],[18.35575,59.27273],[18.3325,59.28211],[18.32903,59.28486],[18.33368,59.28623],[18.33477,59.29163],[18.35166,59.29326],[18.36599,59.28907],[18.3863,59.29191],[18.36335,59.29094],[18.34446,59.29568],[18.3462,59.29904],[18.34212,59.29998],[18.34629,59.30429],[18.34455,59.30733],[18.34842,59.30908],[18.34536,59.31618],[18.34864,59.31906],[18.34646,59.32132],[18.33355,59.3199],[18.31279,59.32895],[18.31371,59.32372],[18.29686,59.30877],[18.30065,59.30193],[18.29741,59.29547],[18.30544,59.29205],[18.30781,59.28749],[18.29848,59.28833],[18.29767,59.28588],[18.31312,59.28351],[18.31187,59.28041],[18.3182,59.27619],[18.31038,59.27705],[18.314,59.26904],[18.31158,59.26475],[18.32325,59.26125],[18.33441,59.26289],[18.33087,59.26759],[18.33502,59.27337],[18.35669,59.27032],[18.35872,59.26664],[18.36686,59.26489],[18.32735,59.25718],[18.3276,59.25973],[18.30193,59.25808],[18.28829,59.26701],[18.27596,59.26886],[18.25358,59.27031],[18.25448,59.26671],[18.2994,59.24739],[18.3478,59.23616],[18.35507,59.2288],[18.37033,59.22892],[18.386,59.22072],[18.38497,59.21788],[18.39602,59.21375],[18.39746,59.21123],[18.39345,59.20832],[18.4085,59.20401],[18.40772,59.20118],[18.41487,59.19569],[18.41526,59.18725],[18.41151,59.18397],[18.39991,59.18566],[18.40402,59.19394],[18.40158,59.19645],[18.3759,59.20592],[18.35187,59.20634],[18.34438,59.21909],[18.33366,59.22449],[18.3297,59.22997],[18.31873,59.23537],[18.30454,59.23343],[18.31546,59.23007],[18.32738,59.21901],[18.32838,59.21642],[18.32374,59.21501],[18.31435,59.21601],[18.31394,59.2118],[18.32174,59.20981],[18.32479,59.21293],[18.375,59.20129],[18.38527,59.19434],[18.39349,59.19449],[18.39283,59.1868],[18.38033,59.18706],[18.37379,59.18155],[18.37236,59.17717],[18.38116,59.17632],[18.36169,59.17004],[18.36194,59.16684],[18.37822,59.16909],[18.39063,59.17638],[18.40296,59.17497],[18.39699,59.17152],[18.39881,59.1672],[18.40439,59.16603],[18.39034,59.16063],[18.39078,59.15808],[18.41148,59.16464],[18.41826,59.16068],[18.42927,59.16013],[18.43009,59.15579],[18.42278,59.1536],[18.41854,59.14045],[18.42531,59.13982],[18.43367,59.15125],[18.43563,59.15513],[18.43106,59.16285],[18.43478,59.16638],[18.45583,59.17179],[18.46861,59.17088],[18.46662,59.16752],[18.47186,59.16736],[18.46434,59.16466],[18.4647,59.1598],[18.43855,59.14943],[18.44236,59.14502],[18.411,59.13134],[18.3987,59.1293],[18.40185,59.13705],[18.39194,59.13954],[18.38461,59.13772],[18.37578,59.12935],[18.36156,59.1265],[18.36093,59.12162],[18.34213,59.11996],[18.34467,59.12898],[18.33631,59.12445],[18.33336,59.11748],[18.32884,59.11802],[18.32815,59.12044],[18.33315,59.12336],[18.3283,59.12493],[18.2862,59.11555],[18.28489,59.11226],[18.28821,59.11051],[18.30868,59.11613],[18.3156,59.11532],[18.31008,59.10957],[18.27504,59.10815],[18.2743,59.10561],[18.28791,59.10731],[18.28336,59.10141],[18.28667,59.09966],[18.3097,59.10175],[18.32213,59.10827],[18.32794,59.10712],[18.32259,59.1024],[18.32257,59.09626],[18.32655,59.09621],[18.32682,59.09276],[18.34012,59.09678],[18.34842,59.09666],[18.34419,59.09337],[18.29371,59.08349],[18.25554,59.08111],[18.22713,59.07003],[18.25228,59.07299],[18.23772,59.06631],[18.21851,59.06295],[18.19519,59.06353],[18.1928,59.06461],[18.20675,59.07016],[18.19859,59.07343],[18.20342,59.07716],[18.23661,59.0835],[18.23975,59.08778],[18.21808,59.08499],[18.21924,59.08931],[18.22805,59.09575],[18.24698,59.10373],[18.23701,59.10629],[18.2327,59.11075],[18.2513,59.11515],[18.2402,59.11889],[18.2346,59.11762],[18.23751,59.11422],[18.23558,59.11222],[18.20445,59.10415],[18.2047,59.10158],[18.22763,59.10178],[18.19692,59.08756],[18.14132,59.07816],[18.1379,59.07338],[18.14012,59.07051],[18.10552,59.06737],[18.1031,59.06269],[18.10655,59.06235],[18.11154,59.05148],[18.09976,59.04766],[18.0763,59.05219],[18.06135,59.05177],[18.05193,59.04649],[18.03487,59.04459],[18.03423,59.04025],[18.04138,59.03957],[18.04334,59.03645],[18.04264,59.02007],[18.03219,59.01981],[18.03142,59.01675],[18.02563,59.01868],[18.02252,59.02285],[18.01287,59.02615],[18.00962,59.04287],[18.00191,59.04279],[17.99254,59.03225],[18.00329,59.03303],[18.02243,59.01338],[18.00859,59.0055],[18.01633,59.00327],[18.00124,58.98954],[17.99828,59.00113],[18.00216,59.01154],[17.99917,59.01136],[17.98992,59.00209],[17.98771,58.98524],[17.97256,58.97919],[17.9868,58.9804],[17.98091,58.97823],[17.96977,58.96414],[17.9648,58.964],[17.9547,58.95603],[17.95825,58.94827],[17.96336,58.94726],[17.96519,58.93966],[17.98,58.93906],[17.97961,58.93446],[17.97294,58.9318],[17.97311,58.92232],[17.9777,58.91811],[17.96364,58.91588],[17.95602,58.90196],[17.95032,58.89902],[17.95347,58.89536],[17.95066,58.89133],[17.94565,58.89068],[17.93819,58.87855],[17.93124,58.8782],[17.92882,58.87595],[17.93235,58.87382],[17.93128,58.87],[17.92082,58.86614],[17.9132,58.85786],[17.91404,58.85016],[17.9184,58.858],[17.9213,58.85717],[17.91816,58.85212],[17.93357,58.84741],[17.93254,58.84103],[17.9282,58.83934],[17.93231,58.8354],[17.93282,58.82387],[17.92887,58.81807],[17.92857,58.8086],[17.92448,58.80408],[17.92007,58.80444],[17.91959,58.80752],[17.92338,58.81153],[17.92589,58.82659],[17.91551,58.82656],[17.91553,58.82093],[17.91305,58.82073],[17.91067,58.8277],[17.90682,58.82894],[17.89087,58.82712],[17.88794,58.83948],[17.88257,58.84318],[17.88594,58.85105],[17.89069,58.85171],[17.88578,58.85502],[17.87817,58.84968],[17.87978,58.84529],[17.87001,58.84372],[17.87192,58.8488],[17.86801,58.8494],[17.86667,58.85404],[17.87337,58.8544],[17.85714,58.86142],[17.85761,58.86704],[17.8514,58.86974],[17.85633,58.8786],[17.87454,58.87742],[17.87002,58.87957],[17.87121,58.89696],[17.86617,58.89887],[17.86498,58.90837],[17.85525,58.91038],[17.85916,58.91285],[17.85666,58.91547],[17.85179,58.91045],[17.85878,58.90825],[17.86036,58.90335],[17.84872,58.90322],[17.8546,58.89656],[17.86629,58.89425],[17.85956,58.88467],[17.84967,58.87874],[17.83928,58.87872],[17.84738,58.86599],[17.84316,58.86275],[17.84321,58.86941],[17.8377,58.86543],[17.8315,58.85917],[17.83124,58.85303],[17.84293,58.85687],[17.85676,58.85375],[17.87091,58.8396],[17.87378,58.82955],[17.86438,58.82336],[17.8693,58.82017],[17.86935,58.81479],[17.87583,58.8126],[17.86932,58.81147],[17.86933,58.80865],[17.85588,58.8101],[17.85161,58.80622],[17.85299,58.79889],[17.84551,58.79202],[17.83783,58.80064],[17.82864,58.80289],[17.82539,58.80245],[17.82428,58.79786],[17.81606,58.79996],[17.79121,58.79781],[17.78953,58.80144],[17.79702,58.80255],[17.79854,58.80611],[17.79553,58.81155],[17.80734,58.80809],[17.81524,58.81112],[17.8184,58.8318],[17.81333,58.83626],[17.81223,58.85319],[17.8199,58.85328],[17.83037,58.84831],[17.83202,58.85045],[17.8253,58.8529],[17.81881,58.86124],[17.81733,58.87945],[17.82709,58.88692],[17.82813,58.88152],[17.83324,58.88346],[17.83325,58.89268],[17.83898,58.89614],[17.82815,58.89689],[17.8302,58.90683],[17.824,58.90056],[17.81887,58.90144],[17.8188,58.90964],[17.80342,58.91535],[17.78194,58.94066],[17.78101,58.95067],[17.77573,58.95897],[17.77134,58.95984],[17.77625,58.94693],[17.77032,58.93476],[17.77829,58.93536],[17.78029,58.92943],[17.7908,58.92459],[17.79539,58.92014],[17.79551,58.91552],[17.8011,58.91216],[17.79736,58.90473],[17.80781,58.9054],[17.80949,58.90165],[17.81441,58.90129],[17.81615,58.89536],[17.80135,58.88364],[17.8054,58.87869],[17.79834,58.87398],[17.79869,58.86603],[17.79334,58.86717],[17.79124,58.87182],[17.78254,58.86817],[17.7766,58.87419],[17.77795,58.88184],[17.77301,58.88502],[17.77418,58.89652],[17.76858,58.91303],[17.7716,58.91681],[17.76312,58.91596],[17.76309,58.90009],[17.75887,58.89992],[17.74867,58.90859],[17.74098,58.93027],[17.73327,58.92992],[17.74117,58.94511],[17.73961,58.95052],[17.74341,58.95147],[17.75242,58.96511],[17.74861,58.96698],[17.73995,58.96102],[17.73879,58.96514],[17.74413,58.96682],[17.74553,58.97191],[17.74039,58.97586],[17.74244,58.98299],[17.75263,58.98636],[17.7535,58.98173],[17.7612,58.98489],[17.76231,58.98948],[17.75158,59.00431],[17.75141,59.01455],[17.7464,59.02644],[17.74891,59.03612],[17.74329,59.04981],[17.74415,59.06055],[17.75264,59.05793],[17.76478,59.06664],[17.75217,59.07062],[17.75047,59.07424],[17.75443,59.0803],[17.74554,59.081],[17.7844,59.094],[17.77055,59.10121],[17.76877,59.10689],[17.77299,59.11601],[17.76249,59.1124],[17.75282,59.10364],[17.74047,59.09852],[17.73556,59.0994],[17.74023,59.08931],[17.73739,59.07861],[17.73333,59.07768],[17.73444,59.06664],[17.73836,59.06592],[17.73903,59.06181],[17.72915,59.06266],[17.72274,59.05703],[17.72067,59.06232],[17.71076,59.06266],[17.69529,59.05568],[17.68708,59.06507],[17.68784,59.07171],[17.68254,59.07707],[17.68526,59.07996],[17.68486,59.08765],[17.69443,59.09232],[17.68493,59.09482],[17.69166,59.09814],[17.70411,59.09826],[17.70667,59.10231],[17.69369,59.11461],[17.67909,59.15717],[17.66812,59.16431],[17.66993,59.1676],[17.66365,59.16696],[17.66,59.15526],[17.66791,59.15125],[17.66607,59.14041],[17.67508,59.13779],[17.66974,59.13636],[17.67763,59.1321],[17.68115,59.12614],[17.68197,59.10154],[17.65042,59.10552],[17.64966,59.10861],[17.64206,59.10697],[17.64468,59.10218],[17.65273,59.10009],[17.65752,59.09436],[17.64462,59.08848],[17.6321,59.08745],[17.62967,59.08161],[17.61746,59.08468],[17.62073,59.07206],[17.63323,59.06643],[17.63561,59.06177],[17.63278,59.06055],[17.6281,59.04157],[17.61984,59.04404],[17.61352,59.0361],[17.61887,59.02806],[17.61392,59.02175],[17.61979,59.02061],[17.62784,59.00892],[17.62541,58.99335],[17.61618,58.98611],[17.61918,58.97991],[17.61853,58.96481],[17.61314,58.96236],[17.62138,58.95016],[17.62151,58.94209],[17.6155,58.94119],[17.6064,58.94867],[17.60772,58.953],[17.60077,58.94955],[17.59514,58.95709],[17.59576,58.96194],[17.58785,58.96236],[17.5874,58.94969],[17.57061,58.95041],[17.58595,58.93692],[17.60291,58.9385],[17.60413,58.93489],[17.61227,58.93447],[17.61256,58.92844],[17.60326,58.92991],[17.60242,58.92545],[17.5881,58.92599],[17.58152,58.91741],[17.59949,58.91283],[17.61871,58.91487],[17.62195,58.90866],[17.62537,58.90808],[17.62494,58.89913],[17.61813,58.89747],[17.61706,58.88981],[17.6268,58.88782],[17.62948,58.88393],[17.62343,58.88251],[17.60653,58.88798],[17.58799,58.88809],[17.58451,58.89124],[17.5563,58.89103],[17.55757,58.88819],[17.57397,58.88914],[17.57705,58.88729],[17.57602,58.88347],[17.58421,58.88049],[17.583,58.87757],[17.57305,58.87674],[17.57946,58.87316],[17.56766,58.87083],[17.55265,58.88521],[17.55685,58.88846],[17.55477,58.89042],[17.53144,58.89613],[17.52612,58.89444],[17.54333,58.88283],[17.54971,58.8822],[17.55467,58.8757],[17.55346,58.87265],[17.56548,58.86806],[17.55003,58.86631],[17.55624,58.86337],[17.56974,58.85875],[17.5816,58.85877],[17.57475,58.86634],[17.60558,58.86213],[17.60421,58.85704],[17.5864,58.85688],[17.58809,58.85301],[17.57617,58.85222],[17.57198,58.85564],[17.56167,58.85661],[17.56357,58.85222],[17.57992,58.8428],[17.57465,58.8351],[17.54401,58.84492],[17.54277,58.84828],[17.52599,58.8486],[17.51085,58.85786],[17.51161,58.86143],[17.50612,58.86077],[17.4924,58.87614],[17.48516,58.8718],[17.47649,58.8785],[17.4729,58.88702],[17.46558,58.88844],[17.46097,58.89314],[17.45447,58.89223],[17.45348,58.88867],[17.46707,58.87817],[17.46338,58.87491],[17.47448,58.87111],[17.47789,58.86695],[17.47633,58.86237],[17.48942,58.86225],[17.4897,58.8593],[17.4939,58.85922],[17.49761,58.85249],[17.4927,58.84605],[17.49544,58.84292],[17.51045,58.83867],[17.50325,58.83027],[17.49408,58.83079],[17.48641,58.84092],[17.47912,58.8426],[17.48141,58.83667],[17.4791,58.82852],[17.48435,58.82253],[17.48406,58.81843],[17.47088,58.81715],[17.46783,58.82284],[17.46159,58.82503],[17.46226,58.8209],[17.4668,58.81877],[17.46464,58.81266],[17.45479,58.80594],[17.46319,58.80616],[17.49505,58.7962],[17.49445,58.79135],[17.50289,58.79101],[17.50566,58.78601],[17.51443,58.78456],[17.51436,58.7802],[17.49896,58.78204],[17.48149,58.77905],[17.45918,58.79126],[17.45397,58.79084],[17.45913,58.78357],[17.43368,58.79353],[17.41751,58.79512],[17.41556,58.79182],[17.40226,58.78849],[17.40117,58.79414],[17.39507,58.79157],[17.39053,58.79728],[17.38657,58.7971],[17.37844,58.7865],[17.39558,58.78464],[17.39446,58.77916],[17.38888,58.77696],[17.39267,58.76741],[17.38992,58.76337],[17.39409,58.75945],[17.38934,58.75851],[17.39131,58.75489],[17.38284,58.75351],[17.39846,58.74537],[17.39158,58.7408],[17.38812,58.74061],[17.38694,58.74499],[17.37046,58.74171],[17.37325,58.7501],[17.36548,58.75067],[17.36643,58.75484],[17.35401,58.75711],[17.33889,58.75201],[17.34104,58.74378],[17.33018,58.74346],[17.3309,58.74678],[17.31716,58.75497],[17.30069,58.75936],[17.29276,58.75489],[17.30105,58.74988],[17.29832,58.74583],[17.29544,58.7469],[17.28619,58.74105],[17.2862,58.73759],[17.29209,58.73339],[17.28976,58.72806],[17.26865,58.72139],[17.25392,58.72203],[17.24245,58.72735],[17.22615,58.72648],[17.20584,58.73234],[17.19591,58.73878],[17.19237,58.73743],[17.19285,58.73333],[17.19797,58.73247],[17.19971,58.72886],[17.18866,58.7293],[17.18872,58.72623],[17.15746,58.73034],[17.16187,58.72207],[17.15127,58.72174],[17.14149,58.72677],[17.11368,58.73107],[17.12163,58.73222],[17.11435,58.73797],[17.11769,58.74431],[17.10727,58.75114],[17.10856,58.75624],[17.0971,58.76641],[17.08464,58.76815],[17.08727,58.75864],[17.09572,58.75713],[17.09611,58.75414],[17.08232,58.75001],[17.09241,58.74985],[17.09213,58.74115],[17.061,58.74779],[17.06119,58.74267],[17.05502,58.73816],[17.02132,58.74305],[17.01628,58.74108],[17.07087,58.73138],[17.07884,58.73304],[17.08035,58.73775],[17.08614,58.73984],[17.09346,58.73869],[17.10627,58.73477],[17.11823,58.72485],[17.0908,58.71889],[17.09206,58.71542],[17.10433,58.71074],[17.12239,58.7095],[17.08127,58.70778],[17.07717,58.70503],[17.08819,58.70012],[17.08802,58.69718],[17.07711,58.69569],[17.03745,58.69888],[17.05438,58.694],[17.05758,58.68986],[17.08115,58.68922],[17.10384,58.69039],[17.10448,58.69281],[17.11127,58.69116],[17.11553,58.69263],[17.11454,58.69649],[17.14423,58.69932],[17.14452,58.69599],[17.15829,58.68808],[17.1466,58.68597],[17.14615,58.68265],[17.13283,58.68185],[17.14008,58.67174],[17.13801,58.66614],[17.14007,58.66355],[17.11485,58.66102],[17.10478,58.66515],[17.0987,58.66205],[17.10673,58.66077],[17.11162,58.65634],[17.11111,58.6479],[17.10129,58.64806],[17.10787,58.65128],[17.10307,58.65302],[17.09606,58.65083],[17.08269,58.65322],[17.07981,58.6502],[17.0857,58.6501],[17.08352,58.64655],[17.07769,58.64767],[17.07443,58.65344],[17.08743,58.66262],[17.06981,58.66802],[17.06955,58.66368],[17.05515,58.65687],[17.04941,58.65965],[17.05061,58.66321],[17.04147,58.66669],[17.04417,58.67074],[17.05904,58.67293],[17.03152,58.67299],[17.03275,58.67719],[17.02151,58.67839],[16.99428,58.67511],[17.00447,58.68138],[17.00107,58.68204],[16.98404,58.67654],[16.97471,58.67669],[16.97689,58.6805],[16.96584,58.67631],[16.955,58.67596],[16.95122,58.67858],[16.94209,58.6736],[16.94267,58.66642],[16.95408,58.66817],[16.96705,58.66298],[16.97746,58.66448],[16.99201,58.66119],[16.99562,58.66408],[17.00977,58.66232],[17.00849,58.66567],[17.02212,58.66341],[17.03045,58.6547],[17.04171,58.65401],[17.04638,58.64971],[17.02471,58.64877],[17.02911,58.64],[17.03435,58.63723],[17.0303,58.63511],[17.03058,58.63152],[17.01402,58.62526],[16.98885,58.62283],[16.97279,58.62526],[16.97105,58.62067],[16.9367,58.61633],[16.93875,58.61335],[16.92288,58.61039],[16.90814,58.60997],[16.90248,58.61415],[16.88107,58.61754],[16.80764,58.62103],[16.79807,58.6259],[16.77536,58.62327],[16.76622,58.62698],[16.72201,58.62642],[16.62639,58.63906],[16.59928,58.63671],[16.58331,58.64177],[16.47538,58.65599],[16.42344,58.65926],[16.38851,58.65785],[16.35199,58.66643],[16.31799,58.66371],[16.2759,58.66823],[16.25848,58.66226],[16.25513,58.66472],[16.22764,58.6655],[16.22637,58.65732],[16.25576,58.65486],[16.27257,58.64446],[16.25791,58.6327],[16.25729,58.62925],[16.21117,58.62969],[16.19441,58.642],[16.18606,58.64183],[16.18289,58.61344],[16.19197,58.61348],[16.1884,58.61672],[16.1927,58.62052],[16.1869,58.63055],[16.1936,58.63254],[16.21351,58.62647],[16.24773,58.62243],[16.24655,58.61694],[16.22605,58.60612],[16.20999,58.60973],[16.21252,58.59781],[16.24504,58.61593],[16.25145,58.61676],[16.25628,58.61454],[16.25805,58.6094],[16.31931,58.60776],[16.31755,58.61316],[16.30974,58.61413],[16.31008,58.61656],[16.32074,58.61952],[16.32613,58.61921],[16.32891,58.61496],[16.34226,58.61764],[16.33546,58.61963],[16.34309,58.62646],[16.3329,58.62964],[16.33449,58.63256],[16.34723,58.63218],[16.36159,58.62908],[16.35896,58.6245],[16.3771,58.61778],[16.37916,58.62019],[16.38693,58.61819],[16.3844,58.61604],[16.38981,58.61035],[16.38896,58.60754],[16.38051,58.60456],[16.39068,58.59523],[16.39126,58.59126],[16.40394,58.58946],[16.40137,58.58667],[16.40624,58.58585],[16.41241,58.59282],[16.42564,58.59267],[16.42992,58.59532],[16.4304,58.60107],[16.42507,58.60279],[16.43064,58.60708],[16.4268,58.60917],[16.42926,58.61529],[16.4373,58.61981],[16.43473,58.62304],[16.4303,58.6227],[16.431,58.62782],[16.42567,58.62941],[16.42874,58.63245],[16.43988,58.629],[16.44321,58.63817],[16.5002,58.62767],[16.51792,58.61735],[16.53365,58.61806],[16.53694,58.61482],[16.56224,58.62078],[16.55899,58.62505],[16.54779,58.62698],[16.54566,58.63067],[16.55646,58.63429],[16.57928,58.62877],[16.59644,58.6283],[16.60218,58.62503],[16.61227,58.62567],[16.61092,58.623],[16.66505,58.61565],[16.67092,58.61007],[16.68943,58.60215],[16.71682,58.60051],[16.73193,58.59365],[16.73099,58.58957],[16.74841,58.58498],[16.75053,58.58802],[16.73792,58.59587],[16.72121,58.60019],[16.71703,58.60486],[16.7749,58.60458],[16.77521,58.601],[16.79562,58.59726],[16.79875,58.59145],[16.77897,58.58814],[16.78523,58.58588],[16.79588,58.58791],[16.79656,58.58363],[16.79194,58.58284],[16.79687,58.57868],[16.79458,58.57704],[16.77114,58.57865],[16.77539,58.57552],[16.77132,58.57263],[16.78363,58.56888],[16.78276,58.5662],[16.78973,58.55881],[16.83465,58.55587],[16.83637,58.55124],[16.84586,58.55008],[16.8482,58.54339],[16.83691,58.54278],[16.85326,58.53717],[16.86451,58.52779],[16.83522,58.52923],[16.8375,58.526],[16.85264,58.52553],[16.86015,58.51927],[16.87446,58.52163],[16.87822,58.51863],[16.8683,58.51621],[16.87955,58.51617],[16.88323,58.51164],[16.90149,58.51009],[16.90055,58.50626],[16.9127,58.5048],[16.9231,58.49825],[16.92288,58.49415],[16.91406,58.49377],[16.91493,58.49184],[16.92518,58.49143],[16.93017,58.49328],[16.9291,58.49611],[16.93672,58.49676],[16.9489,58.48275],[16.94846,58.47917],[16.92846,58.47103],[16.9038,58.476],[16.88651,58.47255],[16.85334,58.47367],[16.86615,58.47118],[16.86689,58.46195],[16.86202,58.46228],[16.86211,58.45946],[16.85687,58.45723],[16.85761,58.45287],[16.85164,58.45065],[16.85238,58.44629],[16.84738,58.44393],[16.8208,58.43996],[16.77257,58.44217],[16.77273,58.43564],[16.7637,58.43064],[16.75839,58.43187],[16.75191,58.4244],[16.73712,58.42128],[16.73202,58.42186],[16.73556,58.42923],[16.73051,58.43084],[16.71986,58.42765],[16.72042,58.42406],[16.71649,58.4236],[16.70679,58.42476],[16.6954,58.43156],[16.68078,58.43201],[16.67462,58.43593],[16.66569,58.43285],[16.63912,58.43895],[16.63163,58.44596],[16.59492,58.44399],[16.58136,58.44659],[16.57914,58.45148],[16.54913,58.45748],[16.54159,58.46397],[16.51981,58.46871],[16.48333,58.48424],[16.47973,58.48006],[16.48841,58.47714],[16.4868,58.47384],[16.4733,58.47809],[16.45858,58.47685],[16.45379,58.47908],[16.45343,58.48241],[16.44225,58.48394],[16.41827,58.48306],[16.42001,58.47941],[16.4158,58.47643],[16.41892,58.47499],[16.46329,58.47257],[16.47184,58.46671],[16.50668,58.45875],[16.52531,58.44893],[16.55644,58.44626],[16.57291,58.43773],[16.56076,58.43353],[16.56253,58.42928],[16.57742,58.43486],[16.6138,58.4403],[16.61533,58.43106],[16.62413,58.42084],[16.65667,58.41761],[16.66347,58.40651],[16.70426,58.40277],[16.71895,58.39387],[16.71644,58.3875],[16.72408,58.38407],[16.71282,58.37808],[16.72785,58.37647],[16.72721,58.37328],[16.70991,58.36839],[16.70877,58.35484],[16.71862,58.36699],[16.72796,58.36866],[16.72724,58.35894],[16.73329,58.35323],[16.74605,58.36022],[16.74528,58.36433],[16.73797,58.3643],[16.73651,58.36931],[16.7619,58.37511],[16.76413,58.37098],[16.77086,58.36923],[16.77748,58.37976],[16.78335,58.37046],[16.78168,58.36775],[16.79244,58.36227],[16.7945,58.35494],[16.7906,58.35474],[16.79067,58.34655],[16.78552,58.34585],[16.79762,58.33966],[16.79896,58.33721],[16.79487,58.33343],[16.75008,58.33328],[16.75424,58.3421],[16.74853,58.34124],[16.74578,58.34486],[16.73118,58.34506],[16.73477,58.33212],[16.72614,58.33143],[16.70583,58.33426],[16.70318,58.3398],[16.69235,58.33739],[16.66135,58.34087],[16.63991,58.35087],[16.63396,58.34864],[16.63625,58.34554],[16.72353,58.3179],[16.73187,58.31433],[16.73246,58.31138],[16.74656,58.31131],[16.74817,58.31436],[16.76368,58.31313],[16.76726,58.31666],[16.78246,58.31888],[16.79769,58.31227],[16.80034,58.31658],[16.80887,58.31685],[16.81233,58.31309],[16.82297,58.31178],[16.827,58.30507],[16.8202,58.30529],[16.82101,58.30208],[16.82863,58.30377],[16.82489,58.31137],[16.84055,58.31307],[16.88986,58.29801],[16.88759,58.2919],[16.87905,58.28678],[16.88104,58.28303],[16.88797,58.28088],[16.87854,58.27718],[16.87689,58.27362],[16.86563,58.27199],[16.85059,58.27247],[16.84715,58.27636],[16.84741,58.28198],[16.84003,58.2844],[16.83514,58.29317],[16.82286,58.29079],[16.8231,58.29539],[16.81647,58.29566],[16.78407,58.29287],[16.79752,58.28974],[16.79713,58.28194],[16.80294,58.28147],[16.80383,58.27813],[16.81218,58.2816],[16.8215,58.28042],[16.82692,58.28459],[16.83811,58.28481],[16.84061,58.28157],[16.82707,58.27818],[16.82154,58.27977],[16.82069,58.27699],[16.80864,58.27409],[16.7789,58.27707],[16.77761,58.28042],[16.77239,58.27819],[16.77142,58.27333],[16.77597,58.27199],[16.76931,58.27004],[16.7424,58.27604],[16.74361,58.27103],[16.75499,58.26537],[16.75485,58.26255],[16.73372,58.26259],[16.73651,58.25999],[16.72994,58.25982],[16.71799,58.26382],[16.716,58.26795],[16.70851,58.26881],[16.70862,58.27112],[16.70064,58.27174],[16.70688,58.26525],[16.69864,58.26549],[16.70432,58.26247],[16.73611,58.25679],[16.748,58.25164],[16.75553,58.2468],[16.74963,58.24534],[16.75447,58.24003],[16.76394,58.24015],[16.76104,58.24531],[16.76598,58.24704],[16.77085,58.24236],[16.79603,58.24099],[16.79004,58.23774],[16.8116,58.23693],[16.8121,58.23244],[16.80079,58.22965],[16.79568,58.21974],[16.80221,58.21453],[16.82067,58.21964],[16.82722,58.21494],[16.81199,58.21132],[16.81028,58.20635],[16.81801,58.2056],[16.81877,58.20162],[16.8037,58.19607],[16.82752,58.20201],[16.8389,58.19369],[16.82965,58.19161],[16.83654,58.18882],[16.84658,58.19533],[16.8558,58.19558],[16.8422,58.18579],[16.84477,58.18396],[16.84151,58.18171],[16.85432,58.1764],[16.85486,58.17281],[16.84252,58.17324],[16.84191,58.17069],[16.83362,58.16966],[16.83071,58.16496],[16.82324,58.16571],[16.82345,58.16993],[16.81129,58.17369],[16.81522,58.17952],[16.81091,58.18048],[16.80645,58.17862],[16.81041,58.17063],[16.79636,58.1707],[16.79745,58.16364],[16.82639,58.15632],[16.82377,58.15252],[16.82636,58.15107],[16.81536,58.14419],[16.83006,58.13348],[16.82757,58.12737],[16.81851,58.13006],[16.81535,58.13446],[16.80705,58.13304],[16.79753,58.12677],[16.79787,58.12382],[16.79184,58.12429],[16.78156,58.11701],[16.77268,58.12328],[16.76204,58.12343],[16.76377,58.11931],[16.77184,58.11612],[16.77889,58.11679],[16.77479,58.10738],[16.76317,58.11215],[16.76459,58.11622],[16.75053,58.12077],[16.74539,58.12929],[16.73878,58.12784],[16.73698,58.13068],[16.74026,58.13333],[16.7258,58.13468],[16.72192,58.14446],[16.69319,58.15124],[16.67437,58.16813],[16.66922,58.16692],[16.66942,58.17102],[16.65122,58.17561],[16.6477,58.18333],[16.63713,58.18539],[16.63363,58.18838],[16.63451,58.19169],[16.61028,58.20276],[16.60588,58.20191],[16.62051,58.19315],[16.61862,58.18882],[16.62512,58.18785],[16.72094,58.13423],[16.7218,58.13191],[16.715,58.13149],[16.71136,58.13641],[16.70859,58.12902],[16.69884,58.12761],[16.68797,58.13314],[16.69573,58.13841],[16.67444,58.14381],[16.67471,58.14957],[16.65756,58.14531],[16.66359,58.13973],[16.69011,58.12709],[16.69976,58.12658],[16.70672,58.12021],[16.71589,58.1197],[16.71253,58.12538],[16.72536,58.12559],[16.72836,58.12261],[16.72486,58.1201],[16.73321,58.11768],[16.72995,58.11043],[16.75542,58.10201],[16.757,58.09644],[16.74545,58.10087],[16.74504,58.09755],[16.7385,58.09712],[16.73933,58.0943],[16.7445,58.09141],[16.76093,58.09118],[16.76491,58.08857],[16.76536,58.08293],[16.77073,58.08413],[16.77769,58.07828],[16.79259,58.07653],[16.81414,58.06304],[16.81431,58.05689],[16.80407,58.05985],[16.7972,58.05278],[16.80386,58.0509],[16.80401,58.04748],[16.7958,58.04422],[16.77378,58.04799],[16.76698,58.05218],[16.77124,58.05532],[16.77627,58.06908],[16.77346,58.07078],[16.75517,58.07232],[16.74969,58.06893],[16.72652,58.06951],[16.72929,58.06328],[16.73749,58.06155],[16.74135,58.05637],[16.73879,58.05346],[16.74488,58.05308],[16.74674,58.05796],[16.75781,58.05717],[16.7641,58.05248],[16.70659,58.04673],[16.7455,58.04591],[16.74716,58.04196],[16.75079,58.04216],[16.75083,58.03807],[16.7759,58.02748],[16.76243,58.02344],[16.76908,58.02143],[16.77002,58.01117],[16.77864,58.0099],[16.7772,58.01491],[16.7867,58.0167],[16.79964,58.01024],[16.81095,58.0097],[16.81068,58.0042],[16.79855,58.00283],[16.79212,58.00933],[16.78256,58.011],[16.78278,58.00574],[16.76497,58.00651],[16.76029,58.00951],[16.76622,58.01225],[16.70344,58.02104],[16.70182,58.01748],[16.70594,58.01282],[16.69429,58.01118],[16.69722,58.00179],[16.70398,58.00209],[16.70703,58.00538],[16.7147,58.00438],[16.71893,58.00701],[16.71737,58.00959],[16.71061,58.00955],[16.71123,58.01249],[16.71511,58.01282],[16.73336,58.00118],[16.71467,57.99362],[16.70145,57.99943],[16.68181,58.00225],[16.67241,58.00763],[16.66591,58.02871],[16.66858,58.03405],[16.66494,58.03896],[16.66709,58.04354],[16.66464,58.0533],[16.66053,58.0531],[16.66428,58.03513],[16.65781,58.02574],[16.65223,58.02505],[16.6521,58.02223],[16.65813,58.02202],[16.65981,58.01675],[16.65444,58.01529],[16.65103,58.00944],[16.65169,58.00278],[16.66988,57.9946],[16.67122,57.98813],[16.6672,57.98363],[16.64467,57.98123],[16.63053,57.9882],[16.62204,57.98703],[16.6245,57.9829],[16.63323,57.98407],[16.6362,57.98045],[16.67227,57.97358],[16.68169,57.96897],[16.68444,57.97111],[16.6761,57.97814],[16.67784,57.98451],[16.68206,57.98702],[16.69907,57.97476],[16.70111,57.97191],[16.69877,57.96836],[16.70216,57.96371],[16.71088,57.96474],[16.72964,57.95399],[16.7371,57.95888],[16.72795,57.95888],[16.71563,57.96839],[16.72587,57.9758],[16.72658,57.98053],[16.74137,57.98238],[16.74007,57.98547],[16.74397,57.9913],[16.75341,57.99706],[16.78115,58.00218],[16.78734,58.00043],[16.78745,57.99787],[16.80939,57.99782],[16.8112,57.99549],[16.79809,57.99362],[16.80357,57.98766],[16.80888,57.98771],[16.80907,57.98195],[16.81509,57.977],[16.80236,57.97308],[16.80163,57.96823],[16.7789,57.9665],[16.77446,57.95452],[16.76456,57.95415],[16.7704,57.94562],[16.76757,57.94182],[16.76814,57.93387],[16.79365,57.92417],[16.80268,57.917],[16.80243,57.91214],[16.78484,57.91149],[16.75073,57.91747],[16.73879,57.91431],[16.7577,57.91225],[16.7601,57.90736],[16.77439,57.90447],[16.77463,57.90933],[16.78232,57.90922],[16.78626,57.90622],[16.78581,57.902],[16.79079,57.90053],[16.78796,57.89673],[16.77549,57.89741],[16.77081,57.90004],[16.77187,57.90207],[16.76191,57.90503],[16.74653,57.90511],[16.75772,57.89792],[16.76732,57.89765],[16.78914,57.88186],[16.79441,57.8814],[16.79669,57.87893],[16.79119,57.87466],[16.80202,57.87502],[16.80184,57.87144],[16.79765,57.86945],[16.79441,57.8718],[16.79077,57.86634],[16.78137,57.87045],[16.76981,57.86997],[16.77015,57.86702],[16.77852,57.86639],[16.78146,57.86263],[16.77543,57.86208],[16.77499,57.85799],[16.77022,57.85869],[16.75279,57.86572],[16.74741,57.87373],[16.74117,57.87395],[16.72878,57.88602],[16.72058,57.88562],[16.71817,57.89052],[16.70841,57.89244],[16.70775,57.89885],[16.69882,57.9032],[16.68851,57.89873],[16.68831,57.89438],[16.7045,57.89122],[16.6958,57.89005],[16.6956,57.88596],[16.69025,57.88449],[16.69206,57.88216],[16.68844,57.87684],[16.67185,57.87129],[16.66939,57.8753],[16.67219,57.87859],[16.65958,57.87619],[16.65947,57.87901],[16.64523,57.88304],[16.64256,57.88768],[16.63644,57.8852],[16.62793,57.88838],[16.61852,57.89823],[16.61902,57.90411],[16.60359,57.91404],[16.59228,57.9193],[16.58932,57.91755],[16.57217,57.92147],[16.57299,57.91826],[16.56248,57.92005],[16.5693,57.91651],[16.56966,57.91369],[16.56575,57.9122],[16.58489,57.90454],[16.58479,57.90211],[16.57655,57.90081],[16.58021,57.89103],[16.5968,57.8857],[16.60003,57.88259],[16.59866,57.87877],[16.58172,57.87616],[16.57086,57.88052],[16.56303,57.88843],[16.55582,57.88852],[16.54978,57.89883],[16.54659,57.89733],[16.54907,57.89346],[16.52644,57.89835],[16.52472,57.90323],[16.50825,57.90048],[16.49637,57.90382],[16.48326,57.91243],[16.47278,57.90922],[16.49256,57.90476],[16.50858,57.89113],[16.48161,57.8958],[16.47101,57.89516],[16.46919,57.89185],[16.48664,57.8896],[16.49027,57.88431],[16.50078,57.88278],[16.50446,57.87889],[16.52181,57.87433],[16.52567,57.86891],[16.53237,57.86832],[16.53423,57.85549],[16.54641,57.84843],[16.55069,57.84172],[16.54188,57.83825],[16.54293,57.83439],[16.55717,57.84203],[16.57181,57.83609],[16.60151,57.81318],[16.64491,57.79163],[16.66218,57.7763],[16.69604,57.76254],[16.70988,57.76133],[16.71008,57.75544],[16.7041,57.75552],[16.71897,57.74584],[16.71917,57.73509],[16.71563,57.73104],[16.70849,57.7319],[16.70213,57.73916],[16.70374,57.74784],[16.69938,57.752],[16.67434,57.76632],[16.6761,57.76127],[16.65424,57.76514],[16.65193,57.76171],[16.64484,57.76347],[16.64251,57.75992],[16.64504,57.75758],[16.65222,57.75748],[16.66093,57.74905],[16.6652,57.7481],[16.66874,57.75228],[16.66425,57.75349],[16.66439,57.75656],[16.67605,57.755],[16.6765,57.74923],[16.66918,57.74625],[16.6678,57.7423],[16.67907,57.73742],[16.6799,57.73459],[16.67265,57.73316],[16.68002,57.72691],[16.67188,57.72676],[16.67369,57.72457],[16.68273,57.72341],[16.68823,57.72821],[16.69666,57.72476],[16.69772,57.72667],[16.6926,57.72981],[16.69931,57.72998],[16.71636,57.72629],[16.71813,57.72307],[16.70516,57.72222],[16.70346,57.71661],[16.71537,57.71542],[16.73186,57.72006],[16.73367,57.71287],[16.73947,57.71407],[16.73914,57.71715],[16.74433,57.72066],[16.75201,57.72119],[16.75484,57.71538],[16.75275,57.70672],[16.74178,57.70737],[16.74584,57.71219],[16.73708,57.70924],[16.71864,57.71371],[16.71779,57.71078],[16.70758,57.71245],[16.73185,57.69983],[16.7326,57.69547],[16.72589,57.69518],[16.71843,57.69925],[16.70155,57.69615],[16.69857,57.69875],[16.69485,57.69598],[16.7208,57.68872],[16.72249,57.68396],[16.74983,57.67603],[16.74251,57.6728],[16.72014,57.67465],[16.7098,57.67837],[16.7104,57.68105],[16.72618,57.68122],[16.72199,57.68358],[16.71951,57.68157],[16.71156,57.6854],[16.69955,57.68414],[16.69116,57.68873],[16.69072,57.68451],[16.67612,57.68393],[16.67397,57.67885],[16.62926,57.68353],[16.60538,57.69484],[16.58854,57.69813],[16.59281,57.70268],[16.58526,57.70508],[16.57701,57.71338],[16.57404,57.71675],[16.57924,57.72077],[16.56787,57.72886],[16.52636,57.72629],[16.55634,57.72234],[16.5695,57.71667],[16.58147,57.7059],[16.5871,57.69251],[16.59662,57.68625],[16.59158,57.68567],[16.59242,57.6831],[16.60103,57.68312],[16.60749,57.68867],[16.61365,57.68744],[16.62846,57.67663],[16.63287,57.67887],[16.64593,57.67717],[16.64977,57.67225],[16.6485,57.66536],[16.64028,57.66316],[16.64031,57.65317],[16.63543,57.6508],[16.59427,57.6489],[16.59332,57.66005],[16.59783,57.65935],[16.59868,57.66216],[16.58159,57.6593],[16.59268,57.65071],[16.59204,57.64713],[16.62653,57.64413],[16.62746,57.63823],[16.64292,57.62651],[16.63954,57.62553],[16.64247,57.62165],[16.6493,57.61977],[16.66031,57.61015],[16.65921,57.60684],[16.64678,57.60623],[16.64312,57.59924],[16.63696,57.60022],[16.63293,57.6059],[16.62843,57.60122],[16.61041,57.60363],[16.609,57.59878],[16.62813,57.59444],[16.63348,57.59155],[16.63237,57.58799],[16.63856,57.5879],[16.64025,57.58302],[16.62525,57.57809],[16.63922,57.57599],[16.64729,57.57012],[16.65614,57.57077],[16.65457,57.56772],[16.66885,57.56216],[16.66691,57.55629],[16.64303,57.55481],[16.63731,57.56539],[16.62656,57.57013],[16.62575,57.57347],[16.60329,57.57736],[16.60795,57.58036],[16.59566,57.5882],[16.6009,57.59338],[16.59586,57.60893],[16.59808,57.62145],[16.59407,57.62253],[16.59396,57.60384],[16.58885,57.60134],[16.58702,57.60341],[16.58182,57.59887],[16.59147,57.59593],[16.58731,57.58805],[16.56244,57.59732],[16.56068,57.60067],[16.56362,57.60255],[16.57323,57.6041],[16.56575,57.60777],[16.56008,57.62013],[16.55018,57.61181],[16.53387,57.62122],[16.51874,57.62422],[16.50693,57.63307],[16.50188,57.63209],[16.51585,57.62362],[16.53889,57.61553],[16.54084,57.6109],[16.53239,57.60857],[16.54402,57.60702],[16.54516,57.60035],[16.53617,57.59636],[16.53445,57.58947],[16.5243,57.58613],[16.5149,57.58945],[16.51172,57.58744],[16.517,57.58264],[16.53367,57.58218],[16.54779,57.57791],[16.55038,57.57161],[16.55876,57.56689],[16.5534,57.56414],[16.51774,57.56586],[16.51904,57.5629],[16.55133,57.56033],[16.56246,57.56429],[16.5705,57.56291],[16.57987,57.55921],[16.58578,57.55273],[16.58527,57.54659],[16.59057,57.54806],[16.59066,57.55537],[16.60538,57.55427],[16.61042,57.54986],[16.6172,57.55246],[16.62664,57.55042],[16.62559,57.54825],[16.6407,57.55075],[16.64411,57.54712],[16.63593,57.54518],[16.66015,57.54371],[16.66837,57.54654],[16.66997,57.53987],[16.66516,57.53865],[16.67644,57.53543],[16.67345,57.53264],[16.65971,57.5341],[16.6542,57.53854],[16.64989,57.53808],[16.64825,57.53324],[16.63498,57.53456],[16.65439,57.52164],[16.65144,57.51963],[16.65372,57.51729],[16.68809,57.50941],[16.67746,57.50597],[16.67384,57.50986],[16.66812,57.50968],[16.67472,57.50319],[16.69685,57.49316],[16.70593,57.49419],[16.71188,57.48912],[16.70415,57.48666],[16.70757,57.48354],[16.69772,57.48112],[16.69913,57.4706],[16.68856,57.46818],[16.68263,57.46314],[16.67749,57.465],[16.67825,57.47126],[16.67157,57.47071],[16.67515,57.4658],[16.6517,57.46214],[16.66453,57.46223],[16.66891,57.45397],[16.67511,57.45492],[16.67532,57.45914],[16.68679,57.46078],[16.68475,57.45773],[16.68842,57.45474],[16.69515,57.45657],[16.69908,57.45421],[16.69728,57.45116],[16.67342,57.44893],[16.66748,57.44362],[16.65649,57.4421],[16.63143,57.44448],[16.64473,57.43932],[16.6427,57.43115],[16.6539,57.43032],[16.64539,57.43814],[16.68181,57.4401],[16.67726,57.44452],[16.68097,57.4478],[16.70871,57.4519],[16.72628,57.44667],[16.72095,57.43932],[16.71535,57.44144],[16.70559,57.43594],[16.69077,57.43371],[16.7002,57.43217],[16.69749,57.43528],[16.70556,57.43518],[16.70781,57.43258],[16.68545,57.42149],[16.6838,57.41626],[16.67707,57.4143],[16.67807,57.41045],[16.64117,57.40735],[16.64475,57.4027],[16.63633,57.39111],[16.65065,57.38111],[16.6461,57.37977],[16.64519,57.37555],[16.65081,57.37368],[16.64386,57.37211],[16.6383,57.375],[16.64371,57.37954],[16.63003,57.38087],[16.62762,57.38],[16.63609,57.37362],[16.63524,57.37029],[16.61745,57.36451],[16.61013,57.37037],[16.60353,57.37122],[16.60512,57.37504],[16.60138,57.37637],[16.58334,57.37557],[16.57113,57.37841],[16.55432,57.37312],[16.56157,57.37098],[16.55691,57.3672],[16.56295,57.36431],[16.55962,57.35846],[16.55297,57.35803],[16.55308,57.35495],[16.55731,57.35414],[16.55421,57.34803],[16.56541,57.34797],[16.57304,57.34011],[16.57267,57.33679],[16.5632,57.33678],[16.5587,57.33107],[16.54907,57.33298],[16.54892,57.3294],[16.55519,57.32087],[16.56345,57.32588],[16.55955,57.32876],[16.57346,57.33319],[16.57984,57.32722],[16.57454,57.32524],[16.58776,57.32405],[16.59157,57.31939],[16.58802,57.31568],[16.57713,57.31369],[16.57863,57.31008],[16.5724,57.30837],[16.56069,57.31107],[16.56139,57.31644],[16.55405,57.31627],[16.54922,57.3084],[16.52111,57.30376],[16.51618,57.29882],[16.50205,57.30027],[16.50077,57.29798],[16.50855,57.29737],[16.50648,57.29304],[16.48742,57.28943],[16.48319,57.28409],[16.48497,57.28152],[16.48087,57.27952],[16.48155,57.27273],[16.47667,57.26894],[16.48032,57.2657],[16.45994,57.26427],[16.48161,57.26261],[16.49782,57.25047],[16.50168,57.2506],[16.5022,57.24598],[16.50724,57.24182],[16.50433,57.24032],[16.50526,57.23416],[16.50923,57.23296],[16.50717,57.22876],[16.49222,57.22101],[16.48675,57.22594],[16.48145,57.22344],[16.48833,57.21824],[16.4844,57.21431],[16.47266,57.21586],[16.47187,57.20793],[16.45966,57.20923],[16.47174,57.2046],[16.46631,57.19852],[16.46712,57.19531],[16.46055,57.19603],[16.46275,57.19203],[16.45885,57.18875],[16.46372,57.18677],[16.46,57.18221],[16.46269,57.16656],[16.47315,57.15709],[16.49038,57.15189],[16.49774,57.14182],[16.50284,57.13971],[16.50321,57.13151],[16.51196,57.12654],[16.51225,57.12217],[16.50791,57.11967],[16.50886,57.11402],[16.51256,57.11245],[16.53182,57.11721],[16.53547,57.11473],[16.53254,57.11195],[16.54187,57.11004],[16.54027,57.10545],[16.54416,57.09721],[16.55506,57.09913],[16.56433,57.09567],[16.56503,57.0903],[16.57508,57.08889],[16.57541,57.07967],[16.56567,57.0716],[16.56253,57.07522],[16.54653,57.07491],[16.53792,57.07143],[16.53659,57.0676],[16.57961,57.0567],[16.58128,57.04801],[16.58114,57.04298],[16.56711,57.03906],[16.56266,57.03937],[16.56279,57.04244],[16.55661,57.0461],[16.55001,57.04554],[16.54645,57.05032],[16.54159,57.0468],[16.54168,57.04296],[16.54558,57.04086],[16.53238,57.03961],[16.53364,57.03614],[16.53075,57.03439],[16.53112,57.03195],[16.54731,57.02599],[16.54529,57.02243],[16.52553,57.02139],[16.52212,57.01837],[16.51688,57.02815],[16.50318,57.02601],[16.47894,57.03065],[16.47721,57.03426],[16.46965,57.03306],[16.46701,57.03771],[16.45045,57.04242],[16.46437,57.03031],[16.47235,57.03022],[16.47911,57.02297],[16.53406,57.00209],[16.52603,56.99923],[16.5235,56.99491],[16.51695,56.99525],[16.51016,57.00724],[16.50295,57.00886],[16.50753,56.99984],[16.5055,56.99628],[16.50109,56.99761],[16.50314,57.00194],[16.49346,57.00616],[16.49662,57.01482],[16.4749,57.01175],[16.48182,57.0086],[16.47978,57.00452],[16.47077,57.00194],[16.4739,56.99819],[16.47014,56.99797],[16.47304,56.98835],[16.48182,56.98491],[16.4779,56.98073],[16.48209,56.97403],[16.48099,56.96404],[16.47307,56.96517],[16.47438,56.96874],[16.47059,56.97365],[16.46733,56.9742],[16.45983,56.98632],[16.45555,56.98484],[16.45485,56.99098],[16.44915,56.99515],[16.45254,57.00394],[16.4476,57.00951],[16.4652,57.01558],[16.4615,57.01703],[16.46029,57.02191],[16.45658,57.02323],[16.44953,57.01103],[16.44334,57.00854],[16.44463,56.9993],[16.4334,56.98202],[16.4403,56.97862],[16.44288,56.97244],[16.4393,56.97094],[16.44106,56.96785],[16.46377,56.95529],[16.46133,56.95276],[16.47042,56.94561],[16.46498,56.93838],[16.46906,56.92297],[16.45912,56.92014],[16.45415,56.92468],[16.43816,56.92294],[16.43143,56.91841],[16.43306,56.91199],[16.4516,56.9073],[16.45576,56.90008],[16.46257,56.90064],[16.46851,56.89698],[16.45333,56.89779],[16.45045,56.90168],[16.43981,56.89284],[16.44507,56.8897],[16.44606,56.88508],[16.43407,56.87139],[16.4393,56.86749],[16.43182,56.85529],[16.43398,56.85065],[16.42166,56.84618],[16.42469,56.83975],[16.42981,56.8393],[16.42869,56.83432],[16.41578,56.83294],[16.41882,56.82676],[16.41484,56.82629],[16.41543,56.82346],[16.42437,56.81901],[16.39972,56.8093],[16.41388,56.80709],[16.41237,56.80429],[16.40372,56.80375],[16.41544,56.79888],[16.40903,56.79614],[16.41033,56.79331],[16.39562,56.78681],[16.4159,56.78031],[16.44126,56.78476],[16.43648,56.78789],[16.43846,56.79068],[16.45138,56.79295],[16.46765,56.80353],[16.48468,56.79142],[16.48324,56.78452],[16.47994,56.78354],[16.48128,56.7761],[16.45072,56.76391],[16.45016,56.7611],[16.44501,56.7609],[16.43961,56.76608],[16.42536,56.77137],[16.42789,56.77646],[16.42611,56.77879],[16.41724,56.77876],[16.40632,56.77389],[16.38218,56.77659],[16.38025,56.77469],[16.38693,56.77258],[16.38471,56.76939],[16.38935,56.76857],[16.38922,56.76499],[16.36499,56.76564],[16.36302,56.76259],[16.38193,56.75713],[16.36513,56.75668],[16.36629,56.74975],[16.36974,56.7487],[16.36368,56.74236],[16.37132,56.74099],[16.36973,56.72923],[16.37839,56.72401],[16.368,56.72015],[16.35643,56.72208],[16.34951,56.71741],[16.35292,56.71507],[16.37088,56.71616],[16.3668,56.71262],[16.35745,56.71169],[16.36297,56.70971],[16.37888,56.71197],[16.37408,56.70793],[16.3743,56.70101],[16.36338,56.69499],[16.36419,56.69216],[16.37066,56.69081],[16.36193,56.68092],[16.36341,56.6768],[16.38153,56.66995],[16.37722,56.66667],[16.37264,56.66851],[16.37423,56.66119],[16.37884,56.65999],[16.37027,56.65458],[16.36194,56.65557],[16.35904,56.65893],[16.33296,56.65101],[16.3188,56.6317],[16.31533,56.632],[16.31432,56.63636],[16.31641,56.643],[16.32019,56.64475],[16.31966,56.65628],[16.29329,56.66014],[16.29948,56.6442],[16.29322,56.64452],[16.29645,56.65063],[16.2901,56.65727],[16.28437,56.65767],[16.27585,56.65315],[16.27996,56.6508],[16.28311,56.65461],[16.28894,56.65519],[16.28692,56.65047],[16.28181,56.65066],[16.27826,56.64186],[16.26813,56.63095],[16.25757,56.63464],[16.2466,56.63322],[16.24095,56.6238],[16.24448,56.61826],[16.24912,56.61809],[16.24804,56.61348],[16.23402,56.61068],[16.23508,56.60772],[16.22264,56.60349],[16.22659,56.59641],[16.2317,56.59662],[16.22537,56.58733],[16.22942,56.56911],[16.22565,56.56736],[16.22544,56.54662],[16.2158,56.53493],[16.21533,56.52751],[16.2109,56.52678],[16.21306,56.52177],[16.20981,56.52168],[16.21003,56.52859],[16.20032,56.52894],[16.19722,56.53358],[16.18644,56.52958],[16.18179,56.51478],[16.18594,56.51371],[16.17631,56.50945],[16.18297,56.50747],[16.1711,56.49798],[16.17225,56.49028],[16.16571,56.48855],[16.16392,56.48294],[16.15288,56.47741],[16.14606,56.48157],[16.14252,56.47929],[16.14523,56.46928],[16.13644,56.46911],[16.12983,56.46481],[16.13499,56.45171],[16.13305,56.44865],[16.11959,56.44698],[16.12164,56.44355],[16.11531,56.44267],[16.11548,56.43268],[16.11028,56.42095],[16.09945,56.42207],[16.09428,56.4193],[16.09244,56.41112],[16.09513,56.40828],[16.09164,56.40728],[16.09249,56.40459],[16.10039,56.40644],[16.09183,56.39781],[16.0959,56.39496],[16.08993,56.38784],[16.09344,56.38141],[16.09077,56.37682],[16.07778,56.37437],[16.07768,56.37104],[16.08318,56.36959],[16.07471,56.36364],[16.08321,56.36255],[16.08493,56.35818],[16.08041,56.35335],[16.07348,56.3529],[16.07396,56.34547],[16.0688,56.3427],[16.07071,56.32808],[16.06216,56.32739],[16.06204,56.33123],[16.05155,56.32697],[16.05061,56.30956],[16.05977,56.30756],[16.05921,56.30387],[16.05551,56.3035],[16.0512,56.29752],[16.05567,56.29262],[16.05446,56.28768],[16.04725,56.28782],[16.04299,56.28351],[16.03562,56.26616],[16.04199,56.26354],[16.04697,56.25198],[16.04063,56.25587],[16.0311,56.25185],[16.02816,56.24548],[16.02035,56.24567],[16.01579,56.23841],[16.01462,56.22049],[16.00825,56.22285],[16.00127,56.21958],[16.0045,56.21136],[15.99401,56.2053],[15.99684,56.19938],[15.9916,56.20122],[15.9851,56.19845],[15.9838,56.20154],[15.97418,56.20238],[15.967,56.20013],[15.96964,56.19601],[15.9607,56.19634],[15.96082,56.19173],[15.95693,56.19227],[15.95549,56.18972],[15.96112,56.18558],[15.95751,56.17895],[15.95154,56.17874],[15.95354,56.17617],[15.94777,56.17467],[15.94976,56.17184],[15.93381,56.16685],[15.93532,56.16299],[15.93097,56.16366],[15.92444,56.15897],[15.92342,56.15463],[15.90675,56.14784],[15.90694,56.13708],[15.89549,56.13768],[15.89512,56.13179],[15.90101,56.12867],[15.89338,56.12591],[15.8909,56.11749],[15.88724,56.1175],[15.88102,56.10628],[15.8727,56.10327],[15.87215,56.09917],[15.86538,56.09384],[15.86019,56.09696],[15.85558,56.09571],[15.85827,56.09338],[15.8554,56.08751],[15.8513,56.08869],[15.85026,56.08294],[15.85241,56.07678],[15.8473,56.07337],[15.8384,56.07457],[15.8379,56.08354],[15.82931,56.08871],[15.82983,56.09128],[15.81802,56.09623],[15.81953,56.1021],[15.81361,56.10406],[15.79012,56.09781],[15.78532,56.099],[15.78846,56.10691],[15.78351,56.11104],[15.78316,56.11667],[15.79208,56.12686],[15.80646,56.1347],[15.80664,56.14341],[15.81123,56.14299],[15.81223,56.14747],[15.81567,56.14745],[15.81484,56.14092],[15.82114,56.14587],[15.818,56.15998],[15.82306,56.16071],[15.82963,56.16707],[15.82831,56.16991],[15.81823,56.17086],[15.80659,56.16313],[15.78682,56.16095],[15.79491,56.15309],[15.79251,56.1476],[15.7863,56.14713],[15.78599,56.14277],[15.76218,56.14497],[15.75974,56.13756],[15.74846,56.13985],[15.74297,56.13613],[15.74773,56.13328],[15.7592,56.13359],[15.76439,56.12908],[15.7766,56.13208],[15.77897,56.12464],[15.76723,56.12215],[15.76813,56.11011],[15.76324,56.10579],[15.75137,56.10842],[15.75143,56.11124],[15.73809,56.1085],[15.73657,56.11337],[15.74964,56.11304],[15.74109,56.12154],[15.73464,56.12004],[15.73477,56.11466],[15.7244,56.11165],[15.72472,56.10448],[15.71274,56.10058],[15.70186,56.10717],[15.6913,56.10621],[15.69437,56.09825],[15.70693,56.09639],[15.69904,56.0908],[15.70671,56.0841],[15.7017,56.07312],[15.6834,56.07399],[15.67527,56.08018],[15.66426,56.07896],[15.66297,56.08383],[15.6527,56.08619],[15.65165,56.09157],[15.6366,56.09575],[15.63998,56.10661],[15.61699,56.10071],[15.61329,56.0992],[15.6137,56.09638],[15.59499,56.10172],[15.59368,56.1048],[15.59644,56.10594],[15.59284,56.11005],[15.60485,56.11575],[15.60309,56.12076],[15.61274,56.12199],[15.61654,56.13068],[15.62433,56.13038],[15.62992,56.13535],[15.63721,56.13288],[15.63829,56.12903],[15.62949,56.12344],[15.63124,56.11831],[15.62775,56.11474],[15.63479,56.11112],[15.63449,56.1069],[15.64091,56.10712],[15.6545,56.12485],[15.65909,56.12533],[15.67347,56.12218],[15.67588,56.11513],[15.68548,56.11405],[15.69111,56.12106],[15.70615,56.11611],[15.7063,56.11201],[15.72397,56.11332],[15.72587,56.11677],[15.7225,56.12063],[15.73286,56.12288],[15.7131,56.13272],[15.71247,56.13605],[15.72081,56.14035],[15.74446,56.138],[15.74902,56.14044],[15.74617,56.14737],[15.73843,56.15049],[15.74907,56.15491],[15.75685,56.15384],[15.76037,56.15804],[15.75745,56.161],[15.7381,56.1569],[15.73416,56.15487],[15.73568,56.15051],[15.72882,56.15119],[15.72471,56.15288],[15.72577,56.1603],[15.72193,56.16365],[15.72662,56.16873],[15.72416,56.17234],[15.71407,56.17291],[15.71489,56.16729],[15.71169,56.16781],[15.70536,56.16144],[15.69965,56.16199],[15.69879,56.16532],[15.69189,56.16446],[15.69385,56.15843],[15.69017,56.15794],[15.68987,56.16691],[15.68607,56.17256],[15.68086,56.17669],[15.67465,56.17595],[15.6725,56.18416],[15.66856,56.18188],[15.67113,56.17162],[15.68759,56.16769],[15.68936,56.16358],[15.68534,56.15771],[15.67637,56.15623],[15.67649,56.16288],[15.6733,56.16444],[15.67251,56.15855],[15.66577,56.16601],[15.66118,56.16681],[15.66163,56.17935],[15.65495,56.17836],[15.65833,56.16196],[15.63445,56.16093],[15.62811,56.16519],[15.63324,56.17003],[15.62865,56.17004],[15.62779,56.17364],[15.63444,56.17335],[15.64074,56.17946],[15.65402,56.1776],[15.64999,56.18351],[15.64587,56.1843],[15.64922,56.19222],[15.64139,56.19124],[15.63995,56.18715],[15.63214,56.18693],[15.63229,56.18232],[15.62284,56.17981],[15.62229,56.17418],[15.6154,56.17421],[15.61765,56.17139],[15.61169,56.17142],[15.61155,56.17705],[15.60064,56.16955],[15.59397,56.16945],[15.6016,56.15764],[15.59498,56.15972],[15.59355,56.15537],[15.58528,56.15541],[15.58842,56.15053],[15.57745,56.15314],[15.57727,56.15647],[15.56358,56.16166],[15.56067,56.16705],[15.56589,56.17829],[15.57049,56.17879],[15.5725,56.1757],[15.56916,56.16701],[15.57393,56.1634],[15.58059,56.16414],[15.59311,56.18687],[15.58809,56.18894],[15.59279,56.19622],[15.5974,56.19696],[15.606,56.1895],[15.60969,56.19012],[15.60157,56.19963],[15.59761,56.21066],[15.59257,56.21158],[15.58563,56.20842],[15.58901,56.20405],[15.58457,56.19933],[15.58207,56.20126],[15.56711,56.19877],[15.56568,56.19532],[15.57277,56.19362],[15.56324,56.18573],[15.54679,56.19208],[15.54049,56.18404],[15.52592,56.17667],[15.52978,56.17359],[15.53038,56.16667],[15.5138,56.17532],[15.51301,56.17212],[15.50565,56.17061],[15.49696,56.17359],[15.48455,56.17198],[15.49622,56.16912],[15.48786,56.16172],[15.49007,56.15531],[15.48109,56.15253],[15.47782,56.14768],[15.46687,56.15207],[15.46438,56.15644],[15.46682,56.16693],[15.46201,56.16797],[15.46076,56.15952],[15.45152,56.15444],[15.45847,56.14033],[15.46168,56.14057],[15.46321,56.13416],[15.45972,56.12982],[15.45314,56.13599],[15.45457,56.14085],[15.44847,56.1483],[15.42691,56.14786],[15.42843,56.14095],[15.41973,56.14226],[15.41547,56.15046],[15.42236,56.15198],[15.41327,56.15995],[15.44216,56.15793],[15.4388,56.16549],[15.45861,56.16525],[15.45972,56.16951],[15.45335,56.17338],[15.43749,56.17113],[15.43033,56.16706],[15.41955,56.16787],[15.41822,56.17326],[15.43637,56.17344],[15.43824,56.17676],[15.4245,56.17963],[15.41757,56.17581],[15.41531,56.17965],[15.40339,56.18021],[15.39552,56.17332],[15.39047,56.1741],[15.38604,56.16695],[15.37937,56.16556],[15.38182,56.15902],[15.3919,56.15695],[15.39861,56.16179],[15.40363,56.15895],[15.40612,56.15613],[15.40254,56.14308],[15.39479,56.14618],[15.39256,56.15387],[15.38151,56.14955],[15.37264,56.13344],[15.35931,56.1299],[15.35214,56.12403],[15.35234,56.12019],[15.34591,56.11893],[15.34412,56.12354],[15.34779,56.12391],[15.34691,56.12841],[15.34003,56.12765],[15.33274,56.13279],[15.33201,56.12793],[15.32534,56.12628],[15.32077,56.1277],[15.31922,56.13283],[15.31393,56.13234],[15.31481,56.12796],[15.31112,56.12427],[15.30195,56.12519],[15.29031,56.13136],[15.28853,56.13828],[15.28006,56.14009],[15.27962,56.14329],[15.28719,56.14263],[15.29942,56.15195],[15.31041,56.1504],[15.31778,56.1546],[15.31139,56.15845],[15.31027,56.16178],[15.31404,56.16476],[15.30916,56.16588],[15.30896,56.17049],[15.30394,56.17384],[15.27935,56.16928],[15.27937,56.17236],[15.27411,56.17467],[15.27438,56.18005],[15.2675,56.18109],[15.26562,56.17418],[15.2553,56.17523],[15.25501,56.16511],[15.24788,56.16397],[15.24713,56.15577],[15.24209,56.15656],[15.24237,56.16322],[15.23067,56.16426],[15.23683,56.15887],[15.23521,56.15657],[15.22742,56.15838],[15.21225,56.15277],[15.21043,56.15535],[15.21504,56.15866],[15.20081,56.15894],[15.19849,56.15408],[15.19252,56.15306],[15.18568,56.16127],[15.18497,56.15589],[15.17508,56.15091],[15.15238,56.15389],[15.14297,56.15108],[15.14301,56.16286],[15.14646,56.16593],[15.14258,56.16901],[15.13566,56.15877],[15.12877,56.15903],[15.12469,56.16954],[15.12486,56.15622],[15.12231,56.14776],[15.11756,56.14479],[15.11176,56.14778],[15.10304,56.14664],[15.10167,56.1524],[15.08012,56.1519],[15.06889,56.15831],[15.0682,56.15396],[15.06132,56.15473],[15.05995,56.16062],[15.06499,56.16011],[15.07465,56.16881],[15.07719,56.17726],[15.06502,56.17803],[15.06068,56.18603],[15.06205,56.18264],[15.05356,56.18354],[15.04392,56.18931],[15.04022,56.17523],[15.03495,56.1783],[15.02898,56.17574],[15.01614,56.18932],[15.01614,56.19572],[15.01201,56.19392],[15.01246,56.19085],[15.01797,56.18599],[15.00995,56.18471],[15.03609,56.16601],[15.0338,56.16383],[15.0081,56.17088],[15.00672,56.16512],[15.00924,56.16294],[15.0058,56.16064],[15.02622,56.15781],[15.0315,56.14732],[15.01497,56.1504],[15.01543,56.15372],[15.00947,56.15155],[14.99525,56.15628],[14.99387,56.16486],[14.97895,56.17062],[14.97781,56.16742],[14.96862,56.17011],[14.96748,56.16345],[14.94065,56.15742],[14.91909,56.15715],[14.91518,56.15933],[14.91816,56.16112],[14.91746,56.16547],[14.9108,56.16496],[14.90165,56.15752],[14.89476,56.15726],[14.89249,56.15073],[14.88928,56.15086],[14.88651,56.15598],[14.87596,56.15533],[14.87823,56.16083],[14.86262,56.16415],[14.85874,56.15953],[14.86127,56.15672],[14.85646,56.15492],[14.85122,56.14543],[14.85626,56.1457],[14.85766,56.13956],[14.83223,56.13543],[14.83014,56.14157],[14.83861,56.14491],[14.82757,56.1513],[14.8287,56.15577],[14.82067,56.15539],[14.81721,56.16025],[14.81376,56.16024],[14.80898,56.15358],[14.79294,56.15048],[14.78719,56.15354],[14.78739,56.15892],[14.78006,56.15558],[14.7711,56.15786],[14.77407,56.1612],[14.76878,56.16298],[14.76471,56.15222],[14.75214,56.14554],[14.74938,56.14758],[14.7498,56.15296],[14.73923,56.15601],[14.74081,56.15986],[14.72318,56.15393],[14.71236,56.15953],[14.70617,56.15901],[14.70361,56.16361],[14.69467,56.16205],[14.68777,56.16653],[14.67301,56.14586],[14.67501,56.12641],[14.68446,56.12067],[14.70462,56.12162],[14.70372,56.11854],[14.69775,56.11942],[14.69186,56.11262],[14.69376,56.10444],[14.70062,56.10573],[14.70659,56.10344],[14.70616,56.09998],[14.71394,56.10128],[14.71648,56.09911],[14.71584,56.09271],[14.7227,56.09374],[14.72869,56.08941],[14.72531,56.08146],[14.72693,56.07839],[14.72101,56.07428],[14.72522,56.06175],[14.72935,56.06035],[14.73915,56.06535],[14.7399,56.05678],[14.75569,56.05541],[14.75851,56.04415],[14.7743,56.04238],[14.78144,56.03497],[14.77168,56.02241],[14.7521,56.00905],[14.73295,56.00312],[14.72159,55.99337],[14.71152,55.99642],[14.71512,56.00359],[14.7137,56.01051],[14.7018,56.01265],[14.67364,55.9912],[14.6661,55.99067],[14.66306,55.99911],[14.64935,55.99933],[14.64116,55.99572],[14.6404,56.0034],[14.63466,56.00581],[14.62097,56.00411],[14.61191,55.99627],[14.60964,56.01739],[14.59795,56.02004],[14.58311,56.01858],[14.58419,56.02448],[14.59057,56.02629],[14.59983,56.03759],[14.59587,56.04409],[14.59695,56.05013],[14.60629,56.05413],[14.59302,56.05447],[14.58101,56.04367],[14.58243,56.03881],[14.57568,56.02906],[14.57039,56.03147],[14.55766,56.02541],[14.5551,56.0295],[14.55826,56.03284],[14.55436,56.03359],[14.55345,56.05279],[14.5473,56.05124],[14.54856,56.0602],[14.53849,56.06093],[14.53277,56.04171],[14.50677,56.03597],[14.50179,56.03185],[14.47109,56.03582],[14.46825,56.02582],[14.46165,56.02426],[14.46405,56.01479],[14.4614,56.00916],[14.44772,56.00678],[14.4448,56.00344],[14.45152,55.99707],[14.4433,55.99652],[14.44095,56.00061],[14.43548,56.0002],[14.43423,55.99161],[14.41824,55.9918],[14.41785,55.98693],[14.41055,55.98638],[14.40802,55.9728],[14.38472,55.97371],[14.37821,55.96625],[14.37809,55.95959],[14.36894,55.96121],[14.36672,55.95697],[14.35249,55.96215],[14.33795,55.95785],[14.32116,55.93906],[14.32243,55.93151],[14.32859,55.93167],[14.3271,55.92552],[14.33013,55.9217],[14.28238,55.90196],[14.26662,55.89188],[14.24963,55.87488],[14.22706,55.84145],[14.20678,55.79779],[14.19463,55.74803],[14.19449,55.73292],[14.20651,55.6997],[14.22396,55.68905],[14.27121,55.67408],[14.27773,55.66571],[14.27835,55.64037],[14.28425,55.61847],[14.29693,55.61379],[14.30106,55.60523],[14.33103,55.58805],[14.34172,55.56619],[14.3566,55.55982],[14.36065,55.5528],[14.35603,55.53308],[14.34918,55.52492],[14.34818,55.51633],[14.35088,55.51336],[14.34674,55.50761],[14.32663,55.49831],[14.31651,55.48928],[14.31939,55.48627],[14.30533,55.4839],[14.28297,55.47327],[14.27429,55.45529],[14.23905,55.43638],[14.21326,55.39678],[14.196,55.38284],[14.17048,55.37691],[14.15024,55.37651],[14.1015,55.3845],[14.06641,55.38448],[14.05481,55.38016],[13.9814,55.41838],[13.93285,55.43243],[13.88057,55.4335],[13.83238,55.41807],[13.83204,55.42192],[13.82223,55.42604],[13.7917,55.42318],[13.71729,55.42652],[13.67487,55.41582],[13.65186,55.41736],[13.62908,55.41382],[13.60301,55.39773],[13.59772,55.3882],[13.56616,55.38373],[13.53679,55.38736],[13.49584,55.38316],[13.43915,55.36451],[13.41937,55.35311],[13.38764,55.3486],[13.36248,55.33725],[13.34361,55.33725],[13.32049,55.34206],[13.27369,55.34345],[13.20175,55.36368],[13.15236,55.37178],[13.14856,55.3666],[13.11892,55.37511],[13.09866,55.37544],[13.07474,55.3679],[13.06638,55.37326],[13.04873,55.37542],[13.0066,55.39023],[12.99584,55.39113],[12.97593,55.40049],[12.95788,55.40108],[12.945,55.39792],[12.93515,55.4098],[12.94939,55.41747],[12.95249,55.42265],[12.95185,55.43518],[12.94309,55.45629],[12.94999,55.45795],[12.95464,55.45521],[12.96198,55.44842],[12.9612,55.44174],[12.96836,55.43827],[12.96976,55.4593],[12.96565,55.46026],[12.96066,55.46991],[12.95361,55.47517],[12.95338,55.47952],[12.94882,55.48047],[12.94623,55.48709],[12.93851,55.49208],[12.93662,55.49819],[12.93112,55.49989],[12.92347,55.513],[12.92337,55.51846],[12.89894,55.51945],[12.89193,55.52382],[12.9119,55.52621],[12.91147,55.5344],[12.90533,55.55222],[12.8939,55.56304],[12.88981,55.56348],[12.90017,55.57263],[12.91806,55.58062],[12.9172,55.58393],[12.92468,55.58765],[12.91717,55.5888],[12.923,55.59403],[12.92747,55.59499],[12.92669,55.58845],[12.93411,55.59779],[12.95173,55.59822],[12.96863,55.60388],[12.97189,55.60637],[12.97147,55.61456],[12.97822,55.61966],[12.98959,55.6187],[12.99605,55.61189],[13.00103,55.61632],[13.01194,55.61535],[12.995,55.61917],[12.99391,55.62274],[13.01874,55.62378],[13.02186,55.6205],[13.02509,55.62376],[13.02178,55.62665],[12.99154,55.62488],[12.99107,55.63409],[12.9968,55.63713],[13.01325,55.63855],[13.0146,55.63422],[13.02835,55.63546],[13.02843,55.63841],[13.03624,55.63623],[13.03883,55.6387],[13.02602,55.64132],[13.02997,55.64407],[13.04651,55.63908],[13.05145,55.64097],[13.0506,55.65247],[13.06309,55.66547],[13.06192,55.67083],[13.05603,55.67535],[13.05774,55.68204],[13.05497,55.69224],[13.04429,55.7018],[12.9932,55.7296],[12.96962,55.72467],[12.95744,55.73189],[12.96142,55.73836],[12.95708,55.74751],[12.9434,55.74869],[12.92155,55.74102],[12.91291,55.74984],[12.90107,55.75041],[12.91073,55.76517],[12.92633,55.77082],[12.93292,55.77939],[12.93294,55.80474],[12.91652,55.8311],[12.90427,55.84319],[12.88751,55.85007],[12.88295,55.85844],[12.87553,55.86088],[12.86908,55.86231],[12.8657,55.85751],[12.85071,55.85661],[12.85324,55.86049],[12.84779,55.86014],[12.84442,55.85522],[12.8308,55.85446],[12.82707,55.86413],[12.81366,55.87593],[12.81358,55.8813],[12.80299,55.89534],[12.80446,55.91368],[12.78715,55.93335],[12.77171,55.93998],[12.75963,55.95155],[12.75522,55.97657],[12.74951,55.98825],[12.73353,55.99974],[12.70478,56.00664],[12.70494,56.01176],[12.70026,56.01731],[12.7036,56.02275],[12.68934,56.03171],[12.69184,56.03969],[12.67438,56.06753],[12.64813,56.08882],[12.63011,56.09872],[12.62979,56.10384],[12.60429,56.11589],[12.58202,56.1421],[12.57681,56.14097],[12.56714,56.14514],[12.5628,56.16657],[12.55501,56.17717],[12.55451,56.19586],[12.54349,56.19949],[12.53779,56.20578],[12.54322,56.21434],[12.53871,56.22731],[12.53274,56.23078],[12.53561,56.2398],[12.53374,56.24386],[12.51841,56.25329],[12.51801,56.25969],[12.49787,56.27542],[12.49837,56.27837],[12.49192,56.28196],[12.49385,56.28405],[12.48428,56.28949],[12.45535,56.29517],[12.44611,56.30254],[12.46547,56.3023],[12.5181,56.29363],[12.57458,56.27451],[12.59266,56.27255],[12.60411,56.26625],[12.65819,56.25499],[12.67114,56.24627],[12.67141,56.23808],[12.69123,56.22974],[12.69431,56.22058],[12.71833,56.22627],[12.7212,56.23223],[12.73231,56.23101],[12.74181,56.22606],[12.75114,56.23136],[12.75458,56.22374],[12.76471,56.21944],[12.7853,56.2178],[12.78562,56.22353],[12.79743,56.2263],[12.81602,56.23867],[12.83072,56.25532],[12.83855,56.27146],[12.82685,56.28291],[12.81693,56.28722],[12.81146,56.28636],[12.7873,56.29809],[12.7668,56.30208],[12.76181,56.30865],[12.76313,56.31354],[12.75492,56.33183],[12.74647,56.3345],[12.74558,56.34549],[12.73899,56.35946],[12.73228,56.36369],[12.7049,56.36626],[12.69895,56.37307],[12.68318,56.38199],[12.63229,56.39102],[12.62263,56.40159],[12.62035,56.42332],[12.63266,56.42971],[12.63441,56.4387],[12.64253,56.44206],[12.64384,56.44708],[12.65222,56.4498],[12.65652,56.45513],[12.67839,56.45298],[12.70146,56.46916],[12.72677,56.47155],[12.74737,56.46757],[12.7603,56.46038],[12.78801,56.45306],[12.82354,56.43832],[12.84217,56.43596],[12.84379,56.43176],[12.8678,56.4323],[12.90172,56.45075],[12.92698,56.47877],[12.94223,56.51334],[12.94619,56.54721],[12.96727,56.54321],[12.94529,56.55104],[12.94241,56.56995],[12.93535,56.58878],[12.9247,56.59245],[12.9207,56.59776],[12.91655,56.59718],[12.91332,56.60096],[12.91465,56.61072],[12.90728,56.61367],[12.90667,56.62057],[12.90109,56.62893],[12.87993,56.65008],[12.8544,56.64516],[12.84522,56.64718],[12.85171,56.65165],[12.85223,56.65883],[12.8324,56.66399],[12.81092,56.6576],[12.80894,56.6555],[12.81132,56.65069],[12.79098,56.64854],[12.79274,56.64242],[12.77514,56.64108],[12.76225,56.647],[12.72779,56.64023],[12.72284,56.64526],[12.73053,56.65257],[12.72898,56.66278],[12.72315,56.67088],[12.70998,56.68101],[12.68118,56.68022],[12.67931,56.69543],[12.68413,56.69654],[12.68471,56.70219],[12.67928,56.71105],[12.65899,56.72283],[12.6461,56.72041],[12.64213,56.72418],[12.6449,56.72833],[12.64249,56.73315],[12.6256,56.74257],[12.6234,56.75149],[12.63072,56.75752],[12.631,56.76418],[12.61526,56.7731],[12.61534,56.779],[12.61216,56.78174],[12.61558,56.78668],[12.60514,56.79673],[12.60528,56.80185],[12.61217,56.81095],[12.60874,56.82087],[12.57826,56.84078],[12.54635,56.84271],[12.54848,56.8566],[12.53332,56.87038],[12.51676,56.87312],[12.4909,56.88912],[12.46939,56.88549],[12.46409,56.88769],[12.45955,56.89606],[12.43925,56.89858],[12.43519,56.89632],[12.41563,56.90155],[12.4111,56.90632],[12.40592,56.90673],[12.40478,56.90286],[12.39946,56.90531],[12.39318,56.91491],[12.3571,56.92158],[12.35598,56.92438],[12.36046,56.92729],[12.35285,56.92892],[12.35264,56.93186],[12.35731,56.93209],[12.35892,56.93904],[12.35464,56.9433],[12.35335,56.95813],[12.34786,56.96621],[12.35791,56.96988],[12.35488,56.97302],[12.35729,56.97871],[12.35453,56.98121],[12.35261,57.00166],[12.34337,57.01274],[12.33484,57.01717],[12.33355,57.02201],[12.31223,57.02463],[12.31015,57.02738],[12.3158,57.03366],[12.29346,57.03728],[12.28147,57.04701],[12.26827,57.05082],[12.27418,57.05351],[12.271,57.05524],[12.27689,57.06151],[12.27479,57.06761],[12.25063,57.06376],[12.25303,57.07252],[12.26075,57.0732],[12.26053,57.07934],[12.25524,57.08409],[12.24212,57.08329],[12.23564,57.08827],[12.24125,57.08878],[12.23992,57.094],[12.24321,57.09715],[12.23824,57.10703],[12.24537,57.10923],[12.24682,57.11516],[12.23977,57.115],[12.24048,57.11809],[12.23678,57.12032],[12.22724,57.11882],[12.22299,57.11271],[12.20825,57.11456],[12.20518,57.11782],[12.18985,57.11517],[12.19165,57.12239],[12.2021,57.12121],[12.20262,57.12699],[12.23172,57.12814],[12.23103,57.13107],[12.21533,57.13316],[12.21889,57.13913],[12.20638,57.14884],[12.2276,57.15495],[12.22534,57.16309],[12.21553,57.16185],[12.21348,57.16412],[12.21609,57.16699],[12.20239,57.1736],[12.21338,57.18102],[12.21188,57.18534],[12.20015,57.19071],[12.1971,57.18731],[12.17807,57.18946],[12.17459,57.18567],[12.15319,57.18786],[12.15717,57.19128],[12.15105,57.19422],[12.15491,57.1961],[12.1664,57.2002],[12.19262,57.20284],[12.21008,57.20912],[12.21474,57.21306],[12.21424,57.21971],[12.20985,57.22474],[12.20367,57.22524],[12.18156,57.21796],[12.1818,57.21489],[12.13891,57.21392],[12.12385,57.22536],[12.10959,57.22657],[12.0936,57.23465],[12.09536,57.2393],[12.11427,57.23923],[12.11539,57.24284],[12.11945,57.24242],[12.11789,57.24725],[12.12984,57.24855],[12.12119,57.25348],[12.09772,57.24538],[12.09138,57.24792],[12.0885,57.25451],[12.0995,57.25887],[12.10893,57.27112],[12.12258,57.2781],[12.13969,57.2831],[12.16326,57.28402],[12.16308,57.29874],[12.16627,57.30035],[12.16651,57.30343],[12.16159,57.30682],[12.16653,57.30754],[12.14577,57.31449],[12.14768,57.31735],[12.15406,57.31749],[12.15563,57.3247],[12.16156,57.32765],[12.14516,57.33458],[12.13915,57.33265],[12.13892,57.32944],[12.13122,57.33106],[12.12627,57.33684],[12.13251,57.33878],[12.11866,57.34628],[12.1079,57.34462],[12.10863,57.3413],[12.06447,57.33669],[12.06784,57.34779],[12.08606,57.36909],[12.1031,57.37537],[12.12755,57.37811],[12.12717,57.38297],[12.12003,57.38934],[12.12342,57.39441],[12.12007,57.39484],[12.12119,57.39871],[12.10683,57.39429],[12.10234,57.397],[12.08663,57.39766],[12.08534,57.39302],[12.07991,57.39571],[12.08185,57.40703],[12.10981,57.40767],[12.10588,57.41527],[12.10597,57.42014],[12.11154,57.42487],[12.10935,57.43456],[12.09474,57.43602],[12.09219,57.44134],[12.07646,57.442],[12.06666,57.44868],[12.07338,57.45371],[12.06915,57.46206],[12.06007,57.46262],[12.05603,57.45971],[12.04995,57.43779],[12.04034,57.4245],[12.0418,57.41813],[12.02521,57.40032],[12.01828,57.3981],[12.02367,57.39004],[12.01812,57.38812],[12.0177,57.38196],[12.0239,57.38134],[12.0259,57.37421],[12.01336,57.36459],[12.00175,57.34023],[11.99477,57.34119],[11.99541,57.35193],[11.99239,57.35559],[12.00065,57.36436],[11.99233,57.36353],[11.98936,57.35617],[11.98412,57.35579],[11.98449,57.36039],[11.98998,57.36384],[11.98258,57.37196],[11.96957,57.36049],[11.96018,57.35866],[11.95921,57.35253],[11.95168,57.35322],[11.95305,57.35844],[11.94508,57.35952],[11.94026,57.3645],[11.94029,57.36783],[11.9572,57.37474],[11.95711,57.37948],[11.95028,57.38297],[11.95887,57.38956],[11.95024,57.38835],[11.9526,57.39419],[11.93743,57.39428],[11.92802,57.38938],[11.91606,57.39401],[11.90903,57.39213],[11.91422,57.40072],[11.91994,57.4011],[11.92752,57.40681],[11.92268,57.41755],[11.92749,57.41834],[11.92221,57.42358],[11.92413,57.42981],[11.91893,57.43006],[11.91913,57.43262],[11.90582,57.43242],[11.90536,57.44165],[11.90209,57.44531],[11.90579,57.44702],[11.90661,57.44239],[11.91307,57.44301],[11.90951,57.44898],[11.91669,57.45266],[11.91795,57.45954],[11.90924,57.46359],[11.91255,57.46927],[11.92016,57.46935],[11.92278,57.47237],[11.93703,57.46935],[11.93594,57.47642],[11.93084,57.47807],[11.91727,57.4748],[11.91325,57.4781],[11.92017,57.47845],[11.90533,57.48622],[11.91384,57.48551],[11.91223,57.48913],[11.92778,57.49031],[11.94127,57.48359],[11.95187,57.48821],[11.95439,57.49289],[11.96741,57.49502],[11.95514,57.49633],[11.95456,57.50096],[11.94942,57.5021],[11.91978,57.50036],[11.91941,57.50767],[11.92298,57.51066],[11.94567,57.50872],[11.94424,57.51452],[11.93339,57.51579],[11.9398,57.51846],[11.93296,57.52221],[11.92293,57.52193],[11.93813,57.52734],[11.9352,57.5324],[11.91852,57.52626],[11.91222,57.53089],[11.91751,57.53153],[11.91471,57.53518],[11.91742,57.53627],[11.91616,57.54744],[11.92728,57.54642],[11.92447,57.55302],[11.91888,57.55455],[11.92014,57.55837],[11.92641,57.55937],[11.92272,57.56197],[11.92518,57.56773],[11.93231,57.56756],[11.93844,57.57562],[11.93173,57.57808],[11.93262,57.58318],[11.92667,57.58332],[11.92789,57.58662],[11.92152,57.59343],[11.91666,57.58637],[11.90506,57.59048],[11.90337,57.58719],[11.89815,57.58756],[11.90293,57.5936],[11.91589,57.59458],[11.90768,57.59938],[11.9101,57.6018],[11.92377,57.59773],[11.92085,57.61189],[11.92212,57.61877],[11.92967,57.62065],[11.92712,57.62455],[11.91892,57.62653],[11.90485,57.62365],[11.90512,57.61507],[11.89513,57.61555],[11.89724,57.6091],[11.87814,57.61197],[11.88038,57.61614],[11.87479,57.61781],[11.87587,57.62547],[11.8812,57.62945],[11.87323,57.63142],[11.8739,57.63678],[11.8684,57.63973],[11.85232,57.63574],[11.84686,57.63919],[11.85996,57.64171],[11.85849,57.64738],[11.84526,57.64921],[11.85075,57.65831],[11.85878,57.66312],[11.85674,57.66765],[11.8495,57.66064],[11.84071,57.65828],[11.84143,57.66134],[11.84702,57.66156],[11.84512,57.66574],[11.84968,57.66602],[11.84778,57.66914],[11.851,57.6706],[11.85178,57.6775],[11.89306,57.68553],[11.90196,57.68916],[11.9003,57.69228],[11.88669,57.68964],[11.8845,57.69212],[11.86781,57.69276],[11.86459,57.68835],[11.84546,57.6884],[11.8282,57.69083],[11.82724,57.69393],[11.81089,57.69276],[11.80599,57.69748],[11.80261,57.69089],[11.79833,57.69111],[11.78954,57.69502],[11.78888,57.69888],[11.77992,57.69434],[11.77569,57.69533],[11.77901,57.69807],[11.77068,57.69864],[11.76725,57.69756],[11.76655,57.68836],[11.76037,57.68887],[11.7548,57.69105],[11.75504,57.69424],[11.74232,57.69682],[11.73551,57.70171],[11.7233,57.69839],[11.71479,57.69972],[11.70691,57.7095],[11.71531,57.71303],[11.70606,57.71733],[11.70515,57.72119],[11.72361,57.72796],[11.72049,57.73418],[11.72648,57.7343],[11.72468,57.73895],[11.73826,57.74442],[11.75429,57.7474],[11.77916,57.74686],[11.77891,57.74981],[11.80196,57.75366],[11.80238,57.75595],[11.79618,57.75635],[11.80836,57.76197],[11.80589,57.7642],[11.77903,57.7639],[11.78116,57.76667],[11.79744,57.77258],[11.79963,57.77612],[11.8135,57.77569],[11.81683,57.7815],[11.81094,57.78291],[11.81479,57.78616],[11.84915,57.79615],[11.90114,57.83134],[11.90631,57.8448],[11.922,57.84277],[11.95258,57.84667],[11.97343,57.86459],[11.99592,57.85949],[12.011,57.86031],[12.01296,57.85772],[12.03613,57.88475],[12.04644,57.90341],[12.07501,57.93942],[12.08154,57.94538],[12.12424,57.96331],[12.12938,57.9683],[12.12756,58.00002],[12.14766,58.02326],[12.14986,58.03817],[12.14263,58.06209],[12.14263,58.08641],[12.14996,58.09452],[12.15117,58.10044],[12.14316,58.10692],[12.12895,58.10916],[12.12267,58.12387],[12.11792,58.12581],[12.11737,58.12965],[12.122,58.13231],[12.12038,58.13432],[12.13275,58.14613],[12.12441,58.16848],[12.12468,58.19512],[12.13132,58.20001],[12.15285,58.20369],[12.157,58.21557],[12.18154,58.22738],[12.20641,58.24457],[12.21859,58.24875],[12.20673,58.24663],[12.17952,58.22836],[12.15566,58.21707],[12.14985,58.2049],[12.12316,58.19893],[12.12385,58.18153],[12.12018,58.17275],[12.12983,58.14632],[12.11531,58.13113],[12.11522,58.12626],[12.11984,58.12304],[12.12534,58.10883],[12.14791,58.1019],[12.14904,58.09706],[12.1429,58.09206],[12.14045,58.08329],[12.14058,58.05743],[12.14438,58.05239],[12.14698,58.03785],[12.14394,58.02472],[12.12595,58.0004],[12.12393,57.97919],[12.07383,57.9429],[12.04724,57.90874],[12.03787,57.90096],[12.03394,57.88892],[12.0178,57.86973],[12.00363,57.86103],[11.99695,57.86036],[11.98922,57.86567],[11.97046,57.86547],[11.95913,57.86215],[11.94465,57.84955],[11.93226,57.84497],[11.90347,57.84537],[11.89957,57.83266],[11.84496,57.79778],[11.82352,57.79352],[11.7701,57.79739],[11.76913,57.79101],[11.76412,57.7883],[11.75572,57.7913],[11.73695,57.78415],[11.72794,57.7855],[11.73157,57.789],[11.72957,57.7943],[11.74616,57.79804],[11.74194,57.79928],[11.74528,57.80536],[11.73756,57.80488],[11.73554,57.81299],[11.7256,57.81795],[11.73141,57.81872],[11.72703,57.82419],[11.71878,57.82309],[11.71815,57.82746],[11.69674,57.82996],[11.69304,57.83183],[11.69393,57.83732],[11.68298,57.83871],[11.68873,57.84499],[11.70974,57.84966],[11.7106,57.85477],[11.69763,57.85479],[11.69028,57.84956],[11.68083,57.84848],[11.67836,57.85404],[11.69329,57.86102],[11.69923,57.86653],[11.69714,57.87068],[11.70534,57.87421],[11.71931,57.88736],[11.70519,57.89151],[11.71461,57.90155],[11.73955,57.90063],[11.7653,57.90391],[11.77901,57.9008],[11.78206,57.90291],[11.76328,57.90895],[11.75435,57.91478],[11.75466,57.91887],[11.78677,57.92022],[11.78905,57.92478],[11.78548,57.92844],[11.76652,57.93219],[11.76456,57.93812],[11.75772,57.93673],[11.75542,57.93192],[11.74941,57.93205],[11.75567,57.93831],[11.75316,57.94324],[11.78571,57.94995],[11.78446,57.95254],[11.75645,57.95162],[11.75368,57.96269],[11.75763,57.96696],[11.7743,57.97069],[11.78412,57.97919],[11.79762,57.97915],[11.7979,57.98273],[11.79206,57.98823],[11.81194,57.98959],[11.81406,57.9921],[11.81131,58.0001],[11.80668,58.00251],[11.80766,58.00582],[11.80266,58.00977],[11.80435,58.01281],[11.80037,58.01443],[11.80332,58.01821],[11.81621,58.02253],[11.81476,58.02551],[11.81965,58.02937],[11.81581,58.03279],[11.82051,58.04037],[11.81306,58.04693],[11.81646,58.05019],[11.81304,58.05282],[11.82074,58.05547],[11.81185,58.06233],[11.8168,58.0699],[11.81596,58.0776],[11.8024,58.08354],[11.80258,58.08584],[11.81984,58.08699],[11.82014,58.09083],[11.83235,58.09235],[11.83003,58.10265],[11.82037,58.10286],[11.82158,58.10591],[11.81212,58.10253],[11.80357,58.10451],[11.83105,58.10941],[11.83581,58.11763],[11.8425,58.11953],[11.8386,58.12833],[11.84434,58.1305],[11.84385,58.13641],[11.83932,58.14035],[11.84377,58.1446],[11.85035,58.1451],[11.85866,58.15208],[11.8575,58.15569],[11.86586,58.16024],[11.8617,58.17186],[11.85737,58.17529],[11.85702,58.19502],[11.86909,58.19731],[11.86833,58.20296],[11.87157,58.20404],[11.88579,58.19988],[11.89609,58.20131],[11.89471,58.20518],[11.89803,58.21023],[11.91058,58.22121],[11.91601,58.22237],[11.91504,58.22828],[11.91,58.22891],[11.89017,58.22091],[11.87283,58.22258],[11.87113,58.23158],[11.87385,58.23818],[11.86573,58.2399],[11.86211,58.2492],[11.85581,58.25242],[11.85707,58.25597],[11.83938,58.2597],[11.83797,58.26332],[11.84653,58.27004],[11.84332,58.27549],[11.83561,58.2763],[11.82725,58.28123],[11.82612,58.28535],[11.81827,58.2845],[11.81376,58.28895],[11.81455,58.29585],[11.82518,58.30099],[11.81436,58.30866],[11.81292,58.31509],[11.84296,58.31942],[11.84624,58.32396],[11.84253,58.32622],[11.83765,58.32607],[11.83673,58.32882],[11.82404,58.32637],[11.81932,58.32827],[11.81485,58.32709],[11.81349,58.32225],[11.80462,58.32091],[11.80371,58.32477],[11.79324,58.32474],[11.76215,58.3381],[11.74217,58.33789],[11.73706,58.34107],[11.72653,58.3372],[11.71196,58.33763],[11.69765,58.34165],[11.69553,58.33939],[11.7075,58.3303],[11.73018,58.32764],[11.72854,58.31897],[11.72309,58.31781],[11.7253,58.31481],[11.74024,58.31616],[11.72905,58.30667],[11.72229,58.31373],[11.7121,58.31407],[11.69953,58.3057],[11.70734,58.30277],[11.70925,58.29595],[11.72962,58.30153],[11.7516,58.29952],[11.76009,58.29294],[11.76778,58.27612],[11.76141,58.25987],[11.77911,58.26256],[11.77753,58.26721],[11.78386,58.26732],[11.78334,58.2576],[11.80879,58.25692],[11.84164,58.23327],[11.83983,58.22281],[11.84316,58.22196],[11.84211,58.21482],[11.82477,58.21341],[11.84481,58.20912],[11.83982,58.20437],[11.84607,58.20064],[11.8397,58.1908],[11.8422,58.18869],[11.84173,58.17974],[11.8495,58.16778],[11.84587,58.16479],[11.84812,58.15654],[11.84169,58.15797],[11.82876,58.14161],[11.83321,58.13972],[11.82378,58.12763],[11.82748,58.12243],[11.82219,58.11973],[11.81876,58.12544],[11.80328,58.12552],[11.79807,58.13319],[11.77661,58.13123],[11.7739,58.12745],[11.76504,58.12559],[11.76212,58.11285],[11.73689,58.11518],[11.72583,58.10031],[11.72679,58.09696],[11.71421,58.08737],[11.69975,58.09689],[11.70572,58.10304],[11.70041,58.10316],[11.6925,58.1105],[11.69744,58.11193],[11.68521,58.11334],[11.67881,58.11181],[11.67595,58.10598],[11.66973,58.10688],[11.66797,58.10922],[11.67778,58.11746],[11.67406,58.11946],[11.66069,58.11552],[11.65836,58.11019],[11.65148,58.10879],[11.63763,58.09807],[11.63276,58.10099],[11.63749,58.10934],[11.64334,58.10986],[11.63681,58.1132],[11.63755,58.11664],[11.65439,58.12192],[11.6508,58.12571],[11.6382,58.12546],[11.62835,58.12976],[11.62668,58.13338],[11.60901,58.13016],[11.60736,58.12738],[11.59583,58.12864],[11.59089,58.12387],[11.59751,58.12514],[11.60104,58.12366],[11.60029,58.12009],[11.5911,58.11682],[11.58128,58.11485],[11.58998,58.12133],[11.5817,58.12073],[11.57154,58.11069],[11.55693,58.08576],[11.54583,58.08598],[11.5361,58.09194],[11.52835,58.09183],[11.51829,58.09997],[11.48406,58.1155],[11.49909,58.10214],[11.49744,58.09577],[11.48673,58.08446],[11.49091,58.07849],[11.49021,58.07184],[11.4746,58.06984],[11.47017,58.07569],[11.47638,58.08159],[11.4696,58.08133],[11.46122,58.08956],[11.48699,58.09508],[11.46834,58.10172],[11.47227,58.106],[11.46518,58.10844],[11.4682,58.11709],[11.45112,58.11511],[11.44027,58.12275],[11.42403,58.12229],[11.41837,58.13161],[11.42208,58.13641],[11.41614,58.13806],[11.41417,58.134],[11.40932,58.13383],[11.40685,58.14387],[11.41082,58.14892],[11.40495,58.148],[11.40053,58.15423],[11.40118,58.16395],[11.4072,58.16332],[11.40958,58.15201],[11.41642,58.15291],[11.42197,58.15613],[11.41827,58.15876],[11.41426,58.15679],[11.41012,58.15994],[11.4115,58.16606],[11.40745,58.16716],[11.41913,58.17846],[11.43715,58.17966],[11.45023,58.17608],[11.4538,58.17166],[11.45875,58.1731],[11.46196,58.18456],[11.46947,58.18441],[11.47123,58.18886],[11.49674,58.19643],[11.49329,58.19906],[11.49739,58.20231],[11.51854,58.20292],[11.53203,58.19817],[11.53898,58.20046],[11.5456,58.2116],[11.58699,58.23356],[11.59933,58.23638],[11.60159,58.24069],[11.61195,58.24291],[11.61868,58.24854],[11.63959,58.24887],[11.63295,58.2444],[11.63629,58.24369],[11.65352,58.24679],[11.65962,58.24385],[11.66367,58.24607],[11.66969,58.2421],[11.67993,58.24266],[11.68191,58.24966],[11.6771,58.25987],[11.68124,58.26645],[11.6898,58.27036],[11.68127,58.27323],[11.67849,58.28148],[11.68604,58.28171],[11.68576,58.28761],[11.69872,58.29182],[11.6872,58.30025],[11.69359,58.30114],[11.69876,58.30564],[11.69704,58.30811],[11.67976,58.31117],[11.67269,58.30773],[11.67094,58.30072],[11.66775,58.30028],[11.6676,58.28543],[11.65826,58.28408],[11.64805,58.27764],[11.64874,58.27378],[11.67029,58.27589],[11.66881,58.26927],[11.67127,58.2664],[11.66876,58.2621],[11.66284,58.26094],[11.6591,58.26281],[11.65977,58.26536],[11.64211,58.26969],[11.63908,58.26809],[11.63901,58.26067],[11.61356,58.26477],[11.59512,58.25849],[11.56771,58.26238],[11.55976,58.25997],[11.55903,58.26332],[11.55326,58.2642],[11.54551,58.27127],[11.54479,58.26808],[11.55593,58.26082],[11.55443,58.25342],[11.56144,58.25635],[11.57236,58.25281],[11.57365,58.24715],[11.55942,58.23514],[11.54554,58.24131],[11.53551,58.24023],[11.53142,58.24415],[11.51051,58.24421],[11.49914,58.24786],[11.50919,58.25944],[11.50936,58.27224],[11.50135,58.27573],[11.51805,58.28167],[11.5248,58.28077],[11.52953,58.2858],[11.52578,58.29112],[11.53123,58.29947],[11.5365,58.30167],[11.53754,58.30933],[11.55038,58.31202],[11.56717,58.32884],[11.57505,58.33009],[11.57398,58.33549],[11.58066,58.33689],[11.58197,58.34148],[11.58908,58.34543],[11.59645,58.35962],[11.61725,58.37072],[11.61681,58.37457],[11.62095,58.37782],[11.63172,58.38169],[11.63084,58.38632],[11.64169,58.38136],[11.64919,58.38389],[11.65829,58.38166],[11.6586,58.38908],[11.65561,58.39144],[11.62988,58.393],[11.63095,58.40092],[11.64103,58.40519],[11.65209,58.41597],[11.66391,58.41739],[11.67587,58.42713],[11.69838,58.42781],[11.70219,58.42965],[11.70303,58.43425],[11.67478,58.43842],[11.65529,58.42602],[11.64643,58.42518],[11.64354,58.4191],[11.62344,58.40158],[11.61891,58.40296],[11.61773,58.40682],[11.60619,58.40911],[11.60076,58.41485],[11.60586,58.42448],[11.59463,58.42445],[11.59469,58.43188],[11.58925,58.43429],[11.58888,58.44249],[11.58438,58.44771],[11.58845,58.44993],[11.58415,58.45795],[11.58449,58.46921],[11.57908,58.47214],[11.5794,58.47649],[11.57349,58.47769],[11.57109,58.47307],[11.57843,58.45986],[11.5762,58.44941],[11.58151,58.43521],[11.58393,58.41494],[11.56791,58.39938],[11.56891,58.39296],[11.56473,58.38587],[11.55841,58.38267],[11.56419,58.37845],[11.56613,58.36817],[11.57425,58.36596],[11.57353,58.36265],[11.5651,58.36077],[11.57209,58.35627],[11.55099,58.34069],[11.5447,58.34133],[11.54094,58.33308],[11.54259,58.32895],[11.53587,58.32678],[11.53179,58.31738],[11.52084,58.31401],[11.52223,58.30963],[11.51828,58.30536],[11.50407,58.30052],[11.4908,58.30205],[11.49129,58.28822],[11.46816,58.2774],[11.45645,58.27673],[11.459,58.27143],[11.45316,58.27128],[11.45153,58.27593],[11.43926,58.27411],[11.42908,58.26752],[11.41842,58.26785],[11.41576,58.27174],[11.41754,58.27644],[11.42502,58.27566],[11.42605,58.28],[11.43422,58.28573],[11.428,58.28713],[11.42769,58.2897],[11.43931,58.29255],[11.44149,58.29942],[11.47094,58.31371],[11.47188,58.31676],[11.46266,58.31707],[11.45073,58.30654],[11.44247,58.30657],[11.43635,58.30259],[11.42231,58.3035],[11.41161,58.31074],[11.40144,58.31145],[11.40528,58.31419],[11.40039,58.31748],[11.39944,58.32493],[11.40187,58.32488],[11.40161,58.33551],[11.40653,58.33619],[11.40728,58.34719],[11.42783,58.35563],[11.43977,58.35221],[11.44136,58.34705],[11.45515,58.34218],[11.46314,58.34151],[11.46897,58.34486],[11.44744,58.35744],[11.44771,58.36127],[11.45144,58.36248],[11.44992,58.36866],[11.44286,58.37571],[11.44359,58.37928],[11.45175,58.3845],[11.45627,58.39338],[11.43759,58.39117],[11.43488,58.38021],[11.42319,58.37326],[11.41981,58.36308],[11.41494,58.35959],[11.40917,58.36072],[11.40872,58.35407],[11.39642,58.34509],[11.37052,58.34378],[11.36933,58.3406],[11.37518,58.34062],[11.37475,58.33422],[11.36926,58.33957],[11.36297,58.34008],[11.36982,58.3443],[11.35921,58.34578],[11.35829,58.35028],[11.36122,58.35035],[11.36402,58.35952],[11.37057,58.35914],[11.37195,58.36513],[11.37771,58.36387],[11.39656,58.36864],[11.38569,58.37013],[11.39394,58.38764],[11.39789,58.38834],[11.40382,58.39668],[11.4087,58.39671],[11.41705,58.41179],[11.432,58.42329],[11.43439,58.43323],[11.43988,58.43492],[11.45075,58.44726],[11.4641,58.45315],[11.46131,58.45858],[11.45472,58.4587],[11.44608,58.45042],[11.43929,58.44056],[11.434,58.4381],[11.42517,58.42342],[11.40866,58.41758],[11.41171,58.41215],[11.40491,58.40549],[11.39955,58.40559],[11.37521,58.38466],[11.37032,58.37707],[11.35705,58.37552],[11.35725,58.37117],[11.36325,58.36619],[11.36202,58.36237],[11.33582,58.36413],[11.32821,58.36683],[11.3292,58.37091],[11.31607,58.36756],[11.3179,58.37316],[11.32262,58.37462],[11.31288,58.37838],[11.30392,58.37559],[11.28976,58.3601],[11.27194,58.35581],[11.27221,58.35235],[11.26294,58.35225],[11.23982,58.35637],[11.24747,58.36162],[11.24323,58.36784],[11.248,58.3739],[11.24166,58.37375],[11.24041,58.36942],[11.2357,58.36822],[11.2425,58.36401],[11.23538,58.35543],[11.22899,58.35451],[11.2273,58.35096],[11.21267,58.3507],[11.21512,58.3586],[11.21069,58.3579],[11.20707,58.36232],[11.22409,58.36177],[11.21967,58.36517],[11.22016,58.36901],[11.22806,58.3745],[11.23856,58.37483],[11.24369,58.37884],[11.25524,58.37659],[11.26178,58.3798],[11.25955,58.38291],[11.25323,58.38328],[11.25513,58.38632],[11.24273,58.38679],[11.24248,58.39051],[11.23372,58.39079],[11.2217,58.38588],[11.22675,58.39245],[11.22261,58.39636],[11.22896,58.40048],[11.24119,58.4009],[11.24101,58.40577],[11.21973,58.4087],[11.22485,58.42039],[11.24042,58.42729],[11.24057,58.43344],[11.23208,58.43819],[11.2592,58.44604],[11.26878,58.43934],[11.27166,58.4311],[11.27816,58.42957],[11.27729,58.43509],[11.28156,58.43681],[11.28612,58.43186],[11.28442,58.42831],[11.29007,58.42501],[11.2954,58.43195],[11.28671,58.43352],[11.29017,58.43794],[11.2867,58.44081],[11.29364,58.44248],[11.29385,58.44939],[11.30139,58.45643],[11.29237,58.453],[11.29037,58.4597],[11.2862,58.45567],[11.27948,58.45759],[11.28415,58.46173],[11.28003,58.46603],[11.28806,58.46563],[11.28921,58.46074],[11.30244,58.46127],[11.30692,58.46631],[11.32472,58.46202],[11.31123,58.47238],[11.31484,58.47513],[11.36075,58.48915],[11.33724,58.48856],[11.30829,58.47961],[11.30929,58.48753],[11.30533,58.49041],[11.31179,58.49567],[11.30399,58.4962],[11.30474,58.49273],[11.29735,58.49184],[11.30278,58.48508],[11.28959,58.48532],[11.28895,58.49045],[11.28316,58.49542],[11.2845,58.50474],[11.27737,58.50807],[11.27681,58.51448],[11.25662,58.52021],[11.25891,58.52529],[11.27564,58.53038],[11.27855,58.54134],[11.27285,58.544],[11.2736,58.53297],[11.27102,58.53097],[11.2528,58.52924],[11.24621,58.53346],[11.24594,58.54063],[11.23989,58.54176],[11.24131,58.54481],[11.23446,58.54877],[11.24132,58.55274],[11.24186,58.55734],[11.25198,58.56229],[11.27974,58.57102],[11.27897,58.56668],[11.29202,58.5676],[11.30039,58.57193],[11.29785,58.57428],[11.31369,58.5804],[11.30367,58.58083],[11.29762,58.58581],[11.29125,58.58579],[11.29293,58.58154],[11.27557,58.58594],[11.27819,58.5923],[11.27473,58.59569],[11.28151,58.59813],[11.28013,58.60711],[11.28321,58.60911],[11.27917,58.61123],[11.27848,58.61943],[11.27037,58.61932],[11.26457,58.61302],[11.26084,58.61616],[11.26258,58.62407],[11.26966,58.62727],[11.27695,58.62612],[11.26803,58.62858],[11.27442,58.63999],[11.28504,58.64851],[11.27158,58.64542],[11.27234,58.65334],[11.26414,58.65195],[11.26423,58.66091],[11.26134,58.66173],[11.26584,58.66677],[11.25725,58.67844],[11.25929,58.68327],[11.2523,58.68544],[11.24614,58.67761],[11.22219,58.6875],[11.21879,58.69217],[11.21761,58.70832],[11.22788,58.71003],[11.23148,58.71372],[11.20934,58.70987],[11.20156,58.7191],[11.19784,58.71865],[11.19845,58.71275],[11.18774,58.71063],[11.18066,58.71945],[11.16976,58.7222],[11.17479,58.728],[11.1702,58.72936],[11.18017,58.73918],[11.17483,58.74439],[11.17706,58.74845],[11.18369,58.74821],[11.18289,58.75116],[11.17682,58.75255],[11.17916,58.7584],[11.18624,58.75341],[11.1958,58.75658],[11.2046,58.74653],[11.20906,58.74816],[11.20766,58.7533],[11.21593,58.75162],[11.22466,58.74558],[11.22252,58.73909],[11.22927,58.7368],[11.2383,58.73933],[11.24557,58.72986],[11.24096,58.72712],[11.24334,58.72196],[11.24904,58.72263],[11.2491,58.71597],[11.25774,58.71633],[11.25937,58.72245],[11.24559,58.7378],[11.2456,58.74189],[11.23363,58.74338],[11.21837,58.7512],[11.21344,58.755],[11.21508,58.75753],[11.20702,58.75869],[11.20677,58.76254],[11.19851,58.76447],[11.20058,58.76981],[11.18231,58.78113],[11.19851,58.78777],[11.2054,58.78752],[11.21388,58.78136],[11.21625,58.77594],[11.21343,58.77036],[11.22546,58.76964],[11.23388,58.76642],[11.23249,58.76401],[11.24528,58.76353],[11.2327,58.76994],[11.21527,58.77212],[11.22182,58.78212],[11.21641,58.78234],[11.21843,58.78692],[11.2154,58.79362],[11.21936,58.79765],[11.21413,58.80466],[11.22361,58.80629],[11.22314,58.81039],[11.20073,58.81513],[11.20422,58.8079],[11.19875,58.80722],[11.20023,58.80336],[11.19205,58.80273],[11.19119,58.79685],[11.18344,58.79519],[11.1815,58.7919],[11.16815,58.7952],[11.16413,58.80073],[11.17052,58.80949],[11.18423,58.81566],[11.18347,58.81926],[11.20358,58.81593],[11.19778,58.82312],[11.21369,58.82476],[11.21683,58.83149],[11.22239,58.83345],[11.23436,58.81993],[11.22575,58.81265],[11.23298,58.80996],[11.22437,58.80653],[11.24422,58.80439],[11.24274,58.80826],[11.24828,58.80996],[11.24438,58.81463],[11.23377,58.81456],[11.23505,58.81915],[11.23829,58.8196],[11.23071,58.82892],[11.23794,58.83331],[11.23765,58.83651],[11.22719,58.839],[11.233,58.84095],[11.22837,58.84589],[11.21525,58.84535],[11.21791,58.84069],[11.21212,58.83887],[11.20028,58.8392],[11.19809,58.83578],[11.20907,58.83368],[11.20218,58.83021],[11.19051,58.82913],[11.18794,58.83148],[11.17836,58.82831],[11.17201,58.82944],[11.17386,58.8353],[11.15766,58.83685],[11.15243,58.83617],[11.15787,58.8284],[11.14588,58.82604],[11.1475,58.82831],[11.13512,58.83569],[11.14975,58.83673],[11.15143,58.84387],[11.14237,58.84914],[11.14569,58.85088],[11.1688,58.85702],[11.17689,58.85215],[11.19627,58.86167],[11.20788,58.85764],[11.20654,58.85215],[11.21546,58.84867],[11.22122,58.85754],[11.20171,58.86171],[11.19905,58.86649],[11.206,58.86689],[11.1968,58.86999],[11.19121,58.8793],[11.19,58.88367],[11.19895,58.88826],[11.19752,58.89302],[11.20051,58.89719],[11.19562,58.89817],[11.19113,58.90926],[11.19337,58.9122],[11.16557,58.90815],[11.15437,58.91116],[11.14815,58.90665],[11.15551,58.90563],[11.17405,58.90916],[11.19127,58.90759],[11.19411,58.89769],[11.18534,58.89988],[11.17968,58.89639],[11.15579,58.89423],[11.14361,58.89725],[11.1454,58.90209],[11.13045,58.90041],[11.12269,58.90297],[11.1178,58.90792],[11.12225,58.91194],[11.11215,58.91672],[11.1109,58.92058],[11.12805,58.9258],[11.15523,58.9169],[11.16992,58.92229],[11.1963,58.9166],[11.20003,58.91308],[11.20556,58.91439],[11.20608,58.91873],[11.19666,58.92235],[11.18956,58.91965],[11.17478,58.9208],[11.17605,58.92526],[11.16913,58.9255],[11.1678,58.9437],[11.16006,58.94281],[11.16259,58.93969],[11.14671,58.93919],[11.14607,58.94483],[11.13052,58.9497],[11.1299,58.95586],[11.12484,58.95415],[11.1176,58.96527],[11.12276,58.97261],[11.13315,58.97628],[11.14095,58.97411],[11.13857,58.97978],[11.1443,58.98813],[11.18373,58.99195],[11.19421,59.00074],[11.23001,59.00563],[11.22735,59.01054],[11.23103,59.01765],[11.21188,59.00543],[11.18971,59.00018],[11.14018,58.99371],[11.13798,58.99822],[11.10913,58.99306],[11.12006,59.00133],[11.11882,59.00545],[11.12684,59.01479],[11.12709,59.02273],[11.13646,59.03384],[11.1703,59.05453],[11.16982,59.05863],[11.18397,59.07401],[11.218,59.08508],[11.22073,59.08107],[11.24939,59.09338],[11.29756,59.09944],[11.32218,59.11027],[11.34024,59.11225],[11.35412,59.09689],[11.37255,59.0899],[11.37059,59.07944],[11.37446,59.07425],[11.37329,59.06812],[11.38801,59.06888],[11.39381,59.06288],[11.39451,59.0516],[11.40437,59.04681],[11.40883,59.03956],[11.40717,59.03011],[11.41571,59.03136],[11.42632,59.02694],[11.44612,59.00506],[11.45226,58.99368],[11.44762,58.9912],[11.46151,58.98911],[11.45387,58.98547],[11.46232,58.97306],[11.45968,58.95249],[11.46366,58.93326],[11.45626,58.91663],[11.45794,58.88863],[11.48292,58.89146],[11.50011,58.88938],[11.51689,58.87983],[11.53631,58.87738],[11.539,58.88028],[11.53462,58.88469],[11.54258,58.88834],[11.55131,58.89825],[11.55584,58.89886],[11.5733,58.88847],[11.5779,58.89751],[11.59063,58.89072],[11.63199,58.90839],[11.652,58.90623],[11.65683,58.92621],[11.66115,58.92804],[11.65838,58.93201],[11.67542,58.93493],[11.67344,58.94206],[11.68829,58.95581],[11.68467,58.97469],[11.6934,58.97847],[11.69205,58.98509],[11.68487,58.98794],[11.69176,58.99294],[11.69242,58.99811],[11.69797,59.00007],[11.71051,59.03368],[11.72869,59.04443],[11.74965,59.06809],[11.77556,59.08677],[11.77703,59.09788],[11.78109,59.0991],[11.76367,59.11462],[11.76936,59.12672],[11.77802,59.13604],[11.77469,59.17067],[11.78369,59.19485],[11.78306,59.20687],[11.79865,59.22379],[11.82612,59.23781],[11.82969,59.24279],[11.81624,59.34474],[11.78983,59.37107],[11.79159,59.37441],[11.77987,59.38646],[11.77411,59.41429],[11.76095,59.4286],[11.75993,59.45818],[11.75321,59.47937],[11.74689,59.49125],[11.72864,59.51118],[11.69113,59.58955],[11.69796,59.60878],[11.72056,59.62549],[11.77889,59.64299],[11.85571,59.6483],[11.8703,59.66254],[11.87804,59.68284],[11.88922,59.69321],[11.93988,59.69458],[11.94588,59.70013],[11.93711,59.70068],[11.93737,59.70868],[11.93359,59.71049],[11.93624,59.71313],[11.93755,59.72858],[11.9335,59.73102],[11.9329,59.73978],[11.92312,59.74976],[11.93333,59.75891],[11.92604,59.794],[11.90965,59.80205],[11.90368,59.81192],[11.88831,59.82243],[11.87528,59.82882],[11.85335,59.83024],[11.83974,59.84078],[11.88486,59.85609],[11.88843,59.85916],[11.88132,59.86778],[11.88695,59.87226],[11.92063,59.87405],[11.92165,59.88134],[11.9282,59.88529],[11.98519,59.90073],[12.05346,59.88596],[12.1261,59.89395],[12.15531,59.88676],[12.17428,59.88982],[12.23104,59.92759],[12.34113,59.96568],[12.39566,60.0156],[12.44856,60.03918],[12.50064,60.09908],[12.54191,60.19338],[12.52502,60.22363],[12.50442,60.28121],[12.49879,60.32365],[12.54529,60.34735],[12.60605,60.40593],[12.60688,60.51274],[12.58187,60.55091],[12.51579,60.60016],[12.51103,60.64246],[12.46106,60.68522],[12.39537,60.73389],[12.34945,60.8179],[12.33449,60.85236],[12.33279,60.89017],[12.22399,61.01308],[12.24246,61.01996],[12.44762,61.05073],[12.61034,61.04654],[12.65764,61.0527],[12.6814,61.05954],[12.70703,61.14327],[12.79036,61.19705],[12.83384,61.25846],[12.87085,61.3565],[12.56933,61.56875],[12.4466,61.56712],[12.41961,61.56298],[12.34122,61.61467],[12.27563,61.64025],[12.13767,61.72382],[12.29937,62.2675],[12.05614,62.61192],[12.13638,62.74792],[12.07469,62.90255],[12.21823,63.00033],[11.97458,63.26923],[12.08409,63.35558],[12.21288,63.47859],[12.14977,63.59394],[12.22725,63.63088],[12.29946,63.67198],[12.33057,63.71507],[12.48023,63.81876],[12.68357,63.97422],[12.92672,64.05795],[13.21111,64.09537],[13.7154,64.04629],[13.96753,64.00797],[14.15711,64.19506],[14.11391,64.46247],[14.08523,64.47825],[13.89118,64.50713],[13.65426,64.58034],[13.70547,64.63996],[13.97757,64.85966],[14.12989,64.97856],[14.32599,65.11892],[14.3788,65.24762],[14.50683,65.30973],[14.50202,65.37394],[14.49877,65.5213],[14.54147,65.70075],[14.62548,65.81181],[14.5844,65.90134],[14.57312,65.95786],[14.51629,66.13258],[15.03568,66.15356],[15.48473,66.28246],[15.4304,66.39222],[15.37723,66.48431],[15.45106,66.52397],[15.62137,66.59434],[15.99364,66.87323],[16.03876,66.91245],[16.19402,66.98259],[16.38776,67.04546],[16.4041,67.20497],[16.32998,67.26205],[16.08983,67.43528],[16.158,67.51916],[16.40757,67.53403],[16.49488,67.59446],[16.55629,67.64719],[16.73812,67.91421],[16.92985,67.97732],[17.18051,68.05046],[17.28152,68.11881],[17.66475,68.03838],[17.89989,67.96949],[18.15135,68.19879],[18.11462,68.34053],[18.10109,68.40604],[18.12592,68.53651],[18.40569,68.58188],[18.48553,68.55649],[18.62123,68.50696],[18.9838,68.51696],[19.9214,68.35601],[19.97796,68.38816],[20.22654,68.49081],[20.02589,68.53081],[19.93751,68.55794],[20.05225,68.59107],[20.20284,68.66592],[20.33587,68.80231],[20.30659,68.92618],[20.23787,68.95608],[20.06005,69.04576],[20.54865,69.05997],[20.57781,69.05265],[20.5907,69.05349],[20.62923,69.04562],[20.70291,69.04446],[20.73453,69.03718],[20.7738,69.0329],[20.81395,69.01668],[20.81949,69.00691],[20.83478,68.99615],[20.86672,68.98713],[20.87927,68.9868],[20.91141,68.96907],[20.91367,68.96018],[20.89499,68.9473],[20.89202,68.94154],[20.86741,68.94364],[20.844,68.9369],[20.85278,68.92323],[20.88123,68.91798],[20.90322,68.90052],[20.87825,68.89568],[20.87883,68.89319],[20.90265,68.89115],[20.91532,68.8971],[20.93255,68.89861],[20.95528,68.89714],[20.95772,68.89282],[20.96504,68.89111],[20.98719,68.89224],[20.99125,68.89745],[21.0004,68.89563],[21.02866,68.88592],[21.02629,68.88271],[21.04471,68.88198],[21.07141,68.87309],[21.07805,68.86492],[21.12825,68.85375],[21.13014,68.84916],[21.14184,68.84634],[21.14496,68.83999],[21.17124,68.83371],[21.18932,68.82381],[21.23722,68.81253],[21.25385,68.80211],[21.25351,68.7971],[21.26213,68.79231],[21.25963,68.79099],[21.26191,68.78695],[21.27032,68.77971],[21.2995,68.7622],[21.32483,68.75918],[21.36699,68.7672],[21.39102,68.76458],[21.39006,68.76181],[21.4014,68.75782],[21.41238,68.74798],[21.40685,68.743],[21.40592,68.73523],[21.41342,68.73179],[21.41457,68.72866],[21.40981,68.72545],[21.42178,68.71597],[21.41283,68.71148],[21.42053,68.70607],[21.4224,68.70105],[21.4181,68.69825],[21.4291,68.69193],[21.45709,68.68678],[21.46654,68.68169],[21.50119,68.67654],[21.55458,68.6777],[21.57182,68.67046],[21.62402,68.66223],[21.62307,68.65885],[21.62714,68.65494],[21.65262,68.65047],[21.65303,68.64739],[21.66343,68.64082],[21.70175,68.6301],[21.71024,68.62453],[21.71206,68.61739],[21.69949,68.6145],[21.7,68.59782],[21.72163,68.59074],[21.7705,68.58573],[21.84348,68.59108],[21.86395,68.58794],[21.86145,68.58535],[21.86503,68.58376],[21.88803,68.5847],[21.94617,68.55635],[21.96852,68.55104],[21.96952,68.547],[21.99244,68.53379],[22.00332,68.53429],[22.00761,68.5309],[21.997,68.52296],[21.99734,68.52035],[22.00898,68.50999],[22.01104,68.49992],[22.03958,68.48102],[22.05679,68.47899],[22.07517,68.48233],[22.09711,68.48132],[22.10057,68.47861],[22.1156,68.48214],[22.12304,68.48011],[22.12636,68.47239],[22.15232,68.4701],[22.19263,68.48021],[22.20424,68.48002],[22.22363,68.47308],[22.2507,68.48225],[22.2821,68.47851],[22.30115,68.48366],[22.34794,68.48212],[22.35107,68.48055],[22.34743,68.47335],[22.34091,68.46976],[22.34894,68.46353],[22.34404,68.46097],[22.34273,68.45479],[22.34541,68.45219],[22.34072,68.4458],[22.34378,68.44457],[22.35505,68.44502],[22.40254,68.46603],[22.41377,68.46661],[22.42142,68.46327],[22.43646,68.46432],[22.43752,68.45958],[22.46806,68.44137],[22.5056,68.44227],[22.53918,68.43417],[22.55094,68.43482],[22.55846,68.43288],[22.57142,68.42245],[22.61768,68.4277],[22.61892,68.43186],[22.62505,68.43456],[22.63892,68.43438],[22.64355,68.43184],[22.63939,68.42148],[22.645,68.41723],[22.67536,68.41232],[22.69061,68.40647],[22.69184,68.40464],[22.68533,68.40156],[22.68756,68.39959],[22.72656,68.39378],[22.73094,68.3861],[22.75902,68.38452],[22.80014,68.39358],[22.83041,68.38684],[22.84649,68.38197],[22.83569,68.37284],[22.83559,68.36566],[22.89117,68.3494],[22.91652,68.33371],[22.97236,68.33213],[22.97678,68.32466],[22.98835,68.31968],[23.03817,68.30689],[23.05653,68.30742],[23.06977,68.30063],[23.07038,68.29463],[23.06394,68.28564],[23.06463,68.2794],[23.07306,68.2741],[23.07643,68.26791],[23.1095,68.25281],[23.14196,68.24788],[23.1508,68.23567],[23.15193,68.23153],[23.1421,68.21672],[23.14483,68.21044],[23.14078,68.20776],[23.14294,68.20254],[23.16211,68.19766],[23.16171,68.19467],[23.15081,68.19146],[23.14159,68.18178],[23.14205,68.1756],[23.14699,68.1715],[23.14039,68.15459],[23.1517,68.1377],[23.17168,68.13349],[23.19591,68.13856],[23.20895,68.14564],[23.24766,68.1487],[23.2561,68.1516],[23.26065,68.15695],[23.27892,68.15724],[23.29001,68.15049],[23.30145,68.15008],[23.31456,68.1418],[23.3216,68.13445],[23.32198,68.1286],[23.33026,68.12309],[23.32531,68.11727],[23.33548,68.10793],[23.33734,68.09978],[23.36117,68.08445],[23.36131,68.07926],[23.37262,68.06767],[23.3704,68.06331],[23.37606,68.0584],[23.386,68.05722],[23.38452,68.05168],[23.38944,68.0473],[23.41074,68.0412],[23.44785,68.03616],[23.46572,68.03048],[23.46365,68.02522],[23.4658,68.02136],[23.47842,68.01666],[23.53408,68.00601],[23.53742,68.00395],[23.53472,67.99785],[23.53844,67.99263],[23.57327,67.97254],[23.60317,67.97171],[23.63666,67.96598],[23.65208,67.95946],[23.65053,67.95137],[23.66489,67.94126],[23.65668,67.9376],[23.64425,67.92534],[23.6463,67.92131],[23.64291,67.9165],[23.59604,67.9033],[23.58709,67.89518],[23.57972,67.89302],[23.55254,67.89829],[23.54012,67.88964],[23.51758,67.88493],[23.50563,67.87608],[23.50566,67.8713],[23.49423,67.86393],[23.48746,67.84592],[23.47864,67.84357],[23.48229,67.82741],[23.47241,67.8177],[23.47951,67.80134],[23.49404,67.79037],[23.49185,67.78188],[23.48433,67.77814],[23.48323,67.77356],[23.492,67.7639],[23.48917,67.76142],[23.49189,67.75542],[23.48443,67.74518],[23.47501,67.73877],[23.48546,67.73209],[23.48494,67.72737],[23.47864,67.72447],[23.47754,67.71626],[23.48355,67.71236],[23.48302,67.70606],[23.47757,67.70117],[23.4927,67.69447],[23.48914,67.6905],[23.49025,67.68755],[23.49816,67.68012],[23.49122,67.66587],[23.51352,67.64717],[23.53313,67.63756],[23.54063,67.63047],[23.53865,67.62673],[23.54153,67.62391],[23.55877,67.6195],[23.54606,67.6127],[23.53848,67.60375],[23.54437,67.58259],[23.53962,67.57888],[23.52781,67.57634],[23.51236,67.56482],[23.5049,67.56302],[23.49225,67.56605],[23.46762,67.56559],[23.45612,67.56202],[23.46778,67.54822],[23.47691,67.54575],[23.48386,67.538],[23.47671,67.53469],[23.47579,67.53048],[23.43576,67.5177],[23.43512,67.50936],[23.42693,67.50521],[23.40445,67.50035],[23.40665,67.49694],[23.39404,67.48597],[23.40402,67.47883],[23.40661,67.47047],[23.41367,67.4664],[23.49721,67.44599],[23.50985,67.44651],[23.53272,67.45996],[23.54338,67.46131],[23.677,67.44219],[23.7092,67.44583],[23.75955,67.4337],[23.76437,67.42717],[23.75174,67.42007],[23.75267,67.40884],[23.73318,67.39592],[23.7201,67.39203],[23.71728,67.3853],[23.7348,67.37929],[23.72979,67.36816],[23.74074,67.35736],[23.73759,67.35249],[23.74141,67.34868],[23.75764,67.34938],[23.77505,67.33937],[23.77238,67.33498],[23.7552,67.32765],[23.75656,67.32385],[23.74954,67.32222],[23.74554,67.30929],[23.723,67.28263],[23.69358,67.28402],[23.61952,67.27152],[23.60589,67.27371],[23.57542,67.26842],[23.561,67.26089],[23.56921,67.25302],[23.55146,67.24756],[23.56236,67.23765],[23.54626,67.22519],[23.56419,67.22299],[23.5958,67.2073],[23.58542,67.19893],[23.58729,67.19028],[23.55911,67.1813],[23.55149,67.17219],[23.55598,67.16617],[23.58427,67.15081],[23.59644,67.13882],[23.61727,67.12796],[23.62967,67.11476],[23.65375,67.10425],[23.66722,67.08375],[23.66338,67.0784],[23.6706,67.06686],[23.69715,67.05299],[23.70316,67.04633],[23.71366,67.04334],[23.71564,67.03434],[23.72795,67.02994],[23.73706,67.01887],[23.76058,67.00521],[23.80124,66.98893],[23.7983,66.98566],[23.8001,66.98325],[23.81813,66.97807],[23.8172,66.97442],[23.82681,66.96754],[23.82773,66.9617],[23.84678,66.95975],[23.86159,66.95446],[23.86035,66.9461],[23.86401,66.93763],[23.86799,66.93571],[23.86324,66.92809],[23.86432,66.91915],[23.9018,66.90062],[23.91328,66.8889],[23.93681,66.88307],[23.94379,66.87555],[23.94325,66.87231],[23.95243,66.86704],[23.95337,66.86277],[23.96949,66.84961],[23.97242,66.83988],[23.98224,66.83445],[23.99518,66.81981],[23.98785,66.81103],[23.98768,66.80262],[23.97721,66.79865],[23.98259,66.78662],[23.95802,66.78235],[23.92953,66.79417],[23.90941,66.79478],[23.90823,66.79071],[23.91532,66.77902],[23.91581,66.77197],[23.88956,66.76885],[23.87933,66.76256],[23.87662,66.75346],[23.88626,66.75009],[23.88851,66.74062],[23.90779,66.72112],[23.89537,66.71143],[23.89792,66.70684],[23.88852,66.69552],[23.88622,66.67469],[23.87541,66.67193],[23.87194,66.66229],[23.86467,66.65455],[23.87204,66.64323],[23.87027,66.62922],[23.88447,66.61686],[23.88456,66.61244],[23.87671,66.60404],[23.87509,66.5869],[23.87822,66.58292],[23.87149,66.57299],[23.86357,66.56893],[23.85796,66.55782],[23.83423,66.55356],[23.788,66.53719],[23.78441,66.53334],[23.79748,66.52261],[23.79547,66.51751],[23.76121,66.51014],[23.75198,66.505],[23.73928,66.50401],[23.73545,66.50781],[23.72814,66.50707],[23.72614,66.49824],[23.71432,66.49291],[23.71952,66.47696],[23.71039,66.47369],[23.69271,66.47457],[23.65586,66.45984],[23.64998,66.45425],[23.64781,66.43964],[23.64415,66.4372],[23.64287,66.43065],[23.64425,66.42369],[23.65847,66.41174],[23.66716,66.39852],[23.68347,66.39333],[23.6892,66.38753],[23.6859,66.37737],[23.65612,66.35099],[23.65989,66.3353],[23.65783,66.3208],[23.64638,66.3],[23.66439,66.28531],[23.67311,66.27299],[23.66688,66.26107],[23.69958,66.24431],[23.70121,66.24143],[23.69429,66.23371],[23.69452,66.22823],[23.70721,66.21782],[23.72555,66.21363],[23.73338,66.20598],[23.72591,66.19855],[23.72719,66.19562],[23.78187,66.187],[23.83127,66.17034],[23.8575,66.1717],[23.86659,66.16534],[23.88874,66.16778],[23.92091,66.15967],[23.92999,66.1498],[23.92724,66.14505],[23.91476,66.13944],[23.91464,66.13535],[23.94062,66.12096],[23.93719,66.11112],[23.94436,66.10835],[23.9451,66.10294],[23.93959,66.0993],[23.93641,66.09014],[23.93833,66.07672],[23.97611,66.05715],[23.99501,66.03632],[24.04525,66.00207],[24.04924,65.99455],[24.05213,65.97346],[24.04099,65.97039],[24.04304,65.9623],[24.05339,65.9518],[24.07435,65.94437],[24.08828,65.93128],[24.10761,65.93164],[24.11823,65.92635],[24.11552,65.91782],[24.11021,65.91405],[24.11504,65.89988],[24.1186,65.89439],[24.13353,65.88699],[24.14145,65.87298],[24.15294,65.86258],[24.13162,65.86315],[24.12556,65.85778],[24.1252,65.85148],[24.14544,65.83938],[24.1429,65.83901],[24.14812,65.82768],[24.14548,65.82139],[24.15338,65.81771],[24.15086,65.81511],[24.09031,65.81256],[24.0696,65.8082],[24.06642,65.81146],[24.06813,65.81559],[24.05588,65.81357],[24.04778,65.81891],[24.03638,65.82035],[24.03852,65.80453],[24.02903,65.80025],[24.03958,65.79802],[24.04249,65.79437],[24.03856,65.79327],[24.03985,65.79022],[24.04761,65.78781],[24.03573,65.7881],[24.03076,65.79337],[24.0355,65.79551],[24.00762,65.80469],[24.00214,65.80356],[24.01284,65.79738],[24.01195,65.79429],[23.99344,65.79085],[23.98144,65.79493],[23.98154,65.79851],[23.9899,65.79783],[23.98123,65.80389],[23.9746,65.79506],[23.96634,65.79369],[23.95513,65.79928],[23.94278,65.79491],[23.92981,65.79593],[23.92771,65.79392],[23.93556,65.78353],[23.94384,65.78235],[23.94415,65.77415],[23.92565,65.77579],[23.91514,65.771],[23.92621,65.76976],[23.92144,65.76614],[23.90374,65.7693],[23.9036,65.77365],[23.88709,65.77652],[23.87392,65.78675],[23.86979,65.7945],[23.87372,65.79622],[23.84966,65.80409],[23.85152,65.79843],[23.83336,65.79774],[23.8466,65.79059],[23.84073,65.78532],[23.8418,65.78095],[23.8628,65.77084],[23.8651,65.76644],[23.8343,65.76087],[23.81878,65.7499],[23.80783,65.74652],[23.79837,65.7339],[23.79917,65.72979],[23.78545,65.7294],[23.78217,65.72498],[23.79043,65.71792],[23.76242,65.71178],[23.76656,65.70684],[23.76327,65.7023],[23.75465,65.70296],[23.74926,65.69897],[23.73381,65.69976],[23.73473,65.70256],[23.72869,65.7042],[23.68923,65.70707],[23.68622,65.71698],[23.67911,65.71736],[23.67922,65.73041],[23.68287,65.73265],[23.67575,65.73891],[23.67317,65.74409],[23.67541,65.74762],[23.68607,65.74846],[23.6872,65.7533],[23.6944,65.7478],[23.70148,65.73513],[23.7134,65.73608],[23.71731,65.74074],[23.71487,65.75306],[23.71687,65.75738],[23.72208,65.75652],[23.71917,65.74659],[23.73422,65.75067],[23.73642,65.745],[23.74283,65.74386],[23.74217,65.74055],[23.75579,65.73698],[23.77369,65.74727],[23.77524,65.753],[23.78327,65.75542],[23.78241,65.75031],[23.77844,65.74808],[23.7884,65.74521],[23.78563,65.74258],[23.79149,65.73927],[23.79773,65.74517],[23.78807,65.74791],[23.7913,65.75195],[23.78832,65.75596],[23.79691,65.75773],[23.79848,65.75207],[23.81214,65.74806],[23.81794,65.75069],[23.81882,65.76167],[23.83787,65.76503],[23.8453,65.77602],[23.84145,65.78057],[23.83392,65.78007],[23.83358,65.77701],[23.82267,65.77414],[23.8235,65.7703],[23.81841,65.76936],[23.78856,65.77554],[23.79263,65.77853],[23.79059,65.77985],[23.76473,65.77981],[23.7627,65.78419],[23.75531,65.78509],[23.75222,65.79104],[23.76389,65.78942],[23.78074,65.79538],[23.77549,65.7988],[23.76605,65.79795],[23.76966,65.80249],[23.76051,65.80445],[23.76055,65.80777],[23.75662,65.80887],[23.75843,65.81704],[23.73525,65.82499],[23.73711,65.83071],[23.7317,65.83273],[23.7172,65.83132],[23.70639,65.83548],[23.68013,65.83505],[23.66705,65.82632],[23.67395,65.81469],[23.67376,65.80983],[23.66039,65.80712],[23.66212,65.80287],[23.65901,65.79984],[23.66314,65.7976],[23.63526,65.79322],[23.6206,65.79923],[23.61271,65.81063],[23.60332,65.81027],[23.59881,65.80882],[23.60239,65.80108],[23.60605,65.80025],[23.6045,65.79106],[23.61012,65.79122],[23.61194,65.78454],[23.60219,65.78675],[23.59185,65.78309],[23.59152,65.78591],[23.5757,65.78976],[23.5802,65.78495],[23.57191,65.78304],[23.56476,65.78636],[23.55293,65.7863],[23.55331,65.79653],[23.56439,65.80259],[23.56306,65.80686],[23.56641,65.80911],[23.5533,65.81534],[23.54558,65.80664],[23.53796,65.80523],[23.50761,65.81379],[23.48625,65.81222],[23.49341,65.80238],[23.47869,65.79631],[23.47665,65.79345],[23.48247,65.78593],[23.47618,65.78539],[23.4754,65.79014],[23.46399,65.79467],[23.46861,65.80074],[23.47456,65.8009],[23.46924,65.81045],[23.47436,65.8183],[23.48987,65.82061],[23.48975,65.82266],[23.4773,65.82618],[23.4767,65.82965],[23.47013,65.8327],[23.47195,65.83548],[23.46971,65.83808],[23.45952,65.83926],[23.45463,65.82399],[23.47314,65.81857],[23.4265,65.82022],[23.42305,65.81324],[23.40996,65.80679],[23.40955,65.79913],[23.41539,65.79826],[23.41621,65.78699],[23.42203,65.7892],[23.43291,65.78237],[23.42874,65.77784],[23.4176,65.77853],[23.42043,65.77554],[23.43193,65.77523],[23.43259,65.7724],[23.43892,65.77345],[23.43757,65.7658],[23.42214,65.7672],[23.41331,65.76273],[23.40292,65.75138],[23.38461,65.75192],[23.38674,65.74805],[23.37864,65.74792],[23.3772,65.75587],[23.37012,65.76008],[23.37146,65.76454],[23.37795,65.76405],[23.37828,65.75752],[23.406,65.75773],[23.40609,65.7654],[23.39521,65.76557],[23.39252,65.75999],[23.38409,65.75974],[23.39094,65.76654],[23.40077,65.7683],[23.40253,65.7739],[23.38548,65.77468],[23.38617,65.77211],[23.3669,65.76909],[23.38247,65.77933],[23.37852,65.78707],[23.37055,65.78847],[23.37165,65.79357],[23.36383,65.79676],[23.3594,65.78583],[23.34814,65.78191],[23.35814,65.7925],[23.35534,65.80278],[23.34712,65.80494],[23.35316,65.80959],[23.35285,65.81305],[23.34408,65.81267],[23.34515,65.81752],[23.3667,65.8235],[23.33584,65.82495],[23.33299,65.82103],[23.32135,65.81993],[23.31924,65.81382],[23.32856,65.81342],[23.3391,65.81966],[23.33685,65.81534],[23.32331,65.81043],[23.32005,65.80204],[23.30749,65.79404],[23.30899,65.78993],[23.3056,65.78691],[23.28345,65.79005],[23.27198,65.80135],[23.28198,65.80159],[23.28389,65.80565],[23.26784,65.80385],[23.26388,65.80851],[23.25895,65.80909],[23.25601,65.80402],[23.25038,65.80385],[23.22891,65.81516],[23.23335,65.81599],[23.23283,65.82073],[23.21222,65.8241],[23.20061,65.83425],[23.173,65.84001],[23.16427,65.84756],[23.13346,65.85246],[23.1241,65.86014],[23.0683,65.88111],[23.04831,65.88138],[23.04571,65.88014],[23.05454,65.87721],[23.0558,65.87335],[23.08475,65.8681],[23.12769,65.85075],[23.14794,65.84638],[23.15938,65.84136],[23.16579,65.83384],[23.17672,65.83229],[23.1933,65.82182],[23.19536,65.81667],[23.19319,65.81312],[23.20015,65.81072],[23.19153,65.8047],[23.20037,65.79869],[23.18924,65.79604],[23.18958,65.79272],[23.22482,65.77864],[23.226,65.77427],[23.23629,65.7708],[23.22405,65.76611],[23.20598,65.76587],[23.20494,65.76102],[23.18816,65.76127],[23.18226,65.75776],[23.1763,65.76092],[23.16432,65.75904],[23.16282,65.75599],[23.17197,65.75382],[23.16009,65.75309],[23.15152,65.75487],[23.15246,65.7587],[23.14028,65.7581],[23.14494,65.75309],[23.13587,65.7537],[23.13425,65.7491],[23.16472,65.74893],[23.1797,65.7422],[23.17509,65.73919],[23.1605,65.7394],[23.15785,65.73381],[23.15264,65.73849],[23.16202,65.7427],[23.15407,65.74435],[23.15443,65.74127],[23.14637,65.73781],[23.14488,65.72733],[23.15336,65.72466],[23.15304,65.72083],[23.13751,65.72092],[23.13973,65.71769],[23.13704,65.71517],[23.10127,65.71464],[23.10279,65.70656],[23.09855,65.7053],[23.09972,65.69932],[23.09579,65.69681],[23.07889,65.70676],[23.08152,65.70852],[23.07406,65.71629],[23.07754,65.71701],[23.07464,65.72345],[23.07619,65.72727],[23.08312,65.72845],[23.07595,65.73584],[23.08524,65.73546],[23.08991,65.73936],[23.0774,65.7385],[23.07167,65.74459],[23.06087,65.74564],[23.06587,65.74966],[23.05785,65.75463],[23.03765,65.7549],[23.04205,65.75152],[23.02789,65.7494],[23.00622,65.75071],[23.00232,65.75665],[22.97493,65.76468],[22.95557,65.76377],[22.95463,65.76775],[22.94502,65.76839],[22.95153,65.77214],[22.93988,65.77868],[22.92737,65.77795],[22.9019,65.78722],[22.90943,65.79211],[22.90222,65.79578],[22.90295,65.8014],[22.89502,65.8038],[22.88881,65.80413],[22.88836,65.798],[22.89576,65.79689],[22.89311,65.79052],[22.89689,65.7869],[22.87971,65.79043],[22.87149,65.79744],[22.86402,65.79753],[22.86257,65.79474],[22.83646,65.79556],[22.83836,65.8004],[22.8362,65.80503],[22.8247,65.80542],[22.82971,65.81022],[22.82706,65.81256],[22.82985,65.81662],[22.83986,65.81701],[22.84199,65.82056],[22.83772,65.82189],[22.83692,65.8283],[22.8173,65.83314],[22.81638,65.83775],[22.79665,65.84131],[22.80103,65.84587],[22.79147,65.84751],[22.79483,65.85105],[22.78963,65.85699],[22.78219,65.85785],[22.77703,65.86456],[22.77247,65.8618],[22.76637,65.86391],[22.76672,65.86902],[22.75848,65.86733],[22.76175,65.86039],[22.72583,65.87435],[22.72471,65.88101],[22.70936,65.88988],[22.69577,65.89245],[22.68982,65.88754],[22.68168,65.88737],[22.67961,65.88919],[22.68729,65.89652],[22.67028,65.90438],[22.65308,65.8997],[22.65497,65.9048],[22.64979,65.9069],[22.63376,65.90579],[22.63264,65.90299],[22.64509,65.90184],[22.63359,65.89825],[22.64321,65.89214],[22.65912,65.89146],[22.66462,65.88475],[22.67885,65.88229],[22.67687,65.87592],[22.69037,65.86733],[22.68614,65.85049],[22.69108,65.84021],[22.69572,65.83965],[22.71025,65.82809],[22.70907,65.82441],[22.71877,65.8156],[22.70598,65.82008],[22.69994,65.81837],[22.70331,65.81271],[22.70122,65.80481],[22.70873,65.79116],[22.71487,65.78981],[22.71403,65.7865],[22.68937,65.78453],[22.70107,65.77411],[22.69153,65.76629],[22.69933,65.75725],[22.67402,65.75548],[22.67375,65.75139],[22.67028,65.75053],[22.65622,65.7544],[22.65157,65.75956],[22.66006,65.761],[22.65773,65.76819],[22.68094,65.77101],[22.67818,65.78127],[22.65734,65.78149],[22.66313,65.7845],[22.6526,65.78538],[22.64058,65.79216],[22.61913,65.79802],[22.61383,65.8028],[22.62267,65.80463],[22.61908,65.80697],[22.5935,65.80673],[22.59116,65.80419],[22.59319,65.80161],[22.60615,65.79619],[22.5898,65.79717],[22.58675,65.79324],[22.58163,65.79611],[22.56844,65.79445],[22.56891,65.79189],[22.55766,65.79124],[22.5585,65.78458],[22.54705,65.78572],[22.54952,65.7802],[22.54376,65.7777],[22.53795,65.77942],[22.53676,65.77508],[22.51997,65.7755],[22.50288,65.7813],[22.50405,65.78538],[22.49413,65.79162],[22.51289,65.79272],[22.50678,65.79482],[22.51276,65.80115],[22.52212,65.8013],[22.52889,65.81045],[22.52369,65.81741],[22.50499,65.81734],[22.50792,65.82498],[22.48089,65.83215],[22.48252,65.83342],[22.47622,65.83783],[22.46631,65.8392],[22.46616,65.84201],[22.44817,65.8496],[22.45346,65.85479],[22.45976,65.85563],[22.47445,65.8505],[22.47003,65.85528],[22.43885,65.86145],[22.41979,65.86138],[22.40491,65.85768],[22.38644,65.8627],[22.38266,65.86784],[22.3689,65.86772],[22.36423,65.85625],[22.35955,65.86218],[22.3539,65.86172],[22.3535,65.8658],[22.34657,65.86485],[22.35058,65.85791],[22.36722,65.84779],[22.364,65.84603],[22.37226,65.84288],[22.36011,65.83711],[22.3665,65.83451],[22.36079,65.8325],[22.35999,65.82918],[22.33519,65.8381],[22.35536,65.82411],[22.35056,65.82185],[22.35163,65.81852],[22.36522,65.81021],[22.37209,65.79864],[22.36757,65.79561],[22.37137,65.79098],[22.34921,65.79603],[22.32056,65.80856],[22.31825,65.80602],[22.32094,65.80369],[22.35801,65.77984],[22.33735,65.78373],[22.33092,65.77982],[22.31112,65.7823],[22.29457,65.77528],[22.2957,65.77271],[22.31182,65.77155],[22.32587,65.76631],[22.3254,65.76325],[22.34112,65.75441],[22.34298,65.74826],[22.35229,65.74205],[22.35237,65.73757],[22.33374,65.73812],[22.33694,65.73375],[22.33275,65.73071],[22.31333,65.7278],[22.31188,65.72372],[22.31777,65.72342],[22.32275,65.71749],[22.31188,65.71759],[22.31944,65.71343],[22.33857,65.71122],[22.34396,65.70733],[22.33262,65.70411],[22.33745,65.70138],[22.36042,65.70157],[22.36698,65.69051],[22.35729,65.68906],[22.35582,65.68472],[22.36458,65.6803],[22.36261,65.67826],[22.37047,65.67436],[22.37238,65.66949],[22.3666,65.6657],[22.35116,65.66673],[22.34501,65.6618],[22.34572,65.65745],[22.32299,65.66148],[22.31619,65.66794],[22.3244,65.67093],[22.28902,65.68888],[22.28916,65.69169],[22.29549,65.6942],[22.29446,65.6983],[22.27488,65.70409],[22.27349,65.70103],[22.27644,65.69806],[22.26896,65.69723],[22.26945,65.69467],[22.25301,65.69481],[22.26455,65.6896],[22.25336,65.68918],[22.2575,65.68505],[22.2706,65.68009],[22.23402,65.67399],[22.23454,65.66529],[22.23988,65.66039],[22.23555,65.65403],[22.24052,65.64785],[22.26164,65.64257],[22.25766,65.63723],[22.26038,65.62953],[22.28271,65.62398],[22.29629,65.62948],[22.28694,65.63455],[22.26784,65.63638],[22.2683,65.63944],[22.25767,65.65027],[22.26041,65.65562],[22.26765,65.65761],[22.25977,65.6679],[22.26082,65.67045],[22.2689,65.67077],[22.28714,65.66345],[22.29769,65.66375],[22.32838,65.65172],[22.3163,65.65182],[22.30993,65.6483],[22.31345,65.63829],[22.32892,65.64417],[22.34158,65.64342],[22.35092,65.63848],[22.36699,65.63769],[22.37603,65.63314],[22.38476,65.62257],[22.38964,65.62125],[22.38701,65.61846],[22.35713,65.61502],[22.34269,65.62295],[22.33995,65.61786],[22.34283,65.61374],[22.3316,65.61179],[22.33589,65.60511],[22.32584,65.60801],[22.31578,65.60477],[22.31684,65.60144],[22.30398,65.60385],[22.29615,65.60187],[22.37688,65.57891],[22.38605,65.56553],[22.40065,65.55567],[22.40231,65.55208],[22.39689,65.5488],[22.40037,65.54468],[22.4103,65.54574],[22.42667,65.54034],[22.427,65.53522],[22.41292,65.53715],[22.40765,65.54231],[22.39966,65.5429],[22.40377,65.53902],[22.39774,65.53771],[22.398,65.53498],[22.37049,65.53984],[22.33076,65.55912],[22.31366,65.56259],[22.30589,65.55562],[22.28081,65.56031],[22.30209,65.55374],[22.301,65.55043],[22.30592,65.55012],[22.30285,65.54427],[22.20518,65.5539],[22.17317,65.56937],[22.17235,65.57858],[22.14895,65.58041],[22.14327,65.57778],[22.1161,65.57798],[22.13149,65.56968],[22.13089,65.56304],[22.14199,65.56257],[22.14463,65.55961],[22.13948,65.5548],[22.14352,65.54836],[22.17118,65.54585],[22.17075,65.54995],[22.17618,65.55412],[22.18415,65.55291],[22.18617,65.54983],[22.18417,65.54652],[22.18715,65.54419],[22.15452,65.53191],[22.1534,65.52758],[22.16038,65.52496],[22.14043,65.51284],[22.12322,65.51399],[22.1193,65.51607],[22.11945,65.51939],[22.11066,65.52303],[22.07569,65.52712],[22.06513,65.51774],[22.07105,65.50414],[22.05271,65.50759],[22.04453,65.5189],[22.01543,65.51552],[22.01595,65.51321],[21.99684,65.51283],[21.97305,65.51963],[21.95391,65.5186],[21.92092,65.52712],[21.89129,65.52614],[21.88096,65.53068],[21.86376,65.53257],[21.8811,65.52556],[21.88216,65.52044],[21.84933,65.52511],[21.84497,65.52372],[21.8451,65.51809],[21.86258,65.51544],[21.8649,65.51108],[21.9049,65.49167],[21.91286,65.4906],[21.90844,65.49625],[21.88625,65.50482],[21.87398,65.51538],[21.89554,65.51525],[21.89044,65.51911],[21.89603,65.52036],[21.92615,65.50075],[21.96132,65.48544],[21.98101,65.46882],[21.99593,65.47294],[22.00868,65.46851],[22.01641,65.46948],[22.01471,65.47333],[22.03039,65.47297],[22.03824,65.46378],[22.02519,65.46584],[22.02276,65.4587],[22.00502,65.45319],[22.00838,65.44473],[21.99918,65.4453],[22.00603,65.43963],[22.00317,65.43696],[22.00812,65.4299],[21.99436,65.42359],[21.99802,65.41487],[21.99152,65.41338],[21.9712,65.41991],[21.94965,65.43526],[21.94077,65.43621],[21.93572,65.4411],[21.93079,65.44062],[21.93284,65.4378],[21.89808,65.43698],[21.89676,65.43392],[21.91971,65.42279],[21.93312,65.4112],[21.9226,65.40957],[21.92087,65.40334],[21.92534,65.39948],[21.92065,65.39708],[21.89361,65.40479],[21.89157,65.40788],[21.8816,65.40332],[21.88333,65.39999],[21.87596,65.39952],[21.86019,65.40549],[21.85508,65.40885],[21.85519,65.41217],[21.84605,65.41427],[21.85272,65.40221],[21.84235,65.40419],[21.8312,65.40092],[21.82651,65.39827],[21.83103,65.39543],[21.82975,65.39377],[21.81073,65.39374],[21.79253,65.40036],[21.78445,65.39696],[21.76337,65.40013],[21.7547,65.39736],[21.75429,65.39353],[21.77572,65.39214],[21.77836,65.38829],[21.78508,65.38748],[21.79452,65.37516],[21.81631,65.3661],[21.8134,65.36125],[21.82551,65.35646],[21.83022,65.35042],[21.82679,65.34865],[21.79921,65.35101],[21.7894,65.35767],[21.77653,65.35736],[21.76014,65.36255],[21.7541,65.36564],[21.75421,65.36949],[21.73536,65.3747],[21.73426,65.37931],[21.72122,65.38474],[21.72257,65.38908],[21.71521,65.38886],[21.71917,65.37682],[21.71636,65.37492],[21.69873,65.38037],[21.68339,65.38007],[21.67557,65.38597],[21.66033,65.38962],[21.65381,65.3986],[21.69406,65.38934],[21.70245,65.39352],[21.70412,65.39863],[21.72166,65.4006],[21.72367,65.39572],[21.75193,65.39686],[21.72751,65.4012],[21.72214,65.40698],[21.70748,65.40935],[21.69897,65.41272],[21.69845,65.4163],[21.67407,65.42293],[21.65562,65.42186],[21.65766,65.41776],[21.66991,65.41694],[21.67345,65.41079],[21.66388,65.40853],[21.68794,65.40177],[21.67216,65.39647],[21.66259,65.4061],[21.63742,65.40596],[21.64132,65.40249],[21.6311,65.39844],[21.62938,65.4033],[21.61542,65.41001],[21.60401,65.40776],[21.62322,65.40256],[21.62282,65.39847],[21.6061,65.40519],[21.59011,65.40372],[21.59642,65.41111],[21.59716,65.41673],[21.58495,65.41985],[21.5838,65.42318],[21.56078,65.42378],[21.5604,65.42033],[21.5647,65.42031],[21.56085,65.41304],[21.5666,65.40892],[21.56438,65.40548],[21.57355,65.40378],[21.57006,65.39868],[21.57614,65.39661],[21.57845,65.3897],[21.58662,65.38468],[21.64015,65.36669],[21.64643,65.36053],[21.63772,65.35519],[21.66064,65.35305],[21.66483,65.34894],[21.67578,65.34633],[21.68596,65.33759],[21.65425,65.34234],[21.64705,65.34825],[21.6361,65.35137],[21.6314,65.34704],[21.63899,65.34445],[21.6322,65.34218],[21.59693,65.3528],[21.58348,65.35362],[21.58889,65.36281],[21.58435,65.37894],[21.57253,65.38537],[21.55936,65.38594],[21.55865,65.39566],[21.53894,65.39227],[21.52987,65.39857],[21.51763,65.39989],[21.5139,65.39748],[21.50814,65.40172],[21.49895,65.402],[21.50073,65.39842],[21.51201,65.39518],[21.50875,65.38535],[21.53559,65.37822],[21.54787,65.37907],[21.5484,65.37524],[21.54287,65.37423],[21.51351,65.3774],[21.49338,65.38298],[21.49283,65.38642],[21.45977,65.38985],[21.45054,65.38809],[21.45077,65.38349],[21.46015,65.3763],[21.48154,65.37291],[21.49444,65.37414],[21.49743,65.37004],[21.49217,65.36776],[21.50007,65.36415],[21.49479,65.35995],[21.48442,65.36216],[21.48189,65.35808],[21.44762,65.36061],[21.44392,65.35883],[21.45,65.35651],[21.46227,65.35724],[21.46281,65.35326],[21.45261,65.35322],[21.45356,65.34959],[21.46768,65.35147],[21.47191,65.34839],[21.46851,65.34687],[21.47243,65.34327],[21.47823,65.3425],[21.48107,65.34721],[21.49567,65.34166],[21.5012,65.34292],[21.48452,65.35166],[21.49283,65.35382],[21.50319,65.3511],[21.51673,65.35463],[21.53797,65.34484],[21.52512,65.34489],[21.53412,65.33591],[21.5243,65.33466],[21.51644,65.3398],[21.51,65.3388],[21.5188,65.33519],[21.51814,65.33238],[21.50588,65.33178],[21.49311,65.33579],[21.50246,65.32937],[21.49614,65.31788],[21.5407,65.32872],[21.54366,65.33843],[21.54897,65.34352],[21.57218,65.34126],[21.5755,65.33882],[21.57452,65.33614],[21.59327,65.32609],[21.60227,65.33181],[21.60207,65.33591],[21.61006,65.33755],[21.63444,65.33334],[21.63281,65.32938],[21.6384,65.3199],[21.63166,65.31967],[21.62788,65.31482],[21.59374,65.31983],[21.59319,65.32239],[21.58709,65.32331],[21.58214,65.32077],[21.5986,65.3184],[21.62247,65.30616],[21.61658,65.30235],[21.63608,65.29984],[21.65124,65.29504],[21.65449,65.29068],[21.67626,65.29365],[21.67674,65.30055],[21.67294,65.30696],[21.67969,65.30796],[21.68192,65.31153],[21.67229,65.31771],[21.67267,65.32052],[21.65778,65.32468],[21.66485,65.3258],[21.70614,65.31397],[21.71559,65.30165],[21.71067,65.3004],[21.71182,65.29784],[21.70839,65.29529],[21.68299,65.29388],[21.673,65.28548],[21.66883,65.27783],[21.67026,65.27399],[21.66496,65.26966],[21.67209,65.26171],[21.64117,65.25774],[21.64402,65.24955],[21.64095,65.24854],[21.65387,65.24082],[21.64074,65.24011],[21.66216,65.23082],[21.66626,65.23616],[21.67774,65.23214],[21.7012,65.23165],[21.73015,65.22026],[21.73219,65.21693],[21.74131,65.21624],[21.7348,65.21206],[21.74482,65.20024],[21.74293,65.19795],[21.75192,65.19305],[21.74911,65.1905],[21.6979,65.21058],[21.69238,65.20919],[21.6715,65.2144],[21.66647,65.2203],[21.6556,65.22457],[21.65118,65.2306],[21.65218,65.23417],[21.64424,65.2337],[21.64357,65.23089],[21.62901,65.23427],[21.62333,65.23839],[21.62553,65.2417],[21.60798,65.2474],[21.58289,65.24418],[21.56197,65.23556],[21.53322,65.23106],[21.53378,65.2285],[21.52255,65.23084],[21.53734,65.22389],[21.54298,65.21645],[21.54138,65.21262],[21.53469,65.21303],[21.53368,65.20856],[21.54598,65.19943],[21.55386,65.19826],[21.55284,65.19314],[21.55846,65.18468],[21.56664,65.18312],[21.57597,65.16416],[21.59267,65.14977],[21.58507,65.14941],[21.58557,65.14443],[21.59546,65.13851],[21.58936,65.13751],[21.58611,65.14162],[21.57458,65.14242],[21.5757,65.13808],[21.51323,65.14303],[21.50984,65.14087],[21.52222,65.13687],[21.52755,65.12982],[21.53928,65.12467],[21.53528,65.12186],[21.52804,65.12419],[21.53753,65.11317],[21.52718,65.1114],[21.52861,65.1068],[21.53794,65.10344],[21.53064,65.10244],[21.52989,65.09528],[21.51829,65.0911],[21.50801,65.09398],[21.51193,65.09098],[21.51065,65.08793],[21.53681,65.0771],[21.52671,65.07228],[21.53783,65.06751],[21.55148,65.06835],[21.5505,65.06529],[21.52781,65.06639],[21.52617,65.06013],[21.51901,65.06591],[21.51172,65.06466],[21.49906,65.06828],[21.4942,65.06728],[21.49165,65.06076],[21.46751,65.06583],[21.46335,65.0707],[21.44269,65.06693],[21.44839,65.06358],[21.44893,65.05975],[21.44525,65.05669],[21.44882,65.0536],[21.44636,65.0508],[21.4574,65.04131],[21.47072,65.04255],[21.4712,65.03474],[21.47661,65.03255],[21.47475,65.03],[21.46753,65.03156],[21.46198,65.02672],[21.46847,65.01724],[21.45996,65.01419],[21.45032,65.01678],[21.43516,65.01414],[21.42976,65.01684],[21.42092,65.01252],[21.3748,65.02197],[21.40456,65.01026],[21.39694,65.00542],[21.38666,65.00545],[21.38663,65.00315],[21.39328,65.00313],[21.39832,64.99698],[21.37747,64.99652],[21.40339,64.99236],[21.40215,64.98981],[21.38822,64.98831],[21.38159,64.98911],[21.37923,64.99319],[21.36656,64.99463],[21.36831,64.99015],[21.36584,64.98607],[21.34344,64.98177],[21.3434,64.97922],[21.3585,64.97918],[21.35965,64.97458],[21.34822,64.97767],[21.33063,64.97183],[21.35693,64.96751],[21.3595,64.96358],[21.34888,64.95926],[21.34019,64.96388],[21.30996,64.9596],[21.31414,64.95601],[21.27915,64.95659],[21.28152,64.95198],[21.23743,64.94669],[21.2253,64.93801],[21.24567,64.92443],[21.24802,64.91803],[21.23084,64.91704],[21.23774,64.91293],[21.23412,64.9123],[21.22508,64.91398],[21.22722,64.91653],[21.22453,64.91832],[21.21747,64.91433],[21.23285,64.90553],[21.24007,64.90475],[21.23279,64.89798],[21.22495,64.89697],[21.24177,64.89298],[21.23854,64.8906],[21.2237,64.89097],[21.22283,64.89557],[21.20331,64.90058],[21.19787,64.89867],[21.19995,64.89483],[21.19752,64.89228],[21.20321,64.88843],[21.20922,64.886],[21.21645,64.88816],[21.2164,64.88125],[21.21186,64.8787],[21.21515,64.87537],[21.20372,64.87539],[21.2037,64.87271],[21.21989,64.86744],[21.22344,64.85952],[21.20785,64.86516],[21.1976,64.86108],[21.19878,64.85929],[21.18316,64.86084],[21.1799,64.86698],[21.18203,64.87056],[21.17421,64.87006],[21.17238,64.86636],[21.15973,64.86266],[21.16241,64.85984],[21.16146,64.8496],[21.18123,64.84192],[21.17519,64.83593],[21.16498,64.83734],[21.15295,64.8339],[21.16012,64.82813],[21.15251,64.82678],[21.15708,64.82379],[21.15826,64.81535],[21.14563,64.81409],[21.12646,64.82101],[21.11565,64.82114],[21.11087,64.82485],[21.09766,64.82474],[21.09048,64.83203],[21.07636,64.83357],[21.07877,64.83613],[21.07669,64.84099],[21.05448,64.8525],[21.0548,64.86018],[21.05781,64.86299],[21.06532,64.86247],[21.07497,64.86758],[21.0515,64.86721],[21.03105,64.86031],[21.02834,64.85814],[21.03044,64.85457],[21.02383,64.8552],[21.02293,64.85839],[21.0154,64.85494],[21.02112,64.85123],[21.02172,64.84663],[21.02743,64.84497],[21.02442,64.84254],[20.99979,64.84535],[20.99858,64.84229],[21.00459,64.83922],[21.01571,64.83922],[21.016,64.83231],[21.02561,64.82873],[21.02621,64.82553],[21.04001,64.82591],[21.04301,64.82233],[21.05712,64.82156],[21.05861,64.81734],[21.06822,64.81785],[21.0718,64.81145],[21.07841,64.81311],[21.0886,64.8085],[21.11558,64.80618],[21.11708,64.80414],[21.10357,64.80236],[21.12393,64.79313],[21.12211,64.7893],[21.10352,64.78855],[21.09514,64.7934],[21.09033,64.78881],[21.07235,64.79266],[21.07593,64.78524],[21.1077,64.7842],[21.11337,64.77857],[21.13284,64.77522],[21.16162,64.77737],[21.18256,64.77376],[21.18797,64.77465],[21.1922,64.77963],[21.23718,64.78008],[21.25034,64.77891],[21.27691,64.76863],[21.27685,64.76249],[21.29922,64.75376],[21.30008,64.74941],[21.29374,64.74571],[21.25603,64.74668],[21.21497,64.7406],[21.21702,64.73523],[21.23724,64.71986],[21.23422,64.71679],[21.24258,64.71576],[21.26098,64.70152],[21.27827,64.69651],[21.29514,64.68165],[21.28763,64.67783],[21.25307,64.68594],[21.24111,64.68406],[21.24019,64.68175],[21.26611,64.67569],[21.26966,64.67198],[21.26723,64.6679],[21.25798,64.66816],[21.25059,64.67661],[21.22617,64.68369],[21.21184,64.68409],[21.20472,64.69126],[21.21707,64.69312],[21.2227,64.69814],[21.21773,64.70037],[21.19044,64.69831],[21.18802,64.69486],[21.17787,64.69692],[21.17435,64.7069],[21.1397,64.71192],[21.1104,64.71016],[21.08412,64.72001],[21.08652,64.7236],[21.04407,64.73334],[21.00517,64.74792],[20.97823,64.7483],[21.00278,64.74741],[21.06978,64.7254],[21.07217,64.72361],[21.07066,64.72028],[21.0883,64.71759],[21.10979,64.70862],[21.14328,64.71013],[21.1588,64.70538],[21.1534,64.70283],[21.15418,64.69883],[21.16294,64.69771],[21.16173,64.6949],[21.14082,64.69722],[21.15304,64.69107],[21.15422,64.688],[21.14853,64.68647],[21.15387,64.68033],[21.16285,64.68326],[21.16829,64.69361],[21.17547,64.69424],[21.19661,64.68437],[21.19805,64.67797],[21.21024,64.67054],[21.18874,64.66929],[21.18603,64.66648],[21.17052,64.66816],[21.20979,64.6529],[21.21044,64.65775],[21.21522,64.65877],[21.23425,64.65183],[21.23986,64.64517],[21.23951,64.63853],[21.23471,64.6347],[21.24509,64.6288],[21.23789,64.62522],[21.24648,64.61908],[21.23128,64.61808],[21.23751,64.615],[21.23867,64.61104],[21.25352,64.6059],[21.27735,64.60777],[21.27671,64.60215],[21.2856,64.59868],[21.29871,64.59904],[21.30601,64.58649],[21.34548,64.57745],[21.34846,64.57847],[21.34437,64.5841],[21.3527,64.5837],[21.33734,64.59435],[21.32544,64.59412],[21.32313,64.5995],[21.33688,64.60407],[21.34689,64.59535],[21.35286,64.5961],[21.34935,64.60134],[21.36066,64.60121],[21.36072,64.60504],[21.36608,64.60515],[21.38212,64.60242],[21.38683,64.59832],[21.37344,64.59938],[21.40272,64.58626],[21.40175,64.58063],[21.4159,64.5719],[21.41464,64.56756],[21.41846,64.56448],[21.44011,64.56109],[21.43875,64.56851],[21.44986,64.57538],[21.44577,64.57974],[21.44971,64.58408],[21.4837,64.57144],[21.47999,64.56327],[21.48468,64.55942],[21.47956,64.55533],[21.47069,64.55844],[21.47005,64.55575],[21.47887,64.55023],[21.48286,64.54075],[21.50826,64.53247],[21.52017,64.53372],[21.5213,64.53117],[21.53054,64.53292],[21.5315,64.53624],[21.54749,64.53362],[21.55146,64.52414],[21.55645,64.52157],[21.55491,64.51849],[21.52238,64.52527],[21.52854,64.5209],[21.52758,64.51758],[21.5166,64.51736],[21.51859,64.51326],[21.51103,64.50587],[21.50315,64.51306],[21.48782,64.519],[21.48073,64.52055],[21.47918,64.51698],[21.46908,64.51674],[21.46353,64.52189],[21.47365,64.52313],[21.47045,64.52724],[21.47241,64.53746],[21.46564,64.54093],[21.45905,64.538],[21.45674,64.54237],[21.45022,64.5429],[21.44957,64.53958],[21.43951,64.54216],[21.44004,64.53807],[21.43409,64.53732],[21.42475,64.52891],[21.42703,64.52302],[21.41249,64.52268],[21.41643,64.50924],[21.43075,64.51431],[21.43547,64.51213],[21.44742,64.51734],[21.45514,64.51744],[21.46631,64.51075],[21.47227,64.51201],[21.46941,64.50192],[21.47702,64.49525],[21.477,64.47734],[21.47254,64.47659],[21.47929,64.47249],[21.47951,64.46813],[21.46498,64.46766],[21.47711,64.44947],[21.48188,64.45111],[21.49243,64.44494],[21.51797,64.44907],[21.51305,64.45548],[21.51871,64.45725],[21.51923,64.46876],[21.5299,64.46898],[21.53294,64.4728],[21.54036,64.47367],[21.54687,64.47301],[21.55898,64.45634],[21.56548,64.4558],[21.56617,64.46039],[21.5738,64.45706],[21.58302,64.45879],[21.57847,64.46803],[21.58117,64.4693],[21.57102,64.47982],[21.5779,64.48299],[21.58351,64.48182],[21.58342,64.47772],[21.59496,64.4631],[21.60407,64.45974],[21.61653,64.44716],[21.61157,64.4372],[21.60468,64.43391],[21.58345,64.43719],[21.57626,64.43313],[21.57822,64.42788],[21.55961,64.42948],[21.55477,64.42413],[21.55793,64.41926],[21.53129,64.4191],[21.52194,64.40865],[21.5128,64.41047],[21.50556,64.40257],[21.50903,64.39821],[21.49305,64.39749],[21.50234,64.388],[21.49891,64.3783],[21.49258,64.38727],[21.48665,64.38601],[21.48122,64.37989],[21.47714,64.38246],[21.46884,64.38121],[21.47432,64.37352],[21.46717,64.36996],[21.47242,64.36636],[21.47236,64.36278],[21.463,64.35104],[21.44713,64.35378],[21.44766,64.35058],[21.43583,64.34858],[21.42356,64.35654],[21.41413,64.35759],[21.41694,64.34786],[21.41104,64.34788],[21.40949,64.34302],[21.41343,64.33048],[21.40799,64.32777],[21.41539,64.32446],[21.39484,64.32925],[21.39273,64.32619],[21.39914,64.32106],[21.38942,64.32159],[21.38595,64.32608],[21.3887,64.33311],[21.38611,64.3372],[21.3731,64.33519],[21.376,64.33135],[21.36564,64.32831],[21.37269,64.3265],[21.36765,64.32421],[21.36729,64.31935],[21.3499,64.31952],[21.3416,64.31558],[21.34617,64.30406],[21.34142,64.301],[21.3437,64.29486],[21.32602,64.29311],[21.32641,64.30129],[21.31614,64.30488],[21.3161,64.30157],[21.31049,64.30056],[21.31218,64.29365],[21.30513,64.2952],[21.30253,64.29904],[21.29427,64.29803],[21.29243,64.29139],[21.27177,64.28554],[21.26299,64.2917],[21.26598,64.29655],[21.2575,64.30296],[21.25819,64.31293],[21.25203,64.31563],[21.2473,64.31398],[21.24721,64.30477],[21.25219,64.30195],[21.24978,64.29607],[21.25211,64.29274],[21.24376,64.29163],[21.23938,64.28508],[21.22822,64.28715],[21.21362,64.2766],[21.21694,64.27438],[21.21045,64.27337],[21.20929,64.27618],[21.19985,64.2721],[21.20039,64.26597],[21.21181,64.25956],[21.20737,64.25573],[21.1762,64.25398],[21.17793,64.24963],[21.17024,64.24196],[21.16259,64.24095],[21.16811,64.23046],[21.16136,64.23072],[21.16041,64.21896],[21.14134,64.2223],[21.14571,64.21565],[21.14072,64.2154],[21.13921,64.20798],[21.13246,64.20799],[21.13155,64.20211],[21.12714,64.19981],[21.10866,64.20264],[21.10312,64.21031],[21.11164,64.21338],[21.10373,64.21798],[21.0958,64.21543],[21.09228,64.21697],[21.09259,64.22055],[21.07379,64.2244],[21.07966,64.21749],[21.07963,64.20445],[21.071,64.19875],[21.05554,64.19909],[21.05113,64.19602],[21.05065,64.18962],[21.05494,64.18962],[21.06049,64.18273],[21.05053,64.18935],[21.04877,64.18553],[21.05316,64.18118],[21.03732,64.1771],[21.04112,64.17096],[21.0203,64.16048],[21.01151,64.15766],[20.9781,64.16801],[20.97224,64.16559],[20.95289,64.17107],[20.94879,64.16814],[20.93979,64.17163],[20.92887,64.16596],[20.94646,64.16303],[20.95437,64.15894],[20.95233,64.15612],[20.95526,64.15254],[20.9746,64.15255],[20.97812,64.14769],[20.96377,64.14282],[20.95764,64.13106],[20.936,64.12363],[20.94596,64.11929],[20.96204,64.12313],[20.96585,64.11827],[20.95941,64.11904],[20.95796,64.11265],[20.96411,64.10651],[20.95915,64.09883],[20.95828,64.0941],[20.96296,64.0918],[20.96004,64.08912],[20.95244,64.08937],[20.95129,64.08246],[20.94018,64.08272],[20.94017,64.08605],[20.9539,64.09039],[20.94658,64.09985],[20.92084,64.10214],[20.91705,64.09857],[20.91854,64.09063],[20.9358,64.08169],[20.93698,64.07606],[20.93407,64.07044],[20.94606,64.06277],[20.94081,64.06226],[20.94287,64.05382],[20.92974,64.0533],[20.93295,64.04998],[20.92566,64.04819],[20.9283,64.0446],[20.90525,64.04293],[20.90625,64.03393],[20.89741,64.03282],[20.90063,64.02873],[20.91318,64.02746],[20.91819,64.00981],[20.8955,63.99803],[20.89058,63.98933],[20.897,63.98498],[20.89442,63.97527],[20.88627,63.97451],[20.87869,63.98012],[20.86471,63.9819],[20.86555,63.9865],[20.85595,63.98547],[20.85538,63.98265],[20.86004,63.9824],[20.85773,63.97805],[20.8621,63.97652],[20.86008,63.97422],[20.84029,63.97304],[20.83653,63.96985],[20.84236,63.96729],[20.84064,63.96243],[20.8517,63.96219],[20.85407,63.95273],[20.84682,63.94991],[20.83751,63.95118],[20.83725,63.94555],[20.82593,63.94221],[20.82537,63.93914],[20.80846,63.94628],[20.79687,63.94038],[20.79489,63.9322],[20.79846,63.92171],[20.79472,63.91685],[20.79908,63.91507],[20.79911,63.912],[20.80405,63.91174],[20.80378,63.90766],[20.80061,63.90445],[20.79131,63.90431],[20.78849,63.89536],[20.78211,63.89381],[20.77787,63.88025],[20.77327,63.87436],[20.7646,63.87077],[20.76146,63.86488],[20.73221,63.86278],[20.73223,63.85971],[20.74706,63.85475],[20.74651,63.85079],[20.73898,63.85077],[20.73603,63.85639],[20.72499,63.85842],[20.72216,63.85253],[20.73265,63.84616],[20.73357,63.84002],[20.72142,63.83744],[20.71914,63.83437],[20.71325,63.84407],[20.70307,63.84815],[20.70448,63.85173],[20.70184,63.85479],[20.6856,63.85527],[20.68101,63.85194],[20.6648,63.8496],[20.65647,63.84369],[20.65628,63.83551],[20.63488,63.83316],[20.63637,63.82958],[20.63059,63.8288],[20.63347,63.8225],[20.63101,63.81946],[20.64435,63.81732],[20.64951,63.82117],[20.66827,63.81823],[20.67673,63.82098],[20.67892,63.83147],[20.68844,63.8343],[20.68935,63.83098],[20.68588,63.8302],[20.70794,63.82565],[20.693,63.81488],[20.69322,63.81266],[20.70141,63.8136],[20.70259,63.8108],[20.69717,63.80363],[20.68992,63.80541],[20.69283,63.81248],[20.68953,63.81384],[20.69065,63.81794],[20.67389,63.81534],[20.67972,63.81178],[20.67919,63.80768],[20.67257,63.8046],[20.67726,63.79898],[20.65509,63.79126],[20.64667,63.79328],[20.63615,63.80195],[20.63744,63.81449],[20.60613,63.81799],[20.6032,63.82079],[20.60607,63.82235],[20.62079,63.82545],[20.59671,63.82922],[20.59093,63.82843],[20.59564,63.82256],[20.58934,63.8182],[20.60467,63.81875],[20.60306,63.8098],[20.58459,63.80668],[20.58234,63.80182],[20.56582,63.80381],[20.5672,63.80841],[20.55906,63.81095],[20.54659,63.81245],[20.54379,63.80694],[20.53683,63.80755],[20.53487,63.8037],[20.53757,63.79758],[20.55782,63.79764],[20.56181,63.80149],[20.56845,63.80202],[20.56935,63.80011],[20.55953,63.79918],[20.55772,63.78537],[20.56241,63.78129],[20.55903,63.7754],[20.55971,63.769],[20.56937,63.7611],[20.56828,63.7565],[20.57152,63.75241],[20.5687,63.7478],[20.57506,63.74731],[20.56998,63.73988],[20.57606,63.73887],[20.57704,63.73094],[20.55601,63.72832],[20.54915,63.72447],[20.54647,63.72957],[20.55302,63.7356],[20.53569,63.73593],[20.53016,63.73873],[20.53063,63.74538],[20.54017,63.74464],[20.54183,63.749],[20.53083,63.7505],[20.53337,63.75409],[20.52936,63.76916],[20.52245,63.76786],[20.52283,63.77963],[20.53208,63.77966],[20.52708,63.78501],[20.52753,63.79243],[20.52149,63.79062],[20.5268,63.80137],[20.526,63.81494],[20.50918,63.81667],[20.50875,63.8246],[20.50586,63.82484],[20.50191,63.8348],[20.49008,63.83272],[20.48801,63.82905],[20.49977,63.82508],[20.4978,63.822],[20.49034,63.81839],[20.47814,63.82065],[20.47046,63.81347],[20.4916,63.81239],[20.49371,63.80766],[20.49144,63.80535],[20.49498,63.80153],[20.49341,63.79307],[20.49058,63.78898],[20.47698,63.78919],[20.48578,63.78257],[20.47918,63.77999],[20.47938,63.78485],[20.47299,63.78611],[20.47402,63.77767],[20.45759,63.77556],[20.46198,63.77226],[20.45818,63.75919],[20.4463,63.7612],[20.43779,63.75323],[20.43651,63.74504],[20.43134,63.744],[20.43776,63.74044],[20.43823,63.73124],[20.44085,63.72997],[20.43804,63.72612],[20.43881,63.71666],[20.43198,63.71177],[20.42763,63.71329],[20.42234,63.70381],[20.42587,63.7005],[20.4248,63.69614],[20.41484,63.69022],[20.42499,63.68694],[20.42225,63.67976],[20.41281,63.67666],[20.40927,63.68099],[20.40692,63.69658],[20.39603,63.69372],[20.39702,63.6881],[20.40721,63.68303],[20.39622,63.67147],[20.38843,63.67195],[20.39067,63.67503],[20.38364,63.68063],[20.38202,63.6888],[20.3737,63.68723],[20.37213,63.69285],[20.36116,63.69357],[20.35848,63.69765],[20.35426,63.69303],[20.34735,63.69274],[20.34177,63.68479],[20.33602,63.68425],[20.33391,63.68833],[20.34361,63.69222],[20.34851,63.70503],[20.35652,63.70788],[20.3567,63.71248],[20.36494,63.71789],[20.36366,63.723],[20.36859,63.72225],[20.37364,63.71588],[20.37961,63.71974],[20.38684,63.71875],[20.38731,63.72387],[20.37778,63.72434],[20.37293,63.73481],[20.36252,63.73578],[20.35625,63.74522],[20.33337,63.74793],[20.33399,63.75843],[20.3249,63.77628],[20.30182,63.79766],[20.29627,63.81144],[20.29064,63.81679],[20.26966,63.82231],[20.2684,63.81488],[20.2787,63.80854],[20.28317,63.79944],[20.29905,63.79304],[20.30678,63.78438],[20.30899,63.7647],[20.31436,63.75807],[20.31303,63.7532],[20.30375,63.75077],[20.31593,63.75271],[20.31843,63.74505],[20.30924,63.74296],[20.30129,63.74906],[20.30486,63.74498],[20.29888,63.74163],[20.30055,63.73243],[20.30725,63.72965],[20.31909,63.71755],[20.32398,63.71796],[20.32863,63.70417],[20.32797,63.69572],[20.32429,63.69289],[20.3168,63.6926],[20.31345,63.68823],[20.30536,63.68935],[20.30113,63.68561],[20.30954,63.6831],[20.30915,63.67568],[20.3158,63.67444],[20.3122,63.66854],[20.30187,63.66708],[20.29915,63.66067],[20.30833,63.66212],[20.30725,63.65918],[20.29647,63.6526],[20.29243,63.65309],[20.2914,63.65974],[20.28362,63.66021],[20.28549,63.65434],[20.27858,63.65456],[20.28068,63.6625],[20.26785,63.66896],[20.24378,63.66435],[20.24442,63.67281],[20.25633,63.66903],[20.25977,63.68055],[20.25746,63.6918],[20.24473,63.69352],[20.24435,63.6971],[20.25375,63.7015],[20.25193,63.70481],[20.25643,63.70919],[20.26302,63.7105],[20.26404,63.71562],[20.2703,63.71923],[20.27073,63.72486],[20.27882,63.72439],[20.28266,63.73234],[20.27976,63.74409],[20.27227,63.74354],[20.27386,63.72667],[20.26889,63.72553],[20.26429,63.71715],[20.25997,63.71688],[20.25926,63.72224],[20.25433,63.72324],[20.24789,63.71579],[20.23924,63.694],[20.22705,63.68652],[20.21201,63.68874],[20.2085,63.69077],[20.21883,63.6921],[20.20837,63.69512],[20.19883,63.68611],[20.20407,63.68409],[20.21746,63.68638],[20.22014,63.676],[20.22478,63.67474],[20.22576,63.68114],[20.23221,63.67683],[20.23767,63.68837],[20.24057,63.68762],[20.23521,63.6725],[20.23816,63.67048],[20.23024,63.66479],[20.23554,63.66073],[20.23449,63.65663],[20.21059,63.65676],[20.20759,63.66135],[20.18496,63.65739],[20.17255,63.65847],[20.17333,63.66141],[20.1661,63.66252],[20.16013,63.6598],[20.15971,63.6644],[20.14003,63.66787],[20.13144,63.66628],[20.13041,63.66218],[20.1247,63.66061],[20.1269,63.65474],[20.10712,63.65232],[20.09897,63.65508],[20.09501,63.66196],[20.0849,63.66292],[20.07951,63.66928],[20.06795,63.67074],[20.0626,63.67558],[20.03174,63.66846],[20.01276,63.66782],[20.01007,63.66218],[20.00022,63.66364],[20.00021,63.65596],[20.00371,63.65471],[19.9955,63.65081],[19.9965,63.63061],[20.00346,63.62913],[20.00497,63.61891],[20.01328,63.61129],[20.00978,63.60462],[20.00238,63.6107],[19.99638,63.60964],[19.99097,63.61651],[19.98973,63.61087],[19.97146,63.60742],[19.96574,63.61479],[19.95105,63.61545],[19.94419,63.62231],[19.92635,63.62269],[19.92237,63.62138],[19.92124,63.61344],[19.91302,63.61031],[19.91681,63.60126],[19.90732,63.60157],[19.90309,63.60691],[19.90466,63.61843],[19.89894,63.61761],[19.895,63.61555],[19.89332,63.60709],[19.88078,63.60444],[19.88271,63.59908],[19.87984,63.59684],[19.88327,63.59218],[19.87928,63.59138],[19.87597,63.60261],[19.87139,63.60206],[19.87331,63.5898],[19.859,63.58866],[19.85511,63.5784],[19.84165,63.57752],[19.84197,63.56959],[19.83434,63.56672],[19.83222,63.56235],[19.82417,63.5628],[19.82689,63.5595],[19.8261,63.55079],[19.82041,63.55663],[19.81016,63.55475],[19.80694,63.54961],[19.79123,63.55485],[19.78673,63.53921],[19.77399,63.54179],[19.77145,63.53447],[19.76688,63.53419],[19.76377,63.53978],[19.7546,63.53983],[19.75009,63.53813],[19.75287,63.52689],[19.73285,63.52595],[19.72489,63.51821],[19.72681,63.50722],[19.74974,63.50025],[19.75209,63.49235],[19.75913,63.48831],[19.76021,63.47656],[19.76809,63.4664],[19.76306,63.46354],[19.75026,63.46539],[19.74193,63.46285],[19.74432,63.45417],[19.72825,63.45766],[19.72651,63.46245],[19.71803,63.4573],[19.7159,63.4522],[19.70944,63.4548],[19.70853,63.45081],[19.70185,63.45149],[19.7074,63.44711],[19.70618,63.44411],[19.69562,63.44014],[19.68738,63.44304],[19.68263,63.43443],[19.67642,63.43898],[19.67532,63.44435],[19.67189,63.44443],[19.66844,63.43865],[19.6766,63.43514],[19.66632,63.43504],[19.66054,63.43039],[19.64702,63.4323],[19.6453,63.45071],[19.63833,63.45293],[19.63011,63.45159],[19.62559,63.44463],[19.62259,63.44742],[19.61974,63.45916],[19.616,63.45964],[19.61563,63.46731],[19.62013,63.46889],[19.61959,63.47425],[19.60418,63.47922],[19.6052,63.48179],[19.59494,63.49268],[19.59817,63.5027],[19.60358,63.50326],[19.60169,63.50657],[19.58613,63.50309],[19.58484,63.52329],[19.58207,63.5271],[19.552,63.53243],[19.54793,63.52804],[19.54186,63.52925],[19.53628,63.53713],[19.52135,63.53774],[19.51929,63.54437],[19.50359,63.5593],[19.48406,63.56498],[19.4812,63.57032],[19.46462,63.56912],[19.44947,63.57331],[19.43934,63.56936],[19.43815,63.565],[19.4447,63.56072],[19.44503,63.55459],[19.43754,63.5499],[19.44128,63.54457],[19.45809,63.5358],[19.45616,63.52912],[19.45069,63.53495],[19.43354,63.52888],[19.42951,63.52397],[19.44948,63.51498],[19.44678,63.51188],[19.45084,63.50553],[19.46909,63.50189],[19.46711,63.49598],[19.47041,63.4932],[19.48251,63.49166],[19.4903,63.49597],[19.5057,63.49703],[19.50867,63.48951],[19.51418,63.48804],[19.51118,63.48519],[19.48482,63.48057],[19.48535,63.47571],[19.46608,63.47244],[19.46579,63.46732],[19.46812,63.4612],[19.47271,63.46087],[19.47698,63.45579],[19.48791,63.4545],[19.48557,63.45013],[19.4937,63.44228],[19.52041,63.43412],[19.52207,63.42953],[19.49323,63.43512],[19.50373,63.42525],[19.50503,63.41683],[19.51298,63.41204],[19.511,63.40614],[19.48966,63.41052],[19.48803,63.41971],[19.4697,63.4208],[19.46879,63.41644],[19.46246,63.41739],[19.4639,63.42252],[19.45508,63.42217],[19.44584,63.43435],[19.43293,63.43549],[19.43343,63.44189],[19.43863,63.44617],[19.44846,63.44397],[19.44832,63.44666],[19.45457,63.44724],[19.44149,63.45656],[19.42712,63.4582],[19.41814,63.46526],[19.41205,63.46161],[19.40728,63.46514],[19.3974,63.45787],[19.3918,63.46087],[19.39292,63.46626],[19.38814,63.46493],[19.38487,63.45696],[19.36194,63.45798],[19.35869,63.46485],[19.36592,63.46838],[19.36768,63.47263],[19.36343,63.47693],[19.3657,63.48233],[19.34625,63.49208],[19.35583,63.49961],[19.34973,63.5012],[19.34292,63.49025],[19.33497,63.48913],[19.33397,63.49654],[19.328,63.49571],[19.32226,63.48282],[19.33025,63.49164],[19.33393,63.48733],[19.35809,63.48019],[19.35217,63.46887],[19.36485,63.44701],[19.35898,63.43978],[19.34875,63.43877],[19.34256,63.44701],[19.33622,63.44796],[19.34027,63.45696],[19.34707,63.45806],[19.34102,63.46046],[19.33159,63.45865],[19.33332,63.45355],[19.31761,63.45338],[19.30979,63.45993],[19.30321,63.46011],[19.29935,63.46723],[19.3038,63.46932],[19.30475,63.47752],[19.30123,63.47902],[19.28696,63.46887],[19.28015,63.46802],[19.27957,63.45855],[19.26086,63.45602],[19.26562,63.44814],[19.2575,63.43589],[19.263,63.43481],[19.26395,63.42382],[19.25969,63.41865],[19.26212,63.41638],[19.25736,63.41478],[19.26085,63.40434],[19.25844,63.39689],[19.25118,63.38963],[19.25418,63.38251],[19.24705,63.3686],[19.25002,63.36658],[19.25381,63.34643],[19.24811,63.34175],[19.25526,63.34133],[19.2481,63.32793],[19.21622,63.32805],[19.20988,63.33386],[19.21301,63.34311],[19.20815,63.3433],[19.20691,63.33126],[19.1841,63.332],[19.18062,63.32837],[19.1881,63.32258],[19.17158,63.32288],[19.16857,63.31645],[19.15713,63.31732],[19.15538,63.32702],[19.14009,63.33015],[19.13374,63.33595],[19.13126,63.33464],[19.13776,63.32654],[19.1275,63.32231],[19.13023,63.31979],[19.12848,63.31618],[19.11494,63.31882],[19.11481,63.31626],[19.13072,63.30777],[19.1304,63.30392],[19.13664,63.30426],[19.13615,63.29863],[19.12547,63.30104],[19.12319,63.28362],[19.11904,63.28203],[19.11858,63.27613],[19.11404,63.27147],[19.0982,63.27048],[19.09727,63.26741],[19.10833,63.26333],[19.11917,63.26693],[19.11855,63.26334],[19.11476,63.26346],[19.11831,63.25835],[19.12929,63.25529],[19.11491,63.25818],[19.11106,63.25633],[19.11079,63.25172],[19.11463,63.24947],[19.09241,63.23766],[19.08539,63.24089],[19.08429,63.24471],[19.06316,63.24238],[19.04874,63.24577],[19.06024,63.24772],[19.06754,63.25319],[19.06152,63.25413],[19.05869,63.25819],[19.0522,63.25759],[19.05205,63.25144],[19.04129,63.26358],[19.03458,63.26195],[19.0316,63.25577],[19.01389,63.249],[18.98683,63.24631],[19.0134,63.24784],[19.02313,63.2426],[19.02809,63.22809],[19.02603,63.22499],[19.02936,63.22196],[19.03848,63.23386],[19.03471,63.23944],[19.03942,63.24091],[19.04605,63.23934],[19.04676,63.23308],[19.09339,63.23141],[19.09097,63.2251],[19.08208,63.22243],[19.09211,63.22077],[19.08427,63.21504],[19.06032,63.20832],[19.04674,63.20813],[19.03795,63.21236],[19.02004,63.20905],[19.02502,63.20655],[19.03653,63.20824],[19.03689,63.20313],[19.04069,63.20114],[19.03841,63.19727],[19.04357,63.19631],[19.03224,63.18797],[19.01131,63.18755],[19.00343,63.19089],[19.00794,63.19531],[18.99105,63.19788],[18.99333,63.20175],[18.98929,63.20272],[18.99407,63.20739],[18.98846,63.21065],[18.97669,63.20868],[18.95918,63.21176],[18.9589,63.21585],[18.96504,63.21722],[18.96254,63.22051],[18.94638,63.21644],[18.94945,63.22109],[18.93915,63.23424],[18.962,63.24021],[18.93761,63.23601],[18.92343,63.24783],[18.8894,63.26678],[18.89338,63.27452],[18.88722,63.28108],[18.87549,63.28602],[18.87509,63.29139],[18.8709,63.2944],[18.86525,63.2938],[18.86381,63.2902],[18.84882,63.2892],[18.84993,63.28577],[18.85452,63.2852],[18.85721,63.27577],[18.85416,63.2747],[18.86433,63.27152],[18.85785,63.2594],[18.85105,63.25546],[18.83675,63.25678],[18.82123,63.27062],[18.82851,63.27559],[18.81335,63.27331],[18.81095,63.27003],[18.83087,63.25567],[18.82865,63.25128],[18.82028,63.24922],[18.80635,63.25324],[18.80737,63.26605],[18.80292,63.26854],[18.79502,63.26778],[18.78557,63.26137],[18.78528,63.25778],[18.76686,63.25723],[18.76288,63.26101],[18.76713,63.2685],[18.75443,63.27111],[18.74938,63.27385],[18.75006,63.27616],[18.73303,63.28306],[18.70937,63.28754],[18.71414,63.27764],[18.71758,63.27718],[18.71597,63.26897],[18.71146,63.26838],[18.71438,63.26382],[18.74664,63.26165],[18.78195,63.2457],[18.90162,63.23152],[18.88677,63.22503],[18.88381,63.20349],[18.86126,63.20188],[18.84091,63.20873],[18.83482,63.21427],[18.82569,63.21503],[18.81042,63.20699],[18.80848,63.19519],[18.78471,63.19482],[18.78142,63.19707],[18.78256,63.20067],[18.75148,63.21042],[18.75822,63.20029],[18.77851,63.19805],[18.78189,63.19093],[18.75172,63.18905],[18.7545,63.17873],[18.74475,63.17666],[18.73148,63.1799],[18.73059,63.18398],[18.74282,63.18699],[18.73979,63.1895],[18.7224,63.18731],[18.71847,63.19044],[18.72279,63.19307],[18.71961,63.19763],[18.71144,63.2003],[18.71388,63.20547],[18.71204,63.22157],[18.71814,63.22703],[18.74004,63.22981],[18.74936,63.22676],[18.75441,63.22032],[18.77012,63.22235],[18.78225,63.2196],[18.7962,63.22263],[18.78401,63.22615],[18.77562,63.22463],[18.74867,63.23558],[18.7122,63.23756],[18.70464,63.23987],[18.69826,63.24872],[18.67944,63.24969],[18.68119,63.24563],[18.67722,63.24198],[18.65957,63.24271],[18.65991,63.23159],[18.68446,63.22956],[18.69622,63.22438],[18.69573,63.22002],[18.69934,63.21726],[18.69216,63.21126],[18.70141,63.2091],[18.70307,63.20248],[18.70658,63.201],[18.70313,63.19813],[18.70582,63.18921],[18.69773,63.18397],[18.70442,63.18177],[18.70224,63.17713],[18.7107,63.17765],[18.7212,63.1736],[18.7256,63.16087],[18.70552,63.16439],[18.69687,63.16988],[18.69794,63.17425],[18.67467,63.16785],[18.66036,63.16979],[18.65693,63.17716],[18.65012,63.17729],[18.64442,63.1813],[18.64428,63.18642],[18.61821,63.17971],[18.58491,63.17813],[18.5864,63.17393],[18.60685,63.16634],[18.60717,63.16251],[18.59064,63.16375],[18.6045,63.15018],[18.60206,63.13862],[18.59053,63.13791],[18.60133,63.13375],[18.60163,63.13017],[18.59672,63.1178],[18.58843,63.11548],[18.57495,63.12127],[18.56604,63.13314],[18.55948,63.13047],[18.55209,63.13418],[18.55505,63.13935],[18.54807,63.14819],[18.55194,63.15952],[18.54309,63.15705],[18.5372,63.15977],[18.52146,63.15848],[18.522,63.15542],[18.51455,63.15324],[18.52714,63.15168],[18.53518,63.14694],[18.52652,63.13885],[18.53409,63.1331],[18.53602,63.127],[18.52846,63.1261],[18.53042,63.11308],[18.54795,63.10954],[18.54127,63.10507],[18.53629,63.11062],[18.53281,63.10826],[18.5376,63.10169],[18.52441,63.09071],[18.49594,63.08687],[18.49672,63.08433],[18.51535,63.08441],[18.52133,63.07709],[18.49733,63.06413],[18.49005,63.06348],[18.48897,63.05963],[18.49387,63.05843],[18.49199,63.05405],[18.48528,63.05342],[18.47575,63.03968],[18.47139,63.03794],[18.46929,63.02319],[18.45066,63.03002],[18.44541,63.0353],[18.44816,63.03612],[18.44756,63.03969],[18.45533,63.04111],[18.43892,63.04824],[18.43158,63.05476],[18.43156,63.06141],[18.42547,63.06642],[18.40466,63.05951],[18.37085,63.06516],[18.36357,63.06451],[18.36016,63.05856],[18.36567,63.0538],[18.38725,63.05215],[18.39351,63.04843],[18.39971,63.03268],[18.40649,63.03241],[18.41483,63.02733],[18.43301,63.02573],[18.4376,63.02159],[18.36973,63.02137],[18.34717,63.04322],[18.348,63.04656],[18.33375,63.05141],[18.32738,63.05001],[18.33142,63.03371],[18.322,63.03187],[18.32175,63.02841],[18.33661,63.02306],[18.33319,63.01429],[18.29619,63.01845],[18.2877,63.00677],[18.24295,63.00347],[18.20372,63.01345],[18.21946,63.00186],[18.26991,62.99823],[18.28695,62.9905],[18.2926,62.9933],[18.2926,62.99637],[18.30456,62.99788],[18.31129,62.98596],[18.32079,62.98359],[18.32456,62.98853],[18.33479,62.99051],[18.34367,62.9981],[18.39988,63.00542],[18.41895,63.00628],[18.44413,63.00162],[18.51043,62.99666],[18.52443,62.99089],[18.53453,62.9912],[18.54401,62.9856],[18.54266,62.9715],[18.55838,62.96512],[18.55539,62.96046],[18.53717,62.95989],[18.51901,62.97186],[18.52273,62.95785],[18.5133,62.95626],[18.49811,62.95972],[18.50683,62.96294],[18.50234,62.96619],[18.48087,62.96082],[18.46655,62.97041],[18.45808,62.97077],[18.45761,62.96642],[18.45355,62.96468],[18.43665,62.96501],[18.42598,62.97122],[18.42316,62.96809],[18.41854,62.96955],[18.42107,62.97266],[18.41934,62.97954],[18.41565,62.97999],[18.41073,62.96556],[18.41453,62.96077],[18.38863,62.96119],[18.3816,62.95812],[18.37018,62.94434],[18.37232,62.94233],[18.38656,62.94029],[18.39015,62.9442],[18.37711,62.94856],[18.39025,62.95879],[18.40418,62.957],[18.42359,62.94737],[18.44534,62.94597],[18.44071,62.93463],[18.4421,62.93158],[18.44887,62.93119],[18.46349,62.9408],[18.47483,62.93959],[18.47643,62.94372],[18.48587,62.94517],[18.51084,62.93563],[18.51149,62.93129],[18.50817,62.93072],[18.51152,62.92437],[18.50369,62.92398],[18.48603,62.90729],[18.47383,62.90554],[18.47335,62.90143],[18.46177,62.90224],[18.46363,62.90997],[18.45733,62.91471],[18.45515,62.90418],[18.45088,62.90486],[18.44936,62.90945],[18.43661,62.90768],[18.42749,62.9093],[18.4249,62.91335],[18.41832,62.91144],[18.39143,62.91722],[18.4144,62.90484],[18.44669,62.89506],[18.45767,62.8945],[18.45963,62.88813],[18.44912,62.88641],[18.45193,62.87993],[18.45785,62.87632],[18.44719,62.86999],[18.42177,62.86582],[18.40604,62.87257],[18.40617,62.86796],[18.39777,62.86474],[18.40286,62.86099],[18.40175,62.85457],[18.37389,62.84343],[18.3466,62.83563],[18.33814,62.83623],[18.33894,62.83983],[18.33442,62.84026],[18.33413,62.84345],[18.32007,62.84101],[18.31972,62.85406],[18.31642,62.85655],[18.32254,62.86],[18.32414,62.86412],[18.32007,62.86558],[18.33184,62.87169],[18.3339,62.87685],[18.32982,62.87857],[18.31923,62.86557],[18.31229,62.86185],[18.30823,62.86331],[18.30601,62.86915],[18.2919,62.87631],[18.2912,62.8809],[18.29663,62.88587],[18.29228,62.89961],[18.28796,62.89466],[18.26377,62.90149],[18.23472,62.89695],[18.24753,62.89208],[18.25458,62.88275],[18.24318,62.88176],[18.23969,62.88604],[18.24068,62.89041],[18.23162,62.89126],[18.22902,62.88609],[18.21037,62.8847],[18.21758,62.87571],[18.20316,62.8779],[18.20804,62.87083],[18.20117,62.86941],[18.20167,62.86405],[18.20811,62.85829],[18.2072,62.85008],[18.21173,62.84684],[18.2099,62.84245],[18.20318,62.8395],[18.21147,62.83173],[18.22457,62.82943],[18.22813,62.84205],[18.23796,62.85069],[18.27133,62.85031],[18.28108,62.85396],[18.28764,62.85268],[18.27689,62.83557],[18.27957,62.8277],[18.26657,62.8172],[18.25046,62.80997],[18.24501,62.80832],[18.23733,62.80972],[18.23928,62.81283],[18.23339,62.81297],[18.23261,62.80937],[18.22719,62.80747],[18.23523,62.80225],[18.22811,62.79776],[18.20037,62.79542],[18.18241,62.79032],[18.17786,62.79113],[18.17655,62.79597],[18.1881,62.80977],[18.1872,62.81922],[18.18446,62.82736],[18.17779,62.82671],[18.17955,62.82316],[18.15091,62.79519],[18.1566,62.7884],[18.15542,62.78607],[18.14093,62.78565],[18.14712,62.78232],[18.14382,62.77892],[18.11942,62.77126],[18.11802,62.76841],[18.10859,62.76771],[18.10786,62.7723],[18.09137,62.7781],[18.0829,62.78458],[18.07933,62.78118],[18.07086,62.78203],[18.06746,62.78529],[18.06908,62.78865],[18.08602,62.78695],[18.0868,62.79055],[18.08529,62.79436],[18.06878,62.79735],[18.06784,62.80117],[18.04932,62.8018],[18.03014,62.79781],[18.00063,62.80487],[17.99894,62.80181],[17.98284,62.80855],[17.98114,62.81934],[17.99708,62.82745],[18.01754,62.82288],[18.01855,62.81293],[18.02601,62.81104],[18.04494,62.8204],[18.05415,62.82059],[18.06535,62.80931],[18.07053,62.81069],[18.06545,62.81673],[18.06992,62.81964],[18.08583,62.81716],[18.09339,62.81142],[18.15575,62.81167],[18.15653,62.81502],[18.13043,62.81884],[18.12766,62.82723],[18.12202,62.82763],[18.12554,62.82309],[18.11801,62.81999],[18.11706,62.82394],[18.11254,62.82436],[18.10997,62.83351],[18.07941,62.84237],[18.06275,62.841],[18.05399,62.84452],[18.05499,62.85133],[18.04656,62.85166],[18.04143,62.84695],[18.0353,62.84938],[18.04365,62.85544],[18.01782,62.85323],[18.02903,62.8449],[18.0285,62.84181],[18.01089,62.84426],[18.00114,62.84098],[18.00091,62.83227],[17.97711,62.83478],[17.97299,62.83282],[17.97022,62.80267],[17.96114,62.79851],[17.95003,62.79926],[17.94698,62.80239],[17.93212,62.79349],[17.93375,62.78475],[17.94027,62.77719],[17.93284,62.77077],[17.95777,62.7566],[17.96131,62.75294],[17.95944,62.74824],[17.96727,62.74833],[17.97423,62.74268],[17.94622,62.73047],[17.96411,62.72241],[17.97946,62.71979],[17.97862,62.71417],[17.98851,62.70449],[17.98448,62.69216],[17.98737,62.68761],[17.97898,62.68728],[17.97329,62.68062],[17.96823,62.68009],[17.97197,62.67297],[17.97088,62.66774],[17.98788,62.66789],[17.98135,62.6583],[17.97794,62.65479],[17.9635,62.6551],[17.9426,62.66322],[17.94202,62.66861],[17.94614,62.67082],[17.92669,62.67686],[17.90316,62.67543],[17.90135,62.6683],[17.88899,62.66715],[17.87956,62.6676],[17.87769,62.67122],[17.86685,62.67426],[17.86821,62.67679],[17.85399,62.67951],[17.84518,62.6719],[17.85638,62.66385],[17.86259,62.66475],[17.86945,62.6609],[17.88979,62.66393],[17.92308,62.65723],[17.93454,62.65212],[17.93391,62.64855],[17.9379,62.64668],[17.936,62.63878],[17.94312,62.63761],[17.95297,62.64444],[17.96918,62.64512],[18.01165,62.63819],[18.05691,62.6193],[18.06461,62.60885],[18.05344,62.6095],[18.04985,62.60367],[18.05673,62.59869],[18.04606,62.59424],[18.03168,62.59919],[18.03416,62.59105],[18.00811,62.5823],[18.00547,62.57815],[17.97861,62.56441],[17.95509,62.55953],[17.9494,62.55248],[17.93278,62.5527],[17.92824,62.55446],[17.92922,62.55879],[17.93427,62.56214],[17.94621,62.55946],[17.9529,62.56828],[17.94148,62.57339],[17.941,62.56853],[17.93531,62.56993],[17.93787,62.57252],[17.93562,62.59552],[17.93022,62.61407],[17.93741,62.62211],[17.94702,62.62369],[17.93837,62.62815],[17.93826,62.62517],[17.92022,62.62247],[17.9149,62.61362],[17.90022,62.61124],[17.91329,62.6029],[17.91604,62.60541],[17.91334,62.60905],[17.92515,62.61046],[17.92627,62.58522],[17.91531,62.58955],[17.90806,62.58356],[17.91562,62.58135],[17.9166,62.57723],[17.91175,62.5758],[17.91694,62.56366],[17.91186,62.55993],[17.90843,62.55027],[17.90125,62.54504],[17.89316,62.54444],[17.89436,62.53969],[17.8835,62.54208],[17.88334,62.54618],[17.86653,62.55294],[17.87148,62.54386],[17.88379,62.53738],[17.87922,62.53219],[17.88928,62.52737],[17.88714,62.51666],[17.86704,62.50351],[17.85187,62.50126],[17.84334,62.4958],[17.85156,62.49513],[17.8513,62.49231],[17.84137,62.48982],[17.81896,62.49271],[17.82098,62.48192],[17.8183,62.47993],[17.81017,62.48163],[17.80545,62.48735],[17.81044,62.49634],[17.80336,62.49456],[17.80057,62.48847],[17.797,62.49468],[17.791,62.49558],[17.78201,62.506],[17.7705,62.50725],[17.76321,62.50602],[17.76397,62.50252],[17.75624,62.5028],[17.74668,62.5072],[17.7393,62.50518],[17.72906,62.50832],[17.72353,62.5083],[17.72527,62.50524],[17.7192,62.50339],[17.71533,62.49733],[17.68349,62.4941],[17.6802,62.48521],[17.67594,62.48401],[17.67808,62.48012],[17.65906,62.47153],[17.65743,62.46568],[17.67925,62.44683],[17.68975,62.44381],[17.69657,62.44893],[17.71139,62.44173],[17.70838,62.43603],[17.71114,62.4329],[17.69926,62.43288],[17.69925,62.42968],[17.67637,62.43319],[17.734,62.4171],[17.7372,62.40986],[17.7323,62.4106],[17.72737,62.39892],[17.736,62.3967],[17.74017,62.38805],[17.72703,62.38907],[17.72905,62.39313],[17.72378,62.39579],[17.69547,62.39993],[17.69526,62.40377],[17.67942,62.41176],[17.64945,62.41617],[17.64457,62.42343],[17.63862,62.42482],[17.64151,62.43245],[17.63198,62.43083],[17.61692,62.43547],[17.61914,62.43876],[17.60342,62.43905],[17.60151,62.43614],[17.53521,62.44901],[17.52224,62.4623],[17.51847,62.4831],[17.48673,62.51054],[17.47952,62.51042],[17.47461,62.5146],[17.47418,62.50949],[17.44916,62.50481],[17.44043,62.5065],[17.43939,62.51394],[17.4314,62.51792],[17.42738,62.51607],[17.4361,62.51092],[17.43056,62.50411],[17.3971,62.49765],[17.36773,62.49713],[17.36033,62.49457],[17.35928,62.49177],[17.36377,62.48913],[17.34229,62.49052],[17.33154,62.48379],[17.34214,62.47427],[17.32141,62.47087],[17.36063,62.46334],[17.3769,62.44898],[17.38623,62.44473],[17.39222,62.43669],[17.39023,62.42905],[17.38261,62.42355],[17.39855,62.40203],[17.39126,62.39704],[17.37351,62.39581],[17.3615,62.39038],[17.35554,62.39176],[17.35862,62.3958],[17.35209,62.39694],[17.34902,62.39302],[17.31541,62.39333],[17.33896,62.38423],[17.35669,62.38533],[17.37468,62.37224],[17.37131,62.36103],[17.37568,62.35354],[17.36623,62.34551],[17.37125,62.33928],[17.36823,62.33242],[17.37299,62.32645],[17.37073,62.32572],[17.37128,62.31855],[17.37505,62.31784],[17.3762,62.30439],[17.38155,62.3025],[17.38416,62.29734],[17.37717,62.28543],[17.38019,62.27834],[17.38736,62.27863],[17.38142,62.27998],[17.37961,62.28846],[17.38849,62.2965],[17.38339,62.30836],[17.39036,62.3131],[17.39099,62.32103],[17.39554,62.32632],[17.38865,62.3331],[17.39357,62.33608],[17.40115,62.32763],[17.40678,62.3292],[17.4076,62.3361],[17.41123,62.33667],[17.42842,62.33138],[17.44363,62.32228],[17.44931,62.3108],[17.46432,62.30592],[17.4686,62.30124],[17.4668,62.29602],[17.4458,62.29473],[17.44492,62.29065],[17.46896,62.29228],[17.47127,62.28686],[17.4669,62.28387],[17.47178,62.27968],[17.48241,62.28205],[17.48369,62.27742],[17.49438,62.27058],[17.47499,62.26862],[17.46946,62.27486],[17.46397,62.27497],[17.45531,62.26641],[17.45759,62.26407],[17.51197,62.25759],[17.52309,62.24612],[17.52997,62.24638],[17.52789,62.25103],[17.54142,62.25526],[17.55515,62.25526],[17.55972,62.25096],[17.57892,62.25073],[17.60872,62.23981],[17.6166,62.24209],[17.64117,62.24073],[17.65917,62.23629],[17.66136,62.23317],[17.66002,62.23038],[17.65169,62.22926],[17.64675,62.21989],[17.63352,62.21591],[17.63552,62.2137],[17.63154,62.21193],[17.61436,62.20987],[17.61177,62.21707],[17.60118,62.21306],[17.61571,62.20332],[17.60685,62.19914],[17.5896,62.20254],[17.58004,62.19964],[17.57605,62.1946],[17.57705,62.19023],[17.55834,62.18929],[17.553,62.18427],[17.54495,62.18647],[17.54366,62.19059],[17.52061,62.19678],[17.51884,62.20179],[17.52771,62.20623],[17.52828,62.20981],[17.53529,62.2084],[17.54496,62.21258],[17.56866,62.21086],[17.5778,62.21837],[17.57392,62.22433],[17.56559,62.22308],[17.56502,62.22603],[17.54233,62.22696],[17.54119,62.2298],[17.52949,62.23078],[17.52636,62.22623],[17.51569,62.22975],[17.50077,62.22848],[17.49838,62.2229],[17.50323,62.22178],[17.49847,62.21394],[17.50332,62.21295],[17.49685,62.20424],[17.51395,62.19907],[17.51143,62.19169],[17.50422,62.19054],[17.50639,62.18717],[17.51441,62.18805],[17.51924,62.19347],[17.52593,62.18822],[17.53255,62.18874],[17.53747,62.17893],[17.5508,62.17459],[17.54,62.16992],[17.53208,62.17007],[17.53502,62.16592],[17.5315,62.16317],[17.51376,62.1704],[17.52309,62.16955],[17.52424,62.17456],[17.50224,62.17675],[17.5078,62.17434],[17.51296,62.16402],[17.50714,62.1631],[17.51128,62.15035],[17.50622,62.14545],[17.51185,62.14407],[17.50693,62.14195]],[[19.31655,63.47951],[19.32064,63.47976],[19.32194,63.48222],[19.31655,63.47951]],[[17.39049,62.27725],[17.3874,62.27233],[17.39118,62.2715],[17.39346,62.27594],[17.39049,62.27725]]],[[[24.14805,65.61788],[24.1369,65.61792],[24.13703,65.6224],[24.14506,65.62255],[24.15104,65.61883],[24.14805,65.61788]]],[[[24.13601,65.73268],[24.13008,65.73563],[24.13959,65.73684],[24.14083,65.73405],[24.13601,65.73268]]],[[[24.11169,65.78891],[24.10415,65.78941],[24.09992,65.79931],[24.11226,65.80044],[24.13557,65.80958],[24.13915,65.80823],[24.14065,65.80314],[24.11169,65.78891]]],[[[24.13254,65.66301],[24.11642,65.66859],[24.11706,65.67116],[24.11165,65.67234],[24.10917,65.67792],[24.13344,65.67173],[24.13493,65.66945],[24.13085,65.66707],[24.13254,65.66301]]],[[[24.13076,65.68473],[24.12183,65.68685],[24.12777,65.68928],[24.13312,65.6858],[24.13076,65.68473]]],[[[24.1308,65.78884],[24.12504,65.78929],[24.13204,65.79188],[24.1308,65.78884]]],[[[24.12771,65.78044],[24.12621,65.77319],[24.11802,65.77687],[24.12771,65.78044]]],[[[24.12085,65.61186],[24.11802,65.61232],[24.11748,65.61717],[24.1245,65.61807],[24.12556,65.61413],[24.12085,65.61186]]],[[[24.12195,65.72487],[24.11409,65.72843],[24.12018,65.72957],[24.12195,65.72487]]],[[[24.11856,65.71623],[24.11294,65.71651],[24.11475,65.71974],[24.12157,65.71987],[24.11856,65.71623]]],[[[24.11562,65.69801],[24.10266,65.70006],[24.09867,65.70523],[24.09046,65.70636],[24.08154,65.70555],[24.08337,65.70301],[24.07621,65.70045],[24.06814,65.70043],[24.06591,65.70371],[24.09179,65.71112],[24.10612,65.71075],[24.11245,65.70971],[24.11545,65.70517],[24.10792,65.70578],[24.10809,65.70145],[24.11959,65.70141],[24.11562,65.69801]]],[[[24.11938,65.74235],[24.11116,65.74629],[24.11802,65.74898],[24.11938,65.74235]]],[[[24.08271,65.79706],[24.07208,65.79738],[24.07496,65.79947],[24.07049,65.8031],[24.08264,65.8087],[24.11105,65.80847],[24.08271,65.79706]]],[[[24.09792,65.6786],[24.08934,65.68036],[24.09186,65.68284],[24.10435,65.68218],[24.09792,65.6786]]],[[[24.09447,65.64847],[24.08141,65.64886],[24.08158,65.65283],[24.09019,65.6535],[24.09447,65.64847]]],[[[24.07869,65.65648],[24.07181,65.65699],[24.06689,65.66214],[24.08395,65.6594],[24.07869,65.65648]]],[[[24.05881,65.73876],[24.04767,65.74098],[24.05938,65.75016],[24.06677,65.75082],[24.07133,65.7463],[24.07044,65.7432],[24.05881,65.73876]]],[[[24.05821,65.62935],[24.06049,65.63655],[24.06694,65.63425],[24.05821,65.62935]]],[[[24.06476,65.77407],[24.05581,65.77876],[24.06213,65.78067],[24.06687,65.77462],[24.06476,65.77407]]],[[[24.06462,65.75334],[24.04446,65.76088],[24.05429,65.76209],[24.06462,65.75334]]],[[[24.03996,65.64806],[24.03229,65.65008],[24.02661,65.65637],[24.04138,65.65743],[24.03996,65.64806]]],[[[24.02631,65.59955],[24.03017,65.61447],[24.0397,65.61517],[24.03332,65.60045],[24.02631,65.59955]]],[[[24.01268,65.61042],[24.00718,65.61248],[24.01582,65.61547],[24.01268,65.61042]]],[[[24,65.6946],[24.00321,65.69251],[24.0021,65.68865],[23.99608,65.68485],[23.97707,65.68151],[23.96437,65.68444],[23.95534,65.69511],[23.96444,65.70133],[23.96737,65.69437],[23.98384,65.69712],[24,65.6946]]],[[[23.98345,65.65605],[23.9756,65.65786],[23.97503,65.66376],[23.98984,65.6604],[23.99008,65.65707],[23.98345,65.65605]]],[[[23.95172,65.7804],[23.94907,65.78174],[23.95056,65.78657],[23.95651,65.78953],[23.96912,65.79083],[23.97117,65.78694],[23.96812,65.78213],[23.95172,65.7804]]],[[[23.96097,65.59493],[23.95569,65.59747],[23.96292,65.59848],[23.96097,65.59493]]],[[[23.94824,65.58635],[23.94543,65.58884],[23.95148,65.59307],[23.95992,65.59112],[23.94824,65.58635]]],[[[23.92373,65.60487],[23.90533,65.60637],[23.90386,65.60986],[23.92512,65.61175],[23.92373,65.60487]]],[[[23.89642,65.75395],[23.88716,65.75477],[23.88129,65.76076],[23.8987,65.76325],[23.89479,65.75616],[23.89642,65.75395]]],[[[23.83748,65.72755],[23.83928,65.73263],[23.84419,65.73203],[23.83748,65.72755]]],[[[23.83461,65.65032],[23.82336,65.65513],[23.82396,65.66357],[23.81985,65.6685],[23.83389,65.66645],[23.83835,65.65332],[23.83461,65.65032]]],[[[23.82024,65.60362],[23.79708,65.607],[23.79497,65.61036],[23.81785,65.61019],[23.82631,65.60543],[23.82024,65.60362]]],[[[23.80436,65.63424],[23.77081,65.63921],[23.76469,65.6429],[23.76562,65.64864],[23.77553,65.64859],[23.77944,65.6562],[23.78518,65.65763],[23.79922,65.64406],[23.81517,65.63686],[23.80436,65.63424]]],[[[23.78405,65.77407],[23.7756,65.77667],[23.7846,65.77919],[23.78405,65.77407]]],[[[23.76099,65.55852],[23.74968,65.56257],[23.75,65.56563],[23.74016,65.56607],[23.74205,65.56936],[23.7166,65.57122],[23.72255,65.58097],[23.74119,65.58473],[23.74128,65.59726],[23.75363,65.60574],[23.76246,65.60737],[23.7634,65.60454],[23.75451,65.60241],[23.75052,65.59684],[23.74922,65.58458],[23.76224,65.57616],[23.7672,65.57632],[23.76811,65.57324],[23.77728,65.5723],[23.77555,65.56773],[23.78008,65.56662],[23.77835,65.56204],[23.76099,65.55852]]],[[[23.76667,65.77465],[23.75865,65.77838],[23.76105,65.78038],[23.76782,65.77668],[23.76667,65.77465]]],[[[23.58971,65.74308],[23.58466,65.7456],[23.59333,65.75134],[23.58971,65.74308]]],[[[23.56293,65.655],[23.55683,65.656],[23.55953,65.65826],[23.57245,65.65727],[23.56293,65.655]]],[[[23.56468,65.71664],[23.54868,65.72139],[23.55044,65.7234],[23.53104,65.74113],[23.54649,65.7401],[23.54694,65.73523],[23.55987,65.72452],[23.5719,65.72048],[23.56468,65.71664]]],[[[23.55592,65.52092],[23.55063,65.52357],[23.55173,65.52534],[23.53994,65.52784],[23.5599,65.53006],[23.56427,65.52743],[23.56287,65.52259],[23.55592,65.52092]]],[[[23.52308,65.73601],[23.51116,65.74145],[23.51176,65.74757],[23.52151,65.74231],[23.52308,65.73601]]],[[[23.51351,65.70802],[23.50497,65.7129],[23.50804,65.71566],[23.49747,65.71891],[23.49739,65.72121],[23.48271,65.72375],[23.49481,65.72995],[23.48566,65.73829],[23.49126,65.74152],[23.48676,65.74646],[23.49853,65.74268],[23.49792,65.73962],[23.51582,65.72858],[23.51427,65.72221],[23.5187,65.71984],[23.51307,65.71635],[23.51794,65.71524],[23.51795,65.71217],[23.51351,65.70802]]],[[[23.46388,65.77395],[23.45,65.77865],[23.45155,65.78182],[23.46528,65.78211],[23.46874,65.77924],[23.46701,65.77416],[23.46388,65.77395]]],[[[23.461,65.80252],[23.44531,65.81136],[23.45997,65.81137],[23.46542,65.80642],[23.461,65.80252]]],[[[23.45596,65.74312],[23.4552,65.74825],[23.46101,65.74713],[23.45596,65.74312]]],[[[23.44367,65.78413],[23.44072,65.79249],[23.44365,65.80037],[23.43908,65.80147],[23.44368,65.80395],[23.4549,65.79738],[23.45068,65.79233],[23.45543,65.78994],[23.44367,65.78413]]],[[[23.4515,65.75509],[23.44188,65.76202],[23.44776,65.76167],[23.4515,65.75509]]],[[[23.42735,65.74319],[23.40811,65.75028],[23.41324,65.75199],[23.41912,65.76162],[23.42527,65.76075],[23.43308,65.75449],[23.43226,65.7458],[23.42735,65.74319]]],[[[23.34647,65.81839],[23.34346,65.81959],[23.35133,65.82369],[23.35223,65.81997],[23.34647,65.81839]]],[[[23.31965,65.79079],[23.31373,65.7942],[23.32127,65.79486],[23.31965,65.79079]]],[[[23.20593,65.73977],[23.18994,65.74563],[23.19168,65.75149],[23.18624,65.75336],[23.18629,65.75745],[23.19248,65.76081],[23.21036,65.75889],[23.22371,65.76203],[23.22952,65.76092],[23.2283,65.75761],[23.24363,65.75496],[23.24452,65.75801],[23.2402,65.75846],[23.24237,65.76201],[23.2799,65.76414],[23.28662,65.76263],[23.28642,65.76033],[23.27026,65.76057],[23.26746,65.75703],[23.26836,65.75318],[23.27587,65.75358],[23.2765,65.75025],[23.23578,65.75072],[23.28079,65.74584],[23.28414,65.73095],[23.31751,65.71842],[23.30297,65.71557],[23.28558,65.71916],[23.27995,65.72231],[23.28352,65.72405],[23.28153,65.72613],[23.27419,65.72751],[23.27732,65.7313],[23.2689,65.73808],[23.25504,65.74315],[23.25335,65.73089],[23.26,65.72875],[23.25942,65.7221],[23.2645,65.71973],[23.2638,65.71526],[23.25679,65.71332],[23.26371,65.71078],[23.25822,65.70831],[23.23618,65.71925],[23.22377,65.71943],[23.22404,65.72262],[23.23614,65.72126],[23.22431,65.72569],[23.22616,65.72925],[23.21077,65.73459],[23.20593,65.73977]]],[[[23.30041,65.73569],[23.29428,65.73668],[23.29388,65.73937],[23.30365,65.73718],[23.30041,65.73569]]],[[[23.29703,65.70466],[23.28947,65.71053],[23.29893,65.71204],[23.29703,65.70466]]],[[[23.27942,65.77975],[23.27224,65.78306],[23.28223,65.78342],[23.27942,65.77975]]],[[[23.27076,65.76632],[23.26167,65.76914],[23.28099,65.76937],[23.27076,65.76632]]],[[[23.26134,65.77247],[23.24704,65.77627],[23.26155,65.78193],[23.26432,65.77819],[23.26134,65.77247]]],[[[23.25953,65.68769],[23.24614,65.69083],[23.24881,65.69298],[23.25953,65.68769]]],[[[23.24173,65.78326],[23.22262,65.78557],[23.20356,65.79583],[23.22369,65.79797],[23.24573,65.79343],[23.24726,65.78957],[23.24173,65.78326]]],[[[23.24191,65.7065],[23.23464,65.70865],[23.23976,65.71037],[23.24191,65.7065]]],[[[23.18845,65.72071],[23.18145,65.72247],[23.18702,65.72572],[23.186,65.72829],[23.19286,65.7287],[23.19659,65.72507],[23.18845,65.72071]]],[[[23.17384,65.72424],[23.1708,65.72876],[23.16443,65.73064],[23.16471,65.73397],[23.17946,65.73938],[23.18446,65.73599],[23.18163,65.73193],[23.18516,65.72958],[23.18332,65.72615],[23.17384,65.72424]]],[[[23.17767,65.8361],[23.16776,65.83702],[23.16853,65.8388],[23.17767,65.8361]]],[[[23.09096,65.66004],[23.07487,65.66052],[23.05316,65.67207],[23.04128,65.67478],[23.04281,65.67847],[23.05913,65.67301],[23.06445,65.67753],[23.07261,65.67871],[23.09151,65.67461],[23.09475,65.66485],[23.08883,65.66442],[23.09096,65.66004]]],[[[23.06547,65.68252],[23.0553,65.68739],[23.0628,65.68805],[23.06547,65.68252]]],[[[23.04,65.63489],[23.03666,65.63571],[23.03482,65.64392],[23.04588,65.64658],[23.04277,65.64253],[23.04383,65.63638],[23.04,65.63489]]],[[[23.03102,65.66264],[23.02183,65.67197],[23.03256,65.67439],[23.0385,65.67098],[23.03272,65.6685],[23.03102,65.66264]]],[[[23.02351,65.66172],[23.01249,65.66353],[22.99315,65.67414],[23.02649,65.676],[23.01848,65.67279],[23.02641,65.66296],[23.02351,65.66172]]],[[[22.88755,65.70183],[22.87374,65.70405],[22.87993,65.70781],[22.87484,65.72782],[22.88008,65.73569],[22.87537,65.73933],[22.89749,65.74417],[22.90039,65.74132],[22.91231,65.74271],[22.91432,65.74473],[22.91109,65.74733],[22.91706,65.74802],[22.93338,65.7418],[22.95691,65.74035],[22.97024,65.73174],[22.96635,65.72552],[22.94052,65.72918],[22.93459,65.72887],[22.93345,65.72607],[22.98732,65.70722],[22.99171,65.70383],[22.98908,65.70182],[22.99004,65.69413],[22.99482,65.69177],[22.97936,65.69248],[22.97215,65.69974],[22.9636,65.70164],[22.96106,65.69668],[22.96711,65.69469],[22.95812,65.69071],[22.96448,65.68449],[22.96062,65.67866],[22.96875,65.67523],[22.97181,65.66675],[22.95141,65.66765],[22.93395,65.67439],[22.9281,65.68764],[22.91597,65.6915],[22.89653,65.70569],[22.89216,65.70536],[22.89439,65.70188],[22.88755,65.70183]]],[[[22.98495,65.63588],[22.96995,65.64221],[22.9622,65.65024],[22.96225,65.6551],[22.97402,65.65495],[22.96877,65.65119],[22.98512,65.64611],[22.99145,65.63989],[22.98495,65.63588]]],[[[22.9712,65.67494],[22.96794,65.68112],[22.98084,65.67942],[22.98302,65.6753],[22.9712,65.67494]]],[[[22.91954,65.63915],[22.90879,65.64453],[22.91884,65.64645],[22.92272,65.64027],[22.91954,65.63915]]],[[[22.90335,65.66326],[22.89326,65.6694],[22.90376,65.66889],[22.90598,65.66528],[22.90335,65.66326]]],[[[22.90204,65.67083],[22.88647,65.67422],[22.87556,65.68177],[22.90019,65.67942],[22.90204,65.67083]]],[[[22.85936,65.70691],[22.84131,65.71954],[22.8474,65.72215],[22.86681,65.71564],[22.86824,65.70949],[22.85936,65.70691]]],[[[22.84277,65.70941],[22.8218,65.71593],[22.82021,65.71979],[22.8232,65.72257],[22.83253,65.72271],[22.81512,65.73136],[22.8183,65.7413],[22.82143,65.74152],[22.8254,65.7361],[22.83555,65.7347],[22.83463,65.74366],[22.84103,65.74179],[22.84379,65.7369],[22.84067,65.73233],[22.85315,65.72425],[22.83758,65.7238],[22.83397,65.72116],[22.84277,65.70941]]],[[[22.82345,65.79661],[22.81966,65.80037],[22.82626,65.80106],[22.82345,65.79661]]],[[[22.73261,65.72004],[22.72352,65.72347],[22.7235,65.72782],[22.73924,65.73071],[22.74129,65.7335],[22.73157,65.73693],[22.73209,65.7446],[22.74006,65.74757],[22.74029,65.7509],[22.73453,65.75327],[22.73747,65.75528],[22.73275,65.76838],[22.73722,65.77012],[22.73718,65.77409],[22.74403,65.77414],[22.75101,65.7715],[22.74974,65.76666],[22.76036,65.76704],[22.75666,65.75852],[22.78123,65.75836],[22.79779,65.75048],[22.79963,65.74561],[22.7963,65.74234],[22.80641,65.72686],[22.80727,65.71687],[22.81471,65.70782],[22.82062,65.70802],[22.82303,65.70262],[22.80172,65.70863],[22.78133,65.71014],[22.76558,65.70687],[22.73436,65.71363],[22.73261,65.72004]]],[[[22.81657,65.66357],[22.80579,65.66906],[22.81694,65.66893],[22.81943,65.66455],[22.81657,65.66357]]],[[[22.80776,65.62606],[22.8058,65.62916],[22.81013,65.63345],[22.81793,65.63438],[22.81529,65.62751],[22.80776,65.62606]]],[[[22.81173,65.77181],[22.80072,65.7745],[22.80353,65.77907],[22.8148,65.77996],[22.81778,65.77814],[22.81173,65.77181]]],[[[22.80908,65.52053],[22.78868,65.52883],[22.78463,65.54167],[22.77569,65.54638],[22.75884,65.54363],[22.73327,65.55352],[22.73568,65.55733],[22.76031,65.55628],[22.78802,65.54624],[22.81072,65.54418],[22.81449,65.54082],[22.81426,65.53301],[22.79364,65.53364],[22.79459,65.52953],[22.80242,65.53123],[22.80908,65.52053]]],[[[22.79624,65.54908],[22.75886,65.56218],[22.76425,65.56889],[22.79461,65.5702],[22.81195,65.55746],[22.81343,65.55207],[22.79624,65.54908]]],[[[22.77545,65.65164],[22.76229,65.65857],[22.75952,65.66346],[22.77598,65.66839],[22.78779,65.66876],[22.79948,65.65404],[22.77545,65.65164]]],[[[22.78844,65.79498],[22.77001,65.7989],[22.75559,65.81595],[22.76797,65.81453],[22.78844,65.79498]]],[[[22.77359,65.85091],[22.76296,65.85526],[22.77342,65.85744],[22.77359,65.85091]]],[[[22.76592,65.55711],[22.74052,65.56495],[22.74576,65.56949],[22.74787,65.5641],[22.76592,65.55711]]],[[[22.76008,65.59861],[22.7541,65.60162],[22.76098,65.60269],[22.76571,65.59957],[22.76008,65.59861]]],[[[22.73408,65.84842],[22.72553,65.85133],[22.73281,65.85279],[22.73212,65.85637],[22.7451,65.85444],[22.74529,65.85712],[22.7394,65.85783],[22.74,65.86204],[22.75022,65.86077],[22.7511,65.85676],[22.76483,65.85063],[22.73408,65.84842]]],[[[22.75566,65.46885],[22.75611,65.4755],[22.76179,65.47313],[22.75566,65.46885]]],[[[22.759,65.79276],[22.73194,65.80266],[22.72364,65.80915],[22.72475,65.8117],[22.73782,65.81129],[22.74839,65.80171],[22.75512,65.79984],[22.759,65.79276]]],[[[22.75042,65.47326],[22.74381,65.47564],[22.74437,65.48408],[22.75553,65.48523],[22.75737,65.4806],[22.75042,65.47326]]],[[[22.7384,65.46829],[22.70338,65.47406],[22.71086,65.48011],[22.71737,65.4762],[22.71971,65.47899],[22.71297,65.48418],[22.71916,65.48462],[22.7188,65.48859],[22.73636,65.48852],[22.73702,65.49401],[22.74137,65.4946],[22.74457,65.49175],[22.74188,65.48385],[22.7385,65.48389],[22.74146,65.47285],[22.7384,65.46829]]],[[[22.71802,65.51418],[22.69543,65.5175],[22.68853,65.52052],[22.68973,65.52472],[22.7087,65.53194],[22.7234,65.53036],[22.73158,65.51875],[22.71802,65.51418]]],[[[22.72193,65.75098],[22.71874,65.75584],[22.72544,65.7567],[22.72797,65.75283],[22.72193,65.75098]]],[[[22.72781,65.77368],[22.71858,65.77532],[22.72499,65.77819],[22.72781,65.77368]]],[[[22.71388,65.66706],[22.69857,65.66991],[22.68975,65.67742],[22.70111,65.68049],[22.69616,65.68371],[22.69774,65.68565],[22.70816,65.68374],[22.71632,65.67572],[22.72277,65.67488],[22.7201,65.66724],[22.71388,65.66706]]],[[[22.70826,65.76994],[22.70245,65.77154],[22.70419,65.77433],[22.71593,65.77292],[22.70826,65.76994]]],[[[22.6949,65.49026],[22.69388,65.4936],[22.66574,65.50619],[22.6666,65.51027],[22.68692,65.50979],[22.71465,65.50053],[22.71492,65.49516],[22.6949,65.49026]]],[[[22.70618,65.65371],[22.69455,65.65588],[22.69179,65.66116],[22.69985,65.66107],[22.7082,65.65612],[22.70618,65.65371]]],[[[22.65536,65.537],[22.63743,65.54128],[22.64168,65.54507],[22.64912,65.54563],[22.64999,65.54959],[22.64312,65.55324],[22.66424,65.56017],[22.66759,65.56423],[22.68958,65.56041],[22.70098,65.5457],[22.66332,65.54573],[22.65513,65.54315],[22.65536,65.537]]],[[[22.69443,65.48311],[22.66759,65.49185],[22.6707,65.49718],[22.68045,65.49554],[22.69443,65.48311]]],[[[22.6781,65.89023],[22.67396,65.8936],[22.68022,65.89378],[22.6781,65.89023]]],[[[22.66988,65.89824],[22.66088,65.89936],[22.66414,65.90138],[22.66988,65.89824]]],[[[22.66246,65.67734],[22.65466,65.68152],[22.66125,65.68272],[22.65687,65.68699],[22.66437,65.68781],[22.66825,65.68059],[22.66246,65.67734]]],[[[22.53918,65.56495],[22.52345,65.5706],[22.53277,65.57153],[22.53029,65.57667],[22.52507,65.57724],[22.52528,65.58069],[22.5339,65.58022],[22.53501,65.58328],[22.55994,65.58174],[22.57696,65.57696],[22.58179,65.58024],[22.57443,65.5862],[22.59076,65.5905],[22.60983,65.5889],[22.61189,65.5922],[22.63186,65.59531],[22.62926,65.59815],[22.63463,65.59989],[22.66014,65.5927],[22.65497,65.58432],[22.6421,65.58113],[22.6394,65.57758],[22.62955,65.57807],[22.62619,65.57376],[22.61658,65.57322],[22.62063,65.56883],[22.61974,65.56449],[22.61201,65.56432],[22.60745,65.55542],[22.59614,65.55221],[22.5897,65.55791],[22.57163,65.56039],[22.56873,65.55838],[22.58285,65.55184],[22.57237,65.55207],[22.55191,65.56098],[22.54024,65.562],[22.53918,65.56495]]],[[[22.65042,65.59537],[22.64537,65.59875],[22.64736,65.60077],[22.65725,65.59581],[22.65042,65.59537]]],[[[22.65022,65.63118],[22.62699,65.63603],[22.61884,65.63446],[22.60845,65.64672],[22.64075,65.64791],[22.65596,65.63879],[22.65022,65.63118]]],[[[22.65386,65.46463],[22.6296,65.47026],[22.62982,65.47384],[22.64833,65.47454],[22.65221,65.47258],[22.65386,65.46463]]],[[[22.65208,65.60213],[22.64107,65.60404],[22.64436,65.6072],[22.65287,65.6048],[22.65208,65.60213]]],[[[22.6251,65.65536],[22.59807,65.6591],[22.59891,65.6628],[22.60979,65.66831],[22.62097,65.66858],[22.62121,65.67241],[22.61091,65.67636],[22.61056,65.68071],[22.62428,65.68172],[22.61401,65.6863],[22.62597,65.68899],[22.64026,65.67937],[22.6398,65.67221],[22.64452,65.66833],[22.63798,65.66789],[22.63653,65.66457],[22.64177,65.65915],[22.6251,65.65536]]],[[[22.60743,65.77013],[22.60342,65.77056],[22.60215,65.77543],[22.61025,65.7756],[22.61392,65.7794],[22.60466,65.78564],[22.62315,65.7825],[22.62911,65.78333],[22.62901,65.78666],[22.63521,65.78608],[22.6359,65.78224],[22.64279,65.77807],[22.62432,65.77149],[22.61365,65.77343],[22.60743,65.77013]]],[[[22.60925,65.44951],[22.59704,65.45092],[22.60088,65.45343],[22.60118,65.45829],[22.6147,65.45815],[22.61546,65.46043],[22.60378,65.46056],[22.60424,65.46312],[22.61514,65.4653],[22.62586,65.45957],[22.62972,65.45236],[22.60925,65.44951]]],[[[22.62641,65.55752],[22.61389,65.55995],[22.61314,65.56252],[22.6206,65.56321],[22.62641,65.55752]]],[[[22.62235,65.47239],[22.61134,65.47353],[22.60792,65.47817],[22.61715,65.47781],[22.62235,65.47239]]],[[[22.61172,65.50959],[22.55935,65.5167],[22.54641,65.52561],[22.54697,65.5297],[22.5555,65.53345],[22.54362,65.54099],[22.54714,65.54313],[22.56417,65.53899],[22.57846,65.5304],[22.61683,65.52258],[22.62062,65.51896],[22.61913,65.51488],[22.61172,65.50959]]],[[[22.59386,65.5906],[22.57042,65.59502],[22.55249,65.60177],[22.55058,65.60614],[22.57778,65.62134],[22.58826,65.62058],[22.61525,65.60649],[22.61814,65.59827],[22.60205,65.59819],[22.60426,65.59382],[22.59386,65.5906]]],[[[22.61225,65.5482],[22.60712,65.55005],[22.61072,65.55334],[22.6167,65.5502],[22.61225,65.5482]]],[[[22.60577,65.53318],[22.59332,65.53638],[22.5965,65.54299],[22.60148,65.54371],[22.60771,65.53956],[22.60827,65.53367],[22.60577,65.53318]]],[[[22.58557,65.7183],[22.57772,65.72198],[22.5794,65.72925],[22.56199,65.72904],[22.55904,65.73163],[22.56354,65.73414],[22.58972,65.72543],[22.59205,65.72285],[22.58996,65.71903],[22.58557,65.7183]]],[[[22.56032,65.47444],[22.52222,65.4756],[22.50332,65.4841],[22.50728,65.48867],[22.50387,65.49186],[22.50599,65.4984],[22.50045,65.5037],[22.4905,65.50213],[22.4932,65.5062],[22.48231,65.50976],[22.50117,65.50561],[22.53703,65.5113],[22.54576,65.50938],[22.54282,65.50647],[22.56042,65.50717],[22.56284,65.49603],[22.57387,65.49004],[22.58044,65.48153],[22.57823,65.47541],[22.56032,65.47444]]],[[[22.55254,65.71661],[22.54399,65.719],[22.54622,65.72524],[22.55816,65.71706],[22.55254,65.71661]]],[[[22.52746,65.39664],[22.50667,65.39787],[22.50038,65.40587],[22.49062,65.40699],[22.49049,65.41005],[22.49594,65.41409],[22.51242,65.4124],[22.51287,65.40958],[22.52337,65.41075],[22.53794,65.40267],[22.52829,65.40034],[22.52746,65.39664]]],[[[22.53303,65.58637],[22.51647,65.59395],[22.52249,65.59645],[22.52973,65.59356],[22.53656,65.58863],[22.53303,65.58637]]],[[[22.52578,65.62097],[22.50838,65.62498],[22.50823,65.62779],[22.51807,65.62667],[22.52578,65.62097]]],[[[22.48633,65.62367],[22.46684,65.63459],[22.46968,65.63584],[22.46802,65.63918],[22.48346,65.63851],[22.50228,65.62657],[22.48633,65.62367]]],[[[22.49594,65.4788],[22.48826,65.48438],[22.49682,65.4834],[22.49944,65.48081],[22.49594,65.4788]]],[[[22.49665,65.80284],[22.47789,65.80737],[22.48533,65.81165],[22.49723,65.80744],[22.49665,65.80284]]],[[[22.49109,65.81442],[22.48589,65.81625],[22.49339,65.8218],[22.49109,65.81442]]],[[[22.4362,65.35482],[22.42791,65.36002],[22.41199,65.3603],[22.41096,65.36964],[22.36904,65.3887],[22.37093,65.39533],[22.38565,65.39532],[22.38887,65.39235],[22.3853,65.38855],[22.40919,65.37656],[22.43678,65.37669],[22.44602,65.36598],[22.46414,65.36146],[22.47333,65.36137],[22.47658,65.36467],[22.48781,65.36277],[22.48737,65.36021],[22.46118,65.35228],[22.43889,65.34802],[22.43654,65.34971],[22.43915,65.35275],[22.45781,65.35769],[22.45957,65.36202],[22.44095,65.36884],[22.42309,65.3616],[22.43702,65.35865],[22.4362,65.35482]]],[[[22.48671,65.79258],[22.46383,65.80112],[22.46499,65.80494],[22.46001,65.81063],[22.46717,65.81592],[22.47327,65.81356],[22.47473,65.80102],[22.48721,65.8014],[22.48671,65.79258]]],[[[22.48197,65.7645],[22.47519,65.76546],[22.47553,65.77134],[22.48114,65.77154],[22.48619,65.7674],[22.48197,65.7645]]],[[[22.48587,65.49654],[22.47653,65.50022],[22.48124,65.50171],[22.48587,65.49654]]],[[[22.48013,65.37333],[22.46066,65.37607],[22.44873,65.3877],[22.45304,65.39354],[22.46631,65.38945],[22.48319,65.37867],[22.48013,65.37333]]],[[[22.47218,65.66894],[22.46048,65.67033],[22.45764,65.67509],[22.45214,65.67655],[22.46526,65.67808],[22.47379,65.67544],[22.47536,65.67031],[22.47218,65.66894]]],[[[22.47106,65.76933],[22.4646,65.77067],[22.46451,65.77452],[22.47187,65.77265],[22.47106,65.76933]]],[[[22.45114,65.60315],[22.44602,65.60563],[22.44804,65.60868],[22.42777,65.6168],[22.41544,65.6177],[22.41498,65.62063],[22.4221,65.62632],[22.42829,65.62626],[22.44056,65.6131],[22.46076,65.60933],[22.46509,65.60366],[22.45114,65.60315]]],[[[22.45856,65.41548],[22.45151,65.41581],[22.45325,65.41937],[22.45841,65.4183],[22.45856,65.41548]]],[[[22.41726,65.69644],[22.40557,65.69834],[22.39921,65.70121],[22.40037,65.70555],[22.38873,65.70847],[22.40354,65.71818],[22.42473,65.71939],[22.42988,65.71704],[22.42199,65.70893],[22.43046,65.69939],[22.41535,65.70132],[22.41726,65.69644]]],[[[22.40409,65.78556],[22.38786,65.79057],[22.39085,65.79412],[22.38334,65.79931],[22.38749,65.80119],[22.40721,65.79704],[22.42581,65.78971],[22.42219,65.78629],[22.40926,65.78897],[22.40409,65.78556]]],[[[22.28212,65.43012],[22.27461,65.43351],[22.28771,65.43749],[22.28914,65.44157],[22.28612,65.44262],[22.29575,65.45098],[22.28614,65.45541],[22.28697,65.46001],[22.32461,65.45022],[22.32385,65.44716],[22.31663,65.44441],[22.31737,65.44082],[22.33015,65.43828],[22.35206,65.44],[22.34733,65.44362],[22.34836,65.44579],[22.35603,65.44559],[22.36132,65.45859],[22.36692,65.45982],[22.36967,65.46542],[22.38677,65.46296],[22.41627,65.45118],[22.42196,65.45394],[22.4241,65.44804],[22.37771,65.43107],[22.3471,65.43327],[22.29601,65.43128],[22.28997,65.42723],[22.29134,65.42391],[22.28394,65.4232],[22.28534,65.42677],[22.28212,65.43012]]],[[[22.4218,65.81302],[22.41175,65.81746],[22.41678,65.81818],[22.4218,65.81302]]],[[[22.42,65.65588],[22.39231,65.65959],[22.39312,65.66316],[22.40926,65.66352],[22.42165,65.65778],[22.42,65.65588]]],[[[22.41735,65.55066],[22.4102,65.55507],[22.4212,65.55318],[22.41735,65.55066]]],[[[22.4211,65.64193],[22.41191,65.64393],[22.41272,65.64738],[22.42039,65.64577],[22.4211,65.64193]]],[[[22.40168,65.59211],[22.39294,65.59615],[22.39611,65.60354],[22.40232,65.604],[22.4098,65.59932],[22.40863,65.59473],[22.40168,65.59211]]],[[[22.38594,65.81872],[22.38114,65.82209],[22.40009,65.82089],[22.38594,65.81872]]],[[[22.37065,65.50762],[22.3644,65.51176],[22.3665,65.51685],[22.35095,65.53183],[22.32972,65.53866],[22.32924,65.54148],[22.34817,65.53773],[22.38876,65.51793],[22.38758,65.51308],[22.37065,65.50762]]],[[[22.38143,65.59485],[22.37282,65.59583],[22.36611,65.6033],[22.36991,65.60506],[22.37066,65.61336],[22.37866,65.61265],[22.38565,65.61617],[22.386,65.61105],[22.381,65.61007],[22.38641,65.60133],[22.38143,65.59485]]],[[[22.37902,65.72441],[22.37329,65.72753],[22.38053,65.72926],[22.38619,65.72656],[22.37902,65.72441]]],[[[22.37549,65.30668],[22.37572,65.31114],[22.38184,65.31121],[22.38294,65.30877],[22.37549,65.30668]]],[[[22.37268,65.31142],[22.35621,65.31822],[22.37373,65.31986],[22.38093,65.31723],[22.38261,65.31415],[22.37268,65.31142]]],[[[22.22544,65.49887],[22.21671,65.5033],[22.2074,65.51514],[22.19337,65.51857],[22.19609,65.52393],[22.19174,65.52984],[22.18015,65.53274],[22.18214,65.53579],[22.17884,65.53787],[22.19524,65.53902],[22.19678,65.54565],[22.21674,65.5501],[22.25659,65.53187],[22.27634,65.53223],[22.28467,65.52601],[22.31582,65.52012],[22.3161,65.52561],[22.32104,65.5257],[22.32788,65.52078],[22.32793,65.51566],[22.33496,65.50844],[22.35706,65.50684],[22.36788,65.50175],[22.36151,65.49184],[22.34392,65.4911],[22.32904,65.49519],[22.33023,65.5003],[22.30313,65.50667],[22.30236,65.50975],[22.29257,65.51124],[22.28119,65.51785],[22.27316,65.51741],[22.2628,65.50727],[22.27867,65.50407],[22.29027,65.49578],[22.28857,65.49248],[22.28427,65.49277],[22.2842,65.49763],[22.26537,65.50315],[22.26613,65.49957],[22.27642,65.4959],[22.27058,65.48981],[22.28007,65.48871],[22.28809,65.48276],[22.30206,65.47906],[22.28943,65.47866],[22.2852,65.47409],[22.26627,65.47706],[22.26766,65.48037],[22.25679,65.48481],[22.25943,65.48837],[22.25091,65.49049],[22.2487,65.49588],[22.22544,65.49887]]],[[[22.36355,65.65486],[22.35561,65.6571],[22.36006,65.65911],[22.36355,65.65486]]],[[[22.36308,65.5986],[22.34873,65.60218],[22.35231,65.6056],[22.35784,65.60491],[22.36308,65.5986]]],[[[22.31803,65.6614],[22.28582,65.66819],[22.2907,65.67276],[22.29935,65.67217],[22.31803,65.6614]]],[[[22.29096,65.39117],[22.27984,65.40214],[22.29587,65.39754],[22.29096,65.39117]]],[[[22.16993,65.42873],[22.15042,65.43195],[22.14563,65.43454],[22.14672,65.43863],[22.14097,65.44046],[22.14174,65.44404],[22.14825,65.44527],[22.14094,65.45389],[22.16246,65.4588],[22.14072,65.47013],[22.14304,65.47395],[22.15588,65.47206],[22.15551,65.47756],[22.17229,65.48114],[22.17766,65.47752],[22.17743,65.47241],[22.22403,65.46232],[22.22423,65.46001],[22.21441,65.46035],[22.21418,65.45548],[22.20127,65.4556],[22.20143,65.45227],[22.21958,65.43934],[22.24061,65.43559],[22.22968,65.42544],[22.23637,65.41733],[22.22047,65.41887],[22.19814,65.42749],[22.16993,65.42873]]],[[[22.15598,65.48817],[22.14568,65.49209],[22.15374,65.4933],[22.15598,65.48817]]],[[[22.12576,65.41551],[22.11358,65.41778],[22.10773,65.42485],[22.11351,65.43069],[22.10957,65.432],[22.11205,65.43965],[22.13203,65.43286],[22.13523,65.42874],[22.12992,65.42648],[22.11649,65.42888],[22.11424,65.42634],[22.12721,65.42062],[22.12924,65.41804],[22.12576,65.41551]]],[[[22.09074,65.48878],[22.08162,65.49153],[22.0826,65.50047],[22.07669,65.5064],[22.08016,65.50842],[22.07585,65.51613],[22.09923,65.51506],[22.123,65.50888],[22.12333,65.50222],[22.1041,65.49904],[22.10891,65.4962],[22.10697,65.49404],[22.09105,65.4962],[22.09074,65.48878]]],[[[22.08742,65.48305],[22.06847,65.48638],[22.05854,65.49195],[22.05839,65.49579],[22.06829,65.497],[22.08341,65.49024],[22.08742,65.48305]]],[[[22.08273,65.34],[22.07679,65.34426],[22.08232,65.34473],[22.08273,65.34]]],[[[22.05871,65.39733],[22.04345,65.3991],[22.03537,65.40439],[22.03405,65.40977],[22.04165,65.41599],[22.0739,65.40847],[22.07714,65.40538],[22.06585,65.40674],[22.06956,65.40006],[22.06005,65.4],[22.05871,65.39733]]],[[[22.01515,65.49277],[22.00172,65.49566],[21.9994,65.49926],[21.98693,65.50343],[21.9997,65.50706],[22.02836,65.5075],[22.0307,65.50416],[22.02544,65.50356],[22.02918,65.49701],[22.01115,65.50059],[22.01679,65.49505],[22.01515,65.49277]]],[[[22.02306,65.41125],[22.01877,65.41141],[22.01531,65.41732],[22.02679,65.41264],[22.02306,65.41125]]],[[[22.01895,65.36883],[22.00425,65.36893],[21.98548,65.37506],[21.97678,65.38023],[21.96977,65.38974],[21.97598,65.40006],[21.99251,65.39906],[22.00385,65.39055],[22.01487,65.38983],[22.02529,65.38196],[22.02636,65.37044],[22.01895,65.36883]]],[[[22.00086,65.36038],[21.98342,65.36919],[22.00056,65.36871],[22.00658,65.36572],[22.00086,65.36038]]],[[[21.9717,65.41696],[21.95963,65.42254],[21.96516,65.42276],[21.9717,65.41696]]],[[[21.96258,65.50308],[21.93688,65.50784],[21.91055,65.52155],[21.94572,65.51379],[21.96295,65.51305],[21.96947,65.5061],[21.96258,65.50308]]],[[[21.91188,65.1795],[21.89755,65.18764],[21.88813,65.18796],[21.87026,65.19983],[21.87251,65.20339],[21.88041,65.20309],[21.89472,65.19406],[21.90979,65.18962],[21.936,65.19061],[21.95645,65.1837],[21.95207,65.18028],[21.93509,65.18205],[21.92555,65.18773],[21.90459,65.18887],[21.91188,65.1795]]],[[[21.91066,65.3387],[21.8946,65.34365],[21.88326,65.34323],[21.87431,65.35017],[21.88618,65.34806],[21.88721,65.35137],[21.89462,65.35325],[21.90372,65.35077],[21.91528,65.3397],[21.91066,65.3387]]],[[[21.9007,65.31613],[21.88307,65.31918],[21.88559,65.32159],[21.89866,65.31935],[21.9007,65.31613]]],[[[21.88711,65.13017],[21.87682,65.13125],[21.88539,65.13324],[21.88711,65.13017]]],[[[21.87517,65.32076],[21.86918,65.32489],[21.87175,65.32845],[21.87805,65.32483],[21.87517,65.32076]]],[[[21.87397,65.3769],[21.86189,65.38247],[21.87777,65.38059],[21.87397,65.3769]]],[[[21.84914,65.24393],[21.84221,65.24678],[21.84624,65.24906],[21.84545,65.25266],[21.83602,65.25347],[21.83195,65.25017],[21.82249,65.25022],[21.8227,65.24689],[21.81903,65.24653],[21.8119,65.25296],[21.78807,65.25168],[21.77848,65.25761],[21.76392,65.26076],[21.75488,65.26464],[21.75614,65.27665],[21.75994,65.28149],[21.74416,65.28515],[21.75103,65.28997],[21.75673,65.28662],[21.783,65.28661],[21.80182,65.28255],[21.8053,65.27665],[21.82694,65.26566],[21.8428,65.26519],[21.85423,65.26001],[21.86217,65.25997],[21.86997,65.24688],[21.86103,65.24386],[21.86215,65.24079],[21.84914,65.24393]]],[[[21.84772,65.19024],[21.84181,65.19564],[21.82611,65.19982],[21.81849,65.20945],[21.79295,65.21151],[21.76982,65.22236],[21.75802,65.23548],[21.78944,65.23633],[21.78993,65.23249],[21.81315,65.2339],[21.8154,65.22776],[21.82701,65.22871],[21.85355,65.21066],[21.84524,65.20738],[21.8564,65.19505],[21.85275,65.19507],[21.85383,65.19071],[21.84772,65.19024]]],[[[21.8553,65.14211],[21.84146,65.14628],[21.84453,65.14729],[21.8553,65.14211]]],[[[21.84213,65.37823],[21.79996,65.38269],[21.79217,65.38847],[21.79848,65.39432],[21.80696,65.39095],[21.81049,65.38608],[21.83857,65.38183],[21.84213,65.37823]]],[[[21.82901,65.29276],[21.8223,65.29293],[21.8212,65.29702],[21.80452,65.30121],[21.80489,65.30325],[21.81654,65.30421],[21.82488,65.29726],[21.83341,65.29645],[21.83424,65.29388],[21.82901,65.29276]]],[[[21.81806,65.31405],[21.8096,65.31715],[21.77714,65.31593],[21.75292,65.32423],[21.74765,65.3327],[21.77948,65.33305],[21.8074,65.32523],[21.82272,65.31645],[21.81806,65.31405]]],[[[21.75975,65.17933],[21.74518,65.18055],[21.75009,65.18206],[21.75975,65.17933]]],[[[21.71933,65.1248],[21.71062,65.12855],[21.72314,65.13105],[21.72446,65.13462],[21.71783,65.13682],[21.71916,65.14078],[21.72568,65.13538],[21.73899,65.13301],[21.74102,65.12968],[21.71933,65.1248]]],[[[21.6958,65.33921],[21.68672,65.34323],[21.69357,65.34753],[21.7045,65.34416],[21.6958,65.33921]]],[[[21.69017,65.40495],[21.68588,65.40498],[21.68263,65.40998],[21.6885,65.41123],[21.68612,65.41405],[21.69714,65.41349],[21.6951,65.40609],[21.69017,65.40495]]],[[[21.69151,65.12928],[21.67756,65.12972],[21.67161,65.13487],[21.65592,65.13903],[21.66124,65.14514],[21.65562,65.1513],[21.67685,65.14955],[21.68137,65.14812],[21.6797,65.14225],[21.68329,65.13993],[21.69363,65.14065],[21.69703,65.13104],[21.69151,65.12928]]],[[[21.66949,65.17119],[21.65631,65.17943],[21.6558,65.18301],[21.66547,65.18067],[21.66949,65.17119]]],[[[21.65752,65.32647],[21.65116,65.32905],[21.65765,65.33133],[21.66377,65.3313],[21.66673,65.32771],[21.65752,65.32647]]],[[[21.57332,65.08374],[21.57097,65.08721],[21.57584,65.08821],[21.56948,65.10281],[21.57733,65.10099],[21.58591,65.10505],[21.59684,65.10526],[21.6115,65.09625],[21.60913,65.08565],[21.58768,65.08919],[21.57332,65.08374]]],[[[21.57248,65.35482],[21.56852,65.35573],[21.57012,65.35904],[21.57563,65.35902],[21.5774,65.35595],[21.57248,65.35482]]],[[[21.57439,65.10548],[21.56868,65.10793],[21.57447,65.10893],[21.57439,65.10548]]],[[[21.55226,65.35501],[21.54747,65.35913],[21.52144,65.3605],[21.52427,65.36394],[21.54198,65.36094],[21.54543,65.36425],[21.53632,65.36915],[21.53608,65.37196],[21.55873,65.37098],[21.56931,65.36365],[21.55637,65.36063],[21.55534,65.35552],[21.55226,65.35501]]],[[[21.56617,65.0325],[21.53659,65.03619],[21.52883,65.04184],[21.54163,65.04588],[21.54186,65.04256],[21.56617,65.0325]]],[[[21.55595,65.09404],[21.53904,65.09755],[21.56035,65.10118],[21.56543,65.09797],[21.55595,65.09404]]],[[[21.56428,65.34398],[21.55084,65.34531],[21.55885,65.34771],[21.56428,65.34398]]],[[[21.49859,65.01049],[21.48837,65.01385],[21.47687,65.01312],[21.4706,65.018],[21.47109,65.02848],[21.47898,65.02972],[21.48238,65.03381],[21.48041,65.04188],[21.49787,65.03696],[21.51005,65.04088],[21.51906,65.03804],[21.51902,65.03496],[21.53353,65.03441],[21.54373,65.03001],[21.52506,65.01909],[21.50606,65.02197],[21.51165,65.01403],[21.50228,65.01418],[21.49272,65.01946],[21.49025,65.01768],[21.50254,65.01201],[21.49859,65.01049]]],[[[21.52835,65.04785],[21.52027,65.05261],[21.53267,65.05206],[21.53353,65.04975],[21.52835,65.04785]]],[[[21.50784,65.36962],[21.49995,65.37387],[21.50798,65.37678],[21.52442,65.37148],[21.50784,65.36962]]],[[[21.51376,65.35899],[21.50337,65.36056],[21.50709,65.36272],[21.51376,65.35899]]],[[[21.50819,64.59258],[21.49392,64.59365],[21.49225,64.5998],[21.50325,64.59899],[21.50819,64.59258]]],[[[21.50361,64.53812],[21.48765,64.54278],[21.48659,64.54969],[21.49546,64.54736],[21.50361,64.53812]]],[[[21.49492,65.04093],[21.48474,65.04685],[21.49743,65.04566],[21.49492,65.04093]]],[[[21.49185,64.51169],[21.4836,64.51492],[21.49014,64.51566],[21.49185,64.51169]]],[[[21.46775,65.04486],[21.4648,65.04947],[21.47084,65.04843],[21.46775,65.04486]]],[[[21.37393,64.95945],[21.37399,64.96405],[21.38006,64.96609],[21.3815,64.96148],[21.37393,64.95945]]],[[[21.35673,64.30019],[21.35388,64.30787],[21.358,64.30761],[21.36234,64.30146],[21.35673,64.30019]]],[[[21.34608,64.67207],[21.34523,64.67591],[21.33721,64.67874],[21.3432,64.68001],[21.34821,64.67489],[21.34608,64.67207]]],[[[21.32885,64.67927],[21.30947,64.68162],[21.31128,64.68392],[21.3015,64.68982],[21.30213,64.69237],[21.31465,64.69056],[21.3128,64.6857],[21.32885,64.67927]]],[[[21.32295,64.93592],[21.3109,64.93684],[21.30853,64.93965],[21.32118,64.9386],[21.32295,64.93592]]],[[[21.31217,64.94195],[21.30531,64.94836],[21.30566,64.95245],[21.31408,64.95038],[21.31217,64.94195]]],[[[21.29136,64.6915],[21.27173,64.70037],[21.28992,64.697],[21.29136,64.6915]]],[[[21.24283,64.87648],[21.23206,64.88302],[21.2315,64.88737],[21.24775,64.88837],[21.25235,64.89705],[21.24695,64.89988],[21.25449,64.90165],[21.25121,64.90473],[21.25517,64.90894],[21.26985,64.90111],[21.26341,64.88911],[21.28718,64.88906],[21.27629,64.88398],[21.27839,64.88256],[21.26455,64.88207],[21.25815,64.87481],[21.25122,64.87327],[21.24828,64.88005],[21.24283,64.87648]]],[[[21.25067,64.61985],[21.24384,64.62318],[21.2504,64.62342],[21.25067,64.61985]]],[[[21.25058,64.61089],[21.24346,64.6132],[21.24468,64.61679],[21.25063,64.616],[21.25058,64.61089]]],[[[21.23389,64.26246],[21.21743,64.26287],[21.21921,64.26492],[21.23389,64.26246]]],[[[21.19573,64.852],[21.18673,64.8547],[21.19814,64.85494],[21.19573,64.852]]],[[[21.15931,64.69068],[21.15037,64.69491],[21.16202,64.69362],[21.15931,64.69068]]],[[[21.12768,64.18676],[21.10833,64.19164],[21.106,64.19548],[21.11656,64.19675],[21.12768,64.18676]]],[[[21.1088,64.16312],[21.105,64.16581],[21.10767,64.17374],[21.11472,64.17348],[21.11468,64.16708],[21.1088,64.16312]]],[[[21.10542,64.19919],[21.09575,64.20239],[21.09401,64.20751],[21.09901,64.20929],[21.10427,64.20507],[21.10191,64.20213],[21.10542,64.19919]]],[[[21.06047,64.84317],[21.04486,64.85225],[21.04547,64.85813],[21.05028,64.85813],[21.04997,64.85327],[21.06318,64.84688],[21.06047,64.84317]]],[[[21.00153,63.80113],[20.98533,63.80677],[21.00963,63.81341],[21.016,63.80932],[21.01021,63.80267],[21.00153,63.80113]]],[[[20.99042,64.15037],[20.98485,64.15101],[20.98485,64.15792],[20.98778,64.15766],[20.99042,64.15037]]],[[[20.96046,63.79077],[20.95757,63.79397],[20.96509,63.79409],[20.96046,63.79077]]],[[[20.82987,63.77239],[20.82696,63.77469],[20.82837,63.78006],[20.84533,63.79747],[20.85863,63.79953],[20.8638,63.80644],[20.87134,63.80389],[20.87595,63.80799],[20.88463,63.80825],[20.88865,63.81478],[20.89704,63.81516],[20.89532,63.81209],[20.90025,63.80801],[20.91472,63.80904],[20.92635,63.78935],[20.93271,63.7909],[20.92981,63.79344],[20.93385,63.79472],[20.94542,63.79473],[20.94774,63.79243],[20.94138,63.79166],[20.93243,63.78448],[20.94083,63.77913],[20.94199,63.77516],[20.94777,63.7758],[20.94922,63.77248],[20.93449,63.77017],[20.94317,63.76301],[20.9553,63.76609],[20.95011,63.75892],[20.94029,63.75918],[20.94174,63.75687],[20.9325,63.75534],[20.9328,63.7515],[20.9432,63.74971],[20.94495,63.74025],[20.92792,63.73666],[20.9389,63.73181],[20.93718,63.7272],[20.94094,63.72439],[20.92427,63.7006],[20.91189,63.69445],[20.91336,63.68781],[20.90645,63.68524],[20.89405,63.68753],[20.88399,63.68203],[20.87678,63.68292],[20.88394,63.69315],[20.88048,63.69417],[20.87243,63.68995],[20.8713,63.68419],[20.85289,63.67906],[20.85631,63.68648],[20.86521,63.6939],[20.86144,63.6985],[20.86773,63.71053],[20.87107,63.73509],[20.88774,63.75301],[20.91055,63.75584],[20.91746,63.76249],[20.9108,63.76594],[20.89058,63.76554],[20.88083,63.74814],[20.87162,63.74276],[20.86526,63.74288],[20.86033,63.74761],[20.8635,63.74966],[20.86001,63.75375],[20.86288,63.7581],[20.86025,63.76526],[20.85677,63.76629],[20.85478,63.76091],[20.849,63.76089],[20.84841,63.76422],[20.8363,63.75999],[20.83051,63.76152],[20.83421,63.77163],[20.82987,63.77239]]],[[[20.94191,63.81276],[20.93361,63.81476],[20.94769,63.81621],[20.94191,63.81276]]],[[[20.92947,63.69522],[20.92543,63.69932],[20.93119,63.69881],[20.92947,63.69522]]],[[[20.91697,64.02797],[20.91258,64.0313],[20.91987,64.03309],[20.91697,64.02797]]],[[[20.90778,63.98334],[20.89992,63.98448],[20.90253,63.98781],[20.89582,63.98934],[20.89493,63.99496],[20.90687,63.99574],[20.90545,63.98525],[20.90778,63.98334]]],[[[20.88747,63.6773],[20.8909,63.68293],[20.89378,63.68267],[20.8938,63.67781],[20.88747,63.6773]]],[[[20.8103,63.63092],[20.80851,63.63962],[20.8228,63.65447],[20.83571,63.66139],[20.84147,63.661],[20.84117,63.66422],[20.84835,63.66601],[20.86154,63.67753],[20.87394,63.67498],[20.87568,63.67064],[20.87167,63.66782],[20.87199,63.66296],[20.85989,63.66115],[20.85534,63.65195],[20.8476,63.6458],[20.81425,63.64193],[20.81255,63.63809],[20.81889,63.63605],[20.81718,63.63298],[20.8195,63.63068],[20.8103,63.63092]]],[[[20.85137,63.74965],[20.85164,63.75349],[20.84673,63.75437],[20.85075,63.75732],[20.85683,63.75528],[20.85137,63.74965]]],[[[20.76547,63.59172],[20.74939,63.59195],[20.74586,63.60166],[20.75216,63.60372],[20.75585,63.60935],[20.7671,63.604],[20.77194,63.60887],[20.76959,63.61526],[20.78306,63.62014],[20.78545,63.60876],[20.77913,63.60875],[20.77685,63.60581],[20.78408,63.59917],[20.76659,63.59606],[20.76547,63.59172]]],[[[20.76122,63.61934],[20.76175,63.62369],[20.76637,63.62267],[20.76122,63.61934]]],[[[20.6868,63.79978],[20.68099,63.8018],[20.68123,63.80564],[20.68761,63.80489],[20.6868,63.79978]]],[[[20.62912,63.78697],[20.62534,63.78786],[20.62645,63.79195],[20.63628,63.79172],[20.62912,63.78697]]],[[[20.61281,63.79601],[20.60759,63.79651],[20.60725,63.80009],[20.61385,63.80369],[20.61281,63.79601]]],[[[20.59215,63.78368],[20.59319,63.79161],[20.601,63.79086],[20.59991,63.78677],[20.59215,63.78368]]],[[[20.58928,63.74262],[20.58546,63.74683],[20.58682,63.75297],[20.59611,63.74942],[20.58928,63.74262]]],[[[20.56283,63.77285],[20.56614,63.78309],[20.57586,63.79079],[20.58137,63.78902],[20.58,63.78415],[20.57389,63.78669],[20.56657,63.77414],[20.56283,63.77285]]],[[[20.51946,63.77399],[20.51134,63.77574],[20.51357,63.78062],[20.51939,63.77834],[20.51946,63.77399]]],[[[20.51552,63.76784],[20.51369,63.77346],[20.51889,63.77373],[20.51552,63.76784]]],[[[20.49718,63.75882],[20.49961,63.76906],[20.50369,63.76678],[20.49718,63.75882]]],[[[20.43158,63.68875],[20.43262,63.69438],[20.43784,63.69287],[20.43158,63.68875]]],[[[20.43077,63.70052],[20.42894,63.70537],[20.43526,63.70667],[20.43077,63.70052]]],[[[20.41183,63.66847],[20.4106,63.67204],[20.4158,63.67155],[20.41183,63.66847]]],[[[20.3964,63.66303],[20.39263,63.66404],[20.39225,63.66864],[20.39685,63.66866],[20.3964,63.66303]]],[[[20.34408,63.70961],[20.34415,63.71881],[20.35195,63.7186],[20.3501,63.71092],[20.34408,63.70961]]],[[[20.33583,63.74142],[20.32453,63.74327],[20.3255,63.75096],[20.33583,63.74142]]],[[[20.31881,63.65667],[20.317,63.66037],[20.32906,63.66197],[20.31881,63.65667]]],[[[20.31982,63.75912],[20.31239,63.76778],[20.31533,63.77751],[20.32032,63.77447],[20.32339,63.76681],[20.31982,63.75912]]],[[[20.28749,63.80424],[20.27161,63.81413],[20.27206,63.819],[20.28781,63.81447],[20.29346,63.8081],[20.28749,63.80424]]],[[[20.27065,63.6494],[20.25936,63.6519],[20.25489,63.65802],[20.27559,63.65889],[20.27065,63.6494]]],[[[20.24284,63.67791],[20.24186,63.68225],[20.24763,63.68203],[20.24284,63.67791]]],[[[20.14113,63.65061],[20.13351,63.65503],[20.14146,63.65841],[20.14113,63.65061]]],[[[20.01667,63.58804],[20.01174,63.59772],[20.01722,63.59699],[20.01667,63.58804]]],[[[19.96533,63.53114],[19.95912,63.53621],[19.96453,63.53728],[19.96533,63.53114]]],[[[19.88388,63.47362],[19.88282,63.48653],[19.88766,63.48708],[19.89112,63.49375],[19.89879,63.48793],[19.90047,63.48129],[19.89746,63.47781],[19.88911,63.47916],[19.8887,63.47532],[19.88388,63.47362]]],[[[19.89121,63.58009],[19.88833,63.58019],[19.88723,63.58607],[19.89369,63.59021],[19.89727,63.58666],[19.89121,63.58009]]],[[[19.8865,63.53874],[19.88352,63.5492],[19.88063,63.54969],[19.87885,63.54405],[19.86682,63.5437],[19.86499,63.5465],[19.87468,63.54786],[19.86836,63.56264],[19.87553,63.5627],[19.8726,63.55704],[19.88246,63.56147],[19.88699,63.54846],[19.8865,63.53874]]],[[[19.87063,63.49078],[19.86746,63.49127],[19.8665,63.50123],[19.8749,63.50591],[19.87378,63.49797],[19.86858,63.49204],[19.87063,63.49078]]],[[[19.87304,63.53147],[19.86971,63.53578],[19.87483,63.53686],[19.87304,63.53147]]],[[[19.86784,63.50355],[19.86397,63.50711],[19.87027,63.50715],[19.86784,63.50355]]],[[[19.85563,63.53645],[19.85022,63.54306],[19.85479,63.54335],[19.85563,63.53645]]],[[[19.7749,63.46748],[19.7814,63.46933],[19.78291,63.48085],[19.78897,63.47962],[19.78593,63.46374],[19.79116,63.46174],[19.77629,63.46186],[19.7749,63.46748]]],[[[19.7453,63.5166],[19.74255,63.52041],[19.73681,63.52061],[19.73814,63.52318],[19.74442,63.5235],[19.7453,63.5166]]],[[[19.73553,63.45256],[19.7372,63.44694],[19.73143,63.44792],[19.73553,63.45256]]],[[[19.71459,63.44777],[19.71834,63.44729],[19.71999,63.44219],[19.71523,63.43984],[19.71459,63.44777]]],[[[19.53556,63.48416],[19.53766,63.48777],[19.52668,63.48996],[19.53812,63.49006],[19.53989,63.4947],[19.55145,63.49251],[19.55584,63.48514],[19.53556,63.48416]]],[[[19.52253,63.4372],[19.49221,63.44892],[19.49606,63.45178],[19.48984,63.4558],[19.48703,63.47112],[19.49167,63.46989],[19.4962,63.45996],[19.50187,63.46079],[19.51376,63.45222],[19.52582,63.45106],[19.52716,63.44724],[19.5329,63.44678],[19.52925,63.43984],[19.52253,63.4372]]],[[[19.52288,63.41944],[19.52009,63.42363],[19.52873,63.42781],[19.5327,63.42273],[19.52361,63.42187],[19.52288,63.41944]]],[[[19.51095,59.43813],[19.49931,59.43978],[19.49514,59.44332],[19.49946,59.44785],[19.50647,59.44857],[19.5131,59.44634],[19.5137,59.44404],[19.50923,59.44297],[19.51095,59.43813]]],[[[19.50906,63.4766],[19.50463,63.47924],[19.51053,63.48135],[19.5121,63.47855],[19.50906,63.4766]]],[[[19.50275,63.47679],[19.49687,63.47992],[19.50199,63.48049],[19.50275,63.47679]]],[[[19.48402,63.49565],[19.4838,63.49974],[19.48974,63.49946],[19.48402,63.49565]]],[[[19.46855,63.41029],[19.46998,63.41568],[19.47459,63.41496],[19.46855,63.41029]]],[[[19.46618,59.59426],[19.46401,59.59756],[19.47007,59.59764],[19.46618,59.59426]]],[[[19.45207,59.53881],[19.44835,59.54286],[19.45235,59.54367],[19.45207,59.53881]]],[[[19.43963,59.6006],[19.44038,59.60624],[19.44467,59.60092],[19.43963,59.6006]]],[[[19.4364,59.59417],[19.43361,59.59609],[19.43821,59.59854],[19.44039,59.59524],[19.4364,59.59417]]],[[[19.42675,63.44387],[19.42989,63.44927],[19.43558,63.44958],[19.43299,63.4447],[19.42675,63.44387]]],[[[19.43282,59.58427],[19.42681,59.58868],[19.4282,59.59125],[19.43429,59.58893],[19.43282,59.58427]]],[[[19.41173,59.72109],[19.41205,59.72493],[19.42461,59.72739],[19.41173,59.72109]]],[[[19.40292,63.44092],[19.39944,63.44177],[19.4026,63.44668],[19.40102,63.45433],[19.41178,63.45624],[19.40863,63.45134],[19.41082,63.44608],[19.40745,63.44135],[19.40292,63.44092]]],[[[19.39483,59.70348],[19.39115,59.70625],[19.39663,59.70823],[19.4084,59.70569],[19.39483,59.70348]]],[[[19.39723,59.72744],[19.38758,59.72783],[19.39143,59.7321],[19.40083,59.73171],[19.39723,59.72744]]],[[[19.38991,59.72159],[19.38185,59.72584],[19.38866,59.72657],[19.39129,59.72442],[19.38991,59.72159]]],[[[19.38351,59.70718],[19.38741,59.7103],[19.39055,59.70829],[19.38351,59.70718]]],[[[19.37512,63.44738],[19.36652,63.45291],[19.36839,63.45524],[19.37641,63.45482],[19.37512,63.44738]]],[[[19.36227,59.5093],[19.36017,59.51107],[19.36983,59.51426],[19.36977,59.51042],[19.36227,59.5093]]],[[[19.36404,59.51419],[19.35972,59.51516],[19.35955,59.51848],[19.36719,59.52216],[19.3684,59.51782],[19.36404,59.51419]]],[[[19.35342,59.73189],[19.35028,59.7339],[19.3568,59.73526],[19.36049,59.73249],[19.35342,59.73189]]],[[[19.33358,59.41704],[19.33506,59.42099],[19.33915,59.42121],[19.33715,59.42605],[19.34658,59.42847],[19.35496,59.42653],[19.34953,59.41955],[19.33358,59.41704]]],[[[19.09091,57.97088],[19.11386,57.98351],[19.13122,57.98339],[19.1425,57.97958],[19.15797,57.98813],[19.16388,57.99513],[19.18915,58.00074],[19.19449,57.99531],[19.18666,57.99289],[19.18562,57.98955],[19.18971,57.985],[19.18068,57.98231],[19.20116,57.98247],[19.21346,57.98713],[19.21713,57.99103],[19.21432,57.99405],[19.22303,57.99827],[19.2417,58.00109],[19.24539,57.99449],[19.22205,57.98904],[19.22579,57.98167],[19.25657,57.973],[19.26734,57.97618],[19.27721,57.97482],[19.287,57.98174],[19.30005,57.98089],[19.30502,57.98787],[19.33705,57.98343],[19.3408,57.9804],[19.3432,57.97019],[19.35141,57.96466],[19.35164,57.95955],[19.34599,57.95679],[19.32531,57.95613],[19.30895,57.94555],[19.29557,57.94332],[19.28472,57.94355],[19.2837,57.94995],[19.27299,57.95223],[19.23936,57.95049],[19.22874,57.94612],[19.22772,57.93766],[19.2101,57.93856],[19.19281,57.92807],[19.18418,57.92757],[19.1766,57.93463],[19.16867,57.93426],[19.15813,57.92386],[19.14913,57.92591],[19.14519,57.91817],[19.13785,57.9159],[19.14003,57.91105],[19.16446,57.89886],[19.17228,57.88694],[19.15524,57.88183],[19.15409,57.87592],[19.15029,57.87523],[19.15118,57.87179],[19.14281,57.87115],[19.144,57.86195],[19.1382,57.85815],[19.1305,57.85842],[19.13295,57.85283],[19.12515,57.8412],[19.11706,57.84901],[19.10246,57.85263],[19.10119,57.8585],[19.09237,57.8617],[19.09337,57.86555],[19.0819,57.86884],[19.07915,57.87992],[19.08157,57.88868],[19.07823,57.89272],[19.06476,57.89277],[19.05755,57.90163],[19.05014,57.901],[19.03738,57.9054],[19.03602,57.90859],[19.04221,57.90958],[19.04559,57.91373],[19.04364,57.91857],[19.04885,57.92454],[19.06547,57.92428],[19.0701,57.92769],[19.073,57.93643],[19.08015,57.93782],[19.08082,57.93423],[19.08752,57.93512],[19.08988,57.94475],[19.09423,57.94469],[19.09831,57.94948],[19.09711,57.95395],[19.08448,57.95594],[19.07861,57.95316],[19.07566,57.95875],[19.0832,57.96193],[19.08433,57.96771],[19.09091,57.97088]]],[[[19.34184,59.73021],[19.34003,59.73266],[19.34624,59.73359],[19.34712,59.73104],[19.34184,59.73021]]],[[[19.34218,59.40537],[19.33998,59.40944],[19.34524,59.40951],[19.34218,59.40537]]],[[[19.33967,59.73325],[19.334,59.73497],[19.33999,59.73684],[19.33967,59.73325]]],[[[19.32173,59.5244],[19.31707,59.5269],[19.32393,59.53083],[19.32424,59.52469],[19.32173,59.5244]]],[[[19.2514,58.33574],[19.21544,58.33921],[19.20575,58.35751],[19.17563,58.39369],[19.17562,58.39856],[19.2466,58.39315],[19.28876,58.38348],[19.30108,58.3757],[19.32389,58.36756],[19.32406,58.36397],[19.30692,58.35556],[19.29396,58.34143],[19.2514,58.33574]]],[[[19.31754,59.72964],[19.30932,59.73184],[19.31261,59.737],[19.32398,59.73254],[19.31754,59.72964]]],[[[19.32152,59.74134],[19.31452,59.74419],[19.32277,59.7466],[19.32152,59.74134]]],[[[19.29995,59.68667],[19.29739,59.68727],[19.29867,59.69203],[19.30252,59.6908],[19.29995,59.68667]]],[[[19.2906,59.6813],[19.29093,59.68476],[19.30053,59.68514],[19.2906,59.6813]]],[[[19.27793,59.70148],[19.27804,59.70916],[19.28838,59.71007],[19.28539,59.70414],[19.27793,59.70148]]],[[[19.28122,59.69641],[19.28104,59.69999],[19.28743,59.69879],[19.28122,59.69641]]],[[[19.2691,59.52884],[19.26554,59.52943],[19.2714,59.53322],[19.27258,59.53963],[19.28667,59.54357],[19.2691,59.52884]]],[[[19.27893,59.65235],[19.27276,59.65419],[19.27825,59.65567],[19.27893,59.65235]]],[[[19.27637,59.71208],[19.27171,59.71394],[19.27207,59.71676],[19.27716,59.71632],[19.27637,59.71208]]],[[[19.27529,59.62465],[19.26915,59.62611],[19.27201,59.62947],[19.27529,59.62465]]],[[[19.26432,59.77835],[19.26285,59.78704],[19.27589,59.79028],[19.27169,59.78306],[19.26432,59.77835]]],[[[19.27283,59.52492],[19.26865,59.52781],[19.27503,59.53109],[19.27283,59.52492]]],[[[19.26793,59.61061],[19.2638,59.61222],[19.2672,59.61495],[19.27461,59.61338],[19.26793,59.61061]]],[[[19.26308,59.53823],[19.26137,59.54204],[19.26643,59.5416],[19.26308,59.53823]]],[[[19.26158,59.79201],[19.25596,59.7927],[19.25734,59.79541],[19.2622,59.79471],[19.26158,59.79201]]],[[[19.25025,59.62035],[19.24859,59.62302],[19.26047,59.62779],[19.26115,59.62447],[19.25025,59.62035]]],[[[19.24434,59.7914],[19.24659,59.79706],[19.25058,59.79839],[19.25038,59.80223],[19.26044,59.80415],[19.24434,59.7914]]],[[[19.24363,59.60183],[19.24333,59.60759],[19.24974,59.61075],[19.25631,59.61058],[19.25954,59.60678],[19.24363,59.60183]]],[[[19.25352,59.73252],[19.2508,59.73594],[19.25847,59.73476],[19.25352,59.73252]]],[[[19.25031,59.59002],[19.24558,59.59354],[19.25656,59.59612],[19.25603,59.59163],[19.25031,59.59002]]],[[[19.22704,63.31846],[19.22843,63.32385],[19.23525,63.32394],[19.22704,63.31846]]],[[[19.23338,59.70089],[19.2311,59.70572],[19.23492,59.70526],[19.23338,59.70089]]],[[[19.21932,59.77493],[19.21077,59.77815],[19.22127,59.78597],[19.23182,59.78816],[19.22898,59.78428],[19.2229,59.78394],[19.21986,59.77904],[19.22626,59.7781],[19.21932,59.77493]]],[[[19.21695,59.69555],[19.21623,59.69963],[19.22305,59.69998],[19.21695,59.69555]]],[[[19.21768,59.43368],[19.21169,59.4377],[19.21119,59.44243],[19.20456,59.44426],[19.20301,59.44987],[19.21095,59.45177],[19.2081,59.44379],[19.22111,59.44499],[19.22302,59.4422],[19.21768,59.43368]]],[[[19.21792,59.41974],[19.21429,59.42186],[19.2151,59.42546],[19.22106,59.42196],[19.21792,59.41974]]],[[[19.20761,59.42459],[19.20155,59.42527],[19.20471,59.43197],[19.214,59.4321],[19.20761,59.42459]]],[[[19.20726,59.75365],[19.20205,59.75627],[19.21109,59.75793],[19.21278,59.75488],[19.20726,59.75365]]],[[[19.20044,59.66358],[19.20029,59.671],[19.20751,59.67315],[19.20615,59.66545],[19.20044,59.66358]]],[[[19.19811,59.75404],[19.18404,59.76089],[19.20649,59.7681],[19.1992,59.76212],[19.2015,59.75703],[19.19811,59.75404]]],[[[19.19765,63.31541],[19.19275,63.31651],[19.20243,63.32097],[19.2038,63.31715],[19.19765,63.31541]]],[[[19.19259,59.42361],[19.18661,59.42737],[19.18723,59.42994],[19.19654,59.44389],[19.20212,59.44294],[19.20247,59.43629],[19.19359,59.4331],[19.19618,59.42699],[19.19259,59.42361]]],[[[19.1987,59.39375],[19.19773,59.39783],[19.20215,59.39823],[19.20193,59.3943],[19.1987,59.39375]]],[[[19.17946,59.76121],[19.17031,59.76146],[19.16125,59.76927],[19.162,59.77415],[19.15311,59.77428],[19.15476,59.7766],[19.17862,59.7859],[19.19901,59.78439],[19.19961,59.77799],[19.19379,59.76819],[19.18721,59.76797],[19.1864,59.76412],[19.17946,59.76121]]],[[[19.19399,59.74566],[19.19425,59.75027],[19.19857,59.75008],[19.19399,59.74566]]],[[[19.18252,59.65809],[19.17618,59.6676],[19.17969,59.67302],[19.18774,59.6739],[19.18971,59.67009],[19.19505,59.66965],[19.19476,59.66555],[19.19815,59.66381],[19.18252,59.65809]]],[[[19.19289,59.51219],[19.19143,59.51601],[19.19518,59.51657],[19.19636,59.51326],[19.19289,59.51219]]],[[[19.18886,59.70924],[19.19063,59.71413],[19.19461,59.71547],[19.19631,59.71216],[19.18886,59.70924]]],[[[19.18523,59.63598],[19.1916,59.64452],[19.1924,59.6389],[19.18523,59.63598]]],[[[19.13759,59.58347],[19.13732,59.58821],[19.14733,59.59449],[19.17169,59.59688],[19.18596,59.59427],[19.16961,59.58866],[19.14689,59.5886],[19.14762,59.58451],[19.13759,59.58347]]],[[[19.18349,59.73361],[19.17791,59.73367],[19.17921,59.73778],[19.18585,59.73685],[19.18349,59.73361]]],[[[19.18139,59.74421],[19.1736,59.74769],[19.18321,59.7482],[19.18139,59.74421]]],[[[19.17682,63.26704],[19.16391,63.27341],[19.15941,63.26822],[19.15176,63.268],[19.1503,63.2731],[19.15569,63.27764],[19.14768,63.27856],[19.14307,63.28389],[19.14426,63.28747],[19.14978,63.2901],[19.15913,63.286],[19.15593,63.28276],[19.15958,63.27897],[19.16629,63.28072],[19.17898,63.27769],[19.17781,63.27383],[19.18132,63.2721],[19.17682,63.26704]]],[[[19.16574,59.49287],[19.16129,59.49588],[19.16476,59.50156],[19.17217,59.50422],[19.17516,59.50017],[19.17335,59.4963],[19.16574,59.49287]]],[[[19.17093,59.50856],[19.1672,59.51234],[19.17249,59.51216],[19.17093,59.50856]]],[[[19.16627,59.73325],[19.1598,59.73572],[19.15646,59.74565],[19.16147,59.74675],[19.17141,59.74126],[19.17094,59.73587],[19.16627,59.73325]]],[[[19.1683,63.31171],[19.16204,63.31176],[19.16407,63.31562],[19.16893,63.31517],[19.1683,63.31171]]],[[[19.15909,59.59645],[19.16449,59.59921],[19.16845,59.59752],[19.15909,59.59645]]],[[[19.16517,59.67935],[19.13806,59.68447],[19.13843,59.68678],[19.16355,59.69046],[19.16592,59.6887],[19.16517,59.67935]]],[[[19.14916,59.75848],[19.14305,59.7589],[19.14236,59.76209],[19.15879,59.76335],[19.14916,59.75848]]],[[[19.14644,59.68856],[19.1452,59.69263],[19.12736,59.69468],[19.12566,59.69786],[19.14478,59.70018],[19.15831,59.69371],[19.14644,59.68856]]],[[[19.14428,59.76404],[19.14363,59.76672],[19.1485,59.77037],[19.15577,59.77201],[19.15283,59.76557],[19.14428,59.76404]]],[[[19.14506,59.8324],[19.1375,59.83575],[19.13305,59.8426],[19.15517,59.84265],[19.15361,59.83406],[19.14506,59.8324]]],[[[19.15571,59.6581],[19.15258,59.65063],[19.14297,59.65049],[19.13409,59.65561],[19.12063,59.65657],[19.11973,59.65912],[19.13974,59.66325],[19.14585,59.66257],[19.14865,59.65761],[19.15571,59.6581]]],[[[19.14484,59.85454],[19.1461,59.85942],[19.15356,59.85799],[19.14484,59.85454]]],[[[19.15158,59.82481],[19.14621,59.82538],[19.14734,59.82795],[19.15349,59.82701],[19.15158,59.82481]]],[[[19.12486,59.73932],[19.12421,59.74187],[19.12818,59.74346],[19.12167,59.74644],[19.11695,59.74023],[19.11132,59.74117],[19.11101,59.75115],[19.10264,59.75564],[19.11825,59.75778],[19.13159,59.75503],[19.13123,59.75247],[19.13606,59.75228],[19.13562,59.7556],[19.15153,59.75224],[19.14756,59.75065],[19.15282,59.74739],[19.15248,59.74432],[19.12486,59.73932]]],[[[19.11568,59.79435],[19.11467,59.79882],[19.11934,59.80144],[19.11759,59.80552],[19.1138,59.80521],[19.11253,59.80058],[19.10944,59.8013],[19.11284,59.80865],[19.10706,59.81202],[19.11304,59.81415],[19.11189,59.81644],[19.11942,59.81808],[19.11843,59.81321],[19.13071,59.80724],[19.14711,59.81387],[19.15275,59.81293],[19.13074,59.79751],[19.11568,59.79435]]],[[[19.14594,59.84406],[19.14416,59.84864],[19.15233,59.84799],[19.14594,59.84406]]],[[[19.15085,59.35992],[19.14955,59.36541],[19.15231,59.36545],[19.15085,59.35992]]],[[[19.14956,59.30077],[19.13923,59.30203],[19.13749,59.30491],[19.15191,59.30349],[19.14956,59.30077]]],[[[19.13798,59.76792],[19.12595,59.7698],[19.12229,59.77614],[19.13572,59.7812],[19.14943,59.78114],[19.14692,59.77137],[19.13798,59.76792]]],[[[19.14398,63.31843],[19.13876,63.3199],[19.14351,63.32572],[19.14853,63.32284],[19.14398,63.31843]]],[[[19.14625,59.36152],[19.14097,59.37092],[19.14604,59.36997],[19.1483,59.36539],[19.14625,59.36152]]],[[[19.14288,59.81675],[19.14113,59.8207],[19.14726,59.82027],[19.1474,59.81771],[19.14288,59.81675]]],[[[19.10882,59.82587],[19.10203,59.83345],[19.09023,59.83072],[19.08836,59.83684],[19.10252,59.84267],[19.1113,59.85381],[19.10898,59.85889],[19.13311,59.8641],[19.14235,59.8627],[19.13863,59.84728],[19.12819,59.84304],[19.12189,59.84653],[19.12018,59.84163],[19.12582,59.83993],[19.11439,59.83516],[19.1201,59.84158],[19.11227,59.83667],[19.10882,59.82587]]],[[[19.13517,59.3533],[19.13533,59.35958],[19.14208,59.36129],[19.13517,59.3533]]],[[[19.1368,59.73437],[19.13217,59.73558],[19.13557,59.73832],[19.13974,59.7362],[19.1368,59.73437]]],[[[19.13218,59.8262],[19.12514,59.82943],[19.12364,59.8335],[19.13787,59.83371],[19.1387,59.82783],[19.13218,59.8262]]],[[[19.12971,59.76153],[19.12854,59.7642],[19.13255,59.76515],[19.13574,59.76264],[19.12971,59.76153]]],[[[19.13026,59.36053],[19.119,59.36472],[19.132,59.36542],[19.13386,59.36339],[19.13026,59.36053]]],[[[19.13323,59.83479],[19.12457,59.83505],[19.13145,59.83925],[19.13323,59.83479]]],[[[19.12241,59.72892],[19.1222,59.73263],[19.12953,59.73299],[19.12241,59.72892]]],[[[19.11981,57.82383],[19.11712,57.82468],[19.1171,57.8298],[19.12287,57.8295],[19.12395,57.82709],[19.11981,57.82383]]],[[[19.10818,59.81908],[19.11655,59.83289],[19.12053,59.83448],[19.1162,59.82111],[19.10818,59.81908]]],[[[19.10319,59.70112],[19.101,59.70403],[19.11015,59.70353],[19.10319,59.70112]]],[[[19.09118,59.76968],[19.08002,59.76965],[19.07711,59.77165],[19.07898,59.77449],[19.06541,59.7766],[19.06153,59.78217],[19.09928,59.78797],[19.10422,59.78587],[19.10417,59.78228],[19.09024,59.77735],[19.09532,59.77729],[19.0954,59.77141],[19.09118,59.76968]]],[[[19.02447,57.88217],[19.02974,57.88226],[19.03267,57.87717],[19.02941,57.87098],[19.06039,57.86685],[19.06841,57.8516],[19.08098,57.85],[19.08917,57.845],[19.09605,57.82386],[19.10065,57.81855],[19.08857,57.81568],[19.08157,57.82096],[19.07443,57.83326],[19.06685,57.83596],[19.06037,57.8269],[19.05795,57.82737],[19.05189,57.83292],[19.05242,57.83651],[19.04605,57.83884],[19.03144,57.83388],[19.02626,57.82766],[19.02253,57.8299],[19.0169,57.8275],[19.01638,57.81521],[19.01163,57.81437],[19.0157,57.81008],[19.0147,57.80648],[19.00817,57.8074],[19.00287,57.79912],[18.99064,57.79483],[18.99295,57.7836],[19.00075,57.78116],[19.00809,57.78718],[19.02559,57.78719],[19.02944,57.77803],[19.02594,57.77644],[19.03752,57.77047],[19.03756,57.76535],[19.02197,57.76127],[19.01677,57.74261],[19.01162,57.74036],[19.01083,57.75495],[19.00399,57.7615],[19.00668,57.76487],[18.99912,57.78037],[18.99361,57.78028],[18.9925,57.77437],[18.98305,57.77627],[18.98294,57.76961],[18.95841,57.78817],[18.95067,57.78933],[18.94974,57.78035],[18.95501,57.76353],[18.95034,57.75296],[18.95102,57.74093],[18.95783,57.739],[18.95589,57.73103],[18.95904,57.73031],[18.946,57.72382],[18.93302,57.73334],[18.92065,57.73186],[18.91529,57.72934],[18.90986,57.71978],[18.91351,57.71881],[18.91232,57.71444],[18.89785,57.7165],[18.88282,57.73623],[18.87521,57.73533],[18.86991,57.72372],[18.86375,57.72259],[18.83816,57.73035],[18.83022,57.74302],[18.8148,57.74864],[18.8045,57.74078],[18.80288,57.73205],[18.80588,57.72981],[18.80057,57.7269],[18.80223,57.71898],[18.81158,57.70685],[18.81065,57.70248],[18.80235,57.70131],[18.80031,57.69538],[18.80632,57.68704],[18.80732,57.67835],[18.79892,57.67103],[18.80509,57.66781],[18.80397,57.66267],[18.79759,57.6536],[18.78654,57.65468],[18.78021,57.64881],[18.77446,57.64909],[18.77208,57.63727],[18.77762,57.6325],[18.76672,57.62335],[18.76516,57.61769],[18.77434,57.61209],[18.79926,57.61035],[18.80845,57.6041],[18.80967,57.59978],[18.79897,57.59139],[18.80172,57.58529],[18.79796,57.58036],[18.80603,57.56117],[18.81599,57.56198],[18.81029,57.55369],[18.80015,57.55594],[18.79157,57.55208],[18.80297,57.54485],[18.80313,57.54204],[18.78511,57.53686],[18.78541,57.532],[18.769,57.52787],[18.76833,57.52325],[18.75452,57.51557],[18.75243,57.51093],[18.7691,57.50277],[18.76941,57.49381],[18.77737,57.49191],[18.78311,57.48629],[18.76881,57.48407],[18.76344,57.47092],[18.76834,57.46843],[18.79075,57.47511],[18.80386,57.4706],[18.79886,57.46283],[18.78744,57.45521],[18.78696,57.45136],[18.80145,57.45135],[18.80146,57.44726],[18.80807,57.44788],[18.80708,57.44454],[18.81328,57.44029],[18.83053,57.44571],[18.83046,57.44289],[18.84838,57.4409],[18.84981,57.43682],[18.86104,57.43561],[18.86775,57.43866],[18.86678,57.443],[18.87459,57.44762],[18.8927,57.44651],[18.90452,57.43083],[18.91269,57.42943],[18.91593,57.42231],[18.92191,57.42561],[18.9318,57.42283],[18.92441,57.41503],[18.92028,57.4042],[18.89475,57.3943],[18.89383,57.38968],[18.88595,57.38239],[18.87543,57.38809],[18.87646,57.39079],[18.88305,57.39155],[18.8831,57.39488],[18.86834,57.39988],[18.8487,57.39506],[18.84431,57.38501],[18.83762,57.38195],[18.83276,57.3839],[18.81801,57.3807],[18.8121,57.37241],[18.79205,57.37475],[18.75945,57.36521],[18.74726,57.35924],[18.74082,57.34836],[18.72246,57.34265],[18.71347,57.33096],[18.71761,57.3254],[18.71606,57.32358],[18.68552,57.31995],[18.68255,57.31451],[18.67628,57.31261],[18.66397,57.29779],[18.66793,57.28377],[18.68572,57.2742],[18.71042,57.27738],[18.71883,57.26754],[18.71046,57.2615],[18.7131,57.25694],[18.70996,57.25048],[18.71298,57.24361],[18.693,57.24594],[18.66812,57.24331],[18.66881,57.23986],[18.68516,57.2353],[18.70365,57.23423],[18.70374,57.22911],[18.69935,57.22365],[18.68625,57.2179],[18.67939,57.21816],[18.68321,57.22489],[18.6707,57.23247],[18.64371,57.21878],[18.63862,57.22457],[18.61321,57.22319],[18.59229,57.21818],[18.57845,57.22048],[18.55837,57.20997],[18.55133,57.21291],[18.54657,57.20283],[18.57631,57.20264],[18.57651,57.19957],[18.4913,57.17587],[18.49148,57.17318],[18.48566,57.17106],[18.48483,57.16344],[18.46746,57.16591],[18.45135,57.16021],[18.44849,57.15387],[18.43045,57.15235],[18.429,57.14951],[18.41457,57.1469],[18.41028,57.14092],[18.40201,57.14127],[18.39947,57.13379],[18.39214,57.13082],[18.39132,57.12235],[18.39898,57.12057],[18.41018,57.12197],[18.41188,57.12469],[18.43422,57.12169],[18.44064,57.12426],[18.45057,57.12357],[18.45514,57.11879],[18.44391,57.11088],[18.42299,57.11391],[18.40229,57.10695],[18.39358,57.10011],[18.37925,57.09994],[18.36439,57.0872],[18.36481,57.08465],[18.35466,57.08175],[18.35088,57.07539],[18.34074,57.07262],[18.34108,57.06123],[18.34461,57.05784],[18.35106,57.05964],[18.35593,57.05398],[18.35,57.05488],[18.347,57.05072],[18.34934,57.04104],[18.34582,57.03097],[18.33951,57.03058],[18.34263,57.01656],[18.35658,57.00853],[18.37938,57.01145],[18.40007,57.00086],[18.39661,56.99336],[18.38627,56.99353],[18.37824,56.99759],[18.35656,56.9956],[18.35557,56.98969],[18.36527,56.98528],[18.34421,56.97792],[18.33453,56.96899],[18.32254,56.96619],[18.32026,56.95871],[18.32497,56.95189],[18.30917,56.95002],[18.30872,56.94642],[18.31397,56.94191],[18.31091,56.93879],[18.29598,56.93795],[18.29402,56.93586],[18.29648,56.93105],[18.25332,56.92857],[18.24598,56.92327],[18.23265,56.91991],[18.23102,56.91655],[18.22074,56.91632],[18.19517,56.90756],[18.19008,56.9068],[18.18206,56.91379],[18.1647,56.91416],[18.15346,56.90802],[18.14182,56.91339],[18.12861,56.90847],[18.12324,56.91744],[18.12435,56.92131],[18.1418,56.93503],[18.15185,56.94756],[18.15899,56.94926],[18.15644,56.95509],[18.16954,56.96154],[18.17398,56.97111],[18.18125,56.97409],[18.18811,56.9827],[18.20031,56.98272],[18.2003,56.98912],[18.19552,56.99645],[18.20482,57.00075],[18.19356,57.00998],[18.19938,57.0201],[18.2178,57.03127],[18.22673,57.03121],[18.23073,57.03424],[18.24467,57.03634],[18.25989,57.03373],[18.27587,57.0369],[18.27722,57.0409],[18.2832,57.04269],[18.29269,57.0575],[18.29176,57.06708],[18.29662,57.06809],[18.29852,57.07428],[18.29534,57.09214],[18.30141,57.09611],[18.29075,57.10023],[18.28793,57.09377],[18.28075,57.08912],[18.25272,57.07994],[18.25029,57.07784],[18.25211,57.07223],[18.24212,57.06434],[18.23312,57.06209],[18.21194,57.05931],[18.19743,57.0677],[18.17465,57.07052],[18.17751,57.07327],[18.19414,57.07083],[18.20598,57.07916],[18.21102,57.0903],[18.21055,57.09642],[18.21834,57.09942],[18.2149,57.10754],[18.21937,57.11698],[18.20708,57.11761],[18.20766,57.12249],[18.21799,57.12605],[18.21856,57.13707],[18.20885,57.13788],[18.20073,57.14564],[18.19353,57.14753],[18.1669,57.14437],[18.1689,57.1521],[18.15984,57.16265],[18.14991,57.16307],[18.14662,57.16901],[18.15994,57.17367],[18.15567,57.18023],[18.16637,57.18201],[18.16279,57.19167],[18.15046,57.18959],[18.15408,57.21606],[18.14776,57.2277],[18.15249,57.22755],[18.15265,57.23165],[18.1488,57.23259],[18.14903,57.23874],[18.13745,57.24488],[18.14103,57.24752],[18.13265,57.24887],[18.12435,57.24612],[18.11653,57.2526],[18.09131,57.26073],[18.09719,57.28212],[18.10271,57.29019],[18.12505,57.29493],[18.13574,57.3035],[18.16503,57.31646],[18.17087,57.32351],[18.175,57.34076],[18.1786,57.34315],[18.16938,57.35216],[18.17671,57.35847],[18.17076,57.37115],[18.17542,57.37228],[18.17423,57.37532],[18.18037,57.38187],[18.19093,57.38645],[18.18546,57.38967],[18.19704,57.39018],[18.19632,57.39349],[18.19277,57.39341],[18.19276,57.39034],[18.18357,57.39577],[18.17885,57.39233],[18.17,57.39329],[18.16737,57.39669],[18.17236,57.39654],[18.17134,57.40369],[18.16558,57.40753],[18.158,57.40749],[18.15718,57.41183],[18.14814,57.41521],[18.1485,57.42879],[18.14228,57.43864],[18.11834,57.44104],[18.12266,57.45254],[18.12748,57.4547],[18.11916,57.4668],[18.12807,57.48954],[18.11105,57.50325],[18.1064,57.5349],[18.14279,57.56595],[18.17224,57.5857],[18.20067,57.60055],[18.2145,57.6006],[18.25717,57.61677],[18.2736,57.62673],[18.27688,57.63398],[18.28711,57.63777],[18.28499,57.64054],[18.31302,57.6619],[18.33109,57.66971],[18.33161,57.67561],[18.34132,57.68017],[18.34459,57.68433],[18.34276,57.6866],[18.34684,57.6895],[18.35438,57.6912],[18.35114,57.69292],[18.36768,57.70556],[18.37497,57.71724],[18.38554,57.72335],[18.39861,57.73795],[18.42924,57.78545],[18.46156,57.82017],[18.49585,57.83097],[18.5177,57.82743],[18.52856,57.82994],[18.54794,57.84159],[18.56209,57.84532],[18.58551,57.83987],[18.6113,57.84672],[18.61727,57.85699],[18.61727,57.86801],[18.62395,57.87965],[18.62363,57.88451],[18.63345,57.89238],[18.66351,57.90344],[18.6993,57.92291],[18.7194,57.92468],[18.72628,57.93006],[18.73396,57.93046],[18.75165,57.92475],[18.757,57.91998],[18.77982,57.87761],[18.77688,57.87474],[18.77836,57.86632],[18.78264,57.86306],[18.78318,57.85437],[18.78896,57.85011],[18.78355,57.84823],[18.79107,57.8353],[18.7907,57.82966],[18.79364,57.82856],[18.80214,57.83088],[18.7999,57.84006],[18.80181,57.84419],[18.80604,57.8458],[18.80744,57.85428],[18.81453,57.8562],[18.81739,57.86059],[18.81428,57.86822],[18.82591,57.87867],[18.84529,57.88002],[18.84425,57.89357],[18.83428,57.8993],[18.84058,57.91451],[18.85412,57.92549],[18.87671,57.926],[18.89282,57.93037],[18.90754,57.92562],[18.9289,57.92648],[18.93824,57.91894],[18.95679,57.91848],[18.97315,57.91426],[19.00379,57.91705],[19.00879,57.92251],[19.01511,57.9212],[19.0168,57.91687],[19.02342,57.91441],[19.02547,57.90779],[19.02358,57.89393],[19.01867,57.8872],[19.02447,57.88217]]],[[[19.09159,59.79823],[19.09704,59.79165],[19.09117,59.79208],[19.09159,59.79823]]],[[[19.08388,63.20377],[19.07278,63.20439],[19.0723,63.20745],[19.08698,63.20842],[19.08388,63.20377]]],[[[19.07784,59.78984],[19.06743,59.78994],[19.06853,59.79277],[19.07998,59.79243],[19.07784,59.78984]]],[[[19.01829,59.5606],[19.01332,59.5636],[19.02817,59.56843],[19.02003,59.57394],[19.02077,59.57856],[19.04791,59.58051],[19.06172,59.57738],[19.0661,59.58013],[19.0769,59.57671],[19.07755,59.57403],[19.06626,59.56849],[19.05919,59.56864],[19.05583,59.56565],[19.0331,59.5662],[19.01829,59.5606]]],[[[19.07167,63.23393],[19.06727,63.23604],[19.0725,63.23842],[19.07471,63.23512],[19.07167,63.23393]]],[[[19.05414,63.23305],[19.04977,63.23887],[19.05691,63.24243],[19.06668,63.24063],[19.0625,63.23521],[19.05414,63.23305]]],[[[19.04641,57.78775],[19.02593,57.79846],[19.02945,57.8085],[19.05526,57.80147],[19.05687,57.79842],[19.06662,57.79985],[19.06588,57.79574],[19.05951,57.79385],[19.05692,57.78844],[19.04641,57.78775]]],[[[19.05114,63.20179],[19.04576,63.20581],[19.0653,63.20608],[19.05114,63.20179]]],[[[19.05032,59.69574],[19.05407,59.70091],[19.06155,59.70294],[19.06221,59.70027],[19.05032,59.69574]]],[[[19.04959,59.7692],[19.03215,59.77227],[19.03442,59.77691],[19.0467,59.77517],[19.05423,59.77234],[19.04959,59.7692]]],[[[19.02944,59.63732],[19.02119,59.64014],[19.01371,59.63836],[19.01332,59.64066],[19.02008,59.64178],[19.03354,59.65376],[19.04009,59.65412],[19.03994,59.64797],[19.04956,59.64786],[19.04899,59.64452],[19.05317,59.64228],[19.05256,59.63971],[19.03485,59.63996],[19.02944,59.63732]]],[[[19.04421,59.80918],[19.03758,59.81382],[19.03906,59.81896],[19.04659,59.81626],[19.04421,59.80918]]],[[[19.03375,63.24083],[19.02941,63.24627],[19.04122,63.24362],[19.03375,63.24083]]],[[[19.0142,59.62208],[19.01911,59.62385],[19.01847,59.62614],[19.00919,59.6292],[19.01704,59.63329],[19.02907,59.63501],[19.038,59.62925],[19.02658,59.62575],[19.026,59.62267],[19.0142,59.62208]]],[[[19.01659,59.67527],[19.0117,59.68082],[19.018,59.68553],[19.03534,59.68348],[19.03492,59.67904],[19.01659,59.67527]]],[[[19.02535,59.27603],[19.02317,59.27907],[19.02914,59.27967],[19.03027,59.27739],[19.02535,59.27603]]],[[[19.01783,59.41391],[19.01685,59.41773],[19.01167,59.41612],[19.01029,59.41959],[19.01578,59.42322],[19.02438,59.4222],[19.02869,59.41714],[19.01783,59.41391]]],[[[19.01758,59.37525],[19.01835,59.37923],[19.02284,59.37968],[19.02204,59.37621],[19.01758,59.37525]]],[[[19.01132,59.78117],[18.99501,59.7822],[18.99476,59.78629],[19.0162,59.79302],[19.01776,59.78818],[19.01132,59.78117]]],[[[19.01292,59.37774],[19.01092,59.3818],[19.01775,59.38088],[19.01292,59.37774]]],[[[19.00082,59.62562],[19.00289,59.6332],[19.01044,59.6337],[19.00082,59.62562]]],[[[18.88942,59.79783],[18.94321,59.84002],[18.94478,59.84747],[18.94876,59.84907],[18.94852,59.857],[18.96046,59.85744],[18.96079,59.86026],[18.96804,59.85833],[18.9716,59.84994],[18.98439,59.84885],[18.9884,59.84559],[18.98717,59.83226],[18.99076,59.82745],[18.99761,59.82644],[18.99489,59.81804],[18.99794,59.81373],[18.98715,59.80307],[19.00073,59.80533],[18.9988,59.79941],[19.00499,59.80206],[19.01043,59.80035],[19.00921,59.79522],[18.99456,59.78962],[18.99363,59.78397],[18.95297,59.7804],[18.94717,59.78402],[18.93271,59.7838],[18.93328,59.78688],[18.93732,59.7872],[18.93608,59.79076],[18.92722,59.78627],[18.93355,59.78253],[18.93062,59.78056],[18.91568,59.77994],[18.90965,59.78305],[18.87732,59.78035],[18.87323,59.78873],[18.88942,59.79783]]],[[[19.00579,59.37097],[19.00018,59.37677],[19.00355,59.38348],[19.00758,59.38329],[19.00705,59.37509],[19.00941,59.37333],[19.00579,59.37097]]],[[[19.0021,59.39114],[19.0033,59.39628],[19.00898,59.3979],[19.00843,59.39431],[19.0021,59.39114]]],[[[19.00542,59.57346],[19.00173,59.57622],[19.00874,59.5771],[19.00894,59.57377],[19.00542,59.57346]]],[[[18.99894,59.3765],[18.99558,59.37824],[18.99665,59.38978],[19.00285,59.3868],[18.99897,59.38456],[18.99894,59.3765]]],[[[18.98343,59.68794],[18.98377,59.69064],[18.99627,59.69339],[18.98343,59.68794]]],[[[18.98542,59.67172],[18.99424,59.67646],[18.99447,59.67263],[18.98542,59.67172]]],[[[18.98622,57.4305],[18.9822,57.4385],[18.96031,57.43943],[18.96078,57.44379],[18.98142,57.44835],[18.99099,57.44709],[18.98994,57.43606],[18.98622,57.4305]]],[[[18.98518,59.48151],[18.9774,59.48548],[18.97772,59.48856],[18.99142,59.49082],[18.98518,59.48151]]],[[[18.98274,59.77523],[18.97446,59.77779],[18.99066,59.77855],[18.98274,59.77523]]],[[[18.98905,59.37404],[18.97766,59.38001],[18.98826,59.38325],[18.98905,59.37404]]],[[[18.88309,59.60892],[18.89039,59.61066],[18.88401,59.61841],[18.90936,59.63328],[18.92241,59.6349],[18.92088,59.63922],[18.9283,59.646],[18.95094,59.65608],[18.95931,59.6557],[18.96013,59.65059],[18.96881,59.64919],[18.96871,59.63844],[18.97213,59.63619],[18.98753,59.63642],[18.98319,59.62868],[18.98786,59.6267],[18.98475,59.62384],[18.97793,59.62373],[18.97548,59.62677],[18.96702,59.62446],[18.97028,59.6208],[18.96666,59.61793],[18.94543,59.6222],[18.92493,59.61855],[18.93959,59.62672],[18.92549,59.62598],[18.91533,59.61865],[18.91873,59.61269],[18.91118,59.604],[18.91137,59.60105],[18.91743,59.60102],[18.91412,59.58919],[18.90119,59.58604],[18.90866,59.58484],[18.8978,59.57972],[18.89821,59.57716],[18.88931,59.5783],[18.88108,59.57663],[18.87877,59.57327],[18.87508,59.57986],[18.86119,59.57989],[18.84947,59.58559],[18.86131,59.59397],[18.86026,59.59857],[18.86807,59.60416],[18.86659,59.60635],[18.88309,59.60892]]],[[[18.98315,59.36371],[18.97847,59.36645],[18.98348,59.36653],[18.98315,59.36371]]],[[[18.96794,59.4669],[18.96778,59.46972],[18.97279,59.46992],[18.97204,59.47413],[18.98104,59.47504],[18.98232,59.47045],[18.97947,59.46772],[18.96794,59.4669]]],[[[18.97394,57.7463],[18.97153,57.74664],[18.97038,57.75431],[18.97854,57.75392],[18.97724,57.76005],[18.98099,57.76164],[18.98146,57.7532],[18.97394,57.7463]]],[[[18.97133,59.46081],[18.97166,59.46363],[18.97978,59.46248],[18.97133,59.46081]]],[[[18.96972,59.36171],[18.96393,59.37058],[18.97484,59.37689],[18.9793,59.37363],[18.97299,59.36995],[18.96972,59.36171]]],[[[18.94689,59.39105],[18.94645,59.39411],[18.95056,59.39674],[18.94693,59.3986],[18.94205,59.39635],[18.93529,59.40853],[18.93458,59.42004],[18.9535,59.4229],[18.9641,59.42204],[18.95921,59.41992],[18.9636,59.41794],[18.97746,59.41713],[18.97772,59.40843],[18.95841,59.40813],[18.95663,59.40426],[18.96366,59.40437],[18.96389,59.40053],[18.95887,59.40045],[18.94689,59.39105]]],[[[18.95346,59.28196],[18.94332,59.28424],[18.9422,59.28627],[18.94954,59.28894],[18.96155,59.289],[18.96277,59.28531],[18.97231,59.28469],[18.95346,59.28196]]],[[[18.95925,59.4692],[18.95586,59.47542],[18.96934,59.47716],[18.96908,59.47306],[18.95925,59.4692]]],[[[18.96488,59.4593],[18.95878,59.46036],[18.96841,59.46333],[18.96488,59.4593]]],[[[18.96302,59.37313],[18.95152,59.38498],[18.96362,59.38824],[18.96786,59.38447],[18.96798,59.37832],[18.96302,59.37313]]],[[[18.95851,59.35641],[18.95784,59.35922],[18.96569,59.36216],[18.96734,59.35962],[18.95851,59.35641]]],[[[18.96726,63.19358],[18.95499,63.19481],[18.95506,63.19788],[18.96352,63.19852],[18.96726,63.19358]]],[[[18.9433,59.35093],[18.94032,59.35459],[18.94034,59.36663],[18.94598,59.37286],[18.95679,59.37661],[18.96029,59.36847],[18.95761,59.36306],[18.9536,59.36299],[18.95252,59.35594],[18.94279,59.35514],[18.9433,59.35093]]],[[[18.95536,59.44213],[18.95407,59.44672],[18.96018,59.44553],[18.95536,59.44213]]],[[[18.93164,59.28712],[18.93298,59.2897],[18.92248,59.28954],[18.92813,59.29539],[18.95561,59.29621],[18.95978,59.29346],[18.93164,59.28712]]],[[[18.92512,59.36946],[18.92846,59.37233],[18.92788,59.37769],[18.90916,59.38431],[18.90588,59.3927],[18.89208,59.39274],[18.88748,59.39394],[18.8888,59.39703],[18.90506,59.40191],[18.90081,59.40568],[18.90668,59.4082],[18.92853,59.40817],[18.93719,59.39781],[18.93558,59.39548],[18.94018,59.39402],[18.93736,59.3909],[18.94491,59.39051],[18.94513,59.38693],[18.9549,59.37889],[18.9386,59.37044],[18.93737,59.36607],[18.93029,59.36698],[18.91907,59.36181],[18.91713,59.37701],[18.92457,59.37431],[18.92512,59.36946]]],[[[18.9512,59.4692],[18.94414,59.4737],[18.95083,59.47534],[18.95325,59.47282],[18.9512,59.4692]]],[[[18.9473,57.9205],[18.94466,57.92443],[18.94978,57.92759],[18.9473,57.9205]]],[[[18.9395,59.70249],[18.94336,59.70563],[18.94806,59.70327],[18.9395,59.70249]]],[[[18.94118,59.69151],[18.93896,59.69481],[18.94653,59.69518],[18.9477,59.69264],[18.94118,59.69151]]],[[[18.93748,59.43852],[18.92995,59.4425],[18.94464,59.44478],[18.9476,59.4415],[18.93748,59.43852]]],[[[18.92146,63.20021],[18.92277,63.2056],[18.91384,63.20368],[18.90972,63.20976],[18.91089,63.22104],[18.91657,63.22087],[18.91556,63.22699],[18.92675,63.2292],[18.92971,63.22336],[18.94699,63.22387],[18.94368,63.21845],[18.93121,63.21442],[18.92863,63.21081],[18.93186,63.20932],[18.93066,63.20623],[18.92146,63.20021]]],[[[18.82782,59.60827],[18.86393,59.63229],[18.90777,59.65079],[18.91682,59.6517],[18.92448,59.65861],[18.93781,59.66407],[18.94687,59.66472],[18.92575,59.64621],[18.9189,59.64662],[18.91605,59.63966],[18.90254,59.63727],[18.89422,59.63291],[18.89544,59.6296],[18.89207,59.62686],[18.87146,59.61705],[18.85779,59.6016],[18.83524,59.59892],[18.82245,59.58975],[18.83141,59.58785],[18.82651,59.58547],[18.81459,59.58629],[18.77837,59.57288],[18.75189,59.56897],[18.75071,59.57151],[18.75431,59.5781],[18.76077,59.57962],[18.77457,59.57691],[18.77686,59.58054],[18.76701,59.58446],[18.78002,59.58622],[18.78037,59.58853],[18.79207,59.58719],[18.7936,59.5908],[18.82782,59.60827]]],[[[18.92962,59.33676],[18.92898,59.33905],[18.93992,59.34051],[18.92962,59.33676]]],[[[18.93422,59.70587],[18.93202,59.70878],[18.93697,59.71065],[18.9387,59.70722],[18.93422,59.70587]]],[[[18.92744,59.34786],[18.92347,59.35125],[18.93816,59.35712],[18.93534,59.34991],[18.92744,59.34786]]],[[[18.88465,59.65644],[18.8729,59.65829],[18.8727,59.66136],[18.84177,59.66252],[18.84091,59.66788],[18.85713,59.67545],[18.86536,59.6734],[18.86855,59.67499],[18.86408,59.67761],[18.86653,59.67893],[18.89453,59.67644],[18.89558,59.66775],[18.90717,59.66845],[18.90585,59.66535],[18.92231,59.6692],[18.93531,59.66761],[18.91922,59.66185],[18.91692,59.6581],[18.89733,59.656],[18.90223,59.66248],[18.89735,59.66368],[18.88465,59.65644]]],[[[18.92606,59.27193],[18.90177,59.2805],[18.89586,59.29116],[18.91493,59.29031],[18.92342,59.28648],[18.9229,59.28263],[18.92818,59.2822],[18.93382,59.27589],[18.92606,59.27193]]],[[[18.92839,59.70181],[18.92015,59.70398],[18.90714,59.70147],[18.90698,59.70403],[18.91066,59.70588],[18.91007,59.7086],[18.93168,59.70596],[18.92839,59.70181]]],[[[18.88351,59.4013],[18.86024,59.41206],[18.85207,59.42204],[18.85725,59.4275],[18.8517,59.42792],[18.85304,59.4305],[18.86225,59.43868],[18.91832,59.44769],[18.91912,59.44284],[18.9308,59.44097],[18.92774,59.43337],[18.91645,59.42897],[18.91175,59.42377],[18.91189,59.41738],[18.89496,59.41096],[18.88351,59.4013]]],[[[18.92344,59.2491],[18.92014,59.25007],[18.92271,59.25293],[18.92808,59.25098],[18.92344,59.2491]]],[[[18.92617,57.71083],[18.92279,57.71128],[18.92261,57.71726],[18.92705,57.71622],[18.92617,57.71083]]],[[[18.9186,59.50043],[18.92031,59.50532],[18.92745,59.5039],[18.9186,59.50043]]],[[[18.85455,59.31929],[18.86494,59.32138],[18.86166,59.32568],[18.87267,59.32586],[18.86882,59.33143],[18.87812,59.33491],[18.87988,59.33877],[18.87389,59.33842],[18.87159,59.34325],[18.8755,59.34485],[18.87302,59.34839],[18.87944,59.35387],[18.89148,59.34972],[18.89981,59.35689],[18.91078,59.35796],[18.91557,59.35343],[18.91373,59.35071],[18.92222,59.35123],[18.92501,59.34257],[18.92048,59.33879],[18.90605,59.33702],[18.90529,59.34123],[18.90765,59.3437],[18.91874,59.3426],[18.91919,59.3476],[18.89846,59.34637],[18.89412,59.34361],[18.89967,59.34294],[18.90465,59.33533],[18.89619,59.33443],[18.89693,59.3306],[18.89009,59.3278],[18.89078,59.32474],[18.84221,59.31652],[18.83363,59.31753],[18.83496,59.32024],[18.84544,59.3208],[18.84723,59.32416],[18.85658,59.32687],[18.85455,59.31929]]],[[[18.90548,59.4846],[18.91178,59.48855],[18.91085,59.49135],[18.92114,59.49177],[18.9208,59.4892],[18.90548,59.4846]]],[[[18.9056,59.45017],[18.89399,59.45088],[18.89176,59.45443],[18.9142,59.45735],[18.91681,59.45586],[18.9056,59.45017]]],[[[18.90071,59.35857],[18.89907,59.36085],[18.90592,59.36364],[18.91263,59.36042],[18.90071,59.35857]]],[[[18.91241,59.68184],[18.892,59.68446],[18.88304,59.68201],[18.86861,59.686],[18.87618,59.68638],[18.87499,59.68918],[18.90131,59.68934],[18.91241,59.68184]]],[[[18.91168,59.913],[18.90652,59.91394],[18.90574,59.91828],[18.91062,59.91759],[18.91168,59.913]]],[[[18.88721,63.18792],[18.8778,63.18882],[18.88081,63.19807],[18.90858,63.19797],[18.91078,63.19494],[18.88721,63.18792]]],[[[18.89947,59.22439],[18.8983,59.22719],[18.90542,59.22513],[18.89947,59.22439]]],[[[18.88256,59.30387],[18.86655,59.30361],[18.8567,59.30908],[18.88542,59.31416],[18.90455,59.31255],[18.89754,59.30859],[18.9014,59.30686],[18.89548,59.30536],[18.88963,59.30812],[18.88256,59.30387]]],[[[18.88519,63.23895],[18.85878,63.25071],[18.86981,63.26278],[18.88896,63.26498],[18.89981,63.24467],[18.88519,63.23895]]],[[[18.89674,59.38231],[18.89233,59.38455],[18.89902,59.38594],[18.89674,59.38231]]],[[[18.89152,59.48246],[18.89433,59.48583],[18.89898,59.48386],[18.89152,59.48246]]],[[[18.88393,59.37033],[18.878,59.37305],[18.87927,59.38075],[18.89247,59.38225],[18.89767,59.37529],[18.88393,59.37033]]],[[[18.86134,63.16234],[18.85398,63.16236],[18.85479,63.16672],[18.86938,63.16848],[18.8717,63.17158],[18.86644,63.17381],[18.86999,63.18333],[18.89028,63.18465],[18.89002,63.18055],[18.89584,63.17834],[18.88111,63.17454],[18.87626,63.1673],[18.86134,63.16234]]],[[[18.89543,59.25761],[18.88779,59.25979],[18.895,59.26042],[18.89543,59.25761]]],[[[18.88578,59.69473],[18.88309,59.69724],[18.89055,59.69941],[18.891,59.69635],[18.88578,59.69473]]],[[[18.87202,59.52042],[18.8659,59.52544],[18.88812,59.52887],[18.87936,59.52387],[18.88254,59.52136],[18.87202,59.52042]]],[[[18.88415,63.27643],[18.87679,63.2799],[18.88497,63.28079],[18.8881,63.27674],[18.88415,63.27643]]],[[[18.87634,59.69189],[18.86196,59.69498],[18.88156,59.69748],[18.87634,59.69189]]],[[[18.85652,59.38345],[18.8515,59.3835],[18.84454,59.39042],[18.84481,59.39401],[18.85013,59.39717],[18.84626,59.40287],[18.86746,59.40898],[18.87738,59.3989],[18.87149,59.39675],[18.86681,59.38746],[18.85681,59.38678],[18.85652,59.38345]]],[[[18.87412,59.55898],[18.86942,59.56159],[18.87642,59.5626],[18.87412,59.55898]]],[[[18.86952,59.28817],[18.85752,59.28797],[18.85406,59.29534],[18.86245,59.29727],[18.87425,59.2926],[18.86952,59.28817]]],[[[18.86005,59.48668],[18.86086,59.48977],[18.86941,59.48991],[18.86005,59.48668]]],[[[18.85876,63.14362],[18.8544,63.14522],[18.8687,63.15081],[18.86877,63.14595],[18.85876,63.14362]]],[[[18.85964,59.644],[18.84947,59.64486],[18.8508,59.64782],[18.8202,59.64399],[18.81534,59.64877],[18.82982,59.65938],[18.8367,59.6586],[18.83336,59.65547],[18.8354,59.65141],[18.84428,59.65488],[18.86061,59.65259],[18.86847,59.64837],[18.85964,59.644]]],[[[18.84325,63.14684],[18.82673,63.14838],[18.83629,63.15672],[18.85351,63.16107],[18.86616,63.15845],[18.86697,63.15513],[18.84325,63.14684]]],[[[18.83055,59.49926],[18.82648,59.5038],[18.82903,59.50729],[18.84607,59.50847],[18.84933,59.51275],[18.857,59.51096],[18.86187,59.5136],[18.86563,59.50982],[18.85299,59.5027],[18.83055,59.49926]]],[[[18.85965,59.68355],[18.85694,59.68632],[18.86489,59.68876],[18.85965,59.68355]]],[[[18.86179,60.29145],[18.85401,60.29223],[18.85485,60.29505],[18.86179,60.29145]]],[[[18.85632,57.67829],[18.85243,57.67938],[18.85282,57.68502],[18.85928,57.68487],[18.86069,57.68131],[18.85632,57.67829]]],[[[18.85987,60.29718],[18.85094,60.2996],[18.85078,60.30216],[18.85809,60.30074],[18.85987,60.29718]]],[[[18.83199,59.47675],[18.83381,59.47985],[18.82885,59.48259],[18.84591,59.49132],[18.84352,59.49333],[18.85939,59.49307],[18.85448,59.48711],[18.84641,59.48736],[18.8437,59.48258],[18.83487,59.48157],[18.83521,59.47757],[18.83199,59.47675]]],[[[18.84546,57.70026],[18.83987,57.70964],[18.83934,57.7186],[18.84822,57.71823],[18.85776,57.71071],[18.85636,57.70198],[18.84546,57.70026]]],[[[18.85066,59.1825],[18.85495,59.18578],[18.85807,59.18352],[18.85066,59.1825]]],[[[18.85236,59.29045],[18.84009,59.2946],[18.84238,59.29796],[18.83526,59.29976],[18.81023,59.29973],[18.8104,59.30485],[18.82467,59.30881],[18.83642,59.30503],[18.85691,59.29782],[18.84789,59.29793],[18.85236,59.29045]]],[[[18.8503,59.1962],[18.85112,59.19903],[18.84013,59.2032],[18.84238,59.21091],[18.85165,59.2144],[18.85217,59.21005],[18.8488,59.2082],[18.85483,59.1996],[18.8503,59.1962]]],[[[18.85247,59.46326],[18.84513,59.46801],[18.85011,59.46886],[18.85247,59.46326]]],[[[18.84606,59.18435],[18.84581,59.18819],[18.85133,59.18776],[18.84606,59.18435]]],[[[18.84176,59.51288],[18.83671,59.51318],[18.83772,59.51704],[18.85044,59.51904],[18.84304,59.51661],[18.84176,59.51288]]],[[[18.84968,60.18541],[18.83932,60.18652],[18.83963,60.18972],[18.84836,60.18974],[18.84968,60.18541]]],[[[18.84603,59.69075],[18.83971,59.69449],[18.84721,59.69589],[18.84935,59.69414],[18.84603,59.69075]]],[[[18.84796,59.46306],[18.83988,59.46357],[18.84173,59.46603],[18.84796,59.46306]]],[[[18.83819,59.58438],[18.83688,59.59306],[18.84618,59.59373],[18.83819,59.58438]]],[[[18.83862,59.63277],[18.83427,59.63756],[18.84124,59.63922],[18.84418,59.6367],[18.83862,59.63277]]],[[[18.83998,63.2439],[18.82904,63.24604],[18.83275,63.24955],[18.84016,63.24915],[18.84415,63.24512],[18.83998,63.2439]]],[[[18.83658,59.57027],[18.83239,59.57251],[18.84278,59.57191],[18.83658,59.57027]]],[[[18.83937,59.53448],[18.82686,59.54092],[18.84046,59.54115],[18.84252,59.53658],[18.83937,59.53448]]],[[[18.84101,57.69468],[18.8351,57.69752],[18.83985,57.69811],[18.84101,57.69468]]],[[[18.82998,59.31197],[18.8221,59.31376],[18.82365,59.31685],[18.83768,59.31683],[18.82998,59.31197]]],[[[18.8347,59.56026],[18.83147,59.56327],[18.8365,59.56361],[18.8347,59.56026]]],[[[18.83489,59.35276],[18.82967,59.356],[18.83554,59.35827],[18.83489,59.35276]]],[[[18.8185,59.63116],[18.82229,59.643],[18.83516,59.63937],[18.82079,59.63491],[18.82222,59.63225],[18.8185,59.63116]]],[[[18.80527,59.38452],[18.7897,59.39232],[18.78803,59.39485],[18.79363,59.39751],[18.79727,59.39552],[18.79796,59.38888],[18.80627,59.39619],[18.80528,59.39975],[18.82127,59.40105],[18.82176,59.39721],[18.82785,59.39629],[18.82731,59.39295],[18.8327,59.39099],[18.82879,59.38542],[18.81628,59.38496],[18.80692,59.39005],[18.80795,59.38572],[18.80527,59.38452]]],[[[18.67229,59.53058],[18.74301,59.54335],[18.7509,59.5422],[18.7504,59.53835],[18.75495,59.53817],[18.7556,59.54356],[18.81241,59.55387],[18.83169,59.55201],[18.83118,59.54432],[18.81962,59.54375],[18.80696,59.53688],[18.8019,59.53718],[18.80259,59.54206],[18.79298,59.54253],[18.77896,59.54102],[18.77774,59.53652],[18.73454,59.53424],[18.72979,59.52993],[18.7096,59.53035],[18.6658,59.5224],[18.67714,59.51864],[18.65318,59.51539],[18.65039,59.51202],[18.66137,59.50632],[18.63526,59.49792],[18.62676,59.48983],[18.59549,59.4977],[18.60207,59.49014],[18.60703,59.49126],[18.60811,59.48667],[18.59913,59.48548],[18.5971,59.48928],[18.58753,59.48936],[18.58719,59.48705],[18.59312,59.48511],[18.59704,59.47597],[18.60634,59.47255],[18.60597,59.46717],[18.61121,59.46419],[18.612,59.46011],[18.59967,59.46014],[18.59557,59.45776],[18.59923,59.45578],[18.59736,59.4537],[18.58278,59.4501],[18.5775,59.45717],[18.5794,59.46924],[18.57578,59.47071],[18.57252,59.46348],[18.57611,59.45203],[18.57014,59.45115],[18.58607,59.44274],[18.58209,59.43524],[18.58444,59.43042],[18.57156,59.43133],[18.57329,59.4352],[18.5655,59.43877],[18.55187,59.43263],[18.55543,59.43193],[18.55866,59.422],[18.5528,59.42317],[18.54059,59.43216],[18.54089,59.43498],[18.54724,59.43408],[18.54646,59.4379],[18.54147,59.4373],[18.54455,59.44337],[18.53843,59.44466],[18.53619,59.45461],[18.52878,59.4528],[18.51336,59.46416],[18.52531,59.46592],[18.51175,59.46899],[18.51174,59.47258],[18.51816,59.47424],[18.50933,59.47791],[18.50883,59.48814],[18.51169,59.4937],[18.52797,59.49836],[18.55851,59.49727],[18.56579,59.50458],[18.55554,59.50016],[18.53778,59.49842],[18.5377,59.50303],[18.55443,59.50846],[18.5532,59.51151],[18.55915,59.5129],[18.55708,59.52055],[18.56437,59.52427],[18.5824,59.52588],[18.58325,59.53153],[18.58762,59.53392],[18.58686,59.54107],[18.6069,59.54285],[18.63432,59.55448],[18.63459,59.55782],[18.64192,59.56128],[18.68375,59.5619],[18.6839,59.55972],[18.67182,59.55925],[18.6693,59.55562],[18.65694,59.55566],[18.65965,59.55289],[18.65459,59.54947],[18.68504,59.5431],[18.68587,59.53825],[18.67229,59.53058]]],[[[18.83138,59.32927],[18.82584,59.32969],[18.82616,59.33251],[18.82961,59.33334],[18.83138,59.32927]]],[[[18.82667,59.23818],[18.82257,59.23977],[18.82832,59.24371],[18.82667,59.23818]]],[[[18.81707,59.45064],[18.82428,59.45588],[18.82888,59.45468],[18.81707,59.45064]]],[[[18.73033,59.46939],[18.73804,59.4708],[18.73492,59.476],[18.77316,59.4837],[18.78139,59.48102],[18.7804,59.47691],[18.78625,59.47598],[18.7963,59.48396],[18.82027,59.4868],[18.82863,59.47823],[18.82266,59.47327],[18.80693,59.47531],[18.81184,59.47718],[18.81212,59.48051],[18.80466,59.47924],[18.80509,59.47259],[18.77237,59.46512],[18.75784,59.46423],[18.73941,59.46904],[18.73461,59.46562],[18.7074,59.4663],[18.70923,59.46902],[18.70554,59.47139],[18.71201,59.47253],[18.72914,59.47219],[18.73033,59.46939]]],[[[18.82705,59.50662],[18.82045,59.50754],[18.82012,59.51265],[18.82855,59.51074],[18.82705,59.50662]]],[[[18.82101,57.69318],[18.81814,57.69723],[18.82208,57.69935],[18.82634,57.69609],[18.82101,57.69318]]],[[[18.82006,59.36518],[18.80291,59.36656],[18.79813,59.37454],[18.81008,59.37218],[18.8036,59.37924],[18.81996,59.38233],[18.82291,59.37931],[18.81925,59.37771],[18.8241,59.37255],[18.81179,59.36901],[18.82237,59.36829],[18.82006,59.36518]]],[[[18.81718,59.23815],[18.81951,59.24074],[18.81707,59.24378],[18.82318,59.24593],[18.82112,59.23898],[18.81718,59.23815]]],[[[18.81711,59.4422],[18.81834,59.44657],[18.82299,59.4446],[18.81711,59.4422]]],[[[18.81728,59.20526],[18.8157,59.21047],[18.81987,59.21169],[18.82283,59.20828],[18.81728,59.20526]]],[[[18.81528,59.55622],[18.81572,59.56122],[18.81983,59.56001],[18.81528,59.55622]]],[[[18.79934,59.2783],[18.79082,59.27482],[18.7886,59.2654],[18.76643,59.25393],[18.74836,59.25873],[18.74972,59.26093],[18.73969,59.2614],[18.7406,59.25886],[18.72881,59.25955],[18.72105,59.25595],[18.72055,59.25211],[18.72766,59.25428],[18.72661,59.24376],[18.71854,59.2449],[18.71527,59.24894],[18.71682,59.26305],[18.72333,59.27417],[18.72938,59.27351],[18.72956,59.26327],[18.73549,59.2644],[18.73363,59.26974],[18.73769,59.27263],[18.72768,59.27655],[18.75138,59.29258],[18.77924,59.29895],[18.78499,59.30302],[18.78963,59.30092],[18.78433,59.29776],[18.79258,59.29406],[18.81826,59.29167],[18.81325,59.28775],[18.81481,59.28304],[18.80678,59.28329],[18.79934,59.2783]]],[[[18.81557,59.63738],[18.80784,59.64353],[18.81821,59.64344],[18.81557,59.63738]]],[[[18.80986,60.12716],[18.79705,60.13462],[18.80627,60.1349],[18.81803,60.1278],[18.80986,60.12716]]],[[[18.78952,63.13181],[18.76322,63.13921],[18.76378,63.13563],[18.757,63.13552],[18.75598,63.14139],[18.8097,63.1453],[18.8089,63.14094],[18.81759,63.13826],[18.79824,63.13617],[18.78952,63.13181]]],[[[18.77972,59.43747],[18.76894,59.44087],[18.78895,59.44236],[18.78839,59.45093],[18.81693,59.45679],[18.81454,59.45086],[18.81005,59.4504],[18.80735,59.44549],[18.78913,59.43955],[18.78303,59.4406],[18.77972,59.43747]]],[[[18.80872,59.65711],[18.80638,59.65809],[18.80939,59.66237],[18.81648,59.66236],[18.80872,59.65711]]],[[[18.8116,59.27838],[18.80507,59.27878],[18.80588,59.28174],[18.81635,59.2823],[18.8116,59.27838]]],[[[18.80203,59.48867],[18.80178,59.4925],[18.81336,59.49257],[18.81555,59.48979],[18.80203,59.48867]]],[[[18.71609,60.18087],[18.7193,60.19014],[18.7174,60.19523],[18.72348,60.19661],[18.72322,60.20032],[18.73899,60.20289],[18.73833,60.20493],[18.72202,60.20286],[18.70851,60.20839],[18.70834,60.21094],[18.71175,60.21727],[18.72064,60.21525],[18.73119,60.21902],[18.76541,60.20373],[18.76492,60.19207],[18.77976,60.19321],[18.78972,60.19031],[18.79193,60.1842],[18.78899,60.1821],[18.79222,60.17601],[18.77775,60.17718],[18.79235,60.1741],[18.79828,60.17765],[18.80906,60.17399],[18.80487,60.17123],[18.81543,60.15925],[18.8094,60.15723],[18.80517,60.15908],[18.80859,60.16169],[18.79761,60.16458],[18.79659,60.15689],[18.78829,60.15803],[18.79455,60.15276],[18.7867,60.15109],[18.79146,60.14912],[18.78809,60.14574],[18.79131,60.14374],[18.79097,60.12966],[18.78446,60.1234],[18.77513,60.12478],[18.76059,60.1312],[18.76755,60.14206],[18.76274,60.14864],[18.77442,60.1505],[18.72692,60.1543],[18.71733,60.15926],[18.7156,60.16192],[18.72377,60.16641],[18.71427,60.17008],[18.71814,60.17348],[18.71373,60.17776],[18.71609,60.18087]]],[[[18.79851,59.62775],[18.79578,59.63078],[18.80144,59.63318],[18.80289,59.63807],[18.81361,59.63645],[18.80903,59.62908],[18.79851,59.62775]]],[[[18.78401,59.55621],[18.75099,59.55974],[18.75821,59.56498],[18.77577,59.56644],[18.77458,59.56155],[18.78261,59.5622],[18.78434,59.56658],[18.78975,59.56872],[18.80825,59.57134],[18.81304,59.56745],[18.80751,59.5671],[18.80493,59.56027],[18.78401,59.55621]]],[[[18.80969,60.24542],[18.80077,60.24796],[18.79693,60.25148],[18.79826,60.25471],[18.81124,60.25313],[18.81259,60.24829],[18.80969,60.24542]]],[[[18.80134,59.64623],[18.80289,59.65343],[18.81089,59.651],[18.80134,59.64623]]],[[[18.80861,59.14583],[18.80399,59.14793],[18.79417,59.14571],[18.79409,59.15455],[18.80443,59.15664],[18.80858,59.15415],[18.80549,59.15166],[18.81076,59.1474],[18.80861,59.14583]]],[[[18.79094,59.45814],[18.78936,59.46298],[18.79349,59.46522],[18.81005,59.46589],[18.80924,59.4628],[18.79094,59.45814]]],[[[18.80792,59.42886],[18.80149,59.43118],[18.80416,59.43263],[18.80792,59.42886]]],[[[18.79742,59.13386],[18.79269,59.13762],[18.78343,59.13712],[18.78272,59.13387],[18.77949,59.13381],[18.77912,59.13943],[18.78836,59.14305],[18.80431,59.14294],[18.80597,59.14041],[18.79742,59.13386]]],[[[18.80122,59.65583],[18.79479,59.66123],[18.80531,59.66294],[18.80247,59.65982],[18.8047,59.65679],[18.80122,59.65583]]],[[[18.79882,59.43754],[18.80062,59.44064],[18.80529,59.43841],[18.79882,59.43754]]],[[[18.79841,59.63697],[18.79282,59.63739],[18.79262,59.64045],[18.801,59.63983],[18.79841,59.63697]]],[[[18.79438,59.41301],[18.78609,59.41684],[18.78711,59.41925],[18.79936,59.42142],[18.80038,59.41734],[18.79215,59.41643],[18.79438,59.41301]]],[[[18.79633,60.19912],[18.78058,60.20385],[18.786,60.2074],[18.80004,60.20123],[18.79633,60.19912]]],[[[18.79492,63.17975],[18.78627,63.18179],[18.78522,63.18817],[18.7964,63.19014],[18.79992,63.18482],[18.79492,63.17975]]],[[[18.79164,59.61688],[18.79046,59.62711],[18.79965,59.62572],[18.79164,59.61688]]],[[[18.79052,59.40296],[18.78469,59.40376],[18.783,59.41039],[18.79611,59.40958],[18.79654,59.40677],[18.79052,59.40296]]],[[[18.77791,59.63342],[18.76067,59.63428],[18.76036,59.63888],[18.76923,59.64236],[18.76281,59.64379],[18.76481,59.64792],[18.78252,59.65552],[18.7877,59.65368],[18.78379,59.65157],[18.78493,59.64967],[18.79452,59.64996],[18.79578,59.64614],[18.7857,59.64571],[18.78989,59.64348],[18.78963,59.63976],[18.76999,59.63854],[18.76913,59.63622],[18.77672,59.63609],[18.77791,59.63342]]],[[[18.78768,59.48497],[18.78216,59.4923],[18.79378,59.49173],[18.78964,59.48961],[18.79464,59.48624],[18.78768,59.48497]]],[[[18.78966,59.3776],[18.769,59.38659],[18.76774,59.39041],[18.77531,59.38977],[18.77503,59.38644],[18.78811,59.38589],[18.79403,59.37985],[18.78966,59.3776]]],[[[18.7901,59.43252],[18.78138,59.43519],[18.79185,59.43652],[18.79383,59.4331],[18.7901,59.43252]]],[[[18.78805,59.38679],[18.77695,59.39159],[18.78053,59.39447],[18.79271,59.38853],[18.78805,59.38679]]],[[[18.78069,59.23831],[18.77602,59.24103],[18.77884,59.24364],[18.79061,59.24717],[18.79068,59.24231],[18.78069,59.23831]]],[[[18.79022,60.19057],[18.78489,60.1933],[18.78893,60.19439],[18.79022,60.19057]]],[[[18.78735,59.205],[18.78249,59.21067],[18.78995,59.21106],[18.78735,59.205]]],[[[18.78102,59.45592],[18.77982,59.45898],[18.78948,59.45735],[18.78102,59.45592]]],[[[18.77969,59.19987],[18.77535,59.20134],[18.77557,59.20568],[18.78072,59.20706],[18.787,59.20269],[18.77969,59.19987]]],[[[18.78071,59.215],[18.77829,59.21752],[18.78142,59.21936],[18.78579,59.21739],[18.78071,59.215]]],[[[18.76971,59.65799],[18.75654,59.65828],[18.75582,59.66134],[18.78428,59.6672],[18.78576,59.66389],[18.76971,59.65799]]],[[[18.77282,59.39715],[18.78164,59.4005],[18.78178,59.39833],[18.77282,59.39715]]],[[[18.77138,59.40379],[18.76725,59.41319],[18.78089,59.41189],[18.77138,59.40379]]],[[[18.77612,60.23168],[18.76677,60.23293],[18.76344,60.23646],[18.77044,60.23952],[18.77976,60.23878],[18.77688,60.23566],[18.77935,60.2334],[18.77612,60.23168]]],[[[18.77546,59.60931],[18.77126,59.6118],[18.77922,59.6136],[18.77897,59.60976],[18.77546,59.60931]]],[[[18.76807,59.24794],[18.76748,59.25318],[18.77899,59.25683],[18.77656,59.25179],[18.77095,59.25349],[18.76807,59.24794]]],[[[18.77793,59.37279],[18.77335,59.37374],[18.77313,59.37719],[18.7776,59.37778],[18.77793,59.37279]]],[[[18.76832,59.43497],[18.75763,59.43709],[18.75897,59.43967],[18.77464,59.43828],[18.77699,59.43691],[18.76832,59.43497]]],[[[18.76418,59.17758],[18.7605,59.18047],[18.74949,59.18092],[18.77607,59.1865],[18.77346,59.18056],[18.76418,59.17758]]],[[[18.77409,59.37785],[18.76803,59.37838],[18.76477,59.38217],[18.77483,59.38183],[18.77409,59.37785]]],[[[18.75369,59.21581],[18.75486,59.2207],[18.74572,59.2231],[18.74642,59.22759],[18.76362,59.2357],[18.75748,59.2379],[18.75898,59.24176],[18.76959,59.23606],[18.75424,59.22632],[18.77259,59.22459],[18.7695,59.21839],[18.75369,59.21581]]],[[[18.76234,59.61677],[18.75423,59.62086],[18.7581,59.62732],[18.76552,59.62975],[18.77126,59.62704],[18.76731,59.61801],[18.76234,59.61677]]],[[[18.76694,60.36656],[18.76543,60.3708],[18.76974,60.37096],[18.76694,60.36656]]],[[[18.76578,59.20655],[18.76262,59.20905],[18.76839,59.21248],[18.76963,59.20866],[18.76578,59.20655]]],[[[18.762,63.11462],[18.75276,63.12087],[18.75624,63.13065],[18.76823,63.12905],[18.76587,63.1157],[18.762,63.11462]]],[[[18.76414,59.39931],[18.75448,59.40119],[18.75677,59.40456],[18.76327,59.40493],[18.76905,59.40106],[18.76414,59.39931]]],[[[18.71879,59.48391],[18.71214,59.48546],[18.71651,59.48784],[18.76694,59.49409],[18.76559,59.49163],[18.71879,59.48391]]],[[[18.76295,59.66837],[18.75919,59.67163],[18.76392,59.67274],[18.76295,59.66837]]],[[[18.7559,59.25053],[18.75273,59.25318],[18.76222,59.25334],[18.7559,59.25053]]],[[[18.74476,59.45671],[18.74304,59.45988],[18.76193,59.46328],[18.75816,59.45937],[18.74476,59.45671]]],[[[18.75947,59.3712],[18.75177,59.37388],[18.76135,59.37315],[18.75947,59.3712]]],[[[18.67954,59.14205],[18.71098,59.16002],[18.71704,59.15885],[18.72122,59.16353],[18.73444,59.16709],[18.73331,59.16912],[18.74852,59.17297],[18.76082,59.1719],[18.75835,59.16763],[18.74145,59.1667],[18.73321,59.1631],[18.72331,59.1546],[18.70726,59.15227],[18.70992,59.14233],[18.70136,59.13988],[18.70305,59.14452],[18.6936,59.14422],[18.69815,59.13957],[18.69547,59.1361],[18.68482,59.13395],[18.6845,59.13139],[18.66464,59.1341],[18.67954,59.14205]]],[[[18.7592,57.27582],[18.74445,57.27748],[18.74609,57.28161],[18.75125,57.28234],[18.76046,57.27866],[18.7592,57.27582]]],[[[18.73944,59.09894],[18.73241,59.09997],[18.73272,59.10279],[18.74511,59.1112],[18.75888,59.11375],[18.75882,59.10709],[18.74874,59.10128],[18.73847,59.10119],[18.73944,59.09894]]],[[[18.75713,60.14048],[18.74769,60.14339],[18.7512,60.1446],[18.74944,60.1479],[18.75664,60.14777],[18.76003,60.14322],[18.75713,60.14048]]],[[[18.75225,59.38938],[18.75007,59.39203],[18.75907,59.39257],[18.75225,59.38938]]],[[[18.75724,57.29268],[18.74823,57.29304],[18.75598,57.29779],[18.75724,57.29268]]],[[[18.74928,59.19167],[18.7474,59.19754],[18.75536,59.20175],[18.75689,59.19743],[18.74928,59.19167]]],[[[18.74107,59.59477],[18.73981,59.59859],[18.74912,59.60285],[18.75623,59.6022],[18.75009,59.59595],[18.74107,59.59477]]],[[[18.7512,59.45068],[18.74739,59.45125],[18.74692,59.45444],[18.7535,59.45392],[18.7512,59.45068]]],[[[18.75028,63.15653],[18.73871,63.16338],[18.7407,63.17058],[18.75083,63.16767],[18.75326,63.15824],[18.75028,63.15653]]],[[[18.65467,59.17439],[18.6547,59.18104],[18.66962,59.18899],[18.67596,59.19857],[18.69004,59.20446],[18.69162,59.20679],[18.68537,59.20693],[18.6994,59.21371],[18.71186,59.21406],[18.71619,59.20902],[18.70974,59.20839],[18.71181,59.20356],[18.72668,59.20894],[18.75166,59.20861],[18.74836,59.20191],[18.73545,59.19706],[18.73098,59.1893],[18.71712,59.19136],[18.69039,59.18065],[18.66988,59.17785],[18.65828,59.17252],[18.65467,59.17439]]],[[[18.74996,59.41635],[18.74139,59.41684],[18.72946,59.42611],[18.74765,59.42847],[18.74996,59.41635]]],[[[18.73948,59.30223],[18.73928,59.30518],[18.74425,59.30577],[18.74942,59.3033],[18.73948,59.30223]]],[[[18.74642,59.2427],[18.74287,59.24353],[18.74318,59.24636],[18.74822,59.24567],[18.74642,59.2427]]],[[[18.72407,59.42781],[18.72969,59.43392],[18.74799,59.43462],[18.74798,59.43104],[18.72407,59.42781]]],[[[18.67348,59.29736],[18.66696,59.2975],[18.67502,59.31505],[18.69474,59.31233],[18.67933,59.32537],[18.69122,59.33096],[18.68633,59.33651],[18.66429,59.34738],[18.66456,59.35071],[18.65349,59.35128],[18.64419,59.3698],[18.63302,59.36807],[18.62656,59.37076],[18.6284,59.37323],[18.67938,59.37607],[18.67838,59.36862],[18.68633,59.36966],[18.68957,59.37369],[18.7039,59.37317],[18.70539,59.36974],[18.71794,59.36958],[18.72814,59.35593],[18.72922,59.34725],[18.72561,59.34129],[18.72953,59.3388],[18.73111,59.35266],[18.73861,59.3492],[18.74136,59.35309],[18.74598,59.34779],[18.74337,59.34173],[18.73753,59.33907],[18.74721,59.33296],[18.74461,59.33061],[18.74781,59.3276],[18.73896,59.31759],[18.72745,59.31751],[18.71563,59.30707],[18.70698,59.30909],[18.6931,59.30693],[18.67348,59.29736]]],[[[18.7395,59.4602],[18.74027,59.4638],[18.74585,59.463],[18.7395,59.4602]]],[[[18.73555,60.13333],[18.74518,60.13503],[18.74579,60.13363],[18.73555,60.13333]]],[[[18.74037,59.39442],[18.73336,59.4016],[18.74239,59.40175],[18.745,59.39642],[18.74037,59.39442]]],[[[18.74164,63.06388],[18.73716,63.06714],[18.7361,63.07352],[18.73898,63.07638],[18.74462,63.06546],[18.74164,63.06388]]],[[[18.73854,59.24845],[18.73622,59.2534],[18.74402,59.25635],[18.74443,59.25009],[18.73854,59.24845]]],[[[18.74098,59.37766],[18.72689,59.37831],[18.72715,59.3819],[18.73827,59.38069],[18.74098,59.37766]]],[[[18.65804,59.43803],[18.64023,59.43758],[18.6417,59.44887],[18.66975,59.45783],[18.68367,59.46012],[18.70794,59.45825],[18.71164,59.46305],[18.73016,59.46452],[18.74011,59.45855],[18.74005,59.45573],[18.7314,59.45341],[18.73158,59.45072],[18.7093,59.45302],[18.70615,59.44759],[18.71821,59.44767],[18.7213,59.4467],[18.72002,59.44322],[18.68501,59.44056],[18.68974,59.445],[18.67058,59.44581],[18.66577,59.44265],[18.67242,59.44098],[18.65804,59.43803]]],[[[18.73987,59.09242],[18.73219,59.09574],[18.73348,59.09884],[18.73978,59.09754],[18.73987,59.09242]]],[[[18.73884,59.44752],[18.72975,59.44813],[18.73463,59.45026],[18.73884,59.44752]]],[[[18.72374,59.56733],[18.71735,59.57234],[18.73858,59.57553],[18.72374,59.56733]]],[[[18.7273,59.59684],[18.7281,59.59992],[18.73758,59.60162],[18.73777,59.59881],[18.7273,59.59684]]],[[[18.72442,59.58719],[18.72551,59.59348],[18.7349,59.59646],[18.73713,59.59342],[18.72442,59.58719]]],[[[18.70869,59.41013],[18.70623,59.41674],[18.71276,59.42044],[18.70329,59.42309],[18.70915,59.4255],[18.73639,59.4165],[18.73664,59.41266],[18.722,59.41381],[18.70869,59.41013]]],[[[18.72686,59.54345],[18.72051,59.54543],[18.72441,59.54994],[18.7336,59.5483],[18.73485,59.54461],[18.72686,59.54345]]],[[[18.72155,59.0985],[18.71205,59.10294],[18.72243,59.10773],[18.73395,59.10666],[18.73414,59.10384],[18.72155,59.0985]]],[[[18.73236,63.05989],[18.7245,63.07026],[18.72245,63.082],[18.72634,63.08641],[18.73345,63.08576],[18.72706,63.07721],[18.73177,63.07116],[18.72955,63.06702],[18.73236,63.05989]]],[[[18.72479,59.29724],[18.72952,59.30142],[18.73221,59.29865],[18.72479,59.29724]]],[[[18.7252,60.26819],[18.7216,60.26813],[18.72026,60.27259],[18.72685,60.27424],[18.72929,60.26865],[18.7252,60.26819]]],[[[18.69238,59.58317],[18.67956,59.58602],[18.68552,59.59483],[18.70149,59.59767],[18.70034,59.59227],[18.7053,59.59364],[18.70926,59.60216],[18.7015,59.60484],[18.71251,59.61386],[18.72396,59.61265],[18.71625,59.60714],[18.72705,59.60426],[18.72454,59.60037],[18.70961,59.58962],[18.69238,59.58317]]],[[[18.71784,59.22914],[18.71321,59.23482],[18.71866,59.23927],[18.72596,59.23479],[18.71784,59.22914]]],[[[18.70511,59.42581],[18.69829,59.43004],[18.68942,59.42758],[18.68086,59.4314],[18.69398,59.43432],[18.6977,59.43144],[18.70594,59.43581],[18.72091,59.43748],[18.72203,59.42828],[18.70511,59.42581]]],[[[18.71752,59.37584],[18.69328,59.37823],[18.71814,59.38162],[18.72241,59.37785],[18.71752,59.37584]]],[[[18.71508,59.08354],[18.70496,59.08617],[18.70908,59.08778],[18.70308,59.09203],[18.71222,59.08925],[18.71805,59.09127],[18.72038,59.08619],[18.71508,59.08354]]],[[[18.70234,59.56299],[18.6929,59.56449],[18.69422,59.56733],[18.6898,59.5693],[18.70366,59.57326],[18.71937,59.56854],[18.70234,59.56299]]],[[[18.71096,59.58465],[18.71166,59.58914],[18.71795,59.58951],[18.71096,59.58465]]],[[[18.71143,59.29496],[18.70682,59.30026],[18.71647,59.30196],[18.71538,59.2958],[18.71143,59.29496]]],[[[18.70395,60.21842],[18.69892,60.22422],[18.71548,60.22284],[18.70395,60.21842]]],[[[18.70922,59.38735],[18.7045,59.39034],[18.71505,59.39027],[18.70922,59.38735]]],[[[18.71183,60.22355],[18.68983,60.22905],[18.70469,60.22995],[18.71431,60.22487],[18.71183,60.22355]]],[[[18.68407,59.16722],[18.68032,59.171],[18.69283,59.17787],[18.70314,59.18024],[18.71314,59.17619],[18.69741,59.16913],[18.68407,59.16722]]],[[[18.7086,59.09878],[18.70481,59.09949],[18.70983,59.10265],[18.71277,59.09963],[18.7086,59.09878]]],[[[18.70627,59.5052],[18.69598,59.50835],[18.70649,59.50943],[18.70966,59.50718],[18.70627,59.5052]]],[[[18.69273,60.24638],[18.68602,60.24652],[18.68257,60.25171],[18.69164,60.26185],[18.6878,60.26512],[18.69363,60.2665],[18.70891,60.25806],[18.70264,60.24822],[18.69273,60.24638]]],[[[18.62817,63.00931],[18.61314,63.02442],[18.6159,63.02855],[18.62632,63.03205],[18.62856,63.03927],[18.64096,63.0497],[18.63625,63.05909],[18.64097,63.06352],[18.65477,63.07079],[18.66553,63.07033],[18.66363,63.07285],[18.6824,63.07815],[18.69153,63.07689],[18.69204,63.0705],[18.7087,63.0631],[18.70158,63.05684],[18.67975,63.05111],[18.68123,63.04678],[18.67542,63.04541],[18.67325,63.03718],[18.67533,63.02877],[18.66813,63.02366],[18.64805,63.02116],[18.63223,63.01475],[18.62817,63.00931]]],[[[18.702,60.27573],[18.69409,60.28929],[18.69846,60.28937],[18.69899,60.28553],[18.70687,60.29079],[18.70783,60.28441],[18.702,60.27573]]],[[[18.62055,59.39216],[18.63177,59.39672],[18.64193,59.39511],[18.64279,59.39717],[18.63538,59.40254],[18.61764,59.39787],[18.61539,59.40129],[18.63382,59.40341],[18.6338,59.41084],[18.62629,59.41403],[18.63228,59.41824],[18.64226,59.41918],[18.63963,59.41376],[18.6686,59.41607],[18.67134,59.41279],[18.66696,59.41067],[18.65048,59.40935],[18.65703,59.40537],[18.65114,59.39989],[18.65326,59.39826],[18.70682,59.40062],[18.70607,59.39677],[18.68499,59.38935],[18.68226,59.39263],[18.66464,59.39334],[18.66126,59.39136],[18.66692,59.38942],[18.65344,59.38841],[18.62055,59.39216]]],[[[18.6997,60.18366],[18.68916,60.18731],[18.69206,60.19005],[18.70393,60.18936],[18.7059,60.18684],[18.6997,60.18366]]],[[[18.70337,59.45893],[18.70079,59.45991],[18.70148,59.46453],[18.7048,59.46382],[18.70337,59.45893]]],[[[18.69203,59.55142],[18.68381,59.55358],[18.68487,59.56025],[18.70466,59.55855],[18.69203,59.55142]]],[[[18.69745,59.16106],[18.69341,59.16176],[18.69447,59.16459],[18.70463,59.16554],[18.69745,59.16106]]],[[[18.6916,59.41034],[18.6775,59.41085],[18.6707,59.41841],[18.68722,59.42293],[18.69882,59.42224],[18.70002,59.41202],[18.6916,59.41034]]],[[[18.68161,59.38008],[18.68346,59.38493],[18.69781,59.38536],[18.68161,59.38008]]],[[[18.68753,59.15295],[18.69357,59.15946],[18.69742,59.15773],[18.68753,59.15295]]],[[[18.69293,59.5161],[18.68477,59.51762],[18.68247,59.5218],[18.69731,59.51848],[18.69293,59.5161]]],[[[18.69422,60.27636],[18.69063,60.27976],[18.69641,60.28191],[18.69422,60.27636]]],[[[18.66177,59.46409],[18.64287,59.46823],[18.61801,59.46406],[18.6197,59.46857],[18.6291,59.47092],[18.69534,59.48081],[18.69454,59.47785],[18.68352,59.47702],[18.67446,59.46982],[18.66597,59.4689],[18.66773,59.46522],[18.66177,59.46409]]],[[[18.68626,59.40755],[18.67971,59.40795],[18.68353,59.41083],[18.68626,59.40755]]],[[[18.68437,60.26262],[18.67767,60.26622],[18.67978,60.2692],[18.68602,60.26483],[18.68437,60.26262]]],[[[18.66554,59.11722],[18.66058,59.12046],[18.661,59.12533],[18.68555,59.13064],[18.68407,59.12651],[18.67605,59.12381],[18.67361,59.12658],[18.66549,59.12038],[18.66554,59.11722]]],[[[18.68511,63.12924],[18.67663,63.12924],[18.65383,63.13846],[18.64909,63.14811],[18.65936,63.15404],[18.67433,63.15083],[18.67913,63.14758],[18.68163,63.14097],[18.67945,63.13632],[18.68511,63.12924]]],[[[18.68025,59.48067],[18.66927,59.48675],[18.67927,59.4877],[18.68269,59.48545],[18.68025,59.48067]]],[[[18.66697,60.21022],[18.66914,60.21602],[18.6644,60.22477],[18.67323,60.22364],[18.6801,60.21736],[18.67434,60.21522],[18.67506,60.21228],[18.66697,60.21022]]],[[[18.67188,63.01912],[18.66601,63.02196],[18.67644,63.02546],[18.67974,63.02296],[18.6791,63.02039],[18.67188,63.01912]]],[[[18.67079,60.25074],[18.66518,60.25346],[18.66556,60.25909],[18.67422,60.2604],[18.67722,60.25802],[18.67079,60.25074]]],[[[18.66093,60.25888],[18.65428,60.26555],[18.64508,60.26436],[18.64347,60.27253],[18.64907,60.2734],[18.64036,60.27631],[18.63444,60.28338],[18.64428,60.28278],[18.64931,60.27724],[18.6522,60.28011],[18.66224,60.2767],[18.67406,60.27716],[18.67692,60.26595],[18.66999,60.26557],[18.67017,60.26302],[18.66093,60.25888]]],[[[18.66916,59.40059],[18.66244,59.40342],[18.66682,59.40542],[18.66339,59.40779],[18.66551,59.40987],[18.67686,59.40547],[18.66916,59.40059]]],[[[18.67479,60.17247],[18.66788,60.17568],[18.67677,60.17711],[18.67479,60.17247]]],[[[18.67011,59.4234],[18.66259,59.42672],[18.67589,59.42696],[18.6751,59.42387],[18.67011,59.4234]]],[[[18.67229,59.10582],[18.66581,59.10954],[18.66939,59.11178],[18.67486,59.10817],[18.67229,59.10582]]],[[[18.66625,59.16524],[18.66251,59.16889],[18.6727,59.17317],[18.67443,59.16961],[18.66625,59.16524]]],[[[18.6731,60.23273],[18.66316,60.23486],[18.66868,60.23688],[18.6731,60.23273]]],[[[18.67331,60.17884],[18.64787,60.18249],[18.63461,60.18097],[18.63326,60.18543],[18.64305,60.18522],[18.64382,60.18882],[18.6363,60.18971],[18.63362,60.19478],[18.64429,60.19651],[18.65135,60.19126],[18.65752,60.19137],[18.67331,60.17884]]],[[[18.67147,59.54977],[18.66363,59.55373],[18.67331,59.55237],[18.67147,59.54977]]],[[[18.66965,59.32033],[18.6598,59.32886],[18.66013,59.33501],[18.67098,59.32292],[18.66965,59.32033]]],[[[18.66664,60.28011],[18.65929,60.2819],[18.66331,60.28338],[18.66664,60.28011]]],[[[18.65221,59.10815],[18.64436,59.11376],[18.65092,59.11977],[18.66415,59.11566],[18.65221,59.10815]]],[[[18.6616,59.41556],[18.65052,59.416],[18.64884,59.41853],[18.65058,59.42241],[18.65605,59.42327],[18.6616,59.41556]]],[[[18.65602,60.20516],[18.64416,60.20905],[18.64673,60.21268],[18.6416,60.21976],[18.62061,60.22885],[18.62492,60.23687],[18.63695,60.23427],[18.64824,60.22756],[18.65657,60.219],[18.66209,60.20655],[18.65602,60.20516]]],[[[18.65066,60.29442],[18.64937,60.29798],[18.65336,60.29984],[18.66175,60.29794],[18.66192,60.29564],[18.65066,60.29442]]],[[[18.62659,62.97332],[18.6198,62.97385],[18.61638,62.9848],[18.6249,62.99415],[18.6233,63.00692],[18.63401,63.01017],[18.63789,63.01446],[18.65834,63.01928],[18.6611,63.01651],[18.65552,63.00183],[18.65571,62.98545],[18.62659,62.97332]]],[[[18.66096,60.38113],[18.65151,60.38314],[18.66015,60.38521],[18.66096,60.38113]]],[[[18.65354,60.28307],[18.619,60.29001],[18.61835,60.29538],[18.60576,60.30181],[18.62715,60.29861],[18.62807,60.29299],[18.64395,60.29443],[18.65794,60.28635],[18.65354,60.28307]]],[[[18.65749,60.29991],[18.6244,60.30445],[18.63353,60.31024],[18.65767,60.30452],[18.65749,60.29991]]],[[[18.64566,60.14879],[18.63371,60.15062],[18.6394,60.15725],[18.65669,60.15244],[18.65587,60.14961],[18.64566,60.14879]]],[[[18.61882,59.15171],[18.61336,59.15493],[18.62022,59.16031],[18.6559,59.17082],[18.64715,59.16029],[18.61882,59.15171]]],[[[18.65068,59.03604],[18.64774,59.04265],[18.65314,59.03993],[18.65068,59.03604]]],[[[18.62684,59.16555],[18.62361,59.16895],[18.63803,59.18406],[18.65177,59.18738],[18.64498,59.18086],[18.6529,59.17819],[18.65161,59.17522],[18.62684,59.16555]]],[[[18.641,60.36401],[18.63667,60.36662],[18.64093,60.36849],[18.64226,60.37517],[18.65183,60.37149],[18.641,60.36401]]],[[[18.64531,59.41873],[18.6401,59.42145],[18.64074,59.42658],[18.64917,59.42827],[18.65069,59.42446],[18.64531,59.41873]]],[[[18.6216,59.08301],[18.61514,59.08289],[18.61399,59.09221],[18.6182,59.09613],[18.63153,59.09766],[18.6343,59.10078],[18.64661,59.0955],[18.63598,59.09094],[18.631,59.09099],[18.62972,59.09506],[18.62131,59.09414],[18.62493,59.08525],[18.6216,59.08301]]],[[[18.64279,63.11422],[18.63487,63.11435],[18.63185,63.12018],[18.63315,63.12507],[18.62695,63.12829],[18.63038,63.13475],[18.64011,63.12979],[18.64398,63.12397],[18.6397,63.1175],[18.64279,63.11422]]],[[[18.62716,60.26289],[18.6013,60.27126],[18.59998,60.27508],[18.60571,60.28133],[18.59777,60.28067],[18.60086,60.27714],[18.59424,60.27612],[18.59121,60.27876],[18.59225,60.28211],[18.59882,60.28154],[18.60267,60.28767],[18.60881,60.28829],[18.62868,60.28455],[18.63203,60.28103],[18.62636,60.28093],[18.63065,60.27512],[18.63869,60.27449],[18.64321,60.26536],[18.62908,60.27189],[18.62194,60.27086],[18.62867,60.26689],[18.62716,60.26289]]],[[[18.62817,59.37643],[18.63042,59.38018],[18.64247,59.38001],[18.62817,59.37643]]],[[[18.63573,59.49127],[18.63397,59.49482],[18.64101,59.49495],[18.64022,59.49186],[18.63573,59.49127]]],[[[18.62533,59.42425],[18.62314,59.42677],[18.63486,59.43172],[18.63961,59.42835],[18.63158,59.42821],[18.63182,59.42488],[18.62533,59.42425]]],[[[18.63722,60.16617],[18.5974,60.17672],[18.59819,60.18006],[18.62303,60.1777],[18.63502,60.17177],[18.63722,60.16617]]],[[[18.61448,63.05284],[18.60528,63.06522],[18.60405,63.07339],[18.60953,63.07886],[18.61898,63.08043],[18.63671,63.07778],[18.62589,63.07197],[18.62212,63.05937],[18.61657,63.05825],[18.6197,63.05446],[18.61448,63.05284]]],[[[18.63383,59.07875],[18.62781,59.07954],[18.63431,59.0826],[18.63383,59.07875]]],[[[18.62622,59.4043],[18.62656,59.40661],[18.6327,59.40506],[18.62622,59.4043]]],[[[18.62875,60.39745],[18.6145,60.39771],[18.61503,60.40105],[18.62949,60.40143],[18.62875,60.39745]]],[[[18.62663,60.41943],[18.62273,60.4232],[18.62703,60.42456],[18.62912,60.42076],[18.62663,60.41943]]],[[[18.61885,59.06542],[18.62645,59.07041],[18.62723,59.06635],[18.61885,59.06542]]],[[[18.62184,60.42831],[18.61779,60.43054],[18.62414,60.43232],[18.62535,60.42991],[18.62184,60.42831]]],[[[18.62394,59.3437],[18.61643,59.34357],[18.61874,59.34643],[18.62531,59.34565],[18.62394,59.3437]]],[[[18.62376,63.11889],[18.61463,63.12348],[18.61592,63.13169],[18.62196,63.13051],[18.62518,63.1257],[18.62376,63.11889]]],[[[18.5987,59.08324],[18.5999,59.08735],[18.59204,59.08592],[18.59784,59.0955],[18.62434,59.10444],[18.60961,59.09802],[18.60869,59.0934],[18.61179,59.09166],[18.60867,59.08648],[18.5987,59.08324]]],[[[18.61801,60.30369],[18.61249,60.30858],[18.61937,60.31332],[18.62309,60.31185],[18.61801,60.30369]]],[[[18.6153,59.37401],[18.60346,59.37828],[18.61885,59.38061],[18.62205,59.37785],[18.6153,59.37401]]],[[[18.61782,59.48096],[18.60843,59.48565],[18.62188,59.4841],[18.61782,59.48096]]],[[[18.61731,59.07307],[18.61123,59.07475],[18.62162,59.07545],[18.61731,59.07307]]],[[[18.61393,60.41613],[18.60921,60.42399],[18.62151,60.42574],[18.62153,60.41832],[18.61393,60.41613]]],[[[18.61855,59.4135],[18.61026,59.41707],[18.62028,59.4175],[18.61855,59.4135]]],[[[18.61759,59.38417],[18.60051,59.3845],[18.59804,59.39098],[18.6056,59.39061],[18.60735,59.38706],[18.61759,59.38417]]],[[[18.60626,59.22445],[18.59605,59.22759],[18.5913,59.22417],[18.58538,59.23021],[18.61505,59.23434],[18.61662,59.22643],[18.60626,59.22445]]],[[[18.60919,59.43228],[18.60892,59.43599],[18.61525,59.43892],[18.61618,59.43638],[18.60919,59.43228]]],[[[18.61369,60.29209],[18.59587,60.296],[18.59717,60.29935],[18.60343,60.29844],[18.60213,60.29508],[18.61186,60.29603],[18.61537,60.29379],[18.61369,60.29209]]],[[[18.60379,60.30766],[18.5885,60.31199],[18.58341,60.31804],[18.59674,60.31931],[18.6107,60.31546],[18.61474,60.3131],[18.60379,60.30766]]],[[[18.6126,59.14801],[18.60643,59.15071],[18.61408,59.15187],[18.6126,59.14801]]],[[[18.60729,63.04427],[18.60916,63.04891],[18.61325,63.04719],[18.60729,63.04427]]],[[[18.60748,59.40664],[18.60652,59.41316],[18.61324,59.41033],[18.60748,59.40664]]],[[[18.5811,59.41908],[18.59339,59.42469],[18.58576,59.433],[18.5854,59.43812],[18.60096,59.4384],[18.59815,59.43195],[18.60461,59.43309],[18.60794,59.42855],[18.60782,59.42317],[18.59974,59.42379],[18.60115,59.42151],[18.59395,59.42035],[18.60327,59.41284],[18.5811,59.41908]]],[[[18.59753,59.0786],[18.59381,59.08198],[18.60782,59.08083],[18.59753,59.0786]]],[[[18.60102,63.10674],[18.59776,63.1086],[18.60299,63.11023],[18.60776,63.10724],[18.60102,63.10674]]],[[[18.60284,59.54316],[18.59973,59.54438],[18.60056,59.54696],[18.60513,59.54653],[18.60284,59.54316]]],[[[18.59408,59.43981],[18.58896,59.44817],[18.59584,59.45034],[18.6028,59.44791],[18.59996,59.44197],[18.59408,59.43981]]],[[[18.59686,60.3668],[18.58877,60.36781],[18.58865,60.37292],[18.59428,60.37379],[18.60051,60.36981],[18.59686,60.3668]]],[[[18.59645,60.30215],[18.59061,60.30435],[18.59138,60.30795],[18.59705,60.30805],[18.59645,60.30215]]],[[[18.57416,59.12079],[18.56913,59.12492],[18.58012,59.13153],[18.58854,59.13339],[18.59644,59.12979],[18.58741,59.1236],[18.57416,59.12079]]],[[[18.58974,60.18311],[18.57867,60.18688],[18.59247,60.1879],[18.59473,60.18512],[18.58974,60.18311]]],[[[18.39441,60.46143],[18.39215,60.46382],[18.39661,60.46634],[18.39331,60.47191],[18.37749,60.48478],[18.36861,60.4855],[18.37024,60.49744],[18.36562,60.50004],[18.3682,60.50342],[18.38403,60.50667],[18.41217,60.5053],[18.43306,60.49726],[18.43445,60.4928],[18.44072,60.49228],[18.44122,60.48922],[18.43642,60.48759],[18.44122,60.48256],[18.45887,60.48572],[18.4528,60.49047],[18.46382,60.48888],[18.45997,60.48164],[18.47083,60.48099],[18.47193,60.47803],[18.44438,60.47546],[18.44277,60.47287],[18.45008,60.47224],[18.44746,60.46591],[18.45501,60.46222],[18.44984,60.46199],[18.44853,60.45889],[18.45156,60.45332],[18.47031,60.45214],[18.47151,60.45012],[18.46218,60.45007],[18.46197,60.44609],[18.47274,60.44092],[18.47037,60.43806],[18.48893,60.43585],[18.48929,60.43125],[18.48177,60.42458],[18.46896,60.42626],[18.46745,60.42239],[18.47538,60.42024],[18.4782,60.41722],[18.47631,60.41488],[18.44883,60.41538],[18.47416,60.4092],[18.48035,60.39613],[18.47154,60.39635],[18.46935,60.39119],[18.48241,60.38965],[18.48917,60.38235],[18.49497,60.38092],[18.49407,60.37246],[18.48704,60.36976],[18.48436,60.36434],[18.49149,60.36575],[18.49509,60.37273],[18.50323,60.37775],[18.50863,60.37811],[18.51045,60.37123],[18.5055,60.36499],[18.51619,60.34676],[18.53265,60.35462],[18.53274,60.36025],[18.52977,60.36186],[18.54261,60.36645],[18.54437,60.37058],[18.57513,60.36705],[18.57507,60.3609],[18.56239,60.35427],[18.56188,60.35068],[18.57184,60.34523],[18.59458,60.34167],[18.58789,60.33425],[18.56894,60.3357],[18.57148,60.33267],[18.55339,60.32953],[18.56164,60.32277],[18.57092,60.32639],[18.57515,60.32506],[18.57573,60.32072],[18.57143,60.31603],[18.57736,60.31256],[18.57739,60.30872],[18.58405,60.30935],[18.59185,60.30156],[18.57419,60.30315],[18.57507,60.29831],[18.52674,60.30983],[18.52713,60.31829],[18.51425,60.31805],[18.51293,60.32173],[18.51949,60.32378],[18.49873,60.33196],[18.49592,60.33153],[18.50099,60.32599],[18.49564,60.32512],[18.4798,60.33634],[18.47191,60.33824],[18.47066,60.34103],[18.48734,60.33905],[18.48912,60.33601],[18.503,60.33691],[18.42398,60.35652],[18.42088,60.35979],[18.4239,60.36408],[18.40622,60.3654],[18.39994,60.36963],[18.40404,60.37329],[18.40038,60.37706],[18.40209,60.37837],[18.39347,60.38589],[18.39855,60.38701],[18.39868,60.4016],[18.39294,60.40226],[18.38713,60.41008],[18.37758,60.41297],[18.38096,60.42251],[18.38626,60.42415],[18.38287,60.42767],[18.3896,60.431],[18.39846,60.43028],[18.37984,60.44604],[18.3812,60.4517],[18.39155,60.4519],[18.3918,60.45524],[18.3987,60.45972],[18.39441,60.46143]]],[[[18.58394,60.42954],[18.58001,60.4337],[18.5872,60.43447],[18.59418,60.43114],[18.58394,60.42954]]],[[[18.59339,60.42088],[18.58805,60.43],[18.5931,60.4283],[18.59339,60.42088]]],[[[18.58567,59.16236],[18.58439,59.16643],[18.59022,59.16859],[18.5912,59.16528],[18.58567,59.16236]]],[[[18.59052,60.28463],[18.56248,60.29411],[18.56965,60.29488],[18.56996,60.29757],[18.58612,60.29531],[18.58394,60.29228],[18.59052,60.28463]]],[[[18.58962,59.41054],[18.58285,59.414],[18.58677,59.41535],[18.58962,59.41054]]],[[[18.57987,63.02819],[18.57485,63.03092],[18.57787,63.03865],[18.58763,63.03652],[18.57987,63.02819]]],[[[18.57486,60.14789],[18.56505,60.15206],[18.56291,60.15676],[18.58076,60.1585],[18.58705,60.14965],[18.57925,60.15104],[18.57486,60.14789]]],[[[18.57657,60.13858],[18.56573,60.14632],[18.56913,60.14907],[18.57454,60.14533],[18.58382,60.14473],[18.58405,60.14166],[18.57657,60.13858]]],[[[18.58,60.37802],[18.57287,60.38006],[18.57652,60.38307],[18.58312,60.38127],[18.58,60.37802]]],[[[18.58271,60.39035],[18.57516,60.39444],[18.58084,60.39467],[18.58271,60.39035]]],[[[18.5715,59.04572],[18.57852,59.05187],[18.58173,59.04873],[18.5715,59.04572]]],[[[18.5805,59.40461],[18.55629,59.40608],[18.54672,59.41],[18.55592,59.41119],[18.55512,59.4154],[18.549,59.4167],[18.56042,59.41858],[18.57872,59.40855],[18.5805,59.40461]]],[[[18.57917,58.96495],[18.56959,58.9672],[18.56786,58.97063],[18.58045,58.96792],[18.57917,58.96495]]],[[[18.57489,59.0541],[18.57556,59.0586],[18.57855,59.05853],[18.5803,59.05485],[18.57489,59.0541]]],[[[18.57666,63.11426],[18.56517,63.11649],[18.56926,63.12167],[18.5757,63.11898],[18.57666,63.11426]]],[[[18.56661,58.96023],[18.56309,58.96452],[18.57372,58.96486],[18.57391,58.96216],[18.56661,58.96023]]],[[[18.5635,59.42465],[18.56415,59.42953],[18.57116,59.42991],[18.5709,59.42658],[18.5635,59.42465]]],[[[18.55882,59.01437],[18.56166,59.0198],[18.55241,59.02065],[18.5501,59.0183],[18.53723,59.02472],[18.55212,59.03178],[18.55097,59.02702],[18.55928,59.02872],[18.56542,59.02627],[18.57014,59.02278],[18.56988,59.01944],[18.55882,59.01437]]],[[[18.54271,59.10791],[18.54395,59.11139],[18.56357,59.12264],[18.56967,59.12084],[18.54271,59.10791]]],[[[18.564,60.37068],[18.55769,60.3721],[18.56117,60.37635],[18.56932,60.37564],[18.564,60.37068]]],[[[18.50586,63.01731],[18.48952,63.02713],[18.48934,63.0325],[18.50085,63.02964],[18.50152,63.03835],[18.49421,63.04142],[18.49185,63.04586],[18.49756,63.05492],[18.51538,63.05753],[18.52457,63.0623],[18.52751,63.06747],[18.53703,63.0684],[18.54394,63.06341],[18.53828,63.05691],[18.54038,63.05541],[18.55117,63.06123],[18.56829,63.06229],[18.56533,63.05379],[18.54201,63.05288],[18.54272,63.04777],[18.54893,63.0443],[18.54527,63.03758],[18.53922,63.03581],[18.53735,63.03117],[18.51872,63.03161],[18.51542,63.02733],[18.518,63.02353],[18.50586,63.01731]]],[[[18.56566,60.26524],[18.55026,60.27135],[18.56728,60.27128],[18.56813,60.26669],[18.56566,60.26524]]],[[[18.5625,63.06744],[18.56169,63.07037],[18.567,63.07097],[18.56807,63.0683],[18.5625,63.06744]]],[[[18.56035,59.1679],[18.55554,59.17588],[18.56313,59.17781],[18.56035,59.1679]]],[[[18.55609,60.39345],[18.55522,60.39817],[18.56295,60.39857],[18.5597,60.39365],[18.55609,60.39345]]],[[[18.56046,58.96319],[18.55643,58.96401],[18.55666,58.96773],[18.56266,58.96707],[18.56046,58.96319]]],[[[18.55655,63.03751],[18.55321,63.04029],[18.55571,63.04416],[18.54854,63.0489],[18.5521,63.05024],[18.56259,63.04274],[18.55655,63.03751]]],[[[18.55071,60.47195],[18.53875,60.47237],[18.53736,60.47695],[18.56234,60.47587],[18.55071,60.47195]]],[[[18.55515,60.40598],[18.54144,60.40944],[18.54302,60.41587],[18.54951,60.41906],[18.55426,60.41787],[18.5529,60.41528],[18.56219,60.41571],[18.56215,60.40931],[18.55515,60.40598]]],[[[18.54757,59.08867],[18.55074,59.09308],[18.5562,59.09319],[18.54757,59.08867]]],[[[18.53697,59.09077],[18.53243,59.09158],[18.53453,59.09687],[18.55539,59.10111],[18.55362,59.09467],[18.53697,59.09077]]],[[[18.53381,59.50808],[18.53843,59.5138],[18.54722,59.51755],[18.55456,59.51359],[18.53381,59.50808]]],[[[18.55052,60.14373],[18.54425,60.14528],[18.54479,60.15169],[18.55305,60.14775],[18.55052,60.14373]]],[[[18.54621,60.17399],[18.54032,60.17721],[18.5415,60.1821],[18.55298,60.17975],[18.55297,60.17642],[18.54621,60.17399]]],[[[18.54841,59.38314],[18.54246,59.38559],[18.54696,59.38926],[18.55169,59.38641],[18.54841,59.38314]]],[[[18.54865,59.17805],[18.53835,59.18247],[18.54377,59.18347],[18.54865,59.17805]]],[[[18.53715,59.06031],[18.54534,59.06417],[18.54647,59.06228],[18.52721,59.05346],[18.53189,59.0506],[18.5331,59.04077],[18.5369,59.03623],[18.52252,59.02891],[18.52087,59.03119],[18.51105,59.02959],[18.50907,59.03177],[18.5134,59.03595],[18.51078,59.05391],[18.52403,59.06026],[18.5204,59.05487],[18.52466,59.05444],[18.53715,59.06031]]],[[[18.53105,59.51827],[18.53755,59.52581],[18.54538,59.52212],[18.53105,59.51827]]],[[[18.5405,59.4022],[18.53496,59.40594],[18.53549,59.40902],[18.54462,59.40433],[18.5405,59.4022]]],[[[18.52117,59.01314],[18.52969,59.02585],[18.54337,59.03251],[18.54103,59.02709],[18.53367,59.02593],[18.53152,59.01769],[18.52117,59.01314]]],[[[18.53285,60.36563],[18.52698,60.36808],[18.53148,60.37008],[18.53386,60.3796],[18.54091,60.37871],[18.54031,60.36948],[18.53285,60.36563]]],[[[18.50636,60.17094],[18.49899,60.17324],[18.49385,60.18005],[18.47927,60.18246],[18.48322,60.18459],[18.48356,60.19355],[18.50176,60.19774],[18.51264,60.19666],[18.54087,60.18362],[18.51508,60.17789],[18.51574,60.17598],[18.50614,60.17388],[18.50636,60.17094]]],[[[18.53344,59.11913],[18.53521,59.12224],[18.52917,59.12302],[18.52952,59.1252],[18.54054,59.12426],[18.53344,59.11913]]],[[[18.5405,60.38075],[18.53609,60.38425],[18.54015,60.38535],[18.5405,60.38075]]],[[[18.535,60.29603],[18.52685,60.29806],[18.53494,60.30371],[18.53817,60.29852],[18.535,60.29603]]],[[[18.52901,63.01657],[18.53089,63.02095],[18.53617,63.01848],[18.52901,63.01657]]],[[[18.53017,60.29172],[18.52475,60.2952],[18.53119,60.29532],[18.53017,60.29172]]],[[[18.52561,60.4542],[18.52213,60.45568],[18.52369,60.45903],[18.53025,60.45455],[18.52561,60.4542]]],[[[18.52312,59.11035],[18.52534,59.11398],[18.52996,59.11215],[18.52312,59.11035]]],[[[18.52781,60.28886],[18.52106,60.2895],[18.52081,60.2927],[18.52813,60.29142],[18.52781,60.28886]]],[[[18.52383,60.1641],[18.50594,60.16965],[18.51029,60.17332],[18.5261,60.1749],[18.52749,60.16673],[18.52383,60.1641]]],[[[18.49836,59.10169],[18.4865,59.10722],[18.49156,59.11295],[18.50377,59.11626],[18.50062,59.1185],[18.52292,59.11995],[18.52419,59.11601],[18.51327,59.11567],[18.49836,59.10169]]],[[[18.52281,60.30041],[18.50932,60.30144],[18.506,60.30432],[18.51694,60.30632],[18.52359,60.30376],[18.52281,60.30041]]],[[[18.51379,59.06729],[18.5163,59.07041],[18.51219,59.07903],[18.52052,59.08432],[18.52337,59.07234],[18.51379,59.06729]]],[[[18.49905,57.1239],[18.50332,57.13052],[18.51618,57.13538],[18.50744,57.12522],[18.49905,57.1239]]],[[[18.50667,59.50718],[18.50987,59.51159],[18.51499,59.51054],[18.50667,59.50718]]],[[[18.50867,60.16075],[18.50454,60.16105],[18.50406,60.16399],[18.50789,60.16431],[18.50867,60.16075]]],[[[18.50642,59.17571],[18.49926,59.18147],[18.5056,59.18005],[18.50642,59.17571]]],[[[18.49257,59.49359],[18.48399,59.49381],[18.48667,59.49847],[18.50493,59.50343],[18.50283,59.49776],[18.49257,59.49359]]],[[[18.5005,58.99021],[18.4947,58.99138],[18.4991,58.99582],[18.50428,58.99617],[18.5005,58.99021]]],[[[18.49337,60.43542],[18.48811,60.43648],[18.48621,60.44092],[18.47476,60.4416],[18.47246,60.4445],[18.5018,60.4471],[18.5041,60.44407],[18.4995,60.43989],[18.49457,60.44005],[18.49337,60.43542]]],[[[18.49713,59.1868],[18.48903,59.19177],[18.48545,59.19964],[18.49644,59.19268],[18.49713,59.1868]]],[[[18.49433,59.42232],[18.4893,59.42235],[18.48646,59.42677],[18.49564,59.4249],[18.49433,59.42232]]],[[[18.36481,59.04514],[18.36353,59.04895],[18.34632,59.04655],[18.34152,59.05081],[18.34869,59.06094],[18.34812,59.05221],[18.35264,59.05155],[18.3746,59.06019],[18.38368,59.06805],[18.38528,59.07321],[18.36464,59.0733],[18.36076,59.07527],[18.36429,59.0779],[18.37681,59.08328],[18.38649,59.0804],[18.41096,59.08576],[18.40925,59.08854],[18.42007,59.09029],[18.41835,59.09333],[18.43106,59.10306],[18.47063,59.11997],[18.48146,59.12172],[18.48562,59.11591],[18.4832,59.10818],[18.485,59.10053],[18.47616,59.09217],[18.49262,59.09505],[18.49334,59.09199],[18.46364,59.06964],[18.45163,59.05046],[18.42684,59.04306],[18.4294,59.0321],[18.41992,59.02269],[18.42196,59.01863],[18.40952,59.01901],[18.41584,59.01416],[18.40885,59.00813],[18.40149,59.00696],[18.38552,59.01457],[18.3848,59.01097],[18.39375,59.0109],[18.38512,59.00688],[18.38111,59.00731],[18.38141,59.00988],[18.36558,59.00917],[18.35916,59.01199],[18.35115,59.02258],[18.34526,59.02476],[18.34774,59.02814],[18.33903,59.03155],[18.34382,59.03703],[18.35281,59.03324],[18.36521,59.04002],[18.37542,59.03639],[18.37156,59.04244],[18.37293,59.04506],[18.36481,59.04514]]],[[[18.49326,60.31573],[18.48492,60.31685],[18.49248,60.31917],[18.49326,60.31573]]],[[[18.48191,59.50145],[18.48321,59.50429],[18.49235,59.50332],[18.48191,59.50145]]],[[[18.48629,59.11694],[18.48599,59.12104],[18.49128,59.12011],[18.48629,59.11694]]],[[[18.46919,59.04491],[18.47496,59.04759],[18.47715,59.06171],[18.49124,59.06288],[18.48125,59.0568],[18.47761,59.04866],[18.46919,59.04491]]],[[[18.48491,60.46445],[18.4785,60.46689],[18.48826,60.4681],[18.49105,60.46546],[18.48491,60.46445]]],[[[18.48933,59.44232],[18.48467,59.44415],[18.48012,59.45456],[18.48514,59.45466],[18.48933,59.44232]]],[[[18.48464,60.48134],[18.4778,60.48249],[18.47586,60.48745],[18.48856,60.48423],[18.48464,60.48134]]],[[[18.48354,58.98463],[18.47844,58.98646],[18.48723,58.98842],[18.48844,58.98537],[18.48354,58.98463]]],[[[18.4856,59.28926],[18.44211,59.2952],[18.44883,59.29904],[18.46496,59.29756],[18.48482,59.29308],[18.4882,59.29136],[18.4856,59.28926]]],[[[18.48179,62.87164],[18.47574,62.87358],[18.47802,62.87643],[18.47508,62.88124],[18.48548,62.88092],[18.48739,62.87506],[18.48179,62.87164]]],[[[18.48581,59.17096],[18.47922,59.18594],[18.48595,59.18274],[18.48581,59.17096]]],[[[18.48007,59.47889],[18.48176,59.48327],[18.48723,59.48414],[18.48007,59.47889]]],[[[18.48318,59.42351],[18.46497,59.42521],[18.45913,59.42932],[18.47213,59.43021],[18.48447,59.42648],[18.48318,59.42351]]],[[[18.47795,58.96609],[18.47444,58.96666],[18.47458,58.97153],[18.48114,58.96986],[18.47795,58.96609]]],[[[18.46957,59.1613],[18.47386,59.16395],[18.48094,59.16268],[18.46957,59.1613]]],[[[18.47663,62.86003],[18.47104,62.86633],[18.47986,62.86802],[18.47663,62.86003]]],[[[18.4768,59.44848],[18.47243,59.4498],[18.47193,59.45312],[18.47649,59.45603],[18.47975,59.44943],[18.4768,59.44848]]],[[[18.46076,59.14564],[18.45433,59.14833],[18.47824,59.15865],[18.46076,59.14564]]],[[[18.47662,60.32399],[18.47101,60.32645],[18.47474,60.32831],[18.47662,60.32399]]],[[[18.47238,60.48546],[18.4682,60.4859],[18.47252,60.49033],[18.47575,60.48886],[18.47238,60.48546]]],[[[18.46791,58.97447],[18.4662,58.97751],[18.47284,58.97495],[18.46791,58.97447]]],[[[18.46681,59.46109],[18.46168,59.4624],[18.4594,59.46927],[18.46319,59.47574],[18.47139,59.47385],[18.47279,59.4685],[18.46744,59.46609],[18.46681,59.46109]]],[[[18.46645,57.15309],[18.46003,57.15731],[18.47179,57.15768],[18.47252,57.15398],[18.46645,57.15309]]],[[[18.46178,59.01058],[18.46027,59.0176],[18.46907,59.01956],[18.47215,59.01476],[18.46178,59.01058]]],[[[18.46671,60.18542],[18.46202,60.18956],[18.46873,60.1925],[18.47187,60.18847],[18.46671,60.18542]]],[[[18.46647,60.48817],[18.46459,60.49223],[18.47103,60.49286],[18.47005,60.48875],[18.46647,60.48817]]],[[[18.46134,59.05705],[18.46216,59.06271],[18.46979,59.0672],[18.46772,59.0582],[18.46134,59.05705]]],[[[18.45929,57.12003],[18.45719,57.12319],[18.4613,57.12506],[18.46101,57.12941],[18.46923,57.12958],[18.4662,57.12235],[18.45929,57.12003]]],[[[18.4686,59.4505],[18.45587,59.45268],[18.45622,59.45474],[18.4686,59.4505]]],[[[18.46237,60.22157],[18.43815,60.23186],[18.43641,60.23771],[18.42814,60.24139],[18.43186,60.24313],[18.43757,60.23927],[18.45921,60.23585],[18.4682,60.22603],[18.46237,60.22157]]],[[[18.46221,59.04529],[18.45881,59.05086],[18.46473,59.05148],[18.46221,59.04529]]],[[[18.46448,58.97389],[18.45832,58.97684],[18.4642,58.97773],[18.46448,58.97389]]],[[[18.45556,59.48353],[18.45868,59.48897],[18.46212,59.48673],[18.45556,59.48353]]],[[[18.46133,59.19174],[18.45435,59.1916],[18.45169,59.19718],[18.46135,59.19814],[18.46133,59.19174]]],[[[18.4567,58.97182],[18.43781,58.97247],[18.43746,58.9772],[18.45441,58.976],[18.45875,58.97429],[18.4567,58.97182]]],[[[18.45152,59.46374],[18.44257,59.46894],[18.4538,59.47351],[18.45507,59.46662],[18.45152,59.46374]]],[[[18.44334,58.98487],[18.43969,58.98723],[18.44487,58.99091],[18.45379,58.99109],[18.45549,58.98831],[18.44334,58.98487]]],[[[18.44989,59.18447],[18.44081,59.18583],[18.44057,59.18903],[18.45286,59.18825],[18.45332,59.18544],[18.44989,59.18447]]],[[[18.45023,59.42735],[18.4363,59.4322],[18.4479,59.43166],[18.45023,59.42735]]],[[[18.4476,59.19505],[18.43958,59.19567],[18.44,59.20003],[18.44355,59.20266],[18.45009,59.19869],[18.4476,59.19505]]],[[[18.44858,59.12184],[18.43994,59.11744],[18.43535,59.11889],[18.43566,59.12133],[18.44858,59.12184]]],[[[18.44728,59.43318],[18.43095,59.43645],[18.44182,59.43897],[18.44728,59.43318]]],[[[18.43754,62.95479],[18.43835,62.95839],[18.44472,62.95633],[18.43754,62.95479]]],[[[18.44184,59.12529],[18.43909,59.12882],[18.44381,59.12892],[18.44184,59.12529]]],[[[18.43524,59.3665],[18.42205,59.37175],[18.42655,59.37529],[18.43411,59.3748],[18.44345,59.37063],[18.43524,59.3665]]],[[[18.42638,59.39065],[18.37983,59.39549],[18.36516,59.40326],[18.36336,59.40706],[18.43777,59.39945],[18.44137,59.39492],[18.43637,59.39136],[18.42638,59.39065]]],[[[18.43725,58.96004],[18.4315,58.96402],[18.43888,58.96494],[18.44008,58.96189],[18.43725,58.96004]]],[[[18.43073,59.42607],[18.41598,59.42834],[18.4085,59.43421],[18.4189,59.43621],[18.42221,59.43243],[18.43113,59.43402],[18.43471,59.42986],[18.43073,59.42607]]],[[[18.43413,59.11516],[18.42927,59.11378],[18.42842,59.11824],[18.43291,59.1182],[18.43413,59.11516]]],[[[18.42931,62.85648],[18.41075,62.8573],[18.40918,62.86239],[18.43411,62.85926],[18.42931,62.85648]]],[[[18.42582,57.10705],[18.42609,57.11],[18.43224,57.10949],[18.42582,57.10705]]],[[[18.43161,59.36144],[18.39561,59.36968],[18.37189,59.38124],[18.34233,59.38705],[18.34309,59.39013],[18.36089,59.38717],[18.3709,59.39403],[18.3765,59.39311],[18.42425,59.3659],[18.43076,59.36603],[18.43161,59.36144]]],[[[18.4259,58.9593],[18.41497,58.96625],[18.41855,58.97145],[18.4082,58.9706],[18.40144,58.97469],[18.40371,58.97755],[18.41123,58.97642],[18.41348,58.97288],[18.42251,58.97153],[18.42075,58.96855],[18.4286,58.9696],[18.43106,58.96657],[18.42127,58.96484],[18.4259,58.9593]]],[[[18.42499,59.45528],[18.41531,59.45688],[18.41299,59.46426],[18.42265,59.46624],[18.42735,59.46403],[18.42783,59.46097],[18.4241,59.46038],[18.42499,59.45528]]],[[[18.42636,59.21871],[18.42228,59.21991],[18.42195,59.22425],[18.4264,59.22485],[18.42636,59.21871]]],[[[18.41609,59.20929],[18.41009,59.21595],[18.40379,59.21672],[18.4047,59.22109],[18.41063,59.22198],[18.42368,59.21456],[18.42395,59.21098],[18.41609,59.20929]]],[[[18.39833,59.11444],[18.41458,59.12347],[18.42296,59.12466],[18.415,59.11798],[18.39833,59.11444]]],[[[18.41734,59.37754],[18.40768,59.37927],[18.39426,59.38733],[18.39931,59.39024],[18.41718,59.38625],[18.42111,59.38082],[18.41734,59.37754]]],[[[18.42049,60.51174],[18.38036,60.51351],[18.36874,60.51597],[18.36943,60.52021],[18.36227,60.52199],[18.39281,60.53309],[18.40405,60.52895],[18.40756,60.53056],[18.41516,60.51342],[18.42049,60.51174]]],[[[18.41669,59.10879],[18.40683,59.11171],[18.41564,59.11385],[18.41981,59.11026],[18.41669,59.10879]]],[[[18.41655,59.19649],[18.41303,59.2012],[18.4167,59.2011],[18.41655,59.19649]]],[[[18.41591,58.96026],[18.41267,58.9639],[18.40787,58.96176],[18.40516,58.96478],[18.41438,58.96419],[18.41591,58.96026]]],[[[18.41584,63.03502],[18.40345,63.03812],[18.41204,63.03981],[18.41584,63.03502]]],[[[18.40219,59.09633],[18.382,59.09781],[18.38148,59.1004],[18.40536,59.10716],[18.41486,59.10658],[18.40968,59.10263],[18.41152,59.10028],[18.40219,59.09633]]],[[[18.40862,59.16945],[18.40817,59.17533],[18.41306,59.1767],[18.41453,59.17366],[18.40862,59.16945]]],[[[18.39948,59.44696],[18.39825,59.44988],[18.40365,59.45153],[18.40527,59.45668],[18.41166,59.4586],[18.41339,59.45249],[18.39948,59.44696]]],[[[18.39965,59.24422],[18.41239,59.23827],[18.40677,59.22677],[18.40296,59.23745],[18.38835,59.24433],[18.39477,59.25108],[18.40066,59.2499],[18.39965,59.24422]]],[[[18.40967,62.84409],[18.40519,62.84414],[18.40541,62.84798],[18.41221,62.84708],[18.40967,62.84409]]],[[[18.39205,59.40623],[18.37424,59.40933],[18.37607,59.41487],[18.38122,59.41651],[18.38495,59.41364],[18.39435,59.41562],[18.40976,59.41119],[18.40354,59.4071],[18.39205,59.40623]]],[[[18.40053,58.97365],[18.39245,58.97553],[18.40217,58.97803],[18.40053,58.97365]]],[[[18.39289,58.98284],[18.39289,58.98937],[18.39705,58.99022],[18.39727,58.98395],[18.39289,58.98284]]],[[[18.38032,58.98502],[18.37605,58.9857],[18.38632,58.99103],[18.38403,58.99508],[18.38782,58.99746],[18.39412,58.99605],[18.38032,58.98502]]],[[[18.37984,59.24673],[18.37151,59.25348],[18.36087,59.25209],[18.34791,59.25511],[18.35066,59.26017],[18.37649,59.25834],[18.38054,59.25632],[18.37787,59.25459],[18.37869,59.25022],[18.38263,59.2496],[18.37984,59.24673]]],[[[18.37022,59.11746],[18.36793,59.12126],[18.37452,59.11985],[18.37022,59.11746]]],[[[18.36839,59.41344],[18.35134,59.41949],[18.35217,59.42181],[18.37203,59.41838],[18.36839,59.41344]]],[[[18.24389,58.95094],[18.24898,58.95861],[18.25689,58.9589],[18.25669,58.96133],[18.28626,58.96362],[18.29189,58.96143],[18.29065,58.95833],[18.29613,58.95794],[18.31485,58.96575],[18.32002,58.96944],[18.31873,58.97326],[18.32581,58.97469],[18.32538,58.97071],[18.35191,58.98034],[18.36715,58.97886],[18.35807,58.96472],[18.33666,58.95942],[18.32264,58.95157],[18.31631,58.95336],[18.31254,58.95085],[18.31387,58.94653],[18.29931,58.94264],[18.29539,58.94832],[18.28724,58.94802],[18.28755,58.94085],[18.29229,58.93737],[18.31563,58.94298],[18.32121,58.9413],[18.30431,58.9357],[18.28825,58.93831],[18.28451,58.93541],[18.29324,58.9315],[18.31635,58.93377],[18.326,58.93064],[18.32626,58.92732],[18.32104,58.92439],[18.28323,58.92655],[18.27953,58.92314],[18.28492,58.92082],[18.27017,58.91629],[18.25412,58.91889],[18.23801,58.91599],[18.23144,58.91764],[18.22964,58.92157],[18.22502,58.92058],[18.22839,58.90937],[18.20479,58.90439],[18.1981,58.90745],[18.20436,58.90963],[18.19408,58.91427],[18.1855,58.91332],[18.19322,58.91887],[18.18811,58.9208],[18.19838,58.92846],[18.22929,58.93834],[18.22322,58.93974],[18.22096,58.94328],[18.22333,58.94462],[18.23516,58.94551],[18.24389,58.95094]]],[[[18.33779,59.40014],[18.30434,59.40393],[18.29827,59.40765],[18.3473,59.40699],[18.35576,59.40473],[18.35573,59.40191],[18.33779,59.40014]]],[[[18.34992,59.41191],[18.34368,59.41473],[18.31854,59.41498],[18.33186,59.41807],[18.3502,59.41486],[18.34992,59.41191]]],[[[18.33458,58.94785],[18.33164,58.95381],[18.3407,58.95527],[18.34082,58.95041],[18.33458,58.94785]]],[[[18.32336,59.03507],[18.31657,59.03928],[18.31698,59.04672],[18.32749,59.05231],[18.32877,59.0485],[18.33916,59.04269],[18.32336,59.03507]]],[[[18.33873,62.82972],[18.33126,62.83188],[18.33842,62.83317],[18.33873,62.82972]]],[[[18.3306,58.98656],[18.32421,58.99207],[18.33284,58.99276],[18.3306,58.98656]]],[[[18.30981,59.06859],[18.32609,59.07661],[18.33209,59.07622],[18.30981,59.06859]]],[[[18.33054,59.35825],[18.31591,59.35936],[18.31206,59.36364],[18.32611,59.36354],[18.33204,59.36148],[18.33054,59.35825]]],[[[18.32647,59.37174],[18.31121,59.37437],[18.33082,59.37388],[18.32647,59.37174]]],[[[18.329,58.93672],[18.32132,58.93669],[18.32241,58.93865],[18.329,58.93672]]],[[[18.31436,62.82081],[18.30577,62.82295],[18.3274,62.82502],[18.31436,62.82081]]],[[[18.29691,58.96077],[18.30085,58.96725],[18.30669,58.96866],[18.30941,58.96564],[18.29691,58.96077]]],[[[18.29939,62.85584],[18.30441,62.86221],[18.30846,62.86074],[18.30814,62.85819],[18.29939,62.85584]]],[[[18.30566,62.83024],[18.29733,62.83238],[18.29934,62.83498],[18.29722,62.83981],[18.30262,62.84503],[18.30824,62.83566],[18.30566,62.83024]]],[[[18.28499,59.07683],[18.29976,59.07619],[18.29748,59.07346],[18.26257,59.07133],[18.26137,59.07443],[18.28499,59.07683]]],[[[18.28583,56.92275],[18.28146,56.92483],[18.28508,56.9267],[18.28778,56.92497],[18.28583,56.92275]]],[[[18.26219,62.88226],[18.25705,62.88331],[18.25423,62.8894],[18.25976,62.89028],[18.25786,62.89267],[18.25216,62.89358],[18.2513,62.89677],[18.2561,62.89942],[18.26502,62.9001],[18.26957,62.89635],[18.26777,62.88262],[18.26219,62.88226]]],[[[18.2675,60.39834],[18.2631,60.40145],[18.26825,60.40181],[18.2675,60.39834]]],[[[18.26103,59.00035],[18.25735,59.00296],[18.26464,59.00491],[18.26103,59.00035]]],[[[18.25468,59.06153],[18.26097,59.06496],[18.26428,59.06309],[18.25468,59.06153]]],[[[18.25067,59.056],[18.25009,59.06037],[18.25541,59.0587],[18.25067,59.056]]],[[[18.24729,59.43245],[18.2361,59.434],[18.23282,59.43726],[18.24371,59.43929],[18.2489,59.43427],[18.24729,59.43245]]],[[[18.19717,62.75273],[18.19814,62.76005],[18.19296,62.76174],[18.21306,62.77954],[18.24049,62.78495],[18.24178,62.78011],[18.22295,62.76937],[18.21729,62.77016],[18.21032,62.76413],[18.21108,62.75903],[18.19717,62.75273]]],[[[18.07445,59.0037],[18.08833,59.00619],[18.0827,59.00991],[18.08697,59.01595],[18.09355,59.01733],[18.09956,59.02333],[18.10468,59.01962],[18.13559,59.01811],[18.13378,59.02277],[18.14079,59.02336],[18.13949,59.02545],[18.16687,59.03144],[18.19062,59.02509],[18.20625,59.02752],[18.22742,59.02546],[18.224,59.02081],[18.17734,59.01568],[18.16684,59.00954],[18.18049,59.00677],[18.18669,59.01481],[18.19861,59.01478],[18.19024,59.00756],[18.19058,58.99781],[18.18352,58.99927],[18.18362,59.00311],[18.17933,59.00501],[18.16285,59.004],[18.17119,58.99752],[18.16088,58.99329],[18.15731,58.99504],[18.16,59.00266],[18.14292,59.0059],[18.14176,59.00131],[18.15452,58.99972],[18.15031,58.99714],[18.14815,58.98976],[18.14272,58.99015],[18.14919,58.98487],[18.14313,58.97823],[18.15709,58.97904],[18.15424,58.97232],[18.14985,58.97038],[18.13142,58.96955],[18.1266,58.96557],[18.12286,58.9654],[18.12201,58.96965],[18.10751,58.97115],[18.11073,58.97389],[18.10664,58.97527],[18.10586,58.9831],[18.08507,58.97809],[18.08117,58.9705],[18.06152,58.96431],[18.05923,58.96077],[18.0478,58.96335],[18.0487,58.96794],[18.05962,58.97357],[18.05755,58.97541],[18.0675,58.97582],[18.0573,58.98105],[18.05562,58.98724],[18.06399,58.99204],[18.0769,58.99211],[18.07764,58.99491],[18.08442,58.99578],[18.08767,59.00159],[18.07445,59.0037]]],[[[18.19157,58.9388],[18.19899,58.93922],[18.2025,58.94186],[18.20074,58.94515],[18.20493,58.9455],[18.20437,58.94011],[18.21646,58.93768],[18.17824,58.92033],[18.16541,58.90751],[18.13568,58.90183],[18.14846,58.90894],[18.14379,58.91119],[18.1479,58.91639],[18.15779,58.91265],[18.15691,58.91745],[18.16326,58.91652],[18.16828,58.92536],[18.16891,58.93764],[18.17261,58.94011],[18.17794,58.93614],[18.18675,58.94028],[18.19157,58.9388]]],[[[18.19525,59.02677],[18.18723,59.03132],[18.18014,59.02996],[18.15921,59.0347],[18.15605,59.03811],[18.16467,59.03994],[18.16535,59.0366],[18.17319,59.04076],[18.18464,59.03561],[18.19122,59.03686],[18.19697,59.03454],[18.1934,59.02822],[18.19525,59.02677]]],[[[18.18228,58.97778],[18.18044,58.97937],[18.1929,58.98802],[18.19509,58.9849],[18.18779,58.97842],[18.18228,58.97778]]],[[[18.15576,59.04042],[18.15237,59.04409],[18.13696,59.04676],[18.13625,59.04986],[18.16559,59.05811],[18.16381,59.05226],[18.18711,59.04887],[18.18859,59.04602],[18.18437,59.04343],[18.169,59.0465],[18.16846,59.04331],[18.15576,59.04042]]],[[[18.17969,58.93892],[18.17712,58.94333],[18.18053,58.94812],[18.18667,58.94745],[18.18735,58.94142],[18.17969,58.93892]]],[[[18.16961,58.98027],[18.16988,58.98321],[18.16397,58.98643],[18.16925,58.99257],[18.17825,58.99325],[18.18084,58.98371],[18.16961,58.98027]]],[[[18.17148,58.89406],[18.1673,58.89679],[18.17164,58.89817],[18.17075,58.90301],[18.17919,58.90267],[18.18002,58.89553],[18.17148,58.89406]]],[[[18.14944,58.89522],[18.14392,58.89983],[18.15156,58.90221],[18.15128,58.90452],[18.16275,58.90552],[18.15886,58.89819],[18.14944,58.89522]]],[[[18.15907,60.47263],[18.15524,60.47498],[18.15976,60.47661],[18.16234,60.47385],[18.15907,60.47263]]],[[[18,62.70183],[18.00624,62.72204],[18.01262,62.72794],[18.02844,62.73429],[18.02233,62.73954],[18.02544,62.74191],[18.02712,62.75295],[18.0331,62.7518],[18.05681,62.76036],[18.07314,62.75904],[18.08611,62.74932],[18.08112,62.74616],[18.09254,62.74357],[18.09907,62.74524],[18.10284,62.74096],[18.10945,62.74187],[18.10756,62.74695],[18.11792,62.75228],[18.14983,62.75127],[18.1536,62.74993],[18.15548,62.74204],[18.16152,62.7373],[18.15705,62.72287],[18.14689,62.72113],[18.13055,62.70851],[18.15119,62.70842],[18.146,62.70435],[18.12458,62.70685],[18.12534,62.71045],[18.11181,62.70915],[18.10746,62.69933],[18.13325,62.695],[18.13,62.68828],[18.10148,62.68654],[18.09974,62.68151],[18.08898,62.6777],[18.02652,62.67294],[17.99636,62.69125],[18,62.70183]]],[[[18.15857,62.76501],[18.14641,62.77232],[18.15097,62.77433],[18.15857,62.77077],[18.1608,62.768],[18.15857,62.76501]]],[[[18.13523,59.04962],[18.1335,59.05248],[18.15217,59.06087],[18.15346,59.05866],[18.14535,59.05693],[18.13523,59.04962]]],[[[18.10752,58.85282],[18.0988,58.85482],[18.10043,58.85914],[18.09519,58.86413],[18.0967,58.86998],[18.10722,58.87152],[18.10842,58.87662],[18.10423,58.87953],[18.11278,58.88381],[18.12262,58.88319],[18.1321,58.895],[18.13814,58.89613],[18.1345,58.88879],[18.14748,58.89001],[18.13773,58.88077],[18.13618,58.86903],[18.13191,58.86555],[18.12702,58.86618],[18.12701,58.86336],[18.1088,58.8615],[18.10752,58.85282]]],[[[18.14373,60.45245],[18.13984,60.45544],[18.14596,60.4566],[18.14373,60.45245]]],[[[18.13749,59.39334],[18.13486,59.40071],[18.14359,59.39846],[18.13749,59.39334]]],[[[18.13406,59.43398],[18.1313,59.43686],[18.13522,59.4381],[18.14046,59.43553],[18.13406,59.43398]]],[[[18.13681,62.75907],[18.12908,62.76096],[18.12813,62.76504],[18.1331,62.76846],[18.1373,62.76548],[18.13681,62.75907]]],[[[18.12976,60.45804],[18.12209,60.46274],[18.12933,60.4629],[18.13272,60.45977],[18.12976,60.45804]]],[[[18.12742,59.02382],[18.12171,59.02664],[18.12627,59.02756],[18.12742,59.02382]]],[[[18.11521,58.89438],[18.11487,58.90156],[18.12298,58.90367],[18.1224,58.89728],[18.11521,58.89438]]],[[[18.09206,62.64065],[18.06644,62.64664],[18.04941,62.64718],[18.05054,62.64989],[18.03467,62.65276],[18.03027,62.65778],[18.00245,62.6577],[18.01316,62.66459],[18.01202,62.66763],[18.05991,62.66762],[18.05788,62.67117],[18.07732,62.67157],[18.10401,62.65779],[18.0877,62.64824],[18.09206,62.64065]]],[[[18.09866,59.37186],[18.07819,59.37627],[18.08702,59.37878],[18.09935,59.37546],[18.09866,59.37186]]],[[[18.0936,62.82346],[18.08954,62.82491],[18.09257,62.8283],[18.09098,62.83301],[18.09889,62.83227],[18.09914,62.8269],[18.0936,62.82346]]],[[[18.0898,57.4295],[18.08595,57.43018],[18.08659,57.43403],[18.09897,57.4397],[18.09767,57.43506],[18.0898,57.4295]]],[[[18.07922,58.8736],[18.0857,58.87972],[18.09158,58.87907],[18.07922,58.8736]]],[[[18.07963,58.94492],[18.08094,58.94848],[18.08856,58.94778],[18.07963,58.94492]]],[[[18.08823,59.32374],[18.0801,59.3251],[18.08133,59.3282],[18.08797,59.32681],[18.08823,59.32374]]],[[[18.06559,59.01569],[18.06179,59.01757],[18.06086,59.02387],[18.06438,59.02993],[18.08268,59.03462],[18.08646,59.03235],[18.07096,59.02299],[18.0706,59.0189],[18.06559,59.01569]]],[[[18.08335,60.53027],[18.07638,60.53268],[18.08251,60.53383],[18.08335,60.53027]]],[[[18.06501,57.3061],[18.05535,57.30855],[18.05277,57.31413],[18.05776,57.31989],[18.0716,57.31842],[18.07467,57.3126],[18.07195,57.30818],[18.06501,57.3061]]],[[[18.06374,59.006],[18.06606,59.00979],[18.07089,59.00826],[18.06374,59.006]]],[[[18.05715,62.79057],[18.04869,62.7913],[18.05233,62.79405],[18.06409,62.79392],[18.05715,62.79057]]],[[[18.05242,59.02958],[18.04706,59.03354],[18.04907,59.03657],[18.0639,59.04134],[18.05242,59.02958]]],[[[18.06333,62.79596],[18.05394,62.79756],[18.05271,62.80149],[18.0583,62.80149],[18.06333,62.79596]]],[[[18.04878,58.9997],[18.04626,59.00488],[18.0541,59.0093],[18.05115,59.01245],[18.05706,59.01743],[18.06077,59.01452],[18.05971,59.01096],[18.04878,58.9997]]],[[[18.05619,60.54324],[18.05228,60.54623],[18.05738,60.54737],[18.05921,60.54433],[18.05619,60.54324]]],[[[18.05021,60.51763],[18.04888,60.5208],[18.05352,60.52116],[18.05479,60.51863],[18.05021,60.51763]]],[[[18.04137,58.96068],[18.03925,58.96201],[18.04112,58.96632],[18.04616,58.96723],[18.04137,58.96068]]],[[[17.9768,58.94784],[17.97225,58.95256],[17.96109,58.95256],[17.96374,58.95736],[17.96967,58.95723],[17.9696,58.9621],[17.98455,58.96303],[17.98925,58.96574],[17.98989,58.97597],[17.994,58.97767],[17.9948,58.97253],[18.00269,58.97491],[18.00197,58.978],[18.01549,58.98793],[18.04146,59.00115],[18.04601,58.99925],[18.04061,58.98862],[18.03174,58.98285],[18.02575,58.98333],[18.02539,58.97643],[18.01709,58.97508],[17.99413,58.9477],[17.98491,58.94714],[17.98537,58.95815],[17.98072,58.95595],[17.9768,58.94784]]],[[[18.00939,58.92942],[18.00631,58.93384],[18.01041,58.94117],[17.99271,58.93134],[17.98851,58.93144],[17.98868,58.93912],[18.02476,58.9749],[18.03923,58.97585],[18.03554,58.96774],[18.02807,58.96458],[18.02009,58.95555],[18.0357,58.95826],[18.0246,58.94469],[18.03431,58.94523],[18.02905,58.93895],[18.01934,58.93559],[18.0164,58.93028],[18.00939,58.92942]]],[[[18.03055,58.84876],[18.02732,58.85139],[18.03008,58.85466],[18.03735,58.85295],[18.03055,58.84876]]],[[[18.02775,58.92412],[18.02548,58.92648],[18.03136,58.93147],[18.03125,58.92455],[18.02775,58.92412]]],[[[18,62.78673],[18.00384,62.78702],[18.02656,62.77239],[18.03085,62.76583],[18.01665,62.7654],[18.01269,62.76314],[18.01561,62.75912],[18.0009,62.76097],[17.9963,62.75386],[17.98321,62.75964],[17.99274,62.76277],[17.97093,62.7681],[17.97507,62.77031],[17.96075,62.77522],[17.96347,62.78003],[17.94729,62.78319],[17.94266,62.789],[18,62.78673]]],[[[18.01781,62.7429],[18.01416,62.74858],[18.0214,62.75155],[18.02155,62.74438],[18.01781,62.7429]]],[[[18.02001,62.82614],[18.00793,62.82934],[18.02132,62.82976],[18.02001,62.82614]]],[[[17.99673,58.9776],[17.99728,58.98399],[18.00135,58.98518],[17.99673,58.9776]]],[[[17.97219,57.27858],[17.96089,57.27923],[17.9566,57.28471],[17.96001,57.2918],[17.97219,57.29049],[17.9838,57.29355],[17.99009,57.28648],[17.99057,57.28365],[17.98369,57.28061],[17.97219,57.27858]]],[[[17.98758,62.72832],[17.97791,62.73211],[17.97668,62.73649],[17.98694,62.73857],[17.98758,62.72832]]],[[[17.98264,58.87779],[17.98342,58.88392],[17.98745,58.88485],[17.98264,58.87779]]],[[[17.98362,60.63586],[17.97465,60.63693],[17.98681,60.64079],[17.98362,60.63586]]],[[[17.95532,58.87637],[17.95435,58.88536],[17.95983,58.89163],[17.96094,58.89878],[17.97085,58.90751],[17.97204,58.90416],[17.9788,58.90503],[17.97641,58.8974],[17.97015,58.89357],[17.96533,58.89509],[17.9624,58.88696],[17.9652,58.88203],[17.95532,58.87637]]],[[[17.96567,60.61599],[17.95364,60.61648],[17.95343,60.61878],[17.95721,60.62284],[17.96519,60.6211],[17.96775,60.61885],[17.96567,60.61599]]],[[[17.95903,58.86194],[17.96086,58.87752],[17.96494,58.87897],[17.9671,58.87251],[17.96499,58.86513],[17.95903,58.86194]]],[[[17.94225,60.6047],[17.93134,60.60445],[17.92794,60.61282],[17.95178,60.61414],[17.95483,60.61216],[17.95304,60.60904],[17.94225,60.6047]]],[[[17.93685,58.8394],[17.9371,58.84528],[17.93979,58.84497],[17.94007,58.83958],[17.93685,58.8394]]],[[[17.87889,62.50582],[17.8778,62.50892],[17.88573,62.51361],[17.89323,62.5109],[17.87889,62.50582]]],[[[17.88668,58.83029],[17.88061,58.83145],[17.8742,58.84055],[17.88061,58.84041],[17.88668,58.83029]]],[[[17.88135,58.81965],[17.87941,58.82302],[17.88457,58.82265],[17.88135,58.81965]]],[[[17.86663,58.737],[17.86358,58.73886],[17.85992,58.75431],[17.86137,58.75991],[17.85777,58.76409],[17.85987,58.76865],[17.85625,58.77257],[17.86031,58.77402],[17.86841,58.76155],[17.87063,58.74664],[17.87004,58.73948],[17.86663,58.737]]],[[[17.83496,58.78969],[17.83111,58.79694],[17.83567,58.79838],[17.83496,58.78969]]],[[[17.76787,58.81445],[17.75498,58.82318],[17.7655,58.81885],[17.76787,58.81445]]],[[[17.69549,62.18529],[17.68429,62.1887],[17.67905,62.19445],[17.68465,62.20201],[17.67874,62.20955],[17.68034,62.21515],[17.6962,62.23007],[17.72284,62.22737],[17.72815,62.22241],[17.74396,62.22133],[17.73764,62.20916],[17.71973,62.19889],[17.717,62.19293],[17.69549,62.18529]]],[[[17.74057,58.89391],[17.72331,58.90401],[17.72874,58.90696],[17.7383,58.89959],[17.74057,58.89391]]],[[[17.73505,58.85536],[17.73124,58.8603],[17.7317,58.86618],[17.7246,58.87325],[17.7319,58.87181],[17.73715,58.85685],[17.73505,58.85536]]],[[[17.72819,58.88124],[17.7247,58.884],[17.72908,58.88621],[17.73258,58.88358],[17.72819,58.88124]]],[[[17.72072,62.43502],[17.71731,62.44009],[17.72681,62.43823],[17.72072,62.43502]]],[[[17.70828,58.84798],[17.69656,58.85617],[17.6947,58.86081],[17.70673,58.85979],[17.71056,58.85178],[17.71662,58.85344],[17.72393,58.84279],[17.72111,58.83824],[17.70746,58.8375],[17.70828,58.84798]]],[[[17.71665,58.96727],[17.71128,58.97161],[17.71285,58.98208],[17.71609,58.98226],[17.71501,58.97793],[17.71893,58.97734],[17.71999,58.97194],[17.71665,58.96727]]],[[[17.71095,59.05254],[17.71354,59.06017],[17.71704,59.06035],[17.71841,59.05571],[17.71095,59.05254]]],[[[17.70851,60.52155],[17.70636,60.52738],[17.71353,60.52833],[17.71483,60.5258],[17.70851,60.52155]]],[[[17.63706,59.00938],[17.62739,59.02583],[17.63195,59.02702],[17.63204,59.03137],[17.64165,59.04014],[17.63945,59.04377],[17.64159,59.0491],[17.64539,59.05005],[17.63746,59.05994],[17.64466,59.06313],[17.64535,59.07207],[17.66646,59.07497],[17.66558,59.05399],[17.6705,59.05978],[17.689,59.04839],[17.68991,59.04401],[17.69675,59.04259],[17.69128,59.03938],[17.69119,59.03502],[17.70056,59.03099],[17.70008,59.02485],[17.69466,59.01907],[17.70766,59.01701],[17.70455,59.01221],[17.71024,59.00876],[17.70503,59.00247],[17.71262,58.99488],[17.70819,58.99216],[17.70785,58.98474],[17.69745,58.98496],[17.70326,58.9705],[17.69797,58.96625],[17.70609,58.96224],[17.70756,58.95581],[17.70231,58.95515],[17.69685,58.94553],[17.69461,58.92637],[17.67822,58.92262],[17.67901,58.91684],[17.68492,58.91633],[17.68917,58.91061],[17.68556,58.90864],[17.688,58.905],[17.69699,58.89969],[17.69752,58.89379],[17.66861,58.9136],[17.66096,58.92349],[17.66131,58.92809],[17.65779,58.92739],[17.65904,58.92429],[17.65551,58.92027],[17.66036,58.91249],[17.65686,58.91205],[17.64654,58.92276],[17.63646,58.92373],[17.63316,58.92918],[17.63797,58.93369],[17.63897,58.94033],[17.64386,58.94279],[17.64366,58.96276],[17.64017,58.96578],[17.6369,58.96188],[17.63098,58.96226],[17.62733,58.9567],[17.62385,58.95984],[17.61968,58.9735],[17.62223,58.9906],[17.63116,58.99068],[17.64282,59.00683],[17.65345,59.01276],[17.65335,59.01788],[17.64621,59.01867],[17.64793,59.03131],[17.64509,59.03316],[17.64059,59.02633],[17.63706,59.00938]]],[[[17.70457,58.91439],[17.69911,58.92372],[17.70502,58.93282],[17.70793,58.93199],[17.70457,58.91439]]],[[[17.65369,58.80609],[17.64729,58.80955],[17.64974,58.81258],[17.64508,58.81626],[17.63684,58.81822],[17.63628,58.82386],[17.62929,58.82285],[17.61605,58.82735],[17.61655,58.83067],[17.59662,58.83824],[17.5896,58.84683],[17.6012,58.84993],[17.60152,58.84762],[17.59271,58.84549],[17.59708,58.84105],[17.6296,58.83348],[17.62908,58.8299],[17.65216,58.82482],[17.65768,58.81958],[17.68113,58.81321],[17.68778,58.80667],[17.70487,58.80426],[17.70786,58.79831],[17.69384,58.79566],[17.67987,58.80325],[17.65369,58.80609]]],[[[17.68087,58.83857],[17.67702,58.84411],[17.6891,58.84275],[17.68087,58.83857]]],[[[17.68358,58.79062],[17.68136,58.79374],[17.68808,58.7913],[17.68358,58.79062]]],[[[17.67813,62.18101],[17.67327,62.18175],[17.67502,62.18914],[17.68676,62.18558],[17.68757,62.18237],[17.67813,62.18101]]],[[[17.67629,59.08616],[17.67209,59.08971],[17.67609,59.09321],[17.67629,59.08616]]],[[[17.66938,58.90103],[17.66092,58.90684],[17.66781,58.90644],[17.66938,58.90103]]],[[[17.64508,58.84212],[17.63898,58.84634],[17.65429,58.84629],[17.64508,58.84212]]],[[[17.63125,62.00708],[17.62433,62.0122],[17.62436,62.01553],[17.64195,62.0175],[17.63125,62.00708]]],[[[17.63347,58.89089],[17.62813,58.89228],[17.62835,58.89522],[17.63922,58.89499],[17.63347,58.89089]]],[[[17.62991,58.94819],[17.62813,58.95745],[17.63382,58.95733],[17.62991,58.94819]]],[[[17.63109,60.6364],[17.6269,60.63655],[17.62777,60.64067],[17.63191,60.64103],[17.63109,60.6364]]],[[[17.61821,58.87238],[17.61053,58.87535],[17.60991,58.88023],[17.61887,58.88107],[17.62217,58.87562],[17.61821,58.87238]]],[[[17.61912,58.84508],[17.60336,58.84912],[17.61663,58.85141],[17.61912,58.84508]]],[[[17.58056,62.37894],[17.54439,62.38792],[17.54704,62.39325],[17.56832,62.40335],[17.58273,62.40411],[17.58286,62.39925],[17.59305,62.39266],[17.586,62.39086],[17.59288,62.38754],[17.59217,62.37936],[17.58056,62.37894]]],[[[17.58107,58.77197],[17.57497,58.77619],[17.57899,58.77714],[17.58107,58.77197]]],[[[17.57062,58.74401],[17.55815,58.75194],[17.55936,58.75499],[17.57346,58.75574],[17.57755,58.75104],[17.57062,58.74401]]],[[[17.54374,62.42582],[17.53288,62.42794],[17.52327,62.43515],[17.5244,62.43871],[17.53457,62.44147],[17.55826,62.43427],[17.55955,62.42974],[17.54374,62.42582]]],[[[17.54304,60.72659],[17.53963,60.72973],[17.54285,60.73082],[17.5593,60.73065],[17.55779,60.72798],[17.54304,60.72659]]],[[[17.55923,58.75653],[17.54308,58.76146],[17.5589,58.75884],[17.55923,58.75653]]],[[[17.55804,62.34109],[17.54968,62.34636],[17.55581,62.34727],[17.55804,62.34109]]],[[[17.55284,58.79712],[17.55143,58.80816],[17.55663,58.80844],[17.55538,58.79809],[17.55284,58.79712]]],[[[17.5343,61.7117],[17.51685,61.71933],[17.52085,61.72206],[17.51541,61.72472],[17.51758,61.72827],[17.5351,61.7346],[17.55564,61.73166],[17.55583,61.72423],[17.5395,61.72249],[17.5343,61.7117]]],[[[17.53838,62.3952],[17.53411,62.39681],[17.53372,62.40527],[17.55324,62.40773],[17.55514,62.40411],[17.54908,62.40422],[17.55402,62.39747],[17.53838,62.3952]]],[[[17.52716,58.79686],[17.52384,58.80537],[17.51847,58.80624],[17.51661,58.81021],[17.53592,58.80872],[17.53866,58.80226],[17.52719,58.80402],[17.52716,58.79686]]],[[[17.47736,61.94274],[17.4736,61.94332],[17.46971,61.95567],[17.47932,61.96011],[17.49053,61.9576],[17.49487,61.96418],[17.50853,61.95843],[17.53193,61.95864],[17.53804,61.95366],[17.53648,61.94792],[17.53082,61.94522],[17.51889,61.94557],[17.51392,61.95116],[17.4919,61.9545],[17.49226,61.94554],[17.47736,61.94274]]],[[[17.40689,62.41993],[17.40356,62.4232],[17.40526,62.43058],[17.39165,62.45385],[17.37734,62.46152],[17.37636,62.46665],[17.3677,62.47243],[17.37019,62.4793],[17.38406,62.47983],[17.39526,62.47465],[17.44161,62.47346],[17.48541,62.46142],[17.49385,62.45667],[17.49672,62.45124],[17.49427,62.44834],[17.47688,62.4452],[17.47433,62.43449],[17.48954,62.4314],[17.50614,62.42189],[17.50821,62.41699],[17.51764,62.41426],[17.52442,62.39648],[17.51838,62.39019],[17.52709,62.37902],[17.52226,62.37399],[17.52289,62.36613],[17.53604,62.36094],[17.52376,62.35912],[17.51093,62.3637],[17.50376,62.35705],[17.47576,62.35819],[17.45492,62.36611],[17.45212,62.35887],[17.44278,62.35916],[17.44768,62.3551],[17.44448,62.35298],[17.43236,62.35294],[17.41421,62.36004],[17.40799,62.36501],[17.40381,62.37814],[17.40375,62.38428],[17.41118,62.39439],[17.41036,62.40823],[17.41296,62.40972],[17.40689,62.41993]]],[[[17.52707,58.72772],[17.52297,58.72882],[17.52965,58.73279],[17.53187,58.72942],[17.52707,58.72772]]],[[[17.51893,58.74452],[17.50889,58.74881],[17.52131,58.74678],[17.51893,58.74452]]],[[[17.51687,58.79091],[17.51098,58.79487],[17.51096,58.79794],[17.51573,58.79913],[17.51525,58.80272],[17.50126,58.80709],[17.5012,58.81657],[17.51065,58.81408],[17.51402,58.80607],[17.51965,58.80212],[17.51687,58.79091]]],[[[17.49456,58.75498],[17.50875,58.74677],[17.50902,58.74369],[17.5139,58.74308],[17.51936,58.73683],[17.51801,58.72841],[17.51043,58.72907],[17.50593,58.73504],[17.5112,58.73981],[17.50399,58.73892],[17.5046,58.7439],[17.49227,58.73685],[17.48639,58.73722],[17.48143,58.74371],[17.46903,58.746],[17.46923,58.75573],[17.46191,58.76022],[17.46612,58.76398],[17.48983,58.76122],[17.49456,58.75498]]],[[[17.51544,58.71668],[17.50935,58.71757],[17.50833,58.7204],[17.51633,58.71871],[17.51544,58.71668]]],[[[17.50957,58.77185],[17.50653,58.77754],[17.51392,58.77407],[17.50957,58.77185]]],[[[17.50324,61.98668],[17.49623,61.98745],[17.49652,61.99102],[17.50853,61.99145],[17.51054,61.98949],[17.50324,61.98668]]],[[[17.50801,58.8254],[17.50485,58.82956],[17.50659,58.83311],[17.51048,58.83226],[17.50801,58.8254]]],[[[17.50518,58.70407],[17.49683,58.70424],[17.49605,58.70707],[17.50308,58.70898],[17.50518,58.70407]]],[[[17.49717,58.72958],[17.49332,58.73059],[17.49313,58.73504],[17.50408,58.73662],[17.49717,58.72958]]],[[[17.50144,62.28299],[17.49288,62.28571],[17.49479,62.28887],[17.5024,62.28784],[17.50144,62.28299]]],[[[17.49379,62.27673],[17.48853,62.27964],[17.49094,62.28216],[17.50033,62.28276],[17.50189,62.27838],[17.49379,62.27673]]],[[[17.48928,58.80527],[17.48562,58.80919],[17.49193,58.80778],[17.48928,58.80527]]],[[[17.47519,58.72514],[17.48014,58.72556],[17.48988,58.71717],[17.48808,58.70569],[17.47114,58.70627],[17.46915,58.70247],[17.46137,58.70031],[17.45947,58.7047],[17.46279,58.7194],[17.4592,58.72186],[17.45684,58.71627],[17.4502,58.7164],[17.43213,58.73262],[17.43609,58.73638],[17.44336,58.73113],[17.44191,58.72808],[17.44579,58.72724],[17.45075,58.74174],[17.43931,58.74721],[17.4321,58.74273],[17.42596,58.74298],[17.4246,58.74812],[17.42986,58.75289],[17.42761,58.75601],[17.44178,58.76137],[17.45612,58.75854],[17.45427,58.76369],[17.45961,58.76257],[17.45972,58.75719],[17.46459,58.75633],[17.46985,58.74368],[17.46803,58.73885],[17.46056,58.73413],[17.46535,58.73224],[17.46571,58.72686],[17.47519,58.72514]]],[[[17.48091,58.69481],[17.47447,58.69775],[17.47672,58.70514],[17.48463,58.70336],[17.48388,58.6986],[17.47931,58.69664],[17.48091,58.69481]]],[[[17.48183,58.73551],[17.48355,58.73189],[17.47998,58.7303],[17.47018,58.73087],[17.4699,58.74086],[17.47819,58.73968],[17.48183,58.73551]]],[[[17.47525,58.67751],[17.46557,58.68666],[17.46786,58.69122],[17.46553,58.69306],[17.4697,58.69631],[17.47811,58.68667],[17.47337,58.68574],[17.47938,58.68025],[17.47525,58.67751]]],[[[17.47757,58.76555],[17.46446,58.76837],[17.46965,58.77902],[17.47807,58.77604],[17.47757,58.76555]]],[[[17.47637,62.46581],[17.46961,62.46759],[17.46587,62.47252],[17.47366,62.47315],[17.4777,62.46847],[17.47637,62.46581]]],[[[17.47277,61.73113],[17.46077,61.73647],[17.4663,61.73816],[17.47277,61.73113]]],[[[17.37351,61.53528],[17.36699,61.5377],[17.3639,61.54287],[17.36151,61.5575],[17.3648,61.5618],[17.37612,61.56237],[17.39868,61.5557],[17.40311,61.5574],[17.45097,61.55196],[17.46797,61.54307],[17.46214,61.53716],[17.41571,61.54004],[17.39029,61.53729],[17.39215,61.55108],[17.37892,61.54286],[17.38487,61.53662],[17.37351,61.53528]]],[[[17.46386,60.72334],[17.45506,60.72439],[17.45524,60.72682],[17.46049,60.72711],[17.46386,60.72334]]],[[[17.45903,62.47007],[17.45185,62.47354],[17.45724,62.47523],[17.45903,62.47007]]],[[[17.44159,60.73974],[17.43218,60.74324],[17.43247,60.74708],[17.43821,60.75031],[17.44885,60.74934],[17.44635,60.75425],[17.45049,60.75366],[17.45513,60.7459],[17.45158,60.74046],[17.44727,60.74246],[17.44159,60.73974]]],[[[17.42819,62.49878],[17.42723,62.50059],[17.43402,62.50251],[17.43492,62.49994],[17.42819,62.49878]]],[[[17.41022,58.72548],[17.40861,58.73076],[17.41663,58.73265],[17.42022,58.72772],[17.4119,58.72839],[17.41022,58.72548]]],[[[17.39315,60.7634],[17.39129,60.76651],[17.40858,60.77029],[17.40595,60.76663],[17.39315,60.7634]]],[[[17.40746,58.74973],[17.40214,58.7511],[17.40098,58.75574],[17.40495,58.75617],[17.40746,58.74973]]],[[[17.3957,58.72908],[17.389,58.73189],[17.38973,58.73546],[17.39785,58.73889],[17.40073,58.74499],[17.40697,58.74256],[17.4063,58.73643],[17.40106,58.73551],[17.40238,58.73318],[17.3957,58.72908]]],[[[17.4022,58.72345],[17.39887,58.72505],[17.40062,58.72911],[17.40519,58.72749],[17.4022,58.72345]]],[[[17.38201,61.61115],[17.35387,61.6229],[17.37961,61.62195],[17.38817,61.61796],[17.38201,61.61115]]],[[[17.38665,61.62259],[17.35932,61.63087],[17.3526,61.63444],[17.35404,61.63928],[17.36229,61.64861],[17.3671,61.64826],[17.36953,61.64465],[17.36562,61.64292],[17.36811,61.64032],[17.38186,61.63727],[17.38665,61.62259]]],[[[17.37652,61.51833],[17.37419,61.52298],[17.38699,61.52225],[17.3867,61.51867],[17.37652,61.51833]]],[[[17.38435,58.78626],[17.37967,58.78993],[17.38317,58.79063],[17.38667,58.78775],[17.38435,58.78626]]],[[[17.38077,62.30661],[17.3786,62.30691],[17.38022,62.31353],[17.38508,62.31243],[17.38077,62.30661]]],[[[17.37692,62.38308],[17.36891,62.38641],[17.37483,62.38811],[17.37692,62.38308]]],[[[17.32467,60.70675],[17.31119,60.71041],[17.31682,60.72071],[17.33381,60.71734],[17.3657,60.71755],[17.36646,60.71383],[17.3452,60.70882],[17.33319,60.70878],[17.33189,60.71251],[17.3282,60.71207],[17.32467,60.70675]]],[[[17.35066,61.55218],[17.33991,61.55557],[17.33802,61.55893],[17.34012,61.56171],[17.3525,61.56226],[17.355,61.55992],[17.35066,61.55218]]],[[[17.34942,61.54286],[17.3481,61.54673],[17.35288,61.54613],[17.34942,61.54286]]],[[[17.35192,61.68923],[17.34336,61.69002],[17.34513,61.69204],[17.35192,61.68923]]],[[[17.34351,61.34331],[17.32689,61.34564],[17.32389,61.34825],[17.32494,61.35169],[17.33396,61.35115],[17.3332,61.34809],[17.34351,61.34331]]],[[[17.33915,61.68433],[17.33214,61.68778],[17.33464,61.69234],[17.34277,61.68939],[17.34185,61.68454],[17.33915,61.68433]]],[[[17.32058,61.14148],[17.3044,61.15439],[17.30328,61.16557],[17.31908,61.17146],[17.33745,61.16909],[17.33808,61.16678],[17.32575,61.16136],[17.32745,61.1557],[17.32058,61.14148]]],[[[17.33566,61.6524],[17.31416,61.65993],[17.32729,61.66278],[17.33614,61.65879],[17.33363,61.65397],[17.33566,61.6524]]],[[[17.32671,61.54773],[17.31535,61.55368],[17.31318,61.56754],[17.32721,61.56858],[17.33607,61.56152],[17.33492,61.55335],[17.32671,61.54773]]],[[[17.31424,58.72583],[17.29239,58.738],[17.29266,58.74209],[17.30618,58.74543],[17.3228,58.73617],[17.32312,58.73361],[17.31772,58.73383],[17.31301,58.72969],[17.31635,58.72797],[17.31424,58.72583]]],[[[17.31949,61.65203],[17.31001,61.65488],[17.31713,61.65655],[17.31949,61.65203]]],[[[17.31879,60.89296],[17.30902,60.89594],[17.31068,60.89706],[17.31879,60.89296]]],[[[17.30728,60.71166],[17.30561,60.71758],[17.30995,60.71622],[17.31076,60.71287],[17.30728,60.71166]]],[[[17.31052,58.70695],[17.29684,58.70847],[17.29559,58.71182],[17.30684,58.71085],[17.31052,58.70695]]],[[[17.2969,60.83702],[17.30009,60.8449],[17.30692,60.84504],[17.30812,60.83989],[17.2969,60.83702]]],[[[17.28082,61.55094],[17.26386,61.55378],[17.26224,61.55739],[17.26734,61.56473],[17.27416,61.56615],[17.26258,61.573],[17.27196,61.57668],[17.30789,61.56866],[17.3019,61.56748],[17.29821,61.56114],[17.28868,61.56296],[17.30097,61.55495],[17.28082,61.55094]]],[[[17.30359,60.82794],[17.30226,60.83129],[17.30725,60.83146],[17.30784,60.82863],[17.30359,60.82794]]],[[[17.30631,61.663],[17.29361,61.66604],[17.29698,61.6679],[17.30631,61.663]]],[[[17.3004,60.82006],[17.28542,60.82313],[17.28427,60.82904],[17.29994,60.82826],[17.30442,60.82486],[17.3004,60.82006]]],[[[17.30394,58.72652],[17.29275,58.73236],[17.3027,58.73013],[17.30394,58.72652]]],[[[17.28751,58.71619],[17.27151,58.71993],[17.29281,58.72199],[17.30102,58.71953],[17.28751,58.71619]]],[[[17.29312,61.10599],[17.28641,61.10828],[17.29135,61.11075],[17.29451,61.10805],[17.29312,61.10599]]],[[[17.27931,61.252],[17.28051,61.25761],[17.28514,61.25907],[17.29077,61.25615],[17.27931,61.252]]],[[[17.27304,61.23137],[17.26618,61.23199],[17.26689,61.23452],[17.26174,61.23668],[17.26526,61.24135],[17.27608,61.24412],[17.28557,61.24306],[17.28848,61.2393],[17.26692,61.23453],[17.27304,61.23137]]],[[[17.28089,61.06844],[17.27919,61.0741],[17.28758,61.07319],[17.28089,61.06844]]],[[[17.28076,58.70338],[17.27819,58.70919],[17.25592,58.71483],[17.27611,58.71498],[17.28199,58.71078],[17.28076,58.70338]]],[[[17.26666,61.05409],[17.25746,61.05834],[17.26203,61.06312],[17.2734,61.06703],[17.2778,61.05467],[17.26666,61.05409]]],[[[17.26644,60.99906],[17.26096,61.00375],[17.27629,61.00427],[17.26644,60.99906]]],[[[17.26264,60.81993],[17.25851,60.82064],[17.26715,60.82421],[17.26602,60.8279],[17.27054,60.82774],[17.27165,60.82119],[17.26264,60.81993]]],[[[17.25415,61.00438],[17.24854,61.00703],[17.25416,61.01193],[17.26467,61.01137],[17.25415,61.00438]]],[[[17.25465,58.69526],[17.24523,58.69786],[17.26091,58.70066],[17.25465,58.69526]]],[[[17.24747,61.22284],[17.24774,61.22654],[17.24016,61.22834],[17.23544,61.22534],[17.23194,61.22847],[17.23516,61.23388],[17.24134,61.23369],[17.23959,61.22894],[17.25626,61.22691],[17.24747,61.22284]]],[[[17.23735,61.02028],[17.20592,61.02348],[17.20351,61.03056],[17.22396,61.0475],[17.25585,61.04061],[17.2537,61.03512],[17.24883,61.03352],[17.25186,61.03155],[17.24305,61.03015],[17.24628,61.02729],[17.24206,61.02352],[17.24316,61.02043],[17.23735,61.02028]]],[[[17.23637,61.35049],[17.24679,61.35467],[17.25064,61.35256],[17.23637,61.35049]]],[[[17.24706,58.69949],[17.23884,58.70181],[17.24527,58.70234],[17.24706,58.69949]]],[[[17.24206,61.36307],[17.23803,61.36633],[17.24393,61.36675],[17.24206,61.36307]]],[[[17.24028,58.70896],[17.23448,58.71059],[17.23564,58.71326],[17.2414,58.71098],[17.24028,58.70896]]],[[[17.23838,61.61716],[17.21972,61.61926],[17.22146,61.62102],[17.23838,61.61716]]],[[[17.23447,61.35384],[17.22564,61.35706],[17.21593,61.37053],[17.23223,61.3672],[17.23431,61.36281],[17.23045,61.35724],[17.23682,61.35688],[17.23447,61.35384]]],[[[17.22451,61.23601],[17.21513,61.23847],[17.21543,61.24282],[17.22876,61.24349],[17.23088,61.23975],[17.22451,61.23601]]],[[[17.22224,61.572],[17.16353,61.57691],[17.16539,61.58033],[17.20102,61.57938],[17.20466,61.5815],[17.22224,61.572]]],[[[17.21068,61.58306],[17.17415,61.58672],[17.17296,61.59263],[17.16283,61.5938],[17.17521,61.59796],[17.20665,61.5944],[17.2144,61.59004],[17.18053,61.58943],[17.2098,61.58564],[17.21068,61.58306]]],[[[17.20609,58.71287],[17.20349,58.71855],[17.21036,58.71818],[17.21116,58.71522],[17.20609,58.71287]]],[[[17.2001,58.71938],[17.19334,58.72154],[17.19741,58.72352],[17.2001,58.71938]]],[[[17.19995,61.52257],[17.19304,61.52345],[17.19439,61.52726],[17.19934,61.52911],[17.19995,61.52257]]],[[[17.19143,61.56904],[17.18998,61.57125],[17.19802,61.57111],[17.19143,61.56904]]],[[[17.19391,61.52817],[17.1745,61.53424],[17.188,61.53556],[17.19635,61.53237],[17.19391,61.52817]]],[[[17.18313,60.95282],[17.18134,60.95746],[17.18474,60.96098],[17.19105,60.96088],[17.18313,60.95282]]],[[[17.18605,61.62991],[17.17329,61.63191],[17.18252,61.63317],[17.18605,61.62991]]],[[[17.17828,58.70887],[17.16743,58.71251],[17.18292,58.71237],[17.18572,58.70989],[17.17828,58.70887]]],[[[17.17991,61.51189],[17.14688,61.52265],[17.15235,61.5241],[17.17134,61.51971],[17.18024,61.5165],[17.18399,61.51286],[17.17991,61.51189]]],[[[17.17477,58.66834],[17.17658,58.67382],[17.18265,58.67256],[17.17477,58.66834]]],[[[17.17435,61.62409],[17.17161,61.6272],[17.17833,61.62709],[17.17435,61.62409]]],[[[17.16588,58.65185],[17.16233,58.65805],[17.17337,58.66171],[17.17517,58.65912],[17.1708,58.65202],[17.16588,58.65185]]],[[[17.16726,61.52259],[17.16201,61.5242],[17.17184,61.52686],[17.17427,61.52324],[17.16726,61.52259]]],[[[17.1647,61.56281],[17.1509,61.56508],[17.14898,61.56831],[17.16561,61.56817],[17.17333,61.56344],[17.1647,61.56281]]],[[[17.16371,61.58714],[17.15782,61.58749],[17.15809,61.59134],[17.17084,61.58933],[17.16371,61.58714]]],[[[17.16622,58.72072],[17.16367,58.72716],[17.17052,58.72654],[17.17081,58.72333],[17.16622,58.72072]]],[[[17.16661,58.66362],[17.15401,58.66651],[17.15083,58.67079],[17.15901,58.67578],[17.16068,58.67114],[17.1699,58.66919],[17.16661,58.66362]]],[[[17.15643,58.64202],[17.14136,58.64458],[17.14794,58.64767],[17.1664,58.64442],[17.15643,58.64202]]],[[[17.16196,61.3691],[17.15253,61.37155],[17.15695,61.37379],[17.16196,61.3691]]],[[[17.15657,60.95709],[17.15313,60.96073],[17.16054,60.96125],[17.15657,60.95709]]],[[[17.15877,61.60104],[17.14531,61.60842],[17.13456,61.60846],[17.14014,61.61144],[17.15497,61.60827],[17.15877,61.60104]]],[[[16.5341,56.75991],[16.54171,56.76563],[16.54246,56.77279],[16.54767,56.77427],[16.56136,56.79509],[16.56721,56.79553],[16.5858,56.82142],[16.60064,56.83531],[16.60492,56.84806],[16.63284,56.8774],[16.64674,56.87978],[16.64765,56.88451],[16.65432,56.88723],[16.657,56.88438],[16.6809,56.88547],[16.71064,56.8811],[16.72155,56.88441],[16.72694,56.91506],[16.73243,56.9224],[16.73366,56.93341],[16.76531,56.96421],[16.77081,56.9713],[16.77352,56.98406],[16.79605,57.00372],[16.82392,57.01714],[16.82486,57.0412],[16.83442,57.04925],[16.8375,57.0592],[16.84376,57.06704],[16.85373,57.06894],[16.85296,57.07229],[16.86665,57.08745],[16.88598,57.09766],[16.88839,57.10812],[16.89661,57.11235],[16.90095,57.13277],[16.92101,57.16089],[16.91772,57.17477],[16.9014,57.19653],[16.90861,57.20384],[16.93048,57.20684],[16.95947,57.22867],[16.96067,57.23787],[16.95306,57.25463],[16.95628,57.26226],[16.95652,57.28428],[16.96027,57.29268],[16.97418,57.30065],[16.99713,57.32244],[17.00672,57.32473],[17.00837,57.3334],[17.01962,57.34424],[17.06556,57.36526],[17.08167,57.36921],[17.09355,57.36701],[17.08665,57.36516],[17.08649,57.36235],[17.076,57.36124],[17.07484,57.35742],[17.0882,57.3508],[17.08742,57.34543],[17.09958,57.33435],[17.10615,57.33334],[17.11365,57.33603],[17.11144,57.33889],[17.11344,57.34474],[17.1187,57.34568],[17.11936,57.35309],[17.1149,57.35778],[17.11776,57.36234],[17.12598,57.35682],[17.1281,57.3404],[17.13918,57.32715],[17.14129,57.31866],[17.1512,57.31004],[17.12525,57.31138],[17.10657,57.30747],[17.0794,57.29563],[17.05811,57.27857],[17.05498,57.26069],[17.06911,57.24714],[17.0753,57.24806],[17.07493,57.23731],[17.08222,57.23258],[17.07696,57.22295],[17.07678,57.21552],[17.06963,57.20591],[17.07566,57.20402],[17.06944,57.20258],[17.06767,57.1962],[17.07112,57.19461],[17.06976,57.1913],[17.0747,57.17842],[17.0679,57.17494],[17.04958,57.17614],[17.044,57.17328],[17.04476,57.16995],[17.04002,57.16503],[17.03309,57.16348],[17.03316,57.16066],[17.04367,57.1546],[17.03496,57.15474],[17.03272,57.15246],[17.0377,57.14582],[17.03119,57.14609],[17.03258,57.14146],[17.0284,57.14241],[17.0218,57.13806],[17.02664,57.12747],[17.01305,57.12872],[17.00902,57.12391],[17.01019,57.11929],[17.00457,57.11553],[17.00584,57.11295],[16.99525,57.11287],[16.99742,57.1095],[16.98927,57.10246],[16.99118,57.08975],[16.97797,57.08894],[16.97188,57.0761],[16.98228,57.07274],[16.9693,57.06744],[16.9704,57.06153],[16.9763,57.0576],[16.95903,57.05992],[16.95682,57.05355],[16.95888,57.04814],[16.95369,57.04771],[16.95442,57.03924],[16.94801,57.03794],[16.94113,57.04112],[16.93926,57.03666],[16.93207,57.03844],[16.92066,57.03593],[16.91532,57.04164],[16.9097,57.04185],[16.90952,57.0384],[16.91721,57.03265],[16.91527,57.02243],[16.92358,57.01975],[16.92708,57.02379],[16.93713,57.02288],[16.93671,57.01929],[16.93033,57.01862],[16.93059,57.01452],[16.94228,57.00461],[16.92327,57.00451],[16.92255,56.99979],[16.9166,57.00257],[16.91409,56.99941],[16.92507,56.98951],[16.9149,56.98774],[16.90797,56.9899],[16.90255,56.98511],[16.89463,56.98587],[16.90029,56.97734],[16.89645,56.97535],[16.89006,56.98364],[16.8858,56.98293],[16.88374,56.97451],[16.87857,56.97434],[16.87929,56.96997],[16.88622,56.96807],[16.88815,56.96446],[16.88266,56.96249],[16.8834,56.95864],[16.88901,56.95856],[16.89038,56.94829],[16.90205,56.94735],[16.90319,56.9422],[16.89855,56.94305],[16.89151,56.93829],[16.89008,56.93306],[16.89826,56.92359],[16.89088,56.91193],[16.88435,56.90792],[16.8848,56.90279],[16.87354,56.90219],[16.8717,56.89351],[16.86497,56.89464],[16.85856,56.88808],[16.85859,56.88385],[16.86459,56.87749],[16.85752,56.86223],[16.86251,56.85934],[16.8618,56.84962],[16.86941,56.8477],[16.85802,56.83943],[16.85839,56.83276],[16.85517,56.83371],[16.84571,56.82655],[16.84813,56.8237],[16.84555,56.81861],[16.83209,56.82035],[16.83373,56.81571],[16.82718,56.8153],[16.8114,56.81758],[16.81754,56.8139],[16.80991,56.80582],[16.81067,56.80235],[16.80344,56.80233],[16.80402,56.80949],[16.79915,56.81033],[16.79339,56.80196],[16.78823,56.80139],[16.78707,56.79667],[16.7814,56.79522],[16.77404,56.78276],[16.77114,56.77078],[16.77409,56.76894],[16.76287,56.75348],[16.76599,56.7455],[16.76187,56.74197],[16.76395,56.73682],[16.73813,56.70722],[16.73926,56.69645],[16.73588,56.69394],[16.73976,56.69209],[16.7395,56.68646],[16.73623,56.68625],[16.72835,56.67176],[16.71689,56.66527],[16.71342,56.64994],[16.71652,56.64683],[16.70917,56.6436],[16.70974,56.63565],[16.70556,56.63546],[16.70888,56.63047],[16.70302,56.63101],[16.70346,56.62013],[16.69851,56.61839],[16.70281,56.60553],[16.69998,56.60455],[16.70326,56.60015],[16.69793,56.58999],[16.69466,56.58951],[16.68527,56.57658],[16.65008,56.56245],[16.63762,56.54775],[16.63358,56.53475],[16.64024,56.52263],[16.61601,56.49196],[16.62172,56.49035],[16.6217,56.48446],[16.61592,56.47916],[16.60193,56.44912],[16.59438,56.44538],[16.58503,56.43192],[16.57755,56.41306],[16.56889,56.40473],[16.56682,56.39937],[16.57139,56.39804],[16.57168,56.39394],[16.56718,56.38554],[16.56093,56.38512],[16.56034,56.38204],[16.5649,56.38046],[16.56895,56.37246],[16.56456,56.36099],[16.55588,56.35188],[16.54025,56.32467],[16.51743,56.30114],[16.49498,56.26889],[16.47972,56.23731],[16.46339,56.22508],[16.43977,56.22037],[16.43142,56.21202],[16.43482,56.21095],[16.45125,56.21998],[16.46516,56.22289],[16.42866,56.2059],[16.41813,56.20679],[16.4031,56.19801],[16.40205,56.1943],[16.3975,56.19539],[16.39859,56.2065],[16.3948,56.20962],[16.39989,56.21059],[16.39753,56.22162],[16.40998,56.25401],[16.40383,56.26176],[16.39189,56.26894],[16.39851,56.28],[16.39419,56.28773],[16.40388,56.31989],[16.40216,56.32939],[16.40868,56.3562],[16.40592,56.35649],[16.40494,56.37366],[16.40074,56.37883],[16.40274,56.39544],[16.40703,56.39924],[16.40706,56.4123],[16.40343,56.42054],[16.39185,56.41964],[16.38462,56.42408],[16.37769,56.42416],[16.37713,56.44695],[16.3709,56.46034],[16.37447,56.49513],[16.37794,56.50098],[16.37276,56.50991],[16.37896,56.51633],[16.37111,56.52384],[16.37082,56.52871],[16.38296,56.53114],[16.39015,56.53772],[16.39442,56.55918],[16.41416,56.59122],[16.40088,56.60238],[16.41986,56.60101],[16.42878,56.60335],[16.43374,56.61174],[16.45073,56.62537],[16.45951,56.63577],[16.46235,56.64931],[16.47213,56.65559],[16.47115,56.66636],[16.47585,56.67347],[16.47761,56.68882],[16.4814,56.6903],[16.48016,56.69442],[16.49457,56.70577],[16.49435,56.71192],[16.50234,56.71374],[16.50743,56.72457],[16.51413,56.7291],[16.51596,56.73983],[16.51979,56.74221],[16.51612,56.74354],[16.52348,56.74716],[16.52742,56.758],[16.5341,56.75991]]],[[[17.14467,61.45921],[17.14053,61.46132],[17.1455,61.46355],[17.14793,61.45993],[17.14467,61.45921]]],[[[17.1451,61.52767],[17.12829,61.53267],[17.14749,61.53135],[17.1451,61.52767]]],[[[17.14086,58.65252],[17.13857,58.65512],[17.12919,58.65438],[17.12554,58.65905],[17.14279,58.65992],[17.14507,58.65706],[17.14086,58.65252]]],[[[17.12358,61.57369],[17.12168,61.57731],[17.13113,61.57422],[17.12358,61.57369]]],[[[17.11712,61.40794],[17.10883,61.41166],[17.11803,61.41356],[17.12213,61.41092],[17.11712,61.40794]]],[[[17.10573,61.54006],[17.09947,61.54259],[17.10357,61.5438],[17.10573,61.54006]]],[[[17.07088,58.657],[17.06755,58.65884],[17.06821,58.66178],[17.0733,58.66054],[17.07088,58.657]]],[[[17.05597,58.26075],[17.06228,58.26624],[17.06716,58.26531],[17.05597,58.26075]]],[[[17.05237,58.2658],[17.0483,58.27099],[17.05654,58.2706],[17.05582,58.26664],[17.05237,58.2658]]],[[[16.98222,58.24515],[16.98406,58.25203],[16.99999,58.25895],[17.01964,58.26274],[17.01782,58.26482],[17.02336,58.26831],[17.02663,58.26596],[17.03985,58.2678],[17.04247,58.26263],[17.02465,58.2569],[17.01865,58.25815],[17.00822,58.24973],[17.00314,58.2502],[17.00361,58.25416],[17.0007,58.2542],[16.98388,58.24871],[16.98222,58.24515]]],[[[17.03206,58.21658],[17.03924,58.22325],[17.04127,58.22066],[17.03206,58.21658]]],[[[17.02593,58.37274],[17.02378,58.3779],[17.02673,58.37836],[17.02593,58.37274]]],[[[17.02027,58.359],[17.02049,58.36284],[17.02498,58.36482],[17.02516,58.35944],[17.02027,58.359]]],[[[17.01649,58.33551],[17.01593,58.34269],[17.01932,58.3425],[17.02182,58.33926],[17.01649,58.33551]]],[[[17.00323,58.49677],[17.00239,58.49908],[17.0186,58.50882],[17.01597,58.50143],[17.00323,58.49677]]],[[[17.00704,58.22031],[17.00628,58.22403],[17.01795,58.22436],[17.01627,58.22054],[17.00704,58.22031]]],[[[17.00982,58.31231],[17.00519,58.31648],[17.01231,58.31765],[17.00982,58.31231]]],[[[17.00361,58.39178],[17.00353,58.39895],[17.00766,58.39726],[17.00734,58.393],[17.00361,58.39178]]],[[[16.99623,58.30433],[16.99491,58.30678],[17.00248,58.31153],[17.0063,58.31032],[16.99623,58.30433]]],[[[16.99767,58.43335],[16.99329,58.43778],[16.99515,58.44056],[17.0025,58.44096],[16.99617,58.43696],[16.99767,58.43335]]],[[[16.95689,58.49018],[16.94839,58.49569],[16.93893,58.49699],[16.93785,58.49956],[16.9481,58.49915],[16.94758,58.503],[16.93708,58.50341],[16.94111,58.5054],[16.93541,58.50856],[16.91922,58.50778],[16.89957,58.51537],[16.89422,58.52044],[16.89201,58.52943],[16.90967,58.53007],[16.92408,58.52512],[16.92695,58.52379],[16.92265,58.5213],[16.92559,58.5169],[16.93631,58.51597],[16.93513,58.5124],[16.94787,58.51272],[16.94773,58.51017],[16.95522,58.50852],[16.95837,58.5036],[16.97319,58.50184],[16.98318,58.49682],[16.9972,58.49814],[16.99676,58.49047],[16.99137,58.48594],[16.98643,58.48935],[16.98245,58.48377],[16.97621,58.48592],[16.96237,58.48319],[16.95689,58.49018]]],[[[16.99048,58.21916],[16.98832,58.22393],[16.99652,58.22316],[16.99048,58.21916]]],[[[16.99147,58.4099],[16.98928,58.41428],[16.99253,58.42012],[16.99588,58.41469],[16.99147,58.4099]]],[[[16.98909,58.307],[16.99182,58.31234],[16.99539,58.311],[16.98909,58.307]]],[[[16.98726,58.23969],[16.985,58.2428],[16.99415,58.24138],[16.98726,58.23969]]],[[[16.98513,58.21028],[16.99077,58.21582],[16.99355,58.21348],[16.98513,58.21028]]],[[[16.99307,58.42959],[16.97919,58.43454],[16.97482,58.43934],[16.98186,58.44162],[16.99307,58.42959]]],[[[16.98874,58.14467],[16.98259,58.14733],[16.98352,58.15525],[16.98792,58.15608],[16.99066,58.15309],[16.98616,58.1506],[16.99045,58.14926],[16.98874,58.14467]]],[[[16.98394,58.16293],[16.97499,58.16742],[16.97585,58.16997],[16.98132,58.16809],[16.98394,58.16293]]],[[[16.97103,58.27092],[16.9653,58.2728],[16.96748,58.27712],[16.97897,58.28258],[16.98423,58.27686],[16.98161,58.27332],[16.97103,58.27092]]],[[[16.97382,58.18126],[16.97418,58.18792],[16.97867,58.19015],[16.98404,58.18648],[16.97382,58.18126]]],[[[16.97929,58.15762],[16.97759,58.162],[16.98289,58.16141],[16.98396,58.15883],[16.97929,58.15762]]],[[[16.97899,58.41367],[16.97706,58.42266],[16.98248,58.4236],[16.97899,58.41367]]],[[[16.96825,58.38721],[16.96849,58.39156],[16.96005,58.39323],[16.96286,58.39549],[16.96802,58.39182],[16.97394,58.39314],[16.9727,58.39713],[16.98233,58.39493],[16.96825,58.38721]]],[[[16.96954,58.23536],[16.9718,58.24108],[16.97957,58.24109],[16.98088,58.23851],[16.96954,58.23536]]],[[[16.96798,58.25113],[16.95954,58.25215],[16.96067,58.25495],[16.95677,58.25911],[16.96592,58.25769],[16.97377,58.26781],[16.97939,58.26849],[16.97958,58.26311],[16.96732,58.25664],[16.96798,58.25113]]],[[[16.96028,58.41063],[16.96074,58.41447],[16.95655,58.41376],[16.95278,58.41911],[16.94764,58.4203],[16.94645,58.42518],[16.95273,58.42406],[16.95197,58.42791],[16.97664,58.43266],[16.97919,58.43031],[16.96953,58.42765],[16.97333,58.42579],[16.96929,58.41459],[16.96638,58.41489],[16.96523,58.42067],[16.96201,58.41982],[16.96316,58.41417],[16.96028,58.41063]]],[[[16.96165,58.52288],[16.95805,58.52409],[16.96089,58.52674],[16.97569,58.52894],[16.97047,58.523],[16.96165,58.52288]]],[[[16.9637,58.32301],[16.96328,58.33301],[16.96919,58.3342],[16.97333,58.32978],[16.96816,58.32883],[16.9637,58.32301]]],[[[16.97183,58.46883],[16.9612,58.47104],[16.96622,58.47327],[16.97152,58.47191],[16.97183,58.46883]]],[[[16.95762,58.30979],[16.95166,58.31193],[16.95491,58.31803],[16.95355,58.32419],[16.95888,58.32386],[16.95728,58.32132],[16.96084,58.31973],[16.95821,58.31755],[16.9683,58.31808],[16.96755,58.31348],[16.95762,58.30979]]],[[[16.96153,58.231],[16.9562,58.23121],[16.9559,58.23454],[16.95911,58.23552],[16.95726,58.24169],[16.96646,58.23246],[16.96153,58.231]]],[[[16.95708,58.1942],[16.95371,58.19476],[16.95447,58.19974],[16.96586,58.19521],[16.95708,58.1942]]],[[[16.96135,58.16609],[16.9573,58.16744],[16.95867,58.17023],[16.96384,58.16746],[16.96135,58.16609]]],[[[16.9131,58.21509],[16.90731,58.21556],[16.90696,58.21813],[16.92239,58.22532],[16.96197,58.22574],[16.94481,58.2182],[16.94219,58.22349],[16.93025,58.22264],[16.92738,58.21884],[16.9131,58.21509]]],[[[16.95382,58.47884],[16.94994,58.47941],[16.95285,58.48346],[16.95613,58.48085],[16.95382,58.47884]]],[[[16.95337,58.4092],[16.94666,58.41122],[16.94762,58.41543],[16.95217,58.41383],[16.95337,58.4092]]],[[[16.94641,58.30945],[16.93974,58.31647],[16.9394,58.32799],[16.94365,58.32998],[16.94938,58.3281],[16.94618,58.32303],[16.94998,58.31682],[16.94939,58.31056],[16.94641,58.30945]]],[[[16.92901,58.17747],[16.92118,58.18501],[16.91191,58.18387],[16.90937,58.18634],[16.91417,58.19446],[16.91329,58.20062],[16.92562,58.20428],[16.92554,58.19839],[16.94099,58.20148],[16.94111,58.19482],[16.94541,58.19374],[16.94472,58.1899],[16.94902,58.18882],[16.94932,58.18548],[16.94693,58.18168],[16.94074,58.18356],[16.93878,58.17873],[16.92901,58.17747]]],[[[16.94029,58.53486],[16.93395,58.53534],[16.9327,58.53933],[16.93934,58.53999],[16.9393,58.54358],[16.94852,58.54216],[16.93892,58.53667],[16.94029,58.53486]]],[[[16.94702,58.40008],[16.94336,58.40449],[16.94678,58.40469],[16.94702,58.40008]]],[[[16.9384,58.16286],[16.93262,58.16807],[16.94351,58.16777],[16.9384,58.16286]]],[[[16.94048,58.3966],[16.93413,58.40079],[16.93606,58.40486],[16.94145,58.40093],[16.94048,58.3966]]],[[[16.93665,58.30883],[16.93353,58.30965],[16.93434,58.31552],[16.93824,58.31572],[16.94048,58.3121],[16.93665,58.30883]]],[[[16.92387,58.22581],[16.91577,58.22849],[16.91238,58.23315],[16.91575,58.2372],[16.91892,58.23293],[16.92911,58.2329],[16.92634,58.2355],[16.94028,58.23299],[16.92387,58.22581]]],[[[16.93473,58.54057],[16.93106,58.54511],[16.93836,58.54436],[16.93473,58.54057]]],[[[16.93613,58.33496],[16.92939,58.33634],[16.92485,58.3423],[16.93685,58.3393],[16.93613,58.33496]]],[[[16.92729,58.55682],[16.92917,58.55986],[16.93568,58.55784],[16.92729,58.55682]]],[[[16.90597,58.24503],[16.90361,58.25069],[16.91109,58.25442],[16.91165,58.2603],[16.91995,58.26095],[16.92182,58.2686],[16.92862,58.2685],[16.9347,58.26431],[16.93263,58.25743],[16.92311,58.25219],[16.91248,58.25312],[16.91474,58.25002],[16.91085,58.24547],[16.90597,58.24503]]],[[[16.92466,58.1687],[16.92698,58.17259],[16.93306,58.17165],[16.92466,58.1687]]],[[[16.93245,57.02781],[16.92782,57.02903],[16.92443,57.03612],[16.93085,57.03322],[16.93245,57.02781]]],[[[16.92612,58.37466],[16.92348,58.37995],[16.929,58.37833],[16.92612,58.37466]]],[[[16.92781,58.38783],[16.92177,58.39329],[16.92869,58.39498],[16.92781,58.38783]]],[[[16.92154,58.4518],[16.91689,58.45597],[16.92691,58.4562],[16.92747,58.45299],[16.92154,58.4518]]],[[[16.86763,58.24546],[16.86678,58.24765],[16.87179,58.25052],[16.86157,58.25951],[16.87552,58.26596],[16.88823,58.27653],[16.89528,58.27668],[16.88979,58.26933],[16.89019,58.26318],[16.89461,58.26414],[16.89818,58.27177],[16.91246,58.27975],[16.9154,58.2847],[16.92552,58.28314],[16.91873,58.26993],[16.89952,58.26049],[16.89668,58.25285],[16.88527,58.24841],[16.87834,58.25056],[16.86763,58.24546]]],[[[16.82857,58.3921],[16.82421,58.39728],[16.82656,58.40032],[16.84459,58.40006],[16.83664,58.3971],[16.84196,58.39626],[16.84881,58.40154],[16.84533,58.40491],[16.85319,58.40595],[16.85752,58.40474],[16.85999,58.39612],[16.87029,58.39713],[16.85045,58.39076],[16.85821,58.39013],[16.85805,58.38694],[16.85175,58.3878],[16.85311,58.38125],[16.84934,58.37887],[16.82173,58.38234],[16.86228,58.37471],[16.8524,58.36769],[16.83732,58.37277],[16.82562,58.37268],[16.82499,58.36987],[16.8303,58.36903],[16.8304,58.36621],[16.8207,58.36225],[16.83419,58.35003],[16.84976,58.3498],[16.85609,58.34037],[16.86862,58.33801],[16.87181,58.33386],[16.88162,58.33065],[16.88358,58.32639],[16.8894,58.32593],[16.888,58.33619],[16.90122,58.33753],[16.90002,58.34241],[16.91293,58.33812],[16.91746,58.34087],[16.92258,58.33644],[16.9101,58.33535],[16.91484,58.32836],[16.90748,58.32284],[16.9007,58.32345],[16.88205,58.31579],[16.84771,58.31975],[16.84108,58.3233],[16.82768,58.32298],[16.83388,58.3252],[16.83347,58.33621],[16.82413,58.33442],[16.80663,58.33967],[16.80982,58.34961],[16.80128,58.35408],[16.79585,58.36235],[16.80318,58.36276],[16.80412,58.36684],[16.79486,58.37158],[16.79124,58.37701],[16.77968,58.37973],[16.78306,58.3889],[16.80884,58.39238],[16.80685,58.39637],[16.78517,58.39194],[16.78237,58.39454],[16.78448,58.39758],[16.77612,58.39629],[16.77624,58.39872],[16.78407,58.39913],[16.78372,58.40195],[16.78769,58.40317],[16.78056,58.40698],[16.81435,58.41893],[16.81387,58.41432],[16.81987,58.41245],[16.82372,58.40676],[16.81828,58.4053],[16.81127,58.39695],[16.82857,58.3921]]],[[[16.91337,58.37319],[16.91573,58.38084],[16.92206,58.37613],[16.91337,58.37319]]],[[[16.90816,58.16818],[16.90641,58.17179],[16.91137,58.17377],[16.91606,58.17088],[16.90816,58.16818]]],[[[16.90931,58.19876],[16.90527,58.20023],[16.9089,58.20914],[16.9145,58.20957],[16.90931,58.19876]]],[[[16.91142,58.34173],[16.90547,58.34412],[16.91064,58.34532],[16.91142,58.34173]]],[[[16.90694,58.39864],[16.90144,58.40051],[16.9043,58.4038],[16.91006,58.40217],[16.91136,58.39908],[16.90694,58.39864]]],[[[16.90694,58.19073],[16.90394,58.19359],[16.91084,58.19554],[16.90694,58.19073]]],[[[16.90571,58.3125],[16.89745,58.31573],[16.90179,58.31652],[16.90796,58.31362],[16.90571,58.3125]]],[[[16.90464,58.34695],[16.90136,58.3493],[16.90247,58.35185],[16.90796,58.34972],[16.90464,58.34695]]],[[[16.90292,58.45067],[16.89776,58.45459],[16.90556,58.45434],[16.90292,58.45067]]],[[[16.89984,58.42076],[16.89788,58.42514],[16.90345,58.42429],[16.89984,58.42076]]],[[[16.90155,58.53377],[16.8938,58.5353],[16.89494,58.53835],[16.90235,58.53952],[16.90155,58.53377]]],[[[16.90087,58.37645],[16.89563,58.37858],[16.89912,58.38019],[16.9022,58.37848],[16.90087,58.37645]]],[[[16.90188,58.17762],[16.89406,58.18094],[16.89496,58.18425],[16.89986,58.1852],[16.90188,58.17762]]],[[[16.89885,56.95815],[16.89454,56.96129],[16.89818,56.96354],[16.90166,56.96272],[16.89885,56.95815]]],[[[16.87234,58.34384],[16.8608,58.34657],[16.86143,58.34938],[16.86578,58.3488],[16.87354,58.35739],[16.89515,58.36962],[16.8898,58.36996],[16.88168,58.3638],[16.87438,58.37326],[16.88971,58.37726],[16.90021,58.37313],[16.89214,58.36352],[16.89174,58.36071],[16.89676,58.35885],[16.88725,58.35412],[16.88724,58.34926],[16.87234,58.34384]]],[[[16.89872,58.39082],[16.89339,58.39141],[16.89306,58.39436],[16.89944,58.39516],[16.89872,58.39082]]],[[[16.88349,58.6079],[16.88318,58.61124],[16.89788,58.61076],[16.88349,58.6079]]],[[[16.88761,58.39739],[16.89169,58.40065],[16.88715,58.40238],[16.87428,58.39886],[16.86574,58.40334],[16.87489,58.41037],[16.89209,58.41268],[16.88947,58.40478],[16.89649,58.40378],[16.8957,58.39816],[16.88761,58.39739]]],[[[16.88467,58.1821],[16.88092,58.18446],[16.88143,58.18957],[16.87493,58.19044],[16.87459,58.19326],[16.89369,58.20143],[16.89493,58.19283],[16.88312,58.18494],[16.88467,58.1821]]],[[[16.88073,58.23593],[16.87837,58.23724],[16.88532,58.24021],[16.88842,58.23914],[16.88073,58.23593]]],[[[16.85742,58.41204],[16.85803,58.41446],[16.87078,58.41555],[16.86962,58.42133],[16.88661,58.41968],[16.8884,58.41658],[16.87598,58.41253],[16.85742,58.41204]]],[[[16.8766,58.37834],[16.86673,58.38515],[16.86908,58.38818],[16.87901,58.38701],[16.87877,58.38241],[16.88665,58.38383],[16.8766,58.37834]]],[[[16.87631,58.1707],[16.87904,58.17194],[16.87755,58.1758],[16.88196,58.17676],[16.88145,58.17165],[16.87631,58.1707]]],[[[16.87698,58.587],[16.87261,58.58784],[16.87673,58.59162],[16.88071,58.58942],[16.87698,58.587]]],[[[16.87695,58.45822],[16.8688,58.46116],[16.87626,58.46361],[16.87997,58.45997],[16.87695,58.45822]]],[[[16.87561,58.52481],[16.87293,58.52959],[16.87833,58.52989],[16.87561,58.52481]]],[[[16.87815,58.22393],[16.87093,58.22506],[16.87451,58.22859],[16.87815,58.22393]]],[[[16.87168,58.12865],[16.86989,58.13137],[16.87717,58.13177],[16.87168,58.12865]]],[[[16.86793,58.38948],[16.87055,58.3929],[16.87682,58.39166],[16.86793,58.38948]]],[[[16.86651,58.61135],[16.86819,58.6153],[16.87651,58.61492],[16.86651,58.61135]]],[[[16.85901,58.17352],[16.85679,58.17739],[16.86175,58.17949],[16.86996,58.17899],[16.87126,58.17602],[16.85962,58.17581],[16.85901,58.17352]]],[[[16.85543,58.23489],[16.84624,58.23882],[16.85309,58.25067],[16.85622,58.25011],[16.85146,58.24263],[16.86314,58.2431],[16.86759,58.23996],[16.86712,58.23561],[16.85543,58.23489]]],[[[16.85734,58.54018],[16.85154,58.5418],[16.85171,58.54487],[16.86678,58.54286],[16.85734,58.54018]]],[[[16.85856,58.09978],[16.85093,58.10194],[16.84967,58.10554],[16.85417,58.1083],[16.86328,58.10688],[16.86349,58.1015],[16.85856,58.09978]]],[[[16.8458,58.11482],[16.85088,58.11961],[16.85959,58.11961],[16.86235,58.11688],[16.84982,58.1177],[16.8458,58.11482]]],[[[16.85601,58.26458],[16.8529,58.26552],[16.85294,58.2709],[16.86114,58.26976],[16.86193,58.26642],[16.85601,58.26458]]],[[[16.85482,58.13952],[16.85648,58.14347],[16.86076,58.142],[16.85482,58.13952]]],[[[16.84957,58.15957],[16.85124,58.16377],[16.85583,58.16358],[16.84957,58.15957]]],[[[16.85304,58.12393],[16.84807,58.12605],[16.8512,58.13497],[16.85418,58.13185],[16.85093,58.12985],[16.85304,58.12393]]],[[[16.83613,58.12443],[16.83271,58.12858],[16.83646,58.13083],[16.83499,58.1352],[16.85173,58.14059],[16.84152,58.12563],[16.83613,58.12443]]],[[[16.84521,58.26256],[16.84319,58.26566],[16.84845,58.26866],[16.8497,58.2648],[16.84521,58.26256]]],[[[16.82595,58.26591],[16.82656,58.27307],[16.8435,58.27641],[16.84839,58.27224],[16.83622,58.27191],[16.82595,58.26591]]],[[[16.83251,58.20462],[16.83758,58.2089],[16.84808,58.20568],[16.83251,58.20462]]],[[[16.84052,58.16265],[16.84215,58.16595],[16.84739,58.16421],[16.84052,58.16265]]],[[[16.84037,58.22525],[16.83915,58.22988],[16.84578,58.22671],[16.84037,58.22525]]],[[[16.83985,58.08392],[16.83197,58.09044],[16.84555,58.09127],[16.84003,58.0875],[16.83985,58.08392]]],[[[16.82933,58.40668],[16.81684,58.41992],[16.82188,58.42304],[16.84239,58.41853],[16.82933,58.40668]]],[[[16.80623,58.09148],[16.79449,58.09507],[16.78332,58.10393],[16.78655,58.10568],[16.78317,58.11059],[16.78498,58.11287],[16.80833,58.12009],[16.83296,58.11923],[16.83136,58.11643],[16.82263,58.11592],[16.82198,58.11273],[16.82775,58.11201],[16.82589,58.1087],[16.81029,58.1015],[16.8184,58.09934],[16.8153,58.09554],[16.82278,58.09518],[16.83561,58.10498],[16.84194,58.09631],[16.8312,58.09442],[16.83054,58.09084],[16.81615,58.09322],[16.80623,58.09148]]],[[[16.83302,58.15814],[16.83123,58.16086],[16.83707,58.16141],[16.83691,58.15834],[16.83302,58.15814]]],[[[16.82745,58.28548],[16.82164,58.28594],[16.82527,58.2905],[16.83459,58.2919],[16.83653,58.28727],[16.82745,58.28548]]],[[[16.82666,58.26078],[16.82259,58.26186],[16.82883,58.2651],[16.83362,58.26375],[16.82666,58.26078]]],[[[16.82802,58.3249],[16.8251,58.32494],[16.82432,58.32866],[16.8316,58.3283],[16.83294,58.32585],[16.82802,58.3249]]],[[[16.82605,57.93677],[16.81944,57.93929],[16.82005,57.94185],[16.82784,57.94353],[16.83155,57.94066],[16.82444,57.9382],[16.82605,57.93677]]],[[[16.82676,58.58312],[16.82081,58.58653],[16.82407,58.58789],[16.82882,58.58501],[16.82676,58.58312]]],[[[16.82345,57.88547],[16.81785,57.88875],[16.82059,57.89063],[16.82522,57.88723],[16.82345,57.88547]]],[[[16.81775,58.04865],[16.82045,58.05424],[16.82471,58.05239],[16.82357,58.04908],[16.81775,58.04865]]],[[[16.81937,57.86184],[16.8193,57.86991],[16.82434,57.86497],[16.82371,57.86216],[16.81937,57.86184]]],[[[16.81944,58.32848],[16.81612,58.33006],[16.82372,58.33123],[16.81944,58.32848]]],[[[16.81394,58.28759],[16.81266,58.29093],[16.81986,58.2893],[16.81394,58.28759]]],[[[16.81323,57.86385],[16.81052,57.86722],[16.81753,57.86814],[16.81323,57.86385]]],[[[16.8115,58.04912],[16.80892,58.05057],[16.8158,58.05303],[16.81665,58.05071],[16.8115,58.04912]]],[[[16.80946,57.94187],[16.8063,57.94614],[16.81486,57.94384],[16.80946,57.94187]]],[[[16.81275,58.33075],[16.80866,58.3317],[16.80816,58.33632],[16.81303,58.33625],[16.81275,58.33075]]],[[[16.81255,58.26034],[16.80523,58.26441],[16.81416,58.26326],[16.81255,58.26034]]],[[[16.81189,58.26637],[16.80802,58.26668],[16.80978,58.27267],[16.81358,58.27095],[16.81189,58.26637]]],[[[16.81321,57.89201],[16.79426,57.90253],[16.8092,57.89847],[16.81321,57.89201]]],[[[16.81002,57.96247],[16.80356,57.96333],[16.80492,57.96651],[16.81135,57.96501],[16.81002,57.96247]]],[[[16.80594,58.56908],[16.80412,58.57192],[16.81058,58.57362],[16.81112,58.56977],[16.80594,58.56908]]],[[[16.79904,58.31967],[16.79094,58.32299],[16.79652,58.32752],[16.8081,58.32556],[16.79904,58.31967]]],[[[16.79558,58.26096],[16.78348,58.26677],[16.784,58.27214],[16.80425,58.26903],[16.80197,58.26241],[16.79558,58.26096]]],[[[16.80163,57.93929],[16.78686,57.94244],[16.77733,57.94936],[16.77854,57.9592],[16.79487,57.95347],[16.80357,57.94439],[16.80163,57.93929]]],[[[16.80264,57.88269],[16.79409,57.88473],[16.79098,57.88977],[16.80137,57.88604],[16.80264,57.88269]]],[[[16.79774,57.86151],[16.79452,57.86437],[16.80172,57.86427],[16.79774,57.86151]]],[[[16.79796,57.24734],[16.78613,57.25174],[16.79089,57.25731],[16.79467,57.25725],[16.79975,57.25487],[16.79796,57.24734]]],[[[16.79278,58.56094],[16.78924,58.56368],[16.79309,58.56695],[16.79564,58.5641],[16.79278,58.56094]]],[[[16.78358,58.32194],[16.7759,58.32397],[16.78011,58.32544],[16.76883,58.32867],[16.76895,58.33098],[16.77734,58.33329],[16.79399,58.33037],[16.78581,58.32741],[16.7876,58.32444],[16.78358,58.32194]]],[[[16.78909,57.95816],[16.78284,57.95838],[16.78557,57.96487],[16.79375,57.96475],[16.79356,57.96091],[16.78909,57.95816]]],[[[16.79364,58.08778],[16.76797,58.09672],[16.77004,58.09938],[16.79364,58.08778]]],[[[16.78105,58.42631],[16.77562,58.42997],[16.77769,58.43711],[16.787,58.43774],[16.791,58.43487],[16.79086,58.43206],[16.78105,58.42631]]],[[[16.78788,57.81761],[16.78386,57.81894],[16.7841,57.82854],[16.78998,57.82628],[16.79091,57.82064],[16.78788,57.81761]]],[[[16.78055,58.41633],[16.77828,58.41969],[16.78765,58.42161],[16.78055,58.41633]]],[[[16.72939,57.81867],[16.72781,57.82587],[16.73222,57.8276],[16.73243,57.83195],[16.72147,57.83376],[16.71463,57.84141],[16.70114,57.84031],[16.70161,57.84517],[16.70879,57.84981],[16.70709,57.85457],[16.73299,57.8537],[16.73314,57.84692],[16.74462,57.841],[16.74515,57.83715],[16.76536,57.83789],[16.76422,57.83433],[16.75602,57.83342],[16.75638,57.83111],[16.77472,57.8329],[16.76587,57.82868],[16.7656,57.8233],[16.75939,57.82377],[16.78845,57.80505],[16.77108,57.8076],[16.76619,57.81561],[16.73623,57.82127],[16.72939,57.81867]]],[[[16.78429,58.01673],[16.77803,58.01695],[16.77582,58.02108],[16.78732,58.01951],[16.78429,58.01673]]],[[[16.78102,57.94125],[16.77468,57.94454],[16.77886,57.94627],[16.78451,57.94363],[16.78102,57.94125]]],[[[16.76306,57.56472],[16.75539,57.5734],[16.76959,57.5747],[16.7791,57.57089],[16.76306,57.56472]]],[[[16.76858,57.69792],[16.76416,57.70041],[16.76626,57.70422],[16.75904,57.70817],[16.7594,57.71571],[16.77285,57.71668],[16.77773,57.71378],[16.77241,57.71259],[16.77201,57.70926],[16.77678,57.70894],[16.77664,57.70613],[16.76858,57.69792]]],[[[16.77631,57.51383],[16.77171,57.51684],[16.77603,57.51768],[16.77631,57.51383]]],[[[16.77036,57.597],[16.7624,57.60006],[16.77574,57.59988],[16.77036,57.597]]],[[[16.77066,58.39432],[16.76292,58.39558],[16.76171,58.40072],[16.77226,58.39699],[16.77066,58.39432]]],[[[16.7669,58.05551],[16.7683,58.05933],[16.76444,58.06425],[16.77017,58.06289],[16.7669,58.05551]]],[[[16.76862,57.76731],[16.75528,57.77377],[16.75942,57.7755],[16.76691,57.77156],[16.76862,57.76731]]],[[[16.76313,57.52644],[16.75379,57.53028],[16.76236,57.53358],[16.76313,57.52644]]],[[[16.75512,57.54793],[16.75384,57.55102],[16.75863,57.55173],[16.75512,57.54793]]],[[[16.74076,57.52662],[16.73661,57.52924],[16.73443,57.53849],[16.74192,57.54094],[16.74347,57.54348],[16.74001,57.54583],[16.74369,57.54809],[16.75147,57.54644],[16.74668,57.54088],[16.75704,57.53843],[16.7563,57.53293],[16.74411,57.53682],[16.75096,57.53083],[16.74076,57.52662]]],[[[16.75453,57.79298],[16.74467,57.79721],[16.75101,57.79956],[16.7543,57.7981],[16.75227,57.79583],[16.75453,57.79298]]],[[[16.75403,57.58482],[16.74659,57.58876],[16.7505,57.59074],[16.75403,57.58482]]],[[[16.74617,57.80846],[16.74004,57.81409],[16.73541,57.81424],[16.73801,57.81843],[16.74751,57.81638],[16.75391,57.80988],[16.74617,57.80846]]],[[[16.74841,57.5173],[16.74419,57.51851],[16.74437,57.52247],[16.7482,57.52293],[16.75175,57.51738],[16.74841,57.5173]]],[[[16.74723,57.57224],[16.74809,57.57516],[16.7393,57.5758],[16.73917,57.57811],[16.74995,57.57925],[16.7517,57.57614],[16.74723,57.57224]]],[[[16.74816,58.39296],[16.74143,58.39485],[16.74302,58.39739],[16.75126,58.39651],[16.74816,58.39296]]],[[[16.7483,57.49515],[16.74103,57.49717],[16.74102,57.50203],[16.74613,57.50452],[16.75031,57.4973],[16.7483,57.49515]]],[[[16.73746,57.54728],[16.73441,57.54822],[16.7348,57.55128],[16.74201,57.55272],[16.73646,57.56125],[16.74481,57.56139],[16.74398,57.55909],[16.7499,57.555],[16.74814,57.55135],[16.73746,57.54728]]],[[[16.7494,57.8554],[16.72793,57.85838],[16.72108,57.8659],[16.73974,57.86411],[16.74916,57.8604],[16.7494,57.8554]]],[[[16.73764,57.60092],[16.739,57.60448],[16.74546,57.60491],[16.74433,57.60121],[16.73764,57.60092]]],[[[16.73544,58.39211],[16.72942,58.39373],[16.72886,58.39707],[16.73424,58.39751],[16.73092,58.40933],[16.74426,58.40787],[16.74119,58.39997],[16.73562,58.39569],[16.73963,58.39308],[16.73544,58.39211]]],[[[16.73726,57.99204],[16.737,57.99678],[16.74327,57.99669],[16.74412,57.99438],[16.73726,57.99204]]],[[[16.73833,57.66543],[16.7343,57.67099],[16.74049,57.67053],[16.73833,57.66543]]],[[[16.73665,57.50017],[16.73143,57.50037],[16.73015,57.50346],[16.73639,57.50466],[16.73936,57.50206],[16.73665,57.50017]]],[[[16.73641,57.57533],[16.73104,57.58232],[16.73893,57.58298],[16.73541,57.57918],[16.73641,57.57533]]],[[[16.73713,57.70027],[16.72954,57.70153],[16.73772,57.70258],[16.73713,57.70027]]],[[[16.73337,57.61135],[16.7326,57.61533],[16.73692,57.61578],[16.7372,57.61168],[16.73337,57.61135]]],[[[16.73018,57.78512],[16.7235,57.78585],[16.7248,57.79288],[16.73306,57.7902],[16.73018,57.78512]]],[[[16.72897,58.01007],[16.72369,58.01066],[16.71819,58.01675],[16.73206,58.01425],[16.72897,58.01007]]],[[[16.65256,57.58644],[16.65921,57.59122],[16.65592,57.59741],[16.65986,57.60017],[16.66917,57.59518],[16.67281,57.59667],[16.67051,57.60362],[16.67817,57.60454],[16.68521,57.60163],[16.68599,57.59802],[16.70158,57.59987],[16.69774,57.60453],[16.69924,57.61629],[16.70408,57.61776],[16.70819,57.62385],[16.73172,57.622],[16.72883,57.6013],[16.72472,57.60006],[16.72381,57.59598],[16.71838,57.59709],[16.71071,57.5913],[16.70412,57.57782],[16.68649,57.5778],[16.68041,57.58044],[16.68117,57.58645],[16.67498,57.58666],[16.67109,57.59029],[16.66763,57.58752],[16.66807,57.5815],[16.65757,57.58125],[16.6608,57.57891],[16.65327,57.57593],[16.65056,57.57904],[16.65256,57.58644]]],[[[16.72296,57.6636],[16.71459,57.66858],[16.73015,57.66414],[16.72296,57.6636]]],[[[16.72892,57.98921],[16.72027,57.99308],[16.72819,57.99408],[16.72892,57.98921]]],[[[16.7263,57.77416],[16.71451,57.77817],[16.71229,57.78178],[16.72143,57.78242],[16.7263,57.77416]]],[[[16.72221,57.62763],[16.71575,57.6322],[16.72174,57.63289],[16.72565,57.6295],[16.72221,57.62763]]],[[[16.66974,57.79451],[16.66369,57.79856],[16.65649,57.79852],[16.65448,57.80175],[16.65741,57.80811],[16.67066,57.8146],[16.66508,57.81826],[16.67166,57.82585],[16.66188,57.83225],[16.66169,57.83865],[16.67116,57.83584],[16.67334,57.83095],[16.69464,57.82452],[16.70394,57.80839],[16.71126,57.81073],[16.72481,57.80312],[16.7256,57.79952],[16.71656,57.80118],[16.71449,57.79788],[16.71929,57.79794],[16.72167,57.79266],[16.71054,57.79051],[16.70976,57.779],[16.68852,57.7862],[16.68868,57.78952],[16.67793,57.79543],[16.66974,57.79451]]],[[[16.72531,57.6226],[16.71874,57.62499],[16.72308,57.62596],[16.72531,57.6226]]],[[[16.72508,57.86917],[16.71411,57.87086],[16.71042,57.87411],[16.71076,57.88115],[16.71926,57.87796],[16.71862,57.87464],[16.7239,57.87457],[16.72508,57.86917]]],[[[16.71745,58.32284],[16.70814,58.32668],[16.70902,58.32974],[16.72301,58.32725],[16.71745,58.32284]]],[[[16.72089,57.81148],[16.71731,57.81192],[16.71609,57.81655],[16.72078,57.8193],[16.72089,57.81148]]],[[[16.71961,57.50182],[16.69056,57.51117],[16.68324,57.52305],[16.68644,57.52531],[16.69529,57.52109],[16.70627,57.51173],[16.71451,57.50982],[16.71961,57.50182]]],[[[16.70198,57.47056],[16.69984,57.47571],[16.70243,57.48028],[16.71869,57.48237],[16.70995,57.47839],[16.71434,57.47577],[16.71207,57.47286],[16.70198,57.47056]]],[[[16.69615,57.45758],[16.69788,57.46422],[16.71727,57.46229],[16.71426,57.45887],[16.70199,57.46058],[16.69615,57.45758]]],[[[16.70825,57.65573],[16.70752,57.66048],[16.71564,57.66037],[16.71648,57.65792],[16.70825,57.65573]]],[[[16.71474,57.55028],[16.70588,57.55424],[16.69813,57.55127],[16.69305,57.55492],[16.70042,57.55982],[16.70588,57.55936],[16.71473,57.55489],[16.71474,57.55028]]],[[[16.70394,57.45158],[16.70015,57.45164],[16.70375,57.4576],[16.71438,57.45631],[16.71351,57.45299],[16.70394,57.45158]]],[[[16.69996,57.9782],[16.68398,57.99211],[16.69515,57.99376],[16.70664,57.98695],[16.7114,57.99072],[16.71433,57.98147],[16.69996,57.9782]]],[[[16.70984,57.46597],[16.70612,57.46769],[16.7138,57.46938],[16.71415,57.46643],[16.70984,57.46597]]],[[[16.70693,57.66829],[16.69713,57.67317],[16.70896,57.67582],[16.7122,57.66848],[16.70693,57.66829]]],[[[16.68049,57.54088],[16.6744,57.54262],[16.67102,57.5524],[16.67636,57.5545],[16.68668,57.55117],[16.68979,57.54626],[16.70266,57.54148],[16.69637,57.53926],[16.69786,57.5354],[16.70932,57.52602],[16.70074,57.52563],[16.69431,57.53084],[16.68301,57.53355],[16.68505,57.53634],[16.68049,57.54088]]],[[[16.70742,57.77019],[16.70233,57.77398],[16.68426,57.77703],[16.67866,57.78019],[16.67928,57.78325],[16.68608,57.7852],[16.69187,57.78076],[16.69699,57.78275],[16.70907,57.77466],[16.70742,57.77019]]],[[[16.70538,57.53325],[16.69835,57.53565],[16.70463,57.53774],[16.70743,57.53655],[16.70538,57.53325]]],[[[16.702,57.86885],[16.69876,57.87132],[16.6996,57.87899],[16.70737,57.87556],[16.702,57.86885]]],[[[16.6866,57.65244],[16.68778,57.65741],[16.69264,57.65888],[16.70341,57.65951],[16.70581,57.65448],[16.68744,57.6551],[16.6866,57.65244]]],[[[16.68918,57.85148],[16.67814,57.85675],[16.67871,57.86378],[16.68787,57.86455],[16.6886,57.85968],[16.6954,57.86125],[16.70384,57.85691],[16.68918,57.85148]]],[[[16.69804,57.49827],[16.69864,57.50108],[16.69446,57.50318],[16.70117,57.50437],[16.70217,57.50026],[16.69804,57.49827]]],[[[16.69797,57.49673],[16.69133,57.49733],[16.69527,57.5001],[16.69797,57.49673]]],[[[16.67575,57.56194],[16.66958,57.5624],[16.66036,57.56918],[16.66669,57.5723],[16.69442,57.57424],[16.69284,57.57093],[16.68029,57.56751],[16.67575,57.56194]]],[[[16.68975,57.66878],[16.66335,57.67656],[16.69348,57.67692],[16.69154,57.67281],[16.69433,57.66962],[16.68975,57.66878]]],[[[16.69175,57.83467],[16.68983,57.83969],[16.69393,57.84015],[16.69175,57.83467]]],[[[16.69377,57.86742],[16.68276,57.86821],[16.68476,57.86997],[16.69377,57.86742]]],[[[16.69244,57.82877],[16.68578,57.83014],[16.68315,57.83543],[16.68797,57.83588],[16.69244,57.82877]]],[[[16.69094,58.13438],[16.67898,58.13748],[16.6853,58.13804],[16.69094,58.13438]]],[[[16.68256,57.84337],[16.66675,57.84947],[16.67532,57.85294],[16.68903,57.84828],[16.68256,57.84337]]],[[[16.67832,58.41118],[16.6611,58.41844],[16.66465,58.42121],[16.65251,58.42252],[16.65262,58.42483],[16.65968,58.42461],[16.65818,58.42885],[16.64613,58.43221],[16.66736,58.43219],[16.67312,58.42494],[16.68687,58.42169],[16.68224,58.41138],[16.67832,58.41118]]],[[[16.68153,57.61474],[16.67729,57.61607],[16.67789,57.61888],[16.68363,57.61906],[16.68153,57.61474]]],[[[16.67094,57.62333],[16.67022,57.62845],[16.67448,57.62763],[16.67457,57.62456],[16.67094,57.62333]]],[[[16.67001,57.97681],[16.66665,57.97698],[16.66545,57.98237],[16.67148,57.98255],[16.67339,57.97689],[16.67001,57.97681]]],[[[16.65764,57.63528],[16.64848,57.64359],[16.65008,57.64741],[16.65673,57.64669],[16.65782,57.64974],[16.63968,57.64985],[16.653,57.65915],[16.66276,57.65314],[16.66977,57.63947],[16.65764,57.63528]]],[[[16.66571,57.51957],[16.65329,57.5237],[16.66505,57.52585],[16.66896,57.52298],[16.66571,57.51957]]],[[[16.6627,57.66235],[16.65624,57.6673],[16.65688,57.67088],[16.66873,57.6688],[16.6627,57.66235]]],[[[16.65492,57.84796],[16.64767,57.85228],[16.64969,57.85968],[16.65388,57.86193],[16.64247,57.86976],[16.63591,57.8788],[16.64008,57.8808],[16.66668,57.86867],[16.66619,57.8633],[16.65969,57.86288],[16.66458,57.84911],[16.65492,57.84796]]],[[[16.65249,57.38493],[16.64688,57.38679],[16.65405,57.38798],[16.65249,57.38493]]],[[[16.64972,57.58699],[16.64915,57.59532],[16.65325,57.59642],[16.64972,57.58699]]],[[[16.6478,57.82872],[16.64081,57.83329],[16.64405,57.84132],[16.64803,57.83922],[16.64566,57.83438],[16.6478,57.82872]]],[[[16.63246,57.63766],[16.62831,57.64129],[16.6303,57.64293],[16.64771,57.64259],[16.64709,57.63951],[16.63246,57.63766]]],[[[16.64131,57.81279],[16.63307,57.82149],[16.64156,57.8288],[16.64601,57.82644],[16.64712,57.81926],[16.64131,57.81279]]],[[[16.64238,57.09468],[16.62323,57.09788],[16.61631,57.10104],[16.6178,57.10294],[16.60616,57.10578],[16.58445,57.10414],[16.58177,57.11476],[16.57739,57.11524],[16.57772,57.11754],[16.5814,57.12107],[16.59246,57.1153],[16.60742,57.11306],[16.6137,57.10607],[16.63002,57.10253],[16.64605,57.10321],[16.64497,57.09516],[16.64238,57.09468]]],[[[16.63627,57.55273],[16.60598,57.55721],[16.60085,57.55997],[16.59986,57.56433],[16.6012,57.56764],[16.61695,57.56821],[16.62163,57.56636],[16.62195,57.56277],[16.63332,57.5616],[16.63963,57.55332],[16.63627,57.55273]]],[[[16.62712,57.88109],[16.61164,57.88961],[16.62277,57.89126],[16.63279,57.88422],[16.62712,57.88109]]],[[[16.62312,57.86693],[16.62162,57.87105],[16.62794,57.86738],[16.62312,57.86693]]],[[[16.62342,57.11298],[16.61875,57.11394],[16.62134,57.11928],[16.62701,57.11435],[16.62342,57.11298]]],[[[16.62355,57.27726],[16.61529,57.28299],[16.62615,57.28259],[16.62696,57.27938],[16.62355,57.27726]]],[[[16.62465,57.82619],[16.61988,57.82703],[16.61792,57.83141],[16.62366,57.83108],[16.62465,57.82619]]],[[[16.61071,57.858],[16.6071,57.86317],[16.60039,57.86364],[16.59222,57.86912],[16.59055,57.87477],[16.60247,57.87795],[16.61571,57.87317],[16.61632,57.86536],[16.60744,57.8656],[16.61137,57.86196],[16.61071,57.858]]],[[[16.61541,57.06968],[16.61026,57.07001],[16.61232,57.0742],[16.61558,57.07352],[16.61541,57.06968]]],[[[16.60456,57.13398],[16.60526,57.13934],[16.61203,57.13784],[16.60456,57.13398]]],[[[16.60485,57.88829],[16.60162,57.89127],[16.59368,57.89112],[16.59246,57.89625],[16.60566,57.8902],[16.60485,57.88829]]],[[[16.58646,57.84179],[16.5692,57.8479],[16.58242,57.85926],[16.59176,57.85863],[16.5931,57.85093],[16.58824,57.84945],[16.58646,57.84179]]],[[[16.58804,57.33488],[16.58294,57.33358],[16.5782,57.33877],[16.57947,57.3408],[16.58788,57.33813],[16.5854,57.3356],[16.58804,57.33488]]],[[[16.5756,57.85704],[16.56765,57.862],[16.55636,57.86188],[16.55964,57.86568],[16.55843,57.87095],[16.58403,57.86845],[16.58664,57.86227],[16.57868,57.86148],[16.5756,57.85704]]],[[[16.57355,57.13577],[16.57322,57.1391],[16.58226,57.14104],[16.5802,57.13697],[16.57355,57.13577]]],[[[16.56432,57.1177],[16.56135,57.12005],[16.56334,57.12796],[16.57826,57.1247],[16.57904,57.12085],[16.575,57.11824],[16.56432,57.1177]]],[[[16.56805,57.10588],[16.56366,57.11336],[16.56902,57.11764],[16.57761,57.10934],[16.56805,57.10588]]],[[[16.57595,57.34712],[16.56495,57.35021],[16.56372,57.36033],[16.57084,57.36037],[16.57449,57.35712],[16.5711,57.35537],[16.57595,57.34712]]],[[[16.542,57.14717],[16.53039,57.1509],[16.52588,57.15607],[16.53039,57.15679],[16.52512,57.16044],[16.52531,57.16504],[16.53349,57.16904],[16.53266,57.17187],[16.53757,57.17642],[16.55207,57.17368],[16.55886,57.1782],[16.56541,57.1771],[16.57064,57.16141],[16.542,57.14717]]],[[[16.56637,57.57781],[16.55333,57.58488],[16.54122,57.58606],[16.54279,57.58937],[16.55829,57.58943],[16.55816,57.58636],[16.56786,57.5847],[16.56637,57.57781]]],[[[16.54847,57.01997],[16.54761,57.02176],[16.55698,57.02126],[16.54847,57.01997]]],[[[16.54316,57.59243],[16.54246,57.59833],[16.54733,57.6007],[16.54316,57.59243]]],[[[16.53454,57.00193],[16.5429,56.99915],[16.53726,56.99846],[16.53454,57.00193]]],[[[16.53602,58.62737],[16.52751,58.63089],[16.54148,58.62859],[16.53602,58.62737]]],[[[16.54125,57.58119],[16.53513,57.5828],[16.53906,57.58557],[16.54125,57.58119]]],[[[16.53224,57.01337],[16.53104,57.01838],[16.53524,57.01781],[16.53224,57.01337]]],[[[16.53288,57.14293],[16.52189,57.14486],[16.52276,57.14894],[16.5303,57.14898],[16.53288,57.14293]]],[[[16.50229,57.28272],[16.50006,57.28621],[16.50747,57.28818],[16.50798,57.28342],[16.50229,57.28272]]],[[[16.49351,57.21805],[16.49559,57.22251],[16.50096,57.22116],[16.49351,57.21805]]],[[[16.48542,57.18114],[16.47874,57.19095],[16.47982,57.19427],[16.49336,57.19667],[16.49439,57.18718],[16.49087,57.18184],[16.48542,57.18114]]],[[[16.49013,56.9345],[16.47908,56.93949],[16.48403,56.94609],[16.49381,56.9447],[16.4932,56.94112],[16.4873,56.93991],[16.49013,56.9345]]],[[[16.48764,56.86039],[16.48706,56.86335],[16.49176,56.86406],[16.49283,56.86149],[16.48764,56.86039]]],[[[16.48045,56.84396],[16.47473,56.8471],[16.48431,56.84699],[16.48045,56.84396]]],[[[16.46321,56.82112],[16.46377,56.82355],[16.47071,56.82193],[16.46321,56.82112]]],[[[16.45894,56.89159],[16.45623,56.89393],[16.46191,56.89565],[16.46416,56.89332],[16.45894,56.89159]]],[[[16.4462,56.86459],[16.43662,56.8706],[16.44618,56.86997],[16.44933,56.86686],[16.4462,56.86459]]],[[[16.44838,56.86034],[16.44184,56.86055],[16.44193,56.86286],[16.44848,56.86316],[16.44838,56.86034]]],[[[16.42872,56.81077],[16.42651,56.81386],[16.43818,56.81399],[16.42872,56.81077]]],[[[16.42381,56.80442],[16.4212,56.80932],[16.43372,56.80712],[16.42381,56.80442]]],[[[16.43271,56.81738],[16.42945,56.81767],[16.42963,56.82215],[16.43333,56.82147],[16.43271,56.81738]]],[[[16.43311,56.84042],[16.42597,56.84281],[16.43048,56.84455],[16.43311,56.84042]]],[[[16.4004,58.62354],[16.40121,58.62558],[16.3952,58.62872],[16.40217,58.63095],[16.41152,58.62547],[16.4004,58.62354]]],[[[16.40212,58.61751],[16.39336,58.61927],[16.39589,58.62129],[16.40318,58.61942],[16.40212,58.61751]]],[[[16.37244,56.67581],[16.3705,56.68031],[16.37374,56.68591],[16.38575,56.68347],[16.38183,56.67827],[16.37244,56.67581]]],[[[16.32799,58.64262],[16.31047,58.64676],[16.32441,58.65161],[16.33605,58.64778],[16.3435,58.64988],[16.34084,58.64479],[16.32799,58.64262]]],[[[16.25634,56.61174],[16.25126,56.61217],[16.25087,56.61473],[16.26022,56.61643],[16.25634,56.61174]]],[[[16.21555,58.60021],[16.21427,58.60572],[16.21983,58.60362],[16.21555,58.60021]]],[[[16.06613,56.28792],[16.06125,56.29436],[16.06587,56.29509],[16.06613,56.28792]]],[[[16.06258,56.25927],[16.05358,56.26646],[16.05343,56.26114],[16.04785,56.25914],[16.04616,56.26479],[16.0533,56.26657],[16.04766,56.26887],[16.04844,56.27245],[16.0612,56.27618],[16.06258,56.25927]]],[[[15.82354,56.05431],[15.81709,56.06319],[15.82645,56.0621],[15.82775,56.05852],[15.82354,56.05431]]],[[[15.80448,56.03971],[15.80441,56.04739],[15.79478,56.04642],[15.79985,56.05186],[15.81075,56.05555],[15.81091,56.05195],[15.81662,56.05141],[15.80448,56.03971]]],[[[15.81487,56.05475],[15.80116,56.05625],[15.80173,56.0615],[15.81046,56.06323],[15.81487,56.05475]]],[[[15.78745,56.01217],[15.77563,56.01557],[15.77458,56.02019],[15.78819,56.02624],[15.79337,56.03338],[15.79889,56.03488],[15.80612,56.03061],[15.79946,56.01849],[15.78745,56.01217]]],[[[15.79706,56.14578],[15.79413,56.14861],[15.80043,56.15344],[15.80198,56.15111],[15.79706,56.14578]]],[[[15.79038,56.13314],[15.78061,56.13769],[15.79187,56.1389],[15.79038,56.13314]]],[[[15.7794,56.06676],[15.7737,56.06782],[15.77914,56.07624],[15.79058,56.07591],[15.7884,56.07029],[15.7794,56.06676]]],[[[15.78244,56.10387],[15.7794,56.11183],[15.78553,56.10897],[15.78244,56.10387]]],[[[15.7415,56.07173],[15.73812,56.07495],[15.75053,56.08832],[15.7671,56.09245],[15.77274,56.09984],[15.7828,56.09875],[15.78043,56.09467],[15.78424,56.09106],[15.77927,56.08289],[15.77376,56.08216],[15.77022,56.08806],[15.76584,56.08682],[15.77068,56.07706],[15.75717,56.07689],[15.75574,56.07394],[15.7415,56.07173]]],[[[15.77399,56.0248],[15.77499,56.0294],[15.7828,56.03102],[15.78205,56.02782],[15.77399,56.0248]]],[[[15.75975,56.04524],[15.75748,56.0459],[15.76169,56.05074],[15.76025,56.05869],[15.76516,56.06429],[15.77615,56.06449],[15.77215,56.04734],[15.75975,56.04524]]],[[[15.77051,56.10305],[15.76646,56.10679],[15.77153,56.10804],[15.77051,56.10305]]],[[[15.74003,56.06636],[15.73637,56.06664],[15.73598,56.07036],[15.7435,56.06852],[15.74003,56.06636]]],[[[15.7428,56.09131],[15.73181,56.09164],[15.73233,56.09496],[15.74286,56.09439],[15.7428,56.09131]]],[[[15.73103,56.09894],[15.72833,56.10164],[15.73892,56.10414],[15.73747,56.10031],[15.73103,56.09894]]],[[[15.73277,56.07012],[15.73193,56.07397],[15.73608,56.07548],[15.73737,56.07112],[15.73277,56.07012]]],[[[15.72708,56.05965],[15.72305,56.06403],[15.73352,56.06127],[15.72708,56.05965]]],[[[15.71573,56.06433],[15.71041,56.07384],[15.71281,56.07971],[15.72705,56.08206],[15.72601,56.07579],[15.71566,56.07329],[15.71826,56.06534],[15.71573,56.06433]]],[[[15.72256,56.08721],[15.71415,56.0902],[15.71816,56.09645],[15.7263,56.09116],[15.72256,56.08721]]],[[[15.58367,56.17001],[15.57933,56.17157],[15.57532,56.18004],[15.58407,56.18128],[15.58367,56.17001]]],[[[15.5473,56.09798],[15.51873,56.10296],[15.51453,56.11398],[15.5178,56.11909],[15.52262,56.11984],[15.52061,56.12344],[15.52706,56.12546],[15.52849,56.12955],[15.54588,56.12742],[15.55453,56.12278],[15.56283,56.12608],[15.5671,56.12016],[15.56051,56.10866],[15.56134,56.10252],[15.5473,56.09798]]],[[[15.53389,56.08906],[15.5305,56.09214],[15.53578,56.0929],[15.53389,56.08906]]],[[[15.52063,56.16322],[15.51473,56.16378],[15.5093,56.16945],[15.52075,56.16773],[15.52063,56.16322]]],[[[15.4899,56.08719],[15.48442,56.08901],[15.48682,56.09745],[15.49461,56.09793],[15.48832,56.10769],[15.49341,56.111],[15.4975,56.10893],[15.49743,56.10343],[15.50476,56.10327],[15.51059,56.09326],[15.4982,56.09177],[15.4899,56.08719]]],[[[15.49352,56.15581],[15.49083,56.16043],[15.50413,56.16089],[15.49352,56.15581]]],[[[15.49018,56.14558],[15.48609,56.14894],[15.49207,56.14954],[15.49387,56.14736],[15.49018,56.14558]]],[[[15.45907,56.12207],[15.45433,56.12114],[15.45371,56.1255],[15.45738,56.12573],[15.46691,56.11789],[15.4812,56.12475],[15.49059,56.12381],[15.48278,56.10437],[15.468,56.09458],[15.46067,56.09447],[15.45934,56.09782],[15.44879,56.09696],[15.43878,56.10327],[15.43798,56.11351],[15.44599,56.11272],[15.44765,56.1172],[15.45912,56.11805],[15.45907,56.12207]]],[[[15.44137,56.12989],[15.43982,56.13399],[15.44372,56.13449],[15.44137,56.12989]]],[[[15.4134,56.12896],[15.40952,56.13051],[15.40799,56.13807],[15.42681,56.13954],[15.43298,56.13709],[15.42304,56.12956],[15.4134,56.12896]]],[[[15.42651,56.11214],[15.42424,56.11459],[15.43229,56.11686],[15.42651,56.11214]]],[[[15.40525,56.13923],[15.40811,56.14895],[15.41408,56.14919],[15.41172,56.14305],[15.40525,56.13923]]],[[[15.40273,56.16139],[15.4014,56.16587],[15.40782,56.16509],[15.40273,56.16139]]],[[[15.40235,56.16907],[15.39964,56.17279],[15.40676,56.17355],[15.40235,56.16907]]],[[[15.38317,56.13252],[15.37951,56.13317],[15.38413,56.13635],[15.38594,56.13417],[15.38317,56.13252]]],[[[15.36017,56.12439],[15.35837,56.12785],[15.36433,56.12809],[15.36017,56.12439]]],[[[15.28021,56.16083],[15.27933,56.16647],[15.28804,56.16504],[15.28021,56.16083]]],[[[15.26832,56.16636],[15.26281,56.1665],[15.26237,56.16931],[15.2688,56.17008],[15.27245,56.16698],[15.26832,56.16636]]],[[[15.26597,56.1583],[15.26372,56.16497],[15.27061,56.16572],[15.26918,56.15881],[15.26597,56.1583]]],[[[15.25265,56.15628],[15.24922,56.15885],[15.25314,56.16191],[15.25657,56.15986],[15.25265,56.15628]]],[[[15.22227,56.1397],[15.21471,56.14099],[15.21633,56.14393],[15.22275,56.14392],[15.22227,56.1397]]],[[[15.16311,56.14017],[15.15532,56.14364],[15.15719,56.15029],[15.17185,56.14938],[15.17643,56.14514],[15.17092,56.14412],[15.17045,56.14055],[15.16311,56.14017]]],[[[15.1489,56.14339],[15.14755,56.148],[15.15305,56.14876],[15.1489,56.14339]]],[[[15.07184,56.14064],[15.06726,56.14577],[15.07277,56.14551],[15.07184,56.14064]]],[[[15.05859,56.17496],[15.05079,56.17855],[15.04988,56.18214],[15.05723,56.182],[15.05859,56.17496]]],[[[15.04618,56.15909],[15.0432,56.16012],[15.04826,56.16933],[15.04229,56.1719],[15.04253,56.17727],[15.05354,56.17176],[15.05193,56.16831],[15.05468,56.16627],[15.05445,56.16319],[15.05123,56.16293],[15.0526,56.15935],[15.04618,56.15909]]],[[[15.03424,56.15372],[15.0315,56.1582],[15.03677,56.15679],[15.03424,56.15372]]],[[[15.02324,56.15948],[15.01131,56.16294],[15.0159,56.16627],[15.03081,56.16294],[15.0315,56.16038],[15.02324,56.15948]]],[[[15.01222,56.14374],[15.00924,56.14527],[15.01222,56.14732],[15.01589,56.14489],[15.01222,56.14374]]],[[[14.99479,56.1399],[14.98906,56.1422],[14.99341,56.1445],[14.99479,56.1399]]],[[[14.99113,56.12568],[14.98501,56.12846],[14.98493,56.1317],[14.98882,56.13298],[14.99365,56.1271],[14.99113,56.12568]]],[[[14.99296,56.13618],[14.98745,56.13657],[14.98837,56.14002],[14.99296,56.13618]]],[[[14.98333,56.1349],[14.97851,56.13785],[14.98103,56.14079],[14.98493,56.13887],[14.98333,56.1349]]],[[[14.97506,56.1541],[14.96909,56.15679],[14.97231,56.15781],[14.98378,56.15462],[14.97506,56.1541]]],[[[14.97004,56.11019],[14.96867,56.11685],[14.9595,56.11659],[14.95399,56.1235],[14.97371,56.11915],[14.976,56.12351],[14.9815,56.12427],[14.98264,56.12146],[14.97577,56.11301],[14.97004,56.11019]]],[[[14.96084,56.15205],[14.9512,56.15576],[14.9652,56.15449],[14.96084,56.15205]]],[[[14.96498,56.14195],[14.95947,56.14732],[14.96406,56.14655],[14.96498,56.14195]]],[[[14.93745,56.14769],[14.93515,56.15115],[14.94065,56.15217],[14.93745,56.14769]]],[[[14.86086,56.14391],[14.85808,56.15159],[14.86312,56.15262],[14.86497,56.14776],[14.86086,56.14391]]],[[[14.84263,55.9996],[14.83412,56.01431],[14.83479,56.01854],[14.84989,56.01638],[14.857,56.00947],[14.85725,56.00461],[14.84263,55.9996]]],[[[14.77644,56.14827],[14.77322,56.14878],[14.77457,56.15429],[14.77824,56.15455],[14.77644,56.14827]]],[[[14.69562,56.15821],[14.69198,56.15411],[14.68735,56.16024],[14.69562,56.15821]]],[[[14.55458,56.0144],[14.55088,56.01846],[14.55543,56.02054],[14.55728,56.01849],[14.55458,56.0144]]],[[[14.5494,56.02743],[14.54665,56.02794],[14.54706,56.03203],[14.55254,56.03282],[14.55283,56.02795],[14.5494,56.02743]]],[[[14.53792,56.03174],[14.53559,56.03557],[14.54039,56.03559],[14.53792,56.03174]]],[[[12.92405,55.3854],[12.91008,55.38593],[12.88701,55.39655],[12.854,55.39111],[12.80863,55.37737],[12.81216,55.37461],[12.80719,55.36274],[12.81178,55.35693],[12.82025,55.36246],[12.81588,55.35598],[12.81138,55.35616],[12.80629,55.36272],[12.80629,55.37502],[12.82331,55.39684],[12.82966,55.41642],[12.83445,55.4166],[12.84056,55.42712],[12.84592,55.42388],[12.85863,55.43871],[12.86399,55.43944],[12.86799,55.43631],[12.87003,55.42354],[12.88902,55.40978],[12.9038,55.41106],[12.91567,55.4078],[12.93354,55.41054],[12.94388,55.3979],[12.92405,55.3854]]],[[[12.81656,55.84858],[12.8145,55.8529],[12.82309,55.85791],[12.81445,55.86186],[12.81422,55.86595],[12.82151,55.86583],[12.82592,55.86027],[12.8267,55.85055],[12.81656,55.84858]]],[[[12.70759,55.88976],[12.69629,55.89198],[12.69174,55.89958],[12.67222,55.90946],[12.66572,55.91907],[12.68747,55.9214],[12.70358,55.91901],[12.72534,55.90943],[12.71816,55.89213],[12.70759,55.88976]]],[[[12.71353,56.64547],[12.70861,56.64602],[12.70868,56.64884],[12.71377,56.64919],[12.71353,56.64547]]],[[[12.56244,56.42911],[12.55494,56.44152],[12.54288,56.44922],[12.55065,56.45424],[12.56305,56.45192],[12.56432,56.44298],[12.57485,56.44473],[12.58057,56.44202],[12.58357,56.43849],[12.58142,56.43589],[12.56244,56.42911]]],[[[12.30178,57.02619],[12.3,57.03127],[12.30897,57.0307],[12.30178,57.02619]]],[[[12.17072,57.15585],[12.1581,57.16082],[12.15735,57.16439],[12.16219,57.16578],[12.16129,57.16832],[12.17196,57.17061],[12.18937,57.1682],[12.18933,57.16549],[12.18368,57.16537],[12.17072,57.15585]]],[[[12.1216,57.30881],[12.12025,57.31391],[12.13168,57.31301],[12.1216,57.30881]]],[[[12.12074,57.97578],[12.12459,57.97691],[12.12765,57.97184],[12.12211,57.96477],[12.09134,57.95001],[12.08621,57.95092],[12.12074,57.97578]]],[[[12.11749,57.29476],[12.10679,57.29541],[12.1062,57.3059],[12.1145,57.30878],[12.12491,57.30582],[12.125,57.29839],[12.11749,57.29476]]],[[[12.11416,57.20439],[12.1056,57.20522],[12.11225,57.21062],[12.118,57.2096],[12.11416,57.20439]]],[[[12.09602,57.21895],[12.09127,57.21936],[12.09136,57.22423],[12.10109,57.22048],[12.09602,57.21895]]],[[[12.09736,57.30403],[12.09085,57.30554],[12.09273,57.30866],[12.09752,57.308],[12.09736,57.30403]]],[[[12.09671,57.31221],[12.09097,57.31298],[12.0902,57.31667],[12.09638,57.31643],[12.09671,57.31221]]],[[[12.08104,57.28918],[12.0781,57.29321],[12.08088,57.29699],[12.08984,57.29732],[12.08963,57.29399],[12.08104,57.28918]]],[[[12.06259,57.41939],[12.05931,57.42187],[12.06159,57.42602],[12.07143,57.42779],[12.069,57.42236],[12.06259,57.41939]]],[[[12.06097,57.37451],[12.05822,57.38214],[12.06304,57.38123],[12.06097,57.37451]]],[[[12.05177,57.35919],[12.05569,57.36927],[12.06043,57.36939],[12.06029,57.36221],[12.05177,57.35919]]],[[[12.05214,57.37815],[12.04782,57.38472],[12.05581,57.3826],[12.05214,57.37815]]],[[[12.04302,57.36181],[12.04189,57.36998],[12.04959,57.3717],[12.04947,57.36708],[12.04302,57.36181]]],[[[12.0046,57.86065],[12.01246,57.86455],[12.01178,57.86108],[12.0046,57.86065]]],[[[11.96396,57.335],[11.94997,57.34366],[11.93805,57.34278],[11.95484,57.34533],[11.96984,57.34332],[11.97179,57.33815],[11.96396,57.335]]],[[[11.96288,57.35104],[11.96145,57.35684],[11.96606,57.35519],[11.96288,57.35104]]],[[[11.95072,57.84748],[11.94804,57.84998],[11.95656,57.86003],[11.96242,57.86117],[11.95072,57.84748]]],[[[11.94168,57.38817],[11.93907,57.39104],[11.95096,57.39141],[11.94168,57.38817]]],[[[11.92979,57.36987],[11.92882,57.37553],[11.93375,57.37798],[11.94686,57.37588],[11.92979,57.36987]]],[[[11.90794,57.41136],[11.91316,57.41432],[11.90964,57.41773],[11.91148,57.41999],[11.91718,57.42011],[11.92179,57.4154],[11.92088,57.41286],[11.90794,57.41136]]],[[[11.90423,57.50827],[11.90656,57.5136],[11.91034,57.51326],[11.90984,57.50994],[11.90423,57.50827]]],[[[11.89978,57.56601],[11.89956,57.56934],[11.90529,57.56947],[11.90694,57.56623],[11.89978,57.56601]]],[[[11.88603,58.21486],[11.88175,58.21585],[11.88344,58.21876],[11.88968,58.21785],[11.88603,58.21486]]],[[[11.877,57.513],[11.87135,57.51376],[11.87065,57.51698],[11.8785,57.51988],[11.88273,57.51619],[11.877,57.513]]],[[[11.87118,57.6266],[11.86215,57.63013],[11.86545,57.63262],[11.87118,57.6266]]],[[[11.86048,58.22901],[11.85037,58.23922],[11.85333,58.24274],[11.86379,58.23994],[11.86527,58.2312],[11.86048,58.22901]]],[[[11.85995,57.6234],[11.85758,57.62973],[11.86142,57.62989],[11.85995,57.6234]]],[[[11.85254,58.24506],[11.84588,58.24982],[11.84837,58.25361],[11.85389,58.25272],[11.85643,58.24805],[11.85254,58.24506]]],[[[11.85202,57.61973],[11.84126,57.62856],[11.84382,57.6308],[11.85167,57.62943],[11.85424,57.62673],[11.84958,57.62504],[11.85438,57.62237],[11.85202,57.61973]]],[[[11.82907,57.61922],[11.8239,57.62024],[11.82328,57.62461],[11.83139,57.62442],[11.82907,57.61922]]],[[[11.81069,57.59133],[11.79337,57.59569],[11.7987,57.603],[11.79659,57.6065],[11.81076,57.6108],[11.81732,57.60924],[11.818,57.60577],[11.81134,57.60592],[11.80915,57.60238],[11.81695,57.59529],[11.81069,57.59133]]],[[[11.80796,57.62405],[11.79643,57.62623],[11.79677,57.63365],[11.80844,57.63646],[11.81319,57.63303],[11.80796,57.62405]]],[[[11.80207,58.0546],[11.79027,58.06127],[11.79149,58.06764],[11.80033,58.0695],[11.7944,58.07398],[11.80047,58.07743],[11.80769,58.07702],[11.8123,58.07103],[11.80207,58.0546]]],[[[11.79964,57.63999],[11.78978,57.6484],[11.80629,57.65188],[11.80854,57.64696],[11.80657,57.64316],[11.79964,57.63999]]],[[[11.80292,57.62058],[11.79583,57.6215],[11.79755,57.62518],[11.8043,57.62298],[11.80292,57.62058]]],[[[11.78846,57.64984],[11.78584,57.65002],[11.78713,57.65742],[11.7924,57.65769],[11.79904,57.66318],[11.80319,57.66117],[11.80418,57.65551],[11.78846,57.64984]]],[[[11.80167,58.30202],[11.79883,58.30926],[11.80324,58.30967],[11.80167,58.30202]]],[[[11.7979,57.5491],[11.79266,57.55536],[11.79978,57.55495],[11.80284,57.55129],[11.7979,57.5491]]],[[[11.79146,58.27126],[11.7862,58.27547],[11.78541,58.28086],[11.79754,58.2806],[11.79926,58.27774],[11.79146,58.27126]]],[[[11.79432,57.68262],[11.7946,57.6862],[11.78901,57.68812],[11.79154,57.68998],[11.79858,57.68509],[11.79432,57.68262]]],[[[11.79293,58.10462],[11.78763,58.10486],[11.79031,58.10826],[11.79839,58.10642],[11.79293,58.10462]]],[[[11.77171,58.08062],[11.76599,58.08164],[11.7566,58.09786],[11.75784,58.10756],[11.77613,58.1064],[11.79453,58.09421],[11.7924,58.0917],[11.7862,58.09273],[11.7845,58.08957],[11.7785,58.09021],[11.77776,58.08382],[11.77294,58.08393],[11.77171,58.08062]]],[[[11.77824,57.59743],[11.77284,57.59857],[11.77761,57.60167],[11.76231,57.60124],[11.7516,57.60467],[11.76499,57.60515],[11.77298,57.60984],[11.76988,57.61298],[11.75697,57.61262],[11.76467,57.61975],[11.78995,57.61945],[11.79386,57.61758],[11.79438,57.61193],[11.78439,57.59985],[11.77824,57.59743]]],[[[11.78604,57.56217],[11.77755,57.56645],[11.7799,57.57549],[11.77281,57.57629],[11.77261,57.57988],[11.78185,57.57916],[11.77907,57.58332],[11.78424,57.58859],[11.79133,57.58766],[11.7933,57.57396],[11.79047,57.57027],[11.79401,57.56673],[11.78604,57.56217]]],[[[11.79051,58.05511],[11.78309,58.05604],[11.78358,58.05911],[11.78804,58.06055],[11.79051,58.05511]]],[[[11.78034,57.63119],[11.7768,57.63486],[11.77285,57.63315],[11.7639,57.63796],[11.76343,57.64117],[11.7485,57.63944],[11.73095,57.64431],[11.732,57.64877],[11.7404,57.64615],[11.74426,57.64658],[11.74604,57.65115],[11.76355,57.64898],[11.77264,57.65236],[11.77113,57.65445],[11.7746,57.65603],[11.78304,57.65393],[11.78434,57.64596],[11.78929,57.64201],[11.78034,57.63119]]],[[[11.778,58.28564],[11.77138,58.28808],[11.77079,58.29296],[11.77734,58.29577],[11.78908,58.29359],[11.78858,58.2872],[11.778,58.28564]]],[[[11.7817,57.755],[11.77501,57.75515],[11.7763,57.75947],[11.78733,57.75962],[11.7817,57.755]]],[[[11.77353,58.30302],[11.76931,58.30503],[11.77743,58.30934],[11.7859,58.30877],[11.78394,58.30548],[11.77353,58.30302]]],[[[11.78019,57.623],[11.7764,57.62334],[11.77568,57.62643],[11.78504,57.62392],[11.78019,57.623]]],[[[11.77811,58.04476],[11.77416,58.04676],[11.77862,58.05128],[11.78246,58.05094],[11.7831,58.04682],[11.77811,58.04476]]],[[[11.64258,58.06698],[11.64451,58.07667],[11.65033,58.08026],[11.66935,58.08243],[11.68226,58.08049],[11.68295,58.08329],[11.66031,58.08761],[11.66381,58.0924],[11.68123,58.09255],[11.68203,58.09676],[11.68756,58.09318],[11.70116,58.09392],[11.70909,58.08684],[11.70468,58.07656],[11.69739,58.07595],[11.69693,58.06994],[11.69977,58.06911],[11.70299,58.07339],[11.70769,58.0715],[11.70108,58.06729],[11.71264,58.06679],[11.71334,58.06959],[11.73265,58.07558],[11.73215,58.07226],[11.73752,58.07291],[11.73588,58.06731],[11.75779,58.07247],[11.75346,58.06335],[11.7603,58.05808],[11.76404,58.05953],[11.7568,58.06276],[11.75858,58.06708],[11.76341,58.06697],[11.76587,58.06129],[11.77927,58.06279],[11.77455,58.05482],[11.76164,58.05664],[11.75513,58.04743],[11.7632,58.04239],[11.7565,58.0369],[11.76508,58.02929],[11.76265,58.01654],[11.75579,58.0058],[11.74247,58.00199],[11.74325,57.99954],[11.73813,57.99568],[11.72569,57.9907],[11.71712,57.99216],[11.70958,57.9977],[11.71104,58.001],[11.72969,58.00521],[11.72251,58.00588],[11.72159,58.00974],[11.72626,58.01399],[11.72271,58.02124],[11.70923,58.02178],[11.71317,58.01632],[11.70767,58.01388],[11.70784,58.00977],[11.69443,58.01108],[11.70092,58.00429],[11.68311,58.00812],[11.67811,58.00579],[11.69131,58.00167],[11.6949,57.98939],[11.68994,57.98339],[11.68345,57.98366],[11.68294,57.98008],[11.67458,57.98103],[11.67138,57.977],[11.68745,57.97375],[11.68575,57.96927],[11.66957,57.96231],[11.64888,57.96274],[11.64095,57.95983],[11.63685,57.96299],[11.62771,57.95665],[11.63196,57.95541],[11.63211,57.95092],[11.61433,57.93823],[11.59485,57.9353],[11.59321,57.93252],[11.57929,57.93318],[11.57737,57.94001],[11.56093,57.94239],[11.56378,57.94515],[11.57189,57.94409],[11.57228,57.94626],[11.56627,57.94638],[11.56422,57.95141],[11.5761,57.95924],[11.57312,57.96135],[11.54969,57.95708],[11.53449,57.96008],[11.54096,57.96541],[11.54221,57.97388],[11.52897,57.97069],[11.53151,57.97935],[11.5431,57.97963],[11.53826,57.98613],[11.54207,57.98887],[11.54749,57.98722],[11.53558,57.9995],[11.54211,58.00654],[11.55658,58.0065],[11.55963,58.00183],[11.56652,58.00374],[11.56622,58.00631],[11.57825,58.00248],[11.57924,57.99951],[11.5874,58.00229],[11.5861,58.0077],[11.57079,58.0162],[11.5617,58.01062],[11.55449,58.01103],[11.5532,58.01323],[11.57081,58.01646],[11.5789,58.02155],[11.57418,58.02305],[11.56121,58.01717],[11.52705,58.01183],[11.52212,58.01385],[11.51602,58.01055],[11.51483,58.01988],[11.52255,58.02332],[11.51734,58.0247],[11.51772,58.0302],[11.5084,58.03153],[11.50367,58.03982],[11.50615,58.04413],[11.51354,58.04629],[11.50321,58.047],[11.50313,58.04931],[11.5161,58.0552],[11.52301,58.05045],[11.54813,58.06404],[11.56697,58.06392],[11.56818,58.06056],[11.56462,58.05474],[11.56746,58.05059],[11.58076,58.05749],[11.58733,58.05147],[11.60657,58.05364],[11.62839,58.05139],[11.62455,58.05839],[11.62623,58.06143],[11.66742,58.0566],[11.67634,58.05961],[11.67676,58.06191],[11.66427,58.05974],[11.65586,58.0635],[11.64708,58.0624],[11.64258,58.06698]]],[[[11.77478,57.55204],[11.76872,57.55691],[11.76875,57.5605],[11.77923,57.5604],[11.77478,57.55204]]],[[[11.77232,57.97624],[11.76122,57.97917],[11.76604,57.98227],[11.77663,57.98204],[11.77632,57.97808],[11.77232,57.97624]]],[[[11.76933,58.04367],[11.7609,58.05013],[11.76958,58.04994],[11.77149,58.04657],[11.76933,58.04367]]],[[[11.76657,57.55056],[11.75971,57.55429],[11.76169,57.55749],[11.76777,57.55693],[11.76657,57.55056]]],[[[11.75363,57.59374],[11.74777,57.59822],[11.75274,57.60093],[11.76336,57.59622],[11.75363,57.59374]]],[[[11.76117,57.62393],[11.74068,57.6277],[11.74402,57.63071],[11.75492,57.6297],[11.76232,57.62646],[11.76117,57.62393]]],[[[11.75202,57.61657],[11.74208,57.61769],[11.74154,57.6232],[11.76189,57.62084],[11.75202,57.61657]]],[[[11.76063,57.68605],[11.7521,57.68701],[11.75517,57.68963],[11.76063,57.68605]]],[[[11.75296,57.74871],[11.7499,57.74942],[11.75278,57.75269],[11.75934,57.75075],[11.75296,57.74871]]],[[[11.75071,57.57396],[11.74759,57.57684],[11.75263,57.58044],[11.75728,57.57893],[11.75071,57.57396]]],[[[11.7441,58.07994],[11.7292,58.08743],[11.73078,58.09547],[11.73859,58.09632],[11.74575,58.10142],[11.75149,58.10053],[11.75714,58.09221],[11.75025,58.08135],[11.7441,58.07994]]],[[[11.73792,57.91706],[11.72783,57.91727],[11.72373,57.92031],[11.73663,57.92541],[11.74959,57.9218],[11.73792,57.91706]]],[[[11.7449,57.63607],[11.73239,57.6412],[11.74509,57.63862],[11.7449,57.63607]]],[[[11.73837,57.68884],[11.73529,57.68929],[11.73363,57.69573],[11.74354,57.69398],[11.74174,57.68915],[11.73837,57.68884]]],[[[11.73442,57.93429],[11.71909,57.93859],[11.71973,57.95023],[11.72566,57.94588],[11.73873,57.94355],[11.73947,57.93738],[11.73442,57.93429]]],[[[11.73007,57.50845],[11.72847,57.51258],[11.73741,57.51124],[11.73007,57.50845]]],[[[11.72109,57.80908],[11.71409,57.81166],[11.72463,57.81144],[11.72109,57.80908]]],[[[11.68932,57.9172],[11.6817,57.91826],[11.68478,57.92088],[11.68058,57.92263],[11.66616,57.92294],[11.66485,57.92476],[11.66929,57.9262],[11.70745,57.92795],[11.72289,57.92199],[11.69336,57.9198],[11.68932,57.9172]]],[[[11.7105,57.79586],[11.71129,57.79994],[11.72226,57.79919],[11.7105,57.79586]]],[[[11.70907,58.07057],[11.7118,58.07474],[11.71588,58.0744],[11.70907,58.07057]]],[[[11.71192,58.29909],[11.71284,58.30471],[11.71527,58.30465],[11.71516,58.30005],[11.71192,58.29909]]],[[[11.69515,57.87943],[11.70185,57.88543],[11.71053,57.88576],[11.70636,57.88149],[11.69515,57.87943]]],[[[11.6983,57.80598],[11.69504,57.8072],[11.69767,57.81035],[11.70393,57.8106],[11.70892,57.80678],[11.6983,57.80598]]],[[[11.70335,57.69382],[11.69913,57.69493],[11.70413,57.70004],[11.70749,57.69809],[11.70335,57.69382]]],[[[11.70403,57.70303],[11.70114,57.70591],[11.70455,57.70993],[11.70731,57.70526],[11.70403,57.70303]]],[[[11.70301,57.79833],[11.6954,57.79926],[11.70381,57.80266],[11.70613,57.80159],[11.70301,57.79833]]],[[[11.68773,57.70901],[11.67897,57.71995],[11.67291,57.72213],[11.67049,57.72833],[11.67368,57.73261],[11.66681,57.73686],[11.66771,57.74247],[11.67262,57.74416],[11.67253,57.75594],[11.68158,57.75524],[11.68373,57.7584],[11.68823,57.75766],[11.68673,57.75359],[11.69102,57.75325],[11.6902,57.74225],[11.69843,57.74348],[11.70246,57.73969],[11.69456,57.73652],[11.69317,57.73066],[11.68681,57.72568],[11.69102,57.7179],[11.68773,57.70901]]],[[[11.68741,57.88522],[11.68956,57.89466],[11.6944,57.89506],[11.70182,57.88825],[11.68741,57.88522]]],[[[11.69691,57.74877],[11.69361,57.74948],[11.69253,57.75424],[11.70145,57.75174],[11.69691,57.74877]]],[[[11.6988,57.75475],[11.69373,57.75754],[11.69773,57.75976],[11.6988,57.75475]]],[[[11.67667,57.85715],[11.67275,57.85941],[11.67955,57.86362],[11.67895,57.8685],[11.68617,57.87501],[11.69483,57.87508],[11.69253,57.86693],[11.67667,57.85715]]],[[[11.67948,57.81099],[11.67828,57.81422],[11.69389,57.8176],[11.67948,57.81099]]],[[[11.68913,57.94678],[11.68205,57.94885],[11.69101,57.94943],[11.68913,57.94678]]],[[[11.68146,57.81825],[11.67484,57.82607],[11.6893,57.82679],[11.68735,57.81992],[11.68146,57.81825]]],[[[11.68907,57.68836],[11.67547,57.69518],[11.68369,57.69962],[11.68907,57.68836]]],[[[11.68592,57.70392],[11.67658,57.70707],[11.67669,57.7118],[11.68311,57.71116],[11.68592,57.70392]]],[[[11.68533,57.91536],[11.67771,57.91642],[11.67928,57.91818],[11.68533,57.91536]]],[[[11.67298,58.09861],[11.6722,58.10119],[11.68151,58.09946],[11.67298,58.09861]]],[[[11.68045,57.76577],[11.67557,57.77112],[11.68136,57.77164],[11.68045,57.76577]]],[[[11.66628,57.67757],[11.65713,57.68315],[11.65311,57.68054],[11.64657,57.6826],[11.64494,57.67994],[11.63781,57.68048],[11.63479,57.68169],[11.63485,57.68579],[11.63103,57.68587],[11.63577,57.69192],[11.62834,57.69502],[11.61746,57.69332],[11.61041,57.69846],[11.61743,57.70293],[11.63649,57.70189],[11.64095,57.69744],[11.66651,57.70024],[11.66441,57.69772],[11.66978,57.68941],[11.66599,57.68667],[11.67098,57.68298],[11.66628,57.67757]]],[[[11.66314,57.66087],[11.66179,57.66525],[11.66632,57.66515],[11.66314,57.66087]]],[[[11.66401,57.82233],[11.66042,57.82573],[11.66622,57.82625],[11.66401,57.82233]]],[[[11.64691,57.70039],[11.63238,57.70454],[11.63325,57.7099],[11.62724,57.7195],[11.63629,57.7188],[11.63223,57.72221],[11.63583,57.72572],[11.65153,57.72437],[11.65909,57.70987],[11.66528,57.70948],[11.66535,57.70718],[11.65704,57.70812],[11.65818,57.704],[11.64953,57.70354],[11.64691,57.70039]]],[[[11.64829,57.88285],[11.63835,57.8883],[11.63789,57.8919],[11.62878,57.89887],[11.62968,57.90462],[11.66192,57.90471],[11.66365,57.90199],[11.65861,57.89889],[11.66431,57.898],[11.65949,57.89132],[11.65248,57.89083],[11.6536,57.88645],[11.64829,57.88285]]],[[[11.63857,57.93389],[11.62744,57.93642],[11.63273,57.93964],[11.6633,57.94285],[11.663,57.93875],[11.63857,57.93389]]],[[[11.6572,57.66458],[11.64726,57.67247],[11.65987,57.67489],[11.66264,57.67035],[11.6572,57.66458]]],[[[11.65597,57.92827],[11.6515,57.92977],[11.65576,57.93199],[11.66021,57.93036],[11.65597,57.92827]]],[[[11.65306,57.72562],[11.64564,57.73218],[11.64194,57.74378],[11.6552,57.74171],[11.65883,57.73241],[11.65367,57.73073],[11.65597,57.72607],[11.65306,57.72562]]],[[[11.64961,58.08361],[11.64942,58.08758],[11.65818,58.08829],[11.64961,58.08361]]],[[[11.65283,58.25052],[11.64579,58.25387],[11.64843,58.25663],[11.65658,58.25518],[11.65726,58.25132],[11.65283,58.25052]]],[[[11.65387,58.0889],[11.65004,58.08936],[11.65032,58.0932],[11.65606,58.09231],[11.65387,58.0889]]],[[[11.65367,57.74699],[11.64941,57.74772],[11.64541,57.75856],[11.65395,57.75736],[11.65367,57.74699]]],[[[11.65378,57.77465],[11.64869,57.77719],[11.65547,57.77807],[11.65378,57.77465]]],[[[11.6496,57.92687],[11.63592,57.93061],[11.63993,57.93283],[11.6496,57.92687]]],[[[11.63682,57.85094],[11.62638,57.8527],[11.62607,57.85513],[11.64254,57.85697],[11.6435,57.85362],[11.63682,57.85094]]],[[[11.63491,57.73932],[11.62879,57.74085],[11.6335,57.74626],[11.63922,57.74589],[11.63974,57.73986],[11.63491,57.73932]]],[[[11.62362,57.87427],[11.63269,57.87997],[11.60815,57.87971],[11.60023,57.8832],[11.60235,57.88584],[11.5987,57.88861],[11.5786,57.89004],[11.57448,57.89294],[11.5842,57.89761],[11.58077,57.90011],[11.62406,57.90012],[11.62473,57.89601],[11.6308,57.89358],[11.63183,57.88793],[11.63991,57.8834],[11.63827,57.87742],[11.62595,57.87319],[11.62886,57.87032],[11.61524,57.86804],[11.61754,57.86338],[11.61131,57.86363],[11.59919,57.85543],[11.58366,57.85665],[11.58794,57.85938],[11.58471,57.86123],[11.57812,57.85983],[11.57475,57.8631],[11.55992,57.86404],[11.56722,57.87196],[11.58459,57.87968],[11.6263,57.87805],[11.62362,57.87427]]],[[[11.63637,57.77911],[11.62987,57.78206],[11.63666,57.78308],[11.63637,57.77911]]],[[[11.63087,57.84185],[11.62139,57.84358],[11.63316,57.84692],[11.63087,57.84185]]],[[[11.62093,57.65867],[11.62646,57.6624],[11.63362,57.66225],[11.63337,57.65893],[11.62093,57.65867]]],[[[11.63139,58.10537],[11.62629,58.10829],[11.63075,58.10974],[11.63139,58.10537]]],[[[11.60882,57.76944],[11.60114,57.77254],[11.59957,57.78077],[11.60212,57.78955],[11.60749,57.79085],[11.62678,57.77252],[11.60946,57.7716],[11.60882,57.76944]]],[[[11.61117,58.10668],[11.60728,58.10971],[11.62159,58.11684],[11.62332,58.11399],[11.61117,58.10668]]],[[[11.60987,57.92334],[11.60175,57.92415],[11.60177,57.93106],[11.61642,57.93396],[11.62316,57.93062],[11.62262,57.92653],[11.60987,57.92334]]],[[[11.59396,58.24264],[11.6031,58.24809],[11.60672,58.25441],[11.60051,58.25915],[11.62296,58.26048],[11.61545,58.25091],[11.59396,58.24264]]],[[[11.61983,57.81544],[11.61817,57.81906],[11.62254,57.81974],[11.61983,57.81544]]],[[[11.61233,58.08284],[11.60607,58.08322],[11.61184,58.09167],[11.60038,58.08475],[11.60443,58.09389],[11.6169,58.09901],[11.62061,58.09688],[11.61222,58.092],[11.61869,58.09385],[11.62116,58.09124],[11.61233,58.08284]]],[[[11.61173,57.64362],[11.60957,57.64687],[11.61764,57.64619],[11.61173,57.64362]]],[[[11.61544,57.75483],[11.60452,57.75634],[11.60256,57.76227],[11.61531,57.76636],[11.61544,57.75483]]],[[[11.61625,57.73292],[11.61166,57.7357],[11.61655,57.73714],[11.61625,57.73292]]],[[[11.61484,57.85268],[11.60673,57.85336],[11.60835,57.85588],[11.61484,57.85268]]],[[[11.60496,58.37917],[11.59981,58.38542],[11.60393,58.38841],[11.60103,58.39205],[11.6139,58.38795],[11.61043,58.38059],[11.60496,58.37917]]],[[[11.61308,57.62925],[11.59651,57.63126],[11.59968,57.63542],[11.60779,57.63538],[11.61308,57.62925]]],[[[11.59089,58.08725],[11.58935,58.08933],[11.59282,58.09387],[11.60068,58.0955],[11.5999,58.09142],[11.59089,58.08725]]],[[[11.59015,57.91017],[11.59156,57.91308],[11.59959,57.91433],[11.59015,57.91017]]],[[[11.59035,58.24642],[11.58605,58.24741],[11.59501,58.2503],[11.59035,58.24642]]],[[[11.58131,58.36249],[11.58251,58.36554],[11.57835,58.37202],[11.58322,58.3919],[11.5856,58.39441],[11.59474,58.39269],[11.59372,58.37888],[11.58861,58.37566],[11.59146,58.37125],[11.58839,58.36593],[11.58131,58.36249]]],[[[11.57503,58.08194],[11.56025,58.08812],[11.57203,58.10069],[11.58723,58.10346],[11.58506,58.09351],[11.58794,58.08987],[11.57503,58.08194]]],[[[11.5742,57.88219],[11.55825,57.88789],[11.55796,57.89046],[11.5849,57.88735],[11.58483,57.883],[11.5742,57.88219]]],[[[11.57709,58.25105],[11.57495,58.25506],[11.57934,58.25535],[11.58102,58.25161],[11.57709,58.25105]]],[[[11.5689,57.92929],[11.55796,57.93451],[11.56177,57.93725],[11.5788,57.93306],[11.5689,57.92929]]],[[[11.56781,58.06889],[11.55826,58.07049],[11.56093,58.07403],[11.57622,58.07833],[11.56781,58.06889]]],[[[11.5609,57.87106],[11.55401,57.8721],[11.56475,57.87777],[11.5673,57.87311],[11.5609,57.87106]]],[[[11.56001,57.95316],[11.55413,57.95508],[11.5643,57.9559],[11.56001,57.95316]]],[[[11.55708,57.85782],[11.55065,57.85859],[11.55063,57.86167],[11.55729,57.86077],[11.55708,57.85782]]],[[[11.54123,58.21834],[11.54053,58.2222],[11.55123,58.2225],[11.54123,58.21834]]],[[[11.47312,58.2056],[11.48382,58.2164],[11.48526,58.22995],[11.51696,58.23893],[11.52759,58.23808],[11.53174,58.24184],[11.53571,58.23625],[11.54219,58.23856],[11.55079,58.23326],[11.54832,58.22922],[11.52655,58.2235],[11.52672,58.21902],[11.53367,58.2144],[11.5089,58.21412],[11.51245,58.20944],[11.51871,58.2088],[11.51563,58.2063],[11.48138,58.20915],[11.48967,58.20749],[11.48213,58.20261],[11.48702,58.19969],[11.48527,58.19537],[11.4753,58.1916],[11.47222,58.19255],[11.47085,58.20078],[11.47312,58.2056]]],[[[11.5149,58.05868],[11.49927,58.06321],[11.50018,58.06934],[11.49733,58.07004],[11.49604,58.08274],[11.50312,58.09745],[11.50709,58.09891],[11.54608,58.08277],[11.54731,58.07968],[11.54231,58.07389],[11.53517,58.07211],[11.53742,58.0663],[11.53384,58.06356],[11.5149,58.05868]]],[[[11.5456,57.85178],[11.54298,57.85542],[11.54683,57.8556],[11.5456,57.85178]]],[[[11.54386,57.94273],[11.53723,57.9444],[11.53791,57.94721],[11.54394,57.94734],[11.54386,57.94273]]],[[[11.53457,58.00899],[11.53586,58.01358],[11.54062,58.01271],[11.53457,58.00899]]],[[[11.53007,57.95889],[11.5272,57.9592],[11.53137,57.96373],[11.53584,57.96329],[11.53007,57.95889]]],[[[11.53098,57.99242],[11.5253,57.99381],[11.52566,57.99893],[11.53384,57.99876],[11.53098,57.99242]]],[[[11.51647,57.97119],[11.5189,57.97832],[11.5299,57.97707],[11.51647,57.97119]]],[[[11.52368,58.00511],[11.51858,58.00803],[11.52113,58.01003],[11.52625,58.00736],[11.52368,58.00511]]],[[[11.5134,57.96165],[11.51474,57.96713],[11.51948,57.96601],[11.52021,57.96267],[11.5134,57.96165]]],[[[11.49923,58.23531],[11.49492,58.23616],[11.49391,58.24258],[11.51372,58.24117],[11.49923,58.23531]]],[[[11.48237,58.0008],[11.47582,58.00375],[11.4753,58.01016],[11.48236,58.02155],[11.48735,58.02042],[11.48575,58.02865],[11.50269,58.02921],[11.5102,58.02612],[11.51278,58.02172],[11.51121,58.00613],[11.5075,58.00825],[11.50789,58.01387],[11.49174,58.01752],[11.48518,58.00997],[11.48712,58.0066],[11.48237,58.0008]]],[[[11.50301,58.05456],[11.50492,58.06105],[11.50893,58.05969],[11.50301,58.05456]]],[[[11.50659,58.02978],[11.5,58.03221],[11.50493,58.03365],[11.50659,58.02978]]],[[[11.5013,58.00248],[11.49808,58.00818],[11.50392,58.00883],[11.5013,58.00248]]],[[[11.48943,58.26397],[11.48932,58.26021],[11.50243,58.26009],[11.50108,58.25473],[11.49667,58.25418],[11.49717,58.25097],[11.48627,58.23748],[11.48068,58.23746],[11.47626,58.23319],[11.47889,58.23263],[11.4785,58.227],[11.47453,58.2153],[11.47832,58.2149],[11.46979,58.20643],[11.45239,58.20036],[11.44306,58.20221],[11.44067,58.19931],[11.43615,58.20055],[11.43449,58.20468],[11.42816,58.20428],[11.41887,58.19614],[11.42315,58.19478],[11.42834,58.1998],[11.43475,58.1943],[11.42903,58.1921],[11.40533,58.19665],[11.41244,58.21572],[11.41691,58.21717],[11.41497,58.2208],[11.41826,58.22637],[11.43027,58.2351],[11.42694,58.23619],[11.427,58.24054],[11.43795,58.24802],[11.46155,58.24859],[11.46721,58.25667],[11.47451,58.25692],[11.48895,58.26423],[11.48683,58.26628],[11.48992,58.26878],[11.49732,58.2703],[11.503,58.26468],[11.48943,58.26397]]],[[[11.4952,58.03256],[11.4914,58.03699],[11.49241,58.04107],[11.49814,58.04019],[11.4992,58.03453],[11.4952,58.03256]]],[[[11.47668,58.03702],[11.46726,58.04053],[11.47961,58.04106],[11.47668,58.03702]]],[[[11.46114,58.05679],[11.4535,58.05821],[11.45539,58.06099],[11.45297,58.0645],[11.44636,58.0668],[11.4536,58.07371],[11.45683,58.07147],[11.46516,58.0731],[11.47146,58.0699],[11.46662,58.06628],[11.47471,58.06446],[11.475,58.06164],[11.46114,58.05679]]],[[[11.45343,58.0924],[11.4457,58.09601],[11.44569,58.09934],[11.45213,58.10165],[11.46639,58.09792],[11.45343,58.0924]]],[[[11.44138,58.36139],[11.42758,58.36627],[11.43711,58.37018],[11.44289,58.36918],[11.44052,58.36653],[11.44441,58.36287],[11.44138,58.36139]]],[[[11.43961,58.1024],[11.43401,58.10545],[11.43944,58.10701],[11.43961,58.1024]]],[[[11.43648,58.08492],[11.42835,58.08623],[11.42812,58.08994],[11.43774,58.08925],[11.43648,58.08492]]],[[[11.43135,58.06632],[11.42413,58.06672],[11.43072,58.07133],[11.43431,58.06729],[11.43135,58.06632]]],[[[11.42475,58.10435],[11.42342,58.10975],[11.42683,58.11366],[11.43017,58.11295],[11.43284,58.10957],[11.42475,58.10435]]],[[[11.42352,58.18606],[11.42332,58.19016],[11.42764,58.18957],[11.42741,58.18624],[11.42352,58.18606]]],[[[11.40846,58.11388],[11.40556,58.1211],[11.42044,58.12287],[11.41733,58.11627],[11.40846,58.11388]]],[[[11.39286,58.22761],[11.38012,58.2331],[11.37638,58.24252],[11.38528,58.24491],[11.40675,58.23913],[11.41384,58.24348],[11.41692,58.24227],[11.40506,58.22854],[11.40003,58.2367],[11.39286,58.22761]]],[[[11.4117,58.18334],[11.41067,58.18716],[11.41506,58.18648],[11.4117,58.18334]]],[[[11.40895,58.25727],[11.39767,58.25928],[11.41462,58.26203],[11.41479,58.25742],[11.40895,58.25727]]],[[[11.40996,58.29362],[11.40448,58.29526],[11.40406,58.29987],[11.41201,58.2987],[11.41414,58.29431],[11.40996,58.29362]]],[[[11.367,58.13808],[11.3559,58.13867],[11.35283,58.13617],[11.34749,58.1396],[11.35285,58.14744],[11.36181,58.15111],[11.3593,58.15346],[11.36541,58.15796],[11.37301,58.15936],[11.37579,58.16827],[11.38432,58.17272],[11.38743,58.1829],[11.39663,58.18273],[11.39727,58.18502],[11.40735,58.17997],[11.40325,58.17313],[11.39795,58.17349],[11.39458,58.15946],[11.38786,58.15677],[11.39204,58.15055],[11.39066,58.14443],[11.37371,58.14436],[11.37435,58.13936],[11.367,58.13808]]],[[[11.40456,58.24263],[11.39786,58.24417],[11.39802,58.24647],[11.40242,58.2469],[11.40456,58.24263]]],[[[11.40371,58.21576],[11.39596,58.21962],[11.4007,58.22145],[11.40371,58.21576]]],[[[11.38686,58.28995],[11.36238,58.30219],[11.36094,58.30964],[11.37395,58.30786],[11.37227,58.30456],[11.38456,58.30399],[11.38959,58.2981],[11.38686,58.28995]]],[[[11.38304,58.22601],[11.37797,58.22994],[11.38145,58.23116],[11.38751,58.22746],[11.38304,58.22601]]],[[[11.38665,58.30852],[11.38038,58.30941],[11.3749,58.31476],[11.38369,58.31524],[11.38665,58.30852]]],[[[11.38112,58.3204],[11.37604,58.32447],[11.38528,58.3243],[11.38609,58.32198],[11.38112,58.3204]]],[[[11.37283,58.23298],[11.368,58.23333],[11.36868,58.23626],[11.3735,58.23566],[11.37283,58.23298]]],[[[11.36236,58.10462],[11.35658,58.10751],[11.36048,58.11273],[11.37337,58.11018],[11.36236,58.10462]]],[[[11.3665,58.13054],[11.36533,58.13491],[11.3687,58.1346],[11.3665,58.13054]]],[[[11.36278,58.24251],[11.36403,58.24659],[11.3685,58.24446],[11.36278,58.24251]]],[[[11.35373,58.11311],[11.34991,58.11395],[11.35247,58.1308],[11.35819,58.12941],[11.36124,58.12065],[11.35373,58.11311]]],[[[11.35246,58.10852],[11.34631,58.11068],[11.35466,58.11258],[11.35246,58.10852]]],[[[11.32365,58.3198],[11.32531,58.32284],[11.31721,58.32542],[11.31943,58.32961],[11.31675,58.33708],[11.31157,58.33973],[11.31775,58.34858],[11.30838,58.35055],[11.31882,58.35753],[11.34169,58.35711],[11.34439,58.34631],[11.35041,58.34901],[11.35139,58.34541],[11.34797,58.34163],[11.34273,58.34326],[11.33839,58.32926],[11.32846,58.32637],[11.33052,58.32428],[11.32365,58.3198]]],[[[11.3459,58.10442],[11.34186,58.10923],[11.34668,58.10888],[11.3459,58.10442]]],[[[11.31803,58.36036],[11.32183,58.36618],[11.33661,58.3613],[11.32234,58.36284],[11.31803,58.36036]]],[[[11.33239,58.0902],[11.32643,58.09517],[11.33488,58.09502],[11.33239,58.0902]]],[[[11.33306,58.29274],[11.32568,58.29518],[11.33002,58.29817],[11.33306,58.29274]]],[[[11.31159,58.36611],[11.30383,58.36676],[11.30791,58.3695],[11.31159,58.36611]]],[[[11.30615,58.4694],[11.30298,58.4733],[11.3106,58.47393],[11.30615,58.4694]]],[[[11.30561,58.47607],[11.29781,58.47646],[11.29748,58.47878],[11.30288,58.47919],[11.30561,58.47607]]],[[[11.28975,58.57033],[11.28546,58.5722],[11.29336,58.57308],[11.28975,58.57033]]],[[[11.28866,58.44846],[11.28502,58.45262],[11.2913,58.45149],[11.28866,58.44846]]],[[[11.27688,58.43996],[11.27337,58.44233],[11.2763,58.44612],[11.27968,58.44555],[11.27688,58.43996]]],[[[11.2731,58.4723],[11.27341,58.47703],[11.27778,58.47657],[11.27781,58.47324],[11.2731,58.4723]]],[[[11.26587,58.60288],[11.2636,58.60561],[11.26504,58.61276],[11.27204,58.61468],[11.27723,58.61152],[11.27716,58.60665],[11.27059,58.60754],[11.26587,58.60288]]],[[[11.27716,58.58028],[11.25214,58.58764],[11.27018,58.58604],[11.27716,58.58028]]],[[[11.2735,58.33465],[11.27086,58.33893],[11.27624,58.33934],[11.2735,58.33465]]],[[[11.27078,58.57258],[11.26823,58.57865],[11.27609,58.57518],[11.27078,58.57258]]],[[[11.25974,58.50019],[11.26,58.50415],[11.26341,58.50396],[11.26177,58.50886],[11.25308,58.5108],[11.2563,58.5151],[11.26288,58.51089],[11.27185,58.51354],[11.27264,58.51058],[11.25974,58.50019]]],[[[11.25459,58.33589],[11.25499,58.34202],[11.25088,58.34645],[11.25301,58.34923],[11.27107,58.34609],[11.26433,58.3434],[11.26558,58.34017],[11.25975,58.3404],[11.25459,58.33589]]],[[[11.26639,58.57292],[11.25436,58.57646],[11.2537,58.58146],[11.26595,58.58125],[11.26639,58.57292]]],[[[11.25936,58.59314],[11.25056,58.59355],[11.23795,58.59966],[11.24138,58.60344],[11.25318,58.60388],[11.26674,58.59736],[11.25936,58.59314]]],[[[11.2647,58.44812],[11.25449,58.44881],[11.25464,58.45111],[11.2647,58.44812]]],[[[11.24791,58.51409],[11.24336,58.51942],[11.25296,58.52412],[11.25555,58.52254],[11.25394,58.51655],[11.24791,58.51409]]],[[[11.25539,58.56965],[11.2495,58.57334],[11.25544,58.57426],[11.25539,58.56965]]],[[[11.24885,58.62047],[11.24715,58.62459],[11.2397,58.62319],[11.24044,58.62702],[11.22757,58.63313],[11.24039,58.63393],[11.24726,58.64162],[11.2541,58.64099],[11.25218,58.63398],[11.25448,58.62395],[11.24885,58.62047]]],[[[11.2297,58.64346],[11.21922,58.64864],[11.21191,58.65721],[11.22871,58.6664],[11.2366,58.66677],[11.23635,58.67062],[11.24954,58.66936],[11.25356,58.65931],[11.23712,58.65575],[11.2371,58.65166],[11.2297,58.64346]]],[[[11.25011,58.58665],[11.24611,58.58928],[11.25158,58.59046],[11.25011,58.58665]]],[[[11.24834,58.60486],[11.24275,58.60956],[11.24672,58.61026],[11.24834,58.60486]]],[[[11.24119,58.52381],[11.23084,58.52655],[11.23134,58.53051],[11.22644,58.53431],[11.23032,58.53757],[11.23413,58.53597],[11.23309,58.54265],[11.23937,58.54126],[11.24742,58.52934],[11.24119,58.52381]]],[[[11.2411,58.61446],[11.23989,58.61858],[11.24506,58.61874],[11.2411,58.61446]]],[[[11.24191,58.58871],[11.2331,58.59667],[11.23715,58.59865],[11.24342,58.59316],[11.24191,58.58871]]],[[[11.24135,58.32664],[11.23308,58.32679],[11.24304,58.3302],[11.24135,58.32664]]],[[[11.23149,58.56367],[11.22902,58.57114],[11.23217,58.57441],[11.2253,58.57428],[11.22159,58.57767],[11.22569,58.58041],[11.23951,58.57044],[11.23847,58.5656],[11.23322,58.56774],[11.23149,58.56367]]],[[[11.23184,58.33014],[11.23503,58.33444],[11.2385,58.33156],[11.23184,58.33014]]],[[[11.23511,58.67435],[11.22707,58.67539],[11.23209,58.6808],[11.23511,58.67435]]],[[[11.23052,58.61016],[11.22207,58.61223],[11.22012,58.61636],[11.22715,58.6188],[11.22632,58.61343],[11.23097,58.61335],[11.23052,58.61016]]],[[[11.22169,58.62555],[11.22389,58.62935],[11.23086,58.63077],[11.22958,58.62618],[11.22169,58.62555]]],[[[11.2225,58.58431],[11.22389,58.59069],[11.21814,58.59284],[11.2241,58.59401],[11.22887,58.58804],[11.2225,58.58431]]],[[[11.21568,58.61592],[11.21288,58.61828],[11.22693,58.62315],[11.22823,58.62031],[11.2226,58.62067],[11.21568,58.61592]]],[[[11.22166,58.8414],[11.21892,58.84477],[11.2249,58.84569],[11.22569,58.84261],[11.22166,58.8414]]],[[[11.21576,58.32991],[11.20841,58.33311],[11.22199,58.34388],[11.22324,58.33669],[11.21576,58.32991]]],[[[11.21619,58.57751],[11.20841,58.57854],[11.20481,58.58359],[11.20979,58.58479],[11.21436,58.57959],[11.21808,58.58029],[11.21365,58.58779],[11.21932,58.58821],[11.22177,58.58048],[11.21619,58.57751]]],[[[11.20387,58.66221],[11.20095,58.66265],[11.2005,58.67892],[11.20564,58.68254],[11.21621,58.67865],[11.21776,58.66812],[11.20387,58.66221]]],[[[11.21833,58.68872],[11.21175,58.69357],[11.21619,58.69375],[11.21833,58.68872]]],[[[11.21039,58.69539],[11.20565,58.70213],[11.21275,58.70149],[11.21473,58.69787],[11.21039,58.69539]]],[[[11.2127,58.62314],[11.20588,58.62403],[11.21098,58.62701],[11.2127,58.62314]]],[[[11.20857,58.57328],[11.20338,58.57645],[11.20881,58.57712],[11.20857,58.57328]]],[[[11.2064,58.33609],[11.20155,58.3363],[11.20172,58.33911],[11.20808,58.33951],[11.2064,58.33609]]],[[[11.20438,58.79484],[11.20042,58.79849],[11.20784,58.79888],[11.20438,58.79484]]],[[[11.20385,58.68526],[11.19833,58.6874],[11.19875,58.69021],[11.20483,58.68908],[11.20385,58.68526]]],[[[11.19678,58.35366],[11.1908,58.35543],[11.19527,58.3606],[11.20018,58.35732],[11.19678,58.35366]]],[[[11.19906,58.75755],[11.18045,58.76324],[11.18193,58.76731],[11.19357,58.76814],[11.19906,58.75755]]],[[[11.19822,58.60368],[11.19202,58.60647],[11.19318,58.60939],[11.19707,58.60882],[11.19822,58.60368]]],[[[11.19139,58.69046],[11.19413,58.6949],[11.19781,58.69484],[11.19762,58.69177],[11.19139,58.69046]]],[[[11.17661,58.85548],[11.17184,58.85825],[11.17425,58.86115],[11.1533,58.86611],[11.19694,58.86435],[11.18558,58.85674],[11.17661,58.85548]]],[[[11.19583,58.68284],[11.19098,58.68394],[11.19119,58.68727],[11.1951,58.68694],[11.19583,58.68284]]],[[[11.19152,58.55924],[11.18572,58.56062],[11.18561,58.56664],[11.19236,58.56486],[11.19452,58.56021],[11.19152,58.55924]]],[[[11.11963,58.86923],[11.11625,58.8785],[11.14518,58.8747],[11.14027,58.87913],[11.14225,58.88319],[11.12435,58.8817],[11.11945,58.89048],[11.14393,58.8943],[11.16693,58.88637],[11.16072,58.8939],[11.16921,58.89516],[11.1781,58.89488],[11.1779,58.89181],[11.18885,58.88113],[11.18829,58.87615],[11.19288,58.87057],[11.18412,58.86495],[11.14648,58.8716],[11.14147,58.87066],[11.14073,58.86658],[11.12181,58.86433],[11.11963,58.86923]]],[[[11.18374,58.41854],[11.18227,58.42625],[11.18823,58.42794],[11.18949,58.42459],[11.18426,58.42288],[11.18374,58.41854]]],[[[11.18517,58.58316],[11.18087,58.58502],[11.1822,58.5879],[11.18692,58.58774],[11.18838,58.58362],[11.18517,58.58316]]],[[[11.18619,58.88988],[11.18256,58.89506],[11.18747,58.89447],[11.18619,58.88988]]],[[[11.18258,58.65963],[11.1767,58.65999],[11.17692,58.66344],[11.18282,58.6636],[11.18258,58.65963]]],[[[11.17916,58.77017],[11.17311,58.77591],[11.17806,58.77634],[11.17916,58.77017]]],[[[11.17791,58.81321],[11.17321,58.817],[11.17864,58.81704],[11.17791,58.81321]]],[[[11.15772,58.75837],[11.15693,58.76146],[11.14211,58.76887],[11.13078,58.76509],[11.13754,58.77881],[11.13866,58.78493],[11.13563,58.7878],[11.13921,58.79389],[11.16044,58.7943],[11.15936,58.78472],[11.15641,58.7849],[11.15517,58.78082],[11.1437,58.78677],[11.14129,58.78361],[11.15113,58.77935],[11.15029,58.77373],[11.162,58.77174],[11.15844,58.76207],[11.16438,58.76249],[11.16525,58.76849],[11.17412,58.76847],[11.17717,58.76201],[11.17585,58.75666],[11.15772,58.75837]]],[[[11.17407,58.60191],[11.17143,58.60669],[11.17654,58.60609],[11.17407,58.60191]]],[[[11.17036,58.73985],[11.16202,58.74435],[11.16156,58.74871],[11.1684,58.74782],[11.16879,58.75012],[11.16158,58.75306],[11.16644,58.75592],[11.17616,58.75384],[11.16811,58.74322],[11.17036,58.73985]]],[[[11.17585,58.99286],[11.16754,58.99492],[11.17412,58.99685],[11.17585,58.99286]]],[[[11.16991,58.77993],[11.16401,58.78029],[11.16152,58.78379],[11.16392,58.78682],[11.17027,58.78569],[11.17316,58.78077],[11.16991,58.77993]]],[[[11.15723,58.77438],[11.15558,58.77953],[11.1631,58.77761],[11.15723,58.77438]]],[[[11.15594,58.80129],[11.15342,58.80824],[11.15978,58.80737],[11.15992,58.80173],[11.15594,58.80129]]],[[[11.15635,58.91906],[11.14805,58.92086],[11.14922,58.92379],[11.15383,58.92627],[11.15635,58.91906]]],[[[11.14976,59.05973],[11.15144,59.06278],[11.15591,59.0627],[11.15625,59.06026],[11.14976,59.05973]]],[[[11.14693,58.93471],[11.14177,58.93543],[11.14265,58.93759],[11.15101,58.93669],[11.14693,58.93471]]],[[[11.14822,58.66034],[11.14338,58.66144],[11.14357,58.66451],[11.15052,58.66568],[11.14822,58.66034]]],[[[11.15026,58.79716],[11.13972,58.8022],[11.13753,58.80672],[11.14392,58.80635],[11.15026,58.79716]]],[[[11.14591,58.71863],[11.13909,58.71989],[11.13531,58.72239],[11.13644,58.7248],[11.14637,58.72617],[11.14939,58.72331],[11.14591,58.71863]]],[[[11.13965,58.72897],[11.13707,58.73503],[11.13108,58.73372],[11.12539,58.73727],[11.1407,58.73805],[11.14577,58.73233],[11.13965,58.72897]]],[[[11.12937,58.97929],[11.12814,58.98354],[11.13415,58.98446],[11.12937,58.97929]]],[[[11.13293,58.93263],[11.11009,58.94389],[11.10637,58.94779],[11.10908,58.95159],[11.10309,58.95501],[11.09947,58.9648],[11.10738,58.96442],[11.11347,58.95869],[11.13293,58.93263]]],[[[11.1167,58.89411],[11.10779,58.8981],[11.11622,58.90231],[11.12196,58.89915],[11.1167,58.89411]]],[[[11.11957,58.88434],[11.11278,58.8865],[11.11633,58.88797],[11.11957,58.88434]]],[[[11.11171,58.90136],[11.09981,58.90924],[11.11276,58.91056],[11.11752,58.90741],[11.11171,58.90136]]],[[[11.11088,58.93658],[11.10261,58.93889],[11.10278,58.94171],[11.11113,58.94055],[11.11392,58.93768],[11.11088,58.93658]]],[[[11.10376,58.90098],[11.0985,58.90388],[11.10309,58.90611],[11.10376,58.90098]]],[[[11.09212,58.97849],[11.10058,58.98296],[11.1011,58.97937],[11.09212,58.97849]]],[[[11.09282,58.94904],[11.08553,58.95146],[11.08831,58.96063],[11.0985,58.95688],[11.09792,58.95151],[11.09282,58.94904]]],[[[11.07614,58.96006],[11.07318,58.96446],[11.08017,58.96947],[11.08271,58.96635],[11.07614,58.96006]]],[[[11.06598,58.82324],[11.05884,58.82361],[11.06091,58.82947],[11.07572,58.83768],[11.08108,58.83632],[11.07974,58.83058],[11.07432,58.83079],[11.0736,58.82696],[11.06867,58.82704],[11.06598,58.82324]]],[[[11.075,58.85856],[11.07181,58.86309],[11.07777,58.86351],[11.075,58.85856]]],[[[11.06398,58.57338],[11.0641,58.58388],[11.07436,58.5832],[11.07312,58.57887],[11.06398,58.57338]]],[[[11.06216,58.58417],[11.05912,58.59087],[11.06541,58.58949],[11.0662,58.58615],[11.06216,58.58417]]],[[[11.04748,58.86118],[11.04224,58.86459],[11.02598,58.86535],[11.03054,58.86733],[11.031,58.87091],[11.00712,58.87691],[11.00796,58.88279],[10.99855,58.88268],[10.99998,58.88599],[11.03095,58.89958],[11.05493,58.89511],[11.04865,58.88932],[11.05192,58.8862],[11.04376,58.88607],[11.04277,58.88199],[11.061,58.87248],[11.06225,58.86862],[11.05476,58.86733],[11.04748,58.86118]]],[[[11.05186,58.84331],[11.04721,58.84403],[11.04973,58.84911],[11.05599,58.85054],[11.05664,58.8449],[11.05186,58.84331]]],[[[11.03464,58.84461],[11.02598,58.84846],[11.02759,58.85074],[11.04541,58.85122],[11.03464,58.84461]]],[[[11.03689,58.82396],[11.03997,58.83441],[11.04381,58.83256],[11.04422,58.82692],[11.03689,58.82396]]],[[[11.02198,58.90702],[11.0121,58.91575],[11.01656,58.91594],[11.02335,58.91054],[11.02198,58.90702]]],[[[10.99343,58.88391],[10.98222,58.88677],[10.99909,58.89624],[10.98839,58.89948],[10.98447,58.90876],[10.99138,58.90839],[10.98882,58.91125],[10.9907,58.91378],[11.00248,58.91206],[11.00718,58.90776],[11.01711,58.90825],[11.01869,58.90157],[11.02183,58.90024],[11.01987,58.8963],[11.00704,58.89253],[10.99343,58.88391]]],[[[11.01121,58.84088],[11.00989,58.84359],[11.01372,58.84583],[11.01852,58.84345],[11.01121,58.84088]]],[[[10.99643,58.85865],[10.9943,58.8647],[11.0007,58.86421],[10.9991,58.87064],[11.00406,58.87107],[11.00724,58.86616],[10.99643,58.85865]]],[[[10.98679,58.84574],[10.98765,58.85212],[10.99128,58.85501],[10.99809,58.85324],[10.99589,58.84931],[10.98679,58.84574]]],[[[10.99284,58.83067],[10.98847,58.83189],[10.98862,58.83444],[10.99306,58.83438],[10.99564,58.83203],[10.99284,58.83067]]],[[[10.98776,58.87977],[10.9865,58.88376],[10.9953,58.88196],[10.98776,58.87977]]],[[[10.98914,58.86951],[10.98376,58.87036],[10.9881,58.87721],[10.99159,58.87331],[10.98914,58.86951]]],[[[10.96808,58.88161],[10.96562,58.88626],[10.97106,58.88617],[10.96808,58.88161]]]]}}]}