{"type":"FeatureCollection","features":[{"type":"Feature","properties":{"ISO_A3":"THA","WB_A3":"THA","WB_NAME":"Thailand","WB_REGION":"EAS"},"geometry":{"type":"MultiPolygon","coordinates":[[[[105.02156,16.17065],[105.03589,16.13437],[105.04046,16.10965],[105.04631,16.10237],[105.08172,16.08645],[105.08502,16.08545],[105.09063,16.09075],[105.10142,16.0906],[105.11943,16.07715],[105.13305,16.07961],[105.21328,16.0491],[105.29959,16.03916],[105.31131,16.03],[105.34911,16.02954],[105.36535,16.02073],[105.40614,16.01664],[105.41727,16.01242],[105.42375,16.00595],[105.42575,15.99447],[105.4233,15.98881],[105.41628,15.98572],[105.39441,15.99165],[105.37775,15.98419],[105.37332,15.97343],[105.36714,15.96875],[105.36135,15.9532],[105.34958,15.94258],[105.34255,15.92156],[105.34343,15.91282],[105.35233,15.90614],[105.37298,15.85769],[105.38606,15.83666],[105.39056,15.80865],[105.40047,15.79556],[105.41236,15.79407],[105.42077,15.78785],[105.41891,15.7788],[105.42188,15.77124],[105.43499,15.75457],[105.46634,15.74578],[105.49497,15.76567],[105.50542,15.76723],[105.51155,15.76392],[105.5139,15.75863],[105.52248,15.75653],[105.53219,15.74888],[105.55388,15.74909],[105.56323,15.737],[105.59252,15.72662],[105.60177,15.71918],[105.61096,15.6911],[105.62599,15.67683],[105.63592,15.65808],[105.63655,15.63337],[105.62856,15.60625],[105.62422,15.56234],[105.60818,15.54583],[105.59271,15.50847],[105.6027,15.47737],[105.59537,15.43607],[105.58739,15.41845],[105.57373,15.4048],[105.55266,15.3962],[105.54121,15.39231],[105.52136,15.3932],[105.49198,15.3851],[105.47523,15.36862],[105.46776,15.35118],[105.47344,15.33527],[105.48837,15.32824],[105.49497,15.32167],[105.50138,15.32068],[105.50388,15.31556],[105.5182,15.32162],[105.53932,15.32422],[105.5583,15.32222],[105.57424,15.32837],[105.57859,15.31848],[105.58434,15.31451],[105.58299,15.30037],[105.59074,15.27993],[105.59036,15.27083],[105.58228,15.26016],[105.57388,15.25888],[105.56836,15.26383],[105.56048,15.26248],[105.55504,15.2571],[105.55443,15.25175],[105.54631,15.25416],[105.53962,15.2518],[105.52742,15.24187],[105.51598,15.21905],[105.49344,15.20507],[105.49086,15.19815],[105.49291,15.19426],[105.48013,15.186],[105.474,15.17698],[105.47773,15.16814],[105.47116,15.16527],[105.46926,15.1592],[105.48541,15.151],[105.4765,15.13781],[105.46965,15.13555],[105.46704,15.12874],[105.47722,15.1155],[105.48368,15.11275],[105.48338,15.09677],[105.51493,15.08473],[105.5137,15.06366],[105.53713,15.06371],[105.53932,15.06854],[105.55473,15.06224],[105.55076,15.0464],[105.54132,15.03717],[105.54819,15.03616],[105.5552,15.02908],[105.56292,15.03026],[105.5662,15.02328],[105.5717,15.02151],[105.5749,14.99831],[105.60331,14.99421],[105.62372,14.97502],[105.60712,14.97122],[105.60564,14.96605],[105.59605,14.96408],[105.59463,14.96004],[105.59082,14.95974],[105.58632,14.94568],[105.58167,14.9426],[105.56981,14.94961],[105.56749,14.95528],[105.55437,14.95374],[105.55074,14.94747],[105.55272,14.94035],[105.54584,14.92608],[105.55879,14.92395],[105.56389,14.91138],[105.57675,14.89657],[105.58053,14.88079],[105.5494,14.87492],[105.54284,14.86338],[105.55217,14.84517],[105.56019,14.84],[105.54276,14.83026],[105.5381,14.82032],[105.52192,14.82463],[105.51127,14.79887],[105.52018,14.79525],[105.51573,14.79244],[105.52571,14.78345],[105.51429,14.77314],[105.51274,14.76541],[105.51714,14.76381],[105.51717,14.76085],[105.51318,14.75296],[105.53336,14.73907],[105.54354,14.73955],[105.54675,14.73127],[105.52145,14.72875],[105.51995,14.72571],[105.52336,14.72403],[105.52038,14.71483],[105.52506,14.70888],[105.52419,14.7023],[105.51633,14.69488],[105.52672,14.68087],[105.51853,14.67078],[105.51804,14.65118],[105.5277,14.64776],[105.53056,14.64214],[105.52498,14.63242],[105.53059,14.62268],[105.5408,14.62188],[105.54226,14.61938],[105.53112,14.60998],[105.5282,14.59703],[105.53601,14.59218],[105.53964,14.58304],[105.52832,14.57147],[105.53502,14.55885],[105.53371,14.55353],[105.52459,14.55186],[105.5264,14.5376],[105.51631,14.53813],[105.50692,14.52276],[105.50138,14.52188],[105.5006,14.51431],[105.48285,14.50558],[105.48296,14.50102],[105.48608,14.49965],[105.48119,14.49518],[105.47133,14.47249],[105.46037,14.46665],[105.45706,14.45534],[105.4396,14.43939],[105.4381,14.43636],[105.44192,14.4294],[105.43047,14.42646],[105.43229,14.42382],[105.42944,14.41619],[105.42356,14.41726],[105.42306,14.4212],[105.41383,14.4282],[105.40657,14.42837],[105.40275,14.41114],[105.3887,14.40769],[105.38713,14.39678],[105.38171,14.40161],[105.37385,14.39957],[105.35927,14.38671],[105.34853,14.38855],[105.34172,14.38458],[105.32652,14.39711],[105.3205,14.39714],[105.3084,14.37891],[105.30469,14.37811],[105.30029,14.36633],[105.29201,14.36912],[105.28271,14.36349],[105.28307,14.35571],[105.27852,14.35386],[105.26448,14.3606],[105.24812,14.35966],[105.24164,14.34982],[105.23799,14.35251],[105.23469,14.35103],[105.23421,14.33804],[105.22863,14.33368],[105.21666,14.33512],[105.21191,14.34099],[105.19748,14.34841],[105.18653,14.34137],[105.17542,14.34513],[105.16595,14.32853],[105.17774,14.31701],[105.17112,14.30317],[105.16078,14.29986],[105.16021,14.28864],[105.1519,14.28645],[105.1503,14.27555],[105.15397,14.26969],[105.14318,14.2619],[105.15578,14.25849],[105.14459,14.2397],[105.1282,14.2253],[105.11032,14.21803],[105.10758,14.21344],[105.0936,14.21558],[105.08124,14.20989],[105.07806,14.21279],[105.05107,14.21456],[105.04466,14.22723],[105.02138,14.24182],[105.02228,14.25637],[105.0162,14.27701],[105.00405,14.29342],[105.00203,14.30473],[104.99019,14.31136],[104.98365,14.31939],[104.99004,14.32121],[104.9934,14.32833],[104.99264,14.3443],[105.00263,14.36278],[104.99352,14.37864],[104.96886,14.39078],[104.96496,14.388],[104.95972,14.39135],[104.95587,14.38154],[104.94307,14.38359],[104.92406,14.40119],[104.90772,14.39915],[104.90214,14.40087],[104.89898,14.40681],[104.87918,14.41145],[104.86849,14.41803],[104.86305,14.41002],[104.85839,14.40945],[104.8571,14.4128],[104.85007,14.40511],[104.8411,14.40347],[104.84012,14.41355],[104.82775,14.41928],[104.82039,14.41787],[104.81615,14.42922],[104.80554,14.43755],[104.78825,14.43297],[104.77597,14.42426],[104.76538,14.42292],[104.75241,14.40399],[104.74847,14.40962],[104.73994,14.41351],[104.73238,14.41223],[104.72321,14.40294],[104.72059,14.40853],[104.725,14.41723],[104.72492,14.42621],[104.7178,14.43199],[104.70626,14.43231],[104.69515,14.42095],[104.68457,14.39721],[104.67931,14.39874],[104.67932,14.39088],[104.67127,14.39924],[104.65979,14.40022],[104.65378,14.40597],[104.65565,14.41502],[104.65184,14.42221],[104.64304,14.4233],[104.63075,14.41199],[104.62852,14.40576],[104.61399,14.39678],[104.60445,14.39651],[104.59759,14.39073],[104.58041,14.37317],[104.57799,14.36716],[104.58023,14.35926],[104.56938,14.3603],[104.56358,14.35302],[104.54688,14.35617],[104.53736,14.35389],[104.52135,14.3626],[104.51817,14.36901],[104.49999,14.37588],[104.48003,14.3655],[104.47585,14.3598],[104.47924,14.35267],[104.47338,14.35094],[104.471,14.34541],[104.46115,14.34676],[104.46421,14.354],[104.46088,14.3603],[104.45575,14.36099],[104.45229,14.35702],[104.43704,14.35818],[104.4218,14.36949],[104.41212,14.37003],[104.40381,14.36597],[104.39664,14.37412],[104.39196,14.37438],[104.38216,14.36766],[104.36646,14.36745],[104.35937,14.37136],[104.33935,14.36713],[104.32401,14.37306],[104.31513,14.38261],[104.30843,14.38159],[104.2916,14.39923],[104.2864,14.39859],[104.27719,14.40875],[104.26846,14.39914],[104.25668,14.4013],[104.25141,14.39078],[104.25323,14.38176],[104.24445,14.37428],[104.22776,14.36879],[104.21055,14.36766],[104.2016,14.38083],[104.18869,14.38488],[104.17687,14.38104],[104.17129,14.37579],[104.17396,14.3724],[104.17355,14.3583],[104.14426,14.35321],[104.13631,14.35871],[104.14012,14.36714],[104.13717,14.37686],[104.12798,14.37538],[104.10821,14.37926],[104.10778,14.37272],[104.10107,14.36908],[104.09507,14.35753],[104.08173,14.35268],[104.07759,14.34542],[104.05487,14.34499],[104.04998,14.34133],[104.03225,14.34031],[104.0297,14.33765],[104.02526,14.34116],[104.01543,14.34175],[104.01025,14.35044],[104.01167,14.35502],[104.00238,14.35644],[103.99656,14.34602],[103.99178,14.3458],[103.97963,14.35518],[103.97091,14.34829],[103.94888,14.34947],[103.94683,14.34382],[103.94969,14.33362],[103.9456,14.33069],[103.90076,14.33795],[103.89785,14.34486],[103.88126,14.34172],[103.86748,14.35515],[103.85989,14.35669],[103.86339,14.36799],[103.84574,14.37226],[103.83511,14.37078],[103.81852,14.35695],[103.80643,14.35614],[103.80264,14.35733],[103.79949,14.36582],[103.78494,14.36707],[103.77871,14.36271],[103.75782,14.37764],[103.75351,14.3719],[103.7341,14.38336],[103.72284,14.37877],[103.70723,14.37739],[103.70072,14.38793],[103.70053,14.39459],[103.7079,14.41458],[103.70856,14.43263],[103.68959,14.43982],[103.6792,14.43561],[103.66615,14.43568],[103.65717,14.43918],[103.64505,14.43023],[103.64123,14.4222],[103.65539,14.41841],[103.65428,14.40995],[103.63666,14.40606],[103.62392,14.39816],[103.61573,14.40141],[103.61021,14.41638],[103.59694,14.41712],[103.58016,14.42815],[103.57182,14.42107],[103.55723,14.42509],[103.55108,14.41898],[103.53192,14.41514],[103.53242,14.41228],[103.52584,14.4079],[103.52558,14.40081],[103.51575,14.40482],[103.49762,14.39886],[103.49312,14.38534],[103.48246,14.38731],[103.48133,14.38123],[103.47458,14.37974],[103.46983,14.36659],[103.46662,14.36492],[103.45089,14.36822],[103.44485,14.37883],[103.43931,14.37868],[103.43554,14.39019],[103.42507,14.38565],[103.41334,14.37496],[103.41066,14.3582],[103.36137,14.35126],[103.34818,14.35477],[103.32706,14.35074],[103.31923,14.35574],[103.28568,14.35007],[103.28116,14.34674],[103.26429,14.35251],[103.25347,14.34052],[103.24367,14.33953],[103.22832,14.32749],[103.21865,14.32438],[103.20943,14.32861],[103.19964,14.32678],[103.19387,14.33341],[103.18244,14.33647],[103.16616,14.33437],[103.15262,14.31454],[103.14637,14.32489],[103.14119,14.32614],[103.13038,14.32027],[103.12819,14.31485],[103.13048,14.30698],[103.12337,14.30208],[103.089,14.29506],[103.08113,14.29764],[103.07476,14.28602],[103.05696,14.28567],[103.05694,14.27399],[103.03691,14.25263],[103.03635,14.24142],[103.02316,14.2295],[103.01346,14.23034],[102.99929,14.21389],[102.96351,14.21174],[102.95194,14.20637],[102.95883,14.19756],[102.95599,14.1956],[102.94456,14.19732],[102.93835,14.19464],[102.94022,14.18524],[102.93027,14.17582],[102.94039,14.15669],[102.93976,14.14696],[102.92551,14.13423],[102.92342,14.10547],[102.91334,14.0963],[102.90759,14.09512],[102.90084,14.082],[102.90195,14.07203],[102.89706,14.05704],[102.89933,14.04363],[102.90337,14.04161],[102.90684,14.02942],[102.90759,14.01693],[102.89493,14.01372],[102.89274,14.0097],[102.88229,14.00967],[102.88292,14.00693],[102.87623,14.00421],[102.86243,14.00495],[102.84812,13.98688],[102.81549,13.96527],[102.80374,13.94333],[102.78334,13.93313],[102.76633,13.85635],[102.75602,13.84662],[102.72168,13.79223],[102.73255,13.78513],[102.73299,13.77358],[102.72452,13.76856],[102.70126,13.76794],[102.68751,13.75078],[102.65193,13.73783],[102.59085,13.707],[102.57969,13.69964],[102.5771,13.6926],[102.56973,13.6916],[102.55054,13.66523],[102.54887,13.65959],[102.55807,13.64838],[102.57055,13.64278],[102.57138,13.63532],[102.57625,13.62919],[102.5866,13.62973],[102.6067,13.61638],[102.62143,13.61296],[102.62447,13.60817],[102.61314,13.60788],[102.61042,13.60502],[102.59519,13.60832],[102.57413,13.60382],[102.56985,13.5852],[102.55319,13.57504],[102.54937,13.57736],[102.53707,13.5666],[102.52415,13.56482],[102.48084,13.57275],[102.45774,13.5613],[102.44339,13.56309],[102.43911,13.55993],[102.43146,13.56172],[102.42106,13.57158],[102.40992,13.56683],[102.40579,13.56881],[102.39861,13.56655],[102.37854,13.57662],[102.36497,13.57768],[102.35853,13.56571],[102.33845,13.55699],[102.33734,13.5452],[102.33398,13.54082],[102.33605,13.53606],[102.34715,13.52893],[102.34803,13.52389],[102.35913,13.51211],[102.35757,13.51053],[102.36302,13.50697],[102.36053,13.50068],[102.36215,13.48936],[102.35673,13.47947],[102.35478,13.46187],[102.35595,13.44667],[102.36017,13.44252],[102.35808,13.43337],[102.36245,13.42532],[102.35949,13.41799],[102.36024,13.40166],[102.34517,13.34856],[102.34935,13.34264],[102.35039,13.3301],[102.35838,13.32029],[102.35873,13.30938],[102.34925,13.29306],[102.35027,13.27278],[102.35767,13.27119],[102.36607,13.26246],[102.37072,13.23545],[102.38848,13.21004],[102.39077,13.19533],[102.3944,13.1917],[102.39144,13.18385],[102.39815,13.17178],[102.39755,13.16073],[102.40071,13.15912],[102.39874,13.15703],[102.4069,13.14444],[102.4162,13.13931],[102.4154,13.12528],[102.43346,13.10089],[102.43497,13.08959],[102.44174,13.0846],[102.44424,13.087],[102.45911,13.08282],[102.49558,13.01333],[102.506,13.00583],[102.52568,13.00568],[102.53025,13.00218],[102.52117,12.99959],[102.5134,12.991],[102.51233,12.99499],[102.50841,12.99567],[102.4986,12.9859],[102.49553,12.98693],[102.4866,12.98086],[102.48626,12.97659],[102.49691,12.96857],[102.50146,12.95996],[102.49721,12.95287],[102.48617,12.94741],[102.49523,12.92202],[102.5013,12.91663],[102.5021,12.90156],[102.50922,12.88286],[102.50538,12.87891],[102.50578,12.86588],[102.49798,12.85928],[102.50196,12.84935],[102.51641,12.83925],[102.515,12.82279],[102.52866,12.81759],[102.53248,12.81215],[102.52824,12.79662],[102.53622,12.78364],[102.53105,12.76615],[102.52443,12.76307],[102.51742,12.75141],[102.51003,12.75361],[102.50622,12.75046],[102.50003,12.73949],[102.50446,12.73185],[102.50352,12.71296],[102.49726,12.70435],[102.51025,12.6912],[102.5051,12.68332],[102.51036,12.67019],[102.53139,12.65426],[102.53978,12.65171],[102.54421,12.65612],[102.54943,12.65604],[102.55643,12.65295],[102.56611,12.65764],[102.57133,12.65354],[102.57983,12.65321],[102.58234,12.64456],[102.60591,12.62774],[102.61759,12.61525],[102.627,12.61542],[102.62913,12.61016],[102.64324,12.61183],[102.64638,12.60932],[102.64801,12.6001],[102.64425,12.59411],[102.6444,12.58532],[102.66009,12.58203],[102.66568,12.57627],[102.66746,12.56322],[102.675,12.56014],[102.68489,12.54866],[102.67742,12.53984],[102.69291,12.53201],[102.69677,12.52718],[102.69558,12.52064],[102.70498,12.52016],[102.70478,12.51438],[102.71048,12.50918],[102.71726,12.50762],[102.72427,12.51325],[102.72864,12.51267],[102.72299,12.50176],[102.72477,12.49518],[102.71985,12.48837],[102.72214,12.48519],[102.72714,12.48983],[102.73391,12.4892],[102.74014,12.48267],[102.73645,12.46615],[102.74171,12.46586],[102.74621,12.45738],[102.75015,12.46267],[102.75392,12.45691],[102.76464,12.45669],[102.76964,12.44855],[102.77119,12.43785],[102.77428,12.43424],[102.78202,12.43418],[102.78724,12.41445],[102.78444,12.40173],[102.7721,12.39529],[102.75037,12.39222],[102.74279,12.38794],[102.72558,12.36341],[102.72343,12.34777],[102.72633,12.30175],[102.71438,12.26659],[102.71755,12.24999],[102.71723,12.22287],[102.71253,12.22036],[102.70942,12.21036],[102.70826,12.20412],[102.71166,12.19739],[102.70413,12.17193],[102.70855,12.16725],[102.71075,12.14972],[102.71642,12.1449],[102.72142,12.13369],[102.72993,12.12909],[102.73456,12.11168],[102.75168,12.09454],[102.7578,12.08097],[102.77164,12.0714],[102.76975,12.0674],[102.77454,12.05186],[102.77424,12.03299],[102.77943,12.02519],[102.77603,12.01403],[102.78064,11.98861],[102.78443,11.97747],[102.7889,11.97734],[102.79182,11.97332],[102.79982,11.94975],[102.80843,11.94547],[102.81522,11.93381],[102.81443,11.92137],[102.82231,11.90693],[102.82025,11.88965],[102.8341,11.85481],[102.84445,11.8454],[102.85218,11.82596],[102.86062,11.82404],[102.85938,11.81963],[102.86594,11.80597],[102.88375,11.79951],[102.88215,11.78953],[102.89163,11.78701],[102.90468,11.7673],[102.91125,11.74489],[102.91079,11.68138],[102.91487,11.65293],[102.9091,11.65016],[102.90575,11.65648],[102.90094,11.68787],[102.90691,11.71161],[102.89747,11.73279],[102.89953,11.73628],[102.89259,11.75529],[102.88813,11.75771],[102.88913,11.76325],[102.88019,11.77078],[102.86654,11.79476],[102.77407,11.91356],[102.77372,11.92438],[102.78333,11.93347],[102.78399,11.94841],[102.76713,11.97944],[102.77235,11.98052],[102.77135,11.99004],[102.76571,12.00879],[102.76638,12.02219],[102.76067,12.03271],[102.74296,12.05394],[102.67366,12.10977],[102.66573,12.1191],[102.64257,12.13294],[102.62569,12.14851],[102.62694,12.15431],[102.63556,12.15696],[102.65157,12.15143],[102.66177,12.15268],[102.66219,12.14934],[102.66753,12.15286],[102.67411,12.14815],[102.66642,12.15993],[102.66641,12.17616],[102.64651,12.19092],[102.65131,12.21157],[102.6479,12.21192],[102.64454,12.20726],[102.62713,12.22127],[102.61297,12.22437],[102.61315,12.23339],[102.60764,12.23463],[102.61148,12.24367],[102.60632,12.23539],[102.60563,12.22534],[102.59542,12.22525],[102.58642,12.23599],[102.58348,12.22823],[102.58966,12.2252],[102.59023,12.21954],[102.58603,12.22079],[102.5784,12.21094],[102.5738,12.21244],[102.56775,12.21625],[102.56385,12.22677],[102.55635,12.23108],[102.55711,12.23444],[102.54976,12.23592],[102.54446,12.2436],[102.53288,12.24993],[102.52635,12.26249],[102.53039,12.25042],[102.54014,12.2433],[102.54166,12.23417],[102.5497,12.22819],[102.547,12.22302],[102.53569,12.22858],[102.53415,12.22561],[102.53784,12.22319],[102.53384,12.21646],[102.53508,12.20965],[102.53927,12.20956],[102.55154,12.18482],[102.56678,12.17903],[102.5663,12.17375],[102.57262,12.17045],[102.57266,12.16569],[102.55748,12.16568],[102.55514,12.16335],[102.56091,12.14743],[102.55635,12.13117],[102.56656,12.11632],[102.56035,12.1088],[102.56222,12.10444],[102.55812,12.09539],[102.56261,12.09002],[102.57337,12.08728],[102.57398,12.07698],[102.58426,12.06909],[102.58897,12.05445],[102.58344,12.04333],[102.57657,12.051],[102.56742,12.05015],[102.54772,12.05873],[102.55089,12.06957],[102.54849,12.07522],[102.55048,12.08579],[102.53164,12.11447],[102.53411,12.11616],[102.52235,12.1288],[102.52426,12.13423],[102.51293,12.14301],[102.50532,12.145],[102.50424,12.14847],[102.51492,12.15423],[102.51238,12.15962],[102.51823,12.16379],[102.51451,12.17019],[102.51786,12.17576],[102.5134,12.17714],[102.51465,12.18294],[102.50652,12.1848],[102.50096,12.19183],[102.49744,12.19038],[102.50522,12.18376],[102.50664,12.17244],[102.47521,12.17396],[102.4732,12.1796],[102.4781,12.18712],[102.46628,12.19087],[102.46211,12.18877],[102.4593,12.18179],[102.46574,12.17902],[102.46591,12.17516],[102.45424,12.17724],[102.45381,12.16771],[102.44989,12.16651],[102.41265,12.17428],[102.40012,12.17133],[102.39797,12.16818],[102.39055,12.17343],[102.38747,12.18035],[102.37722,12.18437],[102.36797,12.19394],[102.35593,12.1937],[102.3475,12.19928],[102.32685,12.19625],[102.32113,12.19259],[102.32738,12.18286],[102.32256,12.1805],[102.32135,12.18358],[102.31364,12.18222],[102.30704,12.18859],[102.29606,12.18745],[102.28948,12.19022],[102.27835,12.20375],[102.28244,12.21409],[102.27739,12.22074],[102.27815,12.22345],[102.28498,12.22146],[102.28731,12.22354],[102.28704,12.23783],[102.27412,12.25933],[102.26197,12.26925],[102.26142,12.27207],[102.26586,12.27315],[102.26392,12.28343],[102.25883,12.28907],[102.26441,12.29205],[102.27283,12.28287],[102.27937,12.28345],[102.28743,12.28881],[102.30626,12.2908],[102.32372,12.29882],[102.32985,12.31407],[102.34031,12.31598],[102.34767,12.3257],[102.34775,12.33085],[102.3613,12.33755],[102.3718,12.34834],[102.37177,12.35091],[102.3639,12.35315],[102.35686,12.36313],[102.36902,12.36453],[102.36714,12.37292],[102.36979,12.3787],[102.3622,12.37863],[102.36345,12.3843],[102.35854,12.37808],[102.34985,12.38263],[102.34469,12.3746],[102.34968,12.37336],[102.34893,12.37],[102.33978,12.36837],[102.33136,12.3724],[102.33078,12.37729],[102.32398,12.37645],[102.32394,12.38057],[102.31966,12.37667],[102.31576,12.38641],[102.30311,12.39388],[102.30063,12.39296],[102.30189,12.38524],[102.29685,12.39189],[102.29137,12.38977],[102.29141,12.38591],[102.28721,12.38613],[102.28308,12.3933],[102.28689,12.40518],[102.2828,12.40771],[102.28209,12.4126],[102.28903,12.41357],[102.29058,12.41538],[102.28702,12.41728],[102.28116,12.41465],[102.28156,12.40126],[102.27713,12.3989],[102.27731,12.39401],[102.27278,12.38907],[102.26704,12.39906],[102.26765,12.4037],[102.25637,12.41723],[102.26774,12.43253],[102.26465,12.43984],[102.26171,12.4335],[102.23939,12.42594],[102.22813,12.42557],[102.2192,12.42741],[102.22047,12.43179],[102.21719,12.43228],[102.22155,12.43666],[102.21407,12.44228],[102.19713,12.43387],[102.18845,12.43687],[102.18902,12.44225],[102.18526,12.44147],[102.18704,12.43402],[102.19481,12.43037],[102.215,12.43749],[102.21422,12.42761],[102.21715,12.42326],[102.21235,12.41884],[102.2119,12.41214],[102.20449,12.4073],[102.19265,12.4122],[102.199,12.40609],[102.19368,12.40114],[102.19595,12.39743],[102.20452,12.40421],[102.20161,12.39504],[102.20383,12.39481],[102.21831,12.41169],[102.22467,12.40558],[102.23554,12.41817],[102.23938,12.41397],[102.23723,12.40751],[102.2405,12.40728],[102.24067,12.40407],[102.23662,12.40313],[102.23877,12.39723],[102.24656,12.39203],[102.2502,12.39425],[102.25159,12.38654],[102.24588,12.38134],[102.24116,12.38167],[102.24584,12.3731],[102.25032,12.3828],[102.25414,12.38013],[102.25786,12.3503],[102.26522,12.33532],[102.27619,12.32474],[102.27569,12.31006],[102.25347,12.30688],[102.21731,12.33419],[102.19182,12.36765],[102.16243,12.3967],[102.14637,12.40476],[102.14475,12.40938],[102.129,12.4123],[102.12542,12.40429],[102.11816,12.40987],[102.11931,12.41272],[102.12482,12.41187],[102.12551,12.42051],[102.1046,12.45169],[102.08648,12.46745],[102.06117,12.48172],[102.06522,12.48318],[102.06918,12.49146],[102.06732,12.50534],[102.0716,12.50951],[102.08221,12.50911],[102.08075,12.49983],[102.09692,12.49472],[102.10407,12.48734],[102.10519,12.48104],[102.10739,12.49522],[102.08507,12.49975],[102.08364,12.51041],[102.0776,12.51176],[102.07638,12.51548],[102.08116,12.5212],[102.08461,12.51789],[102.10942,12.52459],[102.10816,12.5323],[102.11108,12.54031],[102.10688,12.54078],[102.10595,12.53073],[102.09398,12.52275],[102.06902,12.5293],[102.08468,12.53501],[102.09052,12.53983],[102.0893,12.54291],[102.07941,12.53752],[102.06369,12.53697],[102.04911,12.52921],[102.04242,12.53839],[102.03481,12.54218],[102.02434,12.54104],[102.0243,12.54477],[102.03057,12.54664],[102.02828,12.56296],[102.03935,12.55768],[102.05515,12.57343],[102.05433,12.57676],[102.04707,12.57025],[102.04117,12.56993],[102.03879,12.56102],[102.02297,12.56934],[102.01515,12.5659],[102.01118,12.56869],[102.0061,12.56645],[102.0081,12.56377],[102.01043,12.56611],[102.02597,12.56406],[102.02081,12.5401],[102.03367,12.53895],[102.04733,12.5243],[102.0554,12.5289],[102.06196,12.52768],[102.06206,12.51867],[102.05607,12.50419],[102.05857,12.49135],[102.05511,12.48513],[102.05975,12.46871],[102.05687,12.46816],[102.05184,12.47287],[102.04321,12.47213],[102.04461,12.47549],[102.04046,12.48291],[102.04594,12.48478],[102.04654,12.49019],[102.03554,12.48929],[102.03669,12.49188],[102.04272,12.49169],[102.04332,12.49633],[102.03386,12.51064],[102.01719,12.52487],[101.99221,12.53815],[101.96711,12.54319],[101.9478,12.53839],[101.95082,12.51622],[101.94794,12.51599],[101.94419,12.53225],[101.92869,12.53637],[101.92638,12.54428],[101.91642,12.55546],[101.8985,12.57007],[101.8925,12.57284],[101.88906,12.56966],[101.88406,12.57975],[101.88553,12.58231],[101.8926,12.5812],[101.89906,12.57354],[101.91192,12.57533],[101.90959,12.58952],[101.90254,12.60324],[101.89026,12.60672],[101.89009,12.60337],[101.88313,12.60164],[101.88234,12.59007],[101.87884,12.59371],[101.87776,12.60247],[101.86547,12.61625],[101.86209,12.64267],[101.85662,12.64531],[101.85225,12.65346],[101.81035,12.68171],[101.78666,12.69181],[101.78546,12.6951],[101.79155,12.70122],[101.78573,12.70849],[101.80071,12.72326],[101.79949,12.73151],[101.79519,12.73439],[101.79972,12.73734],[101.79429,12.73517],[101.79844,12.73127],[101.79835,12.72303],[101.78404,12.70979],[101.78851,12.69816],[101.78137,12.69347],[101.76991,12.6999],[101.76841,12.70661],[101.753,12.71243],[101.74246,12.70778],[101.73752,12.71208],[101.73134,12.71034],[101.73216,12.71342],[101.71995,12.71175],[101.7175,12.70405],[101.70214,12.70189],[101.70321,12.71668],[101.69826,12.71905],[101.6935,12.71601],[101.68308,12.72268],[101.69756,12.72755],[101.69814,12.73308],[101.68529,12.73295],[101.68876,12.73884],[101.68508,12.73785],[101.68397,12.73219],[101.69341,12.73197],[101.69705,12.72846],[101.68391,12.72602],[101.68125,12.7227],[101.69087,12.71449],[101.70034,12.71722],[101.70183,12.69726],[101.67167,12.68417],[101.66657,12.67367],[101.66078,12.67115],[101.66046,12.66549],[101.6526,12.65321],[101.64533,12.64749],[101.64554,12.64221],[101.63401,12.64322],[101.61416,12.65076],[101.58429,12.65259],[101.56376,12.64558],[101.56546,12.6314],[101.55598,12.62725],[101.47528,12.63316],[101.44929,12.63057],[101.43641,12.62643],[101.42531,12.61804],[101.42278,12.61317],[101.42475,12.60053],[101.41713,12.58438],[101.41269,12.58622],[101.41548,12.59057],[101.41198,12.59447],[101.37965,12.61381],[101.32717,12.63823],[101.27932,12.65499],[101.27869,12.65719],[101.28485,12.65662],[101.27487,12.65593],[101.22749,12.66651],[101.16144,12.67169],[101.15775,12.67004],[101.15794,12.66154],[101.16646,12.66122],[101.16589,12.63971],[101.15671,12.63992],[101.15686,12.65795],[101.15031,12.65826],[101.15043,12.67294],[101.13942,12.67315],[101.13542,12.66559],[101.14154,12.66039],[101.13955,12.65809],[101.13227,12.66484],[101.13,12.67568],[101.1293,12.63911],[101.1296,12.67594],[101.12319,12.67766],[101.06546,12.67451],[101.03782,12.66339],[100.99341,12.65649],[100.9766,12.65046],[100.96749,12.64241],[100.96943,12.63866],[100.96415,12.63368],[100.96318,12.62776],[100.96623,12.61409],[100.96289,12.60638],[100.96306,12.59479],[100.95948,12.59499],[100.95368,12.6022],[100.94552,12.59891],[100.94476,12.60265],[100.93432,12.6093],[100.92395,12.60744],[100.92464,12.61233],[100.91815,12.62139],[100.91318,12.62297],[100.91348,12.62812],[100.92715,12.63163],[100.92535,12.63731],[100.92975,12.64655],[100.91842,12.65784],[100.90324,12.66207],[100.89353,12.66085],[100.88612,12.65253],[100.87064,12.65174],[100.86589,12.64842],[100.8625,12.6518],[100.8499,12.6497],[100.84889,12.65524],[100.85836,12.65852],[100.8617,12.66739],[100.85612,12.67541],[100.84799,12.67585],[100.84401,12.67034],[100.84038,12.67629],[100.84277,12.67963],[100.8403,12.68325],[100.85479,12.69191],[100.85051,12.69812],[100.84524,12.69455],[100.83792,12.69821],[100.83904,12.70876],[100.83395,12.71292],[100.83822,12.7219],[100.83528,12.73249],[100.83572,12.73918],[100.84127,12.74429],[100.83961,12.75126],[100.84409,12.75445],[100.85248,12.75336],[100.85671,12.75707],[100.85412,12.76172],[100.86335,12.76745],[100.87176,12.76907],[100.87878,12.76065],[100.89352,12.76595],[100.90319,12.77812],[100.91286,12.80844],[100.91036,12.82443],[100.90527,12.82782],[100.90817,12.82986],[100.89774,12.85672],[100.88528,12.87639],[100.85547,12.90957],[100.85566,12.91859],[100.86192,12.92975],[100.87082,12.92582],[100.88259,12.93694],[100.88284,12.97069],[100.89325,12.97525],[100.89925,12.97005],[100.90928,12.97616],[100.92094,12.98973],[100.92697,13.00565],[100.92607,13.0242],[100.9148,13.04464],[100.8923,13.04017],[100.89012,13.04688],[100.90618,13.0514],[100.90477,13.05604],[100.88858,13.05178],[100.8847,13.06018],[100.89723,13.06743],[100.89397,13.06939],[100.88197,13.06368],[100.87834,13.07118],[100.88573,13.0755],[100.88405,13.07886],[100.87802,13.08071],[100.87695,13.07737],[100.87195,13.07638],[100.8793,13.10994],[100.88866,13.11936],[100.89713,13.12256],[100.90019,13.14392],[100.90639,13.14709],[100.91306,13.16018],[100.92484,13.17078],[100.93588,13.2047],[100.93384,13.21167],[100.936,13.21912],[100.92776,13.25782],[100.91806,13.27901],[100.89863,13.30002],[100.89919,13.3035],[100.90222,13.30463],[100.90205,13.317],[100.90873,13.31321],[100.91849,13.31713],[100.92047,13.33412],[100.92349,13.3341],[100.92447,13.34053],[100.93091,13.34074],[100.93561,13.33555],[100.93524,13.33864],[100.94608,13.34564],[100.96054,13.34566],[100.97735,13.35867],[100.97435,13.36178],[100.97588,13.37104],[100.98543,13.38178],[100.98308,13.39945],[100.98519,13.39982],[100.96929,13.43445],[100.96918,13.453],[100.97271,13.46637],[100.98557,13.47811],[100.98416,13.49912],[101.00168,13.48507],[101.00197,13.48803],[100.99205,13.49764],[100.97998,13.50301],[100.97401,13.49727],[100.9785,13.48255],[100.97204,13.48183],[100.9703,13.47772],[100.95416,13.46703],[100.92992,13.46412],[100.91205,13.46684],[100.90759,13.46867],[100.90631,13.47358],[100.90198,13.46991],[100.88943,13.46933],[100.87499,13.47355],[100.87475,13.476],[100.84977,13.47954],[100.84374,13.4828],[100.84327,13.4895],[100.83697,13.492],[100.83244,13.4852],[100.82302,13.49223],[100.82036,13.48915],[100.80881,13.49271],[100.80458,13.49004],[100.78304,13.49638],[100.77566,13.4945],[100.73858,13.50017],[100.73414,13.50548],[100.73385,13.50162],[100.71779,13.50147],[100.71333,13.50253],[100.71364,13.50897],[100.70729,13.50463],[100.68124,13.50623],[100.66076,13.51422],[100.66316,13.51961],[100.65393,13.5171],[100.63552,13.51928],[100.63751,13.52236],[100.63263,13.52084],[100.62581,13.52424],[100.60383,13.54499],[100.58074,13.55724],[100.57899,13.57039],[100.59398,13.58756],[100.59411,13.60656],[100.58612,13.61324],[100.56137,13.61456],[100.54355,13.62832],[100.53782,13.63918],[100.53715,13.65799],[100.56242,13.65448],[100.57908,13.66468],[100.58893,13.67853],[100.58955,13.69244],[100.58353,13.69917],[100.55724,13.70797],[100.54942,13.70042],[100.55088,13.68263],[100.54594,13.67262],[100.53652,13.67089],[100.51967,13.68334],[100.51688,13.68053],[100.53222,13.66923],[100.53959,13.66763],[100.54751,13.67042],[100.55336,13.67927],[100.55511,13.70438],[100.56827,13.7021],[100.58586,13.69246],[100.58752,13.68446],[100.58524,13.67958],[100.56588,13.65935],[100.55664,13.65748],[100.54035,13.66273],[100.53559,13.66006],[100.53171,13.65158],[100.53464,13.63585],[100.54141,13.62447],[100.55766,13.61123],[100.58608,13.60732],[100.58971,13.59944],[100.58837,13.59481],[100.57454,13.57454],[100.49934,13.55118],[100.57348,13.57339],[100.57454,13.55522],[100.58574,13.5366],[100.58238,13.52555],[100.57628,13.51889],[100.57181,13.52085],[100.56836,13.5161],[100.53462,13.50974],[100.51725,13.51023],[100.5167,13.50792],[100.48905,13.50654],[100.48917,13.50422],[100.48273,13.50632],[100.47876,13.50235],[100.46904,13.50563],[100.46177,13.50103],[100.44295,13.50243],[100.43529,13.49771],[100.42476,13.49854],[100.39655,13.49187],[100.38919,13.49372],[100.37943,13.4899],[100.36864,13.49099],[100.3623,13.48755],[100.34229,13.48611],[100.31861,13.48984],[100.29995,13.49626],[100.2808,13.50821],[100.28056,13.51323],[100.26682,13.52889],[100.2783,13.53373],[100.27572,13.54404],[100.26941,13.54472],[100.2625,13.53303],[100.25539,13.53307],[100.25054,13.5385],[100.25404,13.55188],[100.25132,13.56066],[100.24251,13.56431],[100.2411,13.57127],[100.2289,13.58087],[100.23159,13.59064],[100.22387,13.59556],[100.22874,13.60301],[100.2291,13.61822],[100.22688,13.62262],[100.2166,13.62073],[100.21358,13.62371],[100.21664,13.62924],[100.2298,13.62608],[100.23302,13.63006],[100.2337,13.64191],[100.232,13.64501],[100.22752,13.64477],[100.21985,13.63927],[100.21574,13.63988],[100.21347,13.65334],[100.22946,13.66318],[100.23275,13.66175],[100.23521,13.65298],[100.24127,13.65346],[100.24067,13.66429],[100.24344,13.66646],[100.24893,13.65716],[100.25709,13.65583],[100.2674,13.66235],[100.26808,13.66621],[100.25745,13.67348],[100.26017,13.68087],[100.25858,13.6879],[100.25436,13.68882],[100.24933,13.68395],[100.23986,13.68671],[100.24216,13.69803],[100.23049,13.70904],[100.22455,13.70688],[100.22358,13.69838],[100.20961,13.69781],[100.2075,13.72165],[100.20738,13.69923],[100.22094,13.69595],[100.22464,13.69838],[100.22759,13.70854],[100.23337,13.70568],[100.2411,13.69752],[100.23933,13.68645],[100.24748,13.68293],[100.25568,13.68804],[100.25999,13.68197],[100.25615,13.67786],[100.25652,13.67348],[100.2669,13.66699],[100.26238,13.65954],[100.25051,13.65677],[100.24713,13.66606],[100.24266,13.66737],[100.24002,13.66584],[100.24022,13.65398],[100.23547,13.65401],[100.23407,13.662],[100.22841,13.66422],[100.21652,13.65784],[100.21161,13.65],[100.21301,13.64046],[100.21658,13.63833],[100.2319,13.64329],[100.22875,13.62673],[100.21638,13.63053],[100.21201,13.62526],[100.21541,13.62001],[100.2245,13.62147],[100.22672,13.61881],[100.22691,13.60329],[100.22298,13.5952],[100.23027,13.58936],[100.22732,13.5801],[100.23269,13.57338],[100.23795,13.57193],[100.24237,13.56148],[100.25117,13.55782],[100.24843,13.538],[100.25564,13.53075],[100.26487,13.53302],[100.26821,13.54228],[100.27649,13.53992],[100.277,13.53605],[100.263,13.52813],[100.2716,13.51212],[100.27033,13.4946],[100.2662,13.48561],[100.25642,13.4787],[100.24997,13.47925],[100.2456,13.47308],[100.23272,13.47714],[100.23348,13.47263],[100.22055,13.46689],[100.21819,13.46858],[100.21634,13.46563],[100.19947,13.46197],[100.19501,13.46509],[100.19393,13.45994],[100.16467,13.45222],[100.15968,13.45417],[100.15966,13.45031],[100.113,13.43609],[100.10536,13.43483],[100.10222,13.43794],[100.10272,13.43304],[100.06265,13.41956],[100.04787,13.41163],[100.03845,13.39338],[100.03669,13.38101],[100.03179,13.37485],[100.03415,13.37149],[100.02769,13.36894],[100.0245,13.36251],[99.99821,13.36854],[99.99246,13.379],[99.98313,13.382],[99.99126,13.3745],[100.0017,13.35358],[99.99363,13.34202],[99.9982,13.33427],[99.99437,13.32978],[99.97541,13.32637],[99.95693,13.3115],[99.9485,13.30844],[99.94773,13.2801],[99.94158,13.26578],[99.9499,13.26257],[99.95905,13.24823],[99.96391,13.24551],[99.96297,13.24164],[99.97149,13.2344],[99.97557,13.2349],[99.97608,13.23051],[99.99027,13.2275],[99.99746,13.21832],[100.00213,13.2013],[100.00853,13.19199],[100.01667,13.18707],[100.01586,13.18372],[100.0387,13.17448],[100.06651,13.15775],[100.06897,13.15001],[100.06266,13.11885],[100.06525,13.08096],[100.07164,13.06883],[100.07676,13.06649],[100.08,13.05617],[100.08944,13.05175],[100.09335,13.04451],[100.08703,13.04132],[100.09346,13.03988],[100.06427,13.00392],[100.0394,12.96511],[100.02756,12.92857],[100.02426,12.89122],[100.01324,12.8606],[100.00852,12.86487],[100.00589,12.86346],[100.00942,12.85855],[99.99604,12.82974],[99.99352,12.82176],[99.99546,12.81506],[99.98515,12.7986],[99.96722,12.74378],[99.96388,12.69174],[99.95663,12.64951],[99.95467,12.61498],[99.95741,12.57683],[99.96315,12.56857],[99.96582,12.54485],[99.97166,12.52885],[99.97557,12.52111],[99.98472,12.51437],[99.97749,12.51028],[99.97443,12.49689],[99.97692,12.46389],[99.98362,12.44988],[99.9817,12.44249],[99.98391,12.43861],[99.9801,12.43631],[99.97968,12.43064],[99.98762,12.41399],[99.9922,12.41281],[100.0002,12.378],[99.99772,12.34605],[100.00122,12.33625],[99.99884,12.33059],[99.99491,12.33189],[99.99215,12.32829],[99.98713,12.31749],[99.97387,12.27527],[99.97384,12.26728],[99.98188,12.24587],[100.00563,12.22104],[100.00402,12.21074],[100.01577,12.20065],[100.01561,12.19214],[100.01965,12.18878],[100.00848,12.17774],[100.00465,12.16899],[99.97981,12.14692],[99.9772,12.14744],[99.96903,12.13304],[99.96188,12.11219],[99.96747,12.10238],[99.96126,12.08488],[99.95498,12.08735],[99.95012,12.08208],[99.94239,12.08133],[99.86408,11.99384],[99.8408,11.95796],[99.81946,11.91009],[99.81204,11.87867],[99.81814,11.86344],[99.8256,11.86574],[99.82321,11.85389],[99.82438,11.85054],[99.83144,11.84884],[99.83547,11.842],[99.83335,11.83093],[99.82876,11.82823],[99.82984,11.8379],[99.82749,11.83945],[99.81571,11.83806],[99.79812,11.81814],[99.80134,11.7988],[99.81111,11.78705],[99.81752,11.78793],[99.81855,11.78252],[99.81291,11.77661],[99.81372,11.78382],[99.80613,11.78397],[99.8001,11.77974],[99.7955,11.77047],[99.7964,11.7648],[99.80163,11.7653],[99.8045,11.76091],[99.80264,11.75241],[99.81097,11.73744],[99.806,11.73668],[99.80744,11.73977],[99.80444,11.74081],[99.79842,11.73954],[99.79713,11.74521],[99.79033,11.74458],[99.74523,11.70489],[99.72831,11.68431],[99.71082,11.64518],[99.67566,11.59037],[99.6406,11.52164],[99.63298,11.50052],[99.62703,11.46806],[99.62023,11.46498],[99.61209,11.44747],[99.60589,11.41862],[99.59922,11.41374],[99.59933,11.40369],[99.58516,11.37639],[99.58107,11.35681],[99.57638,11.35914],[99.57193,11.35683],[99.5621,11.33958],[99.55079,11.29527],[99.55255,11.2597],[99.56137,11.23185],[99.56957,11.21946],[99.57857,11.21558],[99.58481,11.20088],[99.57999,11.2063],[99.57723,11.19857],[99.57958,11.19547],[99.56715,11.18313],[99.5596,11.19061],[99.56406,11.2013],[99.55206,11.20648],[99.53874,11.2065],[99.52149,11.19597],[99.50659,11.17988],[99.49585,11.16263],[99.48706,11.13378],[99.48806,11.10594],[99.50101,11.04716],[99.49937,11.00257],[99.503,10.99148],[99.49556,10.98711],[99.49071,10.97217],[99.4904,10.9415],[99.50066,10.91699],[99.50483,10.91428],[99.51057,10.91621],[99.50769,10.91312],[99.5086,10.90693],[99.51785,10.90176],[99.51953,10.89557],[99.50777,10.88373],[99.50984,10.87265],[99.50567,10.87059],[99.50318,10.86389],[99.49356,10.87925],[99.49669,10.88401],[99.48953,10.8884],[99.4924,10.89226],[99.48705,10.89021],[99.48654,10.89511],[99.48054,10.89254],[99.46851,10.87297],[99.45156,10.87403],[99.45131,10.88137],[99.44623,10.88589],[99.44716,10.89233],[99.44064,10.89337],[99.43828,10.8859],[99.43359,10.8872],[99.43332,10.87998],[99.44126,10.87198],[99.43798,10.86026],[99.43407,10.85678],[99.43522,10.84183],[99.42892,10.81246],[99.42355,10.79494],[99.41231,10.77407],[99.41334,10.76222],[99.40917,10.763],[99.40472,10.75115],[99.40042,10.75064],[99.39963,10.74497],[99.39389,10.7442],[99.37899,10.70633],[99.36921,10.70428],[99.36008,10.69295],[99.36032,10.67929],[99.3697,10.67734],[99.35835,10.66485],[99.35875,10.67516],[99.35225,10.68213],[99.33374,10.68112],[99.31979,10.67031],[99.30152,10.63785],[99.29655,10.61852],[99.28625,10.61132],[99.28168,10.60127],[99.28232,10.584],[99.27618,10.57318],[99.275,10.55565],[99.27799,10.55101],[99.27433,10.54276],[99.2643,10.54032],[99.263,10.53736],[99.25206,10.54201],[99.24346,10.54163],[99.23838,10.53403],[99.23733,10.52217],[99.24292,10.50979],[99.24761,10.50773],[99.26519,10.5121],[99.25932,10.49973],[99.24707,10.49355],[99.23562,10.49652],[99.23014,10.49253],[99.22909,10.47114],[99.24053,10.44896],[99.24717,10.4487],[99.24729,10.44277],[99.23843,10.43621],[99.22646,10.43763],[99.23895,10.43492],[99.25042,10.44586],[99.25926,10.43194],[99.27514,10.42368],[99.27591,10.41543],[99.28138,10.41065],[99.28398,10.41181],[99.28019,10.39867],[99.28435,10.3832],[99.28446,10.36335],[99.27586,10.35395],[99.27182,10.35408],[99.26988,10.35834],[99.26337,10.35744],[99.26103,10.3635],[99.25426,10.36299],[99.23784,10.34406],[99.22991,10.35695],[99.23239,10.36636],[99.2212,10.36856],[99.22043,10.38106],[99.2173,10.37848],[99.20585,10.37914],[99.20403,10.38622],[99.20181,10.38017],[99.19608,10.37914],[99.19205,10.38237],[99.18476,10.38005],[99.18086,10.38302],[99.18267,10.37606],[99.17656,10.38328],[99.169,10.37555],[99.16862,10.38045],[99.16028,10.3789],[99.15768,10.38238],[99.14935,10.37698],[99.14688,10.37865],[99.14414,10.37221],[99.147,10.37143],[99.14583,10.36551],[99.13919,10.36474],[99.14205,10.36061],[99.14127,10.35056],[99.15414,10.33045],[99.1488,10.32156],[99.1393,10.32298],[99.14203,10.31911],[99.13865,10.31864],[99.13865,10.31318],[99.12914,10.30056],[99.12796,10.2896],[99.13161,10.28844],[99.13213,10.29643],[99.14385,10.30132],[99.15295,10.28147],[99.15815,10.27863],[99.15216,10.27116],[99.15528,10.27039],[99.1631,10.27747],[99.17533,10.27308],[99.18626,10.27604],[99.18964,10.27501],[99.18561,10.27063],[99.1886,10.26444],[99.19224,10.26354],[99.20031,10.27139],[99.2063,10.27113],[99.20799,10.2683],[99.20355,10.25025],[99.21174,10.23633],[99.21864,10.23658],[99.21954,10.2273],[99.2237,10.22562],[99.22969,10.22833],[99.23828,10.23786],[99.24726,10.23527],[99.24504,10.22909],[99.22786,10.21828],[99.22708,10.21428],[99.22305,10.21673],[99.21406,10.20965],[99.20964,10.21262],[99.20574,10.21082],[99.20418,10.21816],[99.2008,10.21842],[99.19208,10.21237],[99.19207,10.20438],[99.18074,10.17603],[99.17631,10.17423],[99.17371,10.1683],[99.17032,10.15207],[99.16563,10.14833],[99.16108,10.14898],[99.15301,10.13944],[99.14754,10.11934],[99.14961,10.09562],[99.13465,10.09408],[99.14193,10.09073],[99.15026,10.09253],[99.15468,10.08815],[99.15688,10.07732],[99.15168,10.07114],[99.15947,10.05567],[99.16766,10.04432],[99.17442,10.04058],[99.1817,10.04315],[99.17988,10.03039],[99.17441,10.03078],[99.17298,10.02808],[99.17298,10.02395],[99.17948,10.01931],[99.17883,10.01183],[99.17518,10.00707],[99.16842,10.00836],[99.16478,10.01352],[99.1575,10.00927],[99.15034,9.98659],[99.15319,9.96622],[99.16111,9.94817],[99.16174,9.91544],[99.1568,9.89714],[99.16536,9.85924],[99.1625,9.85744],[99.16249,9.84764],[99.1543,9.84881],[99.14442,9.83915],[99.13831,9.8211],[99.14633,9.74119],[99.15697,9.71335],[99.16163,9.68086],[99.16915,9.65921],[99.17733,9.64348],[99.21042,9.59861],[99.20807,9.57773],[99.21325,9.55401],[99.23088,9.51662],[99.24151,9.48568],[99.26316,9.44829],[99.30207,9.40933],[99.31257,9.39283],[99.30958,9.39193],[99.29817,9.40534],[99.29324,9.40509],[99.27752,9.39105],[99.27323,9.37636],[99.27011,9.37495],[99.27546,9.40188],[99.27001,9.40936],[99.26782,9.42689],[99.2577,9.43914],[99.25575,9.43695],[99.26211,9.42741],[99.25406,9.43218],[99.256,9.42329],[99.2525,9.41955],[99.26339,9.40163],[99.26597,9.38178],[99.26311,9.38101],[99.25991,9.3884],[99.25715,9.38797],[99.26415,9.37804],[99.26154,9.36103],[99.23843,9.35409],[99.23623,9.3568],[99.23142,9.34662],[99.21091,9.33928],[99.20961,9.33593],[99.2148,9.33361],[99.21389,9.31995],[99.20934,9.30861],[99.214,9.30216],[99.22035,9.27664],[99.22463,9.27715],[99.22254,9.25653],[99.23725,9.2345],[99.2565,9.21694],[99.26506,9.215],[99.26999,9.20932],[99.27181,9.21216],[99.2827,9.21383],[99.2892,9.22542],[99.29543,9.2258],[99.30828,9.23352],[99.29593,9.20905],[99.27465,9.19656],[99.26479,9.19631],[99.26271,9.18871],[99.25402,9.18923],[99.25025,9.18124],[99.25146,9.17699],[99.24674,9.1766],[99.24856,9.17119],[99.24505,9.16707],[99.24795,9.16741],[99.24713,9.17634],[99.25142,9.1762],[99.25519,9.18949],[99.26297,9.18793],[99.26434,9.19493],[99.27491,9.19579],[99.29891,9.20698],[99.3097,9.22875],[99.31047,9.21935],[99.31358,9.21651],[99.32006,9.21354],[99.33252,9.21726],[99.33121,9.20438],[99.34859,9.20526],[99.35054,9.20281],[99.34158,9.19367],[99.32977,9.1902],[99.32652,9.1835],[99.32872,9.17319],[99.32053,9.15515],[99.32143,9.14613],[99.33273,9.16442],[99.33792,9.16764],[99.34934,9.1675],[99.36959,9.18488],[99.37943,9.17004],[99.38915,9.16606],[99.38825,9.169],[99.38125,9.16927],[99.37296,9.18474],[99.39762,9.19993],[99.41371,9.20455],[99.46766,9.19623],[99.4778,9.21066],[99.48376,9.20859],[99.48506,9.2042],[99.48739,9.20549],[99.49987,9.22106],[99.49663,9.22764],[99.51277,9.26577],[99.52512,9.28096],[99.53499,9.28597],[99.58089,9.26928],[99.60917,9.26807],[99.61696,9.27257],[99.62321,9.28415],[99.64323,9.30281],[99.6684,9.30315],[99.67412,9.31139],[99.67723,9.3097],[99.68191,9.31279],[99.6885,9.30027],[99.67018,9.28497],[99.65773,9.28628],[99.65384,9.29093],[99.64424,9.28773],[99.63568,9.28955],[99.64294,9.28747],[99.64112,9.28412],[99.64384,9.28412],[99.64554,9.2885],[99.65462,9.29016],[99.65487,9.28487],[99.6585,9.28512],[99.65876,9.28126],[99.65032,9.27844],[99.6577,9.27172],[99.66006,9.28177],[99.66577,9.28421],[99.66654,9.2815],[99.67095,9.28136],[99.68058,9.29333],[99.68784,9.29486],[99.69032,9.29898],[99.68089,9.32194],[99.68519,9.3325],[99.68222,9.33766],[99.6887,9.33456],[99.6905,9.32643],[99.70191,9.3219],[99.70477,9.3237],[99.72343,9.31245],[99.73122,9.31256],[99.73513,9.32209],[99.74033,9.32543],[99.75821,9.31547],[99.76903,9.32292],[99.77818,9.30963],[99.78324,9.31168],[99.7839,9.31683],[99.7848,9.31167],[99.78856,9.30973],[99.80103,9.31757],[99.80531,9.31524],[99.79906,9.30546],[99.80462,9.29964],[99.81655,9.29588],[99.82434,9.29664],[99.82774,9.30926],[99.83409,9.30666],[99.84158,9.29144],[99.84221,9.28319],[99.84571,9.28138],[99.84437,9.26308],[99.84811,9.25328],[99.859,9.25286],[99.86353,9.24834],[99.86441,9.23777],[99.85947,9.23211],[99.85841,9.22065],[99.8431,9.21926],[99.83507,9.22444],[99.8325,9.2345],[99.82485,9.2389],[99.82411,9.25333],[99.80844,9.26587],[99.80791,9.2611],[99.81231,9.25851],[99.80955,9.24254],[99.81198,9.22398],[99.82363,9.2166],[99.82676,9.2224],[99.83454,9.2207],[99.8379,9.21696],[99.83554,9.20717],[99.84253,9.1971],[99.84905,9.2141],[99.85931,9.22052],[99.86233,9.23365],[99.86973,9.23647],[99.87023,9.22925],[99.87851,9.21866],[99.88108,9.20964],[99.88042,9.20655],[99.87705,9.20746],[99.87561,9.20192],[99.87559,9.14031],[99.88204,9.12496],[99.89137,9.12507],[99.90907,9.09899],[99.91279,9.083],[99.9098,9.07889],[99.91001,9.06058],[99.91368,9.02217],[99.92168,9.00875],[99.92816,9.00796],[99.9288,9.00538],[99.91985,9.00411],[99.91422,8.97938],[99.91308,8.93943],[99.92043,8.87162],[99.91979,8.86867],[99.91559,8.8686],[99.92067,8.86647],[99.93269,8.80174],[99.9332,8.7971],[99.92891,8.79105],[99.93447,8.78859],[99.94027,8.72311],[99.95139,8.6638],[99.95196,8.63312],[99.96159,8.60191],[99.96947,8.59519],[99.96856,8.59197],[99.96106,8.59585],[99.95479,8.59432],[99.96248,8.59392],[99.97941,8.5815],[99.99752,8.57398],[100.00449,8.56533],[100.00967,8.56532],[100.04051,8.52722],[100.07061,8.45651],[100.07251,8.44143],[100.09052,8.40387],[100.09481,8.40132],[100.09319,8.40584],[100.10252,8.40504],[100.10086,8.39908],[100.1085,8.39867],[100.10602,8.39249],[100.11119,8.39093],[100.11633,8.37906],[100.12746,8.37864],[100.1277,8.37258],[100.13727,8.36959],[100.13883,8.37229],[100.13314,8.37244],[100.13289,8.37566],[100.14117,8.37538],[100.14481,8.38078],[100.14454,8.37692],[100.15514,8.3725],[100.16886,8.37453],[100.17531,8.366],[100.19392,8.35976],[100.19689,8.35614],[100.19875,8.33088],[100.19754,8.35846],[100.19005,8.36338],[100.19085,8.37021],[100.18877,8.36725],[100.18644,8.36854],[100.18878,8.37292],[100.18516,8.37345],[100.18307,8.36714],[100.17805,8.37527],[100.17923,8.38016],[100.18906,8.3773],[100.1914,8.38077],[100.19319,8.37497],[100.19759,8.37392],[100.2068,8.38317],[100.21522,8.38495],[100.21575,8.38985],[100.21898,8.38881],[100.22225,8.39795],[100.2251,8.39832],[100.21113,8.44347],[100.19569,8.4729],[100.17027,8.49965],[100.1612,8.49581],[100.15903,8.50549],[100.14506,8.51094],[100.1443,8.51455],[100.11259,8.51838],[100.12399,8.52118],[100.14081,8.51869],[100.17338,8.49926],[100.19505,8.47625],[100.21295,8.44527],[100.25452,8.33174],[100.25528,8.32684],[100.24323,8.32004],[100.21295,8.31885],[100.20685,8.3141],[100.20622,8.31835],[100.20375,8.31746],[100.20335,8.31205],[100.19349,8.30332],[100.18477,8.28504],[100.18773,8.2813],[100.19627,8.2796],[100.19651,8.27599],[100.19042,8.27085],[100.19079,8.26518],[100.1953,8.26078],[100.19477,8.25563],[100.2033,8.25251],[100.20483,8.24735],[100.20366,8.24336],[100.18862,8.23322],[100.19026,8.21875],[100.19828,8.21696],[100.18128,8.20129],[100.17777,8.19434],[100.1837,8.18865],[100.18305,8.18504],[100.17399,8.18314],[100.17164,8.17528],[100.16285,8.17724],[100.15972,8.17081],[100.15095,8.17702],[100.14809,8.17483],[100.1504,8.168],[100.14238,8.16789],[100.14173,8.16403],[100.14675,8.15783],[100.1408,8.15552],[100.13867,8.13646],[100.14669,8.13592],[100.14473,8.13025],[100.1288,8.11973],[100.13179,8.12797],[100.1243,8.12928],[100.1218,8.11472],[100.11481,8.11384],[100.11635,8.10739],[100.12541,8.10943],[100.13095,8.10271],[100.12729,8.0888],[100.13102,8.08261],[100.12327,8.08405],[100.12169,8.07593],[100.11137,8.08434],[100.11084,8.08034],[100.12634,8.0736],[100.12697,8.06741],[100.12192,8.06459],[100.12216,8.0584],[100.11569,8.05533],[100.10715,8.05445],[100.1038,8.0591],[100.10134,8.0582],[100.1012,8.05434],[100.09111,8.04972],[100.09135,8.04534],[100.0978,8.04715],[100.09174,8.04689],[100.09292,8.04998],[100.0999,8.05241],[100.10238,8.05768],[100.10663,8.05342],[100.1232,8.05814],[100.12295,8.06407],[100.12852,8.06767],[100.12764,8.07411],[100.12324,8.0749],[100.123,8.08186],[100.13218,8.08209],[100.12807,8.08906],[100.1325,8.10245],[100.12386,8.11111],[100.11945,8.10803],[100.11545,8.10997],[100.11611,8.11384],[100.12452,8.11536],[100.12624,8.1294],[100.13063,8.12823],[100.12763,8.11973],[100.12983,8.11792],[100.13631,8.12473],[100.14278,8.12536],[100.14785,8.13282],[100.1467,8.13759],[100.13984,8.13852],[100.14271,8.14469],[100.14144,8.15398],[100.14804,8.15679],[100.14367,8.16698],[100.15209,8.16864],[100.14913,8.17457],[100.15301,8.17585],[100.15584,8.17043],[100.15946,8.16978],[100.16388,8.17634],[100.17059,8.17284],[100.17345,8.17502],[100.17476,8.18146],[100.18369,8.18401],[100.18448,8.18994],[100.17958,8.19356],[100.18387,8.20154],[100.20006,8.21793],[100.20358,8.21849],[100.20692,8.20817],[100.21131,8.20803],[100.21336,8.20119],[100.22991,8.1974],[100.24284,8.19839],[100.25933,8.21574],[100.2621,8.2348],[100.28023,8.23964],[100.29973,8.14938],[100.31948,8.02122],[100.35216,7.85178],[100.43105,7.52524],[100.4612,7.42695],[100.495,7.34334],[100.53066,7.27827],[100.54595,7.25876],[100.55895,7.24854],[100.56575,7.23808],[100.56469,7.22919],[100.57434,7.22246],[100.57262,7.20984],[100.58161,7.19615],[100.57901,7.19203],[100.56636,7.1886],[100.56457,7.19363],[100.55349,7.19818],[100.54427,7.18287],[100.54848,7.1674],[100.55697,7.16067],[100.5621,7.15098],[100.56804,7.15238],[100.56987,7.16114],[100.58693,7.16778],[100.59432,7.17858],[100.59395,7.18373],[100.58879,7.18401],[100.58794,7.19896],[100.57719,7.22425],[100.58018,7.23107],[100.58735,7.21623],[100.59664,7.21568],[100.61434,7.18444],[100.62361,7.18105],[100.66402,7.11519],[100.69611,7.07204],[100.69455,7.0687],[100.70263,7.05759],[100.69472,7.04628],[100.69533,7.03622],[100.701,7.03414],[100.70514,7.03851],[100.69585,7.03751],[100.69601,7.04498],[100.7043,7.05578],[100.69584,7.06921],[100.69791,7.07075],[100.71099,7.04957],[100.7486,7.00214],[100.78432,6.96941],[100.80259,6.95813],[100.81934,6.95231],[100.81986,6.95562],[100.83102,6.95321],[100.83819,6.96031],[100.84877,6.96233],[100.90118,6.91484],[100.93126,6.89179],[100.98245,6.86401],[101.0051,6.85606],[101.05614,6.85417],[101.05768,6.85249],[101.0471,6.8497],[101.04118,6.85256],[101.00251,6.85298],[101.00585,6.84871],[101.01565,6.84919],[101.01718,6.84622],[101.0306,6.84874],[101.03212,6.84371],[101.04322,6.84675],[101.04424,6.83689],[101.06123,6.83946],[101.06328,6.83494],[101.07075,6.83568],[101.08884,6.84617],[101.08987,6.84423],[101.08043,6.83706],[101.08339,6.83589],[101.10122,6.84586],[101.09834,6.83595],[101.10891,6.83732],[101.11766,6.83458],[101.11898,6.84127],[101.12699,6.8451],[101.13148,6.83941],[101.14364,6.85121],[101.14045,6.85753],[101.12883,6.85205],[101.11563,6.84051],[101.10996,6.84054],[101.1304,6.859],[101.16469,6.86013],[101.16445,6.86271],[101.1985,6.86848],[101.22768,6.87891],[101.23958,6.88761],[101.23435,6.89974],[101.24069,6.90486],[101.25443,6.89347],[101.24738,6.90251],[101.2613,6.90309],[101.27312,6.89454],[101.28432,6.89126],[101.28401,6.88199],[101.29109,6.87822],[101.31046,6.88598],[101.31661,6.87926],[101.32356,6.87768],[101.3292,6.87018],[101.33641,6.86873],[101.36069,6.8793],[101.36687,6.87927],[101.36957,6.87848],[101.36734,6.8687],[101.37736,6.86415],[101.38694,6.8726],[101.39196,6.87013],[101.39129,6.86575],[101.39772,6.8634],[101.39796,6.86005],[101.38535,6.86333],[101.38056,6.85937],[101.38904,6.85366],[101.38267,6.84287],[101.39091,6.84103],[101.39188,6.8284],[101.39522,6.82581],[101.40501,6.82653],[101.39202,6.83097],[101.39297,6.8405],[101.3868,6.84375],[101.39032,6.85288],[101.38353,6.85909],[101.39615,6.85787],[101.39938,6.86056],[101.39773,6.86469],[101.39284,6.86613],[101.39339,6.87295],[101.40908,6.86695],[101.41471,6.85829],[101.42297,6.86212],[101.41937,6.86316],[101.41445,6.85932],[101.41101,6.86643],[101.3898,6.87774],[101.38181,6.877],[101.37817,6.86981],[101.37776,6.89184],[101.3426,6.9126],[101.35823,6.90378],[101.385,6.89553],[101.44912,6.88542],[101.4805,6.87238],[101.48558,6.87549],[101.51112,6.86218],[101.51705,6.86305],[101.51939,6.86728],[101.52672,6.86454],[101.54171,6.84798],[101.55934,6.84351],[101.60799,6.7616],[101.62098,6.73436],[101.62711,6.72467],[101.63738,6.71818],[101.6265,6.70806],[101.6095,6.70764],[101.62804,6.70702],[101.63272,6.71331],[101.63835,6.70735],[101.63709,6.71225],[101.64136,6.71635],[101.6666,6.66702],[101.75241,6.5347],[101.81746,6.44833],[101.83045,6.44672],[101.82952,6.44183],[101.82682,6.44236],[101.82495,6.42872],[101.82635,6.42614],[101.84229,6.42296],[101.84279,6.42012],[101.83426,6.41335],[101.83618,6.41192],[101.84433,6.42012],[101.84231,6.42605],[101.82778,6.42845],[101.82677,6.43257],[101.83518,6.43974],[101.83158,6.44207],[101.83265,6.44799],[101.8539,6.4283],[101.87499,6.42406],[101.94071,6.34851],[102.00767,6.29826],[102.00872,6.29479],[102.00538,6.29284],[102.02888,6.27817],[102.03054,6.28088],[102.01528,6.29367],[102.08773,6.24528],[102.09112,6.23848],[102.08857,6.23396],[102.07599,6.22925],[102.0814,6.22838],[102.07706,6.19823],[102.08023,6.1828],[102.0781,6.17275],[102.08563,6.16584],[102.08558,6.15752],[102.08897,6.15899],[102.09299,6.14878],[102.08868,6.13814],[102.08291,6.13672],[102.08232,6.12976],[102.07842,6.12822],[102.07949,6.12547],[102.07018,6.10866],[102.06697,6.10914],[102.06129,6.10289],[102.06056,6.09316],[102.05207,6.07861],[102.03474,6.06974],[102.03256,6.07131],[102.02984,6.06573],[102.02137,6.06005],[102.01942,6.05218],[102.01611,6.0538],[102.00332,6.0501],[102.00414,6.04448],[101.99895,6.0397],[101.99138,6.04052],[101.98393,6.02972],[101.97115,6.01936],[101.97269,6.0065],[101.95877,5.9936],[101.95424,5.99544],[101.95222,5.98717],[101.94548,5.98658],[101.9437,5.97945],[101.9466,5.97704],[101.94071,5.97178],[101.94464,5.95506],[101.93761,5.94841],[101.93007,5.94949],[101.9312,5.9321],[101.92148,5.91819],[101.92208,5.9101],[101.92728,5.91069],[101.9327,5.90705],[101.94377,5.87166],[101.94067,5.8708],[101.9385,5.86338],[101.92784,5.85779],[101.92979,5.85317],[101.92678,5.84987],[101.91738,5.84316],[101.9053,5.84097],[101.89537,5.8438],[101.89176,5.83806],[101.88435,5.83779],[101.87691,5.82068],[101.88076,5.81241],[101.87372,5.80331],[101.86368,5.80291],[101.86064,5.79938],[101.86645,5.79061],[101.85566,5.79344],[101.85533,5.79104],[101.83591,5.78853],[101.81918,5.75742],[101.81937,5.75365],[101.82404,5.75304],[101.82491,5.74965],[101.82721,5.73806],[101.82438,5.73311],[101.81595,5.73317],[101.81196,5.74118],[101.78884,5.75438],[101.77571,5.76841],[101.77614,5.78447],[101.75359,5.79707],[101.74469,5.79404],[101.74,5.78287],[101.72715,5.78538],[101.72262,5.78031],[101.72073,5.78763],[101.71757,5.78692],[101.71442,5.76344],[101.71055,5.76275],[101.70322,5.75328],[101.69082,5.75576],[101.68785,5.78185],[101.67792,5.78188],[101.67273,5.78695],[101.66955,5.79093],[101.67059,5.79561],[101.6648,5.80164],[101.66804,5.80828],[101.66354,5.81495],[101.65917,5.81191],[101.65783,5.81687],[101.65975,5.82792],[101.65742,5.8379],[101.66172,5.84708],[101.65646,5.8568],[101.66329,5.86593],[101.65909,5.87497],[101.65412,5.87746],[101.63908,5.87044],[101.62396,5.87713],[101.62333,5.89253],[101.61556,5.90143],[101.61529,5.91108],[101.60974,5.91463],[101.59816,5.91186],[101.59012,5.91979],[101.5877,5.93046],[101.58131,5.93436],[101.57393,5.9259],[101.55913,5.91903],[101.54047,5.91901],[101.52642,5.9086],[101.52398,5.89876],[101.51374,5.9032],[101.50841,5.8943],[101.49379,5.88151],[101.48693,5.88316],[101.48657,5.87018],[101.47902,5.87294],[101.47296,5.87072],[101.46437,5.87636],[101.45553,5.86737],[101.43195,5.87066],[101.42915,5.8749],[101.41911,5.87631],[101.4058,5.87206],[101.39224,5.8753],[101.39051,5.85919],[101.38719,5.85366],[101.38014,5.85022],[101.37407,5.83661],[101.37539,5.83349],[101.37193,5.83091],[101.35906,5.83316],[101.35093,5.82724],[101.34723,5.8229],[101.34613,5.80861],[101.33694,5.80664],[101.32593,5.8137],[101.32083,5.81193],[101.31377,5.80187],[101.30656,5.806],[101.30516,5.81325],[101.29503,5.81163],[101.29212,5.8152],[101.27615,5.81155],[101.26961,5.80319],[101.26503,5.80202],[101.25839,5.78446],[101.25979,5.77719],[101.24971,5.76267],[101.25068,5.75626],[101.25578,5.75134],[101.25412,5.74731],[101.25902,5.73537],[101.25861,5.71942],[101.26114,5.71786],[101.25999,5.71154],[101.24919,5.70364],[101.2511,5.69858],[101.23379,5.68783],[101.21851,5.68753],[101.22271,5.67595],[101.21504,5.6615],[101.20515,5.66025],[101.20383,5.65525],[101.19584,5.6495],[101.18954,5.65109],[101.17234,5.64758],[101.16723,5.64153],[101.1692,5.63592],[101.16435,5.6305],[101.15261,5.62273],[101.145,5.62323],[101.14498,5.61513],[101.13587,5.61285],[101.13285,5.61474],[101.12828,5.63212],[101.12984,5.63881],[101.1192,5.67031],[101.11102,5.68121],[101.10398,5.68363],[101.10292,5.68848],[101.0969,5.69208],[101.09563,5.70295],[101.08995,5.70332],[101.08515,5.70838],[101.08625,5.71097],[101.08083,5.70985],[101.08241,5.72109],[101.0677,5.72823],[101.06229,5.72663],[101.06019,5.7443],[101.03407,5.73789],[101.02229,5.75375],[101.01771,5.76731],[101.00714,5.77008],[101.00318,5.77987],[100.998,5.77998],[100.99584,5.7852],[100.98946,5.78393],[100.98881,5.79644],[100.98399,5.80719],[100.99966,5.81901],[101.00146,5.82826],[101.01193,5.83817],[101.00608,5.85143],[101.00991,5.85752],[101.0097,5.87421],[101.0143,5.87686],[101.01392,5.88155],[101.02877,5.90045],[101.02571,5.91278],[101.03707,5.91804],[101.05135,5.9101],[101.06176,5.9196],[101.07505,5.91827],[101.0847,5.90927],[101.0894,5.92048],[101.0877,5.92588],[101.09137,5.92567],[101.09257,5.93347],[101.09978,5.94289],[101.09517,5.95034],[101.10156,5.95152],[101.10943,5.95935],[101.1114,5.95747],[101.11509,5.96765],[101.12444,5.977],[101.12369,5.98146],[101.11419,5.98627],[101.11482,5.98852],[101.10697,5.99036],[101.10619,6.00003],[101.113,6.00869],[101.10811,6.01685],[101.11126,6.01982],[101.10876,6.03016],[101.11252,6.03162],[101.11434,6.03924],[101.10054,6.05136],[101.10472,6.06274],[101.11091,6.06621],[101.1115,6.07719],[101.11708,6.08592],[101.11509,6.09265],[101.12647,6.09493],[101.12794,6.09784],[101.12664,6.10691],[101.11907,6.1145],[101.10578,6.11412],[101.10811,6.11757],[101.10472,6.12415],[101.08944,6.13449],[101.07488,6.13541],[101.0718,6.13986],[101.05875,6.1417],[101.06135,6.151],[101.07639,6.16048],[101.07543,6.17079],[101.08533,6.17427],[101.08577,6.17867],[101.09338,6.17592],[101.09653,6.17962],[101.10814,6.17939],[101.12667,6.19265],[101.12264,6.20173],[101.11517,6.20492],[101.11887,6.21204],[101.1155,6.21676],[101.11704,6.22019],[101.10536,6.23753],[101.11148,6.25145],[101.10265,6.2536],[101.09434,6.26081],[101.08212,6.25982],[101.07525,6.25582],[101.07203,6.25841],[101.06775,6.2559],[101.06312,6.25959],[101.0602,6.25441],[101.04892,6.2549],[101.04392,6.24928],[101.03019,6.24415],[101.02274,6.24999],[101.01947,6.24632],[101.01525,6.24689],[101.01049,6.25608],[100.99389,6.26338],[100.98264,6.27826],[100.97021,6.28338],[100.96723,6.2813],[100.96649,6.27242],[100.94705,6.26411],[100.9476,6.25153],[100.94418,6.24237],[100.93122,6.24257],[100.91697,6.24789],[100.90267,6.23317],[100.89773,6.23408],[100.89254,6.23933],[100.89145,6.24966],[100.88633,6.24942],[100.88399,6.25515],[100.88112,6.25449],[100.87459,6.26337],[100.87089,6.26376],[100.86653,6.24533],[100.8704,6.23996],[100.85368,6.23189],[100.84409,6.2501],[100.84515,6.26293],[100.83474,6.2891],[100.83494,6.29565],[100.84113,6.30022],[100.84192,6.30664],[100.84931,6.30867],[100.84887,6.31535],[100.84072,6.3222],[100.83577,6.33862],[100.82776,6.35229],[100.82255,6.35521],[100.82073,6.36836],[100.82422,6.38468],[100.82126,6.39916],[100.82384,6.40701],[100.81601,6.42362],[100.81258,6.44218],[100.79153,6.44833],[100.78705,6.45463],[100.78192,6.45442],[100.77626,6.46232],[100.76896,6.45531],[100.75316,6.4578],[100.74392,6.47037],[100.73937,6.49207],[100.74359,6.49833],[100.7386,6.51037],[100.73438,6.5103],[100.73034,6.50513],[100.72919,6.49502],[100.7237,6.49535],[100.71889,6.48554],[100.71222,6.48177],[100.70971,6.47101],[100.69718,6.46994],[100.69765,6.46614],[100.69376,6.46429],[100.68667,6.46514],[100.68343,6.45326],[100.66237,6.45103],[100.65258,6.44258],[100.64336,6.44892],[100.64571,6.45866],[100.61784,6.45983],[100.60809,6.47208],[100.60134,6.46987],[100.5952,6.47738],[100.57301,6.48271],[100.56381,6.49509],[100.55322,6.49165],[100.54889,6.48475],[100.54211,6.49118],[100.5369,6.48684],[100.53215,6.4899],[100.51881,6.48866],[100.51504,6.49332],[100.51183,6.49236],[100.50881,6.49949],[100.50131,6.50014],[100.49965,6.5069],[100.49743,6.50544],[100.49354,6.50901],[100.49268,6.51664],[100.49617,6.52137],[100.48914,6.52536],[100.48677,6.52246],[100.47658,6.52368],[100.47059,6.52043],[100.45623,6.53142],[100.45371,6.52677],[100.44076,6.5271],[100.4279,6.52244],[100.42369,6.5176],[100.40364,6.52944],[100.40253,6.53578],[100.38819,6.53493],[100.38742,6.5384],[100.37329,6.54512],[100.36648,6.53971],[100.35979,6.54803],[100.35912,6.55612],[100.35344,6.56156],[100.35137,6.57292],[100.3452,6.57111],[100.33966,6.5814],[100.33432,6.58504],[100.32574,6.58545],[100.31563,6.60413],[100.30513,6.60559],[100.30587,6.61111],[100.31,6.61088],[100.32604,6.62145],[100.32124,6.63578],[100.31645,6.6363],[100.32183,6.64209],[100.31949,6.65403],[100.32722,6.66362],[100.31925,6.66432],[100.31576,6.66774],[100.30909,6.66666],[100.30294,6.67868],[100.29416,6.6803],[100.2901,6.69063],[100.29395,6.70693],[100.29055,6.70992],[100.27547,6.70661],[100.27497,6.70377],[100.26391,6.69913],[100.25752,6.71133],[100.25674,6.70819],[100.25283,6.70854],[100.25332,6.70382],[100.24372,6.6934],[100.22897,6.6933],[100.21858,6.70236],[100.21473,6.71884],[100.20699,6.72013],[100.20201,6.7251],[100.18584,6.71678],[100.17881,6.69709],[100.17157,6.69376],[100.1752,6.68288],[100.17881,6.68256],[100.18068,6.65428],[100.16933,6.64794],[100.169,6.63264],[100.16609,6.63161],[100.17037,6.60752],[100.18098,6.60168],[100.17828,6.5923],[100.18429,6.57954],[100.18341,6.57318],[100.17718,6.57217],[100.17569,6.56664],[100.17315,6.57276],[100.16986,6.57461],[100.16609,6.56972],[100.15685,6.57932],[100.15965,6.56256],[100.15377,6.55737],[100.15743,6.52253],[100.15457,6.52179],[100.16059,6.50328],[100.16072,6.49307],[100.15971,6.48741],[100.15463,6.48675],[100.15906,6.48065],[100.15126,6.47584],[100.1445,6.46301],[100.14803,6.45264],[100.13571,6.44388],[100.13335,6.42908],[100.12381,6.42272],[100.11967,6.42319],[100.11907,6.44278],[100.11536,6.45284],[100.12515,6.45308],[100.12861,6.44405],[100.12743,6.43593],[100.12949,6.43605],[100.13637,6.45924],[100.14179,6.46077],[100.13497,6.46517],[100.13243,6.48167],[100.12883,6.484],[100.12884,6.48838],[100.13245,6.49069],[100.12447,6.49741],[100.12089,6.50593],[100.12271,6.51417],[100.13833,6.52677],[100.13718,6.53089],[100.14093,6.5381],[100.13877,6.55164],[100.1313,6.55308],[100.13835,6.53837],[100.13047,6.53001],[100.12455,6.52989],[100.12404,6.53234],[100.12383,6.55412],[100.1313,6.55527],[100.13184,6.5639],[100.12686,6.58428],[100.13473,6.58709],[100.13773,6.60281],[100.12882,6.59677],[100.12599,6.59897],[100.12678,6.60593],[100.13297,6.60591],[100.13659,6.61158],[100.13365,6.62396],[100.12579,6.62552],[100.12775,6.6366],[100.12559,6.65181],[100.1216,6.65131],[100.12506,6.64331],[100.12273,6.64022],[100.12569,6.63764],[100.12297,6.62952],[100.11368,6.62606],[100.11873,6.63688],[100.1137,6.63728],[100.11356,6.63019],[100.10648,6.63523],[100.10791,6.63974],[100.10018,6.64053],[100.10827,6.62891],[100.10645,6.62299],[100.11519,6.60866],[100.11399,6.59229],[100.12503,6.57191],[100.12308,6.56676],[100.12682,6.567],[100.12526,6.56108],[100.12178,6.56109],[100.11909,6.56805],[100.10839,6.56859],[100.10738,6.5762],[100.11138,6.57838],[100.10985,6.58612],[100.10342,6.59258],[100.10204,6.60753],[100.09546,6.60548],[100.09665,6.62069],[100.09315,6.61142],[100.09019,6.61439],[100.08671,6.61195],[100.08863,6.60679],[100.09284,6.60591],[100.08038,6.60513],[100.07934,6.60049],[100.08321,6.60242],[100.08397,6.59829],[100.0752,6.5938],[100.07159,6.59432],[100.07238,6.60141],[100.06852,6.60322],[100.06798,6.59394],[100.06077,6.59525],[100.05949,6.59976],[100.04944,6.60442],[100.04261,6.60302],[100.04285,6.59709],[100.03809,6.59697],[100.03785,6.60793],[100.03052,6.61438],[100.02886,6.62173],[100.01893,6.62034],[100.01597,6.62447],[100.01651,6.6371],[100.01369,6.64123],[100.01807,6.64302],[100.01318,6.64574],[99.99887,6.64255],[99.9946,6.63534],[99.98849,6.63243],[99.98567,6.62066],[99.97342,6.6145],[99.96515,6.60292],[99.96875,6.59878],[99.97339,6.59955],[99.97261,6.59697],[99.9561,6.58979],[99.9548,6.58528],[99.95106,6.58413],[99.94875,6.59006],[99.95022,6.61764],[99.95487,6.61969],[99.95434,6.61428],[99.95948,6.60447],[99.96454,6.603],[99.97316,6.61476],[99.98477,6.62041],[99.98763,6.63226],[100.01061,6.65051],[100.00623,6.6513],[100.00624,6.65594],[100.00109,6.65672],[99.9989,6.66162],[99.99387,6.65777],[99.99115,6.64978],[99.9887,6.65094],[99.98692,6.66139],[99.99259,6.66138],[99.99053,6.66576],[99.99699,6.67129],[100.00369,6.67167],[100.00422,6.6754],[100.00061,6.67644],[99.99906,6.67245],[99.9939,6.67401],[99.99158,6.6713],[99.98914,6.67608],[99.9916,6.68445],[99.98851,6.68355],[99.99175,6.69205],[99.97808,6.6895],[99.98338,6.69748],[99.99008,6.69528],[99.98777,6.69954],[99.9812,6.70239],[99.9741,6.69982],[99.97242,6.69596],[99.96329,6.70912],[99.97516,6.71348],[99.97954,6.71115],[99.97813,6.71863],[99.98085,6.72249],[99.98781,6.72351],[99.97557,6.72818],[99.97505,6.72147],[99.96356,6.71428],[99.95712,6.71919],[99.95144,6.71688],[99.95132,6.72152],[99.94836,6.72153],[99.9446,6.71096],[99.93532,6.71124],[99.93569,6.70093],[99.94213,6.69963],[99.94868,6.69008],[99.94211,6.68738],[99.9309,6.69114],[99.93055,6.71177],[99.93431,6.72104],[99.92928,6.72195],[99.93071,6.73032],[99.9386,6.73946],[99.94608,6.74061],[99.95226,6.7375],[99.95537,6.74703],[99.95924,6.7487],[99.96363,6.74882],[99.964,6.74392],[99.97006,6.74047],[99.97162,6.75009],[99.98142,6.75059],[99.9822,6.75446],[99.99303,6.75186],[99.99188,6.75598],[99.98492,6.76002],[99.98679,6.76366],[99.97834,6.75601],[99.97202,6.75705],[99.97076,6.7684],[99.9647,6.7715],[99.96471,6.7746],[99.9691,6.77639],[99.96859,6.78271],[99.9611,6.77357],[99.96081,6.75849],[99.95306,6.75129],[99.9519,6.75374],[99.94842,6.75117],[99.94623,6.75298],[99.94753,6.76071],[99.94174,6.76536],[99.9455,6.77412],[99.941,6.78186],[99.93623,6.78367],[99.93895,6.78882],[99.93302,6.78974],[99.9347,6.7945],[99.93084,6.79606],[99.92773,6.78653],[99.9227,6.7877],[99.9182,6.79582],[99.91938,6.80278],[99.91408,6.79789],[99.91446,6.79248],[99.9062,6.79198],[99.91239,6.78991],[99.91713,6.7752],[99.90872,6.76104],[99.91018,6.77934],[99.89974,6.78542],[99.89835,6.79664],[99.89422,6.79742],[99.89269,6.80747],[99.88985,6.80696],[99.8879,6.79601],[99.8915,6.79072],[99.88711,6.78802],[99.89381,6.78607],[99.89638,6.77795],[99.90553,6.776],[99.90217,6.77085],[99.90585,6.74326],[99.9048,6.73282],[99.89035,6.72628],[99.88546,6.73015],[99.88911,6.74986],[99.88524,6.74936],[99.88655,6.76392],[99.88036,6.76354],[99.87638,6.76935],[99.8778,6.77463],[99.88064,6.77476],[99.87949,6.77888],[99.87199,6.77091],[99.87483,6.76832],[99.87315,6.76601],[99.86644,6.76615],[99.85975,6.77582],[99.86247,6.78226],[99.86094,6.78949],[99.85437,6.79156],[99.85515,6.79903],[99.85181,6.80278],[99.85439,6.80264],[99.85594,6.80754],[99.86497,6.80817],[99.86472,6.81165],[99.85789,6.81501],[99.85182,6.80909],[99.8508,6.81515],[99.84576,6.81323],[99.84462,6.82122],[99.86217,6.8297],[99.85998,6.83176],[99.85379,6.82842],[99.85247,6.83138],[99.85768,6.84002],[99.84787,6.83668],[99.84141,6.82694],[99.84115,6.82999],[99.83316,6.8331],[99.83779,6.82768],[99.83224,6.82292],[99.82889,6.82305],[99.82838,6.82898],[99.82025,6.82384],[99.81859,6.83519],[99.82221,6.83621],[99.82661,6.84806],[99.81991,6.85375],[99.81372,6.85169],[99.82171,6.84936],[99.81963,6.84034],[99.80854,6.8401],[99.80031,6.85365],[99.79771,6.84321],[99.7923,6.84193],[99.79126,6.83936],[99.79422,6.83832],[99.79952,6.84321],[99.80416,6.84294],[99.81059,6.83172],[99.81369,6.83313],[99.81716,6.82746],[99.81239,6.82514],[99.81481,6.81148],[99.82369,6.79651],[99.82264,6.79033],[99.81852,6.79059],[99.81877,6.78634],[99.82573,6.78323],[99.8363,6.78489],[99.83771,6.77999],[99.81204,6.77062],[99.80728,6.77798],[99.80512,6.79963],[99.80228,6.79861],[99.79445,6.81847],[99.77733,6.83977],[99.7687,6.84223],[99.76804,6.83591],[99.75695,6.83774],[99.75437,6.83233],[99.75051,6.8402],[99.7402,6.8473],[99.71984,6.85507],[99.7214,6.86112],[99.73378,6.86316],[99.73725,6.85723],[99.73505,6.85259],[99.7433,6.84639],[99.74228,6.85284],[99.74653,6.85335],[99.74357,6.85799],[99.74538,6.86005],[99.74848,6.86005],[99.75336,6.85102],[99.76293,6.86415],[99.76706,6.86492],[99.76707,6.87407],[99.76217,6.87253],[99.75728,6.87808],[99.75134,6.87783],[99.74669,6.87023],[99.74243,6.87063],[99.73947,6.87566],[99.74696,6.87784],[99.74657,6.88067],[99.75122,6.88299],[99.75341,6.88028],[99.75883,6.88194],[99.75755,6.88839],[99.75368,6.88866],[99.75034,6.89536],[99.75524,6.896],[99.75421,6.89871],[99.74673,6.89949],[99.7426,6.89447],[99.7298,6.89917],[99.71551,6.89361],[99.70984,6.89452],[99.71213,6.87712],[99.70582,6.88254],[99.7018,6.86927],[99.69665,6.86941],[99.68585,6.89494],[99.67786,6.89985],[99.68277,6.90745],[99.68832,6.90603],[99.68689,6.90036],[99.69075,6.89803],[99.69901,6.89776],[99.69038,6.90989],[99.68394,6.91377],[99.6814,6.93852],[99.68244,6.94625],[99.69393,6.95564],[99.70038,6.95164],[99.69921,6.94674],[99.70139,6.94055],[99.70397,6.94106],[99.69957,6.93179],[99.70319,6.93513],[99.70937,6.92713],[99.71324,6.92945],[99.71091,6.92069],[99.70446,6.92121],[99.70394,6.91619],[99.71477,6.91449],[99.72005,6.90881],[99.71409,6.8949],[99.72971,6.89978],[99.73521,6.89702],[99.74467,6.89795],[99.74467,6.90233],[99.73811,6.90982],[99.73851,6.91936],[99.73283,6.91885],[99.73284,6.92104],[99.74445,6.92476],[99.74559,6.9111],[99.74855,6.90826],[99.74753,6.91161],[99.75153,6.91702],[99.74964,6.94434],[99.7534,6.95413],[99.7592,6.95425],[99.76435,6.94819],[99.77054,6.94637],[99.76566,6.96082],[99.76167,6.96263],[99.76335,6.96623],[99.75657,6.96867],[99.75569,6.96573],[99.74774,6.96394],[99.74774,6.96652],[99.73756,6.97079],[99.72867,6.98201],[99.72945,6.98536],[99.72262,6.98782],[99.72173,6.99646],[99.71375,7.00885],[99.70268,7.00787],[99.70589,7.01324],[99.71324,7.01014],[99.7156,7.03669],[99.69071,7.04678],[99.68695,7.0326],[99.6939,7.02177],[99.68318,7.01495],[99.67777,7.01947],[99.66994,7.04268],[99.6786,7.05401],[99.67225,7.03701],[99.67638,7.03545],[99.67652,7.04293],[99.68491,7.04704],[99.68207,7.05014],[99.68453,7.05555],[99.69605,7.07564],[99.69927,7.07589],[99.69294,7.06688],[99.69538,7.06095],[99.69254,7.06018],[99.69123,7.04794],[99.71427,7.03729],[99.72402,7.05755],[99.72106,7.06632],[99.72481,7.07044],[99.72949,7.09389],[99.73466,7.09646],[99.73594,7.09208],[99.73956,7.09259],[99.7367,7.07893],[99.7416,7.07763],[99.74005,7.08124],[99.74341,7.0833],[99.74314,7.07712],[99.74598,7.07737],[99.74653,7.09309],[99.75053,7.0967],[99.75055,7.11113],[99.75417,7.1137],[99.75535,7.12144],[99.76308,7.11678],[99.76268,7.11111],[99.77055,7.10955],[99.76977,7.10388],[99.77932,7.10438],[99.77908,7.11572],[99.78375,7.12873],[99.78143,7.12977],[99.78221,7.13634],[99.77464,7.13876],[99.77811,7.15285],[99.77424,7.15324],[99.77347,7.15904],[99.76316,7.16718],[99.76575,7.17027],[99.76358,7.18535],[99.75622,7.1833],[99.75595,7.1775],[99.74293,7.18255],[99.74435,7.18616],[99.73519,7.18952],[99.74152,7.19235],[99.74076,7.19828],[99.73959,7.19441],[99.73017,7.19598],[99.73724,7.17972],[99.73427,7.17664],[99.72435,7.18619],[99.72539,7.19005],[99.72088,7.19535],[99.72035,7.19006],[99.71003,7.18879],[99.70769,7.18209],[99.71285,7.17976],[99.7095,7.17835],[99.70691,7.17835],[99.70513,7.19034],[99.69429,7.19088],[99.69492,7.18649],[99.68807,7.17568],[99.69917,7.17849],[99.69889,7.16457],[99.69553,7.16278],[99.69502,7.1651],[99.68212,7.16628],[99.68354,7.17182],[99.67816,7.19374],[99.68023,7.2025],[99.67482,7.20921],[99.67355,7.21798],[99.67678,7.22545],[99.67227,7.22674],[99.67125,7.23731],[99.67345,7.23924],[99.66635,7.2399],[99.66647,7.23526],[99.65949,7.22702],[99.64917,7.22716],[99.65019,7.22033],[99.64656,7.21157],[99.64217,7.2108],[99.63985,7.21364],[99.64192,7.21789],[99.63574,7.22499],[99.63923,7.22731],[99.64144,7.23942],[99.65408,7.23631],[99.65836,7.24661],[99.65126,7.24533],[99.64998,7.25358],[99.647,7.24946],[99.64391,7.2505],[99.64482,7.26029],[99.65141,7.26338],[99.64587,7.26584],[99.64729,7.27215],[99.64265,7.27705],[99.64279,7.28015],[99.64847,7.28181],[99.64796,7.2862],[99.64137,7.28531],[99.63969,7.28093],[99.63247,7.28532],[99.63413,7.27732],[99.62884,7.27682],[99.6291,7.27372],[99.63348,7.27372],[99.63606,7.26675],[99.63476,7.26057],[99.63011,7.26147],[99.62764,7.25078],[99.63009,7.24588],[99.62608,7.24331],[99.62685,7.24047],[99.62208,7.24073],[99.62029,7.25363],[99.61408,7.24551],[99.61306,7.25183],[99.61616,7.25647],[99.61411,7.26214],[99.61281,7.25608],[99.60158,7.25855],[99.60439,7.23663],[99.60116,7.23432],[99.59368,7.23665],[99.59909,7.22813],[99.5921,7.21719],[99.59234,7.20082],[99.58717,7.19734],[99.58742,7.1918],[99.59245,7.18947],[99.59036,7.16447],[99.59333,7.16601],[99.595,7.15931],[99.59344,7.15364],[99.58556,7.14669],[99.57706,7.15727],[99.55969,7.2055],[99.52206,7.25091],[99.5346,7.28325],[99.53938,7.27745],[99.53523,7.26044],[99.55213,7.2483],[99.5538,7.24263],[99.5551,7.2483],[99.55987,7.24906],[99.56219,7.24159],[99.57147,7.23461],[99.57199,7.23771],[99.56657,7.23926],[99.56503,7.2448],[99.56865,7.25124],[99.56168,7.24842],[99.55072,7.25861],[99.5422,7.25991],[99.54158,7.27951],[99.54416,7.28002],[99.54365,7.28363],[99.55011,7.28259],[99.55088,7.27924],[99.55333,7.28052],[99.55474,7.27111],[99.56326,7.27587],[99.56442,7.27226],[99.57049,7.27122],[99.5701,7.26839],[99.57423,7.2689],[99.57667,7.26142],[99.57964,7.2627],[99.57771,7.26657],[99.58649,7.2694],[99.58185,7.27585],[99.57308,7.27728],[99.57102,7.2814],[99.57437,7.28063],[99.57567,7.29016],[99.57111,7.2884],[99.56949,7.29571],[99.57595,7.30035],[99.57544,7.30769],[99.57957,7.30885],[99.57674,7.31633],[99.58696,7.33333],[99.58711,7.35137],[99.59169,7.35317],[99.5977,7.34698],[99.60338,7.34723],[99.6013,7.33872],[99.61046,7.33613],[99.60723,7.33201],[99.61369,7.3351],[99.61241,7.34206],[99.61551,7.34515],[99.62067,7.34256],[99.61989,7.33947],[99.62453,7.33534],[99.62401,7.32902],[99.62814,7.33276],[99.63279,7.33107],[99.63126,7.34255],[99.63449,7.34332],[99.63783,7.33549],[99.64414,7.33232],[99.63552,7.3446],[99.63257,7.35569],[99.62534,7.35841],[99.60868,7.35779],[99.59849,7.36335],[99.59255,7.36297],[99.59902,7.36863],[99.61709,7.36551],[99.61787,7.37144],[99.61374,7.37351],[99.61633,7.37518],[99.61942,7.37505],[99.62019,7.36989],[99.62433,7.3762],[99.63259,7.36962],[99.63246,7.37426],[99.62795,7.37813],[99.63119,7.38844],[99.62564,7.38973],[99.62305,7.38419],[99.6188,7.38794],[99.61868,7.39309],[99.61506,7.39619],[99.61714,7.40367],[99.60861,7.3962],[99.60704,7.38422],[99.60007,7.38139],[99.60693,7.39878],[99.60537,7.40122],[99.61198,7.40548],[99.61506,7.41991],[99.61743,7.423],[99.62207,7.42235],[99.61861,7.42633],[99.61761,7.43563],[99.62029,7.44246],[99.62261,7.44001],[99.62573,7.44954],[99.63154,7.45159],[99.62961,7.45405],[99.61888,7.44439],[99.61488,7.44749],[99.61281,7.44337],[99.6079,7.44557],[99.60531,7.44235],[99.60996,7.44209],[99.61202,7.43332],[99.60826,7.42198],[99.6005,7.41323],[99.60088,7.40781],[99.59765,7.41168],[99.59897,7.42766],[99.59161,7.43103],[99.58181,7.44225],[99.58026,7.44084],[99.58387,7.43825],[99.5876,7.42613],[99.58437,7.42356],[99.58876,7.42123],[99.59017,7.41582],[99.58487,7.41389],[99.58564,7.40835],[99.58977,7.40602],[99.58821,7.40022],[99.57944,7.40423],[99.57762,7.40088],[99.58253,7.39907],[99.58265,7.39443],[99.58755,7.39056],[99.58121,7.37793],[99.57359,7.37305],[99.56662,7.37795],[99.56909,7.39251],[99.56289,7.39188],[99.56172,7.38698],[99.55514,7.39086],[99.559,7.37667],[99.55538,7.37307],[99.56415,7.36636],[99.56597,7.37125],[99.57332,7.36866],[99.56827,7.35913],[99.56993,7.34495],[99.56127,7.3362],[99.56372,7.32949],[99.55403,7.32254],[99.55428,7.31919],[99.54705,7.3174],[99.5455,7.31985],[99.54345,7.33055],[99.54643,7.33982],[99.54191,7.34138],[99.54141,7.34937],[99.53857,7.3504],[99.5383,7.34293],[99.53495,7.34422],[99.53339,7.34061],[99.53545,7.33159],[99.5388,7.33055],[99.53298,7.32179],[99.53414,7.31638],[99.52432,7.31356],[99.52641,7.32799],[99.5228,7.33315],[99.5259,7.33585],[99.51996,7.33831],[99.51868,7.34295],[99.5263,7.34681],[99.52644,7.353],[99.52101,7.34875],[99.50965,7.34889],[99.5077,7.34503],[99.51092,7.3378],[99.51583,7.33728],[99.51582,7.33187],[99.5197,7.33058],[99.51891,7.32439],[99.50949,7.32956],[99.50629,7.34889],[99.51521,7.36306],[99.50954,7.36668],[99.5089,7.37609],[99.51641,7.39658],[99.5141,7.40057],[99.50893,7.40071],[99.50791,7.41205],[99.51308,7.42004],[99.51335,7.42906],[99.52239,7.42931],[99.52343,7.43214],[99.52782,7.42956],[99.53013,7.42182],[99.5353,7.42362],[99.53375,7.42762],[99.53918,7.42516],[99.545,7.43315],[99.53454,7.43986],[99.52705,7.4382],[99.51879,7.44413],[99.51608,7.44195],[99.50898,7.44389],[99.50717,7.44196],[99.51258,7.43099],[99.50031,7.4265],[99.49953,7.42315],[99.50636,7.41489],[99.50208,7.39633],[99.49291,7.39196],[99.49577,7.40665],[99.50042,7.41051],[99.49242,7.41207],[99.49099,7.40898],[99.48725,7.41104],[99.48621,7.40305],[99.47652,7.40538],[99.47859,7.40203],[99.47432,7.39675],[99.46037,7.3947],[99.45894,7.38658],[99.44566,7.39833],[99.44281,7.39537],[99.44643,7.39304],[99.44822,7.38105],[99.45222,7.3804],[99.45454,7.37318],[99.44846,7.36429],[99.44485,7.37087],[99.44176,7.37126],[99.44253,7.36727],[99.43762,7.36779],[99.43595,7.37217],[99.42548,7.36754],[99.42832,7.36444],[99.43659,7.36624],[99.43064,7.36006],[99.43994,7.36005],[99.44072,7.36508],[99.44511,7.3652],[99.45439,7.34843],[99.45878,7.34791],[99.46046,7.35642],[99.46524,7.35203],[99.46989,7.36157],[99.47661,7.36723],[99.48255,7.36722],[99.48369,7.34196],[99.47891,7.33887],[99.46884,7.3394],[99.46367,7.3345],[99.47348,7.33462],[99.47064,7.33037],[99.47786,7.32534],[99.47734,7.32263],[99.46392,7.32973],[99.45772,7.32729],[99.45437,7.32974],[99.45307,7.32536],[99.4634,7.32548],[99.47475,7.31567],[99.47397,7.31361],[99.46546,7.31517],[99.46467,7.30924],[99.47397,7.30742],[99.47783,7.2984],[99.48506,7.29684],[99.48402,7.29233],[99.47033,7.28925],[99.46724,7.29248],[99.46956,7.29454],[99.46751,7.30086],[99.4595,7.30009],[99.45563,7.30474],[99.45124,7.30448],[99.44995,7.30049],[99.44298,7.3023],[99.44454,7.31184],[99.43085,7.3045],[99.42026,7.30722],[99.41974,7.30232],[99.4231,7.29923],[99.41948,7.29742],[99.41162,7.31264],[99.43059,7.30528],[99.43279,7.3103],[99.42724,7.31624],[99.42596,7.32462],[99.41873,7.32862],[99.42274,7.33068],[99.419,7.33493],[99.41618,7.35878],[99.40895,7.36047],[99.4087,7.36395],[99.4043,7.36318],[99.40573,7.36988],[99.40341,7.37169],[99.39759,7.35764],[99.40171,7.34926],[99.40636,7.349],[99.39379,7.34454],[99.39369,7.33741],[99.39085,7.33844],[99.3893,7.33406],[99.39963,7.33199],[99.39898,7.32812],[99.40195,7.33121],[99.40634,7.32966],[99.40672,7.32399],[99.40207,7.3191],[99.39807,7.32529],[99.39368,7.32632],[99.39716,7.31936],[99.39419,7.31395],[99.3978,7.3102],[99.40194,7.31304],[99.40309,7.30724],[99.39883,7.30453],[99.39535,7.30698],[99.37678,7.33845],[99.37046,7.33872],[99.36052,7.3511],[99.36428,7.35934],[99.36943,7.35057],[99.3746,7.35096],[99.3782,7.34116],[99.38311,7.34154],[99.38827,7.33664],[99.39396,7.34656],[99.39061,7.35249],[99.38764,7.35159],[99.38751,7.35468],[99.38209,7.35649],[99.37784,7.36629],[99.38236,7.36809],[99.37049,7.3846],[99.36713,7.38009],[99.3612,7.38899],[99.35113,7.39003],[99.36004,7.39699],[99.35734,7.40008],[99.362,7.41323],[99.36446,7.41352],[99.36612,7.42419],[99.36265,7.42096],[99.3602,7.4247],[99.35735,7.42212],[99.34935,7.42432],[99.34856,7.40963],[99.35346,7.40137],[99.34928,7.40181],[99.34598,7.41105],[99.33927,7.40964],[99.33875,7.41273],[99.34456,7.4135],[99.34612,7.41994],[99.3442,7.44237],[99.34756,7.44211],[99.34857,7.4251],[99.35529,7.4269],[99.35607,7.43128],[99.35143,7.44211],[99.34304,7.44469],[99.33853,7.46042],[99.34137,7.46377],[99.34446,7.45139],[99.34834,7.45113],[99.35286,7.45448],[99.35015,7.45667],[99.35222,7.46299],[99.34744,7.46299],[99.34022,7.47924],[99.33364,7.48466],[99.33738,7.47125],[99.33557,7.46867],[99.32732,7.49446],[99.31222,7.50633],[99.31325,7.50942],[99.32461,7.50323],[99.33185,7.50657],[99.33753,7.50399],[99.3356,7.50786],[99.34322,7.5094],[99.32514,7.51638],[99.32695,7.52359],[99.32454,7.52583],[99.31649,7.52231],[99.31481,7.51638],[99.31119,7.52038],[99.3068,7.51845],[99.30461,7.52077],[99.30784,7.5334],[99.31586,7.53701],[99.32472,7.526],[99.33083,7.5272],[99.33342,7.533],[99.33045,7.53751],[99.32102,7.54048],[99.32232,7.54654],[99.32607,7.5486],[99.32567,7.54087],[99.33149,7.54344],[99.3373,7.53712],[99.34531,7.54162],[99.34118,7.54678],[99.34428,7.54755],[99.34428,7.55194],[99.33602,7.55117],[99.33447,7.55504],[99.33835,7.55607],[99.3381,7.56793],[99.33577,7.56664],[99.33474,7.57218],[99.33061,7.57025],[99.32879,7.5544],[99.31522,7.55067],[99.31277,7.5615],[99.30889,7.55583],[99.30489,7.55764],[99.3054,7.55197],[99.30334,7.55274],[99.29482,7.56048],[99.29495,7.56383],[99.30245,7.57169],[99.30541,7.56486],[99.31123,7.56485],[99.31123,7.57104],[99.31601,7.57464],[99.3146,7.58934],[99.30776,7.59115],[99.31278,7.57374],[99.29069,7.57518],[99.27908,7.60045],[99.27947,7.60612],[99.28335,7.60174],[99.28322,7.6056],[99.2942,7.60199],[99.29188,7.60869],[99.29782,7.61023],[99.29731,7.61307],[99.30299,7.61668],[99.29033,7.61784],[99.2937,7.62106],[99.30196,7.61745],[99.30429,7.62196],[99.29899,7.62441],[99.30287,7.62802],[99.30146,7.63446],[99.30998,7.6342],[99.31128,7.63716],[99.30662,7.63562],[99.30366,7.64349],[99.30017,7.6431],[99.29733,7.64723],[99.3016,7.65071],[99.29876,7.66257],[99.30548,7.65792],[99.30561,7.66282],[99.31492,7.66565],[99.3153,7.66823],[99.30691,7.66656],[99.30277,7.67081],[99.30201,7.68443],[99.29477,7.68397],[99.28598,7.67714],[99.2803,7.67818],[99.27989,7.65717],[99.28402,7.64582],[99.27782,7.64557],[99.27408,7.64122],[99.27709,7.64591],[99.27304,7.65279],[99.26684,7.65202],[99.26671,7.64944],[99.26284,7.65279],[99.26323,7.65563],[99.27124,7.65485],[99.27167,7.66456],[99.26646,7.66491],[99.26918,7.66877],[99.27331,7.66568],[99.27952,7.67831],[99.28727,7.67894],[99.29012,7.68423],[99.3015,7.68989],[99.30033,7.6935],[99.29297,7.69183],[99.29271,7.69712],[99.2891,7.6997],[99.28198,7.69016],[99.27863,7.69352],[99.27488,7.6921],[99.27875,7.68127],[99.26531,7.6747],[99.25472,7.68683],[99.26738,7.68991],[99.26222,7.69946],[99.26636,7.71505],[99.26288,7.71699],[99.26094,7.7126],[99.25163,7.71222],[99.25008,7.71532],[99.24233,7.71339],[99.23794,7.7188],[99.23277,7.71842],[99.2223,7.71056],[99.22475,7.70231],[99.2374,7.68813],[99.23249,7.68091],[99.22551,7.67653],[99.21207,7.67912],[99.2038,7.66958],[99.19656,7.67062],[99.19734,7.67732],[99.2104,7.68402],[99.21725,7.69974],[99.21623,7.71237],[99.22515,7.72062],[99.22295,7.72474],[99.21157,7.71521],[99.20408,7.71689],[99.20007,7.71418],[99.20202,7.72192],[99.20434,7.7214],[99.20822,7.72823],[99.21184,7.7232],[99.21727,7.72578],[99.21864,7.72329],[99.22864,7.73105],[99.22348,7.74034],[99.22607,7.75645],[99.22297,7.75851],[99.21986,7.75117],[99.20991,7.75465],[99.20357,7.73932],[99.19905,7.73635],[99.19918,7.72978],[99.19659,7.73043],[99.19556,7.74022],[99.19853,7.741],[99.19945,7.75956],[99.19609,7.76523],[99.19402,7.766],[99.19078,7.74487],[99.18755,7.74448],[99.18497,7.75286],[99.18691,7.75802],[99.18226,7.75724],[99.18135,7.74642],[99.18406,7.7441],[99.1816,7.73533],[99.19013,7.72863],[99.19013,7.7227],[99.1834,7.71277],[99.18211,7.71587],[99.17449,7.71755],[99.1701,7.72812],[99.15666,7.74179],[99.1599,7.74643],[99.15499,7.74669],[99.14297,7.76319],[99.14156,7.78098],[99.14388,7.77505],[99.15784,7.77659],[99.15552,7.78458],[99.16405,7.7985],[99.17439,7.79927],[99.17439,7.80339],[99.17724,7.80081],[99.18654,7.80249],[99.17957,7.80442],[99.18164,7.81022],[99.17879,7.81061],[99.17944,7.81551],[99.17207,7.80816],[99.15747,7.81474],[99.15941,7.81938],[99.15643,7.81938],[99.15514,7.81449],[99.14907,7.81758],[99.14596,7.81384],[99.14765,7.823],[99.14429,7.82351],[99.13821,7.8114],[99.14144,7.80934],[99.14557,7.79567],[99.13924,7.79142],[99.13035,7.80843],[99.13032,7.81192],[99.13692,7.81346],[99.11805,7.831],[99.12012,7.83306],[99.11766,7.83512],[99.1165,7.82765],[99.10848,7.8243],[99.10047,7.82984],[99.09569,7.8292],[99.10228,7.81476],[99.11533,7.81244],[99.11882,7.81798],[99.12477,7.81385],[99.12566,7.78949],[99.12217,7.78923],[99.12101,7.78176],[99.10873,7.77854],[99.10472,7.78202],[99.10343,7.79233],[99.09284,7.79362],[99.09051,7.80007],[99.08534,7.79775],[99.09374,7.78383],[99.0918,7.77326],[99.09503,7.76862],[99.09373,7.75031],[99.09709,7.7418],[99.09721,7.72505],[99.09334,7.7235],[99.09424,7.72118],[99.09915,7.72298],[99.10496,7.70494],[99.09992,7.70184],[99.09992,7.69347],[99.08803,7.69824],[99.08416,7.69695],[99.08338,7.70236],[99.07705,7.70236],[99.07563,7.70778],[99.06839,7.70842],[99.0556,7.71706],[99.05237,7.72763],[99.05961,7.7217],[99.064,7.72608],[99.06452,7.73227],[99.06181,7.7315],[99.05186,7.74014],[99.04436,7.73885],[99.04811,7.73227],[99.04333,7.72892],[99.04371,7.72454],[99.05134,7.71977],[99.05806,7.70701],[99.05431,7.70417],[99.05857,7.69914],[99.05159,7.69734],[99.04785,7.70701],[99.04681,7.70134],[99.03971,7.70314],[99.02433,7.74645],[99.02084,7.76631],[99.02343,7.77069],[99.03635,7.77185],[99.03713,7.76901],[99.02627,7.76424],[99.03015,7.76321],[99.03118,7.75677],[99.03971,7.75367],[99.04385,7.73923],[99.05522,7.7413],[99.05496,7.74568],[99.06142,7.74104],[99.06452,7.74555],[99.06375,7.75186],[99.0591,7.7498],[99.05367,7.75702],[99.04953,7.75535],[99.0485,7.7578],[99.05186,7.76179],[99.05703,7.75818],[99.06168,7.76063],[99.05832,7.76991],[99.0613,7.76991],[99.06078,7.77636],[99.05781,7.7752],[99.05833,7.77945],[99.04876,7.77481],[99.05238,7.76656],[99.04902,7.77146],[99.03041,7.781],[99.03222,7.77404],[99.0264,7.77456],[99.02291,7.7859],[99.0348,7.79531],[99.02666,7.80162],[99.02524,7.80987],[99.01813,7.81787],[99.018,7.82405],[99.03235,7.82225],[99.03455,7.81426],[99.03209,7.80962],[99.04463,7.81193],[99.04049,7.81864],[99.05264,7.81838],[99.05316,7.81503],[99.06027,7.81219],[99.05316,7.82302],[99.05135,7.82005],[99.04024,7.81928],[99.03894,7.82225],[99.04205,7.82366],[99.04024,7.82624],[99.0339,7.82457],[99.03351,7.82998],[99.0361,7.8274],[99.04153,7.83191],[99.04903,7.82972],[99.04644,7.84339],[99.05575,7.84493],[99.0564,7.84906],[99.05989,7.84944],[99.08043,7.83023],[99.08884,7.83281],[99.0856,7.82327],[99.08896,7.81219],[99.09491,7.83023],[99.10538,7.831],[99.11288,7.83719],[99.10836,7.84673],[99.10138,7.84286],[99.09892,7.84724],[99.10229,7.85652],[99.09789,7.85524],[99.09557,7.86516],[99.09221,7.86529],[99.08858,7.85962],[99.08509,7.86091],[99.08548,7.86581],[99.08161,7.86633],[99.08031,7.87148],[99.08445,7.87921],[99.08342,7.88411],[99.08678,7.88411],[99.0873,7.88798],[99.09324,7.87818],[99.09609,7.88978],[99.10281,7.89262],[99.10437,7.90215],[99.11238,7.90061],[99.11303,7.90344],[99.09661,7.90937],[99.09338,7.90035],[99.08342,7.89533],[99.08523,7.91247],[99.08937,7.91866],[99.09687,7.91711],[99.1023,7.9202],[99.10162,7.9257],[99.10541,7.92664],[99.10541,7.92355],[99.11032,7.92278],[99.11213,7.92871],[99.11497,7.92922],[99.11446,7.92265],[99.12437,7.92165],[99.12751,7.91246],[99.12712,7.91865],[99.13204,7.91929],[99.12079,7.92741],[99.12713,7.92664],[99.12661,7.93025],[99.13372,7.93231],[99.1354,7.93682],[99.12571,7.93953],[99.11989,7.94984],[99.11252,7.94237],[99.09002,7.93696],[99.09352,7.94108],[99.09636,7.94031],[99.09946,7.94779],[99.10309,7.95062],[99.10515,7.94791],[99.11705,7.95912],[99.12469,7.98],[99.12042,7.98104],[99.12417,7.99547],[99.11667,7.9849],[99.11951,7.97897],[99.11137,7.97305],[99.10516,7.98259],[99.10155,8.00063],[99.10063,7.96119],[99.09507,7.959],[99.08538,7.97022],[99.08525,7.97872],[99.07542,7.98221],[99.06973,7.99188],[99.06262,7.99471],[99.05784,8.00399],[99.05344,8.0009],[99.0528,8.00709],[99.04633,8.01147],[99.04284,8.00451],[99.05189,7.99562],[99.05887,7.99574],[99.05939,7.98956],[99.0537,7.98956],[99.05499,7.98401],[99.06689,7.97409],[99.06223,7.97254],[99.06275,7.96855],[99.07051,7.9661],[99.07477,7.95785],[99.06766,7.94882],[99.06249,7.94766],[99.06055,7.95166],[99.05628,7.95179],[99.05369,7.94883],[99.06016,7.94328],[99.06559,7.94341],[99.0652,7.93954],[99.06029,7.93877],[99.06248,7.92279],[99.06003,7.92588],[99.05395,7.92537],[99.04904,7.93955],[99.04542,7.93233],[99.04826,7.92743],[99.04361,7.92756],[99.04412,7.92408],[99.03818,7.92111],[99.03869,7.91506],[99.04852,7.91841],[99.05162,7.91376],[99.05408,7.90861],[99.04903,7.90564],[99.04826,7.9001],[99.03895,7.91145],[99.03662,7.90577],[99.03326,7.90887],[99.02938,7.89765],[99.03404,7.89624],[99.03326,7.89301],[99.02602,7.88979],[99.02046,7.89882],[99.02046,7.90629],[99.02654,7.93349],[99.01865,7.93774],[99.0162,7.94625],[99.01025,7.95166],[99.00857,7.93774],[99.00482,7.93671],[98.99706,7.94677],[98.9981,7.96494],[99.00405,7.9661],[99.00198,7.97152],[98.9893,7.97384],[98.98568,7.96546],[98.98362,7.96894],[98.98439,7.95089],[98.99215,7.94084],[98.97327,7.93826],[98.97379,7.93413],[98.97056,7.93542],[98.94237,7.98698],[98.94405,7.99394],[98.95361,7.99626],[98.95672,7.98853],[98.96305,7.98466],[98.97353,7.98389],[98.97327,7.9875],[98.9787,7.98904],[98.98206,7.97538],[98.98568,7.98002],[98.98711,7.97384],[98.99629,7.97332],[98.99991,7.9826],[99.00172,7.98157],[98.99874,7.99472],[99.0012,8.00554],[98.99499,8.01302],[98.99267,8.00954],[98.98387,8.00838],[98.98348,8.01122],[98.97482,8.00425],[98.97534,7.99626],[98.96861,7.9893],[98.96137,7.99111],[98.96008,7.99523],[98.96318,7.99652],[98.96137,7.99987],[98.95775,7.9991],[98.95788,8.01044],[98.96266,8.01173],[98.96448,8.0058],[98.96706,8.00593],[98.96861,8.01173],[98.96292,8.01199],[98.9637,8.0156],[98.96939,8.01611],[98.96564,8.02462],[98.96241,8.0205],[98.96202,8.02642],[98.97094,8.05079],[98.97792,8.05001],[98.98335,8.04473],[98.98853,8.05272],[98.98542,8.0602],[98.99292,8.06845],[98.98439,8.06922],[98.98025,8.06638],[98.97857,8.07077],[98.97766,8.06587],[98.97249,8.06587],[98.96757,8.05994],[98.95981,8.06587],[98.96059,8.0718],[98.96499,8.07463],[98.96473,8.09912],[98.958,8.09526],[98.95464,8.08172],[98.94921,8.0754],[98.94623,8.07437],[98.94494,8.07824],[98.94507,8.08933],[98.93757,8.08816],[98.94145,8.08198],[98.9364,8.07334],[98.92838,8.10144],[98.92411,8.09602],[98.91661,8.09705],[98.91403,8.09164],[98.92049,8.08107],[98.91675,8.06844],[98.91985,8.05065],[98.91222,8.04511],[98.90757,8.04536],[98.898,8.05645],[98.9033,8.06405],[98.90161,8.07552],[98.89424,8.07153],[98.89454,8.07479],[98.88557,8.08235],[98.87109,8.07951],[98.86618,8.07487],[98.86553,8.06765],[98.87174,8.0576],[98.86334,8.04973],[98.86618,8.04883],[98.86256,8.04445],[98.86645,8.03362],[98.87007,8.03427],[98.87628,8.0286],[98.88766,8.03543],[98.89205,8.046],[98.90343,8.04214],[98.89516,8.03041],[98.88223,8.02074],[98.86412,8.02911],[98.86024,8.02808],[98.84925,8.01428],[98.84189,8.01093],[98.84357,8.00165],[98.83749,8.00538],[98.83387,8.01711],[98.82908,8.01788],[98.82934,8.02252],[98.81562,8.03824],[98.79919,8.0461],[98.79958,8.04932],[98.78975,8.05705],[98.78276,8.05653],[98.78393,8.05279],[98.78703,8.05396],[98.786,8.04931],[98.79803,8.04906],[98.79454,8.04455],[98.77721,8.04209],[98.78445,8.04996],[98.78108,8.05473],[98.77281,8.04957],[98.77386,8.02353],[98.76558,8.02236],[98.76545,8.03616],[98.76078,8.04569],[98.75005,8.0529],[98.74046,8.07816],[98.74718,8.08925],[98.74587,8.11297],[98.74872,8.10936],[98.75518,8.11323],[98.74794,8.11477],[98.74832,8.12096],[98.75388,8.12509],[98.75958,8.122],[98.75958,8.1171],[98.76372,8.11736],[98.76397,8.12329],[98.77173,8.12278],[98.77561,8.12819],[98.77534,8.14521],[98.78258,8.15075],[98.78232,8.15424],[98.77844,8.15423],[98.77625,8.15114],[98.76447,8.14971],[98.74921,8.15628],[98.74842,8.17845],[98.75384,8.18696],[98.76471,8.19161],[98.76781,8.19831],[98.76574,8.20295],[98.77324,8.20643],[98.77816,8.20373],[98.77854,8.20785],[98.77505,8.21159],[98.77143,8.20862],[98.75965,8.20836],[98.75628,8.22434],[98.75615,8.22073],[98.74529,8.21879],[98.74425,8.22433],[98.74166,8.22459],[98.74088,8.23413],[98.75498,8.23774],[98.75446,8.24135],[98.74786,8.24199],[98.74708,8.24663],[98.74397,8.2465],[98.74294,8.25243],[98.74798,8.25774],[98.74397,8.26029],[98.7375,8.25861],[98.73724,8.26171],[98.74409,8.263],[98.74189,8.27073],[98.74525,8.27383],[98.74059,8.27834],[98.73697,8.27782],[98.73528,8.28826],[98.72609,8.2938],[98.72376,8.29392],[98.72351,8.27588],[98.72041,8.27562],[98.72702,8.25912],[98.72159,8.24082],[98.72315,8.23283],[98.71643,8.22045],[98.70828,8.2225],[98.71668,8.23798],[98.72016,8.25667],[98.71925,8.26608],[98.71588,8.2684],[98.71575,8.2644],[98.71278,8.2653],[98.71239,8.2702],[98.71691,8.27613],[98.72065,8.29315],[98.7134,8.29314],[98.71457,8.29804],[98.71003,8.30629],[98.7121,8.30887],[98.72375,8.30862],[98.72893,8.30205],[98.73307,8.30295],[98.73707,8.31146],[98.73422,8.31687],[98.72478,8.31764],[98.72231,8.32228],[98.71895,8.31996],[98.71985,8.33285],[98.71596,8.33362],[98.72061,8.34703],[98.72333,8.34471],[98.72631,8.3509],[98.72604,8.36005],[98.71931,8.35682],[98.72073,8.36069],[98.71788,8.36146],[98.71569,8.35424],[98.70741,8.35501],[98.70456,8.3492],[98.69965,8.34843],[98.70585,8.35423],[98.70663,8.35939],[98.70248,8.36119],[98.70481,8.36686],[98.70222,8.36686],[98.70067,8.35913],[98.68851,8.35783],[98.68619,8.34648],[98.68956,8.34094],[98.68671,8.34107],[98.68943,8.33643],[98.68646,8.33411],[98.68814,8.33076],[98.68271,8.32715],[98.68284,8.32019],[98.67689,8.32031],[98.67353,8.31683],[98.67483,8.31206],[98.66991,8.31038],[98.66965,8.30716],[98.6738,8.30445],[98.67315,8.3011],[98.66591,8.29697],[98.64976,8.27298],[98.64756,8.27221],[98.64768,8.28097],[98.64367,8.28149],[98.6456,8.2936],[98.64999,8.29747],[98.64585,8.30392],[98.64585,8.30043],[98.63498,8.30197],[98.6324,8.29385],[98.63874,8.28689],[98.63538,8.28586],[98.63487,8.27735],[98.62684,8.28637],[98.62645,8.29011],[98.6311,8.29282],[98.62604,8.31137],[98.6272,8.3155],[98.6294,8.31318],[98.63225,8.3155],[98.63341,8.32066],[98.63095,8.32272],[98.63237,8.32594],[98.63573,8.32556],[98.63624,8.33742],[98.6409,8.33845],[98.64505,8.32737],[98.6488,8.3266],[98.64855,8.31655],[98.65437,8.32171],[98.66058,8.32184],[98.65411,8.33047],[98.65254,8.34259],[98.64762,8.34491],[98.64657,8.36192],[98.64062,8.35573],[98.63648,8.35856],[98.63569,8.36938],[98.6432,8.37274],[98.6555,8.36631],[98.66132,8.36709],[98.65873,8.37147],[98.66339,8.3707],[98.66676,8.36451],[98.67115,8.37431],[98.68215,8.37252],[98.68616,8.38116],[98.69432,8.37382],[98.69084,8.36002],[98.69549,8.36235],[98.69717,8.37614],[98.69107,8.39315],[98.68615,8.39366],[98.68589,8.40023],[98.67967,8.3992],[98.67035,8.40319],[98.66762,8.41401],[98.66025,8.41323],[98.65492,8.42028],[98.67007,8.42896],[98.67447,8.42691],[98.67395,8.43361],[98.66654,8.43609],[98.67095,8.45474],[98.66906,8.45621],[98.6615,8.45499],[98.65943,8.45783],[98.65788,8.45576],[98.66293,8.44932],[98.65065,8.4341],[98.6513,8.42869],[98.63696,8.39671],[98.63152,8.40006],[98.63514,8.40522],[98.63294,8.40779],[98.63656,8.40883],[98.6341,8.41153],[98.62479,8.40405],[98.62206,8.40856],[98.62065,8.40159],[98.61754,8.40004],[98.61753,8.40907],[98.62142,8.40881],[98.62012,8.41165],[98.62814,8.419],[98.62788,8.42184],[98.62089,8.42003],[98.61855,8.42428],[98.62088,8.43098],[98.63511,8.43924],[98.63329,8.4511],[98.63096,8.44955],[98.62668,8.4529],[98.62811,8.44414],[98.62346,8.44168],[98.6215,8.45547],[98.61852,8.45753],[98.61685,8.44335],[98.61375,8.44335],[98.61127,8.46397],[98.6044,8.46499],[98.60921,8.45314],[98.60403,8.44811],[98.60029,8.43637],[98.60002,8.44565],[98.59691,8.45081],[98.59373,8.4506],[98.58927,8.44796],[98.58954,8.44436],[98.59342,8.44487],[98.59058,8.43791],[98.58592,8.43662],[98.58308,8.42824],[98.57997,8.43352],[98.57609,8.43313],[98.57774,8.422],[98.58154,8.41986],[98.58619,8.42437],[98.59125,8.416],[98.60458,8.41808],[98.60575,8.41009],[98.59903,8.40157],[98.5901,8.39744],[98.58804,8.39254],[98.5896,8.38635],[98.59193,8.38648],[98.58857,8.37553],[98.5953,8.37656],[98.59273,8.36664],[98.57823,8.36701],[98.57822,8.37384],[98.58185,8.37346],[98.58416,8.38506],[98.58429,8.39202],[98.57652,8.39485],[98.57586,8.40026],[98.57923,8.40361],[98.58089,8.41986],[98.57713,8.42191],[98.57326,8.41456],[98.56834,8.41817],[98.55526,8.4188],[98.54038,8.41311],[98.54039,8.40989],[98.52899,8.41232],[98.52924,8.42006],[98.52251,8.42146],[98.51641,8.43035],[98.50878,8.42648],[98.50284,8.41641],[98.5048,8.40559],[98.49782,8.39346],[98.48657,8.38933],[98.48308,8.38133],[98.4862,8.37077],[98.48081,8.35269],[98.47974,8.36251],[98.48193,8.37231],[98.48478,8.37128],[98.48113,8.38945],[98.47129,8.39433],[98.47232,8.39756],[98.4639,8.4107],[98.46403,8.40296],[98.45317,8.39341],[98.45952,8.38826],[98.45189,8.38309],[98.44854,8.36736],[98.45023,8.36247],[98.44598,8.35086],[98.44158,8.3506],[98.43784,8.34337],[98.44043,8.33668],[98.4328,8.33563],[98.42892,8.3315],[98.42531,8.32505],[98.42739,8.31681],[98.423,8.31293],[98.41445,8.31666],[98.41007,8.30634],[98.40425,8.30517],[98.40333,8.31213],[98.393,8.3],[98.39507,8.29768],[98.39895,8.30091],[98.4084,8.29925],[98.39664,8.2866],[98.40893,8.28997],[98.40441,8.28172],[98.39653,8.27578],[98.39576,8.27242],[98.39925,8.27165],[98.40351,8.27553],[98.40585,8.26934],[98.39953,8.25928],[98.40522,8.26032],[98.40625,8.26522],[98.41064,8.26677],[98.41063,8.27902],[98.42305,8.28045],[98.41955,8.28457],[98.42226,8.28638],[98.42667,8.27969],[98.43366,8.27867],[98.44209,8.26527],[98.44208,8.27172],[98.44755,8.27413],[98.44661,8.26915],[98.44933,8.26734],[98.4487,8.25922],[98.44585,8.25922],[98.44417,8.25419],[98.45169,8.24492],[98.45002,8.2377],[98.45379,8.22353],[98.45133,8.22288],[98.45173,8.21631],[98.43919,8.20675],[98.44259,8.18742],[98.43525,8.16292],[98.44238,8.15159],[98.44122,8.14566],[98.4336,8.13753],[98.42714,8.13494],[98.42233,8.15182],[98.42478,8.15788],[98.42063,8.15878],[98.42502,8.16858],[98.42023,8.17038],[98.41945,8.17424],[98.4157,8.17269],[98.41246,8.17758],[98.41271,8.18222],[98.4211,8.19293],[98.4048,8.19588],[98.40468,8.18737],[98.40857,8.18531],[98.40508,8.1826],[98.40445,8.16597],[98.39942,8.15643],[98.40072,8.15205],[98.39724,8.14895],[98.4032,8.13968],[98.39066,8.13656],[98.39119,8.12986],[98.38679,8.12625],[98.37811,8.13423],[98.3794,8.13964],[98.3741,8.13873],[98.37108,8.16334],[98.36837,8.16295],[98.36847,8.17752],[98.3629,8.18769],[98.37193,8.20021],[98.36469,8.19891],[98.36546,8.202],[98.35808,8.20379],[98.36185,8.19697],[98.35202,8.19425],[98.35046,8.19734],[98.34388,8.18573],[98.33445,8.18017],[98.32732,8.18725],[98.32937,8.20169],[98.33803,8.20518],[98.34424,8.2039],[98.34803,8.20851],[98.34616,8.21692],[98.34861,8.22105],[98.34345,8.21589],[98.33271,8.21587],[98.33389,8.20775],[98.32702,8.21045],[98.32148,8.20206],[98.31849,8.20579],[98.31268,8.20295],[98.31372,8.1996],[98.30349,8.20396],[98.30542,8.21273],[98.30025,8.21053],[98.29716,8.19854],[98.30182,8.19726],[98.30079,8.19352],[98.29614,8.19209],[98.29718,8.18668],[98.30649,8.18824],[98.30546,8.18489],[98.30029,8.18449],[98.30612,8.17819],[98.29966,8.17328],[98.30746,8.17544],[98.314,8.18632],[98.32255,8.17757],[98.33343,8.17166],[98.33705,8.17283],[98.339,8.16871],[98.345,8.1334],[98.34153,8.12463],[98.34489,8.12128],[98.34335,8.11664],[98.35084,8.12529],[98.35407,8.12388],[98.34662,8.09293],[98.35166,8.09294],[98.3612,8.11435],[98.37051,8.11991],[98.37543,8.11566],[98.37285,8.10999],[98.37598,8.09478],[98.39178,8.08166],[98.39243,8.07393],[98.40163,8.06724],[98.40163,8.06311],[98.40486,8.06827],[98.40083,8.07961],[98.40859,8.07936],[98.41195,8.08465],[98.4179,8.08505],[98.42615,8.09769],[98.4321,8.09834],[98.43573,8.09268],[98.43884,8.09294],[98.43897,8.08791],[98.43484,8.0861],[98.43408,8.07476],[98.43705,8.07154],[98.44223,8.07193],[98.44314,8.06575],[98.43319,8.06367],[98.42919,8.05464],[98.43012,8.03905],[98.42442,8.04445],[98.42506,8.05077],[98.42221,8.0536],[98.42711,8.06109],[98.41792,8.06855],[98.41974,8.0594],[98.41341,8.05849],[98.41497,8.0523],[98.41122,8.04933],[98.41227,8.04186],[98.41667,8.03942],[98.41473,8.034],[98.40672,8.03219],[98.4044,8.02832],[98.40608,8.02522],[98.41138,8.02652],[98.40972,8.01273],[98.40649,8.01053],[98.4039,8.01388],[98.40327,8.00589],[98.40947,8.00796],[98.41051,8.00151],[98.42424,7.98491],[98.42062,7.98439],[98.4126,7.99082],[98.39993,7.99157],[98.39321,7.98821],[98.38467,7.98885],[98.38377,7.98472],[98.38831,7.97583],[98.394,7.97404],[98.39453,7.96953],[98.39029,7.96904],[98.39518,7.96618],[98.39351,7.95496],[98.39922,7.94169],[98.40751,7.93526],[98.40689,7.91438],[98.40405,7.91154],[98.406,7.9069],[98.41647,7.90485],[98.41816,7.89622],[98.43135,7.8943],[98.43133,7.90951],[98.44167,7.91417],[98.4382,7.89302],[98.4452,7.88298],[98.44365,7.87963],[98.43835,7.88155],[98.43512,7.87807],[98.43085,7.87884],[98.42983,7.87316],[98.43889,7.86544],[98.43372,7.86544],[98.42621,7.87445],[98.41665,7.86928],[98.4169,7.87444],[98.42388,7.87599],[98.42284,7.88269],[98.41713,7.89428],[98.41274,7.89312],[98.41352,7.89041],[98.41713,7.89145],[98.42013,7.87831],[98.41043,7.87765],[98.39726,7.8708],[98.40231,7.86281],[98.39688,7.86203],[98.39392,7.85777],[98.38667,7.86472],[98.38669,7.85068],[98.38294,7.84835],[98.38566,7.84333],[98.39419,7.84579],[98.39601,7.83625],[98.41036,7.83679],[98.40248,7.83446],[98.40223,7.82982],[98.40559,7.82956],[98.40081,7.82414],[98.40625,7.81874],[98.40225,7.81126],[98.41053,7.80792],[98.41158,7.80044],[98.40873,7.79915],[98.39579,7.8137],[98.38972,7.81047],[98.38973,7.80557],[98.3861,7.80814],[98.37675,7.84087],[98.37312,7.84627],[98.36601,7.8491],[98.37507,7.83867],[98.36318,7.83724],[98.34537,7.82303],[98.33366,7.79053],[98.33302,7.78615],[98.33859,7.77894],[98.33575,7.77507],[98.32012,7.77053],[98.31741,7.76679],[98.31949,7.76215],[98.31032,7.75737],[98.30515,7.76007],[98.3068,7.77373],[98.30383,7.77772],[98.28832,7.77499],[98.28689,7.77886],[98.29063,7.78711],[98.28546,7.78697],[98.28597,7.79187],[98.29398,7.7933],[98.29861,7.80259],[98.29576,7.81212],[98.2986,7.81342],[98.29742,7.81986],[98.28966,7.82371],[98.2943,7.83455],[98.29168,7.85027],[98.28947,7.85774],[98.28249,7.85928],[98.28145,7.86507],[98.27654,7.86365],[98.27265,7.86983],[98.27561,7.8755],[98.27056,7.88181],[98.26565,7.87974],[98.26203,7.88399],[98.26227,7.8894],[98.28736,7.88519],[98.29536,7.89564],[98.29676,7.90647],[98.29144,7.91549],[98.28395,7.9156],[98.27566,7.92358],[98.26299,7.92343],[98.26142,7.93399],[98.2578,7.93579],[98.26191,7.94637],[98.28207,7.95182],[98.28322,7.96084],[98.27843,7.96629],[98.27711,7.98016],[98.26986,7.98557],[98.27141,7.98879],[98.28589,7.98482],[98.2922,8.00004],[98.28776,8.02916],[98.28503,8.03354],[98.27547,8.03301],[98.27236,8.037],[98.27725,8.04513],[98.27737,8.05337],[98.27087,8.0745],[98.28443,8.08406],[98.2971,8.08769],[98.29733,8.10058],[98.30069,8.10317],[98.30105,8.12173],[98.29634,8.14956],[98.28384,8.19491],[98.28565,8.19903],[98.29587,8.19866],[98.29789,8.20182],[98.29119,8.20794],[98.2815,8.20392],[98.28195,8.24233],[98.26987,8.30264],[98.27226,8.30358],[98.26473,8.3186],[98.21827,8.51236],[98.20511,8.55332],[98.21372,8.58375],[98.22006,8.58711],[98.21438,8.57731],[98.21571,8.55978],[98.21289,8.5465],[98.21638,8.54947],[98.2261,8.54666],[98.22404,8.54047],[98.21446,8.54019],[98.21783,8.53878],[98.21721,8.52602],[98.22917,8.49897],[98.23234,8.47063],[98.24211,8.43597],[98.24859,8.43457],[98.24832,8.4374],[98.23937,8.44796],[98.2439,8.44977],[98.24453,8.45673],[98.23919,8.47296],[98.23328,8.51574],[98.23056,8.51651],[98.23118,8.53275],[98.22534,8.53866],[98.23025,8.54151],[98.24091,8.5222],[98.2435,8.5231],[98.24208,8.51859],[98.2465,8.5119],[98.24236,8.50957],[98.24328,8.49926],[98.24858,8.50494],[98.24976,8.49824],[98.2485,8.48084],[98.25484,8.48201],[98.2521,8.49103],[98.26298,8.48912],[98.27359,8.49442],[98.27641,8.50989],[98.28273,8.51815],[98.28027,8.52369],[98.27056,8.52045],[98.26839,8.50678],[98.26489,8.50652],[98.26306,8.51657],[98.25775,8.51707],[98.2616,8.53538],[98.25782,8.54826],[98.25471,8.54826],[98.25639,8.55161],[98.26596,8.55472],[98.26596,8.55743],[98.25094,8.55521],[98.245,8.5503],[98.24253,8.55184],[98.24445,8.56293],[98.25325,8.56759],[98.24522,8.5659],[98.24599,8.5735],[98.23822,8.56988],[98.2333,8.57154],[98.23151,8.56239],[98.23655,8.56292],[98.23385,8.55647],[98.23089,8.5672],[98.22581,8.56367],[98.2236,8.5683],[98.22189,8.57784],[98.23276,8.5816],[98.23974,8.58921],[98.24179,8.59901],[98.23712,8.60468],[98.23801,8.61473],[98.22984,8.62064],[98.23216,8.62477],[98.24303,8.62918],[98.24674,8.65316],[98.23403,8.72131],[98.22158,8.72863],[98.22157,8.73379],[98.22286,8.73637],[98.23271,8.73342],[98.25057,8.74312],[98.26077,8.76119],[98.26149,8.7898],[98.2581,8.80268],[98.25277,8.80989],[98.26002,8.81377],[98.26518,8.82409],[98.26407,8.8594],[98.2752,8.86664],[98.27859,8.85956],[98.28221,8.86485],[98.29257,8.86461],[98.29269,8.86925],[98.28608,8.87259],[98.29073,8.88149],[98.29449,8.87957],[98.29295,8.86951],[98.29543,8.8641],[98.2993,8.86862],[98.30397,8.86592],[98.31147,8.87728],[98.30679,8.88294],[98.31742,8.88515],[98.30963,8.88939],[98.31663,8.8925],[98.32285,8.89135],[98.32529,8.90102],[98.31984,8.90565],[98.31838,8.92498],[98.32666,8.93247],[98.33079,8.9424],[98.32068,8.94303],[98.3252,8.95232],[98.32922,8.95232],[98.32621,8.96546],[98.32892,8.97165],[98.33372,8.97115],[98.33711,8.96007],[98.33389,8.9513],[98.34451,8.95519],[98.34749,8.95364],[98.34508,8.92683],[98.35247,8.9204],[98.35275,8.91421],[98.35856,8.92402],[98.36116,8.92274],[98.36091,8.91397],[98.36648,8.91785],[98.36558,8.91063],[98.37751,8.90833],[98.37793,8.88719],[98.38843,8.88927],[98.39024,8.89224],[98.38582,8.90138],[98.39359,8.90346],[98.39593,8.90011],[98.39592,8.90346],[98.40111,8.90063],[98.39722,8.90578],[98.40524,8.91069],[98.39824,8.91455],[98.3955,8.92099],[98.39782,8.92898],[98.39173,8.9331],[98.3979,8.95979],[98.39167,8.96841],[98.39451,8.97679],[98.3859,8.98111],[98.38334,8.98747],[98.39118,9.00467],[98.40666,8.99525],[98.40602,8.99112],[98.40991,8.98881],[98.40379,9.0071],[98.39938,9.00619],[98.39133,9.01726],[98.3921,9.02151],[98.39677,9.01998],[98.39807,9.01353],[98.41077,9.02],[98.41556,9.02542],[98.41126,9.03688],[98.4154,9.04114],[98.40191,9.04666],[98.39997,9.04215],[98.38922,9.03543],[98.38596,9.04599],[98.37806,9.04379],[98.38105,9.0349],[98.37873,9.0269],[98.36928,9.0198],[98.35878,9.0212],[98.34883,9.00301],[98.34377,9.00519],[98.34556,9.01808],[98.34153,9.02555],[98.33569,9.02631],[98.33503,9.03533],[98.32881,9.0312],[98.3214,9.04253],[98.32256,9.04485],[98.32594,9.04202],[98.3292,9.03378],[98.33477,9.03688],[98.33279,9.05363],[98.34508,9.06706],[98.35364,9.06991],[98.36726,9.06632],[98.3674,9.05795],[98.37467,9.05525],[98.37624,9.04817],[98.39075,9.05064],[98.39165,9.05812],[98.38632,9.06687],[98.38709,9.07151],[98.40057,9.07437],[98.40317,9.06999],[98.4117,9.08341],[98.42026,9.08226],[98.41779,9.08755],[98.40975,9.08547],[98.40962,9.0905],[98.40625,9.0901],[98.4026,9.09989],[98.38898,9.10116],[98.38988,9.10632],[98.37886,9.10759],[98.38002,9.11068],[98.37444,9.11196],[98.37144,9.12111],[98.35925,9.12173],[98.35858,9.13101],[98.3543,9.13242],[98.35611,9.13603],[98.35325,9.1377],[98.35259,9.14518],[98.35516,9.16116],[98.35398,9.16477],[98.35087,9.16322],[98.35021,9.16992],[98.3602,9.16968],[98.35942,9.17277],[98.3646,9.17329],[98.35694,9.1823],[98.35459,9.19029],[98.34823,9.18873],[98.34835,9.19621],[98.35185,9.19724],[98.35912,9.19184],[98.35911,9.19777],[98.36403,9.205],[98.36185,9.19082],[98.36536,9.18708],[98.36433,9.18257],[98.36926,9.17833],[98.37756,9.18028],[98.38379,9.17797],[98.38482,9.1857],[98.39284,9.19538],[98.38739,9.19627],[98.37959,9.20606],[98.38699,9.20504],[98.38529,9.21096],[98.37932,9.21173],[98.38308,9.21611],[98.38163,9.22617],[98.37619,9.22345],[98.37022,9.22537],[98.3894,9.237],[98.38316,9.2455],[98.39106,9.25041],[98.38858,9.25737],[98.39481,9.25931],[98.39064,9.26626],[98.38532,9.26716],[98.38593,9.28881],[98.38074,9.28919],[98.37453,9.28415],[98.37648,9.27926],[98.36234,9.2791],[98.36026,9.28284],[98.3644,9.28697],[98.37698,9.2906],[98.38198,9.3236],[98.38742,9.33109],[98.39183,9.33212],[98.39589,9.38523],[98.39861,9.38524],[98.39813,9.36281],[98.40631,9.36128],[98.40955,9.36541],[98.40552,9.37197],[98.40576,9.37855],[98.41017,9.37933],[98.41147,9.38345],[98.41329,9.38088],[98.41925,9.3863],[98.42626,9.38606],[98.42559,9.39353],[98.42131,9.39726],[98.4156,9.39674],[98.4117,9.40124],[98.41467,9.40666],[98.41843,9.40744],[98.42259,9.40358],[98.42479,9.40925],[98.41946,9.41247],[98.42243,9.42265],[98.43152,9.42241],[98.43436,9.43066],[98.42774,9.4322],[98.42695,9.43735],[98.4325,9.45876],[98.43298,9.48221],[98.43701,9.47578],[98.43676,9.46907],[98.43975,9.47011],[98.43988,9.46702],[98.44377,9.4696],[98.44674,9.48043],[98.44516,9.49332],[98.44788,9.49796],[98.44047,9.50207],[98.44059,9.5111],[98.45278,9.52039],[98.44952,9.52606],[98.44381,9.52528],[98.45557,9.56345],[98.46206,9.56294],[98.46647,9.56694],[98.46972,9.56501],[98.46428,9.55753],[98.45713,9.55855],[98.45974,9.55404],[98.45792,9.55095],[98.46507,9.54954],[98.46508,9.54361],[98.46079,9.54683],[98.45924,9.53974],[98.45496,9.53793],[98.4551,9.53238],[98.46314,9.53523],[98.47184,9.53331],[98.47017,9.52609],[98.46239,9.52118],[98.46917,9.5007],[98.45541,9.49849],[98.45788,9.49437],[98.45556,9.48663],[98.46373,9.49103],[98.46349,9.48123],[98.46622,9.4784],[98.4622,9.47478],[98.46506,9.47402],[98.46507,9.4637],[98.45884,9.46138],[98.46482,9.46087],[98.46534,9.457],[98.45911,9.45777],[98.45718,9.44668],[98.46405,9.45004],[98.46354,9.44385],[98.46952,9.44129],[98.47613,9.448],[98.4786,9.44697],[98.48092,9.45832],[98.48468,9.45755],[98.48209,9.45316],[98.4856,9.45123],[98.49156,9.45962],[98.50142,9.46273],[98.49854,9.4818],[98.5036,9.48335],[98.50345,9.49676],[98.50604,9.49985],[98.51254,9.49471],[98.51279,9.4978],[98.51955,9.49704],[98.52861,9.51406],[98.52899,9.52102],[98.53508,9.52747],[98.53508,9.52992],[98.52924,9.52901],[98.52315,9.51934],[98.51446,9.51559],[98.51809,9.51972],[98.51328,9.52435],[98.51676,9.53544],[98.52273,9.54215],[98.52724,9.5651],[98.53191,9.5682],[98.53918,9.56743],[98.53557,9.55222],[98.53894,9.55403],[98.53791,9.54733],[98.54233,9.54707],[98.5439,9.53934],[98.55777,9.55302],[98.55893,9.5605],[98.56413,9.55715],[98.5618,9.55187],[98.56517,9.55406],[98.57366,9.55184],[98.57893,9.55614],[98.58724,9.55486],[98.58932,9.56015],[98.58049,9.56065],[98.581,9.56568],[98.58853,9.56608],[98.58488,9.57419],[98.5771,9.57122],[98.57761,9.57599],[98.57449,9.57547],[98.57216,9.5716],[98.5693,9.57752],[98.55969,9.57687],[98.54591,9.58703],[98.53955,9.58445],[98.53811,9.59398],[98.51604,9.59124],[98.51447,9.59524],[98.5059,9.59845],[98.49629,9.59727],[98.49188,9.59186],[98.48837,9.59649],[98.49083,9.60268],[98.48693,9.60371],[98.48461,9.59403],[98.47486,9.59827],[98.46577,9.59723],[98.463,9.62893],[98.47001,9.62469],[98.47818,9.63437],[98.48533,9.62974],[98.48563,9.60692],[98.48953,9.60397],[98.49355,9.60603],[98.49707,9.59805],[98.5072,9.59909],[98.51343,9.59549],[98.51603,9.59885],[98.51941,9.59628],[98.51759,9.59189],[98.53421,9.59707],[98.53536,9.61176],[98.53015,9.62129],[98.5204,9.62669],[98.51357,9.62586],[98.51326,9.62926],[98.51754,9.63391],[98.52404,9.6267],[98.52768,9.62696],[98.52806,9.63057],[98.54078,9.63806],[98.54103,9.64451],[98.53752,9.64876],[98.54791,9.64735],[98.54999,9.64194],[98.55171,9.64907],[98.54842,9.6507],[98.55582,9.65329],[98.5575,9.66103],[98.55256,9.66205],[98.55282,9.66553],[98.5562,9.66515],[98.55827,9.67301],[98.54968,9.67958],[98.55604,9.68577],[98.5585,9.69428],[98.56343,9.69712],[98.55537,9.70008],[98.55693,9.7033],[98.56576,9.70202],[98.56705,9.71414],[98.57224,9.71312],[98.57276,9.71698],[98.57847,9.71596],[98.58444,9.72086],[98.57976,9.72756],[98.56755,9.72935],[98.57351,9.73786],[98.57298,9.74353],[98.58104,9.74612],[98.57906,9.76493],[98.57372,9.77498],[98.56592,9.77961],[98.56763,9.79267],[98.56876,9.79714],[98.58148,9.80489],[98.58044,9.80979],[98.58433,9.81134],[98.58718,9.8183],[98.58353,9.82603],[98.58561,9.83196],[98.58704,9.82732],[98.59145,9.83145],[98.5843,9.83364],[98.58235,9.83763],[98.58065,9.84252],[98.58429,9.84575],[98.58156,9.84768],[98.58337,9.85],[98.57791,9.85154],[98.57516,9.86791],[98.57932,9.86791],[98.57958,9.87036],[98.58426,9.86689],[98.5879,9.86857],[98.58633,9.87553],[98.59075,9.87682],[98.59492,9.87025],[98.60933,9.882],[98.60217,9.89385],[98.60346,9.89797],[98.6097,9.89901],[98.6093,9.90468],[98.61346,9.90752],[98.60915,9.92195],[98.61721,9.92093],[98.6176,9.92376],[98.61149,9.92634],[98.61369,9.93046],[98.61148,9.93188],[98.61356,9.936],[98.6207,9.93717],[98.62304,9.94285],[98.61822,9.94477],[98.61797,9.94078],[98.60419,9.93934],[98.60327,9.94669],[98.60613,9.94901],[98.59898,9.94978],[98.60081,9.93895],[98.59302,9.93559],[98.59236,9.94307],[98.59741,9.9557],[98.60252,9.95528],[98.60261,9.9588],[98.60599,9.95816],[98.61629,9.96749],[98.61222,9.9699],[98.60843,9.97969],[98.60286,9.96783],[98.60494,9.96293],[98.60104,9.96679],[98.59714,9.96524],[98.59909,9.96138],[98.59507,9.95312],[98.59247,9.95428],[98.59219,9.97503],[98.60128,9.98226],[98.60075,9.98793],[98.60684,10.00263],[98.62306,10.03435],[98.63449,10.04622],[98.64434,10.07381],[98.64876,10.07717],[98.64929,10.07305],[98.65254,10.07408],[98.66553,10.08801],[98.66695,10.09304],[98.66201,10.09226],[98.66253,10.09471],[98.67539,10.11148],[98.67239,10.11586],[98.67837,10.12643],[98.68435,10.12644],[98.68512,10.13275],[98.67914,10.13082],[98.67849,10.13494],[98.68822,10.15944],[98.69732,10.1597],[98.71136,10.17441],[98.71513,10.17261],[98.71215,10.16332],[98.71567,10.15637],[98.71944,10.15663],[98.71956,10.16461],[98.72828,10.16102],[98.72595,10.15367],[98.73141,10.15715],[98.7465,10.15485],[98.74729,10.14479],[98.74417,10.14312],[98.74392,10.13397],[98.7395,10.131],[98.74106,10.1252],[98.73703,10.12288],[98.73781,10.11901],[98.74081,10.11901],[98.7473,10.12624],[98.74887,10.11721],[98.75329,10.11825],[98.7486,10.13294],[98.75613,10.14532],[98.75613,10.15524],[98.76536,10.15486],[98.77044,10.15254],[98.76979,10.15022],[98.77486,10.15177],[98.76861,10.15615],[98.77641,10.16956],[98.769,10.16517],[98.76523,10.15718],[98.76159,10.15769],[98.76418,10.16569],[98.76158,10.17239],[98.75872,10.17097],[98.76028,10.16349],[98.75482,10.16568],[98.74259,10.16103],[98.73609,10.16218],[98.73335,10.16515],[98.734,10.17159],[98.73036,10.16953],[98.72914,10.17322],[98.73244,10.17314],[98.73477,10.18654],[98.728,10.1904],[98.72787,10.18731],[98.72124,10.18718],[98.7189,10.17931],[98.71318,10.17583],[98.70602,10.18368],[98.70432,10.19296],[98.70146,10.19296],[98.70548,10.20069],[98.72279,10.20019],[98.71602,10.20457],[98.71523,10.21282],[98.70886,10.20998],[98.70898,10.21745],[98.71549,10.21746],[98.71523,10.21333],[98.71861,10.21359],[98.71887,10.21798],[98.72615,10.22365],[98.72692,10.22958],[98.72172,10.23074],[98.72067,10.24427],[98.73393,10.25562],[98.73979,10.24274],[98.73794,10.23715],[98.74292,10.23888],[98.74694,10.2528],[98.73458,10.25665],[98.7373,10.26877],[98.74198,10.27625],[98.74927,10.27935],[98.752,10.27368],[98.75538,10.27807],[98.75251,10.28399],[98.75785,10.28812],[98.7555,10.30023],[98.7581,10.30127],[98.7581,10.29328],[98.76149,10.29225],[98.76148,10.29843],[98.76838,10.30437],[98.77006,10.31996],[98.76511,10.31996],[98.77122,10.3304],[98.76953,10.33272],[98.75703,10.33233],[98.75039,10.34276],[98.75051,10.3492],[98.75597,10.35668],[98.75415,10.36132],[98.75779,10.36313],[98.75414,10.37421],[98.75934,10.38066],[98.76442,10.38066],[98.75712,10.38607],[98.75985,10.38736],[98.75959,10.39277],[98.76987,10.39768],[98.77026,10.4027],[98.76674,10.40283],[98.76869,10.40696],[98.77455,10.40902],[98.77415,10.41405],[98.77077,10.41572],[98.77623,10.42964],[98.78065,10.42862],[98.78274,10.43145],[98.78456,10.42875],[98.78586,10.43352],[98.78,10.43635],[98.78195,10.44151],[98.80017,10.4459],[98.79782,10.45621],[98.80589,10.4606],[98.8094,10.46962],[98.80927,10.47477],[98.80184,10.47941],[98.80692,10.48173],[98.8064,10.48637],[98.81512,10.49359],[98.82266,10.51138],[98.81719,10.51551],[98.81809,10.52633],[98.82178,10.52926],[98.81397,10.5297],[98.81422,10.53957],[98.80967,10.5403],[98.81739,10.54755],[98.81277,10.55418],[98.7987,10.55842],[98.80488,10.56452],[98.80976,10.58205],[98.80771,10.58836],[98.81078,10.59099],[98.80947,10.59343],[98.80162,10.58708],[98.80124,10.59341],[98.79764,10.59438],[98.80094,10.59971],[98.79878,10.60499],[98.78454,10.60595],[98.7817,10.60139],[98.7807,10.61597],[98.77093,10.62009],[98.77477,10.62448],[98.77657,10.64026],[98.78465,10.65261],[98.77961,10.67862],[98.78225,10.68353],[98.78609,10.68079],[98.79117,10.68348],[98.79065,10.68825],[98.79653,10.69754],[98.8025,10.6999],[98.80293,10.70668],[98.80784,10.70763],[98.81274,10.71349],[98.80946,10.71441],[98.81037,10.71655],[98.81764,10.71852],[98.81936,10.72478],[98.82378,10.72614],[98.82358,10.7321],[98.83208,10.73753],[98.83857,10.75215],[98.84475,10.75356],[98.86165,10.77864],[98.86661,10.77661],[98.87066,10.78285],[98.8751,10.78343],[98.87605,10.78785],[98.88549,10.78406],[98.88977,10.7749],[98.90434,10.78138],[98.91466,10.81453],[98.92152,10.82042],[98.92225,10.82525],[98.92493,10.82636],[98.93633,10.81892],[98.93586,10.81506],[98.95881,10.81199],[98.97241,10.83133],[98.9854,10.83317],[98.99018,10.84415],[99.00189,10.84779],[99.01149,10.8567],[99.01193,10.87215],[99.0018,10.8807],[99.00583,10.89336],[99.00423,10.90427],[98.99774,10.91118],[99.00295,10.93507],[99.01189,10.9423],[99.01598,10.95895],[99.02385,10.97073],[99.03977,10.9616],[99.04993,10.96194],[99.05441,10.94829],[99.08108,10.95647],[99.08359,10.96358],[99.09376,10.97277],[99.09258,10.97963],[99.1,10.99263],[99.10381,11.0131],[99.1118,11.01553],[99.12907,11.03004],[99.14684,11.02952],[99.14924,11.03381],[99.15837,11.03384],[99.16548,11.04285],[99.17055,11.04335],[99.17118,11.05467],[99.179,11.05926],[99.17886,11.08215],[99.19013,11.08415],[99.20103,11.09145],[99.20479,11.09909],[99.21273,11.0989],[99.21778,11.10615],[99.22648,11.10915],[99.23047,11.12032],[99.23013,11.13059],[99.22451,11.13539],[99.22539,11.14113],[99.23258,11.14305],[99.25478,11.17008],[99.25302,11.17464],[99.26337,11.19903],[99.27043,11.20335],[99.28635,11.19067],[99.29148,11.194],[99.29376,11.20391],[99.30272,11.21039],[99.30992,11.23384],[99.29618,11.24807],[99.29848,11.25275],[99.30741,11.25545],[99.311,11.26705],[99.32587,11.28573],[99.32373,11.29798],[99.31235,11.31627],[99.32609,11.32858],[99.32778,11.33617],[99.34194,11.33297],[99.34437,11.34831],[99.35755,11.35882],[99.36725,11.37226],[99.38123,11.37705],[99.38606,11.38214],[99.39542,11.38281],[99.40202,11.38872],[99.39882,11.40086],[99.40379,11.40802],[99.40157,11.41126],[99.40275,11.42378],[99.39492,11.43832],[99.4002,11.44671],[99.3957,11.45166],[99.39373,11.46122],[99.40345,11.46592],[99.40949,11.4644],[99.41097,11.4732],[99.41913,11.4756],[99.42213,11.48173],[99.44364,11.47987],[99.44227,11.48783],[99.44777,11.4933],[99.44857,11.50459],[99.4744,11.53317],[99.46965,11.54417],[99.47127,11.54705],[99.46303,11.54981],[99.46838,11.56731],[99.45839,11.58371],[99.46372,11.58923],[99.46222,11.59926],[99.4687,11.60957],[99.46764,11.61476],[99.47549,11.62413],[99.48385,11.62712],[99.4931,11.62534],[99.49865,11.63283],[99.5078,11.63655],[99.51626,11.6369],[99.52289,11.62554],[99.53125,11.6209],[99.55015,11.62856],[99.55601,11.62428],[99.56546,11.62668],[99.57244,11.637],[99.56991,11.64265],[99.5865,11.66114],[99.58315,11.67519],[99.58333,11.67955],[99.58842,11.684],[99.58754,11.68762],[99.59965,11.69722],[99.59792,11.70037],[99.60271,11.70752],[99.61518,11.71062],[99.6199,11.71798],[99.61904,11.72236],[99.63058,11.72283],[99.63626,11.72717],[99.63946,11.74285],[99.63709,11.74551],[99.63991,11.74992],[99.63688,11.75606],[99.64425,11.77438],[99.64119,11.77786],[99.64318,11.78422],[99.64109,11.78892],[99.64571,11.79053],[99.65053,11.81111],[99.65374,11.8133],[99.65938,11.81089],[99.66086,11.82089],[99.6649,11.82315],[99.65909,11.82876],[99.64104,11.82732],[99.63564,11.83176],[99.62183,11.83325],[99.62522,11.84851],[99.61337,11.85886],[99.61018,11.86825],[99.60341,11.87085],[99.59894,11.87857],[99.59512,11.87261],[99.58789,11.87246],[99.5885,11.88675],[99.57941,11.90342],[99.58628,11.91832],[99.5862,11.92938],[99.57951,11.94403],[99.59141,11.95119],[99.59319,11.95531],[99.59105,11.96539],[99.5934,11.97786],[99.58995,11.98491],[99.59225,11.99251],[99.57412,12.00788],[99.53801,12.01424],[99.53648,12.01875],[99.54129,12.03421],[99.54017,12.03985],[99.53555,12.04164],[99.5325,12.05336],[99.5341,12.06601],[99.5475,12.07924],[99.55044,12.08979],[99.55621,12.0946],[99.55677,12.11461],[99.56228,12.13107],[99.56951,12.13667],[99.5707,12.14513],[99.54959,12.15056],[99.53957,12.14423],[99.52967,12.14798],[99.52636,12.14502],[99.51522,12.14767],[99.50748,12.14317],[99.50033,12.14337],[99.49556,12.13026],[99.48493,12.12921],[99.47886,12.13404],[99.47355,12.13131],[99.47281,12.15769],[99.47739,12.1636],[99.48692,12.16566],[99.49018,12.1741],[99.48858,12.18244],[99.49524,12.18988],[99.49632,12.19711],[99.48698,12.21187],[99.48744,12.21805],[99.47143,12.23439],[99.47199,12.24075],[99.47636,12.2426],[99.48229,12.25261],[99.48042,12.26683],[99.4845,12.27324],[99.48259,12.2788],[99.47469,12.28303],[99.46603,12.28254],[99.46175,12.28622],[99.46182,12.29789],[99.45767,12.29959],[99.45306,12.31259],[99.4474,12.31317],[99.445,12.31694],[99.44342,12.32751],[99.44632,12.33174],[99.43384,12.3428],[99.43723,12.34915],[99.44355,12.35073],[99.44365,12.35565],[99.43223,12.3641],[99.4425,12.3827],[99.44181,12.40054],[99.44589,12.40643],[99.42676,12.42427],[99.4241,12.43135],[99.42499,12.44843],[99.41366,12.4501],[99.40099,12.45991],[99.40662,12.47283],[99.40613,12.48091],[99.41699,12.48936],[99.42499,12.491],[99.41749,12.52378],[99.42194,12.5278],[99.42347,12.5362],[99.42142,12.55103],[99.42342,12.55658],[99.4303,12.55563],[99.43552,12.56614],[99.43054,12.57005],[99.4292,12.58026],[99.43234,12.58347],[99.44004,12.58116],[99.42538,12.59493],[99.42055,12.60366],[99.42107,12.60868],[99.41305,12.61508],[99.39713,12.6122],[99.38664,12.61695],[99.37892,12.61595],[99.37728,12.62208],[99.36525,12.62569],[99.36697,12.6334],[99.36438,12.63581],[99.35664,12.636],[99.35448,12.64057],[99.34487,12.64097],[99.3387,12.66183],[99.32308,12.66829],[99.30957,12.66748],[99.29458,12.67778],[99.30079,12.68951],[99.29182,12.69714],[99.2895,12.71505],[99.27876,12.71605],[99.27051,12.72817],[99.24684,12.71951],[99.23863,12.72656],[99.22853,12.74267],[99.23408,12.75132],[99.23435,12.77804],[99.22783,12.79023],[99.22936,12.79586],[99.22567,12.79895],[99.22214,12.82215],[99.21805,12.82864],[99.21181,12.82617],[99.20436,12.83823],[99.18598,12.85017],[99.18833,12.88052],[99.18065,12.88711],[99.18253,12.91117],[99.17521,12.92079],[99.16541,12.92444],[99.16264,12.9287],[99.16738,12.92901],[99.17261,12.94308],[99.18469,12.9451],[99.18984,12.95246],[99.19356,12.95252],[99.19506,12.95997],[99.18698,12.97805],[99.19485,12.99057],[99.18014,12.99325],[99.16866,13.01032],[99.16959,13.01639],[99.15801,13.01964],[99.15434,13.02697],[99.14771,13.02696],[99.1461,13.03298],[99.13426,13.03344],[99.12576,13.0382],[99.11377,13.05396],[99.11448,13.05837],[99.11021,13.06347],[99.1036,13.0639],[99.09951,13.07273],[99.10226,13.083],[99.11452,13.08827],[99.11977,13.0961],[99.13109,13.09708],[99.12732,13.10318],[99.12812,13.11615],[99.13377,13.1184],[99.13687,13.13307],[99.13121,13.13755],[99.13014,13.14272],[99.13721,13.14987],[99.13374,13.16463],[99.11659,13.17482],[99.12348,13.18218],[99.12314,13.19438],[99.13178,13.20308],[99.15615,13.2084],[99.16414,13.20788],[99.17513,13.2021],[99.18161,13.19304],[99.19082,13.19337],[99.19291,13.19678],[99.19704,13.19396],[99.19996,13.19552],[99.20397,13.20377],[99.2104,13.20747],[99.20437,13.21913],[99.20924,13.22561],[99.20879,13.23133],[99.19632,13.25466],[99.20294,13.26177],[99.21076,13.2602],[99.21132,13.26272],[99.19423,13.28066],[99.1881,13.29215],[99.19052,13.3029],[99.19382,13.30505],[99.19135,13.30707],[99.1924,13.32314],[99.19721,13.3251],[99.20684,13.34006],[99.20269,13.35476],[99.20582,13.36637],[99.2015,13.37194],[99.20692,13.38052],[99.20399,13.40289],[99.21028,13.41094],[99.21022,13.41534],[99.20647,13.41854],[99.20769,13.42208],[99.20064,13.42745],[99.20409,13.43511],[99.19727,13.45123],[99.20751,13.45834],[99.20329,13.48001],[99.19774,13.48251],[99.18754,13.49602],[99.19193,13.51686],[99.18942,13.52829],[99.19245,13.54502],[99.18634,13.5513],[99.18285,13.5509],[99.17766,13.56306],[99.17252,13.56301],[99.1642,13.5735],[99.1672,13.57887],[99.17855,13.58446],[99.16663,13.61188],[99.16764,13.62185],[99.17224,13.62956],[99.16909,13.64046],[99.17166,13.64767],[99.16717,13.65385],[99.17116,13.67163],[99.16709,13.67287],[99.16552,13.68151],[99.16984,13.68307],[99.17127,13.68943],[99.16695,13.69567],[99.16817,13.72412],[99.16053,13.72663],[99.15413,13.73604],[99.15347,13.75576],[99.14173,13.75747],[99.13251,13.76733],[99.12725,13.76749],[99.12136,13.77329],[99.11748,13.79534],[99.12189,13.80184],[99.12162,13.81255],[99.11455,13.81981],[99.11441,13.83073],[99.10845,13.83053],[99.0995,13.83773],[99.10099,13.85495],[99.11091,13.86826],[99.10773,13.89324],[99.10487,13.89506],[99.09444,13.88947],[99.0768,13.89483],[99.0764,13.8994],[99.06589,13.90742],[99.06577,13.9172],[99.05781,13.93002],[99.04404,13.94163],[99.02078,13.94562],[99.02034,13.95326],[99.01478,13.96105],[99.01477,13.97534],[99.00896,13.99445],[99.0049,13.9963],[99.00638,13.99998],[98.99579,14.01395],[98.99851,14.01953],[98.98985,14.02141],[98.972,14.03305],[98.97346,14.0417],[98.96873,14.05565],[98.96813,14.08229],[98.95919,14.09631],[98.94506,14.09287],[98.93827,14.09692],[98.93606,14.1024],[98.93139,14.10221],[98.92059,14.10999],[98.89858,14.10949],[98.87448,14.12835],[98.86732,14.14777],[98.86267,14.14692],[98.85041,14.1597],[98.8447,14.16362],[98.83963,14.16309],[98.83479,14.17203],[98.82774,14.17579],[98.82229,14.17663],[98.81854,14.17343],[98.8135,14.17544],[98.79791,14.1932],[98.78441,14.19526],[98.77713,14.19971],[98.77607,14.2074],[98.7673,14.20857],[98.76025,14.21568],[98.75575,14.21455],[98.74281,14.23335],[98.74024,14.23149],[98.73215,14.24085],[98.72655,14.23826],[98.71127,14.25173],[98.70528,14.25304],[98.70004,14.25994],[98.70037,14.27335],[98.68124,14.27333],[98.66836,14.28774],[98.65857,14.29078],[98.64578,14.30149],[98.64221,14.30095],[98.63092,14.31575],[98.62389,14.31209],[98.61463,14.31253],[98.60155,14.32167],[98.59305,14.34402],[98.59659,14.3667],[98.59428,14.3729],[98.59194,14.37517],[98.59093,14.37053],[98.57666,14.36873],[98.57345,14.38039],[98.56495,14.38492],[98.56249,14.39736],[98.55672,14.40297],[98.55719,14.42035],[98.5478,14.42323],[98.54933,14.43445],[98.54585,14.44071],[98.54166,14.44437],[98.53302,14.44318],[98.53274,14.44748],[98.52421,14.45528],[98.51978,14.47057],[98.51197,14.47639],[98.50946,14.49094],[98.50427,14.4959],[98.50528,14.50816],[98.49795,14.51173],[98.49157,14.54096],[98.48494,14.53464],[98.46971,14.5365],[98.46212,14.53036],[98.45586,14.55661],[98.45934,14.57731],[98.44412,14.59272],[98.43612,14.60834],[98.43717,14.61309],[98.42073,14.62295],[98.41569,14.63108],[98.40725,14.63385],[98.37896,14.65455],[98.37299,14.66415],[98.36592,14.66756],[98.36223,14.68756],[98.34817,14.70053],[98.34003,14.70354],[98.33789,14.70993],[98.33463,14.71153],[98.33039,14.70612],[98.32333,14.71036],[98.31513,14.72688],[98.30518,14.73213],[98.30641,14.73838],[98.29725,14.74959],[98.29442,14.76991],[98.28288,14.77622],[98.276,14.79749],[98.27055,14.79955],[98.2615,14.81107],[98.25448,14.81338],[98.25086,14.82603],[98.24577,14.83121],[98.2582,14.84288],[98.25944,14.85806],[98.25698,14.86355],[98.23447,14.88207],[98.22977,14.89032],[98.23338,14.89628],[98.24074,14.89981],[98.25097,14.91598],[98.24328,14.9225],[98.24223,14.94094],[98.23114,14.94263],[98.22825,14.94828],[98.23326,14.96657],[98.20853,14.98161],[98.21279,15.02036],[98.22402,15.02621],[98.23135,15.04442],[98.22025,15.05511],[98.2216,15.05913],[98.20935,15.07655],[98.19305,15.07684],[98.19347,15.08705],[98.18368,15.09631],[98.18477,15.10316],[98.1817,15.10836],[98.18371,15.12204],[98.19336,15.13588],[98.18901,15.14047],[98.19132,15.15236],[98.19929,15.15591],[98.20211,15.16637],[98.20832,15.171],[98.21337,15.18201],[98.20814,15.19197],[98.2096,15.20048],[98.20024,15.21017],[98.19903,15.23516],[98.21249,15.23654],[98.22025,15.22496],[98.23418,15.2203],[98.24399,15.22087],[98.25198,15.22513],[98.25861,15.22365],[98.25988,15.23534],[98.28149,15.26347],[98.28232,15.2721],[98.29641,15.27322],[98.30304,15.27986],[98.29441,15.2977],[98.30047,15.30371],[98.29558,15.30843],[98.29771,15.3135],[98.30213,15.31109],[98.30597,15.3135],[98.32699,15.30333],[98.33884,15.29378],[98.35353,15.29336],[98.35294,15.29014],[98.36659,15.2826],[98.37421,15.28432],[98.37982,15.27254],[98.38535,15.26952],[98.38873,15.27196],[98.39419,15.26269],[98.39922,15.2609],[98.40145,15.25407],[98.41726,15.26643],[98.41366,15.29129],[98.40747,15.30184],[98.38962,15.30109],[98.38793,15.30348],[98.40166,15.30816],[98.40022,15.32105],[98.41522,15.32352],[98.4099,15.33368],[98.41203,15.35323],[98.41707,15.36536],[98.4242,15.36444],[98.43046,15.36772],[98.43535,15.3626],[98.44106,15.36519],[98.44435,15.37106],[98.45496,15.36812],[98.45007,15.38324],[98.45812,15.38543],[98.46329,15.37514],[98.47094,15.37123],[98.47444,15.37611],[98.48094,15.3768],[98.48278,15.39163],[98.48974,15.39353],[98.50141,15.38842],[98.501,15.38514],[98.50923,15.37726],[98.51572,15.37905],[98.52435,15.37042],[98.53745,15.371],[98.5477,15.35777],[98.54486,15.35355],[98.54965,15.34894],[98.55115,15.34378],[98.54736,15.34201],[98.54954,15.33757],[98.55962,15.33604],[98.58028,15.3756],[98.58536,15.47122],[98.5529,15.60174],[98.56299,15.63975],[98.54829,15.68524],[98.57646,15.7989],[98.61076,15.8768],[98.59966,15.87271],[98.59568,15.87491],[98.59654,15.88483],[98.58904,15.89203],[98.58916,15.90669],[98.58402,15.91862],[98.59216,15.938],[98.59384,15.95938],[98.60611,15.96512],[98.60865,15.97261],[98.60654,15.98456],[98.59673,16.00843],[98.57674,16.01989],[98.5755,16.02498],[98.56264,16.0307],[98.56061,16.03424],[98.56258,16.04488],[98.56706,16.05694],[98.57747,16.05925],[98.58086,16.0709],[98.58921,16.07616],[98.59953,16.07335],[98.60572,16.06355],[98.60793,16.0423],[98.62875,16.04439],[98.63158,16.04866],[98.62624,16.06211],[98.64019,16.06089],[98.64187,16.06652],[98.66301,16.0758],[98.65867,16.08166],[98.6718,16.09039],[98.67389,16.0957],[98.66616,16.11046],[98.68185,16.11097],[98.6843,16.11353],[98.67881,16.12848],[98.70025,16.13596],[98.7131,16.1327],[98.71991,16.12303],[98.74138,16.11966],[98.76864,16.12047],[98.77886,16.12598],[98.78327,16.12361],[98.7881,16.11082],[98.79647,16.10562],[98.80541,16.10457],[98.81001,16.10905],[98.82845,16.11538],[98.83311,16.12674],[98.84851,16.12787],[98.854,16.15666],[98.85107,16.16061],[98.8581,16.16424],[98.85738,16.167],[98.86143,16.16999],[98.85985,16.18735],[98.8542,16.19192],[98.86127,16.19826],[98.85196,16.21957],[98.86965,16.23359],[98.87152,16.23845],[98.87831,16.23034],[98.88719,16.24792],[98.90334,16.2545],[98.91067,16.26793],[98.90658,16.27399],[98.91066,16.29788],[98.91636,16.3063],[98.92677,16.30638],[98.92415,16.30925],[98.93175,16.32889],[98.92564,16.34542],[98.91094,16.34398],[98.90944,16.34822],[98.91709,16.35763],[98.92004,16.36952],[98.91703,16.37642],[98.91798,16.38726],[98.89994,16.40091],[98.89641,16.40736],[98.89236,16.4071],[98.88873,16.41732],[98.87943,16.42525],[98.87456,16.42226],[98.86573,16.42497],[98.84693,16.41793],[98.83738,16.4225],[98.82981,16.42192],[98.824,16.40543],[98.81319,16.39451],[98.81726,16.38507],[98.81077,16.38382],[98.78153,16.36533],[98.78287,16.35511],[98.77549,16.34882],[98.77637,16.34392],[98.77317,16.34736],[98.76458,16.34306],[98.75316,16.34349],[98.7456,16.34741],[98.74296,16.33864],[98.73545,16.33824],[98.73362,16.33271],[98.72678,16.32876],[98.72481,16.32235],[98.7285,16.3194],[98.72701,16.31602],[98.72027,16.31478],[98.71817,16.3103],[98.71988,16.29734],[98.70681,16.2946],[98.7031,16.27071],[98.69543,16.26977],[98.69235,16.27161],[98.69344,16.27516],[98.68133,16.2814],[98.67879,16.27841],[98.68203,16.27657],[98.67596,16.27079],[98.67334,16.27472],[98.67591,16.28053],[98.66601,16.29165],[98.66958,16.29255],[98.67086,16.31826],[98.66472,16.31679],[98.66645,16.34682],[98.65311,16.3516],[98.65324,16.35562],[98.66443,16.36522],[98.65781,16.37086],[98.65318,16.37059],[98.65803,16.37818],[98.64846,16.39449],[98.65371,16.3983],[98.64262,16.40445],[98.64133,16.40995],[98.63585,16.41238],[98.64098,16.41549],[98.63697,16.42543],[98.63893,16.43132],[98.65769,16.455],[98.65113,16.46288],[98.65207,16.47129],[98.64814,16.47425],[98.64375,16.4729],[98.64249,16.47879],[98.63338,16.47925],[98.62628,16.49696],[98.61791,16.50126],[98.60704,16.52356],[98.59741,16.53368],[98.59765,16.54602],[98.58541,16.54615],[98.58766,16.5544],[98.5849,16.55878],[98.57671,16.55816],[98.57886,16.5649],[98.57282,16.57124],[98.57513,16.57354],[98.57827,16.56767],[98.58675,16.56767],[98.57939,16.575],[98.58288,16.57607],[98.58261,16.58672],[98.5865,16.58938],[98.58308,16.59209],[98.58241,16.60102],[98.57641,16.59915],[98.57732,16.60615],[98.57124,16.60631],[98.56861,16.61687],[98.57375,16.62018],[98.5711,16.63175],[98.56289,16.62982],[98.55938,16.63551],[98.55393,16.63373],[98.54313,16.63862],[98.53305,16.63665],[98.53135,16.64073],[98.52312,16.64472],[98.52391,16.64924],[98.51911,16.65059],[98.51301,16.64524],[98.511,16.64782],[98.51505,16.65927],[98.51424,16.66882],[98.51848,16.67573],[98.51471,16.68731],[98.51647,16.69324],[98.51053,16.69491],[98.51734,16.7017],[98.50948,16.70095],[98.5023,16.69775],[98.50032,16.69154],[98.49499,16.69176],[98.49869,16.69504],[98.49681,16.70316],[98.50293,16.71065],[98.50052,16.7162],[98.49419,16.71554],[98.49232,16.70965],[98.48379,16.71664],[98.47018,16.71278],[98.47245,16.7179],[98.47705,16.7171],[98.47576,16.72209],[98.46312,16.7307],[98.46834,16.73638],[98.46211,16.74991],[98.46974,16.75121],[98.47374,16.74605],[98.47817,16.74552],[98.47997,16.74802],[98.47659,16.75184],[98.47637,16.76241],[98.48962,16.77275],[98.48314,16.78153],[98.48566,16.79014],[98.49499,16.79183],[98.49909,16.78562],[98.50367,16.78618],[98.50654,16.78836],[98.50642,16.79619],[98.50954,16.79767],[98.51965,16.78992],[98.52581,16.79736],[98.52347,16.79958],[98.51659,16.79787],[98.51406,16.80348],[98.51629,16.80575],[98.54651,16.81246],[98.54744,16.81556],[98.54168,16.81943],[98.5375,16.82913],[98.52551,16.82722],[98.52229,16.83508],[98.51216,16.83782],[98.503,16.83229],[98.49204,16.84184],[98.49984,16.86342],[98.50607,16.86724],[98.50942,16.86511],[98.511,16.85647],[98.51501,16.85664],[98.51329,16.8688],[98.5076,16.8789],[98.51022,16.88049],[98.52235,16.8764],[98.52437,16.87166],[98.53231,16.86789],[98.53491,16.86101],[98.53856,16.85993],[98.53974,16.8625],[98.526,16.88611],[98.53032,16.89237],[98.53548,16.89368],[98.53548,16.89879],[98.51299,16.90186],[98.52237,16.91585],[98.51936,16.91833],[98.50884,16.91644],[98.50896,16.91089],[98.50623,16.9113],[98.50118,16.92031],[98.50565,16.92773],[98.50092,16.92908],[98.4909,16.9226],[98.489,16.92439],[98.49155,16.93281],[98.48277,16.93612],[98.48473,16.94224],[98.49776,16.95093],[98.50408,16.94473],[98.50779,16.94485],[98.50851,16.94799],[98.49956,16.95765],[98.48873,16.95738],[98.48975,16.96988],[98.48166,16.97211],[98.4749,16.96842],[98.46835,16.97152],[98.468,16.97456],[98.47768,16.97614],[98.48039,16.98107],[98.47369,16.98546],[98.47317,16.99557],[98.46971,16.99721],[98.45801,16.99187],[98.44762,16.99709],[98.45533,17.01182],[98.45212,17.01779],[98.45575,17.02087],[98.44962,17.02446],[98.44104,17.02128],[98.43024,17.02188],[98.43605,17.02656],[98.43727,17.03655],[98.42486,17.03776],[98.42395,17.04359],[98.42026,17.04542],[98.41528,17.04368],[98.411,17.05394],[98.40415,17.05611],[98.39919,17.04734],[98.39596,17.04737],[98.39068,17.05162],[98.39296,17.0581],[98.38951,17.06039],[98.37139,17.05654],[98.3602,17.04882],[98.34709,17.048],[98.33725,17.0512],[98.323,17.06364],[98.31232,17.07826],[98.31346,17.08736],[98.30148,17.089],[98.29971,17.0919],[98.30503,17.09381],[98.30879,17.10118],[98.31588,17.09463],[98.31677,17.1042],[98.32232,17.11148],[98.3096,17.11181],[98.30139,17.10723],[98.29833,17.12741],[98.29373,17.12373],[98.29332,17.11357],[98.28459,17.11181],[98.27985,17.1157],[98.2867,17.13097],[98.28445,17.14241],[98.28681,17.14471],[98.29787,17.14217],[98.29696,17.14901],[98.28772,17.15613],[98.27195,17.15115],[98.26705,17.16019],[98.27009,17.16434],[98.28031,17.16803],[98.27923,17.1736],[98.26669,17.17755],[98.25882,17.1762],[98.26368,17.18716],[98.25046,17.182],[98.25134,17.19743],[98.24552,17.19622],[98.24379,17.19895],[98.24744,17.20966],[98.24512,17.21169],[98.23822,17.21025],[98.23031,17.203],[98.22733,17.20549],[98.23402,17.21769],[98.24459,17.22359],[98.24107,17.23014],[98.22701,17.22116],[98.22022,17.22724],[98.21317,17.2285],[98.20526,17.24922],[98.19578,17.2551],[98.16733,17.26252],[98.16448,17.26646],[98.1672,17.27299],[98.16072,17.28041],[98.153,17.28333],[98.14568,17.29208],[98.1343,17.293],[98.13751,17.29937],[98.13373,17.30685],[98.12835,17.30778],[98.12883,17.31476],[98.12413,17.32142],[98.11932,17.32325],[98.11556,17.31936],[98.11147,17.32031],[98.10499,17.33709],[98.10444,17.34665],[98.10718,17.3501],[98.10505,17.35439],[98.11947,17.37307],[98.10893,17.37689],[98.10967,17.38593],[98.08696,17.39579],[98.07953,17.3908],[98.0602,17.42128],[98.0453,17.43034],[98.04769,17.43443],[98.05465,17.4356],[98.05541,17.44211],[98.0372,17.45152],[97.9917,17.51101],[97.9705,17.50862],[97.96519,17.51675],[97.96768,17.52111],[97.96214,17.52745],[97.94004,17.53141],[97.93231,17.53843],[97.92266,17.54034],[97.91871,17.55802],[97.9099,17.56361],[97.90635,17.58362],[97.84804,17.6269],[97.82769,17.64984],[97.82183,17.65246],[97.81924,17.66097],[97.79313,17.68043],[97.79139,17.69168],[97.77455,17.70722],[97.76294,17.72638],[97.76216,17.74569],[97.76866,17.74592],[97.77374,17.75288],[97.75689,17.77117],[97.74825,17.76866],[97.74461,17.77184],[97.74209,17.78582],[97.732,17.79758],[97.72359,17.79907],[97.71763,17.8074],[97.71811,17.81915],[97.70297,17.81579],[97.69813,17.82096],[97.69143,17.83396],[97.69307,17.84001],[97.67483,17.86887],[97.67199,17.8789],[97.67602,17.89336],[97.68524,17.908],[97.68643,17.92392],[97.70709,17.94617],[97.72504,17.94989],[97.73339,17.95531],[97.73752,17.97465],[97.73555,17.98819],[97.72169,18.01067],[97.72352,18.02261],[97.70831,18.04928],[97.70831,18.05506],[97.69849,18.06642],[97.68886,18.06199],[97.68193,18.06363],[97.68087,18.07326],[97.68934,18.08067],[97.6905,18.08953],[97.67837,18.11264],[97.67596,18.16155],[97.66845,18.16906],[97.65141,18.17792],[97.64332,18.19236],[97.61405,18.22443],[97.60866,18.23935],[97.61108,18.25059],[97.63322,18.27121],[97.63943,18.28159],[97.63889,18.2879],[97.61778,18.31912],[97.59295,18.33171],[97.58274,18.33252],[97.57575,18.33839],[97.5671,18.33645],[97.55977,18.33871],[97.55,18.33325],[97.54051,18.2981],[97.53235,18.28231],[97.5066,18.26638],[97.50059,18.26837],[97.48475,18.29001],[97.46083,18.31038],[97.45233,18.32814],[97.44721,18.33084],[97.44151,18.35912],[97.4514,18.3782],[97.45218,18.38838],[97.44006,18.40489],[97.42999,18.40601],[97.42508,18.41013],[97.41771,18.43584],[97.40167,18.45127],[97.3862,18.50594],[97.38196,18.5124],[97.37365,18.52246],[97.35784,18.5299],[97.34675,18.54433],[97.34394,18.57772],[97.36212,18.59933],[97.36334,18.55969],[97.38186,18.55926],[97.40405,18.56594],[97.40916,18.55521],[97.41746,18.55313],[97.42722,18.54428],[97.42838,18.52552],[97.43585,18.52077],[97.43683,18.50586],[97.44303,18.50264],[97.44397,18.49501],[97.45446,18.49357],[97.4591,18.49962],[97.46768,18.49847],[97.47162,18.50462],[97.4816,18.51031],[97.49049,18.51009],[97.50006,18.49426],[97.51015,18.49278],[97.51876,18.4977],[97.53481,18.49117],[97.54694,18.53008],[97.55762,18.52739],[97.56235,18.52227],[97.56696,18.52461],[97.57169,18.53503],[97.58178,18.53276],[97.58602,18.53348],[97.588,18.53784],[97.60482,18.53702],[97.60654,18.54362],[97.61346,18.54575],[97.6189,18.53953],[97.62206,18.5409],[97.62262,18.54427],[97.61432,18.55534],[97.61462,18.56025],[97.62731,18.56561],[97.63491,18.55857],[97.64473,18.57001],[97.64909,18.57077],[97.65047,18.57685],[97.67083,18.57345],[97.67534,18.57699],[97.70147,18.5696],[97.72239,18.57362],[97.72574,18.58469],[97.73122,18.58651],[97.73836,18.57947],[97.75307,18.57613],[97.76929,18.57928],[97.76706,18.58835],[97.77206,18.59781],[97.77109,18.6055],[97.77387,18.61052],[97.7734,18.61953],[97.76913,18.62221],[97.77118,18.6285],[97.76693,18.63297],[97.77098,18.63792],[97.76827,18.64371],[97.7716,18.64589],[97.77221,18.65205],[97.76761,18.66973],[97.77239,18.6739],[97.77076,18.68169],[97.77402,18.68876],[97.76519,18.70843],[97.75611,18.71628],[97.75164,18.73684],[97.75754,18.7438],[97.75863,18.75507],[97.76336,18.75743],[97.76239,18.76272],[97.7538,18.76776],[97.75356,18.78613],[97.74921,18.79099],[97.74857,18.79887],[97.75267,18.80861],[97.74506,18.81274],[97.73892,18.82842],[97.74426,18.83221],[97.749,18.84511],[97.74395,18.84962],[97.7447,18.85742],[97.73904,18.86817],[97.74127,18.88164],[97.73689,18.88698],[97.71923,18.88672],[97.71113,18.89681],[97.69694,18.90465],[97.69646,18.91039],[97.68861,18.91672],[97.68909,18.92555],[97.67087,18.9296],[97.66553,18.93792],[97.67018,18.94197],[97.66834,18.94802],[97.67747,18.94836],[97.68414,18.95286],[97.69048,18.94848],[97.70033,18.95768],[97.70727,18.95787],[97.70464,18.96766],[97.72198,18.96729],[97.7266,18.97465],[97.72919,18.9716],[97.73832,18.97874],[97.73505,18.98345],[97.73745,18.99147],[97.73552,19.01495],[97.73918,19.0271],[97.73579,19.04069],[97.7436,19.04206],[97.74683,19.0388],[97.75106,19.04148],[97.75888,19.03843],[97.76429,19.04071],[97.77063,19.05048],[97.77123,19.056],[97.76436,19.06627],[97.76979,19.07369],[97.77968,19.07612],[97.78361,19.07272],[97.79204,19.07357],[97.79698,19.08087],[97.81086,19.09079],[97.82969,19.09172],[97.83704,19.09495],[97.84065,19.11736],[97.83439,19.13648],[97.83794,19.14511],[97.84434,19.14789],[97.83881,19.17152],[97.84389,19.18397],[97.83803,19.19678],[97.84515,19.20299],[97.8453,19.21541],[97.84151,19.22514],[97.82538,19.23033],[97.82663,19.23744],[97.81745,19.23817],[97.8098,19.25291],[97.79224,19.26255],[97.78365,19.26387],[97.78294,19.26877],[97.78863,19.27491],[97.79015,19.28258],[97.79651,19.28354],[97.80164,19.28915],[97.81032,19.27929],[97.81678,19.28464],[97.82566,19.28293],[97.83126,19.29095],[97.84203,19.2902],[97.84288,19.29287],[97.8388,19.30019],[97.82884,19.30313],[97.82846,19.31071],[97.82371,19.31544],[97.82566,19.32368],[97.82205,19.32894],[97.81123,19.33419],[97.81346,19.34059],[97.79879,19.35273],[97.80012,19.37183],[97.80615,19.376],[97.80325,19.37823],[97.80439,19.38524],[97.79181,19.3951],[97.78688,19.39519],[97.78655,19.39992],[97.78768,19.40352],[97.8033,19.40483],[97.80605,19.41048],[97.81208,19.41197],[97.82722,19.43108],[97.82727,19.43949],[97.83842,19.45439],[97.8501,19.46666],[97.8576,19.46907],[97.86268,19.48344],[97.87131,19.48476],[97.8743,19.48831],[97.87288,19.49575],[97.88816,19.50061],[97.88201,19.50594],[97.87623,19.50626],[97.873,19.51555],[97.86922,19.51567],[97.86894,19.52249],[97.86278,19.52893],[97.85529,19.53122],[97.85485,19.54709],[97.86322,19.56353],[97.85935,19.5707],[97.86256,19.57635],[97.88036,19.58087],[97.89162,19.57577],[97.90244,19.57759],[97.94242,19.59695],[97.96044,19.59267],[97.96028,19.59692],[97.97503,19.60205],[97.97351,19.63491],[97.97938,19.63406],[97.98303,19.64036],[97.99992,19.63573],[98.01381,19.63609],[98.01429,19.63974],[98.02589,19.63737],[98.02683,19.64049],[98.03839,19.64398],[98.04482,19.65459],[98.04268,19.66525],[98.03296,19.67036],[98.03404,19.67717],[98.02902,19.6884],[98.03456,19.7006],[98.0255,19.71416],[98.02474,19.72211],[98.0317,19.72481],[98.02912,19.73445],[98.03389,19.74194],[98.03277,19.75373],[98.03779,19.76533],[98.03364,19.77235],[98.03322,19.78693],[98.04037,19.79856],[98.03499,19.80576],[98.04314,19.80789],[98.04868,19.81427],[98.05822,19.80341],[98.06951,19.81012],[98.0837,19.81012],[98.0859,19.80522],[98.0829,19.79234],[98.09043,19.79102],[98.10037,19.77222],[98.11366,19.7744],[98.1146,19.77885],[98.12308,19.77975],[98.13543,19.78819],[98.15084,19.77405],[98.16828,19.7708],[98.17861,19.76017],[98.18398,19.76004],[98.18322,19.74994],[98.19296,19.73785],[98.19865,19.73872],[98.20246,19.7322],[98.21147,19.73081],[98.21664,19.72536],[98.22882,19.72772],[98.23802,19.70782],[98.23128,19.69757],[98.24853,19.67638],[98.26001,19.67855],[98.26678,19.6836],[98.27728,19.6819],[98.28771,19.68501],[98.2964,19.68199],[98.30066,19.6872],[98.30692,19.68733],[98.32373,19.69885],[98.33739,19.69395],[98.34512,19.69844],[98.3499,19.69438],[98.35655,19.6961],[98.37133,19.6898],[98.37692,19.69781],[98.38787,19.70016],[98.39065,19.70391],[98.40202,19.70099],[98.4062,19.69526],[98.41471,19.69294],[98.41901,19.69603],[98.43401,19.69674],[98.44591,19.69339],[98.4599,19.69779],[98.46602,19.69227],[98.48556,19.7046],[98.49693,19.7057],[98.50743,19.71113],[98.50712,19.71635],[98.5097,19.71765],[98.51919,19.71488],[98.52912,19.70525],[98.53285,19.69637],[98.53783,19.69424],[98.53808,19.68933],[98.54868,19.68676],[98.56603,19.67208],[98.57162,19.70391],[98.58996,19.71583],[98.6081,19.70914],[98.61265,19.71034],[98.61539,19.71649],[98.626,19.71527],[98.62599,19.7285],[98.63481,19.72914],[98.65392,19.74007],[98.65923,19.73552],[98.66544,19.7425],[98.66347,19.74711],[98.66622,19.74968],[98.67236,19.75188],[98.6796,19.74941],[98.68392,19.75432],[98.70368,19.75794],[98.71157,19.76883],[98.7178,19.76227],[98.72928,19.76094],[98.73768,19.7544],[98.75303,19.76012],[98.77737,19.75225],[98.79622,19.77614],[98.80587,19.77726],[98.82654,19.79224],[98.82977,19.79584],[98.82807,19.80213],[98.83119,19.80904],[98.84078,19.81328],[98.85001,19.8076],[98.85001,19.80252],[98.85606,19.79684],[98.87123,19.79182],[98.87485,19.78284],[98.88368,19.78162],[98.89491,19.77317],[98.89842,19.76583],[98.91142,19.76171],[98.91933,19.76278],[98.91873,19.76514],[98.92368,19.76528],[98.93155,19.77379],[98.93983,19.76879],[98.95159,19.76884],[98.95621,19.75181],[98.97255,19.74274],[98.9869,19.73955],[98.99148,19.74399],[98.98713,19.76356],[98.99157,19.78291],[99.00397,19.78129],[99.00712,19.79179],[99.01483,19.79386],[99.01628,19.80605],[99.02262,19.81419],[99.02478,19.82739],[99.03071,19.8344],[99.02961,19.84178],[99.034,19.85555],[99.02289,19.86661],[99.02755,19.88033],[99.02198,19.90738],[99.02762,19.90897],[99.02193,19.92758],[99.02502,19.92986],[99.03047,19.9247],[99.0348,19.93007],[99.04263,19.93127],[99.04084,19.93696],[99.04478,19.94972],[99.03946,19.95714],[99.03959,19.96493],[99.03203,19.97333],[99.03662,19.98938],[99.04106,19.99508],[99.05064,19.99846],[99.05415,20.00413],[99.04637,20.00874],[99.0436,20.01675],[99.04472,20.03919],[99.0539,20.05048],[99.05773,20.064],[99.06696,20.06841],[99.06973,20.0815],[99.06665,20.08531],[99.07642,20.10072],[99.08114,20.10172],[99.0832,20.09855],[99.09071,20.0975],[99.09599,20.10507],[99.10028,20.0976],[99.10846,20.09794],[99.12775,20.1035],[99.1316,20.1052],[99.12588,20.11734],[99.14056,20.1212],[99.1592,20.13282],[99.16411,20.13007],[99.17067,20.13207],[99.18091,20.12656],[99.1981,20.13063],[99.21275,20.13035],[99.22241,20.11953],[99.23044,20.12483],[99.242,20.11381],[99.25848,20.11413],[99.26317,20.10483],[99.26834,20.1046],[99.28199,20.09493],[99.2955,20.08159],[99.30555,20.07994],[99.31377,20.07051],[99.323,20.06922],[99.32644,20.07533],[99.3401,20.07176],[99.37708,20.08896],[99.3963,20.08928],[99.40005,20.08608],[99.41253,20.08832],[99.4165,20.09357],[99.43773,20.09061],[99.44448,20.0983],[99.45519,20.09795],[99.47175,20.10908],[99.4834,20.10958],[99.4923,20.11585],[99.49728,20.11588],[99.49874,20.12295],[99.49478,20.13349],[99.49992,20.1348],[99.51307,20.14841],[99.51178,20.15194],[99.53729,20.14714],[99.53802,20.16529],[99.54162,20.17312],[99.55122,20.17651],[99.56239,20.20699],[99.5578,20.21497],[99.54442,20.21797],[99.53374,20.23219],[99.52315,20.23274],[99.52141,20.25028],[99.51577,20.25633],[99.51919,20.25966],[99.51805,20.26644],[99.50934,20.28989],[99.50494,20.29412],[99.50585,20.30706],[99.50931,20.31233],[99.5071,20.32577],[99.49291,20.34318],[99.47619,20.34939],[99.4675,20.35884],[99.45629,20.36358],[99.46002,20.38016],[99.45841,20.3928],[99.47201,20.39412],[99.48975,20.383],[99.49549,20.38516],[99.50057,20.38259],[99.50988,20.36871],[99.51965,20.36127],[99.5229,20.36439],[99.54025,20.35593],[99.55735,20.35806],[99.56109,20.35257],[99.57265,20.34966],[99.57664,20.34478],[99.5864,20.34212],[99.59178,20.34424],[99.61141,20.33256],[99.6153,20.33671],[99.63031,20.33632],[99.63329,20.34186],[99.64335,20.34333],[99.65752,20.32753],[99.68146,20.31618],[99.69774,20.32632],[99.70982,20.32358],[99.71936,20.32978],[99.71754,20.3423],[99.73014,20.35012],[99.75813,20.33911],[99.76283,20.34266],[99.77103,20.34159],[99.77601,20.33501],[99.81001,20.336],[99.82449,20.35162],[99.83336,20.37017],[99.83995,20.37371],[99.83996,20.40118],[99.85927,20.42097],[99.86408,20.4333],[99.85966,20.44134],[99.86535,20.4462],[99.89005,20.44487],[99.90743,20.44991],[99.91601,20.44959],[99.92049,20.4458],[99.93287,20.45623],[99.9409,20.45568],[99.95503,20.46481],[99.96519,20.46403],[99.96872,20.45403],[99.97531,20.44917],[99.97525,20.44305],[99.98487,20.43968],[99.98367,20.43744],[99.98979,20.42916],[99.98849,20.42394],[99.99545,20.4218],[100.00094,20.4153],[100.00524,20.4188],[100.01839,20.41299],[100.01648,20.40973],[100.03111,20.4],[100.03303,20.40286],[100.03739,20.39595],[100.04282,20.39855],[100.04639,20.39135],[100.05234,20.39273],[100.05534,20.3878],[100.05606,20.39619],[100.06383,20.39127],[100.06377,20.38511],[100.06974,20.39012],[100.07156,20.38661],[100.06565,20.38064],[100.06699,20.3745],[100.07655,20.38063],[100.07888,20.37898],[100.07643,20.37501],[100.08117,20.36924],[100.08496,20.36911],[100.07866,20.36384],[100.09848,20.31347],[100.09111,20.27987],[100.09557,20.26267],[100.11171,20.25029],[100.1645,20.2442],[100.17541,20.24987],[100.17984,20.26172],[100.1747,20.27896],[100.16875,20.28468],[100.16661,20.29243],[100.16878,20.30015],[100.19415,20.3107],[100.2175,20.31421],[100.22363,20.31997],[100.2284,20.32916],[100.22431,20.34952],[100.22755,20.3563],[100.24638,20.36823],[100.25195,20.38399],[100.26137,20.39587],[100.27222,20.40078],[100.29966,20.39749],[100.31099,20.4009],[100.33015,20.39862],[100.35847,20.37268],[100.35939,20.35523],[100.36734,20.35531],[100.37575,20.34994],[100.38243,20.31431],[100.40598,20.28216],[100.41503,20.25323],[100.45474,20.22855],[100.45328,20.20408],[100.45611,20.19872],[100.46211,20.19866],[100.47497,20.19145],[100.4877,20.17913],[100.50759,20.15102],[100.52308,20.14286],[100.53084,20.1458],[100.55263,20.1755],[100.56575,20.17586],[100.57817,20.16803],[100.57219,20.14426],[100.56886,20.09725],[100.561,20.08738],[100.55391,20.04637],[100.55075,20.04319],[100.55124,20.03024],[100.54162,20.02199],[100.5436,20.01146],[100.5305,19.98016],[100.52583,19.95912],[100.51728,19.94438],[100.51683,19.93546],[100.52228,19.92912],[100.51991,19.91454],[100.51486,19.90874],[100.51892,19.90321],[100.5128,19.89041],[100.50103,19.88332],[100.5012,19.87018],[100.49655,19.86518],[100.49037,19.86591],[100.47358,19.85626],[100.46152,19.85681],[100.45126,19.84952],[100.4424,19.8357],[100.44888,19.82736],[100.44435,19.82204],[100.43796,19.79067],[100.41589,19.7816],[100.40378,19.75152],[100.4062,19.73632],[100.41753,19.73236],[100.4184,19.72886],[100.4255,19.72846],[100.43042,19.72188],[100.43755,19.71926],[100.43956,19.71208],[100.44628,19.70636],[100.43016,19.68361],[100.42835,19.6726],[100.44407,19.66268],[100.4421,19.64236],[100.44725,19.62761],[100.45675,19.62746],[100.45959,19.61891],[100.48333,19.60925],[100.48171,19.60602],[100.48691,19.59615],[100.4842,19.58758],[100.48986,19.58332],[100.49142,19.57715],[100.48893,19.56768],[100.4815,19.56032],[100.48641,19.54326],[100.50172,19.53828],[100.5126,19.52373],[100.52337,19.519],[100.53329,19.52467],[100.53989,19.52004],[100.54948,19.5194],[100.55817,19.50979],[100.56569,19.50786],[100.5742,19.49979],[100.58224,19.50013],[100.59916,19.5108],[100.60236,19.5289],[100.61083,19.53404],[100.60898,19.5484],[100.63107,19.55601],[100.64425,19.55458],[100.65142,19.55723],[100.66071,19.54743],[100.67241,19.55],[100.68411,19.54144],[100.69198,19.5397],[100.69238,19.53643],[100.70774,19.53581],[100.71416,19.52946],[100.73327,19.52447],[100.73587,19.51955],[100.73866,19.52061],[100.75187,19.51084],[100.75748,19.51162],[100.75917,19.50776],[100.75623,19.50515],[100.76574,19.49886],[100.76631,19.49038],[100.771,19.48701],[100.7831,19.4973],[100.79093,19.5104],[100.817,19.52493],[100.81888,19.53311],[100.83854,19.55259],[100.84811,19.56931],[100.86011,19.57327],[100.85845,19.5828],[100.86627,19.58515],[100.87335,19.59968],[100.87888,19.60163],[100.8793,19.60637],[100.88365,19.60643],[100.88747,19.62474],[100.89294,19.63409],[100.89759,19.63498],[100.91333,19.62707],[100.91743,19.62159],[100.92922,19.62616],[100.93334,19.62203],[100.93882,19.62608],[100.95058,19.62558],[100.96169,19.62475],[100.97339,19.61902],[100.98141,19.62707],[100.99927,19.62622],[101.00115,19.62178],[101.00681,19.62374],[101.01407,19.62002],[101.02468,19.63083],[101.03541,19.62897],[101.05053,19.62036],[101.06109,19.62016],[101.067,19.61302],[101.0665,19.60498],[101.06952,19.60296],[101.07702,19.60534],[101.08939,19.59852],[101.09087,19.59552],[101.08746,19.59173],[101.0978,19.58448],[101.11627,19.58368],[101.12055,19.57297],[101.1402,19.57916],[101.1475,19.57744],[101.15379,19.58211],[101.16615,19.58156],[101.16951,19.58598],[101.17905,19.57826],[101.19667,19.57673],[101.20282,19.58548],[101.20151,19.59198],[101.20607,19.60573],[101.21699,19.60218],[101.22471,19.60558],[101.22762,19.60286],[101.24335,19.6036],[101.24775,19.59456],[101.25508,19.59123],[101.26257,19.59354],[101.27492,19.5866],[101.28815,19.56926],[101.275,19.55122],[101.28032,19.53715],[101.28503,19.53404],[101.28568,19.52745],[101.27813,19.52036],[101.27473,19.51208],[101.27127,19.5119],[101.26725,19.50323],[101.26852,19.48097],[101.26463,19.47016],[101.24702,19.47445],[101.24155,19.47186],[101.236,19.4781],[101.22184,19.47196],[101.21223,19.47635],[101.21091,19.46357],[101.20509,19.45723],[101.20871,19.4537],[101.20728,19.44893],[101.21222,19.44461],[101.20958,19.43705],[101.21458,19.43233],[101.2034,19.4131],[101.19499,19.40607],[101.19595,19.4001],[101.18641,19.40007],[101.1871,19.39067],[101.19003,19.37849],[101.19884,19.37119],[101.20232,19.36389],[101.20491,19.34976],[101.21979,19.34414],[101.22849,19.34713],[101.23348,19.33473],[101.24032,19.32835],[101.24104,19.32389],[101.23066,19.31789],[101.22696,19.30986],[101.22929,19.29691],[101.23922,19.28481],[101.25102,19.24118],[101.26014,19.23112],[101.25194,19.21715],[101.25234,19.19217],[101.24566,19.18069],[101.25291,19.17078],[101.25686,19.15129],[101.25828,19.13917],[101.25353,19.13301],[101.25656,19.12513],[101.27129,19.11429],[101.28513,19.10992],[101.28869,19.10447],[101.29383,19.1044],[101.29744,19.09365],[101.31396,19.08177],[101.32517,19.08008],[101.32515,19.07529],[101.33128,19.06873],[101.33861,19.07058],[101.35065,19.05201],[101.3558,19.05132],[101.35525,19.04514],[101.34594,19.02663],[101.34058,19.02195],[101.33922,19.00947],[101.33563,19.0041],[101.31083,19.00265],[101.30641,18.99845],[101.30446,18.9878],[101.29265,18.98097],[101.2921,18.96588],[101.29587,18.9547],[101.29314,18.95154],[101.29625,18.94637],[101.29402,18.93698],[101.28687,18.93439],[101.28252,18.93654],[101.27422,18.92987],[101.27449,18.91698],[101.2538,18.90633],[101.24698,18.89231],[101.24857,18.875],[101.2539,18.86462],[101.25186,18.86156],[101.2545,18.84661],[101.24564,18.83824],[101.24307,18.83118],[101.24815,18.81757],[101.25822,18.80948],[101.24823,18.78916],[101.25187,18.78394],[101.24857,18.77527],[101.25232,18.77105],[101.24507,18.77085],[101.24043,18.76559],[101.23535,18.73979],[101.22349,18.73198],[101.2262,18.72533],[101.23295,18.72329],[101.23519,18.7114],[101.24701,18.71304],[101.26046,18.69974],[101.26732,18.69871],[101.27101,18.68961],[101.2587,18.67656],[101.25837,18.66854],[101.25348,18.66584],[101.25003,18.65643],[101.24097,18.65091],[101.24201,18.63892],[101.23498,18.63528],[101.2266,18.62406],[101.21829,18.62432],[101.21406,18.61874],[101.18294,18.61251],[101.17923,18.60463],[101.18187,18.60328],[101.17937,18.58858],[101.18652,18.58051],[101.18156,18.56878],[101.18262,18.55985],[101.17747,18.55747],[101.17465,18.56034],[101.17067,18.55677],[101.14869,18.55166],[101.14853,18.54211],[101.14177,18.53781],[101.13797,18.52724],[101.10879,18.52547],[101.10287,18.52001],[101.09818,18.50234],[101.09069,18.49872],[101.09298,18.47845],[101.08332,18.47629],[101.05317,18.44193],[101.05662,18.43569],[101.05212,18.42522],[101.05833,18.42253],[101.06986,18.40852],[101.07945,18.4048],[101.0835,18.39689],[101.08247,18.38363],[101.08575,18.38029],[101.09486,18.38114],[101.10946,18.37125],[101.13255,18.36572],[101.15013,18.34665],[101.15501,18.3489],[101.18193,18.3405],[101.17932,18.32654],[101.17281,18.32028],[101.1694,18.32135],[101.16508,18.31377],[101.15932,18.31062],[101.15988,18.30455],[101.14813,18.2958],[101.15575,18.28334],[101.1597,18.28398],[101.16347,18.27919],[101.15078,18.26943],[101.14379,18.25961],[101.15996,18.24406],[101.16239,18.23279],[101.16695,18.23004],[101.16405,18.22235],[101.16634,18.2171],[101.1733,18.21723],[101.17892,18.22453],[101.19305,18.21316],[101.17639,18.17672],[101.17858,18.17233],[101.17355,18.1658],[101.17517,18.16324],[101.168,18.13761],[101.16121,18.1229],[101.16652,18.11367],[101.16755,18.09689],[101.17553,18.08875],[101.17356,18.07588],[101.18446,18.06639],[101.17575,18.05273],[101.17779,18.05115],[101.16226,18.0316],[101.15358,18.03729],[101.14882,18.03502],[101.14069,18.02673],[101.13986,18.02022],[101.133,18.01447],[101.12952,18.00595],[101.1216,17.99969],[101.11856,17.97339],[101.11502,17.96664],[101.11736,17.95125],[101.10373,17.94651],[101.09444,17.93762],[101.09503,17.93116],[101.08907,17.92605],[101.0707,17.9195],[101.07051,17.91383],[101.06485,17.91711],[101.05634,17.91398],[101.05353,17.91623],[101.04089,17.90686],[101.03111,17.90447],[101.03182,17.9015],[101.01893,17.89257],[101.01634,17.884],[101.02082,17.88232],[101.02045,17.87761],[101.02795,17.87197],[101.02856,17.86555],[101.0335,17.86142],[101.03312,17.84672],[101.03027,17.84569],[101.03221,17.84284],[101.02917,17.83928],[101.03275,17.8341],[101.03053,17.83053],[101.01789,17.82955],[100.99837,17.82067],[100.99967,17.81776],[100.99223,17.80583],[101.0024,17.79551],[101.00647,17.78424],[100.99899,17.77128],[100.98975,17.76791],[100.98288,17.7699],[100.97823,17.7634],[100.97818,17.75529],[100.98677,17.74787],[100.9902,17.74001],[101.00746,17.73069],[101.00269,17.71294],[101.00458,17.70175],[101.00068,17.69878],[101.00932,17.69991],[100.99889,17.67928],[100.99309,17.67547],[100.99048,17.66556],[100.99543,17.65837],[100.99161,17.6491],[100.99513,17.64304],[100.99142,17.6182],[100.98787,17.61828],[100.98733,17.61145],[100.97673,17.59561],[100.9686,17.59266],[100.96504,17.58116],[100.96746,17.57157],[100.97365,17.56902],[100.97408,17.57257],[100.97745,17.57235],[100.98522,17.56572],[100.99277,17.56636],[101.00316,17.55628],[101.01779,17.55775],[101.02408,17.55174],[101.03754,17.54654],[101.03986,17.54092],[101.04577,17.54479],[101.04635,17.52981],[101.06061,17.52719],[101.06184,17.512],[101.06471,17.5147],[101.07987,17.50255],[101.09217,17.50847],[101.10282,17.50904],[101.09405,17.49545],[101.10629,17.49269],[101.11002,17.47984],[101.115,17.4783],[101.12175,17.48394],[101.1271,17.48165],[101.13456,17.48347],[101.13464,17.48048],[101.12988,17.47843],[101.13111,17.47286],[101.14602,17.47843],[101.14928,17.46657],[101.16046,17.46705],[101.16752,17.48012],[101.16241,17.48284],[101.16547,17.49095],[101.18291,17.49765],[101.17516,17.52437],[101.18351,17.52626],[101.1824,17.52942],[101.18821,17.53099],[101.21285,17.53115],[101.22913,17.53602],[101.23294,17.55499],[101.24287,17.55435],[101.24777,17.56226],[101.24931,17.57853],[101.25978,17.58965],[101.25964,17.59802],[101.2737,17.61063],[101.27781,17.61131],[101.27961,17.60805],[101.28222,17.6101],[101.28852,17.62379],[101.29872,17.63358],[101.3075,17.63208],[101.31181,17.63797],[101.30601,17.64975],[101.32355,17.65638],[101.3317,17.65409],[101.33762,17.6597],[101.34542,17.65897],[101.35553,17.66812],[101.36121,17.68117],[101.36722,17.67921],[101.37767,17.68192],[101.3782,17.69246],[101.38307,17.69808],[101.39822,17.68994],[101.40181,17.68232],[101.40933,17.68889],[101.40604,17.70064],[101.42093,17.71213],[101.42982,17.71316],[101.43115,17.71635],[101.41554,17.72534],[101.40161,17.72353],[101.3973,17.72708],[101.40403,17.73555],[101.41547,17.73557],[101.41753,17.72985],[101.4242,17.7374],[101.43651,17.73185],[101.44333,17.73334],[101.44555,17.72933],[101.44778,17.7368],[101.45431,17.73991],[101.45621,17.74699],[101.46734,17.74784],[101.46369,17.75454],[101.48143,17.76041],[101.484,17.75852],[101.48266,17.75414],[101.47509,17.74976],[101.47697,17.74526],[101.48284,17.74389],[101.49054,17.7465],[101.48511,17.7274],[101.49053,17.72405],[101.49377,17.7274],[101.49536,17.74042],[101.50262,17.74504],[101.49699,17.75349],[101.50394,17.75548],[101.50493,17.76001],[101.5217,17.77282],[101.52265,17.7769],[101.53745,17.77496],[101.54817,17.7876],[101.55291,17.789],[101.57438,17.78456],[101.56791,17.80259],[101.56033,17.80879],[101.55446,17.8074],[101.55159,17.81069],[101.5515,17.82098],[101.56405,17.84014],[101.56962,17.86443],[101.57366,17.86892],[101.57983,17.86721],[101.58674,17.85095],[101.59505,17.84981],[101.60691,17.86296],[101.61173,17.87462],[101.61149,17.88551],[101.61664,17.89351],[101.64859,17.89608],[101.69252,17.91255],[101.70278,17.91095],[101.70413,17.90318],[101.71011,17.90338],[101.72269,17.91139],[101.73233,17.92214],[101.72897,17.94713],[101.74251,17.974],[101.74552,17.99296],[101.75442,18.00679],[101.75631,18.03409],[101.76606,18.05457],[101.7843,18.07008],[101.78698,18.07136],[101.79567,18.06437],[101.8269,18.0589],[101.83375,18.05232],[101.86345,18.03942],[101.87498,18.02824],[101.90436,18.03],[101.90969,18.03328],[101.9365,18.07137],[101.93961,18.08264],[101.9546,18.09318],[101.95316,18.1018],[101.95644,18.1045],[101.96306,18.10265],[101.96972,18.11149],[101.98594,18.12335],[101.99394,18.12277],[102.01999,18.15009],[102.02706,18.15091],[102.0343,18.1608],[102.04411,18.19713],[102.08735,18.22019],[102.11383,18.21085],[102.13339,18.21606],[102.14152,18.21252],[102.14361,18.20637],[102.16317,18.20451],[102.18564,18.1478],[102.24885,18.09777],[102.26965,18.0767],[102.27754,18.06269],[102.28808,18.05484],[102.29748,18.05139],[102.30619,18.05425],[102.33288,18.05046],[102.34452,18.04572],[102.38815,18.01607],[102.42111,17.98894],[102.4676,17.96852],[102.48495,17.96647],[102.50966,17.97152],[102.52722,17.96323],[102.55972,17.96783],[102.59252,17.9609],[102.603,17.95536],[102.61318,17.94094],[102.61266,17.90645],[102.6063,17.8847],[102.59095,17.85597],[102.58917,17.84131],[102.59491,17.83446],[102.60236,17.83216],[102.6387,17.83174],[102.66503,17.80732],[102.67923,17.80303],[102.69276,17.80975],[102.69814,17.81979],[102.68269,17.83509],[102.67922,17.84263],[102.68532,17.86675],[102.69009,17.87147],[102.69951,17.87667],[102.73056,17.88313],[102.75735,17.89321],[102.76819,17.90193],[102.78543,17.93393],[102.79614,17.93885],[102.81271,17.93902],[102.81941,17.9423],[102.85612,17.97137],[102.89635,17.9801],[102.93697,18.00102],[102.95256,18.00464],[102.96665,18.00445],[102.98636,17.99723],[103.01001,17.97584],[103.0193,17.97123],[103.02912,17.9734],[103.04232,17.9826],[103.06063,18.00369],[103.07839,18.03328],[103.08106,18.04951],[103.07209,18.07681],[103.08064,18.12636],[103.08898,18.13583],[103.13158,18.15771],[103.14852,18.1728],[103.15571,18.19818],[103.15106,18.2292],[103.16827,18.25706],[103.18192,18.26563],[103.20609,18.2701],[103.2396,18.28341],[103.27483,18.29137],[103.29825,18.3041],[103.29769,18.31481],[103.28848,18.32529],[103.27483,18.33207],[103.25261,18.33725],[103.24343,18.35313],[103.24275,18.36439],[103.2449,18.37055],[103.26218,18.38223],[103.27979,18.39948],[103.29395,18.4227],[103.30984,18.43286],[103.3548,18.43493],[103.40596,18.44864],[103.43281,18.43997],[103.45689,18.42504],[103.47161,18.42737],[103.48593,18.42401],[103.52356,18.4263],[103.53684,18.42338],[103.5721,18.40469],[103.60236,18.40507],[103.62002,18.39893],[103.64541,18.38337],[103.69788,18.34315],[103.74667,18.3428],[103.75339,18.33979],[103.7858,18.34333],[103.82102,18.33704],[103.83699,18.32413],[103.84897,18.29287],[103.85717,18.28404],[103.88631,18.29395],[103.91257,18.32001],[103.92873,18.33042],[103.95613,18.33959],[103.9695,18.33819],[103.97815,18.33299],[103.99105,18.31845],[104.00239,18.29782],[104.0588,18.22275],[104.07015,18.18793],[104.08853,18.1607],[104.10418,18.11336],[104.17395,18.04173],[104.22061,17.98669],[104.27906,17.85397],[104.2979,17.84402],[104.33626,17.83655],[104.35511,17.82267],[104.40451,17.7393],[104.46854,17.65434],[104.60271,17.57927],[104.64551,17.5584],[104.71023,17.51883],[104.72553,17.5002],[104.73294,17.47853],[104.74406,17.46029],[104.79689,17.40045],[104.80315,17.37964],[104.80554,17.31548],[104.80282,17.2702],[104.80658,17.23029],[104.80095,17.1629],[104.79137,17.1308],[104.77639,17.10606],[104.75043,17.04933],[104.73493,17.02856],[104.72894,17.00608],[104.73462,16.96595],[104.73266,16.94135],[104.73565,16.91524],[104.75709,16.86169],[104.75984,16.84466],[104.74186,16.82251],[104.73696,16.80209],[104.74611,16.76489],[104.75817,16.74267],[104.75936,16.70467],[104.76282,16.69568],[104.74295,16.63352],[104.73996,16.59768],[104.73347,16.56825],[104.7354,16.5449],[104.75327,16.51616],[104.77672,16.49241],[104.80087,16.47724],[104.82874,16.46551],[104.85044,16.44573],[104.86198,16.42295],[104.86271,16.39973],[104.88476,16.36954],[104.88551,16.35552],[104.89407,16.34407],[104.90617,16.33786],[104.92434,16.33555],[104.9562,16.29414],[104.9874,16.27337],[105.0139,16.24545],[105.01689,16.2322],[105.01061,16.20071],[105.02156,16.17065]],[[100.81938,6.95226],[100.82676,6.94941],[100.8272,6.95009],[100.81938,6.95226]],[[100.08102,8.02465],[100.08444,8.02397],[100.08459,8.03067],[100.08769,8.03079],[100.15764,8.01406],[100.08976,8.03143],[100.08914,8.04045],[100.09367,8.04147],[100.09547,8.0376],[100.09871,8.03965],[100.09806,8.04692],[100.09741,8.03966],[100.09057,8.0429],[100.08811,8.04045],[100.08938,8.03401],[100.08394,8.03144],[100.08102,8.02465]]],[[[102.52885,11.68529],[102.52847,11.69855],[102.53633,11.69681],[102.54121,11.70574],[102.53451,11.72487],[102.53999,11.7262],[102.53993,11.7329],[102.54746,11.73785],[102.54561,11.75509],[102.54792,11.75975],[102.55404,11.76238],[102.56642,11.73596],[102.57103,11.73188],[102.56622,11.729],[102.56743,11.72515],[102.56508,11.72539],[102.56579,11.71844],[102.56295,11.71481],[102.56495,11.70057],[102.57078,11.70149],[102.5723,11.70716],[102.57856,11.70799],[102.57879,11.71185],[102.58918,11.70319],[102.58965,11.69521],[102.59828,11.69438],[102.60189,11.69956],[102.60426,11.69739],[102.60799,11.68879],[102.60239,11.68656],[102.60091,11.6765],[102.60936,11.65082],[102.60519,11.63482],[102.59571,11.6283],[102.60357,11.62579],[102.59238,11.62054],[102.59345,11.61708],[102.58841,11.6115],[102.58858,11.60686],[102.6015,11.60774],[102.59644,11.60435],[102.59689,11.5974],[102.59352,11.59377],[102.59601,11.57808],[102.59288,11.5617],[102.56847,11.57605],[102.57136,11.58946],[102.56727,11.59368],[102.5571,11.59166],[102.55681,11.59527],[102.54414,11.59567],[102.53872,11.60348],[102.52603,11.60556],[102.52691,11.60892],[102.53526,11.61028],[102.53627,11.61441],[102.53052,11.61513],[102.53257,11.61875],[102.54236,11.61935],[102.54546,11.6235],[102.54653,11.63587],[102.53999,11.63723],[102.53371,11.65275],[102.52465,11.65783],[102.53451,11.66615],[102.53225,11.67025],[102.53388,11.67786],[102.52885,11.68529]]],[[[102.52126,11.8324],[102.51929,11.83367],[102.52594,11.85449],[102.53281,11.84202],[102.52857,11.83387],[102.52126,11.8324]]],[[[102.52133,11.70892],[102.51281,11.72584],[102.5225,11.72322],[102.52584,11.71552],[102.52133,11.70892]]],[[[102.4862,11.79269],[102.48419,11.79898],[102.48001,11.79856],[102.47891,11.8046],[102.46864,11.8121],[102.45112,11.81336],[102.44582,11.80752],[102.44689,11.81873],[102.45552,11.81778],[102.46829,11.82266],[102.4707,11.82963],[102.46918,11.83927],[102.47179,11.83943],[102.47106,11.83324],[102.4813,11.8287],[102.50561,11.82943],[102.51138,11.82664],[102.50511,11.81242],[102.50338,11.81537],[102.48914,11.81434],[102.48607,11.80711],[102.48982,11.79735],[102.4862,11.79269]]],[[[102.48987,11.94903],[102.48851,11.95417],[102.49267,11.95742],[102.50104,11.95711],[102.50159,11.9548],[102.48987,11.94903]]],[[[102.47226,11.92994],[102.46833,11.93107],[102.46729,11.94445],[102.46995,11.954],[102.47904,11.96013],[102.4821,11.95462],[102.47976,11.95332],[102.48175,11.9505],[102.47952,11.93722],[102.47586,11.93706],[102.47226,11.92994]]],[[[102.4719,11.91282],[102.47133,11.91822],[102.47421,11.91773],[102.4719,11.91282]]],[[[102.45274,11.89243],[102.44665,11.90049],[102.45319,11.90029],[102.45274,11.89243]]],[[[102.44998,11.79545],[102.44994,11.79932],[102.45283,11.79831],[102.44998,11.79545]]],[[[102.26963,12.10931],[102.25092,12.13577],[102.26965,12.13338],[102.27158,12.13623],[102.26818,12.13671],[102.26916,12.14264],[102.2506,12.15379],[102.25057,12.15701],[102.2566,12.15591],[102.27558,12.14245],[102.30253,12.14233],[102.31568,12.1355],[102.32117,12.13607],[102.32643,12.13368],[102.33915,12.11758],[102.35332,12.11308],[102.3566,12.09895],[102.36318,12.09541],[102.3667,12.08282],[102.36985,12.08234],[102.37704,12.06902],[102.3828,12.0683],[102.38188,12.05567],[102.38483,12.04849],[102.39447,12.0518],[102.39751,12.04913],[102.39956,12.03962],[102.39737,12.03625],[102.38913,12.03643],[102.38747,12.03229],[102.38954,12.02137],[102.39705,12.02878],[102.39855,12.03575],[102.40645,12.03093],[102.41838,12.01456],[102.41921,12.0089],[102.42315,12.00765],[102.42934,11.98942],[102.4454,11.97824],[102.44337,11.97101],[102.43814,11.97084],[102.43597,11.96554],[102.43725,11.95473],[102.42373,11.96053],[102.42251,11.96438],[102.40015,11.97885],[102.40049,11.98375],[102.38975,11.99936],[102.38726,11.99959],[102.38874,11.99549],[102.38614,11.99353],[102.3829,12.00406],[102.37924,12.00467],[102.36874,11.99453],[102.36892,11.98938],[102.37722,11.98302],[102.37766,11.96448],[102.36265,11.9619],[102.35738,11.96545],[102.34876,11.96473],[102.33191,11.97654],[102.3165,11.97433],[102.31131,11.97081],[102.31136,11.9654],[102.31896,11.96341],[102.31966,11.95853],[102.31484,11.95719],[102.30258,11.98025],[102.29288,11.98325],[102.2931,11.98711],[102.29754,11.98715],[102.29814,11.99282],[102.28784,12.0159],[102.29103,12.02365],[102.29102,12.03833],[102.29427,12.04042],[102.29117,12.06227],[102.27726,12.06651],[102.27473,12.07138],[102.2768,12.08659],[102.26963,12.10931]]],[[[102.44311,11.94294],[102.43891,11.94522],[102.43883,11.95372],[102.44407,11.95299],[102.44541,11.94966],[102.43991,11.95025],[102.44311,11.94294]]],[[[102.40828,11.89383],[102.40707,11.89678],[102.39963,11.89632],[102.39777,11.89901],[102.40169,11.8993],[102.39903,11.90366],[102.39325,11.90669],[102.39637,11.90891],[102.40375,11.90267],[102.4163,11.90227],[102.40828,11.89383]]],[[[102.40732,11.93991],[102.40231,11.94398],[102.40281,11.94669],[102.40732,11.93991]]],[[[102.39218,11.77163],[102.38849,11.7752],[102.39515,11.77565],[102.39479,11.77178],[102.39218,11.77163]]],[[[102.39239,11.96926],[102.3905,11.97516],[102.39246,11.97544],[102.39239,11.96926]]],[[[102.38639,11.77634],[102.38502,11.79589],[102.38092,11.80126],[102.38136,11.81028],[102.38501,11.81134],[102.39298,11.79726],[102.38639,11.77634]]],[[[102.3876,11.97758],[102.384,11.98514],[102.38646,11.988],[102.38704,11.98182],[102.38939,11.98184],[102.3876,11.97758]]],[[[102.34625,11.90046],[102.3433,11.90803],[102.34818,11.91657],[102.36349,11.92882],[102.36613,11.92678],[102.36306,11.91954],[102.34625,11.90046]]],[[[102.35459,12.37156],[102.36019,12.36985],[102.36104,12.36394],[102.35459,12.37156]]],[[[102.27873,12.34549],[102.27099,12.34709],[102.26723,12.36842],[102.27888,12.36879],[102.28758,12.3757],[102.29233,12.37253],[102.29625,12.37386],[102.29384,12.37847],[102.29718,12.38443],[102.29608,12.38982],[102.29928,12.38483],[102.30294,12.38526],[102.30155,12.39245],[102.31366,12.38652],[102.31823,12.37524],[102.32307,12.37619],[102.32508,12.3717],[102.33662,12.37001],[102.33901,12.36707],[102.33648,12.35752],[102.33114,12.35515],[102.33656,12.33692],[102.31535,12.32423],[102.30294,12.30814],[102.28424,12.31942],[102.28519,12.32895],[102.28205,12.32853],[102.27698,12.33762],[102.2837,12.34554],[102.28237,12.34785],[102.27873,12.34549]]],[[[102.29493,12.37449],[102.28415,12.37824],[102.27986,12.38786],[102.28378,12.38918],[102.28489,12.38302],[102.29493,12.37449]]],[[[102.24872,12.15828],[102.24527,12.16288],[102.24895,12.16201],[102.24872,12.15828]]],[[[102.23902,12.28626],[102.2359,12.29653],[102.24419,12.29301],[102.23902,12.28626]]],[[[102.13183,12.3929],[102.13231,12.39715],[102.13481,12.3964],[102.13183,12.3929]]],[[[102.02501,12.46009],[102.02104,12.46365],[102.0239,12.46497],[102.02501,12.46009]]],[[[101.95021,12.50876],[101.94765,12.51419],[101.95116,12.51184],[101.95021,12.50876]]],[[[101.69953,12.56597],[101.69827,12.5701],[101.7009,12.57149],[101.69953,12.56597]]],[[[101.68843,12.60728],[101.68613,12.61245],[101.69045,12.61266],[101.68843,12.60728]]],[[[101.56914,12.55412],[101.56631,12.55853],[101.56815,12.55928],[101.56914,12.55412]]],[[[101.44485,12.52155],[101.44188,12.52621],[101.44537,12.53519],[101.4466,12.56763],[101.4487,12.56787],[101.44593,12.58051],[101.45094,12.58278],[101.45819,12.57422],[101.4684,12.57206],[101.46862,12.56768],[101.45889,12.56481],[101.45014,12.55421],[101.44784,12.54624],[101.45026,12.53953],[101.44485,12.52155]]],[[[101.34189,6.91313],[101.33119,6.90997],[101.33035,6.92144],[101.32381,6.92817],[101.31218,6.92281],[101.30731,6.92889],[101.30112,6.92763],[101.29498,6.93797],[101.28583,6.93891],[101.28665,6.94715],[101.28111,6.94808],[101.27399,6.94155],[101.27284,6.944],[101.25193,6.93869],[101.24611,6.93369],[101.23568,6.93529],[101.25094,6.94565],[101.2752,6.95223],[101.28448,6.95193],[101.30944,6.94137],[101.34189,6.91313]]],[[[101.10843,6.84402],[101.10949,6.85175],[101.11608,6.85623],[101.11107,6.85934],[101.11106,6.85676],[101.10075,6.85745],[101.0806,6.8462],[101.07028,6.84419],[101.09068,6.8535],[101.08683,6.85661],[101.08839,6.85905],[101.10308,6.85989],[101.1061,6.86314],[101.12551,6.86043],[101.10843,6.84402]]],[[[101.05325,6.84091],[101.06512,6.84524],[101.07755,6.85614],[101.08554,6.85713],[101.06382,6.84202],[101.05325,6.84091]]],[[[101.06222,6.85611],[101.05769,6.85519],[101.05994,6.85866],[101.07085,6.8581],[101.06645,6.85464],[101.06222,6.85611]]],[[[101.04622,6.84562],[101.05546,6.84904],[101.0494,6.84505],[101.04622,6.84562]]],[[[101.04553,6.84338],[101.05094,6.84414],[101.05119,6.84272],[101.04553,6.84338]]],[[[101.05083,6.84907],[101.03626,6.84639],[101.02571,6.85159],[101.05083,6.84907]]],[[[100.97424,12.51344],[100.96618,12.52187],[100.97117,12.52287],[100.97424,12.51344]]],[[[100.96479,12.5801],[100.95981,12.58116],[100.96277,12.5908],[100.96603,12.58885],[100.96479,12.5801]]],[[[100.95276,12.54979],[100.94921,12.56617],[100.9426,12.57691],[100.94608,12.58616],[100.95421,12.5861],[100.95837,12.56443],[100.96295,12.56208],[100.95276,12.54979]]],[[[100.95638,12.50803],[100.95223,12.51399],[100.95287,12.52982],[100.95654,12.52967],[100.95997,12.51548],[100.95638,12.50803]]],[[[100.90946,12.61605],[100.89914,12.62256],[100.89904,12.62591],[100.90089,12.62744],[100.90946,12.61605]]],[[[100.8905,12.64155],[100.88421,12.64237],[100.89133,12.6476],[100.8905,12.64155]]],[[[100.87928,12.61394],[100.87826,12.61743],[100.88245,12.6174],[100.87928,12.61394]]],[[[100.86863,12.62844],[100.8636,12.63955],[100.86453,12.64199],[100.87384,12.64206],[100.87655,12.63547],[100.86879,12.63282],[100.86863,12.62844]]],[[[100.84387,12.75935],[100.84178,12.76168],[100.84678,12.76332],[100.84965,12.76124],[100.84387,12.75935]]],[[[100.82477,13.16365],[100.82097,13.16561],[100.82245,13.17101],[100.82729,13.16763],[100.82477,13.16365]]],[[[100.82488,12.67318],[100.82098,12.67772],[100.82387,12.67821],[100.82488,12.67318]]],[[[100.8095,13.12512],[100.80316,13.13817],[100.80689,13.1451],[100.7989,13.16757],[100.80122,13.17915],[100.8078,13.17987],[100.80873,13.16287],[100.81809,13.15018],[100.81972,13.13909],[100.8095,13.12512]]],[[[100.80414,13.11035],[100.8047,13.11601],[100.81076,13.11777],[100.8106,13.11391],[100.80414,13.11035]]],[[[100.77817,12.67157],[100.77528,12.68988],[100.76461,12.70205],[100.76508,12.71313],[100.77131,12.7042],[100.775,12.70559],[100.77615,12.72014],[100.77927,12.71677],[100.80159,12.71816],[100.80523,12.69483],[100.79562,12.69025],[100.7898,12.68359],[100.78764,12.67524],[100.77817,12.67157]]],[[[100.77424,12.89739],[100.76649,12.9156],[100.76952,12.9179],[100.76947,12.92846],[100.77811,12.92518],[100.78975,12.9376],[100.78911,12.92137],[100.78003,12.90031],[100.77424,12.89739]]],[[[100.73802,8.39511],[100.73053,8.399],[100.7352,8.40182],[100.73802,8.39511]]],[[[100.7021,12.79224],[100.69797,12.80219],[100.7036,12.80035],[100.7021,12.79224]]],[[[100.6746,12.91955],[100.66269,12.94617],[100.67242,12.94713],[100.67665,12.95187],[100.67896,12.94426],[100.67593,12.94273],[100.67656,12.93783],[100.68464,12.92902],[100.68091,12.92042],[100.6746,12.91955]]],[[[100.67162,12.8674],[100.67357,12.88324],[100.67536,12.87627],[100.67162,12.8674]]],[[[100.64749,12.95141],[100.6481,12.96326],[100.65178,12.96401],[100.65319,12.95911],[100.64749,12.95141]]],[[[100.22061,8.20027],[100.2122,8.20274],[100.21209,8.2088],[100.20731,8.20971],[100.20449,8.21849],[100.1904,8.22059],[100.19004,8.23167],[100.20573,8.24297],[100.20639,8.24683],[100.20447,8.25431],[100.19658,8.25588],[100.19686,8.26129],[100.19132,8.26956],[100.19819,8.27572],[100.19769,8.27985],[100.18606,8.28581],[100.1953,8.30305],[100.21319,8.31589],[100.24322,8.3185],[100.2567,8.32503],[100.27959,8.24351],[100.27868,8.24081],[100.2612,8.23532],[100.25829,8.21626],[100.24647,8.20109],[100.23948,8.19763],[100.22061,8.20027]]],[[[100.20077,8.39763],[100.19405,8.40125],[100.1811,8.40091],[100.18565,8.4054],[100.2026,8.40484],[100.19883,8.40072],[100.20077,8.39763]]],[[[100.13195,6.61468],[100.12706,6.61482],[100.12758,6.61778],[100.13222,6.61751],[100.13195,6.61468]]],[[[100.12445,6.48697],[100.12227,6.48969],[100.12485,6.49097],[100.12445,6.48697]]],[[[100.08813,6.49375],[100.08504,6.49466],[100.0853,6.49776],[100.09124,6.50058],[100.09694,6.51706],[100.10337,6.51164],[100.10361,6.50145],[100.09973,6.49721],[100.08813,6.49375]]],[[[100.10247,6.45261],[100.10094,6.45803],[100.10338,6.45596],[100.10247,6.45261]]],[[[100.09004,6.42596],[100.08825,6.43176],[100.0907,6.43176],[100.09004,6.42596]]],[[[100.06574,9.57848],[100.06848,9.58388],[100.06486,9.5893],[100.06942,9.59367],[100.06915,9.59006],[100.07433,9.58708],[100.08044,9.58797],[100.08026,9.57405],[100.08921,9.56835],[100.08723,9.55934],[100.07799,9.55318],[100.07601,9.54185],[100.06208,9.529],[100.05658,9.51536],[100.05551,9.50299],[100.05952,9.50066],[100.06131,9.4906],[100.06636,9.48698],[100.06595,9.47847],[100.07036,9.47794],[100.0728,9.46995],[100.0698,9.46699],[100.06333,9.47139],[100.04982,9.46886],[100.03913,9.45188],[100.0277,9.45101],[100.02116,9.4335],[100.01126,9.42103],[100.00011,9.42441],[99.98609,9.42265],[99.96554,9.40892],[99.95727,9.42015],[99.95027,9.42223],[99.94014,9.422],[99.92949,9.41713],[99.92848,9.42809],[99.93392,9.42575],[99.93666,9.43039],[99.93357,9.43761],[99.93489,9.44792],[99.93235,9.46777],[99.92164,9.48984],[99.93308,9.49793],[99.93435,9.53452],[99.92598,9.56032],[99.91562,9.57001],[99.91693,9.57632],[99.95122,9.57919],[99.98267,9.58774],[99.98576,9.58129],[99.99846,9.57107],[100.00936,9.57027],[100.016,9.57476],[100.02285,9.56366],[100.03063,9.56041],[100.04193,9.56411],[100.05035,9.55752],[100.06023,9.56251],[100.06039,9.56973],[100.06574,9.57848]]],[[[100.08585,9.53357],[100.07976,9.53848],[100.08146,9.54221],[100.08585,9.53357]]],[[[99.96148,9.76384],[99.96687,9.78586],[99.97129,9.7852],[99.97286,9.78829],[99.97053,9.79191],[99.9765,9.79189],[99.98146,9.79909],[99.98861,9.79855],[99.98953,9.80345],[99.9973,9.79621],[99.99547,9.79209],[100.003,9.78743],[100.00937,9.78973],[100.01603,9.8026],[100.02669,9.80424],[100.03059,9.80333],[100.03316,9.79378],[100.0542,9.79217],[100.06224,9.78673],[100.05599,9.78263],[100.05673,9.77219],[100.06218,9.76972],[100.06583,9.77345],[100.07231,9.76711],[100.07536,9.7479],[100.07899,9.74596],[100.08092,9.73796],[100.07605,9.71968],[100.07956,9.7189],[100.07487,9.71427],[100.07976,9.70137],[100.07349,9.69005],[100.07815,9.68385],[100.06865,9.67963],[100.06837,9.67409],[100.07679,9.66659],[100.06952,9.66712],[100.05826,9.68069],[100.04322,9.68808],[100.03908,9.69351],[100.00223,9.70586],[99.99158,9.70537],[99.98367,9.71042],[99.98097,9.71971],[99.97643,9.72281],[99.97593,9.72874],[99.98011,9.73492],[99.97456,9.74859],[99.97171,9.75131],[99.96352,9.75094],[99.96561,9.75326],[99.96055,9.75662],[99.96148,9.76384]]],[[[100.06563,6.45926],[100.0703,6.47124],[100.07249,6.47046],[100.07415,6.46453],[100.06563,6.45926]]],[[[100.07017,6.53285],[100.06414,6.54067],[100.06735,6.53981],[100.07017,6.53285]]],[[[100.0606,6.5174],[100.03628,6.53395],[100.03218,6.54375],[100.022,6.54699],[100.01879,6.55177],[100.02279,6.5564],[100.03849,6.54529],[100.04442,6.54373],[100.04598,6.54875],[100.05139,6.54784],[100.05111,6.53985],[100.06682,6.53363],[100.06797,6.53079],[100.0606,6.5174]]],[[[100.06148,6.44496],[100.05994,6.44703],[100.06536,6.45295],[100.06148,6.44496]]],[[[100.0639,6.54085],[100.061,6.54309],[100.0591,6.53854],[100.05472,6.53829],[100.05266,6.54113],[100.06104,6.54343],[100.0639,6.54085]]],[[[100.05747,9.59152],[100.05436,9.59281],[100.05774,9.59474],[100.05747,9.59152]]],[[[100.04496,6.55803],[100.03878,6.55933],[100.03611,6.577],[100.02878,6.5823],[100.03122,6.58242],[100.03175,6.58809],[100.03831,6.58266],[100.03675,6.57648],[100.0437,6.57054],[100.04835,6.57285],[100.05271,6.56652],[100.04704,6.56486],[100.04496,6.55803]]],[[[100.04708,6.58548],[100.04452,6.59038],[100.04954,6.59115],[100.04708,6.58548]]],[[[100.02453,12.19636],[100.03061,12.21141],[100.03191,12.20857],[100.02453,12.19636]]],[[[100.00712,12.23547],[100.00662,12.24165],[100.01163,12.24911],[100.01266,12.24498],[100.00712,12.23547]]],[[[99.97166,6.63886],[99.96164,6.65474],[99.96989,6.65794],[99.98175,6.65702],[99.98457,6.65082],[99.98198,6.64439],[99.97864,6.648],[99.97527,6.63976],[99.97166,6.63886]]],[[[99.9799,9.79884],[99.97744,9.79988],[99.98017,9.80296],[99.9799,9.79884]]],[[[99.97581,9.36726],[99.97153,9.36792],[99.97778,9.37538],[99.97581,9.36726]]],[[[99.97184,9.70556],[99.97159,9.70968],[99.97458,9.71019],[99.97184,9.70556]]],[[[99.95955,9.30351],[99.94997,9.31333],[99.96385,9.31098],[99.95955,9.30351]]],[[[99.94256,9.35627],[99.92907,9.35875],[99.93325,9.36789],[99.93831,9.36749],[99.93871,9.3729],[99.93469,9.3724],[99.93575,9.38116],[99.95136,9.39478],[99.9482,9.37855],[99.95065,9.37287],[99.95855,9.36744],[99.95711,9.36177],[99.94256,9.35627]]],[[[99.94585,9.70202],[99.943,9.7059],[99.94989,9.70665],[99.94585,9.70202]]],[[[99.91925,6.73537],[99.9163,6.74737],[99.92057,6.75329],[99.93993,6.7633],[99.94406,6.76278],[99.94106,6.74964],[99.92493,6.74194],[99.92094,6.74504],[99.91925,6.73537]]],[[[99.93435,8.78962],[99.93033,8.79092],[99.93333,8.79581],[99.93435,8.78962]]],[[[99.92768,6.69708],[99.92769,6.70172],[99.93001,6.70184],[99.92768,6.69708]]],[[[99.91441,9.30827],[99.90924,9.3155],[99.91585,9.31394],[99.91441,9.30827]]],[[[99.89183,9.30691],[99.889,9.31736],[99.89238,9.31786],[99.89183,9.30691]]],[[[99.88316,6.74188],[99.88007,6.74692],[99.88394,6.74536],[99.88316,6.74188]]],[[[99.87957,6.75194],[99.87752,6.76213],[99.88178,6.76109],[99.87957,6.75194]]],[[[99.86216,6.6758],[99.8601,6.67941],[99.86256,6.68508],[99.86553,6.68533],[99.86603,6.68018],[99.86216,6.6758]]],[[[99.86505,6.70621],[99.84882,6.71707],[99.84353,6.71321],[99.85143,6.7324],[99.86019,6.7302],[99.86005,6.72659],[99.85116,6.72635],[99.84831,6.71784],[99.86016,6.71396],[99.8666,6.70905],[99.86505,6.70621]]],[[[99.84432,6.65134],[99.84693,6.66629],[99.86395,6.67038],[99.86575,6.66703],[99.85208,6.66112],[99.84432,6.65134]]],[[[99.85986,6.69166],[99.85832,6.69566],[99.86077,6.69514],[99.85986,6.69166]]],[[[99.82231,10.06396],[99.81582,10.06939],[99.81585,10.08022],[99.82353,10.0838],[99.82722,10.10158],[99.81996,10.1101],[99.81998,10.11887],[99.82299,10.1262],[99.8365,10.12192],[99.83664,10.12553],[99.8434,10.12422],[99.84507,10.11571],[99.84975,10.11235],[99.8453,10.10411],[99.85102,10.101],[99.85125,10.0925],[99.85528,10.09043],[99.84746,10.08478],[99.84626,10.07421],[99.83898,10.07268],[99.83844,10.06418],[99.83194,10.06613],[99.83036,10.0593],[99.82711,10.05879],[99.82778,10.06562],[99.82518,10.06718],[99.82231,10.06396]]],[[[99.83014,6.80243],[99.82835,6.80784],[99.82113,6.80786],[99.82242,6.81056],[99.83428,6.81041],[99.83775,6.80422],[99.83054,6.80578],[99.83014,6.80243]]],[[[99.8359,6.81814],[99.83635,6.8135],[99.83352,6.81505],[99.8359,6.81814]]],[[[99.83352,11.75761],[99.82986,11.75813],[99.82909,11.7629],[99.83352,11.75761]]],[[[99.80988,6.71237],[99.80782,6.7143],[99.81762,6.71983],[99.82278,6.71789],[99.80988,6.71237]]],[[[99.81333,10.11399],[99.81062,10.12301],[99.81362,10.12481],[99.81333,10.11399]]],[[[99.77924,9.32071],[99.76809,9.32589],[99.77925,9.32586],[99.78262,9.32328],[99.77924,9.32071]]],[[[99.77569,6.77919],[99.77014,6.77984],[99.76694,6.79093],[99.77313,6.79015],[99.77776,6.7855],[99.77569,6.77919]]],[[[99.76279,6.77831],[99.75997,6.78476],[99.7646,6.7823],[99.76279,6.77831]]],[[[99.734,7.16748],[99.73685,7.17289],[99.74253,7.1743],[99.734,7.16748]]],[[[99.74129,6.88455],[99.7382,6.88894],[99.74065,6.88868],[99.74129,6.88455]]],[[[99.73483,6.87657],[99.73484,6.88198],[99.74,6.88172],[99.73483,6.87657]]],[[[99.7352,6.94514],[99.73727,6.95416],[99.73894,6.94926],[99.7352,6.94514]]],[[[99.72854,7.14313],[99.7301,7.14777],[99.735,7.14725],[99.72854,7.14313]]],[[[99.73034,7.13888],[99.72802,7.14236],[99.73163,7.14055],[99.73034,7.13888]]],[[[99.7256,6.91151],[99.72186,6.91474],[99.72149,6.92041],[99.72484,6.92221],[99.72806,6.91705],[99.7256,6.91151]]],[[[99.72796,6.9378],[99.7187,6.95367],[99.71393,6.95703],[99.71135,6.95394],[99.70826,6.95807],[99.70711,6.96774],[99.71986,6.95548],[99.72796,6.9378]]],[[[99.72531,6.89153],[99.72299,6.89489],[99.72712,6.89488],[99.72531,6.89153]]],[[[99.72639,6.92376],[99.72201,6.92711],[99.72434,6.92892],[99.72639,6.92376]]],[[[99.71593,7.16725],[99.71129,7.17332],[99.71917,7.17743],[99.7139,7.18659],[99.7188,7.18723],[99.72331,7.18413],[99.72124,7.17769],[99.7242,7.17588],[99.72381,7.17072],[99.71593,7.16725]]],[[[99.71917,6.92699],[99.71067,6.93164],[99.71326,6.93873],[99.71506,6.9346],[99.72203,6.93665],[99.71917,6.92699]]],[[[99.7128,7.14754],[99.711,7.15192],[99.71669,7.15707],[99.7128,7.14754]]],[[[99.71287,9.60284],[99.70938,9.61058],[99.71083,9.62011],[99.71432,9.6134],[99.71287,9.60284]]],[[[99.70876,6.86514],[99.70825,6.87042],[99.71058,6.87042],[99.70876,6.86514]]],[[[99.70049,6.85419],[99.69714,6.85574],[99.69664,6.86477],[99.70902,6.86294],[99.70063,6.86115],[99.70049,6.85419]]],[[[99.7065,6.72954],[99.70419,6.73431],[99.70857,6.73276],[99.7065,6.72954]]],[[[99.68151,9.50714],[99.67087,9.51013],[99.66323,9.5171],[99.66299,9.52844],[99.67053,9.53152],[99.66911,9.53732],[99.6808,9.54142],[99.68601,9.54773],[99.68302,9.54928],[99.6894,9.55365],[99.69199,9.55004],[99.70601,9.54949],[99.70287,9.53687],[99.70675,9.53042],[99.70103,9.52863],[99.70413,9.5223],[99.7005,9.52334],[99.69829,9.52012],[99.70048,9.51316],[99.68151,9.50714]]],[[[99.70233,6.51764],[99.69834,6.51932],[99.69899,6.52215],[99.70414,6.52266],[99.70233,6.51764]]],[[[99.70172,7.1549],[99.69888,7.15517],[99.69889,7.16109],[99.70353,7.16031],[99.70172,7.1549]]],[[[99.70058,7.08556],[99.69619,7.08685],[99.69646,7.09253],[99.70214,7.09187],[99.70058,7.08556]]],[[[99.68738,6.97588],[99.67694,6.98029],[99.67013,7.00118],[99.67311,7.00813],[99.68356,7.01044],[99.68473,7.01456],[99.69145,7.01816],[99.69478,7.00604],[99.70209,7.00757],[99.69556,7.00527],[99.69915,6.99082],[99.68972,6.98671],[99.69164,6.97537],[99.68738,6.97588]]],[[[99.63977,6.67717],[99.64484,6.7032],[99.65257,6.70293],[99.65424,6.69984],[99.65179,6.69649],[99.65695,6.69648],[99.6572,6.69029],[99.66546,6.69905],[99.66185,6.70189],[99.66224,6.70627],[99.64161,6.70501],[99.64446,6.71222],[99.64073,6.71971],[99.64153,6.73569],[99.64798,6.73955],[99.65467,6.7318],[99.66445,6.71632],[99.66958,6.69698],[99.67319,6.69594],[99.67294,6.69981],[99.67758,6.69826],[99.67847,6.69104],[99.68375,6.68588],[99.68537,6.64695],[99.68369,6.6427],[99.68008,6.64412],[99.67901,6.61628],[99.68801,6.59629],[99.69163,6.6044],[99.69433,6.60105],[99.69585,6.58326],[99.69263,6.58275],[99.69131,6.56161],[99.69878,6.55696],[99.69941,6.54819],[99.69231,6.53557],[99.6941,6.52886],[99.68946,6.52887],[99.68535,6.53713],[99.67993,6.53481],[99.67427,6.54204],[99.6686,6.54308],[99.6709,6.53044],[99.66691,6.53096],[99.66934,6.51652],[99.67269,6.51343],[99.66534,6.51292],[99.65798,6.503],[99.65154,6.50443],[99.64421,6.51862],[99.636,6.5524],[99.62404,6.56724],[99.61939,6.56389],[99.61437,6.56609],[99.59662,6.59782],[99.60037,6.61122],[99.60502,6.61431],[99.62152,6.61352],[99.62295,6.62718],[99.62025,6.62873],[99.61856,6.62048],[99.61275,6.61611],[99.61833,6.64033],[99.61474,6.65916],[99.61952,6.66443],[99.62777,6.66249],[99.62881,6.66919],[99.63706,6.67021],[99.63977,6.67717]]],[[[99.69167,6.81438],[99.68677,6.81838],[99.68384,6.84004],[99.6894,6.85034],[99.69611,6.85342],[99.6984,6.83151],[99.69167,6.81438]]],[[[99.69383,6.51701],[99.68984,6.52397],[99.69358,6.52732],[99.69383,6.51701]]],[[[99.68414,6.95875],[99.68286,6.97177],[99.69292,6.9706],[99.68414,6.95875]]],[[[99.66836,7.11371],[99.67147,7.12466],[99.66814,7.14039],[99.67318,7.14373],[99.66817,7.15792],[99.67411,7.16294],[99.68262,7.15893],[99.6898,7.12927],[99.68619,7.12941],[99.66836,7.11371]]],[[[99.68102,9.65162],[99.6783,9.65317],[99.67845,9.66322],[99.68845,9.665],[99.6839,9.66166],[99.68102,9.65162]]],[[[99.6838,9.35055],[99.67939,9.35236],[99.68251,9.35416],[99.6838,9.35055]]],[[[99.67678,9.6069],[99.66938,9.61117],[99.66889,9.62561],[99.6654,9.63463],[99.66125,9.63722],[99.66905,9.64133],[99.6719,9.63462],[99.68059,9.62945],[99.68368,9.61501],[99.67678,9.6069]]],[[[99.67851,6.81117],[99.6806,6.83282],[99.68292,6.83205],[99.68278,6.82483],[99.67878,6.81916],[99.67851,6.81117]]],[[[99.68237,9.67649],[99.679,9.68126],[99.68212,9.6828],[99.68237,9.67649]]],[[[99.67831,9.4623],[99.66884,9.46554],[99.66911,9.47275],[99.6747,9.47326],[99.67728,9.46861],[99.68131,9.46861],[99.67831,9.4623]]],[[[99.67487,9.69248],[99.67124,9.6952],[99.67503,9.70576],[99.67864,9.69389],[99.67487,9.69248]]],[[[99.66647,9.3779],[99.66245,9.3841],[99.66351,9.39544],[99.66833,9.40368],[99.67249,9.40521],[99.67675,9.39438],[99.66647,9.3779]]],[[[99.67253,9.42493],[99.66682,9.42688],[99.66656,9.42971],[99.67306,9.43382],[99.67603,9.42763],[99.67253,9.42493]]],[[[99.66465,9.64675],[99.66492,9.65087],[99.65895,9.65475],[99.66468,9.6617],[99.66751,9.65151],[99.67115,9.65241],[99.67543,9.64853],[99.66465,9.64675]]],[[[99.67141,9.7791],[99.67415,9.78592],[99.67375,9.77974],[99.67141,9.7791]]],[[[99.67243,6.70561],[99.67063,6.71013],[99.67257,6.7109],[99.67243,6.70561]]],[[[99.66728,9.66517],[99.66222,9.66635],[99.66314,9.67021],[99.6691,9.66736],[99.66728,9.66517]]],[[[99.66471,9.54403],[99.65926,9.54804],[99.66447,9.55602],[99.66471,9.54403]]],[[[99.65231,9.44263],[99.65025,9.44882],[99.65362,9.44752],[99.65231,9.44263]]],[[[99.61813,7.34992],[99.62791,7.34861],[99.62093,7.34695],[99.61813,7.34992]]],[[[99.61386,7.07898],[99.60689,7.07989],[99.58962,7.09035],[99.58291,7.08882],[99.56549,7.09335],[99.56434,7.10289],[99.55777,7.1096],[99.55611,7.12662],[99.57158,7.11126],[99.58397,7.11086],[99.58679,7.10054],[99.60717,7.0933],[99.6158,7.08117],[99.61386,7.07898]]],[[[99.59319,6.8524],[99.5901,6.8595],[99.59577,6.85743],[99.59319,6.8524]]],[[[99.58852,6.82856],[99.58543,6.83333],[99.59071,6.83243],[99.58852,6.82856]]],[[[99.58277,6.97667],[99.57683,6.97874],[99.58277,6.97835],[99.58277,6.97667]]],[[[99.54632,11.06795],[99.55572,11.07283],[99.56357,11.08416],[99.56289,11.07282],[99.54632,11.06795]]],[[[99.53177,6.82218],[99.52481,6.82812],[99.52791,6.8334],[99.53822,6.83249],[99.53978,6.83481],[99.54377,6.83222],[99.53177,6.82218]]],[[[99.52812,6.79383],[99.52606,6.79641],[99.53019,6.7964],[99.52812,6.79383]]],[[[99.49445,7.38629],[99.49265,7.38758],[99.49601,7.39093],[99.49445,7.38629]]],[[[99.4721,10.83598],[99.4742,10.84461],[99.48648,10.86031],[99.493,10.85811],[99.47784,10.83868],[99.4721,10.83598]]],[[[99.47595,6.97293],[99.47363,6.97589],[99.47659,6.97718],[99.47595,6.97293]]],[[[99.47574,7.02191],[99.46996,7.0486],[99.47331,7.04834],[99.47562,7.03854],[99.47574,7.02191]]],[[[99.46887,7.37394],[99.47094,7.37832],[99.47275,7.376],[99.46887,7.37394]]],[[[99.45545,6.57632],[99.45185,6.58612],[99.4552,6.58663],[99.45713,6.58327],[99.45545,6.57632]]],[[[99.44486,6.55557],[99.4459,6.5655],[99.44977,6.56781],[99.44952,6.57323],[99.45339,6.57722],[99.45622,6.5758],[99.45299,6.5642],[99.44706,6.56085],[99.44486,6.55557]]],[[[99.43246,9.26265],[99.43052,9.26304],[99.43195,9.26717],[99.43246,9.26265]]],[[[99.367,7.22129],[99.36507,7.22374],[99.37128,7.2441],[99.36716,7.25906],[99.36859,7.26692],[99.37582,7.26678],[99.38306,7.2807],[99.38693,7.28095],[99.38821,7.26368],[99.39517,7.25878],[99.39543,7.25181],[99.40317,7.24768],[99.41453,7.24716],[99.41672,7.24329],[99.40549,7.24639],[99.4011,7.24279],[99.39774,7.23673],[99.3998,7.23402],[99.40394,7.24304],[99.40807,7.24227],[99.40781,7.23866],[99.39282,7.22423],[99.39462,7.21005],[99.39048,7.20799],[99.3799,7.20697],[99.37229,7.21188],[99.367,7.22129]]],[[[99.4024,7.25877],[99.40241,7.26148],[99.41609,7.26378],[99.4024,7.25877]]],[[[99.41012,10.69817],[99.40883,10.70346],[99.41143,10.70423],[99.41012,10.69817]]],[[[99.32338,9.14935],[99.32196,9.15669],[99.32949,9.17035],[99.32782,9.18505],[99.33146,9.19097],[99.34573,9.19508],[99.35326,9.20358],[99.35326,9.1992],[99.35767,9.19842],[99.35895,9.18476],[99.36323,9.18243],[99.35479,9.1729],[99.33455,9.16854],[99.32338,9.14935]]],[[[99.36196,7.3712],[99.35809,7.37559],[99.36274,7.37533],[99.36196,7.3712]]],[[[99.35911,7.35986],[99.33911,7.37715],[99.33834,7.38437],[99.34118,7.38695],[99.34906,7.38797],[99.34699,7.38398],[99.35293,7.37998],[99.3488,7.37818],[99.34957,7.37328],[99.35938,7.36811],[99.35911,7.35986]]],[[[99.34176,10.39023],[99.34255,10.395],[99.34959,10.40105],[99.35258,10.40014],[99.35205,10.39679],[99.34176,10.39023]]],[[[99.3439,7.39262],[99.34907,7.40086],[99.34907,7.39545],[99.3439,7.39262]]],[[[99.34664,6.5572],[99.34124,6.56712],[99.34279,6.57073],[99.34819,6.56325],[99.34664,6.5572]]],[[[99.28732,6.50735],[99.28462,6.50838],[99.28668,6.51843],[99.28231,6.53777],[99.27459,6.55428],[99.27653,6.57722],[99.29793,6.56522],[99.30205,6.56625],[99.30927,6.56186],[99.31545,6.56443],[99.31365,6.55683],[99.32499,6.55296],[99.32202,6.54729],[99.32329,6.52305],[99.31516,6.50926],[99.28732,6.50735]]],[[[99.30152,7.35282],[99.29429,7.35579],[99.29352,7.3612],[99.28888,7.36533],[99.28358,7.36611],[99.28798,7.3759],[99.28166,7.38763],[99.29018,7.39098],[99.29858,7.3893],[99.30644,7.37576],[99.31496,7.37369],[99.30424,7.36687],[99.30579,7.36016],[99.30152,7.35282]]],[[[99.30973,6.47949],[99.30046,6.48723],[99.28447,6.48105],[99.28834,6.48659],[99.30716,6.49548],[99.31115,6.48387],[99.30973,6.47949]]],[[[99.30265,7.49022],[99.298,7.49525],[99.30511,7.49705],[99.30265,7.49022]]],[[[99.29598,10.43448],[99.2883,10.43887],[99.2887,10.44222],[99.29404,10.44325],[99.29756,10.45227],[99.29859,10.44118],[99.30185,10.44273],[99.30224,10.4395],[99.29598,10.43448]]],[[[99.29645,7.49706],[99.28433,7.51718],[99.28898,7.52091],[99.29375,7.51124],[99.30163,7.50763],[99.29645,7.49706]]],[[[99.28952,7.5561],[99.28771,7.55971],[99.29004,7.56023],[99.28952,7.5561]]],[[[99.28124,7.54399],[99.27815,7.54941],[99.28112,7.54786],[99.28124,7.54399]]],[[[99.27309,7.63996],[99.27341,7.62623],[99.26191,7.61631],[99.25132,7.62006],[99.24667,7.6256],[99.23427,7.62729],[99.23281,7.63227],[99.24874,7.63063],[99.253,7.62418],[99.26114,7.62057],[99.26799,7.62675],[99.27309,7.63996]]],[[[99.26349,7.67007],[99.25897,7.67213],[99.25988,7.67651],[99.26349,7.67007]]],[[[99.26208,6.54049],[99.25589,6.54268],[99.26208,6.54461],[99.26208,6.54049]]],[[[99.25703,10.24867],[99.253,10.25383],[99.25444,10.25873],[99.25964,10.25911],[99.26016,10.25292],[99.25703,10.24867]]],[[[99.25501,7.29806],[99.25178,7.30167],[99.24676,7.33029],[99.24973,7.33029],[99.25308,7.31791],[99.2594,7.30966],[99.25501,7.29806]]],[[[99.17959,6.54014],[99.16747,6.54362],[99.16515,6.55252],[99.17237,6.55071],[99.17289,6.54684],[99.18152,6.54607],[99.18075,6.55432],[99.18991,6.56076],[99.193,6.5672],[99.19184,6.5752],[99.19881,6.57751],[99.20332,6.57468],[99.22317,6.57583],[99.23194,6.58085],[99.23632,6.57737],[99.2407,6.58188],[99.24844,6.58265],[99.25642,6.57543],[99.25835,6.55686],[99.23527,6.54978],[99.22238,6.53909],[99.19905,6.54194],[99.19196,6.54619],[99.18397,6.54001],[99.17959,6.54014]]],[[[99.25161,7.67897],[99.24981,7.68258],[99.25252,7.68245],[99.25161,7.67897]]],[[[99.24886,7.37708],[99.24614,7.37773],[99.24705,7.3816],[99.24886,7.37708]]],[[[99.19851,7.39941],[99.19787,7.42209],[99.20085,7.43369],[99.21607,7.40082],[99.20936,7.40469],[99.19851,7.39941]]],[[[99.18847,10.04779],[99.18587,10.04856],[99.18522,10.05462],[99.19081,10.05384],[99.18847,10.04779]]],[[[99.17545,6.51591],[99.16695,6.52287],[99.15896,6.52197],[99.15445,6.52803],[99.15703,6.53989],[99.16025,6.5404],[99.17468,6.52673],[99.18474,6.52299],[99.17545,6.51591]]],[[[99.17682,10.14033],[99.17786,10.14678],[99.17981,10.14149],[99.17682,10.14033]]],[[[99.15242,7.80057],[99.14816,7.81011],[99.15268,7.81397],[99.15242,7.80057]]],[[[99.14925,7.60799],[99.13996,7.64035],[99.14616,7.63867],[99.14887,7.63248],[99.14809,7.62243],[99.1521,7.61108],[99.14925,7.60799]]],[[[99.14718,7.58144],[99.14175,7.58737],[99.14253,7.59394],[99.14912,7.58866],[99.14718,7.58144]]],[[[99.14562,7.55824],[99.14213,7.55953],[99.14252,7.56262],[99.14562,7.55824]]],[[[99.13502,7.5255],[99.11694,7.54123],[99.119,7.54394],[99.13399,7.53671],[99.13502,7.5255]]],[[[99.0459,7.65004],[99.0472,7.66744],[99.04436,7.66615],[99.04203,7.65171],[99.03919,7.65287],[99.04112,7.6655],[99.03867,7.68278],[99.04126,7.68497],[99.05986,7.68664],[99.06426,7.68548],[99.06477,7.67865],[99.08002,7.6829],[99.08415,7.68225],[99.08545,7.67839],[99.09604,7.67671],[99.10431,7.67761],[99.10871,7.6856],[99.11917,7.674],[99.13001,7.6495],[99.12743,7.63481],[99.11386,7.63275],[99.11295,7.62888],[99.12031,7.61135],[99.12419,7.6098],[99.12031,7.60181],[99.12354,7.59227],[99.12057,7.58737],[99.11695,7.58622],[99.11915,7.59795],[99.11282,7.60671],[99.11334,7.61225],[99.10197,7.61754],[99.10172,7.62966],[99.10766,7.63224],[99.10831,7.63662],[99.10284,7.63911],[99.10508,7.63353],[99.09009,7.63366],[99.08234,7.66163],[99.06568,7.67246],[99.06438,7.66627],[99.06206,7.67014],[99.05947,7.66267],[99.06231,7.6588],[99.06192,7.64591],[99.0574,7.64127],[99.0459,7.65004]]],[[[99.11937,7.9287],[99.11989,7.93257],[99.11342,7.93399],[99.11614,7.94108],[99.12364,7.9354],[99.11937,7.9287]]],[[[99.1177,7.49315],[99.11744,7.49895],[99.1208,7.49895],[99.12196,7.49508],[99.1177,7.49315]]],[[[99.11905,7.69604],[99.11362,7.70493],[99.1144,7.71473],[99.1215,7.70055],[99.11905,7.69604]]],[[[99.10746,7.81656],[99.10719,7.81914],[99.11562,7.82097],[99.10926,7.8145],[99.10746,7.81656]]],[[[99.11413,7.68766],[99.11142,7.68998],[99.11349,7.69179],[99.11413,7.68766]]],[[[99.11208,7.74489],[99.10885,7.75082],[99.11027,7.75469],[99.1135,7.74979],[99.11208,7.74489]]],[[[99.03246,7.59628],[99.03388,7.60389],[99.02781,7.62219],[99.03234,7.62709],[99.03182,7.63096],[99.02691,7.6423],[99.0189,7.64437],[99.01968,7.64849],[99.02429,7.6442],[99.03738,7.65133],[99.04074,7.64862],[99.03789,7.64462],[99.04332,7.64075],[99.04926,7.64127],[99.04978,7.63611],[99.04668,7.63405],[99.05159,7.63302],[99.05197,7.62219],[99.05959,7.60762],[99.0676,7.60466],[99.07057,7.59873],[99.07199,7.57862],[99.06967,7.57424],[99.07638,7.55181],[99.09601,7.53041],[99.11008,7.49818],[99.10943,7.48155],[99.10297,7.46956],[99.09871,7.46879],[99.08954,7.47408],[99.08786,7.48246],[99.07688,7.48852],[99.07301,7.49741],[99.06733,7.49857],[99.03479,7.56445],[99.03104,7.58017],[99.03246,7.59628]]],[[[99.10513,7.83538],[99.10383,7.84028],[99.10719,7.84209],[99.10513,7.83538]]],[[[99.10639,7.71989],[99.10226,7.72788],[99.10407,7.73175],[99.10639,7.71989]]],[[[99.10528,7.96892],[99.10511,7.96944],[99.10507,7.9697],[99.10528,7.96892]]],[[[99.09375,7.84995],[99.09194,7.85446],[99.09479,7.85292],[99.09375,7.84995]]],[[[99.08698,7.61445],[99.08337,7.61755],[99.08647,7.61935],[99.08698,7.61445]]],[[[99.06445,7.2164],[99.06109,7.22027],[99.06574,7.22053],[99.07142,7.22801],[99.07813,7.22865],[99.08265,7.22439],[99.08097,7.22027],[99.06445,7.2164]]],[[[99.0687,7.98105],[99.06042,7.98981],[99.06517,7.99067],[99.07128,7.98672],[99.07232,7.98414],[99.06792,7.98401],[99.0687,7.98105]]],[[[99.06709,7.62851],[99.06425,7.62864],[99.06541,7.6374],[99.07084,7.63559],[99.06709,7.62851]]],[[[99.05902,7.1963],[99.05412,7.1981],[99.05257,7.20481],[99.05748,7.21486],[99.06186,7.21512],[99.06574,7.21254],[99.06535,7.20635],[99.06276,7.19733],[99.05902,7.1963]]],[[[99.0511,7.88347],[99.0511,7.88799],[99.05705,7.89417],[99.05524,7.88644],[99.0511,7.88347]]],[[[99.0392,7.76038],[99.0454,7.77094],[99.04437,7.76295],[99.0392,7.76038]]],[[[99.01826,7.83604],[99.0127,7.84055],[99.00456,7.86582],[99.00896,7.87613],[99.01645,7.88361],[99.0224,7.88412],[99.03287,7.8439],[99.02951,7.84416],[99.02628,7.86169],[99.01813,7.86298],[99.02046,7.84932],[99.01775,7.84842],[99.02136,7.84236],[99.01826,7.83604]]],[[[99.01542,7.82895],[99.01568,7.83437],[99.02188,7.8354],[99.02214,7.8305],[99.01542,7.82895]]],[[[99.02007,7.8247],[99.01826,7.82895],[99.02059,7.82921],[99.02007,7.8247]]],[[[99.01103,7.90255],[99.0056,7.90397],[99.00456,7.91519],[99.00922,7.91403],[99.01103,7.90255]]],[[[99.01154,7.92898],[99.00844,7.93001],[99.00982,7.93577],[99.01154,7.92898]]],[[[98.99551,7.98067],[98.99228,7.98183],[98.99163,7.9875],[98.99732,7.98982],[98.99551,7.98067]]],[[[98.99784,7.79557],[98.99422,7.80369],[98.99655,7.80395],[98.99784,7.79557]]],[[[98.99603,7.93594],[98.9937,7.93929],[98.99577,7.94006],[98.99603,7.93594]]],[[[98.99138,7.85022],[98.98414,7.87291],[98.97728,7.88412],[98.96953,7.91248],[98.96759,7.92227],[98.97172,7.92653],[98.98026,7.92614],[98.97922,7.91776],[98.98491,7.91763],[98.99112,7.92228],[98.99331,7.91892],[98.9906,7.91403],[98.99564,7.89392],[98.98969,7.8885],[98.98892,7.87871],[98.99396,7.86298],[98.99138,7.85022]]],[[[98.9937,7.81799],[98.99164,7.82019],[98.98724,7.81838],[98.98285,7.83205],[98.98905,7.83875],[98.99125,7.83901],[98.99034,7.83437],[98.99474,7.83359],[98.9937,7.81799]]],[[[98.99344,7.80485],[98.99034,7.80498],[98.98931,7.80897],[98.99344,7.80485]]],[[[98.97561,7.79827],[98.95855,7.82379],[98.94226,7.83746],[98.93579,7.83668],[98.93502,7.84416],[98.93851,7.84622],[98.93889,7.85292],[98.94148,7.85138],[98.95622,7.8564],[98.97302,7.85215],[98.97444,7.83901],[98.96708,7.82637],[98.97483,7.82328],[98.96992,7.81271],[98.97354,7.80781],[98.97612,7.81271],[98.98078,7.81013],[98.98285,7.80008],[98.98828,7.79312],[98.99215,7.79363],[98.99176,7.78641],[98.9875,7.78177],[98.97561,7.79827]]],[[[98.9668,8.05066],[98.95775,8.05079],[98.95606,8.05452],[98.96214,8.05736],[98.9637,8.05362],[98.96861,8.05556],[98.9668,8.05066]]],[[[98.94223,8.01521],[98.91869,8.03454],[98.92425,8.04498],[98.92257,8.05993],[98.93498,8.05671],[98.93951,8.04679],[98.93731,8.04331],[98.93861,8.0299],[98.94094,8.03184],[98.94145,8.02707],[98.94766,8.02926],[98.95206,8.02733],[98.95309,8.02475],[98.94702,8.02488],[98.94922,8.01843],[98.95529,8.01792],[98.95103,8.00438],[98.94223,8.01521]]],[[[98.93136,8.06664],[98.92852,8.06793],[98.93291,8.07179],[98.93136,8.06664]]],[[[98.80828,7.96747],[98.80621,7.97134],[98.81216,7.97482],[98.81294,7.97044],[98.80828,7.96747]]],[[[98.80752,7.94827],[98.80338,7.95213],[98.80415,7.95574],[98.80997,7.95703],[98.80752,7.94827]]],[[[98.79646,7.81266],[98.79284,7.81653],[98.79439,7.81898],[98.79827,7.81782],[98.79646,7.81266]]],[[[98.79082,7.72617],[98.78229,7.72977],[98.78151,7.73351],[98.77091,7.73814],[98.76704,7.73685],[98.77066,7.71739],[98.76756,7.71739],[98.75631,7.73195],[98.75824,7.7451],[98.766,7.74536],[98.76703,7.7402],[98.76988,7.73982],[98.77388,7.74304],[98.77168,7.75181],[98.7647,7.75425],[98.75991,7.76057],[98.76418,7.7625],[98.7643,7.76856],[98.75615,7.78725],[98.76249,7.78119],[98.77297,7.76135],[98.77969,7.75877],[98.78409,7.75104],[98.7925,7.73068],[98.79082,7.72617]]],[[[98.76552,7.67137],[98.76164,7.67549],[98.7672,7.67833],[98.76151,7.6822],[98.76603,7.68851],[98.76447,7.69844],[98.77159,7.67834],[98.76552,7.67137]]],[[[98.76707,8.13335],[98.75103,8.13694],[98.75103,8.14236],[98.75594,8.14533],[98.7637,8.14133],[98.76707,8.13335]]],[[[98.73654,8.1341],[98.73525,8.1359],[98.74107,8.14158],[98.73886,8.15627],[98.74416,8.16066],[98.74986,8.15061],[98.74844,8.14442],[98.74391,8.14107],[98.74301,8.13462],[98.73654,8.1341]]],[[[98.73777,8.2367],[98.73078,8.23902],[98.73725,8.24083],[98.73777,8.2367]]],[[[98.73156,8.24237],[98.72948,8.24624],[98.73388,8.24856],[98.73156,8.24237]]],[[[98.73106,8.21556],[98.72898,8.22046],[98.73287,8.21736],[98.73106,8.21556]]],[[[98.72713,8.27859],[98.72428,8.27897],[98.72532,8.28207],[98.72713,8.27859]]],[[[98.72562,8.21388],[98.72381,8.21865],[98.72691,8.21762],[98.72562,8.21388]]],[[[98.70811,8.10405],[98.70578,8.10753],[98.70992,8.10624],[98.70811,8.10405]]],[[[98.69602,10.18066],[98.69132,10.18045],[98.69132,10.18393],[98.69704,10.18509],[98.69602,10.18066]]],[[[98.69052,8.0981],[98.69,8.1021],[98.69466,8.10017],[98.69052,8.0981]]],[[[98.68797,8.38283],[98.68382,8.39005],[98.68693,8.39121],[98.68797,8.38283]]],[[[98.67105,10.15349],[98.67495,10.16252],[98.67976,10.16072],[98.6786,10.15595],[98.67105,10.15349]]],[[[98.67761,8.07296],[98.67657,8.08044],[98.67967,8.07992],[98.67761,8.07296]]],[[[98.6771,8.37715],[98.66726,8.37985],[98.67166,8.38295],[98.6771,8.37715]]],[[[98.66955,8.12155],[98.67084,8.1249],[98.67317,8.12245],[98.66955,8.12155]]],[[[98.66533,10.15052],[98.66039,10.15464],[98.66533,10.15516],[98.66533,10.15052]]],[[[98.66455,10.15619],[98.65817,10.15657],[98.6596,10.16353],[98.66455,10.15619]]],[[[98.65629,10.09174],[98.65186,10.09496],[98.65368,10.09831],[98.65629,10.09174]]],[[[98.65546,10.14239],[98.65155,10.14677],[98.65545,10.14729],[98.65546,10.14239]]],[[[98.64292,8.39581],[98.64472,8.40523],[98.64744,8.4042],[98.6468,8.39878],[98.64292,8.39581]]],[[[98.64332,8.23083],[98.63745,8.2447],[98.63969,8.24642],[98.6437,8.24359],[98.6406,8.24127],[98.64332,8.23083]]],[[[98.64046,8.25132],[98.63942,8.25519],[98.63243,8.25441],[98.63114,8.25879],[98.62492,8.26239],[98.62089,8.28404],[98.62464,8.2825],[98.62802,8.26549],[98.63968,8.25699],[98.64046,8.25132]]],[[[98.63922,8.18984],[98.63482,8.19254],[98.63611,8.19795],[98.63922,8.18984]]],[[[98.63624,8.34103],[98.63339,8.34412],[98.63597,8.34567],[98.6383,8.34464],[98.63624,8.34103]]],[[[98.58781,8.11735],[98.59414,8.12599],[98.59425,8.13759],[98.598,8.14095],[98.60148,8.15461],[98.61906,8.17126],[98.62112,8.17964],[98.625,8.17436],[98.62862,8.17913],[98.62732,8.18531],[98.63457,8.18661],[98.63458,8.17243],[98.63109,8.17166],[98.62967,8.16701],[98.63665,8.16754],[98.63563,8.15774],[98.62865,8.14923],[98.63473,8.14872],[98.63396,8.14021],[98.6222,8.13014],[98.6204,8.12215],[98.62414,8.12628],[98.62725,8.12551],[98.62261,8.10875],[98.62417,8.10333],[98.61822,8.09688],[98.61772,8.0809],[98.6088,8.08141],[98.60943,8.09559],[98.59842,8.10602],[98.58628,8.09685],[98.56608,8.11307],[98.56362,8.11823],[98.57436,8.11244],[98.58755,8.11116],[98.58923,8.11284],[98.58341,8.11863],[98.58781,8.11735]]],[[[98.62436,8.03554],[98.62177,8.03966],[98.62332,8.04095],[98.62436,8.03554]]],[[[98.61231,8.19059],[98.61127,8.19406],[98.61386,8.19536],[98.61231,8.19059]]],[[[98.55577,8.07774],[98.55796,8.08342],[98.54981,8.0923],[98.54075,8.09719],[98.5361,8.09203],[98.53299,8.09293],[98.53078,8.10014],[98.53401,8.10685],[98.57155,8.07737],[98.58345,8.07507],[98.59858,8.0814],[98.59239,8.06464],[98.59873,8.05304],[98.61025,8.043],[98.60186,8.03345],[98.60019,8.01747],[98.60332,7.99272],[98.61264,7.97933],[98.61395,7.95973],[98.61035,7.93962],[98.59991,7.91358],[98.59901,7.89811],[98.59514,7.89346],[98.59513,7.90326],[98.58917,7.91563],[98.58942,7.9262],[98.59291,7.93265],[98.58127,7.93599],[98.58089,7.92748],[98.58347,7.92671],[98.58037,7.9231],[98.58,7.9133],[98.58273,7.89551],[98.57988,7.89577],[98.57443,7.91561],[98.57701,7.92851],[98.57157,7.93649],[98.56508,7.95891],[98.57153,7.9731],[98.56557,7.98701],[98.5675,7.99114],[98.5719,7.98908],[98.58072,7.96821],[98.58472,7.9677],[98.5838,7.98703],[98.58935,7.99915],[98.58713,8.01513],[98.58364,8.01848],[98.57886,8.01783],[98.56668,8.03406],[98.56125,8.03599],[98.56099,8.04089],[98.55736,8.04153],[98.54259,8.07232],[98.53935,8.07205],[98.54,8.06819],[98.53108,8.07101],[98.53055,8.08133],[98.52459,8.08828],[98.52575,8.09498],[98.53093,8.08339],[98.53791,8.09139],[98.55163,8.08393],[98.55577,8.07774]]],[[[98.59607,8.3861],[98.59335,8.38739],[98.59477,8.39409],[98.59839,8.39667],[98.6006,8.3892],[98.59607,8.3861]]],[[[98.57548,8.28],[98.57754,8.28812],[98.58685,8.29239],[98.59643,8.29059],[98.59915,8.28686],[98.57548,8.28]]],[[[98.59043,9.92502],[98.58809,9.92553],[98.58964,9.93121],[98.5977,9.9316],[98.59874,9.92928],[98.59043,9.92502]]],[[[98.59093,9.94023],[98.59013,9.95518],[98.59391,9.95158],[98.59093,9.94023]]],[[[98.58599,9.94177],[98.58728,9.9477],[98.58898,9.94435],[98.58599,9.94177]]],[[[98.58261,7.88778],[98.58028,7.89242],[98.58312,7.89371],[98.58261,7.88778]]],[[[98.54183,9.81515],[98.53741,9.81643],[98.53559,9.82133],[98.53907,9.83886],[98.54998,9.84403],[98.55077,9.84146],[98.56285,9.84096],[98.56497,9.84499],[98.55738,9.84765],[98.55529,9.8577],[98.55671,9.86389],[98.56477,9.86377],[98.56232,9.85127],[98.57441,9.84767],[98.57351,9.84252],[98.5674,9.84225],[98.56936,9.83168],[98.56612,9.82678],[98.55806,9.82922],[98.54495,9.81773],[98.54457,9.81387],[98.54183,9.81515]]],[[[98.57407,8.38543],[98.57044,8.38801],[98.57329,8.38994],[98.57407,8.38543]]],[[[98.56705,9.90772],[98.56263,9.91403],[98.55756,9.91312],[98.56119,9.92009],[98.57004,9.90901],[98.56705,9.90772]]],[[[98.55794,9.72109],[98.5556,9.72469],[98.55872,9.72521],[98.55794,9.72109]]],[[[98.55738,8.02606],[98.55453,8.02644],[98.55491,8.03366],[98.54869,8.04526],[98.55141,8.04423],[98.55738,8.02606]]],[[[98.55675,8.12698],[98.54044,8.13728],[98.53538,8.15222],[98.55131,8.13832],[98.55727,8.13059],[98.55675,8.12698]]],[[[98.55363,8.36982],[98.54991,8.37609],[98.55194,8.38141],[98.55363,8.36982]]],[[[98.54817,8.39572],[98.54609,8.40332],[98.54985,8.39971],[98.54817,8.39572]]],[[[98.53916,8.35162],[98.53838,8.35588],[98.54136,8.35511],[98.53916,8.35162]]],[[[98.53989,8.16718],[98.53484,8.1731],[98.53639,8.17697],[98.53911,8.17543],[98.53989,8.16718]]],[[[98.53038,8.33499],[98.52791,8.34091],[98.53166,8.34401],[98.53607,8.34208],[98.53038,8.33499]]],[[[98.50711,9.74679],[98.51281,9.75814],[98.50642,9.77128],[98.50667,9.7834],[98.51615,9.7865],[98.51225,9.78289],[98.5111,9.77477],[98.51421,9.7749],[98.53213,9.78691],[98.5356,9.78567],[98.52836,9.75516],[98.52152,9.75326],[98.51997,9.74604],[98.5105,9.74139],[98.50816,9.737],[98.50076,9.73841],[98.50205,9.74473],[98.5062,9.74422],[98.50711,9.74679]]],[[[98.53463,9.67002],[98.52995,9.67311],[98.53228,9.67672],[98.53514,9.67672],[98.53463,9.67002]]],[[[98.52433,8.41451],[98.52148,8.4185],[98.52355,8.41928],[98.52433,8.41451]]],[[[98.51255,9.67192],[98.52084,9.68173],[98.52345,9.67838],[98.51255,9.67192]]],[[[98.50934,9.90674],[98.50739,9.90944],[98.51037,9.91589],[98.514,9.92028],[98.52154,9.92158],[98.5148,9.91152],[98.51388,9.91512],[98.51063,9.91473],[98.50934,9.90674]]],[[[98.51578,8.41798],[98.51526,8.42107],[98.51837,8.42107],[98.51578,8.41798]]],[[[98.50403,9.62925],[98.49948,9.63285],[98.50091,9.63672],[98.50804,9.64395],[98.50998,9.6522],[98.51569,9.65182],[98.51518,9.64318],[98.51207,9.6388],[98.50947,9.64034],[98.50403,9.62925]]],[[[98.50732,9.6937],[98.50718,9.69833],[98.50133,9.70258],[98.49769,9.70154],[98.49743,9.70657],[98.5021,9.7098],[98.51458,9.7035],[98.51497,9.69963],[98.50732,9.6937]]],[[[98.50883,9.89952],[98.50857,9.90378],[98.51481,9.90133],[98.50883,9.89952]]],[[[98.50422,9.49998],[98.50499,9.50758],[98.51277,9.51172],[98.51006,9.50244],[98.50422,9.49998]]],[[[98.50575,8.3686],[98.50263,8.37981],[98.51129,8.38575],[98.50575,8.3686]]],[[[98.50908,8.39258],[98.50623,8.39631],[98.50183,8.39502],[98.507,8.4025],[98.50959,8.40121],[98.50908,8.39258]]],[[[98.50905,8.20762],[98.50452,8.21457],[98.50399,8.22308],[98.50696,8.22489],[98.50905,8.20762]]],[[[98.49959,9.65193],[98.49581,9.66094],[98.49178,9.66158],[98.48928,9.67872],[98.48551,9.68039],[98.48473,9.6858],[98.49746,9.68105],[98.49591,9.67525],[98.50632,9.66766],[98.50503,9.65799],[98.50114,9.65799],[98.49959,9.65193]]],[[[98.50394,8.36409],[98.50109,8.36692],[98.50472,8.36718],[98.50394,8.36409]]],[[[98.50268,8.34243],[98.49747,8.36343],[98.50304,8.36254],[98.50268,8.34243]]],[[[98.50051,9.73029],[98.4983,9.73106],[98.50284,9.73442],[98.50051,9.73029]]],[[[98.50128,8.22075],[98.49921,8.22101],[98.49946,8.22539],[98.50128,8.22075]]],[[[98.49784,8.27682],[98.49318,8.27875],[98.49188,8.28673],[98.49678,8.29731],[98.50068,8.28391],[98.49732,8.28262],[98.49784,8.27682]]],[[[98.49564,8.37619],[98.49822,8.38264],[98.49991,8.37955],[98.49564,8.37619]]],[[[98.49517,8.34049],[98.49232,8.34448],[98.49645,8.35093],[98.4984,8.34578],[98.49517,8.34049]]],[[[98.49177,8.16558],[98.49072,8.17589],[98.48645,8.18207],[98.48694,8.19702],[98.49121,8.20166],[98.49525,8.17563],[98.49177,8.16558]]],[[[98.49029,8.31651],[98.49001,8.32849],[98.49363,8.32927],[98.49029,8.31651]]],[[[98.48776,8.26559],[98.48853,8.26894],[98.49229,8.26611],[98.48776,8.26559]]],[[[98.48826,8.28441],[98.48836,8.30142],[98.49071,8.28725],[98.48826,8.28441]]],[[[98.46829,9.89199],[98.46712,9.89443],[98.47607,9.9063],[98.47528,9.9112],[98.481,9.91404],[98.49023,9.912],[98.48622,9.90065],[98.46829,9.89199]]],[[[98.48622,9.73181],[98.48322,9.73516],[98.48465,9.73903],[98.48622,9.73181]]],[[[98.48175,9.92732],[98.47967,9.93209],[98.48551,9.93441],[98.48682,9.93107],[98.48175,9.92732]]],[[[98.48259,8.26687],[98.47986,8.27409],[98.48219,8.27461],[98.48491,8.27152],[98.48259,8.26687]]],[[[98.47497,7.75026],[98.47572,7.76444],[98.48257,7.76857],[98.47497,7.75026]]],[[[98.48048,8.29497],[98.47813,8.30708],[98.48033,8.30657],[98.48048,8.29497]]],[[[98.47784,8.33157],[98.4768,8.33776],[98.47926,8.33724],[98.47784,8.33157]]],[[[98.47598,8.37101],[98.47287,8.37126],[98.47673,8.38596],[98.47921,8.37617],[98.47598,8.37101]]],[[[98.47474,9.59183],[98.47253,9.5926],[98.47396,9.59557],[98.47474,9.59183]]],[[[98.47396,8.33273],[98.47316,8.346],[98.47563,8.33853],[98.47396,8.33273]]],[[[98.47354,9.86171],[98.4712,9.8648],[98.47249,9.87021],[98.47354,9.86171]]],[[[98.46476,8.24223],[98.46734,8.25216],[98.47096,8.25204],[98.4742,8.24856],[98.46476,8.24223]]],[[[98.46943,8.03807],[98.46671,8.03845],[98.4667,8.04567],[98.46036,8.04979],[98.46088,8.05353],[98.46449,8.05443],[98.46526,8.06178],[98.47252,8.04516],[98.46943,8.03807]]],[[[98.45052,9.79375],[98.44609,9.80044],[98.43908,9.7976],[98.43322,9.80416],[98.43463,9.81293],[98.43203,9.81344],[98.4315,9.82375],[98.43357,9.82684],[98.43136,9.82813],[98.43201,9.83019],[98.43747,9.82853],[98.44266,9.83382],[98.44094,9.84825],[98.43664,9.85417],[98.4478,9.86579],[98.45091,9.87404],[98.45665,9.8573],[98.46575,9.85654],[98.46951,9.86144],[98.47121,9.85732],[98.45967,9.839],[98.46801,9.82484],[98.46335,9.81607],[98.46242,9.8287],[98.45891,9.8256],[98.45957,9.82019],[98.45464,9.8176],[98.45011,9.80316],[98.45375,9.80136],[98.45429,9.79157],[98.45156,9.79001],[98.45052,9.79375]]],[[[98.4662,9.57339],[98.46087,9.57892],[98.46695,9.59246],[98.47099,9.58461],[98.47022,9.57661],[98.4662,9.57339]]],[[[98.46249,8.19776],[98.46726,8.20937],[98.46844,8.20267],[98.46249,8.19776]]],[[[98.46738,8.2171],[98.46142,8.22431],[98.46335,8.23385],[98.46594,8.23411],[98.46738,8.2171]]],[[[98.46122,9.76464],[98.45966,9.76734],[98.46679,9.77277],[98.46122,9.76464]]],[[[98.46066,8.02169],[98.45858,8.032],[98.46155,8.02917],[98.46066,8.02169]]],[[[98.45118,7.95027],[98.4451,7.95439],[98.44523,7.95877],[98.44936,7.9611],[98.44833,7.9562],[98.45364,7.95337],[98.45118,7.95027]]],[[[98.44975,8.05609],[98.44432,8.05711],[98.44354,8.06085],[98.45,8.06344],[98.44975,8.05609]]],[[[98.44691,9.77841],[98.44469,9.78047],[98.44819,9.78537],[98.44691,9.77841]]],[[[98.44552,8.12014],[98.44241,8.1271],[98.445,8.12788],[98.44552,8.12014]]],[[[98.43932,9.4946],[98.43529,9.49794],[98.44187,9.52244],[98.44525,9.52167],[98.43761,9.50542],[98.43932,9.4946]]],[[[98.44263,8.34016],[98.44159,8.34544],[98.44405,8.34416],[98.44263,8.34016]]],[[[98.44013,8.27777],[98.4277,8.28446],[98.42718,8.28742],[98.43106,8.28807],[98.43001,8.29361],[98.41952,8.3003],[98.42923,8.29864],[98.4331,8.3047],[98.43984,8.30162],[98.43959,8.29105],[98.44362,8.2828],[98.44013,8.27777]]],[[[98.43182,7.92588],[98.4282,7.93207],[98.42199,7.93502],[98.4154,7.93321],[98.41655,7.94197],[98.42922,7.94019],[98.43749,7.94471],[98.43918,7.93556],[98.43182,7.92588]]],[[[98.43753,9.47964],[98.43649,9.4799],[98.43635,9.48536],[98.43753,9.47964]]],[[[98.4361,9.48563],[98.43427,9.48608],[98.43608,9.49201],[98.4361,9.48563]]],[[[98.39387,9.72084],[98.38671,9.73049],[98.38047,9.72945],[98.37969,9.73241],[98.38888,9.74712],[98.39187,9.74841],[98.39214,9.74506],[98.38824,9.74132],[98.38903,9.73591],[98.3932,9.73372],[98.39656,9.74249],[98.40629,9.74767],[98.4086,9.76185],[98.40028,9.76467],[98.41158,9.77062],[98.41547,9.77629],[98.41485,9.75799],[98.42333,9.73532],[98.4271,9.73378],[98.42024,9.7214],[98.40363,9.71132],[98.4013,9.70577],[98.39013,9.7042],[98.39648,9.7113],[98.39387,9.72084]]],[[[98.42441,9.7129],[98.42128,9.71792],[98.42557,9.71677],[98.42441,9.7129]]],[[[98.41697,7.82455],[98.41076,7.82648],[98.41541,7.83061],[98.41916,7.82907],[98.41697,7.82455]]],[[[98.3986,9.3883],[98.39601,9.39142],[98.39651,9.40018],[98.39741,9.40328],[98.40183,9.40354],[98.40521,9.39659],[98.39807,9.40019],[98.3986,9.3883]]],[[[98.40002,8.10358],[98.3995,8.10629],[98.40467,8.10746],[98.40002,8.10358]]],[[[98.39277,7.75621],[98.39199,7.7602],[98.39638,7.76278],[98.39277,7.75621]]],[[[98.38875,9.00501],[98.38745,9.01016],[98.39004,9.01146],[98.39199,9.00837],[98.38875,9.00501]]],[[[98.37594,7.77822],[98.36198,7.78013],[98.3555,7.78773],[98.3679,7.79535],[98.37902,7.79382],[98.38626,7.78855],[98.38808,7.78133],[98.37594,7.77822]]],[[[98.38311,9.56371],[98.38051,9.56512],[98.38141,9.56899],[98.38543,9.57287],[98.38738,9.57055],[98.38311,9.56371]]],[[[98.38428,8.88849],[98.37961,8.89415],[98.38375,8.89635],[98.38648,8.89313],[98.38428,8.88849]]],[[[98.38306,8.99869],[98.37943,9.00216],[98.38577,9.00655],[98.38306,8.99869]]],[[[98.37807,9.47671],[98.37223,9.48005],[98.36922,9.49267],[98.37129,9.49422],[98.38404,9.48239],[98.37807,9.47671]]],[[[98.35817,7.73489],[98.35765,7.73746],[98.36823,7.74766],[98.38374,7.74317],[98.38065,7.73788],[98.37496,7.73865],[98.37315,7.74226],[98.36075,7.73876],[98.35817,7.73489]]],[[[98.38191,8.91555],[98.37995,8.91916],[98.3819,8.92019],[98.38191,8.91555]]],[[[98.37963,9.18286],[98.37417,9.1889],[98.37884,9.18853],[98.37963,9.18286]]],[[[98.36252,7.58731],[98.35606,7.58846],[98.35501,7.60341],[98.35939,7.6078],[98.36663,7.60833],[98.36313,7.61296],[98.36558,7.61541],[98.36843,7.61065],[98.37282,7.61014],[98.37682,7.61608],[98.37941,7.61041],[98.37603,7.60044],[98.36252,7.58731]]],[[[98.3562,9.23256],[98.34516,9.23899],[98.34657,9.24492],[98.36017,9.25603],[98.37118,9.27074],[98.37638,9.26263],[98.36964,9.2612],[98.37561,9.25734],[98.37861,9.24987],[98.36059,9.24121],[98.35696,9.2421],[98.3562,9.23256]]],[[[98.37203,9.07909],[98.36853,9.08153],[98.3663,9.09416],[98.37408,9.09727],[98.37849,9.09341],[98.37203,9.07909]]],[[[98.37277,8.95472],[98.36835,8.9609],[98.37146,8.96013],[98.37277,8.95472]]],[[[98.37073,8.93216],[98.36943,8.93564],[98.37202,8.9359],[98.37073,8.93216]]],[[[98.36556,8.92429],[98.35985,8.92647],[98.36192,8.93305],[98.36879,8.92971],[98.36556,8.92429]]],[[[98.36393,9.11233],[98.36224,9.11606],[98.3647,9.11736],[98.36393,9.11233]]],[[[98.36059,9.09866],[98.36342,9.11065],[98.36408,9.1055],[98.36059,9.09866]]],[[[98.35465,9.51056],[98.35489,9.51636],[98.35853,9.51817],[98.35932,9.51212],[98.35465,9.51056]]],[[[98.35335,8.93638],[98.35179,8.94244],[98.35723,8.94593],[98.35335,8.93638]]],[[[98.35012,9.434],[98.34765,9.43489],[98.34881,9.44044],[98.35296,9.44083],[98.35375,9.43607],[98.35012,9.434]]],[[[98.33162,9.46786],[98.33237,9.48075],[98.3373,9.48578],[98.33962,9.49468],[98.35375,9.50527],[98.3509,9.4996],[98.3517,9.49084],[98.34366,9.48412],[98.34225,9.47406],[98.33162,9.46786]]],[[[98.32005,7.48839],[98.32069,7.49251],[98.31603,7.4956],[98.31577,7.49972],[98.32093,7.50231],[98.32028,7.50617],[98.32686,7.51185],[98.32543,7.51546],[98.3324,7.52063],[98.33473,7.51702],[98.33254,7.50877],[98.32378,7.49819],[98.32482,7.49174],[98.32005,7.48839]]],[[[98.33281,7.75212],[98.32984,7.75366],[98.33074,7.75869],[98.33397,7.75805],[98.33281,7.75212]]],[[[98.3224,9.06341],[98.3238,9.07488],[98.32938,9.07683],[98.32641,9.06561],[98.3224,9.06341]]],[[[98.32573,9.15196],[98.32754,9.15596],[98.32936,9.15415],[98.32573,9.15196]]],[[[98.32794,9.08069],[98.32444,9.08249],[98.32274,9.08996],[98.32467,9.09847],[98.32817,9.09976],[98.32573,9.08739],[98.32794,9.08069]]],[[[98.32645,9.45354],[98.32567,9.45728],[98.32826,9.45754],[98.32645,9.45354]]],[[[98.32525,9.13443],[98.32264,9.13997],[98.32522,9.14719],[98.32783,9.14139],[98.32525,9.13443]]],[[[98.32358,9.33097],[98.32097,9.33586],[98.32512,9.3369],[98.32358,9.33097]]],[[[98.30589,7.46155],[98.30472,7.46593],[98.31296,7.48167],[98.31928,7.48671],[98.32057,7.48452],[98.3149,7.47961],[98.30589,7.46155]]],[[[98.29313,8.98035],[98.29558,8.98654],[98.29259,8.98783],[98.29206,8.99788],[98.29595,8.99505],[98.30087,8.99983],[98.30179,8.99377],[98.30813,8.99778],[98.31151,8.99237],[98.3167,8.99303],[98.31956,8.98775],[98.31712,8.9737],[98.31545,8.96751],[98.31013,8.96904],[98.30768,8.96079],[98.3117,8.96105],[98.31171,8.95796],[98.30783,8.95125],[98.30601,8.95434],[98.30291,8.94635],[98.29993,8.9466],[98.2986,8.96503],[98.29237,8.96978],[98.28848,8.96849],[98.29122,8.96385],[98.28318,8.96306],[98.2815,8.96022],[98.28489,8.95108],[98.28006,8.94699],[98.28323,8.93548],[98.28104,8.93213],[98.27598,8.93521],[98.2686,8.93056],[98.27743,8.92361],[98.27923,8.92748],[98.28416,8.92775],[98.28793,8.92131],[98.28522,8.91615],[98.28003,8.91679],[98.2808,8.92053],[98.27394,8.91794],[98.28186,8.91073],[98.27954,8.90119],[98.28227,8.89862],[98.27299,8.87411],[98.26769,8.86792],[98.2635,8.8893],[98.24802,8.91505],[98.26055,8.93776],[98.26297,8.95632],[98.25837,8.98686],[98.24861,9.00785],[98.25495,9.01288],[98.26635,9.01471],[98.26222,9.00955],[98.27336,9.01382],[98.27597,9.00429],[98.2713,9.00402],[98.27079,8.99938],[98.2787,8.99759],[98.27651,8.99076],[98.28481,8.99103],[98.29313,8.98035]]],[[[98.2832,9.08292],[98.28696,9.08474],[98.28643,9.08809],[98.28241,9.08808],[98.28552,9.09143],[98.28382,9.09839],[98.2903,9.09879],[98.28744,9.10562],[98.28368,9.10483],[98.28432,9.1087],[98.29054,9.10794],[98.28988,9.11516],[98.2926,9.11954],[98.29468,9.11517],[98.29804,9.12368],[98.30322,9.12292],[98.29975,9.10719],[98.31,9.10566],[98.30976,9.09767],[98.31468,9.09819],[98.31635,9.10696],[98.31023,9.12267],[98.31386,9.12345],[98.31933,9.11199],[98.31712,9.11005],[98.31935,9.09769],[98.31391,9.09407],[98.30795,9.09521],[98.30717,9.09225],[98.30926,9.08761],[98.31509,9.08737],[98.31497,9.08247],[98.3081,9.08065],[98.31007,9.07009],[98.3093,9.06712],[98.30605,9.06802],[98.30459,9.08696],[98.30095,9.09198],[98.29593,9.07109],[98.30192,9.05847],[98.29843,9.05176],[98.29792,9.04893],[98.30129,9.04971],[98.29846,9.04068],[98.30403,9.0394],[98.29276,9.0368],[98.29699,9.06104],[98.2953,9.06336],[98.29169,9.0551],[98.28974,9.05716],[98.28946,9.0685],[98.28361,9.07584],[98.2832,9.08292]]],[[[98.30748,8.93385],[98.30592,8.93527],[98.31678,8.94689],[98.31771,8.93812],[98.30748,8.93385]]],[[[98.2638,9.18393],[98.26389,9.20635],[98.27375,9.20534],[98.28175,9.22778],[98.28719,9.22883],[98.29573,9.23993],[98.30141,9.25669],[98.30736,9.26341],[98.31672,9.25363],[98.31492,9.2477],[98.30341,9.22705],[98.29395,9.22446],[98.28556,9.20253],[98.28102,9.20136],[98.28388,9.19737],[98.29166,9.201],[98.29543,9.19611],[98.28493,9.19093],[98.28533,9.185],[98.27614,9.17906],[98.27537,9.17493],[98.27122,9.17518],[98.27019,9.17157],[98.26318,9.17104],[98.26215,9.16846],[98.2593,9.1682],[98.2638,9.18393]]],[[[98.3114,9.05411],[98.31034,9.06248],[98.31397,9.0621],[98.31476,9.05837],[98.3114,9.05411]]],[[[98.30704,8.88823],[98.30393,8.89157],[98.30782,8.89068],[98.30704,8.88823]]],[[[98.29251,8.89941],[98.29276,8.90276],[98.289,8.90224],[98.29286,8.91514],[98.30595,8.91645],[98.30764,8.91284],[98.30156,8.9118],[98.29807,8.90277],[98.29251,8.89941]]],[[[98.29997,8.92907],[98.29879,8.93654],[98.30358,8.93887],[98.29997,8.92907]]],[[[98.30156,7.7424],[98.30051,7.7482],[98.30362,7.74666],[98.30156,7.7424]]],[[[98.27469,9.12466],[98.27662,9.13189],[98.28271,9.13319],[98.28779,9.14463],[98.28966,9.15975],[98.29511,9.15925],[98.29837,9.15358],[98.29554,9.14146],[98.28647,9.13474],[98.28507,9.12417],[98.2835,9.13164],[98.2809,9.13035],[98.28404,9.11695],[98.27978,9.11076],[98.28007,9.09349],[98.27478,9.08162],[98.27893,9.0775],[98.28101,9.07931],[98.28089,9.07261],[98.27623,9.07002],[98.27689,9.06255],[98.27121,9.05119],[98.26083,9.05324],[98.26733,9.04577],[98.26112,9.03687],[98.27798,9.0342],[98.27981,9.03046],[98.24662,9.0313],[98.25157,9.08028],[98.2494,9.12642],[98.2529,9.12514],[98.2564,9.12798],[98.26092,9.13817],[98.26086,9.16562],[98.28058,9.16463],[98.2837,9.15729],[98.27946,9.13782],[98.27246,9.13497],[98.27469,9.12466]]],[[[98.28013,8.86691],[98.2796,8.87181],[98.28167,8.87207],[98.28013,8.86691]]],[[[98.25077,8.51216],[98.24623,8.51628],[98.25036,8.52093],[98.25077,8.51216]]],[[[98.24893,8.52453],[98.24504,8.52581],[98.2453,8.52891],[98.24893,8.52453]]],[[[97.90559,9.47323],[97.9022,9.47631],[97.90505,9.47813],[97.90559,9.47323]]],[[[97.89952,9.42192],[97.89833,9.42759],[97.88026,9.43836],[97.87947,9.44325],[97.87012,9.44245],[97.87956,9.41477],[97.86745,9.42569],[97.86549,9.43148],[97.85147,9.43092],[97.85119,9.43813],[97.85899,9.43404],[97.86119,9.43598],[97.85791,9.44692],[97.85246,9.44703],[97.85425,9.45503],[97.87125,9.45457],[97.87086,9.45714],[97.87812,9.45742],[97.87811,9.46155],[97.88278,9.46337],[97.89213,9.46056],[97.89189,9.4554],[97.89683,9.45104],[97.90241,9.45106],[97.901,9.44538],[97.89218,9.44522],[97.89128,9.44071],[97.89273,9.43633],[97.90092,9.43224],[97.90392,9.42529],[97.89952,9.42192]]],[[[97.87526,9.37881],[97.87189,9.37905],[97.86925,9.39077],[97.85989,9.39615],[97.85832,9.40053],[97.84508,9.40371],[97.83959,9.41555],[97.85232,9.41146],[97.8567,9.42179],[97.86551,9.42336],[97.86996,9.41178],[97.86232,9.40763],[97.86272,9.40428],[97.87336,9.40406],[97.87313,9.3971],[97.87832,9.39737],[97.88238,9.38372],[97.88226,9.38102],[97.87526,9.37881]]],[[[97.86648,9.36576],[97.86259,9.36614],[97.86231,9.37077],[97.86736,9.37466],[97.86997,9.36848],[97.86648,9.36576]]],[[[97.83179,9.41874],[97.83254,9.42544],[97.83475,9.42429],[97.83179,9.41874]]],[[[97.81352,9.06147],[97.80649,9.07059],[97.80908,9.07163],[97.80878,9.08375],[97.8127,9.07345],[97.81803,9.06857],[97.81352,9.06147]]],[[[97.64893,8.47484],[97.63905,8.48499],[97.64371,8.48552],[97.65072,8.48091],[97.65396,8.47757],[97.64893,8.47484]]],[[[97.6503,8.67291],[97.64069,8.68035],[97.65209,8.6791],[97.6503,8.67291]]],[[[97.64864,8.62857],[97.63687,8.661],[97.63919,8.66385],[97.64696,8.66413],[97.65031,8.66853],[97.64844,8.64919],[97.6527,8.62901],[97.64864,8.62857]]],[[[97.64705,8.49391],[97.64173,8.4966],[97.63626,8.50637],[97.64872,8.49533],[97.64705,8.49391]]],[[[97.63818,8.58666],[97.63519,8.58806],[97.63555,8.59631],[97.64088,8.58911],[97.63818,8.58666]]],[[[97.63724,8.55895],[97.63305,8.57156],[97.63965,8.57107],[97.63724,8.55895]]]]}}]}