{"type":"FeatureCollection","features":[{"type":"Feature","properties":{"ISO_A3":"TUR","WB_A3":"TUR","WB_NAME":"Türkiye","WB_REGION":"ECS"},"geometry":{"type":"MultiPolygon","coordinates":[[[[44.31565,39.38988],[44.30615,39.3837],[44.30591,39.38017],[44.2938,39.37414],[44.28487,39.38335],[44.27609,39.38393],[44.26533,39.39871],[44.24696,39.39684],[44.23333,39.4155],[44.21944,39.41749],[44.19352,39.41071],[44.19132,39.40275],[44.15767,39.4021],[44.14235,39.39763],[44.13068,39.38957],[44.1247,39.39109],[44.13089,39.39623],[44.13106,39.4043],[44.11687,39.4019],[44.101,39.40812],[44.09866,39.41199],[44.08448,39.40744],[44.07116,39.41253],[44.05116,39.40412],[44.04917,39.39911],[44.05564,39.3895],[44.03444,39.37758],[44.03217,39.36996],[44.03664,39.3673],[44.03766,39.36134],[44.05619,39.35558],[44.05854,39.34265],[44.07196,39.33658],[44.07976,39.32492],[44.07679,39.30793],[44.08249,39.29272],[44.09673,39.29044],[44.10615,39.28282],[44.09955,39.27571],[44.09357,39.27531],[44.09199,39.26302],[44.08464,39.25644],[44.08613,39.24995],[44.10349,39.24238],[44.09872,39.22776],[44.10064,39.2254],[44.09385,39.21652],[44.09837,39.21058],[44.09676,39.20391],[44.10704,39.20102],[44.11464,39.18883],[44.13544,39.18227],[44.14469,39.18561],[44.17846,39.1692],[44.18328,39.16134],[44.18999,39.15793],[44.19077,39.15257],[44.20161,39.13936],[44.21337,39.13009],[44.20756,39.1141],[44.21819,39.10337],[44.22266,39.10252],[44.22594,39.09554],[44.21221,39.08768],[44.20634,39.08983],[44.19812,39.08594],[44.19077,39.07405],[44.20543,39.05543],[44.19558,39.04763],[44.19706,39.03848],[44.21168,39.02053],[44.19146,39.00937],[44.18157,39.01102],[44.17202,38.99258],[44.17287,38.98852],[44.18879,38.98028],[44.18659,38.97867],[44.19087,38.97504],[44.1804,38.95589],[44.1991,38.94918],[44.19767,38.94201],[44.18968,38.93395],[44.19555,38.93073],[44.19936,38.92154],[44.20947,38.92164],[44.21879,38.91748],[44.21921,38.90337],[44.20992,38.89739],[44.21131,38.89009],[44.24533,38.87017],[44.2411,38.85839],[44.24633,38.85029],[44.25707,38.84685],[44.27526,38.85418],[44.28656,38.84568],[44.301,38.84073],[44.29507,38.82601],[44.30215,38.82396],[44.30618,38.81578],[44.31488,38.80872],[44.3029,38.80245],[44.30044,38.79172],[44.28772,38.78379],[44.29249,38.76382],[44.28836,38.75487],[44.27729,38.74614],[44.2789,38.7318],[44.26939,38.72203],[44.25361,38.71713],[44.26126,38.71383],[44.26207,38.70392],[44.27108,38.70214],[44.26969,38.69617],[44.27368,38.68909],[44.27022,38.68413],[44.28256,38.67539],[44.27934,38.66713],[44.2817,38.66251],[44.27821,38.65628],[44.27226,38.65506],[44.2686,38.64996],[44.27822,38.64212],[44.30665,38.63554],[44.31785,38.62709],[44.32219,38.61655],[44.32125,38.60912],[44.31716,38.60727],[44.32044,38.60025],[44.31771,38.59891],[44.32184,38.59349],[44.3214,38.58553],[44.32514,38.57729],[44.31752,38.57406],[44.31808,38.56943],[44.31286,38.56164],[44.31693,38.5516],[44.30892,38.53068],[44.31333,38.52396],[44.31361,38.51507],[44.32142,38.51059],[44.32564,38.50228],[44.3199,38.49664],[44.32227,38.48269],[44.31162,38.47627],[44.31346,38.46655],[44.3096,38.45108],[44.30195,38.44729],[44.30944,38.43718],[44.31738,38.43243],[44.31696,38.41326],[44.31959,38.40797],[44.31403,38.40507],[44.30965,38.39526],[44.30253,38.39509],[44.30325,38.39272],[44.31257,38.37781],[44.32266,38.37137],[44.35082,38.36946],[44.35566,38.37511],[44.36178,38.37541],[44.37456,38.36062],[44.37985,38.35845],[44.39995,38.36721],[44.41665,38.36955],[44.43755,38.3827],[44.45008,38.38565],[44.45294,38.37663],[44.46286,38.36386],[44.46233,38.35957],[44.47379,38.3565],[44.48992,38.35792],[44.50006,38.35013],[44.49221,38.34584],[44.49571,38.34357],[44.50339,38.34642],[44.51032,38.34503],[44.51248,38.34116],[44.50921,38.33498],[44.49721,38.33378],[44.49964,38.32334],[44.49643,38.31832],[44.49896,38.31169],[44.49589,38.30544],[44.4782,38.30252],[44.47243,38.29481],[44.44061,38.2778],[44.43397,38.26899],[44.42393,38.26827],[44.40166,38.25085],[44.39841,38.23879],[44.40564,38.23295],[44.41176,38.21935],[44.39801,38.19855],[44.40104,38.19465],[44.39666,38.1894],[44.39997,38.18437],[44.39783,38.1734],[44.39138,38.1683],[44.3946,38.15989],[44.39242,38.14613],[44.36873,38.13567],[44.35122,38.13509],[44.34961,38.13136],[44.3595,38.12278],[44.3588,38.11494],[44.36489,38.10545],[44.32938,38.09831],[44.3312,38.08903],[44.32746,38.07792],[44.32113,38.07834],[44.31125,38.07264],[44.31181,38.06871],[44.31929,38.06792],[44.32042,38.06364],[44.30236,38.05448],[44.30519,38.04721],[44.30883,38.0461],[44.30067,38.03192],[44.2861,38.02096],[44.27473,38.01665],[44.26917,38.00852],[44.26829,37.99442],[44.25474,37.9788],[44.25528,37.97518],[44.24077,37.96498],[44.24033,37.95541],[44.2484,37.95011],[44.24925,37.94194],[44.24613,37.93227],[44.23542,37.92736],[44.23421,37.91988],[44.2296,37.91798],[44.23095,37.9119],[44.22591,37.90579],[44.23307,37.90067],[44.22277,37.88823],[44.23963,37.88342],[44.24387,37.87593],[44.26597,37.86787],[44.28369,37.87316],[44.28936,37.87226],[44.29289,37.86696],[44.30439,37.86805],[44.31823,37.87799],[44.32939,37.87625],[44.35629,37.86352],[44.38765,37.86281],[44.40581,37.8475],[44.40458,37.84076],[44.3965,37.8373],[44.39267,37.83088],[44.39666,37.82024],[44.41287,37.81663],[44.4238,37.79947],[44.43545,37.79932],[44.44867,37.8055],[44.44997,37.78584],[44.44327,37.77385],[44.45216,37.76687],[44.47281,37.76389],[44.47956,37.77158],[44.49421,37.77062],[44.49811,37.77391],[44.51767,37.77639],[44.5193,37.78024],[44.53027,37.78314],[44.55485,37.78057],[44.56853,37.76885],[44.58789,37.76333],[44.59656,37.74635],[44.62038,37.7274],[44.62549,37.70665],[44.60774,37.68886],[44.59173,37.68254],[44.58838,37.66997],[44.57397,37.66692],[44.57405,37.65744],[44.56776,37.64403],[44.57346,37.63708],[44.58025,37.6374],[44.5933,37.61763],[44.60197,37.61529],[44.61405,37.60196],[44.61204,37.59034],[44.5989,37.58077],[44.61101,37.57222],[44.60825,37.56958],[44.61369,37.56647],[44.61279,37.56191],[44.60394,37.56036],[44.60128,37.55658],[44.60588,37.55049],[44.61242,37.54972],[44.61339,37.54546],[44.60703,37.53901],[44.60114,37.51538],[44.5849,37.50757],[44.58271,37.48236],[44.58632,37.47852],[44.58755,37.4592],[44.58578,37.45102],[44.58069,37.44674],[44.59038,37.43848],[44.61756,37.43785],[44.63355,37.42956],[44.6373,37.42402],[44.63507,37.4184],[44.6579,37.39962],[44.65264,37.39256],[44.65629,37.38555],[44.69872,37.38324],[44.72156,37.37548],[44.72223,37.3599],[44.72562,37.35287],[44.71553,37.35277],[44.7156,37.34897],[44.73775,37.34058],[44.75071,37.3316],[44.76588,37.33083],[44.79991,37.30973],[44.81557,37.27966],[44.80395,37.27059],[44.80248,37.26068],[44.79421,37.25494],[44.78731,37.25665],[44.78433,37.25251],[44.77052,37.24729],[44.75791,37.22839],[44.76203,37.2234],[44.76023,37.20848],[44.76812,37.19144],[44.76707,37.18265],[44.78332,37.16852],[44.78468,37.14466],[44.77123,37.15454],[44.77012,37.16458],[44.76327,37.16818],[44.75623,37.16491],[44.74379,37.1651],[44.71598,37.17585],[44.69988,37.17175],[44.69383,37.17718],[44.67449,37.17107],[44.66145,37.18134],[44.64981,37.18588],[44.64878,37.18951],[44.64058,37.1877],[44.63709,37.19299],[44.6355,37.18968],[44.62651,37.18975],[44.62212,37.18758],[44.62011,37.18067],[44.60521,37.1744],[44.59954,37.16682],[44.57607,37.16338],[44.55972,37.14961],[44.56144,37.1463],[44.55816,37.13906],[44.55228,37.13707],[44.54892,37.13],[44.552,37.12432],[44.5457,37.121],[44.52575,37.12197],[44.5248,37.11643],[44.51429,37.11306],[44.517,37.10235],[44.49102,37.08792],[44.48306,37.0884],[44.47782,37.08028],[44.47146,37.07967],[44.46516,37.07382],[44.44852,37.07262],[44.44103,37.06603],[44.43295,37.06711],[44.42073,37.06123],[44.41483,37.05348],[44.40132,37.05207],[44.40046,37.05675],[44.39684,37.05073],[44.39163,37.05212],[44.38546,37.05961],[44.38045,37.05966],[44.36468,37.05221],[44.35958,37.0528],[44.35561,37.04643],[44.34929,37.04445],[44.34952,37.04017],[44.36757,37.02536],[44.3515,37.01987],[44.33101,36.99922],[44.3297,36.98894],[44.31646,36.98532],[44.30579,36.97142],[44.3112,36.96814],[44.3097,36.96294],[44.29084,36.97634],[44.26949,36.97571],[44.25069,36.98397],[44.25673,36.99186],[44.24854,37.00021],[44.24313,37.01201],[44.23421,37.01435],[44.23012,37.02155],[44.23186,37.02714],[44.22209,37.03329],[44.23342,37.04],[44.22816,37.05453],[44.21712,37.06123],[44.21405,37.06792],[44.19642,37.07605],[44.19233,37.08043],[44.19588,37.09117],[44.1844,37.09637],[44.18512,37.10847],[44.19833,37.11584],[44.20449,37.13239],[44.21296,37.1366],[44.22357,37.15948],[44.23125,37.1586],[44.23442,37.16136],[44.24688,37.15705],[44.27633,37.16465],[44.2807,37.17827],[44.2783,37.18158],[44.28156,37.1858],[44.28083,37.19087],[44.27579,37.19653],[44.27303,37.19446],[44.26512,37.1981],[44.26461,37.20487],[44.27094,37.21302],[44.26825,37.21725],[44.27064,37.22064],[44.2676,37.24518],[44.25126,37.25011],[44.24226,37.2673],[44.22782,37.28284],[44.21238,37.28048],[44.18651,37.29493],[44.17194,37.29753],[44.16372,37.30376],[44.15329,37.30163],[44.14096,37.31396],[44.1261,37.31929],[44.12453,37.32293],[44.09939,37.31518],[44.08777,37.3171],[44.06811,37.31339],[44.06132,37.32083],[44.04153,37.32211],[44.03983,37.32561],[44.0343,37.32329],[44.03162,37.32612],[44.02333,37.31752],[44.021,37.32839],[43.99779,37.30867],[43.99295,37.29812],[43.97135,37.2952],[43.96805,37.29183],[43.95417,37.29237],[43.9578,37.27111],[43.94382,37.26775],[43.94732,37.25774],[43.94321,37.2499],[43.93051,37.24704],[43.93709,37.24384],[43.92652,37.23777],[43.91958,37.22409],[43.89503,37.21893],[43.88119,37.22386],[43.85278,37.22361],[43.84322,37.2151],[43.84025,37.20295],[43.83185,37.19499],[43.81451,37.21224],[43.81114,37.22306],[43.80497,37.22677],[43.77687,37.22781],[43.74612,37.23444],[43.74585,37.22999],[43.74105,37.22888],[43.72119,37.2348],[43.706,37.23335],[43.70665,37.23118],[43.70304,37.23048],[43.69227,37.2349],[43.67769,37.22651],[43.6501,37.22436],[43.64199,37.21749],[43.63794,37.22024],[43.62057,37.22092],[43.61668,37.23277],[43.60925,37.23914],[43.59485,37.23271],[43.58357,37.23946],[43.57809,37.25107],[43.5657,37.258],[43.55809,37.25196],[43.52141,37.24616],[43.51405,37.2394],[43.506,37.24365],[43.49656,37.2436],[43.4891,37.2494],[43.47441,37.25324],[43.47604,37.26284],[43.45947,37.2711],[43.42186,37.27993],[43.41327,37.28383],[43.40933,37.29248],[43.40026,37.29261],[43.38839,37.2996],[43.38812,37.30597],[43.37232,37.30765],[43.36921,37.31295],[43.37124,37.31753],[43.36001,37.32807],[43.32643,37.3291],[43.32413,37.32174],[43.31655,37.31484],[43.31777,37.30573],[43.30043,37.3041],[43.29021,37.31186],[43.26928,37.31452],[43.26935,37.32912],[43.24974,37.33045],[43.24213,37.34518],[43.23475,37.34806],[43.21229,37.34678],[43.20095,37.34975],[43.19479,37.35745],[43.18703,37.3595],[43.16278,37.35775],[43.16118,37.36241],[43.14634,37.37315],[43.13644,37.37021],[43.11625,37.37287],[43.09895,37.36653],[43.0722,37.36661],[43.06036,37.35698],[43.02438,37.35451],[43.02086,37.34353],[43.01076,37.33223],[42.98907,37.32619],[42.97272,37.32577],[42.95962,37.31229],[42.94706,37.31921],[42.93355,37.31908],[42.922,37.3275],[42.90543,37.33016],[42.89632,37.32814],[42.8798,37.33873],[42.87063,37.33692],[42.86401,37.3453],[42.85103,37.34863],[42.83589,37.34292],[42.82655,37.34953],[42.82615,37.37008],[42.79412,37.38058],[42.77935,37.37533],[42.76974,37.36137],[42.73785,37.33691],[42.73416,37.33227],[42.73799,37.32954],[42.73394,37.32575],[42.73535,37.31836],[42.7274,37.31858],[42.72437,37.31341],[42.7133,37.30818],[42.68778,37.30843],[42.69735,37.29142],[42.69232,37.291],[42.68128,37.28107],[42.68448,37.27942],[42.68232,37.27079],[42.67722,37.26973],[42.67715,37.27304],[42.67291,37.2734],[42.66108,37.27203],[42.65964,37.26767],[42.65509,37.26753],[42.65402,37.26483],[42.65817,37.26338],[42.65061,37.2568],[42.65506,37.24651],[42.6475,37.24247],[42.64396,37.23424],[42.63737,37.23346],[42.6343,37.22686],[42.6288,37.2239],[42.63043,37.21988],[42.6126,37.2145],[42.61806,37.20348],[42.61014,37.20035],[42.60726,37.1941],[42.60037,37.19035],[42.60073,37.18037],[42.58553,37.17062],[42.58006,37.16017],[42.58217,37.15689],[42.57996,37.14826],[42.57039,37.14341],[42.55775,37.15038],[42.55067,37.14985],[42.53556,37.14255],[42.5305,37.14628],[42.52104,37.14675],[42.51252,37.14119],[42.50804,37.14222],[42.49943,37.13728],[42.48676,37.13807],[42.48145,37.1348],[42.46223,37.14279],[42.45447,37.13327],[42.45042,37.13765],[42.44528,37.13679],[42.43622,37.12723],[42.41095,37.12218],[42.40237,37.11295],[42.36189,37.11499],[42.36036,37.1093],[42.35627,37.10863],[42.34939,37.11276],[42.35534,37.1231],[42.35369,37.13037],[42.32955,37.15544],[42.32984,37.16762],[42.32026,37.18418],[42.33702,37.20961],[42.3483,37.2148],[42.34006,37.221],[42.34269,37.23286],[42.33725,37.23843],[42.31652,37.24615],[42.30636,37.2601],[42.29084,37.26274],[42.28279,37.2827],[42.25973,37.27133],[42.23368,37.28396],[42.21814,37.27729],[42.20507,37.28017],[42.20984,37.28557],[42.20813,37.292],[42.22469,37.30892],[42.22504,37.31609],[42.21586,37.32055],[42.19698,37.31202],[42.19112,37.30351],[42.19024,37.29443],[42.18371,37.28645],[42.10212,37.2281],[42.094,37.22051],[42.09041,37.20985],[42.05514,37.19772],[42.03423,37.18201],[42.0027,37.18154],[41.98895,37.17271],[41.96665,37.16638],[41.96534,37.16152],[41.95004,37.15731],[41.92965,37.15879],[41.87452,37.14501],[41.82448,37.13859],[41.79553,37.12934],[41.69422,37.11445],[41.65296,37.11804],[41.6358,37.11449],[41.63049,37.10905],[41.62257,37.11064],[41.60304,37.10724],[41.55407,37.08694],[41.52608,37.08416],[41.51752,37.07797],[41.37841,37.07911],[41.37056,37.07547],[41.35157,37.07902],[41.26737,37.07981],[41.23734,37.07585],[41.2214,37.06971],[41.22284,37.06772],[41.2184,37.06202],[41.19811,37.06391],[41.1984,37.08013],[41.17275,37.09011],[41.16772,37.0882],[41.16826,37.09267],[41.16337,37.09481],[41.1466,37.09767],[41.118,37.09441],[41.01387,37.11556],[40.98298,37.11602],[40.9161,37.13139],[40.87179,37.12891],[40.84833,37.12237],[40.842,37.11014],[40.83548,37.1069],[40.82244,37.1109],[40.8109,37.12606],[40.79786,37.11935],[40.77685,37.12249],[40.76645,37.12799],[40.76269,37.12618],[40.75584,37.11202],[40.75029,37.1094],[40.74194,37.11107],[40.71174,37.10407],[40.69518,37.1036],[40.67765,37.09213],[40.61966,37.06495],[40.5883,37.06158],[40.53207,37.02895],[40.41876,37.01654],[40.41949,37.01206],[40.41619,37.01172],[40.41554,37.01609],[40.41119,37.0147],[40.39858,37.00825],[40.3849,36.99393],[40.377,36.97827],[40.35801,36.96373],[40.33936,36.95871],[40.30524,36.93875],[40.26669,36.92185],[40.23645,36.91407],[40.18491,36.87871],[40.14546,36.86979],[40.11072,36.86755],[40.06308,36.85637],[40.05444,36.8449],[40.03321,36.82783],[39.99795,36.82223],[39.93008,36.79732],[39.85411,36.7764],[39.83583,36.76284],[39.82168,36.75716],[39.71284,36.75045],[39.63973,36.72472],[39.59604,36.72321],[39.493,36.70072],[39.36317,36.69228],[39.21288,36.66913],[39.12857,36.68681],[39.06388,36.7057],[39.02055,36.71074],[38.89063,36.70075],[38.73899,36.70822],[38.69193,36.73419],[38.63785,36.77788],[38.5972,36.80384],[38.59076,36.81471],[38.59073,36.82408],[38.58616,36.8271],[38.56833,36.82573],[38.55959,36.84038],[38.55242,36.84561],[38.39239,36.90189],[38.3395,36.90009],[38.26545,36.91468],[38.24302,36.92402],[38.213,36.90821],[38.1669,36.91033],[38.16114,36.89877],[38.14401,36.89386],[38.13476,36.89538],[38.12231,36.89041],[38.11125,36.88064],[38.0989,36.87673],[38.07893,36.87594],[38.06468,36.86362],[38.04648,36.86488],[38.02958,36.85462],[38.02836,36.84721],[38.03165,36.83694],[38.01865,36.82611],[37.99292,36.832],[37.96248,36.82079],[37.94058,36.81872],[37.92489,36.81096],[37.90457,36.7924],[37.87882,36.7879],[37.82776,36.76894],[37.79861,36.7629],[37.78569,36.7504],[37.72666,36.75205],[37.70415,36.75773],[37.6818,36.74386],[37.65815,36.74907],[37.62201,36.7248],[37.49882,36.67576],[37.49011,36.66962],[37.4879,36.65194],[37.47415,36.63301],[37.44407,36.63272],[37.4257,36.64485],[37.40618,36.64394],[37.37571,36.65364],[37.31525,36.66531],[37.27821,36.66994],[37.27784,36.66439],[37.27506,36.6638],[37.2185,36.67548],[37.16256,36.65687],[37.15493,36.66119],[37.14208,36.67732],[37.12467,36.66561],[37.11439,36.67206],[37.10583,36.6721],[37.09895,36.64867],[37.08589,36.63456],[37.05709,36.64536],[37.05755,36.65488],[37.03546,36.66561],[37.02267,36.66821],[37.02156,36.67987],[37.01613,36.6853],[37.01618,36.69592],[37.04023,36.70325],[37.04774,36.72029],[37.04172,36.73421],[37.03628,36.73663],[37.01705,36.73684],[36.9927,36.74218],[36.99961,36.75083],[36.99325,36.75933],[36.99753,36.76557],[36.98499,36.76184],[36.97084,36.76432],[36.94587,36.77691],[36.93394,36.77377],[36.93477,36.77881],[36.92879,36.77931],[36.92387,36.78619],[36.90106,36.77716],[36.88327,36.77878],[36.85108,36.78739],[36.79336,36.79683],[36.74674,36.82084],[36.74025,36.81877],[36.72826,36.82106],[36.71679,36.82745],[36.68138,36.82567],[36.67017,36.82876],[36.66542,36.82712],[36.67105,36.81927],[36.66745,36.81613],[36.67126,36.80959],[36.66966,36.80225],[36.66259,36.79356],[36.64605,36.78654],[36.64332,36.7775],[36.63791,36.77065],[36.62765,36.7665],[36.62903,36.76307],[36.61292,36.74405],[36.61741,36.73805],[36.61867,36.72812],[36.62546,36.72062],[36.63038,36.71985],[36.62892,36.70564],[36.61251,36.69037],[36.60884,36.67775],[36.58922,36.66896],[36.58558,36.66246],[36.57378,36.65771],[36.57674,36.61327],[36.58891,36.587],[36.58859,36.58181],[36.57373,36.52867],[36.54395,36.50173],[36.54543,36.49676],[36.54802,36.4974],[36.54841,36.48905],[36.5428,36.48567],[36.54471,36.48076],[36.55351,36.47638],[36.55262,36.46739],[36.56171,36.46375],[36.55559,36.45175],[36.55762,36.45002],[36.55508,36.44317],[36.56612,36.43736],[36.56336,36.42668],[36.56575,36.41906],[36.57494,36.41664],[36.58622,36.39171],[36.60596,36.39221],[36.60513,36.37642],[36.59662,36.37283],[36.61859,36.35753],[36.5992,36.34952],[36.60515,36.32754],[36.60826,36.33549],[36.61849,36.33413],[36.62735,36.33875],[36.62595,36.34297],[36.63016,36.34502],[36.63724,36.34191],[36.64192,36.33558],[36.65698,36.33758],[36.66542,36.32641],[36.65735,36.31752],[36.65694,36.29839],[36.69502,36.29442],[36.69575,36.28837],[36.68455,36.28231],[36.6805,36.27623],[36.68055,36.2709],[36.68972,36.26494],[36.69726,36.25332],[36.69443,36.24318],[36.68125,36.23858],[36.68088,36.23403],[36.66421,36.23545],[36.66782,36.22917],[36.65693,36.22837],[36.63678,36.23742],[36.62564,36.23885],[36.62444,36.23413],[36.62803,36.23194],[36.62642,36.22632],[36.6287,36.22356],[36.62512,36.2138],[36.59033,36.22657],[36.58249,36.22598],[36.57788,36.23223],[36.56346,36.23693],[36.5602,36.2338],[36.56162,36.23054],[36.55208,36.22602],[36.53568,36.24471],[36.50258,36.24227],[36.50096,36.22846],[36.50343,36.22619],[36.49975,36.22355],[36.49261,36.22673],[36.49123,36.23078],[36.48354,36.2324],[36.48651,36.21829],[36.47652,36.21421],[36.4719,36.20799],[36.47343,36.20151],[36.46832,36.19746],[36.45596,36.20254],[36.45719,36.20789],[36.42939,36.20731],[36.39502,36.22539],[36.38826,36.21797],[36.3812,36.21632],[36.38405,36.21322],[36.38845,36.21585],[36.39085,36.21346],[36.39046,36.21005],[36.39685,36.20295],[36.39307,36.20447],[36.39067,36.19695],[36.40018,36.19287],[36.39517,36.18772],[36.38815,36.18666],[36.38727,36.18346],[36.38304,36.18465],[36.38575,36.1893],[36.38108,36.18825],[36.38157,36.18378],[36.36775,36.1779],[36.37426,36.17227],[36.3699,36.17083],[36.36723,36.15986],[36.38053,36.1552],[36.37609,36.15262],[36.37709,36.14945],[36.37977,36.14711],[36.3826,36.14926],[36.38846,36.144],[36.38146,36.13104],[36.37479,36.1278],[36.37774,36.12521],[36.37218,36.12137],[36.37733,36.1225],[36.3781,36.11924],[36.37047,36.11613],[36.37573,36.10932],[36.38102,36.10982],[36.38069,36.10638],[36.37598,36.10633],[36.37504,36.10302],[36.38506,36.10328],[36.38424,36.09451],[36.38148,36.0989],[36.37665,36.09886],[36.39013,36.08204],[36.38684,36.07497],[36.37873,36.0725],[36.37989,36.05569],[36.38701,36.05275],[36.38568,36.04934],[36.37878,36.04779],[36.38022,36.04387],[36.3896,36.04203],[36.38877,36.03936],[36.38109,36.03815],[36.37755,36.0323],[36.37965,36.03019],[36.37163,36.02482],[36.37655,36.01736],[36.374,36.01413],[36.37619,36.01161],[36.36688,36.00186],[36.33957,35.98812],[36.33279,35.98967],[36.31517,36.00446],[36.30269,36.01027],[36.28627,36.00914],[36.28631,35.9823],[36.29857,35.96437],[36.2914,35.95425],[36.27736,35.94945],[36.26908,35.95267],[36.26059,35.96144],[36.24279,35.96137],[36.20474,35.95152],[36.18901,35.9403],[36.17597,35.92126],[36.17408,35.91271],[36.17424,35.8937],[36.1696,35.88531],[36.1753,35.86882],[36.16806,35.82928],[36.16116,35.81746],[36.15148,35.81223],[36.14789,35.81382],[36.12639,35.85295],[36.10674,35.86678],[36.08712,35.86737],[36.08242,35.87186],[36.06825,35.86921],[36.04804,35.87964],[36.03899,35.87829],[36.02536,35.88307],[36.00965,35.88008],[35.99877,35.88248],[36.01791,35.92091],[36.00576,35.9417],[35.97553,35.93843],[35.96519,35.92948],[35.94811,35.92914],[35.9311,35.91925],[35.92292,35.92181],[35.91773,35.92869],[35.91813,35.94262],[35.92255,35.95549],[35.92974,35.95775],[35.9291,35.96162],[35.95445,35.98078],[35.96388,35.99621],[35.97842,36.00471],[35.98109,36.01248],[35.94212,36.08664],[35.89997,36.15394],[35.87962,36.17318],[35.83931,36.23245],[35.79092,36.28033],[35.78144,36.29918],[35.78468,36.30565],[35.78079,36.31653],[35.78194,36.32215],[35.78629,36.32411],[35.78774,36.32921],[35.80781,36.34004],[35.81508,36.34783],[35.81732,36.35865],[35.83207,36.36554],[35.85396,36.36926],[35.86052,36.38348],[35.86097,36.3958],[35.86628,36.39773],[35.87833,36.41439],[35.89293,36.41391],[35.89804,36.41879],[35.9018,36.43873],[35.92607,36.45021],[35.93184,36.45983],[35.93944,36.459],[35.98165,36.47362],[35.99672,36.4934],[36.00887,36.49919],[36.01889,36.51151],[36.02821,36.5174],[36.03871,36.53422],[36.09639,36.5576],[36.13818,36.58122],[36.14617,36.58898],[36.16441,36.59546],[36.17635,36.59112],[36.1901,36.59401],[36.19775,36.6114],[36.19787,36.63015],[36.21221,36.64333],[36.21234,36.65309],[36.2151,36.65624],[36.21196,36.6726],[36.19352,36.70607],[36.19567,36.72065],[36.20169,36.72129],[36.20216,36.72715],[36.19028,36.74468],[36.19262,36.75489],[36.19767,36.76117],[36.20343,36.76153],[36.20637,36.7671],[36.20576,36.78304],[36.20067,36.79114],[36.1679,36.82874],[36.15283,36.85071],[36.12913,36.87291],[36.11361,36.88436],[36.06508,36.91002],[36.01562,36.92888],[36.00512,36.9303],[35.98418,36.9185],[35.97386,36.90798],[35.96511,36.90511],[35.95371,36.89127],[35.93918,36.88765],[35.93648,36.881],[35.92244,36.87638],[35.90064,36.84918],[35.89802,36.83922],[35.8853,36.83645],[35.88434,36.83211],[35.86994,36.82296],[35.86914,36.81887],[35.85295,36.81284],[35.84209,36.79563],[35.81019,36.77905],[35.80154,36.77836],[35.79298,36.77111],[35.7928,36.76624],[35.75686,36.77003],[35.71178,36.75899],[35.70541,36.7594],[35.70584,36.7626],[35.69644,36.76756],[35.66673,36.76695],[35.64178,36.75633],[35.6403,36.75046],[35.63443,36.74661],[35.62805,36.74688],[35.61685,36.72709],[35.61036,36.7334],[35.60283,36.72765],[35.59973,36.72079],[35.59453,36.71807],[35.59933,36.69973],[35.6054,36.70474],[35.61095,36.70359],[35.60761,36.70854],[35.61075,36.71181],[35.6155,36.71094],[35.61662,36.70141],[35.62282,36.70102],[35.62537,36.70571],[35.62952,36.69637],[35.63622,36.70098],[35.64562,36.70064],[35.66087,36.70826],[35.6696,36.70855],[35.64802,36.69635],[35.64292,36.69633],[35.63915,36.68884],[35.62646,36.68142],[35.63151,36.67976],[35.62153,36.67716],[35.62955,36.67522],[35.62539,36.66998],[35.62107,36.67293],[35.61877,36.6708],[35.61868,36.66823],[35.62263,36.66766],[35.62136,36.66278],[35.60322,36.66361],[35.5993,36.66095],[35.60658,36.65938],[35.59629,36.65652],[35.59721,36.6461],[35.60696,36.64203],[35.61231,36.64474],[35.61155,36.64116],[35.61568,36.63606],[35.62735,36.64672],[35.64392,36.67897],[35.67174,36.70429],[35.68032,36.70808],[35.69469,36.7084],[35.68521,36.70181],[35.67264,36.69824],[35.67759,36.69376],[35.69887,36.70616],[35.71215,36.70595],[35.64913,36.67295],[35.63717,36.65421],[35.63728,36.62929],[35.63096,36.61222],[35.6186,36.60004],[35.58511,36.58908],[35.56709,36.5643],[35.56044,36.56547],[35.56059,36.5796],[35.56545,36.5872],[35.59259,36.60819],[35.59337,36.61228],[35.58607,36.61783],[35.58442,36.63071],[35.57524,36.63733],[35.57106,36.64564],[35.56063,36.64843],[35.56573,36.65808],[35.53721,36.66332],[35.53408,36.66981],[35.52668,36.67266],[35.52326,36.67055],[35.52357,36.65076],[35.51752,36.64588],[35.50986,36.64553],[35.48958,36.64949],[35.48768,36.65486],[35.49153,36.66531],[35.47141,36.66933],[35.46606,36.67637],[35.46992,36.68759],[35.47653,36.69465],[35.48118,36.71536],[35.49981,36.72421],[35.50244,36.73623],[35.49843,36.74068],[35.49687,36.7515],[35.48407,36.7605],[35.49068,36.7673],[35.49019,36.77193],[35.47902,36.78218],[35.48481,36.79336],[35.50033,36.79419],[35.50298,36.80109],[35.49757,36.80748],[35.48756,36.80972],[35.47649,36.81768],[35.47299,36.82289],[35.47481,36.82504],[35.49547,36.82152],[35.50694,36.82552],[35.50838,36.83037],[35.50417,36.83842],[35.50579,36.84892],[35.51706,36.83712],[35.50598,36.84994],[35.50233,36.84103],[35.50745,36.83142],[35.50646,36.82553],[35.49133,36.82212],[35.47258,36.82495],[35.47584,36.81705],[35.502,36.80133],[35.50069,36.79534],[35.48307,36.79366],[35.47747,36.7835],[35.48886,36.77042],[35.48273,36.75848],[35.49467,36.75257],[35.50116,36.73626],[35.4982,36.72373],[35.47938,36.71385],[35.47529,36.69596],[35.46645,36.68087],[35.46685,36.67122],[35.48977,36.66509],[35.48717,36.65006],[35.50981,36.64425],[35.51941,36.64533],[35.52585,36.652],[35.52616,36.67126],[35.52984,36.67169],[35.53546,36.66335],[35.54315,36.65972],[35.56349,36.65762],[35.56029,36.64767],[35.56751,36.64689],[35.57413,36.63735],[35.58256,36.63203],[35.5854,36.61707],[35.5924,36.61204],[35.59048,36.60695],[35.56535,36.58874],[35.56,36.58115],[35.55839,36.56629],[35.55598,36.56544],[35.53058,36.57741],[35.49678,36.58596],[35.45426,36.59121],[35.42463,36.59079],[35.40726,36.58536],[35.40467,36.57899],[35.40752,36.57328],[35.38653,36.56369],[35.38025,36.55624],[35.35905,36.55011],[35.35441,36.54429],[35.34741,36.5443],[35.33897,36.53895],[35.33959,36.54381],[35.33425,36.55137],[35.30574,36.56682],[35.10846,36.65841],[35.01447,36.70555],[34.96383,36.72155],[34.90741,36.72388],[34.93059,36.74241],[34.93174,36.73993],[34.95954,36.74115],[34.9581,36.75363],[34.96802,36.75068],[34.96892,36.75859],[34.98196,36.75644],[34.9827,36.76028],[34.99514,36.76008],[35.0083,36.75061],[35.01055,36.75738],[35.00195,36.7642],[35.00641,36.76759],[35.01965,36.75735],[35.03023,36.75884],[35.0317,36.76277],[35.02463,36.77075],[35.02786,36.7787],[35.03595,36.77595],[35.0374,36.76463],[35.0454,36.76513],[35.05023,36.77879],[35.06831,36.78606],[35.07111,36.7949],[35.0675,36.78643],[35.04928,36.77906],[35.04574,36.76602],[35.03899,36.76434],[35.03552,36.77802],[35.02749,36.7792],[35.02336,36.77077],[35.03048,36.7623],[35.02669,36.75775],[35.01968,36.75825],[35.01223,36.76634],[35.00573,36.76838],[35.00085,36.76473],[35.00897,36.75792],[35.00913,36.75276],[35.00482,36.75169],[34.99693,36.76088],[34.98374,36.76374],[34.97497,36.75797],[34.97024,36.76023],[34.96861,36.75268],[34.95768,36.75595],[34.95732,36.74157],[34.94476,36.74357],[34.94996,36.75173],[34.93656,36.74127],[34.92678,36.74566],[34.92553,36.74055],[34.90535,36.72443],[34.90202,36.72551],[34.9017,36.73168],[34.90655,36.73701],[34.90263,36.73706],[34.90153,36.74427],[34.8975,36.74476],[34.9013,36.73503],[34.87271,36.76682],[34.83634,36.7883],[34.81119,36.79834],[34.74633,36.81151],[34.67209,36.80616],[34.65457,36.80833],[34.64973,36.80609],[34.64995,36.80172],[34.6436,36.8036],[34.63897,36.79596],[34.6355,36.79806],[34.62448,36.79051],[34.62921,36.78749],[34.57495,36.77409],[34.5585,36.76596],[34.54877,36.75812],[34.5491,36.75092],[34.542,36.7392],[34.51117,36.72958],[34.50369,36.72222],[34.47118,36.70773],[34.44591,36.68723],[34.42954,36.66456],[34.39103,36.65076],[34.35469,36.63332],[34.32871,36.61486],[34.31976,36.60366],[34.30022,36.59758],[34.26029,36.57167],[34.24213,36.55157],[34.22711,36.52757],[34.21647,36.51946],[34.2069,36.51776],[34.20296,36.50983],[34.19525,36.50529],[34.19552,36.50194],[34.18334,36.49654],[34.17744,36.48517],[34.17864,36.48002],[34.17387,36.48032],[34.16859,36.46753],[34.15295,36.46447],[34.1426,36.45763],[34.13412,36.46015],[34.13117,36.45401],[34.12799,36.45404],[34.1263,36.44661],[34.12046,36.45],[34.1187,36.4382],[34.11122,36.43776],[34.11512,36.43233],[34.11269,36.42901],[34.10529,36.42266],[34.09866,36.42631],[34.09762,36.42041],[34.09381,36.42071],[34.09024,36.41534],[34.08326,36.41592],[34.07844,36.40132],[34.07844,36.33195],[34.07205,36.31736],[34.0499,36.29906],[34.0437,36.31068],[34.03468,36.3123],[34.03584,36.31575],[34.04507,36.31786],[34.04416,36.32108],[34.03393,36.31564],[34.03526,36.30869],[34.04275,36.31017],[34.0451,36.29653],[34.04094,36.29387],[34.03813,36.29736],[34.02262,36.30045],[34.00472,36.29071],[33.97162,36.25733],[33.96369,36.23221],[33.95578,36.2333],[33.9497,36.24209],[33.94805,36.25007],[33.95153,36.26263],[33.93582,36.28819],[33.90339,36.31079],[33.88758,36.31656],[33.86821,36.31606],[33.85412,36.30524],[33.84814,36.29501],[33.83265,36.28587],[33.83354,36.28047],[33.8383,36.27966],[33.83696,36.27363],[33.82208,36.27656],[33.81475,36.27366],[33.81548,36.26749],[33.82242,36.2641],[33.8187,36.25667],[33.81108,36.25596],[33.80812,36.2457],[33.79687,36.23164],[33.75229,36.21266],[33.74811,36.20678],[33.74272,36.20668],[33.73122,36.19673],[33.72646,36.19676],[33.72324,36.19151],[33.69805,36.17393],[33.68763,36.16012],[33.69928,36.15234],[33.69984,36.14412],[33.69869,36.13976],[33.68978,36.13505],[33.67745,36.13705],[33.6734,36.14504],[33.68109,36.15592],[33.67635,36.15684],[33.67543,36.16006],[33.66021,36.15925],[33.65847,36.17878],[33.66139,36.18699],[33.64655,36.19388],[33.63859,36.18943],[33.60901,36.18528],[33.59285,36.17656],[33.58225,36.15734],[33.57814,36.15877],[33.57368,36.15507],[33.57486,36.14324],[33.5659,36.13095],[33.56255,36.12737],[33.55447,36.12625],[33.53895,36.12619],[33.53675,36.1289],[33.53711,36.1352],[33.54693,36.13605],[33.54632,36.13952],[33.54347,36.13876],[33.54413,36.143],[33.51974,36.14336],[33.47802,36.1587],[33.46187,36.16005],[33.44884,36.15354],[33.44283,36.15549],[33.44202,36.14949],[33.43581,36.14717],[33.43105,36.1459],[33.42918,36.1504],[33.40756,36.13571],[33.40345,36.13726],[33.40564,36.13134],[33.39388,36.12496],[33.3892,36.13808],[33.38509,36.14041],[33.37526,36.13889],[33.37369,36.14198],[33.36513,36.13918],[33.35785,36.141],[33.36041,36.14665],[33.35711,36.1518],[33.35062,36.15426],[33.34839,36.15131],[33.33635,36.1516],[33.32683,36.14752],[33.32523,36.14341],[33.30364,36.13152],[33.29732,36.13526],[33.28812,36.13078],[33.27196,36.12877],[33.25487,36.13266],[33.24472,36.12921],[33.23459,36.13039],[33.23173,36.12692],[33.2273,36.12976],[33.19594,36.12763],[33.16334,36.13783],[33.14243,36.13747],[33.13039,36.13414],[33.12151,36.12606],[33.10881,36.10295],[33.10247,36.10064],[33.0947,36.09294],[33.09502,36.08934],[33.08947,36.08703],[33.08694,36.08164],[33.08931,36.07932],[33.08186,36.07008],[33.07838,36.07034],[33.08234,36.07496],[33.0825,36.08087],[33.07079,36.08229],[33.0689,36.08833],[33.05434,36.09078],[33.05054,36.09515],[33.02838,36.09605],[33.0249,36.09066],[33.02047,36.09426],[33.00369,36.09503],[33.00179,36.09888],[32.99292,36.09619],[32.95397,36.10414],[32.94353,36.1026],[32.92891,36.08862],[32.90365,36.08536],[32.8755,36.07479],[32.83726,36.0425],[32.81671,36.03631],[32.80535,36.0237],[32.80347,36.01676],[32.79143,36.0256],[32.73289,36.03281],[32.72465,36.0369],[32.70219,36.03659],[32.68919,36.04247],[32.68018,36.04116],[32.66704,36.04472],[32.65814,36.05343],[32.62103,36.07233],[32.59282,36.07918],[32.58232,36.09045],[32.5658,36.10054],[32.55283,36.09805],[32.55032,36.09393],[32.52087,36.09613],[32.51099,36.10598],[32.50055,36.10555],[32.49576,36.11131],[32.48849,36.10936],[32.4891,36.11347],[32.48339,36.11486],[32.47859,36.12165],[32.47225,36.12316],[32.46045,36.13454],[32.44157,36.13972],[32.44235,36.14178],[32.41309,36.1568],[32.41545,36.15861],[32.41289,36.16245],[32.39338,36.1648],[32.38763,36.17093],[32.38001,36.17282],[32.37516,36.18539],[32.35151,36.20839],[32.34195,36.21476],[32.33306,36.21625],[32.32952,36.22214],[32.32254,36.22261],[32.29742,36.23415],[32.28482,36.2558],[32.27843,36.26064],[32.2801,36.26836],[32.27339,36.29144],[32.25482,36.30854],[32.24718,36.30978],[32.24571,36.31491],[32.23423,36.31972],[32.22668,36.32918],[32.21741,36.33477],[32.16781,36.41511],[32.15256,36.42913],[32.13369,36.43876],[32.12403,36.44999],[32.11683,36.46741],[32.07775,36.50386],[32.049,36.52598],[32.01952,36.54154],[32.00422,36.54245],[31.99979,36.54048],[31.99992,36.53072],[31.98847,36.52934],[31.9888,36.5409],[31.96198,36.55866],[31.93873,36.55884],[31.91828,36.56366],[31.90383,36.57175],[31.89586,36.57232],[31.85613,36.58852],[31.83278,36.59459],[31.81591,36.59365],[31.78766,36.60672],[31.7783,36.60419],[31.7746,36.60646],[31.77351,36.61544],[31.76221,36.62432],[31.75388,36.6268],[31.75462,36.63066],[31.75089,36.63448],[31.73579,36.64151],[31.72564,36.63832],[31.70198,36.64282],[31.68711,36.64912],[31.67231,36.64416],[31.67415,36.64803],[31.66438,36.65075],[31.6361,36.67227],[31.60172,36.68677],[31.58909,36.69715],[31.55077,36.71596],[31.49422,36.73607],[31.48934,36.74063],[31.43351,36.75468],[31.41722,36.75549],[31.39273,36.76621],[31.38349,36.76518],[31.39149,36.77197],[31.38782,36.77937],[31.36592,36.79551],[31.33339,36.80791],[31.30513,36.81496],[31.26481,36.81746],[31.2545,36.82129],[31.22128,36.82105],[31.20549,36.82647],[31.17507,36.82921],[31.18006,36.83443],[31.17835,36.83928],[31.18219,36.84576],[31.1701,36.86768],[31.17998,36.84445],[31.17701,36.8417],[31.17846,36.83466],[31.17157,36.82852],[31.08243,36.84073],[31.05213,36.85102],[30.99602,36.8578],[30.79975,36.84675],[30.78935,36.85259],[30.75691,36.84697],[30.73021,36.85828],[30.71653,36.87215],[30.7075,36.8748],[30.70338,36.88448],[30.67814,36.8836],[30.63414,36.85885],[30.617,36.84476],[30.60564,36.82977],[30.59503,36.82172],[30.57466,36.79408],[30.57277,36.7627],[30.56805,36.75053],[30.57001,36.7439],[30.5649,36.73403],[30.56383,36.72245],[30.57437,36.70186],[30.57069,36.67687],[30.55528,36.64984],[30.55911,36.63965],[30.55617,36.63188],[30.55847,36.62962],[30.55688,36.61931],[30.56941,36.60081],[30.58105,36.59553],[30.58891,36.59877],[30.59218,36.591],[30.58615,36.5851],[30.58735,36.57729],[30.5582,36.54228],[30.55649,36.53582],[30.56425,36.53187],[30.55322,36.52856],[30.55254,36.51981],[30.54891,36.52398],[30.54102,36.52189],[30.54342,36.51141],[30.52796,36.49208],[30.52233,36.47912],[30.5169,36.48003],[30.51561,36.47063],[30.50707,36.46904],[30.50993,36.45908],[30.51577,36.45548],[30.51165,36.45501],[30.50926,36.44032],[30.49668,36.43607],[30.49084,36.43967],[30.48038,36.4338],[30.48719,36.42984],[30.48759,36.4224],[30.47653,36.39571],[30.48601,36.39231],[30.48622,36.38101],[30.49931,36.36408],[30.50278,36.36492],[30.50121,36.369],[30.50567,36.36883],[30.50698,36.36244],[30.50383,36.36186],[30.50224,36.35669],[30.50347,36.35312],[30.50969,36.35222],[30.51009,36.34478],[30.52163,36.3413],[30.52537,36.34356],[30.52963,36.33928],[30.52914,36.33465],[30.5204,36.32984],[30.50985,36.33219],[30.50708,36.32443],[30.50252,36.32317],[30.49827,36.32707],[30.49228,36.32566],[30.48782,36.31632],[30.46756,36.31486],[30.46546,36.30608],[30.47131,36.29683],[30.48165,36.3009],[30.48823,36.2986],[30.48447,36.28722],[30.48524,36.27825],[30.47814,36.27219],[30.46899,36.27045],[30.45829,36.25815],[30.45037,36.25773],[30.45057,36.2517],[30.4455,36.25146],[30.43384,36.23965],[30.43407,36.23246],[30.42944,36.22877],[30.42305,36.23017],[30.42048,36.22164],[30.41422,36.21919],[30.4128,36.21402],[30.40342,36.21023],[30.40362,36.23283],[30.40735,36.24011],[30.39892,36.24557],[30.39924,36.25021],[30.40446,36.25533],[30.40954,36.25531],[30.4137,36.26388],[30.40922,36.27457],[30.39545,36.27375],[30.3929,36.27896],[30.38722,36.27794],[30.38608,36.27393],[30.3675,36.27006],[30.32854,36.29617],[30.29566,36.31122],[30.27903,36.31495],[30.19555,36.31508],[30.1719,36.31092],[30.14972,36.30128],[30.1526,36.27438],[30.14526,36.26701],[30.14019,36.26689],[30.14316,36.27672],[30.13912,36.27881],[30.13078,36.26821],[30.13152,36.2654],[30.12293,36.26185],[30.1171,36.24784],[30.09619,36.24734],[30.08435,36.25013],[30.0734,36.25911],[30.06061,36.25764],[29.99247,36.22512],[29.98195,36.21511],[29.9752,36.22105],[29.96784,36.21918],[29.95114,36.22191],[29.94629,36.21933],[29.94256,36.22122],[29.94554,36.22474],[29.94126,36.22883],[29.92338,36.23389],[29.92356,36.23042],[29.90659,36.22569],[29.90543,36.22007],[29.90851,36.21769],[29.90525,36.2152],[29.88897,36.21225],[29.89758,36.20511],[29.88447,36.19323],[29.86022,36.18867],[29.85645,36.1894],[29.85785,36.19309],[29.86432,36.19666],[29.84466,36.19649],[29.8311,36.18936],[29.83256,36.18599],[29.84387,36.19214],[29.84867,36.19331],[29.84952,36.1906],[29.83865,36.18803],[29.83243,36.18227],[29.83228,36.17816],[29.82507,36.18026],[29.80079,36.1658],[29.8008,36.16307],[29.81224,36.16721],[29.82841,36.16759],[29.82298,36.16194],[29.81682,36.16235],[29.81111,36.15323],[29.79353,36.14414],[29.78317,36.1422],[29.77666,36.13721],[29.75937,36.14095],[29.75688,36.14217],[29.76197,36.14719],[29.78246,36.15801],[29.77082,36.16034],[29.7551,36.15454],[29.74695,36.16166],[29.74575,36.15886],[29.73553,36.1564],[29.72974,36.16308],[29.71992,36.16305],[29.71338,36.15729],[29.71302,36.15139],[29.70104,36.14819],[29.69999,36.14552],[29.69471,36.14833],[29.68429,36.13072],[29.67906,36.13982],[29.67841,36.15345],[29.66564,36.15053],[29.66487,36.14643],[29.65353,36.1481],[29.65234,36.15044],[29.6575,36.15315],[29.64409,36.15935],[29.64145,36.16583],[29.63267,36.16847],[29.63073,36.17198],[29.63841,36.179],[29.64362,36.17375],[29.65039,36.17257],[29.65152,36.19207],[29.64557,36.194],[29.64535,36.19683],[29.61272,36.19729],[29.60956,36.18785],[29.59561,36.18764],[29.58853,36.18446],[29.58416,36.18635],[29.5854,36.19043],[29.60384,36.1971],[29.6107,36.20324],[29.61645,36.20453],[29.62584,36.20098],[29.63411,36.20196],[29.63231,36.20482],[29.61308,36.2082],[29.58623,36.20107],[29.5736,36.20263],[29.5705,36.20475],[29.57158,36.20871],[29.56559,36.20974],[29.47691,36.21186],[29.45661,36.22153],[29.45562,36.22553],[29.44954,36.22874],[29.43723,36.23066],[29.42459,36.23194],[29.41218,36.22539],[29.40587,36.23656],[29.40501,36.2448],[29.40878,36.24357],[29.41767,36.25944],[29.40839,36.26194],[29.40099,36.25837],[29.39262,36.2647],[29.38648,36.26097],[29.36778,36.26147],[29.3738,36.25621],[29.37455,36.24952],[29.36764,36.23604],[29.35319,36.2299],[29.33928,36.24199],[29.32297,36.24783],[29.31597,36.24733],[29.26145,36.29204],[29.25047,36.3074],[29.22536,36.32855],[29.21701,36.32524],[29.21023,36.32665],[29.1951,36.33631],[29.18742,36.33413],[29.18274,36.33717],[29.18385,36.34281],[29.17534,36.34489],[29.16697,36.34093],[29.1611,36.34694],[29.16489,36.35189],[29.15786,36.35612],[29.15377,36.35722],[29.15242,36.35442],[29.1389,36.35955],[29.14109,36.36978],[29.14692,36.37781],[29.11807,36.37584],[29.12524,36.38278],[29.12176,36.38323],[29.1206,36.39138],[29.11502,36.39247],[29.1104,36.386],[29.10439,36.38713],[29.10039,36.3917],[29.10295,36.40437],[29.11125,36.40576],[29.11782,36.41348],[29.13216,36.41515],[29.13041,36.42058],[29.12348,36.42302],[29.13428,36.42847],[29.13014,36.43394],[29.12993,36.44396],[29.1243,36.44715],[29.12068,36.45466],[29.12454,36.46204],[29.11564,36.4622],[29.11385,36.46634],[29.10374,36.46909],[29.10122,36.47556],[29.11199,36.48564],[29.11626,36.49648],[29.12611,36.49618],[29.12682,36.49874],[29.11888,36.50504],[29.12645,36.52032],[29.12654,36.54087],[29.10799,36.5552],[29.11104,36.54448],[29.10491,36.54729],[29.09691,36.54602],[29.09098,36.55614],[29.09071,36.56385],[29.08599,36.56599],[29.08164,36.5581],[29.04981,36.55853],[29.05141,36.54681],[29.05549,36.54481],[29.05158,36.54141],[29.04164,36.53863],[29.03316,36.54301],[29.03144,36.53816],[29.01181,36.54235],[29.01164,36.54787],[29.02753,36.54683],[29.03375,36.55341],[29.04693,36.55793],[29.04649,36.56565],[29.03285,36.56742],[29.03133,36.57027],[29.03505,36.57843],[29.02461,36.58118],[29.02254,36.58738],[29.02996,36.5911],[29.02784,36.60142],[29.03168,36.60803],[29.0365,36.60936],[29.03547,36.61284],[29.04059,36.61956],[29.04526,36.62141],[29.05476,36.61316],[29.05948,36.6168],[29.07555,36.61601],[29.07407,36.6204],[29.07956,36.62287],[29.07451,36.64274],[29.0827,36.64491],[29.08517,36.64217],[29.09319,36.64383],[29.09909,36.6382],[29.10081,36.63098],[29.09318,36.63162],[29.08873,36.62027],[29.11207,36.62333],[29.12147,36.63498],[29.12213,36.6473],[29.11736,36.65355],[29.11,36.65265],[29.10422,36.66868],[29.09348,36.67811],[29.05625,36.6812],[29.03336,36.69611],[29.03336,36.70818],[29.02984,36.70799],[29.02846,36.7039],[29.02279,36.70682],[29.0182,36.70202],[29.0141,36.70389],[29.01451,36.70722],[29.02229,36.71171],[29.02047,36.7156],[29.00981,36.71038],[28.99862,36.7147],[29.00019,36.70875],[28.99197,36.71171],[28.98709,36.72027],[28.981,36.71908],[28.97956,36.72527],[28.97385,36.72665],[28.97299,36.73026],[28.96532,36.72988],[28.96333,36.72683],[28.96029,36.73304],[28.94922,36.73708],[28.94683,36.74354],[28.94086,36.74698],[28.94298,36.74874],[28.93883,36.75523],[28.92764,36.75464],[28.92215,36.75203],[28.92606,36.74876],[28.93043,36.75126],[28.93079,36.74637],[28.92484,36.74492],[28.92779,36.73499],[28.92059,36.72804],[28.91405,36.72789],[28.90997,36.7241],[28.91379,36.72378],[28.90986,36.71331],[28.89372,36.71229],[28.89525,36.70956],[28.90544,36.70889],[28.9079,36.70525],[28.8973,36.70221],[28.89913,36.69884],[28.87844,36.70084],[28.8786,36.69403],[28.86529,36.69784],[28.86426,36.69464],[28.86866,36.692],[28.86582,36.6801],[28.85843,36.67765],[28.86678,36.67366],[28.86746,36.66877],[28.85075,36.66338],[28.85175,36.65849],[28.86553,36.6548],[28.84998,36.64464],[28.85498,36.64032],[28.86383,36.64391],[28.86359,36.64032],[28.87011,36.63341],[28.87936,36.63378],[28.88162,36.6349],[28.87786,36.6374],[28.87827,36.6478],[28.8951,36.64496],[28.89581,36.64803],[28.90304,36.65036],[28.90823,36.64732],[28.90535,36.64069],[28.89418,36.63984],[28.88739,36.63609],[28.88724,36.6298],[28.87405,36.62474],[28.87587,36.62112],[28.86898,36.61968],[28.86682,36.61586],[28.86832,36.60531],[28.87321,36.60318],[28.86104,36.6008],[28.84964,36.59019],[28.84503,36.59719],[28.82929,36.6054],[28.83046,36.60769],[28.82505,36.61471],[28.82824,36.62186],[28.82565,36.62665],[28.83765,36.62891],[28.8424,36.63435],[28.85169,36.63627],[28.85016,36.63886],[28.84323,36.64243],[28.83072,36.63903],[28.83087,36.64545],[28.82035,36.65871],[28.80338,36.65563],[28.80267,36.65282],[28.79408,36.65346],[28.7972,36.6642],[28.8037,36.6695],[28.78971,36.68487],[28.78246,36.68857],[28.72319,36.7055],[28.69213,36.70055],[28.68918,36.69687],[28.66993,36.69187],[28.6744,36.70658],[28.66707,36.70694],[28.6653,36.71365],[28.66787,36.71464],[28.66446,36.71905],[28.65675,36.71698],[28.64537,36.72189],[28.64592,36.71777],[28.63859,36.71068],[28.63668,36.70325],[28.62605,36.69877],[28.61755,36.70403],[28.61568,36.71356],[28.62243,36.71629],[28.62151,36.72543],[28.62445,36.72847],[28.61905,36.7297],[28.61853,36.73548],[28.60856,36.7319],[28.60783,36.73499],[28.61151,36.73545],[28.61111,36.73931],[28.62023,36.7406],[28.62396,36.7507],[28.63383,36.75724],[28.61453,36.75802],[28.61491,36.76829],[28.61769,36.77146],[28.62761,36.77261],[28.63043,36.77732],[28.6238,36.78872],[28.60583,36.8004],[28.61883,36.79521],[28.62602,36.78766],[28.63527,36.78728],[28.64279,36.78036],[28.65544,36.78212],[28.65716,36.788],[28.66344,36.79023],[28.65906,36.79452],[28.65103,36.79258],[28.6432,36.79988],[28.63735,36.79521],[28.63515,36.79678],[28.63808,36.79931],[28.63348,36.81607],[28.61719,36.82375],[28.60659,36.82081],[28.60521,36.8162],[28.61201,36.81277],[28.61098,36.80944],[28.60539,36.80965],[28.60216,36.80751],[28.603,36.8021],[28.59449,36.7999],[28.59621,36.80605],[28.58795,36.81592],[28.57102,36.81614],[28.56298,36.82139],[28.56572,36.82225],[28.56532,36.82624],[28.55633,36.83214],[28.54927,36.83056],[28.54945,36.82362],[28.54555,36.82059],[28.54899,36.81669],[28.54765,36.81362],[28.53322,36.81086],[28.5285,36.80694],[28.529,36.79974],[28.53993,36.79523],[28.54025,36.78726],[28.5232,36.78915],[28.51927,36.80012],[28.51256,36.80008],[28.50216,36.79134],[28.49942,36.79806],[28.48893,36.80076],[28.49633,36.80349],[28.49968,36.81116],[28.50287,36.81137],[28.49918,36.81836],[28.46135,36.81215],[28.45709,36.82299],[28.45326,36.82355],[28.45545,36.82918],[28.45103,36.83206],[28.45097,36.83732],[28.45656,36.83738],[28.45695,36.84097],[28.45204,36.84335],[28.45163,36.8472],[28.45524,36.85178],[28.46595,36.85178],[28.46842,36.85573],[28.46847,36.86678],[28.45461,36.86952],[28.4622,36.87354],[28.45624,36.87952],[28.44698,36.88027],[28.44335,36.87428],[28.44529,36.86706],[28.43873,36.86637],[28.43315,36.85899],[28.42967,36.8607],[28.40766,36.85467],[28.40739,36.86623],[28.40357,36.86718],[28.39675,36.86122],[28.395,36.85289],[28.3883,36.85336],[28.37983,36.84789],[28.37839,36.84499],[28.38667,36.83436],[28.39434,36.8344],[28.40499,36.83993],[28.41804,36.83695],[28.42479,36.83879],[28.42616,36.83518],[28.42256,36.82212],[28.4244,36.81773],[28.41418,36.80938],[28.41422,36.80321],[28.41083,36.8012],[28.41205,36.79784],[28.40627,36.78764],[28.39856,36.78529],[28.39225,36.78909],[28.38233,36.78817],[28.37962,36.79745],[28.3665,36.79593],[28.35826,36.80001],[28.35423,36.80674],[28.33763,36.8077],[28.31096,36.81737],[28.3055,36.81576],[28.30132,36.8045],[28.31192,36.79848],[28.31345,36.79461],[28.30262,36.79665],[28.28722,36.79284],[28.27386,36.79606],[28.27038,36.7979],[28.27412,36.80223],[28.2734,36.8066],[28.26869,36.81179],[28.2805,36.81128],[28.29341,36.81897],[28.3132,36.81747],[28.31529,36.82773],[28.30285,36.82902],[28.27893,36.85099],[28.2716,36.85261],[28.26324,36.84936],[28.24457,36.83183],[28.24355,36.81771],[28.23342,36.80394],[28.23592,36.80058],[28.2455,36.80048],[28.24798,36.79544],[28.2559,36.7915],[28.25255,36.78229],[28.25523,36.78008],[28.24961,36.77808],[28.24888,36.77218],[28.26794,36.76607],[28.26547,36.76147],[28.26968,36.75578],[28.26744,36.75529],[28.26782,36.74912],[28.27397,36.74455],[28.28587,36.75008],[28.29191,36.7486],[28.29607,36.73956],[28.30003,36.73772],[28.29326,36.73407],[28.29417,36.73085],[28.3031,36.73088],[28.28761,36.72026],[28.28285,36.72211],[28.28082,36.73433],[28.27574,36.73619],[28.26896,36.73112],[28.26261,36.73337],[28.25106,36.7299],[28.24637,36.71582],[28.23777,36.71706],[28.2388,36.7114],[28.22638,36.70305],[28.22474,36.69998],[28.234,36.7004],[28.22116,36.69591],[28.22635,36.69123],[28.2252,36.68868],[28.2204,36.68821],[28.21599,36.69185],[28.20956,36.68858],[28.19907,36.69048],[28.19773,36.68639],[28.19232,36.68721],[28.18234,36.6814],[28.17338,36.67956],[28.1699,36.68165],[28.1574,36.67754],[28.15527,36.67345],[28.16332,36.66823],[28.16265,36.66605],[28.15206,36.66166],[28.15038,36.65551],[28.14248,36.64993],[28.14627,36.64758],[28.1459,36.64425],[28.12725,36.62208],[28.11482,36.59984],[28.1081,36.59785],[28.10546,36.59196],[28.0978,36.59049],[28.08908,36.58235],[28.08055,36.58731],[28.07908,36.59606],[28.066,36.59515],[28.05626,36.58188],[28.04458,36.57787],[28.05046,36.57705],[28.05059,36.57448],[28.03467,36.56318],[28.02494,36.56211],[28.02486,36.56828],[28.01414,36.57659],[28.00933,36.57355],[28.01275,36.5671],[28.0183,36.56576],[28.00124,36.56437],[27.99969,36.56746],[27.991,36.55983],[27.98799,36.56114],[27.98392,36.55449],[27.97996,36.55607],[27.98137,36.56684],[27.96893,36.57825],[27.96574,36.57802],[27.96708,36.58263],[27.97921,36.58523],[27.96914,36.59469],[27.95741,36.5998],[27.96065,36.60427],[27.98527,36.61087],[27.99065,36.60736],[28.01486,36.60664],[28.03074,36.60265],[28.04494,36.60458],[28.04961,36.6084],[28.06454,36.60492],[28.06369,36.61213],[28.07767,36.62099],[28.08017,36.62842],[28.09548,36.64061],[28.09555,36.64575],[28.09132,36.65093],[28.08781,36.6507],[28.08285,36.66077],[28.07264,36.66009],[28.06929,36.64881],[28.06232,36.65157],[28.06858,36.65524],[28.06558,36.65707],[28.05438,36.65434],[28.053,36.65821],[28.06114,36.65878],[28.069,36.67348],[28.04828,36.67469],[28.05238,36.68313],[28.0431,36.69247],[28.03959,36.69262],[28.03663,36.68571],[28.04056,36.68195],[28.03763,36.67736],[28.03933,36.67349],[28.01887,36.66942],[27.99885,36.67499],[27.99403,36.67208],[27.98769,36.67521],[27.97683,36.67389],[27.96923,36.67819],[27.96538,36.67694],[27.9642,36.68388],[27.97477,36.68739],[27.97514,36.69188],[27.98023,36.69094],[27.97806,36.683],[27.98205,36.68322],[27.98641,36.6873],[27.9825,36.69375],[27.9899,36.69806],[27.98856,36.69344],[27.99112,36.69368],[28.00146,36.70425],[28.00737,36.7051],[28.00744,36.69791],[28.0157,36.7076],[28.02636,36.70507],[28.03533,36.70808],[28.04133,36.70301],[28.04453,36.71609],[28.06234,36.723],[28.08284,36.72795],[28.08795,36.72816],[28.08822,36.72469],[28.0975,36.72653],[28.09553,36.72257],[28.08574,36.71855],[28.08989,36.70746],[28.09719,36.70495],[28.10295,36.70644],[28.10478,36.71118],[28.1133,36.71611],[28.1156,36.72032],[28.11246,36.72369],[28.11379,36.72792],[28.12907,36.72482],[28.12251,36.73465],[28.08942,36.74189],[28.08497,36.74373],[28.08456,36.74862],[28.09149,36.75292],[28.09476,36.7588],[28.09289,36.76164],[28.10033,36.76838],[28.11078,36.7625],[28.11918,36.76885],[28.1271,36.75413],[28.13203,36.7528],[28.13354,36.75766],[28.13021,36.75898],[28.1302,36.76926],[28.12275,36.77292],[28.12485,36.78536],[28.13135,36.79314],[28.12506,36.80013],[28.12592,36.80449],[28.10402,36.80329],[28.08984,36.79442],[28.08477,36.79717],[28.08059,36.79567],[28.08182,36.79231],[28.07362,36.78776],[28.07981,36.78514],[28.07823,36.77539],[28.06401,36.77449],[28.06164,36.76462],[28.05208,36.76586],[28.04757,36.76308],[28.04253,36.76813],[28.04138,36.77752],[28.04571,36.77953],[28.04632,36.78505],[28.04145,36.78317],[28.03522,36.77089],[28.03038,36.76708],[28.02304,36.76779],[28.01591,36.75924],[28.01175,36.75902],[28.00768,36.76509],[27.99323,36.75879],[27.97949,36.758],[27.97827,36.76238],[27.97475,36.76164],[27.9692,36.75218],[27.9659,36.75229],[27.96691,36.76068],[27.95142,36.76029],[27.9475,36.75325],[27.93855,36.75217],[27.93719,36.7455],[27.93045,36.7426],[27.92504,36.7438],[27.91954,36.75078],[27.92102,36.75462],[27.9162,36.75183],[27.91241,36.75533],[27.89518,36.75674],[27.89145,36.7515],[27.89827,36.74785],[27.89788,36.74118],[27.8915,36.742],[27.88601,36.75],[27.88942,36.75537],[27.8837,36.75811],[27.87539,36.7574],[27.87152,36.75345],[27.86873,36.7473],[27.8711,36.74446],[27.84911,36.74834],[27.83727,36.74522],[27.83356,36.7568],[27.81543,36.76297],[27.8049,36.76407],[27.79748,36.75628],[27.78954,36.76044],[27.78023,36.75562],[27.78026,36.75845],[27.75125,36.76365],[27.73016,36.76224],[27.71606,36.75603],[27.70542,36.74504],[27.69989,36.73352],[27.69093,36.731],[27.68817,36.72665],[27.68716,36.71997],[27.6956,36.71787],[27.69617,36.71119],[27.6918,36.7035],[27.68016,36.70421],[27.67566,36.70077],[27.67173,36.67073],[27.67486,36.66429],[27.67147,36.6593],[27.65047,36.66468],[27.6394,36.67528],[27.63331,36.67184],[27.61611,36.6754],[27.61583,36.67977],[27.60501,36.68329],[27.58297,36.67955],[27.57344,36.68499],[27.56829,36.67744],[27.56189,36.67541],[27.56176,36.67901],[27.55269,36.68201],[27.54307,36.67434],[27.5335,36.67529],[27.533,36.67118],[27.52459,36.67764],[27.5163,36.67793],[27.50156,36.66797],[27.49866,36.66285],[27.49036,36.6616],[27.49225,36.65825],[27.48651,36.65853],[27.48425,36.65366],[27.47674,36.65163],[27.4766,36.65497],[27.47038,36.65371],[27.46867,36.66143],[27.4387,36.66218],[27.42216,36.67047],[27.41511,36.66497],[27.40522,36.66269],[27.40636,36.66885],[27.40238,36.66835],[27.40513,36.67759],[27.40196,36.68043],[27.38713,36.68073],[27.38587,36.68459],[27.37439,36.68553],[27.37437,36.68052],[27.36354,36.68492],[27.36388,36.68787],[27.37216,36.68553],[27.373,36.69337],[27.37206,36.69697],[27.36521,36.70033],[27.36206,36.70933],[27.37736,36.70414],[27.39204,36.705],[27.39903,36.70073],[27.42192,36.7135],[27.42391,36.72685],[27.41738,36.7297],[27.42801,36.74829],[27.44111,36.74863],[27.44715,36.74488],[27.45259,36.74679],[27.45295,36.75475],[27.46448,36.7601],[27.4645,36.76254],[27.47533,36.75877],[27.47385,36.7521],[27.47974,36.74989],[27.4903,36.75306],[27.50593,36.75043],[27.52861,36.75277],[27.58268,36.76793],[27.60149,36.76296],[27.6098,36.76394],[27.62039,36.77095],[27.6283,36.7817],[27.62467,36.78737],[27.62774,36.79172],[27.62363,36.79688],[27.62894,36.80097],[27.64204,36.80102],[27.64382,36.80397],[27.64084,36.81105],[27.65803,36.80364],[27.68164,36.79939],[27.68475,36.78987],[27.69111,36.78662],[27.71283,36.787],[27.71888,36.7844],[27.77418,36.78932],[27.78292,36.80057],[27.79091,36.80128],[27.81628,36.81332],[27.84053,36.81045],[27.85708,36.80429],[27.90379,36.8096],[27.91047,36.80762],[27.91897,36.79728],[27.96339,36.7986],[27.97357,36.79518],[27.99025,36.80005],[27.9899,36.79774],[28.00137,36.7952],[28.00635,36.7976],[28.00707,36.79194],[28.01126,36.79448],[28.01537,36.79162],[28.02019,36.79312],[28.02078,36.78951],[28.03499,36.78965],[28.03249,36.79352],[28.03653,36.79734],[28.04385,36.79484],[28.04296,36.79985],[28.05958,36.80061],[28.06046,36.80638],[28.05558,36.81208],[28.0645,36.82124],[28.05642,36.82671],[28.05352,36.82494],[28.05232,36.83022],[28.02964,36.83106],[28.01713,36.82782],[28.00414,36.83667],[28.02844,36.8371],[28.01225,36.84559],[28.01459,36.85354],[28.00851,36.85256],[28.00919,36.85564],[28.01624,36.85725],[28.01505,36.86355],[28.01857,36.86429],[28.02295,36.85706],[28.03319,36.85762],[28.03724,36.86499],[28.05376,36.86553],[28.04646,36.8697],[28.0532,36.87131],[28.05809,36.87833],[28.0409,36.88388],[28.04208,36.8885],[28.05127,36.89381],[28.05132,36.89741],[28.03181,36.89783],[28.02677,36.90353],[28.01591,36.90465],[28.01498,36.90671],[28.03979,36.90804],[28.04084,36.91471],[28.02475,36.91947],[28.03824,36.92385],[28.04173,36.92125],[28.04942,36.92247],[28.05971,36.92585],[28.06023,36.92893],[28.06873,36.93],[28.04574,36.93381],[28.04769,36.93636],[28.06048,36.93522],[28.07223,36.94038],[28.08711,36.93973],[28.0976,36.93501],[28.09704,36.94054],[28.09928,36.94052],[28.11644,36.93239],[28.12926,36.93381],[28.13432,36.92927],[28.13934,36.93333],[28.1383,36.9282],[28.14484,36.91924],[28.1507,36.92269],[28.15092,36.9268],[28.16049,36.92491],[28.15662,36.92289],[28.16149,36.91693],[28.15889,36.91464],[28.1599,36.90718],[28.17015,36.9076],[28.16607,36.91303],[28.173,36.92709],[28.167,36.93229],[28.16912,36.93484],[28.1626,36.93722],[28.17128,36.93996],[28.15853,36.94368],[28.16197,36.94878],[28.18453,36.94843],[28.18772,36.94776],[28.18507,36.94187],[28.19081,36.94015],[28.19442,36.94615],[28.20556,36.9522],[28.20663,36.95913],[28.20274,36.96636],[28.20861,36.97349],[28.21553,36.97573],[28.21605,36.97778],[28.20617,36.98122],[28.21505,36.9855],[28.21304,36.98989],[28.2151,36.99886],[28.2212,36.9997],[28.23356,36.9916],[28.25049,36.98911],[28.25716,36.9956],[28.24528,37.00343],[28.2685,37.01256],[28.2721,37.0174],[28.30007,37.02301],[28.30709,37.02164],[28.31035,37.02495],[28.31993,37.02266],[28.32671,37.02605],[28.33007,37.03488],[28.32649,37.05007],[28.32332,37.05191],[28.28991,37.04726],[28.27619,37.04947],[28.2433,37.03903],[28.23244,37.04132],[28.19653,37.04002],[28.18489,37.03372],[28.16367,37.02892],[28.10031,37.03453],[28.09797,37.028],[28.11328,37.02311],[28.11131,37.01991],[28.11511,37.01667],[28.09807,37.01207],[28.09747,37.01542],[28.10169,37.01885],[28.09918,37.0226],[28.09067,37.02165],[28.09156,37.02729],[28.08837,37.02886],[28.07899,37.02201],[28.06461,37.02484],[28.02068,37.02253],[28.00404,37.02408],[27.97691,37.03201],[27.96876,37.02091],[27.94819,37.01606],[27.94372,37.01674],[27.92818,37.03035],[27.90695,37.02306],[27.89452,37.02843],[27.85981,37.01931],[27.84635,37.01915],[27.83538,37.0119],[27.82129,37.01213],[27.79804,36.99495],[27.79973,37.00316],[27.78694,37.00581],[27.78578,37.00222],[27.78928,36.99963],[27.78426,36.99452],[27.77977,36.99378],[27.77502,36.99844],[27.77544,36.9933],[27.76536,36.99388],[27.75892,36.99045],[27.75671,36.99316],[27.7588,36.99953],[27.75422,37.00088],[27.75097,36.99628],[27.74458,36.99773],[27.74134,36.99403],[27.73525,36.99368],[27.73436,37.00101],[27.72669,37.0026],[27.70709,36.99642],[27.69717,36.99725],[27.69497,37.00176],[27.68986,37.00346],[27.6632,36.99475],[27.6501,36.99855],[27.64299,36.99126],[27.64293,36.98356],[27.64787,36.98122],[27.64673,36.97917],[27.63808,36.97793],[27.61633,36.98126],[27.60931,36.98502],[27.60584,36.9912],[27.59306,36.99448],[27.57415,36.9938],[27.5642,36.99025],[27.56129,36.98692],[27.57568,36.98364],[27.56989,36.98008],[27.56029,36.98089],[27.55759,36.98399],[27.55133,36.98196],[27.54913,36.98788],[27.53408,36.98859],[27.51875,36.99495],[27.50847,36.98986],[27.5094,36.98575],[27.48957,36.98955],[27.48219,36.98637],[27.48063,36.99383],[27.46433,36.99852],[27.46307,37.0034],[27.45349,37.00755],[27.45113,37.01553],[27.43917,37.02456],[27.44095,37.02738],[27.43841,37.03124],[27.42545,37.03489],[27.41692,37.02773],[27.41946,37.02361],[27.41192,37.02106],[27.4135,37.01746],[27.40997,37.01696],[27.41001,37.02313],[27.4015,37.0211],[27.40844,37.0293],[27.4014,37.03202],[27.39594,37.02908],[27.38852,37.01883],[27.38815,37.00933],[27.37913,36.99985],[27.37449,36.99986],[27.375,37.00577],[27.37965,37.00704],[27.37988,37.02053],[27.38422,37.02527],[27.37671,37.02773],[27.37318,37.02684],[27.37123,37.02171],[27.36579,37.02378],[27.36321,37.01891],[27.35778,37.02265],[27.33243,37.01527],[27.32809,37.01002],[27.32998,37.00411],[27.33943,37.0028],[27.34037,36.99804],[27.32948,36.99846],[27.332,36.98817],[27.3288,36.98882],[27.31978,36.97819],[27.31146,36.97859],[27.30119,36.97348],[27.30022,36.9695],[27.30485,36.96821],[27.30642,36.96075],[27.30337,36.95691],[27.29698,36.96026],[27.29509,36.96772],[27.27683,36.96571],[27.27297,36.96173],[27.2637,36.96445],[27.26053,36.97319],[27.25509,36.97654],[27.25965,36.99889],[27.24869,37.02434],[27.24935,37.03102],[27.22999,37.0398],[27.23258,37.04776],[27.23675,37.05006],[27.23421,37.057],[27.23131,37.05341],[27.22747,37.05444],[27.22748,37.05971],[27.23888,37.0665],[27.23667,37.07498],[27.23878,37.08268],[27.24678,37.07997],[27.2524,37.08188],[27.25453,37.09395],[27.26414,37.09226],[27.27009,37.09726],[27.28759,37.10313],[27.2929,37.10722],[27.29324,37.1121],[27.29006,37.11956],[27.28124,37.12048],[27.27706,37.11741],[27.27097,37.11922],[27.26872,37.11807],[27.27031,37.11498],[27.26582,37.11332],[27.26198,37.11539],[27.26004,37.11218],[27.25459,37.11194],[27.25607,37.12426],[27.25351,37.12735],[27.25593,37.1294],[27.26071,37.12053],[27.26472,37.12142],[27.26168,37.124],[27.26522,37.12553],[27.26461,37.13427],[27.27312,37.13733],[27.29215,37.12148],[27.29762,37.12365],[27.30111,37.11568],[27.30641,37.11695],[27.30355,37.12261],[27.30708,37.12312],[27.3117,37.11578],[27.31909,37.11872],[27.3172,37.12771],[27.31176,37.12927],[27.31211,37.13852],[27.32014,37.13978],[27.32305,37.14363],[27.32657,37.14233],[27.32867,37.14567],[27.32439,37.15827],[27.33337,37.15696],[27.33736,37.15155],[27.34329,37.14999],[27.34048,37.13202],[27.34641,37.13046],[27.3493,37.13096],[27.35016,37.14329],[27.3566,37.14661],[27.35593,37.14148],[27.36026,37.14146],[27.36333,37.14556],[27.36144,37.15328],[27.36547,37.15635],[27.36801,37.15159],[27.37747,37.15014],[27.37743,37.14192],[27.38852,37.14587],[27.38851,37.1424],[27.38336,37.14088],[27.38334,37.13677],[27.37691,37.13396],[27.37641,37.13062],[27.38553,37.12481],[27.38647,37.12057],[27.39577,37.11938],[27.39968,37.1308],[27.41093,37.13462],[27.41057,37.12858],[27.41956,37.12842],[27.41469,37.11791],[27.42174,37.11775],[27.43014,37.128],[27.43509,37.12426],[27.4304,37.11747],[27.43971,37.11756],[27.44162,37.11447],[27.43888,37.11294],[27.4443,37.10701],[27.44506,37.09981],[27.45947,37.09693],[27.45993,37.09256],[27.45509,37.08873],[27.45874,37.08178],[27.47478,37.08223],[27.47497,37.08788],[27.49073,37.0945],[27.48836,37.10067],[27.49928,37.10242],[27.50349,37.10844],[27.51231,37.10905],[27.53178,37.11847],[27.53795,37.12859],[27.54755,37.12546],[27.57163,37.1274],[27.58068,37.13558],[27.58006,37.13892],[27.57172,37.13909],[27.55564,37.13364],[27.55351,37.14971],[27.55996,37.15507],[27.55613,37.15766],[27.54934,37.15076],[27.54198,37.15413],[27.54025,37.15928],[27.54961,37.1654],[27.54128,37.16801],[27.54034,37.17135],[27.54103,37.17854],[27.54669,37.18314],[27.5323,37.19168],[27.54416,37.1897],[27.54291,37.19395],[27.55929,37.19464],[27.55885,37.20055],[27.56449,37.20219],[27.56468,37.2072],[27.56969,37.21116],[27.5809,37.20712],[27.59822,37.19017],[27.6015,37.19161],[27.59688,37.19626],[27.60105,37.19636],[27.60933,37.1872],[27.61528,37.1882],[27.60463,37.20161],[27.59241,37.20013],[27.58686,37.20889],[27.57614,37.21357],[27.57713,37.21806],[27.58228,37.21829],[27.58697,37.22277],[27.58947,37.23496],[27.59737,37.23838],[27.60081,37.24672],[27.61248,37.25873],[27.6202,37.25997],[27.6258,37.25673],[27.62592,37.25172],[27.63587,37.25116],[27.63913,37.25615],[27.62982,37.25697],[27.62825,37.2616],[27.61152,37.25951],[27.60821,37.26839],[27.61355,37.27183],[27.60972,37.27531],[27.61265,37.27992],[27.60816,37.28162],[27.60007,37.27511],[27.60145,37.2864],[27.59374,37.28734],[27.58794,37.28544],[27.58688,37.27312],[27.58274,37.27905],[27.5814,37.27135],[27.55669,37.27776],[27.54952,37.26379],[27.54372,37.26253],[27.54124,37.25201],[27.54685,37.2507],[27.55195,37.24426],[27.53464,37.25114],[27.53589,37.24523],[27.52139,37.24003],[27.52726,37.2287],[27.52291,37.22705],[27.50718,37.22943],[27.49888,37.2373],[27.51045,37.23815],[27.52064,37.24774],[27.52051,37.25198],[27.516,37.25046],[27.51442,37.25419],[27.52489,37.25748],[27.51704,37.26188],[27.52163,37.27522],[27.51103,37.27527],[27.51009,37.27964],[27.4985,37.27712],[27.49684,37.26891],[27.47642,37.26796],[27.47929,37.26358],[27.4765,37.25537],[27.46623,37.25683],[27.45687,37.25083],[27.45434,37.257],[27.46211,37.26699],[27.47147,37.27235],[27.47575,37.28852],[27.488,37.29412],[27.48823,37.30388],[27.49764,37.31669],[27.49799,37.32156],[27.49243,37.33212],[27.48857,37.33239],[27.48597,37.32829],[27.48262,37.33242],[27.48377,37.33665],[27.48039,37.33602],[27.47578,37.34516],[27.4703,37.34377],[27.47778,37.33064],[27.47112,37.32013],[27.46662,37.31989],[27.45594,37.3094],[27.4466,37.3079],[27.44368,37.30277],[27.43274,37.30243],[27.42344,37.30734],[27.4125,37.30494],[27.40162,37.31525],[27.40196,37.31885],[27.39473,37.32067],[27.39074,37.32749],[27.3856,37.32789],[27.3882,37.33251],[27.38292,37.33946],[27.38619,37.34896],[27.38269,37.35616],[27.3911,37.36461],[27.4035,37.36688],[27.41305,37.37712],[27.41276,37.38252],[27.43207,37.38168],[27.42994,37.40275],[27.41761,37.41564],[27.3886,37.41022],[27.37375,37.40294],[27.36354,37.3891],[27.36527,37.38191],[27.35492,37.37063],[27.34493,37.36886],[27.3398,37.3735],[27.33882,37.37055],[27.33625,37.37146],[27.33852,37.37479],[27.33337,37.37532],[27.3321,37.37841],[27.32888,37.37764],[27.33046,37.37147],[27.32209,37.37124],[27.32027,37.36071],[27.32974,37.35516],[27.33341,37.34783],[27.33049,37.34296],[27.3091,37.3443],[27.30655,37.34868],[27.3085,37.35304],[27.29465,37.3505],[27.28727,37.3563],[27.28115,37.35606],[27.27535,37.35338],[27.27549,37.34875],[27.26228,37.34185],[27.26194,37.33697],[27.24955,37.33635],[27.23636,37.33818],[27.23606,37.34216],[27.23188,37.34422],[27.2319,37.35],[27.21547,37.34541],[27.21307,37.34837],[27.22097,37.35426],[27.20262,37.35404],[27.20326,37.3507],[27.192,37.35354],[27.20264,37.36046],[27.20717,37.36919],[27.20363,37.37048],[27.20428,37.37304],[27.21073,37.3765],[27.20914,37.38228],[27.21786,37.39126],[27.21626,37.39563],[27.20934,37.3959],[27.21015,37.39885],[27.22722,37.40088],[27.23078,37.40562],[27.22049,37.41232],[27.2188,37.41986],[27.22061,37.45137],[27.22792,37.47242],[27.22311,37.48116],[27.22748,37.48424],[27.22716,37.48783],[27.21652,37.48593],[27.20332,37.49224],[27.20157,37.50175],[27.20755,37.50688],[27.20207,37.50843],[27.20565,37.51973],[27.19921,37.52128],[27.19987,37.52976],[27.19569,37.53516],[27.19764,37.54042],[27.19216,37.54069],[27.18992,37.54904],[27.18003,37.54863],[27.18606,37.55444],[27.18559,37.55752],[27.20609,37.56121],[27.19805,37.57215],[27.21343,37.57232],[27.21629,37.57468],[27.21388,37.57803],[27.22227,37.57852],[27.2239,37.58263],[27.21939,37.58469],[27.22069,37.58778],[27.21651,37.59395],[27.20941,37.59576],[27.20394,37.60296],[27.20007,37.60245],[27.20138,37.61029],[27.18911,37.61159],[27.18055,37.60865],[27.17878,37.61302],[27.15135,37.61935],[27.13296,37.62901],[27.10389,37.63238],[27.09841,37.63829],[27.09163,37.63996],[27.05803,37.64101],[27.03348,37.64937],[27.01927,37.64745],[27.01523,37.6522],[27.01912,37.65477],[27.00667,37.65477],[27.00328,37.6594],[27.00861,37.66145],[27.00699,37.66916],[27.01071,37.66993],[27.0154,37.68483],[27.03318,37.68957],[27.03641,37.68482],[27.04384,37.68546],[27.04707,37.68045],[27.06938,37.68519],[27.0962,37.68029],[27.11398,37.68387],[27.12466,37.68951],[27.15117,37.69295],[27.15603,37.6977],[27.17188,37.69921],[27.2107,37.71007],[27.23581,37.72595],[27.24847,37.74005],[27.26249,37.7711],[27.26944,37.81193],[27.25863,37.82467],[27.24261,37.82766],[27.23667,37.84154],[27.24153,37.84205],[27.24365,37.84692],[27.24303,37.85771],[27.26201,37.86422],[27.26695,37.8854],[27.26371,37.88644],[27.26454,37.89054],[27.27299,37.89823],[27.27027,37.9062],[27.26443,37.90544],[27.26317,37.91649],[27.26659,37.92162],[27.27584,37.92224],[27.27698,37.92468],[27.27253,37.94781],[27.25155,37.97868],[27.24102,37.98487],[27.23128,37.98437],[27.21897,37.98915],[27.21735,37.99236],[27.20534,37.9929],[27.20338,37.98905],[27.18554,37.99036],[27.16832,37.98165],[27.15437,37.98642],[27.14236,37.98451],[27.13945,37.98875],[27.1323,37.98838],[27.12031,37.9943],[27.09761,38.01667],[27.09015,38.01757],[27.0856,38.01385],[27.07164,38.01797],[27.07278,38.02593],[27.06987,38.03159],[27.04958,38.04829],[27.03627,38.05305],[27.01645,38.05472],[26.99274,38.07001],[26.97649,38.07514],[26.96674,38.07231],[26.96057,38.07591],[26.94074,38.0741],[26.90047,38.06226],[26.88359,38.05158],[26.88166,38.04246],[26.87582,38.03796],[26.87664,38.03437],[26.8695,38.03102],[26.86673,38.03461],[26.86769,38.04027],[26.85827,38.04539],[26.8558,38.05797],[26.8457,38.07286],[26.84601,38.0798],[26.85055,38.0852],[26.85149,38.10112],[26.83421,38.12627],[26.8368,38.13193],[26.83306,38.13218],[26.83044,38.13911],[26.82133,38.14192],[26.82018,38.14629],[26.82342,38.14886],[26.8247,38.15734],[26.79782,38.17283],[26.78775,38.17038],[26.78549,38.16395],[26.7749,38.16676],[26.77439,38.17459],[26.76951,38.17407],[26.77269,38.19732],[26.77757,38.19848],[26.78344,38.1949],[26.78945,38.19838],[26.7725,38.20682],[26.77461,38.20991],[26.76711,38.21349],[26.76661,38.21683],[26.76352,38.21515],[26.75863,38.21784],[26.75862,38.22144],[26.7508,38.22232],[26.74512,38.21833],[26.74708,38.21602],[26.74432,38.21242],[26.73617,38.21625],[26.73325,38.21303],[26.73456,38.20802],[26.73132,38.20712],[26.72056,38.21172],[26.70575,38.21104],[26.70609,38.20847],[26.70137,38.20743],[26.69778,38.21128],[26.69404,38.20998],[26.69422,38.20536],[26.6877,38.20637],[26.68642,38.20226],[26.6828,38.21149],[26.67678,38.21122],[26.67567,38.2048],[26.65969,38.21027],[26.65759,38.20783],[26.65058,38.20935],[26.64931,38.20305],[26.63906,38.20186],[26.63664,38.19852],[26.63207,38.2003],[26.62872,38.18668],[26.63338,38.16691],[26.62918,38.16074],[26.62425,38.13863],[26.60945,38.13858],[26.60325,38.14293],[26.60736,38.13472],[26.61288,38.13551],[26.61049,38.12728],[26.61479,38.11317],[26.60849,38.10544],[26.60379,38.10337],[26.59938,38.10708],[26.5929,38.10295],[26.58164,38.11075],[26.58536,38.11513],[26.58432,38.12591],[26.57056,38.14294],[26.56535,38.14446],[26.56341,38.14202],[26.56586,38.14023],[26.56692,38.1261],[26.56063,38.1176],[26.54322,38.12062],[26.54186,38.12961],[26.53229,38.127],[26.52914,38.13649],[26.53155,38.13971],[26.52064,38.14288],[26.51989,38.15854],[26.51236,38.1657],[26.51574,38.17034],[26.52033,38.16497],[26.51684,38.17625],[26.52054,38.18269],[26.51677,38.1873],[26.50725,38.1757],[26.50399,38.17658],[26.50152,38.17979],[26.48833,38.18204],[26.48667,38.1864],[26.49233,38.19156],[26.49182,38.19516],[26.47851,38.1906],[26.47005,38.19031],[26.4648,38.19516],[26.4575,38.19295],[26.46197,38.20376],[26.45854,38.20541],[26.45206,38.2014],[26.45152,38.20884],[26.43928,38.21238],[26.44446,38.21677],[26.44086,38.2192],[26.42977,38.22223],[26.41952,38.22102],[26.42973,38.20592],[26.42977,38.20052],[26.38922,38.22369],[26.3921,38.22987],[26.39009,38.2368],[26.40176,38.24328],[26.40005,38.25277],[26.3907,38.26081],[26.38223,38.26051],[26.3861,38.24576],[26.38008,38.24535],[26.37393,38.24043],[26.36656,38.22742],[26.34245,38.22896],[26.33498,38.22609],[26.30701,38.2407],[26.30148,38.25685],[26.29233,38.25962],[26.29034,38.2632],[26.25998,38.26982],[26.24859,38.26859],[26.2405,38.26341],[26.23048,38.27053],[26.23431,38.29406],[26.24376,38.29373],[26.24613,38.28579],[26.25461,38.28533],[26.27475,38.29123],[26.28264,38.3004],[26.28063,38.32273],[26.28503,38.3225],[26.2859,38.31763],[26.29693,38.3236],[26.30152,38.32016],[26.30114,38.32594],[26.29558,38.32796],[26.28279,38.35151],[26.28273,38.37463],[26.28583,38.37439],[26.29693,38.35674],[26.30119,38.35535],[26.30427,38.35704],[26.3026,38.36088],[26.30563,38.36783],[26.3105,38.37043],[26.30948,38.37505],[26.31468,38.37739],[26.31667,38.37406],[26.31448,38.36352],[26.31839,38.3638],[26.31748,38.35699],[26.32237,38.3574],[26.32453,38.35253],[26.32196,38.34815],[26.31578,38.34657],[26.31699,38.34003],[26.3121,38.33936],[26.31719,38.33579],[26.31904,38.32964],[26.3269,38.32571],[26.33995,38.32488],[26.34493,38.33364],[26.346,38.32286],[26.34358,38.32053],[26.35178,38.31467],[26.35928,38.31394],[26.35833,38.31137],[26.36456,38.30768],[26.37725,38.30929],[26.38293,38.31227],[26.38517,38.31768],[26.38426,38.34824],[26.38736,38.348],[26.38941,38.33748],[26.39654,38.34239],[26.40166,38.33472],[26.39391,38.32466],[26.40289,38.32342],[26.40514,38.32805],[26.40905,38.32782],[26.40869,38.33167],[26.42336,38.33251],[26.42785,38.34165],[26.4521,38.34857],[26.45093,38.35242],[26.46197,38.35864],[26.46291,38.36404],[26.47136,38.36895],[26.47231,38.37281],[26.48305,38.37594],[26.476,38.38053],[26.47335,38.38643],[26.47247,38.3949],[26.47585,38.40185],[26.46712,38.41273],[26.45964,38.40897],[26.46202,38.41823],[26.45303,38.42011],[26.45101,38.42781],[26.46442,38.42415],[26.46571,38.42698],[26.46979,38.42648],[26.48327,38.41344],[26.48776,38.40152],[26.49169,38.40064],[26.50178,38.40453],[26.50353,38.4107],[26.50123,38.41326],[26.50628,38.41406],[26.51147,38.41973],[26.51142,38.42641],[26.51599,38.42745],[26.51613,38.43053],[26.50581,38.43614],[26.49495,38.4483],[26.48939,38.44904],[26.47592,38.45913],[26.4694,38.45807],[26.46413,38.46395],[26.43757,38.47719],[26.41993,38.4762],[26.41506,38.47181],[26.41322,38.45755],[26.40441,38.45596],[26.39992,38.44592],[26.39305,38.44717],[26.3905,38.45949],[26.39257,38.46566],[26.40521,38.47805],[26.40514,38.4873],[26.41179,38.49247],[26.40074,38.50551],[26.39356,38.50432],[26.39014,38.52177],[26.38246,38.52109],[26.37737,38.52401],[26.37321,38.53285],[26.37397,38.53953],[26.37642,38.53903],[26.379,38.52415],[26.38173,38.53033],[26.38063,38.54445],[26.36128,38.56849],[26.36013,38.60649],[26.35515,38.61391],[26.3577,38.62189],[26.35363,38.63702],[26.35583,38.64808],[26.36505,38.66135],[26.39873,38.66757],[26.41436,38.67972],[26.42222,38.67989],[26.43835,38.6711],[26.45504,38.67234],[26.46457,38.6693],[26.47567,38.67449],[26.48689,38.66362],[26.4918,38.66364],[26.50137,38.6529],[26.51288,38.64704],[26.52268,38.65016],[26.52829,38.64428],[26.52178,38.63834],[26.52494,38.63091],[26.53332,38.62606],[26.53105,38.62246],[26.5358,38.62196],[26.54984,38.60211],[26.5567,38.60458],[26.56311,38.59921],[26.56941,38.55865],[26.59074,38.54704],[26.6019,38.53899],[26.60488,38.53309],[26.62517,38.52854],[26.62456,38.52006],[26.62589,38.51647],[26.62981,38.51674],[26.63236,38.49748],[26.64031,38.47542],[26.63987,38.46591],[26.63058,38.46306],[26.62809,38.46921],[26.62056,38.47266],[26.58857,38.46882],[26.59674,38.46808],[26.58893,38.46253],[26.58992,38.45984],[26.60103,38.46013],[26.60435,38.4509],[26.59865,38.44626],[26.60276,38.4419],[26.59824,38.43264],[26.58746,38.43204],[26.58439,38.42823],[26.58883,38.42157],[26.59997,38.41595],[26.61136,38.42267],[26.61613,38.41549],[26.61717,38.40343],[26.62355,38.40088],[26.62294,38.39214],[26.62638,38.39036],[26.62953,38.38112],[26.63998,38.37884],[26.64442,38.37218],[26.64194,38.34417],[26.64507,38.33904],[26.65192,38.33804],[26.65391,38.33047],[26.66569,38.32318],[26.66816,38.31599],[26.67389,38.31164],[26.68758,38.31078],[26.7024,38.31557],[26.70021,38.33252],[26.69351,38.3361],[26.69545,38.3397],[26.6925,38.3438],[26.67486,38.34992],[26.67697,38.35172],[26.67531,38.35865],[26.68266,38.35687],[26.6848,38.35033],[26.68872,38.35098],[26.68197,38.36329],[26.67501,38.38793],[26.67905,38.39822],[26.68605,38.40235],[26.68356,38.41159],[26.6881,38.41776],[26.69332,38.41906],[26.69656,38.42575],[26.70536,38.42936],[26.70664,38.43451],[26.71385,38.42784],[26.72235,38.42684],[26.71937,38.43633],[26.7354,38.42969],[26.74065,38.42123],[26.73576,38.41955],[26.73463,38.41582],[26.74137,38.40248],[26.75444,38.4002],[26.7471,38.39838],[26.75055,38.39069],[26.76134,38.38557],[26.76466,38.36824],[26.77903,38.36326],[26.78551,38.37688],[26.7891,38.37792],[26.79074,38.37587],[26.78066,38.36301],[26.80417,38.35521],[26.81134,38.35638],[26.82338,38.36719],[26.83545,38.37029],[26.91993,38.38386],[26.93331,38.38335],[26.98095,38.39673],[26.99466,38.40636],[27.01163,38.40944],[27.01719,38.41818],[27.03547,38.41111],[27.05995,38.41521],[27.07626,38.40107],[27.09062,38.39978],[27.09748,38.40581],[27.11985,38.41144],[27.13097,38.42298],[27.1426,38.44249],[27.15142,38.44261],[27.15469,38.44723],[27.16253,38.44529],[27.16676,38.44002],[27.1702,38.44528],[27.16485,38.45916],[27.15604,38.46713],[27.1482,38.46419],[27.1348,38.46485],[27.12466,38.45535],[27.10995,38.44895],[27.092,38.45526],[27.07894,38.46721],[27.06816,38.46439],[27.05715,38.47133],[27.03745,38.46389],[27.03631,38.46749],[27.027,38.46787],[27.02471,38.46325],[27.01687,38.46441],[26.99956,38.45773],[26.99368,38.46017],[26.98486,38.45824],[26.97277,38.44977],[26.97229,38.44283],[26.97588,38.43898],[26.97376,38.43641],[26.96722,38.44809],[26.96151,38.44488],[26.95449,38.44642],[26.9522,38.4436],[26.92508,38.45655],[26.92196,38.46875],[26.91149,38.48364],[26.88418,38.50339],[26.88319,38.50853],[26.85996,38.51582],[26.88776,38.51007],[26.88857,38.51367],[26.8786,38.51559],[26.88005,38.52573],[26.87662,38.5274],[26.88217,38.53036],[26.88282,38.53498],[26.87759,38.53408],[26.84961,38.54239],[26.84568,38.54521],[26.84633,38.54907],[26.8311,38.55714],[26.84026,38.55599],[26.84058,38.56126],[26.84646,38.56217],[26.84171,38.56755],[26.84823,38.57604],[26.84446,38.58168],[26.84004,38.58039],[26.84019,38.58759],[26.83593,38.58861],[26.83023,38.57935],[26.82447,38.59103],[26.81827,38.58691],[26.81433,38.59037],[26.81693,38.59834],[26.81235,38.59769],[26.8012,38.60396],[26.79955,38.61077],[26.793,38.6105],[26.7789,38.61741],[26.75665,38.61582],[26.75909,38.61904],[26.75431,38.62853],[26.76428,38.63318],[26.76444,38.63651],[26.76984,38.63575],[26.76606,38.6405],[26.75331,38.63495],[26.74381,38.63724],[26.74312,38.6452],[26.73312,38.64749],[26.73408,38.65366],[26.72279,38.65158],[26.72376,38.65595],[26.73129,38.65622],[26.73617,38.66573],[26.73912,38.66381],[26.74435,38.66871],[26.74961,38.66371],[26.75057,38.66962],[26.75351,38.67065],[26.7535,38.67386],[26.73578,38.68345],[26.73625,38.68885],[26.72901,38.69602],[26.73275,38.70451],[26.72877,38.7158],[26.73107,38.71503],[26.7322,38.71992],[26.7281,38.72004],[26.72939,38.72736],[26.7433,38.73278],[26.73902,38.73817],[26.74081,38.74113],[26.75821,38.7359],[26.75918,38.73924],[26.76738,38.73797],[26.76737,38.74195],[26.77032,38.74183],[26.76853,38.73746],[26.77264,38.73618],[26.78476,38.73929],[26.78703,38.74674],[26.81293,38.75167],[26.82242,38.76067],[26.83111,38.7612],[26.83458,38.75208],[26.83279,38.74527],[26.83722,38.74194],[26.85786,38.75301],[26.87528,38.73582],[26.88741,38.73211],[26.89392,38.73364],[26.89741,38.73533],[26.901,38.74535],[26.89788,38.74882],[26.90722,38.75383],[26.9041,38.75743],[26.90721,38.76077],[26.90672,38.76616],[26.9287,38.75629],[26.93428,38.75745],[26.9387,38.76284],[26.93821,38.76785],[26.93,38.77311],[26.93147,38.77722],[26.9167,38.78594],[26.90436,38.80712],[26.89697,38.81058],[26.89219,38.82419],[26.91551,38.81779],[26.92732,38.82948],[26.94439,38.8363],[26.94587,38.82603],[26.94194,38.81293],[26.949,38.80985],[26.95065,38.80471],[26.95885,38.80305],[26.97559,38.80652],[26.98396,38.82527],[26.98051,38.82848],[26.96212,38.8322],[26.97065,38.84633],[26.98839,38.84813],[26.9874,38.85352],[26.99101,38.85647],[26.99955,38.85622],[27.00596,38.85943],[27.00875,38.867],[27.02255,38.87047],[27.02616,38.86995],[27.01992,38.86636],[27.02288,38.85686],[27.03486,38.85608],[27.03569,38.86238],[27.04489,38.86879],[27.05606,38.86969],[27.05737,38.86596],[27.05984,38.86686],[27.06346,38.87328],[27.06034,38.87713],[27.06576,38.87996],[27.05345,38.89267],[27.04655,38.89345],[27.0449,38.89101],[27.03702,38.89666],[27.04096,38.89692],[27.04442,38.90308],[27.04426,38.90976],[27.05708,38.91309],[27.05331,38.92516],[27.04887,38.92889],[27.05364,38.92876],[27.05299,38.93313],[27.04526,38.94032],[27.03737,38.94058],[27.02717,38.9298],[27.01764,38.928],[27.01402,38.9203],[27.00679,38.91875],[27.01731,38.91785],[27.01928,38.91362],[27.00547,38.91298],[26.98509,38.9194],[26.95911,38.93634],[26.95795,38.94289],[26.95056,38.93454],[26.94529,38.93916],[26.93576,38.93697],[26.93971,38.92593],[26.93347,38.92798],[26.93264,38.93337],[26.92754,38.93799],[26.91833,38.93966],[26.91143,38.93477],[26.89368,38.93026],[26.88941,38.9241],[26.88037,38.92178],[26.87923,38.91664],[26.8697,38.9183],[26.85787,38.91443],[26.85326,38.91571],[26.8567,38.9238],[26.84961,38.93381],[26.83021,38.93314],[26.81836,38.93762],[26.81142,38.95276],[26.80204,38.95146],[26.79691,38.96339],[26.80068,38.96892],[26.79637,38.98227],[26.79898,38.9887],[26.797,38.99049],[26.80123,39.00796],[26.81273,39.01594],[26.81583,39.02648],[26.80696,39.01799],[26.79907,39.01592],[26.79855,39.02311],[26.79559,39.0231],[26.79969,39.02799],[26.79902,39.0321],[26.80559,39.0375],[26.82535,39.03856],[26.83028,39.04371],[26.83785,39.04474],[26.85198,39.05747],[26.86318,39.05864],[26.87009,39.06417],[26.88195,39.06457],[26.88769,39.07459],[26.88207,39.08948],[26.8748,39.10103],[26.85317,39.11975],[26.85234,39.12515],[26.84044,39.13797],[26.81549,39.15553],[26.797,39.16166],[26.76796,39.16584],[26.76148,39.17918],[26.73333,39.20737],[26.73647,39.20738],[26.73724,39.22202],[26.73242,39.22971],[26.73571,39.23152],[26.73419,39.24025],[26.72142,39.25678],[26.6933,39.2657],[26.63911,39.26657],[26.63413,39.27169],[26.60935,39.27277],[26.60833,39.27636],[26.6116,39.28279],[26.62018,39.28564],[26.62639,39.29825],[26.62271,39.30594],[26.62599,39.31211],[26.6359,39.31317],[26.6504,39.3231],[26.65556,39.31529],[26.65195,39.31014],[26.65611,39.30322],[26.64453,39.30524],[26.64191,39.30189],[26.63661,39.3029],[26.63118,39.29903],[26.63136,39.29544],[26.63931,39.29225],[26.64691,39.29343],[26.65118,39.29832],[26.65781,39.29501],[26.65521,39.28498],[26.67077,39.27886],[26.67355,39.28452],[26.66673,39.29529],[26.66096,39.2927],[26.66206,39.30324],[26.67524,39.31239],[26.68946,39.31307],[26.6983,39.33313],[26.7016,39.33442],[26.70241,39.33853],[26.69888,39.34245],[26.71281,39.34099],[26.72931,39.35143],[26.73394,39.35145],[26.73674,39.35505],[26.73524,39.35787],[26.74649,39.35751],[26.76498,39.3682],[26.77457,39.36835],[26.78844,39.37878],[26.79007,39.38572],[26.80594,39.39165],[26.80805,39.40398],[26.80177,39.40294],[26.80371,39.41835],[26.79723,39.42528],[26.79689,39.4317],[26.80151,39.43543],[26.80682,39.43338],[26.81409,39.4384],[26.8141,39.43429],[26.81974,39.43148],[26.82669,39.43251],[26.83398,39.42944],[26.83761,39.43433],[26.85416,39.43923],[26.85695,39.44976],[26.85263,39.45669],[26.85344,39.46748],[26.85724,39.46928],[26.85756,39.47724],[26.88457,39.47432],[26.91571,39.47999],[26.93111,39.48681],[26.93176,39.50453],[26.94102,39.52713],[26.93836,39.53612],[26.94283,39.54305],[26.95112,39.54691],[26.95095,39.55821],[26.94115,39.57066],[26.92654,39.58169],[26.89633,39.58475],[26.88837,39.58243],[26.87742,39.58525],[26.87212,39.58023],[26.86667,39.56559],[26.8519,39.56673],[26.84063,39.56171],[26.83865,39.55785],[26.81772,39.56848],[26.80346,39.56653],[26.77159,39.57122],[26.75735,39.56349],[26.72814,39.56753],[26.69037,39.55537],[26.67775,39.55816],[26.66714,39.55761],[26.65887,39.55233],[26.63066,39.55468],[26.61578,39.54667],[26.5929,39.54479],[26.58662,39.54015],[26.55614,39.53516],[26.54755,39.53076],[26.52167,39.5322],[26.51076,39.52753],[26.48987,39.52821],[26.47068,39.5217],[26.44551,39.51799],[26.42272,39.50722],[26.41747,39.50142],[26.37674,39.49659],[26.36693,39.48138],[26.35661,39.48736],[26.34732,39.48795],[26.32617,39.48141],[26.28702,39.4858],[26.26485,39.48335],[26.25445,39.47905],[26.24119,39.46419],[26.23554,39.46621],[26.236,39.46942],[26.22948,39.47465],[26.21065,39.46977],[26.20511,39.46151],[26.1475,39.45867],[26.14292,39.45452],[26.13117,39.45379],[26.11641,39.45535],[26.10605,39.46221],[26.08246,39.46742],[26.07013,39.47258],[26.06358,39.47921],[26.0699,39.50263],[26.08191,39.50914],[26.08433,39.51404],[26.08075,39.52171],[26.08911,39.52897],[26.0912,39.54696],[26.10172,39.56707],[26.10448,39.58456],[26.12852,39.59963],[26.1423,39.61232],[26.16347,39.66024],[26.16384,39.68438],[26.15718,39.71283],[26.15911,39.7185],[26.13933,39.7579],[26.15613,39.77189],[26.15772,39.7778],[26.15386,39.79447],[26.15622,39.80527],[26.15954,39.80658],[26.16357,39.81739],[26.1598,39.82609],[26.13681,39.84043],[26.14389,39.84652],[26.1471,39.85682],[26.14354,39.86115],[26.14497,39.86707],[26.15011,39.86942],[26.15877,39.88284],[26.15992,39.89774],[26.15182,39.90564],[26.15008,39.91179],[26.16149,39.93344],[26.16649,39.96121],[26.17816,39.99005],[26.19847,40.00855],[26.24934,39.99836],[26.28667,40.00425],[26.29859,40.01357],[26.31993,40.01677],[26.33402,40.02828],[26.33838,40.0432],[26.34871,40.04634],[26.34916,40.05097],[26.35596,40.0564],[26.35845,40.07618],[26.36542,40.08187],[26.36182,40.09084],[26.36493,40.09881],[26.37023,40.10423],[26.38663,40.10188],[26.39698,40.10412],[26.40973,40.11805],[26.40729,40.12985],[26.3973,40.14341],[26.39793,40.14752],[26.4094,40.15579],[26.40332,40.16321],[26.40304,40.17617],[26.40718,40.18018],[26.40545,40.1871],[26.40845,40.1884],[26.40553,40.19724],[26.41555,40.20012],[26.42933,40.19454],[26.44273,40.19358],[26.44942,40.19399],[26.45474,40.19903],[26.46514,40.19651],[26.47313,40.20219],[26.48219,40.19992],[26.51522,40.21701],[26.52459,40.21718],[26.53042,40.2268],[26.54023,40.23265],[26.54815,40.25091],[26.55867,40.25686],[26.55662,40.2625],[26.56348,40.26509],[26.56378,40.27048],[26.57177,40.27924],[26.58615,40.28379],[26.60745,40.28168],[26.61794,40.29533],[26.62497,40.29663],[26.62895,40.3046],[26.63498,40.30693],[26.63645,40.31362],[26.65298,40.32882],[26.69313,40.35332],[26.69005,40.36564],[26.70111,40.36888],[26.71482,40.38111],[26.71953,40.38061],[26.7232,40.38498],[26.73494,40.38834],[26.73492,40.39271],[26.71546,40.38907],[26.71211,40.38701],[26.71313,40.38367],[26.70574,40.38468],[26.73459,40.39322],[26.75369,40.40289],[26.76914,40.40267],[26.77686,40.40576],[26.81685,40.39582],[26.83968,40.40048],[26.88469,40.39616],[26.90382,40.4044],[26.91339,40.40531],[26.93809,40.3876],[26.95925,40.38325],[26.9804,40.38608],[26.99149,40.38403],[26.9935,40.38736],[27.03346,40.3898],[27.04152,40.39352],[27.04253,40.39942],[27.0637,40.41456],[27.06673,40.42124],[27.06103,40.42869],[27.07346,40.42688],[27.07867,40.43022],[27.07851,40.4351],[27.08523,40.43586],[27.09028,40.44215],[27.1054,40.44213],[27.12171,40.44918],[27.1491,40.44825],[27.15449,40.45094],[27.19107,40.43304],[27.20418,40.43456],[27.21227,40.44314],[27.25501,40.45872],[27.26005,40.45807],[27.26948,40.46344],[27.2749,40.47228],[27.28684,40.47456],[27.28598,40.4702],[27.29317,40.46043],[27.31546,40.44573],[27.32023,40.42466],[27.33074,40.41051],[27.31394,40.40889],[27.30484,40.40185],[27.30565,40.39543],[27.31649,40.37923],[27.3513,40.35833],[27.43666,40.32286],[27.50295,40.30513],[27.53444,40.30153],[27.55929,40.30449],[27.59666,40.32151],[27.62019,40.32652],[27.63495,40.32631],[27.64929,40.31737],[27.64291,40.31638],[27.64691,40.3143],[27.67636,40.30797],[27.71267,40.31546],[27.73003,40.3079],[27.74614,40.30896],[27.75784,40.30593],[27.78173,40.3127],[27.79125,40.32342],[27.79595,40.32403],[27.8244,40.34643],[27.86115,40.35989],[27.86594,40.36653],[27.87231,40.36584],[27.87961,40.37298],[27.8762,40.38173],[27.8424,40.39046],[27.82304,40.39997],[27.81767,40.40014],[27.81441,40.39477],[27.80176,40.38921],[27.80101,40.38331],[27.79565,40.38411],[27.79559,40.39284],[27.78841,40.39623],[27.78798,40.40342],[27.78319,40.40962],[27.76915,40.41536],[27.76117,40.42337],[27.74714,40.4304],[27.74907,40.43732],[27.75516,40.44164],[27.74989,40.45092],[27.73902,40.45625],[27.73261,40.45398],[27.71651,40.45652],[27.70789,40.46787],[27.68755,40.4733],[27.68869,40.48108],[27.68452,40.4847],[27.68845,40.49007],[27.68293,40.49293],[27.68419,40.50165],[27.69346,40.50326],[27.70166,40.51515],[27.71278,40.51714],[27.71315,40.52022],[27.72159,40.52299],[27.72256,40.5199],[27.73348,40.51829],[27.73591,40.52521],[27.74104,40.51722],[27.74608,40.51706],[27.74946,40.51819],[27.74735,40.52539],[27.75257,40.52587],[27.75337,40.52227],[27.76298,40.5235],[27.76395,40.52041],[27.77355,40.52137],[27.77546,40.52624],[27.7796,40.52082],[27.77578,40.51083],[27.78599,40.50627],[27.79172,40.50674],[27.79489,40.51892],[27.80491,40.51307],[27.81474,40.51903],[27.81978,40.51823],[27.83649,40.50976],[27.84087,40.50986],[27.8433,40.51626],[27.84899,40.51352],[27.87122,40.51631],[27.87756,40.5119],[27.89187,40.51282],[27.89233,40.50947],[27.90003,40.50646],[27.9199,40.50823],[27.94247,40.49881],[27.95136,40.49706],[27.95644,40.49998],[27.9584,40.49547],[27.96997,40.49344],[27.97111,40.49061],[27.97573,40.49279],[27.99325,40.48734],[28.01646,40.48778],[28.03183,40.48135],[28.03171,40.4734],[28.02659,40.46805],[28.02718,40.46291],[28.02312,40.46089],[28.02644,40.45804],[28.01704,40.44811],[27.97048,40.42386],[27.95131,40.42222],[27.94716,40.41378],[27.92664,40.41177],[27.91678,40.40299],[27.90769,40.40126],[27.90576,40.39486],[27.89697,40.39082],[27.89691,40.38516],[27.90202,40.37871],[27.91461,40.37887],[27.92798,40.36259],[27.94305,40.36015],[27.9542,40.35364],[27.96745,40.35276],[27.97293,40.36055],[27.98369,40.36174],[27.98677,40.36621],[28.05135,40.3745],[28.05884,40.38072],[28.06725,40.3818],[28.0699,40.37946],[28.10764,40.38809],[28.13317,40.38862],[28.1467,40.39477],[28.15915,40.39619],[28.22332,40.39784],[28.24556,40.40184],[28.29717,40.39588],[28.34396,40.40151],[28.41533,40.39372],[28.51006,40.39535],[28.48884,40.37727],[28.48697,40.36856],[28.49498,40.38155],[28.51341,40.39479],[28.59376,40.37048],[28.65228,40.36118],[28.67551,40.36431],[28.6786,40.36696],[28.6761,40.37457],[28.7237,40.37811],[28.72734,40.38281],[28.73438,40.38219],[28.7527,40.38987],[28.77834,40.39436],[28.81585,40.39069],[28.82943,40.3838],[28.84447,40.38125],[28.86574,40.38541],[28.8784,40.38199],[28.89287,40.37136],[28.92534,40.35606],[28.94446,40.35599],[28.95227,40.35894],[28.98052,40.35551],[29.03044,40.36363],[29.05272,40.36234],[29.06728,40.37222],[29.07006,40.38629],[29.06762,40.38865],[29.07877,40.40744],[29.09509,40.41909],[29.10706,40.41528],[29.1549,40.42505],[29.15123,40.43641],[29.10684,40.46188],[29.09377,40.47392],[29.08212,40.47786],[29.02534,40.47912],[29.01331,40.47022],[29.00289,40.4704],[28.98049,40.46308],[28.97727,40.45646],[28.96666,40.46139],[28.93546,40.46346],[28.89976,40.47291],[28.88415,40.47984],[28.85395,40.50639],[28.78094,40.51845],[28.78084,40.5336],[28.78909,40.54015],[28.79292,40.55113],[28.81718,40.56448],[28.83879,40.56696],[28.89073,40.58243],[28.90547,40.59143],[28.93166,40.60062],[28.95087,40.61236],[28.96252,40.63052],[28.97383,40.63713],[28.99631,40.64522],[29.05471,40.64804],[29.06908,40.64394],[29.0796,40.64632],[29.10613,40.64327],[29.13869,40.6496],[29.14583,40.65704],[29.14444,40.66105],[29.15877,40.65577],[29.17122,40.65515],[29.28094,40.65997],[29.31193,40.66911],[29.34379,40.67386],[29.38118,40.70133],[29.39336,40.7021],[29.4219,40.68919],[29.43878,40.68986],[29.46296,40.69615],[29.47027,40.70215],[29.47108,40.70898],[29.48165,40.71808],[29.4998,40.72526],[29.51592,40.74121],[29.51922,40.72574],[29.51383,40.72149],[29.50572,40.72103],[29.5064,40.71678],[29.51552,40.71247],[29.53277,40.71363],[29.55603,40.68681],[29.56513,40.6866],[29.58848,40.68865],[29.61812,40.69632],[29.6444,40.6956],[29.66399,40.70477],[29.67908,40.70275],[29.71452,40.71142],[29.72088,40.71025],[29.75189,40.71773],[29.79017,40.72168],[29.79545,40.72682],[29.807,40.72859],[29.83303,40.72192],[29.84578,40.72815],[29.86548,40.72317],[29.87055,40.71958],[29.86977,40.71704],[29.91705,40.71418],[29.93647,40.71869],[29.94153,40.73012],[29.94292,40.7501],[29.93055,40.76043],[29.88055,40.75976],[29.86596,40.75795],[29.85381,40.75016],[29.84514,40.75256],[29.83735,40.75198],[29.82903,40.74692],[29.82208,40.75017],[29.80311,40.74858],[29.79717,40.74372],[29.78881,40.74559],[29.78288,40.74086],[29.76912,40.74286],[29.74564,40.76678],[29.73117,40.77213],[29.72198,40.77029],[29.71376,40.77575],[29.68752,40.77829],[29.6334,40.77607],[29.6215,40.78237],[29.61001,40.78238],[29.57226,40.76667],[29.55458,40.77232],[29.53614,40.76695],[29.52271,40.76905],[29.51655,40.76674],[29.50286,40.77987],[29.48937,40.78042],[29.45146,40.76866],[29.43772,40.77151],[29.4275,40.76916],[29.39148,40.75336],[29.36329,40.75817],[29.35408,40.75541],[29.34977,40.76731],[29.35376,40.77031],[29.34951,40.78374],[29.34271,40.78735],[29.34094,40.78494],[29.33557,40.78595],[29.33749,40.79246],[29.34754,40.7902],[29.34993,40.79554],[29.34475,40.80694],[29.33455,40.81459],[29.31884,40.8194],[29.30809,40.81153],[29.29812,40.81648],[29.29192,40.81301],[29.27607,40.81397],[29.26517,40.81136],[29.26394,40.80496],[29.25764,40.80355],[29.25912,40.80737],[29.25528,40.81361],[29.26732,40.81504],[29.28006,40.82672],[29.27837,40.83163],[29.26729,40.83391],[29.2696,40.8372],[29.26476,40.83909],[29.26725,40.84264],[29.27679,40.83487],[29.28457,40.83998],[29.28381,40.84257],[29.28956,40.84271],[29.29185,40.84523],[29.28793,40.85429],[29.25894,40.85679],[29.26497,40.86014],[29.25793,40.86695],[29.24027,40.87461],[29.23487,40.87484],[29.23338,40.87089],[29.2263,40.87142],[29.22273,40.87585],[29.20369,40.88327],[29.17876,40.88606],[29.16521,40.89581],[29.14242,40.90253],[29.1085,40.94243],[29.09507,40.9522],[29.08142,40.95357],[29.07207,40.95772],[29.06918,40.96265],[29.05569,40.96443],[29.05309,40.96807],[29.04569,40.96975],[29.04252,40.96569],[29.03686,40.96888],[29.0334,40.96637],[29.03389,40.97124],[29.03811,40.97091],[29.03868,40.9786],[29.03406,40.98253],[29.02191,40.97851],[29.01638,40.99157],[29.02404,40.99272],[29.02313,40.99607],[29.01871,40.99576],[29.00721,41.00739],[29.01134,41.01528],[29.00682,41.02254],[29.03827,41.04201],[29.03084,41.04856],[28.99728,41.0376],[28.98833,41.02774],[28.97348,41.01993],[28.96757,41.02476],[28.96345,41.02303],[28.96623,41.01965],[28.97801,41.01675],[28.987,41.01724],[28.9882,41.01208],[28.98268,41.00319],[28.93772,41.00126],[28.92532,40.98825],[28.91204,40.9859],[28.90169,40.97953],[28.89327,40.98134],[28.87482,40.96957],[28.86832,40.97327],[28.85243,40.97443],[28.84533,40.96876],[28.84013,40.95858],[28.83089,40.95475],[28.82655,40.95725],[28.81668,40.95536],[28.76387,40.98146],[28.75162,40.97921],[28.74109,40.97167],[28.71953,40.96968],[28.69762,40.97373],[28.66941,40.96323],[28.66893,40.95759],[28.66651,40.9625],[28.65875,40.96351],[28.62244,40.96069],[28.59914,40.96842],[28.59598,40.973],[28.59906,40.98117],[28.59618,40.98814],[28.60004,41.00786],[28.59629,41.01381],[28.58958,41.01673],[28.57268,41.01876],[28.56347,41.01632],[28.56341,41.01375],[28.55312,41.0085],[28.54678,40.99806],[28.54429,40.98603],[28.54104,40.98453],[28.48273,41.01302],[28.47007,41.02294],[28.41172,41.04414],[28.37205,41.05303],[28.35241,41.05416],[28.34468,41.05797],[28.31313,41.05757],[28.27866,41.0636],[28.25998,41.06252],[28.24216,41.07093],[28.2429,41.07413],[28.23618,41.07767],[28.21817,41.07619],[28.21367,41.07085],[28.20687,41.07028],[28.16859,41.07299],[28.13558,41.06741],[28.12324,41.05996],[28.07367,41.05645],[28.04257,41.04185],[28.02456,41.03918],[27.99103,41.01907],[27.98355,41.00578],[27.98375,40.99654],[27.97848,40.98426],[27.9586,40.97955],[27.95662,40.97161],[27.96454,40.9691],[27.9645,40.96615],[27.95431,40.96431],[27.93297,40.96384],[27.92729,40.96966],[27.90595,40.96932],[27.88895,40.96509],[27.86497,40.97002],[27.85164,40.98681],[27.84087,40.99215],[27.76183,41.01375],[27.73538,41.01264],[27.69969,41.00285],[27.68343,41.00423],[27.587,40.98294],[27.57719,40.98479],[27.55341,40.97771],[27.51987,40.9771],[27.51206,40.97457],[27.49943,40.96191],[27.48121,40.92502],[27.47013,40.913],[27.46837,40.90325],[27.4629,40.89557],[27.46065,40.864],[27.45528,40.84528],[27.41793,40.81911],[27.39217,40.80675],[27.35583,40.77246],[27.34432,40.76633],[27.336,40.75711],[27.3315,40.73582],[27.32523,40.73044],[27.31858,40.71454],[27.2974,40.69483],[27.2511,40.67209],[27.24365,40.66235],[27.20922,40.65138],[27.20212,40.64471],[27.18762,40.64012],[27.17848,40.62729],[27.16803,40.62615],[27.14644,40.61566],[27.12757,40.61106],[27.06725,40.60546],[27.04131,40.59764],[27.00123,40.56941],[26.99382,40.55541],[26.96824,40.55361],[26.89993,40.53637],[26.85455,40.51116],[26.79237,40.49309],[26.77558,40.48536],[26.74031,40.47732],[26.71786,40.4584],[26.69939,40.45437],[26.69303,40.44909],[26.69289,40.4419],[26.69954,40.41958],[26.68007,40.41671],[26.68146,40.40849],[26.67744,40.40463],[26.65459,40.40713],[26.64017,40.40221],[26.63856,40.39039],[26.63352,40.39076],[26.62649,40.38573],[26.63098,40.36367],[26.61898,40.34822],[26.59493,40.33017],[26.59162,40.3222],[26.58527,40.31922],[26.57486,40.32047],[26.56739,40.30799],[26.50834,40.28798],[26.49433,40.27893],[26.49217,40.2761],[26.49389,40.26994],[26.47992,40.2555],[26.44675,40.23429],[26.42636,40.2288],[26.42374,40.22109],[26.39165,40.21412],[26.375,40.20363],[26.35892,40.20431],[26.36029,40.18301],[26.37249,40.16664],[26.38124,40.14384],[26.34562,40.12515],[26.34515,40.12156],[26.32841,40.10605],[26.31241,40.10057],[26.31047,40.09414],[26.29752,40.08558],[26.23262,40.06039],[26.22538,40.05046],[26.21838,40.04874],[26.214,40.05218],[26.2043,40.05301],[26.1884,40.04083],[26.17367,40.04368],[26.16637,40.05365],[26.18238,40.06968],[26.19237,40.08695],[26.20611,40.09835],[26.2112,40.1066],[26.21243,40.11611],[26.22053,40.12438],[26.23574,40.15427],[26.25051,40.16592],[26.25227,40.1726],[26.27046,40.193],[26.27105,40.20097],[26.26798,40.20583],[26.27843,40.21514],[26.27684,40.23952],[26.28198,40.24417],[26.28023,40.25135],[26.26513,40.26846],[26.23004,40.2889],[26.23706,40.29049],[26.24749,40.30224],[26.24217,40.31324],[26.21929,40.31938],[26.24914,40.33537],[26.25694,40.34287],[26.29678,40.3521],[26.30089,40.35957],[26.31173,40.36657],[26.31876,40.36828],[26.32419,40.36241],[26.3319,40.36348],[26.34586,40.3782],[26.36309,40.38433],[26.36688,40.39218],[26.39214,40.40194],[26.39662,40.40851],[26.41205,40.41065],[26.42542,40.4188],[26.4359,40.43066],[26.45113,40.4387],[26.49206,40.44646],[26.50209,40.45382],[26.52757,40.46381],[26.55199,40.4806],[26.56242,40.48064],[26.58821,40.49614],[26.62514,40.50795],[26.68065,40.5067],[26.70452,40.51023],[26.71105,40.51667],[26.71753,40.53568],[26.73382,40.54496],[26.74102,40.55371],[26.75149,40.54577],[26.77471,40.54685],[26.79891,40.55614],[26.83353,40.58007],[26.83906,40.59086],[26.83633,40.60318],[26.81853,40.64655],[26.79558,40.65729],[26.78411,40.6574],[26.75278,40.65092],[26.74169,40.64319],[26.71405,40.64338],[26.70194,40.63783],[26.63891,40.63804],[26.62107,40.63464],[26.61026,40.63769],[26.60085,40.63393],[26.59784,40.62956],[26.59008,40.63094],[26.56796,40.61199],[26.5545,40.6095],[26.54176,40.60149],[26.53542,40.59209],[26.5209,40.59755],[26.50676,40.59647],[26.47868,40.61252],[26.46147,40.61629],[26.44295,40.61415],[26.43092,40.60318],[26.41479,40.59873],[26.37529,40.60841],[26.35107,40.60417],[26.32827,40.59377],[26.30439,40.5908],[26.22818,40.59828],[26.14947,40.58977],[26.10692,40.59895],[26.09336,40.60513],[26.07038,40.62266],[26.06105,40.63876],[26.06561,40.65035],[26.06339,40.6642],[26.0653,40.67269],[26.06108,40.68523],[26.05267,40.69556],[26.05332,40.70879],[26.03481,40.73039],[26.07175,40.72745],[26.08606,40.7318],[26.08672,40.73475],[26.12506,40.74294],[26.12833,40.75529],[26.12707,40.77143],[26.13038,40.77881],[26.13477,40.77933],[26.14118,40.78639],[26.14065,40.79192],[26.15571,40.80659],[26.15302,40.81337],[26.16636,40.81018],[26.17844,40.82024],[26.18693,40.82087],[26.19245,40.82492],[26.19775,40.82461],[26.19896,40.82066],[26.20252,40.8201],[26.20449,40.82252],[26.20044,40.83054],[26.20886,40.82715],[26.21043,40.83674],[26.21906,40.83372],[26.21297,40.83966],[26.21794,40.84226],[26.2159,40.84696],[26.20398,40.84799],[26.20529,40.8552],[26.21464,40.85413],[26.20706,40.86023],[26.20667,40.86717],[26.21716,40.86537],[26.22332,40.86805],[26.22177,40.88944],[26.22934,40.8913],[26.22995,40.88787],[26.22466,40.88629],[26.2261,40.88304],[26.2346,40.88617],[26.24914,40.88106],[26.25261,40.90313],[26.26094,40.91475],[26.26378,40.91345],[26.26417,40.90307],[26.27457,40.8942],[26.28956,40.89332],[26.2953,40.89598],[26.30102,40.90471],[26.28559,40.92227],[26.28497,40.93047],[26.29313,40.93276],[26.29871,40.92826],[26.30492,40.92799],[26.3121,40.93566],[26.32671,40.94368],[26.35059,40.94242],[26.35959,40.94691],[26.34811,40.96408],[26.32699,40.97739],[26.32549,40.9851],[26.32831,40.99118],[26.34317,40.98953],[26.3588,41.00062],[26.3661,41.02106],[26.35913,41.02658],[26.34719,41.02961],[26.33923,41.04003],[26.32718,41.0415],[26.32961,41.05089],[26.3154,41.06577],[26.31123,41.07442],[26.3129,41.08492],[26.33157,41.09665],[26.33604,41.10652],[26.33161,41.11085],[26.30684,41.10846],[26.30371,41.11136],[26.30602,41.11873],[26.32246,41.12416],[26.32088,41.13367],[26.33492,41.13971],[26.33671,41.14395],[26.33182,41.15219],[26.31538,41.1589],[26.30717,41.1723],[26.30697,41.17673],[26.3123,41.18346],[26.32462,41.1859],[26.31972,41.20358],[26.33079,41.22048],[26.32333,41.22571],[26.31721,41.23744],[26.32326,41.25326],[26.34343,41.25935],[26.34904,41.25783],[26.35654,41.24953],[26.3789,41.25243],[26.39261,41.2497],[26.40813,41.25441],[26.411,41.2614],[26.43665,41.27888],[26.4608,41.28221],[26.46492,41.29],[26.4656,41.3011],[26.48849,41.30575],[26.49072,41.31798],[26.49601,41.32591],[26.49973,41.329],[26.51232,41.32753],[26.51616,41.33029],[26.51782,41.33892],[26.53021,41.33701],[26.54266,41.3422],[26.56023,41.33537],[26.56937,41.32464],[26.58538,41.3223],[26.61676,41.33616],[26.62721,41.34758],[26.63552,41.38379],[26.63027,41.39971],[26.62878,41.41919],[26.61376,41.42349],[26.61112,41.4341],[26.61317,41.4631],[26.59731,41.4798],[26.60421,41.49403],[26.60101,41.50959],[26.59109,41.52681],[26.59862,41.54365],[26.59124,41.55416],[26.59419,41.56505],[26.58789,41.56953],[26.59938,41.58319],[26.5928,41.61014],[26.56819,41.61025],[26.52973,41.62149],[26.48846,41.65403],[26.48695,41.65722],[26.4947,41.65834],[26.49358,41.67194],[26.48735,41.67374],[26.47871,41.67022],[26.46703,41.6707],[26.43962,41.68732],[26.42964,41.68085],[26.41123,41.68308],[26.4079,41.68707],[26.38513,41.69157],[26.37677,41.69712],[26.37506,41.7046],[26.36858,41.70974],[26.35807,41.70789],[26.35758,41.71373],[26.3295,41.73568],[26.32976,41.75172],[26.34198,41.77949],[26.36903,41.82071],[26.53866,41.82356],[26.55251,41.84825],[26.56497,41.8549],[26.56406,41.86465],[26.56855,41.86921],[26.57761,41.86961],[26.58106,41.87416],[26.5783,41.87871],[26.5707,41.88035],[26.56715,41.88669],[26.57684,41.893],[26.5774,41.89761],[26.58432,41.9035],[26.57023,41.91288],[26.56116,41.92559],[26.58655,41.94773],[26.61853,41.96566],[26.62362,41.97963],[26.66822,41.96467],[26.67392,41.96929],[26.70357,41.96523],[26.71416,41.96838],[26.72912,41.96088],[26.7502,41.95844],[26.75391,41.9587],[26.75911,41.97027],[26.76324,41.96946],[26.77262,41.97913],[26.77886,41.97894],[26.78714,41.98959],[26.79069,41.99008],[26.79401,41.98422],[26.81678,41.97346],[26.82873,41.97379],[26.83294,41.96924],[26.84716,41.96983],[26.84781,41.98037],[26.87258,41.9906],[26.90193,41.98605],[26.91476,41.99494],[26.92114,41.99392],[26.92391,41.99876],[26.93159,42.00223],[26.9659,41.99716],[26.97181,42.00889],[26.98502,42.01995],[26.98067,42.02714],[26.98218,42.03775],[27.00762,42.03866],[27.02227,42.05539],[27.02588,42.05579],[27.02856,42.06091],[27.02297,42.06729],[27.0245,42.08133],[27.03053,42.07913],[27.04224,42.0848],[27.05042,42.08376],[27.06605,42.0932],[27.08166,42.08755],[27.10931,42.0868],[27.11376,42.08018],[27.12581,42.07675],[27.12946,42.06821],[27.13553,42.06592],[27.15285,42.07209],[27.16372,42.06464],[27.18378,42.07006],[27.185,42.06396],[27.20103,42.05942],[27.20702,42.06097],[27.20299,42.07079],[27.1982,42.07355],[27.20156,42.08242],[27.21666,42.08544],[27.22176,42.09848],[27.23081,42.09924],[27.24068,42.10475],[27.25243,42.09873],[27.27069,42.10433],[27.27213,42.09786],[27.28308,42.095],[27.29372,42.09712],[27.29952,42.08759],[27.31303,42.08602],[27.31671,42.0785],[27.32627,42.08006],[27.32654,42.07209],[27.33545,42.06747],[27.33558,42.05983],[27.35245,42.06095],[27.36468,42.05798],[27.37698,42.04556],[27.37468,42.04159],[27.38168,42.03461],[27.38237,42.02414],[27.39192,42.01851],[27.39532,42.0051],[27.40324,42.00492],[27.41258,41.99991],[27.41392,41.99429],[27.42092,41.98844],[27.43281,41.99125],[27.43453,41.98342],[27.44056,41.97471],[27.44633,41.97378],[27.449,41.96641],[27.46287,41.96896],[27.469,41.96283],[27.46754,41.95877],[27.48963,41.95253],[27.50414,41.95453],[27.50664,41.95924],[27.51092,41.95861],[27.52965,41.93654],[27.53194,41.92709],[27.54108,41.9162],[27.55507,41.9111],[27.56046,41.90483],[27.57139,41.90448],[27.57221,41.91135],[27.56297,41.91213],[27.5614,41.91583],[27.56485,41.91931],[27.57667,41.92045],[27.57293,41.92402],[27.5663,41.92334],[27.57112,41.93238],[27.57446,41.93312],[27.57377,41.93684],[27.58489,41.93577],[27.58849,41.93181],[27.59685,41.93769],[27.60252,41.94736],[27.60906,41.94549],[27.60788,41.93948],[27.61467,41.93958],[27.62495,41.94805],[27.62309,41.9509],[27.62974,41.95142],[27.6201,41.95537],[27.62004,41.95791],[27.63532,41.95493],[27.63943,41.9582],[27.63891,41.95513],[27.64326,41.95427],[27.65242,41.96229],[27.65886,41.95999],[27.65847,41.95682],[27.66584,41.96175],[27.6712,41.96032],[27.66972,41.9569],[27.67281,41.95648],[27.67372,41.9633],[27.68187,41.96461],[27.68405,41.97162],[27.69809,41.97403],[27.7041,41.97078],[27.70311,41.97538],[27.69521,41.97612],[27.69775,41.97826],[27.73367,41.97367],[27.73676,41.98002],[27.7486,41.97254],[27.74631,41.97005],[27.76759,41.96741],[27.76978,41.96004],[27.77329,41.96032],[27.77499,41.96562],[27.78477,41.96365],[27.78622,41.96137],[27.77886,41.95354],[27.78867,41.95458],[27.79216,41.95272],[27.79191,41.94828],[27.80069,41.95246],[27.81452,41.94247],[27.81717,41.94498],[27.81297,41.95043],[27.81385,41.95429],[27.81887,41.95418],[27.82471,41.94842],[27.83575,41.94769],[27.83714,41.95343],[27.83253,41.96188],[27.8264,41.95901],[27.81986,41.96249],[27.82548,41.97374],[27.81835,41.9756],[27.8179,41.98623],[27.82068,41.99163],[27.83165,41.99863],[27.84221,41.99082],[27.84837,41.9934],[27.85153,42.00169],[27.8553,42.0016],[27.85715,41.99773],[27.85188,41.99662],[27.85393,41.99084],[27.86142,41.99618],[27.85803,42.00029],[27.85948,42.00534],[27.86416,42.00629],[27.86909,41.99951],[27.87689,42.0001],[27.87903,41.99458],[27.88522,41.99618],[27.90021,41.99152],[27.89954,41.98254],[27.90881,41.97401],[27.91558,41.97303],[27.92322,41.98223],[27.9258,41.97602],[27.92841,41.97624],[27.93185,41.98357],[27.94375,41.97747],[27.95356,41.98172],[27.95738,41.97623],[27.97614,41.98439],[27.9749,41.98829],[27.97901,41.98887],[27.99248,41.98065],[28.00915,41.97883],[28.02779,41.98213],[28.02857,41.97369],[28.03978,41.96512],[28.0428,41.96073],[28.03986,41.95922],[28.041,41.95587],[28.04561,41.95352],[28.0484,41.94553],[28.04832,41.94091],[28.04255,41.93481],[28.0467,41.92578],[28.04412,41.91503],[28.0572,41.88513],[28.041,41.88168],[28.0199,41.89394],[28.01304,41.89464],[27.99538,41.88543],[27.98694,41.87292],[27.98175,41.8704],[27.97976,41.864],[27.97876,41.84347],[27.9823,41.82804],[28.00097,41.79297],[28.0168,41.77409],[28.04167,41.75359],[28.04336,41.74125],[28.03951,41.73641],[28.04836,41.72195],[28.06125,41.71413],[28.06466,41.70307],[28.07429,41.69502],[28.08824,41.68975],[28.09325,41.68226],[28.09938,41.68015],[28.10145,41.67114],[28.10519,41.66957],[28.09773,41.66374],[28.09191,41.66366],[28.08857,41.65818],[28.09141,41.64429],[28.09456,41.63835],[28.099,41.63754],[28.09924,41.63151],[28.10377,41.6262],[28.1205,41.61474],[28.12027,41.61141],[28.12523,41.61097],[28.12955,41.60362],[28.134,41.60396],[28.14363,41.59757],[28.1466,41.59164],[28.14384,41.58987],[28.14498,41.58678],[28.15273,41.58028],[28.16637,41.57835],[28.16596,41.57476],[28.18162,41.57113],[28.18299,41.56175],[28.18806,41.55887],[28.18643,41.55376],[28.19291,41.55279],[28.19316,41.54817],[28.19948,41.54797],[28.20614,41.53866],[28.22202,41.529],[28.21954,41.52636],[28.22414,41.52345],[28.23234,41.52401],[28.23295,41.5199],[28.2487,41.51331],[28.24814,41.51075],[28.26037,41.5074],[28.26232,41.50225],[28.27177,41.49663],[28.52209,41.39629],[28.55763,41.38555],[28.61727,41.35777],[28.6704,41.34354],[28.67686,41.34319],[28.6804,41.34827],[28.68449,41.34821],[28.6867,41.34163],[28.7194,41.3287],[28.74184,41.3272],[28.7847,41.31307],[28.79394,41.3024],[28.81341,41.30466],[28.82092,41.29954],[28.82049,41.29621],[28.82964,41.29478],[28.83845,41.2872],[28.86791,41.28184],[28.87479,41.28456],[28.87425,41.27763],[28.90333,41.27138],[28.92004,41.27264],[28.93918,41.26398],[28.95616,41.26292],[28.97422,41.2526],[29.02536,41.24542],[29.03424,41.24668],[29.03908,41.25455],[29.05052,41.25589],[29.06237,41.25414],[29.06431,41.25089],[29.07082,41.25257],[29.07345,41.24957],[29.08032,41.25176],[29.08628,41.24652],[29.08938,41.24787],[29.1088,41.23828],[29.11322,41.23293],[29.10691,41.22176],[29.10661,41.21791],[29.11176,41.21397],[29.10925,41.2099],[29.08985,41.19845],[29.08202,41.18755],[29.07755,41.18584],[29.07382,41.17538],[29.03656,41.15679],[29.05586,41.14413],[29.05968,41.13584],[29.07235,41.1233],[29.0627,41.1132],[29.05878,41.11276],[29.05968,41.10889],[29.05429,41.09923],[29.05722,41.08429],[29.04463,41.07784],[29.04653,41.06805],[29.03695,41.05975],[29.03324,41.04955],[29.03879,41.04239],[29.05236,41.04818],[29.05262,41.06204],[29.05699,41.06607],[29.05606,41.07456],[29.06481,41.07762],[29.06707,41.08463],[29.06646,41.10312],[29.08238,41.10746],[29.08805,41.11505],[29.09663,41.11823],[29.09723,41.12644],[29.09189,41.13449],[29.08009,41.13702],[29.07177,41.14256],[29.07806,41.15348],[29.07253,41.16128],[29.07455,41.16613],[29.08708,41.17026],[29.08684,41.17874],[29.10714,41.18119],[29.11456,41.18491],[29.11933,41.19047],[29.11948,41.2006],[29.13146,41.20308],[29.13062,41.20861],[29.14807,41.21201],[29.15205,41.21425],[29.15116,41.21811],[29.16287,41.21764],[29.16548,41.22452],[29.19696,41.22046],[29.21491,41.22415],[29.21672,41.22662],[29.2141,41.22975],[29.24176,41.22806],[29.25713,41.23508],[29.25716,41.23097],[29.266,41.23106],[29.29559,41.22161],[29.3615,41.21078],[29.39015,41.21327],[29.564,41.17359],[29.59379,41.17087],[29.6125,41.18007],[29.6203,41.17964],[29.63962,41.17009],[29.66387,41.16491],[29.66666,41.16677],[29.67599,41.16244],[29.70323,41.16386],[29.70678,41.15954],[29.73108,41.15563],[29.74349,41.16021],[29.75459,41.15751],[29.76729,41.16067],[29.77628,41.15635],[29.79721,41.15353],[29.82157,41.14344],[29.84957,41.13915],[29.85552,41.14324],[29.87536,41.1389],[29.90883,41.14319],[29.94597,41.13852],[29.9705,41.14046],[29.9811,41.13467],[30.0178,41.13849],[30.01761,41.13515],[30.0217,41.13487],[30.02488,41.1397],[30.03064,41.13985],[30.04399,41.13737],[30.04584,41.13408],[30.05515,41.13842],[30.07369,41.13389],[30.07752,41.13925],[30.10236,41.13808],[30.11775,41.14322],[30.15663,41.13931],[30.17983,41.14873],[30.19099,41.1458],[30.19698,41.15249],[30.19626,41.15761],[30.19217,41.15789],[30.19303,41.16151],[30.20959,41.16358],[30.222,41.15926],[30.22692,41.16348],[30.22081,41.1754],[30.22191,41.17748],[30.23183,41.17592],[30.23029,41.18821],[30.2419,41.18682],[30.25199,41.18937],[30.25764,41.19245],[30.26401,41.20672],[30.27153,41.20973],[30.29638,41.20069],[30.32128,41.19832],[30.32864,41.20131],[30.33157,41.19599],[30.33886,41.19231],[30.34971,41.19281],[30.35168,41.18619],[30.38344,41.17356],[30.46787,41.15132],[30.55021,41.13809],[30.64702,41.12753],[30.64459,41.11477],[30.64973,41.12746],[30.65417,41.1269],[30.7557,41.08632],[30.89383,41.07455],[30.96558,41.07301],[30.96422,41.07069],[30.96849,41.07345],[31.00787,41.07247],[31.0203,41.07641],[31.07115,41.07765],[31.09262,41.08623],[31.11018,41.08908],[31.17521,41.09308],[31.24317,41.10248],[31.31157,41.12186],[31.34072,41.13692],[31.34612,41.14521],[31.3454,41.15342],[31.38115,41.17754],[31.38578,41.18942],[31.40904,41.21156],[31.4102,41.21953],[31.40297,41.22328],[31.40544,41.23359],[31.40368,41.24332],[31.40795,41.26353],[31.41368,41.26553],[31.41852,41.26226],[31.42124,41.26949],[31.42033,41.27897],[31.40973,41.2882],[31.39939,41.28664],[31.39239,41.2945],[31.39298,41.30504],[31.40393,41.31661],[31.42032,41.31478],[31.43199,41.32508],[31.46701,41.32735],[31.4719,41.33692],[31.47899,41.33958],[31.48729,41.34893],[31.53158,41.36362],[31.54284,41.36286],[31.55233,41.36517],[31.56003,41.37168],[31.58966,41.3723],[31.59371,41.37415],[31.59396,41.37826],[31.60627,41.37649],[31.61879,41.38087],[31.6406,41.39731],[31.67581,41.40965],[31.68095,41.4083],[31.70964,41.42287],[31.72053,41.42441],[31.72111,41.42929],[31.73257,41.43635],[31.75125,41.44066],[31.75324,41.45249],[31.75644,41.45496],[31.781,41.45535],[31.78719,41.45285],[31.78731,41.46441],[31.79988,41.46736],[31.80284,41.47342],[31.81677,41.47703],[31.83028,41.48539],[31.8312,41.49104],[31.86877,41.50952],[31.90086,41.52048],[31.90889,41.52056],[31.93092,41.53091],[31.95816,41.53667],[31.96594,41.54149],[32.00381,41.55033],[32.02301,41.56343],[32.02873,41.56938],[32.029,41.574],[32.04772,41.57981],[32.05374,41.57703],[32.05145,41.58164],[32.0637,41.58571],[32.08864,41.58771],[32.14111,41.60159],[32.15587,41.61069],[32.16275,41.62088],[32.17567,41.62675],[32.18154,41.63603],[32.1789,41.64179],[32.19253,41.64663],[32.19553,41.65333],[32.20339,41.65377],[32.22208,41.66506],[32.23001,41.67487],[32.22569,41.67869],[32.22563,41.68306],[32.23211,41.68515],[32.23105,41.68861],[32.25152,41.69503],[32.26575,41.70848],[32.28447,41.71989],[32.32416,41.72436],[32.32729,41.7204],[32.33243,41.72018],[32.34317,41.72563],[32.33951,41.73126],[32.34704,41.73284],[32.34667,41.73515],[32.36278,41.73524],[32.36577,41.74411],[32.37194,41.74402],[32.38457,41.75024],[32.38765,41.75039],[32.38978,41.74283],[32.40455,41.73867],[32.41586,41.73924],[32.4304,41.76203],[32.45394,41.77575],[32.46698,41.77414],[32.4851,41.78129],[32.4861,41.78488],[32.50044,41.79265],[32.50158,41.80061],[32.50964,41.80167],[32.50961,41.80488],[32.52882,41.80612],[32.53737,41.80975],[32.54425,41.80631],[32.54766,41.81004],[32.57475,41.81194],[32.5822,41.82699],[32.61753,41.83109],[32.62063,41.82815],[32.62611,41.83125],[32.67828,41.83038],[32.68443,41.83668],[32.70879,41.83777],[32.71493,41.84754],[32.72525,41.84512],[32.7393,41.84901],[32.76608,41.84869],[32.78355,41.85989],[32.81653,41.85571],[32.8299,41.86176],[32.86218,41.85885],[32.86252,41.86335],[32.87453,41.86772],[32.88724,41.86722],[32.91024,41.87238],[32.96862,41.88961],[32.98579,41.89924],[32.98075,41.90274],[32.98579,41.90873],[33.00125,41.91002],[33.01191,41.91618],[33.01844,41.91592],[33.02754,41.92131],[33.02806,41.92709],[33.12263,41.94859],[33.14361,41.94869],[33.1474,41.95254],[33.16597,41.95405],[33.17942,41.96635],[33.19008,41.96762],[33.19319,41.97121],[33.21764,41.97925],[33.26172,41.98917],[33.27309,41.99363],[33.27827,41.99927],[33.31965,42.01495],[33.3448,42.01924],[33.40569,42.01352],[33.41254,42.0081],[33.45524,42.01089],[33.46449,42.00598],[33.55115,41.99738],[33.58342,41.98862],[33.73261,41.97763],[33.7636,41.97987],[33.78278,41.97293],[33.7983,41.97642],[33.83058,41.97209],[33.88634,41.97449],[33.89915,41.97137],[33.94412,41.97352],[33.96343,41.97657],[33.96899,41.98024],[34.09831,41.97882],[34.16481,41.96597],[34.17295,41.95922],[34.23028,41.95438],[34.24736,41.94829],[34.2769,41.94681],[34.29843,41.94054],[34.33186,41.94413],[34.33715,41.95062],[34.35012,41.94585],[34.36354,41.94671],[34.39738,41.95337],[34.4355,41.96611],[34.44436,41.96267],[34.47573,41.9656],[34.49042,41.9762],[34.49895,41.97339],[34.50228,41.96873],[34.49912,41.96594],[34.50108,41.9613],[34.55746,41.94643],[34.59363,41.9494],[34.61511,41.94217],[34.6584,41.94104],[34.69465,41.94654],[34.70419,41.94319],[34.73312,41.94519],[34.75876,41.9525],[34.77935,41.95103],[34.79118,41.95598],[34.79871,41.95458],[34.82866,41.96797],[34.86863,41.99389],[34.91467,42.03189],[34.93773,42.05999],[34.93892,42.06511],[34.94955,42.07468],[34.94643,42.07987],[34.94644,42.09706],[34.9664,42.09608],[34.98005,42.09161],[34.99218,42.09384],[35.00962,42.08956],[35.01662,42.09303],[35.02312,42.08059],[35.03972,42.07183],[35.04556,42.06069],[35.04934,42.06036],[35.0495,42.05446],[35.04086,42.05358],[35.04829,42.03831],[35.08197,42.0259],[35.12802,42.02364],[35.14534,42.02678],[35.17094,42.04067],[35.19259,42.03949],[35.19207,42.03411],[35.19653,42.03377],[35.21093,42.01707],[35.20577,42.01242],[35.19935,42.01562],[35.17698,42.01592],[35.14075,42.0234],[35.13504,42.01722],[35.12185,42.01387],[35.11304,42.00248],[35.10577,41.97515],[35.10057,41.97397],[35.09591,41.96815],[35.08946,41.92335],[35.10566,41.89353],[35.12511,41.87931],[35.12799,41.86771],[35.12598,41.86415],[35.1347,41.8527],[35.14978,41.84151],[35.15729,41.84047],[35.15957,41.8317],[35.17372,41.8186],[35.188,41.81473],[35.20409,41.80365],[35.20157,41.80036],[35.19504,41.79997],[35.19294,41.79359],[35.20748,41.76765],[35.26572,41.73699],[35.26246,41.73218],[35.26345,41.72626],[35.27442,41.71654],[35.28625,41.71195],[35.37343,41.68874],[35.38507,41.68863],[35.39244,41.68437],[35.41329,41.68329],[35.42082,41.67415],[35.46604,41.64803],[35.49664,41.64275],[35.51006,41.63592],[35.55369,41.632],[35.63263,41.63792],[35.74115,41.66362],[35.83997,41.69227],[35.95525,41.73466],[35.97961,41.72775],[35.99547,41.71527],[36.05102,41.68952],[36.07427,41.67151],[36.09939,41.63801],[36.11155,41.6301],[36.11739,41.61793],[36.12342,41.58241],[36.13253,41.55414],[36.12872,41.52453],[36.12022,41.50815],[36.11986,41.48555],[36.13168,41.46133],[36.2051,41.39243],[36.23044,41.37353],[36.23152,41.36432],[36.23868,41.35602],[36.26468,41.34124],[36.28751,41.3328],[36.31226,41.32722],[36.32133,41.32191],[36.335,41.32056],[36.33391,41.31823],[36.34183,41.31174],[36.34236,41.30713],[36.33764,41.30599],[36.33614,41.29697],[36.33886,41.2928],[36.35036,41.2819],[36.37795,41.26841],[36.38413,41.26291],[36.38507,41.25626],[36.39358,41.25183],[36.44147,41.24482],[36.46929,41.24672],[36.49794,41.2535],[36.54342,41.27412],[36.56565,41.28948],[36.58238,41.31576],[36.60412,41.33572],[36.60727,41.34734],[36.61972,41.36557],[36.64303,41.38055],[36.6538,41.38411],[36.65838,41.36585],[36.64994,41.3495],[36.63961,41.34313],[36.63755,41.33872],[36.64156,41.33637],[36.66318,41.3318],[36.67674,41.32386],[36.67207,41.3307],[36.65892,41.33659],[36.64043,41.3393],[36.66082,41.35948],[36.66205,41.38222],[36.67292,41.37384],[36.69116,41.36869],[36.79038,41.35678],[36.8748,41.33796],[36.94329,41.30455],[37.01138,41.27623],[37.02576,41.2508],[37.02606,41.19562],[37.05232,41.17527],[37.08189,41.16345],[37.13321,41.1503],[37.19553,41.1441],[37.29247,41.14469],[37.29378,41.14008],[37.28749,41.13383],[37.29215,41.1244],[37.31511,41.11614],[37.33518,41.11438],[37.35843,41.10778],[37.38696,41.1069],[37.39689,41.10331],[37.41081,41.08913],[37.41732,41.0864],[37.41985,41.08001],[37.44607,41.07575],[37.44956,41.07169],[37.46625,41.06883],[37.46957,41.06451],[37.47929,41.06233],[37.47756,41.0564],[37.48721,41.04241],[37.51094,41.02744],[37.53989,41.0214],[37.59429,41.03735],[37.61249,41.05092],[37.61554,41.06713],[37.65369,41.10904],[37.65488,41.1174],[37.68121,41.13311],[37.69497,41.12428],[37.69575,41.11915],[37.7011,41.11485],[37.70757,41.11351],[37.73065,41.11402],[37.75193,41.11913],[37.76902,41.11328],[37.78662,41.11617],[37.78681,41.10538],[37.78053,41.09672],[37.78004,41.08644],[37.7739,41.07893],[37.77234,41.07147],[37.77484,41.06457],[37.78285,41.05336],[37.79815,41.04197],[37.80319,41.03534],[37.80228,41.02943],[37.80658,41.02614],[37.86508,41.0144],[37.87093,41.00958],[37.87843,40.98706],[37.89966,40.98367],[37.92927,40.98588],[38.02019,40.97719],[38.02329,40.97401],[38.03991,40.97222],[38.0447,40.96892],[38.10408,40.96144],[38.12778,40.95335],[38.14787,40.95356],[38.17371,40.94514],[38.17496,40.93869],[38.1771,40.94453],[38.18699,40.93933],[38.20427,40.93779],[38.27867,40.94546],[38.28783,40.9436],[38.28771,40.93949],[38.29366,40.93644],[38.30451,40.93497],[38.32227,40.92018],[38.35554,40.90921],[38.37244,40.91148],[38.38823,40.92402],[38.3923,40.92391],[38.40016,40.91548],[38.42182,40.91559],[38.42998,40.91114],[38.43943,40.91414],[38.44338,40.90946],[38.44281,40.91402],[38.47256,40.91853],[38.48174,40.91344],[38.50574,40.91765],[38.53349,40.91776],[38.55947,40.92891],[38.57902,40.94272],[38.58815,40.94455],[38.59487,40.9533],[38.605,40.95744],[38.6124,40.96709],[38.62019,40.96699],[38.62287,40.97239],[38.62761,40.97318],[38.63236,40.97037],[38.64285,40.97335],[38.65492,40.96428],[38.66089,40.95505],[38.67345,40.94893],[38.69141,40.94692],[38.71239,40.94993],[38.75024,40.97004],[38.77964,40.99103],[38.79047,40.99387],[38.79452,41.00004],[38.80299,41.00005],[38.81246,41.00726],[38.82026,41.0065],[38.82196,41.00368],[38.84906,41.01026],[38.8721,41.01081],[38.91811,41.03854],[38.93206,41.04179],[38.95038,41.03628],[38.99649,41.03809],[39.00463,41.03257],[39.02056,41.03141],[39.11586,41.05036],[39.16239,41.07893],[39.17595,41.07326],[39.20513,41.07424],[39.2141,41.06986],[39.2217,41.05713],[39.25093,41.04724],[39.29357,41.05094],[39.31872,41.06153],[39.32856,41.06176],[39.36155,41.07796],[39.37071,41.07896],[39.40818,41.10335],[39.42008,41.10664],[39.43139,41.10045],[39.44482,41.1009],[39.48785,41.0911],[39.55613,41.03945],[39.565,41.0258],[39.58054,41.0193],[39.59714,41.01832],[39.63195,41.00722],[39.64912,40.99531],[39.66504,40.99458],[39.70891,41.00972],[39.72248,41.01131],[39.74103,41.00272],[39.77931,41.00208],[39.81268,40.98722],[39.82993,40.98478],[39.83519,40.97229],[39.85769,40.95685],[39.87424,40.95365],[39.93046,40.95398],[39.9919,40.96425],[40.01007,40.95639],[40.03415,40.95874],[40.04932,40.95411],[40.05353,40.94201],[40.06398,40.93909],[40.07728,40.92407],[40.09544,40.91684],[40.12345,40.91221],[40.18406,40.91443],[40.20079,40.92221],[40.23272,40.92855],[40.25253,40.93771],[40.26559,40.94783],[40.31005,40.97044],[40.3501,41.00746],[40.38162,41.02416],[40.42436,41.02518],[40.50166,41.04063],[40.51377,41.03649],[40.51251,41.03317],[40.51664,41.02875],[40.54578,41.02798],[40.57398,41.04493],[40.60115,41.04673],[40.64369,41.06642],[40.6693,41.07324],[40.68168,41.07973],[40.686,41.07607],[40.69144,41.07676],[40.7233,41.08861],[40.74331,41.10718],[40.76317,41.13281],[40.803,41.16158],[40.81626,41.16189],[40.8335,41.17111],[40.86664,41.17751],[40.87425,41.1824],[40.90011,41.18364],[40.91453,41.17698],[40.93044,41.17518],[40.96125,41.18887],[40.98574,41.1949],[40.98992,41.19278],[40.99865,41.19468],[41.03687,41.21082],[41.04468,41.21043],[41.06429,41.21804],[41.10535,41.24733],[41.1285,41.25858],[41.15274,41.28187],[41.17877,41.28703],[41.21678,41.30376],[41.2404,41.31755],[41.26678,41.34206],[41.30769,41.3528],[41.34419,41.37298],[41.40104,41.38066],[41.4101,41.38612],[41.42636,41.40182],[41.43726,41.41982],[41.46333,41.4507],[41.46884,41.45213],[41.47343,41.46063],[41.48116,41.46213],[41.49101,41.46987],[41.50302,41.47154],[41.5233,41.48393],[41.53729,41.51006],[41.54318,41.51224],[41.54723,41.52051],[41.55465,41.51839],[41.57036,41.52015],[41.57907,41.51702],[41.58444,41.50879],[41.61915,41.50127],[41.63332,41.48687],[41.66605,41.48267],[41.69389,41.48919],[41.70635,41.49585],[41.71188,41.49504],[41.71677,41.49026],[41.7147,41.48075],[41.70805,41.47374],[41.75316,41.47053],[41.77436,41.4605],[41.77547,41.46368],[41.78642,41.46146],[41.79072,41.44883],[41.80474,41.44678],[41.8126,41.43609],[41.82283,41.43016],[41.84531,41.441],[41.84664,41.4483],[41.87992,41.45964],[41.88457,41.46845],[41.89528,41.47545],[41.89379,41.48065],[41.91023,41.49512],[41.9105,41.49906],[41.92625,41.50802],[41.93816,41.51065],[41.9549,41.52394],[41.96193,41.52508],[41.98652,41.52094],[41.99116,41.51682],[41.99289,41.50541],[42.0253,41.50086],[42.0381,41.49432],[42.04768,41.49528],[42.0843,41.50998],[42.09849,41.50987],[42.10056,41.50735],[42.11167,41.51124],[42.11985,41.50658],[42.14596,41.50548],[42.15796,41.50611],[42.17808,41.51445],[42.1962,41.50599],[42.20377,41.49155],[42.22518,41.4984],[42.26053,41.49165],[42.28609,41.4925],[42.30282,41.48313],[42.31363,41.48174],[42.32951,41.46811],[42.34005,41.47135],[42.36525,41.46553],[42.38277,41.46742],[42.38468,41.46371],[42.40005,41.46673],[42.41064,41.45884],[42.42413,41.45396],[42.43382,41.44386],[42.44891,41.43846],[42.47129,41.43581],[42.48225,41.43791],[42.49309,41.4451],[42.5026,41.44043],[42.51553,41.4395],[42.52251,41.44263],[42.52413,41.44471],[42.52119,41.44675],[42.52127,41.45364],[42.51759,41.45558],[42.51325,41.47286],[42.52717,41.4803],[42.5318,41.48958],[42.55584,41.49937],[42.56119,41.50714],[42.57186,41.50797],[42.56485,41.52618],[42.58069,41.54367],[42.57353,41.55713],[42.57615,41.5656],[42.59409,41.57699],[42.60086,41.58493],[42.66065,41.59324],[42.68326,41.60081],[42.69829,41.60086],[42.7141,41.59501],[42.74164,41.59543],[42.75209,41.58556],[42.76293,41.58656],[42.77045,41.58458],[42.77484,41.57849],[42.78232,41.57767],[42.78243,41.58248],[42.79297,41.58868],[42.83669,41.58603],[42.83364,41.58021],[42.83465,41.57046],[42.829,41.5578],[42.82067,41.55597],[42.81746,41.54049],[42.80544,41.53022],[42.79711,41.51669],[42.80467,41.50765],[42.80103,41.50177],[42.80145,41.49534],[42.81815,41.48968],[42.83232,41.47819],[42.85182,41.47113],[42.85811,41.47305],[42.86302,41.49286],[42.87744,41.50315],[42.9003,41.50083],[42.89737,41.48712],[42.8994,41.4796],[42.92645,41.47267],[42.93124,41.47038],[42.93164,41.46434],[42.93548,41.46483],[42.94213,41.45843],[42.96848,41.45059],[42.97079,41.44606],[42.96734,41.43544],[42.96925,41.43152],[42.98906,41.42385],[42.98783,41.41231],[43.00382,41.40631],[43.00524,41.39918],[43.0112,41.39669],[43.02137,41.37964],[43.01869,41.37555],[43.03174,41.37077],[43.04067,41.37646],[43.04508,41.37601],[43.05384,41.37318],[43.06023,41.36644],[43.09553,41.35736],[43.11149,41.3476],[43.13272,41.32052],[43.13944,41.31775],[43.16011,41.31576],[43.16657,41.30872],[43.18351,41.30473],[43.19895,41.30859],[43.21401,41.30516],[43.21373,41.29025],[43.20283,41.28483],[43.19285,41.28428],[43.17939,41.27259],[43.16857,41.27249],[43.15624,41.26787],[43.1519,41.26224],[43.12826,41.25386],[43.15545,41.24579],[43.17531,41.25418],[43.19467,41.2541],[43.20226,41.23232],[43.23576,41.18284],[43.23175,41.17385],[43.26347,41.17949],[43.29388,41.18941],[43.30598,41.18968],[43.32854,41.20014],[43.34804,41.20416],[43.35437,41.20147],[43.37702,41.20291],[43.41169,41.18709],[43.44871,41.17654],[43.47435,41.12305],[43.46259,41.1201],[43.44724,41.09902],[43.4487,41.088],[43.45667,41.08406],[43.45857,41.07505],[43.47154,41.06754],[43.4684,41.03074],[43.48401,41.01625],[43.50892,41.01107],[43.51707,41.01477],[43.55788,40.99419],[43.57776,40.99331],[43.63649,40.95978],[43.6716,40.93666],[43.67613,40.93028],[43.6695,40.91345],[43.68114,40.9035],[43.67674,40.89865],[43.67389,40.88685],[43.67551,40.87105],[43.68086,40.86611],[43.6769,40.84782],[43.70674,40.8208],[43.72313,40.79189],[43.73122,40.76275],[43.73599,40.75904],[43.74831,40.73095],[43.73781,40.71738],[43.73653,40.71137],[43.741,40.71149],[43.74664,40.7034],[43.73894,40.68941],[43.74453,40.68635],[43.74961,40.6771],[43.7405,40.67387],[43.74356,40.67152],[43.74252,40.66694],[43.73649,40.66651],[43.73593,40.66254],[43.72997,40.66443],[43.71852,40.65634],[43.71732,40.64074],[43.72106,40.63464],[43.70561,40.62602],[43.70901,40.61674],[43.70275,40.61223],[43.70508,40.6092],[43.6954,40.60598],[43.69552,40.60212],[43.68407,40.59125],[43.68611,40.58549],[43.68077,40.58368],[43.68064,40.57804],[43.67755,40.57566],[43.67334,40.57847],[43.66813,40.57383],[43.67203,40.56688],[43.6624,40.56308],[43.65607,40.56538],[43.64357,40.5618],[43.64281,40.55225],[43.65086,40.53814],[43.65036,40.53168],[43.64726,40.53051],[43.63955,40.53746],[43.63556,40.53589],[43.63549,40.53948],[43.62773,40.53746],[43.63891,40.52336],[43.63328,40.51878],[43.62604,40.51883],[43.62441,40.52101],[43.6275,40.52313],[43.61953,40.52508],[43.61125,40.51413],[43.60521,40.51639],[43.58771,40.50652],[43.57131,40.50401],[43.5682,40.49848],[43.57004,40.49618],[43.55717,40.49371],[43.55949,40.48993],[43.55689,40.48704],[43.5579,40.48163],[43.54556,40.4785],[43.5488,40.47295],[43.54705,40.46793],[43.56015,40.45911],[43.57292,40.45862],[43.58647,40.44511],[43.59138,40.44643],[43.59693,40.44031],[43.60928,40.43497],[43.61205,40.42748],[43.61897,40.42232],[43.61814,40.41532],[43.61349,40.4133],[43.62002,40.39806],[43.61774,40.39],[43.61171,40.38962],[43.60518,40.38131],[43.60652,40.37455],[43.60026,40.37246],[43.59503,40.35958],[43.59656,40.35381],[43.59075,40.3457],[43.61474,40.31357],[43.62731,40.30354],[43.6271,40.29863],[43.63586,40.29303],[43.63166,40.2835],[43.63971,40.27881],[43.64127,40.27204],[43.65328,40.26895],[43.66358,40.27004],[43.68259,40.25587],[43.67845,40.25402],[43.68176,40.25026],[43.67682,40.24812],[43.68228,40.23703],[43.67795,40.23335],[43.67839,40.22914],[43.68318,40.22623],[43.65737,40.22814],[43.65323,40.22458],[43.67351,40.20557],[43.69286,40.19448],[43.70161,40.17744],[43.71238,40.17266],[43.71452,40.16204],[43.66846,40.15627],[43.66097,40.15422],[43.6513,40.14604],[43.65326,40.14055],[43.64854,40.13134],[43.65421,40.12452],[43.65699,40.11218],[43.67474,40.10771],[43.67973,40.09583],[43.68914,40.09649],[43.69811,40.0927],[43.70146,40.08601],[43.71337,40.08096],[43.72454,40.08093],[43.72884,40.07807],[43.74652,40.08198],[43.75332,40.07866],[43.76102,40.08419],[43.78789,40.06903],[43.79685,40.06935],[43.80887,40.0616],[43.8247,40.05909],[43.82468,40.04871],[43.8569,40.04347],[43.8644,40.03563],[43.87488,40.03561],[43.89731,40.02124],[43.91848,40.02532],[43.92672,40.02177],[43.95731,40.02145],[43.96483,40.01679],[43.97086,40.01857],[43.97497,40.02584],[43.99231,40.03233],[44.0169,40.02324],[44.03063,40.02468],[44.03669,40.02891],[44.05679,40.02736],[44.06303,40.03207],[44.08852,40.0343],[44.10919,40.03037],[44.12281,40.03427],[44.13138,40.02723],[44.14443,40.03337],[44.16444,40.03208],[44.17396,40.02755],[44.18794,40.03061],[44.18925,40.03855],[44.20574,40.03932],[44.20998,40.03444],[44.21479,40.03429],[44.22152,40.04339],[44.23227,40.04331],[44.23376,40.04658],[44.24186,40.04584],[44.24783,40.0491],[44.26104,40.04647],[44.27499,40.04933],[44.28558,40.04351],[44.2943,40.04384],[44.29709,40.03623],[44.31261,40.03934],[44.32391,40.03178],[44.33466,40.03285],[44.34298,40.02683],[44.35118,40.02762],[44.35886,40.01802],[44.37875,40.00412],[44.39237,40.00496],[44.41916,40],[44.43111,39.98837],[44.44816,39.98198],[44.45167,39.97728],[44.45068,39.97344],[44.45582,39.97016],[44.4677,39.97226],[44.48149,39.96619],[44.49141,39.95678],[44.49382,39.94977],[44.50094,39.945],[44.50262,39.93538],[44.51641,39.92898],[44.52174,39.91999],[44.52984,39.92251],[44.53685,39.92052],[44.54065,39.91171],[44.55214,39.90404],[44.55401,39.90178],[44.54996,39.88633],[44.56285,39.87536],[44.56472,39.87004],[44.57771,39.86196],[44.58314,39.8642],[44.59223,39.85899],[44.59551,39.84305],[44.58832,39.8332],[44.59557,39.82377],[44.60432,39.82213],[44.61034,39.82818],[44.61637,39.82855],[44.61996,39.82363],[44.61156,39.81469],[44.62926,39.81307],[44.6333,39.80654],[44.64284,39.80464],[44.65274,39.79424],[44.66062,39.79119],[44.67028,39.79225],[44.67668,39.78836],[44.68256,39.79591],[44.69266,39.79474],[44.69682,39.79131],[44.68624,39.78225],[44.68598,39.77456],[44.68914,39.77056],[44.71078,39.76995],[44.72339,39.74181],[44.72969,39.7411],[44.73651,39.74602],[44.74419,39.7433],[44.74251,39.73446],[44.74824,39.72426],[44.74756,39.71621],[44.76645,39.71433],[44.76978,39.71179],[44.76383,39.70364],[44.78061,39.7004],[44.78122,39.69366],[44.78796,39.69144],[44.78462,39.68575],[44.80204,39.6825],[44.7942,39.67085],[44.79642,39.66868],[44.80438,39.67296],[44.80596,39.67099],[44.79876,39.65814],[44.80646,39.65516],[44.8152,39.6568],[44.81773,39.65191],[44.81454,39.64194],[44.80752,39.63627],[44.80914,39.62766],[44.80458,39.62969],[44.80337,39.64227],[44.79836,39.64916],[44.78747,39.65147],[44.78639,39.6551],[44.76449,39.66513],[44.75812,39.67001],[44.75825,39.67662],[44.75413,39.67844],[44.74915,39.6878],[44.742,39.6938],[44.73436,39.69401],[44.71242,39.71471],[44.70288,39.71166],[44.68634,39.71596],[44.66868,39.71454],[44.64684,39.72943],[44.63901,39.74108],[44.62926,39.74676],[44.6324,39.75601],[44.62169,39.76619],[44.61697,39.77924],[44.61075,39.78008],[44.46743,39.68452],[44.48387,39.66597],[44.48723,39.63909],[44.48015,39.61042],[44.46487,39.5995],[44.44021,39.57252],[44.42211,39.56757],[44.42366,39.5643],[44.4162,39.55644],[44.42652,39.54397],[44.42481,39.53559],[44.43501,39.52189],[44.43353,39.50967],[44.44001,39.50576],[44.433,39.49252],[44.41758,39.48515],[44.40843,39.47115],[44.41967,39.46565],[44.42507,39.44626],[44.43175,39.44264],[44.43261,39.43779],[44.42764,39.43192],[44.42186,39.41172],[44.37848,39.41211],[44.33365,39.38787],[44.31565,39.38988]],[[34.90734,36.73777],[34.91027,36.73642],[34.90837,36.73055],[34.91208,36.73203],[34.91358,36.74125],[34.90734,36.73777]]],[[[33.76158,36.18973],[33.77564,36.20069],[33.78291,36.19859],[33.77643,36.18437],[33.77038,36.18184],[33.7577,36.18154],[33.76158,36.18973]]],[[[33.53099,36.12019],[33.53105,36.12854],[33.53464,36.12184],[33.53099,36.12019]]],[[[30.47885,36.23008],[30.47039,36.23683],[30.47061,36.23992],[30.47346,36.23998],[30.47885,36.23008]]],[[[30.40805,36.17565],[30.40487,36.18072],[30.4084,36.17925],[30.40805,36.17565]]],[[[30.40069,36.19694],[30.40088,36.20092],[30.40487,36.19998],[30.40069,36.19694]]],[[[29.84359,36.16685],[29.84086,36.17025],[29.87054,36.18483],[29.89411,36.18824],[29.90323,36.19496],[29.91276,36.19549],[29.90114,36.18974],[29.9005,36.18552],[29.89264,36.18275],[29.89295,36.17825],[29.8827,36.17092],[29.87863,36.17218],[29.88211,36.17646],[29.85412,36.16904],[29.8472,36.17023],[29.84359,36.16685]]],[[[29.90274,36.20742],[29.89556,36.21029],[29.90705,36.21258],[29.90274,36.20742]]],[[[29.74099,36.12237],[29.73831,36.12256],[29.74182,36.12787],[29.75647,36.13935],[29.76602,36.13181],[29.7518,36.13265],[29.74935,36.1259],[29.74099,36.12237]]],[[[29.6599,36.13062],[29.65462,36.13369],[29.66295,36.13633],[29.6599,36.13062]]],[[[29.443,36.21218],[29.44379,36.21704],[29.44861,36.21938],[29.44831,36.21464],[29.443,36.21218]]],[[[29.37159,36.21965],[29.3683,36.22087],[29.36886,36.22369],[29.37457,36.22383],[29.37159,36.21965]]],[[[29.34717,36.2087],[29.34764,36.21383],[29.3633,36.21802],[29.34717,36.2087]]],[[[29.14772,40.84685],[29.14093,40.85121],[29.14424,40.8541],[29.14689,40.85264],[29.14772,40.84685]]],[[[29.12445,40.83791],[29.11499,40.83821],[29.11173,40.84187],[29.11528,40.84732],[29.11105,40.85253],[29.11501,40.87069],[29.13577,40.87467],[29.13898,40.86922],[29.12659,40.85738],[29.12445,40.83791]]],[[[29.08345,40.86715],[29.07571,40.86845],[29.07728,40.87522],[29.09063,40.88037],[29.08936,40.88309],[29.09314,40.88482],[29.09967,40.88278],[29.10154,40.8726],[29.09773,40.86946],[29.08324,40.87127],[29.08345,40.86715]]],[[[29.07063,36.55136],[29.06436,36.55493],[29.0755,36.55461],[29.07063,36.55136]]],[[[29.06439,40.87404],[29.05382,40.87667],[29.05481,40.88153],[29.06069,40.88553],[29.06946,40.88486],[29.07062,40.87868],[29.06439,40.87404]]],[[[29.05039,40.90253],[29.04599,40.90261],[29.03987,40.9126],[29.05144,40.91471],[29.05639,40.91077],[29.05672,40.90486],[29.05039,40.90253]]],[[[29.04336,36.65201],[29.04391,36.66099],[29.05187,36.66047],[29.05111,36.65573],[29.04336,36.65201]]],[[[29.00998,36.6924],[29.00502,36.69788],[29.01293,36.69543],[29.00998,36.6924]]],[[[28.93948,36.71758],[28.93497,36.72241],[28.939,36.73647],[28.95005,36.72576],[28.94509,36.7252],[28.93948,36.71758]]],[[[28.91654,36.65476],[28.91259,36.65624],[28.91005,36.66938],[28.91274,36.68141],[28.93872,36.6747],[28.93316,36.66914],[28.92779,36.67128],[28.92651,36.66449],[28.91654,36.65476]]],[[[28.92675,36.69339],[28.92403,36.69947],[28.92914,36.6999],[28.93033,36.69628],[28.92675,36.69339]]],[[[28.90561,36.65121],[28.90198,36.65256],[28.89851,36.66045],[28.88969,36.66483],[28.8946,36.67014],[28.90725,36.66583],[28.90902,36.65373],[28.90561,36.65121]]],[[[28.52575,40.51004],[28.51672,40.51965],[28.52409,40.53316],[28.52717,40.55032],[28.52488,40.5605],[28.51927,40.5657],[28.55427,40.56537],[28.55071,40.55669],[28.53784,40.55326],[28.53588,40.54841],[28.54548,40.52697],[28.54067,40.5151],[28.52575,40.51004]]],[[[28.4315,36.77012],[28.43772,36.77853],[28.44026,36.77747],[28.44173,36.77077],[28.4315,36.77012]]],[[[28.2092,36.99044],[28.20216,36.99064],[28.20189,36.99386],[28.20925,36.99352],[28.2092,36.99044]]],[[[28.19491,36.95732],[28.18916,36.95776],[28.19917,36.96357],[28.20055,36.95945],[28.19491,36.95732]]],[[[28.12878,36.59573],[28.12277,36.59925],[28.12947,36.59945],[28.12878,36.59573]]],[[[28.09353,40.44972],[28.08652,40.45287],[28.09107,40.45359],[28.09353,40.44972]]],[[[28.07645,40.45347],[28.06309,40.45899],[28.0665,40.4623],[28.06914,40.45893],[28.07522,40.46093],[28.07645,40.45347]]],[[[28.05731,36.63556],[28.05341,36.64151],[28.06058,36.64093],[28.06226,36.64734],[28.06897,36.6483],[28.06519,36.64037],[28.05731,36.63556]]],[[[28.04991,36.72388],[28.05225,36.73156],[28.04747,36.73263],[28.04846,36.73468],[28.06217,36.73353],[28.06371,36.72979],[28.04991,36.72388]]],[[[28.04093,36.64971],[28.03727,36.65064],[28.03371,36.65838],[28.02784,36.66023],[28.03463,36.66762],[28.04174,36.66293],[28.04229,36.65625],[28.04548,36.65648],[28.04093,36.64971]]],[[[28.01496,36.71146],[28.01283,36.71945],[28.01601,36.7189],[28.01768,36.72441],[28.03349,36.72518],[28.03132,36.71787],[28.01496,36.71146]]],[[[27.78242,40.37265],[27.78145,40.37548],[27.79053,40.3767],[27.78242,40.37265]]],[[[27.55872,40.64226],[27.57122,40.64553],[27.57127,40.65067],[27.57973,40.65486],[27.60406,40.6609],[27.61041,40.65547],[27.62939,40.66564],[27.63951,40.66623],[27.64366,40.65953],[27.6597,40.66201],[27.65911,40.65354],[27.67008,40.65527],[27.67214,40.65834],[27.66912,40.66015],[27.67318,40.66154],[27.67444,40.65319],[27.68451,40.64864],[27.68991,40.64925],[27.68893,40.65182],[27.69333,40.65346],[27.7078,40.65171],[27.71078,40.64655],[27.73228,40.63974],[27.73925,40.6302],[27.73854,40.62648],[27.71415,40.61444],[27.70304,40.61502],[27.70029,40.61003],[27.68136,40.60385],[27.67869,40.60605],[27.66418,40.60396],[27.66356,40.59189],[27.6357,40.58486],[27.63398,40.5805],[27.62169,40.58083],[27.62014,40.57698],[27.61376,40.5792],[27.60935,40.57524],[27.59526,40.58084],[27.58414,40.58012],[27.57568,40.57542],[27.56929,40.57712],[27.56061,40.58576],[27.55202,40.58555],[27.54753,40.59211],[27.52922,40.59823],[27.53094,40.60233],[27.5281,40.6062],[27.53384,40.60746],[27.53543,40.61695],[27.53462,40.6208],[27.52992,40.62262],[27.53113,40.62621],[27.52526,40.63022],[27.53004,40.63803],[27.52805,40.64253],[27.53382,40.64738],[27.55359,40.65383],[27.55171,40.64973],[27.5544,40.64882],[27.54948,40.64538],[27.55872,40.64226]]],[[[27.66127,40.44478],[27.65091,40.45152],[27.6635,40.46634],[27.66664,40.46119],[27.663,40.45017],[27.66699,40.44604],[27.66127,40.44478]]],[[[27.6345,40.45713],[27.62479,40.4618],[27.61232,40.45802],[27.6073,40.46061],[27.59619,40.45862],[27.58178,40.4637],[27.57963,40.46807],[27.58262,40.48269],[27.59738,40.47838],[27.60833,40.48179],[27.60872,40.48692],[27.60144,40.50031],[27.60201,40.50801],[27.61512,40.50717],[27.61969,40.50972],[27.61913,40.50407],[27.62545,40.49685],[27.63485,40.495],[27.63792,40.49922],[27.64493,40.4934],[27.64965,40.4944],[27.64958,40.48747],[27.63246,40.47268],[27.63392,40.46728],[27.63995,40.46467],[27.63691,40.46315],[27.63923,40.45993],[27.64762,40.45847],[27.64657,40.45385],[27.6345,40.45713]]],[[[27.60244,36.96656],[27.59639,36.96993],[27.59173,36.96866],[27.58781,36.97896],[27.60027,36.97556],[27.59767,36.96966],[27.60244,36.96656]]],[[[27.58205,40.49425],[27.5742,40.50122],[27.57726,40.5048],[27.57737,40.5179],[27.58227,40.5198],[27.58455,40.51195],[27.58099,40.50812],[27.58567,40.50527],[27.58205,40.49425]]],[[[27.58364,40.52249],[27.58148,40.52583],[27.58469,40.52787],[27.58364,40.52249]]],[[[27.56432,40.46558],[27.563,40.46905],[27.56603,40.46968],[27.56432,40.46558]]],[[[27.56127,37.24447],[27.54894,37.25095],[27.55169,37.25299],[27.56127,37.24447]]],[[[27.49027,40.47696],[27.49031,40.48158],[27.48176,40.48611],[27.47846,40.49421],[27.49333,40.50442],[27.49665,40.52058],[27.51375,40.53591],[27.51748,40.53833],[27.52648,40.52841],[27.53338,40.52786],[27.53921,40.52142],[27.54694,40.51997],[27.54556,40.51561],[27.53104,40.50913],[27.52341,40.50146],[27.53744,40.48908],[27.50425,40.4796],[27.49796,40.47077],[27.4897,40.46746],[27.48702,40.46927],[27.49027,40.47696]]],[[[27.50049,37.14044],[27.49007,37.14151],[27.4964,37.15215],[27.4945,37.15691],[27.50221,37.15765],[27.50731,37.15274],[27.51925,37.16245],[27.53531,37.16341],[27.53256,37.16085],[27.53506,37.15134],[27.53105,37.15135],[27.531,37.14416],[27.52649,37.14071],[27.52136,37.14176],[27.51757,37.15051],[27.50728,37.14812],[27.50049,37.14044]]],[[[27.51008,36.65458],[27.50804,36.65895],[27.51141,36.66254],[27.51008,36.65458]]],[[[27.46766,40.53688],[27.4674,40.54766],[27.49908,40.55369],[27.50513,40.55264],[27.50695,40.54801],[27.48725,40.54732],[27.46766,40.53688]]],[[[27.47753,36.958],[27.46733,36.96614],[27.45772,36.9645],[27.45167,36.97056],[27.44526,36.97007],[27.44468,36.98022],[27.43416,36.98784],[27.42552,36.98954],[27.42395,36.9961],[27.42972,36.99646],[27.45623,36.98403],[27.48692,36.97582],[27.49295,36.96732],[27.48714,36.96015],[27.47947,36.96249],[27.47753,36.958]]],[[[27.4879,40.63706],[27.4817,40.64081],[27.4846,40.64644],[27.48949,40.64642],[27.48643,40.64258],[27.4879,40.63706]]],[[[27.48018,37.12524],[27.47697,37.12564],[27.47731,37.1282],[27.48085,37.13037],[27.48018,37.12524]]],[[[27.46422,36.77051],[27.45881,36.77323],[27.45978,36.77502],[27.46422,36.77051]]],[[[27.3888,37.13649],[27.38592,37.13946],[27.3917,37.13995],[27.3888,37.13649]]],[[[27.38517,36.99007],[27.38086,36.99239],[27.38395,37.00163],[27.38683,37.00137],[27.38517,36.99007]]],[[[27.37223,37.16159],[27.36695,37.16431],[27.36202,37.17447],[27.37804,37.1671],[27.37802,37.16286],[27.37223,37.16159]]],[[[27.3651,37.2803],[27.36576,37.28403],[27.36962,37.28273],[27.3651,37.2803]]],[[[27.35962,37.00646],[27.35708,37.00994],[27.36235,37.00787],[27.35962,37.00646]]],[[[27.35431,37.17257],[27.35465,37.17616],[27.35962,37.17486],[27.35431,37.17257]]],[[[27.33056,37.32228],[27.32687,37.32447],[27.32706,37.33064],[27.33252,37.32857],[27.33056,37.32228]]],[[[27.23686,37.08641],[27.23206,37.08886],[27.2404,37.08884],[27.23686,37.08641]]],[[[27.20776,36.99693],[27.21643,37.00565],[27.21645,37.01105],[27.22317,37.01104],[27.22413,37.00795],[27.21932,37.0068],[27.21545,36.99897],[27.20776,36.99693]]],[[[27.20799,37.08107],[27.2051,37.08172],[27.20833,37.08942],[27.21378,37.0889],[27.21345,37.08466],[27.20799,37.08107]]],[[[27.18072,37.47815],[27.18756,37.50897],[27.1877,37.49895],[27.18072,37.47815]]],[[[27.16636,37.54394],[27.16946,37.56191],[27.1669,37.57065],[27.17286,37.56448],[27.16636,37.54394]]],[[[27.15581,37.58968],[27.1426,37.60305],[27.14647,37.60202],[27.15581,37.58968]]],[[[26.88296,38.84601],[26.87672,38.84768],[26.87639,38.85217],[26.88229,38.85577],[26.88755,38.85424],[26.88707,38.84756],[26.88296,38.84601]]],[[[26.83686,38.90143],[26.83307,38.90451],[26.83586,38.90657],[26.83899,38.90375],[26.83686,38.90143]]],[[[26.82172,38.9113],[26.80691,38.91782],[26.81151,38.9186],[26.80722,38.92399],[26.80984,38.9272],[26.81511,38.92272],[26.8253,38.92273],[26.82614,38.91786],[26.82172,38.9113]]],[[[26.82593,38.53132],[26.81379,38.54491],[26.81886,38.54646],[26.8192,38.54132],[26.82394,38.54056],[26.82593,38.53132]]],[[[26.79456,38.4067],[26.79243,38.40952],[26.79617,38.41517],[26.79913,38.40696],[26.79456,38.4067]]],[[[26.79517,38.99652],[26.79122,38.99741],[26.79137,39.00101],[26.79283,39.00897],[26.79612,39.01078],[26.79843,39.01027],[26.79517,38.99652]]],[[[26.78514,38.39307],[26.78513,38.39718],[26.79165,38.39899],[26.79198,38.39565],[26.78514,38.39307]]],[[[26.78463,39.00035],[26.78295,39.01114],[26.78839,39.00974],[26.78463,39.00035]]],[[[26.76509,38.43554],[26.75838,38.44002],[26.76013,38.45376],[26.77156,38.45417],[26.77585,38.44057],[26.76509,38.43554]]],[[[26.77074,38.40434],[26.76811,38.4105],[26.77367,38.40897],[26.77074,38.40434]]],[[[26.76066,39.37153],[26.7595,39.37359],[26.7699,39.379],[26.76826,39.37502],[26.76066,39.37153]]],[[[26.72741,38.46897],[26.72675,38.4727],[26.72152,38.47178],[26.7117,38.47754],[26.70353,38.47842],[26.70321,38.47508],[26.69601,38.47737],[26.69419,38.48276],[26.69439,38.51384],[26.7027,38.52131],[26.702,38.53235],[26.70656,38.53493],[26.70523,38.54096],[26.71078,38.54278],[26.72063,38.53368],[26.7275,38.53216],[26.72918,38.52035],[26.73443,38.51496],[26.73069,38.51085],[26.73074,38.49698],[26.74368,38.4893],[26.74959,38.47955],[26.74313,38.4595],[26.72385,38.46152],[26.72741,38.46897]]],[[[26.73709,40.61198],[26.73169,40.61582],[26.74044,40.61841],[26.74096,40.61405],[26.73709,40.61198]]],[[[26.72763,38.67085],[26.72385,38.67469],[26.72646,38.67624],[26.72942,38.67342],[26.72763,38.67085]]],[[[26.72562,38.68305],[26.70821,38.69495],[26.70818,38.70214],[26.71772,38.69292],[26.7246,38.69345],[26.72216,38.68676],[26.72562,38.68305]]],[[[26.70607,39.37295],[26.70258,39.37525],[26.70306,39.37936],[26.70818,39.3822],[26.70887,39.37424],[26.70607,39.37295]]],[[[26.69864,39.34257],[26.68833,39.34324],[26.68765,39.34645],[26.69525,39.3493],[26.69864,39.34257]]],[[[26.69649,39.36779],[26.694,39.37061],[26.69713,39.37241],[26.69649,39.36779]]],[[[26.62178,39.35589],[26.62358,39.35987],[26.61377,39.3696],[26.61789,39.37295],[26.61719,39.38014],[26.61005,39.38435],[26.59945,39.38522],[26.60109,39.38882],[26.62554,39.39545],[26.62985,39.39456],[26.62823,39.38865],[26.64444,39.38857],[26.64546,39.38408],[26.66628,39.38966],[26.66448,39.38645],[26.66714,39.3826],[26.66252,39.38079],[26.66155,39.37565],[26.62297,39.3808],[26.62353,39.36963],[26.63335,39.35746],[26.64589,39.36367],[26.6535,39.36356],[26.65634,39.35792],[26.6524,39.35303],[26.66553,39.33907],[26.68436,39.34387],[26.68289,39.33925],[26.69035,39.33542],[26.68937,39.33272],[26.66921,39.32932],[26.65432,39.33133],[26.64807,39.32541],[26.62459,39.32623],[26.61378,39.33827],[26.61518,39.35381],[26.60856,39.35443],[26.61317,39.35791],[26.62178,39.35589]]],[[[26.67446,38.32911],[26.67868,38.33375],[26.67935,38.3299],[26.67446,38.32911]]],[[[26.60835,39.33299],[26.59643,39.33641],[26.60168,39.34259],[26.60664,39.34248],[26.61029,39.34082],[26.61265,39.33364],[26.60835,39.33299]]],[[[26.5819,39.2764],[26.57676,39.27959],[26.59221,39.29274],[26.59383,39.2984],[26.59133,39.30224],[26.59992,39.30278],[26.60045,39.29739],[26.59585,39.29224],[26.60268,39.28315],[26.59078,39.28349],[26.58916,39.2786],[26.5819,39.2764]]],[[[26.58863,39.36797],[26.58464,39.37168],[26.58892,39.37491],[26.58559,39.37913],[26.57647,39.38257],[26.57625,39.39104],[26.58981,39.39289],[26.59078,39.39661],[26.60238,39.39524],[26.59433,39.38494],[26.59568,39.37904],[26.59107,39.37491],[26.59293,39.36953],[26.58863,39.36797]]],[[[26.5858,39.34357],[26.58775,39.34986],[26.599,39.34952],[26.60167,39.34413],[26.59075,39.34577],[26.5858,39.34357]]],[[[26.57494,39.33454],[26.57588,39.34404],[26.57938,39.33918],[26.57494,39.33454]]],[[[26.5707,39.37844],[26.56835,39.38433],[26.57232,39.38486],[26.57466,39.38051],[26.5707,39.37844]]],[[[26.53699,39.32219],[26.53102,39.325],[26.5323,39.33142],[26.53958,39.33158],[26.54275,39.32645],[26.53699,39.32219]]],[[[26.51347,38.65642],[26.511,38.65859],[26.51475,38.66092],[26.51952,38.65811],[26.51347,38.65642]]],[[[26.46633,38.3873],[26.46254,38.39254],[26.46295,38.40205],[26.46574,38.40103],[26.46809,38.39154],[26.46633,38.3873]]],[[[26.45642,38.35964],[26.44626,38.36499],[26.45407,38.36836],[26.45642,38.35964]]],[[[26.44689,38.19649],[26.44849,38.20022],[26.45208,38.19857],[26.44689,38.19649]]],[[[26.43984,38.18297],[26.4364,38.18591],[26.43997,38.18644],[26.43984,38.18297]]],[[[26.43422,38.19335],[26.42868,38.19525],[26.43288,38.1981],[26.43422,38.19335]]],[[[26.38837,38.4221],[26.37428,38.42768],[26.37327,38.43166],[26.38761,38.43456],[26.38519,38.4312],[26.38837,38.4221]]],[[[26.37328,38.43246],[26.36692,38.42905],[26.3685,38.43497],[26.37192,38.43653],[26.37328,38.43246]]],[[[26.33449,38.42232],[26.32741,38.4296],[26.32965,38.4345],[26.3257,38.43781],[26.32874,38.44399],[26.34373,38.44767],[26.34923,38.45413],[26.35869,38.45546],[26.35973,38.44879],[26.36285,38.44701],[26.3624,38.44161],[26.35594,38.43413],[26.35665,38.42771],[26.35046,38.42562],[26.34128,38.43032],[26.33449,38.42232]]],[[[26.31334,38.41475],[26.30874,38.41819],[26.31397,38.4181],[26.31334,38.41475]]],[[[26.04297,39.79746],[26.02269,39.80756],[26.0038,39.81279],[26.00256,39.81792],[25.99418,39.82144],[25.98756,39.8192],[25.97453,39.82178],[25.96282,39.83631],[25.96327,39.83978],[26.01616,39.84486],[26.03586,39.84169],[26.05045,39.84669],[26.06919,39.84055],[26.07561,39.83316],[26.07339,39.81285],[26.08091,39.79828],[26.05359,39.7874],[26.04297,39.79746]]],[[[26.06895,39.93158],[26.05841,39.93393],[26.05752,39.93855],[26.07423,39.93624],[26.06895,39.93158]]],[[[25.77556,40.20487],[25.78785,40.21065],[25.80723,40.21291],[25.82496,40.21412],[25.84344,40.21084],[25.84969,40.21757],[25.86436,40.22144],[25.87429,40.22847],[25.89369,40.23033],[25.89696,40.23537],[25.93106,40.24018],[25.94017,40.23564],[25.94546,40.24031],[25.94784,40.23828],[25.94596,40.22992],[25.95277,40.22266],[25.97104,40.22128],[25.97549,40.21516],[25.97321,40.21103],[25.9749,40.18768],[25.96866,40.17941],[25.97314,40.17149],[25.96454,40.16448],[25.96517,40.15576],[25.96886,40.15528],[25.96628,40.14909],[25.98376,40.14347],[25.98959,40.14519],[25.99198,40.15343],[26.00669,40.15432],[26.00844,40.16076],[26.01212,40.16053],[26.01453,40.15567],[26.01398,40.14797],[25.99821,40.13936],[25.99363,40.13213],[25.98226,40.1319],[25.97299,40.1254],[25.95746,40.12411],[25.94084,40.12819],[25.85854,40.10892],[25.85328,40.10361],[25.83763,40.09998],[25.79843,40.10421],[25.79255,40.09619],[25.76774,40.10003],[25.73915,40.09125],[25.73076,40.09334],[25.72567,40.10587],[25.70834,40.1121],[25.70693,40.11593],[25.66865,40.12358],[25.66815,40.14913],[25.67736,40.15745],[25.69003,40.16003],[25.70418,40.17239],[25.77556,40.20487]]]]}}]}