{"type":"FeatureCollection","features":[{"type":"Feature","properties":{"ISO_A3":"ZAF","WB_A3":"ZAF","WB_NAME":"South Africa","WB_REGION":"AFE,SSF"},"geometry":{"type":"MultiPolygon","coordinates":[[[[37.87408,-46.62569],[37.87329,-46.61902],[37.87957,-46.61215],[37.89984,-46.60389],[37.91288,-46.60311],[37.9406,-46.61261],[37.94843,-46.61217],[37.96467,-46.61937],[37.98809,-46.62086],[38.00262,-46.64074],[37.99769,-46.64531],[37.99962,-46.652],[37.98132,-46.6644],[37.9626,-46.66898],[37.93575,-46.67053],[37.92972,-46.66444],[37.93503,-46.65936],[37.93268,-46.65614],[37.92116,-46.65474],[37.87408,-46.62569]]],[[[37.68155,-46.82703],[37.6876,-46.82427],[37.71189,-46.82391],[37.76062,-46.83342],[37.77373,-46.83241],[37.78073,-46.83659],[37.80723,-46.83841],[37.80934,-46.84458],[37.8291,-46.84658],[37.84578,-46.85342],[37.84535,-46.85611],[37.85132,-46.8563],[37.86031,-46.8646],[37.85881,-46.87356],[37.86915,-46.87982],[37.87618,-46.89245],[37.90655,-46.89864],[37.90758,-46.90301],[37.90268,-46.90451],[37.89696,-46.90984],[37.89649,-46.91445],[37.88435,-46.92254],[37.885,-46.92742],[37.88046,-46.92943],[37.87823,-46.93761],[37.8739,-46.93885],[37.8755,-46.94297],[37.86678,-46.95673],[37.86188,-46.95822],[37.85682,-46.96715],[37.85157,-46.96735],[37.84997,-46.97221],[37.83404,-46.98115],[37.80305,-46.97596],[37.79095,-46.96429],[37.78163,-46.96201],[37.74655,-46.9642],[37.74439,-46.96854],[37.73496,-46.97138],[37.71356,-46.9732],[37.70137,-46.96601],[37.6894,-46.9651],[37.68033,-46.96833],[37.67253,-46.96555],[37.65511,-46.97329],[37.62784,-46.96989],[37.6015,-46.95996],[37.5901,-46.95187],[37.58409,-46.94512],[37.58209,-46.93586],[37.59565,-46.91859],[37.59651,-46.90706],[37.59938,-46.90479],[37.59697,-46.89655],[37.60485,-46.8887],[37.63035,-46.87645],[37.63021,-46.87215],[37.63741,-46.87108],[37.64219,-46.86532],[37.65516,-46.86622],[37.65656,-46.8629],[37.65292,-46.85875],[37.65526,-46.84737],[37.66839,-46.83788],[37.66845,-46.83348],[37.67846,-46.83135],[37.68155,-46.82703]]],[[[28.92321,-22.45625],[28.94502,-22.43175],[28.95444,-22.40183],[28.97216,-22.37694],[28.97277,-22.36478],[28.96442,-22.34769],[28.96596,-22.30804],[28.97677,-22.30021],[28.97779,-22.29114],[28.98363,-22.28448],[28.99804,-22.27951],[29.00337,-22.27413],[29.00553,-22.26147],[29.01419,-22.25449],[29.01447,-22.23054],[29.01932,-22.22653],[29.0297,-22.22806],[29.03123,-22.22001],[29.03608,-22.21681],[29.08114,-22.22106],[29.10644,-22.21267],[29.1523,-22.21526],[29.16684,-22.20686],[29.19247,-22.18493],[29.21649,-22.17829],[29.2406,-22.18279],[29.25665,-22.19298],[29.26652,-22.18951],[29.27081,-22.19304],[29.27759,-22.19261],[29.28568,-22.18596],[29.31855,-22.18689],[29.32334,-22.18814],[29.32582,-22.19755],[29.33374,-22.20461],[29.342,-22.19996],[29.34644,-22.19207],[29.3504,-22.19129],[29.35311,-22.19895],[29.36014,-22.20008],[29.38747,-22.19118],[29.41836,-22.17452],[29.46076,-22.16634],[29.48371,-22.16713],[29.52361,-22.17796],[29.53391,-22.17297],[29.53607,-22.1669],[29.53413,-22.15808],[29.53813,-22.1526],[29.55825,-22.15002],[29.57901,-22.14023],[29.58542,-22.14138],[29.602,-22.15464],[29.60937,-22.15669],[29.6151,-22.15406],[29.62398,-22.13907],[29.63079,-22.13348],[29.65631,-22.12477],[29.66424,-22.12848],[29.67237,-22.13854],[29.69694,-22.13626],[29.71656,-22.14307],[29.77362,-22.14163],[29.80697,-22.16591],[29.82895,-22.17423],[29.85893,-22.1747],[29.88246,-22.19383],[29.89039,-22.19518],[29.92436,-22.18971],[29.9633,-22.21463],[29.96962,-22.22254],[30.01809,-22.22986],[30.02102,-22.24854],[30.02591,-22.25511],[30.05442,-22.25609],[30.06075,-22.25934],[30.07278,-22.27246],[30.10264,-22.28827],[30.12549,-22.31132],[30.13742,-22.30988],[30.15752,-22.30014],[30.23143,-22.29648],[30.24338,-22.31138],[30.25681,-22.31859],[30.27279,-22.34514],[30.29019,-22.35593],[30.31787,-22.3472],[30.3386,-22.35059],[30.36201,-22.34793],[30.38443,-22.35013],[30.44469,-22.3342],[30.47615,-22.31916],[30.48904,-22.31646],[30.55109,-22.33168],[30.56856,-22.32089],[30.59032,-22.3197],[30.60595,-22.32272],[30.62026,-22.3339],[30.62995,-22.33607],[30.63601,-22.33488],[30.65296,-22.31571],[30.66126,-22.31112],[30.70864,-22.31714],[30.72964,-22.30974],[30.79922,-22.30074],[30.83402,-22.29195],[30.8684,-22.2982],[30.88071,-22.3043],[30.90081,-22.29614],[30.93104,-22.30149],[30.94705,-22.31527],[30.96662,-22.31423],[30.97319,-22.32464],[30.98508,-22.32782],[30.99323,-22.32474],[30.99401,-22.31872],[30.99797,-22.31544],[31.06585,-22.34385],[31.08827,-22.34845],[31.09744,-22.34797],[31.14546,-22.33056],[31.17779,-22.33028],[31.18708,-22.3367],[31.19999,-22.35997],[31.21234,-22.37079],[31.22849,-22.37163],[31.23873,-22.36436],[31.25227,-22.36163],[31.27015,-22.36757],[31.27914,-22.38207],[31.28461,-22.40199],[31.30788,-22.423],[31.56284,-23.1865],[31.55284,-23.28374],[31.54825,-23.41427],[31.5604,-23.48119],[31.66235,-23.58619],[31.69011,-23.62559],[31.69746,-23.72232],[31.76782,-23.88488],[31.88056,-23.95278],[31.90813,-24.18188],[31.98527,-24.30518],[32.00911,-24.4578],[31.99775,-24.68933],[32.01563,-24.9249],[32.03031,-25.06556],[32.03365,-25.13278],[32.02786,-25.25742],[32.01461,-25.38615],[31.98998,-25.43028],[31.97951,-25.45707],[31.97759,-25.47322],[31.97713,-25.50931],[31.97996,-25.52419],[31.99558,-25.52591],[32.00059,-25.58469],[32.00537,-25.60492],[32.00587,-25.64476],[31.9967,-25.67601],[31.97864,-25.69341],[31.93061,-25.84021],[31.97538,-25.95261],[31.86884,-25.99923],[31.41483,-25.71792],[31.31528,-25.74303],[31.26472,-25.80872],[31.12668,-25.92115],[31.11257,-25.98263],[31.0715,-26.06689],[30.96153,-26.26168],[30.892,-26.32125],[30.85779,-26.3836],[30.83077,-26.41112],[30.80516,-26.46665],[30.79179,-26.56946],[30.7909,-26.71504],[30.80289,-26.82498],[30.81327,-26.84439],[30.8228,-26.84134],[30.83624,-26.82665],[30.84481,-26.82469],[30.84798,-26.81936],[30.86207,-26.81894],[30.87135,-26.81016],[30.88838,-26.80357],[30.88893,-26.79075],[30.8925,-26.78387],[30.89337,-26.80433],[30.90279,-26.85199],[30.90697,-26.85502],[30.9073,-26.86013],[30.92899,-26.87472],[30.94328,-26.88891],[30.97288,-26.90758],[30.97679,-26.92114],[30.97685,-26.95086],[30.97341,-26.96438],[30.95817,-26.99213],[30.98469,-27.03666],[31.06116,-27.096],[31.1505,-27.20155],[31.49984,-27.31527],[31.97748,-27.3174],[31.97462,-27.11769],[31.98582,-27.00678],[32.00038,-26.93827],[31.99752,-26.92063],[32.0149,-26.82226],[32.01108,-26.81029],[32.01655,-26.80759],[32.03524,-26.80718],[32.03825,-26.81208],[32.04956,-26.81825],[32.05923,-26.81784],[32.07106,-26.80986],[32.09978,-26.80486],[32.10509,-26.80891],[32.10722,-26.81995],[32.11955,-26.83791],[32.13978,-26.84084],[32.14574,-26.85041],[32.155,-26.85604],[32.18377,-26.8634],[32.20365,-26.85545],[32.20907,-26.83882],[32.22132,-26.83301],[32.25003,-26.84055],[32.25832,-26.8487],[32.27916,-26.8486],[32.28861,-26.85327],[32.30854,-26.8566],[32.32016,-26.85251],[32.32927,-26.86256],[32.33347,-26.86341],[32.34096,-26.85577],[32.34637,-26.85535],[32.34637,-26.86396],[32.69305,-26.8681],[32.7738,-26.86275],[32.85842,-26.86399],[32.89194,-26.85876],[32.88152,-26.89298],[32.87735,-26.89375],[32.87721,-26.89813],[32.86788,-26.89464],[32.85812,-26.90132],[32.85911,-26.91072],[32.85307,-26.92075],[32.85607,-26.9322],[32.84458,-26.93592],[32.84357,-26.94132],[32.84744,-26.94827],[32.85518,-26.95047],[32.85906,-26.94751],[32.86541,-26.92591],[32.85608,-26.9241],[32.86183,-26.91278],[32.87404,-26.91047],[32.87519,-26.90456],[32.87993,-26.89993],[32.88179,-26.90173],[32.87342,-26.9501],[32.87598,-26.96631],[32.86503,-27.0031],[32.86731,-27.0152],[32.86067,-27.03989],[32.8503,-27.06227],[32.8497,-27.07976],[32.84076,-27.09905],[32.84247,-27.10755],[32.83224,-27.12349],[32.82979,-27.13249],[32.83194,-27.13507],[32.80815,-27.17132],[32.80612,-27.1798],[32.80898,-27.18856],[32.7957,-27.21504],[32.79467,-27.22919],[32.77575,-27.26184],[32.77196,-27.28499],[32.75373,-27.32175],[32.75197,-27.3359],[32.74127,-27.35441],[32.73212,-27.38552],[32.72184,-27.4048],[32.71327,-27.43129],[32.68442,-27.48346],[32.67598,-27.51019],[32.67475,-27.53489],[32.6808,-27.54057],[32.66013,-27.59712],[32.64808,-27.66141],[32.62533,-27.72465],[32.60186,-27.81875],[32.59086,-27.89513],[32.59536,-27.93296],[32.55995,-28.09159],[32.56095,-28.13018],[32.55419,-28.15151],[32.53222,-28.19852],[32.4767,-28.29736],[32.43862,-28.35381],[32.42681,-28.38746],[32.42036,-28.39567],[32.42309,-28.40288],[32.42343,-28.39388],[32.42576,-28.39337],[32.42763,-28.42451],[32.42201,-28.44044],[32.41269,-28.49416],[32.40146,-28.52318],[32.39044,-28.54063],[32.36388,-28.57395],[32.34146,-28.59416],[32.31159,-28.61511],[32.29219,-28.63919],[32.23065,-28.6813],[32.19477,-28.71968],[32.09609,-28.80385],[32.09247,-28.80572],[32.09256,-28.79607],[32.08495,-28.79743],[32.08585,-28.79525],[32.09139,-28.79658],[32.09083,-28.79361],[32.08411,-28.79331],[32.08405,-28.80103],[32.08024,-28.80164],[32.07852,-28.79893],[32.08247,-28.79767],[32.08177,-28.79381],[32.07476,-28.79492],[32.07449,-28.7917],[32.0707,-28.79078],[32.06102,-28.79637],[32.05695,-28.79402],[32.05859,-28.79005],[32.05497,-28.78681],[32.0501,-28.79231],[32.03011,-28.79139],[32.02819,-28.79421],[32.03182,-28.79616],[32.02318,-28.79829],[32.0233,-28.80163],[32.0185,-28.79954],[32.01898,-28.79517],[32.01196,-28.79602],[32.01512,-28.8017],[32.02154,-28.80239],[32.02021,-28.80444],[32.03497,-28.81844],[32.03709,-28.82642],[32.0451,-28.82905],[32.04376,-28.83162],[32.04859,-28.82985],[32.04529,-28.82417],[32.05742,-28.80728],[32.07203,-28.80545],[32.08919,-28.81431],[32.07214,-28.82616],[32.05268,-28.84634],[32.04991,-28.84529],[32.04982,-28.83938],[32.03789,-28.8344],[32.02747,-28.81281],[32.0226,-28.81372],[32.00747,-28.80782],[31.99694,-28.80915],[31.99662,-28.81224],[31.99341,-28.81247],[31.99483,-28.81686],[31.98999,-28.81836],[31.99211,-28.82571],[31.98858,-28.828],[31.99482,-28.83306],[31.99549,-28.83872],[32.02021,-28.85035],[32.03735,-28.84598],[32.03883,-28.84316],[32.04784,-28.84888],[32.04236,-28.85656],[32.01499,-28.8772],[31.96597,-28.89908],[31.93841,-28.90774],[31.92811,-28.91434],[31.88266,-28.92722],[31.84536,-28.94208],[31.81959,-28.94546],[31.82021,-28.94276],[31.81113,-28.94358],[31.81111,-28.9459],[31.81783,-28.94583],[31.77673,-28.95974],[31.75729,-28.97126],[31.71132,-29.02279],[31.66095,-29.07065],[31.63407,-29.08889],[31.62102,-29.10111],[31.6171,-29.10981],[31.5975,-29.10819],[31.61675,-29.11444],[31.6287,-29.0963],[31.63625,-29.0902],[31.63503,-29.09405],[31.57505,-29.16441],[31.52429,-29.21041],[31.50563,-29.2237],[31.47995,-29.21519],[31.47234,-29.21407],[31.45644,-29.21877],[31.43922,-29.21382],[31.42534,-29.20157],[31.42685,-29.19824],[31.44365,-29.19227],[31.4465,-29.18793],[31.44603,-29.18046],[31.441,-29.17346],[31.42489,-29.17314],[31.40301,-29.16723],[31.37863,-29.17053],[31.3761,-29.16394],[31.39467,-29.14719],[31.39144,-29.13867],[31.36162,-29.13484],[31.35044,-29.13804],[31.347,-29.14199],[31.34955,-29.16619],[31.34018,-29.17443],[31.33713,-29.17272],[31.33859,-29.155],[31.33586,-29.15162],[31.33092,-29.14937],[31.31332,-29.15057],[31.30592,-29.15523],[31.30393,-29.16022],[31.30678,-29.17414],[31.30211,-29.17293],[31.29608,-29.16552],[31.28557,-29.16359],[31.2864,-29.15743],[31.29771,-29.14703],[31.29906,-29.13624],[31.29136,-29.11428],[31.2831,-29.11529],[31.28931,-29.11464],[31.29174,-29.11815],[31.29783,-29.13931],[31.29654,-29.14675],[31.28481,-29.15638],[31.28396,-29.16331],[31.29548,-29.16641],[31.30007,-29.17277],[31.30854,-29.17417],[31.30484,-29.15843],[31.30769,-29.15474],[31.32768,-29.15036],[31.3354,-29.1529],[31.33738,-29.1573],[31.33666,-29.17478],[31.34429,-29.17423],[31.35101,-29.16621],[31.34937,-29.14073],[31.36189,-29.13638],[31.38498,-29.13949],[31.39293,-29.14615],[31.3841,-29.15813],[31.37553,-29.16265],[31.37658,-29.17089],[31.3912,-29.173],[31.40064,-29.16874],[31.44069,-29.17513],[31.4448,-29.18431],[31.4431,-29.1902],[31.42513,-29.19616],[31.42314,-29.20128],[31.42713,-29.20879],[31.44763,-29.22022],[31.4831,-29.22011],[31.49824,-29.22774],[31.48995,-29.23266],[31.48182,-29.24723],[31.45158,-29.26925],[31.43713,-29.29352],[31.42372,-29.30725],[31.4065,-29.3199],[31.39258,-29.33774],[31.33973,-29.38415],[31.33512,-29.3967],[31.31577,-29.41266],[31.3121,-29.4211],[31.28786,-29.44779],[31.28598,-29.45471],[31.23751,-29.50525],[31.22222,-29.53873],[31.18634,-29.57218],[31.13126,-29.6478],[31.08928,-29.72692],[31.06169,-29.76766],[31.04279,-29.80749],[31.0379,-29.82362],[31.03739,-29.84212],[31.04465,-29.86332],[31.05412,-29.86937],[31.05375,-29.87348],[31.0428,-29.87499],[31.03358,-29.86392],[31.02593,-29.86252],[31.01013,-29.87077],[31.00339,-29.88352],[30.9957,-29.88431],[31.00181,-29.8889],[31.00758,-29.88796],[31.0113,-29.87902],[31.02416,-29.87767],[31.02227,-29.88355],[31.03259,-29.87651],[31.03116,-29.88163],[31.04087,-29.88306],[31.02904,-29.88442],[31.02617,-29.88798],[31.02772,-29.89148],[31.04706,-29.88353],[31.06015,-29.87049],[31.06152,-29.87591],[31.03654,-29.90819],[30.96802,-29.98326],[30.90128,-30.03904],[30.88886,-30.05349],[30.86285,-30.09447],[30.84572,-30.13455],[30.83403,-30.14825],[30.80342,-30.20121],[30.79868,-30.2217],[30.79188,-30.22776],[30.78186,-30.24533],[30.78235,-30.24996],[30.76705,-30.26539],[30.76011,-30.27735],[30.75968,-30.28994],[30.74917,-30.30262],[30.73361,-30.34142],[30.71906,-30.35531],[30.71681,-30.36273],[30.70806,-30.36926],[30.6938,-30.39574],[30.67487,-30.41855],[30.67252,-30.43007],[30.66153,-30.44299],[30.65101,-30.46722],[30.63573,-30.48571],[30.62498,-30.51251],[30.61102,-30.52485],[30.60697,-30.53891],[30.59336,-30.54895],[30.58401,-30.5606],[30.56821,-30.59269],[30.54788,-30.61519],[30.54655,-30.62673],[30.51884,-30.65808],[30.51063,-30.67695],[30.48474,-30.70627],[30.48079,-30.71493],[30.46091,-30.73562],[30.46017,-30.74126],[30.44388,-30.76665],[30.42412,-30.78733],[30.4129,-30.80613],[30.41103,-30.81483],[30.40618,-30.81808],[30.40471,-30.82859],[30.39529,-30.83534],[30.39356,-30.84404],[30.38632,-30.85315],[30.37235,-30.86263],[30.37205,-30.86828],[30.35835,-30.8788],[30.34972,-30.88916],[30.34677,-30.89913],[30.33764,-30.90588],[30.33293,-30.91452],[30.30877,-30.93612],[30.29774,-30.96262],[30.28476,-30.97315],[30.27514,-30.99171],[30.25837,-31.00934],[30.25484,-31.01801],[30.24606,-31.02245],[30.24345,-31.0301],[30.23681,-31.03253],[30.22969,-31.04137],[30.22755,-31.05855],[30.18572,-31.09028],[30.18131,-31.10278],[30.17398,-31.10853],[30.17181,-31.11593],[30.16376,-31.12064],[30.15705,-31.13514],[30.13046,-31.15486],[30.12426,-31.17219],[30.09859,-31.19063],[30.09071,-31.20382],[30.06955,-31.22107],[30.06872,-31.23339],[30.06239,-31.23993],[30.0468,-31.24706],[30.04476,-31.25854],[30.01216,-31.28683],[30.01349,-31.292],[29.99375,-31.31007],[29.97547,-31.31898],[29.97038,-31.31871],[29.96049,-31.33757],[29.93848,-31.35196],[29.93567,-31.35793],[29.92326,-31.36335],[29.91637,-31.37302],[29.90862,-31.37422],[29.90537,-31.38535],[29.88302,-31.39883],[29.87909,-31.39776],[29.8731,-31.40766],[29.85673,-31.42139],[29.83579,-31.43253],[29.78295,-31.43972],[29.77651,-31.445],[29.76961,-31.44477],[29.75601,-31.4511],[29.75331,-31.4563],[29.73518,-31.46697],[29.731,-31.47785],[29.72124,-31.48243],[29.72116,-31.49014],[29.71244,-31.49958],[29.71283,-31.50278],[29.6984,-31.51221],[29.69768,-31.5184],[29.68939,-31.52243],[29.6837,-31.53308],[29.6717,-31.54387],[29.63622,-31.56286],[29.63388,-31.5701],[29.62758,-31.57589],[29.62814,-31.57947],[29.61201,-31.58777],[29.6082,-31.59145],[29.60834,-31.59633],[29.55421,-31.62647],[29.55122,-31.62678],[29.55138,-31.62164],[29.52842,-31.59485],[29.52116,-31.59255],[29.5089,-31.59459],[29.49651,-31.6028],[29.49049,-31.60254],[29.49041,-31.5938],[29.48465,-31.58029],[29.48997,-31.5717],[29.49039,-31.5591],[29.4968,-31.55178],[29.49768,-31.54534],[29.48631,-31.54684],[29.47424,-31.55556],[29.46319,-31.55783],[29.46065,-31.57561],[29.44833,-31.57508],[29.44222,-31.56543],[29.44385,-31.54715],[29.45177,-31.54031],[29.46147,-31.52085],[29.4509,-31.5127],[29.42786,-31.5265],[29.41025,-31.51874],[29.40907,-31.51337],[29.41587,-31.49807],[29.41406,-31.48602],[29.40452,-31.48222],[29.37518,-31.48431],[29.36767,-31.47815],[29.36483,-31.47255],[29.36762,-31.46402],[29.37464,-31.45695],[29.37302,-31.44644],[29.36671,-31.44578],[29.34859,-31.45267],[29.33985,-31.45065],[29.3149,-31.42372],[29.29485,-31.42524],[29.29543,-31.4368],[29.28211,-31.44385],[29.26855,-31.43471],[29.26672,-31.42112],[29.27441,-31.41057],[29.28661,-31.40675],[29.27853,-31.40741],[29.26909,-31.41362],[29.26381,-31.42477],[29.26506,-31.43297],[29.27461,-31.44347],[29.28989,-31.44307],[29.29667,-31.43832],[29.29754,-31.42506],[29.30563,-31.42466],[29.31434,-31.42566],[29.3414,-31.4528],[29.35309,-31.45285],[29.37123,-31.44686],[29.37366,-31.45388],[29.36391,-31.47154],[29.36682,-31.48022],[29.37429,-31.48484],[29.41027,-31.48443],[29.41504,-31.48883],[29.41523,-31.49628],[29.40843,-31.51184],[29.40888,-31.518],[29.41334,-31.52215],[29.42668,-31.52755],[29.44852,-31.51326],[29.4598,-31.52037],[29.45287,-31.53644],[29.44268,-31.5482],[29.44131,-31.56493],[29.44545,-31.57385],[29.45261,-31.57795],[29.462,-31.57533],[29.46425,-31.55832],[29.49529,-31.5459],[29.4967,-31.54818],[29.48956,-31.55629],[29.48802,-31.57174],[29.48315,-31.58057],[29.48881,-31.60128],[29.49144,-31.60419],[29.49922,-31.60327],[29.51252,-31.59529],[29.52723,-31.59526],[29.5473,-31.62095],[29.54786,-31.63045],[29.55356,-31.63547],[29.53792,-31.64594],[29.51819,-31.64954],[29.51591,-31.65421],[29.50191,-31.65886],[29.50058,-31.66505],[29.47354,-31.67676],[29.4597,-31.67613],[29.44836,-31.67943],[29.4416,-31.68522],[29.42546,-31.68887],[29.43068,-31.68157],[29.42044,-31.68048],[29.42357,-31.68556],[29.41869,-31.68257],[29.41334,-31.68498],[29.39918,-31.68371],[29.39894,-31.68603],[29.40437,-31.68695],[29.40359,-31.69146],[29.40701,-31.68999],[29.40577,-31.69464],[29.39736,-31.6948],[29.40163,-31.69729],[29.40875,-31.69921],[29.41003,-31.69648],[29.4211,-31.69435],[29.41109,-31.71407],[29.40309,-31.71885],[29.40325,-31.72489],[29.40613,-31.72599],[29.40274,-31.72862],[29.403,-31.73299],[29.35783,-31.76031],[29.35445,-31.76936],[29.35732,-31.77574],[29.35539,-31.78862],[29.34866,-31.7962],[29.35124,-31.80284],[29.33857,-31.80757],[29.31623,-31.80502],[29.32084,-31.80866],[29.32804,-31.80802],[29.29379,-31.83473],[29.29433,-31.83832],[29.28735,-31.8423],[29.2757,-31.85819],[29.27251,-31.85722],[29.27309,-31.85001],[29.27062,-31.85982],[29.26289,-31.87024],[29.26423,-31.87562],[29.261,-31.88518],[29.24848,-31.89055],[29.24428,-31.90373],[29.22823,-31.91943],[29.2273,-31.92433],[29.2166,-31.93082],[29.21227,-31.92588],[29.20461,-31.9273],[29.21617,-31.93173],[29.21921,-31.93913],[29.21658,-31.94251],[29.18334,-31.95183],[29.18487,-31.94641],[29.17551,-31.93294],[29.18214,-31.94542],[29.17932,-31.9474],[29.18067,-31.95342],[29.18488,-31.95309],[29.1805,-31.95908],[29.16918,-31.96493],[29.16887,-31.9711],[29.16333,-31.97248],[29.16045,-31.97818],[29.15325,-31.97985],[29.14837,-31.99047],[29.13702,-31.99554],[29.13628,-32.0025],[29.13181,-32.00463],[29.12986,-32.01854],[29.12248,-32.02535],[29.12418,-32.02712],[29.11224,-32.03272],[29.11208,-32.03915],[29.10698,-32.04026],[29.10006,-32.05425],[29.0879,-32.06397],[29.08897,-32.07757],[29.06914,-32.08869],[29.0693,-32.09589],[29.0621,-32.0978],[29.06129,-32.10193],[29.04867,-32.10471],[29.03951,-32.11411],[29.03227,-32.11422],[29.03234,-32.11756],[29.01772,-32.12577],[29.01111,-32.13435],[29.00856,-32.14853],[28.99453,-32.15672],[28.99149,-32.15549],[28.98751,-32.16017],[28.98891,-32.16234],[28.99647,-32.16235],[28.98997,-32.16939],[28.97534,-32.17733],[28.96057,-32.1935],[28.95072,-32.19931],[28.94915,-32.21064],[28.92096,-32.236],[28.922,-32.24216],[28.9049,-32.24923],[28.88957,-32.23892],[28.8991,-32.24636],[28.90013,-32.25226],[28.88254,-32.27206],[28.88317,-32.28079],[28.85947,-32.29091],[28.85509,-32.29842],[28.83073,-32.30623],[28.8234,-32.31817],[28.8165,-32.32109],[28.81666,-32.32906],[28.79508,-32.34029],[28.78943,-32.33793],[28.76829,-32.36368],[28.75394,-32.37365],[28.74229,-32.39784],[28.72633,-32.40307],[28.70961,-32.41616],[28.70433,-32.42574],[28.70039,-32.42553],[28.68603,-32.4355],[28.68463,-32.44194],[28.67714,-32.44654],[28.66642,-32.44077],[28.65426,-32.43887],[28.65309,-32.44082],[28.66769,-32.44384],[28.67232,-32.44827],[28.65753,-32.46004],[28.65372,-32.46703],[28.65703,-32.47418],[28.65023,-32.48353],[28.63629,-32.48448],[28.60654,-32.49951],[28.60136,-32.51577],[28.58179,-32.52425],[28.57088,-32.54238],[28.55527,-32.55234],[28.55197,-32.57243],[28.52695,-32.58276],[28.52451,-32.59076],[28.5115,-32.60275],[28.48847,-32.6061],[28.48963,-32.60224],[28.48493,-32.59381],[28.48942,-32.60841],[28.46685,-32.62075],[28.43241,-32.63298],[28.42714,-32.64538],[28.41843,-32.6519],[28.4176,-32.65705],[28.39921,-32.66626],[28.38756,-32.67924],[28.38567,-32.67489],[28.36276,-32.66717],[28.35461,-32.6413],[28.35381,-32.62845],[28.35276,-32.63926],[28.35891,-32.66387],[28.36278,-32.66897],[28.38498,-32.67978],[28.37494,-32.68915],[28.3738,-32.70355],[28.364,-32.70919],[28.34303,-32.70941],[28.33703,-32.715],[28.3252,-32.71744],[28.3174,-32.72459],[28.30408,-32.72846],[28.29841,-32.73623],[28.28781,-32.73891],[28.27976,-32.75056],[28.26772,-32.75955],[28.25647,-32.75992],[28.23019,-32.77368],[28.17469,-32.78771],[28.13753,-32.809],[28.11667,-32.83336],[28.1196,-32.85175],[28.11684,-32.85906],[28.10958,-32.86273],[28.10759,-32.87405],[28.09859,-32.88544],[28.09985,-32.88877],[28.08564,-32.89738],[28.07585,-32.90773],[28.06715,-32.90588],[28.06481,-32.90142],[28.06759,-32.89188],[28.06414,-32.89174],[28.06721,-32.89428],[28.06359,-32.90117],[28.06516,-32.90501],[28.07846,-32.90876],[28.07973,-32.91286],[28.05755,-32.91896],[28.03788,-32.93069],[28.03731,-32.93404],[28.02539,-32.93144],[28.02482,-32.93466],[28.03319,-32.93356],[28.03587,-32.94099],[28.02737,-32.94415],[28.01983,-32.95192],[28.0025,-32.95643],[27.98618,-32.9689],[27.96369,-32.97653],[27.95159,-32.98588],[27.94936,-32.99104],[27.95217,-32.99667],[27.92318,-33.01077],[27.9145,-33.0269],[27.90041,-33.02225],[27.89586,-33.02421],[27.91607,-33.03126],[27.90398,-33.04253],[27.88752,-33.04522],[27.84928,-33.06785],[27.82951,-33.07531],[27.82472,-33.08601],[27.80247,-33.09065],[27.77968,-33.10301],[27.77552,-33.09918],[27.77641,-33.09609],[27.77366,-33.0961],[27.77417,-33.10214],[27.73978,-33.11675],[27.72971,-33.11796],[27.73301,-33.11113],[27.72782,-33.11052],[27.72851,-33.12118],[27.7149,-33.1381],[27.70395,-33.1433],[27.70036,-33.15309],[27.68085,-33.16053],[27.67754,-33.16697],[27.66443,-33.17128],[27.65778,-33.18083],[27.6336,-33.19767],[27.63378,-33.20178],[27.6173,-33.20584],[27.61156,-33.21628],[27.60303,-33.22095],[27.58196,-33.22581],[27.57651,-33.23445],[27.54661,-33.24808],[27.54325,-33.24873],[27.53922,-33.23976],[27.53756,-33.24388],[27.54279,-33.24899],[27.52342,-33.25859],[27.51645,-33.26851],[27.49815,-33.27977],[27.49173,-33.28121],[27.48249,-33.27109],[27.47607,-33.27137],[27.46767,-33.27501],[27.47044,-33.27731],[27.46849,-33.28413],[27.46113,-33.28223],[27.45629,-33.26399],[27.44325,-33.25607],[27.4372,-33.24067],[27.41469,-33.23381],[27.41527,-33.22532],[27.41291,-33.23369],[27.43521,-33.24068],[27.44161,-33.25733],[27.45292,-33.26349],[27.45776,-33.28224],[27.47094,-33.28618],[27.47918,-33.28152],[27.48996,-33.28055],[27.48076,-33.29038],[27.48156,-33.29655],[27.46768,-33.30521],[27.43712,-33.3165],[27.42281,-33.33352],[27.4132,-33.33972],[27.35404,-33.3651],[27.33847,-33.37979],[27.32653,-33.38317],[27.31578,-33.37613],[27.31241,-33.3769],[27.32562,-33.38394],[27.26812,-33.42084],[27.23475,-33.4371],[27.21243,-33.46259],[27.19649,-33.46352],[27.16767,-33.47256],[27.14438,-33.48608],[27.14041,-33.49354],[27.12568,-33.48905],[27.13589,-33.4966],[27.11498,-33.51953],[27.11406,-33.52416],[27.06773,-33.53332],[27.0487,-33.54091],[27.04195,-33.54811],[27.04318,-33.55428],[27.01616,-33.56174],[27.00972,-33.56611],[27.01002,-33.57048],[26.98177,-33.57138],[26.93877,-33.58113],[26.92172,-33.59333],[26.90159,-33.60257],[26.89161,-33.59511],[26.89545,-33.60103],[26.90128,-33.60321],[26.88867,-33.61477],[26.88283,-33.61554],[26.86807,-33.62542],[26.82227,-33.63294],[26.74324,-33.65234],[26.73122,-33.6617],[26.70383,-33.67243],[26.69857,-33.6809],[26.68688,-33.68203],[26.67599,-33.67622],[26.68411,-33.68318],[26.6693,-33.69548],[26.66469,-33.69495],[26.66335,-33.68518],[26.65706,-33.68028],[26.65383,-33.68207],[26.66149,-33.68775],[26.66315,-33.69521],[26.64714,-33.70056],[26.64096,-33.70697],[26.63172,-33.71028],[26.62553,-33.719],[26.59352,-33.72314],[26.55957,-33.74668],[26.49761,-33.7652],[26.48776,-33.76516],[26.46833,-33.77228],[26.42191,-33.76384],[26.37208,-33.75949],[26.32432,-33.76746],[26.29082,-33.76213],[26.25371,-33.74688],[26.15737,-33.71901],[26.07383,-33.70672],[26.02679,-33.70533],[25.96433,-33.70842],[25.85497,-33.72159],[25.83355,-33.69119],[25.81407,-33.69884],[25.80099,-33.71079],[25.79698,-33.71114],[25.79849,-33.70242],[25.79551,-33.69545],[25.77879,-33.69164],[25.76793,-33.67796],[25.73994,-33.65788],[25.73826,-33.63653],[25.73989,-33.65852],[25.76032,-33.67274],[25.7788,-33.69233],[25.79459,-33.6957],[25.79697,-33.71204],[25.80221,-33.71145],[25.81405,-33.70038],[25.83291,-33.69247],[25.84098,-33.70976],[25.85039,-33.72079],[25.78823,-33.74293],[25.70321,-33.79103],[25.69756,-33.79829],[25.68249,-33.7971],[25.68844,-33.81066],[25.68014,-33.8098],[25.66955,-33.81778],[25.64571,-33.8458],[25.63526,-33.86342],[25.63186,-33.86441],[25.63255,-33.8693],[25.61312,-33.91817],[25.61248,-33.94772],[25.62575,-33.95673],[25.63935,-33.95534],[25.64084,-33.95832],[25.62878,-33.95998],[25.63574,-33.96841],[25.64555,-33.96299],[25.64888,-33.9764],[25.67248,-33.98616],[25.68887,-34.00407],[25.70263,-34.03249],[25.67033,-34.02559],[25.65456,-34.02722],[25.63606,-34.04513],[25.62398,-34.04757],[25.60766,-34.04456],[25.58102,-34.05004],[25.5703,-34.04529],[25.53485,-34.04178],[25.52259,-34.03675],[25.48868,-34.03416],[25.47209,-34.02958],[25.45789,-34.02966],[25.44113,-34.03459],[25.40596,-34.0335],[25.3949,-34.03066],[25.38119,-34.02122],[25.35231,-34.01416],[25.3049,-33.99283],[25.22152,-33.97109],[25.22422,-33.96319],[25.22162,-33.96192],[25.21989,-33.97094],[25.17252,-33.96472],[25.11612,-33.96309],[25.03667,-33.97085],[25.02486,-33.96141],[25.04184,-33.96091],[25.01104,-33.959],[25.01375,-33.94183],[25.02791,-33.92278],[25.02092,-33.90519],[25.02604,-33.92404],[25.0116,-33.94179],[25.00873,-33.95896],[25.02387,-33.96422],[25.02895,-33.97149],[24.98117,-33.98344],[24.96061,-33.99145],[24.93963,-34.00434],[24.92865,-34.01829],[24.93351,-34.03404],[24.92552,-34.0519],[24.92667,-34.06168],[24.92109,-34.08138],[24.91294,-34.08638],[24.90404,-34.08417],[24.90304,-34.08698],[24.90893,-34.08618],[24.90763,-34.0886],[24.88989,-34.10654],[24.86538,-34.12308],[24.8467,-34.14074],[24.84203,-34.14233],[24.8381,-34.13866],[24.81497,-34.13696],[24.81943,-34.14372],[24.82907,-34.14133],[24.84207,-34.14657],[24.8324,-34.16824],[24.86694,-34.19621],[24.85278,-34.19365],[24.84251,-34.19617],[24.83458,-34.20399],[24.83769,-34.20919],[24.83585,-34.21468],[24.79362,-34.19723],[24.78489,-34.20015],[24.76393,-34.19759],[24.73607,-34.18693],[24.72243,-34.18822],[24.71334,-34.19293],[24.64647,-34.17316],[24.61642,-34.17554],[24.61014,-34.17901],[24.60459,-34.18944],[24.54474,-34.17399],[24.51799,-34.16922],[24.51388,-34.17235],[24.4887,-34.16657],[24.44639,-34.14488],[24.42382,-34.12462],[24.40211,-34.11736],[24.38703,-34.1056],[24.37262,-34.10196],[24.36391,-34.10395],[24.31117,-34.10152],[24.29895,-34.09727],[24.29509,-34.09256],[24.24727,-34.08148],[24.22563,-34.07277],[24.21666,-34.07321],[24.19515,-34.06103],[24.18014,-34.05748],[24.12881,-34.05102],[24.12872,-34.05359],[24.12094,-34.05533],[24.10293,-34.04951],[24.08015,-34.04769],[24.07876,-34.04316],[24.07339,-34.04689],[24.06262,-34.04599],[23.89989,-34.02093],[23.8926,-34.02444],[23.87794,-34.01978],[23.84179,-34.01805],[23.80942,-34.00967],[23.79775,-34.01122],[23.77418,-34.00752],[23.75603,-33.99958],[23.69021,-33.98613],[23.64704,-33.98049],[23.63581,-33.98243],[23.6141,-33.97865],[23.58343,-33.98431],[23.56086,-33.98247],[23.53246,-33.99218],[23.52959,-33.99918],[23.45385,-34.00469],[23.41231,-34.01952],[23.38155,-34.04492],[23.38087,-34.04262],[23.39939,-34.0262],[23.39832,-34.02134],[23.40393,-34.01223],[23.40228,-34.00302],[23.39918,-34.00256],[23.39601,-34.01599],[23.39406,-34.01243],[23.39129,-34.01813],[23.3918,-34.02532],[23.3726,-34.04522],[23.37221,-34.04754],[23.37975,-34.04688],[23.3792,-34.06025],[23.35886,-34.05602],[23.35941,-34.05909],[23.37954,-34.06127],[23.37209,-34.07658],[23.37658,-34.09897],[23.3967,-34.10064],[23.41201,-34.10689],[23.40564,-34.111],[23.39129,-34.10588],[23.3892,-34.10849],[23.37882,-34.10201],[23.35795,-34.10678],[23.34482,-34.10113],[23.28677,-34.10171],[23.26816,-34.0991],[23.25778,-34.09209],[23.24981,-34.09442],[23.22772,-34.08802],[23.21481,-34.09056],[23.20916,-34.08707],[23.19336,-34.08517],[23.13904,-34.08664],[23.12499,-34.08033],[23.10215,-34.08111],[23.08373,-34.08566],[23.06484,-34.08341],[23.05973,-34.0763],[23.06271,-34.07201],[23.04921,-34.06286],[23.0709,-34.06596],[23.06737,-34.04148],[23.05636,-34.0391],[23.04843,-34.04334],[23.05128,-34.04625],[23.05337,-34.04326],[23.05927,-34.0447],[23.06291,-34.04194],[23.05851,-34.05152],[23.05389,-34.05199],[23.04672,-34.04915],[23.04782,-34.04335],[23.03346,-34.03678],[23.02114,-34.03801],[23.01569,-34.0426],[23.0061,-34.02836],[22.99928,-34.02706],[22.99495,-34.027],[22.99153,-34.03246],[23.00451,-34.03944],[22.99993,-34.04825],[23.00209,-34.05503],[23.01942,-34.0568],[23.02666,-34.04961],[23.03464,-34.06053],[23.05693,-34.07583],[23.05712,-34.08328],[23.05563,-34.08562],[23.04324,-34.08441],[23.03349,-34.077],[22.99941,-34.07229],[22.97825,-34.07867],[22.97231,-34.08879],[22.9704,-34.08625],[22.95959,-34.08616],[22.94945,-34.07502],[22.94796,-34.07748],[22.90811,-34.0632],[22.84139,-34.04803],[22.79755,-34.03313],[22.80342,-34.02611],[22.79655,-34.01516],[22.78975,-34.01487],[22.78156,-34.02141],[22.77348,-34.01896],[22.77051,-34.00937],[22.76341,-34.0096],[22.76981,-34.02043],[22.78467,-34.0224],[22.79409,-34.01558],[22.79643,-34.01696],[22.79466,-34.02084],[22.80094,-34.02589],[22.79644,-34.03186],[22.77212,-34.02746],[22.76266,-34.03287],[22.67515,-34.00929],[22.59284,-33.99728],[22.56259,-33.99689],[22.5566,-33.99838],[22.55653,-34.00327],[22.54885,-34.00516],[22.54074,-34.01734],[22.51162,-34.0285],[22.50712,-34.03562],[22.49912,-34.03713],[22.49491,-34.04348],[22.48814,-34.04498],[22.48576,-34.0504],[22.46136,-34.0498],[22.4519,-34.05608],[22.4346,-34.05589],[22.43249,-34.059],[22.42659,-34.05702],[22.42509,-34.0596],[22.4034,-34.0551],[22.39479,-34.05738],[22.39382,-34.05456],[22.37848,-34.06052],[22.34347,-34.05307],[22.26843,-34.05271],[22.22808,-34.05954],[22.16016,-34.08347],[22.12492,-34.11643],[22.11211,-34.14122],[22.11064,-34.15871],[22.11397,-34.16575],[22.13386,-34.17289],[22.13951,-34.17927],[22.15498,-34.18002],[22.1614,-34.186],[22.15169,-34.18815],[22.14375,-34.19568],[22.11199,-34.20329],[22.09746,-34.20355],[22.08978,-34.20773],[22.05881,-34.20479],[22.01525,-34.21004],[21.98317,-34.21802],[21.9573,-34.22863],[21.92628,-34.24969],[21.91424,-34.267],[21.91185,-34.27498],[21.91435,-34.29116],[21.93544,-34.29447],[21.94481,-34.30146],[21.93028,-34.30389],[21.90616,-34.32129],[21.90365,-34.33287],[21.91408,-34.33819],[21.90346,-34.34431],[21.88889,-34.34403],[21.87734,-34.33576],[21.85843,-34.33448],[21.83566,-34.31845],[21.82736,-34.30925],[21.826,-34.29718],[21.83385,-34.2925],[21.82804,-34.28457],[21.83122,-34.29226],[21.82398,-34.29681],[21.82485,-34.30618],[21.83317,-34.31808],[21.85814,-34.3359],[21.8769,-34.33821],[21.87881,-34.3423],[21.88471,-34.3438],[21.88435,-34.35357],[21.87111,-34.36241],[21.8581,-34.3625],[21.85196,-34.36871],[21.83622,-34.37499],[21.80466,-34.38137],[21.74055,-34.38794],[21.72945,-34.3952],[21.68416,-34.39277],[21.66613,-34.38644],[21.63385,-34.3816],[21.58351,-34.36334],[21.54939,-34.36055],[21.53604,-34.35598],[21.49426,-34.36541],[21.44066,-34.36947],[21.42551,-34.37762],[21.42179,-34.37712],[21.41381,-34.36249],[21.41478,-34.37046],[21.42945,-34.38994],[21.42776,-34.39367],[21.42527,-34.39124],[21.41443,-34.39308],[21.41292,-34.40105],[21.39867,-34.40495],[21.39528,-34.40997],[21.38195,-34.41066],[21.37177,-34.42303],[21.35129,-34.42013],[21.33582,-34.42904],[21.33553,-34.43367],[21.32001,-34.43153],[21.31119,-34.43836],[21.30204,-34.43903],[21.24646,-34.41923],[21.21853,-34.41543],[21.20829,-34.41095],[21.20642,-34.4062],[21.12482,-34.38086],[21.00113,-34.36474],[20.92116,-34.36792],[20.88302,-34.37997],[20.84857,-34.40075],[20.84672,-34.39741],[20.82532,-34.39687],[20.81043,-34.40044],[20.80298,-34.40609],[20.79275,-34.40427],[20.76952,-34.39279],[20.74721,-34.38915],[20.72368,-34.3783],[20.70823,-34.36336],[20.69028,-34.35817],[20.68661,-34.34506],[20.66893,-34.34874],[20.65499,-34.34729],[20.64752,-34.35433],[20.64101,-34.35508],[20.6373,-34.35417],[20.63222,-34.34593],[20.61937,-34.3432],[20.60728,-34.34586],[20.60167,-34.35188],[20.59764,-34.35189],[20.60518,-34.3237],[20.6221,-34.31637],[20.61755,-34.30245],[20.59167,-34.30404],[20.58923,-34.29645],[20.58429,-34.29399],[20.57871,-34.29449],[20.56636,-34.30376],[20.56692,-34.29534],[20.57492,-34.27841],[20.56536,-34.27221],[20.56632,-34.26578],[20.56247,-34.26179],[20.54638,-34.2598],[20.54337,-34.27315],[20.54855,-34.26071],[20.55969,-34.26113],[20.5657,-34.2663],[20.56381,-34.27169],[20.57323,-34.27686],[20.56429,-34.2997],[20.56566,-34.30421],[20.57403,-34.30179],[20.57995,-34.295],[20.58906,-34.29928],[20.58951,-34.3039],[20.59848,-34.30612],[20.61615,-34.30219],[20.62152,-34.31454],[20.60304,-34.32477],[20.60346,-34.33402],[20.5944,-34.34993],[20.59857,-34.3529],[20.62216,-34.34423],[20.62681,-34.34412],[20.63513,-34.35442],[20.6407,-34.35611],[20.64721,-34.35562],[20.6556,-34.34896],[20.66892,-34.35079],[20.68598,-34.34737],[20.68549,-34.35482],[20.68965,-34.35946],[20.70884,-34.36696],[20.71748,-34.3788],[20.73573,-34.39015],[20.76548,-34.39612],[20.79428,-34.41057],[20.82469,-34.40381],[20.84825,-34.40885],[20.85582,-34.42197],[20.86822,-34.42866],[20.86666,-34.43252],[20.87113,-34.45218],[20.86491,-34.46079],[20.86676,-34.46477],[20.8587,-34.46206],[20.84658,-34.47374],[20.83727,-34.46923],[20.81958,-34.47037],[20.78919,-34.46235],[20.73088,-34.45298],[20.63036,-34.45118],[20.56018,-34.46315],[20.53066,-34.47088],[20.48587,-34.48792],[20.45721,-34.50258],[20.42881,-34.52532],[20.40713,-34.56146],[20.39868,-34.56977],[20.3421,-34.59325],[20.32813,-34.61027],[20.31564,-34.61701],[20.27324,-34.6318],[20.2448,-34.64717],[20.2327,-34.66149],[20.23291,-34.68912],[20.20024,-34.68942],[20.16344,-34.69714],[20.12377,-34.71228],[20.0815,-34.73472],[20.05996,-34.75383],[20.04853,-34.77301],[20.04683,-34.78585],[20.05059,-34.79693],[20.06407,-34.80397],[20.05747,-34.80855],[20.0579,-34.81189],[20.03015,-34.81347],[20.02737,-34.8245],[20.01631,-34.82428],[20.01186,-34.8317],[20.00031,-34.8334],[19.98691,-34.83278],[19.97298,-34.82521],[19.96893,-34.82505],[19.96796,-34.82812],[19.96331,-34.82641],[19.96709,-34.82298],[19.95838,-34.82162],[19.95566,-34.8153],[19.93976,-34.81542],[19.93981,-34.81195],[19.93514,-34.81114],[19.9241,-34.79755],[19.90464,-34.78491],[19.88895,-34.78194],[19.88503,-34.77265],[19.87281,-34.76676],[19.846,-34.76831],[19.82304,-34.76217],[19.79867,-34.7681],[19.76883,-34.76447],[19.74663,-34.77028],[19.69723,-34.76269],[19.68378,-34.76627],[19.68263,-34.77037],[19.6732,-34.77592],[19.67668,-34.78226],[19.65483,-34.78523],[19.64649,-34.78064],[19.63899,-34.78236],[19.63622,-34.7804],[19.63998,-34.7789],[19.6397,-34.76733],[19.62981,-34.75347],[19.61075,-34.7575],[19.60714,-34.75],[19.59942,-34.74632],[19.59977,-34.7345],[19.59413,-34.72762],[19.58702,-34.72459],[19.58604,-34.72766],[19.57639,-34.72742],[19.57572,-34.72111],[19.5509,-34.70797],[19.55222,-34.70336],[19.5323,-34.68591],[19.53161,-34.68127],[19.52442,-34.67425],[19.51392,-34.67014],[19.50054,-34.67049],[19.48698,-34.66338],[19.47609,-34.6635],[19.4495,-34.65533],[19.4386,-34.63129],[19.43131,-34.6222],[19.42139,-34.61269],[19.40815,-34.60584],[19.38754,-34.61097],[19.38467,-34.61453],[19.37819,-34.61213],[19.35544,-34.61529],[19.35124,-34.6232],[19.33999,-34.62652],[19.31581,-34.62285],[19.30567,-34.63221],[19.29298,-34.6296],[19.29898,-34.62505],[19.30226,-34.61688],[19.3282,-34.60953],[19.33699,-34.5896],[19.34466,-34.58662],[19.34233,-34.57888],[19.35171,-34.56822],[19.352,-34.56128],[19.36218,-34.55679],[19.37813,-34.54313],[19.36439,-34.49952],[19.3379,-34.45804],[19.30031,-34.42206],[19.27361,-34.40845],[19.2515,-34.41341],[19.24371,-34.42229],[19.2358,-34.42269],[19.22648,-34.43052],[19.22529,-34.43564],[19.21811,-34.43772],[19.2079,-34.4368],[19.20405,-34.42827],[19.1944,-34.42967],[19.18773,-34.42276],[19.17214,-34.41944],[19.16958,-34.41593],[19.15456,-34.42213],[19.1406,-34.42256],[19.12292,-34.41561],[19.11841,-34.40938],[19.11901,-34.40348],[19.12483,-34.39945],[19.12192,-34.39093],[19.10083,-34.3712],[19.07671,-34.35515],[19.04602,-34.34246],[19.01617,-34.34724],[18.99453,-34.34535],[18.96714,-34.36314],[18.94897,-34.35873],[18.90807,-34.35855],[18.89186,-34.37497],[18.8734,-34.36977],[18.85745,-34.37528],[18.85562,-34.38013],[18.86006,-34.38843],[18.83848,-34.3779],[18.8313,-34.37995],[18.8342,-34.38758],[18.82646,-34.38719],[18.82594,-34.38346],[18.82192,-34.38313],[18.82631,-34.38115],[18.82738,-34.37564],[18.82063,-34.37321],[18.81547,-34.36297],[18.81792,-34.35813],[18.80994,-34.34925],[18.82503,-34.34669],[18.82905,-34.34111],[18.82045,-34.33197],[18.82125,-34.32517],[18.81806,-34.32293],[18.8175,-34.31431],[18.8122,-34.30998],[18.81458,-34.30771],[18.8124,-34.30227],[18.81392,-34.29729],[18.82089,-34.29729],[18.82122,-34.29035],[18.82931,-34.27662],[18.84985,-34.26645],[18.85534,-34.25138],[18.8524,-34.23925],[18.83051,-34.21806],[18.81826,-34.19523],[18.81841,-34.18932],[18.82374,-34.18042],[18.83818,-34.17207],[18.85718,-34.16636],[18.86752,-34.16089],[18.86714,-34.15754],[18.85539,-34.15168],[18.81068,-34.0995],[18.77097,-34.08272],[18.71378,-34.07319],[18.63441,-34.07349],[18.59816,-34.07793],[18.52578,-34.09293],[18.4694,-34.109],[18.44737,-34.13282],[18.44342,-34.13043],[18.43298,-34.13869],[18.43954,-34.15167],[18.43219,-34.15949],[18.42553,-34.1853],[18.42858,-34.19178],[18.44223,-34.19053],[18.45105,-34.19534],[18.46118,-34.20814],[18.46716,-34.22522],[18.47598,-34.23028],[18.47597,-34.25649],[18.46703,-34.26555],[18.47468,-34.27882],[18.46655,-34.29201],[18.46699,-34.29793],[18.46042,-34.31064],[18.46491,-34.31561],[18.46114,-34.31759],[18.46148,-34.32145],[18.46763,-34.32826],[18.47175,-34.34068],[18.48733,-34.34768],[18.49612,-34.35428],[18.49634,-34.3575],[18.48153,-34.35539],[18.47341,-34.35754],[18.45694,-34.3387],[18.44336,-34.33713],[18.42745,-34.33076],[18.41596,-34.3214],[18.41486,-34.31714],[18.40177,-34.30966],[18.40461,-34.30304],[18.40081,-34.29577],[18.38869,-34.27727],[18.37967,-34.27348],[18.38407,-34.26638],[18.38047,-34.26271],[18.38238,-34.25607],[18.37844,-34.25341],[18.38028,-34.24883],[18.37568,-34.24282],[18.37774,-34.23105],[18.37033,-34.21059],[18.3699,-34.19465],[18.35599,-34.17971],[18.33737,-34.17699],[18.31793,-34.14676],[18.31954,-34.13986],[18.32921,-34.13686],[18.33785,-34.12741],[18.34737,-34.12428],[18.35319,-34.10616],[18.34963,-34.09144],[18.35378,-34.08716],[18.35519,-34.0764],[18.36238,-34.07373],[18.36716,-34.06381],[18.36132,-34.04827],[18.34915,-34.0475],[18.34982,-34.05059],[18.34517,-34.05126],[18.34729,-34.05748],[18.3405,-34.06234],[18.32515,-34.05468],[18.32092,-34.04714],[18.31327,-34.04505],[18.3073,-34.03836],[18.3153,-34.03443],[18.31629,-34.02738],[18.33026,-34.02473],[18.33452,-34.01686],[18.3341,-34.01069],[18.34132,-34.00647],[18.34344,-33.9929],[18.34841,-33.98684],[18.36215,-33.98149],[18.37056,-33.9737],[18.3727,-33.95936],[18.37673,-33.95867],[18.37681,-33.94608],[18.37163,-33.94418],[18.37141,-33.94109],[18.37656,-33.93914],[18.37693,-33.92194],[18.39775,-33.90619],[18.39854,-33.90055],[18.42767,-33.90014],[18.42119,-33.90566],[18.42529,-33.90754],[18.43232,-33.90435],[18.42568,-33.91012],[18.44048,-33.92006],[18.44667,-33.91552],[18.45163,-33.91824],[18.45365,-33.9125],[18.46721,-33.91252],[18.47449,-33.90599],[18.48778,-33.87825],[18.48857,-33.85155],[18.48373,-33.83809],[18.46764,-33.80924],[18.45728,-33.80054],[18.45872,-33.79852],[18.44648,-33.77565],[18.44142,-33.74908],[18.43505,-33.73585],[18.43569,-33.72995],[18.44131,-33.72698],[18.44387,-33.7183],[18.43994,-33.70074],[18.42189,-33.66157],[18.40239,-33.63058],[18.39465,-33.62246],[18.37786,-33.61889],[18.3677,-33.59979],[18.35819,-33.59945],[18.36179,-33.59221],[18.35719,-33.58183],[18.34293,-33.57112],[18.32623,-33.57025],[18.32425,-33.57483],[18.31173,-33.56775],[18.30899,-33.55715],[18.31068,-33.54717],[18.31302,-33.54105],[18.31855,-33.54092],[18.31482,-33.53236],[18.32513,-33.51639],[18.31432,-33.50883],[18.31637,-33.49719],[18.31132,-33.49669],[18.30635,-33.48387],[18.29575,-33.46976],[18.26302,-33.43333],[18.23463,-33.41047],[18.15923,-33.3647],[18.15281,-33.35479],[18.14915,-33.35445],[18.14596,-33.34898],[18.14757,-33.3467],[18.15989,-33.34416],[18.15878,-33.32666],[18.13255,-33.27698],[18.10386,-33.23803],[18.06148,-33.19336],[18.01987,-33.15884],[18.00496,-33.14821],[17.99973,-33.14886],[17.97201,-33.13732],[17.97137,-33.13194],[17.97704,-33.12821],[17.97222,-33.11651],[17.95315,-33.10771],[17.95849,-33.10296],[17.95948,-33.09613],[17.96479,-33.09985],[17.97288,-33.09517],[17.97657,-33.09611],[17.9796,-33.09089],[17.98026,-33.08343],[17.97618,-33.07993],[17.97493,-33.07456],[17.97732,-33.07322],[17.97409,-33.06764],[17.99525,-33.07074],[17.99518,-33.07793],[18.00427,-33.07869],[18.00197,-33.08326],[18.00426,-33.08781],[17.98521,-33.08986],[17.98135,-33.09291],[17.9812,-33.09754],[17.99081,-33.09281],[18.01344,-33.09612],[18.01003,-33.10221],[18.01427,-33.11233],[18.0129,-33.12129],[18.03009,-33.12761],[18.03073,-33.13122],[18.024,-33.14057],[18.02581,-33.14575],[18.04995,-33.15455],[18.04998,-33.16277],[18.06017,-33.16866],[18.0645,-33.17609],[18.06936,-33.1771],[18.07434,-33.18339],[18.08704,-33.18767],[18.09027,-33.20072],[18.09986,-33.20659],[18.10838,-33.20756],[18.10907,-33.21452],[18.12815,-33.20597],[18.12479,-33.20114],[18.11522,-33.204],[18.11332,-33.20151],[18.12879,-33.19108],[18.13284,-33.18398],[18.11581,-33.15815],[18.1093,-33.1517],[18.05874,-33.12906],[18.05842,-33.12494],[18.05183,-33.12119],[18.04882,-33.11534],[18.03266,-33.10558],[18.02822,-33.08774],[18.03908,-33.07335],[18.04311,-33.05341],[18.04223,-33.04786],[18.03627,-33.04348],[18.03778,-33.03941],[18.02965,-33.02251],[18.01569,-33.01152],[17.9986,-33.00783],[17.99456,-33.00986],[17.99065,-33.02049],[17.9881,-33.01746],[17.9965,-32.99979],[17.98539,-32.99582],[17.96469,-32.99682],[17.94726,-33.0043],[17.94616,-33.00793],[17.94965,-33.01196],[17.94753,-33.02177],[17.96466,-33.02779],[17.96555,-33.03162],[17.95164,-33.02591],[17.93795,-33.02701],[17.93348,-33.03032],[17.93674,-33.03667],[17.93438,-33.03904],[17.92591,-33.04129],[17.9122,-33.05112],[17.90382,-33.04656],[17.90177,-33.03993],[17.89732,-33.03913],[17.89319,-33.02947],[17.89809,-33.02999],[17.9037,-33.02434],[17.9022,-33.01127],[17.89047,-33.00216],[17.87837,-33.00514],[17.87235,-32.99346],[17.87858,-32.98355],[17.88633,-32.97824],[17.88343,-32.97316],[17.88591,-32.96977],[17.88403,-32.95902],[17.8786,-32.95606],[17.88664,-32.95022],[17.88468,-32.93202],[17.87955,-32.91942],[17.87105,-32.91589],[17.87096,-32.91281],[17.85928,-32.90974],[17.85957,-32.90459],[17.86884,-32.89462],[17.86377,-32.89306],[17.86603,-32.88749],[17.87938,-32.88589],[17.88287,-32.88093],[17.88301,-32.86191],[17.8782,-32.84943],[17.87347,-32.84929],[17.87431,-32.84695],[17.86702,-32.84275],[17.86036,-32.84393],[17.86144,-32.83967],[17.84889,-32.83263],[17.84516,-32.82527],[17.85283,-32.8179],[17.87314,-32.8155],[17.88275,-32.81156],[17.88442,-32.80664],[17.89116,-32.80789],[17.90515,-32.79845],[17.90852,-32.78527],[17.90747,-32.77167],[17.90285,-32.75585],[17.89504,-32.74935],[17.89605,-32.7429],[17.90251,-32.73607],[17.91133,-32.73612],[17.92286,-32.72609],[17.92371,-32.71476],[17.93118,-32.72011],[17.94016,-32.71592],[17.94033,-32.72106],[17.95008,-32.72198],[17.96053,-32.71621],[17.96851,-32.70472],[17.96722,-32.70244],[17.9713,-32.70182],[17.97323,-32.70499],[17.9804,-32.70572],[17.97891,-32.71578],[17.97562,-32.7174],[17.97846,-32.72529],[18.01573,-32.741],[18.01086,-32.74277],[18.01439,-32.75082],[18.04183,-32.76689],[18.05494,-32.78428],[18.07795,-32.77827],[18.10889,-32.78092],[18.13648,-32.77435],[18.13301,-32.77826],[18.14673,-32.77703],[18.14047,-32.7828],[18.14095,-32.78666],[18.15223,-32.79553],[18.16734,-32.78893],[18.17266,-32.79394],[18.18352,-32.79701],[18.19573,-32.79561],[18.19254,-32.81969],[18.20597,-32.82333],[18.20423,-32.83023],[18.21527,-32.83254],[18.21153,-32.8399],[18.21689,-32.84863],[18.20957,-32.84911],[18.20963,-32.8522],[18.20643,-32.85238],[18.20799,-32.8609],[18.21328,-32.85703],[18.22242,-32.85685],[18.22531,-32.86192],[18.23405,-32.86482],[18.23578,-32.86781],[18.23253,-32.86941],[18.23321,-32.87225],[18.24585,-32.8769],[18.26487,-32.87256],[18.2637,-32.88089],[18.27474,-32.88807],[18.27215,-32.89315],[18.28786,-32.89734],[18.29132,-32.90372],[18.30508,-32.91224],[18.30615,-32.91701],[18.31642,-32.91993],[18.33022,-32.91702],[18.33944,-32.92466],[18.33704,-32.91819],[18.33929,-32.91438],[18.33539,-32.9071],[18.3285,-32.90336],[18.32963,-32.89593],[18.32125,-32.891],[18.30793,-32.89842],[18.30617,-32.89646],[18.3135,-32.89559],[18.31391,-32.892],[18.30697,-32.88992],[18.30533,-32.88385],[18.29687,-32.88148],[18.29387,-32.88514],[18.29603,-32.88904],[18.29196,-32.88793],[18.29246,-32.88151],[18.29989,-32.87731],[18.30002,-32.8732],[18.29084,-32.86966],[18.2862,-32.86185],[18.29489,-32.85664],[18.3024,-32.85989],[18.29961,-32.8516],[18.28691,-32.84863],[18.28274,-32.85047],[18.28706,-32.85364],[18.28634,-32.85748],[18.27236,-32.85654],[18.26188,-32.86067],[18.24648,-32.85661],[18.23572,-32.84031],[18.22265,-32.83989],[18.22219,-32.84464],[18.21937,-32.84239],[18.22331,-32.82346],[18.21439,-32.82172],[18.20853,-32.8144],[18.19501,-32.81859],[18.19988,-32.80881],[18.21019,-32.80518],[18.21259,-32.7965],[18.20727,-32.7915],[18.19021,-32.78739],[18.15454,-32.78993],[18.15842,-32.78269],[18.1508,-32.78791],[18.14652,-32.78371],[18.15284,-32.7764],[18.15073,-32.77095],[18.14634,-32.77021],[18.1492,-32.76655],[18.16285,-32.75812],[18.19947,-32.71501],[18.23318,-32.6916],[18.2588,-32.66364],[18.28728,-32.62083],[18.31428,-32.56565],[18.33152,-32.501],[18.33485,-32.44993],[18.3281,-32.38066],[18.31605,-32.33749],[18.31449,-32.31869],[18.31565,-32.31538],[18.32375,-32.31773],[18.33559,-32.31631],[18.33856,-32.31329],[18.3458,-32.28286],[18.33544,-32.2387],[18.32431,-32.21097],[18.32492,-32.2007],[18.31118,-32.17445],[18.31129,-32.16032],[18.30538,-32.1458],[18.30073,-32.11384],[18.304,-32.10542],[18.30051,-32.09558],[18.30148,-32.08828],[18.30899,-32.08947],[18.31396,-32.08482],[18.31382,-32.06914],[18.29314,-32.02295],[18.29402,-32.01372],[18.28206,-31.99496],[18.28603,-31.98297],[18.2656,-31.93961],[18.26564,-31.93319],[18.27522,-31.93031],[18.27507,-31.91514],[18.28006,-31.90934],[18.28034,-31.89958],[18.26884,-31.87081],[18.23434,-31.8211],[18.23207,-31.78623],[18.2274,-31.7815],[18.22254,-31.76289],[18.22686,-31.75399],[18.22578,-31.75011],[18.18918,-31.70228],[18.19147,-31.69591],[18.20102,-31.68841],[18.2028,-31.6941],[18.19588,-31.70423],[18.20115,-31.70383],[18.20508,-31.69338],[18.20794,-31.69319],[18.20176,-31.67352],[18.19904,-31.67423],[18.1966,-31.65053],[18.20802,-31.64513],[18.21258,-31.63855],[18.2115,-31.63441],[18.20717,-31.63342],[18.20393,-31.6363],[18.19586,-31.62507],[18.19727,-31.61303],[18.21468,-31.61341],[18.22808,-31.60702],[18.22604,-31.60003],[18.23098,-31.59526],[18.22773,-31.58863],[18.21393,-31.57818],[18.21472,-31.57177],[18.25949,-31.57017],[18.26677,-31.55722],[18.27585,-31.55459],[18.27399,-31.54632],[18.28414,-31.53793],[18.28781,-31.54071],[18.29485,-31.56193],[18.29924,-31.56575],[18.32439,-31.56795],[18.33321,-31.57456],[18.34494,-31.5739],[18.36591,-31.58603],[18.37192,-31.58603],[18.37678,-31.58394],[18.37689,-31.58009],[18.38079,-31.57991],[18.3914,-31.58733],[18.39599,-31.595],[18.40978,-31.59567],[18.40147,-31.61375],[18.40815,-31.63265],[18.4369,-31.62526],[18.44226,-31.62691],[18.45552,-31.64709],[18.46737,-31.65363],[18.48767,-31.65852],[18.5081,-31.65854],[18.51757,-31.66952],[18.51595,-31.67386],[18.51991,-31.67779],[18.50632,-31.6801],[18.5034,-31.68801],[18.5079,-31.68861],[18.5059,-31.69577],[18.5188,-31.69679],[18.51574,-31.69313],[18.51016,-31.69405],[18.51713,-31.69174],[18.54352,-31.71115],[18.5301,-31.724],[18.53037,-31.73094],[18.53741,-31.74316],[18.54013,-31.74295],[18.55119,-31.75705],[18.56347,-31.75895],[18.56533,-31.74549],[18.58505,-31.73867],[18.59114,-31.74162],[18.59066,-31.7488],[18.59372,-31.75246],[18.60334,-31.75277],[18.6106,-31.75689],[18.60883,-31.76739],[18.61823,-31.77631],[18.61843,-31.78017],[18.61739,-31.7912],[18.60977,-31.80083],[18.60789,-31.81544],[18.62188,-31.83935],[18.61887,-31.86268],[18.62056,-31.86708],[18.62595,-31.86834],[18.6354,-31.86376],[18.63883,-31.87128],[18.64296,-31.86288],[18.63396,-31.86117],[18.62484,-31.86472],[18.61993,-31.86219],[18.62181,-31.83601],[18.60911,-31.81495],[18.61171,-31.80138],[18.62069,-31.79178],[18.6203,-31.77763],[18.61153,-31.76745],[18.61456,-31.76082],[18.61067,-31.75432],[18.59743,-31.74854],[18.59728,-31.74276],[18.58629,-31.73754],[18.56598,-31.74332],[18.5584,-31.75706],[18.55184,-31.75487],[18.53441,-31.73179],[18.53467,-31.72203],[18.54537,-31.70964],[18.54322,-31.70549],[18.52695,-31.69566],[18.52791,-31.69324],[18.51121,-31.68816],[18.52036,-31.6832],[18.52262,-31.66602],[18.5331,-31.66185],[18.51091,-31.65461],[18.48568,-31.65412],[18.47016,-31.65021],[18.45567,-31.64183],[18.45286,-31.63457],[18.44997,-31.6358],[18.45044,-31.6299],[18.44596,-31.62338],[18.44151,-31.62137],[18.4054,-31.62359],[18.40566,-31.60895],[18.41746,-31.60045],[18.4199,-31.5933],[18.41597,-31.58898],[18.3989,-31.59288],[18.38749,-31.57671],[18.38094,-31.57452],[18.38088,-31.57696],[18.37522,-31.5753],[18.36282,-31.57839],[18.33414,-31.56288],[18.29794,-31.55878],[18.28972,-31.53689],[18.27959,-31.52935],[18.27572,-31.53325],[18.27954,-31.53616],[18.27938,-31.54156],[18.27463,-31.54492],[18.269,-31.53234],[18.26038,-31.53447],[18.26377,-31.54174],[18.25721,-31.54571],[18.25737,-31.55548],[18.24366,-31.56765],[18.22023,-31.56791],[18.22805,-31.56255],[18.22265,-31.55742],[18.21462,-31.55995],[18.21171,-31.57685],[18.22773,-31.59339],[18.22209,-31.60637],[18.19734,-31.61084],[18.19391,-31.61501],[18.19375,-31.62528],[18.20322,-31.63988],[18.19433,-31.64586],[18.19269,-31.65045],[18.19812,-31.68475],[18.19268,-31.68591],[18.18803,-31.70046],[18.18581,-31.69938],[18.18086,-31.68899],[18.15198,-31.65545],[18.14029,-31.63001],[18.13167,-31.62236],[18.13187,-31.61568],[18.12787,-31.60917],[18.11632,-31.59914],[18.11835,-31.58685],[18.11251,-31.57644],[18.06571,-31.52783],[18.04286,-31.51009],[18.03188,-31.49236],[18.00879,-31.47332],[17.98095,-31.43552],[17.94856,-31.40621],[17.92738,-31.37534],[17.90028,-31.35128],[17.90006,-31.34409],[17.87897,-31.32041],[17.87667,-31.30864],[17.88244,-31.30157],[17.88027,-31.2844],[17.86085,-31.25554],[17.83822,-31.23419],[17.81938,-31.22407],[17.81771,-31.2182],[17.7975,-31.20219],[17.78447,-31.18114],[17.77516,-31.1744],[17.75022,-31.1441],[17.74805,-31.13617],[17.74417,-31.13626],[17.74679,-31.12875],[17.73646,-31.1228],[17.73857,-31.11325],[17.73571,-31.10714],[17.7234,-31.09455],[17.72209,-31.08507],[17.70348,-31.06592],[17.70685,-31.05866],[17.69355,-31.03683],[17.6926,-31.02965],[17.68728,-31.02617],[17.68915,-31.01842],[17.68231,-31.00339],[17.6629,-30.98118],[17.65469,-30.9649],[17.63342,-30.94528],[17.62976,-30.93688],[17.60941,-30.91775],[17.60461,-30.91644],[17.60302,-30.90734],[17.59853,-30.90114],[17.59525,-30.90107],[17.59557,-30.89079],[17.59166,-30.88958],[17.57488,-30.85855],[17.57699,-30.84823],[17.5709,-30.84321],[17.56421,-30.82715],[17.55442,-30.81706],[17.55293,-30.80604],[17.53431,-30.77736],[17.5335,-30.76349],[17.52368,-30.73515],[17.47856,-30.68692],[17.47255,-30.68459],[17.47085,-30.67036],[17.46411,-30.66278],[17.46202,-30.65073],[17.45092,-30.64092],[17.44599,-30.62816],[17.43375,-30.62016],[17.43567,-30.6137],[17.44007,-30.61105],[17.44286,-30.59814],[17.41106,-30.56197],[17.41357,-30.5555],[17.40414,-30.54025],[17.40523,-30.53625],[17.40028,-30.53441],[17.39954,-30.52825],[17.37676,-30.50155],[17.37138,-30.49972],[17.36447,-30.48416],[17.36091,-30.48423],[17.35803,-30.46937],[17.34983,-30.46181],[17.35424,-30.45401],[17.34621,-30.45313],[17.34196,-30.43675],[17.33625,-30.43351],[17.33054,-30.42436],[17.32297,-30.40547],[17.30826,-30.39159],[17.30809,-30.37797],[17.28764,-30.35918],[17.28797,-30.35442],[17.28321,-30.34704],[17.27843,-30.34559],[17.27878,-30.34172],[17.27283,-30.33437],[17.27517,-30.32636],[17.2711,-30.3236],[17.27158,-30.31845],[17.2754,-30.3171],[17.27442,-30.31339],[17.27055,-30.31256],[17.27305,-30.30506],[17.26907,-30.28675],[17.25701,-30.26446],[17.26053,-30.26311],[17.26029,-30.25926],[17.24568,-30.24177],[17.24448,-30.2346],[17.23565,-30.22369],[17.2375,-30.22057],[17.23171,-30.21322],[17.2329,-30.20034],[17.22373,-30.18739],[17.22169,-30.16248],[17.20706,-30.15],[17.19815,-30.13498],[17.19523,-30.1367],[17.19683,-30.12871],[17.18966,-30.11237],[17.19302,-30.11026],[17.19276,-30.10512],[17.1915,-30.10167],[17.18572,-30.10138],[17.18665,-30.09648],[17.18304,-30.09371],[17.18674,-30.08697],[17.18137,-30.07806],[17.1822,-30.0621],[17.17834,-30.04803],[17.17387,-30.04604],[17.17225,-30.03939],[17.16667,-30.03459],[17.16674,-30.02379],[17.16067,-30.01001],[17.16228,-30.00253],[17.1574,-29.99515],[17.16038,-29.9897],[17.15861,-29.98279],[17.13405,-29.94617],[17.12929,-29.94457],[17.12377,-29.93463],[17.11873,-29.93381],[17.12007,-29.92736],[17.11626,-29.92151],[17.11702,-29.91584],[17.11257,-29.91463],[17.11193,-29.89844],[17.10175,-29.88421],[17.10572,-29.86974],[17.1011,-29.8675],[17.09825,-29.85816],[17.09138,-29.85377],[17.08918,-29.84018],[17.0746,-29.8129],[17.08107,-29.81202],[17.08063,-29.80483],[17.07476,-29.79927],[17.07695,-29.79075],[17.05942,-29.75554],[17.05971,-29.71182],[17.0536,-29.70832],[17.05752,-29.69849],[17.05602,-29.69002],[17.05227,-29.67928],[17.04568,-29.67373],[17.03682,-29.65059],[17.03456,-29.61862],[16.99893,-29.57287],[16.99872,-29.56928],[17.00579,-29.56274],[17.00504,-29.55453],[16.9983,-29.54048],[16.99829,-29.52506],[16.99301,-29.51819],[16.9942,-29.51175],[16.98555,-29.50519],[16.98586,-29.49079],[16.97795,-29.47702],[16.97933,-29.46517],[16.97504,-29.46343],[16.97039,-29.45116],[16.96689,-29.42961],[16.95066,-29.40992],[16.94712,-29.40946],[16.94095,-29.38628],[16.94129,-29.3729],[16.93442,-29.35886],[16.92642,-29.35511],[16.92737,-29.35099],[16.91234,-29.33963],[16.90857,-29.33428],[16.90905,-29.32862],[16.89744,-29.31979],[16.89492,-29.31031],[16.87912,-29.2969],[16.877,-29.29307],[16.87967,-29.27863],[16.8696,-29.26515],[16.866,-29.24488],[16.85391,-29.24119],[16.85394,-29.23451],[16.83828,-29.21158],[16.84512,-29.20043],[16.84326,-29.18656],[16.8336,-29.1705],[16.832,-29.16306],[16.83741,-29.16273],[16.82374,-29.1354],[16.8231,-29.12383],[16.81521,-29.11623],[16.8179,-29.09433],[16.78782,-29.06516],[16.74747,-29.04178],[16.74343,-29.03668],[16.72681,-29.01401],[16.72568,-29.00734],[16.71918,-29.00356],[16.72111,-28.97885],[16.71406,-28.97675],[16.70687,-28.96617],[16.70247,-28.96571],[16.70221,-28.95877],[16.69686,-28.95318],[16.69576,-28.93982],[16.68718,-28.92424],[16.65669,-28.90083],[16.63022,-28.89022],[16.61807,-28.87905],[16.60266,-28.87435],[16.60445,-28.86739],[16.60122,-28.86614],[16.59686,-28.83944],[16.58505,-28.83109],[16.58197,-28.82007],[16.58283,-28.8],[16.57413,-28.79444],[16.57406,-28.77978],[16.56182,-28.76192],[16.57195,-28.74586],[16.57037,-28.72813],[16.56251,-28.71948],[16.55414,-28.71623],[16.55379,-28.71186],[16.53532,-28.7059],[16.53152,-28.69565],[16.51561,-28.68452],[16.51405,-28.67759],[16.51083,-28.67685],[16.51047,-28.67171],[16.50609,-28.67125],[16.5047,-28.66586],[16.46483,-28.64071],[16.46187,-28.63714],[16.46478,-28.63672],[16.48446,-28.64757],[16.47255,-28.6194],[16.46298,-28.63314],[16.45697,-28.63089],[16.45962,-28.62237],[16.46942,-28.61429],[16.4715,-28.59575],[16.49017,-28.57703],[16.4937,-28.56876],[16.52236,-28.56638],[16.52378,-28.5638],[16.5775,-28.55187],[16.60812,-28.53479],[16.61765,-28.51976],[16.6178,-28.5105],[16.62248,-28.50272],[16.67329,-28.47472],[16.68605,-28.47199],[16.6925,-28.47486],[16.69412,-28.49439],[16.70282,-28.50161],[16.71567,-28.50351],[16.73422,-28.49877],[16.74293,-28.48812],[16.7509,-28.46872],[16.77592,-28.45014],[16.77992,-28.43723],[16.76886,-28.40213],[16.81113,-28.3648],[16.81119,-28.35966],[16.7959,-28.34957],[16.78996,-28.34245],[16.7825,-28.32197],[16.76281,-28.30872],[16.75463,-28.29764],[16.75792,-28.26776],[16.76552,-28.26188],[16.77713,-28.26095],[16.79859,-28.27649],[16.81519,-28.27871],[16.82498,-28.27357],[16.82956,-28.25268],[16.82736,-28.24293],[16.80713,-28.23137],[16.80482,-28.22368],[16.80953,-28.21429],[16.82678,-28.21814],[16.84995,-28.21633],[16.857,-28.21224],[16.85845,-28.20412],[16.83132,-28.18425],[16.82766,-28.17247],[16.8323,-28.16646],[16.84037,-28.1648],[16.85708,-28.17018],[16.86378,-28.17421],[16.86836,-28.18251],[16.87833,-28.18062],[16.88854,-28.17299],[16.88997,-28.16958],[16.8844,-28.1499],[16.88833,-28.14589],[16.89072,-28.1323],[16.88949,-28.11699],[16.88171,-28.09775],[16.88473,-28.09051],[16.90065,-28.07327],[16.90652,-28.07118],[16.95535,-28.07626],[16.97425,-28.05919],[16.98324,-28.06224],[16.99315,-28.07364],[17.00018,-28.07633],[17.00814,-28.07262],[17.01972,-28.05568],[17.05175,-28.04942],[17.06878,-28.04169],[17.07723,-28.03382],[17.08243,-28.03412],[17.10361,-28.04779],[17.12528,-28.06856],[17.13178,-28.0895],[17.13659,-28.09465],[17.16514,-28.10165],[17.18252,-28.10069],[17.19225,-28.10908],[17.19174,-28.1207],[17.19562,-28.12737],[17.19416,-28.14142],[17.18829,-28.16574],[17.17864,-28.18411],[17.1818,-28.19622],[17.1801,-28.20304],[17.18849,-28.22182],[17.21462,-28.25044],[17.22478,-28.25316],[17.2395,-28.25128],[17.25444,-28.23855],[17.27888,-28.24621],[17.30753,-28.22707],[17.31586,-28.22654],[17.32641,-28.23331],[17.34229,-28.23688],[17.35369,-28.25177],[17.35516,-28.26438],[17.36179,-28.27855],[17.37287,-28.28348],[17.38195,-28.29762],[17.37498,-28.31096],[17.37473,-28.32223],[17.40158,-28.35336],[17.41254,-28.37767],[17.40932,-28.39827],[17.39312,-28.42963],[17.38358,-28.43674],[17.37289,-28.43474],[17.34809,-28.43818],[17.33612,-28.45197],[17.33212,-28.47609],[17.33957,-28.49706],[17.36543,-28.50974],[17.3746,-28.53186],[17.3766,-28.56639],[17.39036,-28.57231],[17.402,-28.56682],[17.41823,-28.56593],[17.43125,-28.57524],[17.4299,-28.58617],[17.42222,-28.60191],[17.43087,-28.61331],[17.42927,-28.62433],[17.42245,-28.63329],[17.42775,-28.64789],[17.42429,-28.65734],[17.41215,-28.67011],[17.4138,-28.6994],[17.40916,-28.71294],[17.42339,-28.72461],[17.4317,-28.72306],[17.43995,-28.7145],[17.46433,-28.7027],[17.47135,-28.70661],[17.47548,-28.70489],[17.48113,-28.69731],[17.49098,-28.69388],[17.54342,-28.70163],[17.55373,-28.6949],[17.55549,-28.68862],[17.56838,-28.68587],[17.58833,-28.68918],[17.598,-28.69449],[17.60521,-28.71022],[17.60382,-28.71861],[17.61083,-28.72387],[17.60911,-28.75089],[17.61821,-28.76537],[17.6276,-28.76628],[17.64719,-28.77491],[17.6613,-28.77383],[17.68267,-28.76555],[17.68925,-28.7545],[17.69929,-28.74624],[17.71003,-28.74705],[17.72187,-28.76031],[17.73265,-28.76088],[17.74237,-28.74369],[17.74884,-28.74047],[17.77793,-28.75908],[17.82104,-28.75641],[17.82876,-28.76164],[17.88494,-28.76653],[17.90686,-28.77353],[17.91516,-28.76545],[17.92384,-28.76876],[17.93328,-28.78877],[17.9456,-28.78984],[17.95698,-28.78506],[17.96489,-28.78771],[17.98188,-28.80715],[17.99049,-28.80813],[18.00967,-28.82576],[18.01454,-28.84013],[18.02675,-28.84843],[18.04719,-28.87776],[18.05714,-28.87959],[18.08166,-28.87122],[18.09634,-28.87687],[18.12146,-28.89491],[18.13242,-28.89774],[18.1456,-28.89334],[18.1677,-28.90139],[18.18863,-28.91767],[18.20317,-28.91203],[18.21812,-28.89569],[18.2508,-28.89901],[18.26148,-28.88206],[18.26627,-28.88103],[18.30341,-28.88672],[18.31322,-28.88359],[18.34499,-28.88529],[18.35242,-28.88267],[18.36446,-28.89461],[18.40588,-28.8968],[18.4259,-28.90241],[18.45937,-28.8886],[18.47109,-28.88707],[18.50136,-28.8924],[18.52264,-28.88842],[18.53697,-28.86926],[18.55029,-28.86356],[18.57021,-28.85858],[18.61401,-28.85501],[18.63025,-28.84331],[18.64677,-28.84175],[18.65365,-28.84502],[18.66528,-28.8435],[18.67677,-28.84653],[18.71179,-28.84063],[18.72707,-28.83281],[18.77749,-28.84494],[18.81849,-28.84844],[18.83485,-28.85438],[18.8628,-28.85298],[18.87604,-28.85562],[18.88314,-28.85123],[18.89406,-28.85288],[18.90559,-28.85974],[18.92961,-28.85912],[18.96159,-28.87195],[18.97507,-28.87258],[18.99416,-28.89468],[19.00284,-28.91063],[19.00739,-28.92915],[19.02798,-28.92957],[19.04479,-28.93403],[19.05932,-28.9489],[19.06678,-28.9511],[19.06963,-28.9576],[19.10697,-28.96953],[19.1201,-28.96977],[19.13779,-28.96268],[19.15505,-28.96362],[19.16254,-28.95859],[19.1896,-28.95318],[19.22256,-28.92584],[19.23069,-28.9114],[19.24522,-28.90286],[19.28509,-28.90893],[19.2975,-28.89365],[19.2931,-28.87691],[19.28303,-28.87201],[19.26617,-28.86959],[19.2503,-28.84427],[19.24885,-28.83474],[19.24471,-28.83294],[19.2397,-28.81148],[19.24627,-28.78862],[19.2673,-28.74992],[19.28117,-28.73967],[19.29527,-28.73506],[19.35264,-28.74324],[19.38724,-28.73355],[19.40104,-28.73767],[19.4174,-28.73173],[19.43232,-28.72001],[19.44523,-28.71871],[19.45193,-28.71259],[19.46589,-28.70696],[19.47966,-28.68787],[19.49073,-28.68119],[19.49542,-28.64177],[19.50298,-28.62997],[19.50197,-28.61816],[19.50477,-28.60887],[19.52056,-28.59374],[19.53627,-28.58905],[19.53991,-28.58479],[19.54639,-28.56769],[19.55004,-28.54444],[19.56595,-28.52872],[19.58647,-28.53064],[19.59413,-28.52344],[19.61628,-28.51318],[19.62822,-28.51215],[19.66582,-28.53208],[19.67086,-28.53078],[19.67486,-28.52179],[19.69543,-28.51931],[19.72895,-28.4891],[19.73982,-28.48623],[19.76121,-28.49043],[19.78003,-28.50345],[19.78842,-28.50215],[19.80987,-28.50996],[19.82757,-28.50067],[19.84324,-28.47718],[19.84066,-28.47362],[19.84261,-28.4675],[19.84951,-28.4586],[19.86515,-28.45709],[19.87545,-28.44358],[19.88851,-28.44102],[19.90226,-28.4457],[19.91545,-28.44604],[19.97419,-28.42599],[19.99922,-28.42764],[19.99935,-24.76233],[20.00316,-24.77093],[20.02808,-24.78826],[20.03711,-24.80763],[20.06513,-24.81647],[20.067,-24.82695],[20.07159,-24.83062],[20.08994,-24.83082],[20.08779,-24.85123],[20.11105,-24.86525],[20.11676,-24.88009],[20.12163,-24.88308],[20.13839,-24.87875],[20.15452,-24.88152],[20.1826,-24.91128],[20.19225,-24.90552],[20.19596,-24.897],[20.20344,-24.89589],[20.21746,-24.91635],[20.23502,-24.91362],[20.26303,-24.92561],[20.27512,-24.9491],[20.2857,-24.95253],[20.28819,-24.95918],[20.28587,-24.96901],[20.29634,-24.98046],[20.3142,-24.98499],[20.32102,-24.98946],[20.32922,-25.00559],[20.34818,-25.00883],[20.35727,-25.02506],[20.38572,-25.03648],[20.38515,-25.04928],[20.37918,-25.06294],[20.39169,-25.07507],[20.41444,-25.08606],[20.41052,-25.10268],[20.42155,-25.10699],[20.42945,-25.11834],[20.42384,-25.127],[20.43179,-25.13921],[20.42775,-25.14778],[20.42942,-25.15161],[20.43941,-25.15866],[20.46037,-25.15113],[20.46844,-25.15805],[20.46721,-25.17492],[20.46264,-25.18212],[20.45161,-25.18605],[20.44455,-25.19393],[20.46169,-25.21307],[20.46693,-25.22518],[20.47137,-25.22781],[20.4763,-25.22427],[20.49233,-25.22349],[20.49817,-25.22839],[20.48665,-25.26063],[20.49237,-25.26219],[20.50184,-25.27361],[20.52149,-25.27651],[20.52465,-25.28633],[20.54194,-25.29009],[20.53948,-25.29512],[20.51657,-25.30778],[20.51345,-25.31484],[20.52077,-25.32505],[20.53909,-25.31909],[20.54728,-25.3223],[20.54006,-25.34379],[20.54948,-25.36791],[20.56382,-25.39291],[20.57883,-25.39584],[20.59218,-25.39032],[20.60208,-25.39625],[20.60472,-25.40396],[20.59841,-25.42058],[20.60288,-25.42856],[20.62835,-25.42306],[20.63185,-25.43246],[20.61662,-25.444],[20.62246,-25.46137],[20.64385,-25.46209],[20.65693,-25.44672],[20.66484,-25.44596],[20.67226,-25.45024],[20.67409,-25.46127],[20.66525,-25.47001],[20.63587,-25.47326],[20.63397,-25.47723],[20.64213,-25.49723],[20.63933,-25.50373],[20.62881,-25.51272],[20.62801,-25.52063],[20.63077,-25.5287],[20.64866,-25.53298],[20.67134,-25.55204],[20.69724,-25.59434],[20.69279,-25.60151],[20.66402,-25.60499],[20.65039,-25.63433],[20.65572,-25.63911],[20.6596,-25.63847],[20.67393,-25.62957],[20.68654,-25.63488],[20.68699,-25.65038],[20.67416,-25.67206],[20.67687,-25.68763],[20.7082,-25.70843],[20.71986,-25.72216],[20.73097,-25.75112],[20.73063,-25.77026],[20.73926,-25.77324],[20.7522,-25.77185],[20.76233,-25.77931],[20.76364,-25.78797],[20.7429,-25.807],[20.73924,-25.81546],[20.74018,-25.8238],[20.75197,-25.82607],[20.75859,-25.8225],[20.76711,-25.80893],[20.77682,-25.80264],[20.78221,-25.80093],[20.78912,-25.80478],[20.78564,-25.8205],[20.78891,-25.83263],[20.78142,-25.85151],[20.78519,-25.85943],[20.80416,-25.86251],[20.81254,-25.87149],[20.8106,-25.89166],[20.79768,-25.90064],[20.80294,-25.92098],[20.83855,-25.95235],[20.83793,-25.96389],[20.83113,-25.97228],[20.82976,-25.98363],[20.8161,-26.00799],[20.83243,-26.02391],[20.83578,-26.03818],[20.833,-26.04621],[20.81888,-26.05852],[20.82455,-26.06938],[20.84018,-26.07775],[20.84163,-26.08119],[20.83856,-26.08911],[20.82088,-26.10112],[20.82079,-26.10533],[20.83762,-26.11823],[20.84124,-26.12455],[20.85625,-26.12306],[20.86221,-26.12977],[20.86208,-26.13414],[20.84421,-26.16148],[20.82355,-26.17568],[20.81924,-26.18244],[20.81527,-26.19212],[20.81609,-26.21442],[20.80342,-26.24762],[20.79304,-26.25811],[20.79106,-26.2688],[20.78647,-26.2741],[20.75865,-26.28802],[20.74414,-26.3175],[20.72143,-26.33276],[20.69749,-26.36891],[20.69858,-26.38245],[20.69542,-26.39428],[20.69143,-26.39865],[20.6765,-26.39823],[20.64663,-26.43512],[20.62713,-26.43486],[20.61743,-26.44398],[20.61118,-26.49941],[20.60481,-26.51438],[20.60968,-26.53496],[20.61016,-26.56016],[20.62818,-26.57952],[20.63224,-26.59246],[20.63336,-26.61877],[20.62908,-26.64308],[20.63499,-26.66522],[20.63322,-26.66916],[20.61667,-26.67769],[20.61447,-26.68633],[20.62123,-26.71406],[20.63467,-26.72544],[20.62579,-26.74925],[20.63738,-26.76524],[20.6372,-26.76933],[20.62225,-26.78631],[20.636,-26.79398],[20.65041,-26.8095],[20.64255,-26.82359],[20.64436,-26.82787],[20.65578,-26.83436],[20.68245,-26.83987],[20.68486,-26.84847],[20.68028,-26.85182],[20.6768,-26.86208],[20.68679,-26.89899],[20.6856,-26.90708],[20.69939,-26.89695],[20.70841,-26.87468],[20.71462,-26.86984],[20.72844,-26.86581],[20.76474,-26.86523],[20.77338,-26.85885],[20.78583,-26.84229],[20.79267,-26.84025],[20.81299,-26.84334],[20.8172,-26.84078],[20.81999,-26.81966],[20.84346,-26.81864],[20.88364,-26.79778],[20.89917,-26.79623],[20.90849,-26.79735],[20.94572,-26.81351],[20.96191,-26.80655],[20.97138,-26.80688],[20.97758,-26.81119],[20.98623,-26.82555],[21.01048,-26.84632],[21.04116,-26.84648],[21.05954,-26.85149],[21.07749,-26.8482],[21.11555,-26.8594],[21.12426,-26.86912],[21.13496,-26.87344],[21.15369,-26.86744],[21.17625,-26.86665],[21.19189,-26.85331],[21.22097,-26.84375],[21.24863,-26.84494],[21.26256,-26.83739],[21.27048,-26.8373],[21.28786,-26.84797],[21.29638,-26.84912],[21.31322,-26.84336],[21.33172,-26.8258],[21.37615,-26.8304],[21.40138,-26.82206],[21.44001,-26.82716],[21.4622,-26.84056],[21.48584,-26.84114],[21.49465,-26.8482],[21.52164,-26.86021],[21.52905,-26.85964],[21.54117,-26.84264],[21.5612,-26.84932],[21.57721,-26.83953],[21.5947,-26.84115],[21.60472,-26.84587],[21.62591,-26.86611],[21.64719,-26.8629],[21.66017,-26.86443],[21.6767,-26.85367],[21.69606,-26.86025],[21.74217,-26.82445],[21.7642,-26.81177],[21.7713,-26.80308],[21.78176,-26.80018],[21.78426,-26.78424],[21.79156,-26.77613],[21.79295,-26.7697],[21.7848,-26.75071],[21.78718,-26.72179],[21.7705,-26.70419],[21.76944,-26.69462],[21.78714,-26.67619],[21.80746,-26.67051],[21.82349,-26.65976],[21.88356,-26.67063],[21.92864,-26.66481],[21.94902,-26.66996],[21.98562,-26.64994],[22.00064,-26.6481],[22.0158,-26.63696],[22.03178,-26.63356],[22.04885,-26.63455],[22.06966,-26.6075],[22.07725,-26.58124],[22.08124,-26.57691],[22.09874,-26.57022],[22.10793,-26.54912],[22.133,-26.54429],[22.13305,-26.52625],[22.16365,-26.50823],[22.16535,-26.49899],[22.15943,-26.49244],[22.16034,-26.48294],[22.18154,-26.47016],[22.18531,-26.45858],[22.18113,-26.44838],[22.1815,-26.43889],[22.20012,-26.4249],[22.19863,-26.41386],[22.19013,-26.40108],[22.19295,-26.39545],[22.23785,-26.37133],[22.23776,-26.35797],[22.24163,-26.35072],[22.24703,-26.34702],[22.28585,-26.33956],[22.30579,-26.34403],[22.31185,-26.34183],[22.31747,-26.32903],[22.32518,-26.32229],[22.33638,-26.32046],[22.35184,-26.32729],[22.36256,-26.32569],[22.36685,-26.31826],[22.36702,-26.30997],[22.36303,-26.28543],[22.38536,-26.28509],[22.40317,-26.27216],[22.40503,-26.26239],[22.39826,-26.24828],[22.41556,-26.23637],[22.41978,-26.22415],[22.44315,-26.22908],[22.45353,-26.22781],[22.46054,-26.22172],[22.46621,-26.20506],[22.4745,-26.19974],[22.49502,-26.21044],[22.51594,-26.21695],[22.53057,-26.22672],[22.54828,-26.22585],[22.55779,-26.22063],[22.5635,-26.20549],[22.57745,-26.19179],[22.57797,-26.1421],[22.58789,-26.14171],[22.59901,-26.15155],[22.60472,-26.14915],[22.60486,-26.13573],[22.60818,-26.12813],[22.62808,-26.12314],[22.63657,-26.11512],[22.62898,-26.1022],[22.63161,-26.09474],[22.67301,-26.07335],[22.67037,-26.05999],[22.67184,-26.04422],[22.66386,-26.02558],[22.66891,-26.01398],[22.67844,-26.01308],[22.70864,-26.02015],[22.7201,-26.01865],[22.72562,-26.01353],[22.72458,-25.99913],[22.7292,-25.97919],[22.72365,-25.9506],[22.72668,-25.94142],[22.73562,-25.93083],[22.74805,-25.92287],[22.74889,-25.91698],[22.7185,-25.90601],[22.71182,-25.89397],[22.71765,-25.88726],[22.73686,-25.88267],[22.74118,-25.87536],[22.73546,-25.85746],[22.77118,-25.8417],[22.78097,-25.82979],[22.78171,-25.82308],[22.77686,-25.81479],[22.75095,-25.8063],[22.73451,-25.79383],[22.73822,-25.7877],[22.7598,-25.78821],[22.76366,-25.77874],[22.7648,-25.75001],[22.76937,-25.73297],[22.794,-25.72682],[22.80026,-25.72256],[22.82114,-25.69099],[22.82139,-25.67795],[22.83021,-25.66227],[22.82999,-25.65753],[22.80857,-25.65113],[22.80172,-25.6411],[22.80098,-25.63208],[22.83156,-25.62072],[22.84443,-25.62219],[22.8535,-25.61507],[22.84779,-25.60595],[22.81429,-25.58281],[22.8146,-25.57917],[22.82768,-25.5711],[22.84009,-25.54474],[22.85255,-25.53553],[22.85202,-25.52127],[22.86053,-25.50755],[22.84656,-25.49453],[22.84655,-25.48989],[22.85128,-25.48425],[22.86278,-25.47962],[22.89287,-25.48827],[22.9002,-25.48687],[22.90055,-25.48129],[22.88844,-25.4773],[22.88559,-25.46857],[22.89782,-25.45605],[22.90958,-25.42267],[22.91882,-25.41238],[22.9706,-25.38046],[22.97654,-25.36957],[22.97269,-25.34741],[22.97704,-25.34068],[22.9865,-25.33806],[23.00397,-25.33952],[23.01037,-25.33629],[23.01296,-25.3291],[23.00587,-25.30358],[23.0103,-25.29706],[23.03088,-25.3129],[23.05202,-25.29007],[23.05721,-25.2895],[23.06116,-25.29403],[23.06169,-25.3024],[23.05391,-25.31824],[23.05799,-25.32452],[23.07607,-25.33192],[23.08491,-25.32871],[23.08997,-25.31246],[23.09712,-25.31124],[23.1051,-25.30494],[23.11189,-25.30313],[23.13137,-25.3177],[23.13613,-25.31664],[23.14757,-25.30309],[23.16582,-25.30337],[23.17413,-25.28815],[23.18659,-25.27934],[23.21161,-25.27353],[23.23736,-25.28059],[23.24698,-25.27537],[23.26029,-25.27943],[23.27826,-25.2738],[23.28581,-25.28025],[23.28952,-25.2904],[23.29657,-25.29384],[23.31424,-25.28125],[23.32533,-25.29229],[23.33539,-25.28748],[23.3552,-25.28483],[23.36245,-25.28787],[23.36849,-25.30332],[23.40317,-25.30689],[23.4129,-25.31562],[23.42177,-25.31161],[23.44208,-25.27713],[23.44995,-25.27486],[23.46693,-25.27715],[23.46735,-25.28191],[23.45898,-25.29207],[23.45841,-25.29833],[23.46283,-25.30113],[23.47623,-25.2979],[23.47987,-25.2998],[23.48199,-25.30891],[23.49565,-25.31974],[23.49969,-25.32859],[23.49571,-25.34744],[23.49826,-25.35268],[23.52463,-25.34014],[23.53594,-25.353],[23.55969,-25.35464],[23.55737,-25.3718],[23.56882,-25.37021],[23.58467,-25.37597],[23.58404,-25.38965],[23.59005,-25.39665],[23.59915,-25.39503],[23.60678,-25.38161],[23.61584,-25.38367],[23.62058,-25.38879],[23.61094,-25.40101],[23.61282,-25.40444],[23.62929,-25.40774],[23.63361,-25.41225],[23.63412,-25.42525],[23.6385,-25.43235],[23.65164,-25.43165],[23.6574,-25.42795],[23.66033,-25.41547],[23.66846,-25.41623],[23.67689,-25.42667],[23.66836,-25.43475],[23.66704,-25.44189],[23.68067,-25.44742],[23.68733,-25.44383],[23.69578,-25.44513],[23.7014,-25.44922],[23.70357,-25.46245],[23.71272,-25.45771],[23.72287,-25.44621],[23.72921,-25.44633],[23.73366,-25.45809],[23.75871,-25.46837],[23.75193,-25.4816],[23.76449,-25.49089],[23.76198,-25.50104],[23.77653,-25.50339],[23.78611,-25.5124],[23.80933,-25.50829],[23.82162,-25.51331],[23.82169,-25.51679],[23.80493,-25.53341],[23.80968,-25.54612],[23.8203,-25.5507],[23.82901,-25.54231],[23.83646,-25.54162],[23.84369,-25.55287],[23.83819,-25.56551],[23.84583,-25.57092],[23.87013,-25.57232],[23.87961,-25.57677],[23.8821,-25.59416],[23.90681,-25.60514],[23.90291,-25.61714],[23.90362,-25.62669],[23.92067,-25.6305],[23.92796,-25.63806],[23.94668,-25.63829],[23.95163,-25.63463],[23.95166,-25.62187],[23.96182,-25.62314],[23.9689,-25.61462],[23.97674,-25.61569],[23.98323,-25.62156],[24.00387,-25.62022],[24.01284,-25.62577],[24.00355,-25.63327],[24.00437,-25.65039],[24.02458,-25.64515],[24.02881,-25.63418],[24.03353,-25.63496],[24.05182,-25.65101],[24.05886,-25.65164],[24.06696,-25.64907],[24.0642,-25.63708],[24.0687,-25.63],[24.07867,-25.63192],[24.07988,-25.63866],[24.0869,-25.64263],[24.09591,-25.63329],[24.10622,-25.62979],[24.11587,-25.63119],[24.14002,-25.62655],[24.14042,-25.6141],[24.15437,-25.60796],[24.1597,-25.60968],[24.1632,-25.6155],[24.15667,-25.62663],[24.16009,-25.63004],[24.1703,-25.63098],[24.18844,-25.62002],[24.19503,-25.62144],[24.19889,-25.62796],[24.20639,-25.63152],[24.21514,-25.64402],[24.22716,-25.64434],[24.22752,-25.65734],[24.23864,-25.67145],[24.25125,-25.67398],[24.2476,-25.68238],[24.24938,-25.68588],[24.26149,-25.69278],[24.26088,-25.70713],[24.2734,-25.70477],[24.27801,-25.69754],[24.28819,-25.69353],[24.29176,-25.70415],[24.27833,-25.71512],[24.28517,-25.72583],[24.30265,-25.71383],[24.31572,-25.71392],[24.32539,-25.71016],[24.32802,-25.71327],[24.32251,-25.72481],[24.32342,-25.72999],[24.33907,-25.74458],[24.34969,-25.74936],[24.35689,-25.75809],[24.37919,-25.76476],[24.39171,-25.75466],[24.39934,-25.76249],[24.40343,-25.76059],[24.40677,-25.74617],[24.42229,-25.75084],[24.42989,-25.74903],[24.43286,-25.74353],[24.43188,-25.73552],[24.4347,-25.73361],[24.44014,-25.73988],[24.44368,-25.73956],[24.44548,-25.73342],[24.44924,-25.73435],[24.45817,-25.74274],[24.46818,-25.73748],[24.47206,-25.74707],[24.49087,-25.7506],[24.54263,-25.7714],[24.57027,-25.7728],[24.57918,-25.77793],[24.58837,-25.7888],[24.61162,-25.80154],[24.6412,-25.8077],[24.66296,-25.81778],[24.67361,-25.81756],[24.6845,-25.82382],[24.69595,-25.81129],[24.71354,-25.80512],[24.72759,-25.80393],[24.74301,-25.81282],[24.7522,-25.81463],[24.76171,-25.81117],[24.77732,-25.81973],[24.78606,-25.8173],[24.79602,-25.82517],[24.80344,-25.81881],[24.81055,-25.81827],[24.81195,-25.81141],[24.81522,-25.81113],[24.8162,-25.81618],[24.82519,-25.81162],[24.83167,-25.81523],[24.84382,-25.80959],[24.8688,-25.80528],[24.87658,-25.80934],[24.88522,-25.80703],[24.89611,-25.81099],[24.8982,-25.80262],[24.90418,-25.8028],[24.91336,-25.79657],[24.91218,-25.78572],[24.91498,-25.78451],[24.92096,-25.79011],[24.92836,-25.78791],[24.93304,-25.77786],[24.95116,-25.77239],[24.95197,-25.76235],[24.95508,-25.76097],[24.96649,-25.76648],[24.97608,-25.75372],[24.9845,-25.75434],[24.98838,-25.74683],[25.00286,-25.74001],[25.00405,-25.73562],[25.00041,-25.73035],[25.00435,-25.72796],[25.01486,-25.7253],[25.01846,-25.73109],[25.02377,-25.73141],[25.03799,-25.72139],[25.04364,-25.72578],[25.05101,-25.72589],[25.06226,-25.73633],[25.07111,-25.73685],[25.07839,-25.73066],[25.0866,-25.74128],[25.10232,-25.74122],[25.1018,-25.74741],[25.10937,-25.7488],[25.10958,-25.75593],[25.12052,-25.76406],[25.14341,-25.75664],[25.15091,-25.76026],[25.16073,-25.75993],[25.16834,-25.76587],[25.17558,-25.76667],[25.20315,-25.75865],[25.21982,-25.76639],[25.22425,-25.76385],[25.26099,-25.76888],[25.29994,-25.76578],[25.31614,-25.77227],[25.33587,-25.77106],[25.34521,-25.76824],[25.35072,-25.76232],[25.36805,-25.75729],[25.38716,-25.74411],[25.42742,-25.72937],[25.44293,-25.7159],[25.45509,-25.71005],[25.46802,-25.69675],[25.48083,-25.69574],[25.48886,-25.68853],[25.49534,-25.69049],[25.51398,-25.68407],[25.53365,-25.66595],[25.55883,-25.64884],[25.56405,-25.64855],[25.58154,-25.63782],[25.66371,-25.46778],[25.69068,-25.37416],[25.70188,-25.28834],[25.72939,-25.2564],[25.86242,-24.92266],[25.87039,-24.92197],[25.88122,-24.91512],[25.87328,-24.9053],[25.88178,-24.9023],[25.87704,-24.89857],[25.87661,-24.88899],[25.88454,-24.88785],[25.88877,-24.88192],[25.88319,-24.87622],[25.88134,-24.85848],[25.87683,-24.85708],[25.87375,-24.82881],[25.86585,-24.82324],[25.85986,-24.82676],[25.85863,-24.82166],[25.8636,-24.80878],[25.843,-24.7906],[25.84539,-24.77915],[25.85221,-24.7757],[25.84771,-24.75388],[25.85829,-24.75582],[25.91144,-24.75258],[25.91713,-24.74448],[25.96432,-24.74857],[26.00789,-24.72389],[26.18742,-24.68718],[26.39315,-24.63672],[26.40879,-24.64564],[26.42189,-24.63429],[26.42608,-24.61825],[26.43298,-24.6188],[26.44128,-24.61202],[26.44898,-24.61266],[26.47054,-24.59006],[26.48183,-24.56812],[26.48194,-24.55607],[26.48882,-24.54864],[26.4896,-24.53916],[26.50004,-24.52304],[26.50161,-24.50946],[26.51057,-24.50336],[26.50988,-24.48772],[26.53692,-24.47416],[26.53868,-24.46481],[26.54264,-24.46301],[26.54604,-24.46564],[26.55243,-24.45147],[26.5597,-24.45361],[26.5675,-24.43609],[26.58172,-24.42895],[26.58777,-24.41058],[26.61119,-24.40707],[26.6172,-24.39826],[26.6254,-24.39357],[26.63176,-24.39598],[26.64638,-24.38146],[26.6574,-24.38416],[26.65858,-24.38053],[26.66455,-24.37931],[26.67005,-24.36738],[26.66525,-24.362],[26.67666,-24.34814],[26.67566,-24.34381],[26.68375,-24.34214],[26.68902,-24.33671],[26.69391,-24.33804],[26.70061,-24.33454],[26.70412,-24.32141],[26.7202,-24.31947],[26.71942,-24.31707],[26.72911,-24.31319],[26.73275,-24.30442],[26.74259,-24.30436],[26.74744,-24.30687],[26.74735,-24.3126],[26.75217,-24.31341],[26.76276,-24.3094],[26.76567,-24.30462],[26.77568,-24.30411],[26.77634,-24.29989],[26.78364,-24.30089],[26.7869,-24.30645],[26.79052,-24.30114],[26.801,-24.30014],[26.80346,-24.29583],[26.80136,-24.28848],[26.81701,-24.28456],[26.82655,-24.27215],[26.84465,-24.27377],[26.85925,-24.25341],[26.86608,-24.25119],[26.8669,-24.24261],[26.86265,-24.23794],[26.86463,-24.23373],[26.86024,-24.22171],[26.86141,-24.21752],[26.871,-24.21365],[26.87353,-24.20633],[26.87978,-24.20067],[26.88305,-24.18925],[26.88066,-24.18814],[26.88008,-24.19159],[26.86774,-24.18991],[26.86452,-24.178],[26.86546,-24.17247],[26.8781,-24.16724],[26.87916,-24.15977],[26.87384,-24.14669],[26.86157,-24.13775],[26.86752,-24.12385],[26.86048,-24.10834],[26.86138,-24.10328],[26.86359,-24.09952],[26.88319,-24.09313],[26.88572,-24.08803],[26.89057,-24.05155],[26.9091,-24.02908],[26.91244,-24.0105],[26.91103,-23.98784],[26.91522,-23.97063],[26.93201,-23.95564],[26.93162,-23.93616],[26.92788,-23.92225],[26.94267,-23.90322],[26.94265,-23.88713],[26.9554,-23.87353],[26.95118,-23.86258],[26.93429,-23.85672],[26.93261,-23.85095],[26.94016,-23.84388],[26.95163,-23.84094],[26.95854,-23.8307],[26.949,-23.82331],[26.94925,-23.81356],[26.95371,-23.80439],[26.95376,-23.79024],[26.96426,-23.7777],[26.96557,-23.76871],[26.96286,-23.76346],[26.96542,-23.75508],[26.96206,-23.74613],[26.96767,-23.72924],[26.97071,-23.72788],[26.97044,-23.7163],[26.9748,-23.71267],[26.97147,-23.70369],[26.97736,-23.6981],[27.00147,-23.68902],[26.99858,-23.67812],[27.00262,-23.66467],[26.99544,-23.65312],[26.99977,-23.65281],[27.00331,-23.64364],[27.01179,-23.63811],[27.02013,-23.64428],[27.02583,-23.64472],[27.02592,-23.65133],[27.02073,-23.65473],[27.02279,-23.65721],[27.03107,-23.66022],[27.03665,-23.65706],[27.03097,-23.67569],[27.03637,-23.68217],[27.04522,-23.68297],[27.06323,-23.67189],[27.0711,-23.67035],[27.0781,-23.65895],[27.07475,-23.65624],[27.07695,-23.6539],[27.08134,-23.65552],[27.07858,-23.64827],[27.08107,-23.64298],[27.06883,-23.6257],[27.06418,-23.62712],[27.06088,-23.61162],[27.07122,-23.60921],[27.07384,-23.61498],[27.07821,-23.61436],[27.08482,-23.60977],[27.07995,-23.6075],[27.07966,-23.60001],[27.08418,-23.59877],[27.09944,-23.60305],[27.10099,-23.59825],[27.10762,-23.59447],[27.10823,-23.57043],[27.11295,-23.57066],[27.11693,-23.56356],[27.13152,-23.56996],[27.12984,-23.57438],[27.14517,-23.57511],[27.1508,-23.57195],[27.15048,-23.56783],[27.15424,-23.56745],[27.14752,-23.5515],[27.14011,-23.55345],[27.13427,-23.5431],[27.13508,-23.53302],[27.13923,-23.52932],[27.1328,-23.52778],[27.1345,-23.52415],[27.14665,-23.52384],[27.15382,-23.52974],[27.15433,-23.53467],[27.16102,-23.53757],[27.16465,-23.53659],[27.16565,-23.52517],[27.17194,-23.52199],[27.18786,-23.53312],[27.2021,-23.53313],[27.20088,-23.53052],[27.20478,-23.52698],[27.21092,-23.52581],[27.20814,-23.52075],[27.19414,-23.51517],[27.19218,-23.4987],[27.22637,-23.48508],[27.22365,-23.49336],[27.22608,-23.49705],[27.23382,-23.4958],[27.23593,-23.48641],[27.24666,-23.47861],[27.25183,-23.47854],[27.25731,-23.47355],[27.26799,-23.4778],[27.28342,-23.47135],[27.28706,-23.46246],[27.29356,-23.45998],[27.30234,-23.4631],[27.30553,-23.45334],[27.31384,-23.44994],[27.31121,-23.44637],[27.31704,-23.44549],[27.313,-23.44033],[27.31542,-23.43479],[27.31227,-23.43435],[27.32617,-23.41426],[27.32527,-23.40642],[27.33041,-23.40292],[27.34904,-23.39756],[27.3558,-23.39905],[27.3568,-23.41018],[27.34801,-23.42343],[27.34942,-23.42589],[27.37538,-23.42607],[27.37551,-23.42295],[27.38095,-23.42012],[27.37283,-23.40984],[27.37739,-23.39932],[27.38817,-23.38983],[27.40669,-23.38882],[27.41076,-23.39155],[27.41073,-23.39677],[27.40116,-23.41196],[27.41032,-23.42449],[27.42244,-23.42662],[27.42815,-23.4253],[27.43517,-23.39762],[27.44153,-23.39248],[27.44163,-23.38472],[27.49295,-23.38692],[27.49678,-23.38427],[27.50525,-23.38803],[27.52888,-23.38536],[27.53724,-23.37503],[27.53836,-23.36639],[27.56397,-23.3485],[27.56779,-23.33951],[27.57095,-23.32644],[27.56041,-23.31402],[27.57347,-23.29428],[27.57632,-23.28057],[27.57279,-23.26533],[27.58225,-23.25764],[27.5917,-23.25697],[27.60134,-23.24786],[27.59647,-23.23427],[27.59895,-23.21851],[27.60421,-23.21573],[27.61233,-23.21947],[27.62259,-23.21846],[27.63931,-23.22598],[27.64946,-23.22566],[27.65398,-23.22139],[27.65958,-23.22216],[27.67315,-23.20004],[27.68989,-23.19629],[27.70464,-23.20458],[27.71497,-23.22882],[27.72328,-23.22865],[27.72592,-23.23278],[27.73616,-23.23314],[27.74255,-23.22991],[27.7524,-23.21774],[27.75135,-23.20474],[27.75976,-23.19503],[27.75951,-23.18987],[27.77035,-23.17964],[27.78436,-23.17291],[27.78585,-23.16667],[27.78225,-23.15589],[27.76513,-23.14172],[27.76561,-23.13568],[27.77443,-23.13066],[27.78001,-23.13276],[27.77874,-23.13902],[27.78133,-23.14306],[27.80687,-23.13563],[27.81914,-23.12731],[27.81906,-23.1195],[27.81427,-23.11645],[27.81221,-23.10933],[27.81576,-23.10532],[27.83257,-23.10907],[27.84813,-23.10491],[27.85478,-23.09942],[27.88336,-23.089],[27.92113,-23.06696],[27.92571,-23.05807],[27.93505,-23.05277],[27.94345,-23.03492],[27.93723,-23.01583],[27.94271,-22.99254],[27.93513,-22.96286],[27.94058,-22.9559],[27.94794,-22.96076],[27.96179,-22.95958],[27.99422,-22.93685],[28.01399,-22.93086],[28.02766,-22.91778],[28.03679,-22.91358],[28.04507,-22.9013],[28.05077,-22.88147],[28.04492,-22.87082],[28.04766,-22.85976],[28.03984,-22.84362],[28.04272,-22.83202],[28.06848,-22.82762],[28.07362,-22.82214],[28.09567,-22.81322],[28.10994,-22.80074],[28.12176,-22.78425],[28.14899,-22.77155],[28.16296,-22.7552],[28.16344,-22.73848],[28.15874,-22.7211],[28.18178,-22.68639],[28.19476,-22.67964],[28.21088,-22.66323],[28.21776,-22.6645],[28.24765,-22.65549],[28.25309,-22.64741],[28.26885,-22.63771],[28.27736,-22.61564],[28.30826,-22.60845],[28.32645,-22.59658],[28.33904,-22.58106],[28.33953,-22.57429],[28.34755,-22.57121],[28.36098,-22.57447],[28.38459,-22.56945],[28.40868,-22.56901],[28.42699,-22.57381],[28.44396,-22.56777],[28.45573,-22.57281],[28.47794,-22.56992],[28.49966,-22.57874],[28.50785,-22.58785],[28.51328,-22.58934],[28.53278,-22.57825],[28.54408,-22.57582],[28.54944,-22.56735],[28.56444,-22.55844],[28.61789,-22.56279],[28.64616,-22.55645],[28.65862,-22.54929],[28.67122,-22.53337],[28.68581,-22.53213],[28.69992,-22.52629],[28.70134,-22.52007],[28.70732,-22.51567],[28.73504,-22.50532],[28.77824,-22.49982],[28.83241,-22.48801],[28.8343,-22.47744],[28.82998,-22.46989],[28.83105,-22.46461],[28.8625,-22.44946],[28.88069,-22.44723],[28.89738,-22.45227],[28.90997,-22.46112],[28.92321,-22.45625]],[[28.87316,-28.77156],[28.86921,-28.76128],[28.85724,-28.75528],[28.85169,-28.759],[28.84098,-28.7582],[28.83039,-28.76303],[28.81804,-28.77486],[28.80806,-28.77173],[28.80748,-28.76376],[28.80371,-28.7589],[28.80429,-28.74619],[28.80017,-28.74265],[28.8096,-28.71908],[28.80635,-28.71654],[28.8063,-28.70978],[28.79968,-28.70722],[28.79345,-28.69877],[28.78094,-28.70175],[28.77644,-28.69952],[28.75891,-28.68592],[28.72671,-28.68763],[28.7262,-28.68347],[28.70508,-28.67182],[28.70606,-28.65154],[28.6955,-28.6447],[28.70019,-28.63641],[28.69773,-28.62723],[28.70324,-28.6183],[28.69722,-28.6085],[28.68584,-28.59888],[28.68202,-28.58953],[28.66416,-28.57702],[28.64842,-28.57107],[28.63585,-28.57601],[28.63169,-28.5828],[28.62259,-28.57974],[28.6124,-28.59737],[28.60795,-28.59516],[28.60385,-28.60077],[28.59512,-28.60202],[28.58996,-28.60841],[28.58728,-28.60489],[28.57815,-28.60386],[28.57712,-28.60799],[28.56629,-28.60817],[28.55531,-28.6022],[28.54759,-28.6078],[28.54266,-28.6068],[28.54068,-28.60254],[28.53072,-28.6104],[28.52491,-28.60097],[28.5183,-28.60231],[28.51401,-28.6111],[28.50432,-28.61681],[28.50199,-28.60757],[28.48855,-28.6072],[28.48617,-28.61248],[28.48218,-28.60779],[28.47744,-28.60884],[28.47663,-28.60595],[28.4715,-28.60532],[28.46961,-28.60976],[28.46514,-28.60844],[28.45678,-28.61266],[28.45413,-28.61912],[28.44777,-28.61729],[28.44185,-28.62024],[28.44028,-28.61807],[28.43768,-28.62147],[28.43051,-28.61979],[28.41954,-28.62762],[28.41101,-28.62553],[28.40921,-28.62164],[28.40225,-28.62398],[28.403,-28.64446],[28.39045,-28.64424],[28.38575,-28.65607],[28.3738,-28.66188],[28.36971,-28.6666],[28.36948,-28.67608],[28.37335,-28.6795],[28.36081,-28.68826],[28.35208,-28.70129],[28.34336,-28.69825],[28.34411,-28.69522],[28.33336,-28.69568],[28.33174,-28.69906],[28.32666,-28.6998],[28.32838,-28.70354],[28.32046,-28.70372],[28.31063,-28.70049],[28.30528,-28.69215],[28.30444,-28.69881],[28.30006,-28.70347],[28.30243,-28.70523],[28.29701,-28.70768],[28.29602,-28.70303],[28.29439,-28.70799],[28.27996,-28.71436],[28.26903,-28.70628],[28.26002,-28.70864],[28.25729,-28.69992],[28.24249,-28.70179],[28.24149,-28.69687],[28.23264,-28.69492],[28.2292,-28.70189],[28.22375,-28.70409],[28.21407,-28.70209],[28.21212,-28.70605],[28.19627,-28.71116],[28.19121,-28.70688],[28.18841,-28.69569],[28.18503,-28.69583],[28.18177,-28.69978],[28.18378,-28.70875],[28.16758,-28.7051],[28.16605,-28.7128],[28.15994,-28.7149],[28.16198,-28.71682],[28.15961,-28.71896],[28.15578,-28.71856],[28.16,-28.72125],[28.16002,-28.7252],[28.15513,-28.72426],[28.15482,-28.72923],[28.14897,-28.72328],[28.14372,-28.72863],[28.14183,-28.73628],[28.13788,-28.73441],[28.12799,-28.74677],[28.12163,-28.74002],[28.11836,-28.7418],[28.12013,-28.75687],[28.11423,-28.75746],[28.10649,-28.76615],[28.09977,-28.76863],[28.09602,-28.77805],[28.09782,-28.7816],[28.08605,-28.79433],[28.08691,-28.79937],[28.07709,-28.80771],[28.07883,-28.81035],[28.07518,-28.81468],[28.06159,-28.81412],[28.05096,-28.81767],[28.05069,-28.83085],[28.05485,-28.83495],[28.05481,-28.8414],[28.05207,-28.84404],[28.04761,-28.8418],[28.04108,-28.84647],[28.041,-28.85026],[28.02375,-28.85954],[28.02579,-28.86211],[28.02949,-28.85909],[28.02904,-28.86699],[28.03256,-28.86746],[28.02801,-28.87888],[28.0261,-28.87455],[28.01287,-28.8796],[28.00513,-28.87149],[28.00093,-28.87745],[27.99426,-28.87233],[27.99344,-28.87595],[27.98746,-28.87665],[27.99132,-28.87921],[27.99163,-28.88276],[27.98924,-28.88238],[27.98343,-28.87689],[27.97127,-28.87483],[27.96528,-28.87054],[27.96106,-28.85943],[27.93992,-28.84867],[27.93837,-28.85262],[27.93059,-28.85251],[27.92665,-28.85809],[27.92838,-28.86115],[27.92061,-28.859],[27.91824,-28.8611],[27.9157,-28.86678],[27.92045,-28.87722],[27.90825,-28.88187],[27.89366,-28.87887],[27.88776,-28.88725],[27.90012,-28.89415],[27.89615,-28.90831],[27.88759,-28.91701],[27.88336,-28.91479],[27.86941,-28.92006],[27.85379,-28.90949],[27.85074,-28.90298],[27.84739,-28.9042],[27.84826,-28.90923],[27.83989,-28.9154],[27.83237,-28.90568],[27.82902,-28.90532],[27.83075,-28.91289],[27.82723,-28.91258],[27.818,-28.92098],[27.80837,-28.9173],[27.79848,-28.91881],[27.79216,-28.91519],[27.79303,-28.90916],[27.77507,-28.90612],[27.76264,-28.89762],[27.75358,-28.89828],[27.75674,-28.91254],[27.76354,-28.91329],[27.76664,-28.91858],[27.75698,-28.93504],[27.76191,-28.93802],[27.76011,-28.94115],[27.74272,-28.94241],[27.73837,-28.93816],[27.7282,-28.95093],[27.72395,-28.94917],[27.72547,-28.95685],[27.72056,-28.95784],[27.72007,-28.96322],[27.72525,-28.96689],[27.72337,-28.97457],[27.71679,-28.98244],[27.70728,-28.98213],[27.70937,-28.99036],[27.71522,-28.99079],[27.7143,-28.9967],[27.71718,-28.9994],[27.71506,-29.00795],[27.71222,-29.01166],[27.70397,-29.0112],[27.68428,-29.00408],[27.68085,-29.01655],[27.68819,-29.02372],[27.681,-29.02517],[27.68185,-29.02846],[27.6704,-29.027],[27.67573,-29.03551],[27.67291,-29.04407],[27.65779,-29.04871],[27.65116,-29.04141],[27.64107,-29.04574],[27.64395,-29.05569],[27.65262,-29.05678],[27.652,-29.06152],[27.66105,-29.05625],[27.66607,-29.06307],[27.67585,-29.06648],[27.67682,-29.07346],[27.67266,-29.07956],[27.6649,-29.0783],[27.66145,-29.08571],[27.64937,-29.07803],[27.6425,-29.07963],[27.63994,-29.08566],[27.64776,-29.08622],[27.65094,-29.09052],[27.64806,-29.09507],[27.65241,-29.10086],[27.64609,-29.11784],[27.63218,-29.1155],[27.63107,-29.12038],[27.63559,-29.12197],[27.63461,-29.12989],[27.63125,-29.13231],[27.61869,-29.1355],[27.6102,-29.13352],[27.60092,-29.13734],[27.61701,-29.15223],[27.61558,-29.16216],[27.59608,-29.17127],[27.59075,-29.16587],[27.5801,-29.16639],[27.57617,-29.18303],[27.56633,-29.18768],[27.56511,-29.1923],[27.55099,-29.19613],[27.54022,-29.20601],[27.53428,-29.21794],[27.52975,-29.21943],[27.52575,-29.21689],[27.51505,-29.22361],[27.52472,-29.23206],[27.52143,-29.24048],[27.52953,-29.23669],[27.54075,-29.24087],[27.54802,-29.24648],[27.54627,-29.25191],[27.54099,-29.25966],[27.52459,-29.26613],[27.51465,-29.28174],[27.4944,-29.28425],[27.48945,-29.30185],[27.484,-29.30099],[27.48514,-29.29779],[27.48052,-29.29341],[27.45463,-29.29761],[27.45681,-29.305],[27.46396,-29.30732],[27.4647,-29.31344],[27.47228,-29.32027],[27.46071,-29.32694],[27.44374,-29.32878],[27.43621,-29.33401],[27.43373,-29.35237],[27.43765,-29.36557],[27.42999,-29.37415],[27.41135,-29.36423],[27.40554,-29.36527],[27.40523,-29.37143],[27.4111,-29.3796],[27.42168,-29.38736],[27.42158,-29.39702],[27.42496,-29.40262],[27.4227,-29.40784],[27.4054,-29.41388],[27.39582,-29.4106],[27.39119,-29.41719],[27.39216,-29.42309],[27.38166,-29.43304],[27.38067,-29.44022],[27.3704,-29.44885],[27.35636,-29.4526],[27.35672,-29.46702],[27.36351,-29.48152],[27.36141,-29.48553],[27.34908,-29.48835],[27.34066,-29.48644],[27.33409,-29.48084],[27.32762,-29.48124],[27.30548,-29.49726],[27.30483,-29.50647],[27.29945,-29.51229],[27.30644,-29.53055],[27.30509,-29.53408],[27.28843,-29.53333],[27.28267,-29.52754],[27.2759,-29.52644],[27.25718,-29.53333],[27.25518,-29.54854],[27.24369,-29.55468],[27.23038,-29.55287],[27.22558,-29.54331],[27.22062,-29.54533],[27.22136,-29.54953],[27.2178,-29.55235],[27.20607,-29.55836],[27.20832,-29.56644],[27.2015,-29.56882],[27.19387,-29.56773],[27.18922,-29.57031],[27.18592,-29.56611],[27.15815,-29.55954],[27.14004,-29.57554],[27.13328,-29.57323],[27.119,-29.57759],[27.11459,-29.58502],[27.10355,-29.5913],[27.10529,-29.6037],[27.0968,-29.60387],[27.08549,-29.61492],[27.08082,-29.61378],[27.07669,-29.60307],[27.06578,-29.59749],[27.06635,-29.61944],[27.05632,-29.6372],[27.04483,-29.63082],[27.03226,-29.61317],[27.01758,-29.61752],[27.02476,-29.62713],[27.02821,-29.63889],[27.01176,-29.64824],[27.013,-29.66035],[27.02109,-29.66632],[27.02445,-29.66542],[27.06385,-29.70514],[27.08778,-29.71928],[27.08314,-29.72301],[27.09644,-29.72977],[27.22288,-29.9967],[27.22413,-30.00581],[27.21898,-30.01005],[27.2348,-30.00828],[27.25388,-30.02589],[27.26948,-30.02583],[27.26542,-30.0331],[27.2682,-30.04205],[27.2913,-30.05021],[27.29649,-30.05602],[27.32654,-30.14767],[27.38864,-30.14353],[27.40203,-30.13943],[27.40714,-30.14435],[27.40454,-30.14886],[27.40984,-30.1521],[27.40895,-30.15591],[27.40146,-30.15825],[27.40078,-30.16422],[27.39293,-30.16653],[27.39139,-30.17633],[27.38823,-30.17884],[27.38084,-30.17751],[27.38193,-30.1814],[27.38631,-30.18229],[27.38592,-30.19351],[27.36825,-30.19149],[27.37109,-30.19757],[27.37527,-30.19857],[27.37406,-30.20635],[27.36541,-30.21888],[27.37011,-30.22635],[27.36645,-30.23723],[27.37047,-30.24698],[27.36583,-30.25789],[27.37014,-30.26552],[27.3674,-30.27512],[27.37397,-30.2806],[27.38073,-30.27532],[27.38231,-30.28158],[27.3878,-30.28185],[27.3896,-30.2851],[27.38527,-30.29023],[27.38891,-30.29369],[27.38008,-30.29934],[27.38324,-30.3041],[27.39319,-30.30349],[27.3949,-30.30576],[27.3952,-30.30958],[27.38667,-30.30872],[27.38551,-30.31225],[27.39201,-30.31897],[27.39103,-30.32203],[27.38694,-30.3241],[27.38388,-30.31994],[27.37651,-30.32567],[27.38126,-30.33002],[27.38224,-30.33631],[27.39433,-30.33978],[27.41945,-30.32458],[27.44091,-30.3221],[27.45597,-30.31321],[27.46344,-30.3135],[27.47481,-30.32107],[27.47681,-30.34955],[27.47422,-30.35465],[27.48978,-30.3652],[27.48907,-30.37213],[27.49219,-30.37446],[27.50269,-30.37282],[27.50081,-30.37672],[27.50788,-30.38783],[27.52038,-30.38328],[27.53422,-30.38462],[27.53761,-30.39161],[27.55401,-30.40191],[27.56185,-30.41784],[27.57083,-30.42673],[27.57159,-30.42974],[27.56493,-30.43345],[27.56731,-30.44477],[27.57244,-30.44816],[27.59276,-30.45051],[27.60208,-30.44667],[27.60444,-30.44984],[27.59752,-30.45698],[27.60385,-30.45848],[27.61489,-30.47765],[27.61493,-30.48855],[27.60696,-30.49227],[27.60973,-30.49566],[27.61963,-30.49356],[27.62135,-30.50442],[27.62871,-30.50972],[27.64619,-30.51995],[27.65248,-30.51714],[27.65784,-30.51942],[27.65769,-30.52302],[27.66369,-30.52437],[27.67141,-30.53522],[27.67972,-30.53455],[27.6895,-30.5404],[27.69323,-30.54505],[27.69149,-30.54884],[27.69562,-30.55043],[27.69663,-30.55378],[27.69341,-30.55657],[27.69562,-30.56042],[27.71724,-30.56963],[27.7204,-30.57898],[27.73723,-30.59405],[27.74227,-30.60378],[27.75899,-30.60707],[27.78794,-30.61889],[27.83026,-30.61368],[27.88492,-30.61399],[27.91145,-30.63144],[27.92314,-30.63117],[27.93567,-30.64369],[27.97969,-30.65513],[27.98952,-30.65133],[28.00432,-30.65927],[28.0253,-30.65861],[28.03404,-30.65528],[28.0497,-30.65977],[28.06374,-30.65728],[28.06833,-30.65976],[28.08523,-30.65502],[28.09646,-30.66228],[28.10852,-30.67775],[28.12287,-30.66701],[28.12366,-30.65626],[28.12321,-30.64811],[28.11651,-30.63452],[28.11879,-30.62308],[28.11248,-30.61459],[28.11113,-30.60712],[28.11361,-30.599],[28.12168,-30.59837],[28.13036,-30.59154],[28.13644,-30.59216],[28.15079,-30.58391],[28.1532,-30.57596],[28.1595,-30.57297],[28.16116,-30.55851],[28.16408,-30.55559],[28.15899,-30.55065],[28.15767,-30.54267],[28.16239,-30.53945],[28.16783,-30.52825],[28.17639,-30.52663],[28.17262,-30.50942],[28.18116,-30.49986],[28.18151,-30.49513],[28.17904,-30.48873],[28.16933,-30.48415],[28.16516,-30.47625],[28.15545,-30.4708],[28.1573,-30.46434],[28.16252,-30.46207],[28.1803,-30.4385],[28.18761,-30.43463],[28.19853,-30.43303],[28.20552,-30.43712],[28.21552,-30.43051],[28.2284,-30.43028],[28.23894,-30.41339],[28.24948,-30.41883],[28.25747,-30.41727],[28.25229,-30.40399],[28.25933,-30.40193],[28.26364,-30.3948],[28.2707,-30.36819],[28.26803,-30.3595],[28.2714,-30.35566],[28.26458,-30.34798],[28.25493,-30.34502],[28.25269,-30.32315],[28.24775,-30.32319],[28.22898,-30.30941],[28.21585,-30.30663],[28.20692,-30.29146],[28.21429,-30.28643],[28.2235,-30.27264],[28.23534,-30.26559],[28.2356,-30.26049],[28.25978,-30.2565],[28.26664,-30.25145],[28.2731,-30.25578],[28.30275,-30.25639],[28.3089,-30.25396],[28.31347,-30.24121],[28.32466,-30.23769],[28.33062,-30.23004],[28.33308,-30.23355],[28.34019,-30.23478],[28.34645,-30.23174],[28.34377,-30.22322],[28.34566,-30.21198],[28.36548,-30.16874],[28.38314,-30.16861],[28.38292,-30.16602],[28.39029,-30.1627],[28.39998,-30.14361],[28.44147,-30.15592],[28.45729,-30.15757],[28.47197,-30.15521],[28.48226,-30.14837],[28.50077,-30.15047],[28.50624,-30.14437],[28.53249,-30.1322],[28.53711,-30.12466],[28.55204,-30.12035],[28.55522,-30.12395],[28.56812,-30.12274],[28.57472,-30.12716],[28.59077,-30.12656],[28.59779,-30.13156],[28.61774,-30.13555],[28.63496,-30.13096],[28.66755,-30.14081],[28.69182,-30.12433],[28.69941,-30.12709],[28.70588,-30.1211],[28.72204,-30.11473],[28.73627,-30.11256],[28.7385,-30.11513],[28.7466,-30.10729],[28.75805,-30.10538],[28.79153,-30.10911],[28.79581,-30.1006],[28.80702,-30.09722],[28.83155,-30.09691],[28.84053,-30.09149],[28.85369,-30.09042],[28.85883,-30.08768],[28.85754,-30.07763],[28.86858,-30.07725],[28.87836,-30.0702],[28.89279,-30.06839],[28.89532,-30.06498],[28.90197,-30.06605],[28.91065,-30.05925],[28.91875,-30.05793],[28.9206,-30.05365],[28.92963,-30.05455],[28.93588,-30.05033],[28.94132,-30.03603],[28.95858,-30.03897],[28.96473,-30.03295],[28.96891,-30.0342],[28.97792,-30.02957],[28.98537,-30.03176],[28.98996,-30.02821],[28.99084,-30.01998],[29.00541,-30.00439],[29.01091,-30.00455],[29.01893,-29.99728],[29.02548,-29.99942],[29.03083,-29.99634],[29.03367,-29.98619],[29.05517,-29.98035],[29.06742,-29.97202],[29.07205,-29.96476],[29.07873,-29.96714],[29.08366,-29.9608],[29.08826,-29.96017],[29.1036,-29.96607],[29.10284,-29.95805],[29.10956,-29.93685],[29.12945,-29.92891],[29.15525,-29.92548],[29.16916,-29.91626],[29.16869,-29.91174],[29.15921,-29.90454],[29.16293,-29.90257],[29.16097,-29.89506],[29.16321,-29.88383],[29.14887,-29.88307],[29.14214,-29.87397],[29.14516,-29.86742],[29.13685,-29.85945],[29.11264,-29.85383],[29.10141,-29.84761],[29.11597,-29.83928],[29.11908,-29.83256],[29.12856,-29.83158],[29.13158,-29.82664],[29.12956,-29.82073],[29.13155,-29.81366],[29.12642,-29.81171],[29.12437,-29.80174],[29.1261,-29.7921],[29.12999,-29.78845],[29.13091,-29.77352],[29.12446,-29.76657],[29.13502,-29.76439],[29.13409,-29.7615],[29.13976,-29.75931],[29.14036,-29.75117],[29.13433,-29.7427],[29.13622,-29.73889],[29.14516,-29.73961],[29.15069,-29.73233],[29.14501,-29.71609],[29.15142,-29.7075],[29.16044,-29.70669],[29.162,-29.67713],[29.1762,-29.67668],[29.18274,-29.66764],[29.18725,-29.67097],[29.1925,-29.67004],[29.20192,-29.6589],[29.20751,-29.65975],[29.21444,-29.65555],[29.21822,-29.64722],[29.22949,-29.64616],[29.23592,-29.63873],[29.24083,-29.64232],[29.26377,-29.63909],[29.27683,-29.64369],[29.28275,-29.6412],[29.28742,-29.62658],[29.28415,-29.61874],[29.29332,-29.6156],[29.29244,-29.60024],[29.28869,-29.59714],[29.28621,-29.5844],[29.31823,-29.58199],[29.3247,-29.56872],[29.30517,-29.55277],[29.3124,-29.54535],[29.31263,-29.53745],[29.30803,-29.53572],[29.29508,-29.51957],[29.30554,-29.517],[29.30646,-29.51098],[29.30424,-29.50324],[29.29301,-29.48961],[29.30701,-29.48279],[29.31145,-29.48743],[29.32339,-29.48766],[29.31857,-29.48053],[29.32061,-29.47327],[29.3254,-29.47388],[29.32774,-29.47018],[29.33895,-29.47136],[29.34093,-29.4667],[29.34636,-29.46495],[29.36149,-29.4696],[29.3748,-29.46195],[29.37645,-29.45557],[29.38621,-29.45568],[29.38726,-29.45179],[29.39993,-29.4459],[29.40189,-29.44222],[29.39905,-29.43477],[29.40525,-29.4226],[29.41111,-29.41677],[29.42059,-29.41668],[29.42261,-29.41361],[29.41865,-29.40826],[29.41874,-29.39616],[29.43693,-29.39448],[29.43541,-29.38647],[29.44875,-29.37215],[29.44288,-29.36146],[29.44223,-29.34497],[29.45574,-29.34024],[29.45601,-29.33764],[29.45113,-29.32097],[29.43816,-29.30963],[29.44384,-29.2985],[29.43955,-29.29366],[29.44138,-29.2899],[29.43552,-29.27943],[29.44105,-29.27423],[29.43291,-29.26225],[29.41895,-29.25959],[29.41909,-29.25216],[29.4257,-29.25029],[29.42452,-29.24363],[29.41573,-29.23135],[29.40673,-29.22866],[29.40812,-29.22213],[29.4147,-29.22191],[29.40741,-29.21166],[29.38167,-29.20197],[29.36391,-29.20494],[29.34574,-29.18965],[29.34318,-29.17675],[29.34857,-29.16234],[29.34329,-29.15392],[29.35293,-29.14663],[29.35213,-29.13826],[29.35769,-29.13414],[29.35409,-29.13152],[29.35584,-29.12766],[29.33474,-29.10392],[29.32593,-29.1003],[29.31162,-29.07844],[29.27848,-29.07564],[29.2569,-29.08981],[29.25257,-29.08197],[29.22667,-29.06211],[29.2296,-29.06167],[29.22983,-29.05572],[29.21015,-29.03778],[29.2176,-29.03185],[29.21489,-29.02504],[29.19965,-29.01353],[29.19083,-29.01607],[29.18451,-29.01311],[29.17796,-29.0025],[29.16038,-29.00402],[29.15038,-28.99296],[29.15001,-28.98784],[29.1397,-28.98221],[29.13573,-28.98492],[29.1246,-28.97988],[29.12233,-28.97186],[29.12608,-28.96798],[29.13041,-28.96879],[29.12713,-28.96447],[29.10836,-28.9495],[29.10113,-28.94847],[29.09341,-28.9372],[29.07381,-28.93744],[29.07605,-28.92772],[29.07224,-28.92324],[29.07633,-28.91924],[29.06253,-28.91479],[29.05748,-28.91733],[29.0413,-28.9138],[29.03554,-28.9022],[29.02797,-28.89851],[29.02994,-28.89035],[29.02294,-28.88458],[29.01726,-28.88237],[29.01125,-28.88508],[29.01024,-28.89137],[29.01359,-28.89327],[29.0105,-28.89836],[29.00441,-28.89937],[29.00641,-28.90221],[28.99626,-28.90398],[28.98932,-28.91471],[28.98224,-28.91471],[28.97535,-28.90848],[28.97438,-28.89178],[28.96735,-28.88854],[28.95939,-28.87857],[28.95802,-28.87509],[28.96335,-28.87229],[28.96081,-28.86873],[28.948,-28.86839],[28.93996,-28.8612],[28.94618,-28.85378],[28.95337,-28.85263],[28.94586,-28.84432],[28.94921,-28.82837],[28.94638,-28.82436],[28.93845,-28.82318],[28.93833,-28.81826],[28.9309,-28.81927],[28.92313,-28.81451],[28.9356,-28.80412],[28.94153,-28.80596],[28.94895,-28.80355],[28.94851,-28.79775],[28.93981,-28.79522],[28.93734,-28.79102],[28.93943,-28.78736],[28.94479,-28.78659],[28.94445,-28.78273],[28.92159,-28.77014],[28.91673,-28.77069],[28.91283,-28.76061],[28.90452,-28.75874],[28.88815,-28.77446],[28.87316,-28.77156]]],[[[31.99592,-28.82471],[31.99289,-28.82019],[31.99889,-28.81984],[31.99592,-28.82471]]],[[[29.41924,-31.69245],[29.41641,-31.6875],[29.42006,-31.68897],[29.41924,-31.69245]]],[[[27.47673,-33.28063],[27.4819,-33.27469],[27.48223,-33.27855],[27.47673,-33.28063]]],[[[26.28584,-33.84269],[26.28372,-33.83856],[26.28649,-33.83806],[26.2894,-33.84091],[26.28584,-33.84269]]],[[[25.77201,-33.80163],[25.76773,-33.79978],[25.769,-33.79736],[25.77201,-33.80163]]],[[[23.39864,-34.01593],[23.39957,-34.00538],[23.40253,-34.00635],[23.40244,-34.01406],[23.39864,-34.01593]]],[[[19.41407,-34.68648],[19.41224,-34.68492],[19.42043,-34.6795],[19.41407,-34.68648]]],[[[18.50912,-31.68799],[18.5067,-31.68267],[18.50883,-31.68169],[18.50912,-31.68799]]],[[[18.4119,-31.59507],[18.40853,-31.59205],[18.41262,-31.59084],[18.4119,-31.59507]]],[[[18.37267,-33.81971],[18.36282,-33.81475],[18.35967,-33.80697],[18.35872,-33.7977],[18.3631,-33.7906],[18.37352,-33.79211],[18.37612,-33.80244],[18.38147,-33.80872],[18.38106,-33.81719],[18.37267,-33.81971]]],[[[18.34047,-31.57253],[18.32916,-31.56921],[18.33526,-31.56599],[18.34235,-31.56987],[18.34047,-31.57253]]],[[[18.29157,-32.87571],[18.28073,-32.87162],[18.28318,-32.86778],[18.27548,-32.86393],[18.28279,-32.86383],[18.28413,-32.87003],[18.29157,-32.87571]]],[[[18.28327,-31.53675],[18.27799,-31.53253],[18.28341,-31.53213],[18.28327,-31.53675]]],[[[18.26191,-31.55943],[18.26106,-31.54733],[18.27129,-31.54627],[18.26896,-31.55431],[18.26191,-31.55943]]],[[[18.25394,-31.56504],[18.25037,-31.56381],[18.25867,-31.56244],[18.25394,-31.56504]]],[[[18.2162,-32.83191],[18.21311,-32.82349],[18.21985,-32.82223],[18.22147,-32.82882],[18.2162,-32.83191]]],[[[18.08895,-33.4336],[18.08225,-33.43229],[18.08527,-33.42902],[18.07463,-33.41746],[18.08608,-33.41876],[18.08973,-33.41473],[18.0979,-33.43162],[18.08895,-33.4336]]],[[[18.02023,-33.0941],[18.01916,-33.08958],[18.02552,-33.09102],[18.02023,-33.0941]]],[[[17.95612,-33.08696],[17.95224,-33.0805],[17.95997,-33.0834],[17.95612,-33.08696]]],[[[16.45935,-28.60257],[16.4702,-28.58625],[16.47661,-28.58618],[16.46862,-28.59861],[16.45935,-28.60257]]],[[[16.46132,-28.61837],[16.45824,-28.61724],[16.46053,-28.60359],[16.47043,-28.60297],[16.46855,-28.6143],[16.46132,-28.61837]]]]}}]}